GameSeed,GameName,Round,Event,Tick,Turn,PlayerCount,GameID,Player-1 rank,PlayerName-0,Player-1,Player-0,Player-0 rank,PlayerName-1
1634390178,Checkers,0,GAME_OVER,31,30,2,2,2,MCTS_CheckersHeuristic,2,1,1,MCTS_CheckersHeuristic
1980696938,Checkers,0,GAME_OVER,45,44,2,3,2,MCTS_CheckersHeuristic,2,1,1,MCTS_CheckersHeuristic
1433263383,Checkers,0,GAME_OVER,101,100,2,4,1,MCTS_CheckersHeuristic,1,1,1,MCTS_CheckersHeuristic
-906895919,Checkers,0,GAME_OVER,113,112,2,5,1,MCTS_CheckersHeuristic,1,1,1,MCTS_CheckersHeuristic
-304834404,Checkers,0,GAME_OVER,32,31,2,6,1,MCTS_CheckersHeuristic,1,2,2,MCTS_CheckersHeuristic
-1177143619,Checkers,0,GAME_OVER,71,70,2,7,1,MCTS_CheckersHeuristic,1,1,1,MCTS_CheckersHeuristic
1235789652,Checkers,0,GAME_OVER,54,53,2,8,1,MCTS_CheckersHeuristic,1,2,2,MCTS_CheckersHeuristic
-943454790,Checkers,0,GAME_OVER,49,48,2,9,2,MCTS_CheckersHeuristic,2,1,1,MCTS_CheckersHeuristic
-61265526,Checkers,0,GAME_OVER,27,26,2,10,2,MCTS_CheckersHeuristic,2,1,1,MCTS_CheckersHeuristic
-1569090718,Checkers,0,GAME_OVER,34,33,2,11,1,MCTS_CheckersHeuristic,1,2,2,MCTS_CheckersHeuristic
-1018937342,Checkers,0,GAME_OVER,99,98,2,12,1,MCTS_CheckersHeuristic,1,1,1,MCTS_CheckersHeuristic
49071466,Checkers,0,GAME_OVER,72,71,2,13,1,MCTS_CheckersHeuristic,1,1,1,MCTS_CheckersHeuristic
-1459259571,Checkers,0,GAME_OVER,32,31,2,14,1,MCTS_CheckersHeuristic,1,2,2,MCTS_CheckersHeuristic
18458152,Checkers,0,GAME_OVER,59,58,2,15,2,MCTS_CheckersHeuristic,2,1,1,MCTS_CheckersHeuristic
871169150,Checkers,0,GAME_OVER,31,30,2,16,2,MCTS_CheckersHeuristic,2,1,1,MCTS_CheckersHeuristic
-1997601845,Checkers,0,GAME_OVER,98,97,2,17,1,MCTS_CheckersHeuristic,1,2,2,MCTS_CheckersHeuristic
460294138,Checkers,0,GAME_OVER,35,34,2,18,1,MCTS_CheckersHeuristic,1,2,2,MCTS_CheckersHeuristic
1348459206,Checkers,0,GAME_OVER,107,106,2,19,1,MCTS_CheckersHeuristic,1,1,1,MCTS_CheckersHeuristic
1259708220,Checkers,0,GAME_OVER,55,54,2,20,1,MCTS_CheckersHeuristic,1,2,2,MCTS_CheckersHeuristic
1348238929,Checkers,0,GAME_OVER,111,110,2,21,1,MCTS_CheckersHeuristic,1,1,1,MCTS_CheckersHeuristic
1500200122,Checkers,0,GAME_OVER,66,65,2,22,1,MCTS_CheckersHeuristic,1,1,1,MCTS_CheckersHeuristic
-1037770008,Checkers,0,GAME_OVER,47,46,2,23,2,MCTS_CheckersHeuristic,2,1,1,MCTS_CheckersHeuristic
393651539,Checkers,0,GAME_OVER,67,66,2,24,1,MCTS_CheckersHeuristic,1,1,1,MCTS_CheckersHeuristic
-916561366,Checkers,0,GAME_OVER,101,100,2,25,1,MCTS_CheckersHeuristic,1,1,1,MCTS_CheckersHeuristic
-557300495,Checkers,0,GAME_OVER,68,67,2,26,1,MCTS_CheckersHeuristic,1,2,2,MCTS_CheckersHeuristic
-520907637,Checkers,0,GAME_OVER,114,113,2,27,1,MCTS_CheckersHeuristic,1,1,1,MCTS_CheckersHeuristic
754346046,Checkers,0,GAME_OVER,29,28,2,28,1,MCTS_CheckersHeuristic,1,2,2,MCTS_CheckersHeuristic
-1466841933,Checkers,0,GAME_OVER,44,43,2,29,2,MCTS_CheckersHeuristic,2,1,1,MCTS_CheckersHeuristic
-1269194847,Checkers,0,GAME_OVER,56,55,2,30,2,MCTS_CheckersHeuristic,2,1,1,MCTS_CheckersHeuristic
480958858,Checkers,0,GAME_OVER,129,128,2,31,1,MCTS_CheckersHeuristic,1,1,1,MCTS_CheckersHeuristic
927668192,Checkers,0,GAME_OVER,38,37,2,32,1,MCTS_CheckersHeuristic,1,2,2,MCTS_CheckersHeuristic
-800149714,Checkers,0,GAME_OVER,60,59,2,33,2,MCTS_CheckersHeuristic,2,1,1,MCTS_CheckersHeuristic
2041138960,Checkers,0,GAME_OVER,70,69,2,34,1,MCTS_CheckersHeuristic,1,1,1,MCTS_CheckersHeuristic
848725111,Checkers,0,GAME_OVER,45,44,2,35,2,MCTS_CheckersHeuristic,2,1,1,MCTS_CheckersHeuristic
-1489776440,Checkers,0,GAME_OVER,75,74,2,36,1,MCTS_CheckersHeuristic,1,1,1,MCTS_CheckersHeuristic
-626544206,Checkers,0,GAME_OVER,41,40,2,37,2,MCTS_CheckersHeuristic,2,1,1,MCTS_CheckersHeuristic
-708762967,Checkers,0,GAME_OVER,40,39,2,38,1,MCTS_CheckersHeuristic,1,2,2,MCTS_CheckersHeuristic
1853890222,Checkers,0,GAME_OVER,78,77,2,39,1,MCTS_CheckersHeuristic,1,1,1,MCTS_CheckersHeuristic
-768191818,Checkers,0,GAME_OVER,39,38,2,40,1,MCTS_CheckersHeuristic,1,2,2,MCTS_CheckersHeuristic
-925159070,Checkers,0,GAME_OVER,31,30,2,41,1,MCTS_CheckersHeuristic,1,2,2,MCTS_CheckersHeuristic
647740191,Checkers,0,GAME_OVER,82,81,2,42,1,MCTS_CheckersHeuristic,1,2,2,MCTS_CheckersHeuristic
-256506969,Checkers,0,GAME_OVER,29,28,2,43,1,MCTS_CheckersHeuristic,1,2,2,MCTS_CheckersHeuristic
799218526,Checkers,0,GAME_OVER,87,86,2,44,1,MCTS_CheckersHeuristic,1,1,1,MCTS_CheckersHeuristic
1389290977,Checkers,0,GAME_OVER,75,74,2,45,1,MCTS_CheckersHeuristic,1,1,1,MCTS_CheckersHeuristic
-1973474088,Checkers,0,GAME_OVER,32,31,2,46,2,MCTS_CheckersHeuristic,2,1,1,MCTS_CheckersHeuristic
-1239917172,Checkers,0,GAME_OVER,34,33,2,47,1,MCTS_CheckersHeuristic,1,2,2,MCTS_CheckersHeuristic
-1585845909,Checkers,0,GAME_OVER,137,136,2,48,1,MCTS_CheckersHeuristic,1,1,1,MCTS_CheckersHeuristic
2109815301,Checkers,0,GAME_OVER,40,39,2,49,1,MCTS_CheckersHeuristic,1,2,2,MCTS_CheckersHeuristic
-1548426104,Checkers,0,GAME_OVER,91,90,2,50,1,MCTS_CheckersHeuristic,1,1,1,MCTS_CheckersHeuristic
673240843,Checkers,0,GAME_OVER,27,26,2,51,1,MCTS_CheckersHeuristic,1,2,2,MCTS_CheckersHeuristic
2028268486,Checkers,0,GAME_OVER,96,95,2,52,1,MCTS_CheckersHeuristic,1,1,1,MCTS_CheckersHeuristic
-1142717494,Checkers,0,GAME_OVER,65,64,2,53,2,MCTS_CheckersHeuristic,2,1,1,MCTS_CheckersHeuristic
-911691237,Checkers,0,GAME_OVER,32,31,2,54,1,MCTS_CheckersHeuristic,1,2,2,MCTS_CheckersHeuristic
-1529670036,Checkers,0,GAME_OVER,33,32,2,55,1,MCTS_CheckersHeuristic,1,2,2,MCTS_CheckersHeuristic
882974999,Checkers,0,GAME_OVER,53,52,2,56,1,MCTS_CheckersHeuristic,1,2,2,MCTS_CheckersHeuristic
1246447496,Checkers,0,GAME_OVER,40,39,2,57,1,MCTS_CheckersHeuristic,1,2,2,MCTS_CheckersHeuristic
-709681705,Checkers,0,GAME_OVER,37,36,2,58,2,MCTS_CheckersHeuristic,2,1,1,MCTS_CheckersHeuristic
919688677,Checkers,0,GAME_OVER,34,33,2,59,1,MCTS_CheckersHeuristic,1,2,2,MCTS_CheckersHeuristic
-1475433589,Checkers,0,GAME_OVER,47,46,2,60,2,MCTS_CheckersHeuristic,2,1,1,MCTS_CheckersHeuristic
-1361577368,Checkers,0,GAME_OVER,29,28,2,61,2,MCTS_CheckersHeuristic,2,1,1,MCTS_CheckersHeuristic
103902145,Checkers,0,GAME_OVER,96,95,2,62,1,MCTS_CheckersHeuristic,1,1,1,MCTS_CheckersHeuristic
-1380864723,Checkers,0,GAME_OVER,30,29,2,63,2,MCTS_CheckersHeuristic,2,1,1,MCTS_CheckersHeuristic
604773592,Checkers,0,GAME_OVER,77,76,2,64,1,MCTS_CheckersHeuristic,1,1,1,MCTS_CheckersHeuristic
-1349650412,Checkers,0,GAME_OVER,34,33,2,65,1,MCTS_CheckersHeuristic,1,2,2,MCTS_CheckersHeuristic
-1563430592,Checkers,0,GAME_OVER,33,32,2,66,1,MCTS_CheckersHeuristic,1,2,2,MCTS_CheckersHeuristic
1399185486,Checkers,0,GAME_OVER,98,97,2,67,1,MCTS_CheckersHeuristic,1,1,1,MCTS_CheckersHeuristic
2070675069,Checkers,0,GAME_OVER,35,34,2,68,1,MCTS_CheckersHeuristic,1,2,2,MCTS_CheckersHeuristic
1740545965,Checkers,0,GAME_OVER,55,54,2,69,1,MCTS_CheckersHeuristic,1,2,2,MCTS_CheckersHeuristic
1368498432,Checkers,0,GAME_OVER,28,27,2,70,1,MCTS_CheckersHeuristic,1,2,2,MCTS_CheckersHeuristic
-1773090881,Checkers,0,GAME_OVER,120,119,2,71,1,MCTS_CheckersHeuristic,1,1,1,MCTS_CheckersHeuristic
-201057714,Checkers,0,GAME_OVER,32,31,2,72,2,MCTS_CheckersHeuristic,2,1,1,MCTS_CheckersHeuristic
-127874046,Checkers,0,GAME_OVER,98,97,2,73,1,MCTS_CheckersHeuristic,1,1,1,MCTS_CheckersHeuristic
-1872105191,Checkers,0,GAME_OVER,110,109,2,74,1,MCTS_CheckersHeuristic,1,1,1,MCTS_CheckersHeuristic
1975625137,Checkers,0,GAME_OVER,86,85,2,75,1,MCTS_CheckersHeuristic,1,1,1,MCTS_CheckersHeuristic
-951433425,Checkers,0,GAME_OVER,113,112,2,76,2,MCTS_CheckersHeuristic,2,1,1,MCTS_CheckersHeuristic
-411297027,Checkers,0,GAME_OVER,46,45,2,77,1,MCTS_CheckersHeuristic,1,2,2,MCTS_CheckersHeuristic
789348207,Checkers,0,GAME_OVER,88,87,2,78,1,MCTS_CheckersHeuristic,1,1,1,MCTS_CheckersHeuristic
826211497,Checkers,0,GAME_OVER,90,89,2,79,1,MCTS_CheckersHeuristic,1,1,1,MCTS_CheckersHeuristic
711638559,Checkers,0,GAME_OVER,33,32,2,80,2,MCTS_CheckersHeuristic,2,1,1,MCTS_CheckersHeuristic
2042411104,Checkers,0,GAME_OVER,38,37,2,81,1,MCTS_CheckersHeuristic,1,2,2,MCTS_CheckersHeuristic
820516955,Checkers,0,GAME_OVER,129,128,2,82,1,MCTS_CheckersHeuristic,1,1,1,MCTS_CheckersHeuristic
1603255118,Checkers,0,GAME_OVER,86,85,2,83,1,MCTS_CheckersHeuristic,1,1,1,MCTS_CheckersHeuristic
-1711260808,Checkers,0,GAME_OVER,31,30,2,84,1,MCTS_CheckersHeuristic,1,2,2,MCTS_CheckersHeuristic
7118769,Checkers,0,GAME_OVER,85,84,2,85,2,MCTS_CheckersHeuristic,2,1,1,MCTS_CheckersHeuristic
1450771338,Checkers,0,GAME_OVER,38,37,2,86,1,MCTS_CheckersHeuristic,1,2,2,MCTS_CheckersHeuristic
-234172028,Checkers,0,GAME_OVER,95,94,2,87,1,MCTS_CheckersHeuristic,1,1,1,MCTS_CheckersHeuristic
-1990823820,Checkers,0,GAME_OVER,105,104,2,88,1,MCTS_CheckersHeuristic,1,1,1,MCTS_CheckersHeuristic
1214941555,Checkers,0,GAME_OVER,62,61,2,89,2,MCTS_CheckersHeuristic,2,1,1,MCTS_CheckersHeuristic
-109528283,Checkers,0,GAME_OVER,112,111,2,90,1,MCTS_CheckersHeuristic,1,1,1,MCTS_CheckersHeuristic
-526220616,Checkers,0,GAME_OVER,41,40,2,91,1,MCTS_CheckersHeuristic,1,2,2,MCTS_CheckersHeuristic
-1935439629,Checkers,0,GAME_OVER,105,104,2,92,1,MCTS_CheckersHeuristic,1,1,1,MCTS_CheckersHeuristic
-1954154602,Checkers,0,GAME_OVER,126,125,2,93,1,MCTS_CheckersHeuristic,1,1,1,MCTS_CheckersHeuristic
-1758498510,Checkers,0,GAME_OVER,45,44,2,94,1,MCTS_CheckersHeuristic,1,2,2,MCTS_CheckersHeuristic
-56489603,Checkers,0,GAME_OVER,81,80,2,95,1,MCTS_CheckersHeuristic,1,2,2,MCTS_CheckersHeuristic
-1725052550,Checkers,0,GAME_OVER,30,29,2,96,1,MCTS_CheckersHeuristic,1,2,2,MCTS_CheckersHeuristic
-1339353809,Checkers,0,GAME_OVER,86,85,2,97,1,MCTS_CheckersHeuristic,1,2,2,MCTS_CheckersHeuristic
-1450309831,Checkers,0,GAME_OVER,43,42,2,98,2,MCTS_CheckersHeuristic,2,1,1,MCTS_CheckersHeuristic
946430040,Checkers,0,GAME_OVER,47,46,2,99,2,MCTS_CheckersHeuristic,2,1,1,MCTS_CheckersHeuristic
1109297534,Checkers,0,GAME_OVER,28,27,2,100,2,MCTS_CheckersHeuristic,2,1,1,MCTS_CheckersHeuristic
1790991723,Checkers,0,GAME_OVER,49,48,2,101,2,MCTS_CheckersHeuristic,2,1,1,MCTS_CheckersHeuristic
-2130879446,Checkers,0,GAME_OVER,29,28,2,102,2,MCTS_CheckersHeuristic,2,1,1,MCTS_CheckersHeuristic
719078359,Checkers,0,GAME_OVER,45,44,2,103,1,MCTS_CheckersHeuristic,1,2,2,MCTS_CheckersHeuristic
-1391194653,Checkers,0,GAME_OVER,38,37,2,104,2,MCTS_CheckersHeuristic,2,1,1,MCTS_CheckersHeuristic
1405304257,Checkers,0,GAME_OVER,33,32,2,105,2,MCTS_CheckersHeuristic,2,1,1,MCTS_CheckersHeuristic
138024061,Checkers,0,GAME_OVER,132,131,2,106,1,MCTS_CheckersHeuristic,1,1,1,MCTS_CheckersHeuristic
-1560886809,Checkers,0,GAME_OVER,88,87,2,107,1,MCTS_CheckersHeuristic,1,1,1,MCTS_CheckersHeuristic
-627570753,Checkers,0,GAME_OVER,114,113,2,108,1,MCTS_CheckersHeuristic,1,1,1,MCTS_CheckersHeuristic
214968166,Checkers,0,GAME_OVER,39,38,2,109,2,MCTS_CheckersHeuristic,2,1,1,MCTS_CheckersHeuristic
2002927771,Checkers,0,GAME_OVER,34,33,2,110,1,MCTS_CheckersHeuristic,1,2,2,MCTS_CheckersHeuristic
1145760359,Checkers,0,GAME_OVER,91,90,2,111,1,MCTS_CheckersHeuristic,1,1,1,MCTS_CheckersHeuristic
1421392738,Checkers,0,GAME_OVER,28,27,2,112,1,MCTS_CheckersHeuristic,1,2,2,MCTS_CheckersHeuristic
-1600797690,Checkers,0,GAME_OVER,79,78,2,113,1,MCTS_CheckersHeuristic,1,1,1,MCTS_CheckersHeuristic
1573684604,Checkers,0,GAME_OVER,49,48,2,114,2,MCTS_CheckersHeuristic,2,1,1,MCTS_CheckersHeuristic
-1253018376,Checkers,0,GAME_OVER,87,86,2,115,1,MCTS_CheckersHeuristic,1,1,1,MCTS_CheckersHeuristic
761205658,Checkers,0,GAME_OVER,66,65,2,116,1,MCTS_CheckersHeuristic,1,1,1,MCTS_CheckersHeuristic
-579190352,Checkers,0,GAME_OVER,101,100,2,117,1,MCTS_CheckersHeuristic,1,1,1,MCTS_CheckersHeuristic
1503046544,Checkers,0,GAME_OVER,91,90,2,118,1,MCTS_CheckersHeuristic,1,1,1,MCTS_CheckersHeuristic
1302884374,Checkers,0,GAME_OVER,40,39,2,119,2,MCTS_CheckersHeuristic,2,1,1,MCTS_CheckersHeuristic
-1092868814,Checkers,0,GAME_OVER,33,32,2,120,2,MCTS_CheckersHeuristic,2,1,1,MCTS_CheckersHeuristic
733276689,Checkers,0,GAME_OVER,45,44,2,121,1,MCTS_CheckersHeuristic,1,2,2,MCTS_CheckersHeuristic
-1168918557,Checkers,0,GAME_OVER,38,37,2,122,2,MCTS_CheckersHeuristic,2,1,1,MCTS_CheckersHeuristic
704925036,Checkers,0,GAME_OVER,58,57,2,123,1,MCTS_CheckersHeuristic,1,2,2,MCTS_CheckersHeuristic
-271784260,Checkers,0,GAME_OVER,31,30,2,124,2,MCTS_CheckersHeuristic,2,1,1,MCTS_CheckersHeuristic
1829599460,Checkers,0,GAME_OVER,81,80,2,125,1,MCTS_CheckersHeuristic,1,1,1,MCTS_CheckersHeuristic
-132123781,Checkers,0,GAME_OVER,31,30,2,126,2,MCTS_CheckersHeuristic,2,1,1,MCTS_CheckersHeuristic
1719721827,Checkers,0,GAME_OVER,31,30,2,127,1,MCTS_CheckersHeuristic,1,2,2,MCTS_CheckersHeuristic
-400875376,Checkers,0,GAME_OVER,38,37,2,128,1,MCTS_CheckersHeuristic,1,2,2,MCTS_CheckersHeuristic
-1584011863,Checkers,0,GAME_OVER,124,123,2,129,1,MCTS_CheckersHeuristic,1,1,1,MCTS_CheckersHeuristic
-874281724,Checkers,0,GAME_OVER,31,30,2,130,2,MCTS_CheckersHeuristic,2,1,1,MCTS_CheckersHeuristic
607853563,Checkers,0,GAME_OVER,37,36,2,131,2,MCTS_CheckersHeuristic,2,1,1,MCTS_CheckersHeuristic
-1949378284,Checkers,0,GAME_OVER,103,102,2,132,1,MCTS_CheckersHeuristic,1,1,1,MCTS_CheckersHeuristic
550147220,Checkers,0,GAME_OVER,32,31,2,133,2,MCTS_CheckersHeuristic,2,1,1,MCTS_CheckersHeuristic
653426863,Checkers,0,GAME_OVER,32,31,2,134,1,MCTS_CheckersHeuristic,1,2,2,MCTS_CheckersHeuristic
619559134,Checkers,0,GAME_OVER,41,40,2,135,2,MCTS_CheckersHeuristic,2,1,1,MCTS_CheckersHeuristic
-1848393412,Checkers,0,GAME_OVER,32,31,2,136,1,MCTS_CheckersHeuristic,1,2,2,MCTS_CheckersHeuristic
751837896,Checkers,0,GAME_OVER,32,31,2,137,1,MCTS_CheckersHeuristic,1,2,2,MCTS_CheckersHeuristic
-1044147626,Checkers,0,GAME_OVER,46,45,2,138,1,MCTS_CheckersHeuristic,1,2,2,MCTS_CheckersHeuristic
-1128008526,Checkers,0,GAME_OVER,45,44,2,139,1,MCTS_CheckersHeuristic,1,2,2,MCTS_CheckersHeuristic
1292526932,Checkers,0,GAME_OVER,33,32,2,140,2,MCTS_CheckersHeuristic,2,1,1,MCTS_CheckersHeuristic
-314228284,Checkers,0,GAME_OVER,33,32,2,141,2,MCTS_CheckersHeuristic,2,1,1,MCTS_CheckersHeuristic
1499768291,Checkers,0,GAME_OVER,45,44,2,142,2,MCTS_CheckersHeuristic,2,1,1,MCTS_CheckersHeuristic
-1065410130,Checkers,0,GAME_OVER,38,37,2,143,1,MCTS_CheckersHeuristic,1,2,2,MCTS_CheckersHeuristic
-449501699,Checkers,0,GAME_OVER,75,74,2,144,1,MCTS_CheckersHeuristic,1,2,2,MCTS_CheckersHeuristic
-1684908515,Checkers,0,GAME_OVER,76,75,2,145,1,MCTS_CheckersHeuristic,1,1,1,MCTS_CheckersHeuristic
2078749170,Checkers,0,GAME_OVER,77,76,2,146,1,MCTS_CheckersHeuristic,1,1,1,MCTS_CheckersHeuristic
-506346129,Checkers,0,GAME_OVER,40,39,2,147,2,MCTS_CheckersHeuristic,2,1,1,MCTS_CheckersHeuristic
-1211286156,Checkers,0,GAME_OVER,49,48,2,148,2,MCTS_CheckersHeuristic,2,1,1,MCTS_CheckersHeuristic
-217592467,Checkers,0,GAME_OVER,58,57,2,149,1,MCTS_CheckersHeuristic,1,2,2,MCTS_CheckersHeuristic
1534331061,Checkers,0,GAME_OVER,33,32,2,150,1,MCTS_CheckersHeuristic,1,2,2,MCTS_CheckersHeuristic
-1498652148,Checkers,0,GAME_OVER,119,118,2,151,1,MCTS_CheckersHeuristic,1,1,1,MCTS_CheckersHeuristic
1456231706,Checkers,0,GAME_OVER,54,53,2,152,2,MCTS_CheckersHeuristic,2,1,1,MCTS_CheckersHeuristic
381116299,Checkers,0,GAME_OVER,107,106,2,153,1,MCTS_CheckersHeuristic,1,1,1,MCTS_CheckersHeuristic
273732376,Checkers,0,GAME_OVER,46,45,2,154,1,MCTS_CheckersHeuristic,1,2,2,MCTS_CheckersHeuristic
795163751,Checkers,0,GAME_OVER,101,100,2,155,1,MCTS_CheckersHeuristic,1,1,1,MCTS_CheckersHeuristic
1362849584,Checkers,0,GAME_OVER,67,66,2,156,2,MCTS_CheckersHeuristic,2,1,1,MCTS_CheckersHeuristic
-721178884,Checkers,0,GAME_OVER,39,38,2,157,2,MCTS_CheckersHeuristic,2,1,1,MCTS_CheckersHeuristic
-367027675,Checkers,0,GAME_OVER,29,28,2,158,2,MCTS_CheckersHeuristic,2,1,1,MCTS_CheckersHeuristic
1147515846,Checkers,0,GAME_OVER,77,76,2,159,1,MCTS_CheckersHeuristic,1,1,1,MCTS_CheckersHeuristic
-685758239,Checkers,0,GAME_OVER,38,37,2,160,1,MCTS_CheckersHeuristic,1,2,2,MCTS_CheckersHeuristic
-257622872,Checkers,0,GAME_OVER,127,126,2,161,1,MCTS_CheckersHeuristic,1,1,1,MCTS_CheckersHeuristic
-2109537624,Checkers,0,GAME_OVER,91,90,2,162,1,MCTS_CheckersHeuristic,1,1,1,MCTS_CheckersHeuristic
1805450913,Checkers,0,GAME_OVER,42,41,2,163,2,MCTS_CheckersHeuristic,2,1,1,MCTS_CheckersHeuristic
-596797307,Checkers,0,GAME_OVER,85,84,2,164,1,MCTS_CheckersHeuristic,1,1,1,MCTS_CheckersHeuristic
1201201872,Checkers,0,GAME_OVER,63,62,2,165,1,MCTS_CheckersHeuristic,1,1,1,MCTS_CheckersHeuristic
-1562894570,Checkers,0,GAME_OVER,52,51,2,166,2,MCTS_CheckersHeuristic,2,1,1,MCTS_CheckersHeuristic
-375299907,Checkers,0,GAME_OVER,80,79,2,167,1,MCTS_CheckersHeuristic,1,2,2,MCTS_CheckersHeuristic
-1657910237,Checkers,0,GAME_OVER,72,71,2,168,1,MCTS_CheckersHeuristic,1,1,1,MCTS_CheckersHeuristic
-312587457,Checkers,0,GAME_OVER,132,131,2,169,1,MCTS_CheckersHeuristic,1,1,1,MCTS_CheckersHeuristic
1633745834,Checkers,0,GAME_OVER,83,82,2,170,1,MCTS_CheckersHeuristic,1,1,1,MCTS_CheckersHeuristic
-1083822471,Checkers,0,GAME_OVER,37,36,2,171,2,MCTS_CheckersHeuristic,2,1,1,MCTS_CheckersHeuristic
342961208,Checkers,0,GAME_OVER,35,34,2,172,2,MCTS_CheckersHeuristic,2,1,1,MCTS_CheckersHeuristic
-1505880897,Checkers,0,GAME_OVER,81,80,2,173,1,MCTS_CheckersHeuristic,1,1,1,MCTS_CheckersHeuristic
4802768,Checkers,0,GAME_OVER,26,25,2,174,1,MCTS_CheckersHeuristic,1,2,2,MCTS_CheckersHeuristic
-1392627353,Checkers,0,GAME_OVER,60,59,2,175,1,MCTS_CheckersHeuristic,1,2,2,MCTS_CheckersHeuristic
-539277642,Checkers,0,GAME_OVER,70,69,2,176,1,MCTS_CheckersHeuristic,1,1,1,MCTS_CheckersHeuristic
1752439758,Checkers,0,GAME_OVER,53,52,2,177,2,MCTS_CheckersHeuristic,2,1,1,MCTS_CheckersHeuristic
-383727673,Checkers,0,GAME_OVER,91,90,2,178,1,MCTS_CheckersHeuristic,1,2,2,MCTS_CheckersHeuristic
-1723383266,Checkers,0,GAME_OVER,122,121,2,179,1,MCTS_CheckersHeuristic,1,1,1,MCTS_CheckersHeuristic
928826959,Checkers,0,GAME_OVER,66,65,2,180,1,MCTS_CheckersHeuristic,1,2,2,MCTS_CheckersHeuristic
1427348113,Checkers,0,GAME_OVER,97,96,2,181,1,MCTS_CheckersHeuristic,1,2,2,MCTS_CheckersHeuristic
-520266367,Checkers,0,GAME_OVER,43,42,2,182,2,MCTS_CheckersHeuristic,2,1,1,MCTS_CheckersHeuristic
517286733,Checkers,0,GAME_OVER,82,81,2,183,1,MCTS_CheckersHeuristic,1,2,2,MCTS_CheckersHeuristic
-1549297166,Checkers,0,GAME_OVER,93,92,2,184,1,MCTS_CheckersHeuristic,1,1,1,MCTS_CheckersHeuristic
-390261751,Checkers,0,GAME_OVER,42,41,2,185,1,MCTS_CheckersHeuristic,1,2,2,MCTS_CheckersHeuristic
590409677,Checkers,0,GAME_OVER,59,58,2,186,2,MCTS_CheckersHeuristic,2,1,1,MCTS_CheckersHeuristic
1698638355,Checkers,0,GAME_OVER,63,62,2,187,2,MCTS_CheckersHeuristic,2,1,1,MCTS_CheckersHeuristic
1256886421,Checkers,0,GAME_OVER,62,61,2,188,2,MCTS_CheckersHeuristic,2,1,1,MCTS_CheckersHeuristic
1391148676,Checkers,0,GAME_OVER,31,30,2,189,1,MCTS_CheckersHeuristic,1,2,2,MCTS_CheckersHeuristic
1654485175,Checkers,0,GAME_OVER,131,130,2,190,1,MCTS_CheckersHeuristic,1,1,1,MCTS_CheckersHeuristic
1817485198,Checkers,0,GAME_OVER,44,43,2,191,1,MCTS_CheckersHeuristic,1,2,2,MCTS_CheckersHeuristic
1513876789,Checkers,0,GAME_OVER,123,122,2,192,1,MCTS_CheckersHeuristic,1,1,1,MCTS_CheckersHeuristic
83861845,Checkers,0,GAME_OVER,108,107,2,193,1,MCTS_CheckersHeuristic,1,2,2,MCTS_CheckersHeuristic
-2118927314,Checkers,0,GAME_OVER,52,51,2,194,1,MCTS_CheckersHeuristic,1,2,2,MCTS_CheckersHeuristic
-369965134,Checkers,0,GAME_OVER,100,99,2,195,1,MCTS_CheckersHeuristic,1,1,1,MCTS_CheckersHeuristic
-548751590,Checkers,0,GAME_OVER,32,31,2,196,2,MCTS_CheckersHeuristic,2,1,1,MCTS_CheckersHeuristic
-1483810362,Checkers,0,GAME_OVER,30,29,2,197,1,MCTS_CheckersHeuristic,1,2,2,MCTS_CheckersHeuristic
-1294980121,Checkers,0,GAME_OVER,38,37,2,198,2,MCTS_CheckersHeuristic,2,1,1,MCTS_CheckersHeuristic
1283361115,Checkers,0,GAME_OVER,96,95,2,199,1,MCTS_CheckersHeuristic,1,1,1,MCTS_CheckersHeuristic
1906199135,Checkers,0,GAME_OVER,62,61,2,200,1,MCTS_CheckersHeuristic,1,2,2,MCTS_CheckersHeuristic
-134759603,Checkers,0,GAME_OVER,26,25,2,201,1,MCTS_CheckersHeuristic,1,2,2,MCTS_CheckersHeuristic
1634390178,Checkers,0,GAME_OVER,31,30,2,202,2,MCTS_CheckersHeuristic,2,1,1,OSLA
1980696938,Checkers,0,GAME_OVER,39,38,2,203,2,MCTS_CheckersHeuristic,2,1,1,OSLA
1433263383,Checkers,0,GAME_OVER,84,83,2,204,1,MCTS_CheckersHeuristic,1,1,1,OSLA
-906895919,Checkers,0,GAME_OVER,41,40,2,205,2,MCTS_CheckersHeuristic,2,1,1,OSLA
-304834404,Checkers,0,GAME_OVER,71,70,2,206,1,MCTS_CheckersHeuristic,1,1,1,OSLA
-1177143619,Checkers,0,GAME_OVER,88,87,2,207,1,MCTS_CheckersHeuristic,1,1,1,OSLA
1235789652,Checkers,0,GAME_OVER,30,29,2,208,2,MCTS_CheckersHeuristic,2,1,1,OSLA
-943454790,Checkers,0,GAME_OVER,24,23,2,209,2,MCTS_CheckersHeuristic,2,1,1,OSLA
-61265526,Checkers,0,GAME_OVER,37,36,2,210,2,MCTS_CheckersHeuristic,2,1,1,OSLA
-1569090718,Checkers,0,GAME_OVER,35,34,2,211,2,MCTS_CheckersHeuristic,2,1,1,OSLA
-1018937342,Checkers,0,GAME_OVER,53,52,2,212,2,MCTS_CheckersHeuristic,2,1,1,OSLA
49071466,Checkers,0,GAME_OVER,42,41,2,213,2,MCTS_CheckersHeuristic,2,1,1,OSLA
-1459259571,Checkers,0,GAME_OVER,25,24,2,214,2,MCTS_CheckersHeuristic,2,1,1,OSLA
18458152,Checkers,0,GAME_OVER,32,31,2,215,2,MCTS_CheckersHeuristic,2,1,1,OSLA
871169150,Checkers,0,GAME_OVER,70,69,2,216,1,MCTS_CheckersHeuristic,1,1,1,OSLA
-1997601845,Checkers,0,GAME_OVER,34,33,2,217,2,MCTS_CheckersHeuristic,2,1,1,OSLA
460294138,Checkers,0,GAME_OVER,48,47,2,218,2,MCTS_CheckersHeuristic,2,1,1,OSLA
1348459206,Checkers,0,GAME_OVER,40,39,2,219,2,MCTS_CheckersHeuristic,2,1,1,OSLA
1259708220,Checkers,0,GAME_OVER,32,31,2,220,2,MCTS_CheckersHeuristic,2,1,1,OSLA
1348238929,Checkers,0,GAME_OVER,25,24,2,221,2,MCTS_CheckersHeuristic,2,1,1,OSLA
1500200122,Checkers,0,GAME_OVER,25,24,2,222,1,MCTS_CheckersHeuristic,1,2,2,OSLA
-1037770008,Checkers,0,GAME_OVER,26,25,2,223,2,MCTS_CheckersHeuristic,2,1,1,OSLA
393651539,Checkers,0,GAME_OVER,29,28,2,224,2,MCTS_CheckersHeuristic,2,1,1,OSLA
-916561366,Checkers,0,GAME_OVER,33,32,2,225,2,MCTS_CheckersHeuristic,2,1,1,OSLA
-557300495,Checkers,0,GAME_OVER,32,31,2,226,2,MCTS_CheckersHeuristic,2,1,1,OSLA
-520907637,Checkers,0,GAME_OVER,68,67,2,227,2,MCTS_CheckersHeuristic,2,1,1,OSLA
754346046,Checkers,0,GAME_OVER,33,32,2,228,2,MCTS_CheckersHeuristic,2,1,1,OSLA
-1466841933,Checkers,0,GAME_OVER,33,32,2,229,2,MCTS_CheckersHeuristic,2,1,1,OSLA
-1269194847,Checkers,0,GAME_OVER,30,29,2,230,2,MCTS_CheckersHeuristic,2,1,1,OSLA
480958858,Checkers,0,GAME_OVER,36,35,2,231,2,MCTS_CheckersHeuristic,2,1,1,OSLA
927668192,Checkers,0,GAME_OVER,42,41,2,232,2,MCTS_CheckersHeuristic,2,1,1,OSLA
-800149714,Checkers,0,GAME_OVER,42,41,2,233,2,MCTS_CheckersHeuristic,2,1,1,OSLA
2041138960,Checkers,0,GAME_OVER,93,92,2,234,2,MCTS_CheckersHeuristic,2,1,1,OSLA
848725111,Checkers,0,GAME_OVER,40,39,2,235,2,MCTS_CheckersHeuristic,2,1,1,OSLA
-1489776440,Checkers,0,GAME_OVER,29,28,2,236,2,MCTS_CheckersHeuristic,2,1,1,OSLA
-626544206,Checkers,0,GAME_OVER,74,73,2,237,1,MCTS_CheckersHeuristic,1,1,1,OSLA
-708762967,Checkers,0,GAME_OVER,33,32,2,238,2,MCTS_CheckersHeuristic,2,1,1,OSLA
1853890222,Checkers,0,GAME_OVER,75,74,2,239,2,MCTS_CheckersHeuristic,2,1,1,OSLA
-768191818,Checkers,0,GAME_OVER,40,39,2,240,2,MCTS_CheckersHeuristic,2,1,1,OSLA
-925159070,Checkers,0,GAME_OVER,31,30,2,241,2,MCTS_CheckersHeuristic,2,1,1,OSLA
647740191,Checkers,0,GAME_OVER,61,60,2,242,2,MCTS_CheckersHeuristic,2,1,1,OSLA
-256506969,Checkers,0,GAME_OVER,56,55,2,243,2,MCTS_CheckersHeuristic,2,1,1,OSLA
799218526,Checkers,0,GAME_OVER,30,29,2,244,2,MCTS_CheckersHeuristic,2,1,1,OSLA
1389290977,Checkers,0,GAME_OVER,32,31,2,245,2,MCTS_CheckersHeuristic,2,1,1,OSLA
-1973474088,Checkers,0,GAME_OVER,34,33,2,246,2,MCTS_CheckersHeuristic,2,1,1,OSLA
-1239917172,Checkers,0,GAME_OVER,30,29,2,247,2,MCTS_CheckersHeuristic,2,1,1,OSLA
-1585845909,Checkers,0,GAME_OVER,50,49,2,248,2,MCTS_CheckersHeuristic,2,1,1,OSLA
2109815301,Checkers,0,GAME_OVER,31,30,2,249,2,MCTS_CheckersHeuristic,2,1,1,OSLA
-1548426104,Checkers,0,GAME_OVER,68,67,2,250,2,MCTS_CheckersHeuristic,2,1,1,OSLA
673240843,Checkers,0,GAME_OVER,107,106,2,251,1,MCTS_CheckersHeuristic,1,1,1,OSLA
2028268486,Checkers,0,GAME_OVER,89,88,2,252,1,MCTS_CheckersHeuristic,1,1,1,OSLA
-1142717494,Checkers,0,GAME_OVER,28,27,2,253,2,MCTS_CheckersHeuristic,2,1,1,OSLA
-911691237,Checkers,0,GAME_OVER,46,45,2,254,2,MCTS_CheckersHeuristic,2,1,1,OSLA
-1529670036,Checkers,0,GAME_OVER,37,36,2,255,2,MCTS_CheckersHeuristic,2,1,1,OSLA
882974999,Checkers,0,GAME_OVER,51,50,2,256,2,MCTS_CheckersHeuristic,2,1,1,OSLA
1246447496,Checkers,0,GAME_OVER,35,34,2,257,2,MCTS_CheckersHeuristic,2,1,1,OSLA
-709681705,Checkers,0,GAME_OVER,39,38,2,258,2,MCTS_CheckersHeuristic,2,1,1,OSLA
919688677,Checkers,0,GAME_OVER,37,36,2,259,2,MCTS_CheckersHeuristic,2,1,1,OSLA
-1475433589,Checkers,0,GAME_OVER,46,45,2,260,2,MCTS_CheckersHeuristic,2,1,1,OSLA
-1361577368,Checkers,0,GAME_OVER,31,30,2,261,2,MCTS_CheckersHeuristic,2,1,1,OSLA
103902145,Checkers,0,GAME_OVER,31,30,2,262,2,MCTS_CheckersHeuristic,2,1,1,OSLA
-1380864723,Checkers,0,GAME_OVER,39,38,2,263,2,MCTS_CheckersHeuristic,2,1,1,OSLA
604773592,Checkers,0,GAME_OVER,33,32,2,264,2,MCTS_CheckersHeuristic,2,1,1,OSLA
-1349650412,Checkers,0,GAME_OVER,40,39,2,265,2,MCTS_CheckersHeuristic,2,1,1,OSLA
-1563430592,Checkers,0,GAME_OVER,31,30,2,266,2,MCTS_CheckersHeuristic,2,1,1,OSLA
1399185486,Checkers,0,GAME_OVER,36,35,2,267,2,MCTS_CheckersHeuristic,2,1,1,OSLA
2070675069,Checkers,0,GAME_OVER,46,45,2,268,2,MCTS_CheckersHeuristic,2,1,1,OSLA
1740545965,Checkers,0,GAME_OVER,35,34,2,269,1,MCTS_CheckersHeuristic,1,2,2,OSLA
1368498432,Checkers,0,GAME_OVER,24,23,2,270,2,MCTS_CheckersHeuristic,2,1,1,OSLA
-1773090881,Checkers,0,GAME_OVER,50,49,2,271,2,MCTS_CheckersHeuristic,2,1,1,OSLA
-201057714,Checkers,0,GAME_OVER,78,77,2,272,2,MCTS_CheckersHeuristic,2,1,1,OSLA
-127874046,Checkers,0,GAME_OVER,29,28,2,273,2,MCTS_CheckersHeuristic,2,1,1,OSLA
-1872105191,Checkers,0,GAME_OVER,61,60,2,274,1,MCTS_CheckersHeuristic,1,1,1,OSLA
1975625137,Checkers,0,GAME_OVER,30,29,2,275,2,MCTS_CheckersHeuristic,2,1,1,OSLA
-951433425,Checkers,0,GAME_OVER,31,30,2,276,2,MCTS_CheckersHeuristic,2,1,1,OSLA
-411297027,Checkers,0,GAME_OVER,26,25,2,277,2,MCTS_CheckersHeuristic,2,1,1,OSLA
789348207,Checkers,0,GAME_OVER,34,33,2,278,2,MCTS_CheckersHeuristic,2,1,1,OSLA
826211497,Checkers,0,GAME_OVER,28,27,2,279,2,MCTS_CheckersHeuristic,2,1,1,OSLA
711638559,Checkers,0,GAME_OVER,30,29,2,280,2,MCTS_CheckersHeuristic,2,1,1,OSLA
2042411104,Checkers,0,GAME_OVER,65,64,2,281,2,MCTS_CheckersHeuristic,2,1,1,OSLA
820516955,Checkers,0,GAME_OVER,40,39,2,282,2,MCTS_CheckersHeuristic,2,1,1,OSLA
1603255118,Checkers,0,GAME_OVER,65,64,2,283,2,MCTS_CheckersHeuristic,2,1,1,OSLA
-1711260808,Checkers,0,GAME_OVER,36,35,2,284,2,MCTS_CheckersHeuristic,2,1,1,OSLA
7118769,Checkers,0,GAME_OVER,35,34,2,285,2,MCTS_CheckersHeuristic,2,1,1,OSLA
1450771338,Checkers,0,GAME_OVER,31,30,2,286,2,MCTS_CheckersHeuristic,2,1,1,OSLA
-234172028,Checkers,0,GAME_OVER,70,69,2,287,1,MCTS_CheckersHeuristic,1,1,1,OSLA
-1990823820,Checkers,0,GAME_OVER,37,36,2,288,2,MCTS_CheckersHeuristic,2,1,1,OSLA
1214941555,Checkers,0,GAME_OVER,31,30,2,289,2,MCTS_CheckersHeuristic,2,1,1,OSLA
-109528283,Checkers,0,GAME_OVER,27,26,2,290,2,MCTS_CheckersHeuristic,2,1,1,OSLA
-526220616,Checkers,0,GAME_OVER,45,44,2,291,2,MCTS_CheckersHeuristic,2,1,1,OSLA
-1935439629,Checkers,0,GAME_OVER,30,29,2,292,2,MCTS_CheckersHeuristic,2,1,1,OSLA
-1954154602,Checkers,0,GAME_OVER,37,36,2,293,2,MCTS_CheckersHeuristic,2,1,1,OSLA
-1758498510,Checkers,0,GAME_OVER,52,51,2,294,2,MCTS_CheckersHeuristic,2,1,1,OSLA
-56489603,Checkers,0,GAME_OVER,31,30,2,295,2,MCTS_CheckersHeuristic,2,1,1,OSLA
-1725052550,Checkers,0,GAME_OVER,28,27,2,296,2,MCTS_CheckersHeuristic,2,1,1,OSLA
-1339353809,Checkers,0,GAME_OVER,33,32,2,297,2,MCTS_CheckersHeuristic,2,1,1,OSLA
-1450309831,Checkers,0,GAME_OVER,32,31,2,298,2,MCTS_CheckersHeuristic,2,1,1,OSLA
946430040,Checkers,0,GAME_OVER,30,29,2,299,2,MCTS_CheckersHeuristic,2,1,1,OSLA
1109297534,Checkers,0,GAME_OVER,31,30,2,300,2,MCTS_CheckersHeuristic,2,1,1,OSLA
1790991723,Checkers,0,GAME_OVER,41,40,2,301,2,MCTS_CheckersHeuristic,2,1,1,OSLA
-2130879446,Checkers,0,GAME_OVER,66,65,2,302,2,MCTS_CheckersHeuristic,2,1,1,OSLA
719078359,Checkers,0,GAME_OVER,26,25,2,303,2,MCTS_CheckersHeuristic,2,1,1,OSLA
-1391194653,Checkers,0,GAME_OVER,37,36,2,304,2,MCTS_CheckersHeuristic,2,1,1,OSLA
1405304257,Checkers,0,GAME_OVER,36,35,2,305,2,MCTS_CheckersHeuristic,2,1,1,OSLA
138024061,Checkers,0,GAME_OVER,40,39,2,306,2,MCTS_CheckersHeuristic,2,1,1,OSLA
-1560886809,Checkers,0,GAME_OVER,25,24,2,307,2,MCTS_CheckersHeuristic,2,1,1,OSLA
-627570753,Checkers,0,GAME_OVER,34,33,2,308,2,MCTS_CheckersHeuristic,2,1,1,OSLA
214968166,Checkers,0,GAME_OVER,30,29,2,309,1,MCTS_CheckersHeuristic,1,2,2,OSLA
2002927771,Checkers,0,GAME_OVER,32,31,2,310,2,MCTS_CheckersHeuristic,2,1,1,OSLA
1145760359,Checkers,0,GAME_OVER,30,29,2,311,2,MCTS_CheckersHeuristic,2,1,1,OSLA
1421392738,Checkers,0,GAME_OVER,29,28,2,312,2,MCTS_CheckersHeuristic,2,1,1,OSLA
-1600797690,Checkers,0,GAME_OVER,44,43,2,313,2,MCTS_CheckersHeuristic,2,1,1,OSLA
1573684604,Checkers,0,GAME_OVER,34,33,2,314,2,MCTS_CheckersHeuristic,2,1,1,OSLA
-1253018376,Checkers,0,GAME_OVER,34,33,2,315,2,MCTS_CheckersHeuristic,2,1,1,OSLA
761205658,Checkers,0,GAME_OVER,23,22,2,316,2,MCTS_CheckersHeuristic,2,1,1,OSLA
-579190352,Checkers,0,GAME_OVER,28,27,2,317,2,MCTS_CheckersHeuristic,2,1,1,OSLA
1503046544,Checkers,0,GAME_OVER,28,27,2,318,2,MCTS_CheckersHeuristic,2,1,1,OSLA
1302884374,Checkers,0,GAME_OVER,37,36,2,319,2,MCTS_CheckersHeuristic,2,1,1,OSLA
-1092868814,Checkers,0,GAME_OVER,70,69,2,320,2,MCTS_CheckersHeuristic,2,1,1,OSLA
733276689,Checkers,0,GAME_OVER,79,78,2,321,1,MCTS_CheckersHeuristic,1,1,1,OSLA
-1168918557,Checkers,0,GAME_OVER,34,33,2,322,2,MCTS_CheckersHeuristic,2,1,1,OSLA
704925036,Checkers,0,GAME_OVER,67,66,2,323,2,MCTS_CheckersHeuristic,2,1,1,OSLA
-271784260,Checkers,0,GAME_OVER,40,39,2,324,2,MCTS_CheckersHeuristic,2,1,1,OSLA
1829599460,Checkers,0,GAME_OVER,45,44,2,325,2,MCTS_CheckersHeuristic,2,1,1,OSLA
-132123781,Checkers,0,GAME_OVER,27,26,2,326,2,MCTS_CheckersHeuristic,2,1,1,OSLA
1719721827,Checkers,0,GAME_OVER,71,70,2,327,2,MCTS_CheckersHeuristic,2,1,1,OSLA
-400875376,Checkers,0,GAME_OVER,39,38,2,328,2,MCTS_CheckersHeuristic,2,1,1,OSLA
-1584011863,Checkers,0,GAME_OVER,41,40,2,329,2,MCTS_CheckersHeuristic,2,1,1,OSLA
-874281724,Checkers,0,GAME_OVER,60,59,2,330,2,MCTS_CheckersHeuristic,2,1,1,OSLA
607853563,Checkers,0,GAME_OVER,27,26,2,331,2,MCTS_CheckersHeuristic,2,1,1,OSLA
-1949378284,Checkers,0,GAME_OVER,41,40,2,332,2,MCTS_CheckersHeuristic,2,1,1,OSLA
550147220,Checkers,0,GAME_OVER,47,46,2,333,2,MCTS_CheckersHeuristic,2,1,1,OSLA
653426863,Checkers,0,GAME_OVER,30,29,2,334,2,MCTS_CheckersHeuristic,2,1,1,OSLA
619559134,Checkers,0,GAME_OVER,29,28,2,335,2,MCTS_CheckersHeuristic,2,1,1,OSLA
-1848393412,Checkers,0,GAME_OVER,29,28,2,336,2,MCTS_CheckersHeuristic,2,1,1,OSLA
751837896,Checkers,0,GAME_OVER,30,29,2,337,2,MCTS_CheckersHeuristic,2,1,1,OSLA
-1044147626,Checkers,0,GAME_OVER,44,43,2,338,2,MCTS_CheckersHeuristic,2,1,1,OSLA
-1128008526,Checkers,0,GAME_OVER,75,74,2,339,1,MCTS_CheckersHeuristic,1,1,1,OSLA
1292526932,Checkers,0,GAME_OVER,26,25,2,340,2,MCTS_CheckersHeuristic,2,1,1,OSLA
-314228284,Checkers,0,GAME_OVER,30,29,2,341,2,MCTS_CheckersHeuristic,2,1,1,OSLA
1499768291,Checkers,0,GAME_OVER,43,42,2,342,2,MCTS_CheckersHeuristic,2,1,1,OSLA
-1065410130,Checkers,0,GAME_OVER,24,23,2,343,2,MCTS_CheckersHeuristic,2,1,1,OSLA
-449501699,Checkers,0,GAME_OVER,33,32,2,344,2,MCTS_CheckersHeuristic,2,1,1,OSLA
-1684908515,Checkers,0,GAME_OVER,33,32,2,345,2,MCTS_CheckersHeuristic,2,1,1,OSLA
2078749170,Checkers,0,GAME_OVER,58,57,2,346,2,MCTS_CheckersHeuristic,2,1,1,OSLA
-506346129,Checkers,0,GAME_OVER,41,40,2,347,2,MCTS_CheckersHeuristic,2,1,1,OSLA
-1211286156,Checkers,0,GAME_OVER,37,36,2,348,2,MCTS_CheckersHeuristic,2,1,1,OSLA
-217592467,Checkers,0,GAME_OVER,36,35,2,349,2,MCTS_CheckersHeuristic,2,1,1,OSLA
1534331061,Checkers,0,GAME_OVER,52,51,2,350,2,MCTS_CheckersHeuristic,2,1,1,OSLA
-1498652148,Checkers,0,GAME_OVER,33,32,2,351,2,MCTS_CheckersHeuristic,2,1,1,OSLA
1456231706,Checkers,0,GAME_OVER,40,39,2,352,2,MCTS_CheckersHeuristic,2,1,1,OSLA
381116299,Checkers,0,GAME_OVER,85,84,2,353,1,MCTS_CheckersHeuristic,1,1,1,OSLA
273732376,Checkers,0,GAME_OVER,36,35,2,354,2,MCTS_CheckersHeuristic,2,1,1,OSLA
795163751,Checkers,0,GAME_OVER,36,35,2,355,2,MCTS_CheckersHeuristic,2,1,1,OSLA
1362849584,Checkers,0,GAME_OVER,31,30,2,356,2,MCTS_CheckersHeuristic,2,1,1,OSLA
-721178884,Checkers,0,GAME_OVER,28,27,2,357,2,MCTS_CheckersHeuristic,2,1,1,OSLA
-367027675,Checkers,0,GAME_OVER,39,38,2,358,2,MCTS_CheckersHeuristic,2,1,1,OSLA
1147515846,Checkers,0,GAME_OVER,88,87,2,359,1,MCTS_CheckersHeuristic,1,1,1,OSLA
-685758239,Checkers,0,GAME_OVER,44,43,2,360,2,MCTS_CheckersHeuristic,2,1,1,OSLA
-257622872,Checkers,0,GAME_OVER,40,39,2,361,2,MCTS_CheckersHeuristic,2,1,1,OSLA
-2109537624,Checkers,0,GAME_OVER,62,61,2,362,2,MCTS_CheckersHeuristic,2,1,1,OSLA
1805450913,Checkers,0,GAME_OVER,46,45,2,363,2,MCTS_CheckersHeuristic,2,1,1,OSLA
-596797307,Checkers,0,GAME_OVER,32,31,2,364,2,MCTS_CheckersHeuristic,2,1,1,OSLA
1201201872,Checkers,0,GAME_OVER,97,96,2,365,1,MCTS_CheckersHeuristic,1,1,1,OSLA
-1562894570,Checkers,0,GAME_OVER,27,26,2,366,2,MCTS_CheckersHeuristic,2,1,1,OSLA
-375299907,Checkers,0,GAME_OVER,36,35,2,367,2,MCTS_CheckersHeuristic,2,1,1,OSLA
-1657910237,Checkers,0,GAME_OVER,40,39,2,368,2,MCTS_CheckersHeuristic,2,1,1,OSLA
-312587457,Checkers,0,GAME_OVER,57,56,2,369,2,MCTS_CheckersHeuristic,2,1,1,OSLA
1633745834,Checkers,0,GAME_OVER,37,36,2,370,2,MCTS_CheckersHeuristic,2,1,1,OSLA
-1083822471,Checkers,0,GAME_OVER,45,44,2,371,2,MCTS_CheckersHeuristic,2,1,1,OSLA
342961208,Checkers,0,GAME_OVER,62,61,2,372,2,MCTS_CheckersHeuristic,2,1,1,OSLA
-1505880897,Checkers,0,GAME_OVER,23,22,2,373,2,MCTS_CheckersHeuristic,2,1,1,OSLA
4802768,Checkers,0,GAME_OVER,43,42,2,374,2,MCTS_CheckersHeuristic,2,1,1,OSLA
-1392627353,Checkers,0,GAME_OVER,42,41,2,375,2,MCTS_CheckersHeuristic,2,1,1,OSLA
-539277642,Checkers,0,GAME_OVER,34,33,2,376,2,MCTS_CheckersHeuristic,2,1,1,OSLA
1752439758,Checkers,0,GAME_OVER,32,31,2,377,2,MCTS_CheckersHeuristic,2,1,1,OSLA
-383727673,Checkers,0,GAME_OVER,27,26,2,378,2,MCTS_CheckersHeuristic,2,1,1,OSLA
-1723383266,Checkers,0,GAME_OVER,28,27,2,379,2,MCTS_CheckersHeuristic,2,1,1,OSLA
928826959,Checkers,0,GAME_OVER,23,22,2,380,2,MCTS_CheckersHeuristic,2,1,1,OSLA
1427348113,Checkers,0,GAME_OVER,28,27,2,381,2,MCTS_CheckersHeuristic,2,1,1,OSLA
-520266367,Checkers,0,GAME_OVER,43,42,2,382,2,MCTS_CheckersHeuristic,2,1,1,OSLA
517286733,Checkers,0,GAME_OVER,31,30,2,383,2,MCTS_CheckersHeuristic,2,1,1,OSLA
-1549297166,Checkers,0,GAME_OVER,84,83,2,384,1,MCTS_CheckersHeuristic,1,1,1,OSLA
-390261751,Checkers,0,GAME_OVER,48,47,2,385,2,MCTS_CheckersHeuristic,2,1,1,OSLA
590409677,Checkers,0,GAME_OVER,28,27,2,386,2,MCTS_CheckersHeuristic,2,1,1,OSLA
1698638355,Checkers,0,GAME_OVER,118,117,2,387,1,MCTS_CheckersHeuristic,1,1,1,OSLA
1256886421,Checkers,0,GAME_OVER,31,30,2,388,2,MCTS_CheckersHeuristic,2,1,1,OSLA
1391148676,Checkers,0,GAME_OVER,36,35,2,389,2,MCTS_CheckersHeuristic,2,1,1,OSLA
1654485175,Checkers,0,GAME_OVER,27,26,2,390,2,MCTS_CheckersHeuristic,2,1,1,OSLA
1817485198,Checkers,0,GAME_OVER,25,24,2,391,2,MCTS_CheckersHeuristic,2,1,1,OSLA
1513876789,Checkers,0,GAME_OVER,53,52,2,392,2,MCTS_CheckersHeuristic,2,1,1,OSLA
83861845,Checkers,0,GAME_OVER,33,32,2,393,2,MCTS_CheckersHeuristic,2,1,1,OSLA
-2118927314,Checkers,0,GAME_OVER,79,78,2,394,1,MCTS_CheckersHeuristic,1,1,1,OSLA
-369965134,Checkers,0,GAME_OVER,71,70,2,395,1,MCTS_CheckersHeuristic,1,1,1,OSLA
-548751590,Checkers,0,GAME_OVER,39,38,2,396,2,MCTS_CheckersHeuristic,2,1,1,OSLA
-1483810362,Checkers,0,GAME_OVER,34,33,2,397,2,MCTS_CheckersHeuristic,2,1,1,OSLA
-1294980121,Checkers,0,GAME_OVER,27,26,2,398,2,MCTS_CheckersHeuristic,2,1,1,OSLA
1283361115,Checkers,0,GAME_OVER,24,23,2,399,2,MCTS_CheckersHeuristic,2,1,1,OSLA
1906199135,Checkers,0,GAME_OVER,25,24,2,400,2,MCTS_CheckersHeuristic,2,1,1,OSLA
-134759603,Checkers,0,GAME_OVER,47,46,2,401,2,MCTS_CheckersHeuristic,2,1,1,OSLA
1634390178,Checkers,0,GAME_OVER,24,23,2,402,2,MCTS_CheckersHeuristic,2,1,1,RandomPlayerConfig
1980696938,Checkers,0,GAME_OVER,26,25,2,403,2,MCTS_CheckersHeuristic,2,1,1,RandomPlayerConfig
1433263383,Checkers,0,GAME_OVER,26,25,2,404,2,MCTS_CheckersHeuristic,2,1,1,RandomPlayerConfig
-906895919,Checkers,0,GAME_OVER,27,26,2,405,2,MCTS_CheckersHeuristic,2,1,1,RandomPlayerConfig
-304834404,Checkers,0,GAME_OVER,33,32,2,406,2,MCTS_CheckersHeuristic,2,1,1,RandomPlayerConfig
-1177143619,Checkers,0,GAME_OVER,30,29,2,407,2,MCTS_CheckersHeuristic,2,1,1,RandomPlayerConfig
1235789652,Checkers,0,GAME_OVER,28,27,2,408,2,MCTS_CheckersHeuristic,2,1,1,RandomPlayerConfig
-943454790,Checkers,0,GAME_OVER,29,28,2,409,2,MCTS_CheckersHeuristic,2,1,1,RandomPlayerConfig
-61265526,Checkers,0,GAME_OVER,40,39,2,410,2,MCTS_CheckersHeuristic,2,1,1,RandomPlayerConfig
-1569090718,Checkers,0,GAME_OVER,22,21,2,411,2,MCTS_CheckersHeuristic,2,1,1,RandomPlayerConfig
-1018937342,Checkers,0,GAME_OVER,24,23,2,412,2,MCTS_CheckersHeuristic,2,1,1,RandomPlayerConfig
49071466,Checkers,0,GAME_OVER,27,26,2,413,2,MCTS_CheckersHeuristic,2,1,1,RandomPlayerConfig
-1459259571,Checkers,0,GAME_OVER,24,23,2,414,2,MCTS_CheckersHeuristic,2,1,1,RandomPlayerConfig
18458152,Checkers,0,GAME_OVER,24,23,2,415,2,MCTS_CheckersHeuristic,2,1,1,RandomPlayerConfig
871169150,Checkers,0,GAME_OVER,32,31,2,416,2,MCTS_CheckersHeuristic,2,1,1,RandomPlayerConfig
-1997601845,Checkers,0,GAME_OVER,26,25,2,417,2,MCTS_CheckersHeuristic,2,1,1,RandomPlayerConfig
460294138,Checkers,0,GAME_OVER,26,25,2,418,2,MCTS_CheckersHeuristic,2,1,1,RandomPlayerConfig
1348459206,Checkers,0,GAME_OVER,28,27,2,419,2,MCTS_CheckersHeuristic,2,1,1,RandomPlayerConfig
1259708220,Checkers,0,GAME_OVER,23,22,2,420,2,MCTS_CheckersHeuristic,2,1,1,RandomPlayerConfig
1348238929,Checkers,0,GAME_OVER,27,26,2,421,2,MCTS_CheckersHeuristic,2,1,1,RandomPlayerConfig
1500200122,Checkers,0,GAME_OVER,26,25,2,422,2,MCTS_CheckersHeuristic,2,1,1,RandomPlayerConfig
-1037770008,Checkers,0,GAME_OVER,27,26,2,423,2,MCTS_CheckersHeuristic,2,1,1,RandomPlayerConfig
393651539,Checkers,0,GAME_OVER,24,23,2,424,2,MCTS_CheckersHeuristic,2,1,1,RandomPlayerConfig
-916561366,Checkers,0,GAME_OVER,20,19,2,425,2,MCTS_CheckersHeuristic,2,1,1,RandomPlayerConfig
-557300495,Checkers,0,GAME_OVER,27,26,2,426,2,MCTS_CheckersHeuristic,2,1,1,RandomPlayerConfig
-520907637,Checkers,0,GAME_OVER,26,25,2,427,2,MCTS_CheckersHeuristic,2,1,1,RandomPlayerConfig
754346046,Checkers,0,GAME_OVER,29,28,2,428,2,MCTS_CheckersHeuristic,2,1,1,RandomPlayerConfig
-1466841933,Checkers,0,GAME_OVER,25,24,2,429,2,MCTS_CheckersHeuristic,2,1,1,RandomPlayerConfig
-1269194847,Checkers,0,GAME_OVER,30,29,2,430,2,MCTS_CheckersHeuristic,2,1,1,RandomPlayerConfig
480958858,Checkers,0,GAME_OVER,23,22,2,431,2,MCTS_CheckersHeuristic,2,1,1,RandomPlayerConfig
927668192,Checkers,0,GAME_OVER,23,22,2,432,2,MCTS_CheckersHeuristic,2,1,1,RandomPlayerConfig
-800149714,Checkers,0,GAME_OVER,20,19,2,433,2,MCTS_CheckersHeuristic,2,1,1,RandomPlayerConfig
2041138960,Checkers,0,GAME_OVER,26,25,2,434,2,MCTS_CheckersHeuristic,2,1,1,RandomPlayerConfig
848725111,Checkers,0,GAME_OVER,26,25,2,435,2,MCTS_CheckersHeuristic,2,1,1,RandomPlayerConfig
-1489776440,Checkers,0,GAME_OVER,25,24,2,436,2,MCTS_CheckersHeuristic,2,1,1,RandomPlayerConfig
-626544206,Checkers,0,GAME_OVER,27,26,2,437,2,MCTS_CheckersHeuristic,2,1,1,RandomPlayerConfig
-708762967,Checkers,0,GAME_OVER,26,25,2,438,2,MCTS_CheckersHeuristic,2,1,1,RandomPlayerConfig
1853890222,Checkers,0,GAME_OVER,29,28,2,439,2,MCTS_CheckersHeuristic,2,1,1,RandomPlayerConfig
-768191818,Checkers,0,GAME_OVER,30,29,2,440,2,MCTS_CheckersHeuristic,2,1,1,RandomPlayerConfig
-925159070,Checkers,0,GAME_OVER,34,33,2,441,2,MCTS_CheckersHeuristic,2,1,1,RandomPlayerConfig
647740191,Checkers,0,GAME_OVER,28,27,2,442,2,MCTS_CheckersHeuristic,2,1,1,RandomPlayerConfig
-256506969,Checkers,0,GAME_OVER,25,24,2,443,2,MCTS_CheckersHeuristic,2,1,1,RandomPlayerConfig
799218526,Checkers,0,GAME_OVER,30,29,2,444,2,MCTS_CheckersHeuristic,2,1,1,RandomPlayerConfig
1389290977,Checkers,0,GAME_OVER,29,28,2,445,2,MCTS_CheckersHeuristic,2,1,1,RandomPlayerConfig
-1973474088,Checkers,0,GAME_OVER,23,22,2,446,2,MCTS_CheckersHeuristic,2,1,1,RandomPlayerConfig
-1239917172,Checkers,0,GAME_OVER,26,25,2,447,2,MCTS_CheckersHeuristic,2,1,1,RandomPlayerConfig
-1585845909,Checkers,0,GAME_OVER,22,21,2,448,2,MCTS_CheckersHeuristic,2,1,1,RandomPlayerConfig
2109815301,Checkers,0,GAME_OVER,28,27,2,449,2,MCTS_CheckersHeuristic,2,1,1,RandomPlayerConfig
-1548426104,Checkers,0,GAME_OVER,23,22,2,450,2,MCTS_CheckersHeuristic,2,1,1,RandomPlayerConfig
673240843,Checkers,0,GAME_OVER,25,24,2,451,2,MCTS_CheckersHeuristic,2,1,1,RandomPlayerConfig
2028268486,Checkers,0,GAME_OVER,24,23,2,452,2,MCTS_CheckersHeuristic,2,1,1,RandomPlayerConfig
-1142717494,Checkers,0,GAME_OVER,38,37,2,453,2,MCTS_CheckersHeuristic,2,1,1,RandomPlayerConfig
-911691237,Checkers,0,GAME_OVER,25,24,2,454,2,MCTS_CheckersHeuristic,2,1,1,RandomPlayerConfig
-1529670036,Checkers,0,GAME_OVER,27,26,2,455,2,MCTS_CheckersHeuristic,2,1,1,RandomPlayerConfig
882974999,Checkers,0,GAME_OVER,30,29,2,456,2,MCTS_CheckersHeuristic,2,1,1,RandomPlayerConfig
1246447496,Checkers,0,GAME_OVER,25,24,2,457,2,MCTS_CheckersHeuristic,2,1,1,RandomPlayerConfig
-709681705,Checkers,0,GAME_OVER,23,22,2,458,2,MCTS_CheckersHeuristic,2,1,1,RandomPlayerConfig
919688677,Checkers,0,GAME_OVER,26,25,2,459,2,MCTS_CheckersHeuristic,2,1,1,RandomPlayerConfig
-1475433589,Checkers,0,GAME_OVER,28,27,2,460,2,MCTS_CheckersHeuristic,2,1,1,RandomPlayerConfig
-1361577368,Checkers,0,GAME_OVER,21,20,2,461,2,MCTS_CheckersHeuristic,2,1,1,RandomPlayerConfig
103902145,Checkers,0,GAME_OVER,33,32,2,462,2,MCTS_CheckersHeuristic,2,1,1,RandomPlayerConfig
-1380864723,Checkers,0,GAME_OVER,26,25,2,463,2,MCTS_CheckersHeuristic,2,1,1,RandomPlayerConfig
604773592,Checkers,0,GAME_OVER,22,21,2,464,2,MCTS_CheckersHeuristic,2,1,1,RandomPlayerConfig
-1349650412,Checkers,0,GAME_OVER,22,21,2,465,2,MCTS_CheckersHeuristic,2,1,1,RandomPlayerConfig
-1563430592,Checkers,0,GAME_OVER,26,25,2,466,2,MCTS_CheckersHeuristic,2,1,1,RandomPlayerConfig
1399185486,Checkers,0,GAME_OVER,30,29,2,467,2,MCTS_CheckersHeuristic,2,1,1,RandomPlayerConfig
2070675069,Checkers,0,GAME_OVER,23,22,2,468,2,MCTS_CheckersHeuristic,2,1,1,RandomPlayerConfig
1740545965,Checkers,0,GAME_OVER,26,25,2,469,2,MCTS_CheckersHeuristic,2,1,1,RandomPlayerConfig
1368498432,Checkers,0,GAME_OVER,28,27,2,470,2,MCTS_CheckersHeuristic,2,1,1,RandomPlayerConfig
-1773090881,Checkers,0,GAME_OVER,28,27,2,471,2,MCTS_CheckersHeuristic,2,1,1,RandomPlayerConfig
-201057714,Checkers,0,GAME_OVER,30,29,2,472,2,MCTS_CheckersHeuristic,2,1,1,RandomPlayerConfig
-127874046,Checkers,0,GAME_OVER,26,25,2,473,2,MCTS_CheckersHeuristic,2,1,1,RandomPlayerConfig
-1872105191,Checkers,0,GAME_OVER,24,23,2,474,2,MCTS_CheckersHeuristic,2,1,1,RandomPlayerConfig
1975625137,Checkers,0,GAME_OVER,27,26,2,475,2,MCTS_CheckersHeuristic,2,1,1,RandomPlayerConfig
-951433425,Checkers,0,GAME_OVER,25,24,2,476,2,MCTS_CheckersHeuristic,2,1,1,RandomPlayerConfig
-411297027,Checkers,0,GAME_OVER,28,27,2,477,2,MCTS_CheckersHeuristic,2,1,1,RandomPlayerConfig
789348207,Checkers,0,GAME_OVER,31,30,2,478,2,MCTS_CheckersHeuristic,2,1,1,RandomPlayerConfig
826211497,Checkers,0,GAME_OVER,29,28,2,479,2,MCTS_CheckersHeuristic,2,1,1,RandomPlayerConfig
711638559,Checkers,0,GAME_OVER,22,21,2,480,2,MCTS_CheckersHeuristic,2,1,1,RandomPlayerConfig
2042411104,Checkers,0,GAME_OVER,26,25,2,481,2,MCTS_CheckersHeuristic,2,1,1,RandomPlayerConfig
820516955,Checkers,0,GAME_OVER,25,24,2,482,2,MCTS_CheckersHeuristic,2,1,1,RandomPlayerConfig
1603255118,Checkers,0,GAME_OVER,30,29,2,483,2,MCTS_CheckersHeuristic,2,1,1,RandomPlayerConfig
-1711260808,Checkers,0,GAME_OVER,26,25,2,484,2,MCTS_CheckersHeuristic,2,1,1,RandomPlayerConfig
7118769,Checkers,0,GAME_OVER,34,33,2,485,2,MCTS_CheckersHeuristic,2,1,1,RandomPlayerConfig
1450771338,Checkers,0,GAME_OVER,32,31,2,486,2,MCTS_CheckersHeuristic,2,1,1,RandomPlayerConfig
-234172028,Checkers,0,GAME_OVER,24,23,2,487,2,MCTS_CheckersHeuristic,2,1,1,RandomPlayerConfig
-1990823820,Checkers,0,GAME_OVER,32,31,2,488,2,MCTS_CheckersHeuristic,2,1,1,RandomPlayerConfig
1214941555,Checkers,0,GAME_OVER,22,21,2,489,2,MCTS_CheckersHeuristic,2,1,1,RandomPlayerConfig
-109528283,Checkers,0,GAME_OVER,31,30,2,490,2,MCTS_CheckersHeuristic,2,1,1,RandomPlayerConfig
-526220616,Checkers,0,GAME_OVER,23,22,2,491,2,MCTS_CheckersHeuristic,2,1,1,RandomPlayerConfig
-1935439629,Checkers,0,GAME_OVER,27,26,2,492,2,MCTS_CheckersHeuristic,2,1,1,RandomPlayerConfig
-1954154602,Checkers,0,GAME_OVER,25,24,2,493,2,MCTS_CheckersHeuristic,2,1,1,RandomPlayerConfig
-1758498510,Checkers,0,GAME_OVER,26,25,2,494,2,MCTS_CheckersHeuristic,2,1,1,RandomPlayerConfig
-56489603,Checkers,0,GAME_OVER,25,24,2,495,2,MCTS_CheckersHeuristic,2,1,1,RandomPlayerConfig
-1725052550,Checkers,0,GAME_OVER,27,26,2,496,2,MCTS_CheckersHeuristic,2,1,1,RandomPlayerConfig
-1339353809,Checkers,0,GAME_OVER,28,27,2,497,2,MCTS_CheckersHeuristic,2,1,1,RandomPlayerConfig
-1450309831,Checkers,0,GAME_OVER,30,29,2,498,2,MCTS_CheckersHeuristic,2,1,1,RandomPlayerConfig
946430040,Checkers,0,GAME_OVER,22,21,2,499,2,MCTS_CheckersHeuristic,2,1,1,RandomPlayerConfig
1109297534,Checkers,0,GAME_OVER,26,25,2,500,2,MCTS_CheckersHeuristic,2,1,1,RandomPlayerConfig
1790991723,Checkers,0,GAME_OVER,31,30,2,501,2,MCTS_CheckersHeuristic,2,1,1,RandomPlayerConfig
-2130879446,Checkers,0,GAME_OVER,26,25,2,502,2,MCTS_CheckersHeuristic,2,1,1,RandomPlayerConfig
719078359,Checkers,0,GAME_OVER,27,26,2,503,2,MCTS_CheckersHeuristic,2,1,1,RandomPlayerConfig
-1391194653,Checkers,0,GAME_OVER,26,25,2,504,2,MCTS_CheckersHeuristic,2,1,1,RandomPlayerConfig
1405304257,Checkers,0,GAME_OVER,29,28,2,505,2,MCTS_CheckersHeuristic,2,1,1,RandomPlayerConfig
138024061,Checkers,0,GAME_OVER,25,24,2,506,2,MCTS_CheckersHeuristic,2,1,1,RandomPlayerConfig
-1560886809,Checkers,0,GAME_OVER,27,26,2,507,2,MCTS_CheckersHeuristic,2,1,1,RandomPlayerConfig
-627570753,Checkers,0,GAME_OVER,24,23,2,508,2,MCTS_CheckersHeuristic,2,1,1,RandomPlayerConfig
214968166,Checkers,0,GAME_OVER,74,73,2,509,2,MCTS_CheckersHeuristic,2,1,1,RandomPlayerConfig
2002927771,Checkers,0,GAME_OVER,23,22,2,510,2,MCTS_CheckersHeuristic,2,1,1,RandomPlayerConfig
1145760359,Checkers,0,GAME_OVER,36,35,2,511,2,MCTS_CheckersHeuristic,2,1,1,RandomPlayerConfig
1421392738,Checkers,0,GAME_OVER,26,25,2,512,2,MCTS_CheckersHeuristic,2,1,1,RandomPlayerConfig
-1600797690,Checkers,0,GAME_OVER,27,26,2,513,2,MCTS_CheckersHeuristic,2,1,1,RandomPlayerConfig
1573684604,Checkers,0,GAME_OVER,26,25,2,514,2,MCTS_CheckersHeuristic,2,1,1,RandomPlayerConfig
-1253018376,Checkers,0,GAME_OVER,24,23,2,515,2,MCTS_CheckersHeuristic,2,1,1,RandomPlayerConfig
761205658,Checkers,0,GAME_OVER,26,25,2,516,2,MCTS_CheckersHeuristic,2,1,1,RandomPlayerConfig
-579190352,Checkers,0,GAME_OVER,25,24,2,517,2,MCTS_CheckersHeuristic,2,1,1,RandomPlayerConfig
1503046544,Checkers,0,GAME_OVER,27,26,2,518,2,MCTS_CheckersHeuristic,2,1,1,RandomPlayerConfig
1302884374,Checkers,0,GAME_OVER,27,26,2,519,2,MCTS_CheckersHeuristic,2,1,1,RandomPlayerConfig
-1092868814,Checkers,0,GAME_OVER,27,26,2,520,2,MCTS_CheckersHeuristic,2,1,1,RandomPlayerConfig
733276689,Checkers,0,GAME_OVER,23,22,2,521,2,MCTS_CheckersHeuristic,2,1,1,RandomPlayerConfig
-1168918557,Checkers,0,GAME_OVER,26,25,2,522,2,MCTS_CheckersHeuristic,2,1,1,RandomPlayerConfig
704925036,Checkers,0,GAME_OVER,24,23,2,523,2,MCTS_CheckersHeuristic,2,1,1,RandomPlayerConfig
-271784260,Checkers,0,GAME_OVER,29,28,2,524,2,MCTS_CheckersHeuristic,2,1,1,RandomPlayerConfig
1829599460,Checkers,0,GAME_OVER,30,29,2,525,2,MCTS_CheckersHeuristic,2,1,1,RandomPlayerConfig
-132123781,Checkers,0,GAME_OVER,26,25,2,526,2,MCTS_CheckersHeuristic,2,1,1,RandomPlayerConfig
1719721827,Checkers,0,GAME_OVER,23,22,2,527,2,MCTS_CheckersHeuristic,2,1,1,RandomPlayerConfig
-400875376,Checkers,0,GAME_OVER,30,29,2,528,2,MCTS_CheckersHeuristic,2,1,1,RandomPlayerConfig
-1584011863,Checkers,0,GAME_OVER,29,28,2,529,2,MCTS_CheckersHeuristic,2,1,1,RandomPlayerConfig
-874281724,Checkers,0,GAME_OVER,22,21,2,530,2,MCTS_CheckersHeuristic,2,1,1,RandomPlayerConfig
607853563,Checkers,0,GAME_OVER,27,26,2,531,2,MCTS_CheckersHeuristic,2,1,1,RandomPlayerConfig
-1949378284,Checkers,0,GAME_OVER,22,21,2,532,2,MCTS_CheckersHeuristic,2,1,1,RandomPlayerConfig
550147220,Checkers,0,GAME_OVER,24,23,2,533,2,MCTS_CheckersHeuristic,2,1,1,RandomPlayerConfig
653426863,Checkers,0,GAME_OVER,26,25,2,534,2,MCTS_CheckersHeuristic,2,1,1,RandomPlayerConfig
619559134,Checkers,0,GAME_OVER,23,22,2,535,2,MCTS_CheckersHeuristic,2,1,1,RandomPlayerConfig
-1848393412,Checkers,0,GAME_OVER,26,25,2,536,2,MCTS_CheckersHeuristic,2,1,1,RandomPlayerConfig
751837896,Checkers,0,GAME_OVER,29,28,2,537,2,MCTS_CheckersHeuristic,2,1,1,RandomPlayerConfig
-1044147626,Checkers,0,GAME_OVER,25,24,2,538,2,MCTS_CheckersHeuristic,2,1,1,RandomPlayerConfig
-1128008526,Checkers,0,GAME_OVER,24,23,2,539,2,MCTS_CheckersHeuristic,2,1,1,RandomPlayerConfig
1292526932,Checkers,0,GAME_OVER,27,26,2,540,2,MCTS_CheckersHeuristic,2,1,1,RandomPlayerConfig
-314228284,Checkers,0,GAME_OVER,27,26,2,541,2,MCTS_CheckersHeuristic,2,1,1,RandomPlayerConfig
1499768291,Checkers,0,GAME_OVER,23,22,2,542,2,MCTS_CheckersHeuristic,2,1,1,RandomPlayerConfig
-1065410130,Checkers,0,GAME_OVER,28,27,2,543,2,MCTS_CheckersHeuristic,2,1,1,RandomPlayerConfig
-449501699,Checkers,0,GAME_OVER,28,27,2,544,2,MCTS_CheckersHeuristic,2,1,1,RandomPlayerConfig
-1684908515,Checkers,0,GAME_OVER,30,29,2,545,2,MCTS_CheckersHeuristic,2,1,1,RandomPlayerConfig
2078749170,Checkers,0,GAME_OVER,22,21,2,546,2,MCTS_CheckersHeuristic,2,1,1,RandomPlayerConfig
-506346129,Checkers,0,GAME_OVER,26,25,2,547,2,MCTS_CheckersHeuristic,2,1,1,RandomPlayerConfig
-1211286156,Checkers,0,GAME_OVER,26,25,2,548,2,MCTS_CheckersHeuristic,2,1,1,RandomPlayerConfig
-217592467,Checkers,0,GAME_OVER,25,24,2,549,2,MCTS_CheckersHeuristic,2,1,1,RandomPlayerConfig
1534331061,Checkers,0,GAME_OVER,28,27,2,550,2,MCTS_CheckersHeuristic,2,1,1,RandomPlayerConfig
-1498652148,Checkers,0,GAME_OVER,28,27,2,551,2,MCTS_CheckersHeuristic,2,1,1,RandomPlayerConfig
1456231706,Checkers,0,GAME_OVER,29,28,2,552,2,MCTS_CheckersHeuristic,2,1,1,RandomPlayerConfig
381116299,Checkers,0,GAME_OVER,28,27,2,553,2,MCTS_CheckersHeuristic,2,1,1,RandomPlayerConfig
273732376,Checkers,0,GAME_OVER,25,24,2,554,2,MCTS_CheckersHeuristic,2,1,1,RandomPlayerConfig
795163751,Checkers,0,GAME_OVER,27,26,2,555,2,MCTS_CheckersHeuristic,2,1,1,RandomPlayerConfig
1362849584,Checkers,0,GAME_OVER,24,23,2,556,2,MCTS_CheckersHeuristic,2,1,1,RandomPlayerConfig
-721178884,Checkers,0,GAME_OVER,23,22,2,557,2,MCTS_CheckersHeuristic,2,1,1,RandomPlayerConfig
-367027675,Checkers,0,GAME_OVER,33,32,2,558,2,MCTS_CheckersHeuristic,2,1,1,RandomPlayerConfig
1147515846,Checkers,0,GAME_OVER,26,25,2,559,2,MCTS_CheckersHeuristic,2,1,1,RandomPlayerConfig
-685758239,Checkers,0,GAME_OVER,24,23,2,560,2,MCTS_CheckersHeuristic,2,1,1,RandomPlayerConfig
-257622872,Checkers,0,GAME_OVER,30,29,2,561,2,MCTS_CheckersHeuristic,2,1,1,RandomPlayerConfig
-2109537624,Checkers,0,GAME_OVER,33,32,2,562,2,MCTS_CheckersHeuristic,2,1,1,RandomPlayerConfig
1805450913,Checkers,0,GAME_OVER,27,26,2,563,2,MCTS_CheckersHeuristic,2,1,1,RandomPlayerConfig
-596797307,Checkers,0,GAME_OVER,22,21,2,564,2,MCTS_CheckersHeuristic,2,1,1,RandomPlayerConfig
1201201872,Checkers,0,GAME_OVER,24,23,2,565,2,MCTS_CheckersHeuristic,2,1,1,RandomPlayerConfig
-1562894570,Checkers,0,GAME_OVER,33,32,2,566,2,MCTS_CheckersHeuristic,2,1,1,RandomPlayerConfig
-375299907,Checkers,0,GAME_OVER,30,29,2,567,2,MCTS_CheckersHeuristic,2,1,1,RandomPlayerConfig
-1657910237,Checkers,0,GAME_OVER,24,23,2,568,2,MCTS_CheckersHeuristic,2,1,1,RandomPlayerConfig
-312587457,Checkers,0,GAME_OVER,27,26,2,569,2,MCTS_CheckersHeuristic,2,1,1,RandomPlayerConfig
1633745834,Checkers,0,GAME_OVER,24,23,2,570,2,MCTS_CheckersHeuristic,2,1,1,RandomPlayerConfig
-1083822471,Checkers,0,GAME_OVER,28,27,2,571,2,MCTS_CheckersHeuristic,2,1,1,RandomPlayerConfig
342961208,Checkers,0,GAME_OVER,22,21,2,572,2,MCTS_CheckersHeuristic,2,1,1,RandomPlayerConfig
-1505880897,Checkers,0,GAME_OVER,29,28,2,573,2,MCTS_CheckersHeuristic,2,1,1,RandomPlayerConfig
4802768,Checkers,0,GAME_OVER,26,25,2,574,2,MCTS_CheckersHeuristic,2,1,1,RandomPlayerConfig
-1392627353,Checkers,0,GAME_OVER,26,25,2,575,2,MCTS_CheckersHeuristic,2,1,1,RandomPlayerConfig
-539277642,Checkers,0,GAME_OVER,24,23,2,576,2,MCTS_CheckersHeuristic,2,1,1,RandomPlayerConfig
1752439758,Checkers,0,GAME_OVER,25,24,2,577,2,MCTS_CheckersHeuristic,2,1,1,RandomPlayerConfig
-383727673,Checkers,0,GAME_OVER,26,25,2,578,2,MCTS_CheckersHeuristic,2,1,1,RandomPlayerConfig
-1723383266,Checkers,0,GAME_OVER,28,27,2,579,2,MCTS_CheckersHeuristic,2,1,1,RandomPlayerConfig
928826959,Checkers,0,GAME_OVER,28,27,2,580,2,MCTS_CheckersHeuristic,2,1,1,RandomPlayerConfig
1427348113,Checkers,0,GAME_OVER,21,20,2,581,2,MCTS_CheckersHeuristic,2,1,1,RandomPlayerConfig
-520266367,Checkers,0,GAME_OVER,24,23,2,582,2,MCTS_CheckersHeuristic,2,1,1,RandomPlayerConfig
517286733,Checkers,0,GAME_OVER,21,20,2,583,2,MCTS_CheckersHeuristic,2,1,1,RandomPlayerConfig
-1549297166,Checkers,0,GAME_OVER,25,24,2,584,2,MCTS_CheckersHeuristic,2,1,1,RandomPlayerConfig
-390261751,Checkers,0,GAME_OVER,30,29,2,585,2,MCTS_CheckersHeuristic,2,1,1,RandomPlayerConfig
590409677,Checkers,0,GAME_OVER,26,25,2,586,2,MCTS_CheckersHeuristic,2,1,1,RandomPlayerConfig
1698638355,Checkers,0,GAME_OVER,26,25,2,587,2,MCTS_CheckersHeuristic,2,1,1,RandomPlayerConfig
1256886421,Checkers,0,GAME_OVER,28,27,2,588,2,MCTS_CheckersHeuristic,2,1,1,RandomPlayerConfig
1391148676,Checkers,0,GAME_OVER,23,22,2,589,2,MCTS_CheckersHeuristic,2,1,1,RandomPlayerConfig
1654485175,Checkers,0,GAME_OVER,27,26,2,590,2,MCTS_CheckersHeuristic,2,1,1,RandomPlayerConfig
1817485198,Checkers,0,GAME_OVER,26,25,2,591,2,MCTS_CheckersHeuristic,2,1,1,RandomPlayerConfig
1513876789,Checkers,0,GAME_OVER,31,30,2,592,2,MCTS_CheckersHeuristic,2,1,1,RandomPlayerConfig
83861845,Checkers,0,GAME_OVER,24,23,2,593,2,MCTS_CheckersHeuristic,2,1,1,RandomPlayerConfig
-2118927314,Checkers,0,GAME_OVER,25,24,2,594,2,MCTS_CheckersHeuristic,2,1,1,RandomPlayerConfig
-369965134,Checkers,0,GAME_OVER,26,25,2,595,2,MCTS_CheckersHeuristic,2,1,1,RandomPlayerConfig
-548751590,Checkers,0,GAME_OVER,21,20,2,596,2,MCTS_CheckersHeuristic,2,1,1,RandomPlayerConfig
-1483810362,Checkers,0,GAME_OVER,27,26,2,597,2,MCTS_CheckersHeuristic,2,1,1,RandomPlayerConfig
-1294980121,Checkers,0,GAME_OVER,37,36,2,598,2,MCTS_CheckersHeuristic,2,1,1,RandomPlayerConfig
1283361115,Checkers,0,GAME_OVER,26,25,2,599,2,MCTS_CheckersHeuristic,2,1,1,RandomPlayerConfig
1906199135,Checkers,0,GAME_OVER,26,25,2,600,2,MCTS_CheckersHeuristic,2,1,1,RandomPlayerConfig
-134759603,Checkers,0,GAME_OVER,27,26,2,601,2,MCTS_CheckersHeuristic,2,1,1,RandomPlayerConfig
1634390178,Checkers,0,GAME_OVER,28,27,2,602,1,OSLA,1,2,2,MCTS_CheckersHeuristic
1980696938,Checkers,0,GAME_OVER,26,25,2,603,1,OSLA,1,2,2,MCTS_CheckersHeuristic
1433263383,Checkers,0,GAME_OVER,31,30,2,604,1,OSLA,1,2,2,MCTS_CheckersHeuristic
-906895919,Checkers,0,GAME_OVER,25,24,2,605,1,OSLA,1,2,2,MCTS_CheckersHeuristic
-304834404,Checkers,0,GAME_OVER,20,19,2,606,1,OSLA,1,2,2,MCTS_CheckersHeuristic
-1177143619,Checkers,0,GAME_OVER,81,80,2,607,1,OSLA,1,1,1,MCTS_CheckersHeuristic
1235789652,Checkers,0,GAME_OVER,30,29,2,608,1,OSLA,1,2,2,MCTS_CheckersHeuristic
-943454790,Checkers,0,GAME_OVER,26,25,2,609,1,OSLA,1,2,2,MCTS_CheckersHeuristic
-61265526,Checkers,0,GAME_OVER,27,26,2,610,1,OSLA,1,2,2,MCTS_CheckersHeuristic
-1569090718,Checkers,0,GAME_OVER,34,33,2,611,1,OSLA,1,2,2,MCTS_CheckersHeuristic
-1018937342,Checkers,0,GAME_OVER,30,29,2,612,1,OSLA,1,2,2,MCTS_CheckersHeuristic
49071466,Checkers,0,GAME_OVER,53,52,2,613,1,OSLA,1,2,2,MCTS_CheckersHeuristic
-1459259571,Checkers,0,GAME_OVER,34,33,2,614,1,OSLA,1,2,2,MCTS_CheckersHeuristic
18458152,Checkers,0,GAME_OVER,29,28,2,615,1,OSLA,1,2,2,MCTS_CheckersHeuristic
871169150,Checkers,0,GAME_OVER,33,32,2,616,1,OSLA,1,2,2,MCTS_CheckersHeuristic
-1997601845,Checkers,0,GAME_OVER,37,36,2,617,1,OSLA,1,2,2,MCTS_CheckersHeuristic
460294138,Checkers,0,GAME_OVER,27,26,2,618,1,OSLA,1,2,2,MCTS_CheckersHeuristic
1348459206,Checkers,0,GAME_OVER,25,24,2,619,1,OSLA,1,2,2,MCTS_CheckersHeuristic
1259708220,Checkers,0,GAME_OVER,29,28,2,620,1,OSLA,1,2,2,MCTS_CheckersHeuristic
1348238929,Checkers,0,GAME_OVER,27,26,2,621,1,OSLA,1,2,2,MCTS_CheckersHeuristic
1500200122,Checkers,0,GAME_OVER,32,31,2,622,1,OSLA,1,2,2,MCTS_CheckersHeuristic
-1037770008,Checkers,0,GAME_OVER,38,37,2,623,1,OSLA,1,2,2,MCTS_CheckersHeuristic
393651539,Checkers,0,GAME_OVER,28,27,2,624,1,OSLA,1,2,2,MCTS_CheckersHeuristic
-916561366,Checkers,0,GAME_OVER,41,40,2,625,1,OSLA,1,2,2,MCTS_CheckersHeuristic
-557300495,Checkers,0,GAME_OVER,54,53,2,626,1,OSLA,1,2,2,MCTS_CheckersHeuristic
-520907637,Checkers,0,GAME_OVER,47,46,2,627,1,OSLA,1,2,2,MCTS_CheckersHeuristic
754346046,Checkers,0,GAME_OVER,41,40,2,628,1,OSLA,1,2,2,MCTS_CheckersHeuristic
-1466841933,Checkers,0,GAME_OVER,40,39,2,629,1,OSLA,1,2,2,MCTS_CheckersHeuristic
-1269194847,Checkers,0,GAME_OVER,40,39,2,630,1,OSLA,1,2,2,MCTS_CheckersHeuristic
480958858,Checkers,0,GAME_OVER,28,27,2,631,1,OSLA,1,2,2,MCTS_CheckersHeuristic
927668192,Checkers,0,GAME_OVER,36,35,2,632,1,OSLA,1,2,2,MCTS_CheckersHeuristic
-800149714,Checkers,0,GAME_OVER,34,33,2,633,1,OSLA,1,2,2,MCTS_CheckersHeuristic
2041138960,Checkers,0,GAME_OVER,43,42,2,634,1,OSLA,1,2,2,MCTS_CheckersHeuristic
848725111,Checkers,0,GAME_OVER,38,37,2,635,1,OSLA,1,2,2,MCTS_CheckersHeuristic
-1489776440,Checkers,0,GAME_OVER,26,25,2,636,1,OSLA,1,2,2,MCTS_CheckersHeuristic
-626544206,Checkers,0,GAME_OVER,30,29,2,637,1,OSLA,1,2,2,MCTS_CheckersHeuristic
-708762967,Checkers,0,GAME_OVER,32,31,2,638,1,OSLA,1,2,2,MCTS_CheckersHeuristic
1853890222,Checkers,0,GAME_OVER,60,59,2,639,1,OSLA,1,2,2,MCTS_CheckersHeuristic
-768191818,Checkers,0,GAME_OVER,20,19,2,640,1,OSLA,1,2,2,MCTS_CheckersHeuristic
-925159070,Checkers,0,GAME_OVER,43,42,2,641,1,OSLA,1,2,2,MCTS_CheckersHeuristic
647740191,Checkers,0,GAME_OVER,29,28,2,642,1,OSLA,1,2,2,MCTS_CheckersHeuristic
-256506969,Checkers,0,GAME_OVER,42,41,2,643,1,OSLA,1,2,2,MCTS_CheckersHeuristic
799218526,Checkers,0,GAME_OVER,40,39,2,644,1,OSLA,1,2,2,MCTS_CheckersHeuristic
1389290977,Checkers,0,GAME_OVER,31,30,2,645,1,OSLA,1,2,2,MCTS_CheckersHeuristic
-1973474088,Checkers,0,GAME_OVER,29,28,2,646,1,OSLA,1,2,2,MCTS_CheckersHeuristic
-1239917172,Checkers,0,GAME_OVER,25,24,2,647,1,OSLA,1,2,2,MCTS_CheckersHeuristic
-1585845909,Checkers,0,GAME_OVER,27,26,2,648,1,OSLA,1,2,2,MCTS_CheckersHeuristic
2109815301,Checkers,0,GAME_OVER,26,25,2,649,1,OSLA,1,2,2,MCTS_CheckersHeuristic
-1548426104,Checkers,0,GAME_OVER,60,59,2,650,1,OSLA,1,2,2,MCTS_CheckersHeuristic
673240843,Checkers,0,GAME_OVER,26,25,2,651,1,OSLA,1,2,2,MCTS_CheckersHeuristic
2028268486,Checkers,0,GAME_OVER,56,55,2,652,1,OSLA,1,2,2,MCTS_CheckersHeuristic
-1142717494,Checkers,0,GAME_OVER,30,29,2,653,1,OSLA,1,2,2,MCTS_CheckersHeuristic
-911691237,Checkers,0,GAME_OVER,37,36,2,654,1,OSLA,1,2,2,MCTS_CheckersHeuristic
-1529670036,Checkers,0,GAME_OVER,49,48,2,655,1,OSLA,1,2,2,MCTS_CheckersHeuristic
882974999,Checkers,0,GAME_OVER,94,93,2,656,1,OSLA,1,1,1,MCTS_CheckersHeuristic
1246447496,Checkers,0,GAME_OVER,30,29,2,657,1,OSLA,1,2,2,MCTS_CheckersHeuristic
-709681705,Checkers,0,GAME_OVER,29,28,2,658,1,OSLA,1,2,2,MCTS_CheckersHeuristic
919688677,Checkers,0,GAME_OVER,32,31,2,659,1,OSLA,1,2,2,MCTS_CheckersHeuristic
-1475433589,Checkers,0,GAME_OVER,34,33,2,660,1,OSLA,1,2,2,MCTS_CheckersHeuristic
-1361577368,Checkers,0,GAME_OVER,68,67,2,661,1,OSLA,1,2,2,MCTS_CheckersHeuristic
103902145,Checkers,0,GAME_OVER,37,36,2,662,1,OSLA,1,2,2,MCTS_CheckersHeuristic
-1380864723,Checkers,0,GAME_OVER,28,27,2,663,1,OSLA,1,2,2,MCTS_CheckersHeuristic
604773592,Checkers,0,GAME_OVER,40,39,2,664,1,OSLA,1,2,2,MCTS_CheckersHeuristic
-1349650412,Checkers,0,GAME_OVER,46,45,2,665,1,OSLA,1,2,2,MCTS_CheckersHeuristic
-1563430592,Checkers,0,GAME_OVER,32,31,2,666,1,OSLA,1,2,2,MCTS_CheckersHeuristic
1399185486,Checkers,0,GAME_OVER,43,42,2,667,1,OSLA,1,2,2,MCTS_CheckersHeuristic
2070675069,Checkers,0,GAME_OVER,30,29,2,668,1,OSLA,1,2,2,MCTS_CheckersHeuristic
1740545965,Checkers,0,GAME_OVER,30,29,2,669,1,OSLA,1,2,2,MCTS_CheckersHeuristic
1368498432,Checkers,0,GAME_OVER,35,34,2,670,1,OSLA,1,2,2,MCTS_CheckersHeuristic
-1773090881,Checkers,0,GAME_OVER,29,28,2,671,1,OSLA,1,2,2,MCTS_CheckersHeuristic
-201057714,Checkers,0,GAME_OVER,29,28,2,672,1,OSLA,1,2,2,MCTS_CheckersHeuristic
-127874046,Checkers,0,GAME_OVER,47,46,2,673,1,OSLA,1,2,2,MCTS_CheckersHeuristic
-1872105191,Checkers,0,GAME_OVER,35,34,2,674,1,OSLA,1,2,2,MCTS_CheckersHeuristic
1975625137,Checkers,0,GAME_OVER,37,36,2,675,1,OSLA,1,2,2,MCTS_CheckersHeuristic
-951433425,Checkers,0,GAME_OVER,27,26,2,676,1,OSLA,1,2,2,MCTS_CheckersHeuristic
-411297027,Checkers,0,GAME_OVER,32,31,2,677,1,OSLA,1,2,2,MCTS_CheckersHeuristic
789348207,Checkers,0,GAME_OVER,58,57,2,678,1,OSLA,1,1,1,MCTS_CheckersHeuristic
826211497,Checkers,0,GAME_OVER,31,30,2,679,1,OSLA,1,2,2,MCTS_CheckersHeuristic
711638559,Checkers,0,GAME_OVER,90,89,2,680,1,OSLA,1,2,2,MCTS_CheckersHeuristic
2042411104,Checkers,0,GAME_OVER,43,42,2,681,1,OSLA,1,2,2,MCTS_CheckersHeuristic
820516955,Checkers,0,GAME_OVER,54,53,2,682,1,OSLA,1,2,2,MCTS_CheckersHeuristic
1603255118,Checkers,0,GAME_OVER,25,24,2,683,1,OSLA,1,2,2,MCTS_CheckersHeuristic
-1711260808,Checkers,0,GAME_OVER,40,39,2,684,1,OSLA,1,2,2,MCTS_CheckersHeuristic
7118769,Checkers,0,GAME_OVER,28,27,2,685,1,OSLA,1,2,2,MCTS_CheckersHeuristic
1450771338,Checkers,0,GAME_OVER,45,44,2,686,1,OSLA,1,2,2,MCTS_CheckersHeuristic
-234172028,Checkers,0,GAME_OVER,47,46,2,687,1,OSLA,1,2,2,MCTS_CheckersHeuristic
-1990823820,Checkers,0,GAME_OVER,31,30,2,688,1,OSLA,1,2,2,MCTS_CheckersHeuristic
1214941555,Checkers,0,GAME_OVER,29,28,2,689,1,OSLA,1,2,2,MCTS_CheckersHeuristic
-109528283,Checkers,0,GAME_OVER,26,25,2,690,1,OSLA,1,2,2,MCTS_CheckersHeuristic
-526220616,Checkers,0,GAME_OVER,38,37,2,691,1,OSLA,1,2,2,MCTS_CheckersHeuristic
-1935439629,Checkers,0,GAME_OVER,28,27,2,692,1,OSLA,1,2,2,MCTS_CheckersHeuristic
-1954154602,Checkers,0,GAME_OVER,37,36,2,693,1,OSLA,1,2,2,MCTS_CheckersHeuristic
-1758498510,Checkers,0,GAME_OVER,31,30,2,694,1,OSLA,1,2,2,MCTS_CheckersHeuristic
-56489603,Checkers,0,GAME_OVER,23,22,2,695,1,OSLA,1,2,2,MCTS_CheckersHeuristic
-1725052550,Checkers,0,GAME_OVER,31,30,2,696,1,OSLA,1,2,2,MCTS_CheckersHeuristic
-1339353809,Checkers,0,GAME_OVER,49,48,2,697,1,OSLA,1,2,2,MCTS_CheckersHeuristic
-1450309831,Checkers,0,GAME_OVER,31,30,2,698,1,OSLA,1,2,2,MCTS_CheckersHeuristic
946430040,Checkers,0,GAME_OVER,28,27,2,699,1,OSLA,1,2,2,MCTS_CheckersHeuristic
1109297534,Checkers,0,GAME_OVER,105,104,2,700,2,OSLA,2,1,1,MCTS_CheckersHeuristic
1790991723,Checkers,0,GAME_OVER,39,38,2,701,1,OSLA,1,2,2,MCTS_CheckersHeuristic
-2130879446,Checkers,0,GAME_OVER,24,23,2,702,1,OSLA,1,2,2,MCTS_CheckersHeuristic
719078359,Checkers,0,GAME_OVER,108,107,2,703,1,OSLA,1,1,1,MCTS_CheckersHeuristic
-1391194653,Checkers,0,GAME_OVER,38,37,2,704,1,OSLA,1,2,2,MCTS_CheckersHeuristic
1405304257,Checkers,0,GAME_OVER,31,30,2,705,1,OSLA,1,2,2,MCTS_CheckersHeuristic
138024061,Checkers,0,GAME_OVER,28,27,2,706,1,OSLA,1,2,2,MCTS_CheckersHeuristic
-1560886809,Checkers,0,GAME_OVER,26,25,2,707,1,OSLA,1,2,2,MCTS_CheckersHeuristic
-627570753,Checkers,0,GAME_OVER,109,108,2,708,1,OSLA,1,1,1,MCTS_CheckersHeuristic
214968166,Checkers,0,GAME_OVER,39,38,2,709,1,OSLA,1,2,2,MCTS_CheckersHeuristic
2002927771,Checkers,0,GAME_OVER,29,28,2,710,1,OSLA,1,2,2,MCTS_CheckersHeuristic
1145760359,Checkers,0,GAME_OVER,36,35,2,711,1,OSLA,1,2,2,MCTS_CheckersHeuristic
1421392738,Checkers,0,GAME_OVER,30,29,2,712,1,OSLA,1,2,2,MCTS_CheckersHeuristic
-1600797690,Checkers,0,GAME_OVER,26,25,2,713,1,OSLA,1,2,2,MCTS_CheckersHeuristic
1573684604,Checkers,0,GAME_OVER,30,29,2,714,1,OSLA,1,2,2,MCTS_CheckersHeuristic
-1253018376,Checkers,0,GAME_OVER,27,26,2,715,1,OSLA,1,2,2,MCTS_CheckersHeuristic
761205658,Checkers,0,GAME_OVER,33,32,2,716,1,OSLA,1,2,2,MCTS_CheckersHeuristic
-579190352,Checkers,0,GAME_OVER,32,31,2,717,1,OSLA,1,2,2,MCTS_CheckersHeuristic
1503046544,Checkers,0,GAME_OVER,29,28,2,718,1,OSLA,1,2,2,MCTS_CheckersHeuristic
1302884374,Checkers,0,GAME_OVER,29,28,2,719,1,OSLA,1,2,2,MCTS_CheckersHeuristic
-1092868814,Checkers,0,GAME_OVER,52,51,2,720,1,OSLA,1,2,2,MCTS_CheckersHeuristic
733276689,Checkers,0,GAME_OVER,33,32,2,721,1,OSLA,1,2,2,MCTS_CheckersHeuristic
-1168918557,Checkers,0,GAME_OVER,46,45,2,722,1,OSLA,1,2,2,MCTS_CheckersHeuristic
704925036,Checkers,0,GAME_OVER,28,27,2,723,1,OSLA,1,2,2,MCTS_CheckersHeuristic
-271784260,Checkers,0,GAME_OVER,99,98,2,724,1,OSLA,1,1,1,MCTS_CheckersHeuristic
1829599460,Checkers,0,GAME_OVER,24,23,2,725,1,OSLA,1,2,2,MCTS_CheckersHeuristic
-132123781,Checkers,0,GAME_OVER,26,25,2,726,1,OSLA,1,2,2,MCTS_CheckersHeuristic
1719721827,Checkers,0,GAME_OVER,32,31,2,727,1,OSLA,1,2,2,MCTS_CheckersHeuristic
-400875376,Checkers,0,GAME_OVER,25,24,2,728,1,OSLA,1,2,2,MCTS_CheckersHeuristic
-1584011863,Checkers,0,GAME_OVER,29,28,2,729,1,OSLA,1,2,2,MCTS_CheckersHeuristic
-874281724,Checkers,0,GAME_OVER,33,32,2,730,1,OSLA,1,2,2,MCTS_CheckersHeuristic
607853563,Checkers,0,GAME_OVER,23,22,2,731,1,OSLA,1,2,2,MCTS_CheckersHeuristic
-1949378284,Checkers,0,GAME_OVER,39,38,2,732,1,OSLA,1,2,2,MCTS_CheckersHeuristic
550147220,Checkers,0,GAME_OVER,62,61,2,733,1,OSLA,1,2,2,MCTS_CheckersHeuristic
653426863,Checkers,0,GAME_OVER,34,33,2,734,1,OSLA,1,2,2,MCTS_CheckersHeuristic
619559134,Checkers,0,GAME_OVER,44,43,2,735,2,OSLA,2,1,1,MCTS_CheckersHeuristic
-1848393412,Checkers,0,GAME_OVER,44,43,2,736,1,OSLA,1,2,2,MCTS_CheckersHeuristic
751837896,Checkers,0,GAME_OVER,35,34,2,737,1,OSLA,1,2,2,MCTS_CheckersHeuristic
-1044147626,Checkers,0,GAME_OVER,33,32,2,738,1,OSLA,1,2,2,MCTS_CheckersHeuristic
-1128008526,Checkers,0,GAME_OVER,34,33,2,739,1,OSLA,1,2,2,MCTS_CheckersHeuristic
1292526932,Checkers,0,GAME_OVER,57,56,2,740,1,OSLA,1,2,2,MCTS_CheckersHeuristic
-314228284,Checkers,0,GAME_OVER,35,34,2,741,1,OSLA,1,2,2,MCTS_CheckersHeuristic
1499768291,Checkers,0,GAME_OVER,33,32,2,742,1,OSLA,1,2,2,MCTS_CheckersHeuristic
-1065410130,Checkers,0,GAME_OVER,27,26,2,743,1,OSLA,1,2,2,MCTS_CheckersHeuristic
-449501699,Checkers,0,GAME_OVER,30,29,2,744,1,OSLA,1,2,2,MCTS_CheckersHeuristic
-1684908515,Checkers,0,GAME_OVER,83,82,2,745,1,OSLA,1,1,1,MCTS_CheckersHeuristic
2078749170,Checkers,0,GAME_OVER,32,31,2,746,1,OSLA,1,2,2,MCTS_CheckersHeuristic
-506346129,Checkers,0,GAME_OVER,26,25,2,747,1,OSLA,1,2,2,MCTS_CheckersHeuristic
-1211286156,Checkers,0,GAME_OVER,30,29,2,748,1,OSLA,1,2,2,MCTS_CheckersHeuristic
-217592467,Checkers,0,GAME_OVER,37,36,2,749,1,OSLA,1,2,2,MCTS_CheckersHeuristic
1534331061,Checkers,0,GAME_OVER,65,64,2,750,1,OSLA,1,2,2,MCTS_CheckersHeuristic
-1498652148,Checkers,0,GAME_OVER,24,23,2,751,1,OSLA,1,2,2,MCTS_CheckersHeuristic
1456231706,Checkers,0,GAME_OVER,37,36,2,752,1,OSLA,1,2,2,MCTS_CheckersHeuristic
381116299,Checkers,0,GAME_OVER,35,34,2,753,1,OSLA,1,2,2,MCTS_CheckersHeuristic
273732376,Checkers,0,GAME_OVER,107,106,2,754,1,OSLA,1,1,1,MCTS_CheckersHeuristic
795163751,Checkers,0,GAME_OVER,34,33,2,755,1,OSLA,1,2,2,MCTS_CheckersHeuristic
1362849584,Checkers,0,GAME_OVER,32,31,2,756,1,OSLA,1,2,2,MCTS_CheckersHeuristic
-721178884,Checkers,0,GAME_OVER,27,26,2,757,1,OSLA,1,2,2,MCTS_CheckersHeuristic
-367027675,Checkers,0,GAME_OVER,23,22,2,758,1,OSLA,1,2,2,MCTS_CheckersHeuristic
1147515846,Checkers,0,GAME_OVER,43,42,2,759,1,OSLA,1,2,2,MCTS_CheckersHeuristic
-685758239,Checkers,0,GAME_OVER,38,37,2,760,1,OSLA,1,2,2,MCTS_CheckersHeuristic
-257622872,Checkers,0,GAME_OVER,31,30,2,761,1,OSLA,1,2,2,MCTS_CheckersHeuristic
-2109537624,Checkers,0,GAME_OVER,28,27,2,762,1,OSLA,1,2,2,MCTS_CheckersHeuristic
1805450913,Checkers,0,GAME_OVER,34,33,2,763,1,OSLA,1,2,2,MCTS_CheckersHeuristic
-596797307,Checkers,0,GAME_OVER,38,37,2,764,1,OSLA,1,2,2,MCTS_CheckersHeuristic
1201201872,Checkers,0,GAME_OVER,35,34,2,765,1,OSLA,1,2,2,MCTS_CheckersHeuristic
-1562894570,Checkers,0,GAME_OVER,37,36,2,766,1,OSLA,1,2,2,MCTS_CheckersHeuristic
-375299907,Checkers,0,GAME_OVER,45,44,2,767,1,OSLA,1,2,2,MCTS_CheckersHeuristic
-1657910237,Checkers,0,GAME_OVER,33,32,2,768,1,OSLA,1,2,2,MCTS_CheckersHeuristic
-312587457,Checkers,0,GAME_OVER,33,32,2,769,1,OSLA,1,2,2,MCTS_CheckersHeuristic
1633745834,Checkers,0,GAME_OVER,29,28,2,770,1,OSLA,1,2,2,MCTS_CheckersHeuristic
-1083822471,Checkers,0,GAME_OVER,25,24,2,771,1,OSLA,1,2,2,MCTS_CheckersHeuristic
342961208,Checkers,0,GAME_OVER,100,99,2,772,1,OSLA,1,1,1,MCTS_CheckersHeuristic
-1505880897,Checkers,0,GAME_OVER,27,26,2,773,1,OSLA,1,2,2,MCTS_CheckersHeuristic
4802768,Checkers,0,GAME_OVER,26,25,2,774,1,OSLA,1,2,2,MCTS_CheckersHeuristic
-1392627353,Checkers,0,GAME_OVER,43,42,2,775,1,OSLA,1,2,2,MCTS_CheckersHeuristic
-539277642,Checkers,0,GAME_OVER,61,60,2,776,1,OSLA,1,2,2,MCTS_CheckersHeuristic
1752439758,Checkers,0,GAME_OVER,40,39,2,777,1,OSLA,1,2,2,MCTS_CheckersHeuristic
-383727673,Checkers,0,GAME_OVER,35,34,2,778,1,OSLA,1,2,2,MCTS_CheckersHeuristic
-1723383266,Checkers,0,GAME_OVER,28,27,2,779,1,OSLA,1,2,2,MCTS_CheckersHeuristic
928826959,Checkers,0,GAME_OVER,28,27,2,780,1,OSLA,1,2,2,MCTS_CheckersHeuristic
1427348113,Checkers,0,GAME_OVER,52,51,2,781,1,OSLA,1,2,2,MCTS_CheckersHeuristic
-520266367,Checkers,0,GAME_OVER,26,25,2,782,1,OSLA,1,2,2,MCTS_CheckersHeuristic
517286733,Checkers,0,GAME_OVER,37,36,2,783,1,OSLA,1,2,2,MCTS_CheckersHeuristic
-1549297166,Checkers,0,GAME_OVER,25,24,2,784,1,OSLA,1,2,2,MCTS_CheckersHeuristic
-390261751,Checkers,0,GAME_OVER,32,31,2,785,1,OSLA,1,2,2,MCTS_CheckersHeuristic
590409677,Checkers,0,GAME_OVER,26,25,2,786,1,OSLA,1,2,2,MCTS_CheckersHeuristic
1698638355,Checkers,0,GAME_OVER,68,67,2,787,1,OSLA,1,2,2,MCTS_CheckersHeuristic
1256886421,Checkers,0,GAME_OVER,28,27,2,788,1,OSLA,1,2,2,MCTS_CheckersHeuristic
1391148676,Checkers,0,GAME_OVER,40,39,2,789,1,OSLA,1,2,2,MCTS_CheckersHeuristic
1654485175,Checkers,0,GAME_OVER,41,40,2,790,1,OSLA,1,2,2,MCTS_CheckersHeuristic
1817485198,Checkers,0,GAME_OVER,27,26,2,791,1,OSLA,1,2,2,MCTS_CheckersHeuristic
1513876789,Checkers,0,GAME_OVER,29,28,2,792,1,OSLA,1,2,2,MCTS_CheckersHeuristic
83861845,Checkers,0,GAME_OVER,31,30,2,793,1,OSLA,1,2,2,MCTS_CheckersHeuristic
-2118927314,Checkers,0,GAME_OVER,26,25,2,794,1,OSLA,1,2,2,MCTS_CheckersHeuristic
-369965134,Checkers,0,GAME_OVER,57,56,2,795,1,OSLA,1,2,2,MCTS_CheckersHeuristic
-548751590,Checkers,0,GAME_OVER,51,50,2,796,1,OSLA,1,2,2,MCTS_CheckersHeuristic
-1483810362,Checkers,0,GAME_OVER,32,31,2,797,1,OSLA,1,2,2,MCTS_CheckersHeuristic
-1294980121,Checkers,0,GAME_OVER,90,89,2,798,1,OSLA,1,1,1,MCTS_CheckersHeuristic
1283361115,Checkers,0,GAME_OVER,33,32,2,799,1,OSLA,1,2,2,MCTS_CheckersHeuristic
1906199135,Checkers,0,GAME_OVER,30,29,2,800,1,OSLA,1,2,2,MCTS_CheckersHeuristic
-134759603,Checkers,0,GAME_OVER,36,35,2,801,1,OSLA,1,2,2,MCTS_CheckersHeuristic
1634390178,Checkers,0,GAME_OVER,28,27,2,802,2,OSLA,2,1,1,OSLA
1980696938,Checkers,0,GAME_OVER,33,32,2,803,1,OSLA,1,2,2,OSLA
1433263383,Checkers,0,GAME_OVER,78,77,2,804,1,OSLA,1,1,1,OSLA
-906895919,Checkers,0,GAME_OVER,82,81,2,805,1,OSLA,1,1,1,OSLA
-304834404,Checkers,0,GAME_OVER,44,43,2,806,2,OSLA,2,1,1,OSLA
-1177143619,Checkers,0,GAME_OVER,30,29,2,807,1,OSLA,1,2,2,OSLA
1235789652,Checkers,0,GAME_OVER,40,39,2,808,2,OSLA,2,1,1,OSLA
-943454790,Checkers,0,GAME_OVER,36,35,2,809,1,OSLA,1,2,2,OSLA
-61265526,Checkers,0,GAME_OVER,32,31,2,810,1,OSLA,1,2,2,OSLA
-1569090718,Checkers,0,GAME_OVER,30,29,2,811,1,OSLA,1,2,2,OSLA
-1018937342,Checkers,0,GAME_OVER,103,102,2,812,1,OSLA,1,1,1,OSLA
49071466,Checkers,0,GAME_OVER,44,43,2,813,2,OSLA,2,1,1,OSLA
-1459259571,Checkers,0,GAME_OVER,38,37,2,814,1,OSLA,1,2,2,OSLA
18458152,Checkers,0,GAME_OVER,43,42,2,815,1,OSLA,1,2,2,OSLA
871169150,Checkers,0,GAME_OVER,27,26,2,816,2,OSLA,2,1,1,OSLA
-1997601845,Checkers,0,GAME_OVER,27,26,2,817,2,OSLA,2,1,1,OSLA
460294138,Checkers,0,GAME_OVER,121,120,2,818,1,OSLA,1,1,1,OSLA
1348459206,Checkers,0,GAME_OVER,35,34,2,819,1,OSLA,1,2,2,OSLA
1259708220,Checkers,0,GAME_OVER,71,70,2,820,1,OSLA,1,1,1,OSLA
1348238929,Checkers,0,GAME_OVER,74,73,2,821,1,OSLA,1,2,2,OSLA
1500200122,Checkers,0,GAME_OVER,25,24,2,822,2,OSLA,2,1,1,OSLA
-1037770008,Checkers,0,GAME_OVER,28,27,2,823,1,OSLA,1,2,2,OSLA
393651539,Checkers,0,GAME_OVER,23,22,2,824,1,OSLA,1,2,2,OSLA
-916561366,Checkers,0,GAME_OVER,56,55,2,825,1,OSLA,1,1,1,OSLA
-557300495,Checkers,0,GAME_OVER,24,23,2,826,2,OSLA,2,1,1,OSLA
-520907637,Checkers,0,GAME_OVER,31,30,2,827,2,OSLA,2,1,1,OSLA
754346046,Checkers,0,GAME_OVER,28,27,2,828,1,OSLA,1,2,2,OSLA
-1466841933,Checkers,0,GAME_OVER,118,117,2,829,1,OSLA,1,1,1,OSLA
-1269194847,Checkers,0,GAME_OVER,31,30,2,830,1,OSLA,1,2,2,OSLA
480958858,Checkers,0,GAME_OVER,43,42,2,831,1,OSLA,1,2,2,OSLA
927668192,Checkers,0,GAME_OVER,29,28,2,832,1,OSLA,1,2,2,OSLA
-800149714,Checkers,0,GAME_OVER,36,35,2,833,2,OSLA,2,1,1,OSLA
2041138960,Checkers,0,GAME_OVER,26,25,2,834,1,OSLA,1,2,2,OSLA
848725111,Checkers,0,GAME_OVER,104,103,2,835,1,OSLA,1,1,1,OSLA
-1489776440,Checkers,0,GAME_OVER,30,29,2,836,1,OSLA,1,2,2,OSLA
-626544206,Checkers,0,GAME_OVER,36,35,2,837,2,OSLA,2,1,1,OSLA
-708762967,Checkers,0,GAME_OVER,27,26,2,838,1,OSLA,1,2,2,OSLA
1853890222,Checkers,0,GAME_OVER,50,49,2,839,1,OSLA,1,2,2,OSLA
-768191818,Checkers,0,GAME_OVER,72,71,2,840,1,OSLA,1,2,2,OSLA
-925159070,Checkers,0,GAME_OVER,21,20,2,841,1,OSLA,1,2,2,OSLA
647740191,Checkers,0,GAME_OVER,103,102,2,842,1,OSLA,1,1,1,OSLA
-256506969,Checkers,0,GAME_OVER,34,33,2,843,2,OSLA,2,1,1,OSLA
799218526,Checkers,0,GAME_OVER,34,33,2,844,1,OSLA,1,2,2,OSLA
1389290977,Checkers,0,GAME_OVER,27,26,2,845,2,OSLA,2,1,1,OSLA
-1973474088,Checkers,0,GAME_OVER,126,125,2,846,1,OSLA,1,1,1,OSLA
-1239917172,Checkers,0,GAME_OVER,95,94,2,847,1,OSLA,1,1,1,OSLA
-1585845909,Checkers,0,GAME_OVER,30,29,2,848,2,OSLA,2,1,1,OSLA
2109815301,Checkers,0,GAME_OVER,29,28,2,849,1,OSLA,1,2,2,OSLA
-1548426104,Checkers,0,GAME_OVER,30,29,2,850,1,OSLA,1,2,2,OSLA
673240843,Checkers,0,GAME_OVER,64,63,2,851,1,OSLA,1,2,2,OSLA
2028268486,Checkers,0,GAME_OVER,27,26,2,852,2,OSLA,2,1,1,OSLA
-1142717494,Checkers,0,GAME_OVER,86,85,2,853,1,OSLA,1,1,1,OSLA
-911691237,Checkers,0,GAME_OVER,29,28,2,854,1,OSLA,1,2,2,OSLA
-1529670036,Checkers,0,GAME_OVER,75,74,2,855,1,OSLA,1,1,1,OSLA
882974999,Checkers,0,GAME_OVER,75,74,2,856,1,OSLA,1,1,1,OSLA
1246447496,Checkers,0,GAME_OVER,21,20,2,857,1,OSLA,1,2,2,OSLA
-709681705,Checkers,0,GAME_OVER,29,28,2,858,1,OSLA,1,2,2,OSLA
919688677,Checkers,0,GAME_OVER,27,26,2,859,2,OSLA,2,1,1,OSLA
-1475433589,Checkers,0,GAME_OVER,39,38,2,860,1,OSLA,1,2,2,OSLA
-1361577368,Checkers,0,GAME_OVER,33,32,2,861,1,OSLA,1,2,2,OSLA
103902145,Checkers,0,GAME_OVER,83,82,2,862,1,OSLA,1,1,1,OSLA
-1380864723,Checkers,0,GAME_OVER,61,60,2,863,2,OSLA,2,1,1,OSLA
604773592,Checkers,0,GAME_OVER,48,47,2,864,1,OSLA,1,2,2,OSLA
-1349650412,Checkers,0,GAME_OVER,22,21,2,865,1,OSLA,1,2,2,OSLA
-1563430592,Checkers,0,GAME_OVER,46,45,2,866,1,OSLA,1,2,2,OSLA
1399185486,Checkers,0,GAME_OVER,25,24,2,867,1,OSLA,1,2,2,OSLA
2070675069,Checkers,0,GAME_OVER,22,21,2,868,1,OSLA,1,2,2,OSLA
1740545965,Checkers,0,GAME_OVER,43,42,2,869,1,OSLA,1,2,2,OSLA
1368498432,Checkers,0,GAME_OVER,35,34,2,870,1,OSLA,1,2,2,OSLA
-1773090881,Checkers,0,GAME_OVER,23,22,2,871,1,OSLA,1,2,2,OSLA
-201057714,Checkers,0,GAME_OVER,29,28,2,872,2,OSLA,2,1,1,OSLA
-127874046,Checkers,0,GAME_OVER,23,22,2,873,1,OSLA,1,2,2,OSLA
-1872105191,Checkers,0,GAME_OVER,29,28,2,874,1,OSLA,1,2,2,OSLA
1975625137,Checkers,0,GAME_OVER,27,26,2,875,1,OSLA,1,2,2,OSLA
-951433425,Checkers,0,GAME_OVER,23,22,2,876,1,OSLA,1,2,2,OSLA
-411297027,Checkers,0,GAME_OVER,76,75,2,877,1,OSLA,1,1,1,OSLA
789348207,Checkers,0,GAME_OVER,26,25,2,878,1,OSLA,1,2,2,OSLA
826211497,Checkers,0,GAME_OVER,23,22,2,879,2,OSLA,2,1,1,OSLA
711638559,Checkers,0,GAME_OVER,92,91,2,880,1,OSLA,1,2,2,OSLA
2042411104,Checkers,0,GAME_OVER,29,28,2,881,1,OSLA,1,2,2,OSLA
820516955,Checkers,0,GAME_OVER,103,102,2,882,1,OSLA,1,1,1,OSLA
1603255118,Checkers,0,GAME_OVER,67,66,2,883,1,OSLA,1,1,1,OSLA
-1711260808,Checkers,0,GAME_OVER,52,51,2,884,2,OSLA,2,1,1,OSLA
7118769,Checkers,0,GAME_OVER,29,28,2,885,1,OSLA,1,2,2,OSLA
1450771338,Checkers,0,GAME_OVER,42,41,2,886,1,OSLA,1,2,2,OSLA
-234172028,Checkers,0,GAME_OVER,96,95,2,887,1,OSLA,1,1,1,OSLA
-1990823820,Checkers,0,GAME_OVER,22,21,2,888,1,OSLA,1,2,2,OSLA
1214941555,Checkers,0,GAME_OVER,35,34,2,889,2,OSLA,2,1,1,OSLA
-109528283,Checkers,0,GAME_OVER,27,26,2,890,2,OSLA,2,1,1,OSLA
-526220616,Checkers,0,GAME_OVER,30,29,2,891,2,OSLA,2,1,1,OSLA
-1935439629,Checkers,0,GAME_OVER,45,44,2,892,1,OSLA,1,2,2,OSLA
-1954154602,Checkers,0,GAME_OVER,21,20,2,893,1,OSLA,1,2,2,OSLA
-1758498510,Checkers,0,GAME_OVER,140,139,2,894,1,OSLA,1,1,1,OSLA
-56489603,Checkers,0,GAME_OVER,26,25,2,895,1,OSLA,1,2,2,OSLA
-1725052550,Checkers,0,GAME_OVER,36,35,2,896,1,OSLA,1,2,2,OSLA
-1339353809,Checkers,0,GAME_OVER,30,29,2,897,1,OSLA,1,2,2,OSLA
-1450309831,Checkers,0,GAME_OVER,30,29,2,898,2,OSLA,2,1,1,OSLA
946430040,Checkers,0,GAME_OVER,30,29,2,899,1,OSLA,1,2,2,OSLA
1109297534,Checkers,0,GAME_OVER,45,44,2,900,1,OSLA,1,2,2,OSLA
1790991723,Checkers,0,GAME_OVER,56,55,2,901,2,OSLA,2,1,1,OSLA
-2130879446,Checkers,0,GAME_OVER,101,100,2,902,1,OSLA,1,1,1,OSLA
719078359,Checkers,0,GAME_OVER,48,47,2,903,1,OSLA,1,2,2,OSLA
-1391194653,Checkers,0,GAME_OVER,37,36,2,904,2,OSLA,2,1,1,OSLA
1405304257,Checkers,0,GAME_OVER,30,29,2,905,1,OSLA,1,2,2,OSLA
138024061,Checkers,0,GAME_OVER,31,30,2,906,2,OSLA,2,1,1,OSLA
-1560886809,Checkers,0,GAME_OVER,28,27,2,907,2,OSLA,2,1,1,OSLA
-627570753,Checkers,0,GAME_OVER,34,33,2,908,1,OSLA,1,2,2,OSLA
214968166,Checkers,0,GAME_OVER,31,30,2,909,1,OSLA,1,2,2,OSLA
2002927771,Checkers,0,GAME_OVER,26,25,2,910,1,OSLA,1,2,2,OSLA
1145760359,Checkers,0,GAME_OVER,29,28,2,911,2,OSLA,2,1,1,OSLA
1421392738,Checkers,0,GAME_OVER,28,27,2,912,1,OSLA,1,2,2,OSLA
-1600797690,Checkers,0,GAME_OVER,31,30,2,913,2,OSLA,2,1,1,OSLA
1573684604,Checkers,0,GAME_OVER,58,57,2,914,2,OSLA,2,1,1,OSLA
-1253018376,Checkers,0,GAME_OVER,30,29,2,915,2,OSLA,2,1,1,OSLA
761205658,Checkers,0,GAME_OVER,26,25,2,916,1,OSLA,1,2,2,OSLA
-579190352,Checkers,0,GAME_OVER,101,100,2,917,1,OSLA,1,1,1,OSLA
1503046544,Checkers,0,GAME_OVER,33,32,2,918,1,OSLA,1,2,2,OSLA
1302884374,Checkers,0,GAME_OVER,29,28,2,919,2,OSLA,2,1,1,OSLA
-1092868814,Checkers,0,GAME_OVER,26,25,2,920,1,OSLA,1,2,2,OSLA
733276689,Checkers,0,GAME_OVER,29,28,2,921,1,OSLA,1,2,2,OSLA
-1168918557,Checkers,0,GAME_OVER,70,69,2,922,1,OSLA,1,1,1,OSLA
704925036,Checkers,0,GAME_OVER,38,37,2,923,2,OSLA,2,1,1,OSLA
-271784260,Checkers,0,GAME_OVER,45,44,2,924,1,OSLA,1,2,2,OSLA
1829599460,Checkers,0,GAME_OVER,39,38,2,925,2,OSLA,2,1,1,OSLA
-132123781,Checkers,0,GAME_OVER,31,30,2,926,1,OSLA,1,2,2,OSLA
1719721827,Checkers,0,GAME_OVER,26,25,2,927,2,OSLA,2,1,1,OSLA
-400875376,Checkers,0,GAME_OVER,22,21,2,928,1,OSLA,1,2,2,OSLA
-1584011863,Checkers,0,GAME_OVER,30,29,2,929,2,OSLA,2,1,1,OSLA
-874281724,Checkers,0,GAME_OVER,28,27,2,930,1,OSLA,1,2,2,OSLA
607853563,Checkers,0,GAME_OVER,30,29,2,931,1,OSLA,1,2,2,OSLA
-1949378284,Checkers,0,GAME_OVER,33,32,2,932,2,OSLA,2,1,1,OSLA
550147220,Checkers,0,GAME_OVER,41,40,2,933,1,OSLA,1,2,2,OSLA
653426863,Checkers,0,GAME_OVER,28,27,2,934,1,OSLA,1,2,2,OSLA
619559134,Checkers,0,GAME_OVER,31,30,2,935,1,OSLA,1,2,2,OSLA
-1848393412,Checkers,0,GAME_OVER,28,27,2,936,1,OSLA,1,2,2,OSLA
751837896,Checkers,0,GAME_OVER,56,55,2,937,1,OSLA,1,2,2,OSLA
-1044147626,Checkers,0,GAME_OVER,22,21,2,938,1,OSLA,1,2,2,OSLA
-1128008526,Checkers,0,GAME_OVER,25,24,2,939,1,OSLA,1,2,2,OSLA
1292526932,Checkers,0,GAME_OVER,30,29,2,940,1,OSLA,1,2,2,OSLA
-314228284,Checkers,0,GAME_OVER,41,40,2,941,1,OSLA,1,2,2,OSLA
1499768291,Checkers,0,GAME_OVER,31,30,2,942,1,OSLA,1,2,2,OSLA
-1065410130,Checkers,0,GAME_OVER,26,25,2,943,1,OSLA,1,2,2,OSLA
-449501699,Checkers,0,GAME_OVER,32,31,2,944,1,OSLA,1,2,2,OSLA
-1684908515,Checkers,0,GAME_OVER,27,26,2,945,1,OSLA,1,2,2,OSLA
2078749170,Checkers,0,GAME_OVER,47,46,2,946,2,OSLA,2,1,1,OSLA
-506346129,Checkers,0,GAME_OVER,79,78,2,947,2,OSLA,2,1,1,OSLA
-1211286156,Checkers,0,GAME_OVER,69,68,2,948,1,OSLA,1,1,1,OSLA
-217592467,Checkers,0,GAME_OVER,26,25,2,949,1,OSLA,1,2,2,OSLA
1534331061,Checkers,0,GAME_OVER,30,29,2,950,1,OSLA,1,2,2,OSLA
-1498652148,Checkers,0,GAME_OVER,32,31,2,951,1,OSLA,1,2,2,OSLA
1456231706,Checkers,0,GAME_OVER,30,29,2,952,1,OSLA,1,2,2,OSLA
381116299,Checkers,0,GAME_OVER,28,27,2,953,1,OSLA,1,2,2,OSLA
273732376,Checkers,0,GAME_OVER,36,35,2,954,1,OSLA,1,2,2,OSLA
795163751,Checkers,0,GAME_OVER,52,51,2,955,2,OSLA,2,1,1,OSLA
1362849584,Checkers,0,GAME_OVER,73,72,2,956,1,OSLA,1,1,1,OSLA
-721178884,Checkers,0,GAME_OVER,73,72,2,957,1,OSLA,1,1,1,OSLA
-367027675,Checkers,0,GAME_OVER,63,62,2,958,1,OSLA,1,1,1,OSLA
1147515846,Checkers,0,GAME_OVER,41,40,2,959,2,OSLA,2,1,1,OSLA
-685758239,Checkers,0,GAME_OVER,83,82,2,960,2,OSLA,2,1,1,OSLA
-257622872,Checkers,0,GAME_OVER,67,66,2,961,1,OSLA,1,1,1,OSLA
-2109537624,Checkers,0,GAME_OVER,27,26,2,962,2,OSLA,2,1,1,OSLA
1805450913,Checkers,0,GAME_OVER,24,23,2,963,1,OSLA,1,2,2,OSLA
-596797307,Checkers,0,GAME_OVER,106,105,2,964,1,OSLA,1,2,2,OSLA
1201201872,Checkers,0,GAME_OVER,70,69,2,965,1,OSLA,1,1,1,OSLA
-1562894570,Checkers,0,GAME_OVER,34,33,2,966,1,OSLA,1,2,2,OSLA
-375299907,Checkers,0,GAME_OVER,66,65,2,967,2,OSLA,2,1,1,OSLA
-1657910237,Checkers,0,GAME_OVER,28,27,2,968,1,OSLA,1,2,2,OSLA
-312587457,Checkers,0,GAME_OVER,30,29,2,969,2,OSLA,2,1,1,OSLA
1633745834,Checkers,0,GAME_OVER,43,42,2,970,1,OSLA,1,2,2,OSLA
-1083822471,Checkers,0,GAME_OVER,32,31,2,971,1,OSLA,1,2,2,OSLA
342961208,Checkers,0,GAME_OVER,32,31,2,972,1,OSLA,1,2,2,OSLA
-1505880897,Checkers,0,GAME_OVER,28,27,2,973,1,OSLA,1,2,2,OSLA
4802768,Checkers,0,GAME_OVER,52,51,2,974,2,OSLA,2,1,1,OSLA
-1392627353,Checkers,0,GAME_OVER,70,69,2,975,2,OSLA,2,1,1,OSLA
-539277642,Checkers,0,GAME_OVER,25,24,2,976,1,OSLA,1,2,2,OSLA
1752439758,Checkers,0,GAME_OVER,83,82,2,977,1,OSLA,1,1,1,OSLA
-383727673,Checkers,0,GAME_OVER,22,21,2,978,1,OSLA,1,2,2,OSLA
-1723383266,Checkers,0,GAME_OVER,52,51,2,979,2,OSLA,2,1,1,OSLA
928826959,Checkers,0,GAME_OVER,30,29,2,980,2,OSLA,2,1,1,OSLA
1427348113,Checkers,0,GAME_OVER,38,37,2,981,2,OSLA,2,1,1,OSLA
-520266367,Checkers,0,GAME_OVER,91,90,2,982,1,OSLA,1,2,2,OSLA
517286733,Checkers,0,GAME_OVER,35,34,2,983,1,OSLA,1,2,2,OSLA
-1549297166,Checkers,0,GAME_OVER,28,27,2,984,1,OSLA,1,2,2,OSLA
-390261751,Checkers,0,GAME_OVER,32,31,2,985,1,OSLA,1,2,2,OSLA
590409677,Checkers,0,GAME_OVER,44,43,2,986,2,OSLA,2,1,1,OSLA
1698638355,Checkers,0,GAME_OVER,28,27,2,987,1,OSLA,1,2,2,OSLA
1256886421,Checkers,0,GAME_OVER,28,27,2,988,2,OSLA,2,1,1,OSLA
1391148676,Checkers,0,GAME_OVER,45,44,2,989,1,OSLA,1,2,2,OSLA
1654485175,Checkers,0,GAME_OVER,62,61,2,990,1,OSLA,1,1,1,OSLA
1817485198,Checkers,0,GAME_OVER,46,45,2,991,1,OSLA,1,2,2,OSLA
1513876789,Checkers,0,GAME_OVER,32,31,2,992,2,OSLA,2,1,1,OSLA
83861845,Checkers,0,GAME_OVER,33,32,2,993,1,OSLA,1,2,2,OSLA
-2118927314,Checkers,0,GAME_OVER,41,40,2,994,2,OSLA,2,1,1,OSLA
-369965134,Checkers,0,GAME_OVER,30,29,2,995,2,OSLA,2,1,1,OSLA
-548751590,Checkers,0,GAME_OVER,25,24,2,996,1,OSLA,1,2,2,OSLA
-1483810362,Checkers,0,GAME_OVER,81,80,2,997,1,OSLA,1,1,1,OSLA
-1294980121,Checkers,0,GAME_OVER,68,67,2,998,1,OSLA,1,2,2,OSLA
1283361115,Checkers,0,GAME_OVER,28,27,2,999,2,OSLA,2,1,1,OSLA
1906199135,Checkers,0,GAME_OVER,27,26,2,1000,1,OSLA,1,2,2,OSLA
-134759603,Checkers,0,GAME_OVER,82,81,2,1001,1,OSLA,1,1,1,OSLA
1634390178,Checkers,0,GAME_OVER,27,26,2,1002,2,OSLA,2,1,1,RandomPlayerConfig
1980696938,Checkers,0,GAME_OVER,42,41,2,1003,2,OSLA,2,1,1,RandomPlayerConfig
1433263383,Checkers,0,GAME_OVER,24,23,2,1004,2,OSLA,2,1,1,RandomPlayerConfig
-906895919,Checkers,0,GAME_OVER,25,24,2,1005,2,OSLA,2,1,1,RandomPlayerConfig
-304834404,Checkers,0,GAME_OVER,25,24,2,1006,2,OSLA,2,1,1,RandomPlayerConfig
-1177143619,Checkers,0,GAME_OVER,28,27,2,1007,2,OSLA,2,1,1,RandomPlayerConfig
1235789652,Checkers,0,GAME_OVER,27,26,2,1008,2,OSLA,2,1,1,RandomPlayerConfig
-943454790,Checkers,0,GAME_OVER,24,23,2,1009,2,OSLA,2,1,1,RandomPlayerConfig
-61265526,Checkers,0,GAME_OVER,28,27,2,1010,2,OSLA,2,1,1,RandomPlayerConfig
-1569090718,Checkers,0,GAME_OVER,27,26,2,1011,2,OSLA,2,1,1,RandomPlayerConfig
-1018937342,Checkers,0,GAME_OVER,25,24,2,1012,2,OSLA,2,1,1,RandomPlayerConfig
49071466,Checkers,0,GAME_OVER,34,33,2,1013,2,OSLA,2,1,1,RandomPlayerConfig
-1459259571,Checkers,0,GAME_OVER,27,26,2,1014,2,OSLA,2,1,1,RandomPlayerConfig
18458152,Checkers,0,GAME_OVER,41,40,2,1015,2,OSLA,2,1,1,RandomPlayerConfig
871169150,Checkers,0,GAME_OVER,29,28,2,1016,2,OSLA,2,1,1,RandomPlayerConfig
-1997601845,Checkers,0,GAME_OVER,23,22,2,1017,1,OSLA,1,2,2,RandomPlayerConfig
460294138,Checkers,0,GAME_OVER,29,28,2,1018,2,OSLA,2,1,1,RandomPlayerConfig
1348459206,Checkers,0,GAME_OVER,24,23,2,1019,2,OSLA,2,1,1,RandomPlayerConfig
1259708220,Checkers,0,GAME_OVER,31,30,2,1020,2,OSLA,2,1,1,RandomPlayerConfig
1348238929,Checkers,0,GAME_OVER,29,28,2,1021,2,OSLA,2,1,1,RandomPlayerConfig
1500200122,Checkers,0,GAME_OVER,28,27,2,1022,2,OSLA,2,1,1,RandomPlayerConfig
-1037770008,Checkers,0,GAME_OVER,24,23,2,1023,2,OSLA,2,1,1,RandomPlayerConfig
393651539,Checkers,0,GAME_OVER,32,31,2,1024,2,OSLA,2,1,1,RandomPlayerConfig
-916561366,Checkers,0,GAME_OVER,38,37,2,1025,2,OSLA,2,1,1,RandomPlayerConfig
-557300495,Checkers,0,GAME_OVER,48,47,2,1026,2,OSLA,2,1,1,RandomPlayerConfig
-520907637,Checkers,0,GAME_OVER,32,31,2,1027,2,OSLA,2,1,1,RandomPlayerConfig
754346046,Checkers,0,GAME_OVER,30,29,2,1028,2,OSLA,2,1,1,RandomPlayerConfig
-1466841933,Checkers,0,GAME_OVER,28,27,2,1029,2,OSLA,2,1,1,RandomPlayerConfig
-1269194847,Checkers,0,GAME_OVER,48,47,2,1030,2,OSLA,2,1,1,RandomPlayerConfig
480958858,Checkers,0,GAME_OVER,27,26,2,1031,1,OSLA,1,2,2,RandomPlayerConfig
927668192,Checkers,0,GAME_OVER,34,33,2,1032,2,OSLA,2,1,1,RandomPlayerConfig
-800149714,Checkers,0,GAME_OVER,26,25,2,1033,2,OSLA,2,1,1,RandomPlayerConfig
2041138960,Checkers,0,GAME_OVER,28,27,2,1034,2,OSLA,2,1,1,RandomPlayerConfig
848725111,Checkers,0,GAME_OVER,29,28,2,1035,2,OSLA,2,1,1,RandomPlayerConfig
-1489776440,Checkers,0,GAME_OVER,33,32,2,1036,2,OSLA,2,1,1,RandomPlayerConfig
-626544206,Checkers,0,GAME_OVER,27,26,2,1037,2,OSLA,2,1,1,RandomPlayerConfig
-708762967,Checkers,0,GAME_OVER,23,22,2,1038,2,OSLA,2,1,1,RandomPlayerConfig
1853890222,Checkers,0,GAME_OVER,28,27,2,1039,2,OSLA,2,1,1,RandomPlayerConfig
-768191818,Checkers,0,GAME_OVER,34,33,2,1040,2,OSLA,2,1,1,RandomPlayerConfig
-925159070,Checkers,0,GAME_OVER,29,28,2,1041,2,OSLA,2,1,1,RandomPlayerConfig
647740191,Checkers,0,GAME_OVER,30,29,2,1042,2,OSLA,2,1,1,RandomPlayerConfig
-256506969,Checkers,0,GAME_OVER,24,23,2,1043,2,OSLA,2,1,1,RandomPlayerConfig
799218526,Checkers,0,GAME_OVER,28,27,2,1044,2,OSLA,2,1,1,RandomPlayerConfig
1389290977,Checkers,0,GAME_OVER,26,25,2,1045,2,OSLA,2,1,1,RandomPlayerConfig
-1973474088,Checkers,0,GAME_OVER,42,41,2,1046,2,OSLA,2,1,1,RandomPlayerConfig
-1239917172,Checkers,0,GAME_OVER,28,27,2,1047,2,OSLA,2,1,1,RandomPlayerConfig
-1585845909,Checkers,0,GAME_OVER,25,24,2,1048,2,OSLA,2,1,1,RandomPlayerConfig
2109815301,Checkers,0,GAME_OVER,40,39,2,1049,2,OSLA,2,1,1,RandomPlayerConfig
-1548426104,Checkers,0,GAME_OVER,36,35,2,1050,2,OSLA,2,1,1,RandomPlayerConfig
673240843,Checkers,0,GAME_OVER,36,35,2,1051,2,OSLA,2,1,1,RandomPlayerConfig
2028268486,Checkers,0,GAME_OVER,29,28,2,1052,2,OSLA,2,1,1,RandomPlayerConfig
-1142717494,Checkers,0,GAME_OVER,28,27,2,1053,2,OSLA,2,1,1,RandomPlayerConfig
-911691237,Checkers,0,GAME_OVER,30,29,2,1054,2,OSLA,2,1,1,RandomPlayerConfig
-1529670036,Checkers,0,GAME_OVER,33,32,2,1055,2,OSLA,2,1,1,RandomPlayerConfig
882974999,Checkers,0,GAME_OVER,24,23,2,1056,2,OSLA,2,1,1,RandomPlayerConfig
1246447496,Checkers,0,GAME_OVER,38,37,2,1057,2,OSLA,2,1,1,RandomPlayerConfig
-709681705,Checkers,0,GAME_OVER,27,26,2,1058,2,OSLA,2,1,1,RandomPlayerConfig
919688677,Checkers,0,GAME_OVER,22,21,2,1059,2,OSLA,2,1,1,RandomPlayerConfig
-1475433589,Checkers,0,GAME_OVER,27,26,2,1060,2,OSLA,2,1,1,RandomPlayerConfig
-1361577368,Checkers,0,GAME_OVER,31,30,2,1061,2,OSLA,2,1,1,RandomPlayerConfig
103902145,Checkers,0,GAME_OVER,30,29,2,1062,2,OSLA,2,1,1,RandomPlayerConfig
-1380864723,Checkers,0,GAME_OVER,25,24,2,1063,2,OSLA,2,1,1,RandomPlayerConfig
604773592,Checkers,0,GAME_OVER,25,24,2,1064,2,OSLA,2,1,1,RandomPlayerConfig
-1349650412,Checkers,0,GAME_OVER,24,23,2,1065,2,OSLA,2,1,1,RandomPlayerConfig
-1563430592,Checkers,0,GAME_OVER,25,24,2,1066,2,OSLA,2,1,1,RandomPlayerConfig
1399185486,Checkers,0,GAME_OVER,33,32,2,1067,2,OSLA,2,1,1,RandomPlayerConfig
2070675069,Checkers,0,GAME_OVER,27,26,2,1068,2,OSLA,2,1,1,RandomPlayerConfig
1740545965,Checkers,0,GAME_OVER,28,27,2,1069,1,OSLA,1,2,2,RandomPlayerConfig
1368498432,Checkers,0,GAME_OVER,28,27,2,1070,2,OSLA,2,1,1,RandomPlayerConfig
-1773090881,Checkers,0,GAME_OVER,31,30,2,1071,2,OSLA,2,1,1,RandomPlayerConfig
-201057714,Checkers,0,GAME_OVER,31,30,2,1072,2,OSLA,2,1,1,RandomPlayerConfig
-127874046,Checkers,0,GAME_OVER,24,23,2,1073,2,OSLA,2,1,1,RandomPlayerConfig
-1872105191,Checkers,0,GAME_OVER,34,33,2,1074,2,OSLA,2,1,1,RandomPlayerConfig
1975625137,Checkers,0,GAME_OVER,26,25,2,1075,2,OSLA,2,1,1,RandomPlayerConfig
-951433425,Checkers,0,GAME_OVER,25,24,2,1076,2,OSLA,2,1,1,RandomPlayerConfig
-411297027,Checkers,0,GAME_OVER,34,33,2,1077,2,OSLA,2,1,1,RandomPlayerConfig
789348207,Checkers,0,GAME_OVER,39,38,2,1078,2,OSLA,2,1,1,RandomPlayerConfig
826211497,Checkers,0,GAME_OVER,24,23,2,1079,2,OSLA,2,1,1,RandomPlayerConfig
711638559,Checkers,0,GAME_OVER,26,25,2,1080,2,OSLA,2,1,1,RandomPlayerConfig
2042411104,Checkers,0,GAME_OVER,29,28,2,1081,2,OSLA,2,1,1,RandomPlayerConfig
820516955,Checkers,0,GAME_OVER,28,27,2,1082,2,OSLA,2,1,1,RandomPlayerConfig
1603255118,Checkers,0,GAME_OVER,29,28,2,1083,2,OSLA,2,1,1,RandomPlayerConfig
-1711260808,Checkers,0,GAME_OVER,24,23,2,1084,2,OSLA,2,1,1,RandomPlayerConfig
7118769,Checkers,0,GAME_OVER,22,21,2,1085,2,OSLA,2,1,1,RandomPlayerConfig
1450771338,Checkers,0,GAME_OVER,39,38,2,1086,2,OSLA,2,1,1,RandomPlayerConfig
-234172028,Checkers,0,GAME_OVER,30,29,2,1087,2,OSLA,2,1,1,RandomPlayerConfig
-1990823820,Checkers,0,GAME_OVER,22,21,2,1088,2,OSLA,2,1,1,RandomPlayerConfig
1214941555,Checkers,0,GAME_OVER,28,27,2,1089,2,OSLA,2,1,1,RandomPlayerConfig
-109528283,Checkers,0,GAME_OVER,33,32,2,1090,2,OSLA,2,1,1,RandomPlayerConfig
-526220616,Checkers,0,GAME_OVER,26,25,2,1091,2,OSLA,2,1,1,RandomPlayerConfig
-1935439629,Checkers,0,GAME_OVER,25,24,2,1092,2,OSLA,2,1,1,RandomPlayerConfig
-1954154602,Checkers,0,GAME_OVER,28,27,2,1093,2,OSLA,2,1,1,RandomPlayerConfig
-1758498510,Checkers,0,GAME_OVER,27,26,2,1094,2,OSLA,2,1,1,RandomPlayerConfig
-56489603,Checkers,0,GAME_OVER,22,21,2,1095,2,OSLA,2,1,1,RandomPlayerConfig
-1725052550,Checkers,0,GAME_OVER,21,20,2,1096,2,OSLA,2,1,1,RandomPlayerConfig
-1339353809,Checkers,0,GAME_OVER,27,26,2,1097,2,OSLA,2,1,1,RandomPlayerConfig
-1450309831,Checkers,0,GAME_OVER,23,22,2,1098,2,OSLA,2,1,1,RandomPlayerConfig
946430040,Checkers,0,GAME_OVER,29,28,2,1099,2,OSLA,2,1,1,RandomPlayerConfig
1109297534,Checkers,0,GAME_OVER,22,21,2,1100,2,OSLA,2,1,1,RandomPlayerConfig
1790991723,Checkers,0,GAME_OVER,26,25,2,1101,2,OSLA,2,1,1,RandomPlayerConfig
-2130879446,Checkers,0,GAME_OVER,23,22,2,1102,2,OSLA,2,1,1,RandomPlayerConfig
719078359,Checkers,0,GAME_OVER,27,26,2,1103,2,OSLA,2,1,1,RandomPlayerConfig
-1391194653,Checkers,0,GAME_OVER,29,28,2,1104,2,OSLA,2,1,1,RandomPlayerConfig
1405304257,Checkers,0,GAME_OVER,25,24,2,1105,2,OSLA,2,1,1,RandomPlayerConfig
138024061,Checkers,0,GAME_OVER,26,25,2,1106,2,OSLA,2,1,1,RandomPlayerConfig
-1560886809,Checkers,0,GAME_OVER,30,29,2,1107,2,OSLA,2,1,1,RandomPlayerConfig
-627570753,Checkers,0,GAME_OVER,23,22,2,1108,2,OSLA,2,1,1,RandomPlayerConfig
214968166,Checkers,0,GAME_OVER,34,33,2,1109,2,OSLA,2,1,1,RandomPlayerConfig
2002927771,Checkers,0,GAME_OVER,29,28,2,1110,2,OSLA,2,1,1,RandomPlayerConfig
1145760359,Checkers,0,GAME_OVER,28,27,2,1111,2,OSLA,2,1,1,RandomPlayerConfig
1421392738,Checkers,0,GAME_OVER,27,26,2,1112,2,OSLA,2,1,1,RandomPlayerConfig
-1600797690,Checkers,0,GAME_OVER,21,20,2,1113,2,OSLA,2,1,1,RandomPlayerConfig
1573684604,Checkers,0,GAME_OVER,27,26,2,1114,2,OSLA,2,1,1,RandomPlayerConfig
-1253018376,Checkers,0,GAME_OVER,47,46,2,1115,2,OSLA,2,1,1,RandomPlayerConfig
761205658,Checkers,0,GAME_OVER,39,38,2,1116,2,OSLA,2,1,1,RandomPlayerConfig
-579190352,Checkers,0,GAME_OVER,33,32,2,1117,2,OSLA,2,1,1,RandomPlayerConfig
1503046544,Checkers,0,GAME_OVER,32,31,2,1118,2,OSLA,2,1,1,RandomPlayerConfig
1302884374,Checkers,0,GAME_OVER,23,22,2,1119,2,OSLA,2,1,1,RandomPlayerConfig
-1092868814,Checkers,0,GAME_OVER,24,23,2,1120,2,OSLA,2,1,1,RandomPlayerConfig
733276689,Checkers,0,GAME_OVER,28,27,2,1121,2,OSLA,2,1,1,RandomPlayerConfig
-1168918557,Checkers,0,GAME_OVER,26,25,2,1122,2,OSLA,2,1,1,RandomPlayerConfig
704925036,Checkers,0,GAME_OVER,25,24,2,1123,2,OSLA,2,1,1,RandomPlayerConfig
-271784260,Checkers,0,GAME_OVER,26,25,2,1124,2,OSLA,2,1,1,RandomPlayerConfig
1829599460,Checkers,0,GAME_OVER,27,26,2,1125,2,OSLA,2,1,1,RandomPlayerConfig
-132123781,Checkers,0,GAME_OVER,27,26,2,1126,2,OSLA,2,1,1,RandomPlayerConfig
1719721827,Checkers,0,GAME_OVER,24,23,2,1127,2,OSLA,2,1,1,RandomPlayerConfig
-400875376,Checkers,0,GAME_OVER,27,26,2,1128,2,OSLA,2,1,1,RandomPlayerConfig
-1584011863,Checkers,0,GAME_OVER,29,28,2,1129,2,OSLA,2,1,1,RandomPlayerConfig
-874281724,Checkers,0,GAME_OVER,19,18,2,1130,2,OSLA,2,1,1,RandomPlayerConfig
607853563,Checkers,0,GAME_OVER,30,29,2,1131,2,OSLA,2,1,1,RandomPlayerConfig
-1949378284,Checkers,0,GAME_OVER,25,24,2,1132,2,OSLA,2,1,1,RandomPlayerConfig
550147220,Checkers,0,GAME_OVER,28,27,2,1133,1,OSLA,1,2,2,RandomPlayerConfig
653426863,Checkers,0,GAME_OVER,26,25,2,1134,2,OSLA,2,1,1,RandomPlayerConfig
619559134,Checkers,0,GAME_OVER,32,31,2,1135,2,OSLA,2,1,1,RandomPlayerConfig
-1848393412,Checkers,0,GAME_OVER,25,24,2,1136,2,OSLA,2,1,1,RandomPlayerConfig
751837896,Checkers,0,GAME_OVER,22,21,2,1137,2,OSLA,2,1,1,RandomPlayerConfig
-1044147626,Checkers,0,GAME_OVER,25,24,2,1138,2,OSLA,2,1,1,RandomPlayerConfig
-1128008526,Checkers,0,GAME_OVER,29,28,2,1139,2,OSLA,2,1,1,RandomPlayerConfig
1292526932,Checkers,0,GAME_OVER,30,29,2,1140,2,OSLA,2,1,1,RandomPlayerConfig
-314228284,Checkers,0,GAME_OVER,30,29,2,1141,2,OSLA,2,1,1,RandomPlayerConfig
1499768291,Checkers,0,GAME_OVER,22,21,2,1142,2,OSLA,2,1,1,RandomPlayerConfig
-1065410130,Checkers,0,GAME_OVER,27,26,2,1143,2,OSLA,2,1,1,RandomPlayerConfig
-449501699,Checkers,0,GAME_OVER,25,24,2,1144,2,OSLA,2,1,1,RandomPlayerConfig
-1684908515,Checkers,0,GAME_OVER,31,30,2,1145,2,OSLA,2,1,1,RandomPlayerConfig
2078749170,Checkers,0,GAME_OVER,29,28,2,1146,2,OSLA,2,1,1,RandomPlayerConfig
-506346129,Checkers,0,GAME_OVER,29,28,2,1147,2,OSLA,2,1,1,RandomPlayerConfig
-1211286156,Checkers,0,GAME_OVER,32,31,2,1148,2,OSLA,2,1,1,RandomPlayerConfig
-217592467,Checkers,0,GAME_OVER,28,27,2,1149,2,OSLA,2,1,1,RandomPlayerConfig
1534331061,Checkers,0,GAME_OVER,32,31,2,1150,2,OSLA,2,1,1,RandomPlayerConfig
-1498652148,Checkers,0,GAME_OVER,32,31,2,1151,2,OSLA,2,1,1,RandomPlayerConfig
1456231706,Checkers,0,GAME_OVER,24,23,2,1152,2,OSLA,2,1,1,RandomPlayerConfig
381116299,Checkers,0,GAME_OVER,66,65,2,1153,2,OSLA,2,1,1,RandomPlayerConfig
273732376,Checkers,0,GAME_OVER,26,25,2,1154,2,OSLA,2,1,1,RandomPlayerConfig
795163751,Checkers,0,GAME_OVER,38,37,2,1155,2,OSLA,2,1,1,RandomPlayerConfig
1362849584,Checkers,0,GAME_OVER,22,21,2,1156,2,OSLA,2,1,1,RandomPlayerConfig
-721178884,Checkers,0,GAME_OVER,31,30,2,1157,2,OSLA,2,1,1,RandomPlayerConfig
-367027675,Checkers,0,GAME_OVER,34,33,2,1158,2,OSLA,2,1,1,RandomPlayerConfig
1147515846,Checkers,0,GAME_OVER,33,32,2,1159,2,OSLA,2,1,1,RandomPlayerConfig
-685758239,Checkers,0,GAME_OVER,25,24,2,1160,2,OSLA,2,1,1,RandomPlayerConfig
-257622872,Checkers,0,GAME_OVER,31,30,2,1161,2,OSLA,2,1,1,RandomPlayerConfig
-2109537624,Checkers,0,GAME_OVER,26,25,2,1162,2,OSLA,2,1,1,RandomPlayerConfig
1805450913,Checkers,0,GAME_OVER,29,28,2,1163,2,OSLA,2,1,1,RandomPlayerConfig
-596797307,Checkers,0,GAME_OVER,22,21,2,1164,2,OSLA,2,1,1,RandomPlayerConfig
1201201872,Checkers,0,GAME_OVER,43,42,2,1165,2,OSLA,2,1,1,RandomPlayerConfig
-1562894570,Checkers,0,GAME_OVER,32,31,2,1166,2,OSLA,2,1,1,RandomPlayerConfig
-375299907,Checkers,0,GAME_OVER,26,25,2,1167,2,OSLA,2,1,1,RandomPlayerConfig
-1657910237,Checkers,0,GAME_OVER,28,27,2,1168,2,OSLA,2,1,1,RandomPlayerConfig
-312587457,Checkers,0,GAME_OVER,26,25,2,1169,2,OSLA,2,1,1,RandomPlayerConfig
1633745834,Checkers,0,GAME_OVER,27,26,2,1170,2,OSLA,2,1,1,RandomPlayerConfig
-1083822471,Checkers,0,GAME_OVER,50,49,2,1171,2,OSLA,2,1,1,RandomPlayerConfig
342961208,Checkers,0,GAME_OVER,25,24,2,1172,2,OSLA,2,1,1,RandomPlayerConfig
-1505880897,Checkers,0,GAME_OVER,22,21,2,1173,2,OSLA,2,1,1,RandomPlayerConfig
4802768,Checkers,0,GAME_OVER,26,25,2,1174,2,OSLA,2,1,1,RandomPlayerConfig
-1392627353,Checkers,0,GAME_OVER,29,28,2,1175,2,OSLA,2,1,1,RandomPlayerConfig
-539277642,Checkers,0,GAME_OVER,26,25,2,1176,2,OSLA,2,1,1,RandomPlayerConfig
1752439758,Checkers,0,GAME_OVER,29,28,2,1177,2,OSLA,2,1,1,RandomPlayerConfig
-383727673,Checkers,0,GAME_OVER,22,21,2,1178,2,OSLA,2,1,1,RandomPlayerConfig
-1723383266,Checkers,0,GAME_OVER,25,24,2,1179,2,OSLA,2,1,1,RandomPlayerConfig
928826959,Checkers,0,GAME_OVER,26,25,2,1180,2,OSLA,2,1,1,RandomPlayerConfig
1427348113,Checkers,0,GAME_OVER,28,27,2,1181,2,OSLA,2,1,1,RandomPlayerConfig
-520266367,Checkers,0,GAME_OVER,25,24,2,1182,2,OSLA,2,1,1,RandomPlayerConfig
517286733,Checkers,0,GAME_OVER,33,32,2,1183,2,OSLA,2,1,1,RandomPlayerConfig
-1549297166,Checkers,0,GAME_OVER,27,26,2,1184,2,OSLA,2,1,1,RandomPlayerConfig
-390261751,Checkers,0,GAME_OVER,29,28,2,1185,2,OSLA,2,1,1,RandomPlayerConfig
590409677,Checkers,0,GAME_OVER,28,27,2,1186,2,OSLA,2,1,1,RandomPlayerConfig
1698638355,Checkers,0,GAME_OVER,29,28,2,1187,2,OSLA,2,1,1,RandomPlayerConfig
1256886421,Checkers,0,GAME_OVER,26,25,2,1188,2,OSLA,2,1,1,RandomPlayerConfig
1391148676,Checkers,0,GAME_OVER,34,33,2,1189,2,OSLA,2,1,1,RandomPlayerConfig
1654485175,Checkers,0,GAME_OVER,28,27,2,1190,2,OSLA,2,1,1,RandomPlayerConfig
1817485198,Checkers,0,GAME_OVER,27,26,2,1191,2,OSLA,2,1,1,RandomPlayerConfig
1513876789,Checkers,0,GAME_OVER,42,41,2,1192,2,OSLA,2,1,1,RandomPlayerConfig
83861845,Checkers,0,GAME_OVER,24,23,2,1193,2,OSLA,2,1,1,RandomPlayerConfig
-2118927314,Checkers,0,GAME_OVER,24,23,2,1194,2,OSLA,2,1,1,RandomPlayerConfig
-369965134,Checkers,0,GAME_OVER,25,24,2,1195,2,OSLA,2,1,1,RandomPlayerConfig
-548751590,Checkers,0,GAME_OVER,34,33,2,1196,2,OSLA,2,1,1,RandomPlayerConfig
-1483810362,Checkers,0,GAME_OVER,28,27,2,1197,2,OSLA,2,1,1,RandomPlayerConfig
-1294980121,Checkers,0,GAME_OVER,25,24,2,1198,2,OSLA,2,1,1,RandomPlayerConfig
1283361115,Checkers,0,GAME_OVER,29,28,2,1199,2,OSLA,2,1,1,RandomPlayerConfig
1906199135,Checkers,0,GAME_OVER,23,22,2,1200,2,OSLA,2,1,1,RandomPlayerConfig
-134759603,Checkers,0,GAME_OVER,27,26,2,1201,2,OSLA,2,1,1,RandomPlayerConfig
1634390178,Checkers,0,GAME_OVER,23,22,2,1202,1,RandomPlayerConfig,1,2,2,MCTS_CheckersHeuristic
1980696938,Checkers,0,GAME_OVER,25,24,2,1203,1,RandomPlayerConfig,1,2,2,MCTS_CheckersHeuristic
1433263383,Checkers,0,GAME_OVER,27,26,2,1204,1,RandomPlayerConfig,1,2,2,MCTS_CheckersHeuristic
-906895919,Checkers,0,GAME_OVER,27,26,2,1205,1,RandomPlayerConfig,1,2,2,MCTS_CheckersHeuristic
-304834404,Checkers,0,GAME_OVER,23,22,2,1206,1,RandomPlayerConfig,1,2,2,MCTS_CheckersHeuristic
-1177143619,Checkers,0,GAME_OVER,30,29,2,1207,1,RandomPlayerConfig,1,2,2,MCTS_CheckersHeuristic
1235789652,Checkers,0,GAME_OVER,24,23,2,1208,1,RandomPlayerConfig,1,2,2,MCTS_CheckersHeuristic
-943454790,Checkers,0,GAME_OVER,24,23,2,1209,1,RandomPlayerConfig,1,2,2,MCTS_CheckersHeuristic
-61265526,Checkers,0,GAME_OVER,25,24,2,1210,1,RandomPlayerConfig,1,2,2,MCTS_CheckersHeuristic
-1569090718,Checkers,0,GAME_OVER,26,25,2,1211,1,RandomPlayerConfig,1,2,2,MCTS_CheckersHeuristic
-1018937342,Checkers,0,GAME_OVER,24,23,2,1212,1,RandomPlayerConfig,1,2,2,MCTS_CheckersHeuristic
49071466,Checkers,0,GAME_OVER,33,32,2,1213,1,RandomPlayerConfig,1,2,2,MCTS_CheckersHeuristic
-1459259571,Checkers,0,GAME_OVER,26,25,2,1214,1,RandomPlayerConfig,1,2,2,MCTS_CheckersHeuristic
18458152,Checkers,0,GAME_OVER,25,24,2,1215,1,RandomPlayerConfig,1,2,2,MCTS_CheckersHeuristic
871169150,Checkers,0,GAME_OVER,22,21,2,1216,1,RandomPlayerConfig,1,2,2,MCTS_CheckersHeuristic
-1997601845,Checkers,0,GAME_OVER,23,22,2,1217,1,RandomPlayerConfig,1,2,2,MCTS_CheckersHeuristic
460294138,Checkers,0,GAME_OVER,22,21,2,1218,1,RandomPlayerConfig,1,2,2,MCTS_CheckersHeuristic
1348459206,Checkers,0,GAME_OVER,26,25,2,1219,1,RandomPlayerConfig,1,2,2,MCTS_CheckersHeuristic
1259708220,Checkers,0,GAME_OVER,38,37,2,1220,1,RandomPlayerConfig,1,2,2,MCTS_CheckersHeuristic
1348238929,Checkers,0,GAME_OVER,25,24,2,1221,1,RandomPlayerConfig,1,2,2,MCTS_CheckersHeuristic
1500200122,Checkers,0,GAME_OVER,22,21,2,1222,1,RandomPlayerConfig,1,2,2,MCTS_CheckersHeuristic
-1037770008,Checkers,0,GAME_OVER,24,23,2,1223,1,RandomPlayerConfig,1,2,2,MCTS_CheckersHeuristic
393651539,Checkers,0,GAME_OVER,33,32,2,1224,1,RandomPlayerConfig,1,2,2,MCTS_CheckersHeuristic
-916561366,Checkers,0,GAME_OVER,26,25,2,1225,1,RandomPlayerConfig,1,2,2,MCTS_CheckersHeuristic
-557300495,Checkers,0,GAME_OVER,26,25,2,1226,1,RandomPlayerConfig,1,2,2,MCTS_CheckersHeuristic
-520907637,Checkers,0,GAME_OVER,26,25,2,1227,1,RandomPlayerConfig,1,2,2,MCTS_CheckersHeuristic
754346046,Checkers,0,GAME_OVER,27,26,2,1228,1,RandomPlayerConfig,1,2,2,MCTS_CheckersHeuristic
-1466841933,Checkers,0,GAME_OVER,28,27,2,1229,1,RandomPlayerConfig,1,2,2,MCTS_CheckersHeuristic
-1269194847,Checkers,0,GAME_OVER,22,21,2,1230,1,RandomPlayerConfig,1,2,2,MCTS_CheckersHeuristic
480958858,Checkers,0,GAME_OVER,26,25,2,1231,1,RandomPlayerConfig,1,2,2,MCTS_CheckersHeuristic
927668192,Checkers,0,GAME_OVER,27,26,2,1232,1,RandomPlayerConfig,1,2,2,MCTS_CheckersHeuristic
-800149714,Checkers,0,GAME_OVER,28,27,2,1233,1,RandomPlayerConfig,1,2,2,MCTS_CheckersHeuristic
2041138960,Checkers,0,GAME_OVER,32,31,2,1234,1,RandomPlayerConfig,1,2,2,MCTS_CheckersHeuristic
848725111,Checkers,0,GAME_OVER,25,24,2,1235,1,RandomPlayerConfig,1,2,2,MCTS_CheckersHeuristic
-1489776440,Checkers,0,GAME_OVER,26,25,2,1236,1,RandomPlayerConfig,1,2,2,MCTS_CheckersHeuristic
-626544206,Checkers,0,GAME_OVER,30,29,2,1237,1,RandomPlayerConfig,1,2,2,MCTS_CheckersHeuristic
-708762967,Checkers,0,GAME_OVER,26,25,2,1238,1,RandomPlayerConfig,1,2,2,MCTS_CheckersHeuristic
1853890222,Checkers,0,GAME_OVER,27,26,2,1239,1,RandomPlayerConfig,1,2,2,MCTS_CheckersHeuristic
-768191818,Checkers,0,GAME_OVER,23,22,2,1240,1,RandomPlayerConfig,1,2,2,MCTS_CheckersHeuristic
-925159070,Checkers,0,GAME_OVER,25,24,2,1241,1,RandomPlayerConfig,1,2,2,MCTS_CheckersHeuristic
647740191,Checkers,0,GAME_OVER,28,27,2,1242,1,RandomPlayerConfig,1,2,2,MCTS_CheckersHeuristic
-256506969,Checkers,0,GAME_OVER,26,25,2,1243,1,RandomPlayerConfig,1,2,2,MCTS_CheckersHeuristic
799218526,Checkers,0,GAME_OVER,28,27,2,1244,1,RandomPlayerConfig,1,2,2,MCTS_CheckersHeuristic
1389290977,Checkers,0,GAME_OVER,25,24,2,1245,1,RandomPlayerConfig,1,2,2,MCTS_CheckersHeuristic
-1973474088,Checkers,0,GAME_OVER,22,21,2,1246,1,RandomPlayerConfig,1,2,2,MCTS_CheckersHeuristic
-1239917172,Checkers,0,GAME_OVER,23,22,2,1247,1,RandomPlayerConfig,1,2,2,MCTS_CheckersHeuristic
-1585845909,Checkers,0,GAME_OVER,26,25,2,1248,1,RandomPlayerConfig,1,2,2,MCTS_CheckersHeuristic
2109815301,Checkers,0,GAME_OVER,24,23,2,1249,1,RandomPlayerConfig,1,2,2,MCTS_CheckersHeuristic
-1548426104,Checkers,0,GAME_OVER,25,24,2,1250,1,RandomPlayerConfig,1,2,2,MCTS_CheckersHeuristic
673240843,Checkers,0,GAME_OVER,28,27,2,1251,1,RandomPlayerConfig,1,2,2,MCTS_CheckersHeuristic
2028268486,Checkers,0,GAME_OVER,23,22,2,1252,1,RandomPlayerConfig,1,2,2,MCTS_CheckersHeuristic
-1142717494,Checkers,0,GAME_OVER,28,27,2,1253,1,RandomPlayerConfig,1,2,2,MCTS_CheckersHeuristic
-911691237,Checkers,0,GAME_OVER,20,19,2,1254,1,RandomPlayerConfig,1,2,2,MCTS_CheckersHeuristic
-1529670036,Checkers,0,GAME_OVER,28,27,2,1255,1,RandomPlayerConfig,1,2,2,MCTS_CheckersHeuristic
882974999,Checkers,0,GAME_OVER,23,22,2,1256,1,RandomPlayerConfig,1,2,2,MCTS_CheckersHeuristic
1246447496,Checkers,0,GAME_OVER,28,27,2,1257,1,RandomPlayerConfig,1,2,2,MCTS_CheckersHeuristic
-709681705,Checkers,0,GAME_OVER,29,28,2,1258,1,RandomPlayerConfig,1,2,2,MCTS_CheckersHeuristic
919688677,Checkers,0,GAME_OVER,30,29,2,1259,1,RandomPlayerConfig,1,2,2,MCTS_CheckersHeuristic
-1475433589,Checkers,0,GAME_OVER,22,21,2,1260,1,RandomPlayerConfig,1,2,2,MCTS_CheckersHeuristic
-1361577368,Checkers,0,GAME_OVER,26,25,2,1261,1,RandomPlayerConfig,1,2,2,MCTS_CheckersHeuristic
103902145,Checkers,0,GAME_OVER,25,24,2,1262,1,RandomPlayerConfig,1,2,2,MCTS_CheckersHeuristic
-1380864723,Checkers,0,GAME_OVER,27,26,2,1263,1,RandomPlayerConfig,1,2,2,MCTS_CheckersHeuristic
604773592,Checkers,0,GAME_OVER,22,21,2,1264,1,RandomPlayerConfig,1,2,2,MCTS_CheckersHeuristic
-1349650412,Checkers,0,GAME_OVER,21,20,2,1265,1,RandomPlayerConfig,1,2,2,MCTS_CheckersHeuristic
-1563430592,Checkers,0,GAME_OVER,29,28,2,1266,1,RandomPlayerConfig,1,2,2,MCTS_CheckersHeuristic
1399185486,Checkers,0,GAME_OVER,26,25,2,1267,1,RandomPlayerConfig,1,2,2,MCTS_CheckersHeuristic
2070675069,Checkers,0,GAME_OVER,25,24,2,1268,1,RandomPlayerConfig,1,2,2,MCTS_CheckersHeuristic
1740545965,Checkers,0,GAME_OVER,26,25,2,1269,1,RandomPlayerConfig,1,2,2,MCTS_CheckersHeuristic
1368498432,Checkers,0,GAME_OVER,21,20,2,1270,1,RandomPlayerConfig,1,2,2,MCTS_CheckersHeuristic
-1773090881,Checkers,0,GAME_OVER,27,26,2,1271,1,RandomPlayerConfig,1,2,2,MCTS_CheckersHeuristic
-201057714,Checkers,0,GAME_OVER,34,33,2,1272,1,RandomPlayerConfig,1,2,2,MCTS_CheckersHeuristic
-127874046,Checkers,0,GAME_OVER,22,21,2,1273,1,RandomPlayerConfig,1,2,2,MCTS_CheckersHeuristic
-1872105191,Checkers,0,GAME_OVER,28,27,2,1274,1,RandomPlayerConfig,1,2,2,MCTS_CheckersHeuristic
1975625137,Checkers,0,GAME_OVER,23,22,2,1275,1,RandomPlayerConfig,1,2,2,MCTS_CheckersHeuristic
-951433425,Checkers,0,GAME_OVER,28,27,2,1276,1,RandomPlayerConfig,1,2,2,MCTS_CheckersHeuristic
-411297027,Checkers,0,GAME_OVER,28,27,2,1277,1,RandomPlayerConfig,1,2,2,MCTS_CheckersHeuristic
789348207,Checkers,0,GAME_OVER,24,23,2,1278,1,RandomPlayerConfig,1,2,2,MCTS_CheckersHeuristic
826211497,Checkers,0,GAME_OVER,25,24,2,1279,1,RandomPlayerConfig,1,2,2,MCTS_CheckersHeuristic
711638559,Checkers,0,GAME_OVER,29,28,2,1280,1,RandomPlayerConfig,1,2,2,MCTS_CheckersHeuristic
2042411104,Checkers,0,GAME_OVER,28,27,2,1281,1,RandomPlayerConfig,1,2,2,MCTS_CheckersHeuristic
820516955,Checkers,0,GAME_OVER,25,24,2,1282,1,RandomPlayerConfig,1,2,2,MCTS_CheckersHeuristic
1603255118,Checkers,0,GAME_OVER,23,22,2,1283,1,RandomPlayerConfig,1,2,2,MCTS_CheckersHeuristic
-1711260808,Checkers,0,GAME_OVER,28,27,2,1284,1,RandomPlayerConfig,1,2,2,MCTS_CheckersHeuristic
7118769,Checkers,0,GAME_OVER,27,26,2,1285,1,RandomPlayerConfig,1,2,2,MCTS_CheckersHeuristic
1450771338,Checkers,0,GAME_OVER,23,22,2,1286,1,RandomPlayerConfig,1,2,2,MCTS_CheckersHeuristic
-234172028,Checkers,0,GAME_OVER,21,20,2,1287,1,RandomPlayerConfig,1,2,2,MCTS_CheckersHeuristic
-1990823820,Checkers,0,GAME_OVER,29,28,2,1288,1,RandomPlayerConfig,1,2,2,MCTS_CheckersHeuristic
1214941555,Checkers,0,GAME_OVER,24,23,2,1289,1,RandomPlayerConfig,1,2,2,MCTS_CheckersHeuristic
-109528283,Checkers,0,GAME_OVER,29,28,2,1290,1,RandomPlayerConfig,1,2,2,MCTS_CheckersHeuristic
-526220616,Checkers,0,GAME_OVER,23,22,2,1291,1,RandomPlayerConfig,1,2,2,MCTS_CheckersHeuristic
-1935439629,Checkers,0,GAME_OVER,18,17,2,1292,1,RandomPlayerConfig,1,2,2,MCTS_CheckersHeuristic
-1954154602,Checkers,0,GAME_OVER,22,21,2,1293,1,RandomPlayerConfig,1,2,2,MCTS_CheckersHeuristic
-1758498510,Checkers,0,GAME_OVER,24,23,2,1294,1,RandomPlayerConfig,1,2,2,MCTS_CheckersHeuristic
-56489603,Checkers,0,GAME_OVER,24,23,2,1295,1,RandomPlayerConfig,1,2,2,MCTS_CheckersHeuristic
-1725052550,Checkers,0,GAME_OVER,37,36,2,1296,1,RandomPlayerConfig,1,2,2,MCTS_CheckersHeuristic
-1339353809,Checkers,0,GAME_OVER,30,29,2,1297,1,RandomPlayerConfig,1,2,2,MCTS_CheckersHeuristic
-1450309831,Checkers,0,GAME_OVER,26,25,2,1298,1,RandomPlayerConfig,1,2,2,MCTS_CheckersHeuristic
946430040,Checkers,0,GAME_OVER,28,27,2,1299,1,RandomPlayerConfig,1,2,2,MCTS_CheckersHeuristic
1109297534,Checkers,0,GAME_OVER,26,25,2,1300,1,RandomPlayerConfig,1,2,2,MCTS_CheckersHeuristic
1790991723,Checkers,0,GAME_OVER,23,22,2,1301,1,RandomPlayerConfig,1,2,2,MCTS_CheckersHeuristic
-2130879446,Checkers,0,GAME_OVER,29,28,2,1302,1,RandomPlayerConfig,1,2,2,MCTS_CheckersHeuristic
719078359,Checkers,0,GAME_OVER,22,21,2,1303,1,RandomPlayerConfig,1,2,2,MCTS_CheckersHeuristic
-1391194653,Checkers,0,GAME_OVER,25,24,2,1304,1,RandomPlayerConfig,1,2,2,MCTS_CheckersHeuristic
1405304257,Checkers,0,GAME_OVER,23,22,2,1305,1,RandomPlayerConfig,1,2,2,MCTS_CheckersHeuristic
138024061,Checkers,0,GAME_OVER,26,25,2,1306,1,RandomPlayerConfig,1,2,2,MCTS_CheckersHeuristic
-1560886809,Checkers,0,GAME_OVER,27,26,2,1307,1,RandomPlayerConfig,1,2,2,MCTS_CheckersHeuristic
-627570753,Checkers,0,GAME_OVER,31,30,2,1308,1,RandomPlayerConfig,1,2,2,MCTS_CheckersHeuristic
214968166,Checkers,0,GAME_OVER,27,26,2,1309,1,RandomPlayerConfig,1,2,2,MCTS_CheckersHeuristic
2002927771,Checkers,0,GAME_OVER,31,30,2,1310,1,RandomPlayerConfig,1,2,2,MCTS_CheckersHeuristic
1145760359,Checkers,0,GAME_OVER,26,25,2,1311,1,RandomPlayerConfig,1,2,2,MCTS_CheckersHeuristic
1421392738,Checkers,0,GAME_OVER,23,22,2,1312,1,RandomPlayerConfig,1,2,2,MCTS_CheckersHeuristic
-1600797690,Checkers,0,GAME_OVER,23,22,2,1313,1,RandomPlayerConfig,1,2,2,MCTS_CheckersHeuristic
1573684604,Checkers,0,GAME_OVER,26,25,2,1314,1,RandomPlayerConfig,1,2,2,MCTS_CheckersHeuristic
-1253018376,Checkers,0,GAME_OVER,28,27,2,1315,1,RandomPlayerConfig,1,2,2,MCTS_CheckersHeuristic
761205658,Checkers,0,GAME_OVER,29,28,2,1316,1,RandomPlayerConfig,1,2,2,MCTS_CheckersHeuristic
-579190352,Checkers,0,GAME_OVER,23,22,2,1317,1,RandomPlayerConfig,1,2,2,MCTS_CheckersHeuristic
1503046544,Checkers,0,GAME_OVER,29,28,2,1318,1,RandomPlayerConfig,1,2,2,MCTS_CheckersHeuristic
1302884374,Checkers,0,GAME_OVER,26,25,2,1319,1,RandomPlayerConfig,1,2,2,MCTS_CheckersHeuristic
-1092868814,Checkers,0,GAME_OVER,20,19,2,1320,1,RandomPlayerConfig,1,2,2,MCTS_CheckersHeuristic
733276689,Checkers,0,GAME_OVER,25,24,2,1321,1,RandomPlayerConfig,1,2,2,MCTS_CheckersHeuristic
-1168918557,Checkers,0,GAME_OVER,32,31,2,1322,1,RandomPlayerConfig,1,2,2,MCTS_CheckersHeuristic
704925036,Checkers,0,GAME_OVER,24,23,2,1323,1,RandomPlayerConfig,1,2,2,MCTS_CheckersHeuristic
-271784260,Checkers,0,GAME_OVER,22,21,2,1324,1,RandomPlayerConfig,1,2,2,MCTS_CheckersHeuristic
1829599460,Checkers,0,GAME_OVER,26,25,2,1325,1,RandomPlayerConfig,1,2,2,MCTS_CheckersHeuristic
-132123781,Checkers,0,GAME_OVER,29,28,2,1326,1,RandomPlayerConfig,1,2,2,MCTS_CheckersHeuristic
1719721827,Checkers,0,GAME_OVER,25,24,2,1327,1,RandomPlayerConfig,1,2,2,MCTS_CheckersHeuristic
-400875376,Checkers,0,GAME_OVER,24,23,2,1328,1,RandomPlayerConfig,1,2,2,MCTS_CheckersHeuristic
-1584011863,Checkers,0,GAME_OVER,21,20,2,1329,1,RandomPlayerConfig,1,2,2,MCTS_CheckersHeuristic
-874281724,Checkers,0,GAME_OVER,23,22,2,1330,1,RandomPlayerConfig,1,2,2,MCTS_CheckersHeuristic
607853563,Checkers,0,GAME_OVER,25,24,2,1331,1,RandomPlayerConfig,1,2,2,MCTS_CheckersHeuristic
-1949378284,Checkers,0,GAME_OVER,43,42,2,1332,1,RandomPlayerConfig,1,2,2,MCTS_CheckersHeuristic
550147220,Checkers,0,GAME_OVER,25,24,2,1333,1,RandomPlayerConfig,1,2,2,MCTS_CheckersHeuristic
653426863,Checkers,0,GAME_OVER,22,21,2,1334,1,RandomPlayerConfig,1,2,2,MCTS_CheckersHeuristic
619559134,Checkers,0,GAME_OVER,22,21,2,1335,1,RandomPlayerConfig,1,2,2,MCTS_CheckersHeuristic
-1848393412,Checkers,0,GAME_OVER,33,32,2,1336,1,RandomPlayerConfig,1,2,2,MCTS_CheckersHeuristic
751837896,Checkers,0,GAME_OVER,25,24,2,1337,1,RandomPlayerConfig,1,2,2,MCTS_CheckersHeuristic
-1044147626,Checkers,0,GAME_OVER,22,21,2,1338,1,RandomPlayerConfig,1,2,2,MCTS_CheckersHeuristic
-1128008526,Checkers,0,GAME_OVER,28,27,2,1339,1,RandomPlayerConfig,1,2,2,MCTS_CheckersHeuristic
1292526932,Checkers,0,GAME_OVER,26,25,2,1340,1,RandomPlayerConfig,1,2,2,MCTS_CheckersHeuristic
-314228284,Checkers,0,GAME_OVER,26,25,2,1341,1,RandomPlayerConfig,1,2,2,MCTS_CheckersHeuristic
1499768291,Checkers,0,GAME_OVER,45,44,2,1342,1,RandomPlayerConfig,1,2,2,MCTS_CheckersHeuristic
-1065410130,Checkers,0,GAME_OVER,22,21,2,1343,1,RandomPlayerConfig,1,2,2,MCTS_CheckersHeuristic
-449501699,Checkers,0,GAME_OVER,23,22,2,1344,1,RandomPlayerConfig,1,2,2,MCTS_CheckersHeuristic
-1684908515,Checkers,0,GAME_OVER,23,22,2,1345,1,RandomPlayerConfig,1,2,2,MCTS_CheckersHeuristic
2078749170,Checkers,0,GAME_OVER,25,24,2,1346,1,RandomPlayerConfig,1,2,2,MCTS_CheckersHeuristic
-506346129,Checkers,0,GAME_OVER,22,21,2,1347,1,RandomPlayerConfig,1,2,2,MCTS_CheckersHeuristic
-1211286156,Checkers,0,GAME_OVER,23,22,2,1348,1,RandomPlayerConfig,1,2,2,MCTS_CheckersHeuristic
-217592467,Checkers,0,GAME_OVER,33,32,2,1349,1,RandomPlayerConfig,1,2,2,MCTS_CheckersHeuristic
1534331061,Checkers,0,GAME_OVER,28,27,2,1350,1,RandomPlayerConfig,1,2,2,MCTS_CheckersHeuristic
-1498652148,Checkers,0,GAME_OVER,26,25,2,1351,1,RandomPlayerConfig,1,2,2,MCTS_CheckersHeuristic
1456231706,Checkers,0,GAME_OVER,30,29,2,1352,1,RandomPlayerConfig,1,2,2,MCTS_CheckersHeuristic
381116299,Checkers,0,GAME_OVER,29,28,2,1353,1,RandomPlayerConfig,1,2,2,MCTS_CheckersHeuristic
273732376,Checkers,0,GAME_OVER,27,26,2,1354,1,RandomPlayerConfig,1,2,2,MCTS_CheckersHeuristic
795163751,Checkers,0,GAME_OVER,22,21,2,1355,1,RandomPlayerConfig,1,2,2,MCTS_CheckersHeuristic
1362849584,Checkers,0,GAME_OVER,25,24,2,1356,1,RandomPlayerConfig,1,2,2,MCTS_CheckersHeuristic
-721178884,Checkers,0,GAME_OVER,24,23,2,1357,1,RandomPlayerConfig,1,2,2,MCTS_CheckersHeuristic
-367027675,Checkers,0,GAME_OVER,28,27,2,1358,1,RandomPlayerConfig,1,2,2,MCTS_CheckersHeuristic
1147515846,Checkers,0,GAME_OVER,28,27,2,1359,1,RandomPlayerConfig,1,2,2,MCTS_CheckersHeuristic
-685758239,Checkers,0,GAME_OVER,25,24,2,1360,1,RandomPlayerConfig,1,2,2,MCTS_CheckersHeuristic
-257622872,Checkers,0,GAME_OVER,25,24,2,1361,1,RandomPlayerConfig,1,2,2,MCTS_CheckersHeuristic
-2109537624,Checkers,0,GAME_OVER,29,28,2,1362,1,RandomPlayerConfig,1,2,2,MCTS_CheckersHeuristic
1805450913,Checkers,0,GAME_OVER,28,27,2,1363,1,RandomPlayerConfig,1,2,2,MCTS_CheckersHeuristic
-596797307,Checkers,0,GAME_OVER,43,42,2,1364,1,RandomPlayerConfig,1,2,2,MCTS_CheckersHeuristic
1201201872,Checkers,0,GAME_OVER,33,32,2,1365,1,RandomPlayerConfig,1,2,2,MCTS_CheckersHeuristic
-1562894570,Checkers,0,GAME_OVER,26,25,2,1366,1,RandomPlayerConfig,1,2,2,MCTS_CheckersHeuristic
-375299907,Checkers,0,GAME_OVER,21,20,2,1367,1,RandomPlayerConfig,1,2,2,MCTS_CheckersHeuristic
-1657910237,Checkers,0,GAME_OVER,27,26,2,1368,1,RandomPlayerConfig,1,2,2,MCTS_CheckersHeuristic
-312587457,Checkers,0,GAME_OVER,30,29,2,1369,1,RandomPlayerConfig,1,2,2,MCTS_CheckersHeuristic
1633745834,Checkers,0,GAME_OVER,26,25,2,1370,1,RandomPlayerConfig,1,2,2,MCTS_CheckersHeuristic
-1083822471,Checkers,0,GAME_OVER,23,22,2,1371,1,RandomPlayerConfig,1,2,2,MCTS_CheckersHeuristic
342961208,Checkers,0,GAME_OVER,31,30,2,1372,1,RandomPlayerConfig,1,2,2,MCTS_CheckersHeuristic
-1505880897,Checkers,0,GAME_OVER,25,24,2,1373,1,RandomPlayerConfig,1,2,2,MCTS_CheckersHeuristic
4802768,Checkers,0,GAME_OVER,25,24,2,1374,1,RandomPlayerConfig,1,2,2,MCTS_CheckersHeuristic
-1392627353,Checkers,0,GAME_OVER,26,25,2,1375,1,RandomPlayerConfig,1,2,2,MCTS_CheckersHeuristic
-539277642,Checkers,0,GAME_OVER,27,26,2,1376,1,RandomPlayerConfig,1,2,2,MCTS_CheckersHeuristic
1752439758,Checkers,0,GAME_OVER,28,27,2,1377,1,RandomPlayerConfig,1,2,2,MCTS_CheckersHeuristic
-383727673,Checkers,0,GAME_OVER,27,26,2,1378,1,RandomPlayerConfig,1,2,2,MCTS_CheckersHeuristic
-1723383266,Checkers,0,GAME_OVER,25,24,2,1379,1,RandomPlayerConfig,1,2,2,MCTS_CheckersHeuristic
928826959,Checkers,0,GAME_OVER,26,25,2,1380,1,RandomPlayerConfig,1,2,2,MCTS_CheckersHeuristic
1427348113,Checkers,0,GAME_OVER,22,21,2,1381,1,RandomPlayerConfig,1,2,2,MCTS_CheckersHeuristic
-520266367,Checkers,0,GAME_OVER,28,27,2,1382,1,RandomPlayerConfig,1,2,2,MCTS_CheckersHeuristic
517286733,Checkers,0,GAME_OVER,25,24,2,1383,1,RandomPlayerConfig,1,2,2,MCTS_CheckersHeuristic
-1549297166,Checkers,0,GAME_OVER,22,21,2,1384,1,RandomPlayerConfig,1,2,2,MCTS_CheckersHeuristic
-390261751,Checkers,0,GAME_OVER,22,21,2,1385,1,RandomPlayerConfig,1,2,2,MCTS_CheckersHeuristic
590409677,Checkers,0,GAME_OVER,22,21,2,1386,1,RandomPlayerConfig,1,2,2,MCTS_CheckersHeuristic
1698638355,Checkers,0,GAME_OVER,27,26,2,1387,1,RandomPlayerConfig,1,2,2,MCTS_CheckersHeuristic
1256886421,Checkers,0,GAME_OVER,27,26,2,1388,1,RandomPlayerConfig,1,2,2,MCTS_CheckersHeuristic
1391148676,Checkers,0,GAME_OVER,24,23,2,1389,1,RandomPlayerConfig,1,2,2,MCTS_CheckersHeuristic
1654485175,Checkers,0,GAME_OVER,35,34,2,1390,1,RandomPlayerConfig,1,2,2,MCTS_CheckersHeuristic
1817485198,Checkers,0,GAME_OVER,26,25,2,1391,1,RandomPlayerConfig,1,2,2,MCTS_CheckersHeuristic
1513876789,Checkers,0,GAME_OVER,25,24,2,1392,1,RandomPlayerConfig,1,2,2,MCTS_CheckersHeuristic
83861845,Checkers,0,GAME_OVER,26,25,2,1393,1,RandomPlayerConfig,1,2,2,MCTS_CheckersHeuristic
-2118927314,Checkers,0,GAME_OVER,21,20,2,1394,1,RandomPlayerConfig,1,2,2,MCTS_CheckersHeuristic
-369965134,Checkers,0,GAME_OVER,21,20,2,1395,1,RandomPlayerConfig,1,2,2,MCTS_CheckersHeuristic
-548751590,Checkers,0,GAME_OVER,21,20,2,1396,1,RandomPlayerConfig,1,2,2,MCTS_CheckersHeuristic
-1483810362,Checkers,0,GAME_OVER,24,23,2,1397,1,RandomPlayerConfig,1,2,2,MCTS_CheckersHeuristic
-1294980121,Checkers,0,GAME_OVER,26,25,2,1398,1,RandomPlayerConfig,1,2,2,MCTS_CheckersHeuristic
1283361115,Checkers,0,GAME_OVER,25,24,2,1399,1,RandomPlayerConfig,1,2,2,MCTS_CheckersHeuristic
1906199135,Checkers,0,GAME_OVER,26,25,2,1400,1,RandomPlayerConfig,1,2,2,MCTS_CheckersHeuristic
-134759603,Checkers,0,GAME_OVER,27,26,2,1401,1,RandomPlayerConfig,1,2,2,MCTS_CheckersHeuristic
1634390178,Checkers,0,GAME_OVER,27,26,2,1402,1,RandomPlayerConfig,1,2,2,OSLA
1980696938,Checkers,0,GAME_OVER,30,29,2,1403,1,RandomPlayerConfig,1,2,2,OSLA
1433263383,Checkers,0,GAME_OVER,33,32,2,1404,1,RandomPlayerConfig,1,2,2,OSLA
-906895919,Checkers,0,GAME_OVER,31,30,2,1405,1,RandomPlayerConfig,1,2,2,OSLA
-304834404,Checkers,0,GAME_OVER,32,31,2,1406,1,RandomPlayerConfig,1,2,2,OSLA
-1177143619,Checkers,0,GAME_OVER,47,46,2,1407,1,RandomPlayerConfig,1,2,2,OSLA
1235789652,Checkers,0,GAME_OVER,41,40,2,1408,1,RandomPlayerConfig,1,2,2,OSLA
-943454790,Checkers,0,GAME_OVER,30,29,2,1409,1,RandomPlayerConfig,1,2,2,OSLA
-61265526,Checkers,0,GAME_OVER,32,31,2,1410,1,RandomPlayerConfig,1,2,2,OSLA
-1569090718,Checkers,0,GAME_OVER,31,30,2,1411,1,RandomPlayerConfig,1,2,2,OSLA
-1018937342,Checkers,0,GAME_OVER,24,23,2,1412,1,RandomPlayerConfig,1,2,2,OSLA
49071466,Checkers,0,GAME_OVER,29,28,2,1413,1,RandomPlayerConfig,1,2,2,OSLA
-1459259571,Checkers,0,GAME_OVER,27,26,2,1414,1,RandomPlayerConfig,1,2,2,OSLA
18458152,Checkers,0,GAME_OVER,25,24,2,1415,1,RandomPlayerConfig,1,2,2,OSLA
871169150,Checkers,0,GAME_OVER,23,22,2,1416,1,RandomPlayerConfig,1,2,2,OSLA
-1997601845,Checkers,0,GAME_OVER,22,21,2,1417,1,RandomPlayerConfig,1,2,2,OSLA
460294138,Checkers,0,GAME_OVER,28,27,2,1418,1,RandomPlayerConfig,1,2,2,OSLA
1348459206,Checkers,0,GAME_OVER,22,21,2,1419,1,RandomPlayerConfig,1,2,2,OSLA
1259708220,Checkers,0,GAME_OVER,25,24,2,1420,1,RandomPlayerConfig,1,2,2,OSLA
1348238929,Checkers,0,GAME_OVER,31,30,2,1421,1,RandomPlayerConfig,1,2,2,OSLA
1500200122,Checkers,0,GAME_OVER,21,20,2,1422,1,RandomPlayerConfig,1,2,2,OSLA
-1037770008,Checkers,0,GAME_OVER,30,29,2,1423,1,RandomPlayerConfig,1,2,2,OSLA
393651539,Checkers,0,GAME_OVER,25,24,2,1424,1,RandomPlayerConfig,1,2,2,OSLA
-916561366,Checkers,0,GAME_OVER,26,25,2,1425,1,RandomPlayerConfig,1,2,2,OSLA
-557300495,Checkers,0,GAME_OVER,23,22,2,1426,1,RandomPlayerConfig,1,2,2,OSLA
-520907637,Checkers,0,GAME_OVER,21,20,2,1427,1,RandomPlayerConfig,1,2,2,OSLA
754346046,Checkers,0,GAME_OVER,26,25,2,1428,1,RandomPlayerConfig,1,2,2,OSLA
-1466841933,Checkers,0,GAME_OVER,29,28,2,1429,1,RandomPlayerConfig,1,2,2,OSLA
-1269194847,Checkers,0,GAME_OVER,63,62,2,1430,1,RandomPlayerConfig,1,2,2,OSLA
480958858,Checkers,0,GAME_OVER,29,28,2,1431,1,RandomPlayerConfig,1,2,2,OSLA
927668192,Checkers,0,GAME_OVER,27,26,2,1432,1,RandomPlayerConfig,1,2,2,OSLA
-800149714,Checkers,0,GAME_OVER,29,28,2,1433,1,RandomPlayerConfig,1,2,2,OSLA
2041138960,Checkers,0,GAME_OVER,23,22,2,1434,1,RandomPlayerConfig,1,2,2,OSLA
848725111,Checkers,0,GAME_OVER,23,22,2,1435,1,RandomPlayerConfig,1,2,2,OSLA
-1489776440,Checkers,0,GAME_OVER,26,25,2,1436,1,RandomPlayerConfig,1,2,2,OSLA
-626544206,Checkers,0,GAME_OVER,44,43,2,1437,1,RandomPlayerConfig,1,2,2,OSLA
-708762967,Checkers,0,GAME_OVER,32,31,2,1438,1,RandomPlayerConfig,1,2,2,OSLA
1853890222,Checkers,0,GAME_OVER,44,43,2,1439,1,RandomPlayerConfig,1,2,2,OSLA
-768191818,Checkers,0,GAME_OVER,20,19,2,1440,1,RandomPlayerConfig,1,2,2,OSLA
-925159070,Checkers,0,GAME_OVER,30,29,2,1441,1,RandomPlayerConfig,1,2,2,OSLA
647740191,Checkers,0,GAME_OVER,30,29,2,1442,1,RandomPlayerConfig,1,2,2,OSLA
-256506969,Checkers,0,GAME_OVER,26,25,2,1443,1,RandomPlayerConfig,1,2,2,OSLA
799218526,Checkers,0,GAME_OVER,27,26,2,1444,1,RandomPlayerConfig,1,2,2,OSLA
1389290977,Checkers,0,GAME_OVER,33,32,2,1445,1,RandomPlayerConfig,1,2,2,OSLA
-1973474088,Checkers,0,GAME_OVER,28,27,2,1446,1,RandomPlayerConfig,1,2,2,OSLA
-1239917172,Checkers,0,GAME_OVER,23,22,2,1447,1,RandomPlayerConfig,1,2,2,OSLA
-1585845909,Checkers,0,GAME_OVER,26,25,2,1448,1,RandomPlayerConfig,1,2,2,OSLA
2109815301,Checkers,0,GAME_OVER,22,21,2,1449,1,RandomPlayerConfig,1,2,2,OSLA
-1548426104,Checkers,0,GAME_OVER,27,26,2,1450,1,RandomPlayerConfig,1,2,2,OSLA
673240843,Checkers,0,GAME_OVER,26,25,2,1451,1,RandomPlayerConfig,1,2,2,OSLA
2028268486,Checkers,0,GAME_OVER,23,22,2,1452,1,RandomPlayerConfig,1,2,2,OSLA
-1142717494,Checkers,0,GAME_OVER,24,23,2,1453,1,RandomPlayerConfig,1,2,2,OSLA
-911691237,Checkers,0,GAME_OVER,23,22,2,1454,1,RandomPlayerConfig,1,2,2,OSLA
-1529670036,Checkers,0,GAME_OVER,36,35,2,1455,1,RandomPlayerConfig,1,2,2,OSLA
882974999,Checkers,0,GAME_OVER,24,23,2,1456,1,RandomPlayerConfig,1,2,2,OSLA
1246447496,Checkers,0,GAME_OVER,26,25,2,1457,1,RandomPlayerConfig,1,2,2,OSLA
-709681705,Checkers,0,GAME_OVER,24,23,2,1458,1,RandomPlayerConfig,1,2,2,OSLA
919688677,Checkers,0,GAME_OVER,32,31,2,1459,1,RandomPlayerConfig,1,2,2,OSLA
-1475433589,Checkers,0,GAME_OVER,21,20,2,1460,1,RandomPlayerConfig,1,2,2,OSLA
-1361577368,Checkers,0,GAME_OVER,22,21,2,1461,1,RandomPlayerConfig,1,2,2,OSLA
103902145,Checkers,0,GAME_OVER,38,37,2,1462,1,RandomPlayerConfig,1,2,2,OSLA
-1380864723,Checkers,0,GAME_OVER,24,23,2,1463,1,RandomPlayerConfig,1,2,2,OSLA
604773592,Checkers,0,GAME_OVER,21,20,2,1464,1,RandomPlayerConfig,1,2,2,OSLA
-1349650412,Checkers,0,GAME_OVER,25,24,2,1465,1,RandomPlayerConfig,1,2,2,OSLA
-1563430592,Checkers,0,GAME_OVER,28,27,2,1466,1,RandomPlayerConfig,1,2,2,OSLA
1399185486,Checkers,0,GAME_OVER,29,28,2,1467,1,RandomPlayerConfig,1,2,2,OSLA
2070675069,Checkers,0,GAME_OVER,26,25,2,1468,1,RandomPlayerConfig,1,2,2,OSLA
1740545965,Checkers,0,GAME_OVER,27,26,2,1469,1,RandomPlayerConfig,1,2,2,OSLA
1368498432,Checkers,0,GAME_OVER,21,20,2,1470,1,RandomPlayerConfig,1,2,2,OSLA
-1773090881,Checkers,0,GAME_OVER,28,27,2,1471,1,RandomPlayerConfig,1,2,2,OSLA
-201057714,Checkers,0,GAME_OVER,25,24,2,1472,1,RandomPlayerConfig,1,2,2,OSLA
-127874046,Checkers,0,GAME_OVER,26,25,2,1473,1,RandomPlayerConfig,1,2,2,OSLA
-1872105191,Checkers,0,GAME_OVER,27,26,2,1474,1,RandomPlayerConfig,1,2,2,OSLA
1975625137,Checkers,0,GAME_OVER,22,21,2,1475,1,RandomPlayerConfig,1,2,2,OSLA
-951433425,Checkers,0,GAME_OVER,23,22,2,1476,1,RandomPlayerConfig,1,2,2,OSLA
-411297027,Checkers,0,GAME_OVER,30,29,2,1477,1,RandomPlayerConfig,1,2,2,OSLA
789348207,Checkers,0,GAME_OVER,25,24,2,1478,1,RandomPlayerConfig,1,2,2,OSLA
826211497,Checkers,0,GAME_OVER,27,26,2,1479,1,RandomPlayerConfig,1,2,2,OSLA
711638559,Checkers,0,GAME_OVER,28,27,2,1480,1,RandomPlayerConfig,1,2,2,OSLA
2042411104,Checkers,0,GAME_OVER,26,25,2,1481,1,RandomPlayerConfig,1,2,2,OSLA
820516955,Checkers,0,GAME_OVER,27,26,2,1482,1,RandomPlayerConfig,1,2,2,OSLA
1603255118,Checkers,0,GAME_OVER,33,32,2,1483,1,RandomPlayerConfig,1,2,2,OSLA
-1711260808,Checkers,0,GAME_OVER,27,26,2,1484,1,RandomPlayerConfig,1,2,2,OSLA
7118769,Checkers,0,GAME_OVER,38,37,2,1485,2,RandomPlayerConfig,2,1,1,OSLA
1450771338,Checkers,0,GAME_OVER,27,26,2,1486,1,RandomPlayerConfig,1,2,2,OSLA
-234172028,Checkers,0,GAME_OVER,40,39,2,1487,1,RandomPlayerConfig,1,2,2,OSLA
-1990823820,Checkers,0,GAME_OVER,25,24,2,1488,1,RandomPlayerConfig,1,2,2,OSLA
1214941555,Checkers,0,GAME_OVER,36,35,2,1489,1,RandomPlayerConfig,1,2,2,OSLA
-109528283,Checkers,0,GAME_OVER,28,27,2,1490,1,RandomPlayerConfig,1,2,2,OSLA
-526220616,Checkers,0,GAME_OVER,38,37,2,1491,1,RandomPlayerConfig,1,2,2,OSLA
-1935439629,Checkers,0,GAME_OVER,27,26,2,1492,1,RandomPlayerConfig,1,2,2,OSLA
-1954154602,Checkers,0,GAME_OVER,26,25,2,1493,1,RandomPlayerConfig,1,2,2,OSLA
-1758498510,Checkers,0,GAME_OVER,29,28,2,1494,1,RandomPlayerConfig,1,2,2,OSLA
-56489603,Checkers,0,GAME_OVER,29,28,2,1495,1,RandomPlayerConfig,1,2,2,OSLA
-1725052550,Checkers,0,GAME_OVER,23,22,2,1496,1,RandomPlayerConfig,1,2,2,OSLA
-1339353809,Checkers,0,GAME_OVER,25,24,2,1497,1,RandomPlayerConfig,1,2,2,OSLA
-1450309831,Checkers,0,GAME_OVER,28,27,2,1498,1,RandomPlayerConfig,1,2,2,OSLA
946430040,Checkers,0,GAME_OVER,29,28,2,1499,1,RandomPlayerConfig,1,2,2,OSLA
1109297534,Checkers,0,GAME_OVER,32,31,2,1500,2,RandomPlayerConfig,2,1,1,OSLA
1790991723,Checkers,0,GAME_OVER,32,31,2,1501,1,RandomPlayerConfig,1,2,2,OSLA
-2130879446,Checkers,0,GAME_OVER,24,23,2,1502,1,RandomPlayerConfig,1,2,2,OSLA
719078359,Checkers,0,GAME_OVER,24,23,2,1503,1,RandomPlayerConfig,1,2,2,OSLA
-1391194653,Checkers,0,GAME_OVER,27,26,2,1504,1,RandomPlayerConfig,1,2,2,OSLA
1405304257,Checkers,0,GAME_OVER,29,28,2,1505,1,RandomPlayerConfig,1,2,2,OSLA
138024061,Checkers,0,GAME_OVER,30,29,2,1506,1,RandomPlayerConfig,1,2,2,OSLA
-1560886809,Checkers,0,GAME_OVER,24,23,2,1507,1,RandomPlayerConfig,1,2,2,OSLA
-627570753,Checkers,0,GAME_OVER,28,27,2,1508,1,RandomPlayerConfig,1,2,2,OSLA
214968166,Checkers,0,GAME_OVER,22,21,2,1509,1,RandomPlayerConfig,1,2,2,OSLA
2002927771,Checkers,0,GAME_OVER,26,25,2,1510,1,RandomPlayerConfig,1,2,2,OSLA
1145760359,Checkers,0,GAME_OVER,25,24,2,1511,1,RandomPlayerConfig,1,2,2,OSLA
1421392738,Checkers,0,GAME_OVER,24,23,2,1512,1,RandomPlayerConfig,1,2,2,OSLA
-1600797690,Checkers,0,GAME_OVER,23,22,2,1513,1,RandomPlayerConfig,1,2,2,OSLA
1573684604,Checkers,0,GAME_OVER,23,22,2,1514,1,RandomPlayerConfig,1,2,2,OSLA
-1253018376,Checkers,0,GAME_OVER,27,26,2,1515,1,RandomPlayerConfig,1,2,2,OSLA
761205658,Checkers,0,GAME_OVER,25,24,2,1516,1,RandomPlayerConfig,1,2,2,OSLA
-579190352,Checkers,0,GAME_OVER,31,30,2,1517,1,RandomPlayerConfig,1,2,2,OSLA
1503046544,Checkers,0,GAME_OVER,39,38,2,1518,1,RandomPlayerConfig,1,2,2,OSLA
1302884374,Checkers,0,GAME_OVER,28,27,2,1519,1,RandomPlayerConfig,1,2,2,OSLA
-1092868814,Checkers,0,GAME_OVER,21,20,2,1520,1,RandomPlayerConfig,1,2,2,OSLA
733276689,Checkers,0,GAME_OVER,26,25,2,1521,1,RandomPlayerConfig,1,2,2,OSLA
-1168918557,Checkers,0,GAME_OVER,44,43,2,1522,1,RandomPlayerConfig,1,2,2,OSLA
704925036,Checkers,0,GAME_OVER,27,26,2,1523,1,RandomPlayerConfig,1,2,2,OSLA
-271784260,Checkers,0,GAME_OVER,26,25,2,1524,1,RandomPlayerConfig,1,2,2,OSLA
1829599460,Checkers,0,GAME_OVER,26,25,2,1525,1,RandomPlayerConfig,1,2,2,OSLA
-132123781,Checkers,0,GAME_OVER,27,26,2,1526,2,RandomPlayerConfig,2,1,1,OSLA
1719721827,Checkers,0,GAME_OVER,28,27,2,1527,1,RandomPlayerConfig,1,2,2,OSLA
-400875376,Checkers,0,GAME_OVER,27,26,2,1528,1,RandomPlayerConfig,1,2,2,OSLA
-1584011863,Checkers,0,GAME_OVER,26,25,2,1529,1,RandomPlayerConfig,1,2,2,OSLA
-874281724,Checkers,0,GAME_OVER,26,25,2,1530,1,RandomPlayerConfig,1,2,2,OSLA
607853563,Checkers,0,GAME_OVER,35,34,2,1531,1,RandomPlayerConfig,1,2,2,OSLA
-1949378284,Checkers,0,GAME_OVER,26,25,2,1532,1,RandomPlayerConfig,1,2,2,OSLA
550147220,Checkers,0,GAME_OVER,25,24,2,1533,1,RandomPlayerConfig,1,2,2,OSLA
653426863,Checkers,0,GAME_OVER,25,24,2,1534,1,RandomPlayerConfig,1,2,2,OSLA
619559134,Checkers,0,GAME_OVER,35,34,2,1535,1,RandomPlayerConfig,1,2,2,OSLA
-1848393412,Checkers,0,GAME_OVER,32,31,2,1536,1,RandomPlayerConfig,1,2,2,OSLA
751837896,Checkers,0,GAME_OVER,26,25,2,1537,1,RandomPlayerConfig,1,2,2,OSLA
-1044147626,Checkers,0,GAME_OVER,25,24,2,1538,1,RandomPlayerConfig,1,2,2,OSLA
-1128008526,Checkers,0,GAME_OVER,29,28,2,1539,1,RandomPlayerConfig,1,2,2,OSLA
1292526932,Checkers,0,GAME_OVER,25,24,2,1540,1,RandomPlayerConfig,1,2,2,OSLA
-314228284,Checkers,0,GAME_OVER,37,36,2,1541,1,RandomPlayerConfig,1,2,2,OSLA
1499768291,Checkers,0,GAME_OVER,31,30,2,1542,1,RandomPlayerConfig,1,2,2,OSLA
-1065410130,Checkers,0,GAME_OVER,26,25,2,1543,1,RandomPlayerConfig,1,2,2,OSLA
-449501699,Checkers,0,GAME_OVER,30,29,2,1544,1,RandomPlayerConfig,1,2,2,OSLA
-1684908515,Checkers,0,GAME_OVER,28,27,2,1545,1,RandomPlayerConfig,1,2,2,OSLA
2078749170,Checkers,0,GAME_OVER,24,23,2,1546,1,RandomPlayerConfig,1,2,2,OSLA
-506346129,Checkers,0,GAME_OVER,39,38,2,1547,1,RandomPlayerConfig,1,2,2,OSLA
-1211286156,Checkers,0,GAME_OVER,37,36,2,1548,1,RandomPlayerConfig,1,2,2,OSLA
-217592467,Checkers,0,GAME_OVER,25,24,2,1549,1,RandomPlayerConfig,1,2,2,OSLA
1534331061,Checkers,0,GAME_OVER,33,32,2,1550,1,RandomPlayerConfig,1,2,2,OSLA
-1498652148,Checkers,0,GAME_OVER,54,53,2,1551,1,RandomPlayerConfig,1,2,2,OSLA
1456231706,Checkers,0,GAME_OVER,28,27,2,1552,1,RandomPlayerConfig,1,2,2,OSLA
381116299,Checkers,0,GAME_OVER,31,30,2,1553,1,RandomPlayerConfig,1,2,2,OSLA
273732376,Checkers,0,GAME_OVER,27,26,2,1554,1,RandomPlayerConfig,1,2,2,OSLA
795163751,Checkers,0,GAME_OVER,20,19,2,1555,1,RandomPlayerConfig,1,2,2,OSLA
1362849584,Checkers,0,GAME_OVER,32,31,2,1556,1,RandomPlayerConfig,1,2,2,OSLA
-721178884,Checkers,0,GAME_OVER,25,24,2,1557,1,RandomPlayerConfig,1,2,2,OSLA
-367027675,Checkers,0,GAME_OVER,28,27,2,1558,1,RandomPlayerConfig,1,2,2,OSLA
1147515846,Checkers,0,GAME_OVER,24,23,2,1559,1,RandomPlayerConfig,1,2,2,OSLA
-685758239,Checkers,0,GAME_OVER,25,24,2,1560,1,RandomPlayerConfig,1,2,2,OSLA
-257622872,Checkers,0,GAME_OVER,30,29,2,1561,1,RandomPlayerConfig,1,2,2,OSLA
-2109537624,Checkers,0,GAME_OVER,21,20,2,1562,1,RandomPlayerConfig,1,2,2,OSLA
1805450913,Checkers,0,GAME_OVER,26,25,2,1563,1,RandomPlayerConfig,1,2,2,OSLA
-596797307,Checkers,0,GAME_OVER,26,25,2,1564,1,RandomPlayerConfig,1,2,2,OSLA
1201201872,Checkers,0,GAME_OVER,37,36,2,1565,1,RandomPlayerConfig,1,2,2,OSLA
-1562894570,Checkers,0,GAME_OVER,31,30,2,1566,1,RandomPlayerConfig,1,2,2,OSLA
-375299907,Checkers,0,GAME_OVER,28,27,2,1567,1,RandomPlayerConfig,1,2,2,OSLA
-1657910237,Checkers,0,GAME_OVER,23,22,2,1568,1,RandomPlayerConfig,1,2,2,OSLA
-312587457,Checkers,0,GAME_OVER,32,31,2,1569,1,RandomPlayerConfig,1,2,2,OSLA
1633745834,Checkers,0,GAME_OVER,25,24,2,1570,1,RandomPlayerConfig,1,2,2,OSLA
-1083822471,Checkers,0,GAME_OVER,31,30,2,1571,1,RandomPlayerConfig,1,2,2,OSLA
342961208,Checkers,0,GAME_OVER,27,26,2,1572,1,RandomPlayerConfig,1,2,2,OSLA
-1505880897,Checkers,0,GAME_OVER,30,29,2,1573,1,RandomPlayerConfig,1,2,2,OSLA
4802768,Checkers,0,GAME_OVER,20,19,2,1574,1,RandomPlayerConfig,1,2,2,OSLA
-1392627353,Checkers,0,GAME_OVER,26,25,2,1575,1,RandomPlayerConfig,1,2,2,OSLA
-539277642,Checkers,0,GAME_OVER,54,53,2,1576,1,RandomPlayerConfig,1,2,2,OSLA
1752439758,Checkers,0,GAME_OVER,27,26,2,1577,1,RandomPlayerConfig,1,2,2,OSLA
-383727673,Checkers,0,GAME_OVER,28,27,2,1578,1,RandomPlayerConfig,1,2,2,OSLA
-1723383266,Checkers,0,GAME_OVER,31,30,2,1579,1,RandomPlayerConfig,1,2,2,OSLA
928826959,Checkers,0,GAME_OVER,33,32,2,1580,1,RandomPlayerConfig,1,2,2,OSLA
1427348113,Checkers,0,GAME_OVER,24,23,2,1581,1,RandomPlayerConfig,1,2,2,OSLA
-520266367,Checkers,0,GAME_OVER,25,24,2,1582,1,RandomPlayerConfig,1,2,2,OSLA
517286733,Checkers,0,GAME_OVER,24,23,2,1583,1,RandomPlayerConfig,1,2,2,OSLA
-1549297166,Checkers,0,GAME_OVER,27,26,2,1584,1,RandomPlayerConfig,1,2,2,OSLA
-390261751,Checkers,0,GAME_OVER,28,27,2,1585,1,RandomPlayerConfig,1,2,2,OSLA
590409677,Checkers,0,GAME_OVER,30,29,2,1586,1,RandomPlayerConfig,1,2,2,OSLA
1698638355,Checkers,0,GAME_OVER,28,27,2,1587,1,RandomPlayerConfig,1,2,2,OSLA
1256886421,Checkers,0,GAME_OVER,27,26,2,1588,1,RandomPlayerConfig,1,2,2,OSLA
1391148676,Checkers,0,GAME_OVER,25,24,2,1589,1,RandomPlayerConfig,1,2,2,OSLA
1654485175,Checkers,0,GAME_OVER,27,26,2,1590,1,RandomPlayerConfig,1,2,2,OSLA
1817485198,Checkers,0,GAME_OVER,27,26,2,1591,1,RandomPlayerConfig,1,2,2,OSLA
1513876789,Checkers,0,GAME_OVER,23,22,2,1592,1,RandomPlayerConfig,1,2,2,OSLA
83861845,Checkers,0,GAME_OVER,30,29,2,1593,1,RandomPlayerConfig,1,2,2,OSLA
-2118927314,Checkers,0,GAME_OVER,25,24,2,1594,1,RandomPlayerConfig,1,2,2,OSLA
-369965134,Checkers,0,GAME_OVER,27,26,2,1595,1,RandomPlayerConfig,1,2,2,OSLA
-548751590,Checkers,0,GAME_OVER,26,25,2,1596,1,RandomPlayerConfig,1,2,2,OSLA
-1483810362,Checkers,0,GAME_OVER,45,44,2,1597,1,RandomPlayerConfig,1,2,2,OSLA
-1294980121,Checkers,0,GAME_OVER,37,36,2,1598,1,RandomPlayerConfig,1,2,2,OSLA
1283361115,Checkers,0,GAME_OVER,27,26,2,1599,1,RandomPlayerConfig,1,2,2,OSLA
1906199135,Checkers,0,GAME_OVER,25,24,2,1600,1,RandomPlayerConfig,1,2,2,OSLA
-134759603,Checkers,0,GAME_OVER,27,26,2,1601,1,RandomPlayerConfig,1,2,2,OSLA
1634390178,Checkers,0,GAME_OVER,41,40,2,1602,1,RandomPlayerConfig,1,2,2,RandomPlayerConfig
1980696938,Checkers,0,GAME_OVER,20,19,2,1603,1,RandomPlayerConfig,1,2,2,RandomPlayerConfig
1433263383,Checkers,0,GAME_OVER,32,31,2,1604,2,RandomPlayerConfig,2,1,1,RandomPlayerConfig
-906895919,Checkers,0,GAME_OVER,38,37,2,1605,1,RandomPlayerConfig,1,2,2,RandomPlayerConfig
-304834404,Checkers,0,GAME_OVER,21,20,2,1606,1,RandomPlayerConfig,1,2,2,RandomPlayerConfig
-1177143619,Checkers,0,GAME_OVER,24,23,2,1607,1,RandomPlayerConfig,1,2,2,RandomPlayerConfig
1235789652,Checkers,0,GAME_OVER,41,40,2,1608,1,RandomPlayerConfig,1,2,2,RandomPlayerConfig
-943454790,Checkers,0,GAME_OVER,23,22,2,1609,1,RandomPlayerConfig,1,2,2,RandomPlayerConfig
-61265526,Checkers,0,GAME_OVER,53,52,2,1610,2,RandomPlayerConfig,2,1,1,RandomPlayerConfig
-1569090718,Checkers,0,GAME_OVER,27,26,2,1611,2,RandomPlayerConfig,2,1,1,RandomPlayerConfig
-1018937342,Checkers,0,GAME_OVER,59,58,2,1612,1,RandomPlayerConfig,1,2,2,RandomPlayerConfig
49071466,Checkers,0,GAME_OVER,30,29,2,1613,1,RandomPlayerConfig,1,2,2,RandomPlayerConfig
-1459259571,Checkers,0,GAME_OVER,35,34,2,1614,2,RandomPlayerConfig,2,1,1,RandomPlayerConfig
18458152,Checkers,0,GAME_OVER,23,22,2,1615,1,RandomPlayerConfig,1,2,2,RandomPlayerConfig
871169150,Checkers,0,GAME_OVER,41,40,2,1616,2,RandomPlayerConfig,2,1,1,RandomPlayerConfig
-1997601845,Checkers,0,GAME_OVER,50,49,2,1617,1,RandomPlayerConfig,1,2,2,RandomPlayerConfig
460294138,Checkers,0,GAME_OVER,59,58,2,1618,1,RandomPlayerConfig,1,2,2,RandomPlayerConfig
1348459206,Checkers,0,GAME_OVER,24,23,2,1619,2,RandomPlayerConfig,2,1,1,RandomPlayerConfig
1259708220,Checkers,0,GAME_OVER,26,25,2,1620,2,RandomPlayerConfig,2,1,1,RandomPlayerConfig
1348238929,Checkers,0,GAME_OVER,47,46,2,1621,2,RandomPlayerConfig,2,1,1,RandomPlayerConfig
1500200122,Checkers,0,GAME_OVER,44,43,2,1622,1,RandomPlayerConfig,1,2,2,RandomPlayerConfig
-1037770008,Checkers,0,GAME_OVER,22,21,2,1623,2,RandomPlayerConfig,2,1,1,RandomPlayerConfig
393651539,Checkers,0,GAME_OVER,38,37,2,1624,1,RandomPlayerConfig,1,2,2,RandomPlayerConfig
-916561366,Checkers,0,GAME_OVER,47,46,2,1625,1,RandomPlayerConfig,1,2,2,RandomPlayerConfig
-557300495,Checkers,0,GAME_OVER,27,26,2,1626,2,RandomPlayerConfig,2,1,1,RandomPlayerConfig
-520907637,Checkers,0,GAME_OVER,32,31,2,1627,2,RandomPlayerConfig,2,1,1,RandomPlayerConfig
754346046,Checkers,0,GAME_OVER,50,49,2,1628,1,RandomPlayerConfig,1,2,2,RandomPlayerConfig
-1466841933,Checkers,0,GAME_OVER,36,35,2,1629,1,RandomPlayerConfig,1,2,2,RandomPlayerConfig
-1269194847,Checkers,0,GAME_OVER,41,40,2,1630,2,RandomPlayerConfig,2,1,1,RandomPlayerConfig
480958858,Checkers,0,GAME_OVER,28,27,2,1631,2,RandomPlayerConfig,2,1,1,RandomPlayerConfig
927668192,Checkers,0,GAME_OVER,39,38,2,1632,1,RandomPlayerConfig,1,2,2,RandomPlayerConfig
-800149714,Checkers,0,GAME_OVER,24,23,2,1633,1,RandomPlayerConfig,1,2,2,RandomPlayerConfig
2041138960,Checkers,0,GAME_OVER,31,30,2,1634,1,RandomPlayerConfig,1,2,2,RandomPlayerConfig
848725111,Checkers,0,GAME_OVER,25,24,2,1635,2,RandomPlayerConfig,2,1,1,RandomPlayerConfig
-1489776440,Checkers,0,GAME_OVER,24,23,2,1636,1,RandomPlayerConfig,1,2,2,RandomPlayerConfig
-626544206,Checkers,0,GAME_OVER,39,38,2,1637,1,RandomPlayerConfig,1,2,2,RandomPlayerConfig
-708762967,Checkers,0,GAME_OVER,35,34,2,1638,1,RandomPlayerConfig,1,2,2,RandomPlayerConfig
1853890222,Checkers,0,GAME_OVER,32,31,2,1639,1,RandomPlayerConfig,1,2,2,RandomPlayerConfig
-768191818,Checkers,0,GAME_OVER,26,25,2,1640,2,RandomPlayerConfig,2,1,1,RandomPlayerConfig
-925159070,Checkers,0,GAME_OVER,42,41,2,1641,1,RandomPlayerConfig,1,2,2,RandomPlayerConfig
647740191,Checkers,0,GAME_OVER,25,24,2,1642,2,RandomPlayerConfig,2,1,1,RandomPlayerConfig
-256506969,Checkers,0,GAME_OVER,33,32,2,1643,2,RandomPlayerConfig,2,1,1,RandomPlayerConfig
799218526,Checkers,0,GAME_OVER,25,24,2,1644,1,RandomPlayerConfig,1,2,2,RandomPlayerConfig
1389290977,Checkers,0,GAME_OVER,41,40,2,1645,2,RandomPlayerConfig,2,1,1,RandomPlayerConfig
-1973474088,Checkers,0,GAME_OVER,29,28,2,1646,1,RandomPlayerConfig,1,2,2,RandomPlayerConfig
-1239917172,Checkers,0,GAME_OVER,27,26,2,1647,2,RandomPlayerConfig,2,1,1,RandomPlayerConfig
-1585845909,Checkers,0,GAME_OVER,24,23,2,1648,1,RandomPlayerConfig,1,2,2,RandomPlayerConfig
2109815301,Checkers,0,GAME_OVER,21,20,2,1649,1,RandomPlayerConfig,1,2,2,RandomPlayerConfig
-1548426104,Checkers,0,GAME_OVER,50,49,2,1650,2,RandomPlayerConfig,2,1,1,RandomPlayerConfig
673240843,Checkers,0,GAME_OVER,28,27,2,1651,1,RandomPlayerConfig,1,2,2,RandomPlayerConfig
2028268486,Checkers,0,GAME_OVER,59,58,2,1652,2,RandomPlayerConfig,2,1,1,RandomPlayerConfig
-1142717494,Checkers,0,GAME_OVER,30,29,2,1653,2,RandomPlayerConfig,2,1,1,RandomPlayerConfig
-911691237,Checkers,0,GAME_OVER,35,34,2,1654,2,RandomPlayerConfig,2,1,1,RandomPlayerConfig
-1529670036,Checkers,0,GAME_OVER,29,28,2,1655,1,RandomPlayerConfig,1,2,2,RandomPlayerConfig
882974999,Checkers,0,GAME_OVER,35,34,2,1656,2,RandomPlayerConfig,2,1,1,RandomPlayerConfig
1246447496,Checkers,0,GAME_OVER,32,31,2,1657,2,RandomPlayerConfig,2,1,1,RandomPlayerConfig
-709681705,Checkers,0,GAME_OVER,24,23,2,1658,2,RandomPlayerConfig,2,1,1,RandomPlayerConfig
919688677,Checkers,0,GAME_OVER,45,44,2,1659,2,RandomPlayerConfig,2,1,1,RandomPlayerConfig
-1475433589,Checkers,0,GAME_OVER,26,25,2,1660,2,RandomPlayerConfig,2,1,1,RandomPlayerConfig
-1361577368,Checkers,0,GAME_OVER,25,24,2,1661,2,RandomPlayerConfig,2,1,1,RandomPlayerConfig
103902145,Checkers,0,GAME_OVER,26,25,2,1662,1,RandomPlayerConfig,1,2,2,RandomPlayerConfig
-1380864723,Checkers,0,GAME_OVER,30,29,2,1663,1,RandomPlayerConfig,1,2,2,RandomPlayerConfig
604773592,Checkers,0,GAME_OVER,32,31,2,1664,1,RandomPlayerConfig,1,2,2,RandomPlayerConfig
-1349650412,Checkers,0,GAME_OVER,25,24,2,1665,2,RandomPlayerConfig,2,1,1,RandomPlayerConfig
-1563430592,Checkers,0,GAME_OVER,33,32,2,1666,2,RandomPlayerConfig,2,1,1,RandomPlayerConfig
1399185486,Checkers,0,GAME_OVER,28,27,2,1667,1,RandomPlayerConfig,1,2,2,RandomPlayerConfig
2070675069,Checkers,0,GAME_OVER,27,26,2,1668,1,RandomPlayerConfig,1,2,2,RandomPlayerConfig
1740545965,Checkers,0,GAME_OVER,23,22,2,1669,1,RandomPlayerConfig,1,2,2,RandomPlayerConfig
1368498432,Checkers,0,GAME_OVER,25,24,2,1670,2,RandomPlayerConfig,2,1,1,RandomPlayerConfig
-1773090881,Checkers,0,GAME_OVER,35,34,2,1671,1,RandomPlayerConfig,1,2,2,RandomPlayerConfig
-201057714,Checkers,0,GAME_OVER,34,33,2,1672,2,RandomPlayerConfig,2,1,1,RandomPlayerConfig
-127874046,Checkers,0,GAME_OVER,41,40,2,1673,2,RandomPlayerConfig,2,1,1,RandomPlayerConfig
-1872105191,Checkers,0,GAME_OVER,23,22,2,1674,1,RandomPlayerConfig,1,2,2,RandomPlayerConfig
1975625137,Checkers,0,GAME_OVER,48,47,2,1675,1,RandomPlayerConfig,1,2,2,RandomPlayerConfig
-951433425,Checkers,0,GAME_OVER,52,51,2,1676,2,RandomPlayerConfig,2,1,1,RandomPlayerConfig
-411297027,Checkers,0,GAME_OVER,26,25,2,1677,1,RandomPlayerConfig,1,2,2,RandomPlayerConfig
789348207,Checkers,0,GAME_OVER,36,35,2,1678,2,RandomPlayerConfig,2,1,1,RandomPlayerConfig
826211497,Checkers,0,GAME_OVER,35,34,2,1679,1,RandomPlayerConfig,1,2,2,RandomPlayerConfig
711638559,Checkers,0,GAME_OVER,32,31,2,1680,1,RandomPlayerConfig,1,2,2,RandomPlayerConfig
2042411104,Checkers,0,GAME_OVER,26,25,2,1681,1,RandomPlayerConfig,1,2,2,RandomPlayerConfig
820516955,Checkers,0,GAME_OVER,24,23,2,1682,2,RandomPlayerConfig,2,1,1,RandomPlayerConfig
1603255118,Checkers,0,GAME_OVER,33,32,2,1683,1,RandomPlayerConfig,1,2,2,RandomPlayerConfig
-1711260808,Checkers,0,GAME_OVER,30,29,2,1684,1,RandomPlayerConfig,1,2,2,RandomPlayerConfig
7118769,Checkers,0,GAME_OVER,27,26,2,1685,2,RandomPlayerConfig,2,1,1,RandomPlayerConfig
1450771338,Checkers,0,GAME_OVER,28,27,2,1686,2,RandomPlayerConfig,2,1,1,RandomPlayerConfig
-234172028,Checkers,0,GAME_OVER,24,23,2,1687,1,RandomPlayerConfig,1,2,2,RandomPlayerConfig
-1990823820,Checkers,0,GAME_OVER,29,28,2,1688,1,RandomPlayerConfig,1,2,2,RandomPlayerConfig
1214941555,Checkers,0,GAME_OVER,20,19,2,1689,1,RandomPlayerConfig,1,2,2,RandomPlayerConfig
-109528283,Checkers,0,GAME_OVER,62,61,2,1690,1,RandomPlayerConfig,1,2,2,RandomPlayerConfig
-526220616,Checkers,0,GAME_OVER,32,31,2,1691,1,RandomPlayerConfig,1,2,2,RandomPlayerConfig
-1935439629,Checkers,0,GAME_OVER,22,21,2,1692,1,RandomPlayerConfig,1,2,2,RandomPlayerConfig
-1954154602,Checkers,0,GAME_OVER,43,42,2,1693,1,RandomPlayerConfig,1,2,2,RandomPlayerConfig
-1758498510,Checkers,0,GAME_OVER,27,26,2,1694,1,RandomPlayerConfig,1,2,2,RandomPlayerConfig
-56489603,Checkers,0,GAME_OVER,35,34,2,1695,2,RandomPlayerConfig,2,1,1,RandomPlayerConfig
-1725052550,Checkers,0,GAME_OVER,35,34,2,1696,2,RandomPlayerConfig,2,1,1,RandomPlayerConfig
-1339353809,Checkers,0,GAME_OVER,26,25,2,1697,1,RandomPlayerConfig,1,2,2,RandomPlayerConfig
-1450309831,Checkers,0,GAME_OVER,25,24,2,1698,1,RandomPlayerConfig,1,2,2,RandomPlayerConfig
946430040,Checkers,0,GAME_OVER,24,23,2,1699,2,RandomPlayerConfig,2,1,1,RandomPlayerConfig
1109297534,Checkers,0,GAME_OVER,30,29,2,1700,1,RandomPlayerConfig,1,2,2,RandomPlayerConfig
1790991723,Checkers,0,GAME_OVER,32,31,2,1701,1,RandomPlayerConfig,1,2,2,RandomPlayerConfig
-2130879446,Checkers,0,GAME_OVER,26,25,2,1702,1,RandomPlayerConfig,1,2,2,RandomPlayerConfig
719078359,Checkers,0,GAME_OVER,22,21,2,1703,1,RandomPlayerConfig,1,2,2,RandomPlayerConfig
-1391194653,Checkers,0,GAME_OVER,57,56,2,1704,2,RandomPlayerConfig,2,1,1,RandomPlayerConfig
1405304257,Checkers,0,GAME_OVER,31,30,2,1705,1,RandomPlayerConfig,1,2,2,RandomPlayerConfig
138024061,Checkers,0,GAME_OVER,24,23,2,1706,1,RandomPlayerConfig,1,2,2,RandomPlayerConfig
-1560886809,Checkers,0,GAME_OVER,23,22,2,1707,1,RandomPlayerConfig,1,2,2,RandomPlayerConfig
-627570753,Checkers,0,GAME_OVER,36,35,2,1708,1,RandomPlayerConfig,1,2,2,RandomPlayerConfig
214968166,Checkers,0,GAME_OVER,34,33,2,1709,2,RandomPlayerConfig,2,1,1,RandomPlayerConfig
2002927771,Checkers,0,GAME_OVER,57,56,2,1710,2,RandomPlayerConfig,2,1,1,RandomPlayerConfig
1145760359,Checkers,0,GAME_OVER,23,22,2,1711,1,RandomPlayerConfig,1,2,2,RandomPlayerConfig
1421392738,Checkers,0,GAME_OVER,55,54,2,1712,1,RandomPlayerConfig,1,2,2,RandomPlayerConfig
-1600797690,Checkers,0,GAME_OVER,23,22,2,1713,2,RandomPlayerConfig,2,1,1,RandomPlayerConfig
1573684604,Checkers,0,GAME_OVER,47,46,2,1714,2,RandomPlayerConfig,2,1,1,RandomPlayerConfig
-1253018376,Checkers,0,GAME_OVER,25,24,2,1715,1,RandomPlayerConfig,1,2,2,RandomPlayerConfig
761205658,Checkers,0,GAME_OVER,47,46,2,1716,2,RandomPlayerConfig,2,1,1,RandomPlayerConfig
-579190352,Checkers,0,GAME_OVER,40,39,2,1717,1,RandomPlayerConfig,1,2,2,RandomPlayerConfig
1503046544,Checkers,0,GAME_OVER,30,29,2,1718,1,RandomPlayerConfig,1,2,2,RandomPlayerConfig
1302884374,Checkers,0,GAME_OVER,31,30,2,1719,1,RandomPlayerConfig,1,2,2,RandomPlayerConfig
-1092868814,Checkers,0,GAME_OVER,32,31,2,1720,1,RandomPlayerConfig,1,2,2,RandomPlayerConfig
733276689,Checkers,0,GAME_OVER,30,29,2,1721,2,RandomPlayerConfig,2,1,1,RandomPlayerConfig
-1168918557,Checkers,0,GAME_OVER,33,32,2,1722,2,RandomPlayerConfig,2,1,1,RandomPlayerConfig
704925036,Checkers,0,GAME_OVER,36,35,2,1723,2,RandomPlayerConfig,2,1,1,RandomPlayerConfig
-271784260,Checkers,0,GAME_OVER,30,29,2,1724,2,RandomPlayerConfig,2,1,1,RandomPlayerConfig
1829599460,Checkers,0,GAME_OVER,22,21,2,1725,2,RandomPlayerConfig,2,1,1,RandomPlayerConfig
-132123781,Checkers,0,GAME_OVER,29,28,2,1726,1,RandomPlayerConfig,1,2,2,RandomPlayerConfig
1719721827,Checkers,0,GAME_OVER,48,47,2,1727,1,RandomPlayerConfig,1,2,2,RandomPlayerConfig
-400875376,Checkers,0,GAME_OVER,30,29,2,1728,1,RandomPlayerConfig,1,2,2,RandomPlayerConfig
-1584011863,Checkers,0,GAME_OVER,45,44,2,1729,2,RandomPlayerConfig,2,1,1,RandomPlayerConfig
-874281724,Checkers,0,GAME_OVER,52,51,2,1730,2,RandomPlayerConfig,2,1,1,RandomPlayerConfig
607853563,Checkers,0,GAME_OVER,46,45,2,1731,2,RandomPlayerConfig,2,1,1,RandomPlayerConfig
-1949378284,Checkers,0,GAME_OVER,32,31,2,1732,2,RandomPlayerConfig,2,1,1,RandomPlayerConfig
550147220,Checkers,0,GAME_OVER,33,32,2,1733,2,RandomPlayerConfig,2,1,1,RandomPlayerConfig
653426863,Checkers,0,GAME_OVER,25,24,2,1734,2,RandomPlayerConfig,2,1,1,RandomPlayerConfig
619559134,Checkers,0,GAME_OVER,25,24,2,1735,1,RandomPlayerConfig,1,2,2,RandomPlayerConfig
-1848393412,Checkers,0,GAME_OVER,53,52,2,1736,1,RandomPlayerConfig,1,2,2,RandomPlayerConfig
751837896,Checkers,0,GAME_OVER,44,43,2,1737,1,RandomPlayerConfig,1,2,2,RandomPlayerConfig
-1044147626,Checkers,0,GAME_OVER,32,31,2,1738,1,RandomPlayerConfig,1,2,2,RandomPlayerConfig
-1128008526,Checkers,0,GAME_OVER,31,30,2,1739,2,RandomPlayerConfig,2,1,1,RandomPlayerConfig
1292526932,Checkers,0,GAME_OVER,30,29,2,1740,2,RandomPlayerConfig,2,1,1,RandomPlayerConfig
-314228284,Checkers,0,GAME_OVER,45,44,2,1741,2,RandomPlayerConfig,2,1,1,RandomPlayerConfig
1499768291,Checkers,0,GAME_OVER,35,34,2,1742,1,RandomPlayerConfig,1,2,2,RandomPlayerConfig
-1065410130,Checkers,0,GAME_OVER,24,23,2,1743,1,RandomPlayerConfig,1,2,2,RandomPlayerConfig
-449501699,Checkers,0,GAME_OVER,29,28,2,1744,1,RandomPlayerConfig,1,2,2,RandomPlayerConfig
-1684908515,Checkers,0,GAME_OVER,35,34,2,1745,2,RandomPlayerConfig,2,1,1,RandomPlayerConfig
2078749170,Checkers,0,GAME_OVER,24,23,2,1746,1,RandomPlayerConfig,1,2,2,RandomPlayerConfig
-506346129,Checkers,0,GAME_OVER,42,41,2,1747,1,RandomPlayerConfig,1,2,2,RandomPlayerConfig
-1211286156,Checkers,0,GAME_OVER,26,25,2,1748,1,RandomPlayerConfig,1,2,2,RandomPlayerConfig
-217592467,Checkers,0,GAME_OVER,40,39,2,1749,1,RandomPlayerConfig,1,2,2,RandomPlayerConfig
1534331061,Checkers,0,GAME_OVER,34,33,2,1750,2,RandomPlayerConfig,2,1,1,RandomPlayerConfig
-1498652148,Checkers,0,GAME_OVER,43,42,2,1751,2,RandomPlayerConfig,2,1,1,RandomPlayerConfig
1456231706,Checkers,0,GAME_OVER,51,50,2,1752,2,RandomPlayerConfig,2,1,1,RandomPlayerConfig
381116299,Checkers,0,GAME_OVER,44,43,2,1753,2,RandomPlayerConfig,2,1,1,RandomPlayerConfig
273732376,Checkers,0,GAME_OVER,31,30,2,1754,1,RandomPlayerConfig,1,2,2,RandomPlayerConfig
795163751,Checkers,0,GAME_OVER,32,31,2,1755,2,RandomPlayerConfig,2,1,1,RandomPlayerConfig
1362849584,Checkers,0,GAME_OVER,23,22,2,1756,1,RandomPlayerConfig,1,2,2,RandomPlayerConfig
-721178884,Checkers,0,GAME_OVER,29,28,2,1757,1,RandomPlayerConfig,1,2,2,RandomPlayerConfig
-367027675,Checkers,0,GAME_OVER,25,24,2,1758,2,RandomPlayerConfig,2,1,1,RandomPlayerConfig
1147515846,Checkers,0,GAME_OVER,26,25,2,1759,1,RandomPlayerConfig,1,2,2,RandomPlayerConfig
-685758239,Checkers,0,GAME_OVER,30,29,2,1760,1,RandomPlayerConfig,1,2,2,RandomPlayerConfig
-257622872,Checkers,0,GAME_OVER,43,42,2,1761,2,RandomPlayerConfig,2,1,1,RandomPlayerConfig
-2109537624,Checkers,0,GAME_OVER,32,31,2,1762,1,RandomPlayerConfig,1,2,2,RandomPlayerConfig
1805450913,Checkers,0,GAME_OVER,20,19,2,1763,1,RandomPlayerConfig,1,2,2,RandomPlayerConfig
-596797307,Checkers,0,GAME_OVER,34,33,2,1764,1,RandomPlayerConfig,1,2,2,RandomPlayerConfig
1201201872,Checkers,0,GAME_OVER,35,34,2,1765,1,RandomPlayerConfig,1,2,2,RandomPlayerConfig
-1562894570,Checkers,0,GAME_OVER,46,45,2,1766,1,RandomPlayerConfig,1,2,2,RandomPlayerConfig
-375299907,Checkers,0,GAME_OVER,50,49,2,1767,1,RandomPlayerConfig,1,2,2,RandomPlayerConfig
-1657910237,Checkers,0,GAME_OVER,35,34,2,1768,2,RandomPlayerConfig,2,1,1,RandomPlayerConfig
-312587457,Checkers,0,GAME_OVER,28,27,2,1769,2,RandomPlayerConfig,2,1,1,RandomPlayerConfig
1633745834,Checkers,0,GAME_OVER,35,34,2,1770,2,RandomPlayerConfig,2,1,1,RandomPlayerConfig
-1083822471,Checkers,0,GAME_OVER,26,25,2,1771,1,RandomPlayerConfig,1,2,2,RandomPlayerConfig
342961208,Checkers,0,GAME_OVER,25,24,2,1772,1,RandomPlayerConfig,1,2,2,RandomPlayerConfig
-1505880897,Checkers,0,GAME_OVER,36,35,2,1773,1,RandomPlayerConfig,1,2,2,RandomPlayerConfig
4802768,Checkers,0,GAME_OVER,27,26,2,1774,2,RandomPlayerConfig,2,1,1,RandomPlayerConfig
-1392627353,Checkers,0,GAME_OVER,51,50,2,1775,1,RandomPlayerConfig,1,2,2,RandomPlayerConfig
-539277642,Checkers,0,GAME_OVER,29,28,2,1776,1,RandomPlayerConfig,1,2,2,RandomPlayerConfig
1752439758,Checkers,0,GAME_OVER,33,32,2,1777,2,RandomPlayerConfig,2,1,1,RandomPlayerConfig
-383727673,Checkers,0,GAME_OVER,40,39,2,1778,1,RandomPlayerConfig,1,2,2,RandomPlayerConfig
-1723383266,Checkers,0,GAME_OVER,30,29,2,1779,2,RandomPlayerConfig,2,1,1,RandomPlayerConfig
928826959,Checkers,0,GAME_OVER,39,38,2,1780,1,RandomPlayerConfig,1,2,2,RandomPlayerConfig
1427348113,Checkers,0,GAME_OVER,40,39,2,1781,1,RandomPlayerConfig,1,2,2,RandomPlayerConfig
-520266367,Checkers,0,GAME_OVER,46,45,2,1782,1,RandomPlayerConfig,1,2,2,RandomPlayerConfig
517286733,Checkers,0,GAME_OVER,35,34,2,1783,2,RandomPlayerConfig,2,1,1,RandomPlayerConfig
-1549297166,Checkers,0,GAME_OVER,27,26,2,1784,1,RandomPlayerConfig,1,2,2,RandomPlayerConfig
-390261751,Checkers,0,GAME_OVER,30,29,2,1785,1,RandomPlayerConfig,1,2,2,RandomPlayerConfig
590409677,Checkers,0,GAME_OVER,25,24,2,1786,2,RandomPlayerConfig,2,1,1,RandomPlayerConfig
1698638355,Checkers,0,GAME_OVER,33,32,2,1787,2,RandomPlayerConfig,2,1,1,RandomPlayerConfig
1256886421,Checkers,0,GAME_OVER,26,25,2,1788,2,RandomPlayerConfig,2,1,1,RandomPlayerConfig
1391148676,Checkers,0,GAME_OVER,24,23,2,1789,2,RandomPlayerConfig,2,1,1,RandomPlayerConfig
1654485175,Checkers,0,GAME_OVER,30,29,2,1790,2,RandomPlayerConfig,2,1,1,RandomPlayerConfig
1817485198,Checkers,0,GAME_OVER,30,29,2,1791,1,RandomPlayerConfig,1,2,2,RandomPlayerConfig
1513876789,Checkers,0,GAME_OVER,30,29,2,1792,1,RandomPlayerConfig,1,2,2,RandomPlayerConfig
83861845,Checkers,0,GAME_OVER,22,21,2,1793,1,RandomPlayerConfig,1,2,2,RandomPlayerConfig
-2118927314,Checkers,0,GAME_OVER,43,42,2,1794,1,RandomPlayerConfig,1,2,2,RandomPlayerConfig
-369965134,Checkers,0,GAME_OVER,24,23,2,1795,1,RandomPlayerConfig,1,2,2,RandomPlayerConfig
-548751590,Checkers,0,GAME_OVER,31,30,2,1796,2,RandomPlayerConfig,2,1,1,RandomPlayerConfig
-1483810362,Checkers,0,GAME_OVER,34,33,2,1797,1,RandomPlayerConfig,1,2,2,RandomPlayerConfig
-1294980121,Checkers,0,GAME_OVER,44,43,2,1798,2,RandomPlayerConfig,2,1,1,RandomPlayerConfig
1283361115,Checkers,0,GAME_OVER,42,41,2,1799,2,RandomPlayerConfig,2,1,1,RandomPlayerConfig
1906199135,Checkers,0,GAME_OVER,34,33,2,1800,1,RandomPlayerConfig,1,2,2,RandomPlayerConfig
-134759603,Checkers,0,GAME_OVER,24,23,2,1801,2,RandomPlayerConfig,2,1,1,RandomPlayerConfig
