GameSeed,GameName,Round,Event,Tick,Turn,PlayerCount,GameID,PlayerType-1,PlayerType-0
1634390178,Checkers,0,GAME_OVER,31,30,2,2,MCTS_CheckersHeuristic,MCTS_CheckersHeuristic
1980696938,Checkers,0,GAME_OVER,45,44,2,3,MCTS_CheckersHeuristic,MCTS_CheckersHeuristic
1433263383,Checkers,0,GAME_OVER,101,100,2,4,MCTS_CheckersHeuristic,MCTS_CheckersHeuristic
-906895919,Checkers,0,GAME_OVER,113,112,2,5,MCTS_CheckersHeuristic,MCTS_CheckersHeuristic
-304834404,Checkers,0,GAME_OVER,32,31,2,6,MCTS_CheckersHeuristic,MCTS_CheckersHeuristic
-1177143619,Checkers,0,GAME_OVER,71,70,2,7,MCTS_CheckersHeuristic,MCTS_CheckersHeuristic
1235789652,Checkers,0,GAME_OVER,54,53,2,8,MCTS_CheckersHeuristic,MCTS_CheckersHeuristic
-943454790,Checkers,0,GAME_OVER,49,48,2,9,MCTS_CheckersHeuristic,MCTS_CheckersHeuristic
-61265526,Checkers,0,GAME_OVER,27,26,2,10,MCTS_CheckersHeuristic,MCTS_CheckersHeuristic
-1569090718,Checkers,0,GAME_OVER,34,33,2,11,MCTS_CheckersHeuristic,MCTS_CheckersHeuristic
-1018937342,Checkers,0,GAME_OVER,99,98,2,12,MCTS_CheckersHeuristic,MCTS_CheckersHeuristic
49071466,Checkers,0,GAME_OVER,72,71,2,13,MCTS_CheckersHeuristic,MCTS_CheckersHeuristic
-1459259571,Checkers,0,GAME_OVER,32,31,2,14,MCTS_CheckersHeuristic,MCTS_CheckersHeuristic
18458152,Checkers,0,GAME_OVER,59,58,2,15,MCTS_CheckersHeuristic,MCTS_CheckersHeuristic
871169150,Checkers,0,GAME_OVER,31,30,2,16,MCTS_CheckersHeuristic,MCTS_CheckersHeuristic
-1997601845,Checkers,0,GAME_OVER,98,97,2,17,MCTS_CheckersHeuristic,MCTS_CheckersHeuristic
460294138,Checkers,0,GAME_OVER,35,34,2,18,MCTS_CheckersHeuristic,MCTS_CheckersHeuristic
1348459206,Checkers,0,GAME_OVER,107,106,2,19,MCTS_CheckersHeuristic,MCTS_CheckersHeuristic
1259708220,Checkers,0,GAME_OVER,55,54,2,20,MCTS_CheckersHeuristic,MCTS_CheckersHeuristic
1348238929,Checkers,0,GAME_OVER,111,110,2,21,MCTS_CheckersHeuristic,MCTS_CheckersHeuristic
1500200122,Checkers,0,GAME_OVER,66,65,2,22,MCTS_CheckersHeuristic,MCTS_CheckersHeuristic
-1037770008,Checkers,0,GAME_OVER,47,46,2,23,MCTS_CheckersHeuristic,MCTS_CheckersHeuristic
393651539,Checkers,0,GAME_OVER,67,66,2,24,MCTS_CheckersHeuristic,MCTS_CheckersHeuristic
-916561366,Checkers,0,GAME_OVER,101,100,2,25,MCTS_CheckersHeuristic,MCTS_CheckersHeuristic
-557300495,Checkers,0,GAME_OVER,68,67,2,26,MCTS_CheckersHeuristic,MCTS_CheckersHeuristic
-520907637,Checkers,0,GAME_OVER,114,113,2,27,MCTS_CheckersHeuristic,MCTS_CheckersHeuristic
754346046,Checkers,0,GAME_OVER,29,28,2,28,MCTS_CheckersHeuristic,MCTS_CheckersHeuristic
-1466841933,Checkers,0,GAME_OVER,44,43,2,29,MCTS_CheckersHeuristic,MCTS_CheckersHeuristic
-1269194847,Checkers,0,GAME_OVER,56,55,2,30,MCTS_CheckersHeuristic,MCTS_CheckersHeuristic
480958858,Checkers,0,GAME_OVER,129,128,2,31,MCTS_CheckersHeuristic,MCTS_CheckersHeuristic
927668192,Checkers,0,GAME_OVER,38,37,2,32,MCTS_CheckersHeuristic,MCTS_CheckersHeuristic
-800149714,Checkers,0,GAME_OVER,60,59,2,33,MCTS_CheckersHeuristic,MCTS_CheckersHeuristic
2041138960,Checkers,0,GAME_OVER,70,69,2,34,MCTS_CheckersHeuristic,MCTS_CheckersHeuristic
848725111,Checkers,0,GAME_OVER,45,44,2,35,MCTS_CheckersHeuristic,MCTS_CheckersHeuristic
-1489776440,Checkers,0,GAME_OVER,75,74,2,36,MCTS_CheckersHeuristic,MCTS_CheckersHeuristic
-626544206,Checkers,0,GAME_OVER,41,40,2,37,MCTS_CheckersHeuristic,MCTS_CheckersHeuristic
-708762967,Checkers,0,GAME_OVER,40,39,2,38,MCTS_CheckersHeuristic,MCTS_CheckersHeuristic
1853890222,Checkers,0,GAME_OVER,78,77,2,39,MCTS_CheckersHeuristic,MCTS_CheckersHeuristic
-768191818,Checkers,0,GAME_OVER,39,38,2,40,MCTS_CheckersHeuristic,MCTS_CheckersHeuristic
-925159070,Checkers,0,GAME_OVER,31,30,2,41,MCTS_CheckersHeuristic,MCTS_CheckersHeuristic
647740191,Checkers,0,GAME_OVER,82,81,2,42,MCTS_CheckersHeuristic,MCTS_CheckersHeuristic
-256506969,Checkers,0,GAME_OVER,29,28,2,43,MCTS_CheckersHeuristic,MCTS_CheckersHeuristic
799218526,Checkers,0,GAME_OVER,87,86,2,44,MCTS_CheckersHeuristic,MCTS_CheckersHeuristic
1389290977,Checkers,0,GAME_OVER,75,74,2,45,MCTS_CheckersHeuristic,MCTS_CheckersHeuristic
-1973474088,Checkers,0,GAME_OVER,32,31,2,46,MCTS_CheckersHeuristic,MCTS_CheckersHeuristic
-1239917172,Checkers,0,GAME_OVER,34,33,2,47,MCTS_CheckersHeuristic,MCTS_CheckersHeuristic
-1585845909,Checkers,0,GAME_OVER,137,136,2,48,MCTS_CheckersHeuristic,MCTS_CheckersHeuristic
2109815301,Checkers,0,GAME_OVER,40,39,2,49,MCTS_CheckersHeuristic,MCTS_CheckersHeuristic
-1548426104,Checkers,0,GAME_OVER,91,90,2,50,MCTS_CheckersHeuristic,MCTS_CheckersHeuristic
673240843,Checkers,0,GAME_OVER,27,26,2,51,MCTS_CheckersHeuristic,MCTS_CheckersHeuristic
2028268486,Checkers,0,GAME_OVER,96,95,2,52,MCTS_CheckersHeuristic,MCTS_CheckersHeuristic
-1142717494,Checkers,0,GAME_OVER,65,64,2,53,MCTS_CheckersHeuristic,MCTS_CheckersHeuristic
-911691237,Checkers,0,GAME_OVER,32,31,2,54,MCTS_CheckersHeuristic,MCTS_CheckersHeuristic
-1529670036,Checkers,0,GAME_OVER,33,32,2,55,MCTS_CheckersHeuristic,MCTS_CheckersHeuristic
882974999,Checkers,0,GAME_OVER,53,52,2,56,MCTS_CheckersHeuristic,MCTS_CheckersHeuristic
1246447496,Checkers,0,GAME_OVER,40,39,2,57,MCTS_CheckersHeuristic,MCTS_CheckersHeuristic
-709681705,Checkers,0,GAME_OVER,37,36,2,58,MCTS_CheckersHeuristic,MCTS_CheckersHeuristic
919688677,Checkers,0,GAME_OVER,34,33,2,59,MCTS_CheckersHeuristic,MCTS_CheckersHeuristic
-1475433589,Checkers,0,GAME_OVER,47,46,2,60,MCTS_CheckersHeuristic,MCTS_CheckersHeuristic
-1361577368,Checkers,0,GAME_OVER,29,28,2,61,MCTS_CheckersHeuristic,MCTS_CheckersHeuristic
103902145,Checkers,0,GAME_OVER,96,95,2,62,MCTS_CheckersHeuristic,MCTS_CheckersHeuristic
-1380864723,Checkers,0,GAME_OVER,30,29,2,63,MCTS_CheckersHeuristic,MCTS_CheckersHeuristic
604773592,Checkers,0,GAME_OVER,77,76,2,64,MCTS_CheckersHeuristic,MCTS_CheckersHeuristic
-1349650412,Checkers,0,GAME_OVER,34,33,2,65,MCTS_CheckersHeuristic,MCTS_CheckersHeuristic
-1563430592,Checkers,0,GAME_OVER,33,32,2,66,MCTS_CheckersHeuristic,MCTS_CheckersHeuristic
1399185486,Checkers,0,GAME_OVER,98,97,2,67,MCTS_CheckersHeuristic,MCTS_CheckersHeuristic
2070675069,Checkers,0,GAME_OVER,35,34,2,68,MCTS_CheckersHeuristic,MCTS_CheckersHeuristic
1740545965,Checkers,0,GAME_OVER,55,54,2,69,MCTS_CheckersHeuristic,MCTS_CheckersHeuristic
1368498432,Checkers,0,GAME_OVER,28,27,2,70,MCTS_CheckersHeuristic,MCTS_CheckersHeuristic
-1773090881,Checkers,0,GAME_OVER,120,119,2,71,MCTS_CheckersHeuristic,MCTS_CheckersHeuristic
-201057714,Checkers,0,GAME_OVER,32,31,2,72,MCTS_CheckersHeuristic,MCTS_CheckersHeuristic
-127874046,Checkers,0,GAME_OVER,98,97,2,73,MCTS_CheckersHeuristic,MCTS_CheckersHeuristic
-1872105191,Checkers,0,GAME_OVER,110,109,2,74,MCTS_CheckersHeuristic,MCTS_CheckersHeuristic
1975625137,Checkers,0,GAME_OVER,86,85,2,75,MCTS_CheckersHeuristic,MCTS_CheckersHeuristic
-951433425,Checkers,0,GAME_OVER,113,112,2,76,MCTS_CheckersHeuristic,MCTS_CheckersHeuristic
-411297027,Checkers,0,GAME_OVER,46,45,2,77,MCTS_CheckersHeuristic,MCTS_CheckersHeuristic
789348207,Checkers,0,GAME_OVER,88,87,2,78,MCTS_CheckersHeuristic,MCTS_CheckersHeuristic
826211497,Checkers,0,GAME_OVER,90,89,2,79,MCTS_CheckersHeuristic,MCTS_CheckersHeuristic
711638559,Checkers,0,GAME_OVER,33,32,2,80,MCTS_CheckersHeuristic,MCTS_CheckersHeuristic
2042411104,Checkers,0,GAME_OVER,38,37,2,81,MCTS_CheckersHeuristic,MCTS_CheckersHeuristic
820516955,Checkers,0,GAME_OVER,129,128,2,82,MCTS_CheckersHeuristic,MCTS_CheckersHeuristic
1603255118,Checkers,0,GAME_OVER,86,85,2,83,MCTS_CheckersHeuristic,MCTS_CheckersHeuristic
-1711260808,Checkers,0,GAME_OVER,31,30,2,84,MCTS_CheckersHeuristic,MCTS_CheckersHeuristic
7118769,Checkers,0,GAME_OVER,85,84,2,85,MCTS_CheckersHeuristic,MCTS_CheckersHeuristic
1450771338,Checkers,0,GAME_OVER,38,37,2,86,MCTS_CheckersHeuristic,MCTS_CheckersHeuristic
-234172028,Checkers,0,GAME_OVER,95,94,2,87,MCTS_CheckersHeuristic,MCTS_CheckersHeuristic
-1990823820,Checkers,0,GAME_OVER,105,104,2,88,MCTS_CheckersHeuristic,MCTS_CheckersHeuristic
1214941555,Checkers,0,GAME_OVER,62,61,2,89,MCTS_CheckersHeuristic,MCTS_CheckersHeuristic
-109528283,Checkers,0,GAME_OVER,112,111,2,90,MCTS_CheckersHeuristic,MCTS_CheckersHeuristic
-526220616,Checkers,0,GAME_OVER,41,40,2,91,MCTS_CheckersHeuristic,MCTS_CheckersHeuristic
-1935439629,Checkers,0,GAME_OVER,105,104,2,92,MCTS_CheckersHeuristic,MCTS_CheckersHeuristic
-1954154602,Checkers,0,GAME_OVER,126,125,2,93,MCTS_CheckersHeuristic,MCTS_CheckersHeuristic
-1758498510,Checkers,0,GAME_OVER,45,44,2,94,MCTS_CheckersHeuristic,MCTS_CheckersHeuristic
-56489603,Checkers,0,GAME_OVER,81,80,2,95,MCTS_CheckersHeuristic,MCTS_CheckersHeuristic
-1725052550,Checkers,0,GAME_OVER,30,29,2,96,MCTS_CheckersHeuristic,MCTS_CheckersHeuristic
-1339353809,Checkers,0,GAME_OVER,86,85,2,97,MCTS_CheckersHeuristic,MCTS_CheckersHeuristic
-1450309831,Checkers,0,GAME_OVER,43,42,2,98,MCTS_CheckersHeuristic,MCTS_CheckersHeuristic
946430040,Checkers,0,GAME_OVER,47,46,2,99,MCTS_CheckersHeuristic,MCTS_CheckersHeuristic
1109297534,Checkers,0,GAME_OVER,28,27,2,100,MCTS_CheckersHeuristic,MCTS_CheckersHeuristic
1790991723,Checkers,0,GAME_OVER,49,48,2,101,MCTS_CheckersHeuristic,MCTS_CheckersHeuristic
-2130879446,Checkers,0,GAME_OVER,29,28,2,102,MCTS_CheckersHeuristic,MCTS_CheckersHeuristic
719078359,Checkers,0,GAME_OVER,45,44,2,103,MCTS_CheckersHeuristic,MCTS_CheckersHeuristic
-1391194653,Checkers,0,GAME_OVER,38,37,2,104,MCTS_CheckersHeuristic,MCTS_CheckersHeuristic
1405304257,Checkers,0,GAME_OVER,33,32,2,105,MCTS_CheckersHeuristic,MCTS_CheckersHeuristic
138024061,Checkers,0,GAME_OVER,132,131,2,106,MCTS_CheckersHeuristic,MCTS_CheckersHeuristic
-1560886809,Checkers,0,GAME_OVER,88,87,2,107,MCTS_CheckersHeuristic,MCTS_CheckersHeuristic
-627570753,Checkers,0,GAME_OVER,114,113,2,108,MCTS_CheckersHeuristic,MCTS_CheckersHeuristic
214968166,Checkers,0,GAME_OVER,39,38,2,109,MCTS_CheckersHeuristic,MCTS_CheckersHeuristic
2002927771,Checkers,0,GAME_OVER,34,33,2,110,MCTS_CheckersHeuristic,MCTS_CheckersHeuristic
1145760359,Checkers,0,GAME_OVER,91,90,2,111,MCTS_CheckersHeuristic,MCTS_CheckersHeuristic
1421392738,Checkers,0,GAME_OVER,28,27,2,112,MCTS_CheckersHeuristic,MCTS_CheckersHeuristic
-1600797690,Checkers,0,GAME_OVER,79,78,2,113,MCTS_CheckersHeuristic,MCTS_CheckersHeuristic
1573684604,Checkers,0,GAME_OVER,49,48,2,114,MCTS_CheckersHeuristic,MCTS_CheckersHeuristic
-1253018376,Checkers,0,GAME_OVER,87,86,2,115,MCTS_CheckersHeuristic,MCTS_CheckersHeuristic
761205658,Checkers,0,GAME_OVER,66,65,2,116,MCTS_CheckersHeuristic,MCTS_CheckersHeuristic
-579190352,Checkers,0,GAME_OVER,101,100,2,117,MCTS_CheckersHeuristic,MCTS_CheckersHeuristic
1503046544,Checkers,0,GAME_OVER,91,90,2,118,MCTS_CheckersHeuristic,MCTS_CheckersHeuristic
1302884374,Checkers,0,GAME_OVER,40,39,2,119,MCTS_CheckersHeuristic,MCTS_CheckersHeuristic
-1092868814,Checkers,0,GAME_OVER,33,32,2,120,MCTS_CheckersHeuristic,MCTS_CheckersHeuristic
733276689,Checkers,0,GAME_OVER,45,44,2,121,MCTS_CheckersHeuristic,MCTS_CheckersHeuristic
-1168918557,Checkers,0,GAME_OVER,38,37,2,122,MCTS_CheckersHeuristic,MCTS_CheckersHeuristic
704925036,Checkers,0,GAME_OVER,58,57,2,123,MCTS_CheckersHeuristic,MCTS_CheckersHeuristic
-271784260,Checkers,0,GAME_OVER,31,30,2,124,MCTS_CheckersHeuristic,MCTS_CheckersHeuristic
1829599460,Checkers,0,GAME_OVER,81,80,2,125,MCTS_CheckersHeuristic,MCTS_CheckersHeuristic
-132123781,Checkers,0,GAME_OVER,31,30,2,126,MCTS_CheckersHeuristic,MCTS_CheckersHeuristic
1719721827,Checkers,0,GAME_OVER,31,30,2,127,MCTS_CheckersHeuristic,MCTS_CheckersHeuristic
-400875376,Checkers,0,GAME_OVER,38,37,2,128,MCTS_CheckersHeuristic,MCTS_CheckersHeuristic
-1584011863,Checkers,0,GAME_OVER,124,123,2,129,MCTS_CheckersHeuristic,MCTS_CheckersHeuristic
-874281724,Checkers,0,GAME_OVER,31,30,2,130,MCTS_CheckersHeuristic,MCTS_CheckersHeuristic
607853563,Checkers,0,GAME_OVER,37,36,2,131,MCTS_CheckersHeuristic,MCTS_CheckersHeuristic
-1949378284,Checkers,0,GAME_OVER,103,102,2,132,MCTS_CheckersHeuristic,MCTS_CheckersHeuristic
550147220,Checkers,0,GAME_OVER,32,31,2,133,MCTS_CheckersHeuristic,MCTS_CheckersHeuristic
653426863,Checkers,0,GAME_OVER,32,31,2,134,MCTS_CheckersHeuristic,MCTS_CheckersHeuristic
619559134,Checkers,0,GAME_OVER,41,40,2,135,MCTS_CheckersHeuristic,MCTS_CheckersHeuristic
-1848393412,Checkers,0,GAME_OVER,32,31,2,136,MCTS_CheckersHeuristic,MCTS_CheckersHeuristic
751837896,Checkers,0,GAME_OVER,32,31,2,137,MCTS_CheckersHeuristic,MCTS_CheckersHeuristic
-1044147626,Checkers,0,GAME_OVER,46,45,2,138,MCTS_CheckersHeuristic,MCTS_CheckersHeuristic
-1128008526,Checkers,0,GAME_OVER,45,44,2,139,MCTS_CheckersHeuristic,MCTS_CheckersHeuristic
1292526932,Checkers,0,GAME_OVER,33,32,2,140,MCTS_CheckersHeuristic,MCTS_CheckersHeuristic
-314228284,Checkers,0,GAME_OVER,33,32,2,141,MCTS_CheckersHeuristic,MCTS_CheckersHeuristic
1499768291,Checkers,0,GAME_OVER,45,44,2,142,MCTS_CheckersHeuristic,MCTS_CheckersHeuristic
-1065410130,Checkers,0,GAME_OVER,38,37,2,143,MCTS_CheckersHeuristic,MCTS_CheckersHeuristic
-449501699,Checkers,0,GAME_OVER,75,74,2,144,MCTS_CheckersHeuristic,MCTS_CheckersHeuristic
-1684908515,Checkers,0,GAME_OVER,76,75,2,145,MCTS_CheckersHeuristic,MCTS_CheckersHeuristic
2078749170,Checkers,0,GAME_OVER,77,76,2,146,MCTS_CheckersHeuristic,MCTS_CheckersHeuristic
-506346129,Checkers,0,GAME_OVER,40,39,2,147,MCTS_CheckersHeuristic,MCTS_CheckersHeuristic
-1211286156,Checkers,0,GAME_OVER,49,48,2,148,MCTS_CheckersHeuristic,MCTS_CheckersHeuristic
-217592467,Checkers,0,GAME_OVER,58,57,2,149,MCTS_CheckersHeuristic,MCTS_CheckersHeuristic
1534331061,Checkers,0,GAME_OVER,33,32,2,150,MCTS_CheckersHeuristic,MCTS_CheckersHeuristic
-1498652148,Checkers,0,GAME_OVER,119,118,2,151,MCTS_CheckersHeuristic,MCTS_CheckersHeuristic
1456231706,Checkers,0,GAME_OVER,54,53,2,152,MCTS_CheckersHeuristic,MCTS_CheckersHeuristic
381116299,Checkers,0,GAME_OVER,107,106,2,153,MCTS_CheckersHeuristic,MCTS_CheckersHeuristic
273732376,Checkers,0,GAME_OVER,46,45,2,154,MCTS_CheckersHeuristic,MCTS_CheckersHeuristic
795163751,Checkers,0,GAME_OVER,101,100,2,155,MCTS_CheckersHeuristic,MCTS_CheckersHeuristic
1362849584,Checkers,0,GAME_OVER,67,66,2,156,MCTS_CheckersHeuristic,MCTS_CheckersHeuristic
-721178884,Checkers,0,GAME_OVER,39,38,2,157,MCTS_CheckersHeuristic,MCTS_CheckersHeuristic
-367027675,Checkers,0,GAME_OVER,29,28,2,158,MCTS_CheckersHeuristic,MCTS_CheckersHeuristic
1147515846,Checkers,0,GAME_OVER,77,76,2,159,MCTS_CheckersHeuristic,MCTS_CheckersHeuristic
-685758239,Checkers,0,GAME_OVER,38,37,2,160,MCTS_CheckersHeuristic,MCTS_CheckersHeuristic
-257622872,Checkers,0,GAME_OVER,127,126,2,161,MCTS_CheckersHeuristic,MCTS_CheckersHeuristic
-2109537624,Checkers,0,GAME_OVER,91,90,2,162,MCTS_CheckersHeuristic,MCTS_CheckersHeuristic
1805450913,Checkers,0,GAME_OVER,42,41,2,163,MCTS_CheckersHeuristic,MCTS_CheckersHeuristic
-596797307,Checkers,0,GAME_OVER,85,84,2,164,MCTS_CheckersHeuristic,MCTS_CheckersHeuristic
1201201872,Checkers,0,GAME_OVER,63,62,2,165,MCTS_CheckersHeuristic,MCTS_CheckersHeuristic
-1562894570,Checkers,0,GAME_OVER,52,51,2,166,MCTS_CheckersHeuristic,MCTS_CheckersHeuristic
-375299907,Checkers,0,GAME_OVER,80,79,2,167,MCTS_CheckersHeuristic,MCTS_CheckersHeuristic
-1657910237,Checkers,0,GAME_OVER,72,71,2,168,MCTS_CheckersHeuristic,MCTS_CheckersHeuristic
-312587457,Checkers,0,GAME_OVER,132,131,2,169,MCTS_CheckersHeuristic,MCTS_CheckersHeuristic
1633745834,Checkers,0,GAME_OVER,83,82,2,170,MCTS_CheckersHeuristic,MCTS_CheckersHeuristic
-1083822471,Checkers,0,GAME_OVER,37,36,2,171,MCTS_CheckersHeuristic,MCTS_CheckersHeuristic
342961208,Checkers,0,GAME_OVER,35,34,2,172,MCTS_CheckersHeuristic,MCTS_CheckersHeuristic
-1505880897,Checkers,0,GAME_OVER,81,80,2,173,MCTS_CheckersHeuristic,MCTS_CheckersHeuristic
4802768,Checkers,0,GAME_OVER,26,25,2,174,MCTS_CheckersHeuristic,MCTS_CheckersHeuristic
-1392627353,Checkers,0,GAME_OVER,60,59,2,175,MCTS_CheckersHeuristic,MCTS_CheckersHeuristic
-539277642,Checkers,0,GAME_OVER,70,69,2,176,MCTS_CheckersHeuristic,MCTS_CheckersHeuristic
1752439758,Checkers,0,GAME_OVER,53,52,2,177,MCTS_CheckersHeuristic,MCTS_CheckersHeuristic
-383727673,Checkers,0,GAME_OVER,91,90,2,178,MCTS_CheckersHeuristic,MCTS_CheckersHeuristic
-1723383266,Checkers,0,GAME_OVER,122,121,2,179,MCTS_CheckersHeuristic,MCTS_CheckersHeuristic
928826959,Checkers,0,GAME_OVER,66,65,2,180,MCTS_CheckersHeuristic,MCTS_CheckersHeuristic
1427348113,Checkers,0,GAME_OVER,97,96,2,181,MCTS_CheckersHeuristic,MCTS_CheckersHeuristic
-520266367,Checkers,0,GAME_OVER,43,42,2,182,MCTS_CheckersHeuristic,MCTS_CheckersHeuristic
517286733,Checkers,0,GAME_OVER,82,81,2,183,MCTS_CheckersHeuristic,MCTS_CheckersHeuristic
-1549297166,Checkers,0,GAME_OVER,93,92,2,184,MCTS_CheckersHeuristic,MCTS_CheckersHeuristic
-390261751,Checkers,0,GAME_OVER,42,41,2,185,MCTS_CheckersHeuristic,MCTS_CheckersHeuristic
590409677,Checkers,0,GAME_OVER,59,58,2,186,MCTS_CheckersHeuristic,MCTS_CheckersHeuristic
1698638355,Checkers,0,GAME_OVER,63,62,2,187,MCTS_CheckersHeuristic,MCTS_CheckersHeuristic
1256886421,Checkers,0,GAME_OVER,62,61,2,188,MCTS_CheckersHeuristic,MCTS_CheckersHeuristic
1391148676,Checkers,0,GAME_OVER,31,30,2,189,MCTS_CheckersHeuristic,MCTS_CheckersHeuristic
1654485175,Checkers,0,GAME_OVER,131,130,2,190,MCTS_CheckersHeuristic,MCTS_CheckersHeuristic
1817485198,Checkers,0,GAME_OVER,44,43,2,191,MCTS_CheckersHeuristic,MCTS_CheckersHeuristic
1513876789,Checkers,0,GAME_OVER,123,122,2,192,MCTS_CheckersHeuristic,MCTS_CheckersHeuristic
83861845,Checkers,0,GAME_OVER,108,107,2,193,MCTS_CheckersHeuristic,MCTS_CheckersHeuristic
-2118927314,Checkers,0,GAME_OVER,52,51,2,194,MCTS_CheckersHeuristic,MCTS_CheckersHeuristic
-369965134,Checkers,0,GAME_OVER,100,99,2,195,MCTS_CheckersHeuristic,MCTS_CheckersHeuristic
-548751590,Checkers,0,GAME_OVER,32,31,2,196,MCTS_CheckersHeuristic,MCTS_CheckersHeuristic
-1483810362,Checkers,0,GAME_OVER,30,29,2,197,MCTS_CheckersHeuristic,MCTS_CheckersHeuristic
-1294980121,Checkers,0,GAME_OVER,38,37,2,198,MCTS_CheckersHeuristic,MCTS_CheckersHeuristic
1283361115,Checkers,0,GAME_OVER,96,95,2,199,MCTS_CheckersHeuristic,MCTS_CheckersHeuristic
1906199135,Checkers,0,GAME_OVER,62,61,2,200,MCTS_CheckersHeuristic,MCTS_CheckersHeuristic
-134759603,Checkers,0,GAME_OVER,26,25,2,201,MCTS_CheckersHeuristic,MCTS_CheckersHeuristic
1634390178,Checkers,0,GAME_OVER,31,30,2,202,OSLA,MCTS_CheckersHeuristic
1980696938,Checkers,0,GAME_OVER,39,38,2,203,OSLA,MCTS_CheckersHeuristic
1433263383,Checkers,0,GAME_OVER,84,83,2,204,OSLA,MCTS_CheckersHeuristic
-906895919,Checkers,0,GAME_OVER,41,40,2,205,OSLA,MCTS_CheckersHeuristic
-304834404,Checkers,0,GAME_OVER,71,70,2,206,OSLA,MCTS_CheckersHeuristic
-1177143619,Checkers,0,GAME_OVER,88,87,2,207,OSLA,MCTS_CheckersHeuristic
1235789652,Checkers,0,GAME_OVER,30,29,2,208,OSLA,MCTS_CheckersHeuristic
-943454790,Checkers,0,GAME_OVER,24,23,2,209,OSLA,MCTS_CheckersHeuristic
-61265526,Checkers,0,GAME_OVER,37,36,2,210,OSLA,MCTS_CheckersHeuristic
-1569090718,Checkers,0,GAME_OVER,35,34,2,211,OSLA,MCTS_CheckersHeuristic
-1018937342,Checkers,0,GAME_OVER,53,52,2,212,OSLA,MCTS_CheckersHeuristic
49071466,Checkers,0,GAME_OVER,42,41,2,213,OSLA,MCTS_CheckersHeuristic
-1459259571,Checkers,0,GAME_OVER,25,24,2,214,OSLA,MCTS_CheckersHeuristic
18458152,Checkers,0,GAME_OVER,32,31,2,215,OSLA,MCTS_CheckersHeuristic
871169150,Checkers,0,GAME_OVER,70,69,2,216,OSLA,MCTS_CheckersHeuristic
-1997601845,Checkers,0,GAME_OVER,34,33,2,217,OSLA,MCTS_CheckersHeuristic
460294138,Checkers,0,GAME_OVER,48,47,2,218,OSLA,MCTS_CheckersHeuristic
1348459206,Checkers,0,GAME_OVER,40,39,2,219,OSLA,MCTS_CheckersHeuristic
1259708220,Checkers,0,GAME_OVER,32,31,2,220,OSLA,MCTS_CheckersHeuristic
1348238929,Checkers,0,GAME_OVER,25,24,2,221,OSLA,MCTS_CheckersHeuristic
1500200122,Checkers,0,GAME_OVER,25,24,2,222,OSLA,MCTS_CheckersHeuristic
-1037770008,Checkers,0,GAME_OVER,26,25,2,223,OSLA,MCTS_CheckersHeuristic
393651539,Checkers,0,GAME_OVER,29,28,2,224,OSLA,MCTS_CheckersHeuristic
-916561366,Checkers,0,GAME_OVER,33,32,2,225,OSLA,MCTS_CheckersHeuristic
-557300495,Checkers,0,GAME_OVER,32,31,2,226,OSLA,MCTS_CheckersHeuristic
-520907637,Checkers,0,GAME_OVER,68,67,2,227,OSLA,MCTS_CheckersHeuristic
754346046,Checkers,0,GAME_OVER,33,32,2,228,OSLA,MCTS_CheckersHeuristic
-1466841933,Checkers,0,GAME_OVER,33,32,2,229,OSLA,MCTS_CheckersHeuristic
-1269194847,Checkers,0,GAME_OVER,30,29,2,230,OSLA,MCTS_CheckersHeuristic
480958858,Checkers,0,GAME_OVER,36,35,2,231,OSLA,MCTS_CheckersHeuristic
927668192,Checkers,0,GAME_OVER,42,41,2,232,OSLA,MCTS_CheckersHeuristic
-800149714,Checkers,0,GAME_OVER,42,41,2,233,OSLA,MCTS_CheckersHeuristic
2041138960,Checkers,0,GAME_OVER,93,92,2,234,OSLA,MCTS_CheckersHeuristic
848725111,Checkers,0,GAME_OVER,40,39,2,235,OSLA,MCTS_CheckersHeuristic
-1489776440,Checkers,0,GAME_OVER,29,28,2,236,OSLA,MCTS_CheckersHeuristic
-626544206,Checkers,0,GAME_OVER,74,73,2,237,OSLA,MCTS_CheckersHeuristic
-708762967,Checkers,0,GAME_OVER,33,32,2,238,OSLA,MCTS_CheckersHeuristic
1853890222,Checkers,0,GAME_OVER,75,74,2,239,OSLA,MCTS_CheckersHeuristic
-768191818,Checkers,0,GAME_OVER,40,39,2,240,OSLA,MCTS_CheckersHeuristic
-925159070,Checkers,0,GAME_OVER,31,30,2,241,OSLA,MCTS_CheckersHeuristic
647740191,Checkers,0,GAME_OVER,61,60,2,242,OSLA,MCTS_CheckersHeuristic
-256506969,Checkers,0,GAME_OVER,56,55,2,243,OSLA,MCTS_CheckersHeuristic
799218526,Checkers,0,GAME_OVER,30,29,2,244,OSLA,MCTS_CheckersHeuristic
1389290977,Checkers,0,GAME_OVER,32,31,2,245,OSLA,MCTS_CheckersHeuristic
-1973474088,Checkers,0,GAME_OVER,34,33,2,246,OSLA,MCTS_CheckersHeuristic
-1239917172,Checkers,0,GAME_OVER,30,29,2,247,OSLA,MCTS_CheckersHeuristic
-1585845909,Checkers,0,GAME_OVER,50,49,2,248,OSLA,MCTS_CheckersHeuristic
2109815301,Checkers,0,GAME_OVER,31,30,2,249,OSLA,MCTS_CheckersHeuristic
-1548426104,Checkers,0,GAME_OVER,68,67,2,250,OSLA,MCTS_CheckersHeuristic
673240843,Checkers,0,GAME_OVER,107,106,2,251,OSLA,MCTS_CheckersHeuristic
2028268486,Checkers,0,GAME_OVER,89,88,2,252,OSLA,MCTS_CheckersHeuristic
-1142717494,Checkers,0,GAME_OVER,28,27,2,253,OSLA,MCTS_CheckersHeuristic
-911691237,Checkers,0,GAME_OVER,46,45,2,254,OSLA,MCTS_CheckersHeuristic
-1529670036,Checkers,0,GAME_OVER,37,36,2,255,OSLA,MCTS_CheckersHeuristic
882974999,Checkers,0,GAME_OVER,51,50,2,256,OSLA,MCTS_CheckersHeuristic
1246447496,Checkers,0,GAME_OVER,35,34,2,257,OSLA,MCTS_CheckersHeuristic
-709681705,Checkers,0,GAME_OVER,39,38,2,258,OSLA,MCTS_CheckersHeuristic
919688677,Checkers,0,GAME_OVER,37,36,2,259,OSLA,MCTS_CheckersHeuristic
-1475433589,Checkers,0,GAME_OVER,46,45,2,260,OSLA,MCTS_CheckersHeuristic
-1361577368,Checkers,0,GAME_OVER,31,30,2,261,OSLA,MCTS_CheckersHeuristic
103902145,Checkers,0,GAME_OVER,31,30,2,262,OSLA,MCTS_CheckersHeuristic
-1380864723,Checkers,0,GAME_OVER,39,38,2,263,OSLA,MCTS_CheckersHeuristic
604773592,Checkers,0,GAME_OVER,33,32,2,264,OSLA,MCTS_CheckersHeuristic
-1349650412,Checkers,0,GAME_OVER,40,39,2,265,OSLA,MCTS_CheckersHeuristic
-1563430592,Checkers,0,GAME_OVER,31,30,2,266,OSLA,MCTS_CheckersHeuristic
1399185486,Checkers,0,GAME_OVER,36,35,2,267,OSLA,MCTS_CheckersHeuristic
2070675069,Checkers,0,GAME_OVER,46,45,2,268,OSLA,MCTS_CheckersHeuristic
1740545965,Checkers,0,GAME_OVER,35,34,2,269,OSLA,MCTS_CheckersHeuristic
1368498432,Checkers,0,GAME_OVER,24,23,2,270,OSLA,MCTS_CheckersHeuristic
-1773090881,Checkers,0,GAME_OVER,50,49,2,271,OSLA,MCTS_CheckersHeuristic
-201057714,Checkers,0,GAME_OVER,78,77,2,272,OSLA,MCTS_CheckersHeuristic
-127874046,Checkers,0,GAME_OVER,29,28,2,273,OSLA,MCTS_CheckersHeuristic
-1872105191,Checkers,0,GAME_OVER,61,60,2,274,OSLA,MCTS_CheckersHeuristic
1975625137,Checkers,0,GAME_OVER,30,29,2,275,OSLA,MCTS_CheckersHeuristic
-951433425,Checkers,0,GAME_OVER,31,30,2,276,OSLA,MCTS_CheckersHeuristic
-411297027,Checkers,0,GAME_OVER,26,25,2,277,OSLA,MCTS_CheckersHeuristic
789348207,Checkers,0,GAME_OVER,34,33,2,278,OSLA,MCTS_CheckersHeuristic
826211497,Checkers,0,GAME_OVER,28,27,2,279,OSLA,MCTS_CheckersHeuristic
711638559,Checkers,0,GAME_OVER,30,29,2,280,OSLA,MCTS_CheckersHeuristic
2042411104,Checkers,0,GAME_OVER,65,64,2,281,OSLA,MCTS_CheckersHeuristic
820516955,Checkers,0,GAME_OVER,40,39,2,282,OSLA,MCTS_CheckersHeuristic
1603255118,Checkers,0,GAME_OVER,65,64,2,283,OSLA,MCTS_CheckersHeuristic
-1711260808,Checkers,0,GAME_OVER,36,35,2,284,OSLA,MCTS_CheckersHeuristic
7118769,Checkers,0,GAME_OVER,35,34,2,285,OSLA,MCTS_CheckersHeuristic
1450771338,Checkers,0,GAME_OVER,31,30,2,286,OSLA,MCTS_CheckersHeuristic
-234172028,Checkers,0,GAME_OVER,70,69,2,287,OSLA,MCTS_CheckersHeuristic
-1990823820,Checkers,0,GAME_OVER,37,36,2,288,OSLA,MCTS_CheckersHeuristic
1214941555,Checkers,0,GAME_OVER,31,30,2,289,OSLA,MCTS_CheckersHeuristic
-109528283,Checkers,0,GAME_OVER,27,26,2,290,OSLA,MCTS_CheckersHeuristic
-526220616,Checkers,0,GAME_OVER,45,44,2,291,OSLA,MCTS_CheckersHeuristic
-1935439629,Checkers,0,GAME_OVER,30,29,2,292,OSLA,MCTS_CheckersHeuristic
-1954154602,Checkers,0,GAME_OVER,37,36,2,293,OSLA,MCTS_CheckersHeuristic
-1758498510,Checkers,0,GAME_OVER,52,51,2,294,OSLA,MCTS_CheckersHeuristic
-56489603,Checkers,0,GAME_OVER,31,30,2,295,OSLA,MCTS_CheckersHeuristic
-1725052550,Checkers,0,GAME_OVER,28,27,2,296,OSLA,MCTS_CheckersHeuristic
-1339353809,Checkers,0,GAME_OVER,33,32,2,297,OSLA,MCTS_CheckersHeuristic
-1450309831,Checkers,0,GAME_OVER,32,31,2,298,OSLA,MCTS_CheckersHeuristic
946430040,Checkers,0,GAME_OVER,30,29,2,299,OSLA,MCTS_CheckersHeuristic
1109297534,Checkers,0,GAME_OVER,31,30,2,300,OSLA,MCTS_CheckersHeuristic
1790991723,Checkers,0,GAME_OVER,41,40,2,301,OSLA,MCTS_CheckersHeuristic
-2130879446,Checkers,0,GAME_OVER,66,65,2,302,OSLA,MCTS_CheckersHeuristic
719078359,Checkers,0,GAME_OVER,26,25,2,303,OSLA,MCTS_CheckersHeuristic
-1391194653,Checkers,0,GAME_OVER,37,36,2,304,OSLA,MCTS_CheckersHeuristic
1405304257,Checkers,0,GAME_OVER,36,35,2,305,OSLA,MCTS_CheckersHeuristic
138024061,Checkers,0,GAME_OVER,40,39,2,306,OSLA,MCTS_CheckersHeuristic
-1560886809,Checkers,0,GAME_OVER,25,24,2,307,OSLA,MCTS_CheckersHeuristic
-627570753,Checkers,0,GAME_OVER,34,33,2,308,OSLA,MCTS_CheckersHeuristic
214968166,Checkers,0,GAME_OVER,30,29,2,309,OSLA,MCTS_CheckersHeuristic
2002927771,Checkers,0,GAME_OVER,32,31,2,310,OSLA,MCTS_CheckersHeuristic
1145760359,Checkers,0,GAME_OVER,30,29,2,311,OSLA,MCTS_CheckersHeuristic
1421392738,Checkers,0,GAME_OVER,29,28,2,312,OSLA,MCTS_CheckersHeuristic
-1600797690,Checkers,0,GAME_OVER,44,43,2,313,OSLA,MCTS_CheckersHeuristic
1573684604,Checkers,0,GAME_OVER,34,33,2,314,OSLA,MCTS_CheckersHeuristic
-1253018376,Checkers,0,GAME_OVER,34,33,2,315,OSLA,MCTS_CheckersHeuristic
761205658,Checkers,0,GAME_OVER,23,22,2,316,OSLA,MCTS_CheckersHeuristic
-579190352,Checkers,0,GAME_OVER,28,27,2,317,OSLA,MCTS_CheckersHeuristic
1503046544,Checkers,0,GAME_OVER,28,27,2,318,OSLA,MCTS_CheckersHeuristic
1302884374,Checkers,0,GAME_OVER,37,36,2,319,OSLA,MCTS_CheckersHeuristic
-1092868814,Checkers,0,GAME_OVER,70,69,2,320,OSLA,MCTS_CheckersHeuristic
733276689,Checkers,0,GAME_OVER,79,78,2,321,OSLA,MCTS_CheckersHeuristic
-1168918557,Checkers,0,GAME_OVER,34,33,2,322,OSLA,MCTS_CheckersHeuristic
704925036,Checkers,0,GAME_OVER,67,66,2,323,OSLA,MCTS_CheckersHeuristic
-271784260,Checkers,0,GAME_OVER,40,39,2,324,OSLA,MCTS_CheckersHeuristic
1829599460,Checkers,0,GAME_OVER,45,44,2,325,OSLA,MCTS_CheckersHeuristic
-132123781,Checkers,0,GAME_OVER,27,26,2,326,OSLA,MCTS_CheckersHeuristic
1719721827,Checkers,0,GAME_OVER,71,70,2,327,OSLA,MCTS_CheckersHeuristic
-400875376,Checkers,0,GAME_OVER,39,38,2,328,OSLA,MCTS_CheckersHeuristic
-1584011863,Checkers,0,GAME_OVER,41,40,2,329,OSLA,MCTS_CheckersHeuristic
-874281724,Checkers,0,GAME_OVER,60,59,2,330,OSLA,MCTS_CheckersHeuristic
607853563,Checkers,0,GAME_OVER,27,26,2,331,OSLA,MCTS_CheckersHeuristic
-1949378284,Checkers,0,GAME_OVER,41,40,2,332,OSLA,MCTS_CheckersHeuristic
550147220,Checkers,0,GAME_OVER,47,46,2,333,OSLA,MCTS_CheckersHeuristic
653426863,Checkers,0,GAME_OVER,30,29,2,334,OSLA,MCTS_CheckersHeuristic
619559134,Checkers,0,GAME_OVER,29,28,2,335,OSLA,MCTS_CheckersHeuristic
-1848393412,Checkers,0,GAME_OVER,29,28,2,336,OSLA,MCTS_CheckersHeuristic
751837896,Checkers,0,GAME_OVER,30,29,2,337,OSLA,MCTS_CheckersHeuristic
-1044147626,Checkers,0,GAME_OVER,44,43,2,338,OSLA,MCTS_CheckersHeuristic
-1128008526,Checkers,0,GAME_OVER,75,74,2,339,OSLA,MCTS_CheckersHeuristic
1292526932,Checkers,0,GAME_OVER,26,25,2,340,OSLA,MCTS_CheckersHeuristic
-314228284,Checkers,0,GAME_OVER,30,29,2,341,OSLA,MCTS_CheckersHeuristic
1499768291,Checkers,0,GAME_OVER,43,42,2,342,OSLA,MCTS_CheckersHeuristic
-1065410130,Checkers,0,GAME_OVER,24,23,2,343,OSLA,MCTS_CheckersHeuristic
-449501699,Checkers,0,GAME_OVER,33,32,2,344,OSLA,MCTS_CheckersHeuristic
-1684908515,Checkers,0,GAME_OVER,33,32,2,345,OSLA,MCTS_CheckersHeuristic
2078749170,Checkers,0,GAME_OVER,58,57,2,346,OSLA,MCTS_CheckersHeuristic
-506346129,Checkers,0,GAME_OVER,41,40,2,347,OSLA,MCTS_CheckersHeuristic
-1211286156,Checkers,0,GAME_OVER,37,36,2,348,OSLA,MCTS_CheckersHeuristic
-217592467,Checkers,0,GAME_OVER,36,35,2,349,OSLA,MCTS_CheckersHeuristic
1534331061,Checkers,0,GAME_OVER,52,51,2,350,OSLA,MCTS_CheckersHeuristic
-1498652148,Checkers,0,GAME_OVER,33,32,2,351,OSLA,MCTS_CheckersHeuristic
1456231706,Checkers,0,GAME_OVER,40,39,2,352,OSLA,MCTS_CheckersHeuristic
381116299,Checkers,0,GAME_OVER,85,84,2,353,OSLA,MCTS_CheckersHeuristic
273732376,Checkers,0,GAME_OVER,36,35,2,354,OSLA,MCTS_CheckersHeuristic
795163751,Checkers,0,GAME_OVER,36,35,2,355,OSLA,MCTS_CheckersHeuristic
1362849584,Checkers,0,GAME_OVER,31,30,2,356,OSLA,MCTS_CheckersHeuristic
-721178884,Checkers,0,GAME_OVER,28,27,2,357,OSLA,MCTS_CheckersHeuristic
-367027675,Checkers,0,GAME_OVER,39,38,2,358,OSLA,MCTS_CheckersHeuristic
1147515846,Checkers,0,GAME_OVER,88,87,2,359,OSLA,MCTS_CheckersHeuristic
-685758239,Checkers,0,GAME_OVER,44,43,2,360,OSLA,MCTS_CheckersHeuristic
-257622872,Checkers,0,GAME_OVER,40,39,2,361,OSLA,MCTS_CheckersHeuristic
-2109537624,Checkers,0,GAME_OVER,62,61,2,362,OSLA,MCTS_CheckersHeuristic
1805450913,Checkers,0,GAME_OVER,46,45,2,363,OSLA,MCTS_CheckersHeuristic
-596797307,Checkers,0,GAME_OVER,32,31,2,364,OSLA,MCTS_CheckersHeuristic
1201201872,Checkers,0,GAME_OVER,97,96,2,365,OSLA,MCTS_CheckersHeuristic
-1562894570,Checkers,0,GAME_OVER,27,26,2,366,OSLA,MCTS_CheckersHeuristic
-375299907,Checkers,0,GAME_OVER,36,35,2,367,OSLA,MCTS_CheckersHeuristic
-1657910237,Checkers,0,GAME_OVER,40,39,2,368,OSLA,MCTS_CheckersHeuristic
-312587457,Checkers,0,GAME_OVER,57,56,2,369,OSLA,MCTS_CheckersHeuristic
1633745834,Checkers,0,GAME_OVER,37,36,2,370,OSLA,MCTS_CheckersHeuristic
-1083822471,Checkers,0,GAME_OVER,45,44,2,371,OSLA,MCTS_CheckersHeuristic
342961208,Checkers,0,GAME_OVER,62,61,2,372,OSLA,MCTS_CheckersHeuristic
-1505880897,Checkers,0,GAME_OVER,23,22,2,373,OSLA,MCTS_CheckersHeuristic
4802768,Checkers,0,GAME_OVER,43,42,2,374,OSLA,MCTS_CheckersHeuristic
-1392627353,Checkers,0,GAME_OVER,42,41,2,375,OSLA,MCTS_CheckersHeuristic
-539277642,Checkers,0,GAME_OVER,34,33,2,376,OSLA,MCTS_CheckersHeuristic
1752439758,Checkers,0,GAME_OVER,32,31,2,377,OSLA,MCTS_CheckersHeuristic
-383727673,Checkers,0,GAME_OVER,27,26,2,378,OSLA,MCTS_CheckersHeuristic
-1723383266,Checkers,0,GAME_OVER,28,27,2,379,OSLA,MCTS_CheckersHeuristic
928826959,Checkers,0,GAME_OVER,23,22,2,380,OSLA,MCTS_CheckersHeuristic
1427348113,Checkers,0,GAME_OVER,28,27,2,381,OSLA,MCTS_CheckersHeuristic
-520266367,Checkers,0,GAME_OVER,43,42,2,382,OSLA,MCTS_CheckersHeuristic
517286733,Checkers,0,GAME_OVER,31,30,2,383,OSLA,MCTS_CheckersHeuristic
-1549297166,Checkers,0,GAME_OVER,84,83,2,384,OSLA,MCTS_CheckersHeuristic
-390261751,Checkers,0,GAME_OVER,48,47,2,385,OSLA,MCTS_CheckersHeuristic
590409677,Checkers,0,GAME_OVER,28,27,2,386,OSLA,MCTS_CheckersHeuristic
1698638355,Checkers,0,GAME_OVER,118,117,2,387,OSLA,MCTS_CheckersHeuristic
1256886421,Checkers,0,GAME_OVER,31,30,2,388,OSLA,MCTS_CheckersHeuristic
1391148676,Checkers,0,GAME_OVER,36,35,2,389,OSLA,MCTS_CheckersHeuristic
1654485175,Checkers,0,GAME_OVER,27,26,2,390,OSLA,MCTS_CheckersHeuristic
1817485198,Checkers,0,GAME_OVER,25,24,2,391,OSLA,MCTS_CheckersHeuristic
1513876789,Checkers,0,GAME_OVER,53,52,2,392,OSLA,MCTS_CheckersHeuristic
83861845,Checkers,0,GAME_OVER,33,32,2,393,OSLA,MCTS_CheckersHeuristic
-2118927314,Checkers,0,GAME_OVER,79,78,2,394,OSLA,MCTS_CheckersHeuristic
-369965134,Checkers,0,GAME_OVER,71,70,2,395,OSLA,MCTS_CheckersHeuristic
-548751590,Checkers,0,GAME_OVER,39,38,2,396,OSLA,MCTS_CheckersHeuristic
-1483810362,Checkers,0,GAME_OVER,34,33,2,397,OSLA,MCTS_CheckersHeuristic
-1294980121,Checkers,0,GAME_OVER,27,26,2,398,OSLA,MCTS_CheckersHeuristic
1283361115,Checkers,0,GAME_OVER,24,23,2,399,OSLA,MCTS_CheckersHeuristic
1906199135,Checkers,0,GAME_OVER,25,24,2,400,OSLA,MCTS_CheckersHeuristic
-134759603,Checkers,0,GAME_OVER,47,46,2,401,OSLA,MCTS_CheckersHeuristic
1634390178,Checkers,0,GAME_OVER,24,23,2,402,RandomPlayerConfig,MCTS_CheckersHeuristic
1980696938,Checkers,0,GAME_OVER,26,25,2,403,RandomPlayerConfig,MCTS_CheckersHeuristic
1433263383,Checkers,0,GAME_OVER,26,25,2,404,RandomPlayerConfig,MCTS_CheckersHeuristic
-906895919,Checkers,0,GAME_OVER,27,26,2,405,RandomPlayerConfig,MCTS_CheckersHeuristic
-304834404,Checkers,0,GAME_OVER,33,32,2,406,RandomPlayerConfig,MCTS_CheckersHeuristic
-1177143619,Checkers,0,GAME_OVER,30,29,2,407,RandomPlayerConfig,MCTS_CheckersHeuristic
1235789652,Checkers,0,GAME_OVER,28,27,2,408,RandomPlayerConfig,MCTS_CheckersHeuristic
-943454790,Checkers,0,GAME_OVER,29,28,2,409,RandomPlayerConfig,MCTS_CheckersHeuristic
-61265526,Checkers,0,GAME_OVER,40,39,2,410,RandomPlayerConfig,MCTS_CheckersHeuristic
-1569090718,Checkers,0,GAME_OVER,22,21,2,411,RandomPlayerConfig,MCTS_CheckersHeuristic
-1018937342,Checkers,0,GAME_OVER,24,23,2,412,RandomPlayerConfig,MCTS_CheckersHeuristic
49071466,Checkers,0,GAME_OVER,27,26,2,413,RandomPlayerConfig,MCTS_CheckersHeuristic
-1459259571,Checkers,0,GAME_OVER,24,23,2,414,RandomPlayerConfig,MCTS_CheckersHeuristic
18458152,Checkers,0,GAME_OVER,24,23,2,415,RandomPlayerConfig,MCTS_CheckersHeuristic
871169150,Checkers,0,GAME_OVER,32,31,2,416,RandomPlayerConfig,MCTS_CheckersHeuristic
-1997601845,Checkers,0,GAME_OVER,26,25,2,417,RandomPlayerConfig,MCTS_CheckersHeuristic
460294138,Checkers,0,GAME_OVER,26,25,2,418,RandomPlayerConfig,MCTS_CheckersHeuristic
1348459206,Checkers,0,GAME_OVER,28,27,2,419,RandomPlayerConfig,MCTS_CheckersHeuristic
1259708220,Checkers,0,GAME_OVER,23,22,2,420,RandomPlayerConfig,MCTS_CheckersHeuristic
1348238929,Checkers,0,GAME_OVER,27,26,2,421,RandomPlayerConfig,MCTS_CheckersHeuristic
1500200122,Checkers,0,GAME_OVER,26,25,2,422,RandomPlayerConfig,MCTS_CheckersHeuristic
-1037770008,Checkers,0,GAME_OVER,27,26,2,423,RandomPlayerConfig,MCTS_CheckersHeuristic
393651539,Checkers,0,GAME_OVER,24,23,2,424,RandomPlayerConfig,MCTS_CheckersHeuristic
-916561366,Checkers,0,GAME_OVER,20,19,2,425,RandomPlayerConfig,MCTS_CheckersHeuristic
-557300495,Checkers,0,GAME_OVER,27,26,2,426,RandomPlayerConfig,MCTS_CheckersHeuristic
-520907637,Checkers,0,GAME_OVER,26,25,2,427,RandomPlayerConfig,MCTS_CheckersHeuristic
754346046,Checkers,0,GAME_OVER,29,28,2,428,RandomPlayerConfig,MCTS_CheckersHeuristic
-1466841933,Checkers,0,GAME_OVER,25,24,2,429,RandomPlayerConfig,MCTS_CheckersHeuristic
-1269194847,Checkers,0,GAME_OVER,30,29,2,430,RandomPlayerConfig,MCTS_CheckersHeuristic
480958858,Checkers,0,GAME_OVER,23,22,2,431,RandomPlayerConfig,MCTS_CheckersHeuristic
927668192,Checkers,0,GAME_OVER,23,22,2,432,RandomPlayerConfig,MCTS_CheckersHeuristic
-800149714,Checkers,0,GAME_OVER,20,19,2,433,RandomPlayerConfig,MCTS_CheckersHeuristic
2041138960,Checkers,0,GAME_OVER,26,25,2,434,RandomPlayerConfig,MCTS_CheckersHeuristic
848725111,Checkers,0,GAME_OVER,26,25,2,435,RandomPlayerConfig,MCTS_CheckersHeuristic
-1489776440,Checkers,0,GAME_OVER,25,24,2,436,RandomPlayerConfig,MCTS_CheckersHeuristic
-626544206,Checkers,0,GAME_OVER,27,26,2,437,RandomPlayerConfig,MCTS_CheckersHeuristic
-708762967,Checkers,0,GAME_OVER,26,25,2,438,RandomPlayerConfig,MCTS_CheckersHeuristic
1853890222,Checkers,0,GAME_OVER,29,28,2,439,RandomPlayerConfig,MCTS_CheckersHeuristic
-768191818,Checkers,0,GAME_OVER,30,29,2,440,RandomPlayerConfig,MCTS_CheckersHeuristic
-925159070,Checkers,0,GAME_OVER,34,33,2,441,RandomPlayerConfig,MCTS_CheckersHeuristic
647740191,Checkers,0,GAME_OVER,28,27,2,442,RandomPlayerConfig,MCTS_CheckersHeuristic
-256506969,Checkers,0,GAME_OVER,25,24,2,443,RandomPlayerConfig,MCTS_CheckersHeuristic
799218526,Checkers,0,GAME_OVER,30,29,2,444,RandomPlayerConfig,MCTS_CheckersHeuristic
1389290977,Checkers,0,GAME_OVER,29,28,2,445,RandomPlayerConfig,MCTS_CheckersHeuristic
-1973474088,Checkers,0,GAME_OVER,23,22,2,446,RandomPlayerConfig,MCTS_CheckersHeuristic
-1239917172,Checkers,0,GAME_OVER,26,25,2,447,RandomPlayerConfig,MCTS_CheckersHeuristic
-1585845909,Checkers,0,GAME_OVER,22,21,2,448,RandomPlayerConfig,MCTS_CheckersHeuristic
2109815301,Checkers,0,GAME_OVER,28,27,2,449,RandomPlayerConfig,MCTS_CheckersHeuristic
-1548426104,Checkers,0,GAME_OVER,23,22,2,450,RandomPlayerConfig,MCTS_CheckersHeuristic
673240843,Checkers,0,GAME_OVER,25,24,2,451,RandomPlayerConfig,MCTS_CheckersHeuristic
2028268486,Checkers,0,GAME_OVER,24,23,2,452,RandomPlayerConfig,MCTS_CheckersHeuristic
-1142717494,Checkers,0,GAME_OVER,38,37,2,453,RandomPlayerConfig,MCTS_CheckersHeuristic
-911691237,Checkers,0,GAME_OVER,25,24,2,454,RandomPlayerConfig,MCTS_CheckersHeuristic
-1529670036,Checkers,0,GAME_OVER,27,26,2,455,RandomPlayerConfig,MCTS_CheckersHeuristic
882974999,Checkers,0,GAME_OVER,30,29,2,456,RandomPlayerConfig,MCTS_CheckersHeuristic
1246447496,Checkers,0,GAME_OVER,25,24,2,457,RandomPlayerConfig,MCTS_CheckersHeuristic
-709681705,Checkers,0,GAME_OVER,23,22,2,458,RandomPlayerConfig,MCTS_CheckersHeuristic
919688677,Checkers,0,GAME_OVER,26,25,2,459,RandomPlayerConfig,MCTS_CheckersHeuristic
-1475433589,Checkers,0,GAME_OVER,28,27,2,460,RandomPlayerConfig,MCTS_CheckersHeuristic
-1361577368,Checkers,0,GAME_OVER,21,20,2,461,RandomPlayerConfig,MCTS_CheckersHeuristic
103902145,Checkers,0,GAME_OVER,33,32,2,462,RandomPlayerConfig,MCTS_CheckersHeuristic
-1380864723,Checkers,0,GAME_OVER,26,25,2,463,RandomPlayerConfig,MCTS_CheckersHeuristic
604773592,Checkers,0,GAME_OVER,22,21,2,464,RandomPlayerConfig,MCTS_CheckersHeuristic
-1349650412,Checkers,0,GAME_OVER,22,21,2,465,RandomPlayerConfig,MCTS_CheckersHeuristic
-1563430592,Checkers,0,GAME_OVER,26,25,2,466,RandomPlayerConfig,MCTS_CheckersHeuristic
1399185486,Checkers,0,GAME_OVER,30,29,2,467,RandomPlayerConfig,MCTS_CheckersHeuristic
2070675069,Checkers,0,GAME_OVER,23,22,2,468,RandomPlayerConfig,MCTS_CheckersHeuristic
1740545965,Checkers,0,GAME_OVER,26,25,2,469,RandomPlayerConfig,MCTS_CheckersHeuristic
1368498432,Checkers,0,GAME_OVER,28,27,2,470,RandomPlayerConfig,MCTS_CheckersHeuristic
-1773090881,Checkers,0,GAME_OVER,28,27,2,471,RandomPlayerConfig,MCTS_CheckersHeuristic
-201057714,Checkers,0,GAME_OVER,30,29,2,472,RandomPlayerConfig,MCTS_CheckersHeuristic
-127874046,Checkers,0,GAME_OVER,26,25,2,473,RandomPlayerConfig,MCTS_CheckersHeuristic
-1872105191,Checkers,0,GAME_OVER,24,23,2,474,RandomPlayerConfig,MCTS_CheckersHeuristic
1975625137,Checkers,0,GAME_OVER,27,26,2,475,RandomPlayerConfig,MCTS_CheckersHeuristic
-951433425,Checkers,0,GAME_OVER,25,24,2,476,RandomPlayerConfig,MCTS_CheckersHeuristic
-411297027,Checkers,0,GAME_OVER,28,27,2,477,RandomPlayerConfig,MCTS_CheckersHeuristic
789348207,Checkers,0,GAME_OVER,31,30,2,478,RandomPlayerConfig,MCTS_CheckersHeuristic
826211497,Checkers,0,GAME_OVER,29,28,2,479,RandomPlayerConfig,MCTS_CheckersHeuristic
711638559,Checkers,0,GAME_OVER,22,21,2,480,RandomPlayerConfig,MCTS_CheckersHeuristic
2042411104,Checkers,0,GAME_OVER,26,25,2,481,RandomPlayerConfig,MCTS_CheckersHeuristic
820516955,Checkers,0,GAME_OVER,25,24,2,482,RandomPlayerConfig,MCTS_CheckersHeuristic
1603255118,Checkers,0,GAME_OVER,30,29,2,483,RandomPlayerConfig,MCTS_CheckersHeuristic
-1711260808,Checkers,0,GAME_OVER,26,25,2,484,RandomPlayerConfig,MCTS_CheckersHeuristic
7118769,Checkers,0,GAME_OVER,34,33,2,485,RandomPlayerConfig,MCTS_CheckersHeuristic
1450771338,Checkers,0,GAME_OVER,32,31,2,486,RandomPlayerConfig,MCTS_CheckersHeuristic
-234172028,Checkers,0,GAME_OVER,24,23,2,487,RandomPlayerConfig,MCTS_CheckersHeuristic
-1990823820,Checkers,0,GAME_OVER,32,31,2,488,RandomPlayerConfig,MCTS_CheckersHeuristic
1214941555,Checkers,0,GAME_OVER,22,21,2,489,RandomPlayerConfig,MCTS_CheckersHeuristic
-109528283,Checkers,0,GAME_OVER,31,30,2,490,RandomPlayerConfig,MCTS_CheckersHeuristic
-526220616,Checkers,0,GAME_OVER,23,22,2,491,RandomPlayerConfig,MCTS_CheckersHeuristic
-1935439629,Checkers,0,GAME_OVER,27,26,2,492,RandomPlayerConfig,MCTS_CheckersHeuristic
-1954154602,Checkers,0,GAME_OVER,25,24,2,493,RandomPlayerConfig,MCTS_CheckersHeuristic
-1758498510,Checkers,0,GAME_OVER,26,25,2,494,RandomPlayerConfig,MCTS_CheckersHeuristic
-56489603,Checkers,0,GAME_OVER,25,24,2,495,RandomPlayerConfig,MCTS_CheckersHeuristic
-1725052550,Checkers,0,GAME_OVER,27,26,2,496,RandomPlayerConfig,MCTS_CheckersHeuristic
-1339353809,Checkers,0,GAME_OVER,28,27,2,497,RandomPlayerConfig,MCTS_CheckersHeuristic
-1450309831,Checkers,0,GAME_OVER,30,29,2,498,RandomPlayerConfig,MCTS_CheckersHeuristic
946430040,Checkers,0,GAME_OVER,22,21,2,499,RandomPlayerConfig,MCTS_CheckersHeuristic
1109297534,Checkers,0,GAME_OVER,26,25,2,500,RandomPlayerConfig,MCTS_CheckersHeuristic
1790991723,Checkers,0,GAME_OVER,31,30,2,501,RandomPlayerConfig,MCTS_CheckersHeuristic
-2130879446,Checkers,0,GAME_OVER,26,25,2,502,RandomPlayerConfig,MCTS_CheckersHeuristic
719078359,Checkers,0,GAME_OVER,27,26,2,503,RandomPlayerConfig,MCTS_CheckersHeuristic
-1391194653,Checkers,0,GAME_OVER,26,25,2,504,RandomPlayerConfig,MCTS_CheckersHeuristic
1405304257,Checkers,0,GAME_OVER,29,28,2,505,RandomPlayerConfig,MCTS_CheckersHeuristic
138024061,Checkers,0,GAME_OVER,25,24,2,506,RandomPlayerConfig,MCTS_CheckersHeuristic
-1560886809,Checkers,0,GAME_OVER,27,26,2,507,RandomPlayerConfig,MCTS_CheckersHeuristic
-627570753,Checkers,0,GAME_OVER,24,23,2,508,RandomPlayerConfig,MCTS_CheckersHeuristic
214968166,Checkers,0,GAME_OVER,74,73,2,509,RandomPlayerConfig,MCTS_CheckersHeuristic
2002927771,Checkers,0,GAME_OVER,23,22,2,510,RandomPlayerConfig,MCTS_CheckersHeuristic
1145760359,Checkers,0,GAME_OVER,36,35,2,511,RandomPlayerConfig,MCTS_CheckersHeuristic
1421392738,Checkers,0,GAME_OVER,26,25,2,512,RandomPlayerConfig,MCTS_CheckersHeuristic
-1600797690,Checkers,0,GAME_OVER,27,26,2,513,RandomPlayerConfig,MCTS_CheckersHeuristic
1573684604,Checkers,0,GAME_OVER,26,25,2,514,RandomPlayerConfig,MCTS_CheckersHeuristic
-1253018376,Checkers,0,GAME_OVER,24,23,2,515,RandomPlayerConfig,MCTS_CheckersHeuristic
761205658,Checkers,0,GAME_OVER,26,25,2,516,RandomPlayerConfig,MCTS_CheckersHeuristic
-579190352,Checkers,0,GAME_OVER,25,24,2,517,RandomPlayerConfig,MCTS_CheckersHeuristic
1503046544,Checkers,0,GAME_OVER,27,26,2,518,RandomPlayerConfig,MCTS_CheckersHeuristic
1302884374,Checkers,0,GAME_OVER,27,26,2,519,RandomPlayerConfig,MCTS_CheckersHeuristic
-1092868814,Checkers,0,GAME_OVER,27,26,2,520,RandomPlayerConfig,MCTS_CheckersHeuristic
733276689,Checkers,0,GAME_OVER,23,22,2,521,RandomPlayerConfig,MCTS_CheckersHeuristic
-1168918557,Checkers,0,GAME_OVER,26,25,2,522,RandomPlayerConfig,MCTS_CheckersHeuristic
704925036,Checkers,0,GAME_OVER,24,23,2,523,RandomPlayerConfig,MCTS_CheckersHeuristic
-271784260,Checkers,0,GAME_OVER,29,28,2,524,RandomPlayerConfig,MCTS_CheckersHeuristic
1829599460,Checkers,0,GAME_OVER,30,29,2,525,RandomPlayerConfig,MCTS_CheckersHeuristic
-132123781,Checkers,0,GAME_OVER,26,25,2,526,RandomPlayerConfig,MCTS_CheckersHeuristic
1719721827,Checkers,0,GAME_OVER,23,22,2,527,RandomPlayerConfig,MCTS_CheckersHeuristic
-400875376,Checkers,0,GAME_OVER,30,29,2,528,RandomPlayerConfig,MCTS_CheckersHeuristic
-1584011863,Checkers,0,GAME_OVER,29,28,2,529,RandomPlayerConfig,MCTS_CheckersHeuristic
-874281724,Checkers,0,GAME_OVER,22,21,2,530,RandomPlayerConfig,MCTS_CheckersHeuristic
607853563,Checkers,0,GAME_OVER,27,26,2,531,RandomPlayerConfig,MCTS_CheckersHeuristic
-1949378284,Checkers,0,GAME_OVER,22,21,2,532,RandomPlayerConfig,MCTS_CheckersHeuristic
550147220,Checkers,0,GAME_OVER,24,23,2,533,RandomPlayerConfig,MCTS_CheckersHeuristic
653426863,Checkers,0,GAME_OVER,26,25,2,534,RandomPlayerConfig,MCTS_CheckersHeuristic
619559134,Checkers,0,GAME_OVER,23,22,2,535,RandomPlayerConfig,MCTS_CheckersHeuristic
-1848393412,Checkers,0,GAME_OVER,26,25,2,536,RandomPlayerConfig,MCTS_CheckersHeuristic
751837896,Checkers,0,GAME_OVER,29,28,2,537,RandomPlayerConfig,MCTS_CheckersHeuristic
-1044147626,Checkers,0,GAME_OVER,25,24,2,538,RandomPlayerConfig,MCTS_CheckersHeuristic
-1128008526,Checkers,0,GAME_OVER,24,23,2,539,RandomPlayerConfig,MCTS_CheckersHeuristic
1292526932,Checkers,0,GAME_OVER,27,26,2,540,RandomPlayerConfig,MCTS_CheckersHeuristic
-314228284,Checkers,0,GAME_OVER,27,26,2,541,RandomPlayerConfig,MCTS_CheckersHeuristic
1499768291,Checkers,0,GAME_OVER,23,22,2,542,RandomPlayerConfig,MCTS_CheckersHeuristic
-1065410130,Checkers,0,GAME_OVER,28,27,2,543,RandomPlayerConfig,MCTS_CheckersHeuristic
-449501699,Checkers,0,GAME_OVER,28,27,2,544,RandomPlayerConfig,MCTS_CheckersHeuristic
-1684908515,Checkers,0,GAME_OVER,30,29,2,545,RandomPlayerConfig,MCTS_CheckersHeuristic
2078749170,Checkers,0,GAME_OVER,22,21,2,546,RandomPlayerConfig,MCTS_CheckersHeuristic
-506346129,Checkers,0,GAME_OVER,26,25,2,547,RandomPlayerConfig,MCTS_CheckersHeuristic
-1211286156,Checkers,0,GAME_OVER,26,25,2,548,RandomPlayerConfig,MCTS_CheckersHeuristic
-217592467,Checkers,0,GAME_OVER,25,24,2,549,RandomPlayerConfig,MCTS_CheckersHeuristic
1534331061,Checkers,0,GAME_OVER,28,27,2,550,RandomPlayerConfig,MCTS_CheckersHeuristic
-1498652148,Checkers,0,GAME_OVER,28,27,2,551,RandomPlayerConfig,MCTS_CheckersHeuristic
1456231706,Checkers,0,GAME_OVER,29,28,2,552,RandomPlayerConfig,MCTS_CheckersHeuristic
381116299,Checkers,0,GAME_OVER,28,27,2,553,RandomPlayerConfig,MCTS_CheckersHeuristic
273732376,Checkers,0,GAME_OVER,25,24,2,554,RandomPlayerConfig,MCTS_CheckersHeuristic
795163751,Checkers,0,GAME_OVER,27,26,2,555,RandomPlayerConfig,MCTS_CheckersHeuristic
1362849584,Checkers,0,GAME_OVER,24,23,2,556,RandomPlayerConfig,MCTS_CheckersHeuristic
-721178884,Checkers,0,GAME_OVER,23,22,2,557,RandomPlayerConfig,MCTS_CheckersHeuristic
-367027675,Checkers,0,GAME_OVER,33,32,2,558,RandomPlayerConfig,MCTS_CheckersHeuristic
1147515846,Checkers,0,GAME_OVER,26,25,2,559,RandomPlayerConfig,MCTS_CheckersHeuristic
-685758239,Checkers,0,GAME_OVER,24,23,2,560,RandomPlayerConfig,MCTS_CheckersHeuristic
-257622872,Checkers,0,GAME_OVER,30,29,2,561,RandomPlayerConfig,MCTS_CheckersHeuristic
-2109537624,Checkers,0,GAME_OVER,33,32,2,562,RandomPlayerConfig,MCTS_CheckersHeuristic
1805450913,Checkers,0,GAME_OVER,27,26,2,563,RandomPlayerConfig,MCTS_CheckersHeuristic
-596797307,Checkers,0,GAME_OVER,22,21,2,564,RandomPlayerConfig,MCTS_CheckersHeuristic
1201201872,Checkers,0,GAME_OVER,24,23,2,565,RandomPlayerConfig,MCTS_CheckersHeuristic
-1562894570,Checkers,0,GAME_OVER,33,32,2,566,RandomPlayerConfig,MCTS_CheckersHeuristic
-375299907,Checkers,0,GAME_OVER,30,29,2,567,RandomPlayerConfig,MCTS_CheckersHeuristic
-1657910237,Checkers,0,GAME_OVER,24,23,2,568,RandomPlayerConfig,MCTS_CheckersHeuristic
-312587457,Checkers,0,GAME_OVER,27,26,2,569,RandomPlayerConfig,MCTS_CheckersHeuristic
1633745834,Checkers,0,GAME_OVER,24,23,2,570,RandomPlayerConfig,MCTS_CheckersHeuristic
-1083822471,Checkers,0,GAME_OVER,28,27,2,571,RandomPlayerConfig,MCTS_CheckersHeuristic
342961208,Checkers,0,GAME_OVER,22,21,2,572,RandomPlayerConfig,MCTS_CheckersHeuristic
-1505880897,Checkers,0,GAME_OVER,29,28,2,573,RandomPlayerConfig,MCTS_CheckersHeuristic
4802768,Checkers,0,GAME_OVER,26,25,2,574,RandomPlayerConfig,MCTS_CheckersHeuristic
-1392627353,Checkers,0,GAME_OVER,26,25,2,575,RandomPlayerConfig,MCTS_CheckersHeuristic
-539277642,Checkers,0,GAME_OVER,24,23,2,576,RandomPlayerConfig,MCTS_CheckersHeuristic
1752439758,Checkers,0,GAME_OVER,25,24,2,577,RandomPlayerConfig,MCTS_CheckersHeuristic
-383727673,Checkers,0,GAME_OVER,26,25,2,578,RandomPlayerConfig,MCTS_CheckersHeuristic
-1723383266,Checkers,0,GAME_OVER,28,27,2,579,RandomPlayerConfig,MCTS_CheckersHeuristic
928826959,Checkers,0,GAME_OVER,28,27,2,580,RandomPlayerConfig,MCTS_CheckersHeuristic
1427348113,Checkers,0,GAME_OVER,21,20,2,581,RandomPlayerConfig,MCTS_CheckersHeuristic
-520266367,Checkers,0,GAME_OVER,24,23,2,582,RandomPlayerConfig,MCTS_CheckersHeuristic
517286733,Checkers,0,GAME_OVER,21,20,2,583,RandomPlayerConfig,MCTS_CheckersHeuristic
-1549297166,Checkers,0,GAME_OVER,25,24,2,584,RandomPlayerConfig,MCTS_CheckersHeuristic
-390261751,Checkers,0,GAME_OVER,30,29,2,585,RandomPlayerConfig,MCTS_CheckersHeuristic
590409677,Checkers,0,GAME_OVER,26,25,2,586,RandomPlayerConfig,MCTS_CheckersHeuristic
1698638355,Checkers,0,GAME_OVER,26,25,2,587,RandomPlayerConfig,MCTS_CheckersHeuristic
1256886421,Checkers,0,GAME_OVER,28,27,2,588,RandomPlayerConfig,MCTS_CheckersHeuristic
1391148676,Checkers,0,GAME_OVER,23,22,2,589,RandomPlayerConfig,MCTS_CheckersHeuristic
1654485175,Checkers,0,GAME_OVER,27,26,2,590,RandomPlayerConfig,MCTS_CheckersHeuristic
1817485198,Checkers,0,GAME_OVER,26,25,2,591,RandomPlayerConfig,MCTS_CheckersHeuristic
1513876789,Checkers,0,GAME_OVER,31,30,2,592,RandomPlayerConfig,MCTS_CheckersHeuristic
83861845,Checkers,0,GAME_OVER,24,23,2,593,RandomPlayerConfig,MCTS_CheckersHeuristic
-2118927314,Checkers,0,GAME_OVER,25,24,2,594,RandomPlayerConfig,MCTS_CheckersHeuristic
-369965134,Checkers,0,GAME_OVER,26,25,2,595,RandomPlayerConfig,MCTS_CheckersHeuristic
-548751590,Checkers,0,GAME_OVER,21,20,2,596,RandomPlayerConfig,MCTS_CheckersHeuristic
-1483810362,Checkers,0,GAME_OVER,27,26,2,597,RandomPlayerConfig,MCTS_CheckersHeuristic
-1294980121,Checkers,0,GAME_OVER,37,36,2,598,RandomPlayerConfig,MCTS_CheckersHeuristic
1283361115,Checkers,0,GAME_OVER,26,25,2,599,RandomPlayerConfig,MCTS_CheckersHeuristic
1906199135,Checkers,0,GAME_OVER,26,25,2,600,RandomPlayerConfig,MCTS_CheckersHeuristic
-134759603,Checkers,0,GAME_OVER,27,26,2,601,RandomPlayerConfig,MCTS_CheckersHeuristic
1634390178,Checkers,0,GAME_OVER,28,27,2,602,MCTS_CheckersHeuristic,OSLA
1980696938,Checkers,0,GAME_OVER,26,25,2,603,MCTS_CheckersHeuristic,OSLA
1433263383,Checkers,0,GAME_OVER,31,30,2,604,MCTS_CheckersHeuristic,OSLA
-906895919,Checkers,0,GAME_OVER,25,24,2,605,MCTS_CheckersHeuristic,OSLA
-304834404,Checkers,0,GAME_OVER,20,19,2,606,MCTS_CheckersHeuristic,OSLA
-1177143619,Checkers,0,GAME_OVER,81,80,2,607,MCTS_CheckersHeuristic,OSLA
1235789652,Checkers,0,GAME_OVER,30,29,2,608,MCTS_CheckersHeuristic,OSLA
-943454790,Checkers,0,GAME_OVER,26,25,2,609,MCTS_CheckersHeuristic,OSLA
-61265526,Checkers,0,GAME_OVER,27,26,2,610,MCTS_CheckersHeuristic,OSLA
-1569090718,Checkers,0,GAME_OVER,34,33,2,611,MCTS_CheckersHeuristic,OSLA
-1018937342,Checkers,0,GAME_OVER,30,29,2,612,MCTS_CheckersHeuristic,OSLA
49071466,Checkers,0,GAME_OVER,53,52,2,613,MCTS_CheckersHeuristic,OSLA
-1459259571,Checkers,0,GAME_OVER,34,33,2,614,MCTS_CheckersHeuristic,OSLA
18458152,Checkers,0,GAME_OVER,29,28,2,615,MCTS_CheckersHeuristic,OSLA
871169150,Checkers,0,GAME_OVER,33,32,2,616,MCTS_CheckersHeuristic,OSLA
-1997601845,Checkers,0,GAME_OVER,37,36,2,617,MCTS_CheckersHeuristic,OSLA
460294138,Checkers,0,GAME_OVER,27,26,2,618,MCTS_CheckersHeuristic,OSLA
1348459206,Checkers,0,GAME_OVER,25,24,2,619,MCTS_CheckersHeuristic,OSLA
1259708220,Checkers,0,GAME_OVER,29,28,2,620,MCTS_CheckersHeuristic,OSLA
1348238929,Checkers,0,GAME_OVER,27,26,2,621,MCTS_CheckersHeuristic,OSLA
1500200122,Checkers,0,GAME_OVER,32,31,2,622,MCTS_CheckersHeuristic,OSLA
-1037770008,Checkers,0,GAME_OVER,38,37,2,623,MCTS_CheckersHeuristic,OSLA
393651539,Checkers,0,GAME_OVER,28,27,2,624,MCTS_CheckersHeuristic,OSLA
-916561366,Checkers,0,GAME_OVER,41,40,2,625,MCTS_CheckersHeuristic,OSLA
-557300495,Checkers,0,GAME_OVER,54,53,2,626,MCTS_CheckersHeuristic,OSLA
-520907637,Checkers,0,GAME_OVER,47,46,2,627,MCTS_CheckersHeuristic,OSLA
754346046,Checkers,0,GAME_OVER,41,40,2,628,MCTS_CheckersHeuristic,OSLA
-1466841933,Checkers,0,GAME_OVER,40,39,2,629,MCTS_CheckersHeuristic,OSLA
-1269194847,Checkers,0,GAME_OVER,40,39,2,630,MCTS_CheckersHeuristic,OSLA
480958858,Checkers,0,GAME_OVER,28,27,2,631,MCTS_CheckersHeuristic,OSLA
927668192,Checkers,0,GAME_OVER,36,35,2,632,MCTS_CheckersHeuristic,OSLA
-800149714,Checkers,0,GAME_OVER,34,33,2,633,MCTS_CheckersHeuristic,OSLA
2041138960,Checkers,0,GAME_OVER,43,42,2,634,MCTS_CheckersHeuristic,OSLA
848725111,Checkers,0,GAME_OVER,38,37,2,635,MCTS_CheckersHeuristic,OSLA
-1489776440,Checkers,0,GAME_OVER,26,25,2,636,MCTS_CheckersHeuristic,OSLA
-626544206,Checkers,0,GAME_OVER,30,29,2,637,MCTS_CheckersHeuristic,OSLA
-708762967,Checkers,0,GAME_OVER,32,31,2,638,MCTS_CheckersHeuristic,OSLA
1853890222,Checkers,0,GAME_OVER,60,59,2,639,MCTS_CheckersHeuristic,OSLA
-768191818,Checkers,0,GAME_OVER,20,19,2,640,MCTS_CheckersHeuristic,OSLA
-925159070,Checkers,0,GAME_OVER,43,42,2,641,MCTS_CheckersHeuristic,OSLA
647740191,Checkers,0,GAME_OVER,29,28,2,642,MCTS_CheckersHeuristic,OSLA
-256506969,Checkers,0,GAME_OVER,42,41,2,643,MCTS_CheckersHeuristic,OSLA
799218526,Checkers,0,GAME_OVER,40,39,2,644,MCTS_CheckersHeuristic,OSLA
1389290977,Checkers,0,GAME_OVER,31,30,2,645,MCTS_CheckersHeuristic,OSLA
-1973474088,Checkers,0,GAME_OVER,29,28,2,646,MCTS_CheckersHeuristic,OSLA
-1239917172,Checkers,0,GAME_OVER,25,24,2,647,MCTS_CheckersHeuristic,OSLA
-1585845909,Checkers,0,GAME_OVER,27,26,2,648,MCTS_CheckersHeuristic,OSLA
2109815301,Checkers,0,GAME_OVER,26,25,2,649,MCTS_CheckersHeuristic,OSLA
-1548426104,Checkers,0,GAME_OVER,60,59,2,650,MCTS_CheckersHeuristic,OSLA
673240843,Checkers,0,GAME_OVER,26,25,2,651,MCTS_CheckersHeuristic,OSLA
2028268486,Checkers,0,GAME_OVER,56,55,2,652,MCTS_CheckersHeuristic,OSLA
-1142717494,Checkers,0,GAME_OVER,30,29,2,653,MCTS_CheckersHeuristic,OSLA
-911691237,Checkers,0,GAME_OVER,37,36,2,654,MCTS_CheckersHeuristic,OSLA
-1529670036,Checkers,0,GAME_OVER,49,48,2,655,MCTS_CheckersHeuristic,OSLA
882974999,Checkers,0,GAME_OVER,94,93,2,656,MCTS_CheckersHeuristic,OSLA
1246447496,Checkers,0,GAME_OVER,30,29,2,657,MCTS_CheckersHeuristic,OSLA
-709681705,Checkers,0,GAME_OVER,29,28,2,658,MCTS_CheckersHeuristic,OSLA
919688677,Checkers,0,GAME_OVER,32,31,2,659,MCTS_CheckersHeuristic,OSLA
-1475433589,Checkers,0,GAME_OVER,34,33,2,660,MCTS_CheckersHeuristic,OSLA
-1361577368,Checkers,0,GAME_OVER,68,67,2,661,MCTS_CheckersHeuristic,OSLA
103902145,Checkers,0,GAME_OVER,37,36,2,662,MCTS_CheckersHeuristic,OSLA
-1380864723,Checkers,0,GAME_OVER,28,27,2,663,MCTS_CheckersHeuristic,OSLA
604773592,Checkers,0,GAME_OVER,40,39,2,664,MCTS_CheckersHeuristic,OSLA
-1349650412,Checkers,0,GAME_OVER,46,45,2,665,MCTS_CheckersHeuristic,OSLA
-1563430592,Checkers,0,GAME_OVER,32,31,2,666,MCTS_CheckersHeuristic,OSLA
1399185486,Checkers,0,GAME_OVER,43,42,2,667,MCTS_CheckersHeuristic,OSLA
2070675069,Checkers,0,GAME_OVER,30,29,2,668,MCTS_CheckersHeuristic,OSLA
1740545965,Checkers,0,GAME_OVER,30,29,2,669,MCTS_CheckersHeuristic,OSLA
1368498432,Checkers,0,GAME_OVER,35,34,2,670,MCTS_CheckersHeuristic,OSLA
-1773090881,Checkers,0,GAME_OVER,29,28,2,671,MCTS_CheckersHeuristic,OSLA
-201057714,Checkers,0,GAME_OVER,29,28,2,672,MCTS_CheckersHeuristic,OSLA
-127874046,Checkers,0,GAME_OVER,47,46,2,673,MCTS_CheckersHeuristic,OSLA
-1872105191,Checkers,0,GAME_OVER,35,34,2,674,MCTS_CheckersHeuristic,OSLA
1975625137,Checkers,0,GAME_OVER,37,36,2,675,MCTS_CheckersHeuristic,OSLA
-951433425,Checkers,0,GAME_OVER,27,26,2,676,MCTS_CheckersHeuristic,OSLA
-411297027,Checkers,0,GAME_OVER,32,31,2,677,MCTS_CheckersHeuristic,OSLA
789348207,Checkers,0,GAME_OVER,58,57,2,678,MCTS_CheckersHeuristic,OSLA
826211497,Checkers,0,GAME_OVER,31,30,2,679,MCTS_CheckersHeuristic,OSLA
711638559,Checkers,0,GAME_OVER,90,89,2,680,MCTS_CheckersHeuristic,OSLA
2042411104,Checkers,0,GAME_OVER,43,42,2,681,MCTS_CheckersHeuristic,OSLA
820516955,Checkers,0,GAME_OVER,54,53,2,682,MCTS_CheckersHeuristic,OSLA
1603255118,Checkers,0,GAME_OVER,25,24,2,683,MCTS_CheckersHeuristic,OSLA
-1711260808,Checkers,0,GAME_OVER,40,39,2,684,MCTS_CheckersHeuristic,OSLA
7118769,Checkers,0,GAME_OVER,28,27,2,685,MCTS_CheckersHeuristic,OSLA
1450771338,Checkers,0,GAME_OVER,45,44,2,686,MCTS_CheckersHeuristic,OSLA
-234172028,Checkers,0,GAME_OVER,47,46,2,687,MCTS_CheckersHeuristic,OSLA
-1990823820,Checkers,0,GAME_OVER,31,30,2,688,MCTS_CheckersHeuristic,OSLA
1214941555,Checkers,0,GAME_OVER,29,28,2,689,MCTS_CheckersHeuristic,OSLA
-109528283,Checkers,0,GAME_OVER,26,25,2,690,MCTS_CheckersHeuristic,OSLA
-526220616,Checkers,0,GAME_OVER,38,37,2,691,MCTS_CheckersHeuristic,OSLA
-1935439629,Checkers,0,GAME_OVER,28,27,2,692,MCTS_CheckersHeuristic,OSLA
-1954154602,Checkers,0,GAME_OVER,37,36,2,693,MCTS_CheckersHeuristic,OSLA
-1758498510,Checkers,0,GAME_OVER,31,30,2,694,MCTS_CheckersHeuristic,OSLA
-56489603,Checkers,0,GAME_OVER,23,22,2,695,MCTS_CheckersHeuristic,OSLA
-1725052550,Checkers,0,GAME_OVER,31,30,2,696,MCTS_CheckersHeuristic,OSLA
-1339353809,Checkers,0,GAME_OVER,49,48,2,697,MCTS_CheckersHeuristic,OSLA
-1450309831,Checkers,0,GAME_OVER,31,30,2,698,MCTS_CheckersHeuristic,OSLA
946430040,Checkers,0,GAME_OVER,28,27,2,699,MCTS_CheckersHeuristic,OSLA
1109297534,Checkers,0,GAME_OVER,105,104,2,700,MCTS_CheckersHeuristic,OSLA
1790991723,Checkers,0,GAME_OVER,39,38,2,701,MCTS_CheckersHeuristic,OSLA
-2130879446,Checkers,0,GAME_OVER,24,23,2,702,MCTS_CheckersHeuristic,OSLA
719078359,Checkers,0,GAME_OVER,108,107,2,703,MCTS_CheckersHeuristic,OSLA
-1391194653,Checkers,0,GAME_OVER,38,37,2,704,MCTS_CheckersHeuristic,OSLA
1405304257,Checkers,0,GAME_OVER,31,30,2,705,MCTS_CheckersHeuristic,OSLA
138024061,Checkers,0,GAME_OVER,28,27,2,706,MCTS_CheckersHeuristic,OSLA
-1560886809,Checkers,0,GAME_OVER,26,25,2,707,MCTS_CheckersHeuristic,OSLA
-627570753,Checkers,0,GAME_OVER,109,108,2,708,MCTS_CheckersHeuristic,OSLA
214968166,Checkers,0,GAME_OVER,39,38,2,709,MCTS_CheckersHeuristic,OSLA
2002927771,Checkers,0,GAME_OVER,29,28,2,710,MCTS_CheckersHeuristic,OSLA
1145760359,Checkers,0,GAME_OVER,36,35,2,711,MCTS_CheckersHeuristic,OSLA
1421392738,Checkers,0,GAME_OVER,30,29,2,712,MCTS_CheckersHeuristic,OSLA
-1600797690,Checkers,0,GAME_OVER,26,25,2,713,MCTS_CheckersHeuristic,OSLA
1573684604,Checkers,0,GAME_OVER,30,29,2,714,MCTS_CheckersHeuristic,OSLA
-1253018376,Checkers,0,GAME_OVER,27,26,2,715,MCTS_CheckersHeuristic,OSLA
761205658,Checkers,0,GAME_OVER,33,32,2,716,MCTS_CheckersHeuristic,OSLA
-579190352,Checkers,0,GAME_OVER,32,31,2,717,MCTS_CheckersHeuristic,OSLA
1503046544,Checkers,0,GAME_OVER,29,28,2,718,MCTS_CheckersHeuristic,OSLA
1302884374,Checkers,0,GAME_OVER,29,28,2,719,MCTS_CheckersHeuristic,OSLA
-1092868814,Checkers,0,GAME_OVER,52,51,2,720,MCTS_CheckersHeuristic,OSLA
733276689,Checkers,0,GAME_OVER,33,32,2,721,MCTS_CheckersHeuristic,OSLA
-1168918557,Checkers,0,GAME_OVER,46,45,2,722,MCTS_CheckersHeuristic,OSLA
704925036,Checkers,0,GAME_OVER,28,27,2,723,MCTS_CheckersHeuristic,OSLA
-271784260,Checkers,0,GAME_OVER,99,98,2,724,MCTS_CheckersHeuristic,OSLA
1829599460,Checkers,0,GAME_OVER,24,23,2,725,MCTS_CheckersHeuristic,OSLA
-132123781,Checkers,0,GAME_OVER,26,25,2,726,MCTS_CheckersHeuristic,OSLA
1719721827,Checkers,0,GAME_OVER,32,31,2,727,MCTS_CheckersHeuristic,OSLA
-400875376,Checkers,0,GAME_OVER,25,24,2,728,MCTS_CheckersHeuristic,OSLA
-1584011863,Checkers,0,GAME_OVER,29,28,2,729,MCTS_CheckersHeuristic,OSLA
-874281724,Checkers,0,GAME_OVER,33,32,2,730,MCTS_CheckersHeuristic,OSLA
607853563,Checkers,0,GAME_OVER,23,22,2,731,MCTS_CheckersHeuristic,OSLA
-1949378284,Checkers,0,GAME_OVER,39,38,2,732,MCTS_CheckersHeuristic,OSLA
550147220,Checkers,0,GAME_OVER,62,61,2,733,MCTS_CheckersHeuristic,OSLA
653426863,Checkers,0,GAME_OVER,34,33,2,734,MCTS_CheckersHeuristic,OSLA
619559134,Checkers,0,GAME_OVER,44,43,2,735,MCTS_CheckersHeuristic,OSLA
-1848393412,Checkers,0,GAME_OVER,44,43,2,736,MCTS_CheckersHeuristic,OSLA
751837896,Checkers,0,GAME_OVER,35,34,2,737,MCTS_CheckersHeuristic,OSLA
-1044147626,Checkers,0,GAME_OVER,33,32,2,738,MCTS_CheckersHeuristic,OSLA
-1128008526,Checkers,0,GAME_OVER,34,33,2,739,MCTS_CheckersHeuristic,OSLA
1292526932,Checkers,0,GAME_OVER,57,56,2,740,MCTS_CheckersHeuristic,OSLA
-314228284,Checkers,0,GAME_OVER,35,34,2,741,MCTS_CheckersHeuristic,OSLA
1499768291,Checkers,0,GAME_OVER,33,32,2,742,MCTS_CheckersHeuristic,OSLA
-1065410130,Checkers,0,GAME_OVER,27,26,2,743,MCTS_CheckersHeuristic,OSLA
-449501699,Checkers,0,GAME_OVER,30,29,2,744,MCTS_CheckersHeuristic,OSLA
-1684908515,Checkers,0,GAME_OVER,83,82,2,745,MCTS_CheckersHeuristic,OSLA
2078749170,Checkers,0,GAME_OVER,32,31,2,746,MCTS_CheckersHeuristic,OSLA
-506346129,Checkers,0,GAME_OVER,26,25,2,747,MCTS_CheckersHeuristic,OSLA
-1211286156,Checkers,0,GAME_OVER,30,29,2,748,MCTS_CheckersHeuristic,OSLA
-217592467,Checkers,0,GAME_OVER,37,36,2,749,MCTS_CheckersHeuristic,OSLA
1534331061,Checkers,0,GAME_OVER,65,64,2,750,MCTS_CheckersHeuristic,OSLA
-1498652148,Checkers,0,GAME_OVER,24,23,2,751,MCTS_CheckersHeuristic,OSLA
1456231706,Checkers,0,GAME_OVER,37,36,2,752,MCTS_CheckersHeuristic,OSLA
381116299,Checkers,0,GAME_OVER,35,34,2,753,MCTS_CheckersHeuristic,OSLA
273732376,Checkers,0,GAME_OVER,107,106,2,754,MCTS_CheckersHeuristic,OSLA
795163751,Checkers,0,GAME_OVER,34,33,2,755,MCTS_CheckersHeuristic,OSLA
1362849584,Checkers,0,GAME_OVER,32,31,2,756,MCTS_CheckersHeuristic,OSLA
-721178884,Checkers,0,GAME_OVER,27,26,2,757,MCTS_CheckersHeuristic,OSLA
-367027675,Checkers,0,GAME_OVER,23,22,2,758,MCTS_CheckersHeuristic,OSLA
1147515846,Checkers,0,GAME_OVER,43,42,2,759,MCTS_CheckersHeuristic,OSLA
-685758239,Checkers,0,GAME_OVER,38,37,2,760,MCTS_CheckersHeuristic,OSLA
-257622872,Checkers,0,GAME_OVER,31,30,2,761,MCTS_CheckersHeuristic,OSLA
-2109537624,Checkers,0,GAME_OVER,28,27,2,762,MCTS_CheckersHeuristic,OSLA
1805450913,Checkers,0,GAME_OVER,34,33,2,763,MCTS_CheckersHeuristic,OSLA
-596797307,Checkers,0,GAME_OVER,38,37,2,764,MCTS_CheckersHeuristic,OSLA
1201201872,Checkers,0,GAME_OVER,35,34,2,765,MCTS_CheckersHeuristic,OSLA
-1562894570,Checkers,0,GAME_OVER,37,36,2,766,MCTS_CheckersHeuristic,OSLA
-375299907,Checkers,0,GAME_OVER,45,44,2,767,MCTS_CheckersHeuristic,OSLA
-1657910237,Checkers,0,GAME_OVER,33,32,2,768,MCTS_CheckersHeuristic,OSLA
-312587457,Checkers,0,GAME_OVER,33,32,2,769,MCTS_CheckersHeuristic,OSLA
1633745834,Checkers,0,GAME_OVER,29,28,2,770,MCTS_CheckersHeuristic,OSLA
-1083822471,Checkers,0,GAME_OVER,25,24,2,771,MCTS_CheckersHeuristic,OSLA
342961208,Checkers,0,GAME_OVER,100,99,2,772,MCTS_CheckersHeuristic,OSLA
-1505880897,Checkers,0,GAME_OVER,27,26,2,773,MCTS_CheckersHeuristic,OSLA
4802768,Checkers,0,GAME_OVER,26,25,2,774,MCTS_CheckersHeuristic,OSLA
-1392627353,Checkers,0,GAME_OVER,43,42,2,775,MCTS_CheckersHeuristic,OSLA
-539277642,Checkers,0,GAME_OVER,61,60,2,776,MCTS_CheckersHeuristic,OSLA
1752439758,Checkers,0,GAME_OVER,40,39,2,777,MCTS_CheckersHeuristic,OSLA
-383727673,Checkers,0,GAME_OVER,35,34,2,778,MCTS_CheckersHeuristic,OSLA
-1723383266,Checkers,0,GAME_OVER,28,27,2,779,MCTS_CheckersHeuristic,OSLA
928826959,Checkers,0,GAME_OVER,28,27,2,780,MCTS_CheckersHeuristic,OSLA
1427348113,Checkers,0,GAME_OVER,52,51,2,781,MCTS_CheckersHeuristic,OSLA
-520266367,Checkers,0,GAME_OVER,26,25,2,782,MCTS_CheckersHeuristic,OSLA
517286733,Checkers,0,GAME_OVER,37,36,2,783,MCTS_CheckersHeuristic,OSLA
-1549297166,Checkers,0,GAME_OVER,25,24,2,784,MCTS_CheckersHeuristic,OSLA
-390261751,Checkers,0,GAME_OVER,32,31,2,785,MCTS_CheckersHeuristic,OSLA
590409677,Checkers,0,GAME_OVER,26,25,2,786,MCTS_CheckersHeuristic,OSLA
1698638355,Checkers,0,GAME_OVER,68,67,2,787,MCTS_CheckersHeuristic,OSLA
1256886421,Checkers,0,GAME_OVER,28,27,2,788,MCTS_CheckersHeuristic,OSLA
1391148676,Checkers,0,GAME_OVER,40,39,2,789,MCTS_CheckersHeuristic,OSLA
1654485175,Checkers,0,GAME_OVER,41,40,2,790,MCTS_CheckersHeuristic,OSLA
1817485198,Checkers,0,GAME_OVER,27,26,2,791,MCTS_CheckersHeuristic,OSLA
1513876789,Checkers,0,GAME_OVER,29,28,2,792,MCTS_CheckersHeuristic,OSLA
83861845,Checkers,0,GAME_OVER,31,30,2,793,MCTS_CheckersHeuristic,OSLA
-2118927314,Checkers,0,GAME_OVER,26,25,2,794,MCTS_CheckersHeuristic,OSLA
-369965134,Checkers,0,GAME_OVER,57,56,2,795,MCTS_CheckersHeuristic,OSLA
-548751590,Checkers,0,GAME_OVER,51,50,2,796,MCTS_CheckersHeuristic,OSLA
-1483810362,Checkers,0,GAME_OVER,32,31,2,797,MCTS_CheckersHeuristic,OSLA
-1294980121,Checkers,0,GAME_OVER,90,89,2,798,MCTS_CheckersHeuristic,OSLA
1283361115,Checkers,0,GAME_OVER,33,32,2,799,MCTS_CheckersHeuristic,OSLA
1906199135,Checkers,0,GAME_OVER,30,29,2,800,MCTS_CheckersHeuristic,OSLA
-134759603,Checkers,0,GAME_OVER,36,35,2,801,MCTS_CheckersHeuristic,OSLA
1634390178,Checkers,0,GAME_OVER,28,27,2,802,OSLA,OSLA
1980696938,Checkers,0,GAME_OVER,33,32,2,803,OSLA,OSLA
1433263383,Checkers,0,GAME_OVER,78,77,2,804,OSLA,OSLA
-906895919,Checkers,0,GAME_OVER,82,81,2,805,OSLA,OSLA
-304834404,Checkers,0,GAME_OVER,44,43,2,806,OSLA,OSLA
-1177143619,Checkers,0,GAME_OVER,30,29,2,807,OSLA,OSLA
1235789652,Checkers,0,GAME_OVER,40,39,2,808,OSLA,OSLA
-943454790,Checkers,0,GAME_OVER,36,35,2,809,OSLA,OSLA
-61265526,Checkers,0,GAME_OVER,32,31,2,810,OSLA,OSLA
-1569090718,Checkers,0,GAME_OVER,30,29,2,811,OSLA,OSLA
-1018937342,Checkers,0,GAME_OVER,103,102,2,812,OSLA,OSLA
49071466,Checkers,0,GAME_OVER,44,43,2,813,OSLA,OSLA
-1459259571,Checkers,0,GAME_OVER,38,37,2,814,OSLA,OSLA
18458152,Checkers,0,GAME_OVER,43,42,2,815,OSLA,OSLA
871169150,Checkers,0,GAME_OVER,27,26,2,816,OSLA,OSLA
-1997601845,Checkers,0,GAME_OVER,27,26,2,817,OSLA,OSLA
460294138,Checkers,0,GAME_OVER,121,120,2,818,OSLA,OSLA
1348459206,Checkers,0,GAME_OVER,35,34,2,819,OSLA,OSLA
1259708220,Checkers,0,GAME_OVER,71,70,2,820,OSLA,OSLA
1348238929,Checkers,0,GAME_OVER,74,73,2,821,OSLA,OSLA
1500200122,Checkers,0,GAME_OVER,25,24,2,822,OSLA,OSLA
-1037770008,Checkers,0,GAME_OVER,28,27,2,823,OSLA,OSLA
393651539,Checkers,0,GAME_OVER,23,22,2,824,OSLA,OSLA
-916561366,Checkers,0,GAME_OVER,56,55,2,825,OSLA,OSLA
-557300495,Checkers,0,GAME_OVER,24,23,2,826,OSLA,OSLA
-520907637,Checkers,0,GAME_OVER,31,30,2,827,OSLA,OSLA
754346046,Checkers,0,GAME_OVER,28,27,2,828,OSLA,OSLA
-1466841933,Checkers,0,GAME_OVER,118,117,2,829,OSLA,OSLA
-1269194847,Checkers,0,GAME_OVER,31,30,2,830,OSLA,OSLA
480958858,Checkers,0,GAME_OVER,43,42,2,831,OSLA,OSLA
927668192,Checkers,0,GAME_OVER,29,28,2,832,OSLA,OSLA
-800149714,Checkers,0,GAME_OVER,36,35,2,833,OSLA,OSLA
2041138960,Checkers,0,GAME_OVER,26,25,2,834,OSLA,OSLA
848725111,Checkers,0,GAME_OVER,104,103,2,835,OSLA,OSLA
-1489776440,Checkers,0,GAME_OVER,30,29,2,836,OSLA,OSLA
-626544206,Checkers,0,GAME_OVER,36,35,2,837,OSLA,OSLA
-708762967,Checkers,0,GAME_OVER,27,26,2,838,OSLA,OSLA
1853890222,Checkers,0,GAME_OVER,50,49,2,839,OSLA,OSLA
-768191818,Checkers,0,GAME_OVER,72,71,2,840,OSLA,OSLA
-925159070,Checkers,0,GAME_OVER,21,20,2,841,OSLA,OSLA
647740191,Checkers,0,GAME_OVER,103,102,2,842,OSLA,OSLA
-256506969,Checkers,0,GAME_OVER,34,33,2,843,OSLA,OSLA
799218526,Checkers,0,GAME_OVER,34,33,2,844,OSLA,OSLA
1389290977,Checkers,0,GAME_OVER,27,26,2,845,OSLA,OSLA
-1973474088,Checkers,0,GAME_OVER,126,125,2,846,OSLA,OSLA
-1239917172,Checkers,0,GAME_OVER,95,94,2,847,OSLA,OSLA
-1585845909,Checkers,0,GAME_OVER,30,29,2,848,OSLA,OSLA
2109815301,Checkers,0,GAME_OVER,29,28,2,849,OSLA,OSLA
-1548426104,Checkers,0,GAME_OVER,30,29,2,850,OSLA,OSLA
673240843,Checkers,0,GAME_OVER,64,63,2,851,OSLA,OSLA
2028268486,Checkers,0,GAME_OVER,27,26,2,852,OSLA,OSLA
-1142717494,Checkers,0,GAME_OVER,86,85,2,853,OSLA,OSLA
-911691237,Checkers,0,GAME_OVER,29,28,2,854,OSLA,OSLA
-1529670036,Checkers,0,GAME_OVER,75,74,2,855,OSLA,OSLA
882974999,Checkers,0,GAME_OVER,75,74,2,856,OSLA,OSLA
1246447496,Checkers,0,GAME_OVER,21,20,2,857,OSLA,OSLA
-709681705,Checkers,0,GAME_OVER,29,28,2,858,OSLA,OSLA
919688677,Checkers,0,GAME_OVER,27,26,2,859,OSLA,OSLA
-1475433589,Checkers,0,GAME_OVER,39,38,2,860,OSLA,OSLA
-1361577368,Checkers,0,GAME_OVER,33,32,2,861,OSLA,OSLA
103902145,Checkers,0,GAME_OVER,83,82,2,862,OSLA,OSLA
-1380864723,Checkers,0,GAME_OVER,61,60,2,863,OSLA,OSLA
604773592,Checkers,0,GAME_OVER,48,47,2,864,OSLA,OSLA
-1349650412,Checkers,0,GAME_OVER,22,21,2,865,OSLA,OSLA
-1563430592,Checkers,0,GAME_OVER,46,45,2,866,OSLA,OSLA
1399185486,Checkers,0,GAME_OVER,25,24,2,867,OSLA,OSLA
2070675069,Checkers,0,GAME_OVER,22,21,2,868,OSLA,OSLA
1740545965,Checkers,0,GAME_OVER,43,42,2,869,OSLA,OSLA
1368498432,Checkers,0,GAME_OVER,35,34,2,870,OSLA,OSLA
-1773090881,Checkers,0,GAME_OVER,23,22,2,871,OSLA,OSLA
-201057714,Checkers,0,GAME_OVER,29,28,2,872,OSLA,OSLA
-127874046,Checkers,0,GAME_OVER,23,22,2,873,OSLA,OSLA
-1872105191,Checkers,0,GAME_OVER,29,28,2,874,OSLA,OSLA
1975625137,Checkers,0,GAME_OVER,27,26,2,875,OSLA,OSLA
-951433425,Checkers,0,GAME_OVER,23,22,2,876,OSLA,OSLA
-411297027,Checkers,0,GAME_OVER,76,75,2,877,OSLA,OSLA
789348207,Checkers,0,GAME_OVER,26,25,2,878,OSLA,OSLA
826211497,Checkers,0,GAME_OVER,23,22,2,879,OSLA,OSLA
711638559,Checkers,0,GAME_OVER,92,91,2,880,OSLA,OSLA
2042411104,Checkers,0,GAME_OVER,29,28,2,881,OSLA,OSLA
820516955,Checkers,0,GAME_OVER,103,102,2,882,OSLA,OSLA
1603255118,Checkers,0,GAME_OVER,67,66,2,883,OSLA,OSLA
-1711260808,Checkers,0,GAME_OVER,52,51,2,884,OSLA,OSLA
7118769,Checkers,0,GAME_OVER,29,28,2,885,OSLA,OSLA
1450771338,Checkers,0,GAME_OVER,42,41,2,886,OSLA,OSLA
-234172028,Checkers,0,GAME_OVER,96,95,2,887,OSLA,OSLA
-1990823820,Checkers,0,GAME_OVER,22,21,2,888,OSLA,OSLA
1214941555,Checkers,0,GAME_OVER,35,34,2,889,OSLA,OSLA
-109528283,Checkers,0,GAME_OVER,27,26,2,890,OSLA,OSLA
-526220616,Checkers,0,GAME_OVER,30,29,2,891,OSLA,OSLA
-1935439629,Checkers,0,GAME_OVER,45,44,2,892,OSLA,OSLA
-1954154602,Checkers,0,GAME_OVER,21,20,2,893,OSLA,OSLA
-1758498510,Checkers,0,GAME_OVER,140,139,2,894,OSLA,OSLA
-56489603,Checkers,0,GAME_OVER,26,25,2,895,OSLA,OSLA
-1725052550,Checkers,0,GAME_OVER,36,35,2,896,OSLA,OSLA
-1339353809,Checkers,0,GAME_OVER,30,29,2,897,OSLA,OSLA
-1450309831,Checkers,0,GAME_OVER,30,29,2,898,OSLA,OSLA
946430040,Checkers,0,GAME_OVER,30,29,2,899,OSLA,OSLA
1109297534,Checkers,0,GAME_OVER,45,44,2,900,OSLA,OSLA
1790991723,Checkers,0,GAME_OVER,56,55,2,901,OSLA,OSLA
-2130879446,Checkers,0,GAME_OVER,101,100,2,902,OSLA,OSLA
719078359,Checkers,0,GAME_OVER,48,47,2,903,OSLA,OSLA
-1391194653,Checkers,0,GAME_OVER,37,36,2,904,OSLA,OSLA
1405304257,Checkers,0,GAME_OVER,30,29,2,905,OSLA,OSLA
138024061,Checkers,0,GAME_OVER,31,30,2,906,OSLA,OSLA
-1560886809,Checkers,0,GAME_OVER,28,27,2,907,OSLA,OSLA
-627570753,Checkers,0,GAME_OVER,34,33,2,908,OSLA,OSLA
214968166,Checkers,0,GAME_OVER,31,30,2,909,OSLA,OSLA
2002927771,Checkers,0,GAME_OVER,26,25,2,910,OSLA,OSLA
1145760359,Checkers,0,GAME_OVER,29,28,2,911,OSLA,OSLA
1421392738,Checkers,0,GAME_OVER,28,27,2,912,OSLA,OSLA
-1600797690,Checkers,0,GAME_OVER,31,30,2,913,OSLA,OSLA
1573684604,Checkers,0,GAME_OVER,58,57,2,914,OSLA,OSLA
-1253018376,Checkers,0,GAME_OVER,30,29,2,915,OSLA,OSLA
761205658,Checkers,0,GAME_OVER,26,25,2,916,OSLA,OSLA
-579190352,Checkers,0,GAME_OVER,101,100,2,917,OSLA,OSLA
1503046544,Checkers,0,GAME_OVER,33,32,2,918,OSLA,OSLA
1302884374,Checkers,0,GAME_OVER,29,28,2,919,OSLA,OSLA
-1092868814,Checkers,0,GAME_OVER,26,25,2,920,OSLA,OSLA
733276689,Checkers,0,GAME_OVER,29,28,2,921,OSLA,OSLA
-1168918557,Checkers,0,GAME_OVER,70,69,2,922,OSLA,OSLA
704925036,Checkers,0,GAME_OVER,38,37,2,923,OSLA,OSLA
-271784260,Checkers,0,GAME_OVER,45,44,2,924,OSLA,OSLA
1829599460,Checkers,0,GAME_OVER,39,38,2,925,OSLA,OSLA
-132123781,Checkers,0,GAME_OVER,31,30,2,926,OSLA,OSLA
1719721827,Checkers,0,GAME_OVER,26,25,2,927,OSLA,OSLA
-400875376,Checkers,0,GAME_OVER,22,21,2,928,OSLA,OSLA
-1584011863,Checkers,0,GAME_OVER,30,29,2,929,OSLA,OSLA
-874281724,Checkers,0,GAME_OVER,28,27,2,930,OSLA,OSLA
607853563,Checkers,0,GAME_OVER,30,29,2,931,OSLA,OSLA
-1949378284,Checkers,0,GAME_OVER,33,32,2,932,OSLA,OSLA
550147220,Checkers,0,GAME_OVER,41,40,2,933,OSLA,OSLA
653426863,Checkers,0,GAME_OVER,28,27,2,934,OSLA,OSLA
619559134,Checkers,0,GAME_OVER,31,30,2,935,OSLA,OSLA
-1848393412,Checkers,0,GAME_OVER,28,27,2,936,OSLA,OSLA
751837896,Checkers,0,GAME_OVER,56,55,2,937,OSLA,OSLA
-1044147626,Checkers,0,GAME_OVER,22,21,2,938,OSLA,OSLA
-1128008526,Checkers,0,GAME_OVER,25,24,2,939,OSLA,OSLA
1292526932,Checkers,0,GAME_OVER,30,29,2,940,OSLA,OSLA
-314228284,Checkers,0,GAME_OVER,41,40,2,941,OSLA,OSLA
1499768291,Checkers,0,GAME_OVER,31,30,2,942,OSLA,OSLA
-1065410130,Checkers,0,GAME_OVER,26,25,2,943,OSLA,OSLA
-449501699,Checkers,0,GAME_OVER,32,31,2,944,OSLA,OSLA
-1684908515,Checkers,0,GAME_OVER,27,26,2,945,OSLA,OSLA
2078749170,Checkers,0,GAME_OVER,47,46,2,946,OSLA,OSLA
-506346129,Checkers,0,GAME_OVER,79,78,2,947,OSLA,OSLA
-1211286156,Checkers,0,GAME_OVER,69,68,2,948,OSLA,OSLA
-217592467,Checkers,0,GAME_OVER,26,25,2,949,OSLA,OSLA
1534331061,Checkers,0,GAME_OVER,30,29,2,950,OSLA,OSLA
-1498652148,Checkers,0,GAME_OVER,32,31,2,951,OSLA,OSLA
1456231706,Checkers,0,GAME_OVER,30,29,2,952,OSLA,OSLA
381116299,Checkers,0,GAME_OVER,28,27,2,953,OSLA,OSLA
273732376,Checkers,0,GAME_OVER,36,35,2,954,OSLA,OSLA
795163751,Checkers,0,GAME_OVER,52,51,2,955,OSLA,OSLA
1362849584,Checkers,0,GAME_OVER,73,72,2,956,OSLA,OSLA
-721178884,Checkers,0,GAME_OVER,73,72,2,957,OSLA,OSLA
-367027675,Checkers,0,GAME_OVER,63,62,2,958,OSLA,OSLA
1147515846,Checkers,0,GAME_OVER,41,40,2,959,OSLA,OSLA
-685758239,Checkers,0,GAME_OVER,83,82,2,960,OSLA,OSLA
-257622872,Checkers,0,GAME_OVER,67,66,2,961,OSLA,OSLA
-2109537624,Checkers,0,GAME_OVER,27,26,2,962,OSLA,OSLA
1805450913,Checkers,0,GAME_OVER,24,23,2,963,OSLA,OSLA
-596797307,Checkers,0,GAME_OVER,106,105,2,964,OSLA,OSLA
1201201872,Checkers,0,GAME_OVER,70,69,2,965,OSLA,OSLA
-1562894570,Checkers,0,GAME_OVER,34,33,2,966,OSLA,OSLA
-375299907,Checkers,0,GAME_OVER,66,65,2,967,OSLA,OSLA
-1657910237,Checkers,0,GAME_OVER,28,27,2,968,OSLA,OSLA
-312587457,Checkers,0,GAME_OVER,30,29,2,969,OSLA,OSLA
1633745834,Checkers,0,GAME_OVER,43,42,2,970,OSLA,OSLA
-1083822471,Checkers,0,GAME_OVER,32,31,2,971,OSLA,OSLA
342961208,Checkers,0,GAME_OVER,32,31,2,972,OSLA,OSLA
-1505880897,Checkers,0,GAME_OVER,28,27,2,973,OSLA,OSLA
4802768,Checkers,0,GAME_OVER,52,51,2,974,OSLA,OSLA
-1392627353,Checkers,0,GAME_OVER,70,69,2,975,OSLA,OSLA
-539277642,Checkers,0,GAME_OVER,25,24,2,976,OSLA,OSLA
1752439758,Checkers,0,GAME_OVER,83,82,2,977,OSLA,OSLA
-383727673,Checkers,0,GAME_OVER,22,21,2,978,OSLA,OSLA
-1723383266,Checkers,0,GAME_OVER,52,51,2,979,OSLA,OSLA
928826959,Checkers,0,GAME_OVER,30,29,2,980,OSLA,OSLA
1427348113,Checkers,0,GAME_OVER,38,37,2,981,OSLA,OSLA
-520266367,Checkers,0,GAME_OVER,91,90,2,982,OSLA,OSLA
517286733,Checkers,0,GAME_OVER,35,34,2,983,OSLA,OSLA
-1549297166,Checkers,0,GAME_OVER,28,27,2,984,OSLA,OSLA
-390261751,Checkers,0,GAME_OVER,32,31,2,985,OSLA,OSLA
590409677,Checkers,0,GAME_OVER,44,43,2,986,OSLA,OSLA
1698638355,Checkers,0,GAME_OVER,28,27,2,987,OSLA,OSLA
1256886421,Checkers,0,GAME_OVER,28,27,2,988,OSLA,OSLA
1391148676,Checkers,0,GAME_OVER,45,44,2,989,OSLA,OSLA
1654485175,Checkers,0,GAME_OVER,62,61,2,990,OSLA,OSLA
1817485198,Checkers,0,GAME_OVER,46,45,2,991,OSLA,OSLA
1513876789,Checkers,0,GAME_OVER,32,31,2,992,OSLA,OSLA
83861845,Checkers,0,GAME_OVER,33,32,2,993,OSLA,OSLA
-2118927314,Checkers,0,GAME_OVER,41,40,2,994,OSLA,OSLA
-369965134,Checkers,0,GAME_OVER,30,29,2,995,OSLA,OSLA
-548751590,Checkers,0,GAME_OVER,25,24,2,996,OSLA,OSLA
-1483810362,Checkers,0,GAME_OVER,81,80,2,997,OSLA,OSLA
-1294980121,Checkers,0,GAME_OVER,68,67,2,998,OSLA,OSLA
1283361115,Checkers,0,GAME_OVER,28,27,2,999,OSLA,OSLA
1906199135,Checkers,0,GAME_OVER,27,26,2,1000,OSLA,OSLA
-134759603,Checkers,0,GAME_OVER,82,81,2,1001,OSLA,OSLA
1634390178,Checkers,0,GAME_OVER,27,26,2,1002,RandomPlayerConfig,OSLA
1980696938,Checkers,0,GAME_OVER,42,41,2,1003,RandomPlayerConfig,OSLA
1433263383,Checkers,0,GAME_OVER,24,23,2,1004,RandomPlayerConfig,OSLA
-906895919,Checkers,0,GAME_OVER,25,24,2,1005,RandomPlayerConfig,OSLA
-304834404,Checkers,0,GAME_OVER,25,24,2,1006,RandomPlayerConfig,OSLA
-1177143619,Checkers,0,GAME_OVER,28,27,2,1007,RandomPlayerConfig,OSLA
1235789652,Checkers,0,GAME_OVER,27,26,2,1008,RandomPlayerConfig,OSLA
-943454790,Checkers,0,GAME_OVER,24,23,2,1009,RandomPlayerConfig,OSLA
-61265526,Checkers,0,GAME_OVER,28,27,2,1010,RandomPlayerConfig,OSLA
-1569090718,Checkers,0,GAME_OVER,27,26,2,1011,RandomPlayerConfig,OSLA
-1018937342,Checkers,0,GAME_OVER,25,24,2,1012,RandomPlayerConfig,OSLA
49071466,Checkers,0,GAME_OVER,34,33,2,1013,RandomPlayerConfig,OSLA
-1459259571,Checkers,0,GAME_OVER,27,26,2,1014,RandomPlayerConfig,OSLA
18458152,Checkers,0,GAME_OVER,41,40,2,1015,RandomPlayerConfig,OSLA
871169150,Checkers,0,GAME_OVER,29,28,2,1016,RandomPlayerConfig,OSLA
-1997601845,Checkers,0,GAME_OVER,23,22,2,1017,RandomPlayerConfig,OSLA
460294138,Checkers,0,GAME_OVER,29,28,2,1018,RandomPlayerConfig,OSLA
1348459206,Checkers,0,GAME_OVER,24,23,2,1019,RandomPlayerConfig,OSLA
1259708220,Checkers,0,GAME_OVER,31,30,2,1020,RandomPlayerConfig,OSLA
1348238929,Checkers,0,GAME_OVER,29,28,2,1021,RandomPlayerConfig,OSLA
1500200122,Checkers,0,GAME_OVER,28,27,2,1022,RandomPlayerConfig,OSLA
-1037770008,Checkers,0,GAME_OVER,24,23,2,1023,RandomPlayerConfig,OSLA
393651539,Checkers,0,GAME_OVER,32,31,2,1024,RandomPlayerConfig,OSLA
-916561366,Checkers,0,GAME_OVER,38,37,2,1025,RandomPlayerConfig,OSLA
-557300495,Checkers,0,GAME_OVER,48,47,2,1026,RandomPlayerConfig,OSLA
-520907637,Checkers,0,GAME_OVER,32,31,2,1027,RandomPlayerConfig,OSLA
754346046,Checkers,0,GAME_OVER,30,29,2,1028,RandomPlayerConfig,OSLA
-1466841933,Checkers,0,GAME_OVER,28,27,2,1029,RandomPlayerConfig,OSLA
-1269194847,Checkers,0,GAME_OVER,48,47,2,1030,RandomPlayerConfig,OSLA
480958858,Checkers,0,GAME_OVER,27,26,2,1031,RandomPlayerConfig,OSLA
927668192,Checkers,0,GAME_OVER,34,33,2,1032,RandomPlayerConfig,OSLA
-800149714,Checkers,0,GAME_OVER,26,25,2,1033,RandomPlayerConfig,OSLA
2041138960,Checkers,0,GAME_OVER,28,27,2,1034,RandomPlayerConfig,OSLA
848725111,Checkers,0,GAME_OVER,29,28,2,1035,RandomPlayerConfig,OSLA
-1489776440,Checkers,0,GAME_OVER,33,32,2,1036,RandomPlayerConfig,OSLA
-626544206,Checkers,0,GAME_OVER,27,26,2,1037,RandomPlayerConfig,OSLA
-708762967,Checkers,0,GAME_OVER,23,22,2,1038,RandomPlayerConfig,OSLA
1853890222,Checkers,0,GAME_OVER,28,27,2,1039,RandomPlayerConfig,OSLA
-768191818,Checkers,0,GAME_OVER,34,33,2,1040,RandomPlayerConfig,OSLA
-925159070,Checkers,0,GAME_OVER,29,28,2,1041,RandomPlayerConfig,OSLA
647740191,Checkers,0,GAME_OVER,30,29,2,1042,RandomPlayerConfig,OSLA
-256506969,Checkers,0,GAME_OVER,24,23,2,1043,RandomPlayerConfig,OSLA
799218526,Checkers,0,GAME_OVER,28,27,2,1044,RandomPlayerConfig,OSLA
1389290977,Checkers,0,GAME_OVER,26,25,2,1045,RandomPlayerConfig,OSLA
-1973474088,Checkers,0,GAME_OVER,42,41,2,1046,RandomPlayerConfig,OSLA
-1239917172,Checkers,0,GAME_OVER,28,27,2,1047,RandomPlayerConfig,OSLA
-1585845909,Checkers,0,GAME_OVER,25,24,2,1048,RandomPlayerConfig,OSLA
2109815301,Checkers,0,GAME_OVER,40,39,2,1049,RandomPlayerConfig,OSLA
-1548426104,Checkers,0,GAME_OVER,36,35,2,1050,RandomPlayerConfig,OSLA
673240843,Checkers,0,GAME_OVER,36,35,2,1051,RandomPlayerConfig,OSLA
2028268486,Checkers,0,GAME_OVER,29,28,2,1052,RandomPlayerConfig,OSLA
-1142717494,Checkers,0,GAME_OVER,28,27,2,1053,RandomPlayerConfig,OSLA
-911691237,Checkers,0,GAME_OVER,30,29,2,1054,RandomPlayerConfig,OSLA
-1529670036,Checkers,0,GAME_OVER,33,32,2,1055,RandomPlayerConfig,OSLA
882974999,Checkers,0,GAME_OVER,24,23,2,1056,RandomPlayerConfig,OSLA
1246447496,Checkers,0,GAME_OVER,38,37,2,1057,RandomPlayerConfig,OSLA
-709681705,Checkers,0,GAME_OVER,27,26,2,1058,RandomPlayerConfig,OSLA
919688677,Checkers,0,GAME_OVER,22,21,2,1059,RandomPlayerConfig,OSLA
-1475433589,Checkers,0,GAME_OVER,27,26,2,1060,RandomPlayerConfig,OSLA
-1361577368,Checkers,0,GAME_OVER,31,30,2,1061,RandomPlayerConfig,OSLA
103902145,Checkers,0,GAME_OVER,30,29,2,1062,RandomPlayerConfig,OSLA
-1380864723,Checkers,0,GAME_OVER,25,24,2,1063,RandomPlayerConfig,OSLA
604773592,Checkers,0,GAME_OVER,25,24,2,1064,RandomPlayerConfig,OSLA
-1349650412,Checkers,0,GAME_OVER,24,23,2,1065,RandomPlayerConfig,OSLA
-1563430592,Checkers,0,GAME_OVER,25,24,2,1066,RandomPlayerConfig,OSLA
1399185486,Checkers,0,GAME_OVER,33,32,2,1067,RandomPlayerConfig,OSLA
2070675069,Checkers,0,GAME_OVER,27,26,2,1068,RandomPlayerConfig,OSLA
1740545965,Checkers,0,GAME_OVER,28,27,2,1069,RandomPlayerConfig,OSLA
1368498432,Checkers,0,GAME_OVER,28,27,2,1070,RandomPlayerConfig,OSLA
-1773090881,Checkers,0,GAME_OVER,31,30,2,1071,RandomPlayerConfig,OSLA
-201057714,Checkers,0,GAME_OVER,31,30,2,1072,RandomPlayerConfig,OSLA
-127874046,Checkers,0,GAME_OVER,24,23,2,1073,RandomPlayerConfig,OSLA
-1872105191,Checkers,0,GAME_OVER,34,33,2,1074,RandomPlayerConfig,OSLA
1975625137,Checkers,0,GAME_OVER,26,25,2,1075,RandomPlayerConfig,OSLA
-951433425,Checkers,0,GAME_OVER,25,24,2,1076,RandomPlayerConfig,OSLA
-411297027,Checkers,0,GAME_OVER,34,33,2,1077,RandomPlayerConfig,OSLA
789348207,Checkers,0,GAME_OVER,39,38,2,1078,RandomPlayerConfig,OSLA
826211497,Checkers,0,GAME_OVER,24,23,2,1079,RandomPlayerConfig,OSLA
711638559,Checkers,0,GAME_OVER,26,25,2,1080,RandomPlayerConfig,OSLA
2042411104,Checkers,0,GAME_OVER,29,28,2,1081,RandomPlayerConfig,OSLA
820516955,Checkers,0,GAME_OVER,28,27,2,1082,RandomPlayerConfig,OSLA
1603255118,Checkers,0,GAME_OVER,29,28,2,1083,RandomPlayerConfig,OSLA
-1711260808,Checkers,0,GAME_OVER,24,23,2,1084,RandomPlayerConfig,OSLA
7118769,Checkers,0,GAME_OVER,22,21,2,1085,RandomPlayerConfig,OSLA
1450771338,Checkers,0,GAME_OVER,39,38,2,1086,RandomPlayerConfig,OSLA
-234172028,Checkers,0,GAME_OVER,30,29,2,1087,RandomPlayerConfig,OSLA
-1990823820,Checkers,0,GAME_OVER,22,21,2,1088,RandomPlayerConfig,OSLA
1214941555,Checkers,0,GAME_OVER,28,27,2,1089,RandomPlayerConfig,OSLA
-109528283,Checkers,0,GAME_OVER,33,32,2,1090,RandomPlayerConfig,OSLA
-526220616,Checkers,0,GAME_OVER,26,25,2,1091,RandomPlayerConfig,OSLA
-1935439629,Checkers,0,GAME_OVER,25,24,2,1092,RandomPlayerConfig,OSLA
-1954154602,Checkers,0,GAME_OVER,28,27,2,1093,RandomPlayerConfig,OSLA
-1758498510,Checkers,0,GAME_OVER,27,26,2,1094,RandomPlayerConfig,OSLA
-56489603,Checkers,0,GAME_OVER,22,21,2,1095,RandomPlayerConfig,OSLA
-1725052550,Checkers,0,GAME_OVER,21,20,2,1096,RandomPlayerConfig,OSLA
-1339353809,Checkers,0,GAME_OVER,27,26,2,1097,RandomPlayerConfig,OSLA
-1450309831,Checkers,0,GAME_OVER,23,22,2,1098,RandomPlayerConfig,OSLA
946430040,Checkers,0,GAME_OVER,29,28,2,1099,RandomPlayerConfig,OSLA
1109297534,Checkers,0,GAME_OVER,22,21,2,1100,RandomPlayerConfig,OSLA
1790991723,Checkers,0,GAME_OVER,26,25,2,1101,RandomPlayerConfig,OSLA
-2130879446,Checkers,0,GAME_OVER,23,22,2,1102,RandomPlayerConfig,OSLA
719078359,Checkers,0,GAME_OVER,27,26,2,1103,RandomPlayerConfig,OSLA
-1391194653,Checkers,0,GAME_OVER,29,28,2,1104,RandomPlayerConfig,OSLA
1405304257,Checkers,0,GAME_OVER,25,24,2,1105,RandomPlayerConfig,OSLA
138024061,Checkers,0,GAME_OVER,26,25,2,1106,RandomPlayerConfig,OSLA
-1560886809,Checkers,0,GAME_OVER,30,29,2,1107,RandomPlayerConfig,OSLA
-627570753,Checkers,0,GAME_OVER,23,22,2,1108,RandomPlayerConfig,OSLA
214968166,Checkers,0,GAME_OVER,34,33,2,1109,RandomPlayerConfig,OSLA
2002927771,Checkers,0,GAME_OVER,29,28,2,1110,RandomPlayerConfig,OSLA
1145760359,Checkers,0,GAME_OVER,28,27,2,1111,RandomPlayerConfig,OSLA
1421392738,Checkers,0,GAME_OVER,27,26,2,1112,RandomPlayerConfig,OSLA
-1600797690,Checkers,0,GAME_OVER,21,20,2,1113,RandomPlayerConfig,OSLA
1573684604,Checkers,0,GAME_OVER,27,26,2,1114,RandomPlayerConfig,OSLA
-1253018376,Checkers,0,GAME_OVER,47,46,2,1115,RandomPlayerConfig,OSLA
761205658,Checkers,0,GAME_OVER,39,38,2,1116,RandomPlayerConfig,OSLA
-579190352,Checkers,0,GAME_OVER,33,32,2,1117,RandomPlayerConfig,OSLA
1503046544,Checkers,0,GAME_OVER,32,31,2,1118,RandomPlayerConfig,OSLA
1302884374,Checkers,0,GAME_OVER,23,22,2,1119,RandomPlayerConfig,OSLA
-1092868814,Checkers,0,GAME_OVER,24,23,2,1120,RandomPlayerConfig,OSLA
733276689,Checkers,0,GAME_OVER,28,27,2,1121,RandomPlayerConfig,OSLA
-1168918557,Checkers,0,GAME_OVER,26,25,2,1122,RandomPlayerConfig,OSLA
704925036,Checkers,0,GAME_OVER,25,24,2,1123,RandomPlayerConfig,OSLA
-271784260,Checkers,0,GAME_OVER,26,25,2,1124,RandomPlayerConfig,OSLA
1829599460,Checkers,0,GAME_OVER,27,26,2,1125,RandomPlayerConfig,OSLA
-132123781,Checkers,0,GAME_OVER,27,26,2,1126,RandomPlayerConfig,OSLA
1719721827,Checkers,0,GAME_OVER,24,23,2,1127,RandomPlayerConfig,OSLA
-400875376,Checkers,0,GAME_OVER,27,26,2,1128,RandomPlayerConfig,OSLA
-1584011863,Checkers,0,GAME_OVER,29,28,2,1129,RandomPlayerConfig,OSLA
-874281724,Checkers,0,GAME_OVER,19,18,2,1130,RandomPlayerConfig,OSLA
607853563,Checkers,0,GAME_OVER,30,29,2,1131,RandomPlayerConfig,OSLA
-1949378284,Checkers,0,GAME_OVER,25,24,2,1132,RandomPlayerConfig,OSLA
550147220,Checkers,0,GAME_OVER,28,27,2,1133,RandomPlayerConfig,OSLA
653426863,Checkers,0,GAME_OVER,26,25,2,1134,RandomPlayerConfig,OSLA
619559134,Checkers,0,GAME_OVER,32,31,2,1135,RandomPlayerConfig,OSLA
-1848393412,Checkers,0,GAME_OVER,25,24,2,1136,RandomPlayerConfig,OSLA
751837896,Checkers,0,GAME_OVER,22,21,2,1137,RandomPlayerConfig,OSLA
-1044147626,Checkers,0,GAME_OVER,25,24,2,1138,RandomPlayerConfig,OSLA
-1128008526,Checkers,0,GAME_OVER,29,28,2,1139,RandomPlayerConfig,OSLA
1292526932,Checkers,0,GAME_OVER,30,29,2,1140,RandomPlayerConfig,OSLA
-314228284,Checkers,0,GAME_OVER,30,29,2,1141,RandomPlayerConfig,OSLA
1499768291,Checkers,0,GAME_OVER,22,21,2,1142,RandomPlayerConfig,OSLA
-1065410130,Checkers,0,GAME_OVER,27,26,2,1143,RandomPlayerConfig,OSLA
-449501699,Checkers,0,GAME_OVER,25,24,2,1144,RandomPlayerConfig,OSLA
-1684908515,Checkers,0,GAME_OVER,31,30,2,1145,RandomPlayerConfig,OSLA
2078749170,Checkers,0,GAME_OVER,29,28,2,1146,RandomPlayerConfig,OSLA
-506346129,Checkers,0,GAME_OVER,29,28,2,1147,RandomPlayerConfig,OSLA
-1211286156,Checkers,0,GAME_OVER,32,31,2,1148,RandomPlayerConfig,OSLA
-217592467,Checkers,0,GAME_OVER,28,27,2,1149,RandomPlayerConfig,OSLA
1534331061,Checkers,0,GAME_OVER,32,31,2,1150,RandomPlayerConfig,OSLA
-1498652148,Checkers,0,GAME_OVER,32,31,2,1151,RandomPlayerConfig,OSLA
1456231706,Checkers,0,GAME_OVER,24,23,2,1152,RandomPlayerConfig,OSLA
381116299,Checkers,0,GAME_OVER,66,65,2,1153,RandomPlayerConfig,OSLA
273732376,Checkers,0,GAME_OVER,26,25,2,1154,RandomPlayerConfig,OSLA
795163751,Checkers,0,GAME_OVER,38,37,2,1155,RandomPlayerConfig,OSLA
1362849584,Checkers,0,GAME_OVER,22,21,2,1156,RandomPlayerConfig,OSLA
-721178884,Checkers,0,GAME_OVER,31,30,2,1157,RandomPlayerConfig,OSLA
-367027675,Checkers,0,GAME_OVER,34,33,2,1158,RandomPlayerConfig,OSLA
1147515846,Checkers,0,GAME_OVER,33,32,2,1159,RandomPlayerConfig,OSLA
-685758239,Checkers,0,GAME_OVER,25,24,2,1160,RandomPlayerConfig,OSLA
-257622872,Checkers,0,GAME_OVER,31,30,2,1161,RandomPlayerConfig,OSLA
-2109537624,Checkers,0,GAME_OVER,26,25,2,1162,RandomPlayerConfig,OSLA
1805450913,Checkers,0,GAME_OVER,29,28,2,1163,RandomPlayerConfig,OSLA
-596797307,Checkers,0,GAME_OVER,22,21,2,1164,RandomPlayerConfig,OSLA
1201201872,Checkers,0,GAME_OVER,43,42,2,1165,RandomPlayerConfig,OSLA
-1562894570,Checkers,0,GAME_OVER,32,31,2,1166,RandomPlayerConfig,OSLA
-375299907,Checkers,0,GAME_OVER,26,25,2,1167,RandomPlayerConfig,OSLA
-1657910237,Checkers,0,GAME_OVER,28,27,2,1168,RandomPlayerConfig,OSLA
-312587457,Checkers,0,GAME_OVER,26,25,2,1169,RandomPlayerConfig,OSLA
1633745834,Checkers,0,GAME_OVER,27,26,2,1170,RandomPlayerConfig,OSLA
-1083822471,Checkers,0,GAME_OVER,50,49,2,1171,RandomPlayerConfig,OSLA
342961208,Checkers,0,GAME_OVER,25,24,2,1172,RandomPlayerConfig,OSLA
-1505880897,Checkers,0,GAME_OVER,22,21,2,1173,RandomPlayerConfig,OSLA
4802768,Checkers,0,GAME_OVER,26,25,2,1174,RandomPlayerConfig,OSLA
-1392627353,Checkers,0,GAME_OVER,29,28,2,1175,RandomPlayerConfig,OSLA
-539277642,Checkers,0,GAME_OVER,26,25,2,1176,RandomPlayerConfig,OSLA
1752439758,Checkers,0,GAME_OVER,29,28,2,1177,RandomPlayerConfig,OSLA
-383727673,Checkers,0,GAME_OVER,22,21,2,1178,RandomPlayerConfig,OSLA
-1723383266,Checkers,0,GAME_OVER,25,24,2,1179,RandomPlayerConfig,OSLA
928826959,Checkers,0,GAME_OVER,26,25,2,1180,RandomPlayerConfig,OSLA
1427348113,Checkers,0,GAME_OVER,28,27,2,1181,RandomPlayerConfig,OSLA
-520266367,Checkers,0,GAME_OVER,25,24,2,1182,RandomPlayerConfig,OSLA
517286733,Checkers,0,GAME_OVER,33,32,2,1183,RandomPlayerConfig,OSLA
-1549297166,Checkers,0,GAME_OVER,27,26,2,1184,RandomPlayerConfig,OSLA
-390261751,Checkers,0,GAME_OVER,29,28,2,1185,RandomPlayerConfig,OSLA
590409677,Checkers,0,GAME_OVER,28,27,2,1186,RandomPlayerConfig,OSLA
1698638355,Checkers,0,GAME_OVER,29,28,2,1187,RandomPlayerConfig,OSLA
1256886421,Checkers,0,GAME_OVER,26,25,2,1188,RandomPlayerConfig,OSLA
1391148676,Checkers,0,GAME_OVER,34,33,2,1189,RandomPlayerConfig,OSLA
1654485175,Checkers,0,GAME_OVER,28,27,2,1190,RandomPlayerConfig,OSLA
1817485198,Checkers,0,GAME_OVER,27,26,2,1191,RandomPlayerConfig,OSLA
1513876789,Checkers,0,GAME_OVER,42,41,2,1192,RandomPlayerConfig,OSLA
83861845,Checkers,0,GAME_OVER,24,23,2,1193,RandomPlayerConfig,OSLA
-2118927314,Checkers,0,GAME_OVER,24,23,2,1194,RandomPlayerConfig,OSLA
-369965134,Checkers,0,GAME_OVER,25,24,2,1195,RandomPlayerConfig,OSLA
-548751590,Checkers,0,GAME_OVER,34,33,2,1196,RandomPlayerConfig,OSLA
-1483810362,Checkers,0,GAME_OVER,28,27,2,1197,RandomPlayerConfig,OSLA
-1294980121,Checkers,0,GAME_OVER,25,24,2,1198,RandomPlayerConfig,OSLA
1283361115,Checkers,0,GAME_OVER,29,28,2,1199,RandomPlayerConfig,OSLA
1906199135,Checkers,0,GAME_OVER,23,22,2,1200,RandomPlayerConfig,OSLA
-134759603,Checkers,0,GAME_OVER,27,26,2,1201,RandomPlayerConfig,OSLA
1634390178,Checkers,0,GAME_OVER,23,22,2,1202,MCTS_CheckersHeuristic,RandomPlayerConfig
1980696938,Checkers,0,GAME_OVER,25,24,2,1203,MCTS_CheckersHeuristic,RandomPlayerConfig
1433263383,Checkers,0,GAME_OVER,27,26,2,1204,MCTS_CheckersHeuristic,RandomPlayerConfig
-906895919,Checkers,0,GAME_OVER,27,26,2,1205,MCTS_CheckersHeuristic,RandomPlayerConfig
-304834404,Checkers,0,GAME_OVER,23,22,2,1206,MCTS_CheckersHeuristic,RandomPlayerConfig
-1177143619,Checkers,0,GAME_OVER,30,29,2,1207,MCTS_CheckersHeuristic,RandomPlayerConfig
1235789652,Checkers,0,GAME_OVER,24,23,2,1208,MCTS_CheckersHeuristic,RandomPlayerConfig
-943454790,Checkers,0,GAME_OVER,24,23,2,1209,MCTS_CheckersHeuristic,RandomPlayerConfig
-61265526,Checkers,0,GAME_OVER,25,24,2,1210,MCTS_CheckersHeuristic,RandomPlayerConfig
-1569090718,Checkers,0,GAME_OVER,26,25,2,1211,MCTS_CheckersHeuristic,RandomPlayerConfig
-1018937342,Checkers,0,GAME_OVER,24,23,2,1212,MCTS_CheckersHeuristic,RandomPlayerConfig
49071466,Checkers,0,GAME_OVER,33,32,2,1213,MCTS_CheckersHeuristic,RandomPlayerConfig
-1459259571,Checkers,0,GAME_OVER,26,25,2,1214,MCTS_CheckersHeuristic,RandomPlayerConfig
18458152,Checkers,0,GAME_OVER,25,24,2,1215,MCTS_CheckersHeuristic,RandomPlayerConfig
871169150,Checkers,0,GAME_OVER,22,21,2,1216,MCTS_CheckersHeuristic,RandomPlayerConfig
-1997601845,Checkers,0,GAME_OVER,23,22,2,1217,MCTS_CheckersHeuristic,RandomPlayerConfig
460294138,Checkers,0,GAME_OVER,22,21,2,1218,MCTS_CheckersHeuristic,RandomPlayerConfig
1348459206,Checkers,0,GAME_OVER,26,25,2,1219,MCTS_CheckersHeuristic,RandomPlayerConfig
1259708220,Checkers,0,GAME_OVER,38,37,2,1220,MCTS_CheckersHeuristic,RandomPlayerConfig
1348238929,Checkers,0,GAME_OVER,25,24,2,1221,MCTS_CheckersHeuristic,RandomPlayerConfig
1500200122,Checkers,0,GAME_OVER,22,21,2,1222,MCTS_CheckersHeuristic,RandomPlayerConfig
-1037770008,Checkers,0,GAME_OVER,24,23,2,1223,MCTS_CheckersHeuristic,RandomPlayerConfig
393651539,Checkers,0,GAME_OVER,33,32,2,1224,MCTS_CheckersHeuristic,RandomPlayerConfig
-916561366,Checkers,0,GAME_OVER,26,25,2,1225,MCTS_CheckersHeuristic,RandomPlayerConfig
-557300495,Checkers,0,GAME_OVER,26,25,2,1226,MCTS_CheckersHeuristic,RandomPlayerConfig
-520907637,Checkers,0,GAME_OVER,26,25,2,1227,MCTS_CheckersHeuristic,RandomPlayerConfig
754346046,Checkers,0,GAME_OVER,27,26,2,1228,MCTS_CheckersHeuristic,RandomPlayerConfig
-1466841933,Checkers,0,GAME_OVER,28,27,2,1229,MCTS_CheckersHeuristic,RandomPlayerConfig
-1269194847,Checkers,0,GAME_OVER,22,21,2,1230,MCTS_CheckersHeuristic,RandomPlayerConfig
480958858,Checkers,0,GAME_OVER,26,25,2,1231,MCTS_CheckersHeuristic,RandomPlayerConfig
927668192,Checkers,0,GAME_OVER,27,26,2,1232,MCTS_CheckersHeuristic,RandomPlayerConfig
-800149714,Checkers,0,GAME_OVER,28,27,2,1233,MCTS_CheckersHeuristic,RandomPlayerConfig
2041138960,Checkers,0,GAME_OVER,32,31,2,1234,MCTS_CheckersHeuristic,RandomPlayerConfig
848725111,Checkers,0,GAME_OVER,25,24,2,1235,MCTS_CheckersHeuristic,RandomPlayerConfig
-1489776440,Checkers,0,GAME_OVER,26,25,2,1236,MCTS_CheckersHeuristic,RandomPlayerConfig
-626544206,Checkers,0,GAME_OVER,30,29,2,1237,MCTS_CheckersHeuristic,RandomPlayerConfig
-708762967,Checkers,0,GAME_OVER,26,25,2,1238,MCTS_CheckersHeuristic,RandomPlayerConfig
1853890222,Checkers,0,GAME_OVER,27,26,2,1239,MCTS_CheckersHeuristic,RandomPlayerConfig
-768191818,Checkers,0,GAME_OVER,23,22,2,1240,MCTS_CheckersHeuristic,RandomPlayerConfig
-925159070,Checkers,0,GAME_OVER,25,24,2,1241,MCTS_CheckersHeuristic,RandomPlayerConfig
647740191,Checkers,0,GAME_OVER,28,27,2,1242,MCTS_CheckersHeuristic,RandomPlayerConfig
-256506969,Checkers,0,GAME_OVER,26,25,2,1243,MCTS_CheckersHeuristic,RandomPlayerConfig
799218526,Checkers,0,GAME_OVER,28,27,2,1244,MCTS_CheckersHeuristic,RandomPlayerConfig
1389290977,Checkers,0,GAME_OVER,25,24,2,1245,MCTS_CheckersHeuristic,RandomPlayerConfig
-1973474088,Checkers,0,GAME_OVER,22,21,2,1246,MCTS_CheckersHeuristic,RandomPlayerConfig
-1239917172,Checkers,0,GAME_OVER,23,22,2,1247,MCTS_CheckersHeuristic,RandomPlayerConfig
-1585845909,Checkers,0,GAME_OVER,26,25,2,1248,MCTS_CheckersHeuristic,RandomPlayerConfig
2109815301,Checkers,0,GAME_OVER,24,23,2,1249,MCTS_CheckersHeuristic,RandomPlayerConfig
-1548426104,Checkers,0,GAME_OVER,25,24,2,1250,MCTS_CheckersHeuristic,RandomPlayerConfig
673240843,Checkers,0,GAME_OVER,28,27,2,1251,MCTS_CheckersHeuristic,RandomPlayerConfig
2028268486,Checkers,0,GAME_OVER,23,22,2,1252,MCTS_CheckersHeuristic,RandomPlayerConfig
-1142717494,Checkers,0,GAME_OVER,28,27,2,1253,MCTS_CheckersHeuristic,RandomPlayerConfig
-911691237,Checkers,0,GAME_OVER,20,19,2,1254,MCTS_CheckersHeuristic,RandomPlayerConfig
-1529670036,Checkers,0,GAME_OVER,28,27,2,1255,MCTS_CheckersHeuristic,RandomPlayerConfig
882974999,Checkers,0,GAME_OVER,23,22,2,1256,MCTS_CheckersHeuristic,RandomPlayerConfig
1246447496,Checkers,0,GAME_OVER,28,27,2,1257,MCTS_CheckersHeuristic,RandomPlayerConfig
-709681705,Checkers,0,GAME_OVER,29,28,2,1258,MCTS_CheckersHeuristic,RandomPlayerConfig
919688677,Checkers,0,GAME_OVER,30,29,2,1259,MCTS_CheckersHeuristic,RandomPlayerConfig
-1475433589,Checkers,0,GAME_OVER,22,21,2,1260,MCTS_CheckersHeuristic,RandomPlayerConfig
-1361577368,Checkers,0,GAME_OVER,26,25,2,1261,MCTS_CheckersHeuristic,RandomPlayerConfig
103902145,Checkers,0,GAME_OVER,25,24,2,1262,MCTS_CheckersHeuristic,RandomPlayerConfig
-1380864723,Checkers,0,GAME_OVER,27,26,2,1263,MCTS_CheckersHeuristic,RandomPlayerConfig
604773592,Checkers,0,GAME_OVER,22,21,2,1264,MCTS_CheckersHeuristic,RandomPlayerConfig
-1349650412,Checkers,0,GAME_OVER,21,20,2,1265,MCTS_CheckersHeuristic,RandomPlayerConfig
-1563430592,Checkers,0,GAME_OVER,29,28,2,1266,MCTS_CheckersHeuristic,RandomPlayerConfig
1399185486,Checkers,0,GAME_OVER,26,25,2,1267,MCTS_CheckersHeuristic,RandomPlayerConfig
2070675069,Checkers,0,GAME_OVER,25,24,2,1268,MCTS_CheckersHeuristic,RandomPlayerConfig
1740545965,Checkers,0,GAME_OVER,26,25,2,1269,MCTS_CheckersHeuristic,RandomPlayerConfig
1368498432,Checkers,0,GAME_OVER,21,20,2,1270,MCTS_CheckersHeuristic,RandomPlayerConfig
-1773090881,Checkers,0,GAME_OVER,27,26,2,1271,MCTS_CheckersHeuristic,RandomPlayerConfig
-201057714,Checkers,0,GAME_OVER,34,33,2,1272,MCTS_CheckersHeuristic,RandomPlayerConfig
-127874046,Checkers,0,GAME_OVER,22,21,2,1273,MCTS_CheckersHeuristic,RandomPlayerConfig
-1872105191,Checkers,0,GAME_OVER,28,27,2,1274,MCTS_CheckersHeuristic,RandomPlayerConfig
1975625137,Checkers,0,GAME_OVER,23,22,2,1275,MCTS_CheckersHeuristic,RandomPlayerConfig
-951433425,Checkers,0,GAME_OVER,28,27,2,1276,MCTS_CheckersHeuristic,RandomPlayerConfig
-411297027,Checkers,0,GAME_OVER,28,27,2,1277,MCTS_CheckersHeuristic,RandomPlayerConfig
789348207,Checkers,0,GAME_OVER,24,23,2,1278,MCTS_CheckersHeuristic,RandomPlayerConfig
826211497,Checkers,0,GAME_OVER,25,24,2,1279,MCTS_CheckersHeuristic,RandomPlayerConfig
711638559,Checkers,0,GAME_OVER,29,28,2,1280,MCTS_CheckersHeuristic,RandomPlayerConfig
2042411104,Checkers,0,GAME_OVER,28,27,2,1281,MCTS_CheckersHeuristic,RandomPlayerConfig
820516955,Checkers,0,GAME_OVER,25,24,2,1282,MCTS_CheckersHeuristic,RandomPlayerConfig
1603255118,Checkers,0,GAME_OVER,23,22,2,1283,MCTS_CheckersHeuristic,RandomPlayerConfig
-1711260808,Checkers,0,GAME_OVER,28,27,2,1284,MCTS_CheckersHeuristic,RandomPlayerConfig
7118769,Checkers,0,GAME_OVER,27,26,2,1285,MCTS_CheckersHeuristic,RandomPlayerConfig
1450771338,Checkers,0,GAME_OVER,23,22,2,1286,MCTS_CheckersHeuristic,RandomPlayerConfig
-234172028,Checkers,0,GAME_OVER,21,20,2,1287,MCTS_CheckersHeuristic,RandomPlayerConfig
-1990823820,Checkers,0,GAME_OVER,29,28,2,1288,MCTS_CheckersHeuristic,RandomPlayerConfig
1214941555,Checkers,0,GAME_OVER,24,23,2,1289,MCTS_CheckersHeuristic,RandomPlayerConfig
-109528283,Checkers,0,GAME_OVER,29,28,2,1290,MCTS_CheckersHeuristic,RandomPlayerConfig
-526220616,Checkers,0,GAME_OVER,23,22,2,1291,MCTS_CheckersHeuristic,RandomPlayerConfig
-1935439629,Checkers,0,GAME_OVER,18,17,2,1292,MCTS_CheckersHeuristic,RandomPlayerConfig
-1954154602,Checkers,0,GAME_OVER,22,21,2,1293,MCTS_CheckersHeuristic,RandomPlayerConfig
-1758498510,Checkers,0,GAME_OVER,24,23,2,1294,MCTS_CheckersHeuristic,RandomPlayerConfig
-56489603,Checkers,0,GAME_OVER,24,23,2,1295,MCTS_CheckersHeuristic,RandomPlayerConfig
-1725052550,Checkers,0,GAME_OVER,37,36,2,1296,MCTS_CheckersHeuristic,RandomPlayerConfig
-1339353809,Checkers,0,GAME_OVER,30,29,2,1297,MCTS_CheckersHeuristic,RandomPlayerConfig
-1450309831,Checkers,0,GAME_OVER,26,25,2,1298,MCTS_CheckersHeuristic,RandomPlayerConfig
946430040,Checkers,0,GAME_OVER,28,27,2,1299,MCTS_CheckersHeuristic,RandomPlayerConfig
1109297534,Checkers,0,GAME_OVER,26,25,2,1300,MCTS_CheckersHeuristic,RandomPlayerConfig
1790991723,Checkers,0,GAME_OVER,23,22,2,1301,MCTS_CheckersHeuristic,RandomPlayerConfig
-2130879446,Checkers,0,GAME_OVER,29,28,2,1302,MCTS_CheckersHeuristic,RandomPlayerConfig
719078359,Checkers,0,GAME_OVER,22,21,2,1303,MCTS_CheckersHeuristic,RandomPlayerConfig
-1391194653,Checkers,0,GAME_OVER,25,24,2,1304,MCTS_CheckersHeuristic,RandomPlayerConfig
1405304257,Checkers,0,GAME_OVER,23,22,2,1305,MCTS_CheckersHeuristic,RandomPlayerConfig
138024061,Checkers,0,GAME_OVER,26,25,2,1306,MCTS_CheckersHeuristic,RandomPlayerConfig
-1560886809,Checkers,0,GAME_OVER,27,26,2,1307,MCTS_CheckersHeuristic,RandomPlayerConfig
-627570753,Checkers,0,GAME_OVER,31,30,2,1308,MCTS_CheckersHeuristic,RandomPlayerConfig
214968166,Checkers,0,GAME_OVER,27,26,2,1309,MCTS_CheckersHeuristic,RandomPlayerConfig
2002927771,Checkers,0,GAME_OVER,31,30,2,1310,MCTS_CheckersHeuristic,RandomPlayerConfig
1145760359,Checkers,0,GAME_OVER,26,25,2,1311,MCTS_CheckersHeuristic,RandomPlayerConfig
1421392738,Checkers,0,GAME_OVER,23,22,2,1312,MCTS_CheckersHeuristic,RandomPlayerConfig
-1600797690,Checkers,0,GAME_OVER,23,22,2,1313,MCTS_CheckersHeuristic,RandomPlayerConfig
1573684604,Checkers,0,GAME_OVER,26,25,2,1314,MCTS_CheckersHeuristic,RandomPlayerConfig
-1253018376,Checkers,0,GAME_OVER,28,27,2,1315,MCTS_CheckersHeuristic,RandomPlayerConfig
761205658,Checkers,0,GAME_OVER,29,28,2,1316,MCTS_CheckersHeuristic,RandomPlayerConfig
-579190352,Checkers,0,GAME_OVER,23,22,2,1317,MCTS_CheckersHeuristic,RandomPlayerConfig
1503046544,Checkers,0,GAME_OVER,29,28,2,1318,MCTS_CheckersHeuristic,RandomPlayerConfig
1302884374,Checkers,0,GAME_OVER,26,25,2,1319,MCTS_CheckersHeuristic,RandomPlayerConfig
-1092868814,Checkers,0,GAME_OVER,20,19,2,1320,MCTS_CheckersHeuristic,RandomPlayerConfig
733276689,Checkers,0,GAME_OVER,25,24,2,1321,MCTS_CheckersHeuristic,RandomPlayerConfig
-1168918557,Checkers,0,GAME_OVER,32,31,2,1322,MCTS_CheckersHeuristic,RandomPlayerConfig
704925036,Checkers,0,GAME_OVER,24,23,2,1323,MCTS_CheckersHeuristic,RandomPlayerConfig
-271784260,Checkers,0,GAME_OVER,22,21,2,1324,MCTS_CheckersHeuristic,RandomPlayerConfig
1829599460,Checkers,0,GAME_OVER,26,25,2,1325,MCTS_CheckersHeuristic,RandomPlayerConfig
-132123781,Checkers,0,GAME_OVER,29,28,2,1326,MCTS_CheckersHeuristic,RandomPlayerConfig
1719721827,Checkers,0,GAME_OVER,25,24,2,1327,MCTS_CheckersHeuristic,RandomPlayerConfig
-400875376,Checkers,0,GAME_OVER,24,23,2,1328,MCTS_CheckersHeuristic,RandomPlayerConfig
-1584011863,Checkers,0,GAME_OVER,21,20,2,1329,MCTS_CheckersHeuristic,RandomPlayerConfig
-874281724,Checkers,0,GAME_OVER,23,22,2,1330,MCTS_CheckersHeuristic,RandomPlayerConfig
607853563,Checkers,0,GAME_OVER,25,24,2,1331,MCTS_CheckersHeuristic,RandomPlayerConfig
-1949378284,Checkers,0,GAME_OVER,43,42,2,1332,MCTS_CheckersHeuristic,RandomPlayerConfig
550147220,Checkers,0,GAME_OVER,25,24,2,1333,MCTS_CheckersHeuristic,RandomPlayerConfig
653426863,Checkers,0,GAME_OVER,22,21,2,1334,MCTS_CheckersHeuristic,RandomPlayerConfig
619559134,Checkers,0,GAME_OVER,22,21,2,1335,MCTS_CheckersHeuristic,RandomPlayerConfig
-1848393412,Checkers,0,GAME_OVER,33,32,2,1336,MCTS_CheckersHeuristic,RandomPlayerConfig
751837896,Checkers,0,GAME_OVER,25,24,2,1337,MCTS_CheckersHeuristic,RandomPlayerConfig
-1044147626,Checkers,0,GAME_OVER,22,21,2,1338,MCTS_CheckersHeuristic,RandomPlayerConfig
-1128008526,Checkers,0,GAME_OVER,28,27,2,1339,MCTS_CheckersHeuristic,RandomPlayerConfig
1292526932,Checkers,0,GAME_OVER,26,25,2,1340,MCTS_CheckersHeuristic,RandomPlayerConfig
-314228284,Checkers,0,GAME_OVER,26,25,2,1341,MCTS_CheckersHeuristic,RandomPlayerConfig
1499768291,Checkers,0,GAME_OVER,45,44,2,1342,MCTS_CheckersHeuristic,RandomPlayerConfig
-1065410130,Checkers,0,GAME_OVER,22,21,2,1343,MCTS_CheckersHeuristic,RandomPlayerConfig
-449501699,Checkers,0,GAME_OVER,23,22,2,1344,MCTS_CheckersHeuristic,RandomPlayerConfig
-1684908515,Checkers,0,GAME_OVER,23,22,2,1345,MCTS_CheckersHeuristic,RandomPlayerConfig
2078749170,Checkers,0,GAME_OVER,25,24,2,1346,MCTS_CheckersHeuristic,RandomPlayerConfig
-506346129,Checkers,0,GAME_OVER,22,21,2,1347,MCTS_CheckersHeuristic,RandomPlayerConfig
-1211286156,Checkers,0,GAME_OVER,23,22,2,1348,MCTS_CheckersHeuristic,RandomPlayerConfig
-217592467,Checkers,0,GAME_OVER,33,32,2,1349,MCTS_CheckersHeuristic,RandomPlayerConfig
1534331061,Checkers,0,GAME_OVER,28,27,2,1350,MCTS_CheckersHeuristic,RandomPlayerConfig
-1498652148,Checkers,0,GAME_OVER,26,25,2,1351,MCTS_CheckersHeuristic,RandomPlayerConfig
1456231706,Checkers,0,GAME_OVER,30,29,2,1352,MCTS_CheckersHeuristic,RandomPlayerConfig
381116299,Checkers,0,GAME_OVER,29,28,2,1353,MCTS_CheckersHeuristic,RandomPlayerConfig
273732376,Checkers,0,GAME_OVER,27,26,2,1354,MCTS_CheckersHeuristic,RandomPlayerConfig
795163751,Checkers,0,GAME_OVER,22,21,2,1355,MCTS_CheckersHeuristic,RandomPlayerConfig
1362849584,Checkers,0,GAME_OVER,25,24,2,1356,MCTS_CheckersHeuristic,RandomPlayerConfig
-721178884,Checkers,0,GAME_OVER,24,23,2,1357,MCTS_CheckersHeuristic,RandomPlayerConfig
-367027675,Checkers,0,GAME_OVER,28,27,2,1358,MCTS_CheckersHeuristic,RandomPlayerConfig
1147515846,Checkers,0,GAME_OVER,28,27,2,1359,MCTS_CheckersHeuristic,RandomPlayerConfig
-685758239,Checkers,0,GAME_OVER,25,24,2,1360,MCTS_CheckersHeuristic,RandomPlayerConfig
-257622872,Checkers,0,GAME_OVER,25,24,2,1361,MCTS_CheckersHeuristic,RandomPlayerConfig
-2109537624,Checkers,0,GAME_OVER,29,28,2,1362,MCTS_CheckersHeuristic,RandomPlayerConfig
1805450913,Checkers,0,GAME_OVER,28,27,2,1363,MCTS_CheckersHeuristic,RandomPlayerConfig
-596797307,Checkers,0,GAME_OVER,43,42,2,1364,MCTS_CheckersHeuristic,RandomPlayerConfig
1201201872,Checkers,0,GAME_OVER,33,32,2,1365,MCTS_CheckersHeuristic,RandomPlayerConfig
-1562894570,Checkers,0,GAME_OVER,26,25,2,1366,MCTS_CheckersHeuristic,RandomPlayerConfig
-375299907,Checkers,0,GAME_OVER,21,20,2,1367,MCTS_CheckersHeuristic,RandomPlayerConfig
-1657910237,Checkers,0,GAME_OVER,27,26,2,1368,MCTS_CheckersHeuristic,RandomPlayerConfig
-312587457,Checkers,0,GAME_OVER,30,29,2,1369,MCTS_CheckersHeuristic,RandomPlayerConfig
1633745834,Checkers,0,GAME_OVER,26,25,2,1370,MCTS_CheckersHeuristic,RandomPlayerConfig
-1083822471,Checkers,0,GAME_OVER,23,22,2,1371,MCTS_CheckersHeuristic,RandomPlayerConfig
342961208,Checkers,0,GAME_OVER,31,30,2,1372,MCTS_CheckersHeuristic,RandomPlayerConfig
-1505880897,Checkers,0,GAME_OVER,25,24,2,1373,MCTS_CheckersHeuristic,RandomPlayerConfig
4802768,Checkers,0,GAME_OVER,25,24,2,1374,MCTS_CheckersHeuristic,RandomPlayerConfig
-1392627353,Checkers,0,GAME_OVER,26,25,2,1375,MCTS_CheckersHeuristic,RandomPlayerConfig
-539277642,Checkers,0,GAME_OVER,27,26,2,1376,MCTS_CheckersHeuristic,RandomPlayerConfig
1752439758,Checkers,0,GAME_OVER,28,27,2,1377,MCTS_CheckersHeuristic,RandomPlayerConfig
-383727673,Checkers,0,GAME_OVER,27,26,2,1378,MCTS_CheckersHeuristic,RandomPlayerConfig
-1723383266,Checkers,0,GAME_OVER,25,24,2,1379,MCTS_CheckersHeuristic,RandomPlayerConfig
928826959,Checkers,0,GAME_OVER,26,25,2,1380,MCTS_CheckersHeuristic,RandomPlayerConfig
1427348113,Checkers,0,GAME_OVER,22,21,2,1381,MCTS_CheckersHeuristic,RandomPlayerConfig
-520266367,Checkers,0,GAME_OVER,28,27,2,1382,MCTS_CheckersHeuristic,RandomPlayerConfig
517286733,Checkers,0,GAME_OVER,25,24,2,1383,MCTS_CheckersHeuristic,RandomPlayerConfig
-1549297166,Checkers,0,GAME_OVER,22,21,2,1384,MCTS_CheckersHeuristic,RandomPlayerConfig
-390261751,Checkers,0,GAME_OVER,22,21,2,1385,MCTS_CheckersHeuristic,RandomPlayerConfig
590409677,Checkers,0,GAME_OVER,22,21,2,1386,MCTS_CheckersHeuristic,RandomPlayerConfig
1698638355,Checkers,0,GAME_OVER,27,26,2,1387,MCTS_CheckersHeuristic,RandomPlayerConfig
1256886421,Checkers,0,GAME_OVER,27,26,2,1388,MCTS_CheckersHeuristic,RandomPlayerConfig
1391148676,Checkers,0,GAME_OVER,24,23,2,1389,MCTS_CheckersHeuristic,RandomPlayerConfig
1654485175,Checkers,0,GAME_OVER,35,34,2,1390,MCTS_CheckersHeuristic,RandomPlayerConfig
1817485198,Checkers,0,GAME_OVER,26,25,2,1391,MCTS_CheckersHeuristic,RandomPlayerConfig
1513876789,Checkers,0,GAME_OVER,25,24,2,1392,MCTS_CheckersHeuristic,RandomPlayerConfig
83861845,Checkers,0,GAME_OVER,26,25,2,1393,MCTS_CheckersHeuristic,RandomPlayerConfig
-2118927314,Checkers,0,GAME_OVER,21,20,2,1394,MCTS_CheckersHeuristic,RandomPlayerConfig
-369965134,Checkers,0,GAME_OVER,21,20,2,1395,MCTS_CheckersHeuristic,RandomPlayerConfig
-548751590,Checkers,0,GAME_OVER,21,20,2,1396,MCTS_CheckersHeuristic,RandomPlayerConfig
-1483810362,Checkers,0,GAME_OVER,24,23,2,1397,MCTS_CheckersHeuristic,RandomPlayerConfig
-1294980121,Checkers,0,GAME_OVER,26,25,2,1398,MCTS_CheckersHeuristic,RandomPlayerConfig
1283361115,Checkers,0,GAME_OVER,25,24,2,1399,MCTS_CheckersHeuristic,RandomPlayerConfig
1906199135,Checkers,0,GAME_OVER,26,25,2,1400,MCTS_CheckersHeuristic,RandomPlayerConfig
-134759603,Checkers,0,GAME_OVER,27,26,2,1401,MCTS_CheckersHeuristic,RandomPlayerConfig
1634390178,Checkers,0,GAME_OVER,27,26,2,1402,OSLA,RandomPlayerConfig
1980696938,Checkers,0,GAME_OVER,30,29,2,1403,OSLA,RandomPlayerConfig
1433263383,Checkers,0,GAME_OVER,33,32,2,1404,OSLA,RandomPlayerConfig
-906895919,Checkers,0,GAME_OVER,31,30,2,1405,OSLA,RandomPlayerConfig
-304834404,Checkers,0,GAME_OVER,32,31,2,1406,OSLA,RandomPlayerConfig
-1177143619,Checkers,0,GAME_OVER,47,46,2,1407,OSLA,RandomPlayerConfig
1235789652,Checkers,0,GAME_OVER,41,40,2,1408,OSLA,RandomPlayerConfig
-943454790,Checkers,0,GAME_OVER,30,29,2,1409,OSLA,RandomPlayerConfig
-61265526,Checkers,0,GAME_OVER,32,31,2,1410,OSLA,RandomPlayerConfig
-1569090718,Checkers,0,GAME_OVER,31,30,2,1411,OSLA,RandomPlayerConfig
-1018937342,Checkers,0,GAME_OVER,24,23,2,1412,OSLA,RandomPlayerConfig
49071466,Checkers,0,GAME_OVER,29,28,2,1413,OSLA,RandomPlayerConfig
-1459259571,Checkers,0,GAME_OVER,27,26,2,1414,OSLA,RandomPlayerConfig
18458152,Checkers,0,GAME_OVER,25,24,2,1415,OSLA,RandomPlayerConfig
871169150,Checkers,0,GAME_OVER,23,22,2,1416,OSLA,RandomPlayerConfig
-1997601845,Checkers,0,GAME_OVER,22,21,2,1417,OSLA,RandomPlayerConfig
460294138,Checkers,0,GAME_OVER,28,27,2,1418,OSLA,RandomPlayerConfig
1348459206,Checkers,0,GAME_OVER,22,21,2,1419,OSLA,RandomPlayerConfig
1259708220,Checkers,0,GAME_OVER,25,24,2,1420,OSLA,RandomPlayerConfig
1348238929,Checkers,0,GAME_OVER,31,30,2,1421,OSLA,RandomPlayerConfig
1500200122,Checkers,0,GAME_OVER,21,20,2,1422,OSLA,RandomPlayerConfig
-1037770008,Checkers,0,GAME_OVER,30,29,2,1423,OSLA,RandomPlayerConfig
393651539,Checkers,0,GAME_OVER,25,24,2,1424,OSLA,RandomPlayerConfig
-916561366,Checkers,0,GAME_OVER,26,25,2,1425,OSLA,RandomPlayerConfig
-557300495,Checkers,0,GAME_OVER,23,22,2,1426,OSLA,RandomPlayerConfig
-520907637,Checkers,0,GAME_OVER,21,20,2,1427,OSLA,RandomPlayerConfig
754346046,Checkers,0,GAME_OVER,26,25,2,1428,OSLA,RandomPlayerConfig
-1466841933,Checkers,0,GAME_OVER,29,28,2,1429,OSLA,RandomPlayerConfig
-1269194847,Checkers,0,GAME_OVER,63,62,2,1430,OSLA,RandomPlayerConfig
480958858,Checkers,0,GAME_OVER,29,28,2,1431,OSLA,RandomPlayerConfig
927668192,Checkers,0,GAME_OVER,27,26,2,1432,OSLA,RandomPlayerConfig
-800149714,Checkers,0,GAME_OVER,29,28,2,1433,OSLA,RandomPlayerConfig
2041138960,Checkers,0,GAME_OVER,23,22,2,1434,OSLA,RandomPlayerConfig
848725111,Checkers,0,GAME_OVER,23,22,2,1435,OSLA,RandomPlayerConfig
-1489776440,Checkers,0,GAME_OVER,26,25,2,1436,OSLA,RandomPlayerConfig
-626544206,Checkers,0,GAME_OVER,44,43,2,1437,OSLA,RandomPlayerConfig
-708762967,Checkers,0,GAME_OVER,32,31,2,1438,OSLA,RandomPlayerConfig
1853890222,Checkers,0,GAME_OVER,44,43,2,1439,OSLA,RandomPlayerConfig
-768191818,Checkers,0,GAME_OVER,20,19,2,1440,OSLA,RandomPlayerConfig
-925159070,Checkers,0,GAME_OVER,30,29,2,1441,OSLA,RandomPlayerConfig
647740191,Checkers,0,GAME_OVER,30,29,2,1442,OSLA,RandomPlayerConfig
-256506969,Checkers,0,GAME_OVER,26,25,2,1443,OSLA,RandomPlayerConfig
799218526,Checkers,0,GAME_OVER,27,26,2,1444,OSLA,RandomPlayerConfig
1389290977,Checkers,0,GAME_OVER,33,32,2,1445,OSLA,RandomPlayerConfig
-1973474088,Checkers,0,GAME_OVER,28,27,2,1446,OSLA,RandomPlayerConfig
-1239917172,Checkers,0,GAME_OVER,23,22,2,1447,OSLA,RandomPlayerConfig
-1585845909,Checkers,0,GAME_OVER,26,25,2,1448,OSLA,RandomPlayerConfig
2109815301,Checkers,0,GAME_OVER,22,21,2,1449,OSLA,RandomPlayerConfig
-1548426104,Checkers,0,GAME_OVER,27,26,2,1450,OSLA,RandomPlayerConfig
673240843,Checkers,0,GAME_OVER,26,25,2,1451,OSLA,RandomPlayerConfig
2028268486,Checkers,0,GAME_OVER,23,22,2,1452,OSLA,RandomPlayerConfig
-1142717494,Checkers,0,GAME_OVER,24,23,2,1453,OSLA,RandomPlayerConfig
-911691237,Checkers,0,GAME_OVER,23,22,2,1454,OSLA,RandomPlayerConfig
-1529670036,Checkers,0,GAME_OVER,36,35,2,1455,OSLA,RandomPlayerConfig
882974999,Checkers,0,GAME_OVER,24,23,2,1456,OSLA,RandomPlayerConfig
1246447496,Checkers,0,GAME_OVER,26,25,2,1457,OSLA,RandomPlayerConfig
-709681705,Checkers,0,GAME_OVER,24,23,2,1458,OSLA,RandomPlayerConfig
919688677,Checkers,0,GAME_OVER,32,31,2,1459,OSLA,RandomPlayerConfig
-1475433589,Checkers,0,GAME_OVER,21,20,2,1460,OSLA,RandomPlayerConfig
-1361577368,Checkers,0,GAME_OVER,22,21,2,1461,OSLA,RandomPlayerConfig
103902145,Checkers,0,GAME_OVER,38,37,2,1462,OSLA,RandomPlayerConfig
-1380864723,Checkers,0,GAME_OVER,24,23,2,1463,OSLA,RandomPlayerConfig
604773592,Checkers,0,GAME_OVER,21,20,2,1464,OSLA,RandomPlayerConfig
-1349650412,Checkers,0,GAME_OVER,25,24,2,1465,OSLA,RandomPlayerConfig
-1563430592,Checkers,0,GAME_OVER,28,27,2,1466,OSLA,RandomPlayerConfig
1399185486,Checkers,0,GAME_OVER,29,28,2,1467,OSLA,RandomPlayerConfig
2070675069,Checkers,0,GAME_OVER,26,25,2,1468,OSLA,RandomPlayerConfig
1740545965,Checkers,0,GAME_OVER,27,26,2,1469,OSLA,RandomPlayerConfig
1368498432,Checkers,0,GAME_OVER,21,20,2,1470,OSLA,RandomPlayerConfig
-1773090881,Checkers,0,GAME_OVER,28,27,2,1471,OSLA,RandomPlayerConfig
-201057714,Checkers,0,GAME_OVER,25,24,2,1472,OSLA,RandomPlayerConfig
-127874046,Checkers,0,GAME_OVER,26,25,2,1473,OSLA,RandomPlayerConfig
-1872105191,Checkers,0,GAME_OVER,27,26,2,1474,OSLA,RandomPlayerConfig
1975625137,Checkers,0,GAME_OVER,22,21,2,1475,OSLA,RandomPlayerConfig
-951433425,Checkers,0,GAME_OVER,23,22,2,1476,OSLA,RandomPlayerConfig
-411297027,Checkers,0,GAME_OVER,30,29,2,1477,OSLA,RandomPlayerConfig
789348207,Checkers,0,GAME_OVER,25,24,2,1478,OSLA,RandomPlayerConfig
826211497,Checkers,0,GAME_OVER,27,26,2,1479,OSLA,RandomPlayerConfig
711638559,Checkers,0,GAME_OVER,28,27,2,1480,OSLA,RandomPlayerConfig
2042411104,Checkers,0,GAME_OVER,26,25,2,1481,OSLA,RandomPlayerConfig
820516955,Checkers,0,GAME_OVER,27,26,2,1482,OSLA,RandomPlayerConfig
1603255118,Checkers,0,GAME_OVER,33,32,2,1483,OSLA,RandomPlayerConfig
-1711260808,Checkers,0,GAME_OVER,27,26,2,1484,OSLA,RandomPlayerConfig
7118769,Checkers,0,GAME_OVER,38,37,2,1485,OSLA,RandomPlayerConfig
1450771338,Checkers,0,GAME_OVER,27,26,2,1486,OSLA,RandomPlayerConfig
-234172028,Checkers,0,GAME_OVER,40,39,2,1487,OSLA,RandomPlayerConfig
-1990823820,Checkers,0,GAME_OVER,25,24,2,1488,OSLA,RandomPlayerConfig
1214941555,Checkers,0,GAME_OVER,36,35,2,1489,OSLA,RandomPlayerConfig
-109528283,Checkers,0,GAME_OVER,28,27,2,1490,OSLA,RandomPlayerConfig
-526220616,Checkers,0,GAME_OVER,38,37,2,1491,OSLA,RandomPlayerConfig
-1935439629,Checkers,0,GAME_OVER,27,26,2,1492,OSLA,RandomPlayerConfig
-1954154602,Checkers,0,GAME_OVER,26,25,2,1493,OSLA,RandomPlayerConfig
-1758498510,Checkers,0,GAME_OVER,29,28,2,1494,OSLA,RandomPlayerConfig
-56489603,Checkers,0,GAME_OVER,29,28,2,1495,OSLA,RandomPlayerConfig
-1725052550,Checkers,0,GAME_OVER,23,22,2,1496,OSLA,RandomPlayerConfig
-1339353809,Checkers,0,GAME_OVER,25,24,2,1497,OSLA,RandomPlayerConfig
-1450309831,Checkers,0,GAME_OVER,28,27,2,1498,OSLA,RandomPlayerConfig
946430040,Checkers,0,GAME_OVER,29,28,2,1499,OSLA,RandomPlayerConfig
1109297534,Checkers,0,GAME_OVER,32,31,2,1500,OSLA,RandomPlayerConfig
1790991723,Checkers,0,GAME_OVER,32,31,2,1501,OSLA,RandomPlayerConfig
-2130879446,Checkers,0,GAME_OVER,24,23,2,1502,OSLA,RandomPlayerConfig
719078359,Checkers,0,GAME_OVER,24,23,2,1503,OSLA,RandomPlayerConfig
-1391194653,Checkers,0,GAME_OVER,27,26,2,1504,OSLA,RandomPlayerConfig
1405304257,Checkers,0,GAME_OVER,29,28,2,1505,OSLA,RandomPlayerConfig
138024061,Checkers,0,GAME_OVER,30,29,2,1506,OSLA,RandomPlayerConfig
-1560886809,Checkers,0,GAME_OVER,24,23,2,1507,OSLA,RandomPlayerConfig
-627570753,Checkers,0,GAME_OVER,28,27,2,1508,OSLA,RandomPlayerConfig
214968166,Checkers,0,GAME_OVER,22,21,2,1509,OSLA,RandomPlayerConfig
2002927771,Checkers,0,GAME_OVER,26,25,2,1510,OSLA,RandomPlayerConfig
1145760359,Checkers,0,GAME_OVER,25,24,2,1511,OSLA,RandomPlayerConfig
1421392738,Checkers,0,GAME_OVER,24,23,2,1512,OSLA,RandomPlayerConfig
-1600797690,Checkers,0,GAME_OVER,23,22,2,1513,OSLA,RandomPlayerConfig
1573684604,Checkers,0,GAME_OVER,23,22,2,1514,OSLA,RandomPlayerConfig
-1253018376,Checkers,0,GAME_OVER,27,26,2,1515,OSLA,RandomPlayerConfig
761205658,Checkers,0,GAME_OVER,25,24,2,1516,OSLA,RandomPlayerConfig
-579190352,Checkers,0,GAME_OVER,31,30,2,1517,OSLA,RandomPlayerConfig
1503046544,Checkers,0,GAME_OVER,39,38,2,1518,OSLA,RandomPlayerConfig
1302884374,Checkers,0,GAME_OVER,28,27,2,1519,OSLA,RandomPlayerConfig
-1092868814,Checkers,0,GAME_OVER,21,20,2,1520,OSLA,RandomPlayerConfig
733276689,Checkers,0,GAME_OVER,26,25,2,1521,OSLA,RandomPlayerConfig
-1168918557,Checkers,0,GAME_OVER,44,43,2,1522,OSLA,RandomPlayerConfig
704925036,Checkers,0,GAME_OVER,27,26,2,1523,OSLA,RandomPlayerConfig
-271784260,Checkers,0,GAME_OVER,26,25,2,1524,OSLA,RandomPlayerConfig
1829599460,Checkers,0,GAME_OVER,26,25,2,1525,OSLA,RandomPlayerConfig
-132123781,Checkers,0,GAME_OVER,27,26,2,1526,OSLA,RandomPlayerConfig
1719721827,Checkers,0,GAME_OVER,28,27,2,1527,OSLA,RandomPlayerConfig
-400875376,Checkers,0,GAME_OVER,27,26,2,1528,OSLA,RandomPlayerConfig
-1584011863,Checkers,0,GAME_OVER,26,25,2,1529,OSLA,RandomPlayerConfig
-874281724,Checkers,0,GAME_OVER,26,25,2,1530,OSLA,RandomPlayerConfig
607853563,Checkers,0,GAME_OVER,35,34,2,1531,OSLA,RandomPlayerConfig
-1949378284,Checkers,0,GAME_OVER,26,25,2,1532,OSLA,RandomPlayerConfig
550147220,Checkers,0,GAME_OVER,25,24,2,1533,OSLA,RandomPlayerConfig
653426863,Checkers,0,GAME_OVER,25,24,2,1534,OSLA,RandomPlayerConfig
619559134,Checkers,0,GAME_OVER,35,34,2,1535,OSLA,RandomPlayerConfig
-1848393412,Checkers,0,GAME_OVER,32,31,2,1536,OSLA,RandomPlayerConfig
751837896,Checkers,0,GAME_OVER,26,25,2,1537,OSLA,RandomPlayerConfig
-1044147626,Checkers,0,GAME_OVER,25,24,2,1538,OSLA,RandomPlayerConfig
-1128008526,Checkers,0,GAME_OVER,29,28,2,1539,OSLA,RandomPlayerConfig
1292526932,Checkers,0,GAME_OVER,25,24,2,1540,OSLA,RandomPlayerConfig
-314228284,Checkers,0,GAME_OVER,37,36,2,1541,OSLA,RandomPlayerConfig
1499768291,Checkers,0,GAME_OVER,31,30,2,1542,OSLA,RandomPlayerConfig
-1065410130,Checkers,0,GAME_OVER,26,25,2,1543,OSLA,RandomPlayerConfig
-449501699,Checkers,0,GAME_OVER,30,29,2,1544,OSLA,RandomPlayerConfig
-1684908515,Checkers,0,GAME_OVER,28,27,2,1545,OSLA,RandomPlayerConfig
2078749170,Checkers,0,GAME_OVER,24,23,2,1546,OSLA,RandomPlayerConfig
-506346129,Checkers,0,GAME_OVER,39,38,2,1547,OSLA,RandomPlayerConfig
-1211286156,Checkers,0,GAME_OVER,37,36,2,1548,OSLA,RandomPlayerConfig
-217592467,Checkers,0,GAME_OVER,25,24,2,1549,OSLA,RandomPlayerConfig
1534331061,Checkers,0,GAME_OVER,33,32,2,1550,OSLA,RandomPlayerConfig
-1498652148,Checkers,0,GAME_OVER,54,53,2,1551,OSLA,RandomPlayerConfig
1456231706,Checkers,0,GAME_OVER,28,27,2,1552,OSLA,RandomPlayerConfig
381116299,Checkers,0,GAME_OVER,31,30,2,1553,OSLA,RandomPlayerConfig
273732376,Checkers,0,GAME_OVER,27,26,2,1554,OSLA,RandomPlayerConfig
795163751,Checkers,0,GAME_OVER,20,19,2,1555,OSLA,RandomPlayerConfig
1362849584,Checkers,0,GAME_OVER,32,31,2,1556,OSLA,RandomPlayerConfig
-721178884,Checkers,0,GAME_OVER,25,24,2,1557,OSLA,RandomPlayerConfig
-367027675,Checkers,0,GAME_OVER,28,27,2,1558,OSLA,RandomPlayerConfig
1147515846,Checkers,0,GAME_OVER,24,23,2,1559,OSLA,RandomPlayerConfig
-685758239,Checkers,0,GAME_OVER,25,24,2,1560,OSLA,RandomPlayerConfig
-257622872,Checkers,0,GAME_OVER,30,29,2,1561,OSLA,RandomPlayerConfig
-2109537624,Checkers,0,GAME_OVER,21,20,2,1562,OSLA,RandomPlayerConfig
1805450913,Checkers,0,GAME_OVER,26,25,2,1563,OSLA,RandomPlayerConfig
-596797307,Checkers,0,GAME_OVER,26,25,2,1564,OSLA,RandomPlayerConfig
1201201872,Checkers,0,GAME_OVER,37,36,2,1565,OSLA,RandomPlayerConfig
-1562894570,Checkers,0,GAME_OVER,31,30,2,1566,OSLA,RandomPlayerConfig
-375299907,Checkers,0,GAME_OVER,28,27,2,1567,OSLA,RandomPlayerConfig
-1657910237,Checkers,0,GAME_OVER,23,22,2,1568,OSLA,RandomPlayerConfig
-312587457,Checkers,0,GAME_OVER,32,31,2,1569,OSLA,RandomPlayerConfig
1633745834,Checkers,0,GAME_OVER,25,24,2,1570,OSLA,RandomPlayerConfig
-1083822471,Checkers,0,GAME_OVER,31,30,2,1571,OSLA,RandomPlayerConfig
342961208,Checkers,0,GAME_OVER,27,26,2,1572,OSLA,RandomPlayerConfig
-1505880897,Checkers,0,GAME_OVER,30,29,2,1573,OSLA,RandomPlayerConfig
4802768,Checkers,0,GAME_OVER,20,19,2,1574,OSLA,RandomPlayerConfig
-1392627353,Checkers,0,GAME_OVER,26,25,2,1575,OSLA,RandomPlayerConfig
-539277642,Checkers,0,GAME_OVER,54,53,2,1576,OSLA,RandomPlayerConfig
1752439758,Checkers,0,GAME_OVER,27,26,2,1577,OSLA,RandomPlayerConfig
-383727673,Checkers,0,GAME_OVER,28,27,2,1578,OSLA,RandomPlayerConfig
-1723383266,Checkers,0,GAME_OVER,31,30,2,1579,OSLA,RandomPlayerConfig
928826959,Checkers,0,GAME_OVER,33,32,2,1580,OSLA,RandomPlayerConfig
1427348113,Checkers,0,GAME_OVER,24,23,2,1581,OSLA,RandomPlayerConfig
-520266367,Checkers,0,GAME_OVER,25,24,2,1582,OSLA,RandomPlayerConfig
517286733,Checkers,0,GAME_OVER,24,23,2,1583,OSLA,RandomPlayerConfig
-1549297166,Checkers,0,GAME_OVER,27,26,2,1584,OSLA,RandomPlayerConfig
-390261751,Checkers,0,GAME_OVER,28,27,2,1585,OSLA,RandomPlayerConfig
590409677,Checkers,0,GAME_OVER,30,29,2,1586,OSLA,RandomPlayerConfig
1698638355,Checkers,0,GAME_OVER,28,27,2,1587,OSLA,RandomPlayerConfig
1256886421,Checkers,0,GAME_OVER,27,26,2,1588,OSLA,RandomPlayerConfig
1391148676,Checkers,0,GAME_OVER,25,24,2,1589,OSLA,RandomPlayerConfig
1654485175,Checkers,0,GAME_OVER,27,26,2,1590,OSLA,RandomPlayerConfig
1817485198,Checkers,0,GAME_OVER,27,26,2,1591,OSLA,RandomPlayerConfig
1513876789,Checkers,0,GAME_OVER,23,22,2,1592,OSLA,RandomPlayerConfig
83861845,Checkers,0,GAME_OVER,30,29,2,1593,OSLA,RandomPlayerConfig
-2118927314,Checkers,0,GAME_OVER,25,24,2,1594,OSLA,RandomPlayerConfig
-369965134,Checkers,0,GAME_OVER,27,26,2,1595,OSLA,RandomPlayerConfig
-548751590,Checkers,0,GAME_OVER,26,25,2,1596,OSLA,RandomPlayerConfig
-1483810362,Checkers,0,GAME_OVER,45,44,2,1597,OSLA,RandomPlayerConfig
-1294980121,Checkers,0,GAME_OVER,37,36,2,1598,OSLA,RandomPlayerConfig
1283361115,Checkers,0,GAME_OVER,27,26,2,1599,OSLA,RandomPlayerConfig
1906199135,Checkers,0,GAME_OVER,25,24,2,1600,OSLA,RandomPlayerConfig
-134759603,Checkers,0,GAME_OVER,27,26,2,1601,OSLA,RandomPlayerConfig
1634390178,Checkers,0,GAME_OVER,41,40,2,1602,RandomPlayerConfig,RandomPlayerConfig
1980696938,Checkers,0,GAME_OVER,20,19,2,1603,RandomPlayerConfig,RandomPlayerConfig
1433263383,Checkers,0,GAME_OVER,32,31,2,1604,RandomPlayerConfig,RandomPlayerConfig
-906895919,Checkers,0,GAME_OVER,38,37,2,1605,RandomPlayerConfig,RandomPlayerConfig
-304834404,Checkers,0,GAME_OVER,21,20,2,1606,RandomPlayerConfig,RandomPlayerConfig
-1177143619,Checkers,0,GAME_OVER,24,23,2,1607,RandomPlayerConfig,RandomPlayerConfig
1235789652,Checkers,0,GAME_OVER,41,40,2,1608,RandomPlayerConfig,RandomPlayerConfig
-943454790,Checkers,0,GAME_OVER,23,22,2,1609,RandomPlayerConfig,RandomPlayerConfig
-61265526,Checkers,0,GAME_OVER,53,52,2,1610,RandomPlayerConfig,RandomPlayerConfig
-1569090718,Checkers,0,GAME_OVER,27,26,2,1611,RandomPlayerConfig,RandomPlayerConfig
-1018937342,Checkers,0,GAME_OVER,59,58,2,1612,RandomPlayerConfig,RandomPlayerConfig
49071466,Checkers,0,GAME_OVER,30,29,2,1613,RandomPlayerConfig,RandomPlayerConfig
-1459259571,Checkers,0,GAME_OVER,35,34,2,1614,RandomPlayerConfig,RandomPlayerConfig
18458152,Checkers,0,GAME_OVER,23,22,2,1615,RandomPlayerConfig,RandomPlayerConfig
871169150,Checkers,0,GAME_OVER,41,40,2,1616,RandomPlayerConfig,RandomPlayerConfig
-1997601845,Checkers,0,GAME_OVER,50,49,2,1617,RandomPlayerConfig,RandomPlayerConfig
460294138,Checkers,0,GAME_OVER,59,58,2,1618,RandomPlayerConfig,RandomPlayerConfig
1348459206,Checkers,0,GAME_OVER,24,23,2,1619,RandomPlayerConfig,RandomPlayerConfig
1259708220,Checkers,0,GAME_OVER,26,25,2,1620,RandomPlayerConfig,RandomPlayerConfig
1348238929,Checkers,0,GAME_OVER,47,46,2,1621,RandomPlayerConfig,RandomPlayerConfig
1500200122,Checkers,0,GAME_OVER,44,43,2,1622,RandomPlayerConfig,RandomPlayerConfig
-1037770008,Checkers,0,GAME_OVER,22,21,2,1623,RandomPlayerConfig,RandomPlayerConfig
393651539,Checkers,0,GAME_OVER,38,37,2,1624,RandomPlayerConfig,RandomPlayerConfig
-916561366,Checkers,0,GAME_OVER,47,46,2,1625,RandomPlayerConfig,RandomPlayerConfig
-557300495,Checkers,0,GAME_OVER,27,26,2,1626,RandomPlayerConfig,RandomPlayerConfig
-520907637,Checkers,0,GAME_OVER,32,31,2,1627,RandomPlayerConfig,RandomPlayerConfig
754346046,Checkers,0,GAME_OVER,50,49,2,1628,RandomPlayerConfig,RandomPlayerConfig
-1466841933,Checkers,0,GAME_OVER,36,35,2,1629,RandomPlayerConfig,RandomPlayerConfig
-1269194847,Checkers,0,GAME_OVER,41,40,2,1630,RandomPlayerConfig,RandomPlayerConfig
480958858,Checkers,0,GAME_OVER,28,27,2,1631,RandomPlayerConfig,RandomPlayerConfig
927668192,Checkers,0,GAME_OVER,39,38,2,1632,RandomPlayerConfig,RandomPlayerConfig
-800149714,Checkers,0,GAME_OVER,24,23,2,1633,RandomPlayerConfig,RandomPlayerConfig
2041138960,Checkers,0,GAME_OVER,31,30,2,1634,RandomPlayerConfig,RandomPlayerConfig
848725111,Checkers,0,GAME_OVER,25,24,2,1635,RandomPlayerConfig,RandomPlayerConfig
-1489776440,Checkers,0,GAME_OVER,24,23,2,1636,RandomPlayerConfig,RandomPlayerConfig
-626544206,Checkers,0,GAME_OVER,39,38,2,1637,RandomPlayerConfig,RandomPlayerConfig
-708762967,Checkers,0,GAME_OVER,35,34,2,1638,RandomPlayerConfig,RandomPlayerConfig
1853890222,Checkers,0,GAME_OVER,32,31,2,1639,RandomPlayerConfig,RandomPlayerConfig
-768191818,Checkers,0,GAME_OVER,26,25,2,1640,RandomPlayerConfig,RandomPlayerConfig
-925159070,Checkers,0,GAME_OVER,42,41,2,1641,RandomPlayerConfig,RandomPlayerConfig
647740191,Checkers,0,GAME_OVER,25,24,2,1642,RandomPlayerConfig,RandomPlayerConfig
-256506969,Checkers,0,GAME_OVER,33,32,2,1643,RandomPlayerConfig,RandomPlayerConfig
799218526,Checkers,0,GAME_OVER,25,24,2,1644,RandomPlayerConfig,RandomPlayerConfig
1389290977,Checkers,0,GAME_OVER,41,40,2,1645,RandomPlayerConfig,RandomPlayerConfig
-1973474088,Checkers,0,GAME_OVER,29,28,2,1646,RandomPlayerConfig,RandomPlayerConfig
-1239917172,Checkers,0,GAME_OVER,27,26,2,1647,RandomPlayerConfig,RandomPlayerConfig
-1585845909,Checkers,0,GAME_OVER,24,23,2,1648,RandomPlayerConfig,RandomPlayerConfig
2109815301,Checkers,0,GAME_OVER,21,20,2,1649,RandomPlayerConfig,RandomPlayerConfig
-1548426104,Checkers,0,GAME_OVER,50,49,2,1650,RandomPlayerConfig,RandomPlayerConfig
673240843,Checkers,0,GAME_OVER,28,27,2,1651,RandomPlayerConfig,RandomPlayerConfig
2028268486,Checkers,0,GAME_OVER,59,58,2,1652,RandomPlayerConfig,RandomPlayerConfig
-1142717494,Checkers,0,GAME_OVER,30,29,2,1653,RandomPlayerConfig,RandomPlayerConfig
-911691237,Checkers,0,GAME_OVER,35,34,2,1654,RandomPlayerConfig,RandomPlayerConfig
-1529670036,Checkers,0,GAME_OVER,29,28,2,1655,RandomPlayerConfig,RandomPlayerConfig
882974999,Checkers,0,GAME_OVER,35,34,2,1656,RandomPlayerConfig,RandomPlayerConfig
1246447496,Checkers,0,GAME_OVER,32,31,2,1657,RandomPlayerConfig,RandomPlayerConfig
-709681705,Checkers,0,GAME_OVER,24,23,2,1658,RandomPlayerConfig,RandomPlayerConfig
919688677,Checkers,0,GAME_OVER,45,44,2,1659,RandomPlayerConfig,RandomPlayerConfig
-1475433589,Checkers,0,GAME_OVER,26,25,2,1660,RandomPlayerConfig,RandomPlayerConfig
-1361577368,Checkers,0,GAME_OVER,25,24,2,1661,RandomPlayerConfig,RandomPlayerConfig
103902145,Checkers,0,GAME_OVER,26,25,2,1662,RandomPlayerConfig,RandomPlayerConfig
-1380864723,Checkers,0,GAME_OVER,30,29,2,1663,RandomPlayerConfig,RandomPlayerConfig
604773592,Checkers,0,GAME_OVER,32,31,2,1664,RandomPlayerConfig,RandomPlayerConfig
-1349650412,Checkers,0,GAME_OVER,25,24,2,1665,RandomPlayerConfig,RandomPlayerConfig
-1563430592,Checkers,0,GAME_OVER,33,32,2,1666,RandomPlayerConfig,RandomPlayerConfig
1399185486,Checkers,0,GAME_OVER,28,27,2,1667,RandomPlayerConfig,RandomPlayerConfig
2070675069,Checkers,0,GAME_OVER,27,26,2,1668,RandomPlayerConfig,RandomPlayerConfig
1740545965,Checkers,0,GAME_OVER,23,22,2,1669,RandomPlayerConfig,RandomPlayerConfig
1368498432,Checkers,0,GAME_OVER,25,24,2,1670,RandomPlayerConfig,RandomPlayerConfig
-1773090881,Checkers,0,GAME_OVER,35,34,2,1671,RandomPlayerConfig,RandomPlayerConfig
-201057714,Checkers,0,GAME_OVER,34,33,2,1672,RandomPlayerConfig,RandomPlayerConfig
-127874046,Checkers,0,GAME_OVER,41,40,2,1673,RandomPlayerConfig,RandomPlayerConfig
-1872105191,Checkers,0,GAME_OVER,23,22,2,1674,RandomPlayerConfig,RandomPlayerConfig
1975625137,Checkers,0,GAME_OVER,48,47,2,1675,RandomPlayerConfig,RandomPlayerConfig
-951433425,Checkers,0,GAME_OVER,52,51,2,1676,RandomPlayerConfig,RandomPlayerConfig
-411297027,Checkers,0,GAME_OVER,26,25,2,1677,RandomPlayerConfig,RandomPlayerConfig
789348207,Checkers,0,GAME_OVER,36,35,2,1678,RandomPlayerConfig,RandomPlayerConfig
826211497,Checkers,0,GAME_OVER,35,34,2,1679,RandomPlayerConfig,RandomPlayerConfig
711638559,Checkers,0,GAME_OVER,32,31,2,1680,RandomPlayerConfig,RandomPlayerConfig
2042411104,Checkers,0,GAME_OVER,26,25,2,1681,RandomPlayerConfig,RandomPlayerConfig
820516955,Checkers,0,GAME_OVER,24,23,2,1682,RandomPlayerConfig,RandomPlayerConfig
1603255118,Checkers,0,GAME_OVER,33,32,2,1683,RandomPlayerConfig,RandomPlayerConfig
-1711260808,Checkers,0,GAME_OVER,30,29,2,1684,RandomPlayerConfig,RandomPlayerConfig
7118769,Checkers,0,GAME_OVER,27,26,2,1685,RandomPlayerConfig,RandomPlayerConfig
1450771338,Checkers,0,GAME_OVER,28,27,2,1686,RandomPlayerConfig,RandomPlayerConfig
-234172028,Checkers,0,GAME_OVER,24,23,2,1687,RandomPlayerConfig,RandomPlayerConfig
-1990823820,Checkers,0,GAME_OVER,29,28,2,1688,RandomPlayerConfig,RandomPlayerConfig
1214941555,Checkers,0,GAME_OVER,20,19,2,1689,RandomPlayerConfig,RandomPlayerConfig
-109528283,Checkers,0,GAME_OVER,62,61,2,1690,RandomPlayerConfig,RandomPlayerConfig
-526220616,Checkers,0,GAME_OVER,32,31,2,1691,RandomPlayerConfig,RandomPlayerConfig
-1935439629,Checkers,0,GAME_OVER,22,21,2,1692,RandomPlayerConfig,RandomPlayerConfig
-1954154602,Checkers,0,GAME_OVER,43,42,2,1693,RandomPlayerConfig,RandomPlayerConfig
-1758498510,Checkers,0,GAME_OVER,27,26,2,1694,RandomPlayerConfig,RandomPlayerConfig
-56489603,Checkers,0,GAME_OVER,35,34,2,1695,RandomPlayerConfig,RandomPlayerConfig
-1725052550,Checkers,0,GAME_OVER,35,34,2,1696,RandomPlayerConfig,RandomPlayerConfig
-1339353809,Checkers,0,GAME_OVER,26,25,2,1697,RandomPlayerConfig,RandomPlayerConfig
-1450309831,Checkers,0,GAME_OVER,25,24,2,1698,RandomPlayerConfig,RandomPlayerConfig
946430040,Checkers,0,GAME_OVER,24,23,2,1699,RandomPlayerConfig,RandomPlayerConfig
1109297534,Checkers,0,GAME_OVER,30,29,2,1700,RandomPlayerConfig,RandomPlayerConfig
1790991723,Checkers,0,GAME_OVER,32,31,2,1701,RandomPlayerConfig,RandomPlayerConfig
-2130879446,Checkers,0,GAME_OVER,26,25,2,1702,RandomPlayerConfig,RandomPlayerConfig
719078359,Checkers,0,GAME_OVER,22,21,2,1703,RandomPlayerConfig,RandomPlayerConfig
-1391194653,Checkers,0,GAME_OVER,57,56,2,1704,RandomPlayerConfig,RandomPlayerConfig
1405304257,Checkers,0,GAME_OVER,31,30,2,1705,RandomPlayerConfig,RandomPlayerConfig
138024061,Checkers,0,GAME_OVER,24,23,2,1706,RandomPlayerConfig,RandomPlayerConfig
-1560886809,Checkers,0,GAME_OVER,23,22,2,1707,RandomPlayerConfig,RandomPlayerConfig
-627570753,Checkers,0,GAME_OVER,36,35,2,1708,RandomPlayerConfig,RandomPlayerConfig
214968166,Checkers,0,GAME_OVER,34,33,2,1709,RandomPlayerConfig,RandomPlayerConfig
2002927771,Checkers,0,GAME_OVER,57,56,2,1710,RandomPlayerConfig,RandomPlayerConfig
1145760359,Checkers,0,GAME_OVER,23,22,2,1711,RandomPlayerConfig,RandomPlayerConfig
1421392738,Checkers,0,GAME_OVER,55,54,2,1712,RandomPlayerConfig,RandomPlayerConfig
-1600797690,Checkers,0,GAME_OVER,23,22,2,1713,RandomPlayerConfig,RandomPlayerConfig
1573684604,Checkers,0,GAME_OVER,47,46,2,1714,RandomPlayerConfig,RandomPlayerConfig
-1253018376,Checkers,0,GAME_OVER,25,24,2,1715,RandomPlayerConfig,RandomPlayerConfig
761205658,Checkers,0,GAME_OVER,47,46,2,1716,RandomPlayerConfig,RandomPlayerConfig
-579190352,Checkers,0,GAME_OVER,40,39,2,1717,RandomPlayerConfig,RandomPlayerConfig
1503046544,Checkers,0,GAME_OVER,30,29,2,1718,RandomPlayerConfig,RandomPlayerConfig
1302884374,Checkers,0,GAME_OVER,31,30,2,1719,RandomPlayerConfig,RandomPlayerConfig
-1092868814,Checkers,0,GAME_OVER,32,31,2,1720,RandomPlayerConfig,RandomPlayerConfig
733276689,Checkers,0,GAME_OVER,30,29,2,1721,RandomPlayerConfig,RandomPlayerConfig
-1168918557,Checkers,0,GAME_OVER,33,32,2,1722,RandomPlayerConfig,RandomPlayerConfig
704925036,Checkers,0,GAME_OVER,36,35,2,1723,RandomPlayerConfig,RandomPlayerConfig
-271784260,Checkers,0,GAME_OVER,30,29,2,1724,RandomPlayerConfig,RandomPlayerConfig
1829599460,Checkers,0,GAME_OVER,22,21,2,1725,RandomPlayerConfig,RandomPlayerConfig
-132123781,Checkers,0,GAME_OVER,29,28,2,1726,RandomPlayerConfig,RandomPlayerConfig
1719721827,Checkers,0,GAME_OVER,48,47,2,1727,RandomPlayerConfig,RandomPlayerConfig
-400875376,Checkers,0,GAME_OVER,30,29,2,1728,RandomPlayerConfig,RandomPlayerConfig
-1584011863,Checkers,0,GAME_OVER,45,44,2,1729,RandomPlayerConfig,RandomPlayerConfig
-874281724,Checkers,0,GAME_OVER,52,51,2,1730,RandomPlayerConfig,RandomPlayerConfig
607853563,Checkers,0,GAME_OVER,46,45,2,1731,RandomPlayerConfig,RandomPlayerConfig
-1949378284,Checkers,0,GAME_OVER,32,31,2,1732,RandomPlayerConfig,RandomPlayerConfig
550147220,Checkers,0,GAME_OVER,33,32,2,1733,RandomPlayerConfig,RandomPlayerConfig
653426863,Checkers,0,GAME_OVER,25,24,2,1734,RandomPlayerConfig,RandomPlayerConfig
619559134,Checkers,0,GAME_OVER,25,24,2,1735,RandomPlayerConfig,RandomPlayerConfig
-1848393412,Checkers,0,GAME_OVER,53,52,2,1736,RandomPlayerConfig,RandomPlayerConfig
751837896,Checkers,0,GAME_OVER,44,43,2,1737,RandomPlayerConfig,RandomPlayerConfig
-1044147626,Checkers,0,GAME_OVER,32,31,2,1738,RandomPlayerConfig,RandomPlayerConfig
-1128008526,Checkers,0,GAME_OVER,31,30,2,1739,RandomPlayerConfig,RandomPlayerConfig
1292526932,Checkers,0,GAME_OVER,30,29,2,1740,RandomPlayerConfig,RandomPlayerConfig
-314228284,Checkers,0,GAME_OVER,45,44,2,1741,RandomPlayerConfig,RandomPlayerConfig
1499768291,Checkers,0,GAME_OVER,35,34,2,1742,RandomPlayerConfig,RandomPlayerConfig
-1065410130,Checkers,0,GAME_OVER,24,23,2,1743,RandomPlayerConfig,RandomPlayerConfig
-449501699,Checkers,0,GAME_OVER,29,28,2,1744,RandomPlayerConfig,RandomPlayerConfig
-1684908515,Checkers,0,GAME_OVER,35,34,2,1745,RandomPlayerConfig,RandomPlayerConfig
2078749170,Checkers,0,GAME_OVER,24,23,2,1746,RandomPlayerConfig,RandomPlayerConfig
-506346129,Checkers,0,GAME_OVER,42,41,2,1747,RandomPlayerConfig,RandomPlayerConfig
-1211286156,Checkers,0,GAME_OVER,26,25,2,1748,RandomPlayerConfig,RandomPlayerConfig
-217592467,Checkers,0,GAME_OVER,40,39,2,1749,RandomPlayerConfig,RandomPlayerConfig
1534331061,Checkers,0,GAME_OVER,34,33,2,1750,RandomPlayerConfig,RandomPlayerConfig
-1498652148,Checkers,0,GAME_OVER,43,42,2,1751,RandomPlayerConfig,RandomPlayerConfig
1456231706,Checkers,0,GAME_OVER,51,50,2,1752,RandomPlayerConfig,RandomPlayerConfig
381116299,Checkers,0,GAME_OVER,44,43,2,1753,RandomPlayerConfig,RandomPlayerConfig
273732376,Checkers,0,GAME_OVER,31,30,2,1754,RandomPlayerConfig,RandomPlayerConfig
795163751,Checkers,0,GAME_OVER,32,31,2,1755,RandomPlayerConfig,RandomPlayerConfig
1362849584,Checkers,0,GAME_OVER,23,22,2,1756,RandomPlayerConfig,RandomPlayerConfig
-721178884,Checkers,0,GAME_OVER,29,28,2,1757,RandomPlayerConfig,RandomPlayerConfig
-367027675,Checkers,0,GAME_OVER,25,24,2,1758,RandomPlayerConfig,RandomPlayerConfig
1147515846,Checkers,0,GAME_OVER,26,25,2,1759,RandomPlayerConfig,RandomPlayerConfig
-685758239,Checkers,0,GAME_OVER,30,29,2,1760,RandomPlayerConfig,RandomPlayerConfig
-257622872,Checkers,0,GAME_OVER,43,42,2,1761,RandomPlayerConfig,RandomPlayerConfig
-2109537624,Checkers,0,GAME_OVER,32,31,2,1762,RandomPlayerConfig,RandomPlayerConfig
1805450913,Checkers,0,GAME_OVER,20,19,2,1763,RandomPlayerConfig,RandomPlayerConfig
-596797307,Checkers,0,GAME_OVER,34,33,2,1764,RandomPlayerConfig,RandomPlayerConfig
1201201872,Checkers,0,GAME_OVER,35,34,2,1765,RandomPlayerConfig,RandomPlayerConfig
-1562894570,Checkers,0,GAME_OVER,46,45,2,1766,RandomPlayerConfig,RandomPlayerConfig
-375299907,Checkers,0,GAME_OVER,50,49,2,1767,RandomPlayerConfig,RandomPlayerConfig
-1657910237,Checkers,0,GAME_OVER,35,34,2,1768,RandomPlayerConfig,RandomPlayerConfig
-312587457,Checkers,0,GAME_OVER,28,27,2,1769,RandomPlayerConfig,RandomPlayerConfig
1633745834,Checkers,0,GAME_OVER,35,34,2,1770,RandomPlayerConfig,RandomPlayerConfig
-1083822471,Checkers,0,GAME_OVER,26,25,2,1771,RandomPlayerConfig,RandomPlayerConfig
342961208,Checkers,0,GAME_OVER,25,24,2,1772,RandomPlayerConfig,RandomPlayerConfig
-1505880897,Checkers,0,GAME_OVER,36,35,2,1773,RandomPlayerConfig,RandomPlayerConfig
4802768,Checkers,0,GAME_OVER,27,26,2,1774,RandomPlayerConfig,RandomPlayerConfig
-1392627353,Checkers,0,GAME_OVER,51,50,2,1775,RandomPlayerConfig,RandomPlayerConfig
-539277642,Checkers,0,GAME_OVER,29,28,2,1776,RandomPlayerConfig,RandomPlayerConfig
1752439758,Checkers,0,GAME_OVER,33,32,2,1777,RandomPlayerConfig,RandomPlayerConfig
-383727673,Checkers,0,GAME_OVER,40,39,2,1778,RandomPlayerConfig,RandomPlayerConfig
-1723383266,Checkers,0,GAME_OVER,30,29,2,1779,RandomPlayerConfig,RandomPlayerConfig
928826959,Checkers,0,GAME_OVER,39,38,2,1780,RandomPlayerConfig,RandomPlayerConfig
1427348113,Checkers,0,GAME_OVER,40,39,2,1781,RandomPlayerConfig,RandomPlayerConfig
-520266367,Checkers,0,GAME_OVER,46,45,2,1782,RandomPlayerConfig,RandomPlayerConfig
517286733,Checkers,0,GAME_OVER,35,34,2,1783,RandomPlayerConfig,RandomPlayerConfig
-1549297166,Checkers,0,GAME_OVER,27,26,2,1784,RandomPlayerConfig,RandomPlayerConfig
-390261751,Checkers,0,GAME_OVER,30,29,2,1785,RandomPlayerConfig,RandomPlayerConfig
590409677,Checkers,0,GAME_OVER,25,24,2,1786,RandomPlayerConfig,RandomPlayerConfig
1698638355,Checkers,0,GAME_OVER,33,32,2,1787,RandomPlayerConfig,RandomPlayerConfig
1256886421,Checkers,0,GAME_OVER,26,25,2,1788,RandomPlayerConfig,RandomPlayerConfig
1391148676,Checkers,0,GAME_OVER,24,23,2,1789,RandomPlayerConfig,RandomPlayerConfig
1654485175,Checkers,0,GAME_OVER,30,29,2,1790,RandomPlayerConfig,RandomPlayerConfig
1817485198,Checkers,0,GAME_OVER,30,29,2,1791,RandomPlayerConfig,RandomPlayerConfig
1513876789,Checkers,0,GAME_OVER,30,29,2,1792,RandomPlayerConfig,RandomPlayerConfig
83861845,Checkers,0,GAME_OVER,22,21,2,1793,RandomPlayerConfig,RandomPlayerConfig
-2118927314,Checkers,0,GAME_OVER,43,42,2,1794,RandomPlayerConfig,RandomPlayerConfig
-369965134,Checkers,0,GAME_OVER,24,23,2,1795,RandomPlayerConfig,RandomPlayerConfig
-548751590,Checkers,0,GAME_OVER,31,30,2,1796,RandomPlayerConfig,RandomPlayerConfig
-1483810362,Checkers,0,GAME_OVER,34,33,2,1797,RandomPlayerConfig,RandomPlayerConfig
-1294980121,Checkers,0,GAME_OVER,44,43,2,1798,RandomPlayerConfig,RandomPlayerConfig
1283361115,Checkers,0,GAME_OVER,42,41,2,1799,RandomPlayerConfig,RandomPlayerConfig
1906199135,Checkers,0,GAME_OVER,34,33,2,1800,RandomPlayerConfig,RandomPlayerConfig
-134759603,Checkers,0,GAME_OVER,24,23,2,1801,RandomPlayerConfig,RandomPlayerConfig
