GameSeed,GameName,Round,Event,Tick,Turn,PlayerCount,GameID,Player-1 rank,PlayerName-0,Player-1,Player-0,Player-0 rank,PlayerName-1
138073226,Checkers,0,GAME_OVER,54,53,2,2,1,MCTS_CheckersHeuristic,1,2,2,MCTS_CheckersHeuristic
8514478,Checkers,0,GAME_OVER,89,88,2,3,2,MCTS_CheckersHeuristic,2,1,1,MCTS_CheckersHeuristic
1044764830,Checkers,0,GAME_OVER,94,93,2,4,1,MCTS_CheckersHeuristic,1,2,2,MCTS_CheckersHeuristic
-868444039,Checkers,0,GAME_OVER,45,44,2,5,1,MCTS_CheckersHeuristic,1,2,2,MCTS_CheckersHeuristic
735112182,Checkers,0,GAME_OVER,129,128,2,6,2,MCTS_CheckersHeuristic,2,1,1,MCTS_CheckersHeuristic
-777777875,Checkers,0,GAME_OVER,72,71,2,7,1,MCTS_CheckersHeuristic,1,2,2,MCTS_CheckersHeuristic
-1481866760,Checkers,0,GAME_OVER,65,64,2,8,2,MCTS_CheckersHeuristic,2,1,1,MCTS_CheckersHeuristic
-1432780273,Checkers,0,GAME_OVER,103,102,2,9,1,MCTS_CheckersHeuristic,1,1,1,MCTS_CheckersHeuristic
1171969131,Checkers,0,GAME_OVER,64,63,2,10,1,MCTS_CheckersHeuristic,1,2,2,MCTS_CheckersHeuristic
481679851,Checkers,0,GAME_OVER,63,62,2,11,2,MCTS_CheckersHeuristic,2,1,1,MCTS_CheckersHeuristic
1330238631,Checkers,0,GAME_OVER,121,120,2,12,1,MCTS_CheckersHeuristic,1,1,1,MCTS_CheckersHeuristic
-1460416442,Checkers,0,GAME_OVER,116,115,2,13,1,MCTS_CheckersHeuristic,1,1,1,MCTS_CheckersHeuristic
639557516,Checkers,0,GAME_OVER,64,63,2,14,2,MCTS_CheckersHeuristic,2,1,1,MCTS_CheckersHeuristic
699837726,Checkers,0,GAME_OVER,99,98,2,15,1,MCTS_CheckersHeuristic,1,1,1,MCTS_CheckersHeuristic
1120350182,Checkers,0,GAME_OVER,124,123,2,16,1,MCTS_CheckersHeuristic,1,1,1,MCTS_CheckersHeuristic
-841247542,Checkers,0,GAME_OVER,85,84,2,17,1,MCTS_CheckersHeuristic,1,2,2,MCTS_CheckersHeuristic
1737152305,Checkers,0,GAME_OVER,67,66,2,18,2,MCTS_CheckersHeuristic,2,1,1,MCTS_CheckersHeuristic
-1776418371,Checkers,0,GAME_OVER,48,47,2,19,1,MCTS_CheckersHeuristic,1,2,2,MCTS_CheckersHeuristic
1044925146,Checkers,0,GAME_OVER,43,42,2,20,1,MCTS_CheckersHeuristic,1,2,2,MCTS_CheckersHeuristic
1075535673,Checkers,0,GAME_OVER,94,93,2,21,1,MCTS_CheckersHeuristic,1,1,1,MCTS_CheckersHeuristic
2063721577,Checkers,0,GAME_OVER,74,73,2,22,1,MCTS_CheckersHeuristic,1,2,2,MCTS_CheckersHeuristic
1539598131,Checkers,0,GAME_OVER,60,59,2,23,1,MCTS_CheckersHeuristic,1,2,2,MCTS_CheckersHeuristic
-1754981058,Checkers,0,GAME_OVER,49,48,2,24,1,MCTS_CheckersHeuristic,1,2,2,MCTS_CheckersHeuristic
-1991007498,Checkers,0,GAME_OVER,96,95,2,25,2,MCTS_CheckersHeuristic,2,1,1,MCTS_CheckersHeuristic
1483956930,Checkers,0,GAME_OVER,154,153,2,26,1,MCTS_CheckersHeuristic,1,1,1,MCTS_CheckersHeuristic
1947897166,Checkers,0,GAME_OVER,45,44,2,27,1,MCTS_CheckersHeuristic,1,2,2,MCTS_CheckersHeuristic
-850973119,Checkers,0,GAME_OVER,49,48,2,28,1,MCTS_CheckersHeuristic,1,2,2,MCTS_CheckersHeuristic
-1182390724,Checkers,0,GAME_OVER,67,66,2,29,1,MCTS_CheckersHeuristic,1,2,2,MCTS_CheckersHeuristic
-1519049785,Checkers,0,GAME_OVER,64,63,2,30,2,MCTS_CheckersHeuristic,2,1,1,MCTS_CheckersHeuristic
-1775199363,Checkers,0,GAME_OVER,52,51,2,31,1,MCTS_CheckersHeuristic,1,2,2,MCTS_CheckersHeuristic
-2045612626,Checkers,0,GAME_OVER,52,51,2,32,1,MCTS_CheckersHeuristic,1,2,2,MCTS_CheckersHeuristic
-452931979,Checkers,0,GAME_OVER,70,69,2,33,2,MCTS_CheckersHeuristic,2,1,1,MCTS_CheckersHeuristic
2067785417,Checkers,0,GAME_OVER,69,68,2,34,2,MCTS_CheckersHeuristic,2,1,1,MCTS_CheckersHeuristic
-1216395462,Checkers,0,GAME_OVER,117,116,2,35,1,MCTS_CheckersHeuristic,1,1,1,MCTS_CheckersHeuristic
1503656781,Checkers,0,GAME_OVER,82,81,2,36,1,MCTS_CheckersHeuristic,1,2,2,MCTS_CheckersHeuristic
-851943988,Checkers,0,GAME_OVER,57,56,2,37,1,MCTS_CheckersHeuristic,1,2,2,MCTS_CheckersHeuristic
-292222750,Checkers,0,GAME_OVER,98,97,2,38,1,MCTS_CheckersHeuristic,1,1,1,MCTS_CheckersHeuristic
8871365,Checkers,0,GAME_OVER,68,67,2,39,1,MCTS_CheckersHeuristic,1,2,2,MCTS_CheckersHeuristic
1494450313,Checkers,0,GAME_OVER,57,56,2,40,2,MCTS_CheckersHeuristic,2,1,1,MCTS_CheckersHeuristic
-1525090815,Checkers,0,GAME_OVER,51,50,2,41,1,MCTS_CheckersHeuristic,1,2,2,MCTS_CheckersHeuristic
1862316342,Checkers,0,GAME_OVER,59,58,2,42,2,MCTS_CheckersHeuristic,2,1,1,MCTS_CheckersHeuristic
-1770801902,Checkers,0,GAME_OVER,103,102,2,43,1,MCTS_CheckersHeuristic,1,1,1,MCTS_CheckersHeuristic
540672082,Checkers,0,GAME_OVER,52,51,2,44,1,MCTS_CheckersHeuristic,1,2,2,MCTS_CheckersHeuristic
56325243,Checkers,0,GAME_OVER,64,63,2,45,1,MCTS_CheckersHeuristic,1,2,2,MCTS_CheckersHeuristic
-530842244,Checkers,0,GAME_OVER,96,95,2,46,2,MCTS_CheckersHeuristic,2,1,1,MCTS_CheckersHeuristic
-315312125,Checkers,0,GAME_OVER,94,93,2,47,1,MCTS_CheckersHeuristic,1,2,2,MCTS_CheckersHeuristic
-483704508,Checkers,0,GAME_OVER,78,77,2,48,2,MCTS_CheckersHeuristic,2,1,1,MCTS_CheckersHeuristic
-959710301,Checkers,0,GAME_OVER,86,85,2,49,2,MCTS_CheckersHeuristic,2,1,1,MCTS_CheckersHeuristic
-1650003268,Checkers,0,GAME_OVER,53,52,2,50,1,MCTS_CheckersHeuristic,1,2,2,MCTS_CheckersHeuristic
-1186201127,Checkers,0,GAME_OVER,97,96,2,51,1,MCTS_CheckersHeuristic,1,1,1,MCTS_CheckersHeuristic
915748360,Checkers,0,GAME_OVER,134,133,2,52,1,MCTS_CheckersHeuristic,1,1,1,MCTS_CheckersHeuristic
308231535,Checkers,0,GAME_OVER,117,116,2,53,1,MCTS_CheckersHeuristic,1,1,1,MCTS_CheckersHeuristic
126498393,Checkers,0,GAME_OVER,97,96,2,54,1,MCTS_CheckersHeuristic,1,1,1,MCTS_CheckersHeuristic
821148904,Checkers,0,GAME_OVER,56,55,2,55,1,MCTS_CheckersHeuristic,1,2,2,MCTS_CheckersHeuristic
-978647046,Checkers,0,GAME_OVER,49,48,2,56,1,MCTS_CheckersHeuristic,1,2,2,MCTS_CheckersHeuristic
-1900455108,Checkers,0,GAME_OVER,82,81,2,57,1,MCTS_CheckersHeuristic,1,2,2,MCTS_CheckersHeuristic
-951266478,Checkers,0,GAME_OVER,51,50,2,58,1,MCTS_CheckersHeuristic,1,2,2,MCTS_CheckersHeuristic
816101514,Checkers,0,GAME_OVER,48,47,2,59,1,MCTS_CheckersHeuristic,1,2,2,MCTS_CheckersHeuristic
740796428,Checkers,0,GAME_OVER,100,99,2,60,2,MCTS_CheckersHeuristic,2,1,1,MCTS_CheckersHeuristic
-710775072,Checkers,0,GAME_OVER,54,53,2,61,2,MCTS_CheckersHeuristic,2,1,1,MCTS_CheckersHeuristic
-116748348,Checkers,0,GAME_OVER,51,50,2,62,1,MCTS_CheckersHeuristic,1,2,2,MCTS_CheckersHeuristic
1389455957,Checkers,0,GAME_OVER,90,89,2,63,2,MCTS_CheckersHeuristic,2,1,1,MCTS_CheckersHeuristic
1198393833,Checkers,0,GAME_OVER,58,57,2,64,1,MCTS_CheckersHeuristic,1,2,2,MCTS_CheckersHeuristic
-1357770497,Checkers,0,GAME_OVER,134,133,2,65,1,MCTS_CheckersHeuristic,1,1,1,MCTS_CheckersHeuristic
834377395,Checkers,0,GAME_OVER,85,84,2,66,2,MCTS_CheckersHeuristic,2,1,1,MCTS_CheckersHeuristic
-599044464,Checkers,0,GAME_OVER,53,52,2,67,2,MCTS_CheckersHeuristic,2,1,1,MCTS_CheckersHeuristic
1976528221,Checkers,0,GAME_OVER,118,117,2,68,1,MCTS_CheckersHeuristic,1,1,1,MCTS_CheckersHeuristic
-2009304931,Checkers,0,GAME_OVER,52,51,2,69,1,MCTS_CheckersHeuristic,1,2,2,MCTS_CheckersHeuristic
124156425,Checkers,0,GAME_OVER,45,44,2,70,1,MCTS_CheckersHeuristic,1,2,2,MCTS_CheckersHeuristic
-82355230,Checkers,0,GAME_OVER,45,44,2,71,1,MCTS_CheckersHeuristic,1,2,2,MCTS_CheckersHeuristic
-123577869,Checkers,0,GAME_OVER,82,81,2,72,2,MCTS_CheckersHeuristic,2,1,1,MCTS_CheckersHeuristic
278974453,Checkers,0,GAME_OVER,48,47,2,73,2,MCTS_CheckersHeuristic,2,1,1,MCTS_CheckersHeuristic
-538849058,Checkers,0,GAME_OVER,193,192,2,74,1,MCTS_CheckersHeuristic,1,1,1,MCTS_CheckersHeuristic
-1581416884,Checkers,0,GAME_OVER,62,61,2,75,2,MCTS_CheckersHeuristic,2,1,1,MCTS_CheckersHeuristic
2069573855,Checkers,0,GAME_OVER,46,45,2,76,2,MCTS_CheckersHeuristic,2,1,1,MCTS_CheckersHeuristic
146963080,Checkers,0,GAME_OVER,51,50,2,77,1,MCTS_CheckersHeuristic,1,2,2,MCTS_CheckersHeuristic
1427830265,Checkers,0,GAME_OVER,59,58,2,78,2,MCTS_CheckersHeuristic,2,1,1,MCTS_CheckersHeuristic
-498971304,Checkers,0,GAME_OVER,45,44,2,79,1,MCTS_CheckersHeuristic,1,2,2,MCTS_CheckersHeuristic
964786462,Checkers,0,GAME_OVER,99,98,2,80,1,MCTS_CheckersHeuristic,1,2,2,MCTS_CheckersHeuristic
926058616,Checkers,0,GAME_OVER,57,56,2,81,2,MCTS_CheckersHeuristic,2,1,1,MCTS_CheckersHeuristic
959163030,Checkers,0,GAME_OVER,42,41,2,82,1,MCTS_CheckersHeuristic,1,2,2,MCTS_CheckersHeuristic
541684114,Checkers,0,GAME_OVER,151,150,2,83,1,MCTS_CheckersHeuristic,1,1,1,MCTS_CheckersHeuristic
1567312347,Checkers,0,GAME_OVER,101,100,2,84,1,MCTS_CheckersHeuristic,1,2,2,MCTS_CheckersHeuristic
-333315307,Checkers,0,GAME_OVER,51,50,2,85,2,MCTS_CheckersHeuristic,2,1,1,MCTS_CheckersHeuristic
-119496343,Checkers,0,GAME_OVER,46,45,2,86,1,MCTS_CheckersHeuristic,1,2,2,MCTS_CheckersHeuristic
-2064356041,Checkers,0,GAME_OVER,69,68,2,87,1,MCTS_CheckersHeuristic,1,2,2,MCTS_CheckersHeuristic
-1671792876,Checkers,0,GAME_OVER,100,99,2,88,1,MCTS_CheckersHeuristic,1,1,1,MCTS_CheckersHeuristic
253312696,Checkers,0,GAME_OVER,70,69,2,89,2,MCTS_CheckersHeuristic,2,1,1,MCTS_CheckersHeuristic
-722520606,Checkers,0,GAME_OVER,117,116,2,90,1,MCTS_CheckersHeuristic,1,1,1,MCTS_CheckersHeuristic
-2011644884,Checkers,0,GAME_OVER,148,147,2,91,1,MCTS_CheckersHeuristic,1,1,1,MCTS_CheckersHeuristic
1345152125,Checkers,0,GAME_OVER,41,40,2,92,1,MCTS_CheckersHeuristic,1,2,2,MCTS_CheckersHeuristic
250248655,Checkers,0,GAME_OVER,55,54,2,93,1,MCTS_CheckersHeuristic,1,2,2,MCTS_CheckersHeuristic
-1187458126,Checkers,0,GAME_OVER,55,54,2,94,1,MCTS_CheckersHeuristic,1,2,2,MCTS_CheckersHeuristic
212041521,Checkers,0,GAME_OVER,66,65,2,95,1,MCTS_CheckersHeuristic,1,2,2,MCTS_CheckersHeuristic
93299364,Checkers,0,GAME_OVER,59,58,2,96,2,MCTS_CheckersHeuristic,2,1,1,MCTS_CheckersHeuristic
784544057,Checkers,0,GAME_OVER,57,56,2,97,1,MCTS_CheckersHeuristic,1,2,2,MCTS_CheckersHeuristic
-1302408562,Checkers,0,GAME_OVER,65,64,2,98,1,MCTS_CheckersHeuristic,1,2,2,MCTS_CheckersHeuristic
-659544490,Checkers,0,GAME_OVER,73,72,2,99,2,MCTS_CheckersHeuristic,2,1,1,MCTS_CheckersHeuristic
-1246447019,Checkers,0,GAME_OVER,48,47,2,100,1,MCTS_CheckersHeuristic,1,2,2,MCTS_CheckersHeuristic
631269844,Checkers,0,GAME_OVER,77,76,2,101,2,MCTS_CheckersHeuristic,2,1,1,MCTS_CheckersHeuristic
2094123571,Checkers,0,GAME_OVER,57,56,2,102,1,MCTS_CheckersHeuristic,1,2,2,MCTS_CheckersHeuristic
809160365,Checkers,0,GAME_OVER,124,123,2,103,1,MCTS_CheckersHeuristic,1,2,2,MCTS_CheckersHeuristic
1583991359,Checkers,0,GAME_OVER,59,58,2,104,1,MCTS_CheckersHeuristic,1,2,2,MCTS_CheckersHeuristic
1017139027,Checkers,0,GAME_OVER,56,55,2,105,1,MCTS_CheckersHeuristic,1,2,2,MCTS_CheckersHeuristic
28549801,Checkers,0,GAME_OVER,70,69,2,106,2,MCTS_CheckersHeuristic,2,1,1,MCTS_CheckersHeuristic
313411392,Checkers,0,GAME_OVER,138,137,2,107,1,MCTS_CheckersHeuristic,1,1,1,MCTS_CheckersHeuristic
-118433065,Checkers,0,GAME_OVER,54,53,2,108,1,MCTS_CheckersHeuristic,1,2,2,MCTS_CheckersHeuristic
-2047627180,Checkers,0,GAME_OVER,60,59,2,109,1,MCTS_CheckersHeuristic,1,2,2,MCTS_CheckersHeuristic
-309074741,Checkers,0,GAME_OVER,71,70,2,110,1,MCTS_CheckersHeuristic,1,2,2,MCTS_CheckersHeuristic
1259925829,Checkers,0,GAME_OVER,162,161,2,111,1,MCTS_CheckersHeuristic,1,1,1,MCTS_CheckersHeuristic
-1444737925,Checkers,0,GAME_OVER,63,62,2,112,1,MCTS_CheckersHeuristic,1,2,2,MCTS_CheckersHeuristic
919601073,Checkers,0,GAME_OVER,59,58,2,113,1,MCTS_CheckersHeuristic,1,2,2,MCTS_CheckersHeuristic
-947777787,Checkers,0,GAME_OVER,69,68,2,114,2,MCTS_CheckersHeuristic,2,1,1,MCTS_CheckersHeuristic
-674041968,Checkers,0,GAME_OVER,103,102,2,115,2,MCTS_CheckersHeuristic,2,1,1,MCTS_CheckersHeuristic
-2004548645,Checkers,0,GAME_OVER,44,43,2,116,1,MCTS_CheckersHeuristic,1,2,2,MCTS_CheckersHeuristic
66278165,Checkers,0,GAME_OVER,80,79,2,117,1,MCTS_CheckersHeuristic,1,2,2,MCTS_CheckersHeuristic
-194383265,Checkers,0,GAME_OVER,98,97,2,118,1,MCTS_CheckersHeuristic,1,2,2,MCTS_CheckersHeuristic
-1944889016,Checkers,0,GAME_OVER,51,50,2,119,1,MCTS_CheckersHeuristic,1,2,2,MCTS_CheckersHeuristic
1288386708,Checkers,0,GAME_OVER,69,68,2,120,2,MCTS_CheckersHeuristic,2,1,1,MCTS_CheckersHeuristic
-816761134,Checkers,0,GAME_OVER,79,78,2,121,2,MCTS_CheckersHeuristic,2,1,1,MCTS_CheckersHeuristic
258628539,Checkers,0,GAME_OVER,118,117,2,122,1,MCTS_CheckersHeuristic,1,2,2,MCTS_CheckersHeuristic
-1952881699,Checkers,0,GAME_OVER,108,107,2,123,1,MCTS_CheckersHeuristic,1,1,1,MCTS_CheckersHeuristic
922880541,Checkers,0,GAME_OVER,76,75,2,124,2,MCTS_CheckersHeuristic,2,1,1,MCTS_CheckersHeuristic
1201171186,Checkers,0,GAME_OVER,51,50,2,125,1,MCTS_CheckersHeuristic,1,2,2,MCTS_CheckersHeuristic
-1542025894,Checkers,0,GAME_OVER,117,116,2,126,2,MCTS_CheckersHeuristic,2,1,1,MCTS_CheckersHeuristic
-378947527,Checkers,0,GAME_OVER,78,77,2,127,1,MCTS_CheckersHeuristic,1,2,2,MCTS_CheckersHeuristic
1692909286,Checkers,0,GAME_OVER,73,72,2,128,2,MCTS_CheckersHeuristic,2,1,1,MCTS_CheckersHeuristic
-324084341,Checkers,0,GAME_OVER,49,48,2,129,1,MCTS_CheckersHeuristic,1,2,2,MCTS_CheckersHeuristic
395791524,Checkers,0,GAME_OVER,46,45,2,130,1,MCTS_CheckersHeuristic,1,2,2,MCTS_CheckersHeuristic
1173317429,Checkers,0,GAME_OVER,85,84,2,131,1,MCTS_CheckersHeuristic,1,2,2,MCTS_CheckersHeuristic
-1270558274,Checkers,0,GAME_OVER,64,63,2,132,2,MCTS_CheckersHeuristic,2,1,1,MCTS_CheckersHeuristic
1883403863,Checkers,0,GAME_OVER,51,50,2,133,1,MCTS_CheckersHeuristic,1,2,2,MCTS_CheckersHeuristic
-509048792,Checkers,0,GAME_OVER,106,105,2,134,1,MCTS_CheckersHeuristic,1,1,1,MCTS_CheckersHeuristic
2043883854,Checkers,0,GAME_OVER,53,52,2,135,1,MCTS_CheckersHeuristic,1,2,2,MCTS_CheckersHeuristic
485568884,Checkers,0,GAME_OVER,123,122,2,136,1,MCTS_CheckersHeuristic,1,1,1,MCTS_CheckersHeuristic
-1537046653,Checkers,0,GAME_OVER,45,44,2,137,1,MCTS_CheckersHeuristic,1,2,2,MCTS_CheckersHeuristic
-625157664,Checkers,0,GAME_OVER,88,87,2,138,2,MCTS_CheckersHeuristic,2,1,1,MCTS_CheckersHeuristic
-791472745,Checkers,0,GAME_OVER,65,64,2,139,2,MCTS_CheckersHeuristic,2,1,1,MCTS_CheckersHeuristic
-906275135,Checkers,0,GAME_OVER,79,78,2,140,1,MCTS_CheckersHeuristic,1,2,2,MCTS_CheckersHeuristic
889124807,Checkers,0,GAME_OVER,45,44,2,141,1,MCTS_CheckersHeuristic,1,2,2,MCTS_CheckersHeuristic
-1721734726,Checkers,0,GAME_OVER,151,150,2,142,1,MCTS_CheckersHeuristic,1,1,1,MCTS_CheckersHeuristic
-300983311,Checkers,0,GAME_OVER,144,143,2,143,1,MCTS_CheckersHeuristic,1,1,1,MCTS_CheckersHeuristic
93344869,Checkers,0,GAME_OVER,53,52,2,144,1,MCTS_CheckersHeuristic,1,2,2,MCTS_CheckersHeuristic
-1318618698,Checkers,0,GAME_OVER,59,58,2,145,1,MCTS_CheckersHeuristic,1,2,2,MCTS_CheckersHeuristic
-1568082861,Checkers,0,GAME_OVER,116,115,2,146,1,MCTS_CheckersHeuristic,1,1,1,MCTS_CheckersHeuristic
2028047994,Checkers,0,GAME_OVER,58,57,2,147,2,MCTS_CheckersHeuristic,2,1,1,MCTS_CheckersHeuristic
-2087565937,Checkers,0,GAME_OVER,56,55,2,148,1,MCTS_CheckersHeuristic,1,2,2,MCTS_CheckersHeuristic
-239705001,Checkers,0,GAME_OVER,112,111,2,149,1,MCTS_CheckersHeuristic,1,1,1,MCTS_CheckersHeuristic
-1759970811,Checkers,0,GAME_OVER,68,67,2,150,1,MCTS_CheckersHeuristic,1,2,2,MCTS_CheckersHeuristic
698684995,Checkers,0,GAME_OVER,139,138,2,151,1,MCTS_CheckersHeuristic,1,2,2,MCTS_CheckersHeuristic
-1648574847,Checkers,0,GAME_OVER,51,50,2,152,1,MCTS_CheckersHeuristic,1,2,2,MCTS_CheckersHeuristic
2125988083,Checkers,0,GAME_OVER,50,49,2,153,1,MCTS_CheckersHeuristic,1,2,2,MCTS_CheckersHeuristic
-659006941,Checkers,0,GAME_OVER,96,95,2,154,1,MCTS_CheckersHeuristic,1,1,1,MCTS_CheckersHeuristic
-1340051643,Checkers,0,GAME_OVER,93,92,2,155,1,MCTS_CheckersHeuristic,1,2,2,MCTS_CheckersHeuristic
1879909235,Checkers,0,GAME_OVER,102,101,2,156,1,MCTS_CheckersHeuristic,1,1,1,MCTS_CheckersHeuristic
983065136,Checkers,0,GAME_OVER,48,47,2,157,2,MCTS_CheckersHeuristic,2,1,1,MCTS_CheckersHeuristic
696573570,Checkers,0,GAME_OVER,51,50,2,158,1,MCTS_CheckersHeuristic,1,2,2,MCTS_CheckersHeuristic
1689855892,Checkers,0,GAME_OVER,79,78,2,159,2,MCTS_CheckersHeuristic,2,1,1,MCTS_CheckersHeuristic
1595869624,Checkers,0,GAME_OVER,44,43,2,160,1,MCTS_CheckersHeuristic,1,2,2,MCTS_CheckersHeuristic
1521424478,Checkers,0,GAME_OVER,60,59,2,161,1,MCTS_CheckersHeuristic,1,2,2,MCTS_CheckersHeuristic
557939516,Checkers,0,GAME_OVER,62,61,2,162,1,MCTS_CheckersHeuristic,1,2,2,MCTS_CheckersHeuristic
1636572628,Checkers,0,GAME_OVER,69,68,2,163,1,MCTS_CheckersHeuristic,1,2,2,MCTS_CheckersHeuristic
-1165293793,Checkers,0,GAME_OVER,42,41,2,164,2,MCTS_CheckersHeuristic,2,1,1,MCTS_CheckersHeuristic
-1604233456,Checkers,0,GAME_OVER,123,122,2,165,1,MCTS_CheckersHeuristic,1,1,1,MCTS_CheckersHeuristic
-1881979216,Checkers,0,GAME_OVER,59,58,2,166,1,MCTS_CheckersHeuristic,1,2,2,MCTS_CheckersHeuristic
-735661332,Checkers,0,GAME_OVER,64,63,2,167,1,MCTS_CheckersHeuristic,1,2,2,MCTS_CheckersHeuristic
-715615333,Checkers,0,GAME_OVER,101,100,2,168,1,MCTS_CheckersHeuristic,1,1,1,MCTS_CheckersHeuristic
1300783086,Checkers,0,GAME_OVER,52,51,2,169,1,MCTS_CheckersHeuristic,1,2,2,MCTS_CheckersHeuristic
-465080884,Checkers,0,GAME_OVER,100,99,2,170,1,MCTS_CheckersHeuristic,1,2,2,MCTS_CheckersHeuristic
1530192634,Checkers,0,GAME_OVER,49,48,2,171,1,MCTS_CheckersHeuristic,1,2,2,MCTS_CheckersHeuristic
-327556826,Checkers,0,GAME_OVER,79,78,2,172,2,MCTS_CheckersHeuristic,2,1,1,MCTS_CheckersHeuristic
1230194378,Checkers,0,GAME_OVER,60,59,2,173,1,MCTS_CheckersHeuristic,1,2,2,MCTS_CheckersHeuristic
-779245426,Checkers,0,GAME_OVER,55,54,2,174,1,MCTS_CheckersHeuristic,1,2,2,MCTS_CheckersHeuristic
-1874626170,Checkers,0,GAME_OVER,102,101,2,175,1,MCTS_CheckersHeuristic,1,2,2,MCTS_CheckersHeuristic
-2125279775,Checkers,0,GAME_OVER,104,103,2,176,2,MCTS_CheckersHeuristic,2,1,1,MCTS_CheckersHeuristic
1517839088,Checkers,0,GAME_OVER,131,130,2,177,1,MCTS_CheckersHeuristic,1,1,1,MCTS_CheckersHeuristic
-758713657,Checkers,0,GAME_OVER,58,57,2,178,1,MCTS_CheckersHeuristic,1,2,2,MCTS_CheckersHeuristic
1676989689,Checkers,0,GAME_OVER,56,55,2,179,2,MCTS_CheckersHeuristic,2,1,1,MCTS_CheckersHeuristic
-893758337,Checkers,0,GAME_OVER,130,129,2,180,1,MCTS_CheckersHeuristic,1,1,1,MCTS_CheckersHeuristic
-470023743,Checkers,0,GAME_OVER,53,52,2,181,2,MCTS_CheckersHeuristic,2,1,1,MCTS_CheckersHeuristic
146836769,Checkers,0,GAME_OVER,103,102,2,182,1,MCTS_CheckersHeuristic,1,1,1,MCTS_CheckersHeuristic
1442442575,Checkers,0,GAME_OVER,51,50,2,183,2,MCTS_CheckersHeuristic,2,1,1,MCTS_CheckersHeuristic
-1946673436,Checkers,0,GAME_OVER,62,61,2,184,1,MCTS_CheckersHeuristic,1,2,2,MCTS_CheckersHeuristic
-1474875774,Checkers,0,GAME_OVER,91,90,2,185,2,MCTS_CheckersHeuristic,2,1,1,MCTS_CheckersHeuristic
-1657828764,Checkers,0,GAME_OVER,57,56,2,186,2,MCTS_CheckersHeuristic,2,1,1,MCTS_CheckersHeuristic
1762169355,Checkers,0,GAME_OVER,68,67,2,187,2,MCTS_CheckersHeuristic,2,1,1,MCTS_CheckersHeuristic
-449437944,Checkers,0,GAME_OVER,54,53,2,188,2,MCTS_CheckersHeuristic,2,1,1,MCTS_CheckersHeuristic
1109566321,Checkers,0,GAME_OVER,103,102,2,189,1,MCTS_CheckersHeuristic,1,1,1,MCTS_CheckersHeuristic
1455516916,Checkers,0,GAME_OVER,68,67,2,190,2,MCTS_CheckersHeuristic,2,1,1,MCTS_CheckersHeuristic
-920448149,Checkers,0,GAME_OVER,68,67,2,191,1,MCTS_CheckersHeuristic,1,2,2,MCTS_CheckersHeuristic
-1778888159,Checkers,0,GAME_OVER,96,95,2,192,1,MCTS_CheckersHeuristic,1,2,2,MCTS_CheckersHeuristic
706164761,Checkers,0,GAME_OVER,53,52,2,193,2,MCTS_CheckersHeuristic,2,1,1,MCTS_CheckersHeuristic
123377821,Checkers,0,GAME_OVER,52,51,2,194,1,MCTS_CheckersHeuristic,1,2,2,MCTS_CheckersHeuristic
-1357591843,Checkers,0,GAME_OVER,65,64,2,195,2,MCTS_CheckersHeuristic,2,1,1,MCTS_CheckersHeuristic
514527745,Checkers,0,GAME_OVER,53,52,2,196,1,MCTS_CheckersHeuristic,1,2,2,MCTS_CheckersHeuristic
-1686740761,Checkers,0,GAME_OVER,51,50,2,197,2,MCTS_CheckersHeuristic,2,1,1,MCTS_CheckersHeuristic
-1272734573,Checkers,0,GAME_OVER,133,132,2,198,1,MCTS_CheckersHeuristic,1,2,2,MCTS_CheckersHeuristic
306853553,Checkers,0,GAME_OVER,51,50,2,199,1,MCTS_CheckersHeuristic,1,2,2,MCTS_CheckersHeuristic
1148885180,Checkers,0,GAME_OVER,119,118,2,200,1,MCTS_CheckersHeuristic,1,1,1,MCTS_CheckersHeuristic
-343763972,Checkers,0,GAME_OVER,59,58,2,201,2,MCTS_CheckersHeuristic,2,1,1,MCTS_CheckersHeuristic
138073226,Checkers,0,GAME_OVER,85,84,2,202,2,MCTS_CheckersHeuristic,2,1,1,OSLA
8514478,Checkers,0,GAME_OVER,57,56,2,203,1,MCTS_CheckersHeuristic,1,2,2,OSLA
1044764830,Checkers,0,GAME_OVER,72,71,2,204,2,MCTS_CheckersHeuristic,2,1,1,OSLA
-868444039,Checkers,0,GAME_OVER,78,77,2,205,2,MCTS_CheckersHeuristic,2,1,1,OSLA
735112182,Checkers,0,GAME_OVER,71,70,2,206,1,MCTS_CheckersHeuristic,1,2,2,OSLA
-777777875,Checkers,0,GAME_OVER,93,92,2,207,1,MCTS_CheckersHeuristic,1,1,1,OSLA
-1481866760,Checkers,0,GAME_OVER,92,91,2,208,1,MCTS_CheckersHeuristic,1,1,1,OSLA
-1432780273,Checkers,0,GAME_OVER,66,65,2,209,2,MCTS_CheckersHeuristic,2,1,1,OSLA
1171969131,Checkers,0,GAME_OVER,50,49,2,210,2,MCTS_CheckersHeuristic,2,1,1,OSLA
481679851,Checkers,0,GAME_OVER,50,49,2,211,2,MCTS_CheckersHeuristic,2,1,1,OSLA
1330238631,Checkers,0,GAME_OVER,57,56,2,212,2,MCTS_CheckersHeuristic,2,1,1,OSLA
-1460416442,Checkers,0,GAME_OVER,56,55,2,213,2,MCTS_CheckersHeuristic,2,1,1,OSLA
639557516,Checkers,0,GAME_OVER,121,120,2,214,1,MCTS_CheckersHeuristic,1,1,1,OSLA
699837726,Checkers,0,GAME_OVER,101,100,2,215,1,MCTS_CheckersHeuristic,1,1,1,OSLA
1120350182,Checkers,0,GAME_OVER,87,86,2,216,1,MCTS_CheckersHeuristic,1,1,1,OSLA
-841247542,Checkers,0,GAME_OVER,39,38,2,217,2,MCTS_CheckersHeuristic,2,1,1,OSLA
1737152305,Checkers,0,GAME_OVER,54,53,2,218,2,MCTS_CheckersHeuristic,2,1,1,OSLA
-1776418371,Checkers,0,GAME_OVER,42,41,2,219,2,MCTS_CheckersHeuristic,2,1,1,OSLA
1044925146,Checkers,0,GAME_OVER,49,48,2,220,2,MCTS_CheckersHeuristic,2,1,1,OSLA
1075535673,Checkers,0,GAME_OVER,48,47,2,221,1,MCTS_CheckersHeuristic,1,2,2,OSLA
2063721577,Checkers,0,GAME_OVER,84,83,2,222,1,MCTS_CheckersHeuristic,1,1,1,OSLA
1539598131,Checkers,0,GAME_OVER,42,41,2,223,1,MCTS_CheckersHeuristic,1,2,2,OSLA
-1754981058,Checkers,0,GAME_OVER,87,86,2,224,2,MCTS_CheckersHeuristic,2,1,1,OSLA
-1991007498,Checkers,0,GAME_OVER,42,41,2,225,1,MCTS_CheckersHeuristic,1,2,2,OSLA
1483956930,Checkers,0,GAME_OVER,50,49,2,226,1,MCTS_CheckersHeuristic,1,2,2,OSLA
1947897166,Checkers,0,GAME_OVER,52,51,2,227,2,MCTS_CheckersHeuristic,2,1,1,OSLA
-850973119,Checkers,0,GAME_OVER,42,41,2,228,1,MCTS_CheckersHeuristic,1,2,2,OSLA
-1182390724,Checkers,0,GAME_OVER,64,63,2,229,2,MCTS_CheckersHeuristic,2,1,1,OSLA
-1519049785,Checkers,0,GAME_OVER,69,68,2,230,2,MCTS_CheckersHeuristic,2,1,1,OSLA
-1775199363,Checkers,0,GAME_OVER,56,55,2,231,2,MCTS_CheckersHeuristic,2,1,1,OSLA
-2045612626,Checkers,0,GAME_OVER,110,109,2,232,2,MCTS_CheckersHeuristic,2,1,1,OSLA
-452931979,Checkers,0,GAME_OVER,50,49,2,233,1,MCTS_CheckersHeuristic,1,2,2,OSLA
2067785417,Checkers,0,GAME_OVER,56,55,2,234,2,MCTS_CheckersHeuristic,2,1,1,OSLA
-1216395462,Checkers,0,GAME_OVER,82,81,2,235,1,MCTS_CheckersHeuristic,1,2,2,OSLA
1503656781,Checkers,0,GAME_OVER,109,108,2,236,1,MCTS_CheckersHeuristic,1,1,1,OSLA
-851943988,Checkers,0,GAME_OVER,77,76,2,237,2,MCTS_CheckersHeuristic,2,1,1,OSLA
-292222750,Checkers,0,GAME_OVER,50,49,2,238,1,MCTS_CheckersHeuristic,1,2,2,OSLA
8871365,Checkers,0,GAME_OVER,40,39,2,239,1,MCTS_CheckersHeuristic,1,2,2,OSLA
1494450313,Checkers,0,GAME_OVER,88,87,2,240,2,MCTS_CheckersHeuristic,2,1,1,OSLA
-1525090815,Checkers,0,GAME_OVER,54,53,2,241,2,MCTS_CheckersHeuristic,2,1,1,OSLA
1862316342,Checkers,0,GAME_OVER,63,62,2,242,2,MCTS_CheckersHeuristic,2,1,1,OSLA
-1770801902,Checkers,0,GAME_OVER,50,49,2,243,2,MCTS_CheckersHeuristic,2,1,1,OSLA
540672082,Checkers,0,GAME_OVER,93,92,2,244,1,MCTS_CheckersHeuristic,1,1,1,OSLA
56325243,Checkers,0,GAME_OVER,139,138,2,245,1,MCTS_CheckersHeuristic,1,1,1,OSLA
-530842244,Checkers,0,GAME_OVER,52,51,2,246,2,MCTS_CheckersHeuristic,2,1,1,OSLA
-315312125,Checkers,0,GAME_OVER,63,62,2,247,2,MCTS_CheckersHeuristic,2,1,1,OSLA
-483704508,Checkers,0,GAME_OVER,47,46,2,248,2,MCTS_CheckersHeuristic,2,1,1,OSLA
-959710301,Checkers,0,GAME_OVER,88,87,2,249,1,MCTS_CheckersHeuristic,1,1,1,OSLA
-1650003268,Checkers,0,GAME_OVER,71,70,2,250,2,MCTS_CheckersHeuristic,2,1,1,OSLA
-1186201127,Checkers,0,GAME_OVER,105,104,2,251,1,MCTS_CheckersHeuristic,1,2,2,OSLA
915748360,Checkers,0,GAME_OVER,53,52,2,252,2,MCTS_CheckersHeuristic,2,1,1,OSLA
308231535,Checkers,0,GAME_OVER,54,53,2,253,2,MCTS_CheckersHeuristic,2,1,1,OSLA
126498393,Checkers,0,GAME_OVER,81,80,2,254,2,MCTS_CheckersHeuristic,2,1,1,OSLA
821148904,Checkers,0,GAME_OVER,56,55,2,255,2,MCTS_CheckersHeuristic,2,1,1,OSLA
-978647046,Checkers,0,GAME_OVER,60,59,2,256,2,MCTS_CheckersHeuristic,2,1,1,OSLA
-1900455108,Checkers,0,GAME_OVER,63,62,2,257,2,MCTS_CheckersHeuristic,2,1,1,OSLA
-951266478,Checkers,0,GAME_OVER,72,71,2,258,2,MCTS_CheckersHeuristic,2,1,1,OSLA
816101514,Checkers,0,GAME_OVER,61,60,2,259,2,MCTS_CheckersHeuristic,2,1,1,OSLA
740796428,Checkers,0,GAME_OVER,109,108,2,260,2,MCTS_CheckersHeuristic,2,1,1,OSLA
-710775072,Checkers,0,GAME_OVER,68,67,2,261,2,MCTS_CheckersHeuristic,2,1,1,OSLA
-116748348,Checkers,0,GAME_OVER,99,98,2,262,2,MCTS_CheckersHeuristic,2,1,1,OSLA
1389455957,Checkers,0,GAME_OVER,64,63,2,263,2,MCTS_CheckersHeuristic,2,1,1,OSLA
1198393833,Checkers,0,GAME_OVER,56,55,2,264,2,MCTS_CheckersHeuristic,2,1,1,OSLA
-1357770497,Checkers,0,GAME_OVER,124,123,2,265,1,MCTS_CheckersHeuristic,1,1,1,OSLA
834377395,Checkers,0,GAME_OVER,83,82,2,266,2,MCTS_CheckersHeuristic,2,1,1,OSLA
-599044464,Checkers,0,GAME_OVER,76,75,2,267,1,MCTS_CheckersHeuristic,1,2,2,OSLA
1976528221,Checkers,0,GAME_OVER,135,134,2,268,1,MCTS_CheckersHeuristic,1,1,1,OSLA
-2009304931,Checkers,0,GAME_OVER,64,63,2,269,2,MCTS_CheckersHeuristic,2,1,1,OSLA
124156425,Checkers,0,GAME_OVER,59,58,2,270,2,MCTS_CheckersHeuristic,2,1,1,OSLA
-82355230,Checkers,0,GAME_OVER,88,87,2,271,2,MCTS_CheckersHeuristic,2,1,1,OSLA
-123577869,Checkers,0,GAME_OVER,80,79,2,272,2,MCTS_CheckersHeuristic,2,1,1,OSLA
278974453,Checkers,0,GAME_OVER,44,43,2,273,1,MCTS_CheckersHeuristic,1,2,2,OSLA
-538849058,Checkers,0,GAME_OVER,104,103,2,274,2,MCTS_CheckersHeuristic,2,1,1,OSLA
-1581416884,Checkers,0,GAME_OVER,119,118,2,275,2,MCTS_CheckersHeuristic,2,1,1,OSLA
2069573855,Checkers,0,GAME_OVER,70,69,2,276,2,MCTS_CheckersHeuristic,2,1,1,OSLA
146963080,Checkers,0,GAME_OVER,111,110,2,277,1,MCTS_CheckersHeuristic,1,1,1,OSLA
1427830265,Checkers,0,GAME_OVER,67,66,2,278,2,MCTS_CheckersHeuristic,2,1,1,OSLA
-498971304,Checkers,0,GAME_OVER,62,61,2,279,1,MCTS_CheckersHeuristic,1,2,2,OSLA
964786462,Checkers,0,GAME_OVER,42,41,2,280,2,MCTS_CheckersHeuristic,2,1,1,OSLA
926058616,Checkers,0,GAME_OVER,80,79,2,281,2,MCTS_CheckersHeuristic,2,1,1,OSLA
959163030,Checkers,0,GAME_OVER,45,44,2,282,1,MCTS_CheckersHeuristic,1,2,2,OSLA
541684114,Checkers,0,GAME_OVER,49,48,2,283,1,MCTS_CheckersHeuristic,1,2,2,OSLA
1567312347,Checkers,0,GAME_OVER,145,144,2,284,1,MCTS_CheckersHeuristic,1,1,1,OSLA
-333315307,Checkers,0,GAME_OVER,112,111,2,285,1,MCTS_CheckersHeuristic,1,1,1,OSLA
-119496343,Checkers,0,GAME_OVER,66,65,2,286,2,MCTS_CheckersHeuristic,2,1,1,OSLA
-2064356041,Checkers,0,GAME_OVER,68,67,2,287,2,MCTS_CheckersHeuristic,2,1,1,OSLA
-1671792876,Checkers,0,GAME_OVER,84,83,2,288,2,MCTS_CheckersHeuristic,2,1,1,OSLA
253312696,Checkers,0,GAME_OVER,124,123,2,289,1,MCTS_CheckersHeuristic,1,1,1,OSLA
-722520606,Checkers,0,GAME_OVER,63,62,2,290,2,MCTS_CheckersHeuristic,2,1,1,OSLA
-2011644884,Checkers,0,GAME_OVER,58,57,2,291,2,MCTS_CheckersHeuristic,2,1,1,OSLA
1345152125,Checkers,0,GAME_OVER,54,53,2,292,2,MCTS_CheckersHeuristic,2,1,1,OSLA
250248655,Checkers,0,GAME_OVER,50,49,2,293,1,MCTS_CheckersHeuristic,1,2,2,OSLA
-1187458126,Checkers,0,GAME_OVER,62,61,2,294,2,MCTS_CheckersHeuristic,2,1,1,OSLA
212041521,Checkers,0,GAME_OVER,61,60,2,295,2,MCTS_CheckersHeuristic,2,1,1,OSLA
93299364,Checkers,0,GAME_OVER,74,73,2,296,2,MCTS_CheckersHeuristic,2,1,1,OSLA
784544057,Checkers,0,GAME_OVER,89,88,2,297,1,MCTS_CheckersHeuristic,1,1,1,OSLA
-1302408562,Checkers,0,GAME_OVER,64,63,2,298,2,MCTS_CheckersHeuristic,2,1,1,OSLA
-659544490,Checkers,0,GAME_OVER,49,48,2,299,2,MCTS_CheckersHeuristic,2,1,1,OSLA
-1246447019,Checkers,0,GAME_OVER,55,54,2,300,2,MCTS_CheckersHeuristic,2,1,1,OSLA
631269844,Checkers,0,GAME_OVER,72,71,2,301,2,MCTS_CheckersHeuristic,2,1,1,OSLA
2094123571,Checkers,0,GAME_OVER,49,48,2,302,2,MCTS_CheckersHeuristic,2,1,1,OSLA
809160365,Checkers,0,GAME_OVER,76,75,2,303,2,MCTS_CheckersHeuristic,2,1,1,OSLA
1583991359,Checkers,0,GAME_OVER,79,78,2,304,2,MCTS_CheckersHeuristic,2,1,1,OSLA
1017139027,Checkers,0,GAME_OVER,84,83,2,305,2,MCTS_CheckersHeuristic,2,1,1,OSLA
28549801,Checkers,0,GAME_OVER,81,80,2,306,2,MCTS_CheckersHeuristic,2,1,1,OSLA
313411392,Checkers,0,GAME_OVER,119,118,2,307,1,MCTS_CheckersHeuristic,1,1,1,OSLA
-118433065,Checkers,0,GAME_OVER,56,55,2,308,2,MCTS_CheckersHeuristic,2,1,1,OSLA
-2047627180,Checkers,0,GAME_OVER,45,44,2,309,2,MCTS_CheckersHeuristic,2,1,1,OSLA
-309074741,Checkers,0,GAME_OVER,70,69,2,310,2,MCTS_CheckersHeuristic,2,1,1,OSLA
1259925829,Checkers,0,GAME_OVER,88,87,2,311,2,MCTS_CheckersHeuristic,2,1,1,OSLA
-1444737925,Checkers,0,GAME_OVER,58,57,2,312,2,MCTS_CheckersHeuristic,2,1,1,OSLA
919601073,Checkers,0,GAME_OVER,59,58,2,313,2,MCTS_CheckersHeuristic,2,1,1,OSLA
-947777787,Checkers,0,GAME_OVER,57,56,2,314,2,MCTS_CheckersHeuristic,2,1,1,OSLA
-674041968,Checkers,0,GAME_OVER,70,69,2,315,2,MCTS_CheckersHeuristic,2,1,1,OSLA
-2004548645,Checkers,0,GAME_OVER,126,125,2,316,1,MCTS_CheckersHeuristic,1,1,1,OSLA
66278165,Checkers,0,GAME_OVER,105,104,2,317,1,MCTS_CheckersHeuristic,1,1,1,OSLA
-194383265,Checkers,0,GAME_OVER,48,47,2,318,2,MCTS_CheckersHeuristic,2,1,1,OSLA
-1944889016,Checkers,0,GAME_OVER,51,50,2,319,2,MCTS_CheckersHeuristic,2,1,1,OSLA
1288386708,Checkers,0,GAME_OVER,40,39,2,320,2,MCTS_CheckersHeuristic,2,1,1,OSLA
-816761134,Checkers,0,GAME_OVER,49,48,2,321,1,MCTS_CheckersHeuristic,1,2,2,OSLA
258628539,Checkers,0,GAME_OVER,51,50,2,322,2,MCTS_CheckersHeuristic,2,1,1,OSLA
-1952881699,Checkers,0,GAME_OVER,58,57,2,323,1,MCTS_CheckersHeuristic,1,2,2,OSLA
922880541,Checkers,0,GAME_OVER,120,119,2,324,1,MCTS_CheckersHeuristic,1,1,1,OSLA
1201171186,Checkers,0,GAME_OVER,66,65,2,325,2,MCTS_CheckersHeuristic,2,1,1,OSLA
-1542025894,Checkers,0,GAME_OVER,49,48,2,326,1,MCTS_CheckersHeuristic,1,2,2,OSLA
-378947527,Checkers,0,GAME_OVER,110,109,2,327,1,MCTS_CheckersHeuristic,1,1,1,OSLA
1692909286,Checkers,0,GAME_OVER,64,63,2,328,2,MCTS_CheckersHeuristic,2,1,1,OSLA
-324084341,Checkers,0,GAME_OVER,51,50,2,329,2,MCTS_CheckersHeuristic,2,1,1,OSLA
395791524,Checkers,0,GAME_OVER,71,70,2,330,1,MCTS_CheckersHeuristic,1,2,2,OSLA
1173317429,Checkers,0,GAME_OVER,46,45,2,331,2,MCTS_CheckersHeuristic,2,1,1,OSLA
-1270558274,Checkers,0,GAME_OVER,189,188,2,332,1,MCTS_CheckersHeuristic,1,1,1,OSLA
1883403863,Checkers,0,GAME_OVER,85,84,2,333,2,MCTS_CheckersHeuristic,2,1,1,OSLA
-509048792,Checkers,0,GAME_OVER,106,105,2,334,2,MCTS_CheckersHeuristic,2,1,1,OSLA
2043883854,Checkers,0,GAME_OVER,62,61,2,335,2,MCTS_CheckersHeuristic,2,1,1,OSLA
485568884,Checkers,0,GAME_OVER,55,54,2,336,1,MCTS_CheckersHeuristic,1,2,2,OSLA
-1537046653,Checkers,0,GAME_OVER,109,108,2,337,1,MCTS_CheckersHeuristic,1,1,1,OSLA
-625157664,Checkers,0,GAME_OVER,81,80,2,338,2,MCTS_CheckersHeuristic,2,1,1,OSLA
-791472745,Checkers,0,GAME_OVER,60,59,2,339,2,MCTS_CheckersHeuristic,2,1,1,OSLA
-906275135,Checkers,0,GAME_OVER,50,49,2,340,2,MCTS_CheckersHeuristic,2,1,1,OSLA
889124807,Checkers,0,GAME_OVER,63,62,2,341,2,MCTS_CheckersHeuristic,2,1,1,OSLA
-1721734726,Checkers,0,GAME_OVER,77,76,2,342,2,MCTS_CheckersHeuristic,2,1,1,OSLA
-300983311,Checkers,0,GAME_OVER,108,107,2,343,1,MCTS_CheckersHeuristic,1,1,1,OSLA
93344869,Checkers,0,GAME_OVER,77,76,2,344,2,MCTS_CheckersHeuristic,2,1,1,OSLA
-1318618698,Checkers,0,GAME_OVER,54,53,2,345,2,MCTS_CheckersHeuristic,2,1,1,OSLA
-1568082861,Checkers,0,GAME_OVER,42,41,2,346,2,MCTS_CheckersHeuristic,2,1,1,OSLA
2028047994,Checkers,0,GAME_OVER,62,61,2,347,2,MCTS_CheckersHeuristic,2,1,1,OSLA
-2087565937,Checkers,0,GAME_OVER,167,166,2,348,1,MCTS_CheckersHeuristic,1,1,1,OSLA
-239705001,Checkers,0,GAME_OVER,66,65,2,349,2,MCTS_CheckersHeuristic,2,1,1,OSLA
-1759970811,Checkers,0,GAME_OVER,69,68,2,350,2,MCTS_CheckersHeuristic,2,1,1,OSLA
698684995,Checkers,0,GAME_OVER,53,52,2,351,1,MCTS_CheckersHeuristic,1,2,2,OSLA
-1648574847,Checkers,0,GAME_OVER,165,164,2,352,1,MCTS_CheckersHeuristic,1,1,1,OSLA
2125988083,Checkers,0,GAME_OVER,126,125,2,353,1,MCTS_CheckersHeuristic,1,1,1,OSLA
-659006941,Checkers,0,GAME_OVER,51,50,2,354,1,MCTS_CheckersHeuristic,1,2,2,OSLA
-1340051643,Checkers,0,GAME_OVER,48,47,2,355,1,MCTS_CheckersHeuristic,1,2,2,OSLA
1879909235,Checkers,0,GAME_OVER,52,51,2,356,2,MCTS_CheckersHeuristic,2,1,1,OSLA
983065136,Checkers,0,GAME_OVER,84,83,2,357,2,MCTS_CheckersHeuristic,2,1,1,OSLA
696573570,Checkers,0,GAME_OVER,85,84,2,358,1,MCTS_CheckersHeuristic,1,1,1,OSLA
1689855892,Checkers,0,GAME_OVER,70,69,2,359,2,MCTS_CheckersHeuristic,2,1,1,OSLA
1595869624,Checkers,0,GAME_OVER,48,47,2,360,2,MCTS_CheckersHeuristic,2,1,1,OSLA
1521424478,Checkers,0,GAME_OVER,56,55,2,361,1,MCTS_CheckersHeuristic,1,2,2,OSLA
557939516,Checkers,0,GAME_OVER,46,45,2,362,2,MCTS_CheckersHeuristic,2,1,1,OSLA
1636572628,Checkers,0,GAME_OVER,49,48,2,363,2,MCTS_CheckersHeuristic,2,1,1,OSLA
-1165293793,Checkers,0,GAME_OVER,135,134,2,364,1,MCTS_CheckersHeuristic,1,1,1,OSLA
-1604233456,Checkers,0,GAME_OVER,54,53,2,365,1,MCTS_CheckersHeuristic,1,2,2,OSLA
-1881979216,Checkers,0,GAME_OVER,51,50,2,366,2,MCTS_CheckersHeuristic,2,1,1,OSLA
-735661332,Checkers,0,GAME_OVER,56,55,2,367,2,MCTS_CheckersHeuristic,2,1,1,OSLA
-715615333,Checkers,0,GAME_OVER,64,63,2,368,2,MCTS_CheckersHeuristic,2,1,1,OSLA
1300783086,Checkers,0,GAME_OVER,68,67,2,369,2,MCTS_CheckersHeuristic,2,1,1,OSLA
-465080884,Checkers,0,GAME_OVER,85,84,2,370,2,MCTS_CheckersHeuristic,2,1,1,OSLA
1530192634,Checkers,0,GAME_OVER,75,74,2,371,2,MCTS_CheckersHeuristic,2,1,1,OSLA
-327556826,Checkers,0,GAME_OVER,53,52,2,372,2,MCTS_CheckersHeuristic,2,1,1,OSLA
1230194378,Checkers,0,GAME_OVER,48,47,2,373,1,MCTS_CheckersHeuristic,1,2,2,OSLA
-779245426,Checkers,0,GAME_OVER,55,54,2,374,2,MCTS_CheckersHeuristic,2,1,1,OSLA
-1874626170,Checkers,0,GAME_OVER,119,118,2,375,1,MCTS_CheckersHeuristic,1,1,1,OSLA
-2125279775,Checkers,0,GAME_OVER,54,53,2,376,1,MCTS_CheckersHeuristic,1,2,2,OSLA
1517839088,Checkers,0,GAME_OVER,63,62,2,377,2,MCTS_CheckersHeuristic,2,1,1,OSLA
-758713657,Checkers,0,GAME_OVER,53,52,2,378,2,MCTS_CheckersHeuristic,2,1,1,OSLA
1676989689,Checkers,0,GAME_OVER,48,47,2,379,2,MCTS_CheckersHeuristic,2,1,1,OSLA
-893758337,Checkers,0,GAME_OVER,57,56,2,380,2,MCTS_CheckersHeuristic,2,1,1,OSLA
-470023743,Checkers,0,GAME_OVER,77,76,2,381,2,MCTS_CheckersHeuristic,2,1,1,OSLA
146836769,Checkers,0,GAME_OVER,78,77,2,382,2,MCTS_CheckersHeuristic,2,1,1,OSLA
1442442575,Checkers,0,GAME_OVER,119,118,2,383,1,MCTS_CheckersHeuristic,1,1,1,OSLA
-1946673436,Checkers,0,GAME_OVER,163,162,2,384,1,MCTS_CheckersHeuristic,1,1,1,OSLA
-1474875774,Checkers,0,GAME_OVER,44,43,2,385,2,MCTS_CheckersHeuristic,2,1,1,OSLA
-1657828764,Checkers,0,GAME_OVER,51,50,2,386,2,MCTS_CheckersHeuristic,2,1,1,OSLA
1762169355,Checkers,0,GAME_OVER,48,47,2,387,1,MCTS_CheckersHeuristic,1,2,2,OSLA
-449437944,Checkers,0,GAME_OVER,47,46,2,388,1,MCTS_CheckersHeuristic,1,2,2,OSLA
1109566321,Checkers,0,GAME_OVER,97,96,2,389,1,MCTS_CheckersHeuristic,1,1,1,OSLA
1455516916,Checkers,0,GAME_OVER,76,75,2,390,2,MCTS_CheckersHeuristic,2,1,1,OSLA
-920448149,Checkers,0,GAME_OVER,65,64,2,391,2,MCTS_CheckersHeuristic,2,1,1,OSLA
-1778888159,Checkers,0,GAME_OVER,67,66,2,392,2,MCTS_CheckersHeuristic,2,1,1,OSLA
706164761,Checkers,0,GAME_OVER,70,69,2,393,2,MCTS_CheckersHeuristic,2,1,1,OSLA
123377821,Checkers,0,GAME_OVER,90,89,2,394,2,MCTS_CheckersHeuristic,2,1,1,OSLA
-1357591843,Checkers,0,GAME_OVER,66,65,2,395,2,MCTS_CheckersHeuristic,2,1,1,OSLA
514527745,Checkers,0,GAME_OVER,84,83,2,396,2,MCTS_CheckersHeuristic,2,1,1,OSLA
-1686740761,Checkers,0,GAME_OVER,93,92,2,397,2,MCTS_CheckersHeuristic,2,1,1,OSLA
-1272734573,Checkers,0,GAME_OVER,94,93,2,398,1,MCTS_CheckersHeuristic,1,1,1,OSLA
306853553,Checkers,0,GAME_OVER,83,82,2,399,2,MCTS_CheckersHeuristic,2,1,1,OSLA
1148885180,Checkers,0,GAME_OVER,60,59,2,400,2,MCTS_CheckersHeuristic,2,1,1,OSLA
-343763972,Checkers,0,GAME_OVER,83,82,2,401,2,MCTS_CheckersHeuristic,2,1,1,OSLA
138073226,Checkers,0,GAME_OVER,39,38,2,402,2,MCTS_CheckersHeuristic,2,1,1,RandomPlayerConfig
8514478,Checkers,0,GAME_OVER,40,39,2,403,2,MCTS_CheckersHeuristic,2,1,1,RandomPlayerConfig
1044764830,Checkers,0,GAME_OVER,45,44,2,404,2,MCTS_CheckersHeuristic,2,1,1,RandomPlayerConfig
-868444039,Checkers,0,GAME_OVER,45,44,2,405,2,MCTS_CheckersHeuristic,2,1,1,RandomPlayerConfig
735112182,Checkers,0,GAME_OVER,48,47,2,406,2,MCTS_CheckersHeuristic,2,1,1,RandomPlayerConfig
-777777875,Checkers,0,GAME_OVER,41,40,2,407,2,MCTS_CheckersHeuristic,2,1,1,RandomPlayerConfig
-1481866760,Checkers,0,GAME_OVER,39,38,2,408,2,MCTS_CheckersHeuristic,2,1,1,RandomPlayerConfig
-1432780273,Checkers,0,GAME_OVER,43,42,2,409,2,MCTS_CheckersHeuristic,2,1,1,RandomPlayerConfig
1171969131,Checkers,0,GAME_OVER,35,34,2,410,2,MCTS_CheckersHeuristic,2,1,1,RandomPlayerConfig
481679851,Checkers,0,GAME_OVER,35,34,2,411,2,MCTS_CheckersHeuristic,2,1,1,RandomPlayerConfig
1330238631,Checkers,0,GAME_OVER,64,63,2,412,2,MCTS_CheckersHeuristic,2,1,1,RandomPlayerConfig
-1460416442,Checkers,0,GAME_OVER,36,35,2,413,2,MCTS_CheckersHeuristic,2,1,1,RandomPlayerConfig
639557516,Checkers,0,GAME_OVER,44,43,2,414,2,MCTS_CheckersHeuristic,2,1,1,RandomPlayerConfig
699837726,Checkers,0,GAME_OVER,46,45,2,415,2,MCTS_CheckersHeuristic,2,1,1,RandomPlayerConfig
1120350182,Checkers,0,GAME_OVER,44,43,2,416,2,MCTS_CheckersHeuristic,2,1,1,RandomPlayerConfig
-841247542,Checkers,0,GAME_OVER,37,36,2,417,2,MCTS_CheckersHeuristic,2,1,1,RandomPlayerConfig
1737152305,Checkers,0,GAME_OVER,44,43,2,418,2,MCTS_CheckersHeuristic,2,1,1,RandomPlayerConfig
-1776418371,Checkers,0,GAME_OVER,49,48,2,419,2,MCTS_CheckersHeuristic,2,1,1,RandomPlayerConfig
1044925146,Checkers,0,GAME_OVER,52,51,2,420,2,MCTS_CheckersHeuristic,2,1,1,RandomPlayerConfig
1075535673,Checkers,0,GAME_OVER,40,39,2,421,2,MCTS_CheckersHeuristic,2,1,1,RandomPlayerConfig
2063721577,Checkers,0,GAME_OVER,40,39,2,422,2,MCTS_CheckersHeuristic,2,1,1,RandomPlayerConfig
1539598131,Checkers,0,GAME_OVER,39,38,2,423,2,MCTS_CheckersHeuristic,2,1,1,RandomPlayerConfig
-1754981058,Checkers,0,GAME_OVER,39,38,2,424,2,MCTS_CheckersHeuristic,2,1,1,RandomPlayerConfig
-1991007498,Checkers,0,GAME_OVER,49,48,2,425,2,MCTS_CheckersHeuristic,2,1,1,RandomPlayerConfig
1483956930,Checkers,0,GAME_OVER,46,45,2,426,2,MCTS_CheckersHeuristic,2,1,1,RandomPlayerConfig
1947897166,Checkers,0,GAME_OVER,38,37,2,427,2,MCTS_CheckersHeuristic,2,1,1,RandomPlayerConfig
-850973119,Checkers,0,GAME_OVER,38,37,2,428,2,MCTS_CheckersHeuristic,2,1,1,RandomPlayerConfig
-1182390724,Checkers,0,GAME_OVER,56,55,2,429,2,MCTS_CheckersHeuristic,2,1,1,RandomPlayerConfig
-1519049785,Checkers,0,GAME_OVER,35,34,2,430,2,MCTS_CheckersHeuristic,2,1,1,RandomPlayerConfig
-1775199363,Checkers,0,GAME_OVER,43,42,2,431,2,MCTS_CheckersHeuristic,2,1,1,RandomPlayerConfig
-2045612626,Checkers,0,GAME_OVER,35,34,2,432,2,MCTS_CheckersHeuristic,2,1,1,RandomPlayerConfig
-452931979,Checkers,0,GAME_OVER,43,42,2,433,2,MCTS_CheckersHeuristic,2,1,1,RandomPlayerConfig
2067785417,Checkers,0,GAME_OVER,42,41,2,434,2,MCTS_CheckersHeuristic,2,1,1,RandomPlayerConfig
-1216395462,Checkers,0,GAME_OVER,41,40,2,435,2,MCTS_CheckersHeuristic,2,1,1,RandomPlayerConfig
1503656781,Checkers,0,GAME_OVER,37,36,2,436,2,MCTS_CheckersHeuristic,2,1,1,RandomPlayerConfig
-851943988,Checkers,0,GAME_OVER,39,38,2,437,2,MCTS_CheckersHeuristic,2,1,1,RandomPlayerConfig
-292222750,Checkers,0,GAME_OVER,50,49,2,438,2,MCTS_CheckersHeuristic,2,1,1,RandomPlayerConfig
8871365,Checkers,0,GAME_OVER,40,39,2,439,2,MCTS_CheckersHeuristic,2,1,1,RandomPlayerConfig
1494450313,Checkers,0,GAME_OVER,41,40,2,440,2,MCTS_CheckersHeuristic,2,1,1,RandomPlayerConfig
-1525090815,Checkers,0,GAME_OVER,43,42,2,441,2,MCTS_CheckersHeuristic,2,1,1,RandomPlayerConfig
1862316342,Checkers,0,GAME_OVER,40,39,2,442,2,MCTS_CheckersHeuristic,2,1,1,RandomPlayerConfig
-1770801902,Checkers,0,GAME_OVER,63,62,2,443,2,MCTS_CheckersHeuristic,2,1,1,RandomPlayerConfig
540672082,Checkers,0,GAME_OVER,40,39,2,444,2,MCTS_CheckersHeuristic,2,1,1,RandomPlayerConfig
56325243,Checkers,0,GAME_OVER,42,41,2,445,2,MCTS_CheckersHeuristic,2,1,1,RandomPlayerConfig
-530842244,Checkers,0,GAME_OVER,38,37,2,446,2,MCTS_CheckersHeuristic,2,1,1,RandomPlayerConfig
-315312125,Checkers,0,GAME_OVER,49,48,2,447,2,MCTS_CheckersHeuristic,2,1,1,RandomPlayerConfig
-483704508,Checkers,0,GAME_OVER,46,45,2,448,2,MCTS_CheckersHeuristic,2,1,1,RandomPlayerConfig
-959710301,Checkers,0,GAME_OVER,39,38,2,449,2,MCTS_CheckersHeuristic,2,1,1,RandomPlayerConfig
-1650003268,Checkers,0,GAME_OVER,40,39,2,450,2,MCTS_CheckersHeuristic,2,1,1,RandomPlayerConfig
-1186201127,Checkers,0,GAME_OVER,40,39,2,451,2,MCTS_CheckersHeuristic,2,1,1,RandomPlayerConfig
915748360,Checkers,0,GAME_OVER,49,48,2,452,2,MCTS_CheckersHeuristic,2,1,1,RandomPlayerConfig
308231535,Checkers,0,GAME_OVER,42,41,2,453,2,MCTS_CheckersHeuristic,2,1,1,RandomPlayerConfig
126498393,Checkers,0,GAME_OVER,48,47,2,454,2,MCTS_CheckersHeuristic,2,1,1,RandomPlayerConfig
821148904,Checkers,0,GAME_OVER,41,40,2,455,2,MCTS_CheckersHeuristic,2,1,1,RandomPlayerConfig
-978647046,Checkers,0,GAME_OVER,59,58,2,456,2,MCTS_CheckersHeuristic,2,1,1,RandomPlayerConfig
-1900455108,Checkers,0,GAME_OVER,48,47,2,457,2,MCTS_CheckersHeuristic,2,1,1,RandomPlayerConfig
-951266478,Checkers,0,GAME_OVER,40,39,2,458,2,MCTS_CheckersHeuristic,2,1,1,RandomPlayerConfig
816101514,Checkers,0,GAME_OVER,54,53,2,459,2,MCTS_CheckersHeuristic,2,1,1,RandomPlayerConfig
740796428,Checkers,0,GAME_OVER,39,38,2,460,2,MCTS_CheckersHeuristic,2,1,1,RandomPlayerConfig
-710775072,Checkers,0,GAME_OVER,46,45,2,461,2,MCTS_CheckersHeuristic,2,1,1,RandomPlayerConfig
-116748348,Checkers,0,GAME_OVER,42,41,2,462,2,MCTS_CheckersHeuristic,2,1,1,RandomPlayerConfig
1389455957,Checkers,0,GAME_OVER,34,33,2,463,2,MCTS_CheckersHeuristic,2,1,1,RandomPlayerConfig
1198393833,Checkers,0,GAME_OVER,52,51,2,464,2,MCTS_CheckersHeuristic,2,1,1,RandomPlayerConfig
-1357770497,Checkers,0,GAME_OVER,44,43,2,465,2,MCTS_CheckersHeuristic,2,1,1,RandomPlayerConfig
834377395,Checkers,0,GAME_OVER,47,46,2,466,2,MCTS_CheckersHeuristic,2,1,1,RandomPlayerConfig
-599044464,Checkers,0,GAME_OVER,43,42,2,467,2,MCTS_CheckersHeuristic,2,1,1,RandomPlayerConfig
1976528221,Checkers,0,GAME_OVER,50,49,2,468,2,MCTS_CheckersHeuristic,2,1,1,RandomPlayerConfig
-2009304931,Checkers,0,GAME_OVER,39,38,2,469,2,MCTS_CheckersHeuristic,2,1,1,RandomPlayerConfig
124156425,Checkers,0,GAME_OVER,38,37,2,470,2,MCTS_CheckersHeuristic,2,1,1,RandomPlayerConfig
-82355230,Checkers,0,GAME_OVER,35,34,2,471,2,MCTS_CheckersHeuristic,2,1,1,RandomPlayerConfig
-123577869,Checkers,0,GAME_OVER,40,39,2,472,2,MCTS_CheckersHeuristic,2,1,1,RandomPlayerConfig
278974453,Checkers,0,GAME_OVER,41,40,2,473,2,MCTS_CheckersHeuristic,2,1,1,RandomPlayerConfig
-538849058,Checkers,0,GAME_OVER,33,32,2,474,2,MCTS_CheckersHeuristic,2,1,1,RandomPlayerConfig
-1581416884,Checkers,0,GAME_OVER,45,44,2,475,2,MCTS_CheckersHeuristic,2,1,1,RandomPlayerConfig
2069573855,Checkers,0,GAME_OVER,34,33,2,476,2,MCTS_CheckersHeuristic,2,1,1,RandomPlayerConfig
146963080,Checkers,0,GAME_OVER,47,46,2,477,2,MCTS_CheckersHeuristic,2,1,1,RandomPlayerConfig
1427830265,Checkers,0,GAME_OVER,39,38,2,478,2,MCTS_CheckersHeuristic,2,1,1,RandomPlayerConfig
-498971304,Checkers,0,GAME_OVER,50,49,2,479,2,MCTS_CheckersHeuristic,2,1,1,RandomPlayerConfig
964786462,Checkers,0,GAME_OVER,42,41,2,480,2,MCTS_CheckersHeuristic,2,1,1,RandomPlayerConfig
926058616,Checkers,0,GAME_OVER,44,43,2,481,2,MCTS_CheckersHeuristic,2,1,1,RandomPlayerConfig
959163030,Checkers,0,GAME_OVER,39,38,2,482,2,MCTS_CheckersHeuristic,2,1,1,RandomPlayerConfig
541684114,Checkers,0,GAME_OVER,38,37,2,483,2,MCTS_CheckersHeuristic,2,1,1,RandomPlayerConfig
1567312347,Checkers,0,GAME_OVER,45,44,2,484,2,MCTS_CheckersHeuristic,2,1,1,RandomPlayerConfig
-333315307,Checkers,0,GAME_OVER,47,46,2,485,2,MCTS_CheckersHeuristic,2,1,1,RandomPlayerConfig
-119496343,Checkers,0,GAME_OVER,44,43,2,486,2,MCTS_CheckersHeuristic,2,1,1,RandomPlayerConfig
-2064356041,Checkers,0,GAME_OVER,72,71,2,487,2,MCTS_CheckersHeuristic,2,1,1,RandomPlayerConfig
-1671792876,Checkers,0,GAME_OVER,48,47,2,488,2,MCTS_CheckersHeuristic,2,1,1,RandomPlayerConfig
253312696,Checkers,0,GAME_OVER,44,43,2,489,2,MCTS_CheckersHeuristic,2,1,1,RandomPlayerConfig
-722520606,Checkers,0,GAME_OVER,53,52,2,490,2,MCTS_CheckersHeuristic,2,1,1,RandomPlayerConfig
-2011644884,Checkers,0,GAME_OVER,46,45,2,491,2,MCTS_CheckersHeuristic,2,1,1,RandomPlayerConfig
1345152125,Checkers,0,GAME_OVER,38,37,2,492,2,MCTS_CheckersHeuristic,2,1,1,RandomPlayerConfig
250248655,Checkers,0,GAME_OVER,43,42,2,493,2,MCTS_CheckersHeuristic,2,1,1,RandomPlayerConfig
-1187458126,Checkers,0,GAME_OVER,41,40,2,494,2,MCTS_CheckersHeuristic,2,1,1,RandomPlayerConfig
212041521,Checkers,0,GAME_OVER,45,44,2,495,2,MCTS_CheckersHeuristic,2,1,1,RandomPlayerConfig
93299364,Checkers,0,GAME_OVER,46,45,2,496,2,MCTS_CheckersHeuristic,2,1,1,RandomPlayerConfig
784544057,Checkers,0,GAME_OVER,38,37,2,497,2,MCTS_CheckersHeuristic,2,1,1,RandomPlayerConfig
-1302408562,Checkers,0,GAME_OVER,38,37,2,498,2,MCTS_CheckersHeuristic,2,1,1,RandomPlayerConfig
-659544490,Checkers,0,GAME_OVER,52,51,2,499,2,MCTS_CheckersHeuristic,2,1,1,RandomPlayerConfig
-1246447019,Checkers,0,GAME_OVER,42,41,2,500,2,MCTS_CheckersHeuristic,2,1,1,RandomPlayerConfig
631269844,Checkers,0,GAME_OVER,38,37,2,501,2,MCTS_CheckersHeuristic,2,1,1,RandomPlayerConfig
2094123571,Checkers,0,GAME_OVER,48,47,2,502,2,MCTS_CheckersHeuristic,2,1,1,RandomPlayerConfig
809160365,Checkers,0,GAME_OVER,37,36,2,503,2,MCTS_CheckersHeuristic,2,1,1,RandomPlayerConfig
1583991359,Checkers,0,GAME_OVER,39,38,2,504,2,MCTS_CheckersHeuristic,2,1,1,RandomPlayerConfig
1017139027,Checkers,0,GAME_OVER,42,41,2,505,2,MCTS_CheckersHeuristic,2,1,1,RandomPlayerConfig
28549801,Checkers,0,GAME_OVER,70,69,2,506,2,MCTS_CheckersHeuristic,2,1,1,RandomPlayerConfig
313411392,Checkers,0,GAME_OVER,46,45,2,507,2,MCTS_CheckersHeuristic,2,1,1,RandomPlayerConfig
-118433065,Checkers,0,GAME_OVER,39,38,2,508,2,MCTS_CheckersHeuristic,2,1,1,RandomPlayerConfig
-2047627180,Checkers,0,GAME_OVER,46,45,2,509,2,MCTS_CheckersHeuristic,2,1,1,RandomPlayerConfig
-309074741,Checkers,0,GAME_OVER,43,42,2,510,2,MCTS_CheckersHeuristic,2,1,1,RandomPlayerConfig
1259925829,Checkers,0,GAME_OVER,40,39,2,511,2,MCTS_CheckersHeuristic,2,1,1,RandomPlayerConfig
-1444737925,Checkers,0,GAME_OVER,46,45,2,512,2,MCTS_CheckersHeuristic,2,1,1,RandomPlayerConfig
919601073,Checkers,0,GAME_OVER,53,52,2,513,2,MCTS_CheckersHeuristic,2,1,1,RandomPlayerConfig
-947777787,Checkers,0,GAME_OVER,41,40,2,514,2,MCTS_CheckersHeuristic,2,1,1,RandomPlayerConfig
-674041968,Checkers,0,GAME_OVER,57,56,2,515,2,MCTS_CheckersHeuristic,2,1,1,RandomPlayerConfig
-2004548645,Checkers,0,GAME_OVER,41,40,2,516,2,MCTS_CheckersHeuristic,2,1,1,RandomPlayerConfig
66278165,Checkers,0,GAME_OVER,45,44,2,517,2,MCTS_CheckersHeuristic,2,1,1,RandomPlayerConfig
-194383265,Checkers,0,GAME_OVER,44,43,2,518,2,MCTS_CheckersHeuristic,2,1,1,RandomPlayerConfig
-1944889016,Checkers,0,GAME_OVER,34,33,2,519,2,MCTS_CheckersHeuristic,2,1,1,RandomPlayerConfig
1288386708,Checkers,0,GAME_OVER,37,36,2,520,2,MCTS_CheckersHeuristic,2,1,1,RandomPlayerConfig
-816761134,Checkers,0,GAME_OVER,37,36,2,521,2,MCTS_CheckersHeuristic,2,1,1,RandomPlayerConfig
258628539,Checkers,0,GAME_OVER,40,39,2,522,2,MCTS_CheckersHeuristic,2,1,1,RandomPlayerConfig
-1952881699,Checkers,0,GAME_OVER,48,47,2,523,2,MCTS_CheckersHeuristic,2,1,1,RandomPlayerConfig
922880541,Checkers,0,GAME_OVER,49,48,2,524,2,MCTS_CheckersHeuristic,2,1,1,RandomPlayerConfig
1201171186,Checkers,0,GAME_OVER,48,47,2,525,2,MCTS_CheckersHeuristic,2,1,1,RandomPlayerConfig
-1542025894,Checkers,0,GAME_OVER,41,40,2,526,2,MCTS_CheckersHeuristic,2,1,1,RandomPlayerConfig
-378947527,Checkers,0,GAME_OVER,36,35,2,527,2,MCTS_CheckersHeuristic,2,1,1,RandomPlayerConfig
1692909286,Checkers,0,GAME_OVER,41,40,2,528,2,MCTS_CheckersHeuristic,2,1,1,RandomPlayerConfig
-324084341,Checkers,0,GAME_OVER,49,48,2,529,2,MCTS_CheckersHeuristic,2,1,1,RandomPlayerConfig
395791524,Checkers,0,GAME_OVER,44,43,2,530,2,MCTS_CheckersHeuristic,2,1,1,RandomPlayerConfig
1173317429,Checkers,0,GAME_OVER,49,48,2,531,2,MCTS_CheckersHeuristic,2,1,1,RandomPlayerConfig
-1270558274,Checkers,0,GAME_OVER,44,43,2,532,2,MCTS_CheckersHeuristic,2,1,1,RandomPlayerConfig
1883403863,Checkers,0,GAME_OVER,53,52,2,533,2,MCTS_CheckersHeuristic,2,1,1,RandomPlayerConfig
-509048792,Checkers,0,GAME_OVER,32,31,2,534,2,MCTS_CheckersHeuristic,2,1,1,RandomPlayerConfig
2043883854,Checkers,0,GAME_OVER,50,49,2,535,2,MCTS_CheckersHeuristic,2,1,1,RandomPlayerConfig
485568884,Checkers,0,GAME_OVER,51,50,2,536,2,MCTS_CheckersHeuristic,2,1,1,RandomPlayerConfig
-1537046653,Checkers,0,GAME_OVER,44,43,2,537,2,MCTS_CheckersHeuristic,2,1,1,RandomPlayerConfig
-625157664,Checkers,0,GAME_OVER,51,50,2,538,2,MCTS_CheckersHeuristic,2,1,1,RandomPlayerConfig
-791472745,Checkers,0,GAME_OVER,57,56,2,539,2,MCTS_CheckersHeuristic,2,1,1,RandomPlayerConfig
-906275135,Checkers,0,GAME_OVER,53,52,2,540,2,MCTS_CheckersHeuristic,2,1,1,RandomPlayerConfig
889124807,Checkers,0,GAME_OVER,41,40,2,541,2,MCTS_CheckersHeuristic,2,1,1,RandomPlayerConfig
-1721734726,Checkers,0,GAME_OVER,48,47,2,542,2,MCTS_CheckersHeuristic,2,1,1,RandomPlayerConfig
-300983311,Checkers,0,GAME_OVER,43,42,2,543,2,MCTS_CheckersHeuristic,2,1,1,RandomPlayerConfig
93344869,Checkers,0,GAME_OVER,47,46,2,544,2,MCTS_CheckersHeuristic,2,1,1,RandomPlayerConfig
-1318618698,Checkers,0,GAME_OVER,48,47,2,545,2,MCTS_CheckersHeuristic,2,1,1,RandomPlayerConfig
-1568082861,Checkers,0,GAME_OVER,49,48,2,546,2,MCTS_CheckersHeuristic,2,1,1,RandomPlayerConfig
2028047994,Checkers,0,GAME_OVER,40,39,2,547,2,MCTS_CheckersHeuristic,2,1,1,RandomPlayerConfig
-2087565937,Checkers,0,GAME_OVER,48,47,2,548,2,MCTS_CheckersHeuristic,2,1,1,RandomPlayerConfig
-239705001,Checkers,0,GAME_OVER,35,34,2,549,2,MCTS_CheckersHeuristic,2,1,1,RandomPlayerConfig
-1759970811,Checkers,0,GAME_OVER,39,38,2,550,2,MCTS_CheckersHeuristic,2,1,1,RandomPlayerConfig
698684995,Checkers,0,GAME_OVER,54,53,2,551,2,MCTS_CheckersHeuristic,2,1,1,RandomPlayerConfig
-1648574847,Checkers,0,GAME_OVER,43,42,2,552,2,MCTS_CheckersHeuristic,2,1,1,RandomPlayerConfig
2125988083,Checkers,0,GAME_OVER,45,44,2,553,2,MCTS_CheckersHeuristic,2,1,1,RandomPlayerConfig
-659006941,Checkers,0,GAME_OVER,40,39,2,554,2,MCTS_CheckersHeuristic,2,1,1,RandomPlayerConfig
-1340051643,Checkers,0,GAME_OVER,50,49,2,555,2,MCTS_CheckersHeuristic,2,1,1,RandomPlayerConfig
1879909235,Checkers,0,GAME_OVER,35,34,2,556,2,MCTS_CheckersHeuristic,2,1,1,RandomPlayerConfig
983065136,Checkers,0,GAME_OVER,49,48,2,557,2,MCTS_CheckersHeuristic,2,1,1,RandomPlayerConfig
696573570,Checkers,0,GAME_OVER,46,45,2,558,2,MCTS_CheckersHeuristic,2,1,1,RandomPlayerConfig
1689855892,Checkers,0,GAME_OVER,36,35,2,559,2,MCTS_CheckersHeuristic,2,1,1,RandomPlayerConfig
1595869624,Checkers,0,GAME_OVER,40,39,2,560,2,MCTS_CheckersHeuristic,2,1,1,RandomPlayerConfig
1521424478,Checkers,0,GAME_OVER,40,39,2,561,2,MCTS_CheckersHeuristic,2,1,1,RandomPlayerConfig
557939516,Checkers,0,GAME_OVER,55,54,2,562,2,MCTS_CheckersHeuristic,2,1,1,RandomPlayerConfig
1636572628,Checkers,0,GAME_OVER,51,50,2,563,2,MCTS_CheckersHeuristic,2,1,1,RandomPlayerConfig
-1165293793,Checkers,0,GAME_OVER,40,39,2,564,2,MCTS_CheckersHeuristic,2,1,1,RandomPlayerConfig
-1604233456,Checkers,0,GAME_OVER,52,51,2,565,2,MCTS_CheckersHeuristic,2,1,1,RandomPlayerConfig
-1881979216,Checkers,0,GAME_OVER,39,38,2,566,2,MCTS_CheckersHeuristic,2,1,1,RandomPlayerConfig
-735661332,Checkers,0,GAME_OVER,40,39,2,567,2,MCTS_CheckersHeuristic,2,1,1,RandomPlayerConfig
-715615333,Checkers,0,GAME_OVER,48,47,2,568,2,MCTS_CheckersHeuristic,2,1,1,RandomPlayerConfig
1300783086,Checkers,0,GAME_OVER,56,55,2,569,2,MCTS_CheckersHeuristic,2,1,1,RandomPlayerConfig
-465080884,Checkers,0,GAME_OVER,51,50,2,570,2,MCTS_CheckersHeuristic,2,1,1,RandomPlayerConfig
1530192634,Checkers,0,GAME_OVER,43,42,2,571,2,MCTS_CheckersHeuristic,2,1,1,RandomPlayerConfig
-327556826,Checkers,0,GAME_OVER,52,51,2,572,2,MCTS_CheckersHeuristic,2,1,1,RandomPlayerConfig
1230194378,Checkers,0,GAME_OVER,45,44,2,573,2,MCTS_CheckersHeuristic,2,1,1,RandomPlayerConfig
-779245426,Checkers,0,GAME_OVER,47,46,2,574,2,MCTS_CheckersHeuristic,2,1,1,RandomPlayerConfig
-1874626170,Checkers,0,GAME_OVER,44,43,2,575,2,MCTS_CheckersHeuristic,2,1,1,RandomPlayerConfig
-2125279775,Checkers,0,GAME_OVER,43,42,2,576,2,MCTS_CheckersHeuristic,2,1,1,RandomPlayerConfig
1517839088,Checkers,0,GAME_OVER,49,48,2,577,2,MCTS_CheckersHeuristic,2,1,1,RandomPlayerConfig
-758713657,Checkers,0,GAME_OVER,39,38,2,578,2,MCTS_CheckersHeuristic,2,1,1,RandomPlayerConfig
1676989689,Checkers,0,GAME_OVER,61,60,2,579,2,MCTS_CheckersHeuristic,2,1,1,RandomPlayerConfig
-893758337,Checkers,0,GAME_OVER,39,38,2,580,2,MCTS_CheckersHeuristic,2,1,1,RandomPlayerConfig
-470023743,Checkers,0,GAME_OVER,42,41,2,581,2,MCTS_CheckersHeuristic,2,1,1,RandomPlayerConfig
146836769,Checkers,0,GAME_OVER,38,37,2,582,2,MCTS_CheckersHeuristic,2,1,1,RandomPlayerConfig
1442442575,Checkers,0,GAME_OVER,52,51,2,583,2,MCTS_CheckersHeuristic,2,1,1,RandomPlayerConfig
-1946673436,Checkers,0,GAME_OVER,51,50,2,584,2,MCTS_CheckersHeuristic,2,1,1,RandomPlayerConfig
-1474875774,Checkers,0,GAME_OVER,38,37,2,585,2,MCTS_CheckersHeuristic,2,1,1,RandomPlayerConfig
-1657828764,Checkers,0,GAME_OVER,49,48,2,586,2,MCTS_CheckersHeuristic,2,1,1,RandomPlayerConfig
1762169355,Checkers,0,GAME_OVER,46,45,2,587,2,MCTS_CheckersHeuristic,2,1,1,RandomPlayerConfig
-449437944,Checkers,0,GAME_OVER,46,45,2,588,2,MCTS_CheckersHeuristic,2,1,1,RandomPlayerConfig
1109566321,Checkers,0,GAME_OVER,43,42,2,589,2,MCTS_CheckersHeuristic,2,1,1,RandomPlayerConfig
1455516916,Checkers,0,GAME_OVER,43,42,2,590,2,MCTS_CheckersHeuristic,2,1,1,RandomPlayerConfig
-920448149,Checkers,0,GAME_OVER,43,42,2,591,2,MCTS_CheckersHeuristic,2,1,1,RandomPlayerConfig
-1778888159,Checkers,0,GAME_OVER,50,49,2,592,2,MCTS_CheckersHeuristic,2,1,1,RandomPlayerConfig
706164761,Checkers,0,GAME_OVER,41,40,2,593,2,MCTS_CheckersHeuristic,2,1,1,RandomPlayerConfig
123377821,Checkers,0,GAME_OVER,46,45,2,594,2,MCTS_CheckersHeuristic,2,1,1,RandomPlayerConfig
-1357591843,Checkers,0,GAME_OVER,46,45,2,595,2,MCTS_CheckersHeuristic,2,1,1,RandomPlayerConfig
514527745,Checkers,0,GAME_OVER,41,40,2,596,2,MCTS_CheckersHeuristic,2,1,1,RandomPlayerConfig
-1686740761,Checkers,0,GAME_OVER,46,45,2,597,2,MCTS_CheckersHeuristic,2,1,1,RandomPlayerConfig
-1272734573,Checkers,0,GAME_OVER,56,55,2,598,2,MCTS_CheckersHeuristic,2,1,1,RandomPlayerConfig
306853553,Checkers,0,GAME_OVER,37,36,2,599,2,MCTS_CheckersHeuristic,2,1,1,RandomPlayerConfig
1148885180,Checkers,0,GAME_OVER,43,42,2,600,2,MCTS_CheckersHeuristic,2,1,1,RandomPlayerConfig
-343763972,Checkers,0,GAME_OVER,37,36,2,601,2,MCTS_CheckersHeuristic,2,1,1,RandomPlayerConfig
138073226,Checkers,0,GAME_OVER,59,58,2,602,1,OSLA,1,2,2,MCTS_CheckersHeuristic
8514478,Checkers,0,GAME_OVER,47,46,2,603,1,OSLA,1,2,2,MCTS_CheckersHeuristic
1044764830,Checkers,0,GAME_OVER,45,44,2,604,1,OSLA,1,2,2,MCTS_CheckersHeuristic
-868444039,Checkers,0,GAME_OVER,42,41,2,605,1,OSLA,1,2,2,MCTS_CheckersHeuristic
735112182,Checkers,0,GAME_OVER,78,77,2,606,1,OSLA,1,2,2,MCTS_CheckersHeuristic
-777777875,Checkers,0,GAME_OVER,50,49,2,607,1,OSLA,1,2,2,MCTS_CheckersHeuristic
-1481866760,Checkers,0,GAME_OVER,60,59,2,608,1,OSLA,1,2,2,MCTS_CheckersHeuristic
-1432780273,Checkers,0,GAME_OVER,63,62,2,609,1,OSLA,1,2,2,MCTS_CheckersHeuristic
1171969131,Checkers,0,GAME_OVER,40,39,2,610,1,OSLA,1,2,2,MCTS_CheckersHeuristic
481679851,Checkers,0,GAME_OVER,50,49,2,611,1,OSLA,1,2,2,MCTS_CheckersHeuristic
1330238631,Checkers,0,GAME_OVER,54,53,2,612,1,OSLA,1,2,2,MCTS_CheckersHeuristic
-1460416442,Checkers,0,GAME_OVER,36,35,2,613,1,OSLA,1,2,2,MCTS_CheckersHeuristic
639557516,Checkers,0,GAME_OVER,70,69,2,614,1,OSLA,1,2,2,MCTS_CheckersHeuristic
699837726,Checkers,0,GAME_OVER,53,52,2,615,1,OSLA,1,2,2,MCTS_CheckersHeuristic
1120350182,Checkers,0,GAME_OVER,61,60,2,616,1,OSLA,1,2,2,MCTS_CheckersHeuristic
-841247542,Checkers,0,GAME_OVER,112,111,2,617,1,OSLA,1,1,1,MCTS_CheckersHeuristic
1737152305,Checkers,0,GAME_OVER,43,42,2,618,1,OSLA,1,2,2,MCTS_CheckersHeuristic
-1776418371,Checkers,0,GAME_OVER,55,54,2,619,1,OSLA,1,2,2,MCTS_CheckersHeuristic
1044925146,Checkers,0,GAME_OVER,56,55,2,620,1,OSLA,1,2,2,MCTS_CheckersHeuristic
1075535673,Checkers,0,GAME_OVER,100,99,2,621,1,OSLA,1,1,1,MCTS_CheckersHeuristic
2063721577,Checkers,0,GAME_OVER,63,62,2,622,1,OSLA,1,2,2,MCTS_CheckersHeuristic
1539598131,Checkers,0,GAME_OVER,53,52,2,623,1,OSLA,1,2,2,MCTS_CheckersHeuristic
-1754981058,Checkers,0,GAME_OVER,85,84,2,624,1,OSLA,1,2,2,MCTS_CheckersHeuristic
-1991007498,Checkers,0,GAME_OVER,44,43,2,625,1,OSLA,1,2,2,MCTS_CheckersHeuristic
1483956930,Checkers,0,GAME_OVER,106,105,2,626,1,OSLA,1,2,2,MCTS_CheckersHeuristic
1947897166,Checkers,0,GAME_OVER,86,85,2,627,1,OSLA,1,2,2,MCTS_CheckersHeuristic
-850973119,Checkers,0,GAME_OVER,50,49,2,628,1,OSLA,1,2,2,MCTS_CheckersHeuristic
-1182390724,Checkers,0,GAME_OVER,55,54,2,629,1,OSLA,1,2,2,MCTS_CheckersHeuristic
-1519049785,Checkers,0,GAME_OVER,57,56,2,630,1,OSLA,1,2,2,MCTS_CheckersHeuristic
-1775199363,Checkers,0,GAME_OVER,61,60,2,631,1,OSLA,1,2,2,MCTS_CheckersHeuristic
-2045612626,Checkers,0,GAME_OVER,48,47,2,632,1,OSLA,1,2,2,MCTS_CheckersHeuristic
-452931979,Checkers,0,GAME_OVER,60,59,2,633,1,OSLA,1,2,2,MCTS_CheckersHeuristic
2067785417,Checkers,0,GAME_OVER,80,79,2,634,1,OSLA,1,2,2,MCTS_CheckersHeuristic
-1216395462,Checkers,0,GAME_OVER,25,24,2,635,1,OSLA,1,2,2,MCTS_CheckersHeuristic
1503656781,Checkers,0,GAME_OVER,41,40,2,636,1,OSLA,1,2,2,MCTS_CheckersHeuristic
-851943988,Checkers,0,GAME_OVER,52,51,2,637,1,OSLA,1,2,2,MCTS_CheckersHeuristic
-292222750,Checkers,0,GAME_OVER,55,54,2,638,1,OSLA,1,2,2,MCTS_CheckersHeuristic
8871365,Checkers,0,GAME_OVER,62,61,2,639,1,OSLA,1,2,2,MCTS_CheckersHeuristic
1494450313,Checkers,0,GAME_OVER,41,40,2,640,1,OSLA,1,2,2,MCTS_CheckersHeuristic
-1525090815,Checkers,0,GAME_OVER,47,46,2,641,1,OSLA,1,2,2,MCTS_CheckersHeuristic
1862316342,Checkers,0,GAME_OVER,54,53,2,642,1,OSLA,1,2,2,MCTS_CheckersHeuristic
-1770801902,Checkers,0,GAME_OVER,97,96,2,643,1,OSLA,1,2,2,MCTS_CheckersHeuristic
540672082,Checkers,0,GAME_OVER,60,59,2,644,1,OSLA,1,2,2,MCTS_CheckersHeuristic
56325243,Checkers,0,GAME_OVER,51,50,2,645,1,OSLA,1,2,2,MCTS_CheckersHeuristic
-530842244,Checkers,0,GAME_OVER,52,51,2,646,1,OSLA,1,2,2,MCTS_CheckersHeuristic
-315312125,Checkers,0,GAME_OVER,45,44,2,647,1,OSLA,1,2,2,MCTS_CheckersHeuristic
-483704508,Checkers,0,GAME_OVER,65,64,2,648,1,OSLA,1,2,2,MCTS_CheckersHeuristic
-959710301,Checkers,0,GAME_OVER,110,109,2,649,1,OSLA,1,1,1,MCTS_CheckersHeuristic
-1650003268,Checkers,0,GAME_OVER,54,53,2,650,1,OSLA,1,2,2,MCTS_CheckersHeuristic
-1186201127,Checkers,0,GAME_OVER,45,44,2,651,1,OSLA,1,2,2,MCTS_CheckersHeuristic
915748360,Checkers,0,GAME_OVER,52,51,2,652,1,OSLA,1,2,2,MCTS_CheckersHeuristic
308231535,Checkers,0,GAME_OVER,65,64,2,653,1,OSLA,1,2,2,MCTS_CheckersHeuristic
126498393,Checkers,0,GAME_OVER,71,70,2,654,1,OSLA,1,2,2,MCTS_CheckersHeuristic
821148904,Checkers,0,GAME_OVER,42,41,2,655,1,OSLA,1,2,2,MCTS_CheckersHeuristic
-978647046,Checkers,0,GAME_OVER,69,68,2,656,1,OSLA,1,2,2,MCTS_CheckersHeuristic
-1900455108,Checkers,0,GAME_OVER,62,61,2,657,1,OSLA,1,2,2,MCTS_CheckersHeuristic
-951266478,Checkers,0,GAME_OVER,42,41,2,658,1,OSLA,1,2,2,MCTS_CheckersHeuristic
816101514,Checkers,0,GAME_OVER,55,54,2,659,1,OSLA,1,2,2,MCTS_CheckersHeuristic
740796428,Checkers,0,GAME_OVER,96,95,2,660,1,OSLA,1,2,2,MCTS_CheckersHeuristic
-710775072,Checkers,0,GAME_OVER,132,131,2,661,1,OSLA,1,1,1,MCTS_CheckersHeuristic
-116748348,Checkers,0,GAME_OVER,62,61,2,662,1,OSLA,1,2,2,MCTS_CheckersHeuristic
1389455957,Checkers,0,GAME_OVER,43,42,2,663,1,OSLA,1,2,2,MCTS_CheckersHeuristic
1198393833,Checkers,0,GAME_OVER,107,106,2,664,1,OSLA,1,1,1,MCTS_CheckersHeuristic
-1357770497,Checkers,0,GAME_OVER,111,110,2,665,1,OSLA,1,2,2,MCTS_CheckersHeuristic
834377395,Checkers,0,GAME_OVER,63,62,2,666,1,OSLA,1,2,2,MCTS_CheckersHeuristic
-599044464,Checkers,0,GAME_OVER,48,47,2,667,1,OSLA,1,2,2,MCTS_CheckersHeuristic
1976528221,Checkers,0,GAME_OVER,62,61,2,668,1,OSLA,1,2,2,MCTS_CheckersHeuristic
-2009304931,Checkers,0,GAME_OVER,60,59,2,669,1,OSLA,1,2,2,MCTS_CheckersHeuristic
124156425,Checkers,0,GAME_OVER,51,50,2,670,1,OSLA,1,2,2,MCTS_CheckersHeuristic
-82355230,Checkers,0,GAME_OVER,84,83,2,671,1,OSLA,1,2,2,MCTS_CheckersHeuristic
-123577869,Checkers,0,GAME_OVER,73,72,2,672,1,OSLA,1,2,2,MCTS_CheckersHeuristic
278974453,Checkers,0,GAME_OVER,58,57,2,673,1,OSLA,1,2,2,MCTS_CheckersHeuristic
-538849058,Checkers,0,GAME_OVER,98,97,2,674,1,OSLA,1,1,1,MCTS_CheckersHeuristic
-1581416884,Checkers,0,GAME_OVER,78,77,2,675,1,OSLA,1,2,2,MCTS_CheckersHeuristic
2069573855,Checkers,0,GAME_OVER,81,80,2,676,1,OSLA,1,2,2,MCTS_CheckersHeuristic
146963080,Checkers,0,GAME_OVER,52,51,2,677,1,OSLA,1,2,2,MCTS_CheckersHeuristic
1427830265,Checkers,0,GAME_OVER,79,78,2,678,1,OSLA,1,2,2,MCTS_CheckersHeuristic
-498971304,Checkers,0,GAME_OVER,67,66,2,679,1,OSLA,1,2,2,MCTS_CheckersHeuristic
964786462,Checkers,0,GAME_OVER,55,54,2,680,1,OSLA,1,2,2,MCTS_CheckersHeuristic
926058616,Checkers,0,GAME_OVER,59,58,2,681,1,OSLA,1,2,2,MCTS_CheckersHeuristic
959163030,Checkers,0,GAME_OVER,53,52,2,682,1,OSLA,1,2,2,MCTS_CheckersHeuristic
541684114,Checkers,0,GAME_OVER,52,51,2,683,1,OSLA,1,2,2,MCTS_CheckersHeuristic
1567312347,Checkers,0,GAME_OVER,54,53,2,684,1,OSLA,1,2,2,MCTS_CheckersHeuristic
-333315307,Checkers,0,GAME_OVER,50,49,2,685,1,OSLA,1,2,2,MCTS_CheckersHeuristic
-119496343,Checkers,0,GAME_OVER,103,102,2,686,1,OSLA,1,2,2,MCTS_CheckersHeuristic
-2064356041,Checkers,0,GAME_OVER,61,60,2,687,1,OSLA,1,2,2,MCTS_CheckersHeuristic
-1671792876,Checkers,0,GAME_OVER,134,133,2,688,1,OSLA,1,2,2,MCTS_CheckersHeuristic
253312696,Checkers,0,GAME_OVER,50,49,2,689,1,OSLA,1,2,2,MCTS_CheckersHeuristic
-722520606,Checkers,0,GAME_OVER,77,76,2,690,1,OSLA,1,2,2,MCTS_CheckersHeuristic
-2011644884,Checkers,0,GAME_OVER,68,67,2,691,1,OSLA,1,2,2,MCTS_CheckersHeuristic
1345152125,Checkers,0,GAME_OVER,63,62,2,692,1,OSLA,1,2,2,MCTS_CheckersHeuristic
250248655,Checkers,0,GAME_OVER,59,58,2,693,1,OSLA,1,2,2,MCTS_CheckersHeuristic
-1187458126,Checkers,0,GAME_OVER,72,71,2,694,1,OSLA,1,2,2,MCTS_CheckersHeuristic
212041521,Checkers,0,GAME_OVER,94,93,2,695,1,OSLA,1,2,2,MCTS_CheckersHeuristic
93299364,Checkers,0,GAME_OVER,117,116,2,696,1,OSLA,1,2,2,MCTS_CheckersHeuristic
784544057,Checkers,0,GAME_OVER,48,47,2,697,1,OSLA,1,2,2,MCTS_CheckersHeuristic
-1302408562,Checkers,0,GAME_OVER,46,45,2,698,1,OSLA,1,2,2,MCTS_CheckersHeuristic
-659544490,Checkers,0,GAME_OVER,102,101,2,699,1,OSLA,1,2,2,MCTS_CheckersHeuristic
-1246447019,Checkers,0,GAME_OVER,59,58,2,700,1,OSLA,1,2,2,MCTS_CheckersHeuristic
631269844,Checkers,0,GAME_OVER,64,63,2,701,1,OSLA,1,2,2,MCTS_CheckersHeuristic
2094123571,Checkers,0,GAME_OVER,53,52,2,702,1,OSLA,1,2,2,MCTS_CheckersHeuristic
809160365,Checkers,0,GAME_OVER,51,50,2,703,1,OSLA,1,2,2,MCTS_CheckersHeuristic
1583991359,Checkers,0,GAME_OVER,52,51,2,704,1,OSLA,1,2,2,MCTS_CheckersHeuristic
1017139027,Checkers,0,GAME_OVER,45,44,2,705,1,OSLA,1,2,2,MCTS_CheckersHeuristic
28549801,Checkers,0,GAME_OVER,62,61,2,706,1,OSLA,1,2,2,MCTS_CheckersHeuristic
313411392,Checkers,0,GAME_OVER,141,140,2,707,1,OSLA,1,2,2,MCTS_CheckersHeuristic
-118433065,Checkers,0,GAME_OVER,68,67,2,708,1,OSLA,1,2,2,MCTS_CheckersHeuristic
-2047627180,Checkers,0,GAME_OVER,70,69,2,709,1,OSLA,1,2,2,MCTS_CheckersHeuristic
-309074741,Checkers,0,GAME_OVER,130,129,2,710,1,OSLA,1,1,1,MCTS_CheckersHeuristic
1259925829,Checkers,0,GAME_OVER,73,72,2,711,1,OSLA,1,2,2,MCTS_CheckersHeuristic
-1444737925,Checkers,0,GAME_OVER,55,54,2,712,1,OSLA,1,2,2,MCTS_CheckersHeuristic
919601073,Checkers,0,GAME_OVER,40,39,2,713,1,OSLA,1,2,2,MCTS_CheckersHeuristic
-947777787,Checkers,0,GAME_OVER,53,52,2,714,1,OSLA,1,2,2,MCTS_CheckersHeuristic
-674041968,Checkers,0,GAME_OVER,50,49,2,715,1,OSLA,1,2,2,MCTS_CheckersHeuristic
-2004548645,Checkers,0,GAME_OVER,48,47,2,716,1,OSLA,1,2,2,MCTS_CheckersHeuristic
66278165,Checkers,0,GAME_OVER,59,58,2,717,1,OSLA,1,2,2,MCTS_CheckersHeuristic
-194383265,Checkers,0,GAME_OVER,46,45,2,718,1,OSLA,1,2,2,MCTS_CheckersHeuristic
-1944889016,Checkers,0,GAME_OVER,56,55,2,719,1,OSLA,1,2,2,MCTS_CheckersHeuristic
1288386708,Checkers,0,GAME_OVER,64,63,2,720,1,OSLA,1,2,2,MCTS_CheckersHeuristic
-816761134,Checkers,0,GAME_OVER,63,62,2,721,2,OSLA,2,1,1,MCTS_CheckersHeuristic
258628539,Checkers,0,GAME_OVER,70,69,2,722,1,OSLA,1,2,2,MCTS_CheckersHeuristic
-1952881699,Checkers,0,GAME_OVER,57,56,2,723,1,OSLA,1,2,2,MCTS_CheckersHeuristic
922880541,Checkers,0,GAME_OVER,79,78,2,724,1,OSLA,1,2,2,MCTS_CheckersHeuristic
1201171186,Checkers,0,GAME_OVER,52,51,2,725,1,OSLA,1,2,2,MCTS_CheckersHeuristic
-1542025894,Checkers,0,GAME_OVER,68,67,2,726,1,OSLA,1,2,2,MCTS_CheckersHeuristic
-378947527,Checkers,0,GAME_OVER,48,47,2,727,1,OSLA,1,2,2,MCTS_CheckersHeuristic
1692909286,Checkers,0,GAME_OVER,75,74,2,728,1,OSLA,1,2,2,MCTS_CheckersHeuristic
-324084341,Checkers,0,GAME_OVER,61,60,2,729,1,OSLA,1,2,2,MCTS_CheckersHeuristic
395791524,Checkers,0,GAME_OVER,53,52,2,730,1,OSLA,1,2,2,MCTS_CheckersHeuristic
1173317429,Checkers,0,GAME_OVER,81,80,2,731,1,OSLA,1,2,2,MCTS_CheckersHeuristic
-1270558274,Checkers,0,GAME_OVER,73,72,2,732,1,OSLA,1,2,2,MCTS_CheckersHeuristic
1883403863,Checkers,0,GAME_OVER,89,88,2,733,1,OSLA,1,2,2,MCTS_CheckersHeuristic
-509048792,Checkers,0,GAME_OVER,46,45,2,734,1,OSLA,1,2,2,MCTS_CheckersHeuristic
2043883854,Checkers,0,GAME_OVER,59,58,2,735,1,OSLA,1,2,2,MCTS_CheckersHeuristic
485568884,Checkers,0,GAME_OVER,71,70,2,736,1,OSLA,1,2,2,MCTS_CheckersHeuristic
-1537046653,Checkers,0,GAME_OVER,55,54,2,737,1,OSLA,1,2,2,MCTS_CheckersHeuristic
-625157664,Checkers,0,GAME_OVER,40,39,2,738,1,OSLA,1,2,2,MCTS_CheckersHeuristic
-791472745,Checkers,0,GAME_OVER,45,44,2,739,1,OSLA,1,2,2,MCTS_CheckersHeuristic
-906275135,Checkers,0,GAME_OVER,57,56,2,740,1,OSLA,1,2,2,MCTS_CheckersHeuristic
889124807,Checkers,0,GAME_OVER,44,43,2,741,1,OSLA,1,2,2,MCTS_CheckersHeuristic
-1721734726,Checkers,0,GAME_OVER,48,47,2,742,1,OSLA,1,2,2,MCTS_CheckersHeuristic
-300983311,Checkers,0,GAME_OVER,60,59,2,743,1,OSLA,1,2,2,MCTS_CheckersHeuristic
93344869,Checkers,0,GAME_OVER,77,76,2,744,1,OSLA,1,2,2,MCTS_CheckersHeuristic
-1318618698,Checkers,0,GAME_OVER,68,67,2,745,1,OSLA,1,2,2,MCTS_CheckersHeuristic
-1568082861,Checkers,0,GAME_OVER,46,45,2,746,1,OSLA,1,2,2,MCTS_CheckersHeuristic
2028047994,Checkers,0,GAME_OVER,49,48,2,747,1,OSLA,1,2,2,MCTS_CheckersHeuristic
-2087565937,Checkers,0,GAME_OVER,53,52,2,748,1,OSLA,1,2,2,MCTS_CheckersHeuristic
-239705001,Checkers,0,GAME_OVER,139,138,2,749,1,OSLA,1,1,1,MCTS_CheckersHeuristic
-1759970811,Checkers,0,GAME_OVER,105,104,2,750,1,OSLA,1,2,2,MCTS_CheckersHeuristic
698684995,Checkers,0,GAME_OVER,74,73,2,751,1,OSLA,1,2,2,MCTS_CheckersHeuristic
-1648574847,Checkers,0,GAME_OVER,49,48,2,752,1,OSLA,1,2,2,MCTS_CheckersHeuristic
2125988083,Checkers,0,GAME_OVER,49,48,2,753,1,OSLA,1,2,2,MCTS_CheckersHeuristic
-659006941,Checkers,0,GAME_OVER,44,43,2,754,1,OSLA,1,2,2,MCTS_CheckersHeuristic
-1340051643,Checkers,0,GAME_OVER,53,52,2,755,1,OSLA,1,2,2,MCTS_CheckersHeuristic
1879909235,Checkers,0,GAME_OVER,64,63,2,756,1,OSLA,1,2,2,MCTS_CheckersHeuristic
983065136,Checkers,0,GAME_OVER,57,56,2,757,1,OSLA,1,2,2,MCTS_CheckersHeuristic
696573570,Checkers,0,GAME_OVER,119,118,2,758,1,OSLA,1,2,2,MCTS_CheckersHeuristic
1689855892,Checkers,0,GAME_OVER,40,39,2,759,1,OSLA,1,2,2,MCTS_CheckersHeuristic
1595869624,Checkers,0,GAME_OVER,50,49,2,760,1,OSLA,1,2,2,MCTS_CheckersHeuristic
1521424478,Checkers,0,GAME_OVER,73,72,2,761,1,OSLA,1,2,2,MCTS_CheckersHeuristic
557939516,Checkers,0,GAME_OVER,54,53,2,762,1,OSLA,1,2,2,MCTS_CheckersHeuristic
1636572628,Checkers,0,GAME_OVER,60,59,2,763,1,OSLA,1,2,2,MCTS_CheckersHeuristic
-1165293793,Checkers,0,GAME_OVER,63,62,2,764,1,OSLA,1,2,2,MCTS_CheckersHeuristic
-1604233456,Checkers,0,GAME_OVER,50,49,2,765,1,OSLA,1,2,2,MCTS_CheckersHeuristic
-1881979216,Checkers,0,GAME_OVER,46,45,2,766,1,OSLA,1,2,2,MCTS_CheckersHeuristic
-735661332,Checkers,0,GAME_OVER,50,49,2,767,1,OSLA,1,2,2,MCTS_CheckersHeuristic
-715615333,Checkers,0,GAME_OVER,52,51,2,768,1,OSLA,1,2,2,MCTS_CheckersHeuristic
1300783086,Checkers,0,GAME_OVER,45,44,2,769,1,OSLA,1,2,2,MCTS_CheckersHeuristic
-465080884,Checkers,0,GAME_OVER,46,45,2,770,1,OSLA,1,2,2,MCTS_CheckersHeuristic
1530192634,Checkers,0,GAME_OVER,62,61,2,771,1,OSLA,1,2,2,MCTS_CheckersHeuristic
-327556826,Checkers,0,GAME_OVER,46,45,2,772,1,OSLA,1,2,2,MCTS_CheckersHeuristic
1230194378,Checkers,0,GAME_OVER,53,52,2,773,1,OSLA,1,2,2,MCTS_CheckersHeuristic
-779245426,Checkers,0,GAME_OVER,76,75,2,774,1,OSLA,1,2,2,MCTS_CheckersHeuristic
-1874626170,Checkers,0,GAME_OVER,65,64,2,775,1,OSLA,1,2,2,MCTS_CheckersHeuristic
-2125279775,Checkers,0,GAME_OVER,57,56,2,776,1,OSLA,1,2,2,MCTS_CheckersHeuristic
1517839088,Checkers,0,GAME_OVER,64,63,2,777,1,OSLA,1,2,2,MCTS_CheckersHeuristic
-758713657,Checkers,0,GAME_OVER,66,65,2,778,1,OSLA,1,2,2,MCTS_CheckersHeuristic
1676989689,Checkers,0,GAME_OVER,39,38,2,779,1,OSLA,1,2,2,MCTS_CheckersHeuristic
-893758337,Checkers,0,GAME_OVER,48,47,2,780,1,OSLA,1,2,2,MCTS_CheckersHeuristic
-470023743,Checkers,0,GAME_OVER,49,48,2,781,1,OSLA,1,2,2,MCTS_CheckersHeuristic
146836769,Checkers,0,GAME_OVER,47,46,2,782,1,OSLA,1,2,2,MCTS_CheckersHeuristic
1442442575,Checkers,0,GAME_OVER,56,55,2,783,1,OSLA,1,2,2,MCTS_CheckersHeuristic
-1946673436,Checkers,0,GAME_OVER,41,40,2,784,1,OSLA,1,2,2,MCTS_CheckersHeuristic
-1474875774,Checkers,0,GAME_OVER,44,43,2,785,1,OSLA,1,2,2,MCTS_CheckersHeuristic
-1657828764,Checkers,0,GAME_OVER,45,44,2,786,1,OSLA,1,2,2,MCTS_CheckersHeuristic
1762169355,Checkers,0,GAME_OVER,89,88,2,787,1,OSLA,1,1,1,MCTS_CheckersHeuristic
-449437944,Checkers,0,GAME_OVER,69,68,2,788,1,OSLA,1,2,2,MCTS_CheckersHeuristic
1109566321,Checkers,0,GAME_OVER,85,84,2,789,1,OSLA,1,2,2,MCTS_CheckersHeuristic
1455516916,Checkers,0,GAME_OVER,50,49,2,790,1,OSLA,1,2,2,MCTS_CheckersHeuristic
-920448149,Checkers,0,GAME_OVER,46,45,2,791,1,OSLA,1,2,2,MCTS_CheckersHeuristic
-1778888159,Checkers,0,GAME_OVER,42,41,2,792,1,OSLA,1,2,2,MCTS_CheckersHeuristic
706164761,Checkers,0,GAME_OVER,64,63,2,793,1,OSLA,1,2,2,MCTS_CheckersHeuristic
123377821,Checkers,0,GAME_OVER,49,48,2,794,2,OSLA,2,1,1,MCTS_CheckersHeuristic
-1357591843,Checkers,0,GAME_OVER,50,49,2,795,1,OSLA,1,2,2,MCTS_CheckersHeuristic
514527745,Checkers,0,GAME_OVER,55,54,2,796,1,OSLA,1,2,2,MCTS_CheckersHeuristic
-1686740761,Checkers,0,GAME_OVER,71,70,2,797,1,OSLA,1,2,2,MCTS_CheckersHeuristic
-1272734573,Checkers,0,GAME_OVER,70,69,2,798,1,OSLA,1,2,2,MCTS_CheckersHeuristic
306853553,Checkers,0,GAME_OVER,59,58,2,799,1,OSLA,1,2,2,MCTS_CheckersHeuristic
1148885180,Checkers,0,GAME_OVER,75,74,2,800,1,OSLA,1,2,2,MCTS_CheckersHeuristic
-343763972,Checkers,0,GAME_OVER,45,44,2,801,1,OSLA,1,2,2,MCTS_CheckersHeuristic
138073226,Checkers,0,GAME_OVER,42,41,2,802,1,OSLA,1,2,2,OSLA
8514478,Checkers,0,GAME_OVER,46,45,2,803,1,OSLA,1,2,2,OSLA
1044764830,Checkers,0,GAME_OVER,63,62,2,804,1,OSLA,1,2,2,OSLA
-868444039,Checkers,0,GAME_OVER,67,66,2,805,1,OSLA,1,2,2,OSLA
735112182,Checkers,0,GAME_OVER,87,86,2,806,1,OSLA,1,2,2,OSLA
-777777875,Checkers,0,GAME_OVER,43,42,2,807,1,OSLA,1,2,2,OSLA
-1481866760,Checkers,0,GAME_OVER,50,49,2,808,1,OSLA,1,2,2,OSLA
-1432780273,Checkers,0,GAME_OVER,49,48,2,809,1,OSLA,1,2,2,OSLA
1171969131,Checkers,0,GAME_OVER,42,41,2,810,1,OSLA,1,2,2,OSLA
481679851,Checkers,0,GAME_OVER,63,62,2,811,1,OSLA,1,2,2,OSLA
1330238631,Checkers,0,GAME_OVER,43,42,2,812,1,OSLA,1,2,2,OSLA
-1460416442,Checkers,0,GAME_OVER,113,112,2,813,1,OSLA,1,1,1,OSLA
639557516,Checkers,0,GAME_OVER,47,46,2,814,1,OSLA,1,2,2,OSLA
699837726,Checkers,0,GAME_OVER,43,42,2,815,1,OSLA,1,2,2,OSLA
1120350182,Checkers,0,GAME_OVER,52,51,2,816,1,OSLA,1,2,2,OSLA
-841247542,Checkers,0,GAME_OVER,41,40,2,817,2,OSLA,2,1,1,OSLA
1737152305,Checkers,0,GAME_OVER,61,60,2,818,2,OSLA,2,1,1,OSLA
-1776418371,Checkers,0,GAME_OVER,46,45,2,819,2,OSLA,2,1,1,OSLA
1044925146,Checkers,0,GAME_OVER,49,48,2,820,2,OSLA,2,1,1,OSLA
1075535673,Checkers,0,GAME_OVER,35,34,2,821,1,OSLA,1,2,2,OSLA
2063721577,Checkers,0,GAME_OVER,63,62,2,822,1,OSLA,1,2,2,OSLA
1539598131,Checkers,0,GAME_OVER,49,48,2,823,2,OSLA,2,1,1,OSLA
-1754981058,Checkers,0,GAME_OVER,43,42,2,824,1,OSLA,1,2,2,OSLA
-1991007498,Checkers,0,GAME_OVER,47,46,2,825,1,OSLA,1,2,2,OSLA
1483956930,Checkers,0,GAME_OVER,118,117,2,826,2,OSLA,2,1,1,OSLA
1947897166,Checkers,0,GAME_OVER,37,36,2,827,1,OSLA,1,2,2,OSLA
-850973119,Checkers,0,GAME_OVER,116,115,2,828,2,OSLA,2,1,1,OSLA
-1182390724,Checkers,0,GAME_OVER,39,38,2,829,1,OSLA,1,2,2,OSLA
-1519049785,Checkers,0,GAME_OVER,52,51,2,830,1,OSLA,1,2,2,OSLA
-1775199363,Checkers,0,GAME_OVER,45,44,2,831,1,OSLA,1,2,2,OSLA
-2045612626,Checkers,0,GAME_OVER,87,86,2,832,2,OSLA,2,1,1,OSLA
-452931979,Checkers,0,GAME_OVER,47,46,2,833,1,OSLA,1,2,2,OSLA
2067785417,Checkers,0,GAME_OVER,42,41,2,834,1,OSLA,1,2,2,OSLA
-1216395462,Checkers,0,GAME_OVER,52,51,2,835,1,OSLA,1,2,2,OSLA
1503656781,Checkers,0,GAME_OVER,43,42,2,836,1,OSLA,1,2,2,OSLA
-851943988,Checkers,0,GAME_OVER,58,57,2,837,2,OSLA,2,1,1,OSLA
-292222750,Checkers,0,GAME_OVER,43,42,2,838,1,OSLA,1,2,2,OSLA
8871365,Checkers,0,GAME_OVER,54,53,2,839,1,OSLA,1,2,2,OSLA
1494450313,Checkers,0,GAME_OVER,62,61,2,840,2,OSLA,2,1,1,OSLA
-1525090815,Checkers,0,GAME_OVER,97,96,2,841,1,OSLA,1,1,1,OSLA
1862316342,Checkers,0,GAME_OVER,48,47,2,842,1,OSLA,1,2,2,OSLA
-1770801902,Checkers,0,GAME_OVER,45,44,2,843,1,OSLA,1,2,2,OSLA
540672082,Checkers,0,GAME_OVER,132,131,2,844,1,OSLA,1,1,1,OSLA
56325243,Checkers,0,GAME_OVER,50,49,2,845,1,OSLA,1,2,2,OSLA
-530842244,Checkers,0,GAME_OVER,48,47,2,846,1,OSLA,1,2,2,OSLA
-315312125,Checkers,0,GAME_OVER,45,44,2,847,1,OSLA,1,2,2,OSLA
-483704508,Checkers,0,GAME_OVER,56,55,2,848,2,OSLA,2,1,1,OSLA
-959710301,Checkers,0,GAME_OVER,68,67,2,849,1,OSLA,1,2,2,OSLA
-1650003268,Checkers,0,GAME_OVER,72,71,2,850,1,OSLA,1,1,1,OSLA
-1186201127,Checkers,0,GAME_OVER,47,46,2,851,1,OSLA,1,2,2,OSLA
915748360,Checkers,0,GAME_OVER,39,38,2,852,1,OSLA,1,2,2,OSLA
308231535,Checkers,0,GAME_OVER,38,37,2,853,1,OSLA,1,2,2,OSLA
126498393,Checkers,0,GAME_OVER,51,50,2,854,1,OSLA,1,2,2,OSLA
821148904,Checkers,0,GAME_OVER,52,51,2,855,1,OSLA,1,2,2,OSLA
-978647046,Checkers,0,GAME_OVER,51,50,2,856,2,OSLA,2,1,1,OSLA
-1900455108,Checkers,0,GAME_OVER,63,62,2,857,2,OSLA,2,1,1,OSLA
-951266478,Checkers,0,GAME_OVER,116,115,2,858,1,OSLA,1,1,1,OSLA
816101514,Checkers,0,GAME_OVER,43,42,2,859,1,OSLA,1,2,2,OSLA
740796428,Checkers,0,GAME_OVER,53,52,2,860,2,OSLA,2,1,1,OSLA
-710775072,Checkers,0,GAME_OVER,51,50,2,861,2,OSLA,2,1,1,OSLA
-116748348,Checkers,0,GAME_OVER,37,36,2,862,1,OSLA,1,2,2,OSLA
1389455957,Checkers,0,GAME_OVER,54,53,2,863,1,OSLA,1,2,2,OSLA
1198393833,Checkers,0,GAME_OVER,45,44,2,864,1,OSLA,1,2,2,OSLA
-1357770497,Checkers,0,GAME_OVER,40,39,2,865,1,OSLA,1,2,2,OSLA
834377395,Checkers,0,GAME_OVER,234,233,2,866,1,OSLA,1,1,1,OSLA
-599044464,Checkers,0,GAME_OVER,95,94,2,867,1,OSLA,1,1,1,OSLA
1976528221,Checkers,0,GAME_OVER,46,45,2,868,1,OSLA,1,2,2,OSLA
-2009304931,Checkers,0,GAME_OVER,55,54,2,869,1,OSLA,1,2,2,OSLA
124156425,Checkers,0,GAME_OVER,45,44,2,870,2,OSLA,2,1,1,OSLA
-82355230,Checkers,0,GAME_OVER,60,59,2,871,1,OSLA,1,2,2,OSLA
-123577869,Checkers,0,GAME_OVER,46,45,2,872,2,OSLA,2,1,1,OSLA
278974453,Checkers,0,GAME_OVER,41,40,2,873,1,OSLA,1,2,2,OSLA
-538849058,Checkers,0,GAME_OVER,49,48,2,874,2,OSLA,2,1,1,OSLA
-1581416884,Checkers,0,GAME_OVER,43,42,2,875,1,OSLA,1,2,2,OSLA
2069573855,Checkers,0,GAME_OVER,63,62,2,876,1,OSLA,1,2,2,OSLA
146963080,Checkers,0,GAME_OVER,63,62,2,877,1,OSLA,1,2,2,OSLA
1427830265,Checkers,0,GAME_OVER,78,77,2,878,1,OSLA,1,2,2,OSLA
-498971304,Checkers,0,GAME_OVER,28,27,2,879,2,OSLA,2,1,1,OSLA
964786462,Checkers,0,GAME_OVER,52,51,2,880,2,OSLA,2,1,1,OSLA
926058616,Checkers,0,GAME_OVER,108,107,2,881,1,OSLA,1,2,2,OSLA
959163030,Checkers,0,GAME_OVER,51,50,2,882,2,OSLA,2,1,1,OSLA
541684114,Checkers,0,GAME_OVER,50,49,2,883,1,OSLA,1,2,2,OSLA
1567312347,Checkers,0,GAME_OVER,61,60,2,884,2,OSLA,2,1,1,OSLA
-333315307,Checkers,0,GAME_OVER,45,44,2,885,2,OSLA,2,1,1,OSLA
-119496343,Checkers,0,GAME_OVER,49,48,2,886,2,OSLA,2,1,1,OSLA
-2064356041,Checkers,0,GAME_OVER,101,100,2,887,1,OSLA,1,1,1,OSLA
-1671792876,Checkers,0,GAME_OVER,39,38,2,888,1,OSLA,1,2,2,OSLA
253312696,Checkers,0,GAME_OVER,43,42,2,889,2,OSLA,2,1,1,OSLA
-722520606,Checkers,0,GAME_OVER,47,46,2,890,1,OSLA,1,2,2,OSLA
-2011644884,Checkers,0,GAME_OVER,41,40,2,891,1,OSLA,1,2,2,OSLA
1345152125,Checkers,0,GAME_OVER,59,58,2,892,1,OSLA,1,2,2,OSLA
250248655,Checkers,0,GAME_OVER,40,39,2,893,1,OSLA,1,2,2,OSLA
-1187458126,Checkers,0,GAME_OVER,56,55,2,894,1,OSLA,1,2,2,OSLA
212041521,Checkers,0,GAME_OVER,46,45,2,895,1,OSLA,1,2,2,OSLA
93299364,Checkers,0,GAME_OVER,50,49,2,896,2,OSLA,2,1,1,OSLA
784544057,Checkers,0,GAME_OVER,159,158,2,897,1,OSLA,1,1,1,OSLA
-1302408562,Checkers,0,GAME_OVER,96,95,2,898,1,OSLA,1,1,1,OSLA
-659544490,Checkers,0,GAME_OVER,48,47,2,899,2,OSLA,2,1,1,OSLA
-1246447019,Checkers,0,GAME_OVER,111,110,2,900,1,OSLA,1,1,1,OSLA
631269844,Checkers,0,GAME_OVER,36,35,2,901,1,OSLA,1,2,2,OSLA
2094123571,Checkers,0,GAME_OVER,73,72,2,902,2,OSLA,2,1,1,OSLA
809160365,Checkers,0,GAME_OVER,49,48,2,903,1,OSLA,1,2,2,OSLA
1583991359,Checkers,0,GAME_OVER,47,46,2,904,1,OSLA,1,2,2,OSLA
1017139027,Checkers,0,GAME_OVER,100,99,2,905,1,OSLA,1,1,1,OSLA
28549801,Checkers,0,GAME_OVER,42,41,2,906,1,OSLA,1,2,2,OSLA
313411392,Checkers,0,GAME_OVER,37,36,2,907,1,OSLA,1,2,2,OSLA
-118433065,Checkers,0,GAME_OVER,87,86,2,908,2,OSLA,2,1,1,OSLA
-2047627180,Checkers,0,GAME_OVER,52,51,2,909,2,OSLA,2,1,1,OSLA
-309074741,Checkers,0,GAME_OVER,99,98,2,910,1,OSLA,1,2,2,OSLA
1259925829,Checkers,0,GAME_OVER,93,92,2,911,1,OSLA,1,2,2,OSLA
-1444737925,Checkers,0,GAME_OVER,55,54,2,912,2,OSLA,2,1,1,OSLA
919601073,Checkers,0,GAME_OVER,40,39,2,913,1,OSLA,1,2,2,OSLA
-947777787,Checkers,0,GAME_OVER,44,43,2,914,1,OSLA,1,2,2,OSLA
-674041968,Checkers,0,GAME_OVER,54,53,2,915,2,OSLA,2,1,1,OSLA
-2004548645,Checkers,0,GAME_OVER,45,44,2,916,2,OSLA,2,1,1,OSLA
66278165,Checkers,0,GAME_OVER,47,46,2,917,2,OSLA,2,1,1,OSLA
-194383265,Checkers,0,GAME_OVER,44,43,2,918,1,OSLA,1,2,2,OSLA
-1944889016,Checkers,0,GAME_OVER,42,41,2,919,1,OSLA,1,2,2,OSLA
1288386708,Checkers,0,GAME_OVER,53,52,2,920,1,OSLA,1,2,2,OSLA
-816761134,Checkers,0,GAME_OVER,39,38,2,921,1,OSLA,1,2,2,OSLA
258628539,Checkers,0,GAME_OVER,92,91,2,922,1,OSLA,1,2,2,OSLA
-1952881699,Checkers,0,GAME_OVER,113,112,2,923,1,OSLA,1,1,1,OSLA
922880541,Checkers,0,GAME_OVER,46,45,2,924,1,OSLA,1,2,2,OSLA
1201171186,Checkers,0,GAME_OVER,48,47,2,925,2,OSLA,2,1,1,OSLA
-1542025894,Checkers,0,GAME_OVER,52,51,2,926,1,OSLA,1,2,2,OSLA
-378947527,Checkers,0,GAME_OVER,57,56,2,927,1,OSLA,1,2,2,OSLA
1692909286,Checkers,0,GAME_OVER,46,45,2,928,1,OSLA,1,2,2,OSLA
-324084341,Checkers,0,GAME_OVER,43,42,2,929,1,OSLA,1,2,2,OSLA
395791524,Checkers,0,GAME_OVER,40,39,2,930,1,OSLA,1,2,2,OSLA
1173317429,Checkers,0,GAME_OVER,172,171,2,931,1,OSLA,1,1,1,OSLA
-1270558274,Checkers,0,GAME_OVER,108,107,2,932,1,OSLA,1,2,2,OSLA
1883403863,Checkers,0,GAME_OVER,54,53,2,933,2,OSLA,2,1,1,OSLA
-509048792,Checkers,0,GAME_OVER,63,62,2,934,1,OSLA,1,2,2,OSLA
2043883854,Checkers,0,GAME_OVER,30,29,2,935,1,OSLA,1,2,2,OSLA
485568884,Checkers,0,GAME_OVER,49,48,2,936,2,OSLA,2,1,1,OSLA
-1537046653,Checkers,0,GAME_OVER,122,121,2,937,1,OSLA,1,1,1,OSLA
-625157664,Checkers,0,GAME_OVER,44,43,2,938,1,OSLA,1,2,2,OSLA
-791472745,Checkers,0,GAME_OVER,59,58,2,939,2,OSLA,2,1,1,OSLA
-906275135,Checkers,0,GAME_OVER,49,48,2,940,1,OSLA,1,2,2,OSLA
889124807,Checkers,0,GAME_OVER,47,46,2,941,1,OSLA,1,2,2,OSLA
-1721734726,Checkers,0,GAME_OVER,38,37,2,942,1,OSLA,1,2,2,OSLA
-300983311,Checkers,0,GAME_OVER,48,47,2,943,1,OSLA,1,2,2,OSLA
93344869,Checkers,0,GAME_OVER,49,48,2,944,2,OSLA,2,1,1,OSLA
-1318618698,Checkers,0,GAME_OVER,53,52,2,945,2,OSLA,2,1,1,OSLA
-1568082861,Checkers,0,GAME_OVER,63,62,2,946,1,OSLA,1,2,2,OSLA
2028047994,Checkers,0,GAME_OVER,48,47,2,947,1,OSLA,1,2,2,OSLA
-2087565937,Checkers,0,GAME_OVER,48,47,2,948,2,OSLA,2,1,1,OSLA
-239705001,Checkers,0,GAME_OVER,84,83,2,949,2,OSLA,2,1,1,OSLA
-1759970811,Checkers,0,GAME_OVER,50,49,2,950,1,OSLA,1,2,2,OSLA
698684995,Checkers,0,GAME_OVER,54,53,2,951,1,OSLA,1,2,2,OSLA
-1648574847,Checkers,0,GAME_OVER,46,45,2,952,1,OSLA,1,2,2,OSLA
2125988083,Checkers,0,GAME_OVER,37,36,2,953,1,OSLA,1,2,2,OSLA
-659006941,Checkers,0,GAME_OVER,55,54,2,954,2,OSLA,2,1,1,OSLA
-1340051643,Checkers,0,GAME_OVER,42,41,2,955,2,OSLA,2,1,1,OSLA
1879909235,Checkers,0,GAME_OVER,48,47,2,956,2,OSLA,2,1,1,OSLA
983065136,Checkers,0,GAME_OVER,83,82,2,957,1,OSLA,1,2,2,OSLA
696573570,Checkers,0,GAME_OVER,40,39,2,958,1,OSLA,1,2,2,OSLA
1689855892,Checkers,0,GAME_OVER,126,125,2,959,1,OSLA,1,1,1,OSLA
1595869624,Checkers,0,GAME_OVER,40,39,2,960,1,OSLA,1,2,2,OSLA
1521424478,Checkers,0,GAME_OVER,103,102,2,961,1,OSLA,1,1,1,OSLA
557939516,Checkers,0,GAME_OVER,50,49,2,962,1,OSLA,1,2,2,OSLA
1636572628,Checkers,0,GAME_OVER,98,97,2,963,1,OSLA,1,1,1,OSLA
-1165293793,Checkers,0,GAME_OVER,45,44,2,964,1,OSLA,1,2,2,OSLA
-1604233456,Checkers,0,GAME_OVER,63,62,2,965,1,OSLA,1,2,2,OSLA
-1881979216,Checkers,0,GAME_OVER,48,47,2,966,1,OSLA,1,2,2,OSLA
-735661332,Checkers,0,GAME_OVER,77,76,2,967,1,OSLA,1,1,1,OSLA
-715615333,Checkers,0,GAME_OVER,41,40,2,968,1,OSLA,1,2,2,OSLA
1300783086,Checkers,0,GAME_OVER,78,77,2,969,1,OSLA,1,2,2,OSLA
-465080884,Checkers,0,GAME_OVER,62,61,2,970,2,OSLA,2,1,1,OSLA
1530192634,Checkers,0,GAME_OVER,39,38,2,971,1,OSLA,1,2,2,OSLA
-327556826,Checkers,0,GAME_OVER,70,69,2,972,1,OSLA,1,2,2,OSLA
1230194378,Checkers,0,GAME_OVER,65,64,2,973,2,OSLA,2,1,1,OSLA
-779245426,Checkers,0,GAME_OVER,43,42,2,974,1,OSLA,1,2,2,OSLA
-1874626170,Checkers,0,GAME_OVER,46,45,2,975,1,OSLA,1,2,2,OSLA
-2125279775,Checkers,0,GAME_OVER,78,77,2,976,2,OSLA,2,1,1,OSLA
1517839088,Checkers,0,GAME_OVER,49,48,2,977,1,OSLA,1,2,2,OSLA
-758713657,Checkers,0,GAME_OVER,97,96,2,978,1,OSLA,1,1,1,OSLA
1676989689,Checkers,0,GAME_OVER,59,58,2,979,1,OSLA,1,2,2,OSLA
-893758337,Checkers,0,GAME_OVER,38,37,2,980,1,OSLA,1,2,2,OSLA
-470023743,Checkers,0,GAME_OVER,39,38,2,981,1,OSLA,1,2,2,OSLA
146836769,Checkers,0,GAME_OVER,40,39,2,982,1,OSLA,1,2,2,OSLA
1442442575,Checkers,0,GAME_OVER,47,46,2,983,1,OSLA,1,2,2,OSLA
-1946673436,Checkers,0,GAME_OVER,75,74,2,984,2,OSLA,2,1,1,OSLA
-1474875774,Checkers,0,GAME_OVER,53,52,2,985,2,OSLA,2,1,1,OSLA
-1657828764,Checkers,0,GAME_OVER,46,45,2,986,2,OSLA,2,1,1,OSLA
1762169355,Checkers,0,GAME_OVER,50,49,2,987,1,OSLA,1,2,2,OSLA
-449437944,Checkers,0,GAME_OVER,105,104,2,988,1,OSLA,1,1,1,OSLA
1109566321,Checkers,0,GAME_OVER,73,72,2,989,2,OSLA,2,1,1,OSLA
1455516916,Checkers,0,GAME_OVER,129,128,2,990,1,OSLA,1,1,1,OSLA
-920448149,Checkers,0,GAME_OVER,44,43,2,991,1,OSLA,1,2,2,OSLA
-1778888159,Checkers,0,GAME_OVER,44,43,2,992,1,OSLA,1,2,2,OSLA
706164761,Checkers,0,GAME_OVER,107,106,2,993,1,OSLA,1,1,1,OSLA
123377821,Checkers,0,GAME_OVER,96,95,2,994,1,OSLA,1,1,1,OSLA
-1357591843,Checkers,0,GAME_OVER,38,37,2,995,1,OSLA,1,2,2,OSLA
514527745,Checkers,0,GAME_OVER,39,38,2,996,1,OSLA,1,2,2,OSLA
-1686740761,Checkers,0,GAME_OVER,50,49,2,997,1,OSLA,1,2,2,OSLA
-1272734573,Checkers,0,GAME_OVER,45,44,2,998,2,OSLA,2,1,1,OSLA
306853553,Checkers,0,GAME_OVER,44,43,2,999,2,OSLA,2,1,1,OSLA
1148885180,Checkers,0,GAME_OVER,28,27,2,1000,2,OSLA,2,1,1,OSLA
-343763972,Checkers,0,GAME_OVER,130,129,2,1001,1,OSLA,1,2,2,OSLA
138073226,Checkers,0,GAME_OVER,47,46,2,1002,2,OSLA,2,1,1,RandomPlayerConfig
8514478,Checkers,0,GAME_OVER,39,38,2,1003,2,OSLA,2,1,1,RandomPlayerConfig
1044764830,Checkers,0,GAME_OVER,43,42,2,1004,2,OSLA,2,1,1,RandomPlayerConfig
-868444039,Checkers,0,GAME_OVER,47,46,2,1005,2,OSLA,2,1,1,RandomPlayerConfig
735112182,Checkers,0,GAME_OVER,44,43,2,1006,2,OSLA,2,1,1,RandomPlayerConfig
-777777875,Checkers,0,GAME_OVER,47,46,2,1007,2,OSLA,2,1,1,RandomPlayerConfig
-1481866760,Checkers,0,GAME_OVER,45,44,2,1008,2,OSLA,2,1,1,RandomPlayerConfig
-1432780273,Checkers,0,GAME_OVER,39,38,2,1009,2,OSLA,2,1,1,RandomPlayerConfig
1171969131,Checkers,0,GAME_OVER,43,42,2,1010,2,OSLA,2,1,1,RandomPlayerConfig
481679851,Checkers,0,GAME_OVER,41,40,2,1011,2,OSLA,2,1,1,RandomPlayerConfig
1330238631,Checkers,0,GAME_OVER,41,40,2,1012,2,OSLA,2,1,1,RandomPlayerConfig
-1460416442,Checkers,0,GAME_OVER,56,55,2,1013,2,OSLA,2,1,1,RandomPlayerConfig
639557516,Checkers,0,GAME_OVER,55,54,2,1014,2,OSLA,2,1,1,RandomPlayerConfig
699837726,Checkers,0,GAME_OVER,66,65,2,1015,2,OSLA,2,1,1,RandomPlayerConfig
1120350182,Checkers,0,GAME_OVER,40,39,2,1016,2,OSLA,2,1,1,RandomPlayerConfig
-841247542,Checkers,0,GAME_OVER,50,49,2,1017,2,OSLA,2,1,1,RandomPlayerConfig
1737152305,Checkers,0,GAME_OVER,54,53,2,1018,2,OSLA,2,1,1,RandomPlayerConfig
-1776418371,Checkers,0,GAME_OVER,41,40,2,1019,2,OSLA,2,1,1,RandomPlayerConfig
1044925146,Checkers,0,GAME_OVER,46,45,2,1020,2,OSLA,2,1,1,RandomPlayerConfig
1075535673,Checkers,0,GAME_OVER,45,44,2,1021,2,OSLA,2,1,1,RandomPlayerConfig
2063721577,Checkers,0,GAME_OVER,51,50,2,1022,2,OSLA,2,1,1,RandomPlayerConfig
1539598131,Checkers,0,GAME_OVER,43,42,2,1023,2,OSLA,2,1,1,RandomPlayerConfig
-1754981058,Checkers,0,GAME_OVER,46,45,2,1024,2,OSLA,2,1,1,RandomPlayerConfig
-1991007498,Checkers,0,GAME_OVER,40,39,2,1025,1,OSLA,1,2,2,RandomPlayerConfig
1483956930,Checkers,0,GAME_OVER,48,47,2,1026,2,OSLA,2,1,1,RandomPlayerConfig
1947897166,Checkers,0,GAME_OVER,41,40,2,1027,2,OSLA,2,1,1,RandomPlayerConfig
-850973119,Checkers,0,GAME_OVER,47,46,2,1028,2,OSLA,2,1,1,RandomPlayerConfig
-1182390724,Checkers,0,GAME_OVER,40,39,2,1029,2,OSLA,2,1,1,RandomPlayerConfig
-1519049785,Checkers,0,GAME_OVER,45,44,2,1030,2,OSLA,2,1,1,RandomPlayerConfig
-1775199363,Checkers,0,GAME_OVER,47,46,2,1031,2,OSLA,2,1,1,RandomPlayerConfig
-2045612626,Checkers,0,GAME_OVER,38,37,2,1032,2,OSLA,2,1,1,RandomPlayerConfig
-452931979,Checkers,0,GAME_OVER,48,47,2,1033,2,OSLA,2,1,1,RandomPlayerConfig
2067785417,Checkers,0,GAME_OVER,38,37,2,1034,2,OSLA,2,1,1,RandomPlayerConfig
-1216395462,Checkers,0,GAME_OVER,43,42,2,1035,2,OSLA,2,1,1,RandomPlayerConfig
1503656781,Checkers,0,GAME_OVER,40,39,2,1036,2,OSLA,2,1,1,RandomPlayerConfig
-851943988,Checkers,0,GAME_OVER,44,43,2,1037,2,OSLA,2,1,1,RandomPlayerConfig
-292222750,Checkers,0,GAME_OVER,47,46,2,1038,2,OSLA,2,1,1,RandomPlayerConfig
8871365,Checkers,0,GAME_OVER,33,32,2,1039,2,OSLA,2,1,1,RandomPlayerConfig
1494450313,Checkers,0,GAME_OVER,43,42,2,1040,2,OSLA,2,1,1,RandomPlayerConfig
-1525090815,Checkers,0,GAME_OVER,48,47,2,1041,2,OSLA,2,1,1,RandomPlayerConfig
1862316342,Checkers,0,GAME_OVER,55,54,2,1042,2,OSLA,2,1,1,RandomPlayerConfig
-1770801902,Checkers,0,GAME_OVER,50,49,2,1043,2,OSLA,2,1,1,RandomPlayerConfig
540672082,Checkers,0,GAME_OVER,51,50,2,1044,2,OSLA,2,1,1,RandomPlayerConfig
56325243,Checkers,0,GAME_OVER,39,38,2,1045,2,OSLA,2,1,1,RandomPlayerConfig
-530842244,Checkers,0,GAME_OVER,48,47,2,1046,2,OSLA,2,1,1,RandomPlayerConfig
-315312125,Checkers,0,GAME_OVER,49,48,2,1047,2,OSLA,2,1,1,RandomPlayerConfig
-483704508,Checkers,0,GAME_OVER,46,45,2,1048,2,OSLA,2,1,1,RandomPlayerConfig
-959710301,Checkers,0,GAME_OVER,47,46,2,1049,2,OSLA,2,1,1,RandomPlayerConfig
-1650003268,Checkers,0,GAME_OVER,42,41,2,1050,2,OSLA,2,1,1,RandomPlayerConfig
-1186201127,Checkers,0,GAME_OVER,42,41,2,1051,2,OSLA,2,1,1,RandomPlayerConfig
915748360,Checkers,0,GAME_OVER,47,46,2,1052,2,OSLA,2,1,1,RandomPlayerConfig
308231535,Checkers,0,GAME_OVER,38,37,2,1053,2,OSLA,2,1,1,RandomPlayerConfig
126498393,Checkers,0,GAME_OVER,51,50,2,1054,2,OSLA,2,1,1,RandomPlayerConfig
821148904,Checkers,0,GAME_OVER,49,48,2,1055,2,OSLA,2,1,1,RandomPlayerConfig
-978647046,Checkers,0,GAME_OVER,62,61,2,1056,2,OSLA,2,1,1,RandomPlayerConfig
-1900455108,Checkers,0,GAME_OVER,42,41,2,1057,2,OSLA,2,1,1,RandomPlayerConfig
-951266478,Checkers,0,GAME_OVER,45,44,2,1058,2,OSLA,2,1,1,RandomPlayerConfig
816101514,Checkers,0,GAME_OVER,44,43,2,1059,2,OSLA,2,1,1,RandomPlayerConfig
740796428,Checkers,0,GAME_OVER,41,40,2,1060,2,OSLA,2,1,1,RandomPlayerConfig
-710775072,Checkers,0,GAME_OVER,43,42,2,1061,2,OSLA,2,1,1,RandomPlayerConfig
-116748348,Checkers,0,GAME_OVER,49,48,2,1062,2,OSLA,2,1,1,RandomPlayerConfig
1389455957,Checkers,0,GAME_OVER,55,54,2,1063,2,OSLA,2,1,1,RandomPlayerConfig
1198393833,Checkers,0,GAME_OVER,43,42,2,1064,2,OSLA,2,1,1,RandomPlayerConfig
-1357770497,Checkers,0,GAME_OVER,42,41,2,1065,2,OSLA,2,1,1,RandomPlayerConfig
834377395,Checkers,0,GAME_OVER,39,38,2,1066,2,OSLA,2,1,1,RandomPlayerConfig
-599044464,Checkers,0,GAME_OVER,54,53,2,1067,2,OSLA,2,1,1,RandomPlayerConfig
1976528221,Checkers,0,GAME_OVER,39,38,2,1068,2,OSLA,2,1,1,RandomPlayerConfig
-2009304931,Checkers,0,GAME_OVER,50,49,2,1069,2,OSLA,2,1,1,RandomPlayerConfig
124156425,Checkers,0,GAME_OVER,36,35,2,1070,2,OSLA,2,1,1,RandomPlayerConfig
-82355230,Checkers,0,GAME_OVER,40,39,2,1071,2,OSLA,2,1,1,RandomPlayerConfig
-123577869,Checkers,0,GAME_OVER,54,53,2,1072,2,OSLA,2,1,1,RandomPlayerConfig
278974453,Checkers,0,GAME_OVER,43,42,2,1073,2,OSLA,2,1,1,RandomPlayerConfig
-538849058,Checkers,0,GAME_OVER,43,42,2,1074,2,OSLA,2,1,1,RandomPlayerConfig
-1581416884,Checkers,0,GAME_OVER,34,33,2,1075,2,OSLA,2,1,1,RandomPlayerConfig
2069573855,Checkers,0,GAME_OVER,41,40,2,1076,2,OSLA,2,1,1,RandomPlayerConfig
146963080,Checkers,0,GAME_OVER,62,61,2,1077,2,OSLA,2,1,1,RandomPlayerConfig
1427830265,Checkers,0,GAME_OVER,36,35,2,1078,2,OSLA,2,1,1,RandomPlayerConfig
-498971304,Checkers,0,GAME_OVER,45,44,2,1079,2,OSLA,2,1,1,RandomPlayerConfig
964786462,Checkers,0,GAME_OVER,45,44,2,1080,2,OSLA,2,1,1,RandomPlayerConfig
926058616,Checkers,0,GAME_OVER,43,42,2,1081,2,OSLA,2,1,1,RandomPlayerConfig
959163030,Checkers,0,GAME_OVER,42,41,2,1082,2,OSLA,2,1,1,RandomPlayerConfig
541684114,Checkers,0,GAME_OVER,55,54,2,1083,2,OSLA,2,1,1,RandomPlayerConfig
1567312347,Checkers,0,GAME_OVER,39,38,2,1084,2,OSLA,2,1,1,RandomPlayerConfig
-333315307,Checkers,0,GAME_OVER,43,42,2,1085,2,OSLA,2,1,1,RandomPlayerConfig
-119496343,Checkers,0,GAME_OVER,69,68,2,1086,2,OSLA,2,1,1,RandomPlayerConfig
-2064356041,Checkers,0,GAME_OVER,38,37,2,1087,2,OSLA,2,1,1,RandomPlayerConfig
-1671792876,Checkers,0,GAME_OVER,47,46,2,1088,2,OSLA,2,1,1,RandomPlayerConfig
253312696,Checkers,0,GAME_OVER,37,36,2,1089,2,OSLA,2,1,1,RandomPlayerConfig
-722520606,Checkers,0,GAME_OVER,46,45,2,1090,2,OSLA,2,1,1,RandomPlayerConfig
-2011644884,Checkers,0,GAME_OVER,36,35,2,1091,2,OSLA,2,1,1,RandomPlayerConfig
1345152125,Checkers,0,GAME_OVER,45,44,2,1092,2,OSLA,2,1,1,RandomPlayerConfig
250248655,Checkers,0,GAME_OVER,40,39,2,1093,2,OSLA,2,1,1,RandomPlayerConfig
-1187458126,Checkers,0,GAME_OVER,36,35,2,1094,2,OSLA,2,1,1,RandomPlayerConfig
212041521,Checkers,0,GAME_OVER,46,45,2,1095,2,OSLA,2,1,1,RandomPlayerConfig
93299364,Checkers,0,GAME_OVER,36,35,2,1096,2,OSLA,2,1,1,RandomPlayerConfig
784544057,Checkers,0,GAME_OVER,39,38,2,1097,2,OSLA,2,1,1,RandomPlayerConfig
-1302408562,Checkers,0,GAME_OVER,30,29,2,1098,2,OSLA,2,1,1,RandomPlayerConfig
-659544490,Checkers,0,GAME_OVER,46,45,2,1099,2,OSLA,2,1,1,RandomPlayerConfig
-1246447019,Checkers,0,GAME_OVER,51,50,2,1100,2,OSLA,2,1,1,RandomPlayerConfig
631269844,Checkers,0,GAME_OVER,42,41,2,1101,2,OSLA,2,1,1,RandomPlayerConfig
2094123571,Checkers,0,GAME_OVER,60,59,2,1102,2,OSLA,2,1,1,RandomPlayerConfig
809160365,Checkers,0,GAME_OVER,48,47,2,1103,2,OSLA,2,1,1,RandomPlayerConfig
1583991359,Checkers,0,GAME_OVER,39,38,2,1104,2,OSLA,2,1,1,RandomPlayerConfig
1017139027,Checkers,0,GAME_OVER,42,41,2,1105,2,OSLA,2,1,1,RandomPlayerConfig
28549801,Checkers,0,GAME_OVER,52,51,2,1106,2,OSLA,2,1,1,RandomPlayerConfig
313411392,Checkers,0,GAME_OVER,36,35,2,1107,2,OSLA,2,1,1,RandomPlayerConfig
-118433065,Checkers,0,GAME_OVER,47,46,2,1108,2,OSLA,2,1,1,RandomPlayerConfig
-2047627180,Checkers,0,GAME_OVER,47,46,2,1109,2,OSLA,2,1,1,RandomPlayerConfig
-309074741,Checkers,0,GAME_OVER,48,47,2,1110,2,OSLA,2,1,1,RandomPlayerConfig
1259925829,Checkers,0,GAME_OVER,43,42,2,1111,2,OSLA,2,1,1,RandomPlayerConfig
-1444737925,Checkers,0,GAME_OVER,44,43,2,1112,2,OSLA,2,1,1,RandomPlayerConfig
919601073,Checkers,0,GAME_OVER,39,38,2,1113,2,OSLA,2,1,1,RandomPlayerConfig
-947777787,Checkers,0,GAME_OVER,41,40,2,1114,2,OSLA,2,1,1,RandomPlayerConfig
-674041968,Checkers,0,GAME_OVER,38,37,2,1115,2,OSLA,2,1,1,RandomPlayerConfig
-2004548645,Checkers,0,GAME_OVER,44,43,2,1116,2,OSLA,2,1,1,RandomPlayerConfig
66278165,Checkers,0,GAME_OVER,45,44,2,1117,2,OSLA,2,1,1,RandomPlayerConfig
-194383265,Checkers,0,GAME_OVER,43,42,2,1118,2,OSLA,2,1,1,RandomPlayerConfig
-1944889016,Checkers,0,GAME_OVER,37,36,2,1119,2,OSLA,2,1,1,RandomPlayerConfig
1288386708,Checkers,0,GAME_OVER,41,40,2,1120,2,OSLA,2,1,1,RandomPlayerConfig
-816761134,Checkers,0,GAME_OVER,37,36,2,1121,2,OSLA,2,1,1,RandomPlayerConfig
258628539,Checkers,0,GAME_OVER,40,39,2,1122,2,OSLA,2,1,1,RandomPlayerConfig
-1952881699,Checkers,0,GAME_OVER,42,41,2,1123,2,OSLA,2,1,1,RandomPlayerConfig
922880541,Checkers,0,GAME_OVER,42,41,2,1124,2,OSLA,2,1,1,RandomPlayerConfig
1201171186,Checkers,0,GAME_OVER,38,37,2,1125,2,OSLA,2,1,1,RandomPlayerConfig
-1542025894,Checkers,0,GAME_OVER,49,48,2,1126,2,OSLA,2,1,1,RandomPlayerConfig
-378947527,Checkers,0,GAME_OVER,41,40,2,1127,2,OSLA,2,1,1,RandomPlayerConfig
1692909286,Checkers,0,GAME_OVER,40,39,2,1128,2,OSLA,2,1,1,RandomPlayerConfig
-324084341,Checkers,0,GAME_OVER,39,38,2,1129,2,OSLA,2,1,1,RandomPlayerConfig
395791524,Checkers,0,GAME_OVER,39,38,2,1130,2,OSLA,2,1,1,RandomPlayerConfig
1173317429,Checkers,0,GAME_OVER,57,56,2,1131,2,OSLA,2,1,1,RandomPlayerConfig
-1270558274,Checkers,0,GAME_OVER,45,44,2,1132,2,OSLA,2,1,1,RandomPlayerConfig
1883403863,Checkers,0,GAME_OVER,35,34,2,1133,2,OSLA,2,1,1,RandomPlayerConfig
-509048792,Checkers,0,GAME_OVER,41,40,2,1134,2,OSLA,2,1,1,RandomPlayerConfig
2043883854,Checkers,0,GAME_OVER,42,41,2,1135,2,OSLA,2,1,1,RandomPlayerConfig
485568884,Checkers,0,GAME_OVER,49,48,2,1136,2,OSLA,2,1,1,RandomPlayerConfig
-1537046653,Checkers,0,GAME_OVER,46,45,2,1137,2,OSLA,2,1,1,RandomPlayerConfig
-625157664,Checkers,0,GAME_OVER,40,39,2,1138,2,OSLA,2,1,1,RandomPlayerConfig
-791472745,Checkers,0,GAME_OVER,64,63,2,1139,2,OSLA,2,1,1,RandomPlayerConfig
-906275135,Checkers,0,GAME_OVER,31,30,2,1140,2,OSLA,2,1,1,RandomPlayerConfig
889124807,Checkers,0,GAME_OVER,46,45,2,1141,2,OSLA,2,1,1,RandomPlayerConfig
-1721734726,Checkers,0,GAME_OVER,41,40,2,1142,2,OSLA,2,1,1,RandomPlayerConfig
-300983311,Checkers,0,GAME_OVER,48,47,2,1143,2,OSLA,2,1,1,RandomPlayerConfig
93344869,Checkers,0,GAME_OVER,41,40,2,1144,2,OSLA,2,1,1,RandomPlayerConfig
-1318618698,Checkers,0,GAME_OVER,41,40,2,1145,2,OSLA,2,1,1,RandomPlayerConfig
-1568082861,Checkers,0,GAME_OVER,43,42,2,1146,2,OSLA,2,1,1,RandomPlayerConfig
2028047994,Checkers,0,GAME_OVER,33,32,2,1147,2,OSLA,2,1,1,RandomPlayerConfig
-2087565937,Checkers,0,GAME_OVER,57,56,2,1148,2,OSLA,2,1,1,RandomPlayerConfig
-239705001,Checkers,0,GAME_OVER,54,53,2,1149,2,OSLA,2,1,1,RandomPlayerConfig
-1759970811,Checkers,0,GAME_OVER,40,39,2,1150,2,OSLA,2,1,1,RandomPlayerConfig
698684995,Checkers,0,GAME_OVER,41,40,2,1151,2,OSLA,2,1,1,RandomPlayerConfig
-1648574847,Checkers,0,GAME_OVER,44,43,2,1152,2,OSLA,2,1,1,RandomPlayerConfig
2125988083,Checkers,0,GAME_OVER,47,46,2,1153,2,OSLA,2,1,1,RandomPlayerConfig
-659006941,Checkers,0,GAME_OVER,52,51,2,1154,2,OSLA,2,1,1,RandomPlayerConfig
-1340051643,Checkers,0,GAME_OVER,45,44,2,1155,2,OSLA,2,1,1,RandomPlayerConfig
1879909235,Checkers,0,GAME_OVER,70,69,2,1156,2,OSLA,2,1,1,RandomPlayerConfig
983065136,Checkers,0,GAME_OVER,41,40,2,1157,2,OSLA,2,1,1,RandomPlayerConfig
696573570,Checkers,0,GAME_OVER,38,37,2,1158,2,OSLA,2,1,1,RandomPlayerConfig
1689855892,Checkers,0,GAME_OVER,41,40,2,1159,2,OSLA,2,1,1,RandomPlayerConfig
1595869624,Checkers,0,GAME_OVER,36,35,2,1160,2,OSLA,2,1,1,RandomPlayerConfig
1521424478,Checkers,0,GAME_OVER,46,45,2,1161,2,OSLA,2,1,1,RandomPlayerConfig
557939516,Checkers,0,GAME_OVER,40,39,2,1162,2,OSLA,2,1,1,RandomPlayerConfig
1636572628,Checkers,0,GAME_OVER,50,49,2,1163,2,OSLA,2,1,1,RandomPlayerConfig
-1165293793,Checkers,0,GAME_OVER,41,40,2,1164,2,OSLA,2,1,1,RandomPlayerConfig
-1604233456,Checkers,0,GAME_OVER,33,32,2,1165,2,OSLA,2,1,1,RandomPlayerConfig
-1881979216,Checkers,0,GAME_OVER,54,53,2,1166,2,OSLA,2,1,1,RandomPlayerConfig
-735661332,Checkers,0,GAME_OVER,42,41,2,1167,2,OSLA,2,1,1,RandomPlayerConfig
-715615333,Checkers,0,GAME_OVER,43,42,2,1168,2,OSLA,2,1,1,RandomPlayerConfig
1300783086,Checkers,0,GAME_OVER,46,45,2,1169,2,OSLA,2,1,1,RandomPlayerConfig
-465080884,Checkers,0,GAME_OVER,43,42,2,1170,2,OSLA,2,1,1,RandomPlayerConfig
1530192634,Checkers,0,GAME_OVER,50,49,2,1171,2,OSLA,2,1,1,RandomPlayerConfig
-327556826,Checkers,0,GAME_OVER,40,39,2,1172,2,OSLA,2,1,1,RandomPlayerConfig
1230194378,Checkers,0,GAME_OVER,38,37,2,1173,2,OSLA,2,1,1,RandomPlayerConfig
-779245426,Checkers,0,GAME_OVER,45,44,2,1174,2,OSLA,2,1,1,RandomPlayerConfig
-1874626170,Checkers,0,GAME_OVER,51,50,2,1175,2,OSLA,2,1,1,RandomPlayerConfig
-2125279775,Checkers,0,GAME_OVER,52,51,2,1176,1,OSLA,1,2,2,RandomPlayerConfig
1517839088,Checkers,0,GAME_OVER,39,38,2,1177,2,OSLA,2,1,1,RandomPlayerConfig
-758713657,Checkers,0,GAME_OVER,44,43,2,1178,2,OSLA,2,1,1,RandomPlayerConfig
1676989689,Checkers,0,GAME_OVER,50,49,2,1179,2,OSLA,2,1,1,RandomPlayerConfig
-893758337,Checkers,0,GAME_OVER,39,38,2,1180,2,OSLA,2,1,1,RandomPlayerConfig
-470023743,Checkers,0,GAME_OVER,39,38,2,1181,2,OSLA,2,1,1,RandomPlayerConfig
146836769,Checkers,0,GAME_OVER,39,38,2,1182,2,OSLA,2,1,1,RandomPlayerConfig
1442442575,Checkers,0,GAME_OVER,38,37,2,1183,2,OSLA,2,1,1,RandomPlayerConfig
-1946673436,Checkers,0,GAME_OVER,40,39,2,1184,2,OSLA,2,1,1,RandomPlayerConfig
-1474875774,Checkers,0,GAME_OVER,48,47,2,1185,2,OSLA,2,1,1,RandomPlayerConfig
-1657828764,Checkers,0,GAME_OVER,41,40,2,1186,2,OSLA,2,1,1,RandomPlayerConfig
1762169355,Checkers,0,GAME_OVER,45,44,2,1187,2,OSLA,2,1,1,RandomPlayerConfig
-449437944,Checkers,0,GAME_OVER,42,41,2,1188,2,OSLA,2,1,1,RandomPlayerConfig
1109566321,Checkers,0,GAME_OVER,36,35,2,1189,2,OSLA,2,1,1,RandomPlayerConfig
1455516916,Checkers,0,GAME_OVER,56,55,2,1190,2,OSLA,2,1,1,RandomPlayerConfig
-920448149,Checkers,0,GAME_OVER,45,44,2,1191,2,OSLA,2,1,1,RandomPlayerConfig
-1778888159,Checkers,0,GAME_OVER,44,43,2,1192,2,OSLA,2,1,1,RandomPlayerConfig
706164761,Checkers,0,GAME_OVER,55,54,2,1193,2,OSLA,2,1,1,RandomPlayerConfig
123377821,Checkers,0,GAME_OVER,40,39,2,1194,2,OSLA,2,1,1,RandomPlayerConfig
-1357591843,Checkers,0,GAME_OVER,38,37,2,1195,2,OSLA,2,1,1,RandomPlayerConfig
514527745,Checkers,0,GAME_OVER,55,54,2,1196,2,OSLA,2,1,1,RandomPlayerConfig
-1686740761,Checkers,0,GAME_OVER,48,47,2,1197,2,OSLA,2,1,1,RandomPlayerConfig
-1272734573,Checkers,0,GAME_OVER,65,64,2,1198,2,OSLA,2,1,1,RandomPlayerConfig
306853553,Checkers,0,GAME_OVER,49,48,2,1199,2,OSLA,2,1,1,RandomPlayerConfig
1148885180,Checkers,0,GAME_OVER,46,45,2,1200,2,OSLA,2,1,1,RandomPlayerConfig
-343763972,Checkers,0,GAME_OVER,46,45,2,1201,2,OSLA,2,1,1,RandomPlayerConfig
138073226,Checkers,0,GAME_OVER,29,28,2,1202,1,RandomPlayerConfig,1,2,2,MCTS_CheckersHeuristic
8514478,Checkers,0,GAME_OVER,43,42,2,1203,1,RandomPlayerConfig,1,2,2,MCTS_CheckersHeuristic
1044764830,Checkers,0,GAME_OVER,42,41,2,1204,1,RandomPlayerConfig,1,2,2,MCTS_CheckersHeuristic
-868444039,Checkers,0,GAME_OVER,46,45,2,1205,1,RandomPlayerConfig,1,2,2,MCTS_CheckersHeuristic
735112182,Checkers,0,GAME_OVER,45,44,2,1206,1,RandomPlayerConfig,1,2,2,MCTS_CheckersHeuristic
-777777875,Checkers,0,GAME_OVER,34,33,2,1207,1,RandomPlayerConfig,1,2,2,MCTS_CheckersHeuristic
-1481866760,Checkers,0,GAME_OVER,42,41,2,1208,1,RandomPlayerConfig,1,2,2,MCTS_CheckersHeuristic
-1432780273,Checkers,0,GAME_OVER,40,39,2,1209,1,RandomPlayerConfig,1,2,2,MCTS_CheckersHeuristic
1171969131,Checkers,0,GAME_OVER,35,34,2,1210,1,RandomPlayerConfig,1,2,2,MCTS_CheckersHeuristic
481679851,Checkers,0,GAME_OVER,44,43,2,1211,1,RandomPlayerConfig,1,2,2,MCTS_CheckersHeuristic
1330238631,Checkers,0,GAME_OVER,37,36,2,1212,1,RandomPlayerConfig,1,2,2,MCTS_CheckersHeuristic
-1460416442,Checkers,0,GAME_OVER,40,39,2,1213,1,RandomPlayerConfig,1,2,2,MCTS_CheckersHeuristic
639557516,Checkers,0,GAME_OVER,42,41,2,1214,1,RandomPlayerConfig,1,2,2,MCTS_CheckersHeuristic
699837726,Checkers,0,GAME_OVER,37,36,2,1215,1,RandomPlayerConfig,1,2,2,MCTS_CheckersHeuristic
1120350182,Checkers,0,GAME_OVER,36,35,2,1216,1,RandomPlayerConfig,1,2,2,MCTS_CheckersHeuristic
-841247542,Checkers,0,GAME_OVER,39,38,2,1217,1,RandomPlayerConfig,1,2,2,MCTS_CheckersHeuristic
1737152305,Checkers,0,GAME_OVER,42,41,2,1218,1,RandomPlayerConfig,1,2,2,MCTS_CheckersHeuristic
-1776418371,Checkers,0,GAME_OVER,44,43,2,1219,1,RandomPlayerConfig,1,2,2,MCTS_CheckersHeuristic
1044925146,Checkers,0,GAME_OVER,36,35,2,1220,1,RandomPlayerConfig,1,2,2,MCTS_CheckersHeuristic
1075535673,Checkers,0,GAME_OVER,39,38,2,1221,1,RandomPlayerConfig,1,2,2,MCTS_CheckersHeuristic
2063721577,Checkers,0,GAME_OVER,42,41,2,1222,1,RandomPlayerConfig,1,2,2,MCTS_CheckersHeuristic
1539598131,Checkers,0,GAME_OVER,44,43,2,1223,1,RandomPlayerConfig,1,2,2,MCTS_CheckersHeuristic
-1754981058,Checkers,0,GAME_OVER,42,41,2,1224,1,RandomPlayerConfig,1,2,2,MCTS_CheckersHeuristic
-1991007498,Checkers,0,GAME_OVER,41,40,2,1225,1,RandomPlayerConfig,1,2,2,MCTS_CheckersHeuristic
1483956930,Checkers,0,GAME_OVER,36,35,2,1226,1,RandomPlayerConfig,1,2,2,MCTS_CheckersHeuristic
1947897166,Checkers,0,GAME_OVER,54,53,2,1227,1,RandomPlayerConfig,1,2,2,MCTS_CheckersHeuristic
-850973119,Checkers,0,GAME_OVER,45,44,2,1228,1,RandomPlayerConfig,1,2,2,MCTS_CheckersHeuristic
-1182390724,Checkers,0,GAME_OVER,42,41,2,1229,1,RandomPlayerConfig,1,2,2,MCTS_CheckersHeuristic
-1519049785,Checkers,0,GAME_OVER,50,49,2,1230,1,RandomPlayerConfig,1,2,2,MCTS_CheckersHeuristic
-1775199363,Checkers,0,GAME_OVER,41,40,2,1231,1,RandomPlayerConfig,1,2,2,MCTS_CheckersHeuristic
-2045612626,Checkers,0,GAME_OVER,40,39,2,1232,1,RandomPlayerConfig,1,2,2,MCTS_CheckersHeuristic
-452931979,Checkers,0,GAME_OVER,42,41,2,1233,1,RandomPlayerConfig,1,2,2,MCTS_CheckersHeuristic
2067785417,Checkers,0,GAME_OVER,40,39,2,1234,1,RandomPlayerConfig,1,2,2,MCTS_CheckersHeuristic
-1216395462,Checkers,0,GAME_OVER,41,40,2,1235,1,RandomPlayerConfig,1,2,2,MCTS_CheckersHeuristic
1503656781,Checkers,0,GAME_OVER,34,33,2,1236,1,RandomPlayerConfig,1,2,2,MCTS_CheckersHeuristic
-851943988,Checkers,0,GAME_OVER,41,40,2,1237,1,RandomPlayerConfig,1,2,2,MCTS_CheckersHeuristic
-292222750,Checkers,0,GAME_OVER,30,29,2,1238,1,RandomPlayerConfig,1,2,2,MCTS_CheckersHeuristic
8871365,Checkers,0,GAME_OVER,33,32,2,1239,1,RandomPlayerConfig,1,2,2,MCTS_CheckersHeuristic
1494450313,Checkers,0,GAME_OVER,45,44,2,1240,1,RandomPlayerConfig,1,2,2,MCTS_CheckersHeuristic
-1525090815,Checkers,0,GAME_OVER,38,37,2,1241,1,RandomPlayerConfig,1,2,2,MCTS_CheckersHeuristic
1862316342,Checkers,0,GAME_OVER,42,41,2,1242,1,RandomPlayerConfig,1,2,2,MCTS_CheckersHeuristic
-1770801902,Checkers,0,GAME_OVER,35,34,2,1243,1,RandomPlayerConfig,1,2,2,MCTS_CheckersHeuristic
540672082,Checkers,0,GAME_OVER,45,44,2,1244,1,RandomPlayerConfig,1,2,2,MCTS_CheckersHeuristic
56325243,Checkers,0,GAME_OVER,43,42,2,1245,1,RandomPlayerConfig,1,2,2,MCTS_CheckersHeuristic
-530842244,Checkers,0,GAME_OVER,41,40,2,1246,1,RandomPlayerConfig,1,2,2,MCTS_CheckersHeuristic
-315312125,Checkers,0,GAME_OVER,41,40,2,1247,1,RandomPlayerConfig,1,2,2,MCTS_CheckersHeuristic
-483704508,Checkers,0,GAME_OVER,34,33,2,1248,1,RandomPlayerConfig,1,2,2,MCTS_CheckersHeuristic
-959710301,Checkers,0,GAME_OVER,46,45,2,1249,1,RandomPlayerConfig,1,2,2,MCTS_CheckersHeuristic
-1650003268,Checkers,0,GAME_OVER,48,47,2,1250,1,RandomPlayerConfig,1,2,2,MCTS_CheckersHeuristic
-1186201127,Checkers,0,GAME_OVER,36,35,2,1251,1,RandomPlayerConfig,1,2,2,MCTS_CheckersHeuristic
915748360,Checkers,0,GAME_OVER,42,41,2,1252,1,RandomPlayerConfig,1,2,2,MCTS_CheckersHeuristic
308231535,Checkers,0,GAME_OVER,43,42,2,1253,1,RandomPlayerConfig,1,2,2,MCTS_CheckersHeuristic
126498393,Checkers,0,GAME_OVER,45,44,2,1254,1,RandomPlayerConfig,1,2,2,MCTS_CheckersHeuristic
821148904,Checkers,0,GAME_OVER,37,36,2,1255,1,RandomPlayerConfig,1,2,2,MCTS_CheckersHeuristic
-978647046,Checkers,0,GAME_OVER,34,33,2,1256,1,RandomPlayerConfig,1,2,2,MCTS_CheckersHeuristic
-1900455108,Checkers,0,GAME_OVER,36,35,2,1257,1,RandomPlayerConfig,1,2,2,MCTS_CheckersHeuristic
-951266478,Checkers,0,GAME_OVER,40,39,2,1258,1,RandomPlayerConfig,1,2,2,MCTS_CheckersHeuristic
816101514,Checkers,0,GAME_OVER,37,36,2,1259,1,RandomPlayerConfig,1,2,2,MCTS_CheckersHeuristic
740796428,Checkers,0,GAME_OVER,34,33,2,1260,1,RandomPlayerConfig,1,2,2,MCTS_CheckersHeuristic
-710775072,Checkers,0,GAME_OVER,51,50,2,1261,1,RandomPlayerConfig,1,2,2,MCTS_CheckersHeuristic
-116748348,Checkers,0,GAME_OVER,44,43,2,1262,1,RandomPlayerConfig,1,2,2,MCTS_CheckersHeuristic
1389455957,Checkers,0,GAME_OVER,32,31,2,1263,1,RandomPlayerConfig,1,2,2,MCTS_CheckersHeuristic
1198393833,Checkers,0,GAME_OVER,41,40,2,1264,1,RandomPlayerConfig,1,2,2,MCTS_CheckersHeuristic
-1357770497,Checkers,0,GAME_OVER,38,37,2,1265,1,RandomPlayerConfig,1,2,2,MCTS_CheckersHeuristic
834377395,Checkers,0,GAME_OVER,32,31,2,1266,1,RandomPlayerConfig,1,2,2,MCTS_CheckersHeuristic
-599044464,Checkers,0,GAME_OVER,41,40,2,1267,1,RandomPlayerConfig,1,2,2,MCTS_CheckersHeuristic
1976528221,Checkers,0,GAME_OVER,33,32,2,1268,1,RandomPlayerConfig,1,2,2,MCTS_CheckersHeuristic
-2009304931,Checkers,0,GAME_OVER,38,37,2,1269,1,RandomPlayerConfig,1,2,2,MCTS_CheckersHeuristic
124156425,Checkers,0,GAME_OVER,38,37,2,1270,1,RandomPlayerConfig,1,2,2,MCTS_CheckersHeuristic
-82355230,Checkers,0,GAME_OVER,33,32,2,1271,1,RandomPlayerConfig,1,2,2,MCTS_CheckersHeuristic
-123577869,Checkers,0,GAME_OVER,33,32,2,1272,1,RandomPlayerConfig,1,2,2,MCTS_CheckersHeuristic
278974453,Checkers,0,GAME_OVER,44,43,2,1273,1,RandomPlayerConfig,1,2,2,MCTS_CheckersHeuristic
-538849058,Checkers,0,GAME_OVER,42,41,2,1274,1,RandomPlayerConfig,1,2,2,MCTS_CheckersHeuristic
-1581416884,Checkers,0,GAME_OVER,40,39,2,1275,1,RandomPlayerConfig,1,2,2,MCTS_CheckersHeuristic
2069573855,Checkers,0,GAME_OVER,35,34,2,1276,1,RandomPlayerConfig,1,2,2,MCTS_CheckersHeuristic
146963080,Checkers,0,GAME_OVER,42,41,2,1277,1,RandomPlayerConfig,1,2,2,MCTS_CheckersHeuristic
1427830265,Checkers,0,GAME_OVER,43,42,2,1278,1,RandomPlayerConfig,1,2,2,MCTS_CheckersHeuristic
-498971304,Checkers,0,GAME_OVER,42,41,2,1279,1,RandomPlayerConfig,1,2,2,MCTS_CheckersHeuristic
964786462,Checkers,0,GAME_OVER,50,49,2,1280,1,RandomPlayerConfig,1,2,2,MCTS_CheckersHeuristic
926058616,Checkers,0,GAME_OVER,48,47,2,1281,1,RandomPlayerConfig,1,2,2,MCTS_CheckersHeuristic
959163030,Checkers,0,GAME_OVER,38,37,2,1282,1,RandomPlayerConfig,1,2,2,MCTS_CheckersHeuristic
541684114,Checkers,0,GAME_OVER,46,45,2,1283,1,RandomPlayerConfig,1,2,2,MCTS_CheckersHeuristic
1567312347,Checkers,0,GAME_OVER,35,34,2,1284,1,RandomPlayerConfig,1,2,2,MCTS_CheckersHeuristic
-333315307,Checkers,0,GAME_OVER,41,40,2,1285,1,RandomPlayerConfig,1,2,2,MCTS_CheckersHeuristic
-119496343,Checkers,0,GAME_OVER,42,41,2,1286,1,RandomPlayerConfig,1,2,2,MCTS_CheckersHeuristic
-2064356041,Checkers,0,GAME_OVER,29,28,2,1287,1,RandomPlayerConfig,1,2,2,MCTS_CheckersHeuristic
-1671792876,Checkers,0,GAME_OVER,39,38,2,1288,1,RandomPlayerConfig,1,2,2,MCTS_CheckersHeuristic
253312696,Checkers,0,GAME_OVER,40,39,2,1289,1,RandomPlayerConfig,1,2,2,MCTS_CheckersHeuristic
-722520606,Checkers,0,GAME_OVER,44,43,2,1290,1,RandomPlayerConfig,1,2,2,MCTS_CheckersHeuristic
-2011644884,Checkers,0,GAME_OVER,42,41,2,1291,1,RandomPlayerConfig,1,2,2,MCTS_CheckersHeuristic
1345152125,Checkers,0,GAME_OVER,42,41,2,1292,1,RandomPlayerConfig,1,2,2,MCTS_CheckersHeuristic
250248655,Checkers,0,GAME_OVER,38,37,2,1293,1,RandomPlayerConfig,1,2,2,MCTS_CheckersHeuristic
-1187458126,Checkers,0,GAME_OVER,43,42,2,1294,1,RandomPlayerConfig,1,2,2,MCTS_CheckersHeuristic
212041521,Checkers,0,GAME_OVER,46,45,2,1295,1,RandomPlayerConfig,1,2,2,MCTS_CheckersHeuristic
93299364,Checkers,0,GAME_OVER,42,41,2,1296,1,RandomPlayerConfig,1,2,2,MCTS_CheckersHeuristic
784544057,Checkers,0,GAME_OVER,38,37,2,1297,1,RandomPlayerConfig,1,2,2,MCTS_CheckersHeuristic
-1302408562,Checkers,0,GAME_OVER,39,38,2,1298,1,RandomPlayerConfig,1,2,2,MCTS_CheckersHeuristic
-659544490,Checkers,0,GAME_OVER,45,44,2,1299,1,RandomPlayerConfig,1,2,2,MCTS_CheckersHeuristic
-1246447019,Checkers,0,GAME_OVER,38,37,2,1300,1,RandomPlayerConfig,1,2,2,MCTS_CheckersHeuristic
631269844,Checkers,0,GAME_OVER,44,43,2,1301,1,RandomPlayerConfig,1,2,2,MCTS_CheckersHeuristic
2094123571,Checkers,0,GAME_OVER,36,35,2,1302,1,RandomPlayerConfig,1,2,2,MCTS_CheckersHeuristic
809160365,Checkers,0,GAME_OVER,38,37,2,1303,1,RandomPlayerConfig,1,2,2,MCTS_CheckersHeuristic
1583991359,Checkers,0,GAME_OVER,46,45,2,1304,1,RandomPlayerConfig,1,2,2,MCTS_CheckersHeuristic
1017139027,Checkers,0,GAME_OVER,43,42,2,1305,1,RandomPlayerConfig,1,2,2,MCTS_CheckersHeuristic
28549801,Checkers,0,GAME_OVER,45,44,2,1306,1,RandomPlayerConfig,1,2,2,MCTS_CheckersHeuristic
313411392,Checkers,0,GAME_OVER,44,43,2,1307,1,RandomPlayerConfig,1,2,2,MCTS_CheckersHeuristic
-118433065,Checkers,0,GAME_OVER,44,43,2,1308,1,RandomPlayerConfig,1,2,2,MCTS_CheckersHeuristic
-2047627180,Checkers,0,GAME_OVER,39,38,2,1309,1,RandomPlayerConfig,1,2,2,MCTS_CheckersHeuristic
-309074741,Checkers,0,GAME_OVER,42,41,2,1310,1,RandomPlayerConfig,1,2,2,MCTS_CheckersHeuristic
1259925829,Checkers,0,GAME_OVER,46,45,2,1311,1,RandomPlayerConfig,1,2,2,MCTS_CheckersHeuristic
-1444737925,Checkers,0,GAME_OVER,36,35,2,1312,1,RandomPlayerConfig,1,2,2,MCTS_CheckersHeuristic
919601073,Checkers,0,GAME_OVER,40,39,2,1313,1,RandomPlayerConfig,1,2,2,MCTS_CheckersHeuristic
-947777787,Checkers,0,GAME_OVER,45,44,2,1314,1,RandomPlayerConfig,1,2,2,MCTS_CheckersHeuristic
-674041968,Checkers,0,GAME_OVER,37,36,2,1315,1,RandomPlayerConfig,1,2,2,MCTS_CheckersHeuristic
-2004548645,Checkers,0,GAME_OVER,50,49,2,1316,1,RandomPlayerConfig,1,2,2,MCTS_CheckersHeuristic
66278165,Checkers,0,GAME_OVER,44,43,2,1317,1,RandomPlayerConfig,1,2,2,MCTS_CheckersHeuristic
-194383265,Checkers,0,GAME_OVER,45,44,2,1318,1,RandomPlayerConfig,1,2,2,MCTS_CheckersHeuristic
-1944889016,Checkers,0,GAME_OVER,32,31,2,1319,1,RandomPlayerConfig,1,2,2,MCTS_CheckersHeuristic
1288386708,Checkers,0,GAME_OVER,31,30,2,1320,1,RandomPlayerConfig,1,2,2,MCTS_CheckersHeuristic
-816761134,Checkers,0,GAME_OVER,38,37,2,1321,1,RandomPlayerConfig,1,2,2,MCTS_CheckersHeuristic
258628539,Checkers,0,GAME_OVER,38,37,2,1322,1,RandomPlayerConfig,1,2,2,MCTS_CheckersHeuristic
-1952881699,Checkers,0,GAME_OVER,37,36,2,1323,1,RandomPlayerConfig,1,2,2,MCTS_CheckersHeuristic
922880541,Checkers,0,GAME_OVER,42,41,2,1324,1,RandomPlayerConfig,1,2,2,MCTS_CheckersHeuristic
1201171186,Checkers,0,GAME_OVER,45,44,2,1325,1,RandomPlayerConfig,1,2,2,MCTS_CheckersHeuristic
-1542025894,Checkers,0,GAME_OVER,40,39,2,1326,1,RandomPlayerConfig,1,2,2,MCTS_CheckersHeuristic
-378947527,Checkers,0,GAME_OVER,34,33,2,1327,1,RandomPlayerConfig,1,2,2,MCTS_CheckersHeuristic
1692909286,Checkers,0,GAME_OVER,43,42,2,1328,1,RandomPlayerConfig,1,2,2,MCTS_CheckersHeuristic
-324084341,Checkers,0,GAME_OVER,38,37,2,1329,1,RandomPlayerConfig,1,2,2,MCTS_CheckersHeuristic
395791524,Checkers,0,GAME_OVER,39,38,2,1330,1,RandomPlayerConfig,1,2,2,MCTS_CheckersHeuristic
1173317429,Checkers,0,GAME_OVER,44,43,2,1331,1,RandomPlayerConfig,1,2,2,MCTS_CheckersHeuristic
-1270558274,Checkers,0,GAME_OVER,38,37,2,1332,1,RandomPlayerConfig,1,2,2,MCTS_CheckersHeuristic
1883403863,Checkers,0,GAME_OVER,39,38,2,1333,1,RandomPlayerConfig,1,2,2,MCTS_CheckersHeuristic
-509048792,Checkers,0,GAME_OVER,41,40,2,1334,1,RandomPlayerConfig,1,2,2,MCTS_CheckersHeuristic
2043883854,Checkers,0,GAME_OVER,34,33,2,1335,1,RandomPlayerConfig,1,2,2,MCTS_CheckersHeuristic
485568884,Checkers,0,GAME_OVER,45,44,2,1336,1,RandomPlayerConfig,1,2,2,MCTS_CheckersHeuristic
-1537046653,Checkers,0,GAME_OVER,38,37,2,1337,1,RandomPlayerConfig,1,2,2,MCTS_CheckersHeuristic
-625157664,Checkers,0,GAME_OVER,42,41,2,1338,1,RandomPlayerConfig,1,2,2,MCTS_CheckersHeuristic
-791472745,Checkers,0,GAME_OVER,35,34,2,1339,1,RandomPlayerConfig,1,2,2,MCTS_CheckersHeuristic
-906275135,Checkers,0,GAME_OVER,42,41,2,1340,1,RandomPlayerConfig,1,2,2,MCTS_CheckersHeuristic
889124807,Checkers,0,GAME_OVER,46,45,2,1341,1,RandomPlayerConfig,1,2,2,MCTS_CheckersHeuristic
-1721734726,Checkers,0,GAME_OVER,41,40,2,1342,1,RandomPlayerConfig,1,2,2,MCTS_CheckersHeuristic
-300983311,Checkers,0,GAME_OVER,41,40,2,1343,1,RandomPlayerConfig,1,2,2,MCTS_CheckersHeuristic
93344869,Checkers,0,GAME_OVER,35,34,2,1344,1,RandomPlayerConfig,1,2,2,MCTS_CheckersHeuristic
-1318618698,Checkers,0,GAME_OVER,42,41,2,1345,1,RandomPlayerConfig,1,2,2,MCTS_CheckersHeuristic
-1568082861,Checkers,0,GAME_OVER,38,37,2,1346,1,RandomPlayerConfig,1,2,2,MCTS_CheckersHeuristic
2028047994,Checkers,0,GAME_OVER,39,38,2,1347,1,RandomPlayerConfig,1,2,2,MCTS_CheckersHeuristic
-2087565937,Checkers,0,GAME_OVER,43,42,2,1348,1,RandomPlayerConfig,1,2,2,MCTS_CheckersHeuristic
-239705001,Checkers,0,GAME_OVER,43,42,2,1349,1,RandomPlayerConfig,1,2,2,MCTS_CheckersHeuristic
-1759970811,Checkers,0,GAME_OVER,35,34,2,1350,1,RandomPlayerConfig,1,2,2,MCTS_CheckersHeuristic
698684995,Checkers,0,GAME_OVER,38,37,2,1351,1,RandomPlayerConfig,1,2,2,MCTS_CheckersHeuristic
-1648574847,Checkers,0,GAME_OVER,35,34,2,1352,1,RandomPlayerConfig,1,2,2,MCTS_CheckersHeuristic
2125988083,Checkers,0,GAME_OVER,49,48,2,1353,1,RandomPlayerConfig,1,2,2,MCTS_CheckersHeuristic
-659006941,Checkers,0,GAME_OVER,39,38,2,1354,1,RandomPlayerConfig,1,2,2,MCTS_CheckersHeuristic
-1340051643,Checkers,0,GAME_OVER,40,39,2,1355,1,RandomPlayerConfig,1,2,2,MCTS_CheckersHeuristic
1879909235,Checkers,0,GAME_OVER,41,40,2,1356,1,RandomPlayerConfig,1,2,2,MCTS_CheckersHeuristic
983065136,Checkers,0,GAME_OVER,41,40,2,1357,1,RandomPlayerConfig,1,2,2,MCTS_CheckersHeuristic
696573570,Checkers,0,GAME_OVER,44,43,2,1358,1,RandomPlayerConfig,1,2,2,MCTS_CheckersHeuristic
1689855892,Checkers,0,GAME_OVER,48,47,2,1359,1,RandomPlayerConfig,1,2,2,MCTS_CheckersHeuristic
1595869624,Checkers,0,GAME_OVER,31,30,2,1360,1,RandomPlayerConfig,1,2,2,MCTS_CheckersHeuristic
1521424478,Checkers,0,GAME_OVER,30,29,2,1361,1,RandomPlayerConfig,1,2,2,MCTS_CheckersHeuristic
557939516,Checkers,0,GAME_OVER,34,33,2,1362,1,RandomPlayerConfig,1,2,2,MCTS_CheckersHeuristic
1636572628,Checkers,0,GAME_OVER,40,39,2,1363,1,RandomPlayerConfig,1,2,2,MCTS_CheckersHeuristic
-1165293793,Checkers,0,GAME_OVER,44,43,2,1364,1,RandomPlayerConfig,1,2,2,MCTS_CheckersHeuristic
-1604233456,Checkers,0,GAME_OVER,40,39,2,1365,1,RandomPlayerConfig,1,2,2,MCTS_CheckersHeuristic
-1881979216,Checkers,0,GAME_OVER,46,45,2,1366,1,RandomPlayerConfig,1,2,2,MCTS_CheckersHeuristic
-735661332,Checkers,0,GAME_OVER,70,69,2,1367,1,RandomPlayerConfig,1,2,2,MCTS_CheckersHeuristic
-715615333,Checkers,0,GAME_OVER,46,45,2,1368,1,RandomPlayerConfig,1,2,2,MCTS_CheckersHeuristic
1300783086,Checkers,0,GAME_OVER,50,49,2,1369,1,RandomPlayerConfig,1,2,2,MCTS_CheckersHeuristic
-465080884,Checkers,0,GAME_OVER,44,43,2,1370,1,RandomPlayerConfig,1,2,2,MCTS_CheckersHeuristic
1530192634,Checkers,0,GAME_OVER,35,34,2,1371,1,RandomPlayerConfig,1,2,2,MCTS_CheckersHeuristic
-327556826,Checkers,0,GAME_OVER,53,52,2,1372,1,RandomPlayerConfig,1,2,2,MCTS_CheckersHeuristic
1230194378,Checkers,0,GAME_OVER,44,43,2,1373,1,RandomPlayerConfig,1,2,2,MCTS_CheckersHeuristic
-779245426,Checkers,0,GAME_OVER,37,36,2,1374,1,RandomPlayerConfig,1,2,2,MCTS_CheckersHeuristic
-1874626170,Checkers,0,GAME_OVER,48,47,2,1375,1,RandomPlayerConfig,1,2,2,MCTS_CheckersHeuristic
-2125279775,Checkers,0,GAME_OVER,49,48,2,1376,1,RandomPlayerConfig,1,2,2,MCTS_CheckersHeuristic
1517839088,Checkers,0,GAME_OVER,47,46,2,1377,1,RandomPlayerConfig,1,2,2,MCTS_CheckersHeuristic
-758713657,Checkers,0,GAME_OVER,40,39,2,1378,1,RandomPlayerConfig,1,2,2,MCTS_CheckersHeuristic
1676989689,Checkers,0,GAME_OVER,36,35,2,1379,1,RandomPlayerConfig,1,2,2,MCTS_CheckersHeuristic
-893758337,Checkers,0,GAME_OVER,40,39,2,1380,1,RandomPlayerConfig,1,2,2,MCTS_CheckersHeuristic
-470023743,Checkers,0,GAME_OVER,41,40,2,1381,1,RandomPlayerConfig,1,2,2,MCTS_CheckersHeuristic
146836769,Checkers,0,GAME_OVER,52,51,2,1382,1,RandomPlayerConfig,1,2,2,MCTS_CheckersHeuristic
1442442575,Checkers,0,GAME_OVER,33,32,2,1383,1,RandomPlayerConfig,1,2,2,MCTS_CheckersHeuristic
-1946673436,Checkers,0,GAME_OVER,35,34,2,1384,1,RandomPlayerConfig,1,2,2,MCTS_CheckersHeuristic
-1474875774,Checkers,0,GAME_OVER,32,31,2,1385,1,RandomPlayerConfig,1,2,2,MCTS_CheckersHeuristic
-1657828764,Checkers,0,GAME_OVER,34,33,2,1386,1,RandomPlayerConfig,1,2,2,MCTS_CheckersHeuristic
1762169355,Checkers,0,GAME_OVER,40,39,2,1387,1,RandomPlayerConfig,1,2,2,MCTS_CheckersHeuristic
-449437944,Checkers,0,GAME_OVER,43,42,2,1388,1,RandomPlayerConfig,1,2,2,MCTS_CheckersHeuristic
1109566321,Checkers,0,GAME_OVER,48,47,2,1389,1,RandomPlayerConfig,1,2,2,MCTS_CheckersHeuristic
1455516916,Checkers,0,GAME_OVER,38,37,2,1390,1,RandomPlayerConfig,1,2,2,MCTS_CheckersHeuristic
-920448149,Checkers,0,GAME_OVER,38,37,2,1391,1,RandomPlayerConfig,1,2,2,MCTS_CheckersHeuristic
-1778888159,Checkers,0,GAME_OVER,45,44,2,1392,1,RandomPlayerConfig,1,2,2,MCTS_CheckersHeuristic
706164761,Checkers,0,GAME_OVER,37,36,2,1393,1,RandomPlayerConfig,1,2,2,MCTS_CheckersHeuristic
123377821,Checkers,0,GAME_OVER,46,45,2,1394,1,RandomPlayerConfig,1,2,2,MCTS_CheckersHeuristic
-1357591843,Checkers,0,GAME_OVER,46,45,2,1395,1,RandomPlayerConfig,1,2,2,MCTS_CheckersHeuristic
514527745,Checkers,0,GAME_OVER,38,37,2,1396,1,RandomPlayerConfig,1,2,2,MCTS_CheckersHeuristic
-1686740761,Checkers,0,GAME_OVER,39,38,2,1397,1,RandomPlayerConfig,1,2,2,MCTS_CheckersHeuristic
-1272734573,Checkers,0,GAME_OVER,42,41,2,1398,1,RandomPlayerConfig,1,2,2,MCTS_CheckersHeuristic
306853553,Checkers,0,GAME_OVER,38,37,2,1399,1,RandomPlayerConfig,1,2,2,MCTS_CheckersHeuristic
1148885180,Checkers,0,GAME_OVER,40,39,2,1400,1,RandomPlayerConfig,1,2,2,MCTS_CheckersHeuristic
-343763972,Checkers,0,GAME_OVER,39,38,2,1401,1,RandomPlayerConfig,1,2,2,MCTS_CheckersHeuristic
138073226,Checkers,0,GAME_OVER,45,44,2,1402,1,RandomPlayerConfig,1,2,2,OSLA
8514478,Checkers,0,GAME_OVER,48,47,2,1403,1,RandomPlayerConfig,1,2,2,OSLA
1044764830,Checkers,0,GAME_OVER,48,47,2,1404,1,RandomPlayerConfig,1,2,2,OSLA
-868444039,Checkers,0,GAME_OVER,37,36,2,1405,1,RandomPlayerConfig,1,2,2,OSLA
735112182,Checkers,0,GAME_OVER,46,45,2,1406,1,RandomPlayerConfig,1,2,2,OSLA
-777777875,Checkers,0,GAME_OVER,39,38,2,1407,1,RandomPlayerConfig,1,2,2,OSLA
-1481866760,Checkers,0,GAME_OVER,36,35,2,1408,1,RandomPlayerConfig,1,2,2,OSLA
-1432780273,Checkers,0,GAME_OVER,37,36,2,1409,1,RandomPlayerConfig,1,2,2,OSLA
1171969131,Checkers,0,GAME_OVER,40,39,2,1410,1,RandomPlayerConfig,1,2,2,OSLA
481679851,Checkers,0,GAME_OVER,49,48,2,1411,1,RandomPlayerConfig,1,2,2,OSLA
1330238631,Checkers,0,GAME_OVER,34,33,2,1412,1,RandomPlayerConfig,1,2,2,OSLA
-1460416442,Checkers,0,GAME_OVER,38,37,2,1413,1,RandomPlayerConfig,1,2,2,OSLA
639557516,Checkers,0,GAME_OVER,39,38,2,1414,1,RandomPlayerConfig,1,2,2,OSLA
699837726,Checkers,0,GAME_OVER,37,36,2,1415,1,RandomPlayerConfig,1,2,2,OSLA
1120350182,Checkers,0,GAME_OVER,33,32,2,1416,1,RandomPlayerConfig,1,2,2,OSLA
-841247542,Checkers,0,GAME_OVER,38,37,2,1417,1,RandomPlayerConfig,1,2,2,OSLA
1737152305,Checkers,0,GAME_OVER,37,36,2,1418,1,RandomPlayerConfig,1,2,2,OSLA
-1776418371,Checkers,0,GAME_OVER,36,35,2,1419,1,RandomPlayerConfig,1,2,2,OSLA
1044925146,Checkers,0,GAME_OVER,34,33,2,1420,1,RandomPlayerConfig,1,2,2,OSLA
1075535673,Checkers,0,GAME_OVER,42,41,2,1421,1,RandomPlayerConfig,1,2,2,OSLA
2063721577,Checkers,0,GAME_OVER,34,33,2,1422,1,RandomPlayerConfig,1,2,2,OSLA
1539598131,Checkers,0,GAME_OVER,40,39,2,1423,1,RandomPlayerConfig,1,2,2,OSLA
-1754981058,Checkers,0,GAME_OVER,42,41,2,1424,1,RandomPlayerConfig,1,2,2,OSLA
-1991007498,Checkers,0,GAME_OVER,39,38,2,1425,1,RandomPlayerConfig,1,2,2,OSLA
1483956930,Checkers,0,GAME_OVER,32,31,2,1426,1,RandomPlayerConfig,1,2,2,OSLA
1947897166,Checkers,0,GAME_OVER,34,33,2,1427,1,RandomPlayerConfig,1,2,2,OSLA
-850973119,Checkers,0,GAME_OVER,39,38,2,1428,1,RandomPlayerConfig,1,2,2,OSLA
-1182390724,Checkers,0,GAME_OVER,35,34,2,1429,1,RandomPlayerConfig,1,2,2,OSLA
-1519049785,Checkers,0,GAME_OVER,36,35,2,1430,1,RandomPlayerConfig,1,2,2,OSLA
-1775199363,Checkers,0,GAME_OVER,34,33,2,1431,1,RandomPlayerConfig,1,2,2,OSLA
-2045612626,Checkers,0,GAME_OVER,34,33,2,1432,1,RandomPlayerConfig,1,2,2,OSLA
-452931979,Checkers,0,GAME_OVER,37,36,2,1433,1,RandomPlayerConfig,1,2,2,OSLA
2067785417,Checkers,0,GAME_OVER,48,47,2,1434,1,RandomPlayerConfig,1,2,2,OSLA
-1216395462,Checkers,0,GAME_OVER,40,39,2,1435,1,RandomPlayerConfig,1,2,2,OSLA
1503656781,Checkers,0,GAME_OVER,35,34,2,1436,1,RandomPlayerConfig,1,2,2,OSLA
-851943988,Checkers,0,GAME_OVER,37,36,2,1437,1,RandomPlayerConfig,1,2,2,OSLA
-292222750,Checkers,0,GAME_OVER,47,46,2,1438,1,RandomPlayerConfig,1,2,2,OSLA
8871365,Checkers,0,GAME_OVER,28,27,2,1439,1,RandomPlayerConfig,1,2,2,OSLA
1494450313,Checkers,0,GAME_OVER,33,32,2,1440,1,RandomPlayerConfig,1,2,2,OSLA
-1525090815,Checkers,0,GAME_OVER,50,49,2,1441,1,RandomPlayerConfig,1,2,2,OSLA
1862316342,Checkers,0,GAME_OVER,39,38,2,1442,1,RandomPlayerConfig,1,2,2,OSLA
-1770801902,Checkers,0,GAME_OVER,37,36,2,1443,1,RandomPlayerConfig,1,2,2,OSLA
540672082,Checkers,0,GAME_OVER,38,37,2,1444,1,RandomPlayerConfig,1,2,2,OSLA
56325243,Checkers,0,GAME_OVER,36,35,2,1445,1,RandomPlayerConfig,1,2,2,OSLA
-530842244,Checkers,0,GAME_OVER,39,38,2,1446,1,RandomPlayerConfig,1,2,2,OSLA
-315312125,Checkers,0,GAME_OVER,42,41,2,1447,1,RandomPlayerConfig,1,2,2,OSLA
-483704508,Checkers,0,GAME_OVER,32,31,2,1448,1,RandomPlayerConfig,1,2,2,OSLA
-959710301,Checkers,0,GAME_OVER,35,34,2,1449,1,RandomPlayerConfig,1,2,2,OSLA
-1650003268,Checkers,0,GAME_OVER,47,46,2,1450,1,RandomPlayerConfig,1,2,2,OSLA
-1186201127,Checkers,0,GAME_OVER,35,34,2,1451,1,RandomPlayerConfig,1,2,2,OSLA
915748360,Checkers,0,GAME_OVER,43,42,2,1452,1,RandomPlayerConfig,1,2,2,OSLA
308231535,Checkers,0,GAME_OVER,39,38,2,1453,1,RandomPlayerConfig,1,2,2,OSLA
126498393,Checkers,0,GAME_OVER,33,32,2,1454,1,RandomPlayerConfig,1,2,2,OSLA
821148904,Checkers,0,GAME_OVER,39,38,2,1455,1,RandomPlayerConfig,1,2,2,OSLA
-978647046,Checkers,0,GAME_OVER,38,37,2,1456,1,RandomPlayerConfig,1,2,2,OSLA
-1900455108,Checkers,0,GAME_OVER,40,39,2,1457,1,RandomPlayerConfig,1,2,2,OSLA
-951266478,Checkers,0,GAME_OVER,39,38,2,1458,1,RandomPlayerConfig,1,2,2,OSLA
816101514,Checkers,0,GAME_OVER,40,39,2,1459,1,RandomPlayerConfig,1,2,2,OSLA
740796428,Checkers,0,GAME_OVER,37,36,2,1460,1,RandomPlayerConfig,1,2,2,OSLA
-710775072,Checkers,0,GAME_OVER,43,42,2,1461,1,RandomPlayerConfig,1,2,2,OSLA
-116748348,Checkers,0,GAME_OVER,35,34,2,1462,1,RandomPlayerConfig,1,2,2,OSLA
1389455957,Checkers,0,GAME_OVER,46,45,2,1463,1,RandomPlayerConfig,1,2,2,OSLA
1198393833,Checkers,0,GAME_OVER,34,33,2,1464,1,RandomPlayerConfig,1,2,2,OSLA
-1357770497,Checkers,0,GAME_OVER,42,41,2,1465,1,RandomPlayerConfig,1,2,2,OSLA
834377395,Checkers,0,GAME_OVER,34,33,2,1466,1,RandomPlayerConfig,1,2,2,OSLA
-599044464,Checkers,0,GAME_OVER,32,31,2,1467,1,RandomPlayerConfig,1,2,2,OSLA
1976528221,Checkers,0,GAME_OVER,36,35,2,1468,1,RandomPlayerConfig,1,2,2,OSLA
-2009304931,Checkers,0,GAME_OVER,42,41,2,1469,1,RandomPlayerConfig,1,2,2,OSLA
124156425,Checkers,0,GAME_OVER,38,37,2,1470,1,RandomPlayerConfig,1,2,2,OSLA
-82355230,Checkers,0,GAME_OVER,37,36,2,1471,1,RandomPlayerConfig,1,2,2,OSLA
-123577869,Checkers,0,GAME_OVER,44,43,2,1472,1,RandomPlayerConfig,1,2,2,OSLA
278974453,Checkers,0,GAME_OVER,46,45,2,1473,1,RandomPlayerConfig,1,2,2,OSLA
-538849058,Checkers,0,GAME_OVER,37,36,2,1474,1,RandomPlayerConfig,1,2,2,OSLA
-1581416884,Checkers,0,GAME_OVER,37,36,2,1475,1,RandomPlayerConfig,1,2,2,OSLA
2069573855,Checkers,0,GAME_OVER,42,41,2,1476,1,RandomPlayerConfig,1,2,2,OSLA
146963080,Checkers,0,GAME_OVER,31,30,2,1477,1,RandomPlayerConfig,1,2,2,OSLA
1427830265,Checkers,0,GAME_OVER,39,38,2,1478,1,RandomPlayerConfig,1,2,2,OSLA
-498971304,Checkers,0,GAME_OVER,43,42,2,1479,1,RandomPlayerConfig,1,2,2,OSLA
964786462,Checkers,0,GAME_OVER,39,38,2,1480,1,RandomPlayerConfig,1,2,2,OSLA
926058616,Checkers,0,GAME_OVER,34,33,2,1481,1,RandomPlayerConfig,1,2,2,OSLA
959163030,Checkers,0,GAME_OVER,28,27,2,1482,1,RandomPlayerConfig,1,2,2,OSLA
541684114,Checkers,0,GAME_OVER,33,32,2,1483,1,RandomPlayerConfig,1,2,2,OSLA
1567312347,Checkers,0,GAME_OVER,39,38,2,1484,1,RandomPlayerConfig,1,2,2,OSLA
-333315307,Checkers,0,GAME_OVER,37,36,2,1485,1,RandomPlayerConfig,1,2,2,OSLA
-119496343,Checkers,0,GAME_OVER,42,41,2,1486,1,RandomPlayerConfig,1,2,2,OSLA
-2064356041,Checkers,0,GAME_OVER,46,45,2,1487,1,RandomPlayerConfig,1,2,2,OSLA
-1671792876,Checkers,0,GAME_OVER,43,42,2,1488,1,RandomPlayerConfig,1,2,2,OSLA
253312696,Checkers,0,GAME_OVER,45,44,2,1489,1,RandomPlayerConfig,1,2,2,OSLA
-722520606,Checkers,0,GAME_OVER,35,34,2,1490,1,RandomPlayerConfig,1,2,2,OSLA
-2011644884,Checkers,0,GAME_OVER,42,41,2,1491,1,RandomPlayerConfig,1,2,2,OSLA
1345152125,Checkers,0,GAME_OVER,32,31,2,1492,1,RandomPlayerConfig,1,2,2,OSLA
250248655,Checkers,0,GAME_OVER,38,37,2,1493,1,RandomPlayerConfig,1,2,2,OSLA
-1187458126,Checkers,0,GAME_OVER,39,38,2,1494,1,RandomPlayerConfig,1,2,2,OSLA
212041521,Checkers,0,GAME_OVER,39,38,2,1495,1,RandomPlayerConfig,1,2,2,OSLA
93299364,Checkers,0,GAME_OVER,49,48,2,1496,1,RandomPlayerConfig,1,2,2,OSLA
784544057,Checkers,0,GAME_OVER,43,42,2,1497,1,RandomPlayerConfig,1,2,2,OSLA
-1302408562,Checkers,0,GAME_OVER,56,55,2,1498,1,RandomPlayerConfig,1,2,2,OSLA
-659544490,Checkers,0,GAME_OVER,36,35,2,1499,1,RandomPlayerConfig,1,2,2,OSLA
-1246447019,Checkers,0,GAME_OVER,37,36,2,1500,1,RandomPlayerConfig,1,2,2,OSLA
631269844,Checkers,0,GAME_OVER,38,37,2,1501,1,RandomPlayerConfig,1,2,2,OSLA
2094123571,Checkers,0,GAME_OVER,48,47,2,1502,1,RandomPlayerConfig,1,2,2,OSLA
809160365,Checkers,0,GAME_OVER,38,37,2,1503,1,RandomPlayerConfig,1,2,2,OSLA
1583991359,Checkers,0,GAME_OVER,32,31,2,1504,1,RandomPlayerConfig,1,2,2,OSLA
1017139027,Checkers,0,GAME_OVER,34,33,2,1505,1,RandomPlayerConfig,1,2,2,OSLA
28549801,Checkers,0,GAME_OVER,45,44,2,1506,1,RandomPlayerConfig,1,2,2,OSLA
313411392,Checkers,0,GAME_OVER,36,35,2,1507,1,RandomPlayerConfig,1,2,2,OSLA
-118433065,Checkers,0,GAME_OVER,48,47,2,1508,1,RandomPlayerConfig,1,2,2,OSLA
-2047627180,Checkers,0,GAME_OVER,32,31,2,1509,1,RandomPlayerConfig,1,2,2,OSLA
-309074741,Checkers,0,GAME_OVER,41,40,2,1510,1,RandomPlayerConfig,1,2,2,OSLA
1259925829,Checkers,0,GAME_OVER,39,38,2,1511,1,RandomPlayerConfig,1,2,2,OSLA
-1444737925,Checkers,0,GAME_OVER,36,35,2,1512,1,RandomPlayerConfig,1,2,2,OSLA
919601073,Checkers,0,GAME_OVER,38,37,2,1513,1,RandomPlayerConfig,1,2,2,OSLA
-947777787,Checkers,0,GAME_OVER,45,44,2,1514,1,RandomPlayerConfig,1,2,2,OSLA
-674041968,Checkers,0,GAME_OVER,42,41,2,1515,1,RandomPlayerConfig,1,2,2,OSLA
-2004548645,Checkers,0,GAME_OVER,47,46,2,1516,1,RandomPlayerConfig,1,2,2,OSLA
66278165,Checkers,0,GAME_OVER,43,42,2,1517,1,RandomPlayerConfig,1,2,2,OSLA
-194383265,Checkers,0,GAME_OVER,42,41,2,1518,1,RandomPlayerConfig,1,2,2,OSLA
-1944889016,Checkers,0,GAME_OVER,39,38,2,1519,1,RandomPlayerConfig,1,2,2,OSLA
1288386708,Checkers,0,GAME_OVER,32,31,2,1520,1,RandomPlayerConfig,1,2,2,OSLA
-816761134,Checkers,0,GAME_OVER,45,44,2,1521,1,RandomPlayerConfig,1,2,2,OSLA
258628539,Checkers,0,GAME_OVER,39,38,2,1522,1,RandomPlayerConfig,1,2,2,OSLA
-1952881699,Checkers,0,GAME_OVER,44,43,2,1523,1,RandomPlayerConfig,1,2,2,OSLA
922880541,Checkers,0,GAME_OVER,32,31,2,1524,1,RandomPlayerConfig,1,2,2,OSLA
1201171186,Checkers,0,GAME_OVER,33,32,2,1525,1,RandomPlayerConfig,1,2,2,OSLA
-1542025894,Checkers,0,GAME_OVER,37,36,2,1526,1,RandomPlayerConfig,1,2,2,OSLA
-378947527,Checkers,0,GAME_OVER,42,41,2,1527,1,RandomPlayerConfig,1,2,2,OSLA
1692909286,Checkers,0,GAME_OVER,33,32,2,1528,1,RandomPlayerConfig,1,2,2,OSLA
-324084341,Checkers,0,GAME_OVER,41,40,2,1529,1,RandomPlayerConfig,1,2,2,OSLA
395791524,Checkers,0,GAME_OVER,34,33,2,1530,1,RandomPlayerConfig,1,2,2,OSLA
1173317429,Checkers,0,GAME_OVER,27,26,2,1531,1,RandomPlayerConfig,1,2,2,OSLA
-1270558274,Checkers,0,GAME_OVER,38,37,2,1532,1,RandomPlayerConfig,1,2,2,OSLA
1883403863,Checkers,0,GAME_OVER,27,26,2,1533,1,RandomPlayerConfig,1,2,2,OSLA
-509048792,Checkers,0,GAME_OVER,47,46,2,1534,1,RandomPlayerConfig,1,2,2,OSLA
2043883854,Checkers,0,GAME_OVER,35,34,2,1535,1,RandomPlayerConfig,1,2,2,OSLA
485568884,Checkers,0,GAME_OVER,27,26,2,1536,1,RandomPlayerConfig,1,2,2,OSLA
-1537046653,Checkers,0,GAME_OVER,35,34,2,1537,1,RandomPlayerConfig,1,2,2,OSLA
-625157664,Checkers,0,GAME_OVER,36,35,2,1538,1,RandomPlayerConfig,1,2,2,OSLA
-791472745,Checkers,0,GAME_OVER,33,32,2,1539,1,RandomPlayerConfig,1,2,2,OSLA
-906275135,Checkers,0,GAME_OVER,38,37,2,1540,1,RandomPlayerConfig,1,2,2,OSLA
889124807,Checkers,0,GAME_OVER,50,49,2,1541,1,RandomPlayerConfig,1,2,2,OSLA
-1721734726,Checkers,0,GAME_OVER,39,38,2,1542,1,RandomPlayerConfig,1,2,2,OSLA
-300983311,Checkers,0,GAME_OVER,34,33,2,1543,1,RandomPlayerConfig,1,2,2,OSLA
93344869,Checkers,0,GAME_OVER,43,42,2,1544,1,RandomPlayerConfig,1,2,2,OSLA
-1318618698,Checkers,0,GAME_OVER,40,39,2,1545,1,RandomPlayerConfig,1,2,2,OSLA
-1568082861,Checkers,0,GAME_OVER,42,41,2,1546,1,RandomPlayerConfig,1,2,2,OSLA
2028047994,Checkers,0,GAME_OVER,40,39,2,1547,1,RandomPlayerConfig,1,2,2,OSLA
-2087565937,Checkers,0,GAME_OVER,34,33,2,1548,1,RandomPlayerConfig,1,2,2,OSLA
-239705001,Checkers,0,GAME_OVER,38,37,2,1549,1,RandomPlayerConfig,1,2,2,OSLA
-1759970811,Checkers,0,GAME_OVER,48,47,2,1550,1,RandomPlayerConfig,1,2,2,OSLA
698684995,Checkers,0,GAME_OVER,39,38,2,1551,1,RandomPlayerConfig,1,2,2,OSLA
-1648574847,Checkers,0,GAME_OVER,34,33,2,1552,1,RandomPlayerConfig,1,2,2,OSLA
2125988083,Checkers,0,GAME_OVER,43,42,2,1553,1,RandomPlayerConfig,1,2,2,OSLA
-659006941,Checkers,0,GAME_OVER,39,38,2,1554,1,RandomPlayerConfig,1,2,2,OSLA
-1340051643,Checkers,0,GAME_OVER,34,33,2,1555,1,RandomPlayerConfig,1,2,2,OSLA
1879909235,Checkers,0,GAME_OVER,38,37,2,1556,1,RandomPlayerConfig,1,2,2,OSLA
983065136,Checkers,0,GAME_OVER,35,34,2,1557,1,RandomPlayerConfig,1,2,2,OSLA
696573570,Checkers,0,GAME_OVER,38,37,2,1558,1,RandomPlayerConfig,1,2,2,OSLA
1689855892,Checkers,0,GAME_OVER,42,41,2,1559,1,RandomPlayerConfig,1,2,2,OSLA
1595869624,Checkers,0,GAME_OVER,38,37,2,1560,1,RandomPlayerConfig,1,2,2,OSLA
1521424478,Checkers,0,GAME_OVER,39,38,2,1561,1,RandomPlayerConfig,1,2,2,OSLA
557939516,Checkers,0,GAME_OVER,40,39,2,1562,1,RandomPlayerConfig,1,2,2,OSLA
1636572628,Checkers,0,GAME_OVER,37,36,2,1563,1,RandomPlayerConfig,1,2,2,OSLA
-1165293793,Checkers,0,GAME_OVER,37,36,2,1564,1,RandomPlayerConfig,1,2,2,OSLA
-1604233456,Checkers,0,GAME_OVER,35,34,2,1565,1,RandomPlayerConfig,1,2,2,OSLA
-1881979216,Checkers,0,GAME_OVER,39,38,2,1566,1,RandomPlayerConfig,1,2,2,OSLA
-735661332,Checkers,0,GAME_OVER,40,39,2,1567,1,RandomPlayerConfig,1,2,2,OSLA
-715615333,Checkers,0,GAME_OVER,43,42,2,1568,1,RandomPlayerConfig,1,2,2,OSLA
1300783086,Checkers,0,GAME_OVER,83,82,2,1569,1,RandomPlayerConfig,1,2,2,OSLA
-465080884,Checkers,0,GAME_OVER,49,48,2,1570,1,RandomPlayerConfig,1,2,2,OSLA
1530192634,Checkers,0,GAME_OVER,33,32,2,1571,1,RandomPlayerConfig,1,2,2,OSLA
-327556826,Checkers,0,GAME_OVER,63,62,2,1572,1,RandomPlayerConfig,1,2,2,OSLA
1230194378,Checkers,0,GAME_OVER,42,41,2,1573,1,RandomPlayerConfig,1,2,2,OSLA
-779245426,Checkers,0,GAME_OVER,38,37,2,1574,1,RandomPlayerConfig,1,2,2,OSLA
-1874626170,Checkers,0,GAME_OVER,39,38,2,1575,1,RandomPlayerConfig,1,2,2,OSLA
-2125279775,Checkers,0,GAME_OVER,46,45,2,1576,1,RandomPlayerConfig,1,2,2,OSLA
1517839088,Checkers,0,GAME_OVER,42,41,2,1577,1,RandomPlayerConfig,1,2,2,OSLA
-758713657,Checkers,0,GAME_OVER,35,34,2,1578,1,RandomPlayerConfig,1,2,2,OSLA
1676989689,Checkers,0,GAME_OVER,38,37,2,1579,1,RandomPlayerConfig,1,2,2,OSLA
-893758337,Checkers,0,GAME_OVER,40,39,2,1580,1,RandomPlayerConfig,1,2,2,OSLA
-470023743,Checkers,0,GAME_OVER,45,44,2,1581,1,RandomPlayerConfig,1,2,2,OSLA
146836769,Checkers,0,GAME_OVER,30,29,2,1582,1,RandomPlayerConfig,1,2,2,OSLA
1442442575,Checkers,0,GAME_OVER,37,36,2,1583,1,RandomPlayerConfig,1,2,2,OSLA
-1946673436,Checkers,0,GAME_OVER,42,41,2,1584,1,RandomPlayerConfig,1,2,2,OSLA
-1474875774,Checkers,0,GAME_OVER,42,41,2,1585,1,RandomPlayerConfig,1,2,2,OSLA
-1657828764,Checkers,0,GAME_OVER,40,39,2,1586,1,RandomPlayerConfig,1,2,2,OSLA
1762169355,Checkers,0,GAME_OVER,40,39,2,1587,1,RandomPlayerConfig,1,2,2,OSLA
-449437944,Checkers,0,GAME_OVER,44,43,2,1588,1,RandomPlayerConfig,1,2,2,OSLA
1109566321,Checkers,0,GAME_OVER,37,36,2,1589,1,RandomPlayerConfig,1,2,2,OSLA
1455516916,Checkers,0,GAME_OVER,51,50,2,1590,1,RandomPlayerConfig,1,2,2,OSLA
-920448149,Checkers,0,GAME_OVER,32,31,2,1591,1,RandomPlayerConfig,1,2,2,OSLA
-1778888159,Checkers,0,GAME_OVER,35,34,2,1592,1,RandomPlayerConfig,1,2,2,OSLA
706164761,Checkers,0,GAME_OVER,46,45,2,1593,1,RandomPlayerConfig,1,2,2,OSLA
123377821,Checkers,0,GAME_OVER,45,44,2,1594,1,RandomPlayerConfig,1,2,2,OSLA
-1357591843,Checkers,0,GAME_OVER,55,54,2,1595,1,RandomPlayerConfig,1,2,2,OSLA
514527745,Checkers,0,GAME_OVER,35,34,2,1596,1,RandomPlayerConfig,1,2,2,OSLA
-1686740761,Checkers,0,GAME_OVER,43,42,2,1597,1,RandomPlayerConfig,1,2,2,OSLA
-1272734573,Checkers,0,GAME_OVER,37,36,2,1598,1,RandomPlayerConfig,1,2,2,OSLA
306853553,Checkers,0,GAME_OVER,33,32,2,1599,1,RandomPlayerConfig,1,2,2,OSLA
1148885180,Checkers,0,GAME_OVER,45,44,2,1600,1,RandomPlayerConfig,1,2,2,OSLA
-343763972,Checkers,0,GAME_OVER,40,39,2,1601,1,RandomPlayerConfig,1,2,2,OSLA
138073226,Checkers,0,GAME_OVER,59,58,2,1602,1,RandomPlayerConfig,1,2,2,RandomPlayerConfig
8514478,Checkers,0,GAME_OVER,35,34,2,1603,1,RandomPlayerConfig,1,2,2,RandomPlayerConfig
1044764830,Checkers,0,GAME_OVER,51,50,2,1604,1,RandomPlayerConfig,1,2,2,RandomPlayerConfig
-868444039,Checkers,0,GAME_OVER,38,37,2,1605,1,RandomPlayerConfig,1,2,2,RandomPlayerConfig
735112182,Checkers,0,GAME_OVER,81,80,2,1606,1,RandomPlayerConfig,1,2,2,RandomPlayerConfig
-777777875,Checkers,0,GAME_OVER,43,42,2,1607,1,RandomPlayerConfig,1,2,2,RandomPlayerConfig
-1481866760,Checkers,0,GAME_OVER,41,40,2,1608,1,RandomPlayerConfig,1,2,2,RandomPlayerConfig
-1432780273,Checkers,0,GAME_OVER,65,64,2,1609,2,RandomPlayerConfig,2,1,1,RandomPlayerConfig
1171969131,Checkers,0,GAME_OVER,50,49,2,1610,1,RandomPlayerConfig,1,2,2,RandomPlayerConfig
481679851,Checkers,0,GAME_OVER,45,44,2,1611,1,RandomPlayerConfig,1,2,2,RandomPlayerConfig
1330238631,Checkers,0,GAME_OVER,53,52,2,1612,1,RandomPlayerConfig,1,2,2,RandomPlayerConfig
-1460416442,Checkers,0,GAME_OVER,48,47,2,1613,1,RandomPlayerConfig,1,2,2,RandomPlayerConfig
639557516,Checkers,0,GAME_OVER,55,54,2,1614,2,RandomPlayerConfig,2,1,1,RandomPlayerConfig
699837726,Checkers,0,GAME_OVER,42,41,2,1615,1,RandomPlayerConfig,1,2,2,RandomPlayerConfig
1120350182,Checkers,0,GAME_OVER,56,55,2,1616,2,RandomPlayerConfig,2,1,1,RandomPlayerConfig
-841247542,Checkers,0,GAME_OVER,44,43,2,1617,1,RandomPlayerConfig,1,2,2,RandomPlayerConfig
1737152305,Checkers,0,GAME_OVER,49,48,2,1618,2,RandomPlayerConfig,2,1,1,RandomPlayerConfig
-1776418371,Checkers,0,GAME_OVER,92,91,2,1619,2,RandomPlayerConfig,2,1,1,RandomPlayerConfig
1044925146,Checkers,0,GAME_OVER,50,49,2,1620,1,RandomPlayerConfig,1,2,2,RandomPlayerConfig
1075535673,Checkers,0,GAME_OVER,43,42,2,1621,1,RandomPlayerConfig,1,2,2,RandomPlayerConfig
2063721577,Checkers,0,GAME_OVER,45,44,2,1622,1,RandomPlayerConfig,1,2,2,RandomPlayerConfig
1539598131,Checkers,0,GAME_OVER,63,62,2,1623,1,RandomPlayerConfig,1,2,2,RandomPlayerConfig
-1754981058,Checkers,0,GAME_OVER,61,60,2,1624,1,RandomPlayerConfig,1,2,2,RandomPlayerConfig
-1991007498,Checkers,0,GAME_OVER,36,35,2,1625,1,RandomPlayerConfig,1,2,2,RandomPlayerConfig
1483956930,Checkers,0,GAME_OVER,75,74,2,1626,2,RandomPlayerConfig,2,1,1,RandomPlayerConfig
1947897166,Checkers,0,GAME_OVER,67,66,2,1627,2,RandomPlayerConfig,2,1,1,RandomPlayerConfig
-850973119,Checkers,0,GAME_OVER,46,45,2,1628,2,RandomPlayerConfig,2,1,1,RandomPlayerConfig
-1182390724,Checkers,0,GAME_OVER,52,51,2,1629,1,RandomPlayerConfig,1,2,2,RandomPlayerConfig
-1519049785,Checkers,0,GAME_OVER,49,48,2,1630,1,RandomPlayerConfig,1,2,2,RandomPlayerConfig
-1775199363,Checkers,0,GAME_OVER,62,61,2,1631,2,RandomPlayerConfig,2,1,1,RandomPlayerConfig
-2045612626,Checkers,0,GAME_OVER,51,50,2,1632,2,RandomPlayerConfig,2,1,1,RandomPlayerConfig
-452931979,Checkers,0,GAME_OVER,54,53,2,1633,1,RandomPlayerConfig,1,2,2,RandomPlayerConfig
2067785417,Checkers,0,GAME_OVER,57,56,2,1634,2,RandomPlayerConfig,2,1,1,RandomPlayerConfig
-1216395462,Checkers,0,GAME_OVER,60,59,2,1635,2,RandomPlayerConfig,2,1,1,RandomPlayerConfig
1503656781,Checkers,0,GAME_OVER,44,43,2,1636,1,RandomPlayerConfig,1,2,2,RandomPlayerConfig
-851943988,Checkers,0,GAME_OVER,44,43,2,1637,1,RandomPlayerConfig,1,2,2,RandomPlayerConfig
-292222750,Checkers,0,GAME_OVER,65,64,2,1638,1,RandomPlayerConfig,1,2,2,RandomPlayerConfig
8871365,Checkers,0,GAME_OVER,48,47,2,1639,1,RandomPlayerConfig,1,2,2,RandomPlayerConfig
1494450313,Checkers,0,GAME_OVER,56,55,2,1640,1,RandomPlayerConfig,1,2,2,RandomPlayerConfig
-1525090815,Checkers,0,GAME_OVER,61,60,2,1641,2,RandomPlayerConfig,2,1,1,RandomPlayerConfig
1862316342,Checkers,0,GAME_OVER,33,32,2,1642,1,RandomPlayerConfig,1,2,2,RandomPlayerConfig
-1770801902,Checkers,0,GAME_OVER,44,43,2,1643,2,RandomPlayerConfig,2,1,1,RandomPlayerConfig
540672082,Checkers,0,GAME_OVER,38,37,2,1644,1,RandomPlayerConfig,1,2,2,RandomPlayerConfig
56325243,Checkers,0,GAME_OVER,35,34,2,1645,1,RandomPlayerConfig,1,2,2,RandomPlayerConfig
-530842244,Checkers,0,GAME_OVER,44,43,2,1646,1,RandomPlayerConfig,1,2,2,RandomPlayerConfig
-315312125,Checkers,0,GAME_OVER,46,45,2,1647,2,RandomPlayerConfig,2,1,1,RandomPlayerConfig
-483704508,Checkers,0,GAME_OVER,43,42,2,1648,1,RandomPlayerConfig,1,2,2,RandomPlayerConfig
-959710301,Checkers,0,GAME_OVER,59,58,2,1649,2,RandomPlayerConfig,2,1,1,RandomPlayerConfig
-1650003268,Checkers,0,GAME_OVER,48,47,2,1650,2,RandomPlayerConfig,2,1,1,RandomPlayerConfig
-1186201127,Checkers,0,GAME_OVER,38,37,2,1651,1,RandomPlayerConfig,1,2,2,RandomPlayerConfig
915748360,Checkers,0,GAME_OVER,44,43,2,1652,2,RandomPlayerConfig,2,1,1,RandomPlayerConfig
308231535,Checkers,0,GAME_OVER,65,64,2,1653,1,RandomPlayerConfig,1,2,2,RandomPlayerConfig
126498393,Checkers,0,GAME_OVER,81,80,2,1654,2,RandomPlayerConfig,2,1,1,RandomPlayerConfig
821148904,Checkers,0,GAME_OVER,50,49,2,1655,2,RandomPlayerConfig,2,1,1,RandomPlayerConfig
-978647046,Checkers,0,GAME_OVER,50,49,2,1656,1,RandomPlayerConfig,1,2,2,RandomPlayerConfig
-1900455108,Checkers,0,GAME_OVER,47,46,2,1657,2,RandomPlayerConfig,2,1,1,RandomPlayerConfig
-951266478,Checkers,0,GAME_OVER,55,54,2,1658,2,RandomPlayerConfig,2,1,1,RandomPlayerConfig
816101514,Checkers,0,GAME_OVER,31,30,2,1659,2,RandomPlayerConfig,2,1,1,RandomPlayerConfig
740796428,Checkers,0,GAME_OVER,40,39,2,1660,1,RandomPlayerConfig,1,2,2,RandomPlayerConfig
-710775072,Checkers,0,GAME_OVER,57,56,2,1661,1,RandomPlayerConfig,1,2,2,RandomPlayerConfig
-116748348,Checkers,0,GAME_OVER,49,48,2,1662,2,RandomPlayerConfig,2,1,1,RandomPlayerConfig
1389455957,Checkers,0,GAME_OVER,38,37,2,1663,2,RandomPlayerConfig,2,1,1,RandomPlayerConfig
1198393833,Checkers,0,GAME_OVER,62,61,2,1664,1,RandomPlayerConfig,1,2,2,RandomPlayerConfig
-1357770497,Checkers,0,GAME_OVER,48,47,2,1665,2,RandomPlayerConfig,2,1,1,RandomPlayerConfig
834377395,Checkers,0,GAME_OVER,51,50,2,1666,2,RandomPlayerConfig,2,1,1,RandomPlayerConfig
-599044464,Checkers,0,GAME_OVER,50,49,2,1667,2,RandomPlayerConfig,2,1,1,RandomPlayerConfig
1976528221,Checkers,0,GAME_OVER,77,76,2,1668,1,RandomPlayerConfig,1,2,2,RandomPlayerConfig
-2009304931,Checkers,0,GAME_OVER,51,50,2,1669,1,RandomPlayerConfig,1,2,2,RandomPlayerConfig
124156425,Checkers,0,GAME_OVER,36,35,2,1670,1,RandomPlayerConfig,1,2,2,RandomPlayerConfig
-82355230,Checkers,0,GAME_OVER,49,48,2,1671,2,RandomPlayerConfig,2,1,1,RandomPlayerConfig
-123577869,Checkers,0,GAME_OVER,47,46,2,1672,1,RandomPlayerConfig,1,2,2,RandomPlayerConfig
278974453,Checkers,0,GAME_OVER,50,49,2,1673,1,RandomPlayerConfig,1,2,2,RandomPlayerConfig
-538849058,Checkers,0,GAME_OVER,40,39,2,1674,1,RandomPlayerConfig,1,2,2,RandomPlayerConfig
-1581416884,Checkers,0,GAME_OVER,53,52,2,1675,2,RandomPlayerConfig,2,1,1,RandomPlayerConfig
2069573855,Checkers,0,GAME_OVER,72,71,2,1676,1,RandomPlayerConfig,1,2,2,RandomPlayerConfig
146963080,Checkers,0,GAME_OVER,39,38,2,1677,2,RandomPlayerConfig,2,1,1,RandomPlayerConfig
1427830265,Checkers,0,GAME_OVER,53,52,2,1678,2,RandomPlayerConfig,2,1,1,RandomPlayerConfig
-498971304,Checkers,0,GAME_OVER,51,50,2,1679,1,RandomPlayerConfig,1,2,2,RandomPlayerConfig
964786462,Checkers,0,GAME_OVER,58,57,2,1680,1,RandomPlayerConfig,1,2,2,RandomPlayerConfig
926058616,Checkers,0,GAME_OVER,38,37,2,1681,1,RandomPlayerConfig,1,2,2,RandomPlayerConfig
959163030,Checkers,0,GAME_OVER,42,41,2,1682,2,RandomPlayerConfig,2,1,1,RandomPlayerConfig
541684114,Checkers,0,GAME_OVER,50,49,2,1683,1,RandomPlayerConfig,1,2,2,RandomPlayerConfig
1567312347,Checkers,0,GAME_OVER,81,80,2,1684,1,RandomPlayerConfig,1,2,2,RandomPlayerConfig
-333315307,Checkers,0,GAME_OVER,49,48,2,1685,1,RandomPlayerConfig,1,2,2,RandomPlayerConfig
-119496343,Checkers,0,GAME_OVER,46,45,2,1686,1,RandomPlayerConfig,1,2,2,RandomPlayerConfig
-2064356041,Checkers,0,GAME_OVER,46,45,2,1687,1,RandomPlayerConfig,1,2,2,RandomPlayerConfig
-1671792876,Checkers,0,GAME_OVER,56,55,2,1688,1,RandomPlayerConfig,1,2,2,RandomPlayerConfig
253312696,Checkers,0,GAME_OVER,39,38,2,1689,1,RandomPlayerConfig,1,2,2,RandomPlayerConfig
-722520606,Checkers,0,GAME_OVER,40,39,2,1690,2,RandomPlayerConfig,2,1,1,RandomPlayerConfig
-2011644884,Checkers,0,GAME_OVER,37,36,2,1691,1,RandomPlayerConfig,1,2,2,RandomPlayerConfig
1345152125,Checkers,0,GAME_OVER,49,48,2,1692,1,RandomPlayerConfig,1,2,2,RandomPlayerConfig
250248655,Checkers,0,GAME_OVER,38,37,2,1693,2,RandomPlayerConfig,2,1,1,RandomPlayerConfig
-1187458126,Checkers,0,GAME_OVER,54,53,2,1694,2,RandomPlayerConfig,2,1,1,RandomPlayerConfig
212041521,Checkers,0,GAME_OVER,56,55,2,1695,1,RandomPlayerConfig,1,2,2,RandomPlayerConfig
93299364,Checkers,0,GAME_OVER,69,68,2,1696,1,RandomPlayerConfig,1,2,2,RandomPlayerConfig
784544057,Checkers,0,GAME_OVER,45,44,2,1697,2,RandomPlayerConfig,2,1,1,RandomPlayerConfig
-1302408562,Checkers,0,GAME_OVER,72,71,2,1698,2,RandomPlayerConfig,2,1,1,RandomPlayerConfig
-659544490,Checkers,0,GAME_OVER,69,68,2,1699,1,RandomPlayerConfig,1,2,2,RandomPlayerConfig
-1246447019,Checkers,0,GAME_OVER,53,52,2,1700,2,RandomPlayerConfig,2,1,1,RandomPlayerConfig
631269844,Checkers,0,GAME_OVER,39,38,2,1701,1,RandomPlayerConfig,1,2,2,RandomPlayerConfig
2094123571,Checkers,0,GAME_OVER,52,51,2,1702,2,RandomPlayerConfig,2,1,1,RandomPlayerConfig
809160365,Checkers,0,GAME_OVER,40,39,2,1703,1,RandomPlayerConfig,1,2,2,RandomPlayerConfig
1583991359,Checkers,0,GAME_OVER,46,45,2,1704,1,RandomPlayerConfig,1,2,2,RandomPlayerConfig
1017139027,Checkers,0,GAME_OVER,44,43,2,1705,1,RandomPlayerConfig,1,2,2,RandomPlayerConfig
28549801,Checkers,0,GAME_OVER,51,50,2,1706,1,RandomPlayerConfig,1,2,2,RandomPlayerConfig
313411392,Checkers,0,GAME_OVER,48,47,2,1707,2,RandomPlayerConfig,2,1,1,RandomPlayerConfig
-118433065,Checkers,0,GAME_OVER,51,50,2,1708,1,RandomPlayerConfig,1,2,2,RandomPlayerConfig
-2047627180,Checkers,0,GAME_OVER,57,56,2,1709,2,RandomPlayerConfig,2,1,1,RandomPlayerConfig
-309074741,Checkers,0,GAME_OVER,42,41,2,1710,2,RandomPlayerConfig,2,1,1,RandomPlayerConfig
1259925829,Checkers,0,GAME_OVER,55,54,2,1711,1,RandomPlayerConfig,1,2,2,RandomPlayerConfig
-1444737925,Checkers,0,GAME_OVER,41,40,2,1712,1,RandomPlayerConfig,1,2,2,RandomPlayerConfig
919601073,Checkers,0,GAME_OVER,30,29,2,1713,1,RandomPlayerConfig,1,2,2,RandomPlayerConfig
-947777787,Checkers,0,GAME_OVER,64,63,2,1714,2,RandomPlayerConfig,2,1,1,RandomPlayerConfig
-674041968,Checkers,0,GAME_OVER,46,45,2,1715,2,RandomPlayerConfig,2,1,1,RandomPlayerConfig
-2004548645,Checkers,0,GAME_OVER,76,75,2,1716,1,RandomPlayerConfig,1,2,2,RandomPlayerConfig
66278165,Checkers,0,GAME_OVER,48,47,2,1717,1,RandomPlayerConfig,1,2,2,RandomPlayerConfig
-194383265,Checkers,0,GAME_OVER,51,50,2,1718,1,RandomPlayerConfig,1,2,2,RandomPlayerConfig
-1944889016,Checkers,0,GAME_OVER,42,41,2,1719,1,RandomPlayerConfig,1,2,2,RandomPlayerConfig
1288386708,Checkers,0,GAME_OVER,53,52,2,1720,2,RandomPlayerConfig,2,1,1,RandomPlayerConfig
-816761134,Checkers,0,GAME_OVER,34,33,2,1721,1,RandomPlayerConfig,1,2,2,RandomPlayerConfig
258628539,Checkers,0,GAME_OVER,41,40,2,1722,1,RandomPlayerConfig,1,2,2,RandomPlayerConfig
-1952881699,Checkers,0,GAME_OVER,59,58,2,1723,1,RandomPlayerConfig,1,2,2,RandomPlayerConfig
922880541,Checkers,0,GAME_OVER,52,51,2,1724,2,RandomPlayerConfig,2,1,1,RandomPlayerConfig
1201171186,Checkers,0,GAME_OVER,54,53,2,1725,1,RandomPlayerConfig,1,2,2,RandomPlayerConfig
-1542025894,Checkers,0,GAME_OVER,56,55,2,1726,2,RandomPlayerConfig,2,1,1,RandomPlayerConfig
-378947527,Checkers,0,GAME_OVER,53,52,2,1727,1,RandomPlayerConfig,1,2,2,RandomPlayerConfig
1692909286,Checkers,0,GAME_OVER,51,50,2,1728,1,RandomPlayerConfig,1,2,2,RandomPlayerConfig
-324084341,Checkers,0,GAME_OVER,41,40,2,1729,1,RandomPlayerConfig,1,2,2,RandomPlayerConfig
395791524,Checkers,0,GAME_OVER,44,43,2,1730,1,RandomPlayerConfig,1,2,2,RandomPlayerConfig
1173317429,Checkers,0,GAME_OVER,45,44,2,1731,2,RandomPlayerConfig,2,1,1,RandomPlayerConfig
-1270558274,Checkers,0,GAME_OVER,47,46,2,1732,2,RandomPlayerConfig,2,1,1,RandomPlayerConfig
1883403863,Checkers,0,GAME_OVER,60,59,2,1733,2,RandomPlayerConfig,2,1,1,RandomPlayerConfig
-509048792,Checkers,0,GAME_OVER,67,66,2,1734,2,RandomPlayerConfig,2,1,1,RandomPlayerConfig
2043883854,Checkers,0,GAME_OVER,44,43,2,1735,1,RandomPlayerConfig,1,2,2,RandomPlayerConfig
485568884,Checkers,0,GAME_OVER,48,47,2,1736,2,RandomPlayerConfig,2,1,1,RandomPlayerConfig
-1537046653,Checkers,0,GAME_OVER,45,44,2,1737,1,RandomPlayerConfig,1,2,2,RandomPlayerConfig
-625157664,Checkers,0,GAME_OVER,65,64,2,1738,2,RandomPlayerConfig,2,1,1,RandomPlayerConfig
-791472745,Checkers,0,GAME_OVER,49,48,2,1739,1,RandomPlayerConfig,1,2,2,RandomPlayerConfig
-906275135,Checkers,0,GAME_OVER,40,39,2,1740,2,RandomPlayerConfig,2,1,1,RandomPlayerConfig
889124807,Checkers,0,GAME_OVER,53,52,2,1741,1,RandomPlayerConfig,1,2,2,RandomPlayerConfig
-1721734726,Checkers,0,GAME_OVER,40,39,2,1742,1,RandomPlayerConfig,1,2,2,RandomPlayerConfig
-300983311,Checkers,0,GAME_OVER,46,45,2,1743,1,RandomPlayerConfig,1,2,2,RandomPlayerConfig
93344869,Checkers,0,GAME_OVER,41,40,2,1744,1,RandomPlayerConfig,1,2,2,RandomPlayerConfig
-1318618698,Checkers,0,GAME_OVER,85,84,2,1745,2,RandomPlayerConfig,2,1,1,RandomPlayerConfig
-1568082861,Checkers,0,GAME_OVER,59,58,2,1746,1,RandomPlayerConfig,1,2,2,RandomPlayerConfig
2028047994,Checkers,0,GAME_OVER,47,46,2,1747,1,RandomPlayerConfig,1,2,2,RandomPlayerConfig
-2087565937,Checkers,0,GAME_OVER,38,37,2,1748,1,RandomPlayerConfig,1,2,2,RandomPlayerConfig
-239705001,Checkers,0,GAME_OVER,74,73,2,1749,1,RandomPlayerConfig,1,2,2,RandomPlayerConfig
-1759970811,Checkers,0,GAME_OVER,33,32,2,1750,1,RandomPlayerConfig,1,2,2,RandomPlayerConfig
698684995,Checkers,0,GAME_OVER,78,77,2,1751,2,RandomPlayerConfig,2,1,1,RandomPlayerConfig
-1648574847,Checkers,0,GAME_OVER,46,45,2,1752,2,RandomPlayerConfig,2,1,1,RandomPlayerConfig
2125988083,Checkers,0,GAME_OVER,51,50,2,1753,1,RandomPlayerConfig,1,2,2,RandomPlayerConfig
-659006941,Checkers,0,GAME_OVER,51,50,2,1754,2,RandomPlayerConfig,2,1,1,RandomPlayerConfig
-1340051643,Checkers,0,GAME_OVER,49,48,2,1755,1,RandomPlayerConfig,1,2,2,RandomPlayerConfig
1879909235,Checkers,0,GAME_OVER,54,53,2,1756,1,RandomPlayerConfig,1,2,2,RandomPlayerConfig
983065136,Checkers,0,GAME_OVER,36,35,2,1757,1,RandomPlayerConfig,1,2,2,RandomPlayerConfig
696573570,Checkers,0,GAME_OVER,45,44,2,1758,2,RandomPlayerConfig,2,1,1,RandomPlayerConfig
1689855892,Checkers,0,GAME_OVER,53,52,2,1759,1,RandomPlayerConfig,1,2,2,RandomPlayerConfig
1595869624,Checkers,0,GAME_OVER,41,40,2,1760,1,RandomPlayerConfig,1,2,2,RandomPlayerConfig
1521424478,Checkers,0,GAME_OVER,49,48,2,1761,2,RandomPlayerConfig,2,1,1,RandomPlayerConfig
557939516,Checkers,0,GAME_OVER,35,34,2,1762,1,RandomPlayerConfig,1,2,2,RandomPlayerConfig
1636572628,Checkers,0,GAME_OVER,58,57,2,1763,2,RandomPlayerConfig,2,1,1,RandomPlayerConfig
-1165293793,Checkers,0,GAME_OVER,44,43,2,1764,2,RandomPlayerConfig,2,1,1,RandomPlayerConfig
-1604233456,Checkers,0,GAME_OVER,39,38,2,1765,1,RandomPlayerConfig,1,2,2,RandomPlayerConfig
-1881979216,Checkers,0,GAME_OVER,44,43,2,1766,2,RandomPlayerConfig,2,1,1,RandomPlayerConfig
-735661332,Checkers,0,GAME_OVER,62,61,2,1767,2,RandomPlayerConfig,2,1,1,RandomPlayerConfig
-715615333,Checkers,0,GAME_OVER,69,68,2,1768,1,RandomPlayerConfig,1,2,2,RandomPlayerConfig
1300783086,Checkers,0,GAME_OVER,48,47,2,1769,2,RandomPlayerConfig,2,1,1,RandomPlayerConfig
-465080884,Checkers,0,GAME_OVER,49,48,2,1770,1,RandomPlayerConfig,1,2,2,RandomPlayerConfig
1530192634,Checkers,0,GAME_OVER,35,34,2,1771,1,RandomPlayerConfig,1,2,2,RandomPlayerConfig
-327556826,Checkers,0,GAME_OVER,66,65,2,1772,2,RandomPlayerConfig,2,1,1,RandomPlayerConfig
1230194378,Checkers,0,GAME_OVER,49,48,2,1773,2,RandomPlayerConfig,2,1,1,RandomPlayerConfig
-779245426,Checkers,0,GAME_OVER,51,50,2,1774,1,RandomPlayerConfig,1,2,2,RandomPlayerConfig
-1874626170,Checkers,0,GAME_OVER,49,48,2,1775,2,RandomPlayerConfig,2,1,1,RandomPlayerConfig
-2125279775,Checkers,0,GAME_OVER,47,46,2,1776,1,RandomPlayerConfig,1,2,2,RandomPlayerConfig
1517839088,Checkers,0,GAME_OVER,45,44,2,1777,1,RandomPlayerConfig,1,2,2,RandomPlayerConfig
-758713657,Checkers,0,GAME_OVER,61,60,2,1778,1,RandomPlayerConfig,1,2,2,RandomPlayerConfig
1676989689,Checkers,0,GAME_OVER,53,52,2,1779,2,RandomPlayerConfig,2,1,1,RandomPlayerConfig
-893758337,Checkers,0,GAME_OVER,50,49,2,1780,2,RandomPlayerConfig,2,1,1,RandomPlayerConfig
-470023743,Checkers,0,GAME_OVER,53,52,2,1781,2,RandomPlayerConfig,2,1,1,RandomPlayerConfig
146836769,Checkers,0,GAME_OVER,47,46,2,1782,1,RandomPlayerConfig,1,2,2,RandomPlayerConfig
1442442575,Checkers,0,GAME_OVER,48,47,2,1783,1,RandomPlayerConfig,1,2,2,RandomPlayerConfig
-1946673436,Checkers,0,GAME_OVER,42,41,2,1784,2,RandomPlayerConfig,2,1,1,RandomPlayerConfig
-1474875774,Checkers,0,GAME_OVER,68,67,2,1785,2,RandomPlayerConfig,2,1,1,RandomPlayerConfig
-1657828764,Checkers,0,GAME_OVER,96,95,2,1786,2,RandomPlayerConfig,2,1,1,RandomPlayerConfig
1762169355,Checkers,0,GAME_OVER,57,56,2,1787,2,RandomPlayerConfig,2,1,1,RandomPlayerConfig
-449437944,Checkers,0,GAME_OVER,54,53,2,1788,1,RandomPlayerConfig,1,2,2,RandomPlayerConfig
1109566321,Checkers,0,GAME_OVER,62,61,2,1789,2,RandomPlayerConfig,2,1,1,RandomPlayerConfig
1455516916,Checkers,0,GAME_OVER,53,52,2,1790,2,RandomPlayerConfig,2,1,1,RandomPlayerConfig
-920448149,Checkers,0,GAME_OVER,49,48,2,1791,2,RandomPlayerConfig,2,1,1,RandomPlayerConfig
-1778888159,Checkers,0,GAME_OVER,61,60,2,1792,1,RandomPlayerConfig,1,2,2,RandomPlayerConfig
706164761,Checkers,0,GAME_OVER,45,44,2,1793,2,RandomPlayerConfig,2,1,1,RandomPlayerConfig
123377821,Checkers,0,GAME_OVER,46,45,2,1794,1,RandomPlayerConfig,1,2,2,RandomPlayerConfig
-1357591843,Checkers,0,GAME_OVER,44,43,2,1795,2,RandomPlayerConfig,2,1,1,RandomPlayerConfig
514527745,Checkers,0,GAME_OVER,67,66,2,1796,1,RandomPlayerConfig,1,2,2,RandomPlayerConfig
-1686740761,Checkers,0,GAME_OVER,63,62,2,1797,2,RandomPlayerConfig,2,1,1,RandomPlayerConfig
-1272734573,Checkers,0,GAME_OVER,40,39,2,1798,1,RandomPlayerConfig,1,2,2,RandomPlayerConfig
306853553,Checkers,0,GAME_OVER,70,69,2,1799,2,RandomPlayerConfig,2,1,1,RandomPlayerConfig
1148885180,Checkers,0,GAME_OVER,54,53,2,1800,2,RandomPlayerConfig,2,1,1,RandomPlayerConfig
-343763972,Checkers,0,GAME_OVER,54,53,2,1801,2,RandomPlayerConfig,2,1,1,RandomPlayerConfig
