GameSeed,GameName,Round,Event,Tick,Turn,PlayerCount,GameID,PlayerType-1,PlayerType-0
138073226,Checkers,0,GAME_OVER,54,53,2,2,MCTS_CheckersHeuristic,MCTS_CheckersHeuristic
8514478,Checkers,0,GAME_OVER,89,88,2,3,MCTS_CheckersHeuristic,MCTS_CheckersHeuristic
1044764830,Checkers,0,GAME_OVER,94,93,2,4,MCTS_CheckersHeuristic,MCTS_CheckersHeuristic
-868444039,Checkers,0,GAME_OVER,45,44,2,5,MCTS_CheckersHeuristic,MCTS_CheckersHeuristic
735112182,Checkers,0,GAME_OVER,129,128,2,6,MCTS_CheckersHeuristic,MCTS_CheckersHeuristic
-777777875,Checkers,0,GAME_OVER,72,71,2,7,MCTS_CheckersHeuristic,MCTS_CheckersHeuristic
-1481866760,Checkers,0,GAME_OVER,65,64,2,8,MCTS_CheckersHeuristic,MCTS_CheckersHeuristic
-1432780273,Checkers,0,GAME_OVER,103,102,2,9,MCTS_CheckersHeuristic,MCTS_CheckersHeuristic
1171969131,Checkers,0,GAME_OVER,64,63,2,10,MCTS_CheckersHeuristic,MCTS_CheckersHeuristic
481679851,Checkers,0,GAME_OVER,63,62,2,11,MCTS_CheckersHeuristic,MCTS_CheckersHeuristic
1330238631,Checkers,0,GAME_OVER,121,120,2,12,MCTS_CheckersHeuristic,MCTS_CheckersHeuristic
-1460416442,Checkers,0,GAME_OVER,116,115,2,13,MCTS_CheckersHeuristic,MCTS_CheckersHeuristic
639557516,Checkers,0,GAME_OVER,64,63,2,14,MCTS_CheckersHeuristic,MCTS_CheckersHeuristic
699837726,Checkers,0,GAME_OVER,99,98,2,15,MCTS_CheckersHeuristic,MCTS_CheckersHeuristic
1120350182,Checkers,0,GAME_OVER,124,123,2,16,MCTS_CheckersHeuristic,MCTS_CheckersHeuristic
-841247542,Checkers,0,GAME_OVER,85,84,2,17,MCTS_CheckersHeuristic,MCTS_CheckersHeuristic
1737152305,Checkers,0,GAME_OVER,67,66,2,18,MCTS_CheckersHeuristic,MCTS_CheckersHeuristic
-1776418371,Checkers,0,GAME_OVER,48,47,2,19,MCTS_CheckersHeuristic,MCTS_CheckersHeuristic
1044925146,Checkers,0,GAME_OVER,43,42,2,20,MCTS_CheckersHeuristic,MCTS_CheckersHeuristic
1075535673,Checkers,0,GAME_OVER,94,93,2,21,MCTS_CheckersHeuristic,MCTS_CheckersHeuristic
2063721577,Checkers,0,GAME_OVER,74,73,2,22,MCTS_CheckersHeuristic,MCTS_CheckersHeuristic
1539598131,Checkers,0,GAME_OVER,60,59,2,23,MCTS_CheckersHeuristic,MCTS_CheckersHeuristic
-1754981058,Checkers,0,GAME_OVER,49,48,2,24,MCTS_CheckersHeuristic,MCTS_CheckersHeuristic
-1991007498,Checkers,0,GAME_OVER,96,95,2,25,MCTS_CheckersHeuristic,MCTS_CheckersHeuristic
1483956930,Checkers,0,GAME_OVER,154,153,2,26,MCTS_CheckersHeuristic,MCTS_CheckersHeuristic
1947897166,Checkers,0,GAME_OVER,45,44,2,27,MCTS_CheckersHeuristic,MCTS_CheckersHeuristic
-850973119,Checkers,0,GAME_OVER,49,48,2,28,MCTS_CheckersHeuristic,MCTS_CheckersHeuristic
-1182390724,Checkers,0,GAME_OVER,67,66,2,29,MCTS_CheckersHeuristic,MCTS_CheckersHeuristic
-1519049785,Checkers,0,GAME_OVER,64,63,2,30,MCTS_CheckersHeuristic,MCTS_CheckersHeuristic
-1775199363,Checkers,0,GAME_OVER,52,51,2,31,MCTS_CheckersHeuristic,MCTS_CheckersHeuristic
-2045612626,Checkers,0,GAME_OVER,52,51,2,32,MCTS_CheckersHeuristic,MCTS_CheckersHeuristic
-452931979,Checkers,0,GAME_OVER,70,69,2,33,MCTS_CheckersHeuristic,MCTS_CheckersHeuristic
2067785417,Checkers,0,GAME_OVER,69,68,2,34,MCTS_CheckersHeuristic,MCTS_CheckersHeuristic
-1216395462,Checkers,0,GAME_OVER,117,116,2,35,MCTS_CheckersHeuristic,MCTS_CheckersHeuristic
1503656781,Checkers,0,GAME_OVER,82,81,2,36,MCTS_CheckersHeuristic,MCTS_CheckersHeuristic
-851943988,Checkers,0,GAME_OVER,57,56,2,37,MCTS_CheckersHeuristic,MCTS_CheckersHeuristic
-292222750,Checkers,0,GAME_OVER,98,97,2,38,MCTS_CheckersHeuristic,MCTS_CheckersHeuristic
8871365,Checkers,0,GAME_OVER,68,67,2,39,MCTS_CheckersHeuristic,MCTS_CheckersHeuristic
1494450313,Checkers,0,GAME_OVER,57,56,2,40,MCTS_CheckersHeuristic,MCTS_CheckersHeuristic
-1525090815,Checkers,0,GAME_OVER,51,50,2,41,MCTS_CheckersHeuristic,MCTS_CheckersHeuristic
1862316342,Checkers,0,GAME_OVER,59,58,2,42,MCTS_CheckersHeuristic,MCTS_CheckersHeuristic
-1770801902,Checkers,0,GAME_OVER,103,102,2,43,MCTS_CheckersHeuristic,MCTS_CheckersHeuristic
540672082,Checkers,0,GAME_OVER,52,51,2,44,MCTS_CheckersHeuristic,MCTS_CheckersHeuristic
56325243,Checkers,0,GAME_OVER,64,63,2,45,MCTS_CheckersHeuristic,MCTS_CheckersHeuristic
-530842244,Checkers,0,GAME_OVER,96,95,2,46,MCTS_CheckersHeuristic,MCTS_CheckersHeuristic
-315312125,Checkers,0,GAME_OVER,94,93,2,47,MCTS_CheckersHeuristic,MCTS_CheckersHeuristic
-483704508,Checkers,0,GAME_OVER,78,77,2,48,MCTS_CheckersHeuristic,MCTS_CheckersHeuristic
-959710301,Checkers,0,GAME_OVER,86,85,2,49,MCTS_CheckersHeuristic,MCTS_CheckersHeuristic
-1650003268,Checkers,0,GAME_OVER,53,52,2,50,MCTS_CheckersHeuristic,MCTS_CheckersHeuristic
-1186201127,Checkers,0,GAME_OVER,97,96,2,51,MCTS_CheckersHeuristic,MCTS_CheckersHeuristic
915748360,Checkers,0,GAME_OVER,134,133,2,52,MCTS_CheckersHeuristic,MCTS_CheckersHeuristic
308231535,Checkers,0,GAME_OVER,117,116,2,53,MCTS_CheckersHeuristic,MCTS_CheckersHeuristic
126498393,Checkers,0,GAME_OVER,97,96,2,54,MCTS_CheckersHeuristic,MCTS_CheckersHeuristic
821148904,Checkers,0,GAME_OVER,56,55,2,55,MCTS_CheckersHeuristic,MCTS_CheckersHeuristic
-978647046,Checkers,0,GAME_OVER,49,48,2,56,MCTS_CheckersHeuristic,MCTS_CheckersHeuristic
-1900455108,Checkers,0,GAME_OVER,82,81,2,57,MCTS_CheckersHeuristic,MCTS_CheckersHeuristic
-951266478,Checkers,0,GAME_OVER,51,50,2,58,MCTS_CheckersHeuristic,MCTS_CheckersHeuristic
816101514,Checkers,0,GAME_OVER,48,47,2,59,MCTS_CheckersHeuristic,MCTS_CheckersHeuristic
740796428,Checkers,0,GAME_OVER,100,99,2,60,MCTS_CheckersHeuristic,MCTS_CheckersHeuristic
-710775072,Checkers,0,GAME_OVER,54,53,2,61,MCTS_CheckersHeuristic,MCTS_CheckersHeuristic
-116748348,Checkers,0,GAME_OVER,51,50,2,62,MCTS_CheckersHeuristic,MCTS_CheckersHeuristic
1389455957,Checkers,0,GAME_OVER,90,89,2,63,MCTS_CheckersHeuristic,MCTS_CheckersHeuristic
1198393833,Checkers,0,GAME_OVER,58,57,2,64,MCTS_CheckersHeuristic,MCTS_CheckersHeuristic
-1357770497,Checkers,0,GAME_OVER,134,133,2,65,MCTS_CheckersHeuristic,MCTS_CheckersHeuristic
834377395,Checkers,0,GAME_OVER,85,84,2,66,MCTS_CheckersHeuristic,MCTS_CheckersHeuristic
-599044464,Checkers,0,GAME_OVER,53,52,2,67,MCTS_CheckersHeuristic,MCTS_CheckersHeuristic
1976528221,Checkers,0,GAME_OVER,118,117,2,68,MCTS_CheckersHeuristic,MCTS_CheckersHeuristic
-2009304931,Checkers,0,GAME_OVER,52,51,2,69,MCTS_CheckersHeuristic,MCTS_CheckersHeuristic
124156425,Checkers,0,GAME_OVER,45,44,2,70,MCTS_CheckersHeuristic,MCTS_CheckersHeuristic
-82355230,Checkers,0,GAME_OVER,45,44,2,71,MCTS_CheckersHeuristic,MCTS_CheckersHeuristic
-123577869,Checkers,0,GAME_OVER,82,81,2,72,MCTS_CheckersHeuristic,MCTS_CheckersHeuristic
278974453,Checkers,0,GAME_OVER,48,47,2,73,MCTS_CheckersHeuristic,MCTS_CheckersHeuristic
-538849058,Checkers,0,GAME_OVER,193,192,2,74,MCTS_CheckersHeuristic,MCTS_CheckersHeuristic
-1581416884,Checkers,0,GAME_OVER,62,61,2,75,MCTS_CheckersHeuristic,MCTS_CheckersHeuristic
2069573855,Checkers,0,GAME_OVER,46,45,2,76,MCTS_CheckersHeuristic,MCTS_CheckersHeuristic
146963080,Checkers,0,GAME_OVER,51,50,2,77,MCTS_CheckersHeuristic,MCTS_CheckersHeuristic
1427830265,Checkers,0,GAME_OVER,59,58,2,78,MCTS_CheckersHeuristic,MCTS_CheckersHeuristic
-498971304,Checkers,0,GAME_OVER,45,44,2,79,MCTS_CheckersHeuristic,MCTS_CheckersHeuristic
964786462,Checkers,0,GAME_OVER,99,98,2,80,MCTS_CheckersHeuristic,MCTS_CheckersHeuristic
926058616,Checkers,0,GAME_OVER,57,56,2,81,MCTS_CheckersHeuristic,MCTS_CheckersHeuristic
959163030,Checkers,0,GAME_OVER,42,41,2,82,MCTS_CheckersHeuristic,MCTS_CheckersHeuristic
541684114,Checkers,0,GAME_OVER,151,150,2,83,MCTS_CheckersHeuristic,MCTS_CheckersHeuristic
1567312347,Checkers,0,GAME_OVER,101,100,2,84,MCTS_CheckersHeuristic,MCTS_CheckersHeuristic
-333315307,Checkers,0,GAME_OVER,51,50,2,85,MCTS_CheckersHeuristic,MCTS_CheckersHeuristic
-119496343,Checkers,0,GAME_OVER,46,45,2,86,MCTS_CheckersHeuristic,MCTS_CheckersHeuristic
-2064356041,Checkers,0,GAME_OVER,69,68,2,87,MCTS_CheckersHeuristic,MCTS_CheckersHeuristic
-1671792876,Checkers,0,GAME_OVER,100,99,2,88,MCTS_CheckersHeuristic,MCTS_CheckersHeuristic
253312696,Checkers,0,GAME_OVER,70,69,2,89,MCTS_CheckersHeuristic,MCTS_CheckersHeuristic
-722520606,Checkers,0,GAME_OVER,117,116,2,90,MCTS_CheckersHeuristic,MCTS_CheckersHeuristic
-2011644884,Checkers,0,GAME_OVER,148,147,2,91,MCTS_CheckersHeuristic,MCTS_CheckersHeuristic
1345152125,Checkers,0,GAME_OVER,41,40,2,92,MCTS_CheckersHeuristic,MCTS_CheckersHeuristic
250248655,Checkers,0,GAME_OVER,55,54,2,93,MCTS_CheckersHeuristic,MCTS_CheckersHeuristic
-1187458126,Checkers,0,GAME_OVER,55,54,2,94,MCTS_CheckersHeuristic,MCTS_CheckersHeuristic
212041521,Checkers,0,GAME_OVER,66,65,2,95,MCTS_CheckersHeuristic,MCTS_CheckersHeuristic
93299364,Checkers,0,GAME_OVER,59,58,2,96,MCTS_CheckersHeuristic,MCTS_CheckersHeuristic
784544057,Checkers,0,GAME_OVER,57,56,2,97,MCTS_CheckersHeuristic,MCTS_CheckersHeuristic
-1302408562,Checkers,0,GAME_OVER,65,64,2,98,MCTS_CheckersHeuristic,MCTS_CheckersHeuristic
-659544490,Checkers,0,GAME_OVER,73,72,2,99,MCTS_CheckersHeuristic,MCTS_CheckersHeuristic
-1246447019,Checkers,0,GAME_OVER,48,47,2,100,MCTS_CheckersHeuristic,MCTS_CheckersHeuristic
631269844,Checkers,0,GAME_OVER,77,76,2,101,MCTS_CheckersHeuristic,MCTS_CheckersHeuristic
2094123571,Checkers,0,GAME_OVER,57,56,2,102,MCTS_CheckersHeuristic,MCTS_CheckersHeuristic
809160365,Checkers,0,GAME_OVER,124,123,2,103,MCTS_CheckersHeuristic,MCTS_CheckersHeuristic
1583991359,Checkers,0,GAME_OVER,59,58,2,104,MCTS_CheckersHeuristic,MCTS_CheckersHeuristic
1017139027,Checkers,0,GAME_OVER,56,55,2,105,MCTS_CheckersHeuristic,MCTS_CheckersHeuristic
28549801,Checkers,0,GAME_OVER,70,69,2,106,MCTS_CheckersHeuristic,MCTS_CheckersHeuristic
313411392,Checkers,0,GAME_OVER,138,137,2,107,MCTS_CheckersHeuristic,MCTS_CheckersHeuristic
-118433065,Checkers,0,GAME_OVER,54,53,2,108,MCTS_CheckersHeuristic,MCTS_CheckersHeuristic
-2047627180,Checkers,0,GAME_OVER,60,59,2,109,MCTS_CheckersHeuristic,MCTS_CheckersHeuristic
-309074741,Checkers,0,GAME_OVER,71,70,2,110,MCTS_CheckersHeuristic,MCTS_CheckersHeuristic
1259925829,Checkers,0,GAME_OVER,162,161,2,111,MCTS_CheckersHeuristic,MCTS_CheckersHeuristic
-1444737925,Checkers,0,GAME_OVER,63,62,2,112,MCTS_CheckersHeuristic,MCTS_CheckersHeuristic
919601073,Checkers,0,GAME_OVER,59,58,2,113,MCTS_CheckersHeuristic,MCTS_CheckersHeuristic
-947777787,Checkers,0,GAME_OVER,69,68,2,114,MCTS_CheckersHeuristic,MCTS_CheckersHeuristic
-674041968,Checkers,0,GAME_OVER,103,102,2,115,MCTS_CheckersHeuristic,MCTS_CheckersHeuristic
-2004548645,Checkers,0,GAME_OVER,44,43,2,116,MCTS_CheckersHeuristic,MCTS_CheckersHeuristic
66278165,Checkers,0,GAME_OVER,80,79,2,117,MCTS_CheckersHeuristic,MCTS_CheckersHeuristic
-194383265,Checkers,0,GAME_OVER,98,97,2,118,MCTS_CheckersHeuristic,MCTS_CheckersHeuristic
-1944889016,Checkers,0,GAME_OVER,51,50,2,119,MCTS_CheckersHeuristic,MCTS_CheckersHeuristic
1288386708,Checkers,0,GAME_OVER,69,68,2,120,MCTS_CheckersHeuristic,MCTS_CheckersHeuristic
-816761134,Checkers,0,GAME_OVER,79,78,2,121,MCTS_CheckersHeuristic,MCTS_CheckersHeuristic
258628539,Checkers,0,GAME_OVER,118,117,2,122,MCTS_CheckersHeuristic,MCTS_CheckersHeuristic
-1952881699,Checkers,0,GAME_OVER,108,107,2,123,MCTS_CheckersHeuristic,MCTS_CheckersHeuristic
922880541,Checkers,0,GAME_OVER,76,75,2,124,MCTS_CheckersHeuristic,MCTS_CheckersHeuristic
1201171186,Checkers,0,GAME_OVER,51,50,2,125,MCTS_CheckersHeuristic,MCTS_CheckersHeuristic
-1542025894,Checkers,0,GAME_OVER,117,116,2,126,MCTS_CheckersHeuristic,MCTS_CheckersHeuristic
-378947527,Checkers,0,GAME_OVER,78,77,2,127,MCTS_CheckersHeuristic,MCTS_CheckersHeuristic
1692909286,Checkers,0,GAME_OVER,73,72,2,128,MCTS_CheckersHeuristic,MCTS_CheckersHeuristic
-324084341,Checkers,0,GAME_OVER,49,48,2,129,MCTS_CheckersHeuristic,MCTS_CheckersHeuristic
395791524,Checkers,0,GAME_OVER,46,45,2,130,MCTS_CheckersHeuristic,MCTS_CheckersHeuristic
1173317429,Checkers,0,GAME_OVER,85,84,2,131,MCTS_CheckersHeuristic,MCTS_CheckersHeuristic
-1270558274,Checkers,0,GAME_OVER,64,63,2,132,MCTS_CheckersHeuristic,MCTS_CheckersHeuristic
1883403863,Checkers,0,GAME_OVER,51,50,2,133,MCTS_CheckersHeuristic,MCTS_CheckersHeuristic
-509048792,Checkers,0,GAME_OVER,106,105,2,134,MCTS_CheckersHeuristic,MCTS_CheckersHeuristic
2043883854,Checkers,0,GAME_OVER,53,52,2,135,MCTS_CheckersHeuristic,MCTS_CheckersHeuristic
485568884,Checkers,0,GAME_OVER,123,122,2,136,MCTS_CheckersHeuristic,MCTS_CheckersHeuristic
-1537046653,Checkers,0,GAME_OVER,45,44,2,137,MCTS_CheckersHeuristic,MCTS_CheckersHeuristic
-625157664,Checkers,0,GAME_OVER,88,87,2,138,MCTS_CheckersHeuristic,MCTS_CheckersHeuristic
-791472745,Checkers,0,GAME_OVER,65,64,2,139,MCTS_CheckersHeuristic,MCTS_CheckersHeuristic
-906275135,Checkers,0,GAME_OVER,79,78,2,140,MCTS_CheckersHeuristic,MCTS_CheckersHeuristic
889124807,Checkers,0,GAME_OVER,45,44,2,141,MCTS_CheckersHeuristic,MCTS_CheckersHeuristic
-1721734726,Checkers,0,GAME_OVER,151,150,2,142,MCTS_CheckersHeuristic,MCTS_CheckersHeuristic
-300983311,Checkers,0,GAME_OVER,144,143,2,143,MCTS_CheckersHeuristic,MCTS_CheckersHeuristic
93344869,Checkers,0,GAME_OVER,53,52,2,144,MCTS_CheckersHeuristic,MCTS_CheckersHeuristic
-1318618698,Checkers,0,GAME_OVER,59,58,2,145,MCTS_CheckersHeuristic,MCTS_CheckersHeuristic
-1568082861,Checkers,0,GAME_OVER,116,115,2,146,MCTS_CheckersHeuristic,MCTS_CheckersHeuristic
2028047994,Checkers,0,GAME_OVER,58,57,2,147,MCTS_CheckersHeuristic,MCTS_CheckersHeuristic
-2087565937,Checkers,0,GAME_OVER,56,55,2,148,MCTS_CheckersHeuristic,MCTS_CheckersHeuristic
-239705001,Checkers,0,GAME_OVER,112,111,2,149,MCTS_CheckersHeuristic,MCTS_CheckersHeuristic
-1759970811,Checkers,0,GAME_OVER,68,67,2,150,MCTS_CheckersHeuristic,MCTS_CheckersHeuristic
698684995,Checkers,0,GAME_OVER,139,138,2,151,MCTS_CheckersHeuristic,MCTS_CheckersHeuristic
-1648574847,Checkers,0,GAME_OVER,51,50,2,152,MCTS_CheckersHeuristic,MCTS_CheckersHeuristic
2125988083,Checkers,0,GAME_OVER,50,49,2,153,MCTS_CheckersHeuristic,MCTS_CheckersHeuristic
-659006941,Checkers,0,GAME_OVER,96,95,2,154,MCTS_CheckersHeuristic,MCTS_CheckersHeuristic
-1340051643,Checkers,0,GAME_OVER,93,92,2,155,MCTS_CheckersHeuristic,MCTS_CheckersHeuristic
1879909235,Checkers,0,GAME_OVER,102,101,2,156,MCTS_CheckersHeuristic,MCTS_CheckersHeuristic
983065136,Checkers,0,GAME_OVER,48,47,2,157,MCTS_CheckersHeuristic,MCTS_CheckersHeuristic
696573570,Checkers,0,GAME_OVER,51,50,2,158,MCTS_CheckersHeuristic,MCTS_CheckersHeuristic
1689855892,Checkers,0,GAME_OVER,79,78,2,159,MCTS_CheckersHeuristic,MCTS_CheckersHeuristic
1595869624,Checkers,0,GAME_OVER,44,43,2,160,MCTS_CheckersHeuristic,MCTS_CheckersHeuristic
1521424478,Checkers,0,GAME_OVER,60,59,2,161,MCTS_CheckersHeuristic,MCTS_CheckersHeuristic
557939516,Checkers,0,GAME_OVER,62,61,2,162,MCTS_CheckersHeuristic,MCTS_CheckersHeuristic
1636572628,Checkers,0,GAME_OVER,69,68,2,163,MCTS_CheckersHeuristic,MCTS_CheckersHeuristic
-1165293793,Checkers,0,GAME_OVER,42,41,2,164,MCTS_CheckersHeuristic,MCTS_CheckersHeuristic
-1604233456,Checkers,0,GAME_OVER,123,122,2,165,MCTS_CheckersHeuristic,MCTS_CheckersHeuristic
-1881979216,Checkers,0,GAME_OVER,59,58,2,166,MCTS_CheckersHeuristic,MCTS_CheckersHeuristic
-735661332,Checkers,0,GAME_OVER,64,63,2,167,MCTS_CheckersHeuristic,MCTS_CheckersHeuristic
-715615333,Checkers,0,GAME_OVER,101,100,2,168,MCTS_CheckersHeuristic,MCTS_CheckersHeuristic
1300783086,Checkers,0,GAME_OVER,52,51,2,169,MCTS_CheckersHeuristic,MCTS_CheckersHeuristic
-465080884,Checkers,0,GAME_OVER,100,99,2,170,MCTS_CheckersHeuristic,MCTS_CheckersHeuristic
1530192634,Checkers,0,GAME_OVER,49,48,2,171,MCTS_CheckersHeuristic,MCTS_CheckersHeuristic
-327556826,Checkers,0,GAME_OVER,79,78,2,172,MCTS_CheckersHeuristic,MCTS_CheckersHeuristic
1230194378,Checkers,0,GAME_OVER,60,59,2,173,MCTS_CheckersHeuristic,MCTS_CheckersHeuristic
-779245426,Checkers,0,GAME_OVER,55,54,2,174,MCTS_CheckersHeuristic,MCTS_CheckersHeuristic
-1874626170,Checkers,0,GAME_OVER,102,101,2,175,MCTS_CheckersHeuristic,MCTS_CheckersHeuristic
-2125279775,Checkers,0,GAME_OVER,104,103,2,176,MCTS_CheckersHeuristic,MCTS_CheckersHeuristic
1517839088,Checkers,0,GAME_OVER,131,130,2,177,MCTS_CheckersHeuristic,MCTS_CheckersHeuristic
-758713657,Checkers,0,GAME_OVER,58,57,2,178,MCTS_CheckersHeuristic,MCTS_CheckersHeuristic
1676989689,Checkers,0,GAME_OVER,56,55,2,179,MCTS_CheckersHeuristic,MCTS_CheckersHeuristic
-893758337,Checkers,0,GAME_OVER,130,129,2,180,MCTS_CheckersHeuristic,MCTS_CheckersHeuristic
-470023743,Checkers,0,GAME_OVER,53,52,2,181,MCTS_CheckersHeuristic,MCTS_CheckersHeuristic
146836769,Checkers,0,GAME_OVER,103,102,2,182,MCTS_CheckersHeuristic,MCTS_CheckersHeuristic
1442442575,Checkers,0,GAME_OVER,51,50,2,183,MCTS_CheckersHeuristic,MCTS_CheckersHeuristic
-1946673436,Checkers,0,GAME_OVER,62,61,2,184,MCTS_CheckersHeuristic,MCTS_CheckersHeuristic
-1474875774,Checkers,0,GAME_OVER,91,90,2,185,MCTS_CheckersHeuristic,MCTS_CheckersHeuristic
-1657828764,Checkers,0,GAME_OVER,57,56,2,186,MCTS_CheckersHeuristic,MCTS_CheckersHeuristic
1762169355,Checkers,0,GAME_OVER,68,67,2,187,MCTS_CheckersHeuristic,MCTS_CheckersHeuristic
-449437944,Checkers,0,GAME_OVER,54,53,2,188,MCTS_CheckersHeuristic,MCTS_CheckersHeuristic
1109566321,Checkers,0,GAME_OVER,103,102,2,189,MCTS_CheckersHeuristic,MCTS_CheckersHeuristic
1455516916,Checkers,0,GAME_OVER,68,67,2,190,MCTS_CheckersHeuristic,MCTS_CheckersHeuristic
-920448149,Checkers,0,GAME_OVER,68,67,2,191,MCTS_CheckersHeuristic,MCTS_CheckersHeuristic
-1778888159,Checkers,0,GAME_OVER,96,95,2,192,MCTS_CheckersHeuristic,MCTS_CheckersHeuristic
706164761,Checkers,0,GAME_OVER,53,52,2,193,MCTS_CheckersHeuristic,MCTS_CheckersHeuristic
123377821,Checkers,0,GAME_OVER,52,51,2,194,MCTS_CheckersHeuristic,MCTS_CheckersHeuristic
-1357591843,Checkers,0,GAME_OVER,65,64,2,195,MCTS_CheckersHeuristic,MCTS_CheckersHeuristic
514527745,Checkers,0,GAME_OVER,53,52,2,196,MCTS_CheckersHeuristic,MCTS_CheckersHeuristic
-1686740761,Checkers,0,GAME_OVER,51,50,2,197,MCTS_CheckersHeuristic,MCTS_CheckersHeuristic
-1272734573,Checkers,0,GAME_OVER,133,132,2,198,MCTS_CheckersHeuristic,MCTS_CheckersHeuristic
306853553,Checkers,0,GAME_OVER,51,50,2,199,MCTS_CheckersHeuristic,MCTS_CheckersHeuristic
1148885180,Checkers,0,GAME_OVER,119,118,2,200,MCTS_CheckersHeuristic,MCTS_CheckersHeuristic
-343763972,Checkers,0,GAME_OVER,59,58,2,201,MCTS_CheckersHeuristic,MCTS_CheckersHeuristic
138073226,Checkers,0,GAME_OVER,85,84,2,202,OSLA,MCTS_CheckersHeuristic
8514478,Checkers,0,GAME_OVER,57,56,2,203,OSLA,MCTS_CheckersHeuristic
1044764830,Checkers,0,GAME_OVER,72,71,2,204,OSLA,MCTS_CheckersHeuristic
-868444039,Checkers,0,GAME_OVER,78,77,2,205,OSLA,MCTS_CheckersHeuristic
735112182,Checkers,0,GAME_OVER,71,70,2,206,OSLA,MCTS_CheckersHeuristic
-777777875,Checkers,0,GAME_OVER,93,92,2,207,OSLA,MCTS_CheckersHeuristic
-1481866760,Checkers,0,GAME_OVER,92,91,2,208,OSLA,MCTS_CheckersHeuristic
-1432780273,Checkers,0,GAME_OVER,66,65,2,209,OSLA,MCTS_CheckersHeuristic
1171969131,Checkers,0,GAME_OVER,50,49,2,210,OSLA,MCTS_CheckersHeuristic
481679851,Checkers,0,GAME_OVER,50,49,2,211,OSLA,MCTS_CheckersHeuristic
1330238631,Checkers,0,GAME_OVER,57,56,2,212,OSLA,MCTS_CheckersHeuristic
-1460416442,Checkers,0,GAME_OVER,56,55,2,213,OSLA,MCTS_CheckersHeuristic
639557516,Checkers,0,GAME_OVER,121,120,2,214,OSLA,MCTS_CheckersHeuristic
699837726,Checkers,0,GAME_OVER,101,100,2,215,OSLA,MCTS_CheckersHeuristic
1120350182,Checkers,0,GAME_OVER,87,86,2,216,OSLA,MCTS_CheckersHeuristic
-841247542,Checkers,0,GAME_OVER,39,38,2,217,OSLA,MCTS_CheckersHeuristic
1737152305,Checkers,0,GAME_OVER,54,53,2,218,OSLA,MCTS_CheckersHeuristic
-1776418371,Checkers,0,GAME_OVER,42,41,2,219,OSLA,MCTS_CheckersHeuristic
1044925146,Checkers,0,GAME_OVER,49,48,2,220,OSLA,MCTS_CheckersHeuristic
1075535673,Checkers,0,GAME_OVER,48,47,2,221,OSLA,MCTS_CheckersHeuristic
2063721577,Checkers,0,GAME_OVER,84,83,2,222,OSLA,MCTS_CheckersHeuristic
1539598131,Checkers,0,GAME_OVER,42,41,2,223,OSLA,MCTS_CheckersHeuristic
-1754981058,Checkers,0,GAME_OVER,87,86,2,224,OSLA,MCTS_CheckersHeuristic
-1991007498,Checkers,0,GAME_OVER,42,41,2,225,OSLA,MCTS_CheckersHeuristic
1483956930,Checkers,0,GAME_OVER,50,49,2,226,OSLA,MCTS_CheckersHeuristic
1947897166,Checkers,0,GAME_OVER,52,51,2,227,OSLA,MCTS_CheckersHeuristic
-850973119,Checkers,0,GAME_OVER,42,41,2,228,OSLA,MCTS_CheckersHeuristic
-1182390724,Checkers,0,GAME_OVER,64,63,2,229,OSLA,MCTS_CheckersHeuristic
-1519049785,Checkers,0,GAME_OVER,69,68,2,230,OSLA,MCTS_CheckersHeuristic
-1775199363,Checkers,0,GAME_OVER,56,55,2,231,OSLA,MCTS_CheckersHeuristic
-2045612626,Checkers,0,GAME_OVER,110,109,2,232,OSLA,MCTS_CheckersHeuristic
-452931979,Checkers,0,GAME_OVER,50,49,2,233,OSLA,MCTS_CheckersHeuristic
2067785417,Checkers,0,GAME_OVER,56,55,2,234,OSLA,MCTS_CheckersHeuristic
-1216395462,Checkers,0,GAME_OVER,82,81,2,235,OSLA,MCTS_CheckersHeuristic
1503656781,Checkers,0,GAME_OVER,109,108,2,236,OSLA,MCTS_CheckersHeuristic
-851943988,Checkers,0,GAME_OVER,77,76,2,237,OSLA,MCTS_CheckersHeuristic
-292222750,Checkers,0,GAME_OVER,50,49,2,238,OSLA,MCTS_CheckersHeuristic
8871365,Checkers,0,GAME_OVER,40,39,2,239,OSLA,MCTS_CheckersHeuristic
1494450313,Checkers,0,GAME_OVER,88,87,2,240,OSLA,MCTS_CheckersHeuristic
-1525090815,Checkers,0,GAME_OVER,54,53,2,241,OSLA,MCTS_CheckersHeuristic
1862316342,Checkers,0,GAME_OVER,63,62,2,242,OSLA,MCTS_CheckersHeuristic
-1770801902,Checkers,0,GAME_OVER,50,49,2,243,OSLA,MCTS_CheckersHeuristic
540672082,Checkers,0,GAME_OVER,93,92,2,244,OSLA,MCTS_CheckersHeuristic
56325243,Checkers,0,GAME_OVER,139,138,2,245,OSLA,MCTS_CheckersHeuristic
-530842244,Checkers,0,GAME_OVER,52,51,2,246,OSLA,MCTS_CheckersHeuristic
-315312125,Checkers,0,GAME_OVER,63,62,2,247,OSLA,MCTS_CheckersHeuristic
-483704508,Checkers,0,GAME_OVER,47,46,2,248,OSLA,MCTS_CheckersHeuristic
-959710301,Checkers,0,GAME_OVER,88,87,2,249,OSLA,MCTS_CheckersHeuristic
-1650003268,Checkers,0,GAME_OVER,71,70,2,250,OSLA,MCTS_CheckersHeuristic
-1186201127,Checkers,0,GAME_OVER,105,104,2,251,OSLA,MCTS_CheckersHeuristic
915748360,Checkers,0,GAME_OVER,53,52,2,252,OSLA,MCTS_CheckersHeuristic
308231535,Checkers,0,GAME_OVER,54,53,2,253,OSLA,MCTS_CheckersHeuristic
126498393,Checkers,0,GAME_OVER,81,80,2,254,OSLA,MCTS_CheckersHeuristic
821148904,Checkers,0,GAME_OVER,56,55,2,255,OSLA,MCTS_CheckersHeuristic
-978647046,Checkers,0,GAME_OVER,60,59,2,256,OSLA,MCTS_CheckersHeuristic
-1900455108,Checkers,0,GAME_OVER,63,62,2,257,OSLA,MCTS_CheckersHeuristic
-951266478,Checkers,0,GAME_OVER,72,71,2,258,OSLA,MCTS_CheckersHeuristic
816101514,Checkers,0,GAME_OVER,61,60,2,259,OSLA,MCTS_CheckersHeuristic
740796428,Checkers,0,GAME_OVER,109,108,2,260,OSLA,MCTS_CheckersHeuristic
-710775072,Checkers,0,GAME_OVER,68,67,2,261,OSLA,MCTS_CheckersHeuristic
-116748348,Checkers,0,GAME_OVER,99,98,2,262,OSLA,MCTS_CheckersHeuristic
1389455957,Checkers,0,GAME_OVER,64,63,2,263,OSLA,MCTS_CheckersHeuristic
1198393833,Checkers,0,GAME_OVER,56,55,2,264,OSLA,MCTS_CheckersHeuristic
-1357770497,Checkers,0,GAME_OVER,124,123,2,265,OSLA,MCTS_CheckersHeuristic
834377395,Checkers,0,GAME_OVER,83,82,2,266,OSLA,MCTS_CheckersHeuristic
-599044464,Checkers,0,GAME_OVER,76,75,2,267,OSLA,MCTS_CheckersHeuristic
1976528221,Checkers,0,GAME_OVER,135,134,2,268,OSLA,MCTS_CheckersHeuristic
-2009304931,Checkers,0,GAME_OVER,64,63,2,269,OSLA,MCTS_CheckersHeuristic
124156425,Checkers,0,GAME_OVER,59,58,2,270,OSLA,MCTS_CheckersHeuristic
-82355230,Checkers,0,GAME_OVER,88,87,2,271,OSLA,MCTS_CheckersHeuristic
-123577869,Checkers,0,GAME_OVER,80,79,2,272,OSLA,MCTS_CheckersHeuristic
278974453,Checkers,0,GAME_OVER,44,43,2,273,OSLA,MCTS_CheckersHeuristic
-538849058,Checkers,0,GAME_OVER,104,103,2,274,OSLA,MCTS_CheckersHeuristic
-1581416884,Checkers,0,GAME_OVER,119,118,2,275,OSLA,MCTS_CheckersHeuristic
2069573855,Checkers,0,GAME_OVER,70,69,2,276,OSLA,MCTS_CheckersHeuristic
146963080,Checkers,0,GAME_OVER,111,110,2,277,OSLA,MCTS_CheckersHeuristic
1427830265,Checkers,0,GAME_OVER,67,66,2,278,OSLA,MCTS_CheckersHeuristic
-498971304,Checkers,0,GAME_OVER,62,61,2,279,OSLA,MCTS_CheckersHeuristic
964786462,Checkers,0,GAME_OVER,42,41,2,280,OSLA,MCTS_CheckersHeuristic
926058616,Checkers,0,GAME_OVER,80,79,2,281,OSLA,MCTS_CheckersHeuristic
959163030,Checkers,0,GAME_OVER,45,44,2,282,OSLA,MCTS_CheckersHeuristic
541684114,Checkers,0,GAME_OVER,49,48,2,283,OSLA,MCTS_CheckersHeuristic
1567312347,Checkers,0,GAME_OVER,145,144,2,284,OSLA,MCTS_CheckersHeuristic
-333315307,Checkers,0,GAME_OVER,112,111,2,285,OSLA,MCTS_CheckersHeuristic
-119496343,Checkers,0,GAME_OVER,66,65,2,286,OSLA,MCTS_CheckersHeuristic
-2064356041,Checkers,0,GAME_OVER,68,67,2,287,OSLA,MCTS_CheckersHeuristic
-1671792876,Checkers,0,GAME_OVER,84,83,2,288,OSLA,MCTS_CheckersHeuristic
253312696,Checkers,0,GAME_OVER,124,123,2,289,OSLA,MCTS_CheckersHeuristic
-722520606,Checkers,0,GAME_OVER,63,62,2,290,OSLA,MCTS_CheckersHeuristic
-2011644884,Checkers,0,GAME_OVER,58,57,2,291,OSLA,MCTS_CheckersHeuristic
1345152125,Checkers,0,GAME_OVER,54,53,2,292,OSLA,MCTS_CheckersHeuristic
250248655,Checkers,0,GAME_OVER,50,49,2,293,OSLA,MCTS_CheckersHeuristic
-1187458126,Checkers,0,GAME_OVER,62,61,2,294,OSLA,MCTS_CheckersHeuristic
212041521,Checkers,0,GAME_OVER,61,60,2,295,OSLA,MCTS_CheckersHeuristic
93299364,Checkers,0,GAME_OVER,74,73,2,296,OSLA,MCTS_CheckersHeuristic
784544057,Checkers,0,GAME_OVER,89,88,2,297,OSLA,MCTS_CheckersHeuristic
-1302408562,Checkers,0,GAME_OVER,64,63,2,298,OSLA,MCTS_CheckersHeuristic
-659544490,Checkers,0,GAME_OVER,49,48,2,299,OSLA,MCTS_CheckersHeuristic
-1246447019,Checkers,0,GAME_OVER,55,54,2,300,OSLA,MCTS_CheckersHeuristic
631269844,Checkers,0,GAME_OVER,72,71,2,301,OSLA,MCTS_CheckersHeuristic
2094123571,Checkers,0,GAME_OVER,49,48,2,302,OSLA,MCTS_CheckersHeuristic
809160365,Checkers,0,GAME_OVER,76,75,2,303,OSLA,MCTS_CheckersHeuristic
1583991359,Checkers,0,GAME_OVER,79,78,2,304,OSLA,MCTS_CheckersHeuristic
1017139027,Checkers,0,GAME_OVER,84,83,2,305,OSLA,MCTS_CheckersHeuristic
28549801,Checkers,0,GAME_OVER,81,80,2,306,OSLA,MCTS_CheckersHeuristic
313411392,Checkers,0,GAME_OVER,119,118,2,307,OSLA,MCTS_CheckersHeuristic
-118433065,Checkers,0,GAME_OVER,56,55,2,308,OSLA,MCTS_CheckersHeuristic
-2047627180,Checkers,0,GAME_OVER,45,44,2,309,OSLA,MCTS_CheckersHeuristic
-309074741,Checkers,0,GAME_OVER,70,69,2,310,OSLA,MCTS_CheckersHeuristic
1259925829,Checkers,0,GAME_OVER,88,87,2,311,OSLA,MCTS_CheckersHeuristic
-1444737925,Checkers,0,GAME_OVER,58,57,2,312,OSLA,MCTS_CheckersHeuristic
919601073,Checkers,0,GAME_OVER,59,58,2,313,OSLA,MCTS_CheckersHeuristic
-947777787,Checkers,0,GAME_OVER,57,56,2,314,OSLA,MCTS_CheckersHeuristic
-674041968,Checkers,0,GAME_OVER,70,69,2,315,OSLA,MCTS_CheckersHeuristic
-2004548645,Checkers,0,GAME_OVER,126,125,2,316,OSLA,MCTS_CheckersHeuristic
66278165,Checkers,0,GAME_OVER,105,104,2,317,OSLA,MCTS_CheckersHeuristic
-194383265,Checkers,0,GAME_OVER,48,47,2,318,OSLA,MCTS_CheckersHeuristic
-1944889016,Checkers,0,GAME_OVER,51,50,2,319,OSLA,MCTS_CheckersHeuristic
1288386708,Checkers,0,GAME_OVER,40,39,2,320,OSLA,MCTS_CheckersHeuristic
-816761134,Checkers,0,GAME_OVER,49,48,2,321,OSLA,MCTS_CheckersHeuristic
258628539,Checkers,0,GAME_OVER,51,50,2,322,OSLA,MCTS_CheckersHeuristic
-1952881699,Checkers,0,GAME_OVER,58,57,2,323,OSLA,MCTS_CheckersHeuristic
922880541,Checkers,0,GAME_OVER,120,119,2,324,OSLA,MCTS_CheckersHeuristic
1201171186,Checkers,0,GAME_OVER,66,65,2,325,OSLA,MCTS_CheckersHeuristic
-1542025894,Checkers,0,GAME_OVER,49,48,2,326,OSLA,MCTS_CheckersHeuristic
-378947527,Checkers,0,GAME_OVER,110,109,2,327,OSLA,MCTS_CheckersHeuristic
1692909286,Checkers,0,GAME_OVER,64,63,2,328,OSLA,MCTS_CheckersHeuristic
-324084341,Checkers,0,GAME_OVER,51,50,2,329,OSLA,MCTS_CheckersHeuristic
395791524,Checkers,0,GAME_OVER,71,70,2,330,OSLA,MCTS_CheckersHeuristic
1173317429,Checkers,0,GAME_OVER,46,45,2,331,OSLA,MCTS_CheckersHeuristic
-1270558274,Checkers,0,GAME_OVER,189,188,2,332,OSLA,MCTS_CheckersHeuristic
1883403863,Checkers,0,GAME_OVER,85,84,2,333,OSLA,MCTS_CheckersHeuristic
-509048792,Checkers,0,GAME_OVER,106,105,2,334,OSLA,MCTS_CheckersHeuristic
2043883854,Checkers,0,GAME_OVER,62,61,2,335,OSLA,MCTS_CheckersHeuristic
485568884,Checkers,0,GAME_OVER,55,54,2,336,OSLA,MCTS_CheckersHeuristic
-1537046653,Checkers,0,GAME_OVER,109,108,2,337,OSLA,MCTS_CheckersHeuristic
-625157664,Checkers,0,GAME_OVER,81,80,2,338,OSLA,MCTS_CheckersHeuristic
-791472745,Checkers,0,GAME_OVER,60,59,2,339,OSLA,MCTS_CheckersHeuristic
-906275135,Checkers,0,GAME_OVER,50,49,2,340,OSLA,MCTS_CheckersHeuristic
889124807,Checkers,0,GAME_OVER,63,62,2,341,OSLA,MCTS_CheckersHeuristic
-1721734726,Checkers,0,GAME_OVER,77,76,2,342,OSLA,MCTS_CheckersHeuristic
-300983311,Checkers,0,GAME_OVER,108,107,2,343,OSLA,MCTS_CheckersHeuristic
93344869,Checkers,0,GAME_OVER,77,76,2,344,OSLA,MCTS_CheckersHeuristic
-1318618698,Checkers,0,GAME_OVER,54,53,2,345,OSLA,MCTS_CheckersHeuristic
-1568082861,Checkers,0,GAME_OVER,42,41,2,346,OSLA,MCTS_CheckersHeuristic
2028047994,Checkers,0,GAME_OVER,62,61,2,347,OSLA,MCTS_CheckersHeuristic
-2087565937,Checkers,0,GAME_OVER,167,166,2,348,OSLA,MCTS_CheckersHeuristic
-239705001,Checkers,0,GAME_OVER,66,65,2,349,OSLA,MCTS_CheckersHeuristic
-1759970811,Checkers,0,GAME_OVER,69,68,2,350,OSLA,MCTS_CheckersHeuristic
698684995,Checkers,0,GAME_OVER,53,52,2,351,OSLA,MCTS_CheckersHeuristic
-1648574847,Checkers,0,GAME_OVER,165,164,2,352,OSLA,MCTS_CheckersHeuristic
2125988083,Checkers,0,GAME_OVER,126,125,2,353,OSLA,MCTS_CheckersHeuristic
-659006941,Checkers,0,GAME_OVER,51,50,2,354,OSLA,MCTS_CheckersHeuristic
-1340051643,Checkers,0,GAME_OVER,48,47,2,355,OSLA,MCTS_CheckersHeuristic
1879909235,Checkers,0,GAME_OVER,52,51,2,356,OSLA,MCTS_CheckersHeuristic
983065136,Checkers,0,GAME_OVER,84,83,2,357,OSLA,MCTS_CheckersHeuristic
696573570,Checkers,0,GAME_OVER,85,84,2,358,OSLA,MCTS_CheckersHeuristic
1689855892,Checkers,0,GAME_OVER,70,69,2,359,OSLA,MCTS_CheckersHeuristic
1595869624,Checkers,0,GAME_OVER,48,47,2,360,OSLA,MCTS_CheckersHeuristic
1521424478,Checkers,0,GAME_OVER,56,55,2,361,OSLA,MCTS_CheckersHeuristic
557939516,Checkers,0,GAME_OVER,46,45,2,362,OSLA,MCTS_CheckersHeuristic
1636572628,Checkers,0,GAME_OVER,49,48,2,363,OSLA,MCTS_CheckersHeuristic
-1165293793,Checkers,0,GAME_OVER,135,134,2,364,OSLA,MCTS_CheckersHeuristic
-1604233456,Checkers,0,GAME_OVER,54,53,2,365,OSLA,MCTS_CheckersHeuristic
-1881979216,Checkers,0,GAME_OVER,51,50,2,366,OSLA,MCTS_CheckersHeuristic
-735661332,Checkers,0,GAME_OVER,56,55,2,367,OSLA,MCTS_CheckersHeuristic
-715615333,Checkers,0,GAME_OVER,64,63,2,368,OSLA,MCTS_CheckersHeuristic
1300783086,Checkers,0,GAME_OVER,68,67,2,369,OSLA,MCTS_CheckersHeuristic
-465080884,Checkers,0,GAME_OVER,85,84,2,370,OSLA,MCTS_CheckersHeuristic
1530192634,Checkers,0,GAME_OVER,75,74,2,371,OSLA,MCTS_CheckersHeuristic
-327556826,Checkers,0,GAME_OVER,53,52,2,372,OSLA,MCTS_CheckersHeuristic
1230194378,Checkers,0,GAME_OVER,48,47,2,373,OSLA,MCTS_CheckersHeuristic
-779245426,Checkers,0,GAME_OVER,55,54,2,374,OSLA,MCTS_CheckersHeuristic
-1874626170,Checkers,0,GAME_OVER,119,118,2,375,OSLA,MCTS_CheckersHeuristic
-2125279775,Checkers,0,GAME_OVER,54,53,2,376,OSLA,MCTS_CheckersHeuristic
1517839088,Checkers,0,GAME_OVER,63,62,2,377,OSLA,MCTS_CheckersHeuristic
-758713657,Checkers,0,GAME_OVER,53,52,2,378,OSLA,MCTS_CheckersHeuristic
1676989689,Checkers,0,GAME_OVER,48,47,2,379,OSLA,MCTS_CheckersHeuristic
-893758337,Checkers,0,GAME_OVER,57,56,2,380,OSLA,MCTS_CheckersHeuristic
-470023743,Checkers,0,GAME_OVER,77,76,2,381,OSLA,MCTS_CheckersHeuristic
146836769,Checkers,0,GAME_OVER,78,77,2,382,OSLA,MCTS_CheckersHeuristic
1442442575,Checkers,0,GAME_OVER,119,118,2,383,OSLA,MCTS_CheckersHeuristic
-1946673436,Checkers,0,GAME_OVER,163,162,2,384,OSLA,MCTS_CheckersHeuristic
-1474875774,Checkers,0,GAME_OVER,44,43,2,385,OSLA,MCTS_CheckersHeuristic
-1657828764,Checkers,0,GAME_OVER,51,50,2,386,OSLA,MCTS_CheckersHeuristic
1762169355,Checkers,0,GAME_OVER,48,47,2,387,OSLA,MCTS_CheckersHeuristic
-449437944,Checkers,0,GAME_OVER,47,46,2,388,OSLA,MCTS_CheckersHeuristic
1109566321,Checkers,0,GAME_OVER,97,96,2,389,OSLA,MCTS_CheckersHeuristic
1455516916,Checkers,0,GAME_OVER,76,75,2,390,OSLA,MCTS_CheckersHeuristic
-920448149,Checkers,0,GAME_OVER,65,64,2,391,OSLA,MCTS_CheckersHeuristic
-1778888159,Checkers,0,GAME_OVER,67,66,2,392,OSLA,MCTS_CheckersHeuristic
706164761,Checkers,0,GAME_OVER,70,69,2,393,OSLA,MCTS_CheckersHeuristic
123377821,Checkers,0,GAME_OVER,90,89,2,394,OSLA,MCTS_CheckersHeuristic
-1357591843,Checkers,0,GAME_OVER,66,65,2,395,OSLA,MCTS_CheckersHeuristic
514527745,Checkers,0,GAME_OVER,84,83,2,396,OSLA,MCTS_CheckersHeuristic
-1686740761,Checkers,0,GAME_OVER,93,92,2,397,OSLA,MCTS_CheckersHeuristic
-1272734573,Checkers,0,GAME_OVER,94,93,2,398,OSLA,MCTS_CheckersHeuristic
306853553,Checkers,0,GAME_OVER,83,82,2,399,OSLA,MCTS_CheckersHeuristic
1148885180,Checkers,0,GAME_OVER,60,59,2,400,OSLA,MCTS_CheckersHeuristic
-343763972,Checkers,0,GAME_OVER,83,82,2,401,OSLA,MCTS_CheckersHeuristic
138073226,Checkers,0,GAME_OVER,39,38,2,402,RandomPlayerConfig,MCTS_CheckersHeuristic
8514478,Checkers,0,GAME_OVER,40,39,2,403,RandomPlayerConfig,MCTS_CheckersHeuristic
1044764830,Checkers,0,GAME_OVER,45,44,2,404,RandomPlayerConfig,MCTS_CheckersHeuristic
-868444039,Checkers,0,GAME_OVER,45,44,2,405,RandomPlayerConfig,MCTS_CheckersHeuristic
735112182,Checkers,0,GAME_OVER,48,47,2,406,RandomPlayerConfig,MCTS_CheckersHeuristic
-777777875,Checkers,0,GAME_OVER,41,40,2,407,RandomPlayerConfig,MCTS_CheckersHeuristic
-1481866760,Checkers,0,GAME_OVER,39,38,2,408,RandomPlayerConfig,MCTS_CheckersHeuristic
-1432780273,Checkers,0,GAME_OVER,43,42,2,409,RandomPlayerConfig,MCTS_CheckersHeuristic
1171969131,Checkers,0,GAME_OVER,35,34,2,410,RandomPlayerConfig,MCTS_CheckersHeuristic
481679851,Checkers,0,GAME_OVER,35,34,2,411,RandomPlayerConfig,MCTS_CheckersHeuristic
1330238631,Checkers,0,GAME_OVER,64,63,2,412,RandomPlayerConfig,MCTS_CheckersHeuristic
-1460416442,Checkers,0,GAME_OVER,36,35,2,413,RandomPlayerConfig,MCTS_CheckersHeuristic
639557516,Checkers,0,GAME_OVER,44,43,2,414,RandomPlayerConfig,MCTS_CheckersHeuristic
699837726,Checkers,0,GAME_OVER,46,45,2,415,RandomPlayerConfig,MCTS_CheckersHeuristic
1120350182,Checkers,0,GAME_OVER,44,43,2,416,RandomPlayerConfig,MCTS_CheckersHeuristic
-841247542,Checkers,0,GAME_OVER,37,36,2,417,RandomPlayerConfig,MCTS_CheckersHeuristic
1737152305,Checkers,0,GAME_OVER,44,43,2,418,RandomPlayerConfig,MCTS_CheckersHeuristic
-1776418371,Checkers,0,GAME_OVER,49,48,2,419,RandomPlayerConfig,MCTS_CheckersHeuristic
1044925146,Checkers,0,GAME_OVER,52,51,2,420,RandomPlayerConfig,MCTS_CheckersHeuristic
1075535673,Checkers,0,GAME_OVER,40,39,2,421,RandomPlayerConfig,MCTS_CheckersHeuristic
2063721577,Checkers,0,GAME_OVER,40,39,2,422,RandomPlayerConfig,MCTS_CheckersHeuristic
1539598131,Checkers,0,GAME_OVER,39,38,2,423,RandomPlayerConfig,MCTS_CheckersHeuristic
-1754981058,Checkers,0,GAME_OVER,39,38,2,424,RandomPlayerConfig,MCTS_CheckersHeuristic
-1991007498,Checkers,0,GAME_OVER,49,48,2,425,RandomPlayerConfig,MCTS_CheckersHeuristic
1483956930,Checkers,0,GAME_OVER,46,45,2,426,RandomPlayerConfig,MCTS_CheckersHeuristic
1947897166,Checkers,0,GAME_OVER,38,37,2,427,RandomPlayerConfig,MCTS_CheckersHeuristic
-850973119,Checkers,0,GAME_OVER,38,37,2,428,RandomPlayerConfig,MCTS_CheckersHeuristic
-1182390724,Checkers,0,GAME_OVER,56,55,2,429,RandomPlayerConfig,MCTS_CheckersHeuristic
-1519049785,Checkers,0,GAME_OVER,35,34,2,430,RandomPlayerConfig,MCTS_CheckersHeuristic
-1775199363,Checkers,0,GAME_OVER,43,42,2,431,RandomPlayerConfig,MCTS_CheckersHeuristic
-2045612626,Checkers,0,GAME_OVER,35,34,2,432,RandomPlayerConfig,MCTS_CheckersHeuristic
-452931979,Checkers,0,GAME_OVER,43,42,2,433,RandomPlayerConfig,MCTS_CheckersHeuristic
2067785417,Checkers,0,GAME_OVER,42,41,2,434,RandomPlayerConfig,MCTS_CheckersHeuristic
-1216395462,Checkers,0,GAME_OVER,41,40,2,435,RandomPlayerConfig,MCTS_CheckersHeuristic
1503656781,Checkers,0,GAME_OVER,37,36,2,436,RandomPlayerConfig,MCTS_CheckersHeuristic
-851943988,Checkers,0,GAME_OVER,39,38,2,437,RandomPlayerConfig,MCTS_CheckersHeuristic
-292222750,Checkers,0,GAME_OVER,50,49,2,438,RandomPlayerConfig,MCTS_CheckersHeuristic
8871365,Checkers,0,GAME_OVER,40,39,2,439,RandomPlayerConfig,MCTS_CheckersHeuristic
1494450313,Checkers,0,GAME_OVER,41,40,2,440,RandomPlayerConfig,MCTS_CheckersHeuristic
-1525090815,Checkers,0,GAME_OVER,43,42,2,441,RandomPlayerConfig,MCTS_CheckersHeuristic
1862316342,Checkers,0,GAME_OVER,40,39,2,442,RandomPlayerConfig,MCTS_CheckersHeuristic
-1770801902,Checkers,0,GAME_OVER,63,62,2,443,RandomPlayerConfig,MCTS_CheckersHeuristic
540672082,Checkers,0,GAME_OVER,40,39,2,444,RandomPlayerConfig,MCTS_CheckersHeuristic
56325243,Checkers,0,GAME_OVER,42,41,2,445,RandomPlayerConfig,MCTS_CheckersHeuristic
-530842244,Checkers,0,GAME_OVER,38,37,2,446,RandomPlayerConfig,MCTS_CheckersHeuristic
-315312125,Checkers,0,GAME_OVER,49,48,2,447,RandomPlayerConfig,MCTS_CheckersHeuristic
-483704508,Checkers,0,GAME_OVER,46,45,2,448,RandomPlayerConfig,MCTS_CheckersHeuristic
-959710301,Checkers,0,GAME_OVER,39,38,2,449,RandomPlayerConfig,MCTS_CheckersHeuristic
-1650003268,Checkers,0,GAME_OVER,40,39,2,450,RandomPlayerConfig,MCTS_CheckersHeuristic
-1186201127,Checkers,0,GAME_OVER,40,39,2,451,RandomPlayerConfig,MCTS_CheckersHeuristic
915748360,Checkers,0,GAME_OVER,49,48,2,452,RandomPlayerConfig,MCTS_CheckersHeuristic
308231535,Checkers,0,GAME_OVER,42,41,2,453,RandomPlayerConfig,MCTS_CheckersHeuristic
126498393,Checkers,0,GAME_OVER,48,47,2,454,RandomPlayerConfig,MCTS_CheckersHeuristic
821148904,Checkers,0,GAME_OVER,41,40,2,455,RandomPlayerConfig,MCTS_CheckersHeuristic
-978647046,Checkers,0,GAME_OVER,59,58,2,456,RandomPlayerConfig,MCTS_CheckersHeuristic
-1900455108,Checkers,0,GAME_OVER,48,47,2,457,RandomPlayerConfig,MCTS_CheckersHeuristic
-951266478,Checkers,0,GAME_OVER,40,39,2,458,RandomPlayerConfig,MCTS_CheckersHeuristic
816101514,Checkers,0,GAME_OVER,54,53,2,459,RandomPlayerConfig,MCTS_CheckersHeuristic
740796428,Checkers,0,GAME_OVER,39,38,2,460,RandomPlayerConfig,MCTS_CheckersHeuristic
-710775072,Checkers,0,GAME_OVER,46,45,2,461,RandomPlayerConfig,MCTS_CheckersHeuristic
-116748348,Checkers,0,GAME_OVER,42,41,2,462,RandomPlayerConfig,MCTS_CheckersHeuristic
1389455957,Checkers,0,GAME_OVER,34,33,2,463,RandomPlayerConfig,MCTS_CheckersHeuristic
1198393833,Checkers,0,GAME_OVER,52,51,2,464,RandomPlayerConfig,MCTS_CheckersHeuristic
-1357770497,Checkers,0,GAME_OVER,44,43,2,465,RandomPlayerConfig,MCTS_CheckersHeuristic
834377395,Checkers,0,GAME_OVER,47,46,2,466,RandomPlayerConfig,MCTS_CheckersHeuristic
-599044464,Checkers,0,GAME_OVER,43,42,2,467,RandomPlayerConfig,MCTS_CheckersHeuristic
1976528221,Checkers,0,GAME_OVER,50,49,2,468,RandomPlayerConfig,MCTS_CheckersHeuristic
-2009304931,Checkers,0,GAME_OVER,39,38,2,469,RandomPlayerConfig,MCTS_CheckersHeuristic
124156425,Checkers,0,GAME_OVER,38,37,2,470,RandomPlayerConfig,MCTS_CheckersHeuristic
-82355230,Checkers,0,GAME_OVER,35,34,2,471,RandomPlayerConfig,MCTS_CheckersHeuristic
-123577869,Checkers,0,GAME_OVER,40,39,2,472,RandomPlayerConfig,MCTS_CheckersHeuristic
278974453,Checkers,0,GAME_OVER,41,40,2,473,RandomPlayerConfig,MCTS_CheckersHeuristic
-538849058,Checkers,0,GAME_OVER,33,32,2,474,RandomPlayerConfig,MCTS_CheckersHeuristic
-1581416884,Checkers,0,GAME_OVER,45,44,2,475,RandomPlayerConfig,MCTS_CheckersHeuristic
2069573855,Checkers,0,GAME_OVER,34,33,2,476,RandomPlayerConfig,MCTS_CheckersHeuristic
146963080,Checkers,0,GAME_OVER,47,46,2,477,RandomPlayerConfig,MCTS_CheckersHeuristic
1427830265,Checkers,0,GAME_OVER,39,38,2,478,RandomPlayerConfig,MCTS_CheckersHeuristic
-498971304,Checkers,0,GAME_OVER,50,49,2,479,RandomPlayerConfig,MCTS_CheckersHeuristic
964786462,Checkers,0,GAME_OVER,42,41,2,480,RandomPlayerConfig,MCTS_CheckersHeuristic
926058616,Checkers,0,GAME_OVER,44,43,2,481,RandomPlayerConfig,MCTS_CheckersHeuristic
959163030,Checkers,0,GAME_OVER,39,38,2,482,RandomPlayerConfig,MCTS_CheckersHeuristic
541684114,Checkers,0,GAME_OVER,38,37,2,483,RandomPlayerConfig,MCTS_CheckersHeuristic
1567312347,Checkers,0,GAME_OVER,45,44,2,484,RandomPlayerConfig,MCTS_CheckersHeuristic
-333315307,Checkers,0,GAME_OVER,47,46,2,485,RandomPlayerConfig,MCTS_CheckersHeuristic
-119496343,Checkers,0,GAME_OVER,44,43,2,486,RandomPlayerConfig,MCTS_CheckersHeuristic
-2064356041,Checkers,0,GAME_OVER,72,71,2,487,RandomPlayerConfig,MCTS_CheckersHeuristic
-1671792876,Checkers,0,GAME_OVER,48,47,2,488,RandomPlayerConfig,MCTS_CheckersHeuristic
253312696,Checkers,0,GAME_OVER,44,43,2,489,RandomPlayerConfig,MCTS_CheckersHeuristic
-722520606,Checkers,0,GAME_OVER,53,52,2,490,RandomPlayerConfig,MCTS_CheckersHeuristic
-2011644884,Checkers,0,GAME_OVER,46,45,2,491,RandomPlayerConfig,MCTS_CheckersHeuristic
1345152125,Checkers,0,GAME_OVER,38,37,2,492,RandomPlayerConfig,MCTS_CheckersHeuristic
250248655,Checkers,0,GAME_OVER,43,42,2,493,RandomPlayerConfig,MCTS_CheckersHeuristic
-1187458126,Checkers,0,GAME_OVER,41,40,2,494,RandomPlayerConfig,MCTS_CheckersHeuristic
212041521,Checkers,0,GAME_OVER,45,44,2,495,RandomPlayerConfig,MCTS_CheckersHeuristic
93299364,Checkers,0,GAME_OVER,46,45,2,496,RandomPlayerConfig,MCTS_CheckersHeuristic
784544057,Checkers,0,GAME_OVER,38,37,2,497,RandomPlayerConfig,MCTS_CheckersHeuristic
-1302408562,Checkers,0,GAME_OVER,38,37,2,498,RandomPlayerConfig,MCTS_CheckersHeuristic
-659544490,Checkers,0,GAME_OVER,52,51,2,499,RandomPlayerConfig,MCTS_CheckersHeuristic
-1246447019,Checkers,0,GAME_OVER,42,41,2,500,RandomPlayerConfig,MCTS_CheckersHeuristic
631269844,Checkers,0,GAME_OVER,38,37,2,501,RandomPlayerConfig,MCTS_CheckersHeuristic
2094123571,Checkers,0,GAME_OVER,48,47,2,502,RandomPlayerConfig,MCTS_CheckersHeuristic
809160365,Checkers,0,GAME_OVER,37,36,2,503,RandomPlayerConfig,MCTS_CheckersHeuristic
1583991359,Checkers,0,GAME_OVER,39,38,2,504,RandomPlayerConfig,MCTS_CheckersHeuristic
1017139027,Checkers,0,GAME_OVER,42,41,2,505,RandomPlayerConfig,MCTS_CheckersHeuristic
28549801,Checkers,0,GAME_OVER,70,69,2,506,RandomPlayerConfig,MCTS_CheckersHeuristic
313411392,Checkers,0,GAME_OVER,46,45,2,507,RandomPlayerConfig,MCTS_CheckersHeuristic
-118433065,Checkers,0,GAME_OVER,39,38,2,508,RandomPlayerConfig,MCTS_CheckersHeuristic
-2047627180,Checkers,0,GAME_OVER,46,45,2,509,RandomPlayerConfig,MCTS_CheckersHeuristic
-309074741,Checkers,0,GAME_OVER,43,42,2,510,RandomPlayerConfig,MCTS_CheckersHeuristic
1259925829,Checkers,0,GAME_OVER,40,39,2,511,RandomPlayerConfig,MCTS_CheckersHeuristic
-1444737925,Checkers,0,GAME_OVER,46,45,2,512,RandomPlayerConfig,MCTS_CheckersHeuristic
919601073,Checkers,0,GAME_OVER,53,52,2,513,RandomPlayerConfig,MCTS_CheckersHeuristic
-947777787,Checkers,0,GAME_OVER,41,40,2,514,RandomPlayerConfig,MCTS_CheckersHeuristic
-674041968,Checkers,0,GAME_OVER,57,56,2,515,RandomPlayerConfig,MCTS_CheckersHeuristic
-2004548645,Checkers,0,GAME_OVER,41,40,2,516,RandomPlayerConfig,MCTS_CheckersHeuristic
66278165,Checkers,0,GAME_OVER,45,44,2,517,RandomPlayerConfig,MCTS_CheckersHeuristic
-194383265,Checkers,0,GAME_OVER,44,43,2,518,RandomPlayerConfig,MCTS_CheckersHeuristic
-1944889016,Checkers,0,GAME_OVER,34,33,2,519,RandomPlayerConfig,MCTS_CheckersHeuristic
1288386708,Checkers,0,GAME_OVER,37,36,2,520,RandomPlayerConfig,MCTS_CheckersHeuristic
-816761134,Checkers,0,GAME_OVER,37,36,2,521,RandomPlayerConfig,MCTS_CheckersHeuristic
258628539,Checkers,0,GAME_OVER,40,39,2,522,RandomPlayerConfig,MCTS_CheckersHeuristic
-1952881699,Checkers,0,GAME_OVER,48,47,2,523,RandomPlayerConfig,MCTS_CheckersHeuristic
922880541,Checkers,0,GAME_OVER,49,48,2,524,RandomPlayerConfig,MCTS_CheckersHeuristic
1201171186,Checkers,0,GAME_OVER,48,47,2,525,RandomPlayerConfig,MCTS_CheckersHeuristic
-1542025894,Checkers,0,GAME_OVER,41,40,2,526,RandomPlayerConfig,MCTS_CheckersHeuristic
-378947527,Checkers,0,GAME_OVER,36,35,2,527,RandomPlayerConfig,MCTS_CheckersHeuristic
1692909286,Checkers,0,GAME_OVER,41,40,2,528,RandomPlayerConfig,MCTS_CheckersHeuristic
-324084341,Checkers,0,GAME_OVER,49,48,2,529,RandomPlayerConfig,MCTS_CheckersHeuristic
395791524,Checkers,0,GAME_OVER,44,43,2,530,RandomPlayerConfig,MCTS_CheckersHeuristic
1173317429,Checkers,0,GAME_OVER,49,48,2,531,RandomPlayerConfig,MCTS_CheckersHeuristic
-1270558274,Checkers,0,GAME_OVER,44,43,2,532,RandomPlayerConfig,MCTS_CheckersHeuristic
1883403863,Checkers,0,GAME_OVER,53,52,2,533,RandomPlayerConfig,MCTS_CheckersHeuristic
-509048792,Checkers,0,GAME_OVER,32,31,2,534,RandomPlayerConfig,MCTS_CheckersHeuristic
2043883854,Checkers,0,GAME_OVER,50,49,2,535,RandomPlayerConfig,MCTS_CheckersHeuristic
485568884,Checkers,0,GAME_OVER,51,50,2,536,RandomPlayerConfig,MCTS_CheckersHeuristic
-1537046653,Checkers,0,GAME_OVER,44,43,2,537,RandomPlayerConfig,MCTS_CheckersHeuristic
-625157664,Checkers,0,GAME_OVER,51,50,2,538,RandomPlayerConfig,MCTS_CheckersHeuristic
-791472745,Checkers,0,GAME_OVER,57,56,2,539,RandomPlayerConfig,MCTS_CheckersHeuristic
-906275135,Checkers,0,GAME_OVER,53,52,2,540,RandomPlayerConfig,MCTS_CheckersHeuristic
889124807,Checkers,0,GAME_OVER,41,40,2,541,RandomPlayerConfig,MCTS_CheckersHeuristic
-1721734726,Checkers,0,GAME_OVER,48,47,2,542,RandomPlayerConfig,MCTS_CheckersHeuristic
-300983311,Checkers,0,GAME_OVER,43,42,2,543,RandomPlayerConfig,MCTS_CheckersHeuristic
93344869,Checkers,0,GAME_OVER,47,46,2,544,RandomPlayerConfig,MCTS_CheckersHeuristic
-1318618698,Checkers,0,GAME_OVER,48,47,2,545,RandomPlayerConfig,MCTS_CheckersHeuristic
-1568082861,Checkers,0,GAME_OVER,49,48,2,546,RandomPlayerConfig,MCTS_CheckersHeuristic
2028047994,Checkers,0,GAME_OVER,40,39,2,547,RandomPlayerConfig,MCTS_CheckersHeuristic
-2087565937,Checkers,0,GAME_OVER,48,47,2,548,RandomPlayerConfig,MCTS_CheckersHeuristic
-239705001,Checkers,0,GAME_OVER,35,34,2,549,RandomPlayerConfig,MCTS_CheckersHeuristic
-1759970811,Checkers,0,GAME_OVER,39,38,2,550,RandomPlayerConfig,MCTS_CheckersHeuristic
698684995,Checkers,0,GAME_OVER,54,53,2,551,RandomPlayerConfig,MCTS_CheckersHeuristic
-1648574847,Checkers,0,GAME_OVER,43,42,2,552,RandomPlayerConfig,MCTS_CheckersHeuristic
2125988083,Checkers,0,GAME_OVER,45,44,2,553,RandomPlayerConfig,MCTS_CheckersHeuristic
-659006941,Checkers,0,GAME_OVER,40,39,2,554,RandomPlayerConfig,MCTS_CheckersHeuristic
-1340051643,Checkers,0,GAME_OVER,50,49,2,555,RandomPlayerConfig,MCTS_CheckersHeuristic
1879909235,Checkers,0,GAME_OVER,35,34,2,556,RandomPlayerConfig,MCTS_CheckersHeuristic
983065136,Checkers,0,GAME_OVER,49,48,2,557,RandomPlayerConfig,MCTS_CheckersHeuristic
696573570,Checkers,0,GAME_OVER,46,45,2,558,RandomPlayerConfig,MCTS_CheckersHeuristic
1689855892,Checkers,0,GAME_OVER,36,35,2,559,RandomPlayerConfig,MCTS_CheckersHeuristic
1595869624,Checkers,0,GAME_OVER,40,39,2,560,RandomPlayerConfig,MCTS_CheckersHeuristic
1521424478,Checkers,0,GAME_OVER,40,39,2,561,RandomPlayerConfig,MCTS_CheckersHeuristic
557939516,Checkers,0,GAME_OVER,55,54,2,562,RandomPlayerConfig,MCTS_CheckersHeuristic
1636572628,Checkers,0,GAME_OVER,51,50,2,563,RandomPlayerConfig,MCTS_CheckersHeuristic
-1165293793,Checkers,0,GAME_OVER,40,39,2,564,RandomPlayerConfig,MCTS_CheckersHeuristic
-1604233456,Checkers,0,GAME_OVER,52,51,2,565,RandomPlayerConfig,MCTS_CheckersHeuristic
-1881979216,Checkers,0,GAME_OVER,39,38,2,566,RandomPlayerConfig,MCTS_CheckersHeuristic
-735661332,Checkers,0,GAME_OVER,40,39,2,567,RandomPlayerConfig,MCTS_CheckersHeuristic
-715615333,Checkers,0,GAME_OVER,48,47,2,568,RandomPlayerConfig,MCTS_CheckersHeuristic
1300783086,Checkers,0,GAME_OVER,56,55,2,569,RandomPlayerConfig,MCTS_CheckersHeuristic
-465080884,Checkers,0,GAME_OVER,51,50,2,570,RandomPlayerConfig,MCTS_CheckersHeuristic
1530192634,Checkers,0,GAME_OVER,43,42,2,571,RandomPlayerConfig,MCTS_CheckersHeuristic
-327556826,Checkers,0,GAME_OVER,52,51,2,572,RandomPlayerConfig,MCTS_CheckersHeuristic
1230194378,Checkers,0,GAME_OVER,45,44,2,573,RandomPlayerConfig,MCTS_CheckersHeuristic
-779245426,Checkers,0,GAME_OVER,47,46,2,574,RandomPlayerConfig,MCTS_CheckersHeuristic
-1874626170,Checkers,0,GAME_OVER,44,43,2,575,RandomPlayerConfig,MCTS_CheckersHeuristic
-2125279775,Checkers,0,GAME_OVER,43,42,2,576,RandomPlayerConfig,MCTS_CheckersHeuristic
1517839088,Checkers,0,GAME_OVER,49,48,2,577,RandomPlayerConfig,MCTS_CheckersHeuristic
-758713657,Checkers,0,GAME_OVER,39,38,2,578,RandomPlayerConfig,MCTS_CheckersHeuristic
1676989689,Checkers,0,GAME_OVER,61,60,2,579,RandomPlayerConfig,MCTS_CheckersHeuristic
-893758337,Checkers,0,GAME_OVER,39,38,2,580,RandomPlayerConfig,MCTS_CheckersHeuristic
-470023743,Checkers,0,GAME_OVER,42,41,2,581,RandomPlayerConfig,MCTS_CheckersHeuristic
146836769,Checkers,0,GAME_OVER,38,37,2,582,RandomPlayerConfig,MCTS_CheckersHeuristic
1442442575,Checkers,0,GAME_OVER,52,51,2,583,RandomPlayerConfig,MCTS_CheckersHeuristic
-1946673436,Checkers,0,GAME_OVER,51,50,2,584,RandomPlayerConfig,MCTS_CheckersHeuristic
-1474875774,Checkers,0,GAME_OVER,38,37,2,585,RandomPlayerConfig,MCTS_CheckersHeuristic
-1657828764,Checkers,0,GAME_OVER,49,48,2,586,RandomPlayerConfig,MCTS_CheckersHeuristic
1762169355,Checkers,0,GAME_OVER,46,45,2,587,RandomPlayerConfig,MCTS_CheckersHeuristic
-449437944,Checkers,0,GAME_OVER,46,45,2,588,RandomPlayerConfig,MCTS_CheckersHeuristic
1109566321,Checkers,0,GAME_OVER,43,42,2,589,RandomPlayerConfig,MCTS_CheckersHeuristic
1455516916,Checkers,0,GAME_OVER,43,42,2,590,RandomPlayerConfig,MCTS_CheckersHeuristic
-920448149,Checkers,0,GAME_OVER,43,42,2,591,RandomPlayerConfig,MCTS_CheckersHeuristic
-1778888159,Checkers,0,GAME_OVER,50,49,2,592,RandomPlayerConfig,MCTS_CheckersHeuristic
706164761,Checkers,0,GAME_OVER,41,40,2,593,RandomPlayerConfig,MCTS_CheckersHeuristic
123377821,Checkers,0,GAME_OVER,46,45,2,594,RandomPlayerConfig,MCTS_CheckersHeuristic
-1357591843,Checkers,0,GAME_OVER,46,45,2,595,RandomPlayerConfig,MCTS_CheckersHeuristic
514527745,Checkers,0,GAME_OVER,41,40,2,596,RandomPlayerConfig,MCTS_CheckersHeuristic
-1686740761,Checkers,0,GAME_OVER,46,45,2,597,RandomPlayerConfig,MCTS_CheckersHeuristic
-1272734573,Checkers,0,GAME_OVER,56,55,2,598,RandomPlayerConfig,MCTS_CheckersHeuristic
306853553,Checkers,0,GAME_OVER,37,36,2,599,RandomPlayerConfig,MCTS_CheckersHeuristic
1148885180,Checkers,0,GAME_OVER,43,42,2,600,RandomPlayerConfig,MCTS_CheckersHeuristic
-343763972,Checkers,0,GAME_OVER,37,36,2,601,RandomPlayerConfig,MCTS_CheckersHeuristic
138073226,Checkers,0,GAME_OVER,59,58,2,602,MCTS_CheckersHeuristic,OSLA
8514478,Checkers,0,GAME_OVER,47,46,2,603,MCTS_CheckersHeuristic,OSLA
1044764830,Checkers,0,GAME_OVER,45,44,2,604,MCTS_CheckersHeuristic,OSLA
-868444039,Checkers,0,GAME_OVER,42,41,2,605,MCTS_CheckersHeuristic,OSLA
735112182,Checkers,0,GAME_OVER,78,77,2,606,MCTS_CheckersHeuristic,OSLA
-777777875,Checkers,0,GAME_OVER,50,49,2,607,MCTS_CheckersHeuristic,OSLA
-1481866760,Checkers,0,GAME_OVER,60,59,2,608,MCTS_CheckersHeuristic,OSLA
-1432780273,Checkers,0,GAME_OVER,63,62,2,609,MCTS_CheckersHeuristic,OSLA
1171969131,Checkers,0,GAME_OVER,40,39,2,610,MCTS_CheckersHeuristic,OSLA
481679851,Checkers,0,GAME_OVER,50,49,2,611,MCTS_CheckersHeuristic,OSLA
1330238631,Checkers,0,GAME_OVER,54,53,2,612,MCTS_CheckersHeuristic,OSLA
-1460416442,Checkers,0,GAME_OVER,36,35,2,613,MCTS_CheckersHeuristic,OSLA
639557516,Checkers,0,GAME_OVER,70,69,2,614,MCTS_CheckersHeuristic,OSLA
699837726,Checkers,0,GAME_OVER,53,52,2,615,MCTS_CheckersHeuristic,OSLA
1120350182,Checkers,0,GAME_OVER,61,60,2,616,MCTS_CheckersHeuristic,OSLA
-841247542,Checkers,0,GAME_OVER,112,111,2,617,MCTS_CheckersHeuristic,OSLA
1737152305,Checkers,0,GAME_OVER,43,42,2,618,MCTS_CheckersHeuristic,OSLA
-1776418371,Checkers,0,GAME_OVER,55,54,2,619,MCTS_CheckersHeuristic,OSLA
1044925146,Checkers,0,GAME_OVER,56,55,2,620,MCTS_CheckersHeuristic,OSLA
1075535673,Checkers,0,GAME_OVER,100,99,2,621,MCTS_CheckersHeuristic,OSLA
2063721577,Checkers,0,GAME_OVER,63,62,2,622,MCTS_CheckersHeuristic,OSLA
1539598131,Checkers,0,GAME_OVER,53,52,2,623,MCTS_CheckersHeuristic,OSLA
-1754981058,Checkers,0,GAME_OVER,85,84,2,624,MCTS_CheckersHeuristic,OSLA
-1991007498,Checkers,0,GAME_OVER,44,43,2,625,MCTS_CheckersHeuristic,OSLA
1483956930,Checkers,0,GAME_OVER,106,105,2,626,MCTS_CheckersHeuristic,OSLA
1947897166,Checkers,0,GAME_OVER,86,85,2,627,MCTS_CheckersHeuristic,OSLA
-850973119,Checkers,0,GAME_OVER,50,49,2,628,MCTS_CheckersHeuristic,OSLA
-1182390724,Checkers,0,GAME_OVER,55,54,2,629,MCTS_CheckersHeuristic,OSLA
-1519049785,Checkers,0,GAME_OVER,57,56,2,630,MCTS_CheckersHeuristic,OSLA
-1775199363,Checkers,0,GAME_OVER,61,60,2,631,MCTS_CheckersHeuristic,OSLA
-2045612626,Checkers,0,GAME_OVER,48,47,2,632,MCTS_CheckersHeuristic,OSLA
-452931979,Checkers,0,GAME_OVER,60,59,2,633,MCTS_CheckersHeuristic,OSLA
2067785417,Checkers,0,GAME_OVER,80,79,2,634,MCTS_CheckersHeuristic,OSLA
-1216395462,Checkers,0,GAME_OVER,25,24,2,635,MCTS_CheckersHeuristic,OSLA
1503656781,Checkers,0,GAME_OVER,41,40,2,636,MCTS_CheckersHeuristic,OSLA
-851943988,Checkers,0,GAME_OVER,52,51,2,637,MCTS_CheckersHeuristic,OSLA
-292222750,Checkers,0,GAME_OVER,55,54,2,638,MCTS_CheckersHeuristic,OSLA
8871365,Checkers,0,GAME_OVER,62,61,2,639,MCTS_CheckersHeuristic,OSLA
1494450313,Checkers,0,GAME_OVER,41,40,2,640,MCTS_CheckersHeuristic,OSLA
-1525090815,Checkers,0,GAME_OVER,47,46,2,641,MCTS_CheckersHeuristic,OSLA
1862316342,Checkers,0,GAME_OVER,54,53,2,642,MCTS_CheckersHeuristic,OSLA
-1770801902,Checkers,0,GAME_OVER,97,96,2,643,MCTS_CheckersHeuristic,OSLA
540672082,Checkers,0,GAME_OVER,60,59,2,644,MCTS_CheckersHeuristic,OSLA
56325243,Checkers,0,GAME_OVER,51,50,2,645,MCTS_CheckersHeuristic,OSLA
-530842244,Checkers,0,GAME_OVER,52,51,2,646,MCTS_CheckersHeuristic,OSLA
-315312125,Checkers,0,GAME_OVER,45,44,2,647,MCTS_CheckersHeuristic,OSLA
-483704508,Checkers,0,GAME_OVER,65,64,2,648,MCTS_CheckersHeuristic,OSLA
-959710301,Checkers,0,GAME_OVER,110,109,2,649,MCTS_CheckersHeuristic,OSLA
-1650003268,Checkers,0,GAME_OVER,54,53,2,650,MCTS_CheckersHeuristic,OSLA
-1186201127,Checkers,0,GAME_OVER,45,44,2,651,MCTS_CheckersHeuristic,OSLA
915748360,Checkers,0,GAME_OVER,52,51,2,652,MCTS_CheckersHeuristic,OSLA
308231535,Checkers,0,GAME_OVER,65,64,2,653,MCTS_CheckersHeuristic,OSLA
126498393,Checkers,0,GAME_OVER,71,70,2,654,MCTS_CheckersHeuristic,OSLA
821148904,Checkers,0,GAME_OVER,42,41,2,655,MCTS_CheckersHeuristic,OSLA
-978647046,Checkers,0,GAME_OVER,69,68,2,656,MCTS_CheckersHeuristic,OSLA
-1900455108,Checkers,0,GAME_OVER,62,61,2,657,MCTS_CheckersHeuristic,OSLA
-951266478,Checkers,0,GAME_OVER,42,41,2,658,MCTS_CheckersHeuristic,OSLA
816101514,Checkers,0,GAME_OVER,55,54,2,659,MCTS_CheckersHeuristic,OSLA
740796428,Checkers,0,GAME_OVER,96,95,2,660,MCTS_CheckersHeuristic,OSLA
-710775072,Checkers,0,GAME_OVER,132,131,2,661,MCTS_CheckersHeuristic,OSLA
-116748348,Checkers,0,GAME_OVER,62,61,2,662,MCTS_CheckersHeuristic,OSLA
1389455957,Checkers,0,GAME_OVER,43,42,2,663,MCTS_CheckersHeuristic,OSLA
1198393833,Checkers,0,GAME_OVER,107,106,2,664,MCTS_CheckersHeuristic,OSLA
-1357770497,Checkers,0,GAME_OVER,111,110,2,665,MCTS_CheckersHeuristic,OSLA
834377395,Checkers,0,GAME_OVER,63,62,2,666,MCTS_CheckersHeuristic,OSLA
-599044464,Checkers,0,GAME_OVER,48,47,2,667,MCTS_CheckersHeuristic,OSLA
1976528221,Checkers,0,GAME_OVER,62,61,2,668,MCTS_CheckersHeuristic,OSLA
-2009304931,Checkers,0,GAME_OVER,60,59,2,669,MCTS_CheckersHeuristic,OSLA
124156425,Checkers,0,GAME_OVER,51,50,2,670,MCTS_CheckersHeuristic,OSLA
-82355230,Checkers,0,GAME_OVER,84,83,2,671,MCTS_CheckersHeuristic,OSLA
-123577869,Checkers,0,GAME_OVER,73,72,2,672,MCTS_CheckersHeuristic,OSLA
278974453,Checkers,0,GAME_OVER,58,57,2,673,MCTS_CheckersHeuristic,OSLA
-538849058,Checkers,0,GAME_OVER,98,97,2,674,MCTS_CheckersHeuristic,OSLA
-1581416884,Checkers,0,GAME_OVER,78,77,2,675,MCTS_CheckersHeuristic,OSLA
2069573855,Checkers,0,GAME_OVER,81,80,2,676,MCTS_CheckersHeuristic,OSLA
146963080,Checkers,0,GAME_OVER,52,51,2,677,MCTS_CheckersHeuristic,OSLA
1427830265,Checkers,0,GAME_OVER,79,78,2,678,MCTS_CheckersHeuristic,OSLA
-498971304,Checkers,0,GAME_OVER,67,66,2,679,MCTS_CheckersHeuristic,OSLA
964786462,Checkers,0,GAME_OVER,55,54,2,680,MCTS_CheckersHeuristic,OSLA
926058616,Checkers,0,GAME_OVER,59,58,2,681,MCTS_CheckersHeuristic,OSLA
959163030,Checkers,0,GAME_OVER,53,52,2,682,MCTS_CheckersHeuristic,OSLA
541684114,Checkers,0,GAME_OVER,52,51,2,683,MCTS_CheckersHeuristic,OSLA
1567312347,Checkers,0,GAME_OVER,54,53,2,684,MCTS_CheckersHeuristic,OSLA
-333315307,Checkers,0,GAME_OVER,50,49,2,685,MCTS_CheckersHeuristic,OSLA
-119496343,Checkers,0,GAME_OVER,103,102,2,686,MCTS_CheckersHeuristic,OSLA
-2064356041,Checkers,0,GAME_OVER,61,60,2,687,MCTS_CheckersHeuristic,OSLA
-1671792876,Checkers,0,GAME_OVER,134,133,2,688,MCTS_CheckersHeuristic,OSLA
253312696,Checkers,0,GAME_OVER,50,49,2,689,MCTS_CheckersHeuristic,OSLA
-722520606,Checkers,0,GAME_OVER,77,76,2,690,MCTS_CheckersHeuristic,OSLA
-2011644884,Checkers,0,GAME_OVER,68,67,2,691,MCTS_CheckersHeuristic,OSLA
1345152125,Checkers,0,GAME_OVER,63,62,2,692,MCTS_CheckersHeuristic,OSLA
250248655,Checkers,0,GAME_OVER,59,58,2,693,MCTS_CheckersHeuristic,OSLA
-1187458126,Checkers,0,GAME_OVER,72,71,2,694,MCTS_CheckersHeuristic,OSLA
212041521,Checkers,0,GAME_OVER,94,93,2,695,MCTS_CheckersHeuristic,OSLA
93299364,Checkers,0,GAME_OVER,117,116,2,696,MCTS_CheckersHeuristic,OSLA
784544057,Checkers,0,GAME_OVER,48,47,2,697,MCTS_CheckersHeuristic,OSLA
-1302408562,Checkers,0,GAME_OVER,46,45,2,698,MCTS_CheckersHeuristic,OSLA
-659544490,Checkers,0,GAME_OVER,102,101,2,699,MCTS_CheckersHeuristic,OSLA
-1246447019,Checkers,0,GAME_OVER,59,58,2,700,MCTS_CheckersHeuristic,OSLA
631269844,Checkers,0,GAME_OVER,64,63,2,701,MCTS_CheckersHeuristic,OSLA
2094123571,Checkers,0,GAME_OVER,53,52,2,702,MCTS_CheckersHeuristic,OSLA
809160365,Checkers,0,GAME_OVER,51,50,2,703,MCTS_CheckersHeuristic,OSLA
1583991359,Checkers,0,GAME_OVER,52,51,2,704,MCTS_CheckersHeuristic,OSLA
1017139027,Checkers,0,GAME_OVER,45,44,2,705,MCTS_CheckersHeuristic,OSLA
28549801,Checkers,0,GAME_OVER,62,61,2,706,MCTS_CheckersHeuristic,OSLA
313411392,Checkers,0,GAME_OVER,141,140,2,707,MCTS_CheckersHeuristic,OSLA
-118433065,Checkers,0,GAME_OVER,68,67,2,708,MCTS_CheckersHeuristic,OSLA
-2047627180,Checkers,0,GAME_OVER,70,69,2,709,MCTS_CheckersHeuristic,OSLA
-309074741,Checkers,0,GAME_OVER,130,129,2,710,MCTS_CheckersHeuristic,OSLA
1259925829,Checkers,0,GAME_OVER,73,72,2,711,MCTS_CheckersHeuristic,OSLA
-1444737925,Checkers,0,GAME_OVER,55,54,2,712,MCTS_CheckersHeuristic,OSLA
919601073,Checkers,0,GAME_OVER,40,39,2,713,MCTS_CheckersHeuristic,OSLA
-947777787,Checkers,0,GAME_OVER,53,52,2,714,MCTS_CheckersHeuristic,OSLA
-674041968,Checkers,0,GAME_OVER,50,49,2,715,MCTS_CheckersHeuristic,OSLA
-2004548645,Checkers,0,GAME_OVER,48,47,2,716,MCTS_CheckersHeuristic,OSLA
66278165,Checkers,0,GAME_OVER,59,58,2,717,MCTS_CheckersHeuristic,OSLA
-194383265,Checkers,0,GAME_OVER,46,45,2,718,MCTS_CheckersHeuristic,OSLA
-1944889016,Checkers,0,GAME_OVER,56,55,2,719,MCTS_CheckersHeuristic,OSLA
1288386708,Checkers,0,GAME_OVER,64,63,2,720,MCTS_CheckersHeuristic,OSLA
-816761134,Checkers,0,GAME_OVER,63,62,2,721,MCTS_CheckersHeuristic,OSLA
258628539,Checkers,0,GAME_OVER,70,69,2,722,MCTS_CheckersHeuristic,OSLA
-1952881699,Checkers,0,GAME_OVER,57,56,2,723,MCTS_CheckersHeuristic,OSLA
922880541,Checkers,0,GAME_OVER,79,78,2,724,MCTS_CheckersHeuristic,OSLA
1201171186,Checkers,0,GAME_OVER,52,51,2,725,MCTS_CheckersHeuristic,OSLA
-1542025894,Checkers,0,GAME_OVER,68,67,2,726,MCTS_CheckersHeuristic,OSLA
-378947527,Checkers,0,GAME_OVER,48,47,2,727,MCTS_CheckersHeuristic,OSLA
1692909286,Checkers,0,GAME_OVER,75,74,2,728,MCTS_CheckersHeuristic,OSLA
-324084341,Checkers,0,GAME_OVER,61,60,2,729,MCTS_CheckersHeuristic,OSLA
395791524,Checkers,0,GAME_OVER,53,52,2,730,MCTS_CheckersHeuristic,OSLA
1173317429,Checkers,0,GAME_OVER,81,80,2,731,MCTS_CheckersHeuristic,OSLA
-1270558274,Checkers,0,GAME_OVER,73,72,2,732,MCTS_CheckersHeuristic,OSLA
1883403863,Checkers,0,GAME_OVER,89,88,2,733,MCTS_CheckersHeuristic,OSLA
-509048792,Checkers,0,GAME_OVER,46,45,2,734,MCTS_CheckersHeuristic,OSLA
2043883854,Checkers,0,GAME_OVER,59,58,2,735,MCTS_CheckersHeuristic,OSLA
485568884,Checkers,0,GAME_OVER,71,70,2,736,MCTS_CheckersHeuristic,OSLA
-1537046653,Checkers,0,GAME_OVER,55,54,2,737,MCTS_CheckersHeuristic,OSLA
-625157664,Checkers,0,GAME_OVER,40,39,2,738,MCTS_CheckersHeuristic,OSLA
-791472745,Checkers,0,GAME_OVER,45,44,2,739,MCTS_CheckersHeuristic,OSLA
-906275135,Checkers,0,GAME_OVER,57,56,2,740,MCTS_CheckersHeuristic,OSLA
889124807,Checkers,0,GAME_OVER,44,43,2,741,MCTS_CheckersHeuristic,OSLA
-1721734726,Checkers,0,GAME_OVER,48,47,2,742,MCTS_CheckersHeuristic,OSLA
-300983311,Checkers,0,GAME_OVER,60,59,2,743,MCTS_CheckersHeuristic,OSLA
93344869,Checkers,0,GAME_OVER,77,76,2,744,MCTS_CheckersHeuristic,OSLA
-1318618698,Checkers,0,GAME_OVER,68,67,2,745,MCTS_CheckersHeuristic,OSLA
-1568082861,Checkers,0,GAME_OVER,46,45,2,746,MCTS_CheckersHeuristic,OSLA
2028047994,Checkers,0,GAME_OVER,49,48,2,747,MCTS_CheckersHeuristic,OSLA
-2087565937,Checkers,0,GAME_OVER,53,52,2,748,MCTS_CheckersHeuristic,OSLA
-239705001,Checkers,0,GAME_OVER,139,138,2,749,MCTS_CheckersHeuristic,OSLA
-1759970811,Checkers,0,GAME_OVER,105,104,2,750,MCTS_CheckersHeuristic,OSLA
698684995,Checkers,0,GAME_OVER,74,73,2,751,MCTS_CheckersHeuristic,OSLA
-1648574847,Checkers,0,GAME_OVER,49,48,2,752,MCTS_CheckersHeuristic,OSLA
2125988083,Checkers,0,GAME_OVER,49,48,2,753,MCTS_CheckersHeuristic,OSLA
-659006941,Checkers,0,GAME_OVER,44,43,2,754,MCTS_CheckersHeuristic,OSLA
-1340051643,Checkers,0,GAME_OVER,53,52,2,755,MCTS_CheckersHeuristic,OSLA
1879909235,Checkers,0,GAME_OVER,64,63,2,756,MCTS_CheckersHeuristic,OSLA
983065136,Checkers,0,GAME_OVER,57,56,2,757,MCTS_CheckersHeuristic,OSLA
696573570,Checkers,0,GAME_OVER,119,118,2,758,MCTS_CheckersHeuristic,OSLA
1689855892,Checkers,0,GAME_OVER,40,39,2,759,MCTS_CheckersHeuristic,OSLA
1595869624,Checkers,0,GAME_OVER,50,49,2,760,MCTS_CheckersHeuristic,OSLA
1521424478,Checkers,0,GAME_OVER,73,72,2,761,MCTS_CheckersHeuristic,OSLA
557939516,Checkers,0,GAME_OVER,54,53,2,762,MCTS_CheckersHeuristic,OSLA
1636572628,Checkers,0,GAME_OVER,60,59,2,763,MCTS_CheckersHeuristic,OSLA
-1165293793,Checkers,0,GAME_OVER,63,62,2,764,MCTS_CheckersHeuristic,OSLA
-1604233456,Checkers,0,GAME_OVER,50,49,2,765,MCTS_CheckersHeuristic,OSLA
-1881979216,Checkers,0,GAME_OVER,46,45,2,766,MCTS_CheckersHeuristic,OSLA
-735661332,Checkers,0,GAME_OVER,50,49,2,767,MCTS_CheckersHeuristic,OSLA
-715615333,Checkers,0,GAME_OVER,52,51,2,768,MCTS_CheckersHeuristic,OSLA
1300783086,Checkers,0,GAME_OVER,45,44,2,769,MCTS_CheckersHeuristic,OSLA
-465080884,Checkers,0,GAME_OVER,46,45,2,770,MCTS_CheckersHeuristic,OSLA
1530192634,Checkers,0,GAME_OVER,62,61,2,771,MCTS_CheckersHeuristic,OSLA
-327556826,Checkers,0,GAME_OVER,46,45,2,772,MCTS_CheckersHeuristic,OSLA
1230194378,Checkers,0,GAME_OVER,53,52,2,773,MCTS_CheckersHeuristic,OSLA
-779245426,Checkers,0,GAME_OVER,76,75,2,774,MCTS_CheckersHeuristic,OSLA
-1874626170,Checkers,0,GAME_OVER,65,64,2,775,MCTS_CheckersHeuristic,OSLA
-2125279775,Checkers,0,GAME_OVER,57,56,2,776,MCTS_CheckersHeuristic,OSLA
1517839088,Checkers,0,GAME_OVER,64,63,2,777,MCTS_CheckersHeuristic,OSLA
-758713657,Checkers,0,GAME_OVER,66,65,2,778,MCTS_CheckersHeuristic,OSLA
1676989689,Checkers,0,GAME_OVER,39,38,2,779,MCTS_CheckersHeuristic,OSLA
-893758337,Checkers,0,GAME_OVER,48,47,2,780,MCTS_CheckersHeuristic,OSLA
-470023743,Checkers,0,GAME_OVER,49,48,2,781,MCTS_CheckersHeuristic,OSLA
146836769,Checkers,0,GAME_OVER,47,46,2,782,MCTS_CheckersHeuristic,OSLA
1442442575,Checkers,0,GAME_OVER,56,55,2,783,MCTS_CheckersHeuristic,OSLA
-1946673436,Checkers,0,GAME_OVER,41,40,2,784,MCTS_CheckersHeuristic,OSLA
-1474875774,Checkers,0,GAME_OVER,44,43,2,785,MCTS_CheckersHeuristic,OSLA
-1657828764,Checkers,0,GAME_OVER,45,44,2,786,MCTS_CheckersHeuristic,OSLA
1762169355,Checkers,0,GAME_OVER,89,88,2,787,MCTS_CheckersHeuristic,OSLA
-449437944,Checkers,0,GAME_OVER,69,68,2,788,MCTS_CheckersHeuristic,OSLA
1109566321,Checkers,0,GAME_OVER,85,84,2,789,MCTS_CheckersHeuristic,OSLA
1455516916,Checkers,0,GAME_OVER,50,49,2,790,MCTS_CheckersHeuristic,OSLA
-920448149,Checkers,0,GAME_OVER,46,45,2,791,MCTS_CheckersHeuristic,OSLA
-1778888159,Checkers,0,GAME_OVER,42,41,2,792,MCTS_CheckersHeuristic,OSLA
706164761,Checkers,0,GAME_OVER,64,63,2,793,MCTS_CheckersHeuristic,OSLA
123377821,Checkers,0,GAME_OVER,49,48,2,794,MCTS_CheckersHeuristic,OSLA
-1357591843,Checkers,0,GAME_OVER,50,49,2,795,MCTS_CheckersHeuristic,OSLA
514527745,Checkers,0,GAME_OVER,55,54,2,796,MCTS_CheckersHeuristic,OSLA
-1686740761,Checkers,0,GAME_OVER,71,70,2,797,MCTS_CheckersHeuristic,OSLA
-1272734573,Checkers,0,GAME_OVER,70,69,2,798,MCTS_CheckersHeuristic,OSLA
306853553,Checkers,0,GAME_OVER,59,58,2,799,MCTS_CheckersHeuristic,OSLA
1148885180,Checkers,0,GAME_OVER,75,74,2,800,MCTS_CheckersHeuristic,OSLA
-343763972,Checkers,0,GAME_OVER,45,44,2,801,MCTS_CheckersHeuristic,OSLA
138073226,Checkers,0,GAME_OVER,42,41,2,802,OSLA,OSLA
8514478,Checkers,0,GAME_OVER,46,45,2,803,OSLA,OSLA
1044764830,Checkers,0,GAME_OVER,63,62,2,804,OSLA,OSLA
-868444039,Checkers,0,GAME_OVER,67,66,2,805,OSLA,OSLA
735112182,Checkers,0,GAME_OVER,87,86,2,806,OSLA,OSLA
-777777875,Checkers,0,GAME_OVER,43,42,2,807,OSLA,OSLA
-1481866760,Checkers,0,GAME_OVER,50,49,2,808,OSLA,OSLA
-1432780273,Checkers,0,GAME_OVER,49,48,2,809,OSLA,OSLA
1171969131,Checkers,0,GAME_OVER,42,41,2,810,OSLA,OSLA
481679851,Checkers,0,GAME_OVER,63,62,2,811,OSLA,OSLA
1330238631,Checkers,0,GAME_OVER,43,42,2,812,OSLA,OSLA
-1460416442,Checkers,0,GAME_OVER,113,112,2,813,OSLA,OSLA
639557516,Checkers,0,GAME_OVER,47,46,2,814,OSLA,OSLA
699837726,Checkers,0,GAME_OVER,43,42,2,815,OSLA,OSLA
1120350182,Checkers,0,GAME_OVER,52,51,2,816,OSLA,OSLA
-841247542,Checkers,0,GAME_OVER,41,40,2,817,OSLA,OSLA
1737152305,Checkers,0,GAME_OVER,61,60,2,818,OSLA,OSLA
-1776418371,Checkers,0,GAME_OVER,46,45,2,819,OSLA,OSLA
1044925146,Checkers,0,GAME_OVER,49,48,2,820,OSLA,OSLA
1075535673,Checkers,0,GAME_OVER,35,34,2,821,OSLA,OSLA
2063721577,Checkers,0,GAME_OVER,63,62,2,822,OSLA,OSLA
1539598131,Checkers,0,GAME_OVER,49,48,2,823,OSLA,OSLA
-1754981058,Checkers,0,GAME_OVER,43,42,2,824,OSLA,OSLA
-1991007498,Checkers,0,GAME_OVER,47,46,2,825,OSLA,OSLA
1483956930,Checkers,0,GAME_OVER,118,117,2,826,OSLA,OSLA
1947897166,Checkers,0,GAME_OVER,37,36,2,827,OSLA,OSLA
-850973119,Checkers,0,GAME_OVER,116,115,2,828,OSLA,OSLA
-1182390724,Checkers,0,GAME_OVER,39,38,2,829,OSLA,OSLA
-1519049785,Checkers,0,GAME_OVER,52,51,2,830,OSLA,OSLA
-1775199363,Checkers,0,GAME_OVER,45,44,2,831,OSLA,OSLA
-2045612626,Checkers,0,GAME_OVER,87,86,2,832,OSLA,OSLA
-452931979,Checkers,0,GAME_OVER,47,46,2,833,OSLA,OSLA
2067785417,Checkers,0,GAME_OVER,42,41,2,834,OSLA,OSLA
-1216395462,Checkers,0,GAME_OVER,52,51,2,835,OSLA,OSLA
1503656781,Checkers,0,GAME_OVER,43,42,2,836,OSLA,OSLA
-851943988,Checkers,0,GAME_OVER,58,57,2,837,OSLA,OSLA
-292222750,Checkers,0,GAME_OVER,43,42,2,838,OSLA,OSLA
8871365,Checkers,0,GAME_OVER,54,53,2,839,OSLA,OSLA
1494450313,Checkers,0,GAME_OVER,62,61,2,840,OSLA,OSLA
-1525090815,Checkers,0,GAME_OVER,97,96,2,841,OSLA,OSLA
1862316342,Checkers,0,GAME_OVER,48,47,2,842,OSLA,OSLA
-1770801902,Checkers,0,GAME_OVER,45,44,2,843,OSLA,OSLA
540672082,Checkers,0,GAME_OVER,132,131,2,844,OSLA,OSLA
56325243,Checkers,0,GAME_OVER,50,49,2,845,OSLA,OSLA
-530842244,Checkers,0,GAME_OVER,48,47,2,846,OSLA,OSLA
-315312125,Checkers,0,GAME_OVER,45,44,2,847,OSLA,OSLA
-483704508,Checkers,0,GAME_OVER,56,55,2,848,OSLA,OSLA
-959710301,Checkers,0,GAME_OVER,68,67,2,849,OSLA,OSLA
-1650003268,Checkers,0,GAME_OVER,72,71,2,850,OSLA,OSLA
-1186201127,Checkers,0,GAME_OVER,47,46,2,851,OSLA,OSLA
915748360,Checkers,0,GAME_OVER,39,38,2,852,OSLA,OSLA
308231535,Checkers,0,GAME_OVER,38,37,2,853,OSLA,OSLA
126498393,Checkers,0,GAME_OVER,51,50,2,854,OSLA,OSLA
821148904,Checkers,0,GAME_OVER,52,51,2,855,OSLA,OSLA
-978647046,Checkers,0,GAME_OVER,51,50,2,856,OSLA,OSLA
-1900455108,Checkers,0,GAME_OVER,63,62,2,857,OSLA,OSLA
-951266478,Checkers,0,GAME_OVER,116,115,2,858,OSLA,OSLA
816101514,Checkers,0,GAME_OVER,43,42,2,859,OSLA,OSLA
740796428,Checkers,0,GAME_OVER,53,52,2,860,OSLA,OSLA
-710775072,Checkers,0,GAME_OVER,51,50,2,861,OSLA,OSLA
-116748348,Checkers,0,GAME_OVER,37,36,2,862,OSLA,OSLA
1389455957,Checkers,0,GAME_OVER,54,53,2,863,OSLA,OSLA
1198393833,Checkers,0,GAME_OVER,45,44,2,864,OSLA,OSLA
-1357770497,Checkers,0,GAME_OVER,40,39,2,865,OSLA,OSLA
834377395,Checkers,0,GAME_OVER,234,233,2,866,OSLA,OSLA
-599044464,Checkers,0,GAME_OVER,95,94,2,867,OSLA,OSLA
1976528221,Checkers,0,GAME_OVER,46,45,2,868,OSLA,OSLA
-2009304931,Checkers,0,GAME_OVER,55,54,2,869,OSLA,OSLA
124156425,Checkers,0,GAME_OVER,45,44,2,870,OSLA,OSLA
-82355230,Checkers,0,GAME_OVER,60,59,2,871,OSLA,OSLA
-123577869,Checkers,0,GAME_OVER,46,45,2,872,OSLA,OSLA
278974453,Checkers,0,GAME_OVER,41,40,2,873,OSLA,OSLA
-538849058,Checkers,0,GAME_OVER,49,48,2,874,OSLA,OSLA
-1581416884,Checkers,0,GAME_OVER,43,42,2,875,OSLA,OSLA
2069573855,Checkers,0,GAME_OVER,63,62,2,876,OSLA,OSLA
146963080,Checkers,0,GAME_OVER,63,62,2,877,OSLA,OSLA
1427830265,Checkers,0,GAME_OVER,78,77,2,878,OSLA,OSLA
-498971304,Checkers,0,GAME_OVER,28,27,2,879,OSLA,OSLA
964786462,Checkers,0,GAME_OVER,52,51,2,880,OSLA,OSLA
926058616,Checkers,0,GAME_OVER,108,107,2,881,OSLA,OSLA
959163030,Checkers,0,GAME_OVER,51,50,2,882,OSLA,OSLA
541684114,Checkers,0,GAME_OVER,50,49,2,883,OSLA,OSLA
1567312347,Checkers,0,GAME_OVER,61,60,2,884,OSLA,OSLA
-333315307,Checkers,0,GAME_OVER,45,44,2,885,OSLA,OSLA
-119496343,Checkers,0,GAME_OVER,49,48,2,886,OSLA,OSLA
-2064356041,Checkers,0,GAME_OVER,101,100,2,887,OSLA,OSLA
-1671792876,Checkers,0,GAME_OVER,39,38,2,888,OSLA,OSLA
253312696,Checkers,0,GAME_OVER,43,42,2,889,OSLA,OSLA
-722520606,Checkers,0,GAME_OVER,47,46,2,890,OSLA,OSLA
-2011644884,Checkers,0,GAME_OVER,41,40,2,891,OSLA,OSLA
1345152125,Checkers,0,GAME_OVER,59,58,2,892,OSLA,OSLA
250248655,Checkers,0,GAME_OVER,40,39,2,893,OSLA,OSLA
-1187458126,Checkers,0,GAME_OVER,56,55,2,894,OSLA,OSLA
212041521,Checkers,0,GAME_OVER,46,45,2,895,OSLA,OSLA
93299364,Checkers,0,GAME_OVER,50,49,2,896,OSLA,OSLA
784544057,Checkers,0,GAME_OVER,159,158,2,897,OSLA,OSLA
-1302408562,Checkers,0,GAME_OVER,96,95,2,898,OSLA,OSLA
-659544490,Checkers,0,GAME_OVER,48,47,2,899,OSLA,OSLA
-1246447019,Checkers,0,GAME_OVER,111,110,2,900,OSLA,OSLA
631269844,Checkers,0,GAME_OVER,36,35,2,901,OSLA,OSLA
2094123571,Checkers,0,GAME_OVER,73,72,2,902,OSLA,OSLA
809160365,Checkers,0,GAME_OVER,49,48,2,903,OSLA,OSLA
1583991359,Checkers,0,GAME_OVER,47,46,2,904,OSLA,OSLA
1017139027,Checkers,0,GAME_OVER,100,99,2,905,OSLA,OSLA
28549801,Checkers,0,GAME_OVER,42,41,2,906,OSLA,OSLA
313411392,Checkers,0,GAME_OVER,37,36,2,907,OSLA,OSLA
-118433065,Checkers,0,GAME_OVER,87,86,2,908,OSLA,OSLA
-2047627180,Checkers,0,GAME_OVER,52,51,2,909,OSLA,OSLA
-309074741,Checkers,0,GAME_OVER,99,98,2,910,OSLA,OSLA
1259925829,Checkers,0,GAME_OVER,93,92,2,911,OSLA,OSLA
-1444737925,Checkers,0,GAME_OVER,55,54,2,912,OSLA,OSLA
919601073,Checkers,0,GAME_OVER,40,39,2,913,OSLA,OSLA
-947777787,Checkers,0,GAME_OVER,44,43,2,914,OSLA,OSLA
-674041968,Checkers,0,GAME_OVER,54,53,2,915,OSLA,OSLA
-2004548645,Checkers,0,GAME_OVER,45,44,2,916,OSLA,OSLA
66278165,Checkers,0,GAME_OVER,47,46,2,917,OSLA,OSLA
-194383265,Checkers,0,GAME_OVER,44,43,2,918,OSLA,OSLA
-1944889016,Checkers,0,GAME_OVER,42,41,2,919,OSLA,OSLA
1288386708,Checkers,0,GAME_OVER,53,52,2,920,OSLA,OSLA
-816761134,Checkers,0,GAME_OVER,39,38,2,921,OSLA,OSLA
258628539,Checkers,0,GAME_OVER,92,91,2,922,OSLA,OSLA
-1952881699,Checkers,0,GAME_OVER,113,112,2,923,OSLA,OSLA
922880541,Checkers,0,GAME_OVER,46,45,2,924,OSLA,OSLA
1201171186,Checkers,0,GAME_OVER,48,47,2,925,OSLA,OSLA
-1542025894,Checkers,0,GAME_OVER,52,51,2,926,OSLA,OSLA
-378947527,Checkers,0,GAME_OVER,57,56,2,927,OSLA,OSLA
1692909286,Checkers,0,GAME_OVER,46,45,2,928,OSLA,OSLA
-324084341,Checkers,0,GAME_OVER,43,42,2,929,OSLA,OSLA
395791524,Checkers,0,GAME_OVER,40,39,2,930,OSLA,OSLA
1173317429,Checkers,0,GAME_OVER,172,171,2,931,OSLA,OSLA
-1270558274,Checkers,0,GAME_OVER,108,107,2,932,OSLA,OSLA
1883403863,Checkers,0,GAME_OVER,54,53,2,933,OSLA,OSLA
-509048792,Checkers,0,GAME_OVER,63,62,2,934,OSLA,OSLA
2043883854,Checkers,0,GAME_OVER,30,29,2,935,OSLA,OSLA
485568884,Checkers,0,GAME_OVER,49,48,2,936,OSLA,OSLA
-1537046653,Checkers,0,GAME_OVER,122,121,2,937,OSLA,OSLA
-625157664,Checkers,0,GAME_OVER,44,43,2,938,OSLA,OSLA
-791472745,Checkers,0,GAME_OVER,59,58,2,939,OSLA,OSLA
-906275135,Checkers,0,GAME_OVER,49,48,2,940,OSLA,OSLA
889124807,Checkers,0,GAME_OVER,47,46,2,941,OSLA,OSLA
-1721734726,Checkers,0,GAME_OVER,38,37,2,942,OSLA,OSLA
-300983311,Checkers,0,GAME_OVER,48,47,2,943,OSLA,OSLA
93344869,Checkers,0,GAME_OVER,49,48,2,944,OSLA,OSLA
-1318618698,Checkers,0,GAME_OVER,53,52,2,945,OSLA,OSLA
-1568082861,Checkers,0,GAME_OVER,63,62,2,946,OSLA,OSLA
2028047994,Checkers,0,GAME_OVER,48,47,2,947,OSLA,OSLA
-2087565937,Checkers,0,GAME_OVER,48,47,2,948,OSLA,OSLA
-239705001,Checkers,0,GAME_OVER,84,83,2,949,OSLA,OSLA
-1759970811,Checkers,0,GAME_OVER,50,49,2,950,OSLA,OSLA
698684995,Checkers,0,GAME_OVER,54,53,2,951,OSLA,OSLA
-1648574847,Checkers,0,GAME_OVER,46,45,2,952,OSLA,OSLA
2125988083,Checkers,0,GAME_OVER,37,36,2,953,OSLA,OSLA
-659006941,Checkers,0,GAME_OVER,55,54,2,954,OSLA,OSLA
-1340051643,Checkers,0,GAME_OVER,42,41,2,955,OSLA,OSLA
1879909235,Checkers,0,GAME_OVER,48,47,2,956,OSLA,OSLA
983065136,Checkers,0,GAME_OVER,83,82,2,957,OSLA,OSLA
696573570,Checkers,0,GAME_OVER,40,39,2,958,OSLA,OSLA
1689855892,Checkers,0,GAME_OVER,126,125,2,959,OSLA,OSLA
1595869624,Checkers,0,GAME_OVER,40,39,2,960,OSLA,OSLA
1521424478,Checkers,0,GAME_OVER,103,102,2,961,OSLA,OSLA
557939516,Checkers,0,GAME_OVER,50,49,2,962,OSLA,OSLA
1636572628,Checkers,0,GAME_OVER,98,97,2,963,OSLA,OSLA
-1165293793,Checkers,0,GAME_OVER,45,44,2,964,OSLA,OSLA
-1604233456,Checkers,0,GAME_OVER,63,62,2,965,OSLA,OSLA
-1881979216,Checkers,0,GAME_OVER,48,47,2,966,OSLA,OSLA
-735661332,Checkers,0,GAME_OVER,77,76,2,967,OSLA,OSLA
-715615333,Checkers,0,GAME_OVER,41,40,2,968,OSLA,OSLA
1300783086,Checkers,0,GAME_OVER,78,77,2,969,OSLA,OSLA
-465080884,Checkers,0,GAME_OVER,62,61,2,970,OSLA,OSLA
1530192634,Checkers,0,GAME_OVER,39,38,2,971,OSLA,OSLA
-327556826,Checkers,0,GAME_OVER,70,69,2,972,OSLA,OSLA
1230194378,Checkers,0,GAME_OVER,65,64,2,973,OSLA,OSLA
-779245426,Checkers,0,GAME_OVER,43,42,2,974,OSLA,OSLA
-1874626170,Checkers,0,GAME_OVER,46,45,2,975,OSLA,OSLA
-2125279775,Checkers,0,GAME_OVER,78,77,2,976,OSLA,OSLA
1517839088,Checkers,0,GAME_OVER,49,48,2,977,OSLA,OSLA
-758713657,Checkers,0,GAME_OVER,97,96,2,978,OSLA,OSLA
1676989689,Checkers,0,GAME_OVER,59,58,2,979,OSLA,OSLA
-893758337,Checkers,0,GAME_OVER,38,37,2,980,OSLA,OSLA
-470023743,Checkers,0,GAME_OVER,39,38,2,981,OSLA,OSLA
146836769,Checkers,0,GAME_OVER,40,39,2,982,OSLA,OSLA
1442442575,Checkers,0,GAME_OVER,47,46,2,983,OSLA,OSLA
-1946673436,Checkers,0,GAME_OVER,75,74,2,984,OSLA,OSLA
-1474875774,Checkers,0,GAME_OVER,53,52,2,985,OSLA,OSLA
-1657828764,Checkers,0,GAME_OVER,46,45,2,986,OSLA,OSLA
1762169355,Checkers,0,GAME_OVER,50,49,2,987,OSLA,OSLA
-449437944,Checkers,0,GAME_OVER,105,104,2,988,OSLA,OSLA
1109566321,Checkers,0,GAME_OVER,73,72,2,989,OSLA,OSLA
1455516916,Checkers,0,GAME_OVER,129,128,2,990,OSLA,OSLA
-920448149,Checkers,0,GAME_OVER,44,43,2,991,OSLA,OSLA
-1778888159,Checkers,0,GAME_OVER,44,43,2,992,OSLA,OSLA
706164761,Checkers,0,GAME_OVER,107,106,2,993,OSLA,OSLA
123377821,Checkers,0,GAME_OVER,96,95,2,994,OSLA,OSLA
-1357591843,Checkers,0,GAME_OVER,38,37,2,995,OSLA,OSLA
514527745,Checkers,0,GAME_OVER,39,38,2,996,OSLA,OSLA
-1686740761,Checkers,0,GAME_OVER,50,49,2,997,OSLA,OSLA
-1272734573,Checkers,0,GAME_OVER,45,44,2,998,OSLA,OSLA
306853553,Checkers,0,GAME_OVER,44,43,2,999,OSLA,OSLA
1148885180,Checkers,0,GAME_OVER,28,27,2,1000,OSLA,OSLA
-343763972,Checkers,0,GAME_OVER,130,129,2,1001,OSLA,OSLA
138073226,Checkers,0,GAME_OVER,47,46,2,1002,RandomPlayerConfig,OSLA
8514478,Checkers,0,GAME_OVER,39,38,2,1003,RandomPlayerConfig,OSLA
1044764830,Checkers,0,GAME_OVER,43,42,2,1004,RandomPlayerConfig,OSLA
-868444039,Checkers,0,GAME_OVER,47,46,2,1005,RandomPlayerConfig,OSLA
735112182,Checkers,0,GAME_OVER,44,43,2,1006,RandomPlayerConfig,OSLA
-777777875,Checkers,0,GAME_OVER,47,46,2,1007,RandomPlayerConfig,OSLA
-1481866760,Checkers,0,GAME_OVER,45,44,2,1008,RandomPlayerConfig,OSLA
-1432780273,Checkers,0,GAME_OVER,39,38,2,1009,RandomPlayerConfig,OSLA
1171969131,Checkers,0,GAME_OVER,43,42,2,1010,RandomPlayerConfig,OSLA
481679851,Checkers,0,GAME_OVER,41,40,2,1011,RandomPlayerConfig,OSLA
1330238631,Checkers,0,GAME_OVER,41,40,2,1012,RandomPlayerConfig,OSLA
-1460416442,Checkers,0,GAME_OVER,56,55,2,1013,RandomPlayerConfig,OSLA
639557516,Checkers,0,GAME_OVER,55,54,2,1014,RandomPlayerConfig,OSLA
699837726,Checkers,0,GAME_OVER,66,65,2,1015,RandomPlayerConfig,OSLA
1120350182,Checkers,0,GAME_OVER,40,39,2,1016,RandomPlayerConfig,OSLA
-841247542,Checkers,0,GAME_OVER,50,49,2,1017,RandomPlayerConfig,OSLA
1737152305,Checkers,0,GAME_OVER,54,53,2,1018,RandomPlayerConfig,OSLA
-1776418371,Checkers,0,GAME_OVER,41,40,2,1019,RandomPlayerConfig,OSLA
1044925146,Checkers,0,GAME_OVER,46,45,2,1020,RandomPlayerConfig,OSLA
1075535673,Checkers,0,GAME_OVER,45,44,2,1021,RandomPlayerConfig,OSLA
2063721577,Checkers,0,GAME_OVER,51,50,2,1022,RandomPlayerConfig,OSLA
1539598131,Checkers,0,GAME_OVER,43,42,2,1023,RandomPlayerConfig,OSLA
-1754981058,Checkers,0,GAME_OVER,46,45,2,1024,RandomPlayerConfig,OSLA
-1991007498,Checkers,0,GAME_OVER,40,39,2,1025,RandomPlayerConfig,OSLA
1483956930,Checkers,0,GAME_OVER,48,47,2,1026,RandomPlayerConfig,OSLA
1947897166,Checkers,0,GAME_OVER,41,40,2,1027,RandomPlayerConfig,OSLA
-850973119,Checkers,0,GAME_OVER,47,46,2,1028,RandomPlayerConfig,OSLA
-1182390724,Checkers,0,GAME_OVER,40,39,2,1029,RandomPlayerConfig,OSLA
-1519049785,Checkers,0,GAME_OVER,45,44,2,1030,RandomPlayerConfig,OSLA
-1775199363,Checkers,0,GAME_OVER,47,46,2,1031,RandomPlayerConfig,OSLA
-2045612626,Checkers,0,GAME_OVER,38,37,2,1032,RandomPlayerConfig,OSLA
-452931979,Checkers,0,GAME_OVER,48,47,2,1033,RandomPlayerConfig,OSLA
2067785417,Checkers,0,GAME_OVER,38,37,2,1034,RandomPlayerConfig,OSLA
-1216395462,Checkers,0,GAME_OVER,43,42,2,1035,RandomPlayerConfig,OSLA
1503656781,Checkers,0,GAME_OVER,40,39,2,1036,RandomPlayerConfig,OSLA
-851943988,Checkers,0,GAME_OVER,44,43,2,1037,RandomPlayerConfig,OSLA
-292222750,Checkers,0,GAME_OVER,47,46,2,1038,RandomPlayerConfig,OSLA
8871365,Checkers,0,GAME_OVER,33,32,2,1039,RandomPlayerConfig,OSLA
1494450313,Checkers,0,GAME_OVER,43,42,2,1040,RandomPlayerConfig,OSLA
-1525090815,Checkers,0,GAME_OVER,48,47,2,1041,RandomPlayerConfig,OSLA
1862316342,Checkers,0,GAME_OVER,55,54,2,1042,RandomPlayerConfig,OSLA
-1770801902,Checkers,0,GAME_OVER,50,49,2,1043,RandomPlayerConfig,OSLA
540672082,Checkers,0,GAME_OVER,51,50,2,1044,RandomPlayerConfig,OSLA
56325243,Checkers,0,GAME_OVER,39,38,2,1045,RandomPlayerConfig,OSLA
-530842244,Checkers,0,GAME_OVER,48,47,2,1046,RandomPlayerConfig,OSLA
-315312125,Checkers,0,GAME_OVER,49,48,2,1047,RandomPlayerConfig,OSLA
-483704508,Checkers,0,GAME_OVER,46,45,2,1048,RandomPlayerConfig,OSLA
-959710301,Checkers,0,GAME_OVER,47,46,2,1049,RandomPlayerConfig,OSLA
-1650003268,Checkers,0,GAME_OVER,42,41,2,1050,RandomPlayerConfig,OSLA
-1186201127,Checkers,0,GAME_OVER,42,41,2,1051,RandomPlayerConfig,OSLA
915748360,Checkers,0,GAME_OVER,47,46,2,1052,RandomPlayerConfig,OSLA
308231535,Checkers,0,GAME_OVER,38,37,2,1053,RandomPlayerConfig,OSLA
126498393,Checkers,0,GAME_OVER,51,50,2,1054,RandomPlayerConfig,OSLA
821148904,Checkers,0,GAME_OVER,49,48,2,1055,RandomPlayerConfig,OSLA
-978647046,Checkers,0,GAME_OVER,62,61,2,1056,RandomPlayerConfig,OSLA
-1900455108,Checkers,0,GAME_OVER,42,41,2,1057,RandomPlayerConfig,OSLA
-951266478,Checkers,0,GAME_OVER,45,44,2,1058,RandomPlayerConfig,OSLA
816101514,Checkers,0,GAME_OVER,44,43,2,1059,RandomPlayerConfig,OSLA
740796428,Checkers,0,GAME_OVER,41,40,2,1060,RandomPlayerConfig,OSLA
-710775072,Checkers,0,GAME_OVER,43,42,2,1061,RandomPlayerConfig,OSLA
-116748348,Checkers,0,GAME_OVER,49,48,2,1062,RandomPlayerConfig,OSLA
1389455957,Checkers,0,GAME_OVER,55,54,2,1063,RandomPlayerConfig,OSLA
1198393833,Checkers,0,GAME_OVER,43,42,2,1064,RandomPlayerConfig,OSLA
-1357770497,Checkers,0,GAME_OVER,42,41,2,1065,RandomPlayerConfig,OSLA
834377395,Checkers,0,GAME_OVER,39,38,2,1066,RandomPlayerConfig,OSLA
-599044464,Checkers,0,GAME_OVER,54,53,2,1067,RandomPlayerConfig,OSLA
1976528221,Checkers,0,GAME_OVER,39,38,2,1068,RandomPlayerConfig,OSLA
-2009304931,Checkers,0,GAME_OVER,50,49,2,1069,RandomPlayerConfig,OSLA
124156425,Checkers,0,GAME_OVER,36,35,2,1070,RandomPlayerConfig,OSLA
-82355230,Checkers,0,GAME_OVER,40,39,2,1071,RandomPlayerConfig,OSLA
-123577869,Checkers,0,GAME_OVER,54,53,2,1072,RandomPlayerConfig,OSLA
278974453,Checkers,0,GAME_OVER,43,42,2,1073,RandomPlayerConfig,OSLA
-538849058,Checkers,0,GAME_OVER,43,42,2,1074,RandomPlayerConfig,OSLA
-1581416884,Checkers,0,GAME_OVER,34,33,2,1075,RandomPlayerConfig,OSLA
2069573855,Checkers,0,GAME_OVER,41,40,2,1076,RandomPlayerConfig,OSLA
146963080,Checkers,0,GAME_OVER,62,61,2,1077,RandomPlayerConfig,OSLA
1427830265,Checkers,0,GAME_OVER,36,35,2,1078,RandomPlayerConfig,OSLA
-498971304,Checkers,0,GAME_OVER,45,44,2,1079,RandomPlayerConfig,OSLA
964786462,Checkers,0,GAME_OVER,45,44,2,1080,RandomPlayerConfig,OSLA
926058616,Checkers,0,GAME_OVER,43,42,2,1081,RandomPlayerConfig,OSLA
959163030,Checkers,0,GAME_OVER,42,41,2,1082,RandomPlayerConfig,OSLA
541684114,Checkers,0,GAME_OVER,55,54,2,1083,RandomPlayerConfig,OSLA
1567312347,Checkers,0,GAME_OVER,39,38,2,1084,RandomPlayerConfig,OSLA
-333315307,Checkers,0,GAME_OVER,43,42,2,1085,RandomPlayerConfig,OSLA
-119496343,Checkers,0,GAME_OVER,69,68,2,1086,RandomPlayerConfig,OSLA
-2064356041,Checkers,0,GAME_OVER,38,37,2,1087,RandomPlayerConfig,OSLA
-1671792876,Checkers,0,GAME_OVER,47,46,2,1088,RandomPlayerConfig,OSLA
253312696,Checkers,0,GAME_OVER,37,36,2,1089,RandomPlayerConfig,OSLA
-722520606,Checkers,0,GAME_OVER,46,45,2,1090,RandomPlayerConfig,OSLA
-2011644884,Checkers,0,GAME_OVER,36,35,2,1091,RandomPlayerConfig,OSLA
1345152125,Checkers,0,GAME_OVER,45,44,2,1092,RandomPlayerConfig,OSLA
250248655,Checkers,0,GAME_OVER,40,39,2,1093,RandomPlayerConfig,OSLA
-1187458126,Checkers,0,GAME_OVER,36,35,2,1094,RandomPlayerConfig,OSLA
212041521,Checkers,0,GAME_OVER,46,45,2,1095,RandomPlayerConfig,OSLA
93299364,Checkers,0,GAME_OVER,36,35,2,1096,RandomPlayerConfig,OSLA
784544057,Checkers,0,GAME_OVER,39,38,2,1097,RandomPlayerConfig,OSLA
-1302408562,Checkers,0,GAME_OVER,30,29,2,1098,RandomPlayerConfig,OSLA
-659544490,Checkers,0,GAME_OVER,46,45,2,1099,RandomPlayerConfig,OSLA
-1246447019,Checkers,0,GAME_OVER,51,50,2,1100,RandomPlayerConfig,OSLA
631269844,Checkers,0,GAME_OVER,42,41,2,1101,RandomPlayerConfig,OSLA
2094123571,Checkers,0,GAME_OVER,60,59,2,1102,RandomPlayerConfig,OSLA
809160365,Checkers,0,GAME_OVER,48,47,2,1103,RandomPlayerConfig,OSLA
1583991359,Checkers,0,GAME_OVER,39,38,2,1104,RandomPlayerConfig,OSLA
1017139027,Checkers,0,GAME_OVER,42,41,2,1105,RandomPlayerConfig,OSLA
28549801,Checkers,0,GAME_OVER,52,51,2,1106,RandomPlayerConfig,OSLA
313411392,Checkers,0,GAME_OVER,36,35,2,1107,RandomPlayerConfig,OSLA
-118433065,Checkers,0,GAME_OVER,47,46,2,1108,RandomPlayerConfig,OSLA
-2047627180,Checkers,0,GAME_OVER,47,46,2,1109,RandomPlayerConfig,OSLA
-309074741,Checkers,0,GAME_OVER,48,47,2,1110,RandomPlayerConfig,OSLA
1259925829,Checkers,0,GAME_OVER,43,42,2,1111,RandomPlayerConfig,OSLA
-1444737925,Checkers,0,GAME_OVER,44,43,2,1112,RandomPlayerConfig,OSLA
919601073,Checkers,0,GAME_OVER,39,38,2,1113,RandomPlayerConfig,OSLA
-947777787,Checkers,0,GAME_OVER,41,40,2,1114,RandomPlayerConfig,OSLA
-674041968,Checkers,0,GAME_OVER,38,37,2,1115,RandomPlayerConfig,OSLA
-2004548645,Checkers,0,GAME_OVER,44,43,2,1116,RandomPlayerConfig,OSLA
66278165,Checkers,0,GAME_OVER,45,44,2,1117,RandomPlayerConfig,OSLA
-194383265,Checkers,0,GAME_OVER,43,42,2,1118,RandomPlayerConfig,OSLA
-1944889016,Checkers,0,GAME_OVER,37,36,2,1119,RandomPlayerConfig,OSLA
1288386708,Checkers,0,GAME_OVER,41,40,2,1120,RandomPlayerConfig,OSLA
-816761134,Checkers,0,GAME_OVER,37,36,2,1121,RandomPlayerConfig,OSLA
258628539,Checkers,0,GAME_OVER,40,39,2,1122,RandomPlayerConfig,OSLA
-1952881699,Checkers,0,GAME_OVER,42,41,2,1123,RandomPlayerConfig,OSLA
922880541,Checkers,0,GAME_OVER,42,41,2,1124,RandomPlayerConfig,OSLA
1201171186,Checkers,0,GAME_OVER,38,37,2,1125,RandomPlayerConfig,OSLA
-1542025894,Checkers,0,GAME_OVER,49,48,2,1126,RandomPlayerConfig,OSLA
-378947527,Checkers,0,GAME_OVER,41,40,2,1127,RandomPlayerConfig,OSLA
1692909286,Checkers,0,GAME_OVER,40,39,2,1128,RandomPlayerConfig,OSLA
-324084341,Checkers,0,GAME_OVER,39,38,2,1129,RandomPlayerConfig,OSLA
395791524,Checkers,0,GAME_OVER,39,38,2,1130,RandomPlayerConfig,OSLA
1173317429,Checkers,0,GAME_OVER,57,56,2,1131,RandomPlayerConfig,OSLA
-1270558274,Checkers,0,GAME_OVER,45,44,2,1132,RandomPlayerConfig,OSLA
1883403863,Checkers,0,GAME_OVER,35,34,2,1133,RandomPlayerConfig,OSLA
-509048792,Checkers,0,GAME_OVER,41,40,2,1134,RandomPlayerConfig,OSLA
2043883854,Checkers,0,GAME_OVER,42,41,2,1135,RandomPlayerConfig,OSLA
485568884,Checkers,0,GAME_OVER,49,48,2,1136,RandomPlayerConfig,OSLA
-1537046653,Checkers,0,GAME_OVER,46,45,2,1137,RandomPlayerConfig,OSLA
-625157664,Checkers,0,GAME_OVER,40,39,2,1138,RandomPlayerConfig,OSLA
-791472745,Checkers,0,GAME_OVER,64,63,2,1139,RandomPlayerConfig,OSLA
-906275135,Checkers,0,GAME_OVER,31,30,2,1140,RandomPlayerConfig,OSLA
889124807,Checkers,0,GAME_OVER,46,45,2,1141,RandomPlayerConfig,OSLA
-1721734726,Checkers,0,GAME_OVER,41,40,2,1142,RandomPlayerConfig,OSLA
-300983311,Checkers,0,GAME_OVER,48,47,2,1143,RandomPlayerConfig,OSLA
93344869,Checkers,0,GAME_OVER,41,40,2,1144,RandomPlayerConfig,OSLA
-1318618698,Checkers,0,GAME_OVER,41,40,2,1145,RandomPlayerConfig,OSLA
-1568082861,Checkers,0,GAME_OVER,43,42,2,1146,RandomPlayerConfig,OSLA
2028047994,Checkers,0,GAME_OVER,33,32,2,1147,RandomPlayerConfig,OSLA
-2087565937,Checkers,0,GAME_OVER,57,56,2,1148,RandomPlayerConfig,OSLA
-239705001,Checkers,0,GAME_OVER,54,53,2,1149,RandomPlayerConfig,OSLA
-1759970811,Checkers,0,GAME_OVER,40,39,2,1150,RandomPlayerConfig,OSLA
698684995,Checkers,0,GAME_OVER,41,40,2,1151,RandomPlayerConfig,OSLA
-1648574847,Checkers,0,GAME_OVER,44,43,2,1152,RandomPlayerConfig,OSLA
2125988083,Checkers,0,GAME_OVER,47,46,2,1153,RandomPlayerConfig,OSLA
-659006941,Checkers,0,GAME_OVER,52,51,2,1154,RandomPlayerConfig,OSLA
-1340051643,Checkers,0,GAME_OVER,45,44,2,1155,RandomPlayerConfig,OSLA
1879909235,Checkers,0,GAME_OVER,70,69,2,1156,RandomPlayerConfig,OSLA
983065136,Checkers,0,GAME_OVER,41,40,2,1157,RandomPlayerConfig,OSLA
696573570,Checkers,0,GAME_OVER,38,37,2,1158,RandomPlayerConfig,OSLA
1689855892,Checkers,0,GAME_OVER,41,40,2,1159,RandomPlayerConfig,OSLA
1595869624,Checkers,0,GAME_OVER,36,35,2,1160,RandomPlayerConfig,OSLA
1521424478,Checkers,0,GAME_OVER,46,45,2,1161,RandomPlayerConfig,OSLA
557939516,Checkers,0,GAME_OVER,40,39,2,1162,RandomPlayerConfig,OSLA
1636572628,Checkers,0,GAME_OVER,50,49,2,1163,RandomPlayerConfig,OSLA
-1165293793,Checkers,0,GAME_OVER,41,40,2,1164,RandomPlayerConfig,OSLA
-1604233456,Checkers,0,GAME_OVER,33,32,2,1165,RandomPlayerConfig,OSLA
-1881979216,Checkers,0,GAME_OVER,54,53,2,1166,RandomPlayerConfig,OSLA
-735661332,Checkers,0,GAME_OVER,42,41,2,1167,RandomPlayerConfig,OSLA
-715615333,Checkers,0,GAME_OVER,43,42,2,1168,RandomPlayerConfig,OSLA
1300783086,Checkers,0,GAME_OVER,46,45,2,1169,RandomPlayerConfig,OSLA
-465080884,Checkers,0,GAME_OVER,43,42,2,1170,RandomPlayerConfig,OSLA
1530192634,Checkers,0,GAME_OVER,50,49,2,1171,RandomPlayerConfig,OSLA
-327556826,Checkers,0,GAME_OVER,40,39,2,1172,RandomPlayerConfig,OSLA
1230194378,Checkers,0,GAME_OVER,38,37,2,1173,RandomPlayerConfig,OSLA
-779245426,Checkers,0,GAME_OVER,45,44,2,1174,RandomPlayerConfig,OSLA
-1874626170,Checkers,0,GAME_OVER,51,50,2,1175,RandomPlayerConfig,OSLA
-2125279775,Checkers,0,GAME_OVER,52,51,2,1176,RandomPlayerConfig,OSLA
1517839088,Checkers,0,GAME_OVER,39,38,2,1177,RandomPlayerConfig,OSLA
-758713657,Checkers,0,GAME_OVER,44,43,2,1178,RandomPlayerConfig,OSLA
1676989689,Checkers,0,GAME_OVER,50,49,2,1179,RandomPlayerConfig,OSLA
-893758337,Checkers,0,GAME_OVER,39,38,2,1180,RandomPlayerConfig,OSLA
-470023743,Checkers,0,GAME_OVER,39,38,2,1181,RandomPlayerConfig,OSLA
146836769,Checkers,0,GAME_OVER,39,38,2,1182,RandomPlayerConfig,OSLA
1442442575,Checkers,0,GAME_OVER,38,37,2,1183,RandomPlayerConfig,OSLA
-1946673436,Checkers,0,GAME_OVER,40,39,2,1184,RandomPlayerConfig,OSLA
-1474875774,Checkers,0,GAME_OVER,48,47,2,1185,RandomPlayerConfig,OSLA
-1657828764,Checkers,0,GAME_OVER,41,40,2,1186,RandomPlayerConfig,OSLA
1762169355,Checkers,0,GAME_OVER,45,44,2,1187,RandomPlayerConfig,OSLA
-449437944,Checkers,0,GAME_OVER,42,41,2,1188,RandomPlayerConfig,OSLA
1109566321,Checkers,0,GAME_OVER,36,35,2,1189,RandomPlayerConfig,OSLA
1455516916,Checkers,0,GAME_OVER,56,55,2,1190,RandomPlayerConfig,OSLA
-920448149,Checkers,0,GAME_OVER,45,44,2,1191,RandomPlayerConfig,OSLA
-1778888159,Checkers,0,GAME_OVER,44,43,2,1192,RandomPlayerConfig,OSLA
706164761,Checkers,0,GAME_OVER,55,54,2,1193,RandomPlayerConfig,OSLA
123377821,Checkers,0,GAME_OVER,40,39,2,1194,RandomPlayerConfig,OSLA
-1357591843,Checkers,0,GAME_OVER,38,37,2,1195,RandomPlayerConfig,OSLA
514527745,Checkers,0,GAME_OVER,55,54,2,1196,RandomPlayerConfig,OSLA
-1686740761,Checkers,0,GAME_OVER,48,47,2,1197,RandomPlayerConfig,OSLA
-1272734573,Checkers,0,GAME_OVER,65,64,2,1198,RandomPlayerConfig,OSLA
306853553,Checkers,0,GAME_OVER,49,48,2,1199,RandomPlayerConfig,OSLA
1148885180,Checkers,0,GAME_OVER,46,45,2,1200,RandomPlayerConfig,OSLA
-343763972,Checkers,0,GAME_OVER,46,45,2,1201,RandomPlayerConfig,OSLA
138073226,Checkers,0,GAME_OVER,29,28,2,1202,MCTS_CheckersHeuristic,RandomPlayerConfig
8514478,Checkers,0,GAME_OVER,43,42,2,1203,MCTS_CheckersHeuristic,RandomPlayerConfig
1044764830,Checkers,0,GAME_OVER,42,41,2,1204,MCTS_CheckersHeuristic,RandomPlayerConfig
-868444039,Checkers,0,GAME_OVER,46,45,2,1205,MCTS_CheckersHeuristic,RandomPlayerConfig
735112182,Checkers,0,GAME_OVER,45,44,2,1206,MCTS_CheckersHeuristic,RandomPlayerConfig
-777777875,Checkers,0,GAME_OVER,34,33,2,1207,MCTS_CheckersHeuristic,RandomPlayerConfig
-1481866760,Checkers,0,GAME_OVER,42,41,2,1208,MCTS_CheckersHeuristic,RandomPlayerConfig
-1432780273,Checkers,0,GAME_OVER,40,39,2,1209,MCTS_CheckersHeuristic,RandomPlayerConfig
1171969131,Checkers,0,GAME_OVER,35,34,2,1210,MCTS_CheckersHeuristic,RandomPlayerConfig
481679851,Checkers,0,GAME_OVER,44,43,2,1211,MCTS_CheckersHeuristic,RandomPlayerConfig
1330238631,Checkers,0,GAME_OVER,37,36,2,1212,MCTS_CheckersHeuristic,RandomPlayerConfig
-1460416442,Checkers,0,GAME_OVER,40,39,2,1213,MCTS_CheckersHeuristic,RandomPlayerConfig
639557516,Checkers,0,GAME_OVER,42,41,2,1214,MCTS_CheckersHeuristic,RandomPlayerConfig
699837726,Checkers,0,GAME_OVER,37,36,2,1215,MCTS_CheckersHeuristic,RandomPlayerConfig
1120350182,Checkers,0,GAME_OVER,36,35,2,1216,MCTS_CheckersHeuristic,RandomPlayerConfig
-841247542,Checkers,0,GAME_OVER,39,38,2,1217,MCTS_CheckersHeuristic,RandomPlayerConfig
1737152305,Checkers,0,GAME_OVER,42,41,2,1218,MCTS_CheckersHeuristic,RandomPlayerConfig
-1776418371,Checkers,0,GAME_OVER,44,43,2,1219,MCTS_CheckersHeuristic,RandomPlayerConfig
1044925146,Checkers,0,GAME_OVER,36,35,2,1220,MCTS_CheckersHeuristic,RandomPlayerConfig
1075535673,Checkers,0,GAME_OVER,39,38,2,1221,MCTS_CheckersHeuristic,RandomPlayerConfig
2063721577,Checkers,0,GAME_OVER,42,41,2,1222,MCTS_CheckersHeuristic,RandomPlayerConfig
1539598131,Checkers,0,GAME_OVER,44,43,2,1223,MCTS_CheckersHeuristic,RandomPlayerConfig
-1754981058,Checkers,0,GAME_OVER,42,41,2,1224,MCTS_CheckersHeuristic,RandomPlayerConfig
-1991007498,Checkers,0,GAME_OVER,41,40,2,1225,MCTS_CheckersHeuristic,RandomPlayerConfig
1483956930,Checkers,0,GAME_OVER,36,35,2,1226,MCTS_CheckersHeuristic,RandomPlayerConfig
1947897166,Checkers,0,GAME_OVER,54,53,2,1227,MCTS_CheckersHeuristic,RandomPlayerConfig
-850973119,Checkers,0,GAME_OVER,45,44,2,1228,MCTS_CheckersHeuristic,RandomPlayerConfig
-1182390724,Checkers,0,GAME_OVER,42,41,2,1229,MCTS_CheckersHeuristic,RandomPlayerConfig
-1519049785,Checkers,0,GAME_OVER,50,49,2,1230,MCTS_CheckersHeuristic,RandomPlayerConfig
-1775199363,Checkers,0,GAME_OVER,41,40,2,1231,MCTS_CheckersHeuristic,RandomPlayerConfig
-2045612626,Checkers,0,GAME_OVER,40,39,2,1232,MCTS_CheckersHeuristic,RandomPlayerConfig
-452931979,Checkers,0,GAME_OVER,42,41,2,1233,MCTS_CheckersHeuristic,RandomPlayerConfig
2067785417,Checkers,0,GAME_OVER,40,39,2,1234,MCTS_CheckersHeuristic,RandomPlayerConfig
-1216395462,Checkers,0,GAME_OVER,41,40,2,1235,MCTS_CheckersHeuristic,RandomPlayerConfig
1503656781,Checkers,0,GAME_OVER,34,33,2,1236,MCTS_CheckersHeuristic,RandomPlayerConfig
-851943988,Checkers,0,GAME_OVER,41,40,2,1237,MCTS_CheckersHeuristic,RandomPlayerConfig
-292222750,Checkers,0,GAME_OVER,30,29,2,1238,MCTS_CheckersHeuristic,RandomPlayerConfig
8871365,Checkers,0,GAME_OVER,33,32,2,1239,MCTS_CheckersHeuristic,RandomPlayerConfig
1494450313,Checkers,0,GAME_OVER,45,44,2,1240,MCTS_CheckersHeuristic,RandomPlayerConfig
-1525090815,Checkers,0,GAME_OVER,38,37,2,1241,MCTS_CheckersHeuristic,RandomPlayerConfig
1862316342,Checkers,0,GAME_OVER,42,41,2,1242,MCTS_CheckersHeuristic,RandomPlayerConfig
-1770801902,Checkers,0,GAME_OVER,35,34,2,1243,MCTS_CheckersHeuristic,RandomPlayerConfig
540672082,Checkers,0,GAME_OVER,45,44,2,1244,MCTS_CheckersHeuristic,RandomPlayerConfig
56325243,Checkers,0,GAME_OVER,43,42,2,1245,MCTS_CheckersHeuristic,RandomPlayerConfig
-530842244,Checkers,0,GAME_OVER,41,40,2,1246,MCTS_CheckersHeuristic,RandomPlayerConfig
-315312125,Checkers,0,GAME_OVER,41,40,2,1247,MCTS_CheckersHeuristic,RandomPlayerConfig
-483704508,Checkers,0,GAME_OVER,34,33,2,1248,MCTS_CheckersHeuristic,RandomPlayerConfig
-959710301,Checkers,0,GAME_OVER,46,45,2,1249,MCTS_CheckersHeuristic,RandomPlayerConfig
-1650003268,Checkers,0,GAME_OVER,48,47,2,1250,MCTS_CheckersHeuristic,RandomPlayerConfig
-1186201127,Checkers,0,GAME_OVER,36,35,2,1251,MCTS_CheckersHeuristic,RandomPlayerConfig
915748360,Checkers,0,GAME_OVER,42,41,2,1252,MCTS_CheckersHeuristic,RandomPlayerConfig
308231535,Checkers,0,GAME_OVER,43,42,2,1253,MCTS_CheckersHeuristic,RandomPlayerConfig
126498393,Checkers,0,GAME_OVER,45,44,2,1254,MCTS_CheckersHeuristic,RandomPlayerConfig
821148904,Checkers,0,GAME_OVER,37,36,2,1255,MCTS_CheckersHeuristic,RandomPlayerConfig
-978647046,Checkers,0,GAME_OVER,34,33,2,1256,MCTS_CheckersHeuristic,RandomPlayerConfig
-1900455108,Checkers,0,GAME_OVER,36,35,2,1257,MCTS_CheckersHeuristic,RandomPlayerConfig
-951266478,Checkers,0,GAME_OVER,40,39,2,1258,MCTS_CheckersHeuristic,RandomPlayerConfig
816101514,Checkers,0,GAME_OVER,37,36,2,1259,MCTS_CheckersHeuristic,RandomPlayerConfig
740796428,Checkers,0,GAME_OVER,34,33,2,1260,MCTS_CheckersHeuristic,RandomPlayerConfig
-710775072,Checkers,0,GAME_OVER,51,50,2,1261,MCTS_CheckersHeuristic,RandomPlayerConfig
-116748348,Checkers,0,GAME_OVER,44,43,2,1262,MCTS_CheckersHeuristic,RandomPlayerConfig
1389455957,Checkers,0,GAME_OVER,32,31,2,1263,MCTS_CheckersHeuristic,RandomPlayerConfig
1198393833,Checkers,0,GAME_OVER,41,40,2,1264,MCTS_CheckersHeuristic,RandomPlayerConfig
-1357770497,Checkers,0,GAME_OVER,38,37,2,1265,MCTS_CheckersHeuristic,RandomPlayerConfig
834377395,Checkers,0,GAME_OVER,32,31,2,1266,MCTS_CheckersHeuristic,RandomPlayerConfig
-599044464,Checkers,0,GAME_OVER,41,40,2,1267,MCTS_CheckersHeuristic,RandomPlayerConfig
1976528221,Checkers,0,GAME_OVER,33,32,2,1268,MCTS_CheckersHeuristic,RandomPlayerConfig
-2009304931,Checkers,0,GAME_OVER,38,37,2,1269,MCTS_CheckersHeuristic,RandomPlayerConfig
124156425,Checkers,0,GAME_OVER,38,37,2,1270,MCTS_CheckersHeuristic,RandomPlayerConfig
-82355230,Checkers,0,GAME_OVER,33,32,2,1271,MCTS_CheckersHeuristic,RandomPlayerConfig
-123577869,Checkers,0,GAME_OVER,33,32,2,1272,MCTS_CheckersHeuristic,RandomPlayerConfig
278974453,Checkers,0,GAME_OVER,44,43,2,1273,MCTS_CheckersHeuristic,RandomPlayerConfig
-538849058,Checkers,0,GAME_OVER,42,41,2,1274,MCTS_CheckersHeuristic,RandomPlayerConfig
-1581416884,Checkers,0,GAME_OVER,40,39,2,1275,MCTS_CheckersHeuristic,RandomPlayerConfig
2069573855,Checkers,0,GAME_OVER,35,34,2,1276,MCTS_CheckersHeuristic,RandomPlayerConfig
146963080,Checkers,0,GAME_OVER,42,41,2,1277,MCTS_CheckersHeuristic,RandomPlayerConfig
1427830265,Checkers,0,GAME_OVER,43,42,2,1278,MCTS_CheckersHeuristic,RandomPlayerConfig
-498971304,Checkers,0,GAME_OVER,42,41,2,1279,MCTS_CheckersHeuristic,RandomPlayerConfig
964786462,Checkers,0,GAME_OVER,50,49,2,1280,MCTS_CheckersHeuristic,RandomPlayerConfig
926058616,Checkers,0,GAME_OVER,48,47,2,1281,MCTS_CheckersHeuristic,RandomPlayerConfig
959163030,Checkers,0,GAME_OVER,38,37,2,1282,MCTS_CheckersHeuristic,RandomPlayerConfig
541684114,Checkers,0,GAME_OVER,46,45,2,1283,MCTS_CheckersHeuristic,RandomPlayerConfig
1567312347,Checkers,0,GAME_OVER,35,34,2,1284,MCTS_CheckersHeuristic,RandomPlayerConfig
-333315307,Checkers,0,GAME_OVER,41,40,2,1285,MCTS_CheckersHeuristic,RandomPlayerConfig
-119496343,Checkers,0,GAME_OVER,42,41,2,1286,MCTS_CheckersHeuristic,RandomPlayerConfig
-2064356041,Checkers,0,GAME_OVER,29,28,2,1287,MCTS_CheckersHeuristic,RandomPlayerConfig
-1671792876,Checkers,0,GAME_OVER,39,38,2,1288,MCTS_CheckersHeuristic,RandomPlayerConfig
253312696,Checkers,0,GAME_OVER,40,39,2,1289,MCTS_CheckersHeuristic,RandomPlayerConfig
-722520606,Checkers,0,GAME_OVER,44,43,2,1290,MCTS_CheckersHeuristic,RandomPlayerConfig
-2011644884,Checkers,0,GAME_OVER,42,41,2,1291,MCTS_CheckersHeuristic,RandomPlayerConfig
1345152125,Checkers,0,GAME_OVER,42,41,2,1292,MCTS_CheckersHeuristic,RandomPlayerConfig
250248655,Checkers,0,GAME_OVER,38,37,2,1293,MCTS_CheckersHeuristic,RandomPlayerConfig
-1187458126,Checkers,0,GAME_OVER,43,42,2,1294,MCTS_CheckersHeuristic,RandomPlayerConfig
212041521,Checkers,0,GAME_OVER,46,45,2,1295,MCTS_CheckersHeuristic,RandomPlayerConfig
93299364,Checkers,0,GAME_OVER,42,41,2,1296,MCTS_CheckersHeuristic,RandomPlayerConfig
784544057,Checkers,0,GAME_OVER,38,37,2,1297,MCTS_CheckersHeuristic,RandomPlayerConfig
-1302408562,Checkers,0,GAME_OVER,39,38,2,1298,MCTS_CheckersHeuristic,RandomPlayerConfig
-659544490,Checkers,0,GAME_OVER,45,44,2,1299,MCTS_CheckersHeuristic,RandomPlayerConfig
-1246447019,Checkers,0,GAME_OVER,38,37,2,1300,MCTS_CheckersHeuristic,RandomPlayerConfig
631269844,Checkers,0,GAME_OVER,44,43,2,1301,MCTS_CheckersHeuristic,RandomPlayerConfig
2094123571,Checkers,0,GAME_OVER,36,35,2,1302,MCTS_CheckersHeuristic,RandomPlayerConfig
809160365,Checkers,0,GAME_OVER,38,37,2,1303,MCTS_CheckersHeuristic,RandomPlayerConfig
1583991359,Checkers,0,GAME_OVER,46,45,2,1304,MCTS_CheckersHeuristic,RandomPlayerConfig
1017139027,Checkers,0,GAME_OVER,43,42,2,1305,MCTS_CheckersHeuristic,RandomPlayerConfig
28549801,Checkers,0,GAME_OVER,45,44,2,1306,MCTS_CheckersHeuristic,RandomPlayerConfig
313411392,Checkers,0,GAME_OVER,44,43,2,1307,MCTS_CheckersHeuristic,RandomPlayerConfig
-118433065,Checkers,0,GAME_OVER,44,43,2,1308,MCTS_CheckersHeuristic,RandomPlayerConfig
-2047627180,Checkers,0,GAME_OVER,39,38,2,1309,MCTS_CheckersHeuristic,RandomPlayerConfig
-309074741,Checkers,0,GAME_OVER,42,41,2,1310,MCTS_CheckersHeuristic,RandomPlayerConfig
1259925829,Checkers,0,GAME_OVER,46,45,2,1311,MCTS_CheckersHeuristic,RandomPlayerConfig
-1444737925,Checkers,0,GAME_OVER,36,35,2,1312,MCTS_CheckersHeuristic,RandomPlayerConfig
919601073,Checkers,0,GAME_OVER,40,39,2,1313,MCTS_CheckersHeuristic,RandomPlayerConfig
-947777787,Checkers,0,GAME_OVER,45,44,2,1314,MCTS_CheckersHeuristic,RandomPlayerConfig
-674041968,Checkers,0,GAME_OVER,37,36,2,1315,MCTS_CheckersHeuristic,RandomPlayerConfig
-2004548645,Checkers,0,GAME_OVER,50,49,2,1316,MCTS_CheckersHeuristic,RandomPlayerConfig
66278165,Checkers,0,GAME_OVER,44,43,2,1317,MCTS_CheckersHeuristic,RandomPlayerConfig
-194383265,Checkers,0,GAME_OVER,45,44,2,1318,MCTS_CheckersHeuristic,RandomPlayerConfig
-1944889016,Checkers,0,GAME_OVER,32,31,2,1319,MCTS_CheckersHeuristic,RandomPlayerConfig
1288386708,Checkers,0,GAME_OVER,31,30,2,1320,MCTS_CheckersHeuristic,RandomPlayerConfig
-816761134,Checkers,0,GAME_OVER,38,37,2,1321,MCTS_CheckersHeuristic,RandomPlayerConfig
258628539,Checkers,0,GAME_OVER,38,37,2,1322,MCTS_CheckersHeuristic,RandomPlayerConfig
-1952881699,Checkers,0,GAME_OVER,37,36,2,1323,MCTS_CheckersHeuristic,RandomPlayerConfig
922880541,Checkers,0,GAME_OVER,42,41,2,1324,MCTS_CheckersHeuristic,RandomPlayerConfig
1201171186,Checkers,0,GAME_OVER,45,44,2,1325,MCTS_CheckersHeuristic,RandomPlayerConfig
-1542025894,Checkers,0,GAME_OVER,40,39,2,1326,MCTS_CheckersHeuristic,RandomPlayerConfig
-378947527,Checkers,0,GAME_OVER,34,33,2,1327,MCTS_CheckersHeuristic,RandomPlayerConfig
1692909286,Checkers,0,GAME_OVER,43,42,2,1328,MCTS_CheckersHeuristic,RandomPlayerConfig
-324084341,Checkers,0,GAME_OVER,38,37,2,1329,MCTS_CheckersHeuristic,RandomPlayerConfig
395791524,Checkers,0,GAME_OVER,39,38,2,1330,MCTS_CheckersHeuristic,RandomPlayerConfig
1173317429,Checkers,0,GAME_OVER,44,43,2,1331,MCTS_CheckersHeuristic,RandomPlayerConfig
-1270558274,Checkers,0,GAME_OVER,38,37,2,1332,MCTS_CheckersHeuristic,RandomPlayerConfig
1883403863,Checkers,0,GAME_OVER,39,38,2,1333,MCTS_CheckersHeuristic,RandomPlayerConfig
-509048792,Checkers,0,GAME_OVER,41,40,2,1334,MCTS_CheckersHeuristic,RandomPlayerConfig
2043883854,Checkers,0,GAME_OVER,34,33,2,1335,MCTS_CheckersHeuristic,RandomPlayerConfig
485568884,Checkers,0,GAME_OVER,45,44,2,1336,MCTS_CheckersHeuristic,RandomPlayerConfig
-1537046653,Checkers,0,GAME_OVER,38,37,2,1337,MCTS_CheckersHeuristic,RandomPlayerConfig
-625157664,Checkers,0,GAME_OVER,42,41,2,1338,MCTS_CheckersHeuristic,RandomPlayerConfig
-791472745,Checkers,0,GAME_OVER,35,34,2,1339,MCTS_CheckersHeuristic,RandomPlayerConfig
-906275135,Checkers,0,GAME_OVER,42,41,2,1340,MCTS_CheckersHeuristic,RandomPlayerConfig
889124807,Checkers,0,GAME_OVER,46,45,2,1341,MCTS_CheckersHeuristic,RandomPlayerConfig
-1721734726,Checkers,0,GAME_OVER,41,40,2,1342,MCTS_CheckersHeuristic,RandomPlayerConfig
-300983311,Checkers,0,GAME_OVER,41,40,2,1343,MCTS_CheckersHeuristic,RandomPlayerConfig
93344869,Checkers,0,GAME_OVER,35,34,2,1344,MCTS_CheckersHeuristic,RandomPlayerConfig
-1318618698,Checkers,0,GAME_OVER,42,41,2,1345,MCTS_CheckersHeuristic,RandomPlayerConfig
-1568082861,Checkers,0,GAME_OVER,38,37,2,1346,MCTS_CheckersHeuristic,RandomPlayerConfig
2028047994,Checkers,0,GAME_OVER,39,38,2,1347,MCTS_CheckersHeuristic,RandomPlayerConfig
-2087565937,Checkers,0,GAME_OVER,43,42,2,1348,MCTS_CheckersHeuristic,RandomPlayerConfig
-239705001,Checkers,0,GAME_OVER,43,42,2,1349,MCTS_CheckersHeuristic,RandomPlayerConfig
-1759970811,Checkers,0,GAME_OVER,35,34,2,1350,MCTS_CheckersHeuristic,RandomPlayerConfig
698684995,Checkers,0,GAME_OVER,38,37,2,1351,MCTS_CheckersHeuristic,RandomPlayerConfig
-1648574847,Checkers,0,GAME_OVER,35,34,2,1352,MCTS_CheckersHeuristic,RandomPlayerConfig
2125988083,Checkers,0,GAME_OVER,49,48,2,1353,MCTS_CheckersHeuristic,RandomPlayerConfig
-659006941,Checkers,0,GAME_OVER,39,38,2,1354,MCTS_CheckersHeuristic,RandomPlayerConfig
-1340051643,Checkers,0,GAME_OVER,40,39,2,1355,MCTS_CheckersHeuristic,RandomPlayerConfig
1879909235,Checkers,0,GAME_OVER,41,40,2,1356,MCTS_CheckersHeuristic,RandomPlayerConfig
983065136,Checkers,0,GAME_OVER,41,40,2,1357,MCTS_CheckersHeuristic,RandomPlayerConfig
696573570,Checkers,0,GAME_OVER,44,43,2,1358,MCTS_CheckersHeuristic,RandomPlayerConfig
1689855892,Checkers,0,GAME_OVER,48,47,2,1359,MCTS_CheckersHeuristic,RandomPlayerConfig
1595869624,Checkers,0,GAME_OVER,31,30,2,1360,MCTS_CheckersHeuristic,RandomPlayerConfig
1521424478,Checkers,0,GAME_OVER,30,29,2,1361,MCTS_CheckersHeuristic,RandomPlayerConfig
557939516,Checkers,0,GAME_OVER,34,33,2,1362,MCTS_CheckersHeuristic,RandomPlayerConfig
1636572628,Checkers,0,GAME_OVER,40,39,2,1363,MCTS_CheckersHeuristic,RandomPlayerConfig
-1165293793,Checkers,0,GAME_OVER,44,43,2,1364,MCTS_CheckersHeuristic,RandomPlayerConfig
-1604233456,Checkers,0,GAME_OVER,40,39,2,1365,MCTS_CheckersHeuristic,RandomPlayerConfig
-1881979216,Checkers,0,GAME_OVER,46,45,2,1366,MCTS_CheckersHeuristic,RandomPlayerConfig
-735661332,Checkers,0,GAME_OVER,70,69,2,1367,MCTS_CheckersHeuristic,RandomPlayerConfig
-715615333,Checkers,0,GAME_OVER,46,45,2,1368,MCTS_CheckersHeuristic,RandomPlayerConfig
1300783086,Checkers,0,GAME_OVER,50,49,2,1369,MCTS_CheckersHeuristic,RandomPlayerConfig
-465080884,Checkers,0,GAME_OVER,44,43,2,1370,MCTS_CheckersHeuristic,RandomPlayerConfig
1530192634,Checkers,0,GAME_OVER,35,34,2,1371,MCTS_CheckersHeuristic,RandomPlayerConfig
-327556826,Checkers,0,GAME_OVER,53,52,2,1372,MCTS_CheckersHeuristic,RandomPlayerConfig
1230194378,Checkers,0,GAME_OVER,44,43,2,1373,MCTS_CheckersHeuristic,RandomPlayerConfig
-779245426,Checkers,0,GAME_OVER,37,36,2,1374,MCTS_CheckersHeuristic,RandomPlayerConfig
-1874626170,Checkers,0,GAME_OVER,48,47,2,1375,MCTS_CheckersHeuristic,RandomPlayerConfig
-2125279775,Checkers,0,GAME_OVER,49,48,2,1376,MCTS_CheckersHeuristic,RandomPlayerConfig
1517839088,Checkers,0,GAME_OVER,47,46,2,1377,MCTS_CheckersHeuristic,RandomPlayerConfig
-758713657,Checkers,0,GAME_OVER,40,39,2,1378,MCTS_CheckersHeuristic,RandomPlayerConfig
1676989689,Checkers,0,GAME_OVER,36,35,2,1379,MCTS_CheckersHeuristic,RandomPlayerConfig
-893758337,Checkers,0,GAME_OVER,40,39,2,1380,MCTS_CheckersHeuristic,RandomPlayerConfig
-470023743,Checkers,0,GAME_OVER,41,40,2,1381,MCTS_CheckersHeuristic,RandomPlayerConfig
146836769,Checkers,0,GAME_OVER,52,51,2,1382,MCTS_CheckersHeuristic,RandomPlayerConfig
1442442575,Checkers,0,GAME_OVER,33,32,2,1383,MCTS_CheckersHeuristic,RandomPlayerConfig
-1946673436,Checkers,0,GAME_OVER,35,34,2,1384,MCTS_CheckersHeuristic,RandomPlayerConfig
-1474875774,Checkers,0,GAME_OVER,32,31,2,1385,MCTS_CheckersHeuristic,RandomPlayerConfig
-1657828764,Checkers,0,GAME_OVER,34,33,2,1386,MCTS_CheckersHeuristic,RandomPlayerConfig
1762169355,Checkers,0,GAME_OVER,40,39,2,1387,MCTS_CheckersHeuristic,RandomPlayerConfig
-449437944,Checkers,0,GAME_OVER,43,42,2,1388,MCTS_CheckersHeuristic,RandomPlayerConfig
1109566321,Checkers,0,GAME_OVER,48,47,2,1389,MCTS_CheckersHeuristic,RandomPlayerConfig
1455516916,Checkers,0,GAME_OVER,38,37,2,1390,MCTS_CheckersHeuristic,RandomPlayerConfig
-920448149,Checkers,0,GAME_OVER,38,37,2,1391,MCTS_CheckersHeuristic,RandomPlayerConfig
-1778888159,Checkers,0,GAME_OVER,45,44,2,1392,MCTS_CheckersHeuristic,RandomPlayerConfig
706164761,Checkers,0,GAME_OVER,37,36,2,1393,MCTS_CheckersHeuristic,RandomPlayerConfig
123377821,Checkers,0,GAME_OVER,46,45,2,1394,MCTS_CheckersHeuristic,RandomPlayerConfig
-1357591843,Checkers,0,GAME_OVER,46,45,2,1395,MCTS_CheckersHeuristic,RandomPlayerConfig
514527745,Checkers,0,GAME_OVER,38,37,2,1396,MCTS_CheckersHeuristic,RandomPlayerConfig
-1686740761,Checkers,0,GAME_OVER,39,38,2,1397,MCTS_CheckersHeuristic,RandomPlayerConfig
-1272734573,Checkers,0,GAME_OVER,42,41,2,1398,MCTS_CheckersHeuristic,RandomPlayerConfig
306853553,Checkers,0,GAME_OVER,38,37,2,1399,MCTS_CheckersHeuristic,RandomPlayerConfig
1148885180,Checkers,0,GAME_OVER,40,39,2,1400,MCTS_CheckersHeuristic,RandomPlayerConfig
-343763972,Checkers,0,GAME_OVER,39,38,2,1401,MCTS_CheckersHeuristic,RandomPlayerConfig
138073226,Checkers,0,GAME_OVER,45,44,2,1402,OSLA,RandomPlayerConfig
8514478,Checkers,0,GAME_OVER,48,47,2,1403,OSLA,RandomPlayerConfig
1044764830,Checkers,0,GAME_OVER,48,47,2,1404,OSLA,RandomPlayerConfig
-868444039,Checkers,0,GAME_OVER,37,36,2,1405,OSLA,RandomPlayerConfig
735112182,Checkers,0,GAME_OVER,46,45,2,1406,OSLA,RandomPlayerConfig
-777777875,Checkers,0,GAME_OVER,39,38,2,1407,OSLA,RandomPlayerConfig
-1481866760,Checkers,0,GAME_OVER,36,35,2,1408,OSLA,RandomPlayerConfig
-1432780273,Checkers,0,GAME_OVER,37,36,2,1409,OSLA,RandomPlayerConfig
1171969131,Checkers,0,GAME_OVER,40,39,2,1410,OSLA,RandomPlayerConfig
481679851,Checkers,0,GAME_OVER,49,48,2,1411,OSLA,RandomPlayerConfig
1330238631,Checkers,0,GAME_OVER,34,33,2,1412,OSLA,RandomPlayerConfig
-1460416442,Checkers,0,GAME_OVER,38,37,2,1413,OSLA,RandomPlayerConfig
639557516,Checkers,0,GAME_OVER,39,38,2,1414,OSLA,RandomPlayerConfig
699837726,Checkers,0,GAME_OVER,37,36,2,1415,OSLA,RandomPlayerConfig
1120350182,Checkers,0,GAME_OVER,33,32,2,1416,OSLA,RandomPlayerConfig
-841247542,Checkers,0,GAME_OVER,38,37,2,1417,OSLA,RandomPlayerConfig
1737152305,Checkers,0,GAME_OVER,37,36,2,1418,OSLA,RandomPlayerConfig
-1776418371,Checkers,0,GAME_OVER,36,35,2,1419,OSLA,RandomPlayerConfig
1044925146,Checkers,0,GAME_OVER,34,33,2,1420,OSLA,RandomPlayerConfig
1075535673,Checkers,0,GAME_OVER,42,41,2,1421,OSLA,RandomPlayerConfig
2063721577,Checkers,0,GAME_OVER,34,33,2,1422,OSLA,RandomPlayerConfig
1539598131,Checkers,0,GAME_OVER,40,39,2,1423,OSLA,RandomPlayerConfig
-1754981058,Checkers,0,GAME_OVER,42,41,2,1424,OSLA,RandomPlayerConfig
-1991007498,Checkers,0,GAME_OVER,39,38,2,1425,OSLA,RandomPlayerConfig
1483956930,Checkers,0,GAME_OVER,32,31,2,1426,OSLA,RandomPlayerConfig
1947897166,Checkers,0,GAME_OVER,34,33,2,1427,OSLA,RandomPlayerConfig
-850973119,Checkers,0,GAME_OVER,39,38,2,1428,OSLA,RandomPlayerConfig
-1182390724,Checkers,0,GAME_OVER,35,34,2,1429,OSLA,RandomPlayerConfig
-1519049785,Checkers,0,GAME_OVER,36,35,2,1430,OSLA,RandomPlayerConfig
-1775199363,Checkers,0,GAME_OVER,34,33,2,1431,OSLA,RandomPlayerConfig
-2045612626,Checkers,0,GAME_OVER,34,33,2,1432,OSLA,RandomPlayerConfig
-452931979,Checkers,0,GAME_OVER,37,36,2,1433,OSLA,RandomPlayerConfig
2067785417,Checkers,0,GAME_OVER,48,47,2,1434,OSLA,RandomPlayerConfig
-1216395462,Checkers,0,GAME_OVER,40,39,2,1435,OSLA,RandomPlayerConfig
1503656781,Checkers,0,GAME_OVER,35,34,2,1436,OSLA,RandomPlayerConfig
-851943988,Checkers,0,GAME_OVER,37,36,2,1437,OSLA,RandomPlayerConfig
-292222750,Checkers,0,GAME_OVER,47,46,2,1438,OSLA,RandomPlayerConfig
8871365,Checkers,0,GAME_OVER,28,27,2,1439,OSLA,RandomPlayerConfig
1494450313,Checkers,0,GAME_OVER,33,32,2,1440,OSLA,RandomPlayerConfig
-1525090815,Checkers,0,GAME_OVER,50,49,2,1441,OSLA,RandomPlayerConfig
1862316342,Checkers,0,GAME_OVER,39,38,2,1442,OSLA,RandomPlayerConfig
-1770801902,Checkers,0,GAME_OVER,37,36,2,1443,OSLA,RandomPlayerConfig
540672082,Checkers,0,GAME_OVER,38,37,2,1444,OSLA,RandomPlayerConfig
56325243,Checkers,0,GAME_OVER,36,35,2,1445,OSLA,RandomPlayerConfig
-530842244,Checkers,0,GAME_OVER,39,38,2,1446,OSLA,RandomPlayerConfig
-315312125,Checkers,0,GAME_OVER,42,41,2,1447,OSLA,RandomPlayerConfig
-483704508,Checkers,0,GAME_OVER,32,31,2,1448,OSLA,RandomPlayerConfig
-959710301,Checkers,0,GAME_OVER,35,34,2,1449,OSLA,RandomPlayerConfig
-1650003268,Checkers,0,GAME_OVER,47,46,2,1450,OSLA,RandomPlayerConfig
-1186201127,Checkers,0,GAME_OVER,35,34,2,1451,OSLA,RandomPlayerConfig
915748360,Checkers,0,GAME_OVER,43,42,2,1452,OSLA,RandomPlayerConfig
308231535,Checkers,0,GAME_OVER,39,38,2,1453,OSLA,RandomPlayerConfig
126498393,Checkers,0,GAME_OVER,33,32,2,1454,OSLA,RandomPlayerConfig
821148904,Checkers,0,GAME_OVER,39,38,2,1455,OSLA,RandomPlayerConfig
-978647046,Checkers,0,GAME_OVER,38,37,2,1456,OSLA,RandomPlayerConfig
-1900455108,Checkers,0,GAME_OVER,40,39,2,1457,OSLA,RandomPlayerConfig
-951266478,Checkers,0,GAME_OVER,39,38,2,1458,OSLA,RandomPlayerConfig
816101514,Checkers,0,GAME_OVER,40,39,2,1459,OSLA,RandomPlayerConfig
740796428,Checkers,0,GAME_OVER,37,36,2,1460,OSLA,RandomPlayerConfig
-710775072,Checkers,0,GAME_OVER,43,42,2,1461,OSLA,RandomPlayerConfig
-116748348,Checkers,0,GAME_OVER,35,34,2,1462,OSLA,RandomPlayerConfig
1389455957,Checkers,0,GAME_OVER,46,45,2,1463,OSLA,RandomPlayerConfig
1198393833,Checkers,0,GAME_OVER,34,33,2,1464,OSLA,RandomPlayerConfig
-1357770497,Checkers,0,GAME_OVER,42,41,2,1465,OSLA,RandomPlayerConfig
834377395,Checkers,0,GAME_OVER,34,33,2,1466,OSLA,RandomPlayerConfig
-599044464,Checkers,0,GAME_OVER,32,31,2,1467,OSLA,RandomPlayerConfig
1976528221,Checkers,0,GAME_OVER,36,35,2,1468,OSLA,RandomPlayerConfig
-2009304931,Checkers,0,GAME_OVER,42,41,2,1469,OSLA,RandomPlayerConfig
124156425,Checkers,0,GAME_OVER,38,37,2,1470,OSLA,RandomPlayerConfig
-82355230,Checkers,0,GAME_OVER,37,36,2,1471,OSLA,RandomPlayerConfig
-123577869,Checkers,0,GAME_OVER,44,43,2,1472,OSLA,RandomPlayerConfig
278974453,Checkers,0,GAME_OVER,46,45,2,1473,OSLA,RandomPlayerConfig
-538849058,Checkers,0,GAME_OVER,37,36,2,1474,OSLA,RandomPlayerConfig
-1581416884,Checkers,0,GAME_OVER,37,36,2,1475,OSLA,RandomPlayerConfig
2069573855,Checkers,0,GAME_OVER,42,41,2,1476,OSLA,RandomPlayerConfig
146963080,Checkers,0,GAME_OVER,31,30,2,1477,OSLA,RandomPlayerConfig
1427830265,Checkers,0,GAME_OVER,39,38,2,1478,OSLA,RandomPlayerConfig
-498971304,Checkers,0,GAME_OVER,43,42,2,1479,OSLA,RandomPlayerConfig
964786462,Checkers,0,GAME_OVER,39,38,2,1480,OSLA,RandomPlayerConfig
926058616,Checkers,0,GAME_OVER,34,33,2,1481,OSLA,RandomPlayerConfig
959163030,Checkers,0,GAME_OVER,28,27,2,1482,OSLA,RandomPlayerConfig
541684114,Checkers,0,GAME_OVER,33,32,2,1483,OSLA,RandomPlayerConfig
1567312347,Checkers,0,GAME_OVER,39,38,2,1484,OSLA,RandomPlayerConfig
-333315307,Checkers,0,GAME_OVER,37,36,2,1485,OSLA,RandomPlayerConfig
-119496343,Checkers,0,GAME_OVER,42,41,2,1486,OSLA,RandomPlayerConfig
-2064356041,Checkers,0,GAME_OVER,46,45,2,1487,OSLA,RandomPlayerConfig
-1671792876,Checkers,0,GAME_OVER,43,42,2,1488,OSLA,RandomPlayerConfig
253312696,Checkers,0,GAME_OVER,45,44,2,1489,OSLA,RandomPlayerConfig
-722520606,Checkers,0,GAME_OVER,35,34,2,1490,OSLA,RandomPlayerConfig
-2011644884,Checkers,0,GAME_OVER,42,41,2,1491,OSLA,RandomPlayerConfig
1345152125,Checkers,0,GAME_OVER,32,31,2,1492,OSLA,RandomPlayerConfig
250248655,Checkers,0,GAME_OVER,38,37,2,1493,OSLA,RandomPlayerConfig
-1187458126,Checkers,0,GAME_OVER,39,38,2,1494,OSLA,RandomPlayerConfig
212041521,Checkers,0,GAME_OVER,39,38,2,1495,OSLA,RandomPlayerConfig
93299364,Checkers,0,GAME_OVER,49,48,2,1496,OSLA,RandomPlayerConfig
784544057,Checkers,0,GAME_OVER,43,42,2,1497,OSLA,RandomPlayerConfig
-1302408562,Checkers,0,GAME_OVER,56,55,2,1498,OSLA,RandomPlayerConfig
-659544490,Checkers,0,GAME_OVER,36,35,2,1499,OSLA,RandomPlayerConfig
-1246447019,Checkers,0,GAME_OVER,37,36,2,1500,OSLA,RandomPlayerConfig
631269844,Checkers,0,GAME_OVER,38,37,2,1501,OSLA,RandomPlayerConfig
2094123571,Checkers,0,GAME_OVER,48,47,2,1502,OSLA,RandomPlayerConfig
809160365,Checkers,0,GAME_OVER,38,37,2,1503,OSLA,RandomPlayerConfig
1583991359,Checkers,0,GAME_OVER,32,31,2,1504,OSLA,RandomPlayerConfig
1017139027,Checkers,0,GAME_OVER,34,33,2,1505,OSLA,RandomPlayerConfig
28549801,Checkers,0,GAME_OVER,45,44,2,1506,OSLA,RandomPlayerConfig
313411392,Checkers,0,GAME_OVER,36,35,2,1507,OSLA,RandomPlayerConfig
-118433065,Checkers,0,GAME_OVER,48,47,2,1508,OSLA,RandomPlayerConfig
-2047627180,Checkers,0,GAME_OVER,32,31,2,1509,OSLA,RandomPlayerConfig
-309074741,Checkers,0,GAME_OVER,41,40,2,1510,OSLA,RandomPlayerConfig
1259925829,Checkers,0,GAME_OVER,39,38,2,1511,OSLA,RandomPlayerConfig
-1444737925,Checkers,0,GAME_OVER,36,35,2,1512,OSLA,RandomPlayerConfig
919601073,Checkers,0,GAME_OVER,38,37,2,1513,OSLA,RandomPlayerConfig
-947777787,Checkers,0,GAME_OVER,45,44,2,1514,OSLA,RandomPlayerConfig
-674041968,Checkers,0,GAME_OVER,42,41,2,1515,OSLA,RandomPlayerConfig
-2004548645,Checkers,0,GAME_OVER,47,46,2,1516,OSLA,RandomPlayerConfig
66278165,Checkers,0,GAME_OVER,43,42,2,1517,OSLA,RandomPlayerConfig
-194383265,Checkers,0,GAME_OVER,42,41,2,1518,OSLA,RandomPlayerConfig
-1944889016,Checkers,0,GAME_OVER,39,38,2,1519,OSLA,RandomPlayerConfig
1288386708,Checkers,0,GAME_OVER,32,31,2,1520,OSLA,RandomPlayerConfig
-816761134,Checkers,0,GAME_OVER,45,44,2,1521,OSLA,RandomPlayerConfig
258628539,Checkers,0,GAME_OVER,39,38,2,1522,OSLA,RandomPlayerConfig
-1952881699,Checkers,0,GAME_OVER,44,43,2,1523,OSLA,RandomPlayerConfig
922880541,Checkers,0,GAME_OVER,32,31,2,1524,OSLA,RandomPlayerConfig
1201171186,Checkers,0,GAME_OVER,33,32,2,1525,OSLA,RandomPlayerConfig
-1542025894,Checkers,0,GAME_OVER,37,36,2,1526,OSLA,RandomPlayerConfig
-378947527,Checkers,0,GAME_OVER,42,41,2,1527,OSLA,RandomPlayerConfig
1692909286,Checkers,0,GAME_OVER,33,32,2,1528,OSLA,RandomPlayerConfig
-324084341,Checkers,0,GAME_OVER,41,40,2,1529,OSLA,RandomPlayerConfig
395791524,Checkers,0,GAME_OVER,34,33,2,1530,OSLA,RandomPlayerConfig
1173317429,Checkers,0,GAME_OVER,27,26,2,1531,OSLA,RandomPlayerConfig
-1270558274,Checkers,0,GAME_OVER,38,37,2,1532,OSLA,RandomPlayerConfig
1883403863,Checkers,0,GAME_OVER,27,26,2,1533,OSLA,RandomPlayerConfig
-509048792,Checkers,0,GAME_OVER,47,46,2,1534,OSLA,RandomPlayerConfig
2043883854,Checkers,0,GAME_OVER,35,34,2,1535,OSLA,RandomPlayerConfig
485568884,Checkers,0,GAME_OVER,27,26,2,1536,OSLA,RandomPlayerConfig
-1537046653,Checkers,0,GAME_OVER,35,34,2,1537,OSLA,RandomPlayerConfig
-625157664,Checkers,0,GAME_OVER,36,35,2,1538,OSLA,RandomPlayerConfig
-791472745,Checkers,0,GAME_OVER,33,32,2,1539,OSLA,RandomPlayerConfig
-906275135,Checkers,0,GAME_OVER,38,37,2,1540,OSLA,RandomPlayerConfig
889124807,Checkers,0,GAME_OVER,50,49,2,1541,OSLA,RandomPlayerConfig
-1721734726,Checkers,0,GAME_OVER,39,38,2,1542,OSLA,RandomPlayerConfig
-300983311,Checkers,0,GAME_OVER,34,33,2,1543,OSLA,RandomPlayerConfig
93344869,Checkers,0,GAME_OVER,43,42,2,1544,OSLA,RandomPlayerConfig
-1318618698,Checkers,0,GAME_OVER,40,39,2,1545,OSLA,RandomPlayerConfig
-1568082861,Checkers,0,GAME_OVER,42,41,2,1546,OSLA,RandomPlayerConfig
2028047994,Checkers,0,GAME_OVER,40,39,2,1547,OSLA,RandomPlayerConfig
-2087565937,Checkers,0,GAME_OVER,34,33,2,1548,OSLA,RandomPlayerConfig
-239705001,Checkers,0,GAME_OVER,38,37,2,1549,OSLA,RandomPlayerConfig
-1759970811,Checkers,0,GAME_OVER,48,47,2,1550,OSLA,RandomPlayerConfig
698684995,Checkers,0,GAME_OVER,39,38,2,1551,OSLA,RandomPlayerConfig
-1648574847,Checkers,0,GAME_OVER,34,33,2,1552,OSLA,RandomPlayerConfig
2125988083,Checkers,0,GAME_OVER,43,42,2,1553,OSLA,RandomPlayerConfig
-659006941,Checkers,0,GAME_OVER,39,38,2,1554,OSLA,RandomPlayerConfig
-1340051643,Checkers,0,GAME_OVER,34,33,2,1555,OSLA,RandomPlayerConfig
1879909235,Checkers,0,GAME_OVER,38,37,2,1556,OSLA,RandomPlayerConfig
983065136,Checkers,0,GAME_OVER,35,34,2,1557,OSLA,RandomPlayerConfig
696573570,Checkers,0,GAME_OVER,38,37,2,1558,OSLA,RandomPlayerConfig
1689855892,Checkers,0,GAME_OVER,42,41,2,1559,OSLA,RandomPlayerConfig
1595869624,Checkers,0,GAME_OVER,38,37,2,1560,OSLA,RandomPlayerConfig
1521424478,Checkers,0,GAME_OVER,39,38,2,1561,OSLA,RandomPlayerConfig
557939516,Checkers,0,GAME_OVER,40,39,2,1562,OSLA,RandomPlayerConfig
1636572628,Checkers,0,GAME_OVER,37,36,2,1563,OSLA,RandomPlayerConfig
-1165293793,Checkers,0,GAME_OVER,37,36,2,1564,OSLA,RandomPlayerConfig
-1604233456,Checkers,0,GAME_OVER,35,34,2,1565,OSLA,RandomPlayerConfig
-1881979216,Checkers,0,GAME_OVER,39,38,2,1566,OSLA,RandomPlayerConfig
-735661332,Checkers,0,GAME_OVER,40,39,2,1567,OSLA,RandomPlayerConfig
-715615333,Checkers,0,GAME_OVER,43,42,2,1568,OSLA,RandomPlayerConfig
1300783086,Checkers,0,GAME_OVER,83,82,2,1569,OSLA,RandomPlayerConfig
-465080884,Checkers,0,GAME_OVER,49,48,2,1570,OSLA,RandomPlayerConfig
1530192634,Checkers,0,GAME_OVER,33,32,2,1571,OSLA,RandomPlayerConfig
-327556826,Checkers,0,GAME_OVER,63,62,2,1572,OSLA,RandomPlayerConfig
1230194378,Checkers,0,GAME_OVER,42,41,2,1573,OSLA,RandomPlayerConfig
-779245426,Checkers,0,GAME_OVER,38,37,2,1574,OSLA,RandomPlayerConfig
-1874626170,Checkers,0,GAME_OVER,39,38,2,1575,OSLA,RandomPlayerConfig
-2125279775,Checkers,0,GAME_OVER,46,45,2,1576,OSLA,RandomPlayerConfig
1517839088,Checkers,0,GAME_OVER,42,41,2,1577,OSLA,RandomPlayerConfig
-758713657,Checkers,0,GAME_OVER,35,34,2,1578,OSLA,RandomPlayerConfig
1676989689,Checkers,0,GAME_OVER,38,37,2,1579,OSLA,RandomPlayerConfig
-893758337,Checkers,0,GAME_OVER,40,39,2,1580,OSLA,RandomPlayerConfig
-470023743,Checkers,0,GAME_OVER,45,44,2,1581,OSLA,RandomPlayerConfig
146836769,Checkers,0,GAME_OVER,30,29,2,1582,OSLA,RandomPlayerConfig
1442442575,Checkers,0,GAME_OVER,37,36,2,1583,OSLA,RandomPlayerConfig
-1946673436,Checkers,0,GAME_OVER,42,41,2,1584,OSLA,RandomPlayerConfig
-1474875774,Checkers,0,GAME_OVER,42,41,2,1585,OSLA,RandomPlayerConfig
-1657828764,Checkers,0,GAME_OVER,40,39,2,1586,OSLA,RandomPlayerConfig
1762169355,Checkers,0,GAME_OVER,40,39,2,1587,OSLA,RandomPlayerConfig
-449437944,Checkers,0,GAME_OVER,44,43,2,1588,OSLA,RandomPlayerConfig
1109566321,Checkers,0,GAME_OVER,37,36,2,1589,OSLA,RandomPlayerConfig
1455516916,Checkers,0,GAME_OVER,51,50,2,1590,OSLA,RandomPlayerConfig
-920448149,Checkers,0,GAME_OVER,32,31,2,1591,OSLA,RandomPlayerConfig
-1778888159,Checkers,0,GAME_OVER,35,34,2,1592,OSLA,RandomPlayerConfig
706164761,Checkers,0,GAME_OVER,46,45,2,1593,OSLA,RandomPlayerConfig
123377821,Checkers,0,GAME_OVER,45,44,2,1594,OSLA,RandomPlayerConfig
-1357591843,Checkers,0,GAME_OVER,55,54,2,1595,OSLA,RandomPlayerConfig
514527745,Checkers,0,GAME_OVER,35,34,2,1596,OSLA,RandomPlayerConfig
-1686740761,Checkers,0,GAME_OVER,43,42,2,1597,OSLA,RandomPlayerConfig
-1272734573,Checkers,0,GAME_OVER,37,36,2,1598,OSLA,RandomPlayerConfig
306853553,Checkers,0,GAME_OVER,33,32,2,1599,OSLA,RandomPlayerConfig
1148885180,Checkers,0,GAME_OVER,45,44,2,1600,OSLA,RandomPlayerConfig
-343763972,Checkers,0,GAME_OVER,40,39,2,1601,OSLA,RandomPlayerConfig
138073226,Checkers,0,GAME_OVER,59,58,2,1602,RandomPlayerConfig,RandomPlayerConfig
8514478,Checkers,0,GAME_OVER,35,34,2,1603,RandomPlayerConfig,RandomPlayerConfig
1044764830,Checkers,0,GAME_OVER,51,50,2,1604,RandomPlayerConfig,RandomPlayerConfig
-868444039,Checkers,0,GAME_OVER,38,37,2,1605,RandomPlayerConfig,RandomPlayerConfig
735112182,Checkers,0,GAME_OVER,81,80,2,1606,RandomPlayerConfig,RandomPlayerConfig
-777777875,Checkers,0,GAME_OVER,43,42,2,1607,RandomPlayerConfig,RandomPlayerConfig
-1481866760,Checkers,0,GAME_OVER,41,40,2,1608,RandomPlayerConfig,RandomPlayerConfig
-1432780273,Checkers,0,GAME_OVER,65,64,2,1609,RandomPlayerConfig,RandomPlayerConfig
1171969131,Checkers,0,GAME_OVER,50,49,2,1610,RandomPlayerConfig,RandomPlayerConfig
481679851,Checkers,0,GAME_OVER,45,44,2,1611,RandomPlayerConfig,RandomPlayerConfig
1330238631,Checkers,0,GAME_OVER,53,52,2,1612,RandomPlayerConfig,RandomPlayerConfig
-1460416442,Checkers,0,GAME_OVER,48,47,2,1613,RandomPlayerConfig,RandomPlayerConfig
639557516,Checkers,0,GAME_OVER,55,54,2,1614,RandomPlayerConfig,RandomPlayerConfig
699837726,Checkers,0,GAME_OVER,42,41,2,1615,RandomPlayerConfig,RandomPlayerConfig
1120350182,Checkers,0,GAME_OVER,56,55,2,1616,RandomPlayerConfig,RandomPlayerConfig
-841247542,Checkers,0,GAME_OVER,44,43,2,1617,RandomPlayerConfig,RandomPlayerConfig
1737152305,Checkers,0,GAME_OVER,49,48,2,1618,RandomPlayerConfig,RandomPlayerConfig
-1776418371,Checkers,0,GAME_OVER,92,91,2,1619,RandomPlayerConfig,RandomPlayerConfig
1044925146,Checkers,0,GAME_OVER,50,49,2,1620,RandomPlayerConfig,RandomPlayerConfig
1075535673,Checkers,0,GAME_OVER,43,42,2,1621,RandomPlayerConfig,RandomPlayerConfig
2063721577,Checkers,0,GAME_OVER,45,44,2,1622,RandomPlayerConfig,RandomPlayerConfig
1539598131,Checkers,0,GAME_OVER,63,62,2,1623,RandomPlayerConfig,RandomPlayerConfig
-1754981058,Checkers,0,GAME_OVER,61,60,2,1624,RandomPlayerConfig,RandomPlayerConfig
-1991007498,Checkers,0,GAME_OVER,36,35,2,1625,RandomPlayerConfig,RandomPlayerConfig
1483956930,Checkers,0,GAME_OVER,75,74,2,1626,RandomPlayerConfig,RandomPlayerConfig
1947897166,Checkers,0,GAME_OVER,67,66,2,1627,RandomPlayerConfig,RandomPlayerConfig
-850973119,Checkers,0,GAME_OVER,46,45,2,1628,RandomPlayerConfig,RandomPlayerConfig
-1182390724,Checkers,0,GAME_OVER,52,51,2,1629,RandomPlayerConfig,RandomPlayerConfig
-1519049785,Checkers,0,GAME_OVER,49,48,2,1630,RandomPlayerConfig,RandomPlayerConfig
-1775199363,Checkers,0,GAME_OVER,62,61,2,1631,RandomPlayerConfig,RandomPlayerConfig
-2045612626,Checkers,0,GAME_OVER,51,50,2,1632,RandomPlayerConfig,RandomPlayerConfig
-452931979,Checkers,0,GAME_OVER,54,53,2,1633,RandomPlayerConfig,RandomPlayerConfig
2067785417,Checkers,0,GAME_OVER,57,56,2,1634,RandomPlayerConfig,RandomPlayerConfig
-1216395462,Checkers,0,GAME_OVER,60,59,2,1635,RandomPlayerConfig,RandomPlayerConfig
1503656781,Checkers,0,GAME_OVER,44,43,2,1636,RandomPlayerConfig,RandomPlayerConfig
-851943988,Checkers,0,GAME_OVER,44,43,2,1637,RandomPlayerConfig,RandomPlayerConfig
-292222750,Checkers,0,GAME_OVER,65,64,2,1638,RandomPlayerConfig,RandomPlayerConfig
8871365,Checkers,0,GAME_OVER,48,47,2,1639,RandomPlayerConfig,RandomPlayerConfig
1494450313,Checkers,0,GAME_OVER,56,55,2,1640,RandomPlayerConfig,RandomPlayerConfig
-1525090815,Checkers,0,GAME_OVER,61,60,2,1641,RandomPlayerConfig,RandomPlayerConfig
1862316342,Checkers,0,GAME_OVER,33,32,2,1642,RandomPlayerConfig,RandomPlayerConfig
-1770801902,Checkers,0,GAME_OVER,44,43,2,1643,RandomPlayerConfig,RandomPlayerConfig
540672082,Checkers,0,GAME_OVER,38,37,2,1644,RandomPlayerConfig,RandomPlayerConfig
56325243,Checkers,0,GAME_OVER,35,34,2,1645,RandomPlayerConfig,RandomPlayerConfig
-530842244,Checkers,0,GAME_OVER,44,43,2,1646,RandomPlayerConfig,RandomPlayerConfig
-315312125,Checkers,0,GAME_OVER,46,45,2,1647,RandomPlayerConfig,RandomPlayerConfig
-483704508,Checkers,0,GAME_OVER,43,42,2,1648,RandomPlayerConfig,RandomPlayerConfig
-959710301,Checkers,0,GAME_OVER,59,58,2,1649,RandomPlayerConfig,RandomPlayerConfig
-1650003268,Checkers,0,GAME_OVER,48,47,2,1650,RandomPlayerConfig,RandomPlayerConfig
-1186201127,Checkers,0,GAME_OVER,38,37,2,1651,RandomPlayerConfig,RandomPlayerConfig
915748360,Checkers,0,GAME_OVER,44,43,2,1652,RandomPlayerConfig,RandomPlayerConfig
308231535,Checkers,0,GAME_OVER,65,64,2,1653,RandomPlayerConfig,RandomPlayerConfig
126498393,Checkers,0,GAME_OVER,81,80,2,1654,RandomPlayerConfig,RandomPlayerConfig
821148904,Checkers,0,GAME_OVER,50,49,2,1655,RandomPlayerConfig,RandomPlayerConfig
-978647046,Checkers,0,GAME_OVER,50,49,2,1656,RandomPlayerConfig,RandomPlayerConfig
-1900455108,Checkers,0,GAME_OVER,47,46,2,1657,RandomPlayerConfig,RandomPlayerConfig
-951266478,Checkers,0,GAME_OVER,55,54,2,1658,RandomPlayerConfig,RandomPlayerConfig
816101514,Checkers,0,GAME_OVER,31,30,2,1659,RandomPlayerConfig,RandomPlayerConfig
740796428,Checkers,0,GAME_OVER,40,39,2,1660,RandomPlayerConfig,RandomPlayerConfig
-710775072,Checkers,0,GAME_OVER,57,56,2,1661,RandomPlayerConfig,RandomPlayerConfig
-116748348,Checkers,0,GAME_OVER,49,48,2,1662,RandomPlayerConfig,RandomPlayerConfig
1389455957,Checkers,0,GAME_OVER,38,37,2,1663,RandomPlayerConfig,RandomPlayerConfig
1198393833,Checkers,0,GAME_OVER,62,61,2,1664,RandomPlayerConfig,RandomPlayerConfig
-1357770497,Checkers,0,GAME_OVER,48,47,2,1665,RandomPlayerConfig,RandomPlayerConfig
834377395,Checkers,0,GAME_OVER,51,50,2,1666,RandomPlayerConfig,RandomPlayerConfig
-599044464,Checkers,0,GAME_OVER,50,49,2,1667,RandomPlayerConfig,RandomPlayerConfig
1976528221,Checkers,0,GAME_OVER,77,76,2,1668,RandomPlayerConfig,RandomPlayerConfig
-2009304931,Checkers,0,GAME_OVER,51,50,2,1669,RandomPlayerConfig,RandomPlayerConfig
124156425,Checkers,0,GAME_OVER,36,35,2,1670,RandomPlayerConfig,RandomPlayerConfig
-82355230,Checkers,0,GAME_OVER,49,48,2,1671,RandomPlayerConfig,RandomPlayerConfig
-123577869,Checkers,0,GAME_OVER,47,46,2,1672,RandomPlayerConfig,RandomPlayerConfig
278974453,Checkers,0,GAME_OVER,50,49,2,1673,RandomPlayerConfig,RandomPlayerConfig
-538849058,Checkers,0,GAME_OVER,40,39,2,1674,RandomPlayerConfig,RandomPlayerConfig
-1581416884,Checkers,0,GAME_OVER,53,52,2,1675,RandomPlayerConfig,RandomPlayerConfig
2069573855,Checkers,0,GAME_OVER,72,71,2,1676,RandomPlayerConfig,RandomPlayerConfig
146963080,Checkers,0,GAME_OVER,39,38,2,1677,RandomPlayerConfig,RandomPlayerConfig
1427830265,Checkers,0,GAME_OVER,53,52,2,1678,RandomPlayerConfig,RandomPlayerConfig
-498971304,Checkers,0,GAME_OVER,51,50,2,1679,RandomPlayerConfig,RandomPlayerConfig
964786462,Checkers,0,GAME_OVER,58,57,2,1680,RandomPlayerConfig,RandomPlayerConfig
926058616,Checkers,0,GAME_OVER,38,37,2,1681,RandomPlayerConfig,RandomPlayerConfig
959163030,Checkers,0,GAME_OVER,42,41,2,1682,RandomPlayerConfig,RandomPlayerConfig
541684114,Checkers,0,GAME_OVER,50,49,2,1683,RandomPlayerConfig,RandomPlayerConfig
1567312347,Checkers,0,GAME_OVER,81,80,2,1684,RandomPlayerConfig,RandomPlayerConfig
-333315307,Checkers,0,GAME_OVER,49,48,2,1685,RandomPlayerConfig,RandomPlayerConfig
-119496343,Checkers,0,GAME_OVER,46,45,2,1686,RandomPlayerConfig,RandomPlayerConfig
-2064356041,Checkers,0,GAME_OVER,46,45,2,1687,RandomPlayerConfig,RandomPlayerConfig
-1671792876,Checkers,0,GAME_OVER,56,55,2,1688,RandomPlayerConfig,RandomPlayerConfig
253312696,Checkers,0,GAME_OVER,39,38,2,1689,RandomPlayerConfig,RandomPlayerConfig
-722520606,Checkers,0,GAME_OVER,40,39,2,1690,RandomPlayerConfig,RandomPlayerConfig
-2011644884,Checkers,0,GAME_OVER,37,36,2,1691,RandomPlayerConfig,RandomPlayerConfig
1345152125,Checkers,0,GAME_OVER,49,48,2,1692,RandomPlayerConfig,RandomPlayerConfig
250248655,Checkers,0,GAME_OVER,38,37,2,1693,RandomPlayerConfig,RandomPlayerConfig
-1187458126,Checkers,0,GAME_OVER,54,53,2,1694,RandomPlayerConfig,RandomPlayerConfig
212041521,Checkers,0,GAME_OVER,56,55,2,1695,RandomPlayerConfig,RandomPlayerConfig
93299364,Checkers,0,GAME_OVER,69,68,2,1696,RandomPlayerConfig,RandomPlayerConfig
784544057,Checkers,0,GAME_OVER,45,44,2,1697,RandomPlayerConfig,RandomPlayerConfig
-1302408562,Checkers,0,GAME_OVER,72,71,2,1698,RandomPlayerConfig,RandomPlayerConfig
-659544490,Checkers,0,GAME_OVER,69,68,2,1699,RandomPlayerConfig,RandomPlayerConfig
-1246447019,Checkers,0,GAME_OVER,53,52,2,1700,RandomPlayerConfig,RandomPlayerConfig
631269844,Checkers,0,GAME_OVER,39,38,2,1701,RandomPlayerConfig,RandomPlayerConfig
2094123571,Checkers,0,GAME_OVER,52,51,2,1702,RandomPlayerConfig,RandomPlayerConfig
809160365,Checkers,0,GAME_OVER,40,39,2,1703,RandomPlayerConfig,RandomPlayerConfig
1583991359,Checkers,0,GAME_OVER,46,45,2,1704,RandomPlayerConfig,RandomPlayerConfig
1017139027,Checkers,0,GAME_OVER,44,43,2,1705,RandomPlayerConfig,RandomPlayerConfig
28549801,Checkers,0,GAME_OVER,51,50,2,1706,RandomPlayerConfig,RandomPlayerConfig
313411392,Checkers,0,GAME_OVER,48,47,2,1707,RandomPlayerConfig,RandomPlayerConfig
-118433065,Checkers,0,GAME_OVER,51,50,2,1708,RandomPlayerConfig,RandomPlayerConfig
-2047627180,Checkers,0,GAME_OVER,57,56,2,1709,RandomPlayerConfig,RandomPlayerConfig
-309074741,Checkers,0,GAME_OVER,42,41,2,1710,RandomPlayerConfig,RandomPlayerConfig
1259925829,Checkers,0,GAME_OVER,55,54,2,1711,RandomPlayerConfig,RandomPlayerConfig
-1444737925,Checkers,0,GAME_OVER,41,40,2,1712,RandomPlayerConfig,RandomPlayerConfig
919601073,Checkers,0,GAME_OVER,30,29,2,1713,RandomPlayerConfig,RandomPlayerConfig
-947777787,Checkers,0,GAME_OVER,64,63,2,1714,RandomPlayerConfig,RandomPlayerConfig
-674041968,Checkers,0,GAME_OVER,46,45,2,1715,RandomPlayerConfig,RandomPlayerConfig
-2004548645,Checkers,0,GAME_OVER,76,75,2,1716,RandomPlayerConfig,RandomPlayerConfig
66278165,Checkers,0,GAME_OVER,48,47,2,1717,RandomPlayerConfig,RandomPlayerConfig
-194383265,Checkers,0,GAME_OVER,51,50,2,1718,RandomPlayerConfig,RandomPlayerConfig
-1944889016,Checkers,0,GAME_OVER,42,41,2,1719,RandomPlayerConfig,RandomPlayerConfig
1288386708,Checkers,0,GAME_OVER,53,52,2,1720,RandomPlayerConfig,RandomPlayerConfig
-816761134,Checkers,0,GAME_OVER,34,33,2,1721,RandomPlayerConfig,RandomPlayerConfig
258628539,Checkers,0,GAME_OVER,41,40,2,1722,RandomPlayerConfig,RandomPlayerConfig
-1952881699,Checkers,0,GAME_OVER,59,58,2,1723,RandomPlayerConfig,RandomPlayerConfig
922880541,Checkers,0,GAME_OVER,52,51,2,1724,RandomPlayerConfig,RandomPlayerConfig
1201171186,Checkers,0,GAME_OVER,54,53,2,1725,RandomPlayerConfig,RandomPlayerConfig
-1542025894,Checkers,0,GAME_OVER,56,55,2,1726,RandomPlayerConfig,RandomPlayerConfig
-378947527,Checkers,0,GAME_OVER,53,52,2,1727,RandomPlayerConfig,RandomPlayerConfig
1692909286,Checkers,0,GAME_OVER,51,50,2,1728,RandomPlayerConfig,RandomPlayerConfig
-324084341,Checkers,0,GAME_OVER,41,40,2,1729,RandomPlayerConfig,RandomPlayerConfig
395791524,Checkers,0,GAME_OVER,44,43,2,1730,RandomPlayerConfig,RandomPlayerConfig
1173317429,Checkers,0,GAME_OVER,45,44,2,1731,RandomPlayerConfig,RandomPlayerConfig
-1270558274,Checkers,0,GAME_OVER,47,46,2,1732,RandomPlayerConfig,RandomPlayerConfig
1883403863,Checkers,0,GAME_OVER,60,59,2,1733,RandomPlayerConfig,RandomPlayerConfig
-509048792,Checkers,0,GAME_OVER,67,66,2,1734,RandomPlayerConfig,RandomPlayerConfig
2043883854,Checkers,0,GAME_OVER,44,43,2,1735,RandomPlayerConfig,RandomPlayerConfig
485568884,Checkers,0,GAME_OVER,48,47,2,1736,RandomPlayerConfig,RandomPlayerConfig
-1537046653,Checkers,0,GAME_OVER,45,44,2,1737,RandomPlayerConfig,RandomPlayerConfig
-625157664,Checkers,0,GAME_OVER,65,64,2,1738,RandomPlayerConfig,RandomPlayerConfig
-791472745,Checkers,0,GAME_OVER,49,48,2,1739,RandomPlayerConfig,RandomPlayerConfig
-906275135,Checkers,0,GAME_OVER,40,39,2,1740,RandomPlayerConfig,RandomPlayerConfig
889124807,Checkers,0,GAME_OVER,53,52,2,1741,RandomPlayerConfig,RandomPlayerConfig
-1721734726,Checkers,0,GAME_OVER,40,39,2,1742,RandomPlayerConfig,RandomPlayerConfig
-300983311,Checkers,0,GAME_OVER,46,45,2,1743,RandomPlayerConfig,RandomPlayerConfig
93344869,Checkers,0,GAME_OVER,41,40,2,1744,RandomPlayerConfig,RandomPlayerConfig
-1318618698,Checkers,0,GAME_OVER,85,84,2,1745,RandomPlayerConfig,RandomPlayerConfig
-1568082861,Checkers,0,GAME_OVER,59,58,2,1746,RandomPlayerConfig,RandomPlayerConfig
2028047994,Checkers,0,GAME_OVER,47,46,2,1747,RandomPlayerConfig,RandomPlayerConfig
-2087565937,Checkers,0,GAME_OVER,38,37,2,1748,RandomPlayerConfig,RandomPlayerConfig
-239705001,Checkers,0,GAME_OVER,74,73,2,1749,RandomPlayerConfig,RandomPlayerConfig
-1759970811,Checkers,0,GAME_OVER,33,32,2,1750,RandomPlayerConfig,RandomPlayerConfig
698684995,Checkers,0,GAME_OVER,78,77,2,1751,RandomPlayerConfig,RandomPlayerConfig
-1648574847,Checkers,0,GAME_OVER,46,45,2,1752,RandomPlayerConfig,RandomPlayerConfig
2125988083,Checkers,0,GAME_OVER,51,50,2,1753,RandomPlayerConfig,RandomPlayerConfig
-659006941,Checkers,0,GAME_OVER,51,50,2,1754,RandomPlayerConfig,RandomPlayerConfig
-1340051643,Checkers,0,GAME_OVER,49,48,2,1755,RandomPlayerConfig,RandomPlayerConfig
1879909235,Checkers,0,GAME_OVER,54,53,2,1756,RandomPlayerConfig,RandomPlayerConfig
983065136,Checkers,0,GAME_OVER,36,35,2,1757,RandomPlayerConfig,RandomPlayerConfig
696573570,Checkers,0,GAME_OVER,45,44,2,1758,RandomPlayerConfig,RandomPlayerConfig
1689855892,Checkers,0,GAME_OVER,53,52,2,1759,RandomPlayerConfig,RandomPlayerConfig
1595869624,Checkers,0,GAME_OVER,41,40,2,1760,RandomPlayerConfig,RandomPlayerConfig
1521424478,Checkers,0,GAME_OVER,49,48,2,1761,RandomPlayerConfig,RandomPlayerConfig
557939516,Checkers,0,GAME_OVER,35,34,2,1762,RandomPlayerConfig,RandomPlayerConfig
1636572628,Checkers,0,GAME_OVER,58,57,2,1763,RandomPlayerConfig,RandomPlayerConfig
-1165293793,Checkers,0,GAME_OVER,44,43,2,1764,RandomPlayerConfig,RandomPlayerConfig
-1604233456,Checkers,0,GAME_OVER,39,38,2,1765,RandomPlayerConfig,RandomPlayerConfig
-1881979216,Checkers,0,GAME_OVER,44,43,2,1766,RandomPlayerConfig,RandomPlayerConfig
-735661332,Checkers,0,GAME_OVER,62,61,2,1767,RandomPlayerConfig,RandomPlayerConfig
-715615333,Checkers,0,GAME_OVER,69,68,2,1768,RandomPlayerConfig,RandomPlayerConfig
1300783086,Checkers,0,GAME_OVER,48,47,2,1769,RandomPlayerConfig,RandomPlayerConfig
-465080884,Checkers,0,GAME_OVER,49,48,2,1770,RandomPlayerConfig,RandomPlayerConfig
1530192634,Checkers,0,GAME_OVER,35,34,2,1771,RandomPlayerConfig,RandomPlayerConfig
-327556826,Checkers,0,GAME_OVER,66,65,2,1772,RandomPlayerConfig,RandomPlayerConfig
1230194378,Checkers,0,GAME_OVER,49,48,2,1773,RandomPlayerConfig,RandomPlayerConfig
-779245426,Checkers,0,GAME_OVER,51,50,2,1774,RandomPlayerConfig,RandomPlayerConfig
-1874626170,Checkers,0,GAME_OVER,49,48,2,1775,RandomPlayerConfig,RandomPlayerConfig
-2125279775,Checkers,0,GAME_OVER,47,46,2,1776,RandomPlayerConfig,RandomPlayerConfig
1517839088,Checkers,0,GAME_OVER,45,44,2,1777,RandomPlayerConfig,RandomPlayerConfig
-758713657,Checkers,0,GAME_OVER,61,60,2,1778,RandomPlayerConfig,RandomPlayerConfig
1676989689,Checkers,0,GAME_OVER,53,52,2,1779,RandomPlayerConfig,RandomPlayerConfig
-893758337,Checkers,0,GAME_OVER,50,49,2,1780,RandomPlayerConfig,RandomPlayerConfig
-470023743,Checkers,0,GAME_OVER,53,52,2,1781,RandomPlayerConfig,RandomPlayerConfig
146836769,Checkers,0,GAME_OVER,47,46,2,1782,RandomPlayerConfig,RandomPlayerConfig
1442442575,Checkers,0,GAME_OVER,48,47,2,1783,RandomPlayerConfig,RandomPlayerConfig
-1946673436,Checkers,0,GAME_OVER,42,41,2,1784,RandomPlayerConfig,RandomPlayerConfig
-1474875774,Checkers,0,GAME_OVER,68,67,2,1785,RandomPlayerConfig,RandomPlayerConfig
-1657828764,Checkers,0,GAME_OVER,96,95,2,1786,RandomPlayerConfig,RandomPlayerConfig
1762169355,Checkers,0,GAME_OVER,57,56,2,1787,RandomPlayerConfig,RandomPlayerConfig
-449437944,Checkers,0,GAME_OVER,54,53,2,1788,RandomPlayerConfig,RandomPlayerConfig
1109566321,Checkers,0,GAME_OVER,62,61,2,1789,RandomPlayerConfig,RandomPlayerConfig
1455516916,Checkers,0,GAME_OVER,53,52,2,1790,RandomPlayerConfig,RandomPlayerConfig
-920448149,Checkers,0,GAME_OVER,49,48,2,1791,RandomPlayerConfig,RandomPlayerConfig
-1778888159,Checkers,0,GAME_OVER,61,60,2,1792,RandomPlayerConfig,RandomPlayerConfig
706164761,Checkers,0,GAME_OVER,45,44,2,1793,RandomPlayerConfig,RandomPlayerConfig
123377821,Checkers,0,GAME_OVER,46,45,2,1794,RandomPlayerConfig,RandomPlayerConfig
-1357591843,Checkers,0,GAME_OVER,44,43,2,1795,RandomPlayerConfig,RandomPlayerConfig
514527745,Checkers,0,GAME_OVER,67,66,2,1796,RandomPlayerConfig,RandomPlayerConfig
-1686740761,Checkers,0,GAME_OVER,63,62,2,1797,RandomPlayerConfig,RandomPlayerConfig
-1272734573,Checkers,0,GAME_OVER,40,39,2,1798,RandomPlayerConfig,RandomPlayerConfig
306853553,Checkers,0,GAME_OVER,70,69,2,1799,RandomPlayerConfig,RandomPlayerConfig
1148885180,Checkers,0,GAME_OVER,54,53,2,1800,RandomPlayerConfig,RandomPlayerConfig
-343763972,Checkers,0,GAME_OVER,54,53,2,1801,RandomPlayerConfig,RandomPlayerConfig
