GameSeed,GameName,Round,Event,Tick,Turn,PlayerCount,GameID,Player-1 rank,PlayerName-0,Player-1,Player-0,Player-0 rank,PlayerName-1
1385798216,Checkers,0,GAME_OVER,54,53,2,2,2,MCTS_CheckersHeuristic,2,1,1,MCTS_CheckersHeuristic
1477163396,Checkers,0,GAME_OVER,57,56,2,3,2,MCTS_CheckersHeuristic,2,1,1,MCTS_CheckersHeuristic
940975193,Checkers,0,GAME_OVER,91,90,2,4,2,MCTS_CheckersHeuristic,2,1,1,MCTS_CheckersHeuristic
-2135356456,Checkers,0,GAME_OVER,49,48,2,5,2,MCTS_CheckersHeuristic,2,1,1,MCTS_CheckersHeuristic
712147891,Checkers,0,GAME_OVER,174,173,2,6,1,MCTS_CheckersHeuristic,1,2,2,MCTS_CheckersHeuristic
-1829428648,Checkers,0,GAME_OVER,59,58,2,7,1,MCTS_CheckersHeuristic,1,2,2,MCTS_CheckersHeuristic
-970208703,Checkers,0,GAME_OVER,72,71,2,8,2,MCTS_CheckersHeuristic,2,1,1,MCTS_CheckersHeuristic
561963551,Checkers,0,GAME_OVER,57,56,2,9,1,MCTS_CheckersHeuristic,1,2,2,MCTS_CheckersHeuristic
-332452780,Checkers,0,GAME_OVER,47,46,2,10,2,MCTS_CheckersHeuristic,2,1,1,MCTS_CheckersHeuristic
-1192676016,Checkers,0,GAME_OVER,53,52,2,11,2,MCTS_CheckersHeuristic,2,1,1,MCTS_CheckersHeuristic
1244625278,Checkers,0,GAME_OVER,143,142,2,12,1,MCTS_CheckersHeuristic,1,1,1,MCTS_CheckersHeuristic
-412550984,Checkers,0,GAME_OVER,51,50,2,13,2,MCTS_CheckersHeuristic,2,1,1,MCTS_CheckersHeuristic
1287140168,Checkers,0,GAME_OVER,78,77,2,14,1,MCTS_CheckersHeuristic,1,2,2,MCTS_CheckersHeuristic
-739266938,Checkers,0,GAME_OVER,60,59,2,15,2,MCTS_CheckersHeuristic,2,1,1,MCTS_CheckersHeuristic
1863386510,Checkers,0,GAME_OVER,55,54,2,16,2,MCTS_CheckersHeuristic,2,1,1,MCTS_CheckersHeuristic
416678468,Checkers,0,GAME_OVER,51,50,2,17,2,MCTS_CheckersHeuristic,2,1,1,MCTS_CheckersHeuristic
-884359798,Checkers,0,GAME_OVER,79,78,2,18,2,MCTS_CheckersHeuristic,2,1,1,MCTS_CheckersHeuristic
521120380,Checkers,0,GAME_OVER,63,62,2,19,1,MCTS_CheckersHeuristic,1,2,2,MCTS_CheckersHeuristic
-1263208495,Checkers,0,GAME_OVER,45,44,2,20,2,MCTS_CheckersHeuristic,2,1,1,MCTS_CheckersHeuristic
-2101391703,Checkers,0,GAME_OVER,56,55,2,21,2,MCTS_CheckersHeuristic,2,1,1,MCTS_CheckersHeuristic
-858690867,Checkers,0,GAME_OVER,55,54,2,22,1,MCTS_CheckersHeuristic,1,2,2,MCTS_CheckersHeuristic
-1565041565,Checkers,0,GAME_OVER,127,126,2,23,1,MCTS_CheckersHeuristic,1,1,1,MCTS_CheckersHeuristic
881738367,Checkers,0,GAME_OVER,48,47,2,24,2,MCTS_CheckersHeuristic,2,1,1,MCTS_CheckersHeuristic
-706661135,Checkers,0,GAME_OVER,81,80,2,25,2,MCTS_CheckersHeuristic,2,1,1,MCTS_CheckersHeuristic
-344570997,Checkers,0,GAME_OVER,44,43,2,26,2,MCTS_CheckersHeuristic,2,1,1,MCTS_CheckersHeuristic
66217114,Checkers,0,GAME_OVER,77,76,2,27,1,MCTS_CheckersHeuristic,1,2,2,MCTS_CheckersHeuristic
-416567589,Checkers,0,GAME_OVER,138,137,2,28,1,MCTS_CheckersHeuristic,1,1,1,MCTS_CheckersHeuristic
82163569,Checkers,0,GAME_OVER,52,51,2,29,2,MCTS_CheckersHeuristic,2,1,1,MCTS_CheckersHeuristic
-412552099,Checkers,0,GAME_OVER,85,84,2,30,2,MCTS_CheckersHeuristic,2,1,1,MCTS_CheckersHeuristic
-1412396172,Checkers,0,GAME_OVER,133,132,2,31,1,MCTS_CheckersHeuristic,1,1,1,MCTS_CheckersHeuristic
-613320024,Checkers,0,GAME_OVER,72,71,2,32,2,MCTS_CheckersHeuristic,2,1,1,MCTS_CheckersHeuristic
1246938669,Checkers,0,GAME_OVER,54,53,2,33,2,MCTS_CheckersHeuristic,2,1,1,MCTS_CheckersHeuristic
690743949,Checkers,0,GAME_OVER,54,53,2,34,2,MCTS_CheckersHeuristic,2,1,1,MCTS_CheckersHeuristic
-1170807746,Checkers,0,GAME_OVER,52,51,2,35,2,MCTS_CheckersHeuristic,2,1,1,MCTS_CheckersHeuristic
1053481180,Checkers,0,GAME_OVER,53,52,2,36,2,MCTS_CheckersHeuristic,2,1,1,MCTS_CheckersHeuristic
-584072325,Checkers,0,GAME_OVER,105,104,2,37,1,MCTS_CheckersHeuristic,1,2,2,MCTS_CheckersHeuristic
-530045463,Checkers,0,GAME_OVER,63,62,2,38,2,MCTS_CheckersHeuristic,2,1,1,MCTS_CheckersHeuristic
-1569612673,Checkers,0,GAME_OVER,55,54,2,39,1,MCTS_CheckersHeuristic,1,2,2,MCTS_CheckersHeuristic
304499091,Checkers,0,GAME_OVER,72,71,2,40,2,MCTS_CheckersHeuristic,2,1,1,MCTS_CheckersHeuristic
1684811493,Checkers,0,GAME_OVER,125,124,2,41,1,MCTS_CheckersHeuristic,1,2,2,MCTS_CheckersHeuristic
-1503865895,Checkers,0,GAME_OVER,120,119,2,42,2,MCTS_CheckersHeuristic,2,1,1,MCTS_CheckersHeuristic
-394462335,Checkers,0,GAME_OVER,117,116,2,43,2,MCTS_CheckersHeuristic,2,1,1,MCTS_CheckersHeuristic
1565195590,Checkers,0,GAME_OVER,130,129,2,44,1,MCTS_CheckersHeuristic,1,1,1,MCTS_CheckersHeuristic
357276243,Checkers,0,GAME_OVER,68,67,2,45,2,MCTS_CheckersHeuristic,2,1,1,MCTS_CheckersHeuristic
-1522202700,Checkers,0,GAME_OVER,54,53,2,46,2,MCTS_CheckersHeuristic,2,1,1,MCTS_CheckersHeuristic
274748944,Checkers,0,GAME_OVER,43,42,2,47,2,MCTS_CheckersHeuristic,2,1,1,MCTS_CheckersHeuristic
-2142980292,Checkers,0,GAME_OVER,145,144,2,48,1,MCTS_CheckersHeuristic,1,1,1,MCTS_CheckersHeuristic
-1497805463,Checkers,0,GAME_OVER,90,89,2,49,2,MCTS_CheckersHeuristic,2,1,1,MCTS_CheckersHeuristic
-1343216562,Checkers,0,GAME_OVER,113,112,2,50,1,MCTS_CheckersHeuristic,1,2,2,MCTS_CheckersHeuristic
1163786881,Checkers,0,GAME_OVER,53,52,2,51,2,MCTS_CheckersHeuristic,2,1,1,MCTS_CheckersHeuristic
2089214783,Checkers,0,GAME_OVER,72,71,2,52,1,MCTS_CheckersHeuristic,1,2,2,MCTS_CheckersHeuristic
346569518,Checkers,0,GAME_OVER,73,72,2,53,2,MCTS_CheckersHeuristic,2,1,1,MCTS_CheckersHeuristic
1400818389,Checkers,0,GAME_OVER,65,64,2,54,2,MCTS_CheckersHeuristic,2,1,1,MCTS_CheckersHeuristic
-1452844811,Checkers,0,GAME_OVER,180,179,2,55,1,MCTS_CheckersHeuristic,1,1,1,MCTS_CheckersHeuristic
1010750099,Checkers,0,GAME_OVER,61,60,2,56,1,MCTS_CheckersHeuristic,1,2,2,MCTS_CheckersHeuristic
-1446367763,Checkers,0,GAME_OVER,83,82,2,57,2,MCTS_CheckersHeuristic,2,1,1,MCTS_CheckersHeuristic
-1174445347,Checkers,0,GAME_OVER,64,63,2,58,1,MCTS_CheckersHeuristic,1,2,2,MCTS_CheckersHeuristic
1047849951,Checkers,0,GAME_OVER,154,153,2,59,2,MCTS_CheckersHeuristic,2,1,1,MCTS_CheckersHeuristic
-1185393628,Checkers,0,GAME_OVER,61,60,2,60,2,MCTS_CheckersHeuristic,2,1,1,MCTS_CheckersHeuristic
624119135,Checkers,0,GAME_OVER,124,123,2,61,1,MCTS_CheckersHeuristic,1,1,1,MCTS_CheckersHeuristic
2093125560,Checkers,0,GAME_OVER,126,125,2,62,2,MCTS_CheckersHeuristic,2,1,1,MCTS_CheckersHeuristic
1465230531,Checkers,0,GAME_OVER,56,55,2,63,1,MCTS_CheckersHeuristic,1,2,2,MCTS_CheckersHeuristic
-1640555523,Checkers,0,GAME_OVER,47,46,2,64,2,MCTS_CheckersHeuristic,2,1,1,MCTS_CheckersHeuristic
-1288871158,Checkers,0,GAME_OVER,62,61,2,65,1,MCTS_CheckersHeuristic,1,2,2,MCTS_CheckersHeuristic
703670027,Checkers,0,GAME_OVER,67,66,2,66,2,MCTS_CheckersHeuristic,2,1,1,MCTS_CheckersHeuristic
-595467969,Checkers,0,GAME_OVER,55,54,2,67,2,MCTS_CheckersHeuristic,2,1,1,MCTS_CheckersHeuristic
1935322625,Checkers,0,GAME_OVER,108,107,2,68,1,MCTS_CheckersHeuristic,1,2,2,MCTS_CheckersHeuristic
382763235,Checkers,0,GAME_OVER,56,55,2,69,2,MCTS_CheckersHeuristic,2,1,1,MCTS_CheckersHeuristic
-143491939,Checkers,0,GAME_OVER,100,99,2,70,1,MCTS_CheckersHeuristic,1,2,2,MCTS_CheckersHeuristic
532294735,Checkers,0,GAME_OVER,99,98,2,71,1,MCTS_CheckersHeuristic,1,1,1,MCTS_CheckersHeuristic
2118762452,Checkers,0,GAME_OVER,145,144,2,72,1,MCTS_CheckersHeuristic,1,1,1,MCTS_CheckersHeuristic
-215159238,Checkers,0,GAME_OVER,81,80,2,73,2,MCTS_CheckersHeuristic,2,1,1,MCTS_CheckersHeuristic
-1362421902,Checkers,0,GAME_OVER,65,64,2,74,2,MCTS_CheckersHeuristic,2,1,1,MCTS_CheckersHeuristic
-1493545013,Checkers,0,GAME_OVER,82,81,2,75,2,MCTS_CheckersHeuristic,2,1,1,MCTS_CheckersHeuristic
712853017,Checkers,0,GAME_OVER,106,105,2,76,2,MCTS_CheckersHeuristic,2,1,1,MCTS_CheckersHeuristic
-382959914,Checkers,0,GAME_OVER,67,66,2,77,1,MCTS_CheckersHeuristic,1,2,2,MCTS_CheckersHeuristic
1737040920,Checkers,0,GAME_OVER,42,41,2,78,2,MCTS_CheckersHeuristic,2,1,1,MCTS_CheckersHeuristic
952990261,Checkers,0,GAME_OVER,90,89,2,79,1,MCTS_CheckersHeuristic,1,2,2,MCTS_CheckersHeuristic
-1412259614,Checkers,0,GAME_OVER,61,60,2,80,2,MCTS_CheckersHeuristic,2,1,1,MCTS_CheckersHeuristic
-384845729,Checkers,0,GAME_OVER,50,49,2,81,2,MCTS_CheckersHeuristic,2,1,1,MCTS_CheckersHeuristic
-648726464,Checkers,0,GAME_OVER,103,102,2,82,1,MCTS_CheckersHeuristic,1,1,1,MCTS_CheckersHeuristic
-2120713039,Checkers,0,GAME_OVER,144,143,2,83,1,MCTS_CheckersHeuristic,1,1,1,MCTS_CheckersHeuristic
-1232102556,Checkers,0,GAME_OVER,75,74,2,84,2,MCTS_CheckersHeuristic,2,1,1,MCTS_CheckersHeuristic
-171087364,Checkers,0,GAME_OVER,57,56,2,85,1,MCTS_CheckersHeuristic,1,2,2,MCTS_CheckersHeuristic
1897085839,Checkers,0,GAME_OVER,51,50,2,86,1,MCTS_CheckersHeuristic,1,2,2,MCTS_CheckersHeuristic
523986260,Checkers,0,GAME_OVER,96,95,2,87,1,MCTS_CheckersHeuristic,1,2,2,MCTS_CheckersHeuristic
-763743510,Checkers,0,GAME_OVER,65,64,2,88,1,MCTS_CheckersHeuristic,1,2,2,MCTS_CheckersHeuristic
-471754180,Checkers,0,GAME_OVER,52,51,2,89,2,MCTS_CheckersHeuristic,2,1,1,MCTS_CheckersHeuristic
2129168822,Checkers,0,GAME_OVER,88,87,2,90,2,MCTS_CheckersHeuristic,2,1,1,MCTS_CheckersHeuristic
2126248352,Checkers,0,GAME_OVER,142,141,2,91,1,MCTS_CheckersHeuristic,1,1,1,MCTS_CheckersHeuristic
1345411340,Checkers,0,GAME_OVER,53,52,2,92,2,MCTS_CheckersHeuristic,2,1,1,MCTS_CheckersHeuristic
-1367150791,Checkers,0,GAME_OVER,138,137,2,93,1,MCTS_CheckersHeuristic,1,2,2,MCTS_CheckersHeuristic
-1296457281,Checkers,0,GAME_OVER,55,54,2,94,2,MCTS_CheckersHeuristic,2,1,1,MCTS_CheckersHeuristic
1119802703,Checkers,0,GAME_OVER,51,50,2,95,1,MCTS_CheckersHeuristic,1,2,2,MCTS_CheckersHeuristic
286467360,Checkers,0,GAME_OVER,67,66,2,96,1,MCTS_CheckersHeuristic,1,2,2,MCTS_CheckersHeuristic
-1811680006,Checkers,0,GAME_OVER,154,153,2,97,1,MCTS_CheckersHeuristic,1,1,1,MCTS_CheckersHeuristic
855832234,Checkers,0,GAME_OVER,144,143,2,98,1,MCTS_CheckersHeuristic,1,1,1,MCTS_CheckersHeuristic
1772958031,Checkers,0,GAME_OVER,63,62,2,99,2,MCTS_CheckersHeuristic,2,1,1,MCTS_CheckersHeuristic
-1513084689,Checkers,0,GAME_OVER,45,44,2,100,2,MCTS_CheckersHeuristic,2,1,1,MCTS_CheckersHeuristic
-1499994599,Checkers,0,GAME_OVER,92,91,2,101,2,MCTS_CheckersHeuristic,2,1,1,MCTS_CheckersHeuristic
1008055608,Checkers,0,GAME_OVER,48,47,2,102,2,MCTS_CheckersHeuristic,2,1,1,MCTS_CheckersHeuristic
-339634418,Checkers,0,GAME_OVER,51,50,2,103,2,MCTS_CheckersHeuristic,2,1,1,MCTS_CheckersHeuristic
1033034923,Checkers,0,GAME_OVER,59,58,2,104,2,MCTS_CheckersHeuristic,2,1,1,MCTS_CheckersHeuristic
671668901,Checkers,0,GAME_OVER,103,102,2,105,1,MCTS_CheckersHeuristic,1,1,1,MCTS_CheckersHeuristic
-855993595,Checkers,0,GAME_OVER,99,98,2,106,1,MCTS_CheckersHeuristic,1,1,1,MCTS_CheckersHeuristic
1544946679,Checkers,0,GAME_OVER,61,60,2,107,2,MCTS_CheckersHeuristic,2,1,1,MCTS_CheckersHeuristic
580736544,Checkers,0,GAME_OVER,84,83,2,108,2,MCTS_CheckersHeuristic,2,1,1,MCTS_CheckersHeuristic
1197965641,Checkers,0,GAME_OVER,44,43,2,109,2,MCTS_CheckersHeuristic,2,1,1,MCTS_CheckersHeuristic
818543324,Checkers,0,GAME_OVER,53,52,2,110,2,MCTS_CheckersHeuristic,2,1,1,MCTS_CheckersHeuristic
1349665083,Checkers,0,GAME_OVER,140,139,2,111,1,MCTS_CheckersHeuristic,1,1,1,MCTS_CheckersHeuristic
816758570,Checkers,0,GAME_OVER,121,120,2,112,1,MCTS_CheckersHeuristic,1,1,1,MCTS_CheckersHeuristic
2107295405,Checkers,0,GAME_OVER,51,50,2,113,2,MCTS_CheckersHeuristic,2,1,1,MCTS_CheckersHeuristic
-2140526010,Checkers,0,GAME_OVER,146,145,2,114,1,MCTS_CheckersHeuristic,1,1,1,MCTS_CheckersHeuristic
172061652,Checkers,0,GAME_OVER,56,55,2,115,2,MCTS_CheckersHeuristic,2,1,1,MCTS_CheckersHeuristic
-1599783066,Checkers,0,GAME_OVER,67,66,2,116,1,MCTS_CheckersHeuristic,1,2,2,MCTS_CheckersHeuristic
1127747356,Checkers,0,GAME_OVER,60,59,2,117,1,MCTS_CheckersHeuristic,1,2,2,MCTS_CheckersHeuristic
-1365699484,Checkers,0,GAME_OVER,48,47,2,118,2,MCTS_CheckersHeuristic,2,1,1,MCTS_CheckersHeuristic
1812080838,Checkers,0,GAME_OVER,57,56,2,119,2,MCTS_CheckersHeuristic,2,1,1,MCTS_CheckersHeuristic
2062044460,Checkers,0,GAME_OVER,65,64,2,120,1,MCTS_CheckersHeuristic,1,2,2,MCTS_CheckersHeuristic
-2056067482,Checkers,0,GAME_OVER,97,96,2,121,1,MCTS_CheckersHeuristic,1,1,1,MCTS_CheckersHeuristic
-2010046978,Checkers,0,GAME_OVER,67,66,2,122,2,MCTS_CheckersHeuristic,2,1,1,MCTS_CheckersHeuristic
-1846255193,Checkers,0,GAME_OVER,137,136,2,123,1,MCTS_CheckersHeuristic,1,2,2,MCTS_CheckersHeuristic
-93152836,Checkers,0,GAME_OVER,44,43,2,124,2,MCTS_CheckersHeuristic,2,1,1,MCTS_CheckersHeuristic
-1820505593,Checkers,0,GAME_OVER,128,127,2,125,1,MCTS_CheckersHeuristic,1,1,1,MCTS_CheckersHeuristic
-638253349,Checkers,0,GAME_OVER,99,98,2,126,2,MCTS_CheckersHeuristic,2,1,1,MCTS_CheckersHeuristic
251487586,Checkers,0,GAME_OVER,99,98,2,127,1,MCTS_CheckersHeuristic,1,1,1,MCTS_CheckersHeuristic
-1810756426,Checkers,0,GAME_OVER,50,49,2,128,2,MCTS_CheckersHeuristic,2,1,1,MCTS_CheckersHeuristic
396358024,Checkers,0,GAME_OVER,62,61,2,129,2,MCTS_CheckersHeuristic,2,1,1,MCTS_CheckersHeuristic
-987720622,Checkers,0,GAME_OVER,58,57,2,130,2,MCTS_CheckersHeuristic,2,1,1,MCTS_CheckersHeuristic
2146523447,Checkers,0,GAME_OVER,68,67,2,131,1,MCTS_CheckersHeuristic,1,2,2,MCTS_CheckersHeuristic
1407681231,Checkers,0,GAME_OVER,67,66,2,132,1,MCTS_CheckersHeuristic,1,2,2,MCTS_CheckersHeuristic
-1847314139,Checkers,0,GAME_OVER,55,54,2,133,2,MCTS_CheckersHeuristic,2,1,1,MCTS_CheckersHeuristic
700502305,Checkers,0,GAME_OVER,66,65,2,134,1,MCTS_CheckersHeuristic,1,2,2,MCTS_CheckersHeuristic
-873535995,Checkers,0,GAME_OVER,60,59,2,135,2,MCTS_CheckersHeuristic,2,1,1,MCTS_CheckersHeuristic
-308853822,Checkers,0,GAME_OVER,49,48,2,136,2,MCTS_CheckersHeuristic,2,1,1,MCTS_CheckersHeuristic
463442607,Checkers,0,GAME_OVER,63,62,2,137,2,MCTS_CheckersHeuristic,2,1,1,MCTS_CheckersHeuristic
-89131396,Checkers,0,GAME_OVER,51,50,2,138,2,MCTS_CheckersHeuristic,2,1,1,MCTS_CheckersHeuristic
1887006155,Checkers,0,GAME_OVER,45,44,2,139,2,MCTS_CheckersHeuristic,2,1,1,MCTS_CheckersHeuristic
2100716419,Checkers,0,GAME_OVER,57,56,2,140,2,MCTS_CheckersHeuristic,2,1,1,MCTS_CheckersHeuristic
-2050318157,Checkers,0,GAME_OVER,49,48,2,141,2,MCTS_CheckersHeuristic,2,1,1,MCTS_CheckersHeuristic
-1472310679,Checkers,0,GAME_OVER,53,52,2,142,2,MCTS_CheckersHeuristic,2,1,1,MCTS_CheckersHeuristic
-675113620,Checkers,0,GAME_OVER,146,145,2,143,1,MCTS_CheckersHeuristic,1,2,2,MCTS_CheckersHeuristic
1326482106,Checkers,0,GAME_OVER,112,111,2,144,2,MCTS_CheckersHeuristic,2,1,1,MCTS_CheckersHeuristic
369909724,Checkers,0,GAME_OVER,69,68,2,145,2,MCTS_CheckersHeuristic,2,1,1,MCTS_CheckersHeuristic
-2058174646,Checkers,0,GAME_OVER,112,111,2,146,1,MCTS_CheckersHeuristic,1,1,1,MCTS_CheckersHeuristic
660350641,Checkers,0,GAME_OVER,65,64,2,147,1,MCTS_CheckersHeuristic,1,2,2,MCTS_CheckersHeuristic
-2044419473,Checkers,0,GAME_OVER,51,50,2,148,2,MCTS_CheckersHeuristic,2,1,1,MCTS_CheckersHeuristic
-771489131,Checkers,0,GAME_OVER,41,40,2,149,2,MCTS_CheckersHeuristic,2,1,1,MCTS_CheckersHeuristic
-463306565,Checkers,0,GAME_OVER,47,46,2,150,2,MCTS_CheckersHeuristic,2,1,1,MCTS_CheckersHeuristic
-1315467628,Checkers,0,GAME_OVER,73,72,2,151,2,MCTS_CheckersHeuristic,2,1,1,MCTS_CheckersHeuristic
-1947271423,Checkers,0,GAME_OVER,151,150,2,152,1,MCTS_CheckersHeuristic,1,1,1,MCTS_CheckersHeuristic
-471702798,Checkers,0,GAME_OVER,96,95,2,153,2,MCTS_CheckersHeuristic,2,1,1,MCTS_CheckersHeuristic
2135529886,Checkers,0,GAME_OVER,48,47,2,154,2,MCTS_CheckersHeuristic,2,1,1,MCTS_CheckersHeuristic
1013480379,Checkers,0,GAME_OVER,58,57,2,155,2,MCTS_CheckersHeuristic,2,1,1,MCTS_CheckersHeuristic
1929455196,Checkers,0,GAME_OVER,51,50,2,156,2,MCTS_CheckersHeuristic,2,1,1,MCTS_CheckersHeuristic
-921817392,Checkers,0,GAME_OVER,49,48,2,157,2,MCTS_CheckersHeuristic,2,1,1,MCTS_CheckersHeuristic
-1140199565,Checkers,0,GAME_OVER,43,42,2,158,2,MCTS_CheckersHeuristic,2,1,1,MCTS_CheckersHeuristic
1777623362,Checkers,0,GAME_OVER,77,76,2,159,2,MCTS_CheckersHeuristic,2,1,1,MCTS_CheckersHeuristic
-263668374,Checkers,0,GAME_OVER,111,110,2,160,1,MCTS_CheckersHeuristic,1,1,1,MCTS_CheckersHeuristic
-1449381318,Checkers,0,GAME_OVER,59,58,2,161,1,MCTS_CheckersHeuristic,1,2,2,MCTS_CheckersHeuristic
1242091244,Checkers,0,GAME_OVER,65,64,2,162,1,MCTS_CheckersHeuristic,1,2,2,MCTS_CheckersHeuristic
-2125405763,Checkers,0,GAME_OVER,109,108,2,163,1,MCTS_CheckersHeuristic,1,1,1,MCTS_CheckersHeuristic
133736649,Checkers,0,GAME_OVER,58,57,2,164,2,MCTS_CheckersHeuristic,2,1,1,MCTS_CheckersHeuristic
269968398,Checkers,0,GAME_OVER,55,54,2,165,2,MCTS_CheckersHeuristic,2,1,1,MCTS_CheckersHeuristic
-54024768,Checkers,0,GAME_OVER,57,56,2,166,2,MCTS_CheckersHeuristic,2,1,1,MCTS_CheckersHeuristic
-1383111044,Checkers,0,GAME_OVER,54,53,2,167,2,MCTS_CheckersHeuristic,2,1,1,MCTS_CheckersHeuristic
-1173386049,Checkers,0,GAME_OVER,44,43,2,168,1,MCTS_CheckersHeuristic,1,2,2,MCTS_CheckersHeuristic
-1029007137,Checkers,0,GAME_OVER,52,51,2,169,1,MCTS_CheckersHeuristic,1,2,2,MCTS_CheckersHeuristic
1536034239,Checkers,0,GAME_OVER,76,75,2,170,1,MCTS_CheckersHeuristic,1,1,1,MCTS_CheckersHeuristic
374630160,Checkers,0,GAME_OVER,46,45,2,171,2,MCTS_CheckersHeuristic,2,1,1,MCTS_CheckersHeuristic
-894314390,Checkers,0,GAME_OVER,61,60,2,172,1,MCTS_CheckersHeuristic,1,2,2,MCTS_CheckersHeuristic
1668808733,Checkers,0,GAME_OVER,123,122,2,173,2,MCTS_CheckersHeuristic,2,1,1,MCTS_CheckersHeuristic
373835046,Checkers,0,GAME_OVER,172,171,2,174,1,MCTS_CheckersHeuristic,1,1,1,MCTS_CheckersHeuristic
1276978446,Checkers,0,GAME_OVER,68,67,2,175,2,MCTS_CheckersHeuristic,2,1,1,MCTS_CheckersHeuristic
-1824731077,Checkers,0,GAME_OVER,59,58,2,176,1,MCTS_CheckersHeuristic,1,2,2,MCTS_CheckersHeuristic
-871837837,Checkers,0,GAME_OVER,50,49,2,177,2,MCTS_CheckersHeuristic,2,1,1,MCTS_CheckersHeuristic
4149300,Checkers,0,GAME_OVER,46,45,2,178,2,MCTS_CheckersHeuristic,2,1,1,MCTS_CheckersHeuristic
-1153507310,Checkers,0,GAME_OVER,46,45,2,179,2,MCTS_CheckersHeuristic,2,1,1,MCTS_CheckersHeuristic
-1386525787,Checkers,0,GAME_OVER,54,53,2,180,2,MCTS_CheckersHeuristic,2,1,1,MCTS_CheckersHeuristic
-2122203024,Checkers,0,GAME_OVER,57,56,2,181,2,MCTS_CheckersHeuristic,2,1,1,MCTS_CheckersHeuristic
-1098678276,Checkers,0,GAME_OVER,103,102,2,182,2,MCTS_CheckersHeuristic,2,1,1,MCTS_CheckersHeuristic
-808008185,Checkers,0,GAME_OVER,125,124,2,183,1,MCTS_CheckersHeuristic,1,1,1,MCTS_CheckersHeuristic
1220286992,Checkers,0,GAME_OVER,49,48,2,184,2,MCTS_CheckersHeuristic,2,1,1,MCTS_CheckersHeuristic
-1158724504,Checkers,0,GAME_OVER,68,67,2,185,2,MCTS_CheckersHeuristic,2,1,1,MCTS_CheckersHeuristic
2066582140,Checkers,0,GAME_OVER,53,52,2,186,2,MCTS_CheckersHeuristic,2,1,1,MCTS_CheckersHeuristic
1251091364,Checkers,0,GAME_OVER,125,124,2,187,1,MCTS_CheckersHeuristic,1,1,1,MCTS_CheckersHeuristic
1368736531,Checkers,0,GAME_OVER,58,57,2,188,2,MCTS_CheckersHeuristic,2,1,1,MCTS_CheckersHeuristic
-87649636,Checkers,0,GAME_OVER,128,127,2,189,1,MCTS_CheckersHeuristic,1,1,1,MCTS_CheckersHeuristic
1966465007,Checkers,0,GAME_OVER,87,86,2,190,1,MCTS_CheckersHeuristic,1,2,2,MCTS_CheckersHeuristic
-559244999,Checkers,0,GAME_OVER,167,166,2,191,1,MCTS_CheckersHeuristic,1,1,1,MCTS_CheckersHeuristic
-383871517,Checkers,0,GAME_OVER,87,86,2,192,2,MCTS_CheckersHeuristic,2,1,1,MCTS_CheckersHeuristic
1323758744,Checkers,0,GAME_OVER,102,101,2,193,2,MCTS_CheckersHeuristic,2,1,1,MCTS_CheckersHeuristic
-1881929377,Checkers,0,GAME_OVER,51,50,2,194,2,MCTS_CheckersHeuristic,2,1,1,MCTS_CheckersHeuristic
1961514923,Checkers,0,GAME_OVER,64,63,2,195,1,MCTS_CheckersHeuristic,1,2,2,MCTS_CheckersHeuristic
1960918021,Checkers,0,GAME_OVER,100,99,2,196,1,MCTS_CheckersHeuristic,1,1,1,MCTS_CheckersHeuristic
-1455885092,Checkers,0,GAME_OVER,118,117,2,197,1,MCTS_CheckersHeuristic,1,1,1,MCTS_CheckersHeuristic
1230822525,Checkers,0,GAME_OVER,172,171,2,198,2,MCTS_CheckersHeuristic,2,1,1,MCTS_CheckersHeuristic
-1974949444,Checkers,0,GAME_OVER,59,58,2,199,2,MCTS_CheckersHeuristic,2,1,1,MCTS_CheckersHeuristic
224478027,Checkers,0,GAME_OVER,45,44,2,200,1,MCTS_CheckersHeuristic,1,2,2,MCTS_CheckersHeuristic
348083134,Checkers,0,GAME_OVER,50,49,2,201,2,MCTS_CheckersHeuristic,2,1,1,MCTS_CheckersHeuristic
1385798216,Checkers,0,GAME_OVER,76,75,2,202,2,MCTS_CheckersHeuristic,2,1,1,OSLA
1477163396,Checkers,0,GAME_OVER,54,53,2,203,2,MCTS_CheckersHeuristic,2,1,1,OSLA
940975193,Checkers,0,GAME_OVER,61,60,2,204,1,MCTS_CheckersHeuristic,1,2,2,OSLA
-2135356456,Checkers,0,GAME_OVER,68,67,2,205,2,MCTS_CheckersHeuristic,2,1,1,OSLA
712147891,Checkers,0,GAME_OVER,49,48,2,206,2,MCTS_CheckersHeuristic,2,1,1,OSLA
-1829428648,Checkers,0,GAME_OVER,42,41,2,207,2,MCTS_CheckersHeuristic,2,1,1,OSLA
-970208703,Checkers,0,GAME_OVER,64,63,2,208,2,MCTS_CheckersHeuristic,2,1,1,OSLA
561963551,Checkers,0,GAME_OVER,61,60,2,209,2,MCTS_CheckersHeuristic,2,1,1,OSLA
-332452780,Checkers,0,GAME_OVER,42,41,2,210,2,MCTS_CheckersHeuristic,2,1,1,OSLA
-1192676016,Checkers,0,GAME_OVER,72,71,2,211,2,MCTS_CheckersHeuristic,2,1,1,OSLA
1244625278,Checkers,0,GAME_OVER,57,56,2,212,2,MCTS_CheckersHeuristic,2,1,1,OSLA
-412550984,Checkers,0,GAME_OVER,59,58,2,213,2,MCTS_CheckersHeuristic,2,1,1,OSLA
1287140168,Checkers,0,GAME_OVER,59,58,2,214,2,MCTS_CheckersHeuristic,2,1,1,OSLA
-739266938,Checkers,0,GAME_OVER,100,99,2,215,2,MCTS_CheckersHeuristic,2,1,1,OSLA
1863386510,Checkers,0,GAME_OVER,55,54,2,216,1,MCTS_CheckersHeuristic,1,2,2,OSLA
416678468,Checkers,0,GAME_OVER,110,109,2,217,2,MCTS_CheckersHeuristic,2,1,1,OSLA
-884359798,Checkers,0,GAME_OVER,85,84,2,218,1,MCTS_CheckersHeuristic,1,1,1,OSLA
521120380,Checkers,0,GAME_OVER,52,51,2,219,2,MCTS_CheckersHeuristic,2,1,1,OSLA
-1263208495,Checkers,0,GAME_OVER,49,48,2,220,2,MCTS_CheckersHeuristic,2,1,1,OSLA
-2101391703,Checkers,0,GAME_OVER,46,45,2,221,2,MCTS_CheckersHeuristic,2,1,1,OSLA
-858690867,Checkers,0,GAME_OVER,53,52,2,222,2,MCTS_CheckersHeuristic,2,1,1,OSLA
-1565041565,Checkers,0,GAME_OVER,45,44,2,223,2,MCTS_CheckersHeuristic,2,1,1,OSLA
881738367,Checkers,0,GAME_OVER,67,66,2,224,2,MCTS_CheckersHeuristic,2,1,1,OSLA
-706661135,Checkers,0,GAME_OVER,43,42,2,225,2,MCTS_CheckersHeuristic,2,1,1,OSLA
-344570997,Checkers,0,GAME_OVER,51,50,2,226,2,MCTS_CheckersHeuristic,2,1,1,OSLA
66217114,Checkers,0,GAME_OVER,49,48,2,227,2,MCTS_CheckersHeuristic,2,1,1,OSLA
-416567589,Checkers,0,GAME_OVER,43,42,2,228,2,MCTS_CheckersHeuristic,2,1,1,OSLA
82163569,Checkers,0,GAME_OVER,58,57,2,229,2,MCTS_CheckersHeuristic,2,1,1,OSLA
-412552099,Checkers,0,GAME_OVER,40,39,2,230,2,MCTS_CheckersHeuristic,2,1,1,OSLA
-1412396172,Checkers,0,GAME_OVER,68,67,2,231,2,MCTS_CheckersHeuristic,2,1,1,OSLA
-613320024,Checkers,0,GAME_OVER,41,40,2,232,2,MCTS_CheckersHeuristic,2,1,1,OSLA
1246938669,Checkers,0,GAME_OVER,50,49,2,233,1,MCTS_CheckersHeuristic,1,2,2,OSLA
690743949,Checkers,0,GAME_OVER,53,52,2,234,2,MCTS_CheckersHeuristic,2,1,1,OSLA
-1170807746,Checkers,0,GAME_OVER,46,45,2,235,2,MCTS_CheckersHeuristic,2,1,1,OSLA
1053481180,Checkers,0,GAME_OVER,107,106,2,236,1,MCTS_CheckersHeuristic,1,1,1,OSLA
-584072325,Checkers,0,GAME_OVER,65,64,2,237,2,MCTS_CheckersHeuristic,2,1,1,OSLA
-530045463,Checkers,0,GAME_OVER,91,90,2,238,2,MCTS_CheckersHeuristic,2,1,1,OSLA
-1569612673,Checkers,0,GAME_OVER,47,46,2,239,2,MCTS_CheckersHeuristic,2,1,1,OSLA
304499091,Checkers,0,GAME_OVER,64,63,2,240,2,MCTS_CheckersHeuristic,2,1,1,OSLA
1684811493,Checkers,0,GAME_OVER,49,48,2,241,2,MCTS_CheckersHeuristic,2,1,1,OSLA
-1503865895,Checkers,0,GAME_OVER,58,57,2,242,2,MCTS_CheckersHeuristic,2,1,1,OSLA
-394462335,Checkers,0,GAME_OVER,76,75,2,243,2,MCTS_CheckersHeuristic,2,1,1,OSLA
1565195590,Checkers,0,GAME_OVER,67,66,2,244,1,MCTS_CheckersHeuristic,1,2,2,OSLA
357276243,Checkers,0,GAME_OVER,49,48,2,245,2,MCTS_CheckersHeuristic,2,1,1,OSLA
-1522202700,Checkers,0,GAME_OVER,46,45,2,246,2,MCTS_CheckersHeuristic,2,1,1,OSLA
274748944,Checkers,0,GAME_OVER,62,61,2,247,2,MCTS_CheckersHeuristic,2,1,1,OSLA
-2142980292,Checkers,0,GAME_OVER,54,53,2,248,2,MCTS_CheckersHeuristic,2,1,1,OSLA
-1497805463,Checkers,0,GAME_OVER,67,66,2,249,2,MCTS_CheckersHeuristic,2,1,1,OSLA
-1343216562,Checkers,0,GAME_OVER,48,47,2,250,2,MCTS_CheckersHeuristic,2,1,1,OSLA
1163786881,Checkers,0,GAME_OVER,61,60,2,251,2,MCTS_CheckersHeuristic,2,1,1,OSLA
2089214783,Checkers,0,GAME_OVER,76,75,2,252,2,MCTS_CheckersHeuristic,2,1,1,OSLA
346569518,Checkers,0,GAME_OVER,79,78,2,253,2,MCTS_CheckersHeuristic,2,1,1,OSLA
1400818389,Checkers,0,GAME_OVER,47,46,2,254,2,MCTS_CheckersHeuristic,2,1,1,OSLA
-1452844811,Checkers,0,GAME_OVER,104,103,2,255,1,MCTS_CheckersHeuristic,1,1,1,OSLA
1010750099,Checkers,0,GAME_OVER,50,49,2,256,2,MCTS_CheckersHeuristic,2,1,1,OSLA
-1446367763,Checkers,0,GAME_OVER,51,50,2,257,2,MCTS_CheckersHeuristic,2,1,1,OSLA
-1174445347,Checkers,0,GAME_OVER,58,57,2,258,2,MCTS_CheckersHeuristic,2,1,1,OSLA
1047849951,Checkers,0,GAME_OVER,43,42,2,259,2,MCTS_CheckersHeuristic,2,1,1,OSLA
-1185393628,Checkers,0,GAME_OVER,45,44,2,260,2,MCTS_CheckersHeuristic,2,1,1,OSLA
624119135,Checkers,0,GAME_OVER,70,69,2,261,2,MCTS_CheckersHeuristic,2,1,1,OSLA
2093125560,Checkers,0,GAME_OVER,74,73,2,262,2,MCTS_CheckersHeuristic,2,1,1,OSLA
1465230531,Checkers,0,GAME_OVER,73,72,2,263,2,MCTS_CheckersHeuristic,2,1,1,OSLA
-1640555523,Checkers,0,GAME_OVER,53,52,2,264,2,MCTS_CheckersHeuristic,2,1,1,OSLA
-1288871158,Checkers,0,GAME_OVER,46,45,2,265,2,MCTS_CheckersHeuristic,2,1,1,OSLA
703670027,Checkers,0,GAME_OVER,47,46,2,266,2,MCTS_CheckersHeuristic,2,1,1,OSLA
-595467969,Checkers,0,GAME_OVER,89,88,2,267,2,MCTS_CheckersHeuristic,2,1,1,OSLA
1935322625,Checkers,0,GAME_OVER,65,64,2,268,2,MCTS_CheckersHeuristic,2,1,1,OSLA
382763235,Checkers,0,GAME_OVER,45,44,2,269,2,MCTS_CheckersHeuristic,2,1,1,OSLA
-143491939,Checkers,0,GAME_OVER,55,54,2,270,2,MCTS_CheckersHeuristic,2,1,1,OSLA
532294735,Checkers,0,GAME_OVER,96,95,2,271,2,MCTS_CheckersHeuristic,2,1,1,OSLA
2118762452,Checkers,0,GAME_OVER,52,51,2,272,2,MCTS_CheckersHeuristic,2,1,1,OSLA
-215159238,Checkers,0,GAME_OVER,71,70,2,273,2,MCTS_CheckersHeuristic,2,1,1,OSLA
-1362421902,Checkers,0,GAME_OVER,47,46,2,274,2,MCTS_CheckersHeuristic,2,1,1,OSLA
-1493545013,Checkers,0,GAME_OVER,42,41,2,275,2,MCTS_CheckersHeuristic,2,1,1,OSLA
712853017,Checkers,0,GAME_OVER,80,79,2,276,2,MCTS_CheckersHeuristic,2,1,1,OSLA
-382959914,Checkers,0,GAME_OVER,48,47,2,277,2,MCTS_CheckersHeuristic,2,1,1,OSLA
1737040920,Checkers,0,GAME_OVER,104,103,2,278,2,MCTS_CheckersHeuristic,2,1,1,OSLA
952990261,Checkers,0,GAME_OVER,108,107,2,279,2,MCTS_CheckersHeuristic,2,1,1,OSLA
-1412259614,Checkers,0,GAME_OVER,56,55,2,280,2,MCTS_CheckersHeuristic,2,1,1,OSLA
-384845729,Checkers,0,GAME_OVER,50,49,2,281,2,MCTS_CheckersHeuristic,2,1,1,OSLA
-648726464,Checkers,0,GAME_OVER,69,68,2,282,2,MCTS_CheckersHeuristic,2,1,1,OSLA
-2120713039,Checkers,0,GAME_OVER,72,71,2,283,2,MCTS_CheckersHeuristic,2,1,1,OSLA
-1232102556,Checkers,0,GAME_OVER,80,79,2,284,2,MCTS_CheckersHeuristic,2,1,1,OSLA
-171087364,Checkers,0,GAME_OVER,49,48,2,285,2,MCTS_CheckersHeuristic,2,1,1,OSLA
1897085839,Checkers,0,GAME_OVER,65,64,2,286,2,MCTS_CheckersHeuristic,2,1,1,OSLA
523986260,Checkers,0,GAME_OVER,48,47,2,287,2,MCTS_CheckersHeuristic,2,1,1,OSLA
-763743510,Checkers,0,GAME_OVER,50,49,2,288,2,MCTS_CheckersHeuristic,2,1,1,OSLA
-471754180,Checkers,0,GAME_OVER,66,65,2,289,2,MCTS_CheckersHeuristic,2,1,1,OSLA
2129168822,Checkers,0,GAME_OVER,49,48,2,290,2,MCTS_CheckersHeuristic,2,1,1,OSLA
2126248352,Checkers,0,GAME_OVER,49,48,2,291,2,MCTS_CheckersHeuristic,2,1,1,OSLA
1345411340,Checkers,0,GAME_OVER,66,65,2,292,2,MCTS_CheckersHeuristic,2,1,1,OSLA
-1367150791,Checkers,0,GAME_OVER,70,69,2,293,2,MCTS_CheckersHeuristic,2,1,1,OSLA
-1296457281,Checkers,0,GAME_OVER,71,70,2,294,2,MCTS_CheckersHeuristic,2,1,1,OSLA
1119802703,Checkers,0,GAME_OVER,47,46,2,295,2,MCTS_CheckersHeuristic,2,1,1,OSLA
286467360,Checkers,0,GAME_OVER,46,45,2,296,2,MCTS_CheckersHeuristic,2,1,1,OSLA
-1811680006,Checkers,0,GAME_OVER,84,83,2,297,2,MCTS_CheckersHeuristic,2,1,1,OSLA
855832234,Checkers,0,GAME_OVER,77,76,2,298,2,MCTS_CheckersHeuristic,2,1,1,OSLA
1772958031,Checkers,0,GAME_OVER,43,42,2,299,2,MCTS_CheckersHeuristic,2,1,1,OSLA
-1513084689,Checkers,0,GAME_OVER,48,47,2,300,2,MCTS_CheckersHeuristic,2,1,1,OSLA
-1499994599,Checkers,0,GAME_OVER,51,50,2,301,2,MCTS_CheckersHeuristic,2,1,1,OSLA
1008055608,Checkers,0,GAME_OVER,55,54,2,302,2,MCTS_CheckersHeuristic,2,1,1,OSLA
-339634418,Checkers,0,GAME_OVER,58,57,2,303,2,MCTS_CheckersHeuristic,2,1,1,OSLA
1033034923,Checkers,0,GAME_OVER,46,45,2,304,2,MCTS_CheckersHeuristic,2,1,1,OSLA
671668901,Checkers,0,GAME_OVER,98,97,2,305,1,MCTS_CheckersHeuristic,1,1,1,OSLA
-855993595,Checkers,0,GAME_OVER,55,54,2,306,2,MCTS_CheckersHeuristic,2,1,1,OSLA
1544946679,Checkers,0,GAME_OVER,54,53,2,307,2,MCTS_CheckersHeuristic,2,1,1,OSLA
580736544,Checkers,0,GAME_OVER,150,149,2,308,2,MCTS_CheckersHeuristic,2,1,1,OSLA
1197965641,Checkers,0,GAME_OVER,56,55,2,309,2,MCTS_CheckersHeuristic,2,1,1,OSLA
818543324,Checkers,0,GAME_OVER,45,44,2,310,2,MCTS_CheckersHeuristic,2,1,1,OSLA
1349665083,Checkers,0,GAME_OVER,54,53,2,311,2,MCTS_CheckersHeuristic,2,1,1,OSLA
816758570,Checkers,0,GAME_OVER,67,66,2,312,2,MCTS_CheckersHeuristic,2,1,1,OSLA
2107295405,Checkers,0,GAME_OVER,42,41,2,313,2,MCTS_CheckersHeuristic,2,1,1,OSLA
-2140526010,Checkers,0,GAME_OVER,43,42,2,314,2,MCTS_CheckersHeuristic,2,1,1,OSLA
172061652,Checkers,0,GAME_OVER,52,51,2,315,2,MCTS_CheckersHeuristic,2,1,1,OSLA
-1599783066,Checkers,0,GAME_OVER,55,54,2,316,2,MCTS_CheckersHeuristic,2,1,1,OSLA
1127747356,Checkers,0,GAME_OVER,55,54,2,317,2,MCTS_CheckersHeuristic,2,1,1,OSLA
-1365699484,Checkers,0,GAME_OVER,58,57,2,318,2,MCTS_CheckersHeuristic,2,1,1,OSLA
1812080838,Checkers,0,GAME_OVER,58,57,2,319,2,MCTS_CheckersHeuristic,2,1,1,OSLA
2062044460,Checkers,0,GAME_OVER,50,49,2,320,2,MCTS_CheckersHeuristic,2,1,1,OSLA
-2056067482,Checkers,0,GAME_OVER,52,51,2,321,2,MCTS_CheckersHeuristic,2,1,1,OSLA
-2010046978,Checkers,0,GAME_OVER,69,68,2,322,2,MCTS_CheckersHeuristic,2,1,1,OSLA
-1846255193,Checkers,0,GAME_OVER,52,51,2,323,2,MCTS_CheckersHeuristic,2,1,1,OSLA
-93152836,Checkers,0,GAME_OVER,50,49,2,324,2,MCTS_CheckersHeuristic,2,1,1,OSLA
-1820505593,Checkers,0,GAME_OVER,46,45,2,325,2,MCTS_CheckersHeuristic,2,1,1,OSLA
-638253349,Checkers,0,GAME_OVER,58,57,2,326,2,MCTS_CheckersHeuristic,2,1,1,OSLA
251487586,Checkers,0,GAME_OVER,76,75,2,327,2,MCTS_CheckersHeuristic,2,1,1,OSLA
-1810756426,Checkers,0,GAME_OVER,65,64,2,328,2,MCTS_CheckersHeuristic,2,1,1,OSLA
396358024,Checkers,0,GAME_OVER,49,48,2,329,2,MCTS_CheckersHeuristic,2,1,1,OSLA
-987720622,Checkers,0,GAME_OVER,47,46,2,330,2,MCTS_CheckersHeuristic,2,1,1,OSLA
2146523447,Checkers,0,GAME_OVER,55,54,2,331,2,MCTS_CheckersHeuristic,2,1,1,OSLA
1407681231,Checkers,0,GAME_OVER,62,61,2,332,2,MCTS_CheckersHeuristic,2,1,1,OSLA
-1847314139,Checkers,0,GAME_OVER,57,56,2,333,2,MCTS_CheckersHeuristic,2,1,1,OSLA
700502305,Checkers,0,GAME_OVER,124,123,2,334,1,MCTS_CheckersHeuristic,1,1,1,OSLA
-873535995,Checkers,0,GAME_OVER,109,108,2,335,1,MCTS_CheckersHeuristic,1,1,1,OSLA
-308853822,Checkers,0,GAME_OVER,91,90,2,336,1,MCTS_CheckersHeuristic,1,1,1,OSLA
463442607,Checkers,0,GAME_OVER,48,47,2,337,2,MCTS_CheckersHeuristic,2,1,1,OSLA
-89131396,Checkers,0,GAME_OVER,53,52,2,338,2,MCTS_CheckersHeuristic,2,1,1,OSLA
1887006155,Checkers,0,GAME_OVER,72,71,2,339,2,MCTS_CheckersHeuristic,2,1,1,OSLA
2100716419,Checkers,0,GAME_OVER,50,49,2,340,2,MCTS_CheckersHeuristic,2,1,1,OSLA
-2050318157,Checkers,0,GAME_OVER,58,57,2,341,2,MCTS_CheckersHeuristic,2,1,1,OSLA
-1472310679,Checkers,0,GAME_OVER,64,63,2,342,2,MCTS_CheckersHeuristic,2,1,1,OSLA
-675113620,Checkers,0,GAME_OVER,86,85,2,343,2,MCTS_CheckersHeuristic,2,1,1,OSLA
1326482106,Checkers,0,GAME_OVER,136,135,2,344,1,MCTS_CheckersHeuristic,1,1,1,OSLA
369909724,Checkers,0,GAME_OVER,92,91,2,345,2,MCTS_CheckersHeuristic,2,1,1,OSLA
-2058174646,Checkers,0,GAME_OVER,139,138,2,346,2,MCTS_CheckersHeuristic,2,1,1,OSLA
660350641,Checkers,0,GAME_OVER,62,61,2,347,2,MCTS_CheckersHeuristic,2,1,1,OSLA
-2044419473,Checkers,0,GAME_OVER,47,46,2,348,2,MCTS_CheckersHeuristic,2,1,1,OSLA
-771489131,Checkers,0,GAME_OVER,69,68,2,349,2,MCTS_CheckersHeuristic,2,1,1,OSLA
-463306565,Checkers,0,GAME_OVER,54,53,2,350,2,MCTS_CheckersHeuristic,2,1,1,OSLA
-1315467628,Checkers,0,GAME_OVER,55,54,2,351,2,MCTS_CheckersHeuristic,2,1,1,OSLA
-1947271423,Checkers,0,GAME_OVER,52,51,2,352,2,MCTS_CheckersHeuristic,2,1,1,OSLA
-471702798,Checkers,0,GAME_OVER,52,51,2,353,2,MCTS_CheckersHeuristic,2,1,1,OSLA
2135529886,Checkers,0,GAME_OVER,53,52,2,354,2,MCTS_CheckersHeuristic,2,1,1,OSLA
1013480379,Checkers,0,GAME_OVER,80,79,2,355,2,MCTS_CheckersHeuristic,2,1,1,OSLA
1929455196,Checkers,0,GAME_OVER,52,51,2,356,2,MCTS_CheckersHeuristic,2,1,1,OSLA
-921817392,Checkers,0,GAME_OVER,93,92,2,357,2,MCTS_CheckersHeuristic,2,1,1,OSLA
-1140199565,Checkers,0,GAME_OVER,67,66,2,358,2,MCTS_CheckersHeuristic,2,1,1,OSLA
1777623362,Checkers,0,GAME_OVER,56,55,2,359,2,MCTS_CheckersHeuristic,2,1,1,OSLA
-263668374,Checkers,0,GAME_OVER,42,41,2,360,2,MCTS_CheckersHeuristic,2,1,1,OSLA
-1449381318,Checkers,0,GAME_OVER,45,44,2,361,2,MCTS_CheckersHeuristic,2,1,1,OSLA
1242091244,Checkers,0,GAME_OVER,55,54,2,362,2,MCTS_CheckersHeuristic,2,1,1,OSLA
-2125405763,Checkers,0,GAME_OVER,43,42,2,363,2,MCTS_CheckersHeuristic,2,1,1,OSLA
133736649,Checkers,0,GAME_OVER,59,58,2,364,2,MCTS_CheckersHeuristic,2,1,1,OSLA
269968398,Checkers,0,GAME_OVER,106,105,2,365,2,MCTS_CheckersHeuristic,2,1,1,OSLA
-54024768,Checkers,0,GAME_OVER,41,40,2,366,2,MCTS_CheckersHeuristic,2,1,1,OSLA
-1383111044,Checkers,0,GAME_OVER,54,53,2,367,2,MCTS_CheckersHeuristic,2,1,1,OSLA
-1173386049,Checkers,0,GAME_OVER,43,42,2,368,2,MCTS_CheckersHeuristic,2,1,1,OSLA
-1029007137,Checkers,0,GAME_OVER,60,59,2,369,2,MCTS_CheckersHeuristic,2,1,1,OSLA
1536034239,Checkers,0,GAME_OVER,70,69,2,370,2,MCTS_CheckersHeuristic,2,1,1,OSLA
374630160,Checkers,0,GAME_OVER,123,122,2,371,2,MCTS_CheckersHeuristic,2,1,1,OSLA
-894314390,Checkers,0,GAME_OVER,102,101,2,372,1,MCTS_CheckersHeuristic,1,1,1,OSLA
1668808733,Checkers,0,GAME_OVER,56,55,2,373,2,MCTS_CheckersHeuristic,2,1,1,OSLA
373835046,Checkers,0,GAME_OVER,78,77,2,374,2,MCTS_CheckersHeuristic,2,1,1,OSLA
1276978446,Checkers,0,GAME_OVER,47,46,2,375,2,MCTS_CheckersHeuristic,2,1,1,OSLA
-1824731077,Checkers,0,GAME_OVER,50,49,2,376,2,MCTS_CheckersHeuristic,2,1,1,OSLA
-871837837,Checkers,0,GAME_OVER,60,59,2,377,2,MCTS_CheckersHeuristic,2,1,1,OSLA
4149300,Checkers,0,GAME_OVER,52,51,2,378,2,MCTS_CheckersHeuristic,2,1,1,OSLA
-1153507310,Checkers,0,GAME_OVER,94,93,2,379,2,MCTS_CheckersHeuristic,2,1,1,OSLA
-1386525787,Checkers,0,GAME_OVER,43,42,2,380,2,MCTS_CheckersHeuristic,2,1,1,OSLA
-2122203024,Checkers,0,GAME_OVER,53,52,2,381,2,MCTS_CheckersHeuristic,2,1,1,OSLA
-1098678276,Checkers,0,GAME_OVER,55,54,2,382,2,MCTS_CheckersHeuristic,2,1,1,OSLA
-808008185,Checkers,0,GAME_OVER,59,58,2,383,2,MCTS_CheckersHeuristic,2,1,1,OSLA
1220286992,Checkers,0,GAME_OVER,56,55,2,384,2,MCTS_CheckersHeuristic,2,1,1,OSLA
-1158724504,Checkers,0,GAME_OVER,67,66,2,385,2,MCTS_CheckersHeuristic,2,1,1,OSLA
2066582140,Checkers,0,GAME_OVER,88,87,2,386,2,MCTS_CheckersHeuristic,2,1,1,OSLA
1251091364,Checkers,0,GAME_OVER,94,93,2,387,2,MCTS_CheckersHeuristic,2,1,1,OSLA
1368736531,Checkers,0,GAME_OVER,45,44,2,388,2,MCTS_CheckersHeuristic,2,1,1,OSLA
-87649636,Checkers,0,GAME_OVER,64,63,2,389,2,MCTS_CheckersHeuristic,2,1,1,OSLA
1966465007,Checkers,0,GAME_OVER,44,43,2,390,2,MCTS_CheckersHeuristic,2,1,1,OSLA
-559244999,Checkers,0,GAME_OVER,57,56,2,391,2,MCTS_CheckersHeuristic,2,1,1,OSLA
-383871517,Checkers,0,GAME_OVER,70,69,2,392,2,MCTS_CheckersHeuristic,2,1,1,OSLA
1323758744,Checkers,0,GAME_OVER,80,79,2,393,2,MCTS_CheckersHeuristic,2,1,1,OSLA
-1881929377,Checkers,0,GAME_OVER,42,41,2,394,2,MCTS_CheckersHeuristic,2,1,1,OSLA
1961514923,Checkers,0,GAME_OVER,62,61,2,395,2,MCTS_CheckersHeuristic,2,1,1,OSLA
1960918021,Checkers,0,GAME_OVER,49,48,2,396,2,MCTS_CheckersHeuristic,2,1,1,OSLA
-1455885092,Checkers,0,GAME_OVER,83,82,2,397,2,MCTS_CheckersHeuristic,2,1,1,OSLA
1230822525,Checkers,0,GAME_OVER,42,41,2,398,2,MCTS_CheckersHeuristic,2,1,1,OSLA
-1974949444,Checkers,0,GAME_OVER,54,53,2,399,2,MCTS_CheckersHeuristic,2,1,1,OSLA
224478027,Checkers,0,GAME_OVER,81,80,2,400,2,MCTS_CheckersHeuristic,2,1,1,OSLA
348083134,Checkers,0,GAME_OVER,79,78,2,401,2,MCTS_CheckersHeuristic,2,1,1,OSLA
1385798216,Checkers,0,GAME_OVER,38,37,2,402,2,MCTS_CheckersHeuristic,2,1,1,RandomPlayerConfig
1477163396,Checkers,0,GAME_OVER,38,37,2,403,2,MCTS_CheckersHeuristic,2,1,1,RandomPlayerConfig
940975193,Checkers,0,GAME_OVER,47,46,2,404,2,MCTS_CheckersHeuristic,2,1,1,RandomPlayerConfig
-2135356456,Checkers,0,GAME_OVER,41,40,2,405,2,MCTS_CheckersHeuristic,2,1,1,RandomPlayerConfig
712147891,Checkers,0,GAME_OVER,31,30,2,406,2,MCTS_CheckersHeuristic,2,1,1,RandomPlayerConfig
-1829428648,Checkers,0,GAME_OVER,40,39,2,407,2,MCTS_CheckersHeuristic,2,1,1,RandomPlayerConfig
-970208703,Checkers,0,GAME_OVER,42,41,2,408,2,MCTS_CheckersHeuristic,2,1,1,RandomPlayerConfig
561963551,Checkers,0,GAME_OVER,46,45,2,409,2,MCTS_CheckersHeuristic,2,1,1,RandomPlayerConfig
-332452780,Checkers,0,GAME_OVER,37,36,2,410,2,MCTS_CheckersHeuristic,2,1,1,RandomPlayerConfig
-1192676016,Checkers,0,GAME_OVER,31,30,2,411,2,MCTS_CheckersHeuristic,2,1,1,RandomPlayerConfig
1244625278,Checkers,0,GAME_OVER,43,42,2,412,2,MCTS_CheckersHeuristic,2,1,1,RandomPlayerConfig
-412550984,Checkers,0,GAME_OVER,35,34,2,413,2,MCTS_CheckersHeuristic,2,1,1,RandomPlayerConfig
1287140168,Checkers,0,GAME_OVER,41,40,2,414,2,MCTS_CheckersHeuristic,2,1,1,RandomPlayerConfig
-739266938,Checkers,0,GAME_OVER,44,43,2,415,2,MCTS_CheckersHeuristic,2,1,1,RandomPlayerConfig
1863386510,Checkers,0,GAME_OVER,34,33,2,416,2,MCTS_CheckersHeuristic,2,1,1,RandomPlayerConfig
416678468,Checkers,0,GAME_OVER,39,38,2,417,2,MCTS_CheckersHeuristic,2,1,1,RandomPlayerConfig
-884359798,Checkers,0,GAME_OVER,34,33,2,418,2,MCTS_CheckersHeuristic,2,1,1,RandomPlayerConfig
521120380,Checkers,0,GAME_OVER,39,38,2,419,2,MCTS_CheckersHeuristic,2,1,1,RandomPlayerConfig
-1263208495,Checkers,0,GAME_OVER,41,40,2,420,2,MCTS_CheckersHeuristic,2,1,1,RandomPlayerConfig
-2101391703,Checkers,0,GAME_OVER,43,42,2,421,2,MCTS_CheckersHeuristic,2,1,1,RandomPlayerConfig
-858690867,Checkers,0,GAME_OVER,35,34,2,422,2,MCTS_CheckersHeuristic,2,1,1,RandomPlayerConfig
-1565041565,Checkers,0,GAME_OVER,45,44,2,423,2,MCTS_CheckersHeuristic,2,1,1,RandomPlayerConfig
881738367,Checkers,0,GAME_OVER,50,49,2,424,2,MCTS_CheckersHeuristic,2,1,1,RandomPlayerConfig
-706661135,Checkers,0,GAME_OVER,36,35,2,425,2,MCTS_CheckersHeuristic,2,1,1,RandomPlayerConfig
-344570997,Checkers,0,GAME_OVER,49,48,2,426,2,MCTS_CheckersHeuristic,2,1,1,RandomPlayerConfig
66217114,Checkers,0,GAME_OVER,35,34,2,427,2,MCTS_CheckersHeuristic,2,1,1,RandomPlayerConfig
-416567589,Checkers,0,GAME_OVER,43,42,2,428,2,MCTS_CheckersHeuristic,2,1,1,RandomPlayerConfig
82163569,Checkers,0,GAME_OVER,33,32,2,429,2,MCTS_CheckersHeuristic,2,1,1,RandomPlayerConfig
-412552099,Checkers,0,GAME_OVER,44,43,2,430,2,MCTS_CheckersHeuristic,2,1,1,RandomPlayerConfig
-1412396172,Checkers,0,GAME_OVER,49,48,2,431,2,MCTS_CheckersHeuristic,2,1,1,RandomPlayerConfig
-613320024,Checkers,0,GAME_OVER,52,51,2,432,2,MCTS_CheckersHeuristic,2,1,1,RandomPlayerConfig
1246938669,Checkers,0,GAME_OVER,41,40,2,433,2,MCTS_CheckersHeuristic,2,1,1,RandomPlayerConfig
690743949,Checkers,0,GAME_OVER,50,49,2,434,2,MCTS_CheckersHeuristic,2,1,1,RandomPlayerConfig
-1170807746,Checkers,0,GAME_OVER,43,42,2,435,2,MCTS_CheckersHeuristic,2,1,1,RandomPlayerConfig
1053481180,Checkers,0,GAME_OVER,35,34,2,436,2,MCTS_CheckersHeuristic,2,1,1,RandomPlayerConfig
-584072325,Checkers,0,GAME_OVER,44,43,2,437,2,MCTS_CheckersHeuristic,2,1,1,RandomPlayerConfig
-530045463,Checkers,0,GAME_OVER,38,37,2,438,2,MCTS_CheckersHeuristic,2,1,1,RandomPlayerConfig
-1569612673,Checkers,0,GAME_OVER,30,29,2,439,2,MCTS_CheckersHeuristic,2,1,1,RandomPlayerConfig
304499091,Checkers,0,GAME_OVER,38,37,2,440,2,MCTS_CheckersHeuristic,2,1,1,RandomPlayerConfig
1684811493,Checkers,0,GAME_OVER,31,30,2,441,2,MCTS_CheckersHeuristic,2,1,1,RandomPlayerConfig
-1503865895,Checkers,0,GAME_OVER,59,58,2,442,2,MCTS_CheckersHeuristic,2,1,1,RandomPlayerConfig
-394462335,Checkers,0,GAME_OVER,46,45,2,443,2,MCTS_CheckersHeuristic,2,1,1,RandomPlayerConfig
1565195590,Checkers,0,GAME_OVER,38,37,2,444,2,MCTS_CheckersHeuristic,2,1,1,RandomPlayerConfig
357276243,Checkers,0,GAME_OVER,33,32,2,445,2,MCTS_CheckersHeuristic,2,1,1,RandomPlayerConfig
-1522202700,Checkers,0,GAME_OVER,44,43,2,446,2,MCTS_CheckersHeuristic,2,1,1,RandomPlayerConfig
274748944,Checkers,0,GAME_OVER,41,40,2,447,2,MCTS_CheckersHeuristic,2,1,1,RandomPlayerConfig
-2142980292,Checkers,0,GAME_OVER,33,32,2,448,2,MCTS_CheckersHeuristic,2,1,1,RandomPlayerConfig
-1497805463,Checkers,0,GAME_OVER,37,36,2,449,2,MCTS_CheckersHeuristic,2,1,1,RandomPlayerConfig
-1343216562,Checkers,0,GAME_OVER,42,41,2,450,2,MCTS_CheckersHeuristic,2,1,1,RandomPlayerConfig
1163786881,Checkers,0,GAME_OVER,43,42,2,451,2,MCTS_CheckersHeuristic,2,1,1,RandomPlayerConfig
2089214783,Checkers,0,GAME_OVER,35,34,2,452,2,MCTS_CheckersHeuristic,2,1,1,RandomPlayerConfig
346569518,Checkers,0,GAME_OVER,32,31,2,453,2,MCTS_CheckersHeuristic,2,1,1,RandomPlayerConfig
1400818389,Checkers,0,GAME_OVER,44,43,2,454,2,MCTS_CheckersHeuristic,2,1,1,RandomPlayerConfig
-1452844811,Checkers,0,GAME_OVER,42,41,2,455,2,MCTS_CheckersHeuristic,2,1,1,RandomPlayerConfig
1010750099,Checkers,0,GAME_OVER,37,36,2,456,2,MCTS_CheckersHeuristic,2,1,1,RandomPlayerConfig
-1446367763,Checkers,0,GAME_OVER,41,40,2,457,2,MCTS_CheckersHeuristic,2,1,1,RandomPlayerConfig
-1174445347,Checkers,0,GAME_OVER,36,35,2,458,2,MCTS_CheckersHeuristic,2,1,1,RandomPlayerConfig
1047849951,Checkers,0,GAME_OVER,45,44,2,459,2,MCTS_CheckersHeuristic,2,1,1,RandomPlayerConfig
-1185393628,Checkers,0,GAME_OVER,38,37,2,460,2,MCTS_CheckersHeuristic,2,1,1,RandomPlayerConfig
624119135,Checkers,0,GAME_OVER,39,38,2,461,2,MCTS_CheckersHeuristic,2,1,1,RandomPlayerConfig
2093125560,Checkers,0,GAME_OVER,41,40,2,462,2,MCTS_CheckersHeuristic,2,1,1,RandomPlayerConfig
1465230531,Checkers,0,GAME_OVER,41,40,2,463,2,MCTS_CheckersHeuristic,2,1,1,RandomPlayerConfig
-1640555523,Checkers,0,GAME_OVER,42,41,2,464,2,MCTS_CheckersHeuristic,2,1,1,RandomPlayerConfig
-1288871158,Checkers,0,GAME_OVER,44,43,2,465,2,MCTS_CheckersHeuristic,2,1,1,RandomPlayerConfig
703670027,Checkers,0,GAME_OVER,40,39,2,466,2,MCTS_CheckersHeuristic,2,1,1,RandomPlayerConfig
-595467969,Checkers,0,GAME_OVER,31,30,2,467,2,MCTS_CheckersHeuristic,2,1,1,RandomPlayerConfig
1935322625,Checkers,0,GAME_OVER,42,41,2,468,2,MCTS_CheckersHeuristic,2,1,1,RandomPlayerConfig
382763235,Checkers,0,GAME_OVER,35,34,2,469,2,MCTS_CheckersHeuristic,2,1,1,RandomPlayerConfig
-143491939,Checkers,0,GAME_OVER,49,48,2,470,2,MCTS_CheckersHeuristic,2,1,1,RandomPlayerConfig
532294735,Checkers,0,GAME_OVER,44,43,2,471,2,MCTS_CheckersHeuristic,2,1,1,RandomPlayerConfig
2118762452,Checkers,0,GAME_OVER,47,46,2,472,2,MCTS_CheckersHeuristic,2,1,1,RandomPlayerConfig
-215159238,Checkers,0,GAME_OVER,41,40,2,473,2,MCTS_CheckersHeuristic,2,1,1,RandomPlayerConfig
-1362421902,Checkers,0,GAME_OVER,37,36,2,474,2,MCTS_CheckersHeuristic,2,1,1,RandomPlayerConfig
-1493545013,Checkers,0,GAME_OVER,38,37,2,475,2,MCTS_CheckersHeuristic,2,1,1,RandomPlayerConfig
712853017,Checkers,0,GAME_OVER,33,32,2,476,2,MCTS_CheckersHeuristic,2,1,1,RandomPlayerConfig
-382959914,Checkers,0,GAME_OVER,38,37,2,477,2,MCTS_CheckersHeuristic,2,1,1,RandomPlayerConfig
1737040920,Checkers,0,GAME_OVER,45,44,2,478,2,MCTS_CheckersHeuristic,2,1,1,RandomPlayerConfig
952990261,Checkers,0,GAME_OVER,39,38,2,479,2,MCTS_CheckersHeuristic,2,1,1,RandomPlayerConfig
-1412259614,Checkers,0,GAME_OVER,40,39,2,480,2,MCTS_CheckersHeuristic,2,1,1,RandomPlayerConfig
-384845729,Checkers,0,GAME_OVER,39,38,2,481,2,MCTS_CheckersHeuristic,2,1,1,RandomPlayerConfig
-648726464,Checkers,0,GAME_OVER,48,47,2,482,2,MCTS_CheckersHeuristic,2,1,1,RandomPlayerConfig
-2120713039,Checkers,0,GAME_OVER,47,46,2,483,2,MCTS_CheckersHeuristic,2,1,1,RandomPlayerConfig
-1232102556,Checkers,0,GAME_OVER,48,47,2,484,2,MCTS_CheckersHeuristic,2,1,1,RandomPlayerConfig
-171087364,Checkers,0,GAME_OVER,43,42,2,485,2,MCTS_CheckersHeuristic,2,1,1,RandomPlayerConfig
1897085839,Checkers,0,GAME_OVER,35,34,2,486,2,MCTS_CheckersHeuristic,2,1,1,RandomPlayerConfig
523986260,Checkers,0,GAME_OVER,51,50,2,487,2,MCTS_CheckersHeuristic,2,1,1,RandomPlayerConfig
-763743510,Checkers,0,GAME_OVER,32,31,2,488,2,MCTS_CheckersHeuristic,2,1,1,RandomPlayerConfig
-471754180,Checkers,0,GAME_OVER,44,43,2,489,2,MCTS_CheckersHeuristic,2,1,1,RandomPlayerConfig
2129168822,Checkers,0,GAME_OVER,52,51,2,490,2,MCTS_CheckersHeuristic,2,1,1,RandomPlayerConfig
2126248352,Checkers,0,GAME_OVER,45,44,2,491,2,MCTS_CheckersHeuristic,2,1,1,RandomPlayerConfig
1345411340,Checkers,0,GAME_OVER,46,45,2,492,2,MCTS_CheckersHeuristic,2,1,1,RandomPlayerConfig
-1367150791,Checkers,0,GAME_OVER,39,38,2,493,2,MCTS_CheckersHeuristic,2,1,1,RandomPlayerConfig
-1296457281,Checkers,0,GAME_OVER,41,40,2,494,2,MCTS_CheckersHeuristic,2,1,1,RandomPlayerConfig
1119802703,Checkers,0,GAME_OVER,32,31,2,495,2,MCTS_CheckersHeuristic,2,1,1,RandomPlayerConfig
286467360,Checkers,0,GAME_OVER,34,33,2,496,2,MCTS_CheckersHeuristic,2,1,1,RandomPlayerConfig
-1811680006,Checkers,0,GAME_OVER,39,38,2,497,2,MCTS_CheckersHeuristic,2,1,1,RandomPlayerConfig
855832234,Checkers,0,GAME_OVER,42,41,2,498,2,MCTS_CheckersHeuristic,2,1,1,RandomPlayerConfig
1772958031,Checkers,0,GAME_OVER,45,44,2,499,2,MCTS_CheckersHeuristic,2,1,1,RandomPlayerConfig
-1513084689,Checkers,0,GAME_OVER,44,43,2,500,2,MCTS_CheckersHeuristic,2,1,1,RandomPlayerConfig
-1499994599,Checkers,0,GAME_OVER,32,31,2,501,2,MCTS_CheckersHeuristic,2,1,1,RandomPlayerConfig
1008055608,Checkers,0,GAME_OVER,45,44,2,502,2,MCTS_CheckersHeuristic,2,1,1,RandomPlayerConfig
-339634418,Checkers,0,GAME_OVER,38,37,2,503,2,MCTS_CheckersHeuristic,2,1,1,RandomPlayerConfig
1033034923,Checkers,0,GAME_OVER,48,47,2,504,2,MCTS_CheckersHeuristic,2,1,1,RandomPlayerConfig
671668901,Checkers,0,GAME_OVER,43,42,2,505,2,MCTS_CheckersHeuristic,2,1,1,RandomPlayerConfig
-855993595,Checkers,0,GAME_OVER,39,38,2,506,2,MCTS_CheckersHeuristic,2,1,1,RandomPlayerConfig
1544946679,Checkers,0,GAME_OVER,37,36,2,507,2,MCTS_CheckersHeuristic,2,1,1,RandomPlayerConfig
580736544,Checkers,0,GAME_OVER,42,41,2,508,2,MCTS_CheckersHeuristic,2,1,1,RandomPlayerConfig
1197965641,Checkers,0,GAME_OVER,45,44,2,509,2,MCTS_CheckersHeuristic,2,1,1,RandomPlayerConfig
818543324,Checkers,0,GAME_OVER,38,37,2,510,2,MCTS_CheckersHeuristic,2,1,1,RandomPlayerConfig
1349665083,Checkers,0,GAME_OVER,36,35,2,511,2,MCTS_CheckersHeuristic,2,1,1,RandomPlayerConfig
816758570,Checkers,0,GAME_OVER,49,48,2,512,2,MCTS_CheckersHeuristic,2,1,1,RandomPlayerConfig
2107295405,Checkers,0,GAME_OVER,42,41,2,513,2,MCTS_CheckersHeuristic,2,1,1,RandomPlayerConfig
-2140526010,Checkers,0,GAME_OVER,41,40,2,514,2,MCTS_CheckersHeuristic,2,1,1,RandomPlayerConfig
172061652,Checkers,0,GAME_OVER,42,41,2,515,2,MCTS_CheckersHeuristic,2,1,1,RandomPlayerConfig
-1599783066,Checkers,0,GAME_OVER,46,45,2,516,2,MCTS_CheckersHeuristic,2,1,1,RandomPlayerConfig
1127747356,Checkers,0,GAME_OVER,52,51,2,517,2,MCTS_CheckersHeuristic,2,1,1,RandomPlayerConfig
-1365699484,Checkers,0,GAME_OVER,43,42,2,518,2,MCTS_CheckersHeuristic,2,1,1,RandomPlayerConfig
1812080838,Checkers,0,GAME_OVER,41,40,2,519,2,MCTS_CheckersHeuristic,2,1,1,RandomPlayerConfig
2062044460,Checkers,0,GAME_OVER,41,40,2,520,2,MCTS_CheckersHeuristic,2,1,1,RandomPlayerConfig
-2056067482,Checkers,0,GAME_OVER,37,36,2,521,2,MCTS_CheckersHeuristic,2,1,1,RandomPlayerConfig
-2010046978,Checkers,0,GAME_OVER,36,35,2,522,2,MCTS_CheckersHeuristic,2,1,1,RandomPlayerConfig
-1846255193,Checkers,0,GAME_OVER,42,41,2,523,2,MCTS_CheckersHeuristic,2,1,1,RandomPlayerConfig
-93152836,Checkers,0,GAME_OVER,39,38,2,524,2,MCTS_CheckersHeuristic,2,1,1,RandomPlayerConfig
-1820505593,Checkers,0,GAME_OVER,44,43,2,525,2,MCTS_CheckersHeuristic,2,1,1,RandomPlayerConfig
-638253349,Checkers,0,GAME_OVER,33,32,2,526,2,MCTS_CheckersHeuristic,2,1,1,RandomPlayerConfig
251487586,Checkers,0,GAME_OVER,39,38,2,527,2,MCTS_CheckersHeuristic,2,1,1,RandomPlayerConfig
-1810756426,Checkers,0,GAME_OVER,43,42,2,528,2,MCTS_CheckersHeuristic,2,1,1,RandomPlayerConfig
396358024,Checkers,0,GAME_OVER,38,37,2,529,2,MCTS_CheckersHeuristic,2,1,1,RandomPlayerConfig
-987720622,Checkers,0,GAME_OVER,46,45,2,530,2,MCTS_CheckersHeuristic,2,1,1,RandomPlayerConfig
2146523447,Checkers,0,GAME_OVER,42,41,2,531,2,MCTS_CheckersHeuristic,2,1,1,RandomPlayerConfig
1407681231,Checkers,0,GAME_OVER,40,39,2,532,2,MCTS_CheckersHeuristic,2,1,1,RandomPlayerConfig
-1847314139,Checkers,0,GAME_OVER,35,34,2,533,2,MCTS_CheckersHeuristic,2,1,1,RandomPlayerConfig
700502305,Checkers,0,GAME_OVER,45,44,2,534,2,MCTS_CheckersHeuristic,2,1,1,RandomPlayerConfig
-873535995,Checkers,0,GAME_OVER,42,41,2,535,2,MCTS_CheckersHeuristic,2,1,1,RandomPlayerConfig
-308853822,Checkers,0,GAME_OVER,44,43,2,536,2,MCTS_CheckersHeuristic,2,1,1,RandomPlayerConfig
463442607,Checkers,0,GAME_OVER,41,40,2,537,2,MCTS_CheckersHeuristic,2,1,1,RandomPlayerConfig
-89131396,Checkers,0,GAME_OVER,42,41,2,538,2,MCTS_CheckersHeuristic,2,1,1,RandomPlayerConfig
1887006155,Checkers,0,GAME_OVER,43,42,2,539,2,MCTS_CheckersHeuristic,2,1,1,RandomPlayerConfig
2100716419,Checkers,0,GAME_OVER,45,44,2,540,2,MCTS_CheckersHeuristic,2,1,1,RandomPlayerConfig
-2050318157,Checkers,0,GAME_OVER,29,28,2,541,2,MCTS_CheckersHeuristic,2,1,1,RandomPlayerConfig
-1472310679,Checkers,0,GAME_OVER,33,32,2,542,2,MCTS_CheckersHeuristic,2,1,1,RandomPlayerConfig
-675113620,Checkers,0,GAME_OVER,43,42,2,543,2,MCTS_CheckersHeuristic,2,1,1,RandomPlayerConfig
1326482106,Checkers,0,GAME_OVER,47,46,2,544,2,MCTS_CheckersHeuristic,2,1,1,RandomPlayerConfig
369909724,Checkers,0,GAME_OVER,42,41,2,545,2,MCTS_CheckersHeuristic,2,1,1,RandomPlayerConfig
-2058174646,Checkers,0,GAME_OVER,43,42,2,546,2,MCTS_CheckersHeuristic,2,1,1,RandomPlayerConfig
660350641,Checkers,0,GAME_OVER,48,47,2,547,2,MCTS_CheckersHeuristic,2,1,1,RandomPlayerConfig
-2044419473,Checkers,0,GAME_OVER,34,33,2,548,2,MCTS_CheckersHeuristic,2,1,1,RandomPlayerConfig
-771489131,Checkers,0,GAME_OVER,40,39,2,549,2,MCTS_CheckersHeuristic,2,1,1,RandomPlayerConfig
-463306565,Checkers,0,GAME_OVER,37,36,2,550,2,MCTS_CheckersHeuristic,2,1,1,RandomPlayerConfig
-1315467628,Checkers,0,GAME_OVER,36,35,2,551,2,MCTS_CheckersHeuristic,2,1,1,RandomPlayerConfig
-1947271423,Checkers,0,GAME_OVER,50,49,2,552,2,MCTS_CheckersHeuristic,2,1,1,RandomPlayerConfig
-471702798,Checkers,0,GAME_OVER,44,43,2,553,2,MCTS_CheckersHeuristic,2,1,1,RandomPlayerConfig
2135529886,Checkers,0,GAME_OVER,42,41,2,554,2,MCTS_CheckersHeuristic,2,1,1,RandomPlayerConfig
1013480379,Checkers,0,GAME_OVER,37,36,2,555,2,MCTS_CheckersHeuristic,2,1,1,RandomPlayerConfig
1929455196,Checkers,0,GAME_OVER,33,32,2,556,2,MCTS_CheckersHeuristic,2,1,1,RandomPlayerConfig
-921817392,Checkers,0,GAME_OVER,30,29,2,557,2,MCTS_CheckersHeuristic,2,1,1,RandomPlayerConfig
-1140199565,Checkers,0,GAME_OVER,40,39,2,558,2,MCTS_CheckersHeuristic,2,1,1,RandomPlayerConfig
1777623362,Checkers,0,GAME_OVER,57,56,2,559,2,MCTS_CheckersHeuristic,2,1,1,RandomPlayerConfig
-263668374,Checkers,0,GAME_OVER,50,49,2,560,2,MCTS_CheckersHeuristic,2,1,1,RandomPlayerConfig
-1449381318,Checkers,0,GAME_OVER,44,43,2,561,2,MCTS_CheckersHeuristic,2,1,1,RandomPlayerConfig
1242091244,Checkers,0,GAME_OVER,35,34,2,562,2,MCTS_CheckersHeuristic,2,1,1,RandomPlayerConfig
-2125405763,Checkers,0,GAME_OVER,39,38,2,563,2,MCTS_CheckersHeuristic,2,1,1,RandomPlayerConfig
133736649,Checkers,0,GAME_OVER,27,26,2,564,2,MCTS_CheckersHeuristic,2,1,1,RandomPlayerConfig
269968398,Checkers,0,GAME_OVER,38,37,2,565,2,MCTS_CheckersHeuristic,2,1,1,RandomPlayerConfig
-54024768,Checkers,0,GAME_OVER,36,35,2,566,2,MCTS_CheckersHeuristic,2,1,1,RandomPlayerConfig
-1383111044,Checkers,0,GAME_OVER,36,35,2,567,2,MCTS_CheckersHeuristic,2,1,1,RandomPlayerConfig
-1173386049,Checkers,0,GAME_OVER,46,45,2,568,2,MCTS_CheckersHeuristic,2,1,1,RandomPlayerConfig
-1029007137,Checkers,0,GAME_OVER,39,38,2,569,2,MCTS_CheckersHeuristic,2,1,1,RandomPlayerConfig
1536034239,Checkers,0,GAME_OVER,43,42,2,570,2,MCTS_CheckersHeuristic,2,1,1,RandomPlayerConfig
374630160,Checkers,0,GAME_OVER,42,41,2,571,2,MCTS_CheckersHeuristic,2,1,1,RandomPlayerConfig
-894314390,Checkers,0,GAME_OVER,45,44,2,572,2,MCTS_CheckersHeuristic,2,1,1,RandomPlayerConfig
1668808733,Checkers,0,GAME_OVER,38,37,2,573,2,MCTS_CheckersHeuristic,2,1,1,RandomPlayerConfig
373835046,Checkers,0,GAME_OVER,43,42,2,574,2,MCTS_CheckersHeuristic,2,1,1,RandomPlayerConfig
1276978446,Checkers,0,GAME_OVER,47,46,2,575,2,MCTS_CheckersHeuristic,2,1,1,RandomPlayerConfig
-1824731077,Checkers,0,GAME_OVER,39,38,2,576,2,MCTS_CheckersHeuristic,2,1,1,RandomPlayerConfig
-871837837,Checkers,0,GAME_OVER,45,44,2,577,2,MCTS_CheckersHeuristic,2,1,1,RandomPlayerConfig
4149300,Checkers,0,GAME_OVER,34,33,2,578,2,MCTS_CheckersHeuristic,2,1,1,RandomPlayerConfig
-1153507310,Checkers,0,GAME_OVER,44,43,2,579,2,MCTS_CheckersHeuristic,2,1,1,RandomPlayerConfig
-1386525787,Checkers,0,GAME_OVER,35,34,2,580,2,MCTS_CheckersHeuristic,2,1,1,RandomPlayerConfig
-2122203024,Checkers,0,GAME_OVER,48,47,2,581,2,MCTS_CheckersHeuristic,2,1,1,RandomPlayerConfig
-1098678276,Checkers,0,GAME_OVER,42,41,2,582,2,MCTS_CheckersHeuristic,2,1,1,RandomPlayerConfig
-808008185,Checkers,0,GAME_OVER,49,48,2,583,2,MCTS_CheckersHeuristic,2,1,1,RandomPlayerConfig
1220286992,Checkers,0,GAME_OVER,44,43,2,584,2,MCTS_CheckersHeuristic,2,1,1,RandomPlayerConfig
-1158724504,Checkers,0,GAME_OVER,42,41,2,585,2,MCTS_CheckersHeuristic,2,1,1,RandomPlayerConfig
2066582140,Checkers,0,GAME_OVER,30,29,2,586,2,MCTS_CheckersHeuristic,2,1,1,RandomPlayerConfig
1251091364,Checkers,0,GAME_OVER,40,39,2,587,2,MCTS_CheckersHeuristic,2,1,1,RandomPlayerConfig
1368736531,Checkers,0,GAME_OVER,36,35,2,588,2,MCTS_CheckersHeuristic,2,1,1,RandomPlayerConfig
-87649636,Checkers,0,GAME_OVER,31,30,2,589,2,MCTS_CheckersHeuristic,2,1,1,RandomPlayerConfig
1966465007,Checkers,0,GAME_OVER,38,37,2,590,2,MCTS_CheckersHeuristic,2,1,1,RandomPlayerConfig
-559244999,Checkers,0,GAME_OVER,46,45,2,591,2,MCTS_CheckersHeuristic,2,1,1,RandomPlayerConfig
-383871517,Checkers,0,GAME_OVER,47,46,2,592,2,MCTS_CheckersHeuristic,2,1,1,RandomPlayerConfig
1323758744,Checkers,0,GAME_OVER,45,44,2,593,2,MCTS_CheckersHeuristic,2,1,1,RandomPlayerConfig
-1881929377,Checkers,0,GAME_OVER,38,37,2,594,2,MCTS_CheckersHeuristic,2,1,1,RandomPlayerConfig
1961514923,Checkers,0,GAME_OVER,39,38,2,595,2,MCTS_CheckersHeuristic,2,1,1,RandomPlayerConfig
1960918021,Checkers,0,GAME_OVER,38,37,2,596,2,MCTS_CheckersHeuristic,2,1,1,RandomPlayerConfig
-1455885092,Checkers,0,GAME_OVER,38,37,2,597,2,MCTS_CheckersHeuristic,2,1,1,RandomPlayerConfig
1230822525,Checkers,0,GAME_OVER,48,47,2,598,2,MCTS_CheckersHeuristic,2,1,1,RandomPlayerConfig
-1974949444,Checkers,0,GAME_OVER,37,36,2,599,2,MCTS_CheckersHeuristic,2,1,1,RandomPlayerConfig
224478027,Checkers,0,GAME_OVER,42,41,2,600,2,MCTS_CheckersHeuristic,2,1,1,RandomPlayerConfig
348083134,Checkers,0,GAME_OVER,37,36,2,601,2,MCTS_CheckersHeuristic,2,1,1,RandomPlayerConfig
1385798216,Checkers,0,GAME_OVER,52,51,2,602,1,OSLA,1,2,2,MCTS_CheckersHeuristic
1477163396,Checkers,0,GAME_OVER,60,59,2,603,1,OSLA,1,2,2,MCTS_CheckersHeuristic
940975193,Checkers,0,GAME_OVER,54,53,2,604,1,OSLA,1,2,2,MCTS_CheckersHeuristic
-2135356456,Checkers,0,GAME_OVER,112,111,2,605,1,OSLA,1,2,2,MCTS_CheckersHeuristic
712147891,Checkers,0,GAME_OVER,82,81,2,606,1,OSLA,1,2,2,MCTS_CheckersHeuristic
-1829428648,Checkers,0,GAME_OVER,83,82,2,607,1,OSLA,1,2,2,MCTS_CheckersHeuristic
-970208703,Checkers,0,GAME_OVER,63,62,2,608,1,OSLA,1,2,2,MCTS_CheckersHeuristic
561963551,Checkers,0,GAME_OVER,53,52,2,609,2,OSLA,2,1,1,MCTS_CheckersHeuristic
-332452780,Checkers,0,GAME_OVER,91,90,2,610,1,OSLA,1,2,2,MCTS_CheckersHeuristic
-1192676016,Checkers,0,GAME_OVER,51,50,2,611,1,OSLA,1,2,2,MCTS_CheckersHeuristic
1244625278,Checkers,0,GAME_OVER,82,81,2,612,1,OSLA,1,2,2,MCTS_CheckersHeuristic
-412550984,Checkers,0,GAME_OVER,69,68,2,613,1,OSLA,1,2,2,MCTS_CheckersHeuristic
1287140168,Checkers,0,GAME_OVER,88,87,2,614,1,OSLA,1,1,1,MCTS_CheckersHeuristic
-739266938,Checkers,0,GAME_OVER,144,143,2,615,1,OSLA,1,1,1,MCTS_CheckersHeuristic
1863386510,Checkers,0,GAME_OVER,62,61,2,616,1,OSLA,1,2,2,MCTS_CheckersHeuristic
416678468,Checkers,0,GAME_OVER,72,71,2,617,1,OSLA,1,2,2,MCTS_CheckersHeuristic
-884359798,Checkers,0,GAME_OVER,60,59,2,618,1,OSLA,1,2,2,MCTS_CheckersHeuristic
521120380,Checkers,0,GAME_OVER,57,56,2,619,1,OSLA,1,2,2,MCTS_CheckersHeuristic
-1263208495,Checkers,0,GAME_OVER,93,92,2,620,1,OSLA,1,1,1,MCTS_CheckersHeuristic
-2101391703,Checkers,0,GAME_OVER,81,80,2,621,1,OSLA,1,2,2,MCTS_CheckersHeuristic
-858690867,Checkers,0,GAME_OVER,144,143,2,622,1,OSLA,1,1,1,MCTS_CheckersHeuristic
-1565041565,Checkers,0,GAME_OVER,58,57,2,623,1,OSLA,1,2,2,MCTS_CheckersHeuristic
881738367,Checkers,0,GAME_OVER,94,93,2,624,1,OSLA,1,1,1,MCTS_CheckersHeuristic
-706661135,Checkers,0,GAME_OVER,98,97,2,625,1,OSLA,1,1,1,MCTS_CheckersHeuristic
-344570997,Checkers,0,GAME_OVER,50,49,2,626,2,OSLA,2,1,1,MCTS_CheckersHeuristic
66217114,Checkers,0,GAME_OVER,81,80,2,627,1,OSLA,1,2,2,MCTS_CheckersHeuristic
-416567589,Checkers,0,GAME_OVER,66,65,2,628,1,OSLA,1,2,2,MCTS_CheckersHeuristic
82163569,Checkers,0,GAME_OVER,72,71,2,629,1,OSLA,1,2,2,MCTS_CheckersHeuristic
-412552099,Checkers,0,GAME_OVER,120,119,2,630,1,OSLA,1,1,1,MCTS_CheckersHeuristic
-1412396172,Checkers,0,GAME_OVER,51,50,2,631,2,OSLA,2,1,1,MCTS_CheckersHeuristic
-613320024,Checkers,0,GAME_OVER,89,88,2,632,1,OSLA,1,2,2,MCTS_CheckersHeuristic
1246938669,Checkers,0,GAME_OVER,115,114,2,633,1,OSLA,1,1,1,MCTS_CheckersHeuristic
690743949,Checkers,0,GAME_OVER,49,48,2,634,2,OSLA,2,1,1,MCTS_CheckersHeuristic
-1170807746,Checkers,0,GAME_OVER,68,67,2,635,1,OSLA,1,2,2,MCTS_CheckersHeuristic
1053481180,Checkers,0,GAME_OVER,50,49,2,636,1,OSLA,1,2,2,MCTS_CheckersHeuristic
-584072325,Checkers,0,GAME_OVER,64,63,2,637,1,OSLA,1,2,2,MCTS_CheckersHeuristic
-530045463,Checkers,0,GAME_OVER,49,48,2,638,1,OSLA,1,2,2,MCTS_CheckersHeuristic
-1569612673,Checkers,0,GAME_OVER,63,62,2,639,1,OSLA,1,2,2,MCTS_CheckersHeuristic
304499091,Checkers,0,GAME_OVER,60,59,2,640,1,OSLA,1,2,2,MCTS_CheckersHeuristic
1684811493,Checkers,0,GAME_OVER,76,75,2,641,1,OSLA,1,2,2,MCTS_CheckersHeuristic
-1503865895,Checkers,0,GAME_OVER,80,79,2,642,1,OSLA,1,2,2,MCTS_CheckersHeuristic
-394462335,Checkers,0,GAME_OVER,140,139,2,643,1,OSLA,1,2,2,MCTS_CheckersHeuristic
1565195590,Checkers,0,GAME_OVER,65,64,2,644,1,OSLA,1,2,2,MCTS_CheckersHeuristic
357276243,Checkers,0,GAME_OVER,71,70,2,645,1,OSLA,1,2,2,MCTS_CheckersHeuristic
-1522202700,Checkers,0,GAME_OVER,50,49,2,646,1,OSLA,1,2,2,MCTS_CheckersHeuristic
274748944,Checkers,0,GAME_OVER,81,80,2,647,1,OSLA,1,2,2,MCTS_CheckersHeuristic
-2142980292,Checkers,0,GAME_OVER,55,54,2,648,1,OSLA,1,2,2,MCTS_CheckersHeuristic
-1497805463,Checkers,0,GAME_OVER,45,44,2,649,1,OSLA,1,2,2,MCTS_CheckersHeuristic
-1343216562,Checkers,0,GAME_OVER,49,48,2,650,1,OSLA,1,2,2,MCTS_CheckersHeuristic
1163786881,Checkers,0,GAME_OVER,109,108,2,651,1,OSLA,1,2,2,MCTS_CheckersHeuristic
2089214783,Checkers,0,GAME_OVER,66,65,2,652,1,OSLA,1,2,2,MCTS_CheckersHeuristic
346569518,Checkers,0,GAME_OVER,105,104,2,653,1,OSLA,1,2,2,MCTS_CheckersHeuristic
1400818389,Checkers,0,GAME_OVER,62,61,2,654,1,OSLA,1,2,2,MCTS_CheckersHeuristic
-1452844811,Checkers,0,GAME_OVER,55,54,2,655,1,OSLA,1,2,2,MCTS_CheckersHeuristic
1010750099,Checkers,0,GAME_OVER,71,70,2,656,1,OSLA,1,2,2,MCTS_CheckersHeuristic
-1446367763,Checkers,0,GAME_OVER,59,58,2,657,1,OSLA,1,2,2,MCTS_CheckersHeuristic
-1174445347,Checkers,0,GAME_OVER,61,60,2,658,1,OSLA,1,2,2,MCTS_CheckersHeuristic
1047849951,Checkers,0,GAME_OVER,70,69,2,659,1,OSLA,1,2,2,MCTS_CheckersHeuristic
-1185393628,Checkers,0,GAME_OVER,61,60,2,660,1,OSLA,1,2,2,MCTS_CheckersHeuristic
624119135,Checkers,0,GAME_OVER,56,55,2,661,1,OSLA,1,2,2,MCTS_CheckersHeuristic
2093125560,Checkers,0,GAME_OVER,54,53,2,662,2,OSLA,2,1,1,MCTS_CheckersHeuristic
1465230531,Checkers,0,GAME_OVER,98,97,2,663,2,OSLA,2,1,1,MCTS_CheckersHeuristic
-1640555523,Checkers,0,GAME_OVER,131,130,2,664,1,OSLA,1,1,1,MCTS_CheckersHeuristic
-1288871158,Checkers,0,GAME_OVER,91,90,2,665,1,OSLA,1,2,2,MCTS_CheckersHeuristic
703670027,Checkers,0,GAME_OVER,118,117,2,666,1,OSLA,1,1,1,MCTS_CheckersHeuristic
-595467969,Checkers,0,GAME_OVER,71,70,2,667,1,OSLA,1,2,2,MCTS_CheckersHeuristic
1935322625,Checkers,0,GAME_OVER,50,49,2,668,1,OSLA,1,2,2,MCTS_CheckersHeuristic
382763235,Checkers,0,GAME_OVER,53,52,2,669,2,OSLA,2,1,1,MCTS_CheckersHeuristic
-143491939,Checkers,0,GAME_OVER,65,64,2,670,1,OSLA,1,2,2,MCTS_CheckersHeuristic
532294735,Checkers,0,GAME_OVER,66,65,2,671,1,OSLA,1,2,2,MCTS_CheckersHeuristic
2118762452,Checkers,0,GAME_OVER,82,81,2,672,1,OSLA,1,2,2,MCTS_CheckersHeuristic
-215159238,Checkers,0,GAME_OVER,125,124,2,673,1,OSLA,1,1,1,MCTS_CheckersHeuristic
-1362421902,Checkers,0,GAME_OVER,47,46,2,674,2,OSLA,2,1,1,MCTS_CheckersHeuristic
-1493545013,Checkers,0,GAME_OVER,87,86,2,675,1,OSLA,1,2,2,MCTS_CheckersHeuristic
712853017,Checkers,0,GAME_OVER,50,49,2,676,2,OSLA,2,1,1,MCTS_CheckersHeuristic
-382959914,Checkers,0,GAME_OVER,54,53,2,677,2,OSLA,2,1,1,MCTS_CheckersHeuristic
1737040920,Checkers,0,GAME_OVER,80,79,2,678,1,OSLA,1,2,2,MCTS_CheckersHeuristic
952990261,Checkers,0,GAME_OVER,73,72,2,679,1,OSLA,1,2,2,MCTS_CheckersHeuristic
-1412259614,Checkers,0,GAME_OVER,65,64,2,680,1,OSLA,1,2,2,MCTS_CheckersHeuristic
-384845729,Checkers,0,GAME_OVER,55,54,2,681,1,OSLA,1,2,2,MCTS_CheckersHeuristic
-648726464,Checkers,0,GAME_OVER,45,44,2,682,1,OSLA,1,2,2,MCTS_CheckersHeuristic
-2120713039,Checkers,0,GAME_OVER,83,82,2,683,1,OSLA,1,2,2,MCTS_CheckersHeuristic
-1232102556,Checkers,0,GAME_OVER,89,88,2,684,1,OSLA,1,1,1,MCTS_CheckersHeuristic
-171087364,Checkers,0,GAME_OVER,147,146,2,685,1,OSLA,1,1,1,MCTS_CheckersHeuristic
1897085839,Checkers,0,GAME_OVER,68,67,2,686,1,OSLA,1,2,2,MCTS_CheckersHeuristic
523986260,Checkers,0,GAME_OVER,57,56,2,687,1,OSLA,1,2,2,MCTS_CheckersHeuristic
-763743510,Checkers,0,GAME_OVER,69,68,2,688,1,OSLA,1,2,2,MCTS_CheckersHeuristic
-471754180,Checkers,0,GAME_OVER,45,44,2,689,1,OSLA,1,2,2,MCTS_CheckersHeuristic
2129168822,Checkers,0,GAME_OVER,42,41,2,690,1,OSLA,1,2,2,MCTS_CheckersHeuristic
2126248352,Checkers,0,GAME_OVER,72,71,2,691,1,OSLA,1,2,2,MCTS_CheckersHeuristic
1345411340,Checkers,0,GAME_OVER,53,52,2,692,2,OSLA,2,1,1,MCTS_CheckersHeuristic
-1367150791,Checkers,0,GAME_OVER,75,74,2,693,1,OSLA,1,2,2,MCTS_CheckersHeuristic
-1296457281,Checkers,0,GAME_OVER,57,56,2,694,1,OSLA,1,2,2,MCTS_CheckersHeuristic
1119802703,Checkers,0,GAME_OVER,55,54,2,695,1,OSLA,1,2,2,MCTS_CheckersHeuristic
286467360,Checkers,0,GAME_OVER,100,99,2,696,2,OSLA,2,1,1,MCTS_CheckersHeuristic
-1811680006,Checkers,0,GAME_OVER,153,152,2,697,1,OSLA,1,1,1,MCTS_CheckersHeuristic
855832234,Checkers,0,GAME_OVER,55,54,2,698,1,OSLA,1,2,2,MCTS_CheckersHeuristic
1772958031,Checkers,0,GAME_OVER,69,68,2,699,1,OSLA,1,2,2,MCTS_CheckersHeuristic
-1513084689,Checkers,0,GAME_OVER,81,80,2,700,1,OSLA,1,2,2,MCTS_CheckersHeuristic
-1499994599,Checkers,0,GAME_OVER,120,119,2,701,1,OSLA,1,1,1,MCTS_CheckersHeuristic
1008055608,Checkers,0,GAME_OVER,66,65,2,702,1,OSLA,1,2,2,MCTS_CheckersHeuristic
-339634418,Checkers,0,GAME_OVER,70,69,2,703,1,OSLA,1,2,2,MCTS_CheckersHeuristic
1033034923,Checkers,0,GAME_OVER,74,73,2,704,1,OSLA,1,2,2,MCTS_CheckersHeuristic
671668901,Checkers,0,GAME_OVER,71,70,2,705,1,OSLA,1,2,2,MCTS_CheckersHeuristic
-855993595,Checkers,0,GAME_OVER,57,56,2,706,2,OSLA,2,1,1,MCTS_CheckersHeuristic
1544946679,Checkers,0,GAME_OVER,161,160,2,707,1,OSLA,1,1,1,MCTS_CheckersHeuristic
580736544,Checkers,0,GAME_OVER,97,96,2,708,1,OSLA,1,1,1,MCTS_CheckersHeuristic
1197965641,Checkers,0,GAME_OVER,52,51,2,709,1,OSLA,1,2,2,MCTS_CheckersHeuristic
818543324,Checkers,0,GAME_OVER,67,66,2,710,1,OSLA,1,2,2,MCTS_CheckersHeuristic
1349665083,Checkers,0,GAME_OVER,82,81,2,711,1,OSLA,1,2,2,MCTS_CheckersHeuristic
816758570,Checkers,0,GAME_OVER,47,46,2,712,2,OSLA,2,1,1,MCTS_CheckersHeuristic
2107295405,Checkers,0,GAME_OVER,65,64,2,713,1,OSLA,1,2,2,MCTS_CheckersHeuristic
-2140526010,Checkers,0,GAME_OVER,77,76,2,714,1,OSLA,1,2,2,MCTS_CheckersHeuristic
172061652,Checkers,0,GAME_OVER,114,113,2,715,1,OSLA,1,1,1,MCTS_CheckersHeuristic
-1599783066,Checkers,0,GAME_OVER,64,63,2,716,1,OSLA,1,2,2,MCTS_CheckersHeuristic
1127747356,Checkers,0,GAME_OVER,45,44,2,717,2,OSLA,2,1,1,MCTS_CheckersHeuristic
-1365699484,Checkers,0,GAME_OVER,79,78,2,718,1,OSLA,1,2,2,MCTS_CheckersHeuristic
1812080838,Checkers,0,GAME_OVER,47,46,2,719,1,OSLA,1,2,2,MCTS_CheckersHeuristic
2062044460,Checkers,0,GAME_OVER,161,160,2,720,1,OSLA,1,1,1,MCTS_CheckersHeuristic
-2056067482,Checkers,0,GAME_OVER,83,82,2,721,1,OSLA,1,1,1,MCTS_CheckersHeuristic
-2010046978,Checkers,0,GAME_OVER,75,74,2,722,1,OSLA,1,2,2,MCTS_CheckersHeuristic
-1846255193,Checkers,0,GAME_OVER,83,82,2,723,1,OSLA,1,2,2,MCTS_CheckersHeuristic
-93152836,Checkers,0,GAME_OVER,57,56,2,724,1,OSLA,1,2,2,MCTS_CheckersHeuristic
-1820505593,Checkers,0,GAME_OVER,48,47,2,725,2,OSLA,2,1,1,MCTS_CheckersHeuristic
-638253349,Checkers,0,GAME_OVER,64,63,2,726,1,OSLA,1,2,2,MCTS_CheckersHeuristic
251487586,Checkers,0,GAME_OVER,48,47,2,727,1,OSLA,1,2,2,MCTS_CheckersHeuristic
-1810756426,Checkers,0,GAME_OVER,53,52,2,728,1,OSLA,1,2,2,MCTS_CheckersHeuristic
396358024,Checkers,0,GAME_OVER,61,60,2,729,1,OSLA,1,2,2,MCTS_CheckersHeuristic
-987720622,Checkers,0,GAME_OVER,72,71,2,730,1,OSLA,1,2,2,MCTS_CheckersHeuristic
2146523447,Checkers,0,GAME_OVER,114,113,2,731,1,OSLA,1,1,1,MCTS_CheckersHeuristic
1407681231,Checkers,0,GAME_OVER,74,73,2,732,1,OSLA,1,2,2,MCTS_CheckersHeuristic
-1847314139,Checkers,0,GAME_OVER,70,69,2,733,1,OSLA,1,2,2,MCTS_CheckersHeuristic
700502305,Checkers,0,GAME_OVER,63,62,2,734,1,OSLA,1,2,2,MCTS_CheckersHeuristic
-873535995,Checkers,0,GAME_OVER,84,83,2,735,1,OSLA,1,2,2,MCTS_CheckersHeuristic
-308853822,Checkers,0,GAME_OVER,79,78,2,736,1,OSLA,1,2,2,MCTS_CheckersHeuristic
463442607,Checkers,0,GAME_OVER,103,102,2,737,1,OSLA,1,1,1,MCTS_CheckersHeuristic
-89131396,Checkers,0,GAME_OVER,51,50,2,738,1,OSLA,1,2,2,MCTS_CheckersHeuristic
1887006155,Checkers,0,GAME_OVER,65,64,2,739,1,OSLA,1,2,2,MCTS_CheckersHeuristic
2100716419,Checkers,0,GAME_OVER,104,103,2,740,1,OSLA,1,2,2,MCTS_CheckersHeuristic
-2050318157,Checkers,0,GAME_OVER,66,65,2,741,1,OSLA,1,2,2,MCTS_CheckersHeuristic
-1472310679,Checkers,0,GAME_OVER,143,142,2,742,1,OSLA,1,1,1,MCTS_CheckersHeuristic
-675113620,Checkers,0,GAME_OVER,55,54,2,743,1,OSLA,1,2,2,MCTS_CheckersHeuristic
1326482106,Checkers,0,GAME_OVER,88,87,2,744,1,OSLA,1,2,2,MCTS_CheckersHeuristic
369909724,Checkers,0,GAME_OVER,53,52,2,745,1,OSLA,1,2,2,MCTS_CheckersHeuristic
-2058174646,Checkers,0,GAME_OVER,44,43,2,746,1,OSLA,1,2,2,MCTS_CheckersHeuristic
660350641,Checkers,0,GAME_OVER,76,75,2,747,1,OSLA,1,2,2,MCTS_CheckersHeuristic
-2044419473,Checkers,0,GAME_OVER,58,57,2,748,1,OSLA,1,2,2,MCTS_CheckersHeuristic
-771489131,Checkers,0,GAME_OVER,57,56,2,749,1,OSLA,1,2,2,MCTS_CheckersHeuristic
-463306565,Checkers,0,GAME_OVER,58,57,2,750,1,OSLA,1,2,2,MCTS_CheckersHeuristic
-1315467628,Checkers,0,GAME_OVER,113,112,2,751,1,OSLA,1,1,1,MCTS_CheckersHeuristic
-1947271423,Checkers,0,GAME_OVER,55,54,2,752,1,OSLA,1,2,2,MCTS_CheckersHeuristic
-471702798,Checkers,0,GAME_OVER,104,103,2,753,1,OSLA,1,1,1,MCTS_CheckersHeuristic
2135529886,Checkers,0,GAME_OVER,87,86,2,754,1,OSLA,1,2,2,MCTS_CheckersHeuristic
1013480379,Checkers,0,GAME_OVER,68,67,2,755,1,OSLA,1,1,1,MCTS_CheckersHeuristic
1929455196,Checkers,0,GAME_OVER,73,72,2,756,1,OSLA,1,2,2,MCTS_CheckersHeuristic
-921817392,Checkers,0,GAME_OVER,50,49,2,757,2,OSLA,2,1,1,MCTS_CheckersHeuristic
-1140199565,Checkers,0,GAME_OVER,50,49,2,758,2,OSLA,2,1,1,MCTS_CheckersHeuristic
1777623362,Checkers,0,GAME_OVER,72,71,2,759,1,OSLA,1,2,2,MCTS_CheckersHeuristic
-263668374,Checkers,0,GAME_OVER,49,48,2,760,1,OSLA,1,2,2,MCTS_CheckersHeuristic
-1449381318,Checkers,0,GAME_OVER,53,52,2,761,2,OSLA,2,1,1,MCTS_CheckersHeuristic
1242091244,Checkers,0,GAME_OVER,91,90,2,762,1,OSLA,1,2,2,MCTS_CheckersHeuristic
-2125405763,Checkers,0,GAME_OVER,78,77,2,763,1,OSLA,1,2,2,MCTS_CheckersHeuristic
133736649,Checkers,0,GAME_OVER,95,94,2,764,1,OSLA,1,2,2,MCTS_CheckersHeuristic
269968398,Checkers,0,GAME_OVER,47,46,2,765,1,OSLA,1,2,2,MCTS_CheckersHeuristic
-54024768,Checkers,0,GAME_OVER,54,53,2,766,2,OSLA,2,1,1,MCTS_CheckersHeuristic
-1383111044,Checkers,0,GAME_OVER,91,90,2,767,1,OSLA,1,1,1,MCTS_CheckersHeuristic
-1173386049,Checkers,0,GAME_OVER,56,55,2,768,1,OSLA,1,2,2,MCTS_CheckersHeuristic
-1029007137,Checkers,0,GAME_OVER,56,55,2,769,1,OSLA,1,2,2,MCTS_CheckersHeuristic
1536034239,Checkers,0,GAME_OVER,116,115,2,770,1,OSLA,1,2,2,MCTS_CheckersHeuristic
374630160,Checkers,0,GAME_OVER,53,52,2,771,1,OSLA,1,2,2,MCTS_CheckersHeuristic
-894314390,Checkers,0,GAME_OVER,49,48,2,772,1,OSLA,1,2,2,MCTS_CheckersHeuristic
1668808733,Checkers,0,GAME_OVER,46,45,2,773,1,OSLA,1,2,2,MCTS_CheckersHeuristic
373835046,Checkers,0,GAME_OVER,68,67,2,774,1,OSLA,1,2,2,MCTS_CheckersHeuristic
1276978446,Checkers,0,GAME_OVER,57,56,2,775,1,OSLA,1,2,2,MCTS_CheckersHeuristic
-1824731077,Checkers,0,GAME_OVER,65,64,2,776,1,OSLA,1,2,2,MCTS_CheckersHeuristic
-871837837,Checkers,0,GAME_OVER,55,54,2,777,2,OSLA,2,1,1,MCTS_CheckersHeuristic
4149300,Checkers,0,GAME_OVER,53,52,2,778,1,OSLA,1,2,2,MCTS_CheckersHeuristic
-1153507310,Checkers,0,GAME_OVER,60,59,2,779,1,OSLA,1,2,2,MCTS_CheckersHeuristic
-1386525787,Checkers,0,GAME_OVER,55,54,2,780,1,OSLA,1,2,2,MCTS_CheckersHeuristic
-2122203024,Checkers,0,GAME_OVER,49,48,2,781,2,OSLA,2,1,1,MCTS_CheckersHeuristic
-1098678276,Checkers,0,GAME_OVER,60,59,2,782,1,OSLA,1,2,2,MCTS_CheckersHeuristic
-808008185,Checkers,0,GAME_OVER,63,62,2,783,1,OSLA,1,2,2,MCTS_CheckersHeuristic
1220286992,Checkers,0,GAME_OVER,52,51,2,784,1,OSLA,1,2,2,MCTS_CheckersHeuristic
-1158724504,Checkers,0,GAME_OVER,85,84,2,785,1,OSLA,1,2,2,MCTS_CheckersHeuristic
2066582140,Checkers,0,GAME_OVER,70,69,2,786,1,OSLA,1,2,2,MCTS_CheckersHeuristic
1251091364,Checkers,0,GAME_OVER,71,70,2,787,1,OSLA,1,2,2,MCTS_CheckersHeuristic
1368736531,Checkers,0,GAME_OVER,83,82,2,788,1,OSLA,1,2,2,MCTS_CheckersHeuristic
-87649636,Checkers,0,GAME_OVER,57,56,2,789,1,OSLA,1,2,2,MCTS_CheckersHeuristic
1966465007,Checkers,0,GAME_OVER,61,60,2,790,1,OSLA,1,2,2,MCTS_CheckersHeuristic
-559244999,Checkers,0,GAME_OVER,50,49,2,791,1,OSLA,1,2,2,MCTS_CheckersHeuristic
-383871517,Checkers,0,GAME_OVER,60,59,2,792,1,OSLA,1,2,2,MCTS_CheckersHeuristic
1323758744,Checkers,0,GAME_OVER,39,38,2,793,1,OSLA,1,2,2,MCTS_CheckersHeuristic
-1881929377,Checkers,0,GAME_OVER,147,146,2,794,1,OSLA,1,1,1,MCTS_CheckersHeuristic
1961514923,Checkers,0,GAME_OVER,66,65,2,795,1,OSLA,1,2,2,MCTS_CheckersHeuristic
1960918021,Checkers,0,GAME_OVER,186,185,2,796,1,OSLA,1,1,1,MCTS_CheckersHeuristic
-1455885092,Checkers,0,GAME_OVER,51,50,2,797,2,OSLA,2,1,1,MCTS_CheckersHeuristic
1230822525,Checkers,0,GAME_OVER,53,52,2,798,1,OSLA,1,2,2,MCTS_CheckersHeuristic
-1974949444,Checkers,0,GAME_OVER,60,59,2,799,1,OSLA,1,2,2,MCTS_CheckersHeuristic
224478027,Checkers,0,GAME_OVER,88,87,2,800,1,OSLA,1,1,1,MCTS_CheckersHeuristic
348083134,Checkers,0,GAME_OVER,58,57,2,801,1,OSLA,1,2,2,MCTS_CheckersHeuristic
1385798216,Checkers,0,GAME_OVER,45,44,2,802,2,OSLA,2,1,1,OSLA
1477163396,Checkers,0,GAME_OVER,53,52,2,803,2,OSLA,2,1,1,OSLA
940975193,Checkers,0,GAME_OVER,43,42,2,804,2,OSLA,2,1,1,OSLA
-2135356456,Checkers,0,GAME_OVER,47,46,2,805,2,OSLA,2,1,1,OSLA
712147891,Checkers,0,GAME_OVER,65,64,2,806,2,OSLA,2,1,1,OSLA
-1829428648,Checkers,0,GAME_OVER,47,46,2,807,1,OSLA,1,2,2,OSLA
-970208703,Checkers,0,GAME_OVER,199,198,2,808,1,OSLA,1,1,1,OSLA
561963551,Checkers,0,GAME_OVER,44,43,2,809,2,OSLA,2,1,1,OSLA
-332452780,Checkers,0,GAME_OVER,36,35,2,810,2,OSLA,2,1,1,OSLA
-1192676016,Checkers,0,GAME_OVER,73,72,2,811,2,OSLA,2,1,1,OSLA
1244625278,Checkers,0,GAME_OVER,44,43,2,812,2,OSLA,2,1,1,OSLA
-412550984,Checkers,0,GAME_OVER,47,46,2,813,1,OSLA,1,2,2,OSLA
1287140168,Checkers,0,GAME_OVER,49,48,2,814,1,OSLA,1,2,2,OSLA
-739266938,Checkers,0,GAME_OVER,86,85,2,815,1,OSLA,1,2,2,OSLA
1863386510,Checkers,0,GAME_OVER,44,43,2,816,2,OSLA,2,1,1,OSLA
416678468,Checkers,0,GAME_OVER,48,47,2,817,2,OSLA,2,1,1,OSLA
-884359798,Checkers,0,GAME_OVER,40,39,2,818,2,OSLA,2,1,1,OSLA
521120380,Checkers,0,GAME_OVER,34,33,2,819,2,OSLA,2,1,1,OSLA
-1263208495,Checkers,0,GAME_OVER,147,146,2,820,1,OSLA,1,1,1,OSLA
-2101391703,Checkers,0,GAME_OVER,101,100,2,821,1,OSLA,1,1,1,OSLA
-858690867,Checkers,0,GAME_OVER,51,50,2,822,1,OSLA,1,2,2,OSLA
-1565041565,Checkers,0,GAME_OVER,31,30,2,823,2,OSLA,2,1,1,OSLA
881738367,Checkers,0,GAME_OVER,72,71,2,824,1,OSLA,1,2,2,OSLA
-706661135,Checkers,0,GAME_OVER,45,44,2,825,2,OSLA,2,1,1,OSLA
-344570997,Checkers,0,GAME_OVER,74,73,2,826,2,OSLA,2,1,1,OSLA
66217114,Checkers,0,GAME_OVER,44,43,2,827,2,OSLA,2,1,1,OSLA
-416567589,Checkers,0,GAME_OVER,58,57,2,828,2,OSLA,2,1,1,OSLA
82163569,Checkers,0,GAME_OVER,45,44,2,829,2,OSLA,2,1,1,OSLA
-412552099,Checkers,0,GAME_OVER,50,49,2,830,2,OSLA,2,1,1,OSLA
-1412396172,Checkers,0,GAME_OVER,43,42,2,831,1,OSLA,1,2,2,OSLA
-613320024,Checkers,0,GAME_OVER,56,55,2,832,1,OSLA,1,2,2,OSLA
1246938669,Checkers,0,GAME_OVER,53,52,2,833,1,OSLA,1,2,2,OSLA
690743949,Checkers,0,GAME_OVER,47,46,2,834,1,OSLA,1,2,2,OSLA
-1170807746,Checkers,0,GAME_OVER,79,78,2,835,2,OSLA,2,1,1,OSLA
1053481180,Checkers,0,GAME_OVER,48,47,2,836,2,OSLA,2,1,1,OSLA
-584072325,Checkers,0,GAME_OVER,83,82,2,837,2,OSLA,2,1,1,OSLA
-530045463,Checkers,0,GAME_OVER,73,72,2,838,2,OSLA,2,1,1,OSLA
-1569612673,Checkers,0,GAME_OVER,56,55,2,839,2,OSLA,2,1,1,OSLA
304499091,Checkers,0,GAME_OVER,37,36,2,840,2,OSLA,2,1,1,OSLA
1684811493,Checkers,0,GAME_OVER,58,57,2,841,1,OSLA,1,2,2,OSLA
-1503865895,Checkers,0,GAME_OVER,65,64,2,842,2,OSLA,2,1,1,OSLA
-394462335,Checkers,0,GAME_OVER,87,86,2,843,1,OSLA,1,1,1,OSLA
1565195590,Checkers,0,GAME_OVER,165,164,2,844,1,OSLA,1,1,1,OSLA
357276243,Checkers,0,GAME_OVER,42,41,2,845,2,OSLA,2,1,1,OSLA
-1522202700,Checkers,0,GAME_OVER,47,46,2,846,2,OSLA,2,1,1,OSLA
274748944,Checkers,0,GAME_OVER,55,54,2,847,1,OSLA,1,2,2,OSLA
-2142980292,Checkers,0,GAME_OVER,44,43,2,848,2,OSLA,2,1,1,OSLA
-1497805463,Checkers,0,GAME_OVER,128,127,2,849,1,OSLA,1,1,1,OSLA
-1343216562,Checkers,0,GAME_OVER,87,86,2,850,1,OSLA,1,2,2,OSLA
1163786881,Checkers,0,GAME_OVER,29,28,2,851,1,OSLA,1,2,2,OSLA
2089214783,Checkers,0,GAME_OVER,49,48,2,852,2,OSLA,2,1,1,OSLA
346569518,Checkers,0,GAME_OVER,46,45,2,853,1,OSLA,1,2,2,OSLA
1400818389,Checkers,0,GAME_OVER,141,140,2,854,2,OSLA,2,1,1,OSLA
-1452844811,Checkers,0,GAME_OVER,101,100,2,855,1,OSLA,1,1,1,OSLA
1010750099,Checkers,0,GAME_OVER,165,164,2,856,1,OSLA,1,1,1,OSLA
-1446367763,Checkers,0,GAME_OVER,35,34,2,857,2,OSLA,2,1,1,OSLA
-1174445347,Checkers,0,GAME_OVER,59,58,2,858,1,OSLA,1,2,2,OSLA
1047849951,Checkers,0,GAME_OVER,38,37,2,859,2,OSLA,2,1,1,OSLA
-1185393628,Checkers,0,GAME_OVER,53,52,2,860,1,OSLA,1,2,2,OSLA
624119135,Checkers,0,GAME_OVER,45,44,2,861,2,OSLA,2,1,1,OSLA
2093125560,Checkers,0,GAME_OVER,57,56,2,862,2,OSLA,2,1,1,OSLA
1465230531,Checkers,0,GAME_OVER,112,111,2,863,1,OSLA,1,2,2,OSLA
-1640555523,Checkers,0,GAME_OVER,71,70,2,864,1,OSLA,1,2,2,OSLA
-1288871158,Checkers,0,GAME_OVER,43,42,2,865,2,OSLA,2,1,1,OSLA
703670027,Checkers,0,GAME_OVER,47,46,2,866,1,OSLA,1,2,2,OSLA
-595467969,Checkers,0,GAME_OVER,80,79,2,867,1,OSLA,1,1,1,OSLA
1935322625,Checkers,0,GAME_OVER,160,159,2,868,1,OSLA,1,2,2,OSLA
382763235,Checkers,0,GAME_OVER,39,38,2,869,1,OSLA,1,2,2,OSLA
-143491939,Checkers,0,GAME_OVER,141,140,2,870,1,OSLA,1,1,1,OSLA
532294735,Checkers,0,GAME_OVER,94,93,2,871,1,OSLA,1,1,1,OSLA
2118762452,Checkers,0,GAME_OVER,31,30,2,872,1,OSLA,1,2,2,OSLA
-215159238,Checkers,0,GAME_OVER,43,42,2,873,2,OSLA,2,1,1,OSLA
-1362421902,Checkers,0,GAME_OVER,56,55,2,874,2,OSLA,2,1,1,OSLA
-1493545013,Checkers,0,GAME_OVER,40,39,2,875,2,OSLA,2,1,1,OSLA
712853017,Checkers,0,GAME_OVER,41,40,2,876,2,OSLA,2,1,1,OSLA
-382959914,Checkers,0,GAME_OVER,93,92,2,877,1,OSLA,1,1,1,OSLA
1737040920,Checkers,0,GAME_OVER,63,62,2,878,1,OSLA,1,2,2,OSLA
952990261,Checkers,0,GAME_OVER,45,44,2,879,2,OSLA,2,1,1,OSLA
-1412259614,Checkers,0,GAME_OVER,85,84,2,880,2,OSLA,2,1,1,OSLA
-384845729,Checkers,0,GAME_OVER,99,98,2,881,1,OSLA,1,1,1,OSLA
-648726464,Checkers,0,GAME_OVER,71,70,2,882,2,OSLA,2,1,1,OSLA
-2120713039,Checkers,0,GAME_OVER,50,49,2,883,1,OSLA,1,2,2,OSLA
-1232102556,Checkers,0,GAME_OVER,87,86,2,884,1,OSLA,1,1,1,OSLA
-171087364,Checkers,0,GAME_OVER,101,100,2,885,1,OSLA,1,1,1,OSLA
1897085839,Checkers,0,GAME_OVER,42,41,2,886,1,OSLA,1,2,2,OSLA
523986260,Checkers,0,GAME_OVER,25,24,2,887,1,OSLA,1,2,2,OSLA
-763743510,Checkers,0,GAME_OVER,44,43,2,888,1,OSLA,1,2,2,OSLA
-471754180,Checkers,0,GAME_OVER,44,43,2,889,2,OSLA,2,1,1,OSLA
2129168822,Checkers,0,GAME_OVER,146,145,2,890,1,OSLA,1,1,1,OSLA
2126248352,Checkers,0,GAME_OVER,107,106,2,891,1,OSLA,1,2,2,OSLA
1345411340,Checkers,0,GAME_OVER,42,41,2,892,1,OSLA,1,2,2,OSLA
-1367150791,Checkers,0,GAME_OVER,48,47,2,893,1,OSLA,1,2,2,OSLA
-1296457281,Checkers,0,GAME_OVER,44,43,2,894,2,OSLA,2,1,1,OSLA
1119802703,Checkers,0,GAME_OVER,49,48,2,895,2,OSLA,2,1,1,OSLA
286467360,Checkers,0,GAME_OVER,49,48,2,896,2,OSLA,2,1,1,OSLA
-1811680006,Checkers,0,GAME_OVER,51,50,2,897,1,OSLA,1,2,2,OSLA
855832234,Checkers,0,GAME_OVER,87,86,2,898,1,OSLA,1,2,2,OSLA
1772958031,Checkers,0,GAME_OVER,51,50,2,899,2,OSLA,2,1,1,OSLA
-1513084689,Checkers,0,GAME_OVER,44,43,2,900,2,OSLA,2,1,1,OSLA
-1499994599,Checkers,0,GAME_OVER,122,121,2,901,1,OSLA,1,1,1,OSLA
1008055608,Checkers,0,GAME_OVER,31,30,2,902,1,OSLA,1,2,2,OSLA
-339634418,Checkers,0,GAME_OVER,46,45,2,903,1,OSLA,1,2,2,OSLA
1033034923,Checkers,0,GAME_OVER,52,51,2,904,2,OSLA,2,1,1,OSLA
671668901,Checkers,0,GAME_OVER,29,28,2,905,1,OSLA,1,2,2,OSLA
-855993595,Checkers,0,GAME_OVER,51,50,2,906,1,OSLA,1,2,2,OSLA
1544946679,Checkers,0,GAME_OVER,64,63,2,907,2,OSLA,2,1,1,OSLA
580736544,Checkers,0,GAME_OVER,69,68,2,908,1,OSLA,1,1,1,OSLA
1197965641,Checkers,0,GAME_OVER,55,54,2,909,1,OSLA,1,2,2,OSLA
818543324,Checkers,0,GAME_OVER,54,53,2,910,2,OSLA,2,1,1,OSLA
1349665083,Checkers,0,GAME_OVER,44,43,2,911,1,OSLA,1,2,2,OSLA
816758570,Checkers,0,GAME_OVER,27,26,2,912,1,OSLA,1,2,2,OSLA
2107295405,Checkers,0,GAME_OVER,41,40,2,913,2,OSLA,2,1,1,OSLA
-2140526010,Checkers,0,GAME_OVER,54,53,2,914,2,OSLA,2,1,1,OSLA
172061652,Checkers,0,GAME_OVER,52,51,2,915,1,OSLA,1,2,2,OSLA
-1599783066,Checkers,0,GAME_OVER,53,52,2,916,2,OSLA,2,1,1,OSLA
1127747356,Checkers,0,GAME_OVER,52,51,2,917,1,OSLA,1,2,2,OSLA
-1365699484,Checkers,0,GAME_OVER,49,48,2,918,2,OSLA,2,1,1,OSLA
1812080838,Checkers,0,GAME_OVER,61,60,2,919,2,OSLA,2,1,1,OSLA
2062044460,Checkers,0,GAME_OVER,47,46,2,920,1,OSLA,1,2,2,OSLA
-2056067482,Checkers,0,GAME_OVER,48,47,2,921,1,OSLA,1,2,2,OSLA
-2010046978,Checkers,0,GAME_OVER,43,42,2,922,2,OSLA,2,1,1,OSLA
-1846255193,Checkers,0,GAME_OVER,45,44,2,923,2,OSLA,2,1,1,OSLA
-93152836,Checkers,0,GAME_OVER,65,64,2,924,1,OSLA,1,2,2,OSLA
-1820505593,Checkers,0,GAME_OVER,71,70,2,925,1,OSLA,1,1,1,OSLA
-638253349,Checkers,0,GAME_OVER,39,38,2,926,2,OSLA,2,1,1,OSLA
251487586,Checkers,0,GAME_OVER,50,49,2,927,1,OSLA,1,2,2,OSLA
-1810756426,Checkers,0,GAME_OVER,54,53,2,928,2,OSLA,2,1,1,OSLA
396358024,Checkers,0,GAME_OVER,42,41,2,929,1,OSLA,1,2,2,OSLA
-987720622,Checkers,0,GAME_OVER,60,59,2,930,1,OSLA,1,2,2,OSLA
2146523447,Checkers,0,GAME_OVER,40,39,2,931,2,OSLA,2,1,1,OSLA
1407681231,Checkers,0,GAME_OVER,140,139,2,932,1,OSLA,1,1,1,OSLA
-1847314139,Checkers,0,GAME_OVER,47,46,2,933,2,OSLA,2,1,1,OSLA
700502305,Checkers,0,GAME_OVER,45,44,2,934,2,OSLA,2,1,1,OSLA
-873535995,Checkers,0,GAME_OVER,123,122,2,935,2,OSLA,2,1,1,OSLA
-308853822,Checkers,0,GAME_OVER,42,41,2,936,2,OSLA,2,1,1,OSLA
463442607,Checkers,0,GAME_OVER,46,45,2,937,1,OSLA,1,2,2,OSLA
-89131396,Checkers,0,GAME_OVER,129,128,2,938,1,OSLA,1,1,1,OSLA
1887006155,Checkers,0,GAME_OVER,51,50,2,939,1,OSLA,1,2,2,OSLA
2100716419,Checkers,0,GAME_OVER,66,65,2,940,1,OSLA,1,2,2,OSLA
-2050318157,Checkers,0,GAME_OVER,48,47,2,941,1,OSLA,1,2,2,OSLA
-1472310679,Checkers,0,GAME_OVER,66,65,2,942,1,OSLA,1,2,2,OSLA
-675113620,Checkers,0,GAME_OVER,45,44,2,943,2,OSLA,2,1,1,OSLA
1326482106,Checkers,0,GAME_OVER,75,74,2,944,1,OSLA,1,1,1,OSLA
369909724,Checkers,0,GAME_OVER,66,65,2,945,2,OSLA,2,1,1,OSLA
-2058174646,Checkers,0,GAME_OVER,86,85,2,946,1,OSLA,1,2,2,OSLA
660350641,Checkers,0,GAME_OVER,45,44,2,947,1,OSLA,1,2,2,OSLA
-2044419473,Checkers,0,GAME_OVER,128,127,2,948,1,OSLA,1,1,1,OSLA
-771489131,Checkers,0,GAME_OVER,115,114,2,949,1,OSLA,1,1,1,OSLA
-463306565,Checkers,0,GAME_OVER,234,233,2,950,1,OSLA,1,1,1,OSLA
-1315467628,Checkers,0,GAME_OVER,49,48,2,951,2,OSLA,2,1,1,OSLA
-1947271423,Checkers,0,GAME_OVER,41,40,2,952,1,OSLA,1,2,2,OSLA
-471702798,Checkers,0,GAME_OVER,44,43,2,953,2,OSLA,2,1,1,OSLA
2135529886,Checkers,0,GAME_OVER,57,56,2,954,2,OSLA,2,1,1,OSLA
1013480379,Checkers,0,GAME_OVER,87,86,2,955,1,OSLA,1,1,1,OSLA
1929455196,Checkers,0,GAME_OVER,49,48,2,956,1,OSLA,1,2,2,OSLA
-921817392,Checkers,0,GAME_OVER,38,37,2,957,2,OSLA,2,1,1,OSLA
-1140199565,Checkers,0,GAME_OVER,49,48,2,958,2,OSLA,2,1,1,OSLA
1777623362,Checkers,0,GAME_OVER,75,74,2,959,2,OSLA,2,1,1,OSLA
-263668374,Checkers,0,GAME_OVER,69,68,2,960,2,OSLA,2,1,1,OSLA
-1449381318,Checkers,0,GAME_OVER,43,42,2,961,2,OSLA,2,1,1,OSLA
1242091244,Checkers,0,GAME_OVER,65,64,2,962,2,OSLA,2,1,1,OSLA
-2125405763,Checkers,0,GAME_OVER,60,59,2,963,1,OSLA,1,2,2,OSLA
133736649,Checkers,0,GAME_OVER,48,47,2,964,1,OSLA,1,2,2,OSLA
269968398,Checkers,0,GAME_OVER,48,47,2,965,1,OSLA,1,2,2,OSLA
-54024768,Checkers,0,GAME_OVER,113,112,2,966,1,OSLA,1,1,1,OSLA
-1383111044,Checkers,0,GAME_OVER,47,46,2,967,1,OSLA,1,2,2,OSLA
-1173386049,Checkers,0,GAME_OVER,157,156,2,968,1,OSLA,1,1,1,OSLA
-1029007137,Checkers,0,GAME_OVER,83,82,2,969,2,OSLA,2,1,1,OSLA
1536034239,Checkers,0,GAME_OVER,37,36,2,970,2,OSLA,2,1,1,OSLA
374630160,Checkers,0,GAME_OVER,75,74,2,971,1,OSLA,1,2,2,OSLA
-894314390,Checkers,0,GAME_OVER,40,39,2,972,2,OSLA,2,1,1,OSLA
1668808733,Checkers,0,GAME_OVER,55,54,2,973,2,OSLA,2,1,1,OSLA
373835046,Checkers,0,GAME_OVER,40,39,2,974,2,OSLA,2,1,1,OSLA
1276978446,Checkers,0,GAME_OVER,39,38,2,975,2,OSLA,2,1,1,OSLA
-1824731077,Checkers,0,GAME_OVER,45,44,2,976,2,OSLA,2,1,1,OSLA
-871837837,Checkers,0,GAME_OVER,51,50,2,977,2,OSLA,2,1,1,OSLA
4149300,Checkers,0,GAME_OVER,44,43,2,978,2,OSLA,2,1,1,OSLA
-1153507310,Checkers,0,GAME_OVER,47,46,2,979,2,OSLA,2,1,1,OSLA
-1386525787,Checkers,0,GAME_OVER,148,147,2,980,2,OSLA,2,1,1,OSLA
-2122203024,Checkers,0,GAME_OVER,84,83,2,981,1,OSLA,1,2,2,OSLA
-1098678276,Checkers,0,GAME_OVER,38,37,2,982,2,OSLA,2,1,1,OSLA
-808008185,Checkers,0,GAME_OVER,73,72,2,983,1,OSLA,1,1,1,OSLA
1220286992,Checkers,0,GAME_OVER,49,48,2,984,1,OSLA,1,2,2,OSLA
-1158724504,Checkers,0,GAME_OVER,51,50,2,985,1,OSLA,1,2,2,OSLA
2066582140,Checkers,0,GAME_OVER,116,115,2,986,2,OSLA,2,1,1,OSLA
1251091364,Checkers,0,GAME_OVER,43,42,2,987,2,OSLA,2,1,1,OSLA
1368736531,Checkers,0,GAME_OVER,93,92,2,988,1,OSLA,1,1,1,OSLA
-87649636,Checkers,0,GAME_OVER,130,129,2,989,2,OSLA,2,1,1,OSLA
1966465007,Checkers,0,GAME_OVER,40,39,2,990,2,OSLA,2,1,1,OSLA
-559244999,Checkers,0,GAME_OVER,45,44,2,991,2,OSLA,2,1,1,OSLA
-383871517,Checkers,0,GAME_OVER,42,41,2,992,2,OSLA,2,1,1,OSLA
1323758744,Checkers,0,GAME_OVER,44,43,2,993,2,OSLA,2,1,1,OSLA
-1881929377,Checkers,0,GAME_OVER,42,41,2,994,2,OSLA,2,1,1,OSLA
1961514923,Checkers,0,GAME_OVER,45,44,2,995,2,OSLA,2,1,1,OSLA
1960918021,Checkers,0,GAME_OVER,43,42,2,996,1,OSLA,1,2,2,OSLA
-1455885092,Checkers,0,GAME_OVER,43,42,2,997,2,OSLA,2,1,1,OSLA
1230822525,Checkers,0,GAME_OVER,42,41,2,998,2,OSLA,2,1,1,OSLA
-1974949444,Checkers,0,GAME_OVER,45,44,2,999,1,OSLA,1,2,2,OSLA
224478027,Checkers,0,GAME_OVER,104,103,2,1000,1,OSLA,1,2,2,OSLA
348083134,Checkers,0,GAME_OVER,74,73,2,1001,1,OSLA,1,2,2,OSLA
1385798216,Checkers,0,GAME_OVER,45,44,2,1002,2,OSLA,2,1,1,RandomPlayerConfig
1477163396,Checkers,0,GAME_OVER,44,43,2,1003,2,OSLA,2,1,1,RandomPlayerConfig
940975193,Checkers,0,GAME_OVER,34,33,2,1004,2,OSLA,2,1,1,RandomPlayerConfig
-2135356456,Checkers,0,GAME_OVER,33,32,2,1005,2,OSLA,2,1,1,RandomPlayerConfig
712147891,Checkers,0,GAME_OVER,43,42,2,1006,2,OSLA,2,1,1,RandomPlayerConfig
-1829428648,Checkers,0,GAME_OVER,31,30,2,1007,2,OSLA,2,1,1,RandomPlayerConfig
-970208703,Checkers,0,GAME_OVER,33,32,2,1008,2,OSLA,2,1,1,RandomPlayerConfig
561963551,Checkers,0,GAME_OVER,40,39,2,1009,2,OSLA,2,1,1,RandomPlayerConfig
-332452780,Checkers,0,GAME_OVER,46,45,2,1010,2,OSLA,2,1,1,RandomPlayerConfig
-1192676016,Checkers,0,GAME_OVER,40,39,2,1011,2,OSLA,2,1,1,RandomPlayerConfig
1244625278,Checkers,0,GAME_OVER,35,34,2,1012,2,OSLA,2,1,1,RandomPlayerConfig
-412550984,Checkers,0,GAME_OVER,34,33,2,1013,2,OSLA,2,1,1,RandomPlayerConfig
1287140168,Checkers,0,GAME_OVER,39,38,2,1014,2,OSLA,2,1,1,RandomPlayerConfig
-739266938,Checkers,0,GAME_OVER,36,35,2,1015,2,OSLA,2,1,1,RandomPlayerConfig
1863386510,Checkers,0,GAME_OVER,38,37,2,1016,2,OSLA,2,1,1,RandomPlayerConfig
416678468,Checkers,0,GAME_OVER,46,45,2,1017,2,OSLA,2,1,1,RandomPlayerConfig
-884359798,Checkers,0,GAME_OVER,42,41,2,1018,2,OSLA,2,1,1,RandomPlayerConfig
521120380,Checkers,0,GAME_OVER,42,41,2,1019,2,OSLA,2,1,1,RandomPlayerConfig
-1263208495,Checkers,0,GAME_OVER,36,35,2,1020,2,OSLA,2,1,1,RandomPlayerConfig
-2101391703,Checkers,0,GAME_OVER,44,43,2,1021,2,OSLA,2,1,1,RandomPlayerConfig
-858690867,Checkers,0,GAME_OVER,35,34,2,1022,2,OSLA,2,1,1,RandomPlayerConfig
-1565041565,Checkers,0,GAME_OVER,31,30,2,1023,2,OSLA,2,1,1,RandomPlayerConfig
881738367,Checkers,0,GAME_OVER,39,38,2,1024,2,OSLA,2,1,1,RandomPlayerConfig
-706661135,Checkers,0,GAME_OVER,37,36,2,1025,2,OSLA,2,1,1,RandomPlayerConfig
-344570997,Checkers,0,GAME_OVER,42,41,2,1026,2,OSLA,2,1,1,RandomPlayerConfig
66217114,Checkers,0,GAME_OVER,36,35,2,1027,2,OSLA,2,1,1,RandomPlayerConfig
-416567589,Checkers,0,GAME_OVER,42,41,2,1028,2,OSLA,2,1,1,RandomPlayerConfig
82163569,Checkers,0,GAME_OVER,48,47,2,1029,2,OSLA,2,1,1,RandomPlayerConfig
-412552099,Checkers,0,GAME_OVER,31,30,2,1030,2,OSLA,2,1,1,RandomPlayerConfig
-1412396172,Checkers,0,GAME_OVER,31,30,2,1031,2,OSLA,2,1,1,RandomPlayerConfig
-613320024,Checkers,0,GAME_OVER,36,35,2,1032,2,OSLA,2,1,1,RandomPlayerConfig
1246938669,Checkers,0,GAME_OVER,44,43,2,1033,2,OSLA,2,1,1,RandomPlayerConfig
690743949,Checkers,0,GAME_OVER,43,42,2,1034,2,OSLA,2,1,1,RandomPlayerConfig
-1170807746,Checkers,0,GAME_OVER,38,37,2,1035,2,OSLA,2,1,1,RandomPlayerConfig
1053481180,Checkers,0,GAME_OVER,36,35,2,1036,2,OSLA,2,1,1,RandomPlayerConfig
-584072325,Checkers,0,GAME_OVER,38,37,2,1037,2,OSLA,2,1,1,RandomPlayerConfig
-530045463,Checkers,0,GAME_OVER,38,37,2,1038,2,OSLA,2,1,1,RandomPlayerConfig
-1569612673,Checkers,0,GAME_OVER,29,28,2,1039,2,OSLA,2,1,1,RandomPlayerConfig
304499091,Checkers,0,GAME_OVER,30,29,2,1040,2,OSLA,2,1,1,RandomPlayerConfig
1684811493,Checkers,0,GAME_OVER,35,34,2,1041,2,OSLA,2,1,1,RandomPlayerConfig
-1503865895,Checkers,0,GAME_OVER,34,33,2,1042,2,OSLA,2,1,1,RandomPlayerConfig
-394462335,Checkers,0,GAME_OVER,37,36,2,1043,2,OSLA,2,1,1,RandomPlayerConfig
1565195590,Checkers,0,GAME_OVER,40,39,2,1044,2,OSLA,2,1,1,RandomPlayerConfig
357276243,Checkers,0,GAME_OVER,36,35,2,1045,2,OSLA,2,1,1,RandomPlayerConfig
-1522202700,Checkers,0,GAME_OVER,41,40,2,1046,2,OSLA,2,1,1,RandomPlayerConfig
274748944,Checkers,0,GAME_OVER,51,50,2,1047,2,OSLA,2,1,1,RandomPlayerConfig
-2142980292,Checkers,0,GAME_OVER,40,39,2,1048,2,OSLA,2,1,1,RandomPlayerConfig
-1497805463,Checkers,0,GAME_OVER,39,38,2,1049,2,OSLA,2,1,1,RandomPlayerConfig
-1343216562,Checkers,0,GAME_OVER,42,41,2,1050,2,OSLA,2,1,1,RandomPlayerConfig
1163786881,Checkers,0,GAME_OVER,38,37,2,1051,2,OSLA,2,1,1,RandomPlayerConfig
2089214783,Checkers,0,GAME_OVER,35,34,2,1052,2,OSLA,2,1,1,RandomPlayerConfig
346569518,Checkers,0,GAME_OVER,47,46,2,1053,2,OSLA,2,1,1,RandomPlayerConfig
1400818389,Checkers,0,GAME_OVER,40,39,2,1054,2,OSLA,2,1,1,RandomPlayerConfig
-1452844811,Checkers,0,GAME_OVER,50,49,2,1055,2,OSLA,2,1,1,RandomPlayerConfig
1010750099,Checkers,0,GAME_OVER,42,41,2,1056,2,OSLA,2,1,1,RandomPlayerConfig
-1446367763,Checkers,0,GAME_OVER,43,42,2,1057,2,OSLA,2,1,1,RandomPlayerConfig
-1174445347,Checkers,0,GAME_OVER,34,33,2,1058,2,OSLA,2,1,1,RandomPlayerConfig
1047849951,Checkers,0,GAME_OVER,48,47,2,1059,2,OSLA,2,1,1,RandomPlayerConfig
-1185393628,Checkers,0,GAME_OVER,48,47,2,1060,2,OSLA,2,1,1,RandomPlayerConfig
624119135,Checkers,0,GAME_OVER,31,30,2,1061,2,OSLA,2,1,1,RandomPlayerConfig
2093125560,Checkers,0,GAME_OVER,31,30,2,1062,2,OSLA,2,1,1,RandomPlayerConfig
1465230531,Checkers,0,GAME_OVER,46,45,2,1063,2,OSLA,2,1,1,RandomPlayerConfig
-1640555523,Checkers,0,GAME_OVER,37,36,2,1064,2,OSLA,2,1,1,RandomPlayerConfig
-1288871158,Checkers,0,GAME_OVER,31,30,2,1065,2,OSLA,2,1,1,RandomPlayerConfig
703670027,Checkers,0,GAME_OVER,42,41,2,1066,2,OSLA,2,1,1,RandomPlayerConfig
-595467969,Checkers,0,GAME_OVER,34,33,2,1067,2,OSLA,2,1,1,RandomPlayerConfig
1935322625,Checkers,0,GAME_OVER,50,49,2,1068,2,OSLA,2,1,1,RandomPlayerConfig
382763235,Checkers,0,GAME_OVER,37,36,2,1069,2,OSLA,2,1,1,RandomPlayerConfig
-143491939,Checkers,0,GAME_OVER,52,51,2,1070,2,OSLA,2,1,1,RandomPlayerConfig
532294735,Checkers,0,GAME_OVER,41,40,2,1071,2,OSLA,2,1,1,RandomPlayerConfig
2118762452,Checkers,0,GAME_OVER,33,32,2,1072,2,OSLA,2,1,1,RandomPlayerConfig
-215159238,Checkers,0,GAME_OVER,38,37,2,1073,2,OSLA,2,1,1,RandomPlayerConfig
-1362421902,Checkers,0,GAME_OVER,27,26,2,1074,2,OSLA,2,1,1,RandomPlayerConfig
-1493545013,Checkers,0,GAME_OVER,37,36,2,1075,2,OSLA,2,1,1,RandomPlayerConfig
712853017,Checkers,0,GAME_OVER,32,31,2,1076,2,OSLA,2,1,1,RandomPlayerConfig
-382959914,Checkers,0,GAME_OVER,38,37,2,1077,2,OSLA,2,1,1,RandomPlayerConfig
1737040920,Checkers,0,GAME_OVER,33,32,2,1078,2,OSLA,2,1,1,RandomPlayerConfig
952990261,Checkers,0,GAME_OVER,39,38,2,1079,2,OSLA,2,1,1,RandomPlayerConfig
-1412259614,Checkers,0,GAME_OVER,37,36,2,1080,2,OSLA,2,1,1,RandomPlayerConfig
-384845729,Checkers,0,GAME_OVER,40,39,2,1081,2,OSLA,2,1,1,RandomPlayerConfig
-648726464,Checkers,0,GAME_OVER,37,36,2,1082,2,OSLA,2,1,1,RandomPlayerConfig
-2120713039,Checkers,0,GAME_OVER,42,41,2,1083,2,OSLA,2,1,1,RandomPlayerConfig
-1232102556,Checkers,0,GAME_OVER,42,41,2,1084,2,OSLA,2,1,1,RandomPlayerConfig
-171087364,Checkers,0,GAME_OVER,43,42,2,1085,2,OSLA,2,1,1,RandomPlayerConfig
1897085839,Checkers,0,GAME_OVER,38,37,2,1086,2,OSLA,2,1,1,RandomPlayerConfig
523986260,Checkers,0,GAME_OVER,43,42,2,1087,2,OSLA,2,1,1,RandomPlayerConfig
-763743510,Checkers,0,GAME_OVER,36,35,2,1088,2,OSLA,2,1,1,RandomPlayerConfig
-471754180,Checkers,0,GAME_OVER,34,33,2,1089,2,OSLA,2,1,1,RandomPlayerConfig
2129168822,Checkers,0,GAME_OVER,43,42,2,1090,2,OSLA,2,1,1,RandomPlayerConfig
2126248352,Checkers,0,GAME_OVER,46,45,2,1091,2,OSLA,2,1,1,RandomPlayerConfig
1345411340,Checkers,0,GAME_OVER,44,43,2,1092,2,OSLA,2,1,1,RandomPlayerConfig
-1367150791,Checkers,0,GAME_OVER,39,38,2,1093,2,OSLA,2,1,1,RandomPlayerConfig
-1296457281,Checkers,0,GAME_OVER,35,34,2,1094,2,OSLA,2,1,1,RandomPlayerConfig
1119802703,Checkers,0,GAME_OVER,47,46,2,1095,2,OSLA,2,1,1,RandomPlayerConfig
286467360,Checkers,0,GAME_OVER,36,35,2,1096,2,OSLA,2,1,1,RandomPlayerConfig
-1811680006,Checkers,0,GAME_OVER,36,35,2,1097,2,OSLA,2,1,1,RandomPlayerConfig
855832234,Checkers,0,GAME_OVER,52,51,2,1098,2,OSLA,2,1,1,RandomPlayerConfig
1772958031,Checkers,0,GAME_OVER,41,40,2,1099,2,OSLA,2,1,1,RandomPlayerConfig
-1513084689,Checkers,0,GAME_OVER,40,39,2,1100,2,OSLA,2,1,1,RandomPlayerConfig
-1499994599,Checkers,0,GAME_OVER,41,40,2,1101,2,OSLA,2,1,1,RandomPlayerConfig
1008055608,Checkers,0,GAME_OVER,43,42,2,1102,2,OSLA,2,1,1,RandomPlayerConfig
-339634418,Checkers,0,GAME_OVER,40,39,2,1103,2,OSLA,2,1,1,RandomPlayerConfig
1033034923,Checkers,0,GAME_OVER,44,43,2,1104,2,OSLA,2,1,1,RandomPlayerConfig
671668901,Checkers,0,GAME_OVER,35,34,2,1105,2,OSLA,2,1,1,RandomPlayerConfig
-855993595,Checkers,0,GAME_OVER,38,37,2,1106,2,OSLA,2,1,1,RandomPlayerConfig
1544946679,Checkers,0,GAME_OVER,32,31,2,1107,2,OSLA,2,1,1,RandomPlayerConfig
580736544,Checkers,0,GAME_OVER,42,41,2,1108,2,OSLA,2,1,1,RandomPlayerConfig
1197965641,Checkers,0,GAME_OVER,38,37,2,1109,2,OSLA,2,1,1,RandomPlayerConfig
818543324,Checkers,0,GAME_OVER,44,43,2,1110,2,OSLA,2,1,1,RandomPlayerConfig
1349665083,Checkers,0,GAME_OVER,43,42,2,1111,2,OSLA,2,1,1,RandomPlayerConfig
816758570,Checkers,0,GAME_OVER,50,49,2,1112,2,OSLA,2,1,1,RandomPlayerConfig
2107295405,Checkers,0,GAME_OVER,42,41,2,1113,2,OSLA,2,1,1,RandomPlayerConfig
-2140526010,Checkers,0,GAME_OVER,37,36,2,1114,2,OSLA,2,1,1,RandomPlayerConfig
172061652,Checkers,0,GAME_OVER,41,40,2,1115,2,OSLA,2,1,1,RandomPlayerConfig
-1599783066,Checkers,0,GAME_OVER,40,39,2,1116,2,OSLA,2,1,1,RandomPlayerConfig
1127747356,Checkers,0,GAME_OVER,41,40,2,1117,2,OSLA,2,1,1,RandomPlayerConfig
-1365699484,Checkers,0,GAME_OVER,36,35,2,1118,2,OSLA,2,1,1,RandomPlayerConfig
1812080838,Checkers,0,GAME_OVER,33,32,2,1119,2,OSLA,2,1,1,RandomPlayerConfig
2062044460,Checkers,0,GAME_OVER,41,40,2,1120,2,OSLA,2,1,1,RandomPlayerConfig
-2056067482,Checkers,0,GAME_OVER,32,31,2,1121,2,OSLA,2,1,1,RandomPlayerConfig
-2010046978,Checkers,0,GAME_OVER,41,40,2,1122,2,OSLA,2,1,1,RandomPlayerConfig
-1846255193,Checkers,0,GAME_OVER,36,35,2,1123,2,OSLA,2,1,1,RandomPlayerConfig
-93152836,Checkers,0,GAME_OVER,39,38,2,1124,2,OSLA,2,1,1,RandomPlayerConfig
-1820505593,Checkers,0,GAME_OVER,42,41,2,1125,2,OSLA,2,1,1,RandomPlayerConfig
-638253349,Checkers,0,GAME_OVER,31,30,2,1126,2,OSLA,2,1,1,RandomPlayerConfig
251487586,Checkers,0,GAME_OVER,53,52,2,1127,2,OSLA,2,1,1,RandomPlayerConfig
-1810756426,Checkers,0,GAME_OVER,37,36,2,1128,2,OSLA,2,1,1,RandomPlayerConfig
396358024,Checkers,0,GAME_OVER,38,37,2,1129,2,OSLA,2,1,1,RandomPlayerConfig
-987720622,Checkers,0,GAME_OVER,37,36,2,1130,2,OSLA,2,1,1,RandomPlayerConfig
2146523447,Checkers,0,GAME_OVER,36,35,2,1131,2,OSLA,2,1,1,RandomPlayerConfig
1407681231,Checkers,0,GAME_OVER,35,34,2,1132,2,OSLA,2,1,1,RandomPlayerConfig
-1847314139,Checkers,0,GAME_OVER,43,42,2,1133,2,OSLA,2,1,1,RandomPlayerConfig
700502305,Checkers,0,GAME_OVER,37,36,2,1134,2,OSLA,2,1,1,RandomPlayerConfig
-873535995,Checkers,0,GAME_OVER,42,41,2,1135,2,OSLA,2,1,1,RandomPlayerConfig
-308853822,Checkers,0,GAME_OVER,43,42,2,1136,2,OSLA,2,1,1,RandomPlayerConfig
463442607,Checkers,0,GAME_OVER,30,29,2,1137,2,OSLA,2,1,1,RandomPlayerConfig
-89131396,Checkers,0,GAME_OVER,33,32,2,1138,2,OSLA,2,1,1,RandomPlayerConfig
1887006155,Checkers,0,GAME_OVER,39,38,2,1139,2,OSLA,2,1,1,RandomPlayerConfig
2100716419,Checkers,0,GAME_OVER,44,43,2,1140,2,OSLA,2,1,1,RandomPlayerConfig
-2050318157,Checkers,0,GAME_OVER,30,29,2,1141,2,OSLA,2,1,1,RandomPlayerConfig
-1472310679,Checkers,0,GAME_OVER,32,31,2,1142,2,OSLA,2,1,1,RandomPlayerConfig
-675113620,Checkers,0,GAME_OVER,45,44,2,1143,2,OSLA,2,1,1,RandomPlayerConfig
1326482106,Checkers,0,GAME_OVER,44,43,2,1144,2,OSLA,2,1,1,RandomPlayerConfig
369909724,Checkers,0,GAME_OVER,42,41,2,1145,2,OSLA,2,1,1,RandomPlayerConfig
-2058174646,Checkers,0,GAME_OVER,45,44,2,1146,2,OSLA,2,1,1,RandomPlayerConfig
660350641,Checkers,0,GAME_OVER,34,33,2,1147,2,OSLA,2,1,1,RandomPlayerConfig
-2044419473,Checkers,0,GAME_OVER,47,46,2,1148,2,OSLA,2,1,1,RandomPlayerConfig
-771489131,Checkers,0,GAME_OVER,50,49,2,1149,2,OSLA,2,1,1,RandomPlayerConfig
-463306565,Checkers,0,GAME_OVER,49,48,2,1150,2,OSLA,2,1,1,RandomPlayerConfig
-1315467628,Checkers,0,GAME_OVER,30,29,2,1151,2,OSLA,2,1,1,RandomPlayerConfig
-1947271423,Checkers,0,GAME_OVER,40,39,2,1152,2,OSLA,2,1,1,RandomPlayerConfig
-471702798,Checkers,0,GAME_OVER,34,33,2,1153,2,OSLA,2,1,1,RandomPlayerConfig
2135529886,Checkers,0,GAME_OVER,39,38,2,1154,2,OSLA,2,1,1,RandomPlayerConfig
1013480379,Checkers,0,GAME_OVER,41,40,2,1155,2,OSLA,2,1,1,RandomPlayerConfig
1929455196,Checkers,0,GAME_OVER,45,44,2,1156,2,OSLA,2,1,1,RandomPlayerConfig
-921817392,Checkers,0,GAME_OVER,32,31,2,1157,2,OSLA,2,1,1,RandomPlayerConfig
-1140199565,Checkers,0,GAME_OVER,38,37,2,1158,2,OSLA,2,1,1,RandomPlayerConfig
1777623362,Checkers,0,GAME_OVER,46,45,2,1159,2,OSLA,2,1,1,RandomPlayerConfig
-263668374,Checkers,0,GAME_OVER,42,41,2,1160,2,OSLA,2,1,1,RandomPlayerConfig
-1449381318,Checkers,0,GAME_OVER,34,33,2,1161,2,OSLA,2,1,1,RandomPlayerConfig
1242091244,Checkers,0,GAME_OVER,45,44,2,1162,2,OSLA,2,1,1,RandomPlayerConfig
-2125405763,Checkers,0,GAME_OVER,26,25,2,1163,2,OSLA,2,1,1,RandomPlayerConfig
133736649,Checkers,0,GAME_OVER,38,37,2,1164,2,OSLA,2,1,1,RandomPlayerConfig
269968398,Checkers,0,GAME_OVER,48,47,2,1165,2,OSLA,2,1,1,RandomPlayerConfig
-54024768,Checkers,0,GAME_OVER,39,38,2,1166,2,OSLA,2,1,1,RandomPlayerConfig
-1383111044,Checkers,0,GAME_OVER,35,34,2,1167,2,OSLA,2,1,1,RandomPlayerConfig
-1173386049,Checkers,0,GAME_OVER,42,41,2,1168,2,OSLA,2,1,1,RandomPlayerConfig
-1029007137,Checkers,0,GAME_OVER,37,36,2,1169,2,OSLA,2,1,1,RandomPlayerConfig
1536034239,Checkers,0,GAME_OVER,27,26,2,1170,2,OSLA,2,1,1,RandomPlayerConfig
374630160,Checkers,0,GAME_OVER,47,46,2,1171,2,OSLA,2,1,1,RandomPlayerConfig
-894314390,Checkers,0,GAME_OVER,35,34,2,1172,2,OSLA,2,1,1,RandomPlayerConfig
1668808733,Checkers,0,GAME_OVER,52,51,2,1173,2,OSLA,2,1,1,RandomPlayerConfig
373835046,Checkers,0,GAME_OVER,36,35,2,1174,2,OSLA,2,1,1,RandomPlayerConfig
1276978446,Checkers,0,GAME_OVER,56,55,2,1175,2,OSLA,2,1,1,RandomPlayerConfig
-1824731077,Checkers,0,GAME_OVER,37,36,2,1176,2,OSLA,2,1,1,RandomPlayerConfig
-871837837,Checkers,0,GAME_OVER,40,39,2,1177,2,OSLA,2,1,1,RandomPlayerConfig
4149300,Checkers,0,GAME_OVER,42,41,2,1178,2,OSLA,2,1,1,RandomPlayerConfig
-1153507310,Checkers,0,GAME_OVER,38,37,2,1179,2,OSLA,2,1,1,RandomPlayerConfig
-1386525787,Checkers,0,GAME_OVER,55,54,2,1180,2,OSLA,2,1,1,RandomPlayerConfig
-2122203024,Checkers,0,GAME_OVER,34,33,2,1181,2,OSLA,2,1,1,RandomPlayerConfig
-1098678276,Checkers,0,GAME_OVER,34,33,2,1182,2,OSLA,2,1,1,RandomPlayerConfig
-808008185,Checkers,0,GAME_OVER,36,35,2,1183,2,OSLA,2,1,1,RandomPlayerConfig
1220286992,Checkers,0,GAME_OVER,36,35,2,1184,2,OSLA,2,1,1,RandomPlayerConfig
-1158724504,Checkers,0,GAME_OVER,46,45,2,1185,2,OSLA,2,1,1,RandomPlayerConfig
2066582140,Checkers,0,GAME_OVER,30,29,2,1186,2,OSLA,2,1,1,RandomPlayerConfig
1251091364,Checkers,0,GAME_OVER,35,34,2,1187,2,OSLA,2,1,1,RandomPlayerConfig
1368736531,Checkers,0,GAME_OVER,39,38,2,1188,2,OSLA,2,1,1,RandomPlayerConfig
-87649636,Checkers,0,GAME_OVER,45,44,2,1189,2,OSLA,2,1,1,RandomPlayerConfig
1966465007,Checkers,0,GAME_OVER,37,36,2,1190,2,OSLA,2,1,1,RandomPlayerConfig
-559244999,Checkers,0,GAME_OVER,32,31,2,1191,2,OSLA,2,1,1,RandomPlayerConfig
-383871517,Checkers,0,GAME_OVER,38,37,2,1192,2,OSLA,2,1,1,RandomPlayerConfig
1323758744,Checkers,0,GAME_OVER,44,43,2,1193,2,OSLA,2,1,1,RandomPlayerConfig
-1881929377,Checkers,0,GAME_OVER,39,38,2,1194,2,OSLA,2,1,1,RandomPlayerConfig
1961514923,Checkers,0,GAME_OVER,33,32,2,1195,2,OSLA,2,1,1,RandomPlayerConfig
1960918021,Checkers,0,GAME_OVER,45,44,2,1196,2,OSLA,2,1,1,RandomPlayerConfig
-1455885092,Checkers,0,GAME_OVER,27,26,2,1197,2,OSLA,2,1,1,RandomPlayerConfig
1230822525,Checkers,0,GAME_OVER,37,36,2,1198,2,OSLA,2,1,1,RandomPlayerConfig
-1974949444,Checkers,0,GAME_OVER,45,44,2,1199,2,OSLA,2,1,1,RandomPlayerConfig
224478027,Checkers,0,GAME_OVER,35,34,2,1200,2,OSLA,2,1,1,RandomPlayerConfig
348083134,Checkers,0,GAME_OVER,40,39,2,1201,2,OSLA,2,1,1,RandomPlayerConfig
1385798216,Checkers,0,GAME_OVER,48,47,2,1202,1,RandomPlayerConfig,1,2,2,MCTS_CheckersHeuristic
1477163396,Checkers,0,GAME_OVER,49,48,2,1203,1,RandomPlayerConfig,1,2,2,MCTS_CheckersHeuristic
940975193,Checkers,0,GAME_OVER,39,38,2,1204,1,RandomPlayerConfig,1,2,2,MCTS_CheckersHeuristic
-2135356456,Checkers,0,GAME_OVER,45,44,2,1205,1,RandomPlayerConfig,1,2,2,MCTS_CheckersHeuristic
712147891,Checkers,0,GAME_OVER,52,51,2,1206,1,RandomPlayerConfig,1,2,2,MCTS_CheckersHeuristic
-1829428648,Checkers,0,GAME_OVER,36,35,2,1207,1,RandomPlayerConfig,1,2,2,MCTS_CheckersHeuristic
-970208703,Checkers,0,GAME_OVER,49,48,2,1208,1,RandomPlayerConfig,1,2,2,MCTS_CheckersHeuristic
561963551,Checkers,0,GAME_OVER,53,52,2,1209,1,RandomPlayerConfig,1,2,2,MCTS_CheckersHeuristic
-332452780,Checkers,0,GAME_OVER,45,44,2,1210,1,RandomPlayerConfig,1,2,2,MCTS_CheckersHeuristic
-1192676016,Checkers,0,GAME_OVER,48,47,2,1211,1,RandomPlayerConfig,1,2,2,MCTS_CheckersHeuristic
1244625278,Checkers,0,GAME_OVER,46,45,2,1212,1,RandomPlayerConfig,1,2,2,MCTS_CheckersHeuristic
-412550984,Checkers,0,GAME_OVER,46,45,2,1213,1,RandomPlayerConfig,1,2,2,MCTS_CheckersHeuristic
1287140168,Checkers,0,GAME_OVER,40,39,2,1214,1,RandomPlayerConfig,1,2,2,MCTS_CheckersHeuristic
-739266938,Checkers,0,GAME_OVER,42,41,2,1215,1,RandomPlayerConfig,1,2,2,MCTS_CheckersHeuristic
1863386510,Checkers,0,GAME_OVER,44,43,2,1216,1,RandomPlayerConfig,1,2,2,MCTS_CheckersHeuristic
416678468,Checkers,0,GAME_OVER,53,52,2,1217,1,RandomPlayerConfig,1,2,2,MCTS_CheckersHeuristic
-884359798,Checkers,0,GAME_OVER,49,48,2,1218,1,RandomPlayerConfig,1,2,2,MCTS_CheckersHeuristic
521120380,Checkers,0,GAME_OVER,49,48,2,1219,1,RandomPlayerConfig,1,2,2,MCTS_CheckersHeuristic
-1263208495,Checkers,0,GAME_OVER,39,38,2,1220,1,RandomPlayerConfig,1,2,2,MCTS_CheckersHeuristic
-2101391703,Checkers,0,GAME_OVER,65,64,2,1221,1,RandomPlayerConfig,1,2,2,MCTS_CheckersHeuristic
-858690867,Checkers,0,GAME_OVER,40,39,2,1222,1,RandomPlayerConfig,1,2,2,MCTS_CheckersHeuristic
-1565041565,Checkers,0,GAME_OVER,43,42,2,1223,1,RandomPlayerConfig,1,2,2,MCTS_CheckersHeuristic
881738367,Checkers,0,GAME_OVER,49,48,2,1224,1,RandomPlayerConfig,1,2,2,MCTS_CheckersHeuristic
-706661135,Checkers,0,GAME_OVER,50,49,2,1225,1,RandomPlayerConfig,1,2,2,MCTS_CheckersHeuristic
-344570997,Checkers,0,GAME_OVER,44,43,2,1226,1,RandomPlayerConfig,1,2,2,MCTS_CheckersHeuristic
66217114,Checkers,0,GAME_OVER,57,56,2,1227,1,RandomPlayerConfig,1,2,2,MCTS_CheckersHeuristic
-416567589,Checkers,0,GAME_OVER,44,43,2,1228,1,RandomPlayerConfig,1,2,2,MCTS_CheckersHeuristic
82163569,Checkers,0,GAME_OVER,44,43,2,1229,1,RandomPlayerConfig,1,2,2,MCTS_CheckersHeuristic
-412552099,Checkers,0,GAME_OVER,43,42,2,1230,1,RandomPlayerConfig,1,2,2,MCTS_CheckersHeuristic
-1412396172,Checkers,0,GAME_OVER,44,43,2,1231,1,RandomPlayerConfig,1,2,2,MCTS_CheckersHeuristic
-613320024,Checkers,0,GAME_OVER,43,42,2,1232,1,RandomPlayerConfig,1,2,2,MCTS_CheckersHeuristic
1246938669,Checkers,0,GAME_OVER,39,38,2,1233,1,RandomPlayerConfig,1,2,2,MCTS_CheckersHeuristic
690743949,Checkers,0,GAME_OVER,39,38,2,1234,1,RandomPlayerConfig,1,2,2,MCTS_CheckersHeuristic
-1170807746,Checkers,0,GAME_OVER,50,49,2,1235,1,RandomPlayerConfig,1,2,2,MCTS_CheckersHeuristic
1053481180,Checkers,0,GAME_OVER,49,48,2,1236,1,RandomPlayerConfig,1,2,2,MCTS_CheckersHeuristic
-584072325,Checkers,0,GAME_OVER,44,43,2,1237,1,RandomPlayerConfig,1,2,2,MCTS_CheckersHeuristic
-530045463,Checkers,0,GAME_OVER,41,40,2,1238,1,RandomPlayerConfig,1,2,2,MCTS_CheckersHeuristic
-1569612673,Checkers,0,GAME_OVER,36,35,2,1239,1,RandomPlayerConfig,1,2,2,MCTS_CheckersHeuristic
304499091,Checkers,0,GAME_OVER,53,52,2,1240,1,RandomPlayerConfig,1,2,2,MCTS_CheckersHeuristic
1684811493,Checkers,0,GAME_OVER,38,37,2,1241,1,RandomPlayerConfig,1,2,2,MCTS_CheckersHeuristic
-1503865895,Checkers,0,GAME_OVER,37,36,2,1242,1,RandomPlayerConfig,1,2,2,MCTS_CheckersHeuristic
-394462335,Checkers,0,GAME_OVER,42,41,2,1243,1,RandomPlayerConfig,1,2,2,MCTS_CheckersHeuristic
1565195590,Checkers,0,GAME_OVER,42,41,2,1244,1,RandomPlayerConfig,1,2,2,MCTS_CheckersHeuristic
357276243,Checkers,0,GAME_OVER,46,45,2,1245,1,RandomPlayerConfig,1,2,2,MCTS_CheckersHeuristic
-1522202700,Checkers,0,GAME_OVER,41,40,2,1246,1,RandomPlayerConfig,1,2,2,MCTS_CheckersHeuristic
274748944,Checkers,0,GAME_OVER,47,46,2,1247,1,RandomPlayerConfig,1,2,2,MCTS_CheckersHeuristic
-2142980292,Checkers,0,GAME_OVER,42,41,2,1248,1,RandomPlayerConfig,1,2,2,MCTS_CheckersHeuristic
-1497805463,Checkers,0,GAME_OVER,35,34,2,1249,1,RandomPlayerConfig,1,2,2,MCTS_CheckersHeuristic
-1343216562,Checkers,0,GAME_OVER,39,38,2,1250,1,RandomPlayerConfig,1,2,2,MCTS_CheckersHeuristic
1163786881,Checkers,0,GAME_OVER,57,56,2,1251,1,RandomPlayerConfig,1,2,2,MCTS_CheckersHeuristic
2089214783,Checkers,0,GAME_OVER,36,35,2,1252,1,RandomPlayerConfig,1,2,2,MCTS_CheckersHeuristic
346569518,Checkers,0,GAME_OVER,41,40,2,1253,1,RandomPlayerConfig,1,2,2,MCTS_CheckersHeuristic
1400818389,Checkers,0,GAME_OVER,53,52,2,1254,1,RandomPlayerConfig,1,2,2,MCTS_CheckersHeuristic
-1452844811,Checkers,0,GAME_OVER,48,47,2,1255,1,RandomPlayerConfig,1,2,2,MCTS_CheckersHeuristic
1010750099,Checkers,0,GAME_OVER,39,38,2,1256,1,RandomPlayerConfig,1,2,2,MCTS_CheckersHeuristic
-1446367763,Checkers,0,GAME_OVER,52,51,2,1257,1,RandomPlayerConfig,1,2,2,MCTS_CheckersHeuristic
-1174445347,Checkers,0,GAME_OVER,52,51,2,1258,1,RandomPlayerConfig,1,2,2,MCTS_CheckersHeuristic
1047849951,Checkers,0,GAME_OVER,43,42,2,1259,1,RandomPlayerConfig,1,2,2,MCTS_CheckersHeuristic
-1185393628,Checkers,0,GAME_OVER,39,38,2,1260,1,RandomPlayerConfig,1,2,2,MCTS_CheckersHeuristic
624119135,Checkers,0,GAME_OVER,49,48,2,1261,1,RandomPlayerConfig,1,2,2,MCTS_CheckersHeuristic
2093125560,Checkers,0,GAME_OVER,45,44,2,1262,1,RandomPlayerConfig,1,2,2,MCTS_CheckersHeuristic
1465230531,Checkers,0,GAME_OVER,61,60,2,1263,1,RandomPlayerConfig,1,2,2,MCTS_CheckersHeuristic
-1640555523,Checkers,0,GAME_OVER,46,45,2,1264,1,RandomPlayerConfig,1,2,2,MCTS_CheckersHeuristic
-1288871158,Checkers,0,GAME_OVER,45,44,2,1265,1,RandomPlayerConfig,1,2,2,MCTS_CheckersHeuristic
703670027,Checkers,0,GAME_OVER,49,48,2,1266,1,RandomPlayerConfig,1,2,2,MCTS_CheckersHeuristic
-595467969,Checkers,0,GAME_OVER,42,41,2,1267,1,RandomPlayerConfig,1,2,2,MCTS_CheckersHeuristic
1935322625,Checkers,0,GAME_OVER,35,34,2,1268,1,RandomPlayerConfig,1,2,2,MCTS_CheckersHeuristic
382763235,Checkers,0,GAME_OVER,49,48,2,1269,1,RandomPlayerConfig,1,2,2,MCTS_CheckersHeuristic
-143491939,Checkers,0,GAME_OVER,60,59,2,1270,1,RandomPlayerConfig,1,2,2,MCTS_CheckersHeuristic
532294735,Checkers,0,GAME_OVER,39,38,2,1271,1,RandomPlayerConfig,1,2,2,MCTS_CheckersHeuristic
2118762452,Checkers,0,GAME_OVER,46,45,2,1272,1,RandomPlayerConfig,1,2,2,MCTS_CheckersHeuristic
-215159238,Checkers,0,GAME_OVER,42,41,2,1273,1,RandomPlayerConfig,1,2,2,MCTS_CheckersHeuristic
-1362421902,Checkers,0,GAME_OVER,38,37,2,1274,1,RandomPlayerConfig,1,2,2,MCTS_CheckersHeuristic
-1493545013,Checkers,0,GAME_OVER,51,50,2,1275,1,RandomPlayerConfig,1,2,2,MCTS_CheckersHeuristic
712853017,Checkers,0,GAME_OVER,55,54,2,1276,1,RandomPlayerConfig,1,2,2,MCTS_CheckersHeuristic
-382959914,Checkers,0,GAME_OVER,46,45,2,1277,1,RandomPlayerConfig,1,2,2,MCTS_CheckersHeuristic
1737040920,Checkers,0,GAME_OVER,42,41,2,1278,1,RandomPlayerConfig,1,2,2,MCTS_CheckersHeuristic
952990261,Checkers,0,GAME_OVER,38,37,2,1279,1,RandomPlayerConfig,1,2,2,MCTS_CheckersHeuristic
-1412259614,Checkers,0,GAME_OVER,34,33,2,1280,1,RandomPlayerConfig,1,2,2,MCTS_CheckersHeuristic
-384845729,Checkers,0,GAME_OVER,40,39,2,1281,1,RandomPlayerConfig,1,2,2,MCTS_CheckersHeuristic
-648726464,Checkers,0,GAME_OVER,40,39,2,1282,1,RandomPlayerConfig,1,2,2,MCTS_CheckersHeuristic
-2120713039,Checkers,0,GAME_OVER,37,36,2,1283,1,RandomPlayerConfig,1,2,2,MCTS_CheckersHeuristic
-1232102556,Checkers,0,GAME_OVER,48,47,2,1284,1,RandomPlayerConfig,1,2,2,MCTS_CheckersHeuristic
-171087364,Checkers,0,GAME_OVER,58,57,2,1285,1,RandomPlayerConfig,1,2,2,MCTS_CheckersHeuristic
1897085839,Checkers,0,GAME_OVER,50,49,2,1286,1,RandomPlayerConfig,1,2,2,MCTS_CheckersHeuristic
523986260,Checkers,0,GAME_OVER,61,60,2,1287,1,RandomPlayerConfig,1,2,2,MCTS_CheckersHeuristic
-763743510,Checkers,0,GAME_OVER,46,45,2,1288,1,RandomPlayerConfig,1,2,2,MCTS_CheckersHeuristic
-471754180,Checkers,0,GAME_OVER,46,45,2,1289,1,RandomPlayerConfig,1,2,2,MCTS_CheckersHeuristic
2129168822,Checkers,0,GAME_OVER,40,39,2,1290,1,RandomPlayerConfig,1,2,2,MCTS_CheckersHeuristic
2126248352,Checkers,0,GAME_OVER,34,33,2,1291,1,RandomPlayerConfig,1,2,2,MCTS_CheckersHeuristic
1345411340,Checkers,0,GAME_OVER,39,38,2,1292,1,RandomPlayerConfig,1,2,2,MCTS_CheckersHeuristic
-1367150791,Checkers,0,GAME_OVER,47,46,2,1293,1,RandomPlayerConfig,1,2,2,MCTS_CheckersHeuristic
-1296457281,Checkers,0,GAME_OVER,48,47,2,1294,1,RandomPlayerConfig,1,2,2,MCTS_CheckersHeuristic
1119802703,Checkers,0,GAME_OVER,45,44,2,1295,1,RandomPlayerConfig,1,2,2,MCTS_CheckersHeuristic
286467360,Checkers,0,GAME_OVER,42,41,2,1296,1,RandomPlayerConfig,1,2,2,MCTS_CheckersHeuristic
-1811680006,Checkers,0,GAME_OVER,41,40,2,1297,1,RandomPlayerConfig,1,2,2,MCTS_CheckersHeuristic
855832234,Checkers,0,GAME_OVER,49,48,2,1298,1,RandomPlayerConfig,1,2,2,MCTS_CheckersHeuristic
1772958031,Checkers,0,GAME_OVER,43,42,2,1299,1,RandomPlayerConfig,1,2,2,MCTS_CheckersHeuristic
-1513084689,Checkers,0,GAME_OVER,38,37,2,1300,1,RandomPlayerConfig,1,2,2,MCTS_CheckersHeuristic
-1499994599,Checkers,0,GAME_OVER,36,35,2,1301,1,RandomPlayerConfig,1,2,2,MCTS_CheckersHeuristic
1008055608,Checkers,0,GAME_OVER,52,51,2,1302,1,RandomPlayerConfig,1,2,2,MCTS_CheckersHeuristic
-339634418,Checkers,0,GAME_OVER,44,43,2,1303,1,RandomPlayerConfig,1,2,2,MCTS_CheckersHeuristic
1033034923,Checkers,0,GAME_OVER,47,46,2,1304,1,RandomPlayerConfig,1,2,2,MCTS_CheckersHeuristic
671668901,Checkers,0,GAME_OVER,49,48,2,1305,1,RandomPlayerConfig,1,2,2,MCTS_CheckersHeuristic
-855993595,Checkers,0,GAME_OVER,52,51,2,1306,1,RandomPlayerConfig,1,2,2,MCTS_CheckersHeuristic
1544946679,Checkers,0,GAME_OVER,44,43,2,1307,1,RandomPlayerConfig,1,2,2,MCTS_CheckersHeuristic
580736544,Checkers,0,GAME_OVER,52,51,2,1308,1,RandomPlayerConfig,1,2,2,MCTS_CheckersHeuristic
1197965641,Checkers,0,GAME_OVER,36,35,2,1309,1,RandomPlayerConfig,1,2,2,MCTS_CheckersHeuristic
818543324,Checkers,0,GAME_OVER,47,46,2,1310,1,RandomPlayerConfig,1,2,2,MCTS_CheckersHeuristic
1349665083,Checkers,0,GAME_OVER,52,51,2,1311,1,RandomPlayerConfig,1,2,2,MCTS_CheckersHeuristic
816758570,Checkers,0,GAME_OVER,44,43,2,1312,1,RandomPlayerConfig,1,2,2,MCTS_CheckersHeuristic
2107295405,Checkers,0,GAME_OVER,44,43,2,1313,1,RandomPlayerConfig,1,2,2,MCTS_CheckersHeuristic
-2140526010,Checkers,0,GAME_OVER,50,49,2,1314,1,RandomPlayerConfig,1,2,2,MCTS_CheckersHeuristic
172061652,Checkers,0,GAME_OVER,47,46,2,1315,1,RandomPlayerConfig,1,2,2,MCTS_CheckersHeuristic
-1599783066,Checkers,0,GAME_OVER,44,43,2,1316,1,RandomPlayerConfig,1,2,2,MCTS_CheckersHeuristic
1127747356,Checkers,0,GAME_OVER,41,40,2,1317,1,RandomPlayerConfig,1,2,2,MCTS_CheckersHeuristic
-1365699484,Checkers,0,GAME_OVER,48,47,2,1318,1,RandomPlayerConfig,1,2,2,MCTS_CheckersHeuristic
1812080838,Checkers,0,GAME_OVER,49,48,2,1319,1,RandomPlayerConfig,1,2,2,MCTS_CheckersHeuristic
2062044460,Checkers,0,GAME_OVER,42,41,2,1320,1,RandomPlayerConfig,1,2,2,MCTS_CheckersHeuristic
-2056067482,Checkers,0,GAME_OVER,39,38,2,1321,1,RandomPlayerConfig,1,2,2,MCTS_CheckersHeuristic
-2010046978,Checkers,0,GAME_OVER,39,38,2,1322,1,RandomPlayerConfig,1,2,2,MCTS_CheckersHeuristic
-1846255193,Checkers,0,GAME_OVER,46,45,2,1323,1,RandomPlayerConfig,1,2,2,MCTS_CheckersHeuristic
-93152836,Checkers,0,GAME_OVER,53,52,2,1324,1,RandomPlayerConfig,1,2,2,MCTS_CheckersHeuristic
-1820505593,Checkers,0,GAME_OVER,47,46,2,1325,1,RandomPlayerConfig,1,2,2,MCTS_CheckersHeuristic
-638253349,Checkers,0,GAME_OVER,44,43,2,1326,1,RandomPlayerConfig,1,2,2,MCTS_CheckersHeuristic
251487586,Checkers,0,GAME_OVER,41,40,2,1327,1,RandomPlayerConfig,1,2,2,MCTS_CheckersHeuristic
-1810756426,Checkers,0,GAME_OVER,42,41,2,1328,1,RandomPlayerConfig,1,2,2,MCTS_CheckersHeuristic
396358024,Checkers,0,GAME_OVER,43,42,2,1329,1,RandomPlayerConfig,1,2,2,MCTS_CheckersHeuristic
-987720622,Checkers,0,GAME_OVER,49,48,2,1330,1,RandomPlayerConfig,1,2,2,MCTS_CheckersHeuristic
2146523447,Checkers,0,GAME_OVER,41,40,2,1331,1,RandomPlayerConfig,1,2,2,MCTS_CheckersHeuristic
1407681231,Checkers,0,GAME_OVER,43,42,2,1332,1,RandomPlayerConfig,1,2,2,MCTS_CheckersHeuristic
-1847314139,Checkers,0,GAME_OVER,47,46,2,1333,1,RandomPlayerConfig,1,2,2,MCTS_CheckersHeuristic
700502305,Checkers,0,GAME_OVER,43,42,2,1334,1,RandomPlayerConfig,1,2,2,MCTS_CheckersHeuristic
-873535995,Checkers,0,GAME_OVER,49,48,2,1335,1,RandomPlayerConfig,1,2,2,MCTS_CheckersHeuristic
-308853822,Checkers,0,GAME_OVER,45,44,2,1336,1,RandomPlayerConfig,1,2,2,MCTS_CheckersHeuristic
463442607,Checkers,0,GAME_OVER,58,57,2,1337,1,RandomPlayerConfig,1,2,2,MCTS_CheckersHeuristic
-89131396,Checkers,0,GAME_OVER,42,41,2,1338,1,RandomPlayerConfig,1,2,2,MCTS_CheckersHeuristic
1887006155,Checkers,0,GAME_OVER,47,46,2,1339,1,RandomPlayerConfig,1,2,2,MCTS_CheckersHeuristic
2100716419,Checkers,0,GAME_OVER,37,36,2,1340,1,RandomPlayerConfig,1,2,2,MCTS_CheckersHeuristic
-2050318157,Checkers,0,GAME_OVER,50,49,2,1341,1,RandomPlayerConfig,1,2,2,MCTS_CheckersHeuristic
-1472310679,Checkers,0,GAME_OVER,44,43,2,1342,1,RandomPlayerConfig,1,2,2,MCTS_CheckersHeuristic
-675113620,Checkers,0,GAME_OVER,45,44,2,1343,1,RandomPlayerConfig,1,2,2,MCTS_CheckersHeuristic
1326482106,Checkers,0,GAME_OVER,50,49,2,1344,1,RandomPlayerConfig,1,2,2,MCTS_CheckersHeuristic
369909724,Checkers,0,GAME_OVER,37,36,2,1345,1,RandomPlayerConfig,1,2,2,MCTS_CheckersHeuristic
-2058174646,Checkers,0,GAME_OVER,41,40,2,1346,1,RandomPlayerConfig,1,2,2,MCTS_CheckersHeuristic
660350641,Checkers,0,GAME_OVER,47,46,2,1347,1,RandomPlayerConfig,1,2,2,MCTS_CheckersHeuristic
-2044419473,Checkers,0,GAME_OVER,40,39,2,1348,1,RandomPlayerConfig,1,2,2,MCTS_CheckersHeuristic
-771489131,Checkers,0,GAME_OVER,50,49,2,1349,1,RandomPlayerConfig,1,2,2,MCTS_CheckersHeuristic
-463306565,Checkers,0,GAME_OVER,51,50,2,1350,1,RandomPlayerConfig,1,2,2,MCTS_CheckersHeuristic
-1315467628,Checkers,0,GAME_OVER,39,38,2,1351,1,RandomPlayerConfig,1,2,2,MCTS_CheckersHeuristic
-1947271423,Checkers,0,GAME_OVER,46,45,2,1352,1,RandomPlayerConfig,1,2,2,MCTS_CheckersHeuristic
-471702798,Checkers,0,GAME_OVER,44,43,2,1353,1,RandomPlayerConfig,1,2,2,MCTS_CheckersHeuristic
2135529886,Checkers,0,GAME_OVER,48,47,2,1354,1,RandomPlayerConfig,1,2,2,MCTS_CheckersHeuristic
1013480379,Checkers,0,GAME_OVER,46,45,2,1355,1,RandomPlayerConfig,1,2,2,MCTS_CheckersHeuristic
1929455196,Checkers,0,GAME_OVER,43,42,2,1356,1,RandomPlayerConfig,1,2,2,MCTS_CheckersHeuristic
-921817392,Checkers,0,GAME_OVER,31,30,2,1357,1,RandomPlayerConfig,1,2,2,MCTS_CheckersHeuristic
-1140199565,Checkers,0,GAME_OVER,40,39,2,1358,1,RandomPlayerConfig,1,2,2,MCTS_CheckersHeuristic
1777623362,Checkers,0,GAME_OVER,39,38,2,1359,1,RandomPlayerConfig,1,2,2,MCTS_CheckersHeuristic
-263668374,Checkers,0,GAME_OVER,37,36,2,1360,1,RandomPlayerConfig,1,2,2,MCTS_CheckersHeuristic
-1449381318,Checkers,0,GAME_OVER,43,42,2,1361,1,RandomPlayerConfig,1,2,2,MCTS_CheckersHeuristic
1242091244,Checkers,0,GAME_OVER,40,39,2,1362,1,RandomPlayerConfig,1,2,2,MCTS_CheckersHeuristic
-2125405763,Checkers,0,GAME_OVER,44,43,2,1363,1,RandomPlayerConfig,1,2,2,MCTS_CheckersHeuristic
133736649,Checkers,0,GAME_OVER,45,44,2,1364,1,RandomPlayerConfig,1,2,2,MCTS_CheckersHeuristic
269968398,Checkers,0,GAME_OVER,41,40,2,1365,1,RandomPlayerConfig,1,2,2,MCTS_CheckersHeuristic
-54024768,Checkers,0,GAME_OVER,30,29,2,1366,1,RandomPlayerConfig,1,2,2,MCTS_CheckersHeuristic
-1383111044,Checkers,0,GAME_OVER,41,40,2,1367,1,RandomPlayerConfig,1,2,2,MCTS_CheckersHeuristic
-1173386049,Checkers,0,GAME_OVER,46,45,2,1368,1,RandomPlayerConfig,1,2,2,MCTS_CheckersHeuristic
-1029007137,Checkers,0,GAME_OVER,48,47,2,1369,1,RandomPlayerConfig,1,2,2,MCTS_CheckersHeuristic
1536034239,Checkers,0,GAME_OVER,48,47,2,1370,1,RandomPlayerConfig,1,2,2,MCTS_CheckersHeuristic
374630160,Checkers,0,GAME_OVER,47,46,2,1371,1,RandomPlayerConfig,1,2,2,MCTS_CheckersHeuristic
-894314390,Checkers,0,GAME_OVER,42,41,2,1372,1,RandomPlayerConfig,1,2,2,MCTS_CheckersHeuristic
1668808733,Checkers,0,GAME_OVER,39,38,2,1373,1,RandomPlayerConfig,1,2,2,MCTS_CheckersHeuristic
373835046,Checkers,0,GAME_OVER,45,44,2,1374,1,RandomPlayerConfig,1,2,2,MCTS_CheckersHeuristic
1276978446,Checkers,0,GAME_OVER,40,39,2,1375,1,RandomPlayerConfig,1,2,2,MCTS_CheckersHeuristic
-1824731077,Checkers,0,GAME_OVER,49,48,2,1376,1,RandomPlayerConfig,1,2,2,MCTS_CheckersHeuristic
-871837837,Checkers,0,GAME_OVER,39,38,2,1377,1,RandomPlayerConfig,1,2,2,MCTS_CheckersHeuristic
4149300,Checkers,0,GAME_OVER,40,39,2,1378,1,RandomPlayerConfig,1,2,2,MCTS_CheckersHeuristic
-1153507310,Checkers,0,GAME_OVER,53,52,2,1379,1,RandomPlayerConfig,1,2,2,MCTS_CheckersHeuristic
-1386525787,Checkers,0,GAME_OVER,40,39,2,1380,1,RandomPlayerConfig,1,2,2,MCTS_CheckersHeuristic
-2122203024,Checkers,0,GAME_OVER,55,54,2,1381,1,RandomPlayerConfig,1,2,2,MCTS_CheckersHeuristic
-1098678276,Checkers,0,GAME_OVER,38,37,2,1382,1,RandomPlayerConfig,1,2,2,MCTS_CheckersHeuristic
-808008185,Checkers,0,GAME_OVER,42,41,2,1383,1,RandomPlayerConfig,1,2,2,MCTS_CheckersHeuristic
1220286992,Checkers,0,GAME_OVER,39,38,2,1384,1,RandomPlayerConfig,1,2,2,MCTS_CheckersHeuristic
-1158724504,Checkers,0,GAME_OVER,33,32,2,1385,1,RandomPlayerConfig,1,2,2,MCTS_CheckersHeuristic
2066582140,Checkers,0,GAME_OVER,45,44,2,1386,1,RandomPlayerConfig,1,2,2,MCTS_CheckersHeuristic
1251091364,Checkers,0,GAME_OVER,40,39,2,1387,1,RandomPlayerConfig,1,2,2,MCTS_CheckersHeuristic
1368736531,Checkers,0,GAME_OVER,34,33,2,1388,1,RandomPlayerConfig,1,2,2,MCTS_CheckersHeuristic
-87649636,Checkers,0,GAME_OVER,43,42,2,1389,1,RandomPlayerConfig,1,2,2,MCTS_CheckersHeuristic
1966465007,Checkers,0,GAME_OVER,47,46,2,1390,1,RandomPlayerConfig,1,2,2,MCTS_CheckersHeuristic
-559244999,Checkers,0,GAME_OVER,43,42,2,1391,1,RandomPlayerConfig,1,2,2,MCTS_CheckersHeuristic
-383871517,Checkers,0,GAME_OVER,39,38,2,1392,1,RandomPlayerConfig,1,2,2,MCTS_CheckersHeuristic
1323758744,Checkers,0,GAME_OVER,47,46,2,1393,1,RandomPlayerConfig,1,2,2,MCTS_CheckersHeuristic
-1881929377,Checkers,0,GAME_OVER,45,44,2,1394,1,RandomPlayerConfig,1,2,2,MCTS_CheckersHeuristic
1961514923,Checkers,0,GAME_OVER,40,39,2,1395,1,RandomPlayerConfig,1,2,2,MCTS_CheckersHeuristic
1960918021,Checkers,0,GAME_OVER,42,41,2,1396,1,RandomPlayerConfig,1,2,2,MCTS_CheckersHeuristic
-1455885092,Checkers,0,GAME_OVER,39,38,2,1397,1,RandomPlayerConfig,1,2,2,MCTS_CheckersHeuristic
1230822525,Checkers,0,GAME_OVER,41,40,2,1398,1,RandomPlayerConfig,1,2,2,MCTS_CheckersHeuristic
-1974949444,Checkers,0,GAME_OVER,47,46,2,1399,1,RandomPlayerConfig,1,2,2,MCTS_CheckersHeuristic
224478027,Checkers,0,GAME_OVER,43,42,2,1400,1,RandomPlayerConfig,1,2,2,MCTS_CheckersHeuristic
348083134,Checkers,0,GAME_OVER,45,44,2,1401,1,RandomPlayerConfig,1,2,2,MCTS_CheckersHeuristic
1385798216,Checkers,0,GAME_OVER,40,39,2,1402,1,RandomPlayerConfig,1,2,2,OSLA
1477163396,Checkers,0,GAME_OVER,37,36,2,1403,1,RandomPlayerConfig,1,2,2,OSLA
940975193,Checkers,0,GAME_OVER,49,48,2,1404,1,RandomPlayerConfig,1,2,2,OSLA
-2135356456,Checkers,0,GAME_OVER,36,35,2,1405,1,RandomPlayerConfig,1,2,2,OSLA
712147891,Checkers,0,GAME_OVER,40,39,2,1406,1,RandomPlayerConfig,1,2,2,OSLA
-1829428648,Checkers,0,GAME_OVER,60,59,2,1407,1,RandomPlayerConfig,1,2,2,OSLA
-970208703,Checkers,0,GAME_OVER,40,39,2,1408,1,RandomPlayerConfig,1,2,2,OSLA
561963551,Checkers,0,GAME_OVER,47,46,2,1409,1,RandomPlayerConfig,1,2,2,OSLA
-332452780,Checkers,0,GAME_OVER,40,39,2,1410,1,RandomPlayerConfig,1,2,2,OSLA
-1192676016,Checkers,0,GAME_OVER,33,32,2,1411,1,RandomPlayerConfig,1,2,2,OSLA
1244625278,Checkers,0,GAME_OVER,38,37,2,1412,1,RandomPlayerConfig,1,2,2,OSLA
-412550984,Checkers,0,GAME_OVER,44,43,2,1413,1,RandomPlayerConfig,1,2,2,OSLA
1287140168,Checkers,0,GAME_OVER,46,45,2,1414,1,RandomPlayerConfig,1,2,2,OSLA
-739266938,Checkers,0,GAME_OVER,35,34,2,1415,1,RandomPlayerConfig,1,2,2,OSLA
1863386510,Checkers,0,GAME_OVER,44,43,2,1416,1,RandomPlayerConfig,1,2,2,OSLA
416678468,Checkers,0,GAME_OVER,40,39,2,1417,1,RandomPlayerConfig,1,2,2,OSLA
-884359798,Checkers,0,GAME_OVER,45,44,2,1418,1,RandomPlayerConfig,1,2,2,OSLA
521120380,Checkers,0,GAME_OVER,44,43,2,1419,1,RandomPlayerConfig,1,2,2,OSLA
-1263208495,Checkers,0,GAME_OVER,56,55,2,1420,1,RandomPlayerConfig,1,2,2,OSLA
-2101391703,Checkers,0,GAME_OVER,38,37,2,1421,1,RandomPlayerConfig,1,2,2,OSLA
-858690867,Checkers,0,GAME_OVER,37,36,2,1422,1,RandomPlayerConfig,1,2,2,OSLA
-1565041565,Checkers,0,GAME_OVER,36,35,2,1423,1,RandomPlayerConfig,1,2,2,OSLA
881738367,Checkers,0,GAME_OVER,44,43,2,1424,1,RandomPlayerConfig,1,2,2,OSLA
-706661135,Checkers,0,GAME_OVER,44,43,2,1425,1,RandomPlayerConfig,1,2,2,OSLA
-344570997,Checkers,0,GAME_OVER,48,47,2,1426,1,RandomPlayerConfig,1,2,2,OSLA
66217114,Checkers,0,GAME_OVER,44,43,2,1427,1,RandomPlayerConfig,1,2,2,OSLA
-416567589,Checkers,0,GAME_OVER,54,53,2,1428,1,RandomPlayerConfig,1,2,2,OSLA
82163569,Checkers,0,GAME_OVER,43,42,2,1429,1,RandomPlayerConfig,1,2,2,OSLA
-412552099,Checkers,0,GAME_OVER,50,49,2,1430,1,RandomPlayerConfig,1,2,2,OSLA
-1412396172,Checkers,0,GAME_OVER,41,40,2,1431,1,RandomPlayerConfig,1,2,2,OSLA
-613320024,Checkers,0,GAME_OVER,46,45,2,1432,1,RandomPlayerConfig,1,2,2,OSLA
1246938669,Checkers,0,GAME_OVER,43,42,2,1433,1,RandomPlayerConfig,1,2,2,OSLA
690743949,Checkers,0,GAME_OVER,40,39,2,1434,1,RandomPlayerConfig,1,2,2,OSLA
-1170807746,Checkers,0,GAME_OVER,53,52,2,1435,1,RandomPlayerConfig,1,2,2,OSLA
1053481180,Checkers,0,GAME_OVER,50,49,2,1436,1,RandomPlayerConfig,1,2,2,OSLA
-584072325,Checkers,0,GAME_OVER,40,39,2,1437,1,RandomPlayerConfig,1,2,2,OSLA
-530045463,Checkers,0,GAME_OVER,69,68,2,1438,1,RandomPlayerConfig,1,2,2,OSLA
-1569612673,Checkers,0,GAME_OVER,41,40,2,1439,1,RandomPlayerConfig,1,2,2,OSLA
304499091,Checkers,0,GAME_OVER,61,60,2,1440,1,RandomPlayerConfig,1,2,2,OSLA
1684811493,Checkers,0,GAME_OVER,50,49,2,1441,1,RandomPlayerConfig,1,2,2,OSLA
-1503865895,Checkers,0,GAME_OVER,52,51,2,1442,1,RandomPlayerConfig,1,2,2,OSLA
-394462335,Checkers,0,GAME_OVER,41,40,2,1443,1,RandomPlayerConfig,1,2,2,OSLA
1565195590,Checkers,0,GAME_OVER,55,54,2,1444,1,RandomPlayerConfig,1,2,2,OSLA
357276243,Checkers,0,GAME_OVER,54,53,2,1445,1,RandomPlayerConfig,1,2,2,OSLA
-1522202700,Checkers,0,GAME_OVER,42,41,2,1446,1,RandomPlayerConfig,1,2,2,OSLA
274748944,Checkers,0,GAME_OVER,41,40,2,1447,1,RandomPlayerConfig,1,2,2,OSLA
-2142980292,Checkers,0,GAME_OVER,42,41,2,1448,1,RandomPlayerConfig,1,2,2,OSLA
-1497805463,Checkers,0,GAME_OVER,40,39,2,1449,1,RandomPlayerConfig,1,2,2,OSLA
-1343216562,Checkers,0,GAME_OVER,45,44,2,1450,1,RandomPlayerConfig,1,2,2,OSLA
1163786881,Checkers,0,GAME_OVER,44,43,2,1451,1,RandomPlayerConfig,1,2,2,OSLA
2089214783,Checkers,0,GAME_OVER,37,36,2,1452,1,RandomPlayerConfig,1,2,2,OSLA
346569518,Checkers,0,GAME_OVER,47,46,2,1453,1,RandomPlayerConfig,1,2,2,OSLA
1400818389,Checkers,0,GAME_OVER,47,46,2,1454,1,RandomPlayerConfig,1,2,2,OSLA
-1452844811,Checkers,0,GAME_OVER,42,41,2,1455,1,RandomPlayerConfig,1,2,2,OSLA
1010750099,Checkers,0,GAME_OVER,48,47,2,1456,1,RandomPlayerConfig,1,2,2,OSLA
-1446367763,Checkers,0,GAME_OVER,39,38,2,1457,1,RandomPlayerConfig,1,2,2,OSLA
-1174445347,Checkers,0,GAME_OVER,47,46,2,1458,1,RandomPlayerConfig,1,2,2,OSLA
1047849951,Checkers,0,GAME_OVER,43,42,2,1459,1,RandomPlayerConfig,1,2,2,OSLA
-1185393628,Checkers,0,GAME_OVER,50,49,2,1460,1,RandomPlayerConfig,1,2,2,OSLA
624119135,Checkers,0,GAME_OVER,48,47,2,1461,1,RandomPlayerConfig,1,2,2,OSLA
2093125560,Checkers,0,GAME_OVER,44,43,2,1462,1,RandomPlayerConfig,1,2,2,OSLA
1465230531,Checkers,0,GAME_OVER,47,46,2,1463,1,RandomPlayerConfig,1,2,2,OSLA
-1640555523,Checkers,0,GAME_OVER,32,31,2,1464,1,RandomPlayerConfig,1,2,2,OSLA
-1288871158,Checkers,0,GAME_OVER,45,44,2,1465,1,RandomPlayerConfig,1,2,2,OSLA
703670027,Checkers,0,GAME_OVER,39,38,2,1466,1,RandomPlayerConfig,1,2,2,OSLA
-595467969,Checkers,0,GAME_OVER,40,39,2,1467,1,RandomPlayerConfig,1,2,2,OSLA
1935322625,Checkers,0,GAME_OVER,41,40,2,1468,1,RandomPlayerConfig,1,2,2,OSLA
382763235,Checkers,0,GAME_OVER,39,38,2,1469,1,RandomPlayerConfig,1,2,2,OSLA
-143491939,Checkers,0,GAME_OVER,48,47,2,1470,1,RandomPlayerConfig,1,2,2,OSLA
532294735,Checkers,0,GAME_OVER,46,45,2,1471,1,RandomPlayerConfig,1,2,2,OSLA
2118762452,Checkers,0,GAME_OVER,49,48,2,1472,1,RandomPlayerConfig,1,2,2,OSLA
-215159238,Checkers,0,GAME_OVER,41,40,2,1473,1,RandomPlayerConfig,1,2,2,OSLA
-1362421902,Checkers,0,GAME_OVER,43,42,2,1474,1,RandomPlayerConfig,1,2,2,OSLA
-1493545013,Checkers,0,GAME_OVER,47,46,2,1475,1,RandomPlayerConfig,1,2,2,OSLA
712853017,Checkers,0,GAME_OVER,50,49,2,1476,1,RandomPlayerConfig,1,2,2,OSLA
-382959914,Checkers,0,GAME_OVER,45,44,2,1477,1,RandomPlayerConfig,1,2,2,OSLA
1737040920,Checkers,0,GAME_OVER,41,40,2,1478,1,RandomPlayerConfig,1,2,2,OSLA
952990261,Checkers,0,GAME_OVER,33,32,2,1479,1,RandomPlayerConfig,1,2,2,OSLA
-1412259614,Checkers,0,GAME_OVER,53,52,2,1480,1,RandomPlayerConfig,1,2,2,OSLA
-384845729,Checkers,0,GAME_OVER,37,36,2,1481,1,RandomPlayerConfig,1,2,2,OSLA
-648726464,Checkers,0,GAME_OVER,57,56,2,1482,1,RandomPlayerConfig,1,2,2,OSLA
-2120713039,Checkers,0,GAME_OVER,40,39,2,1483,1,RandomPlayerConfig,1,2,2,OSLA
-1232102556,Checkers,0,GAME_OVER,37,36,2,1484,1,RandomPlayerConfig,1,2,2,OSLA
-171087364,Checkers,0,GAME_OVER,43,42,2,1485,1,RandomPlayerConfig,1,2,2,OSLA
1897085839,Checkers,0,GAME_OVER,43,42,2,1486,1,RandomPlayerConfig,1,2,2,OSLA
523986260,Checkers,0,GAME_OVER,54,53,2,1487,1,RandomPlayerConfig,1,2,2,OSLA
-763743510,Checkers,0,GAME_OVER,43,42,2,1488,1,RandomPlayerConfig,1,2,2,OSLA
-471754180,Checkers,0,GAME_OVER,40,39,2,1489,1,RandomPlayerConfig,1,2,2,OSLA
2129168822,Checkers,0,GAME_OVER,46,45,2,1490,1,RandomPlayerConfig,1,2,2,OSLA
2126248352,Checkers,0,GAME_OVER,42,41,2,1491,1,RandomPlayerConfig,1,2,2,OSLA
1345411340,Checkers,0,GAME_OVER,42,41,2,1492,1,RandomPlayerConfig,1,2,2,OSLA
-1367150791,Checkers,0,GAME_OVER,57,56,2,1493,1,RandomPlayerConfig,1,2,2,OSLA
-1296457281,Checkers,0,GAME_OVER,40,39,2,1494,1,RandomPlayerConfig,1,2,2,OSLA
1119802703,Checkers,0,GAME_OVER,48,47,2,1495,1,RandomPlayerConfig,1,2,2,OSLA
286467360,Checkers,0,GAME_OVER,55,54,2,1496,1,RandomPlayerConfig,1,2,2,OSLA
-1811680006,Checkers,0,GAME_OVER,42,41,2,1497,1,RandomPlayerConfig,1,2,2,OSLA
855832234,Checkers,0,GAME_OVER,41,40,2,1498,1,RandomPlayerConfig,1,2,2,OSLA
1772958031,Checkers,0,GAME_OVER,39,38,2,1499,1,RandomPlayerConfig,1,2,2,OSLA
-1513084689,Checkers,0,GAME_OVER,71,70,2,1500,2,RandomPlayerConfig,2,1,1,OSLA
-1499994599,Checkers,0,GAME_OVER,43,42,2,1501,1,RandomPlayerConfig,1,2,2,OSLA
1008055608,Checkers,0,GAME_OVER,37,36,2,1502,1,RandomPlayerConfig,1,2,2,OSLA
-339634418,Checkers,0,GAME_OVER,48,47,2,1503,1,RandomPlayerConfig,1,2,2,OSLA
1033034923,Checkers,0,GAME_OVER,42,41,2,1504,1,RandomPlayerConfig,1,2,2,OSLA
671668901,Checkers,0,GAME_OVER,35,34,2,1505,1,RandomPlayerConfig,1,2,2,OSLA
-855993595,Checkers,0,GAME_OVER,44,43,2,1506,1,RandomPlayerConfig,1,2,2,OSLA
1544946679,Checkers,0,GAME_OVER,38,37,2,1507,1,RandomPlayerConfig,1,2,2,OSLA
580736544,Checkers,0,GAME_OVER,42,41,2,1508,1,RandomPlayerConfig,1,2,2,OSLA
1197965641,Checkers,0,GAME_OVER,40,39,2,1509,1,RandomPlayerConfig,1,2,2,OSLA
818543324,Checkers,0,GAME_OVER,46,45,2,1510,1,RandomPlayerConfig,1,2,2,OSLA
1349665083,Checkers,0,GAME_OVER,58,57,2,1511,1,RandomPlayerConfig,1,2,2,OSLA
816758570,Checkers,0,GAME_OVER,50,49,2,1512,1,RandomPlayerConfig,1,2,2,OSLA
2107295405,Checkers,0,GAME_OVER,41,40,2,1513,1,RandomPlayerConfig,1,2,2,OSLA
-2140526010,Checkers,0,GAME_OVER,38,37,2,1514,1,RandomPlayerConfig,1,2,2,OSLA
172061652,Checkers,0,GAME_OVER,51,50,2,1515,1,RandomPlayerConfig,1,2,2,OSLA
-1599783066,Checkers,0,GAME_OVER,38,37,2,1516,1,RandomPlayerConfig,1,2,2,OSLA
1127747356,Checkers,0,GAME_OVER,40,39,2,1517,1,RandomPlayerConfig,1,2,2,OSLA
-1365699484,Checkers,0,GAME_OVER,34,33,2,1518,1,RandomPlayerConfig,1,2,2,OSLA
1812080838,Checkers,0,GAME_OVER,39,38,2,1519,1,RandomPlayerConfig,1,2,2,OSLA
2062044460,Checkers,0,GAME_OVER,45,44,2,1520,1,RandomPlayerConfig,1,2,2,OSLA
-2056067482,Checkers,0,GAME_OVER,37,36,2,1521,1,RandomPlayerConfig,1,2,2,OSLA
-2010046978,Checkers,0,GAME_OVER,49,48,2,1522,1,RandomPlayerConfig,1,2,2,OSLA
-1846255193,Checkers,0,GAME_OVER,44,43,2,1523,1,RandomPlayerConfig,1,2,2,OSLA
-93152836,Checkers,0,GAME_OVER,55,54,2,1524,1,RandomPlayerConfig,1,2,2,OSLA
-1820505593,Checkers,0,GAME_OVER,46,45,2,1525,1,RandomPlayerConfig,1,2,2,OSLA
-638253349,Checkers,0,GAME_OVER,41,40,2,1526,1,RandomPlayerConfig,1,2,2,OSLA
251487586,Checkers,0,GAME_OVER,44,43,2,1527,1,RandomPlayerConfig,1,2,2,OSLA
-1810756426,Checkers,0,GAME_OVER,33,32,2,1528,1,RandomPlayerConfig,1,2,2,OSLA
396358024,Checkers,0,GAME_OVER,43,42,2,1529,1,RandomPlayerConfig,1,2,2,OSLA
-987720622,Checkers,0,GAME_OVER,44,43,2,1530,1,RandomPlayerConfig,1,2,2,OSLA
2146523447,Checkers,0,GAME_OVER,41,40,2,1531,1,RandomPlayerConfig,1,2,2,OSLA
1407681231,Checkers,0,GAME_OVER,50,49,2,1532,1,RandomPlayerConfig,1,2,2,OSLA
-1847314139,Checkers,0,GAME_OVER,34,33,2,1533,1,RandomPlayerConfig,1,2,2,OSLA
700502305,Checkers,0,GAME_OVER,47,46,2,1534,1,RandomPlayerConfig,1,2,2,OSLA
-873535995,Checkers,0,GAME_OVER,53,52,2,1535,1,RandomPlayerConfig,1,2,2,OSLA
-308853822,Checkers,0,GAME_OVER,37,36,2,1536,1,RandomPlayerConfig,1,2,2,OSLA
463442607,Checkers,0,GAME_OVER,63,62,2,1537,1,RandomPlayerConfig,1,2,2,OSLA
-89131396,Checkers,0,GAME_OVER,42,41,2,1538,1,RandomPlayerConfig,1,2,2,OSLA
1887006155,Checkers,0,GAME_OVER,47,46,2,1539,1,RandomPlayerConfig,1,2,2,OSLA
2100716419,Checkers,0,GAME_OVER,51,50,2,1540,1,RandomPlayerConfig,1,2,2,OSLA
-2050318157,Checkers,0,GAME_OVER,49,48,2,1541,1,RandomPlayerConfig,1,2,2,OSLA
-1472310679,Checkers,0,GAME_OVER,45,44,2,1542,1,RandomPlayerConfig,1,2,2,OSLA
-675113620,Checkers,0,GAME_OVER,52,51,2,1543,1,RandomPlayerConfig,1,2,2,OSLA
1326482106,Checkers,0,GAME_OVER,32,31,2,1544,1,RandomPlayerConfig,1,2,2,OSLA
369909724,Checkers,0,GAME_OVER,34,33,2,1545,1,RandomPlayerConfig,1,2,2,OSLA
-2058174646,Checkers,0,GAME_OVER,47,46,2,1546,1,RandomPlayerConfig,1,2,2,OSLA
660350641,Checkers,0,GAME_OVER,45,44,2,1547,1,RandomPlayerConfig,1,2,2,OSLA
-2044419473,Checkers,0,GAME_OVER,53,52,2,1548,1,RandomPlayerConfig,1,2,2,OSLA
-771489131,Checkers,0,GAME_OVER,40,39,2,1549,1,RandomPlayerConfig,1,2,2,OSLA
-463306565,Checkers,0,GAME_OVER,45,44,2,1550,1,RandomPlayerConfig,1,2,2,OSLA
-1315467628,Checkers,0,GAME_OVER,39,38,2,1551,1,RandomPlayerConfig,1,2,2,OSLA
-1947271423,Checkers,0,GAME_OVER,41,40,2,1552,1,RandomPlayerConfig,1,2,2,OSLA
-471702798,Checkers,0,GAME_OVER,52,51,2,1553,1,RandomPlayerConfig,1,2,2,OSLA
2135529886,Checkers,0,GAME_OVER,41,40,2,1554,1,RandomPlayerConfig,1,2,2,OSLA
1013480379,Checkers,0,GAME_OVER,37,36,2,1555,1,RandomPlayerConfig,1,2,2,OSLA
1929455196,Checkers,0,GAME_OVER,65,64,2,1556,1,RandomPlayerConfig,1,2,2,OSLA
-921817392,Checkers,0,GAME_OVER,36,35,2,1557,1,RandomPlayerConfig,1,2,2,OSLA
-1140199565,Checkers,0,GAME_OVER,41,40,2,1558,1,RandomPlayerConfig,1,2,2,OSLA
1777623362,Checkers,0,GAME_OVER,33,32,2,1559,1,RandomPlayerConfig,1,2,2,OSLA
-263668374,Checkers,0,GAME_OVER,44,43,2,1560,1,RandomPlayerConfig,1,2,2,OSLA
-1449381318,Checkers,0,GAME_OVER,55,54,2,1561,1,RandomPlayerConfig,1,2,2,OSLA
1242091244,Checkers,0,GAME_OVER,45,44,2,1562,1,RandomPlayerConfig,1,2,2,OSLA
-2125405763,Checkers,0,GAME_OVER,46,45,2,1563,1,RandomPlayerConfig,1,2,2,OSLA
133736649,Checkers,0,GAME_OVER,40,39,2,1564,1,RandomPlayerConfig,1,2,2,OSLA
269968398,Checkers,0,GAME_OVER,48,47,2,1565,1,RandomPlayerConfig,1,2,2,OSLA
-54024768,Checkers,0,GAME_OVER,54,53,2,1566,1,RandomPlayerConfig,1,2,2,OSLA
-1383111044,Checkers,0,GAME_OVER,39,38,2,1567,1,RandomPlayerConfig,1,2,2,OSLA
-1173386049,Checkers,0,GAME_OVER,44,43,2,1568,1,RandomPlayerConfig,1,2,2,OSLA
-1029007137,Checkers,0,GAME_OVER,34,33,2,1569,1,RandomPlayerConfig,1,2,2,OSLA
1536034239,Checkers,0,GAME_OVER,51,50,2,1570,1,RandomPlayerConfig,1,2,2,OSLA
374630160,Checkers,0,GAME_OVER,53,52,2,1571,1,RandomPlayerConfig,1,2,2,OSLA
-894314390,Checkers,0,GAME_OVER,45,44,2,1572,1,RandomPlayerConfig,1,2,2,OSLA
1668808733,Checkers,0,GAME_OVER,47,46,2,1573,1,RandomPlayerConfig,1,2,2,OSLA
373835046,Checkers,0,GAME_OVER,57,56,2,1574,1,RandomPlayerConfig,1,2,2,OSLA
1276978446,Checkers,0,GAME_OVER,41,40,2,1575,1,RandomPlayerConfig,1,2,2,OSLA
-1824731077,Checkers,0,GAME_OVER,47,46,2,1576,1,RandomPlayerConfig,1,2,2,OSLA
-871837837,Checkers,0,GAME_OVER,40,39,2,1577,1,RandomPlayerConfig,1,2,2,OSLA
4149300,Checkers,0,GAME_OVER,50,49,2,1578,1,RandomPlayerConfig,1,2,2,OSLA
-1153507310,Checkers,0,GAME_OVER,33,32,2,1579,1,RandomPlayerConfig,1,2,2,OSLA
-1386525787,Checkers,0,GAME_OVER,55,54,2,1580,1,RandomPlayerConfig,1,2,2,OSLA
-2122203024,Checkers,0,GAME_OVER,52,51,2,1581,1,RandomPlayerConfig,1,2,2,OSLA
-1098678276,Checkers,0,GAME_OVER,39,38,2,1582,1,RandomPlayerConfig,1,2,2,OSLA
-808008185,Checkers,0,GAME_OVER,68,67,2,1583,1,RandomPlayerConfig,1,2,2,OSLA
1220286992,Checkers,0,GAME_OVER,60,59,2,1584,1,RandomPlayerConfig,1,2,2,OSLA
-1158724504,Checkers,0,GAME_OVER,40,39,2,1585,1,RandomPlayerConfig,1,2,2,OSLA
2066582140,Checkers,0,GAME_OVER,38,37,2,1586,1,RandomPlayerConfig,1,2,2,OSLA
1251091364,Checkers,0,GAME_OVER,42,41,2,1587,1,RandomPlayerConfig,1,2,2,OSLA
1368736531,Checkers,0,GAME_OVER,34,33,2,1588,1,RandomPlayerConfig,1,2,2,OSLA
-87649636,Checkers,0,GAME_OVER,46,45,2,1589,1,RandomPlayerConfig,1,2,2,OSLA
1966465007,Checkers,0,GAME_OVER,34,33,2,1590,1,RandomPlayerConfig,1,2,2,OSLA
-559244999,Checkers,0,GAME_OVER,34,33,2,1591,1,RandomPlayerConfig,1,2,2,OSLA
-383871517,Checkers,0,GAME_OVER,49,48,2,1592,1,RandomPlayerConfig,1,2,2,OSLA
1323758744,Checkers,0,GAME_OVER,45,44,2,1593,1,RandomPlayerConfig,1,2,2,OSLA
-1881929377,Checkers,0,GAME_OVER,42,41,2,1594,1,RandomPlayerConfig,1,2,2,OSLA
1961514923,Checkers,0,GAME_OVER,44,43,2,1595,1,RandomPlayerConfig,1,2,2,OSLA
1960918021,Checkers,0,GAME_OVER,38,37,2,1596,1,RandomPlayerConfig,1,2,2,OSLA
-1455885092,Checkers,0,GAME_OVER,42,41,2,1597,1,RandomPlayerConfig,1,2,2,OSLA
1230822525,Checkers,0,GAME_OVER,50,49,2,1598,1,RandomPlayerConfig,1,2,2,OSLA
-1974949444,Checkers,0,GAME_OVER,52,51,2,1599,1,RandomPlayerConfig,1,2,2,OSLA
224478027,Checkers,0,GAME_OVER,38,37,2,1600,1,RandomPlayerConfig,1,2,2,OSLA
348083134,Checkers,0,GAME_OVER,40,39,2,1601,1,RandomPlayerConfig,1,2,2,OSLA
1385798216,Checkers,0,GAME_OVER,43,42,2,1602,1,RandomPlayerConfig,1,2,2,RandomPlayerConfig
1477163396,Checkers,0,GAME_OVER,90,89,2,1603,2,RandomPlayerConfig,2,1,1,RandomPlayerConfig
940975193,Checkers,0,GAME_OVER,52,51,2,1604,2,RandomPlayerConfig,2,1,1,RandomPlayerConfig
-2135356456,Checkers,0,GAME_OVER,86,85,2,1605,1,RandomPlayerConfig,1,2,2,RandomPlayerConfig
712147891,Checkers,0,GAME_OVER,45,44,2,1606,1,RandomPlayerConfig,1,2,2,RandomPlayerConfig
-1829428648,Checkers,0,GAME_OVER,40,39,2,1607,2,RandomPlayerConfig,2,1,1,RandomPlayerConfig
-970208703,Checkers,0,GAME_OVER,38,37,2,1608,2,RandomPlayerConfig,2,1,1,RandomPlayerConfig
561963551,Checkers,0,GAME_OVER,74,73,2,1609,1,RandomPlayerConfig,1,2,2,RandomPlayerConfig
-332452780,Checkers,0,GAME_OVER,50,49,2,1610,1,RandomPlayerConfig,1,2,2,RandomPlayerConfig
-1192676016,Checkers,0,GAME_OVER,43,42,2,1611,2,RandomPlayerConfig,2,1,1,RandomPlayerConfig
1244625278,Checkers,0,GAME_OVER,47,46,2,1612,2,RandomPlayerConfig,2,1,1,RandomPlayerConfig
-412550984,Checkers,0,GAME_OVER,72,71,2,1613,2,RandomPlayerConfig,2,1,1,RandomPlayerConfig
1287140168,Checkers,0,GAME_OVER,57,56,2,1614,2,RandomPlayerConfig,2,1,1,RandomPlayerConfig
-739266938,Checkers,0,GAME_OVER,54,53,2,1615,2,RandomPlayerConfig,2,1,1,RandomPlayerConfig
1863386510,Checkers,0,GAME_OVER,51,50,2,1616,2,RandomPlayerConfig,2,1,1,RandomPlayerConfig
416678468,Checkers,0,GAME_OVER,88,87,2,1617,1,RandomPlayerConfig,1,2,2,RandomPlayerConfig
-884359798,Checkers,0,GAME_OVER,48,47,2,1618,2,RandomPlayerConfig,2,1,1,RandomPlayerConfig
521120380,Checkers,0,GAME_OVER,67,66,2,1619,1,RandomPlayerConfig,1,2,2,RandomPlayerConfig
-1263208495,Checkers,0,GAME_OVER,44,43,2,1620,2,RandomPlayerConfig,2,1,1,RandomPlayerConfig
-2101391703,Checkers,0,GAME_OVER,34,33,2,1621,2,RandomPlayerConfig,2,1,1,RandomPlayerConfig
-858690867,Checkers,0,GAME_OVER,35,34,2,1622,2,RandomPlayerConfig,2,1,1,RandomPlayerConfig
-1565041565,Checkers,0,GAME_OVER,65,64,2,1623,2,RandomPlayerConfig,2,1,1,RandomPlayerConfig
881738367,Checkers,0,GAME_OVER,37,36,2,1624,1,RandomPlayerConfig,1,2,2,RandomPlayerConfig
-706661135,Checkers,0,GAME_OVER,39,38,2,1625,2,RandomPlayerConfig,2,1,1,RandomPlayerConfig
-344570997,Checkers,0,GAME_OVER,60,59,2,1626,1,RandomPlayerConfig,1,2,2,RandomPlayerConfig
66217114,Checkers,0,GAME_OVER,33,32,2,1627,2,RandomPlayerConfig,2,1,1,RandomPlayerConfig
-416567589,Checkers,0,GAME_OVER,75,74,2,1628,2,RandomPlayerConfig,2,1,1,RandomPlayerConfig
82163569,Checkers,0,GAME_OVER,50,49,2,1629,1,RandomPlayerConfig,1,2,2,RandomPlayerConfig
-412552099,Checkers,0,GAME_OVER,40,39,2,1630,1,RandomPlayerConfig,1,2,2,RandomPlayerConfig
-1412396172,Checkers,0,GAME_OVER,70,69,2,1631,2,RandomPlayerConfig,2,1,1,RandomPlayerConfig
-613320024,Checkers,0,GAME_OVER,85,84,2,1632,1,RandomPlayerConfig,1,2,2,RandomPlayerConfig
1246938669,Checkers,0,GAME_OVER,63,62,2,1633,1,RandomPlayerConfig,1,2,2,RandomPlayerConfig
690743949,Checkers,0,GAME_OVER,54,53,2,1634,2,RandomPlayerConfig,2,1,1,RandomPlayerConfig
-1170807746,Checkers,0,GAME_OVER,45,44,2,1635,2,RandomPlayerConfig,2,1,1,RandomPlayerConfig
1053481180,Checkers,0,GAME_OVER,32,31,2,1636,2,RandomPlayerConfig,2,1,1,RandomPlayerConfig
-584072325,Checkers,0,GAME_OVER,48,47,2,1637,1,RandomPlayerConfig,1,2,2,RandomPlayerConfig
-530045463,Checkers,0,GAME_OVER,55,54,2,1638,1,RandomPlayerConfig,1,2,2,RandomPlayerConfig
-1569612673,Checkers,0,GAME_OVER,33,32,2,1639,2,RandomPlayerConfig,2,1,1,RandomPlayerConfig
304499091,Checkers,0,GAME_OVER,43,42,2,1640,2,RandomPlayerConfig,2,1,1,RandomPlayerConfig
1684811493,Checkers,0,GAME_OVER,60,59,2,1641,2,RandomPlayerConfig,2,1,1,RandomPlayerConfig
-1503865895,Checkers,0,GAME_OVER,38,37,2,1642,2,RandomPlayerConfig,2,1,1,RandomPlayerConfig
-394462335,Checkers,0,GAME_OVER,53,52,2,1643,2,RandomPlayerConfig,2,1,1,RandomPlayerConfig
1565195590,Checkers,0,GAME_OVER,45,44,2,1644,2,RandomPlayerConfig,2,1,1,RandomPlayerConfig
357276243,Checkers,0,GAME_OVER,36,35,2,1645,2,RandomPlayerConfig,2,1,1,RandomPlayerConfig
-1522202700,Checkers,0,GAME_OVER,61,60,2,1646,2,RandomPlayerConfig,2,1,1,RandomPlayerConfig
274748944,Checkers,0,GAME_OVER,60,59,2,1647,2,RandomPlayerConfig,2,1,1,RandomPlayerConfig
-2142980292,Checkers,0,GAME_OVER,42,41,2,1648,1,RandomPlayerConfig,1,2,2,RandomPlayerConfig
-1497805463,Checkers,0,GAME_OVER,52,51,2,1649,2,RandomPlayerConfig,2,1,1,RandomPlayerConfig
-1343216562,Checkers,0,GAME_OVER,48,47,2,1650,1,RandomPlayerConfig,1,2,2,RandomPlayerConfig
1163786881,Checkers,0,GAME_OVER,46,45,2,1651,1,RandomPlayerConfig,1,2,2,RandomPlayerConfig
2089214783,Checkers,0,GAME_OVER,53,52,2,1652,2,RandomPlayerConfig,2,1,1,RandomPlayerConfig
346569518,Checkers,0,GAME_OVER,71,70,2,1653,2,RandomPlayerConfig,2,1,1,RandomPlayerConfig
1400818389,Checkers,0,GAME_OVER,51,50,2,1654,1,RandomPlayerConfig,1,2,2,RandomPlayerConfig
-1452844811,Checkers,0,GAME_OVER,41,40,2,1655,1,RandomPlayerConfig,1,2,2,RandomPlayerConfig
1010750099,Checkers,0,GAME_OVER,43,42,2,1656,1,RandomPlayerConfig,1,2,2,RandomPlayerConfig
-1446367763,Checkers,0,GAME_OVER,43,42,2,1657,1,RandomPlayerConfig,1,2,2,RandomPlayerConfig
-1174445347,Checkers,0,GAME_OVER,45,44,2,1658,2,RandomPlayerConfig,2,1,1,RandomPlayerConfig
1047849951,Checkers,0,GAME_OVER,49,48,2,1659,2,RandomPlayerConfig,2,1,1,RandomPlayerConfig
-1185393628,Checkers,0,GAME_OVER,55,54,2,1660,2,RandomPlayerConfig,2,1,1,RandomPlayerConfig
624119135,Checkers,0,GAME_OVER,37,36,2,1661,1,RandomPlayerConfig,1,2,2,RandomPlayerConfig
2093125560,Checkers,0,GAME_OVER,69,68,2,1662,2,RandomPlayerConfig,2,1,1,RandomPlayerConfig
1465230531,Checkers,0,GAME_OVER,47,46,2,1663,2,RandomPlayerConfig,2,1,1,RandomPlayerConfig
-1640555523,Checkers,0,GAME_OVER,88,87,2,1664,2,RandomPlayerConfig,2,1,1,RandomPlayerConfig
-1288871158,Checkers,0,GAME_OVER,41,40,2,1665,2,RandomPlayerConfig,2,1,1,RandomPlayerConfig
703670027,Checkers,0,GAME_OVER,37,36,2,1666,2,RandomPlayerConfig,2,1,1,RandomPlayerConfig
-595467969,Checkers,0,GAME_OVER,43,42,2,1667,2,RandomPlayerConfig,2,1,1,RandomPlayerConfig
1935322625,Checkers,0,GAME_OVER,48,47,2,1668,1,RandomPlayerConfig,1,2,2,RandomPlayerConfig
382763235,Checkers,0,GAME_OVER,40,39,2,1669,2,RandomPlayerConfig,2,1,1,RandomPlayerConfig
-143491939,Checkers,0,GAME_OVER,41,40,2,1670,2,RandomPlayerConfig,2,1,1,RandomPlayerConfig
532294735,Checkers,0,GAME_OVER,45,44,2,1671,2,RandomPlayerConfig,2,1,1,RandomPlayerConfig
2118762452,Checkers,0,GAME_OVER,35,34,2,1672,2,RandomPlayerConfig,2,1,1,RandomPlayerConfig
-215159238,Checkers,0,GAME_OVER,53,52,2,1673,2,RandomPlayerConfig,2,1,1,RandomPlayerConfig
-1362421902,Checkers,0,GAME_OVER,74,73,2,1674,2,RandomPlayerConfig,2,1,1,RandomPlayerConfig
-1493545013,Checkers,0,GAME_OVER,35,34,2,1675,2,RandomPlayerConfig,2,1,1,RandomPlayerConfig
712853017,Checkers,0,GAME_OVER,42,41,2,1676,2,RandomPlayerConfig,2,1,1,RandomPlayerConfig
-382959914,Checkers,0,GAME_OVER,33,32,2,1677,2,RandomPlayerConfig,2,1,1,RandomPlayerConfig
1737040920,Checkers,0,GAME_OVER,76,75,2,1678,1,RandomPlayerConfig,1,2,2,RandomPlayerConfig
952990261,Checkers,0,GAME_OVER,36,35,2,1679,2,RandomPlayerConfig,2,1,1,RandomPlayerConfig
-1412259614,Checkers,0,GAME_OVER,54,53,2,1680,1,RandomPlayerConfig,1,2,2,RandomPlayerConfig
-384845729,Checkers,0,GAME_OVER,35,34,2,1681,2,RandomPlayerConfig,2,1,1,RandomPlayerConfig
-648726464,Checkers,0,GAME_OVER,47,46,2,1682,2,RandomPlayerConfig,2,1,1,RandomPlayerConfig
-2120713039,Checkers,0,GAME_OVER,61,60,2,1683,1,RandomPlayerConfig,1,2,2,RandomPlayerConfig
-1232102556,Checkers,0,GAME_OVER,56,55,2,1684,2,RandomPlayerConfig,2,1,1,RandomPlayerConfig
-171087364,Checkers,0,GAME_OVER,45,44,2,1685,1,RandomPlayerConfig,1,2,2,RandomPlayerConfig
1897085839,Checkers,0,GAME_OVER,56,55,2,1686,2,RandomPlayerConfig,2,1,1,RandomPlayerConfig
523986260,Checkers,0,GAME_OVER,45,44,2,1687,2,RandomPlayerConfig,2,1,1,RandomPlayerConfig
-763743510,Checkers,0,GAME_OVER,39,38,2,1688,2,RandomPlayerConfig,2,1,1,RandomPlayerConfig
-471754180,Checkers,0,GAME_OVER,44,43,2,1689,1,RandomPlayerConfig,1,2,2,RandomPlayerConfig
2129168822,Checkers,0,GAME_OVER,41,40,2,1690,2,RandomPlayerConfig,2,1,1,RandomPlayerConfig
2126248352,Checkers,0,GAME_OVER,47,46,2,1691,1,RandomPlayerConfig,1,2,2,RandomPlayerConfig
1345411340,Checkers,0,GAME_OVER,35,34,2,1692,2,RandomPlayerConfig,2,1,1,RandomPlayerConfig
-1367150791,Checkers,0,GAME_OVER,38,37,2,1693,2,RandomPlayerConfig,2,1,1,RandomPlayerConfig
-1296457281,Checkers,0,GAME_OVER,44,43,2,1694,2,RandomPlayerConfig,2,1,1,RandomPlayerConfig
1119802703,Checkers,0,GAME_OVER,44,43,2,1695,2,RandomPlayerConfig,2,1,1,RandomPlayerConfig
286467360,Checkers,0,GAME_OVER,49,48,2,1696,2,RandomPlayerConfig,2,1,1,RandomPlayerConfig
-1811680006,Checkers,0,GAME_OVER,55,54,2,1697,1,RandomPlayerConfig,1,2,2,RandomPlayerConfig
855832234,Checkers,0,GAME_OVER,62,61,2,1698,2,RandomPlayerConfig,2,1,1,RandomPlayerConfig
1772958031,Checkers,0,GAME_OVER,45,44,2,1699,2,RandomPlayerConfig,2,1,1,RandomPlayerConfig
-1513084689,Checkers,0,GAME_OVER,52,51,2,1700,2,RandomPlayerConfig,2,1,1,RandomPlayerConfig
-1499994599,Checkers,0,GAME_OVER,56,55,2,1701,2,RandomPlayerConfig,2,1,1,RandomPlayerConfig
1008055608,Checkers,0,GAME_OVER,44,43,2,1702,1,RandomPlayerConfig,1,2,2,RandomPlayerConfig
-339634418,Checkers,0,GAME_OVER,49,48,2,1703,2,RandomPlayerConfig,2,1,1,RandomPlayerConfig
1033034923,Checkers,0,GAME_OVER,83,82,2,1704,1,RandomPlayerConfig,1,2,2,RandomPlayerConfig
671668901,Checkers,0,GAME_OVER,43,42,2,1705,2,RandomPlayerConfig,2,1,1,RandomPlayerConfig
-855993595,Checkers,0,GAME_OVER,38,37,2,1706,2,RandomPlayerConfig,2,1,1,RandomPlayerConfig
1544946679,Checkers,0,GAME_OVER,43,42,2,1707,2,RandomPlayerConfig,2,1,1,RandomPlayerConfig
580736544,Checkers,0,GAME_OVER,49,48,2,1708,1,RandomPlayerConfig,1,2,2,RandomPlayerConfig
1197965641,Checkers,0,GAME_OVER,81,80,2,1709,2,RandomPlayerConfig,2,1,1,RandomPlayerConfig
818543324,Checkers,0,GAME_OVER,47,46,2,1710,1,RandomPlayerConfig,1,2,2,RandomPlayerConfig
1349665083,Checkers,0,GAME_OVER,52,51,2,1711,1,RandomPlayerConfig,1,2,2,RandomPlayerConfig
816758570,Checkers,0,GAME_OVER,51,50,2,1712,2,RandomPlayerConfig,2,1,1,RandomPlayerConfig
2107295405,Checkers,0,GAME_OVER,58,57,2,1713,2,RandomPlayerConfig,2,1,1,RandomPlayerConfig
-2140526010,Checkers,0,GAME_OVER,57,56,2,1714,2,RandomPlayerConfig,2,1,1,RandomPlayerConfig
172061652,Checkers,0,GAME_OVER,63,62,2,1715,2,RandomPlayerConfig,2,1,1,RandomPlayerConfig
-1599783066,Checkers,0,GAME_OVER,47,46,2,1716,2,RandomPlayerConfig,2,1,1,RandomPlayerConfig
1127747356,Checkers,0,GAME_OVER,67,66,2,1717,1,RandomPlayerConfig,1,2,2,RandomPlayerConfig
-1365699484,Checkers,0,GAME_OVER,48,47,2,1718,2,RandomPlayerConfig,2,1,1,RandomPlayerConfig
1812080838,Checkers,0,GAME_OVER,43,42,2,1719,2,RandomPlayerConfig,2,1,1,RandomPlayerConfig
2062044460,Checkers,0,GAME_OVER,71,70,2,1720,2,RandomPlayerConfig,2,1,1,RandomPlayerConfig
-2056067482,Checkers,0,GAME_OVER,48,47,2,1721,1,RandomPlayerConfig,1,2,2,RandomPlayerConfig
-2010046978,Checkers,0,GAME_OVER,43,42,2,1722,2,RandomPlayerConfig,2,1,1,RandomPlayerConfig
-1846255193,Checkers,0,GAME_OVER,73,72,2,1723,1,RandomPlayerConfig,1,2,2,RandomPlayerConfig
-93152836,Checkers,0,GAME_OVER,42,41,2,1724,2,RandomPlayerConfig,2,1,1,RandomPlayerConfig
-1820505593,Checkers,0,GAME_OVER,72,71,2,1725,2,RandomPlayerConfig,2,1,1,RandomPlayerConfig
-638253349,Checkers,0,GAME_OVER,69,68,2,1726,1,RandomPlayerConfig,1,2,2,RandomPlayerConfig
251487586,Checkers,0,GAME_OVER,45,44,2,1727,1,RandomPlayerConfig,1,2,2,RandomPlayerConfig
-1810756426,Checkers,0,GAME_OVER,52,51,2,1728,2,RandomPlayerConfig,2,1,1,RandomPlayerConfig
396358024,Checkers,0,GAME_OVER,49,48,2,1729,2,RandomPlayerConfig,2,1,1,RandomPlayerConfig
-987720622,Checkers,0,GAME_OVER,44,43,2,1730,2,RandomPlayerConfig,2,1,1,RandomPlayerConfig
2146523447,Checkers,0,GAME_OVER,71,70,2,1731,1,RandomPlayerConfig,1,2,2,RandomPlayerConfig
1407681231,Checkers,0,GAME_OVER,63,62,2,1732,1,RandomPlayerConfig,1,2,2,RandomPlayerConfig
-1847314139,Checkers,0,GAME_OVER,58,57,2,1733,1,RandomPlayerConfig,1,2,2,RandomPlayerConfig
700502305,Checkers,0,GAME_OVER,67,66,2,1734,1,RandomPlayerConfig,1,2,2,RandomPlayerConfig
-873535995,Checkers,0,GAME_OVER,39,38,2,1735,2,RandomPlayerConfig,2,1,1,RandomPlayerConfig
-308853822,Checkers,0,GAME_OVER,39,38,2,1736,1,RandomPlayerConfig,1,2,2,RandomPlayerConfig
463442607,Checkers,0,GAME_OVER,46,45,2,1737,1,RandomPlayerConfig,1,2,2,RandomPlayerConfig
-89131396,Checkers,0,GAME_OVER,33,32,2,1738,2,RandomPlayerConfig,2,1,1,RandomPlayerConfig
1887006155,Checkers,0,GAME_OVER,45,44,2,1739,2,RandomPlayerConfig,2,1,1,RandomPlayerConfig
2100716419,Checkers,0,GAME_OVER,37,36,2,1740,1,RandomPlayerConfig,1,2,2,RandomPlayerConfig
-2050318157,Checkers,0,GAME_OVER,46,45,2,1741,2,RandomPlayerConfig,2,1,1,RandomPlayerConfig
-1472310679,Checkers,0,GAME_OVER,92,91,2,1742,1,RandomPlayerConfig,1,2,2,RandomPlayerConfig
-675113620,Checkers,0,GAME_OVER,45,44,2,1743,1,RandomPlayerConfig,1,2,2,RandomPlayerConfig
1326482106,Checkers,0,GAME_OVER,71,70,2,1744,1,RandomPlayerConfig,1,2,2,RandomPlayerConfig
369909724,Checkers,0,GAME_OVER,52,51,2,1745,1,RandomPlayerConfig,1,2,2,RandomPlayerConfig
-2058174646,Checkers,0,GAME_OVER,47,46,2,1746,1,RandomPlayerConfig,1,2,2,RandomPlayerConfig
660350641,Checkers,0,GAME_OVER,78,77,2,1747,2,RandomPlayerConfig,2,1,1,RandomPlayerConfig
-2044419473,Checkers,0,GAME_OVER,43,42,2,1748,2,RandomPlayerConfig,2,1,1,RandomPlayerConfig
-771489131,Checkers,0,GAME_OVER,63,62,2,1749,1,RandomPlayerConfig,1,2,2,RandomPlayerConfig
-463306565,Checkers,0,GAME_OVER,45,44,2,1750,2,RandomPlayerConfig,2,1,1,RandomPlayerConfig
-1315467628,Checkers,0,GAME_OVER,51,50,2,1751,2,RandomPlayerConfig,2,1,1,RandomPlayerConfig
-1947271423,Checkers,0,GAME_OVER,43,42,2,1752,2,RandomPlayerConfig,2,1,1,RandomPlayerConfig
-471702798,Checkers,0,GAME_OVER,36,35,2,1753,2,RandomPlayerConfig,2,1,1,RandomPlayerConfig
2135529886,Checkers,0,GAME_OVER,38,37,2,1754,2,RandomPlayerConfig,2,1,1,RandomPlayerConfig
1013480379,Checkers,0,GAME_OVER,43,42,2,1755,2,RandomPlayerConfig,2,1,1,RandomPlayerConfig
1929455196,Checkers,0,GAME_OVER,74,73,2,1756,2,RandomPlayerConfig,2,1,1,RandomPlayerConfig
-921817392,Checkers,0,GAME_OVER,48,47,2,1757,2,RandomPlayerConfig,2,1,1,RandomPlayerConfig
-1140199565,Checkers,0,GAME_OVER,43,42,2,1758,2,RandomPlayerConfig,2,1,1,RandomPlayerConfig
1777623362,Checkers,0,GAME_OVER,36,35,2,1759,2,RandomPlayerConfig,2,1,1,RandomPlayerConfig
-263668374,Checkers,0,GAME_OVER,52,51,2,1760,2,RandomPlayerConfig,2,1,1,RandomPlayerConfig
-1449381318,Checkers,0,GAME_OVER,37,36,2,1761,1,RandomPlayerConfig,1,2,2,RandomPlayerConfig
1242091244,Checkers,0,GAME_OVER,59,58,2,1762,2,RandomPlayerConfig,2,1,1,RandomPlayerConfig
-2125405763,Checkers,0,GAME_OVER,39,38,2,1763,1,RandomPlayerConfig,1,2,2,RandomPlayerConfig
133736649,Checkers,0,GAME_OVER,58,57,2,1764,1,RandomPlayerConfig,1,2,2,RandomPlayerConfig
269968398,Checkers,0,GAME_OVER,31,30,2,1765,2,RandomPlayerConfig,2,1,1,RandomPlayerConfig
-54024768,Checkers,0,GAME_OVER,39,38,2,1766,2,RandomPlayerConfig,2,1,1,RandomPlayerConfig
-1383111044,Checkers,0,GAME_OVER,36,35,2,1767,2,RandomPlayerConfig,2,1,1,RandomPlayerConfig
-1173386049,Checkers,0,GAME_OVER,42,41,2,1768,1,RandomPlayerConfig,1,2,2,RandomPlayerConfig
-1029007137,Checkers,0,GAME_OVER,56,55,2,1769,1,RandomPlayerConfig,1,2,2,RandomPlayerConfig
1536034239,Checkers,0,GAME_OVER,50,49,2,1770,2,RandomPlayerConfig,2,1,1,RandomPlayerConfig
374630160,Checkers,0,GAME_OVER,46,45,2,1771,2,RandomPlayerConfig,2,1,1,RandomPlayerConfig
-894314390,Checkers,0,GAME_OVER,39,38,2,1772,2,RandomPlayerConfig,2,1,1,RandomPlayerConfig
1668808733,Checkers,0,GAME_OVER,41,40,2,1773,1,RandomPlayerConfig,1,2,2,RandomPlayerConfig
373835046,Checkers,0,GAME_OVER,52,51,2,1774,2,RandomPlayerConfig,2,1,1,RandomPlayerConfig
1276978446,Checkers,0,GAME_OVER,43,42,2,1775,2,RandomPlayerConfig,2,1,1,RandomPlayerConfig
-1824731077,Checkers,0,GAME_OVER,44,43,2,1776,1,RandomPlayerConfig,1,2,2,RandomPlayerConfig
-871837837,Checkers,0,GAME_OVER,68,67,2,1777,1,RandomPlayerConfig,1,2,2,RandomPlayerConfig
4149300,Checkers,0,GAME_OVER,69,68,2,1778,1,RandomPlayerConfig,1,2,2,RandomPlayerConfig
-1153507310,Checkers,0,GAME_OVER,40,39,2,1779,2,RandomPlayerConfig,2,1,1,RandomPlayerConfig
-1386525787,Checkers,0,GAME_OVER,52,51,2,1780,1,RandomPlayerConfig,1,2,2,RandomPlayerConfig
-2122203024,Checkers,0,GAME_OVER,50,49,2,1781,2,RandomPlayerConfig,2,1,1,RandomPlayerConfig
-1098678276,Checkers,0,GAME_OVER,29,28,2,1782,2,RandomPlayerConfig,2,1,1,RandomPlayerConfig
-808008185,Checkers,0,GAME_OVER,46,45,2,1783,1,RandomPlayerConfig,1,2,2,RandomPlayerConfig
1220286992,Checkers,0,GAME_OVER,41,40,2,1784,1,RandomPlayerConfig,1,2,2,RandomPlayerConfig
-1158724504,Checkers,0,GAME_OVER,42,41,2,1785,2,RandomPlayerConfig,2,1,1,RandomPlayerConfig
2066582140,Checkers,0,GAME_OVER,50,49,2,1786,2,RandomPlayerConfig,2,1,1,RandomPlayerConfig
1251091364,Checkers,0,GAME_OVER,64,63,2,1787,1,RandomPlayerConfig,1,2,2,RandomPlayerConfig
1368736531,Checkers,0,GAME_OVER,42,41,2,1788,2,RandomPlayerConfig,2,1,1,RandomPlayerConfig
-87649636,Checkers,0,GAME_OVER,39,38,2,1789,2,RandomPlayerConfig,2,1,1,RandomPlayerConfig
1966465007,Checkers,0,GAME_OVER,36,35,2,1790,1,RandomPlayerConfig,1,2,2,RandomPlayerConfig
-559244999,Checkers,0,GAME_OVER,58,57,2,1791,1,RandomPlayerConfig,1,2,2,RandomPlayerConfig
-383871517,Checkers,0,GAME_OVER,59,58,2,1792,1,RandomPlayerConfig,1,2,2,RandomPlayerConfig
1323758744,Checkers,0,GAME_OVER,66,65,2,1793,1,RandomPlayerConfig,1,2,2,RandomPlayerConfig
-1881929377,Checkers,0,GAME_OVER,72,71,2,1794,2,RandomPlayerConfig,2,1,1,RandomPlayerConfig
1961514923,Checkers,0,GAME_OVER,46,45,2,1795,1,RandomPlayerConfig,1,2,2,RandomPlayerConfig
1960918021,Checkers,0,GAME_OVER,46,45,2,1796,2,RandomPlayerConfig,2,1,1,RandomPlayerConfig
-1455885092,Checkers,0,GAME_OVER,57,56,2,1797,1,RandomPlayerConfig,1,2,2,RandomPlayerConfig
1230822525,Checkers,0,GAME_OVER,50,49,2,1798,2,RandomPlayerConfig,2,1,1,RandomPlayerConfig
-1974949444,Checkers,0,GAME_OVER,71,70,2,1799,1,RandomPlayerConfig,1,2,2,RandomPlayerConfig
224478027,Checkers,0,GAME_OVER,39,38,2,1800,2,RandomPlayerConfig,2,1,1,RandomPlayerConfig
348083134,Checkers,0,GAME_OVER,64,63,2,1801,2,RandomPlayerConfig,2,1,1,RandomPlayerConfig
