GameSeed,GameName,Round,Event,Tick,Turn,PlayerCount,GameID,Player-1 rank,PlayerName-0,Player-1,Player-0,Player-0 rank,PlayerName-1
1166650141,Checkers,0,GAME_OVER,109,108,2,2,1,MCTS_CheckersHeuristic,1,1,1,MCTS_CheckersHeuristic
109161956,Checkers,0,GAME_OVER,56,55,2,3,1,MCTS_CheckersHeuristic,1,2,2,MCTS_CheckersHeuristic
-857986891,Checkers,0,GAME_OVER,135,134,2,4,1,MCTS_CheckersHeuristic,1,1,1,MCTS_CheckersHeuristic
-689553493,Checkers,0,GAME_OVER,46,45,2,5,1,MCTS_CheckersHeuristic,1,2,2,MCTS_CheckersHeuristic
-344928737,Checkers,0,GAME_OVER,127,126,2,6,1,MCTS_CheckersHeuristic,1,1,1,MCTS_CheckersHeuristic
-1478639398,Checkers,0,GAME_OVER,63,62,2,7,1,MCTS_CheckersHeuristic,1,2,2,MCTS_CheckersHeuristic
-785190759,Checkers,0,GAME_OVER,53,52,2,8,2,MCTS_CheckersHeuristic,2,1,1,MCTS_CheckersHeuristic
-394730578,Checkers,0,GAME_OVER,83,82,2,9,1,MCTS_CheckersHeuristic,1,2,2,MCTS_CheckersHeuristic
-2096522261,Checkers,0,GAME_OVER,53,52,2,10,2,MCTS_CheckersHeuristic,2,1,1,MCTS_CheckersHeuristic
890111067,Checkers,0,GAME_OVER,96,95,2,11,2,MCTS_CheckersHeuristic,2,1,1,MCTS_CheckersHeuristic
-1706908548,Checkers,0,GAME_OVER,55,54,2,12,2,MCTS_CheckersHeuristic,2,1,1,MCTS_CheckersHeuristic
-933531553,Checkers,0,GAME_OVER,157,156,2,13,1,MCTS_CheckersHeuristic,1,1,1,MCTS_CheckersHeuristic
-465708335,Checkers,0,GAME_OVER,70,69,2,14,1,MCTS_CheckersHeuristic,1,2,2,MCTS_CheckersHeuristic
1551619903,Checkers,0,GAME_OVER,77,76,2,15,2,MCTS_CheckersHeuristic,2,1,1,MCTS_CheckersHeuristic
-1433127224,Checkers,0,GAME_OVER,151,150,2,16,1,MCTS_CheckersHeuristic,1,1,1,MCTS_CheckersHeuristic
2047594833,Checkers,0,GAME_OVER,70,69,2,17,1,MCTS_CheckersHeuristic,1,2,2,MCTS_CheckersHeuristic
363113990,Checkers,0,GAME_OVER,107,106,2,18,1,MCTS_CheckersHeuristic,1,1,1,MCTS_CheckersHeuristic
514727295,Checkers,0,GAME_OVER,77,76,2,19,1,MCTS_CheckersHeuristic,1,2,2,MCTS_CheckersHeuristic
1986308210,Checkers,0,GAME_OVER,70,69,2,20,2,MCTS_CheckersHeuristic,2,1,1,MCTS_CheckersHeuristic
-1645304530,Checkers,0,GAME_OVER,54,53,2,21,2,MCTS_CheckersHeuristic,2,1,1,MCTS_CheckersHeuristic
-721914184,Checkers,0,GAME_OVER,60,59,2,22,2,MCTS_CheckersHeuristic,2,1,1,MCTS_CheckersHeuristic
-1490940497,Checkers,0,GAME_OVER,165,164,2,23,1,MCTS_CheckersHeuristic,1,1,1,MCTS_CheckersHeuristic
1850286630,Checkers,0,GAME_OVER,48,47,2,24,1,MCTS_CheckersHeuristic,1,2,2,MCTS_CheckersHeuristic
-1144868645,Checkers,0,GAME_OVER,56,55,2,25,1,MCTS_CheckersHeuristic,1,2,2,MCTS_CheckersHeuristic
1625371234,Checkers,0,GAME_OVER,78,77,2,26,1,MCTS_CheckersHeuristic,1,2,2,MCTS_CheckersHeuristic
-710618420,Checkers,0,GAME_OVER,105,104,2,27,1,MCTS_CheckersHeuristic,1,1,1,MCTS_CheckersHeuristic
442428611,Checkers,0,GAME_OVER,47,46,2,28,1,MCTS_CheckersHeuristic,1,2,2,MCTS_CheckersHeuristic
-1841962791,Checkers,0,GAME_OVER,97,96,2,29,1,MCTS_CheckersHeuristic,1,1,1,MCTS_CheckersHeuristic
987097697,Checkers,0,GAME_OVER,80,79,2,30,2,MCTS_CheckersHeuristic,2,1,1,MCTS_CheckersHeuristic
-1979775432,Checkers,0,GAME_OVER,73,72,2,31,1,MCTS_CheckersHeuristic,1,2,2,MCTS_CheckersHeuristic
1436417290,Checkers,0,GAME_OVER,46,45,2,32,1,MCTS_CheckersHeuristic,1,2,2,MCTS_CheckersHeuristic
1686011118,Checkers,0,GAME_OVER,133,132,2,33,1,MCTS_CheckersHeuristic,1,1,1,MCTS_CheckersHeuristic
-1460860730,Checkers,0,GAME_OVER,56,55,2,34,2,MCTS_CheckersHeuristic,2,1,1,MCTS_CheckersHeuristic
558843393,Checkers,0,GAME_OVER,44,43,2,35,1,MCTS_CheckersHeuristic,1,2,2,MCTS_CheckersHeuristic
-1893988719,Checkers,0,GAME_OVER,64,63,2,36,2,MCTS_CheckersHeuristic,2,1,1,MCTS_CheckersHeuristic
400650756,Checkers,0,GAME_OVER,48,47,2,37,2,MCTS_CheckersHeuristic,2,1,1,MCTS_CheckersHeuristic
-996366740,Checkers,0,GAME_OVER,69,68,2,38,2,MCTS_CheckersHeuristic,2,1,1,MCTS_CheckersHeuristic
-696161431,Checkers,0,GAME_OVER,110,109,2,39,1,MCTS_CheckersHeuristic,1,1,1,MCTS_CheckersHeuristic
-1317451267,Checkers,0,GAME_OVER,71,70,2,40,1,MCTS_CheckersHeuristic,1,2,2,MCTS_CheckersHeuristic
-1372006832,Checkers,0,GAME_OVER,65,64,2,41,2,MCTS_CheckersHeuristic,2,1,1,MCTS_CheckersHeuristic
-1981209011,Checkers,0,GAME_OVER,55,54,2,42,1,MCTS_CheckersHeuristic,1,2,2,MCTS_CheckersHeuristic
572794274,Checkers,0,GAME_OVER,153,152,2,43,1,MCTS_CheckersHeuristic,1,1,1,MCTS_CheckersHeuristic
2123338351,Checkers,0,GAME_OVER,49,48,2,44,2,MCTS_CheckersHeuristic,2,1,1,MCTS_CheckersHeuristic
-971240522,Checkers,0,GAME_OVER,63,62,2,45,1,MCTS_CheckersHeuristic,1,2,2,MCTS_CheckersHeuristic
-476990959,Checkers,0,GAME_OVER,61,60,2,46,2,MCTS_CheckersHeuristic,2,1,1,MCTS_CheckersHeuristic
297204952,Checkers,0,GAME_OVER,82,81,2,47,2,MCTS_CheckersHeuristic,2,1,1,MCTS_CheckersHeuristic
302978622,Checkers,0,GAME_OVER,66,65,2,48,1,MCTS_CheckersHeuristic,1,2,2,MCTS_CheckersHeuristic
1736254571,Checkers,0,GAME_OVER,39,38,2,49,1,MCTS_CheckersHeuristic,1,2,2,MCTS_CheckersHeuristic
833580007,Checkers,0,GAME_OVER,57,56,2,50,1,MCTS_CheckersHeuristic,1,2,2,MCTS_CheckersHeuristic
1738998133,Checkers,0,GAME_OVER,53,52,2,51,1,MCTS_CheckersHeuristic,1,2,2,MCTS_CheckersHeuristic
272379623,Checkers,0,GAME_OVER,123,122,2,52,1,MCTS_CheckersHeuristic,1,1,1,MCTS_CheckersHeuristic
-1968869925,Checkers,0,GAME_OVER,49,48,2,53,2,MCTS_CheckersHeuristic,2,1,1,MCTS_CheckersHeuristic
1781885336,Checkers,0,GAME_OVER,62,61,2,54,1,MCTS_CheckersHeuristic,1,2,2,MCTS_CheckersHeuristic
1003531168,Checkers,0,GAME_OVER,148,147,2,55,1,MCTS_CheckersHeuristic,1,1,1,MCTS_CheckersHeuristic
834411585,Checkers,0,GAME_OVER,105,104,2,56,1,MCTS_CheckersHeuristic,1,1,1,MCTS_CheckersHeuristic
-1581955635,Checkers,0,GAME_OVER,41,40,2,57,2,MCTS_CheckersHeuristic,2,1,1,MCTS_CheckersHeuristic
856476889,Checkers,0,GAME_OVER,50,49,2,58,2,MCTS_CheckersHeuristic,2,1,1,MCTS_CheckersHeuristic
-1665028347,Checkers,0,GAME_OVER,52,51,2,59,2,MCTS_CheckersHeuristic,2,1,1,MCTS_CheckersHeuristic
1099843316,Checkers,0,GAME_OVER,80,79,2,60,2,MCTS_CheckersHeuristic,2,1,1,MCTS_CheckersHeuristic
-2006344251,Checkers,0,GAME_OVER,52,51,2,61,1,MCTS_CheckersHeuristic,1,2,2,MCTS_CheckersHeuristic
1164545248,Checkers,0,GAME_OVER,46,45,2,62,1,MCTS_CheckersHeuristic,1,2,2,MCTS_CheckersHeuristic
878560987,Checkers,0,GAME_OVER,49,48,2,63,2,MCTS_CheckersHeuristic,2,1,1,MCTS_CheckersHeuristic
-768428501,Checkers,0,GAME_OVER,118,117,2,64,1,MCTS_CheckersHeuristic,1,1,1,MCTS_CheckersHeuristic
-852766551,Checkers,0,GAME_OVER,49,48,2,65,1,MCTS_CheckersHeuristic,1,2,2,MCTS_CheckersHeuristic
-290863815,Checkers,0,GAME_OVER,50,49,2,66,1,MCTS_CheckersHeuristic,1,2,2,MCTS_CheckersHeuristic
1261813282,Checkers,0,GAME_OVER,55,54,2,67,2,MCTS_CheckersHeuristic,2,1,1,MCTS_CheckersHeuristic
1909828744,Checkers,0,GAME_OVER,46,45,2,68,2,MCTS_CheckersHeuristic,2,1,1,MCTS_CheckersHeuristic
1603710631,Checkers,0,GAME_OVER,70,69,2,69,2,MCTS_CheckersHeuristic,2,1,1,MCTS_CheckersHeuristic
-1780834855,Checkers,0,GAME_OVER,87,86,2,70,1,MCTS_CheckersHeuristic,1,2,2,MCTS_CheckersHeuristic
1427126317,Checkers,0,GAME_OVER,58,57,2,71,1,MCTS_CheckersHeuristic,1,2,2,MCTS_CheckersHeuristic
-1234984872,Checkers,0,GAME_OVER,54,53,2,72,1,MCTS_CheckersHeuristic,1,2,2,MCTS_CheckersHeuristic
-1914313899,Checkers,0,GAME_OVER,57,56,2,73,1,MCTS_CheckersHeuristic,1,2,2,MCTS_CheckersHeuristic
454762611,Checkers,0,GAME_OVER,78,77,2,74,1,MCTS_CheckersHeuristic,1,2,2,MCTS_CheckersHeuristic
-619184801,Checkers,0,GAME_OVER,142,141,2,75,1,MCTS_CheckersHeuristic,1,1,1,MCTS_CheckersHeuristic
1223164680,Checkers,0,GAME_OVER,51,50,2,76,2,MCTS_CheckersHeuristic,2,1,1,MCTS_CheckersHeuristic
2054363673,Checkers,0,GAME_OVER,51,50,2,77,1,MCTS_CheckersHeuristic,1,2,2,MCTS_CheckersHeuristic
-1866035446,Checkers,0,GAME_OVER,93,92,2,78,1,MCTS_CheckersHeuristic,1,2,2,MCTS_CheckersHeuristic
-2061774791,Checkers,0,GAME_OVER,58,57,2,79,1,MCTS_CheckersHeuristic,1,2,2,MCTS_CheckersHeuristic
114068438,Checkers,0,GAME_OVER,70,69,2,80,2,MCTS_CheckersHeuristic,2,1,1,MCTS_CheckersHeuristic
381060298,Checkers,0,GAME_OVER,53,52,2,81,1,MCTS_CheckersHeuristic,1,2,2,MCTS_CheckersHeuristic
-355135545,Checkers,0,GAME_OVER,110,109,2,82,1,MCTS_CheckersHeuristic,1,1,1,MCTS_CheckersHeuristic
-544731501,Checkers,0,GAME_OVER,74,73,2,83,1,MCTS_CheckersHeuristic,1,2,2,MCTS_CheckersHeuristic
917895627,Checkers,0,GAME_OVER,49,48,2,84,1,MCTS_CheckersHeuristic,1,2,2,MCTS_CheckersHeuristic
1618389143,Checkers,0,GAME_OVER,66,65,2,85,1,MCTS_CheckersHeuristic,1,2,2,MCTS_CheckersHeuristic
-1736785397,Checkers,0,GAME_OVER,72,71,2,86,2,MCTS_CheckersHeuristic,2,1,1,MCTS_CheckersHeuristic
2005050153,Checkers,0,GAME_OVER,89,88,2,87,1,MCTS_CheckersHeuristic,1,2,2,MCTS_CheckersHeuristic
-1189707545,Checkers,0,GAME_OVER,44,43,2,88,2,MCTS_CheckersHeuristic,2,1,1,MCTS_CheckersHeuristic
1647154471,Checkers,0,GAME_OVER,122,121,2,89,2,MCTS_CheckersHeuristic,2,1,1,MCTS_CheckersHeuristic
-1409642296,Checkers,0,GAME_OVER,129,128,2,90,1,MCTS_CheckersHeuristic,1,1,1,MCTS_CheckersHeuristic
-166327463,Checkers,0,GAME_OVER,66,65,2,91,1,MCTS_CheckersHeuristic,1,2,2,MCTS_CheckersHeuristic
-1990371682,Checkers,0,GAME_OVER,126,125,2,92,1,MCTS_CheckersHeuristic,1,1,1,MCTS_CheckersHeuristic
-9967102,Checkers,0,GAME_OVER,45,44,2,93,1,MCTS_CheckersHeuristic,1,2,2,MCTS_CheckersHeuristic
-299674100,Checkers,0,GAME_OVER,69,68,2,94,2,MCTS_CheckersHeuristic,2,1,1,MCTS_CheckersHeuristic
-18844374,Checkers,0,GAME_OVER,95,94,2,95,1,MCTS_CheckersHeuristic,1,1,1,MCTS_CheckersHeuristic
120459651,Checkers,0,GAME_OVER,54,53,2,96,2,MCTS_CheckersHeuristic,2,1,1,MCTS_CheckersHeuristic
860114479,Checkers,0,GAME_OVER,50,49,2,97,2,MCTS_CheckersHeuristic,2,1,1,MCTS_CheckersHeuristic
-2092751906,Checkers,0,GAME_OVER,47,46,2,98,1,MCTS_CheckersHeuristic,1,2,2,MCTS_CheckersHeuristic
-91735664,Checkers,0,GAME_OVER,54,53,2,99,2,MCTS_CheckersHeuristic,2,1,1,MCTS_CheckersHeuristic
2122436674,Checkers,0,GAME_OVER,104,103,2,100,1,MCTS_CheckersHeuristic,1,2,2,MCTS_CheckersHeuristic
1350581789,Checkers,0,GAME_OVER,57,56,2,101,2,MCTS_CheckersHeuristic,2,1,1,MCTS_CheckersHeuristic
935708237,Checkers,0,GAME_OVER,46,45,2,102,1,MCTS_CheckersHeuristic,1,2,2,MCTS_CheckersHeuristic
1636251373,Checkers,0,GAME_OVER,54,53,2,103,2,MCTS_CheckersHeuristic,2,1,1,MCTS_CheckersHeuristic
-1656792108,Checkers,0,GAME_OVER,121,120,2,104,1,MCTS_CheckersHeuristic,1,1,1,MCTS_CheckersHeuristic
1642681286,Checkers,0,GAME_OVER,57,56,2,105,2,MCTS_CheckersHeuristic,2,1,1,MCTS_CheckersHeuristic
275829445,Checkers,0,GAME_OVER,54,53,2,106,2,MCTS_CheckersHeuristic,2,1,1,MCTS_CheckersHeuristic
351457243,Checkers,0,GAME_OVER,47,46,2,107,2,MCTS_CheckersHeuristic,2,1,1,MCTS_CheckersHeuristic
-1007240979,Checkers,0,GAME_OVER,64,63,2,108,2,MCTS_CheckersHeuristic,2,1,1,MCTS_CheckersHeuristic
-1109889775,Checkers,0,GAME_OVER,47,46,2,109,1,MCTS_CheckersHeuristic,1,2,2,MCTS_CheckersHeuristic
-696199004,Checkers,0,GAME_OVER,69,68,2,110,1,MCTS_CheckersHeuristic,1,2,2,MCTS_CheckersHeuristic
1627296296,Checkers,0,GAME_OVER,69,68,2,111,2,MCTS_CheckersHeuristic,2,1,1,MCTS_CheckersHeuristic
-381690697,Checkers,0,GAME_OVER,162,161,2,112,1,MCTS_CheckersHeuristic,1,1,1,MCTS_CheckersHeuristic
-1714531209,Checkers,0,GAME_OVER,106,105,2,113,1,MCTS_CheckersHeuristic,1,1,1,MCTS_CheckersHeuristic
1611695884,Checkers,0,GAME_OVER,58,57,2,114,1,MCTS_CheckersHeuristic,1,2,2,MCTS_CheckersHeuristic
877906465,Checkers,0,GAME_OVER,104,103,2,115,1,MCTS_CheckersHeuristic,1,2,2,MCTS_CheckersHeuristic
-1828489019,Checkers,0,GAME_OVER,70,69,2,116,2,MCTS_CheckersHeuristic,2,1,1,MCTS_CheckersHeuristic
849334249,Checkers,0,GAME_OVER,65,64,2,117,1,MCTS_CheckersHeuristic,1,2,2,MCTS_CheckersHeuristic
-1301554182,Checkers,0,GAME_OVER,81,80,2,118,2,MCTS_CheckersHeuristic,2,1,1,MCTS_CheckersHeuristic
943228435,Checkers,0,GAME_OVER,44,43,2,119,1,MCTS_CheckersHeuristic,1,2,2,MCTS_CheckersHeuristic
-504360382,Checkers,0,GAME_OVER,67,66,2,120,2,MCTS_CheckersHeuristic,2,1,1,MCTS_CheckersHeuristic
1545157105,Checkers,0,GAME_OVER,84,83,2,121,2,MCTS_CheckersHeuristic,2,1,1,MCTS_CheckersHeuristic
-1954631529,Checkers,0,GAME_OVER,90,89,2,122,1,MCTS_CheckersHeuristic,1,1,1,MCTS_CheckersHeuristic
-601567730,Checkers,0,GAME_OVER,49,48,2,123,2,MCTS_CheckersHeuristic,2,1,1,MCTS_CheckersHeuristic
-255010712,Checkers,0,GAME_OVER,52,51,2,124,2,MCTS_CheckersHeuristic,2,1,1,MCTS_CheckersHeuristic
-824178409,Checkers,0,GAME_OVER,87,86,2,125,1,MCTS_CheckersHeuristic,1,2,2,MCTS_CheckersHeuristic
-1297140018,Checkers,0,GAME_OVER,45,44,2,126,1,MCTS_CheckersHeuristic,1,2,2,MCTS_CheckersHeuristic
739054572,Checkers,0,GAME_OVER,58,57,2,127,2,MCTS_CheckersHeuristic,2,1,1,MCTS_CheckersHeuristic
-1367413192,Checkers,0,GAME_OVER,127,126,2,128,1,MCTS_CheckersHeuristic,1,1,1,MCTS_CheckersHeuristic
-958731899,Checkers,0,GAME_OVER,63,62,2,129,1,MCTS_CheckersHeuristic,1,2,2,MCTS_CheckersHeuristic
-848675810,Checkers,0,GAME_OVER,133,132,2,130,1,MCTS_CheckersHeuristic,1,1,1,MCTS_CheckersHeuristic
-946528367,Checkers,0,GAME_OVER,51,50,2,131,1,MCTS_CheckersHeuristic,1,2,2,MCTS_CheckersHeuristic
-1515381913,Checkers,0,GAME_OVER,81,80,2,132,1,MCTS_CheckersHeuristic,1,2,2,MCTS_CheckersHeuristic
-842052371,Checkers,0,GAME_OVER,96,95,2,133,1,MCTS_CheckersHeuristic,1,2,2,MCTS_CheckersHeuristic
-1850718800,Checkers,0,GAME_OVER,48,47,2,134,1,MCTS_CheckersHeuristic,1,2,2,MCTS_CheckersHeuristic
1775172467,Checkers,0,GAME_OVER,52,51,2,135,2,MCTS_CheckersHeuristic,2,1,1,MCTS_CheckersHeuristic
-751232873,Checkers,0,GAME_OVER,49,48,2,136,1,MCTS_CheckersHeuristic,1,2,2,MCTS_CheckersHeuristic
1601017002,Checkers,0,GAME_OVER,90,89,2,137,1,MCTS_CheckersHeuristic,1,1,1,MCTS_CheckersHeuristic
-1638934101,Checkers,0,GAME_OVER,51,50,2,138,2,MCTS_CheckersHeuristic,2,1,1,MCTS_CheckersHeuristic
-916609700,Checkers,0,GAME_OVER,50,49,2,139,2,MCTS_CheckersHeuristic,2,1,1,MCTS_CheckersHeuristic
746908358,Checkers,0,GAME_OVER,102,101,2,140,1,MCTS_CheckersHeuristic,1,1,1,MCTS_CheckersHeuristic
1274231333,Checkers,0,GAME_OVER,56,55,2,141,2,MCTS_CheckersHeuristic,2,1,1,MCTS_CheckersHeuristic
510298567,Checkers,0,GAME_OVER,66,65,2,142,2,MCTS_CheckersHeuristic,2,1,1,MCTS_CheckersHeuristic
-670333074,Checkers,0,GAME_OVER,127,126,2,143,1,MCTS_CheckersHeuristic,1,1,1,MCTS_CheckersHeuristic
-353500661,Checkers,0,GAME_OVER,61,60,2,144,1,MCTS_CheckersHeuristic,1,2,2,MCTS_CheckersHeuristic
-551773830,Checkers,0,GAME_OVER,89,88,2,145,2,MCTS_CheckersHeuristic,2,1,1,MCTS_CheckersHeuristic
-1582853344,Checkers,0,GAME_OVER,52,51,2,146,2,MCTS_CheckersHeuristic,2,1,1,MCTS_CheckersHeuristic
2069953895,Checkers,0,GAME_OVER,89,88,2,147,1,MCTS_CheckersHeuristic,1,2,2,MCTS_CheckersHeuristic
844042110,Checkers,0,GAME_OVER,85,84,2,148,1,MCTS_CheckersHeuristic,1,2,2,MCTS_CheckersHeuristic
1083589210,Checkers,0,GAME_OVER,50,49,2,149,2,MCTS_CheckersHeuristic,2,1,1,MCTS_CheckersHeuristic
1162880844,Checkers,0,GAME_OVER,50,49,2,150,2,MCTS_CheckersHeuristic,2,1,1,MCTS_CheckersHeuristic
768043558,Checkers,0,GAME_OVER,94,93,2,151,1,MCTS_CheckersHeuristic,1,1,1,MCTS_CheckersHeuristic
2146748024,Checkers,0,GAME_OVER,147,146,2,152,1,MCTS_CheckersHeuristic,1,1,1,MCTS_CheckersHeuristic
-877137102,Checkers,0,GAME_OVER,66,65,2,153,1,MCTS_CheckersHeuristic,1,2,2,MCTS_CheckersHeuristic
-910249297,Checkers,0,GAME_OVER,50,49,2,154,2,MCTS_CheckersHeuristic,2,1,1,MCTS_CheckersHeuristic
-980835986,Checkers,0,GAME_OVER,179,178,2,155,1,MCTS_CheckersHeuristic,1,1,1,MCTS_CheckersHeuristic
1031863548,Checkers,0,GAME_OVER,92,91,2,156,1,MCTS_CheckersHeuristic,1,2,2,MCTS_CheckersHeuristic
743547533,Checkers,0,GAME_OVER,105,104,2,157,1,MCTS_CheckersHeuristic,1,1,1,MCTS_CheckersHeuristic
1816900621,Checkers,0,GAME_OVER,143,142,2,158,1,MCTS_CheckersHeuristic,1,1,1,MCTS_CheckersHeuristic
483043817,Checkers,0,GAME_OVER,91,90,2,159,2,MCTS_CheckersHeuristic,2,1,1,MCTS_CheckersHeuristic
1257955188,Checkers,0,GAME_OVER,48,47,2,160,1,MCTS_CheckersHeuristic,1,2,2,MCTS_CheckersHeuristic
2012560054,Checkers,0,GAME_OVER,64,63,2,161,2,MCTS_CheckersHeuristic,2,1,1,MCTS_CheckersHeuristic
494401888,Checkers,0,GAME_OVER,61,60,2,162,1,MCTS_CheckersHeuristic,1,2,2,MCTS_CheckersHeuristic
-6808722,Checkers,0,GAME_OVER,83,82,2,163,1,MCTS_CheckersHeuristic,1,2,2,MCTS_CheckersHeuristic
-1140708449,Checkers,0,GAME_OVER,52,51,2,164,2,MCTS_CheckersHeuristic,2,1,1,MCTS_CheckersHeuristic
-1263670368,Checkers,0,GAME_OVER,72,71,2,165,2,MCTS_CheckersHeuristic,2,1,1,MCTS_CheckersHeuristic
-960670229,Checkers,0,GAME_OVER,105,104,2,166,1,MCTS_CheckersHeuristic,1,1,1,MCTS_CheckersHeuristic
-1681023610,Checkers,0,GAME_OVER,50,49,2,167,1,MCTS_CheckersHeuristic,1,2,2,MCTS_CheckersHeuristic
-117004599,Checkers,0,GAME_OVER,102,101,2,168,2,MCTS_CheckersHeuristic,2,1,1,MCTS_CheckersHeuristic
-507496694,Checkers,0,GAME_OVER,102,101,2,169,2,MCTS_CheckersHeuristic,2,1,1,MCTS_CheckersHeuristic
-127130226,Checkers,0,GAME_OVER,50,49,2,170,1,MCTS_CheckersHeuristic,1,2,2,MCTS_CheckersHeuristic
1976781356,Checkers,0,GAME_OVER,88,87,2,171,1,MCTS_CheckersHeuristic,1,2,2,MCTS_CheckersHeuristic
96748349,Checkers,0,GAME_OVER,81,80,2,172,2,MCTS_CheckersHeuristic,2,1,1,MCTS_CheckersHeuristic
-1558439202,Checkers,0,GAME_OVER,48,47,2,173,1,MCTS_CheckersHeuristic,1,2,2,MCTS_CheckersHeuristic
1200435548,Checkers,0,GAME_OVER,65,64,2,174,1,MCTS_CheckersHeuristic,1,2,2,MCTS_CheckersHeuristic
1704523988,Checkers,0,GAME_OVER,60,59,2,175,1,MCTS_CheckersHeuristic,1,2,2,MCTS_CheckersHeuristic
-1655199496,Checkers,0,GAME_OVER,142,141,2,176,1,MCTS_CheckersHeuristic,1,1,1,MCTS_CheckersHeuristic
-958595622,Checkers,0,GAME_OVER,43,42,2,177,2,MCTS_CheckersHeuristic,2,1,1,MCTS_CheckersHeuristic
1931790698,Checkers,0,GAME_OVER,77,76,2,178,1,MCTS_CheckersHeuristic,1,2,2,MCTS_CheckersHeuristic
1691137454,Checkers,0,GAME_OVER,64,63,2,179,1,MCTS_CheckersHeuristic,1,2,2,MCTS_CheckersHeuristic
-649718369,Checkers,0,GAME_OVER,44,43,2,180,1,MCTS_CheckersHeuristic,1,2,2,MCTS_CheckersHeuristic
-2083962255,Checkers,0,GAME_OVER,108,107,2,181,1,MCTS_CheckersHeuristic,1,1,1,MCTS_CheckersHeuristic
-1062393879,Checkers,0,GAME_OVER,72,71,2,182,2,MCTS_CheckersHeuristic,2,1,1,MCTS_CheckersHeuristic
-1838487253,Checkers,0,GAME_OVER,48,47,2,183,1,MCTS_CheckersHeuristic,1,2,2,MCTS_CheckersHeuristic
521062321,Checkers,0,GAME_OVER,45,44,2,184,2,MCTS_CheckersHeuristic,2,1,1,MCTS_CheckersHeuristic
847094771,Checkers,0,GAME_OVER,127,126,2,185,1,MCTS_CheckersHeuristic,1,1,1,MCTS_CheckersHeuristic
-563383945,Checkers,0,GAME_OVER,73,72,2,186,1,MCTS_CheckersHeuristic,1,2,2,MCTS_CheckersHeuristic
346747839,Checkers,0,GAME_OVER,54,53,2,187,1,MCTS_CheckersHeuristic,1,2,2,MCTS_CheckersHeuristic
1988847872,Checkers,0,GAME_OVER,67,66,2,188,1,MCTS_CheckersHeuristic,1,2,2,MCTS_CheckersHeuristic
1863238123,Checkers,0,GAME_OVER,59,58,2,189,2,MCTS_CheckersHeuristic,2,1,1,MCTS_CheckersHeuristic
-1868306767,Checkers,0,GAME_OVER,58,57,2,190,1,MCTS_CheckersHeuristic,1,2,2,MCTS_CheckersHeuristic
-919387672,Checkers,0,GAME_OVER,57,56,2,191,2,MCTS_CheckersHeuristic,2,1,1,MCTS_CheckersHeuristic
1170746461,Checkers,0,GAME_OVER,58,57,2,192,1,MCTS_CheckersHeuristic,1,2,2,MCTS_CheckersHeuristic
-1196589625,Checkers,0,GAME_OVER,56,55,2,193,2,MCTS_CheckersHeuristic,2,1,1,MCTS_CheckersHeuristic
-504947956,Checkers,0,GAME_OVER,54,53,2,194,2,MCTS_CheckersHeuristic,2,1,1,MCTS_CheckersHeuristic
-1733550993,Checkers,0,GAME_OVER,43,42,2,195,2,MCTS_CheckersHeuristic,2,1,1,MCTS_CheckersHeuristic
-1001155950,Checkers,0,GAME_OVER,47,46,2,196,2,MCTS_CheckersHeuristic,2,1,1,MCTS_CheckersHeuristic
1585516222,Checkers,0,GAME_OVER,105,104,2,197,1,MCTS_CheckersHeuristic,1,1,1,MCTS_CheckersHeuristic
-134527771,Checkers,0,GAME_OVER,122,121,2,198,1,MCTS_CheckersHeuristic,1,1,1,MCTS_CheckersHeuristic
-428295954,Checkers,0,GAME_OVER,78,77,2,199,1,MCTS_CheckersHeuristic,1,2,2,MCTS_CheckersHeuristic
-2087646572,Checkers,0,GAME_OVER,48,47,2,200,2,MCTS_CheckersHeuristic,2,1,1,MCTS_CheckersHeuristic
-1900810258,Checkers,0,GAME_OVER,114,113,2,201,1,MCTS_CheckersHeuristic,1,1,1,MCTS_CheckersHeuristic
1166650141,Checkers,0,GAME_OVER,173,172,2,202,1,MCTS_CheckersHeuristic,1,1,1,OSLA
109161956,Checkers,0,GAME_OVER,113,112,2,203,1,MCTS_CheckersHeuristic,1,1,1,OSLA
-857986891,Checkers,0,GAME_OVER,52,51,2,204,2,MCTS_CheckersHeuristic,2,1,1,OSLA
-689553493,Checkers,0,GAME_OVER,102,101,2,205,2,MCTS_CheckersHeuristic,2,1,1,OSLA
-344928737,Checkers,0,GAME_OVER,58,57,2,206,2,MCTS_CheckersHeuristic,2,1,1,OSLA
-1478639398,Checkers,0,GAME_OVER,59,58,2,207,2,MCTS_CheckersHeuristic,2,1,1,OSLA
-785190759,Checkers,0,GAME_OVER,56,55,2,208,2,MCTS_CheckersHeuristic,2,1,1,OSLA
-394730578,Checkers,0,GAME_OVER,101,100,2,209,1,MCTS_CheckersHeuristic,1,1,1,OSLA
-2096522261,Checkers,0,GAME_OVER,52,51,2,210,2,MCTS_CheckersHeuristic,2,1,1,OSLA
890111067,Checkers,0,GAME_OVER,84,83,2,211,1,MCTS_CheckersHeuristic,1,1,1,OSLA
-1706908548,Checkers,0,GAME_OVER,100,99,2,212,1,MCTS_CheckersHeuristic,1,1,1,OSLA
-933531553,Checkers,0,GAME_OVER,62,61,2,213,2,MCTS_CheckersHeuristic,2,1,1,OSLA
-465708335,Checkers,0,GAME_OVER,62,61,2,214,2,MCTS_CheckersHeuristic,2,1,1,OSLA
1551619903,Checkers,0,GAME_OVER,53,52,2,215,2,MCTS_CheckersHeuristic,2,1,1,OSLA
-1433127224,Checkers,0,GAME_OVER,51,50,2,216,2,MCTS_CheckersHeuristic,2,1,1,OSLA
2047594833,Checkers,0,GAME_OVER,50,49,2,217,2,MCTS_CheckersHeuristic,2,1,1,OSLA
363113990,Checkers,0,GAME_OVER,59,58,2,218,2,MCTS_CheckersHeuristic,2,1,1,OSLA
514727295,Checkers,0,GAME_OVER,90,89,2,219,2,MCTS_CheckersHeuristic,2,1,1,OSLA
1986308210,Checkers,0,GAME_OVER,50,49,2,220,2,MCTS_CheckersHeuristic,2,1,1,OSLA
-1645304530,Checkers,0,GAME_OVER,58,57,2,221,2,MCTS_CheckersHeuristic,2,1,1,OSLA
-721914184,Checkers,0,GAME_OVER,52,51,2,222,2,MCTS_CheckersHeuristic,2,1,1,OSLA
-1490940497,Checkers,0,GAME_OVER,46,45,2,223,2,MCTS_CheckersHeuristic,2,1,1,OSLA
1850286630,Checkers,0,GAME_OVER,50,49,2,224,2,MCTS_CheckersHeuristic,2,1,1,OSLA
-1144868645,Checkers,0,GAME_OVER,65,64,2,225,2,MCTS_CheckersHeuristic,2,1,1,OSLA
1625371234,Checkers,0,GAME_OVER,60,59,2,226,2,MCTS_CheckersHeuristic,2,1,1,OSLA
-710618420,Checkers,0,GAME_OVER,51,50,2,227,2,MCTS_CheckersHeuristic,2,1,1,OSLA
442428611,Checkers,0,GAME_OVER,100,99,2,228,1,MCTS_CheckersHeuristic,1,1,1,OSLA
-1841962791,Checkers,0,GAME_OVER,53,52,2,229,2,MCTS_CheckersHeuristic,2,1,1,OSLA
987097697,Checkers,0,GAME_OVER,56,55,2,230,2,MCTS_CheckersHeuristic,2,1,1,OSLA
-1979775432,Checkers,0,GAME_OVER,47,46,2,231,2,MCTS_CheckersHeuristic,2,1,1,OSLA
1436417290,Checkers,0,GAME_OVER,61,60,2,232,2,MCTS_CheckersHeuristic,2,1,1,OSLA
1686011118,Checkers,0,GAME_OVER,67,66,2,233,2,MCTS_CheckersHeuristic,2,1,1,OSLA
-1460860730,Checkers,0,GAME_OVER,43,42,2,234,2,MCTS_CheckersHeuristic,2,1,1,OSLA
558843393,Checkers,0,GAME_OVER,43,42,2,235,2,MCTS_CheckersHeuristic,2,1,1,OSLA
-1893988719,Checkers,0,GAME_OVER,49,48,2,236,1,MCTS_CheckersHeuristic,1,2,2,OSLA
400650756,Checkers,0,GAME_OVER,53,52,2,237,2,MCTS_CheckersHeuristic,2,1,1,OSLA
-996366740,Checkers,0,GAME_OVER,63,62,2,238,2,MCTS_CheckersHeuristic,2,1,1,OSLA
-696161431,Checkers,0,GAME_OVER,71,70,2,239,2,MCTS_CheckersHeuristic,2,1,1,OSLA
-1317451267,Checkers,0,GAME_OVER,52,51,2,240,2,MCTS_CheckersHeuristic,2,1,1,OSLA
-1372006832,Checkers,0,GAME_OVER,48,47,2,241,2,MCTS_CheckersHeuristic,2,1,1,OSLA
-1981209011,Checkers,0,GAME_OVER,39,38,2,242,2,MCTS_CheckersHeuristic,2,1,1,OSLA
572794274,Checkers,0,GAME_OVER,51,50,2,243,2,MCTS_CheckersHeuristic,2,1,1,OSLA
2123338351,Checkers,0,GAME_OVER,45,44,2,244,2,MCTS_CheckersHeuristic,2,1,1,OSLA
-971240522,Checkers,0,GAME_OVER,47,46,2,245,2,MCTS_CheckersHeuristic,2,1,1,OSLA
-476990959,Checkers,0,GAME_OVER,44,43,2,246,2,MCTS_CheckersHeuristic,2,1,1,OSLA
297204952,Checkers,0,GAME_OVER,52,51,2,247,2,MCTS_CheckersHeuristic,2,1,1,OSLA
302978622,Checkers,0,GAME_OVER,54,53,2,248,2,MCTS_CheckersHeuristic,2,1,1,OSLA
1736254571,Checkers,0,GAME_OVER,47,46,2,249,2,MCTS_CheckersHeuristic,2,1,1,OSLA
833580007,Checkers,0,GAME_OVER,118,117,2,250,1,MCTS_CheckersHeuristic,1,1,1,OSLA
1738998133,Checkers,0,GAME_OVER,47,46,2,251,2,MCTS_CheckersHeuristic,2,1,1,OSLA
272379623,Checkers,0,GAME_OVER,52,51,2,252,2,MCTS_CheckersHeuristic,2,1,1,OSLA
-1968869925,Checkers,0,GAME_OVER,52,51,2,253,2,MCTS_CheckersHeuristic,2,1,1,OSLA
1781885336,Checkers,0,GAME_OVER,66,65,2,254,2,MCTS_CheckersHeuristic,2,1,1,OSLA
1003531168,Checkers,0,GAME_OVER,49,48,2,255,2,MCTS_CheckersHeuristic,2,1,1,OSLA
834411585,Checkers,0,GAME_OVER,47,46,2,256,1,MCTS_CheckersHeuristic,1,2,2,OSLA
-1581955635,Checkers,0,GAME_OVER,68,67,2,257,2,MCTS_CheckersHeuristic,2,1,1,OSLA
856476889,Checkers,0,GAME_OVER,73,72,2,258,2,MCTS_CheckersHeuristic,2,1,1,OSLA
-1665028347,Checkers,0,GAME_OVER,60,59,2,259,2,MCTS_CheckersHeuristic,2,1,1,OSLA
1099843316,Checkers,0,GAME_OVER,60,59,2,260,2,MCTS_CheckersHeuristic,2,1,1,OSLA
-2006344251,Checkers,0,GAME_OVER,59,58,2,261,2,MCTS_CheckersHeuristic,2,1,1,OSLA
1164545248,Checkers,0,GAME_OVER,67,66,2,262,2,MCTS_CheckersHeuristic,2,1,1,OSLA
878560987,Checkers,0,GAME_OVER,102,101,2,263,1,MCTS_CheckersHeuristic,1,1,1,OSLA
-768428501,Checkers,0,GAME_OVER,52,51,2,264,2,MCTS_CheckersHeuristic,2,1,1,OSLA
-852766551,Checkers,0,GAME_OVER,59,58,2,265,2,MCTS_CheckersHeuristic,2,1,1,OSLA
-290863815,Checkers,0,GAME_OVER,44,43,2,266,2,MCTS_CheckersHeuristic,2,1,1,OSLA
1261813282,Checkers,0,GAME_OVER,41,40,2,267,2,MCTS_CheckersHeuristic,2,1,1,OSLA
1909828744,Checkers,0,GAME_OVER,53,52,2,268,2,MCTS_CheckersHeuristic,2,1,1,OSLA
1603710631,Checkers,0,GAME_OVER,51,50,2,269,2,MCTS_CheckersHeuristic,2,1,1,OSLA
-1780834855,Checkers,0,GAME_OVER,66,65,2,270,2,MCTS_CheckersHeuristic,2,1,1,OSLA
1427126317,Checkers,0,GAME_OVER,57,56,2,271,2,MCTS_CheckersHeuristic,2,1,1,OSLA
-1234984872,Checkers,0,GAME_OVER,81,80,2,272,2,MCTS_CheckersHeuristic,2,1,1,OSLA
-1914313899,Checkers,0,GAME_OVER,53,52,2,273,2,MCTS_CheckersHeuristic,2,1,1,OSLA
454762611,Checkers,0,GAME_OVER,102,101,2,274,1,MCTS_CheckersHeuristic,1,1,1,OSLA
-619184801,Checkers,0,GAME_OVER,91,90,2,275,2,MCTS_CheckersHeuristic,2,1,1,OSLA
1223164680,Checkers,0,GAME_OVER,49,48,2,276,2,MCTS_CheckersHeuristic,2,1,1,OSLA
2054363673,Checkers,0,GAME_OVER,59,58,2,277,2,MCTS_CheckersHeuristic,2,1,1,OSLA
-1866035446,Checkers,0,GAME_OVER,67,66,2,278,2,MCTS_CheckersHeuristic,2,1,1,OSLA
-2061774791,Checkers,0,GAME_OVER,49,48,2,279,2,MCTS_CheckersHeuristic,2,1,1,OSLA
114068438,Checkers,0,GAME_OVER,130,129,2,280,2,MCTS_CheckersHeuristic,2,1,1,OSLA
381060298,Checkers,0,GAME_OVER,58,57,2,281,2,MCTS_CheckersHeuristic,2,1,1,OSLA
-355135545,Checkers,0,GAME_OVER,48,47,2,282,2,MCTS_CheckersHeuristic,2,1,1,OSLA
-544731501,Checkers,0,GAME_OVER,79,78,2,283,2,MCTS_CheckersHeuristic,2,1,1,OSLA
917895627,Checkers,0,GAME_OVER,57,56,2,284,2,MCTS_CheckersHeuristic,2,1,1,OSLA
1618389143,Checkers,0,GAME_OVER,47,46,2,285,2,MCTS_CheckersHeuristic,2,1,1,OSLA
-1736785397,Checkers,0,GAME_OVER,76,75,2,286,2,MCTS_CheckersHeuristic,2,1,1,OSLA
2005050153,Checkers,0,GAME_OVER,42,41,2,287,2,MCTS_CheckersHeuristic,2,1,1,OSLA
-1189707545,Checkers,0,GAME_OVER,53,52,2,288,2,MCTS_CheckersHeuristic,2,1,1,OSLA
1647154471,Checkers,0,GAME_OVER,74,73,2,289,2,MCTS_CheckersHeuristic,2,1,1,OSLA
-1409642296,Checkers,0,GAME_OVER,51,50,2,290,2,MCTS_CheckersHeuristic,2,1,1,OSLA
-166327463,Checkers,0,GAME_OVER,43,42,2,291,2,MCTS_CheckersHeuristic,2,1,1,OSLA
-1990371682,Checkers,0,GAME_OVER,65,64,2,292,2,MCTS_CheckersHeuristic,2,1,1,OSLA
-9967102,Checkers,0,GAME_OVER,52,51,2,293,2,MCTS_CheckersHeuristic,2,1,1,OSLA
-299674100,Checkers,0,GAME_OVER,46,45,2,294,2,MCTS_CheckersHeuristic,2,1,1,OSLA
-18844374,Checkers,0,GAME_OVER,53,52,2,295,2,MCTS_CheckersHeuristic,2,1,1,OSLA
120459651,Checkers,0,GAME_OVER,66,65,2,296,2,MCTS_CheckersHeuristic,2,1,1,OSLA
860114479,Checkers,0,GAME_OVER,52,51,2,297,2,MCTS_CheckersHeuristic,2,1,1,OSLA
-2092751906,Checkers,0,GAME_OVER,66,65,2,298,2,MCTS_CheckersHeuristic,2,1,1,OSLA
-91735664,Checkers,0,GAME_OVER,56,55,2,299,2,MCTS_CheckersHeuristic,2,1,1,OSLA
2122436674,Checkers,0,GAME_OVER,64,63,2,300,2,MCTS_CheckersHeuristic,2,1,1,OSLA
1350581789,Checkers,0,GAME_OVER,54,53,2,301,2,MCTS_CheckersHeuristic,2,1,1,OSLA
935708237,Checkers,0,GAME_OVER,54,53,2,302,2,MCTS_CheckersHeuristic,2,1,1,OSLA
1636251373,Checkers,0,GAME_OVER,86,85,2,303,2,MCTS_CheckersHeuristic,2,1,1,OSLA
-1656792108,Checkers,0,GAME_OVER,53,52,2,304,2,MCTS_CheckersHeuristic,2,1,1,OSLA
1642681286,Checkers,0,GAME_OVER,64,63,2,305,2,MCTS_CheckersHeuristic,2,1,1,OSLA
275829445,Checkers,0,GAME_OVER,62,61,2,306,2,MCTS_CheckersHeuristic,2,1,1,OSLA
351457243,Checkers,0,GAME_OVER,91,90,2,307,1,MCTS_CheckersHeuristic,1,1,1,OSLA
-1007240979,Checkers,0,GAME_OVER,65,64,2,308,2,MCTS_CheckersHeuristic,2,1,1,OSLA
-1109889775,Checkers,0,GAME_OVER,53,52,2,309,2,MCTS_CheckersHeuristic,2,1,1,OSLA
-696199004,Checkers,0,GAME_OVER,60,59,2,310,2,MCTS_CheckersHeuristic,2,1,1,OSLA
1627296296,Checkers,0,GAME_OVER,44,43,2,311,2,MCTS_CheckersHeuristic,2,1,1,OSLA
-381690697,Checkers,0,GAME_OVER,63,62,2,312,2,MCTS_CheckersHeuristic,2,1,1,OSLA
-1714531209,Checkers,0,GAME_OVER,81,80,2,313,2,MCTS_CheckersHeuristic,2,1,1,OSLA
1611695884,Checkers,0,GAME_OVER,42,41,2,314,2,MCTS_CheckersHeuristic,2,1,1,OSLA
877906465,Checkers,0,GAME_OVER,41,40,2,315,2,MCTS_CheckersHeuristic,2,1,1,OSLA
-1828489019,Checkers,0,GAME_OVER,90,89,2,316,1,MCTS_CheckersHeuristic,1,1,1,OSLA
849334249,Checkers,0,GAME_OVER,69,68,2,317,2,MCTS_CheckersHeuristic,2,1,1,OSLA
-1301554182,Checkers,0,GAME_OVER,58,57,2,318,2,MCTS_CheckersHeuristic,2,1,1,OSLA
943228435,Checkers,0,GAME_OVER,61,60,2,319,2,MCTS_CheckersHeuristic,2,1,1,OSLA
-504360382,Checkers,0,GAME_OVER,56,55,2,320,1,MCTS_CheckersHeuristic,1,2,2,OSLA
1545157105,Checkers,0,GAME_OVER,69,68,2,321,2,MCTS_CheckersHeuristic,2,1,1,OSLA
-1954631529,Checkers,0,GAME_OVER,92,91,2,322,1,MCTS_CheckersHeuristic,1,1,1,OSLA
-601567730,Checkers,0,GAME_OVER,48,47,2,323,2,MCTS_CheckersHeuristic,2,1,1,OSLA
-255010712,Checkers,0,GAME_OVER,58,57,2,324,2,MCTS_CheckersHeuristic,2,1,1,OSLA
-824178409,Checkers,0,GAME_OVER,48,47,2,325,2,MCTS_CheckersHeuristic,2,1,1,OSLA
-1297140018,Checkers,0,GAME_OVER,65,64,2,326,2,MCTS_CheckersHeuristic,2,1,1,OSLA
739054572,Checkers,0,GAME_OVER,76,75,2,327,2,MCTS_CheckersHeuristic,2,1,1,OSLA
-1367413192,Checkers,0,GAME_OVER,57,56,2,328,2,MCTS_CheckersHeuristic,2,1,1,OSLA
-958731899,Checkers,0,GAME_OVER,67,66,2,329,2,MCTS_CheckersHeuristic,2,1,1,OSLA
-848675810,Checkers,0,GAME_OVER,84,83,2,330,2,MCTS_CheckersHeuristic,2,1,1,OSLA
-946528367,Checkers,0,GAME_OVER,103,102,2,331,2,MCTS_CheckersHeuristic,2,1,1,OSLA
-1515381913,Checkers,0,GAME_OVER,49,48,2,332,2,MCTS_CheckersHeuristic,2,1,1,OSLA
-842052371,Checkers,0,GAME_OVER,68,67,2,333,2,MCTS_CheckersHeuristic,2,1,1,OSLA
-1850718800,Checkers,0,GAME_OVER,80,79,2,334,2,MCTS_CheckersHeuristic,2,1,1,OSLA
1775172467,Checkers,0,GAME_OVER,52,51,2,335,2,MCTS_CheckersHeuristic,2,1,1,OSLA
-751232873,Checkers,0,GAME_OVER,56,55,2,336,2,MCTS_CheckersHeuristic,2,1,1,OSLA
1601017002,Checkers,0,GAME_OVER,110,109,2,337,1,MCTS_CheckersHeuristic,1,1,1,OSLA
-1638934101,Checkers,0,GAME_OVER,59,58,2,338,2,MCTS_CheckersHeuristic,2,1,1,OSLA
-916609700,Checkers,0,GAME_OVER,120,119,2,339,1,MCTS_CheckersHeuristic,1,1,1,OSLA
746908358,Checkers,0,GAME_OVER,57,56,2,340,2,MCTS_CheckersHeuristic,2,1,1,OSLA
1274231333,Checkers,0,GAME_OVER,41,40,2,341,2,MCTS_CheckersHeuristic,2,1,1,OSLA
510298567,Checkers,0,GAME_OVER,51,50,2,342,2,MCTS_CheckersHeuristic,2,1,1,OSLA
-670333074,Checkers,0,GAME_OVER,61,60,2,343,2,MCTS_CheckersHeuristic,2,1,1,OSLA
-353500661,Checkers,0,GAME_OVER,54,53,2,344,2,MCTS_CheckersHeuristic,2,1,1,OSLA
-551773830,Checkers,0,GAME_OVER,113,112,2,345,1,MCTS_CheckersHeuristic,1,2,2,OSLA
-1582853344,Checkers,0,GAME_OVER,51,50,2,346,2,MCTS_CheckersHeuristic,2,1,1,OSLA
2069953895,Checkers,0,GAME_OVER,58,57,2,347,2,MCTS_CheckersHeuristic,2,1,1,OSLA
844042110,Checkers,0,GAME_OVER,104,103,2,348,1,MCTS_CheckersHeuristic,1,1,1,OSLA
1083589210,Checkers,0,GAME_OVER,41,40,2,349,2,MCTS_CheckersHeuristic,2,1,1,OSLA
1162880844,Checkers,0,GAME_OVER,37,36,2,350,2,MCTS_CheckersHeuristic,2,1,1,OSLA
768043558,Checkers,0,GAME_OVER,43,42,2,351,2,MCTS_CheckersHeuristic,2,1,1,OSLA
2146748024,Checkers,0,GAME_OVER,91,90,2,352,1,MCTS_CheckersHeuristic,1,1,1,OSLA
-877137102,Checkers,0,GAME_OVER,82,81,2,353,2,MCTS_CheckersHeuristic,2,1,1,OSLA
-910249297,Checkers,0,GAME_OVER,57,56,2,354,2,MCTS_CheckersHeuristic,2,1,1,OSLA
-980835986,Checkers,0,GAME_OVER,61,60,2,355,1,MCTS_CheckersHeuristic,1,2,2,OSLA
1031863548,Checkers,0,GAME_OVER,51,50,2,356,2,MCTS_CheckersHeuristic,2,1,1,OSLA
743547533,Checkers,0,GAME_OVER,54,53,2,357,2,MCTS_CheckersHeuristic,2,1,1,OSLA
1816900621,Checkers,0,GAME_OVER,98,97,2,358,1,MCTS_CheckersHeuristic,1,1,1,OSLA
483043817,Checkers,0,GAME_OVER,70,69,2,359,2,MCTS_CheckersHeuristic,2,1,1,OSLA
1257955188,Checkers,0,GAME_OVER,49,48,2,360,2,MCTS_CheckersHeuristic,2,1,1,OSLA
2012560054,Checkers,0,GAME_OVER,53,52,2,361,1,MCTS_CheckersHeuristic,1,2,2,OSLA
494401888,Checkers,0,GAME_OVER,76,75,2,362,2,MCTS_CheckersHeuristic,2,1,1,OSLA
-6808722,Checkers,0,GAME_OVER,65,64,2,363,2,MCTS_CheckersHeuristic,2,1,1,OSLA
-1140708449,Checkers,0,GAME_OVER,52,51,2,364,2,MCTS_CheckersHeuristic,2,1,1,OSLA
-1263670368,Checkers,0,GAME_OVER,90,89,2,365,2,MCTS_CheckersHeuristic,2,1,1,OSLA
-960670229,Checkers,0,GAME_OVER,49,48,2,366,2,MCTS_CheckersHeuristic,2,1,1,OSLA
-1681023610,Checkers,0,GAME_OVER,73,72,2,367,2,MCTS_CheckersHeuristic,2,1,1,OSLA
-117004599,Checkers,0,GAME_OVER,61,60,2,368,2,MCTS_CheckersHeuristic,2,1,1,OSLA
-507496694,Checkers,0,GAME_OVER,74,73,2,369,2,MCTS_CheckersHeuristic,2,1,1,OSLA
-127130226,Checkers,0,GAME_OVER,54,53,2,370,2,MCTS_CheckersHeuristic,2,1,1,OSLA
1976781356,Checkers,0,GAME_OVER,46,45,2,371,2,MCTS_CheckersHeuristic,2,1,1,OSLA
96748349,Checkers,0,GAME_OVER,100,99,2,372,1,MCTS_CheckersHeuristic,1,1,1,OSLA
-1558439202,Checkers,0,GAME_OVER,54,53,2,373,2,MCTS_CheckersHeuristic,2,1,1,OSLA
1200435548,Checkers,0,GAME_OVER,45,44,2,374,2,MCTS_CheckersHeuristic,2,1,1,OSLA
1704523988,Checkers,0,GAME_OVER,46,45,2,375,2,MCTS_CheckersHeuristic,2,1,1,OSLA
-1655199496,Checkers,0,GAME_OVER,56,55,2,376,2,MCTS_CheckersHeuristic,2,1,1,OSLA
-958595622,Checkers,0,GAME_OVER,49,48,2,377,2,MCTS_CheckersHeuristic,2,1,1,OSLA
1931790698,Checkers,0,GAME_OVER,61,60,2,378,2,MCTS_CheckersHeuristic,2,1,1,OSLA
1691137454,Checkers,0,GAME_OVER,66,65,2,379,2,MCTS_CheckersHeuristic,2,1,1,OSLA
-649718369,Checkers,0,GAME_OVER,53,52,2,380,2,MCTS_CheckersHeuristic,2,1,1,OSLA
-2083962255,Checkers,0,GAME_OVER,44,43,2,381,2,MCTS_CheckersHeuristic,2,1,1,OSLA
-1062393879,Checkers,0,GAME_OVER,48,47,2,382,2,MCTS_CheckersHeuristic,2,1,1,OSLA
-1838487253,Checkers,0,GAME_OVER,53,52,2,383,2,MCTS_CheckersHeuristic,2,1,1,OSLA
521062321,Checkers,0,GAME_OVER,51,50,2,384,2,MCTS_CheckersHeuristic,2,1,1,OSLA
847094771,Checkers,0,GAME_OVER,47,46,2,385,2,MCTS_CheckersHeuristic,2,1,1,OSLA
-563383945,Checkers,0,GAME_OVER,68,67,2,386,2,MCTS_CheckersHeuristic,2,1,1,OSLA
346747839,Checkers,0,GAME_OVER,49,48,2,387,2,MCTS_CheckersHeuristic,2,1,1,OSLA
1988847872,Checkers,0,GAME_OVER,75,74,2,388,2,MCTS_CheckersHeuristic,2,1,1,OSLA
1863238123,Checkers,0,GAME_OVER,58,57,2,389,2,MCTS_CheckersHeuristic,2,1,1,OSLA
-1868306767,Checkers,0,GAME_OVER,54,53,2,390,2,MCTS_CheckersHeuristic,2,1,1,OSLA
-919387672,Checkers,0,GAME_OVER,55,54,2,391,2,MCTS_CheckersHeuristic,2,1,1,OSLA
1170746461,Checkers,0,GAME_OVER,57,56,2,392,2,MCTS_CheckersHeuristic,2,1,1,OSLA
-1196589625,Checkers,0,GAME_OVER,45,44,2,393,2,MCTS_CheckersHeuristic,2,1,1,OSLA
-504947956,Checkers,0,GAME_OVER,54,53,2,394,2,MCTS_CheckersHeuristic,2,1,1,OSLA
-1733550993,Checkers,0,GAME_OVER,51,50,2,395,2,MCTS_CheckersHeuristic,2,1,1,OSLA
-1001155950,Checkers,0,GAME_OVER,51,50,2,396,2,MCTS_CheckersHeuristic,2,1,1,OSLA
1585516222,Checkers,0,GAME_OVER,47,46,2,397,2,MCTS_CheckersHeuristic,2,1,1,OSLA
-134527771,Checkers,0,GAME_OVER,92,91,2,398,1,MCTS_CheckersHeuristic,1,1,1,OSLA
-428295954,Checkers,0,GAME_OVER,31,30,2,399,2,MCTS_CheckersHeuristic,2,1,1,OSLA
-2087646572,Checkers,0,GAME_OVER,72,71,2,400,2,MCTS_CheckersHeuristic,2,1,1,OSLA
-1900810258,Checkers,0,GAME_OVER,50,49,2,401,2,MCTS_CheckersHeuristic,2,1,1,OSLA
1166650141,Checkers,0,GAME_OVER,37,36,2,402,2,MCTS_CheckersHeuristic,2,1,1,RandomPlayerConfig
109161956,Checkers,0,GAME_OVER,40,39,2,403,2,MCTS_CheckersHeuristic,2,1,1,RandomPlayerConfig
-857986891,Checkers,0,GAME_OVER,33,32,2,404,2,MCTS_CheckersHeuristic,2,1,1,RandomPlayerConfig
-689553493,Checkers,0,GAME_OVER,44,43,2,405,2,MCTS_CheckersHeuristic,2,1,1,RandomPlayerConfig
-344928737,Checkers,0,GAME_OVER,48,47,2,406,2,MCTS_CheckersHeuristic,2,1,1,RandomPlayerConfig
-1478639398,Checkers,0,GAME_OVER,44,43,2,407,2,MCTS_CheckersHeuristic,2,1,1,RandomPlayerConfig
-785190759,Checkers,0,GAME_OVER,45,44,2,408,2,MCTS_CheckersHeuristic,2,1,1,RandomPlayerConfig
-394730578,Checkers,0,GAME_OVER,42,41,2,409,2,MCTS_CheckersHeuristic,2,1,1,RandomPlayerConfig
-2096522261,Checkers,0,GAME_OVER,40,39,2,410,2,MCTS_CheckersHeuristic,2,1,1,RandomPlayerConfig
890111067,Checkers,0,GAME_OVER,44,43,2,411,2,MCTS_CheckersHeuristic,2,1,1,RandomPlayerConfig
-1706908548,Checkers,0,GAME_OVER,63,62,2,412,2,MCTS_CheckersHeuristic,2,1,1,RandomPlayerConfig
-933531553,Checkers,0,GAME_OVER,32,31,2,413,2,MCTS_CheckersHeuristic,2,1,1,RandomPlayerConfig
-465708335,Checkers,0,GAME_OVER,35,34,2,414,2,MCTS_CheckersHeuristic,2,1,1,RandomPlayerConfig
1551619903,Checkers,0,GAME_OVER,45,44,2,415,2,MCTS_CheckersHeuristic,2,1,1,RandomPlayerConfig
-1433127224,Checkers,0,GAME_OVER,31,30,2,416,2,MCTS_CheckersHeuristic,2,1,1,RandomPlayerConfig
2047594833,Checkers,0,GAME_OVER,36,35,2,417,2,MCTS_CheckersHeuristic,2,1,1,RandomPlayerConfig
363113990,Checkers,0,GAME_OVER,40,39,2,418,2,MCTS_CheckersHeuristic,2,1,1,RandomPlayerConfig
514727295,Checkers,0,GAME_OVER,42,41,2,419,2,MCTS_CheckersHeuristic,2,1,1,RandomPlayerConfig
1986308210,Checkers,0,GAME_OVER,32,31,2,420,2,MCTS_CheckersHeuristic,2,1,1,RandomPlayerConfig
-1645304530,Checkers,0,GAME_OVER,43,42,2,421,2,MCTS_CheckersHeuristic,2,1,1,RandomPlayerConfig
-721914184,Checkers,0,GAME_OVER,44,43,2,422,2,MCTS_CheckersHeuristic,2,1,1,RandomPlayerConfig
-1490940497,Checkers,0,GAME_OVER,37,36,2,423,2,MCTS_CheckersHeuristic,2,1,1,RandomPlayerConfig
1850286630,Checkers,0,GAME_OVER,31,30,2,424,2,MCTS_CheckersHeuristic,2,1,1,RandomPlayerConfig
-1144868645,Checkers,0,GAME_OVER,39,38,2,425,2,MCTS_CheckersHeuristic,2,1,1,RandomPlayerConfig
1625371234,Checkers,0,GAME_OVER,37,36,2,426,2,MCTS_CheckersHeuristic,2,1,1,RandomPlayerConfig
-710618420,Checkers,0,GAME_OVER,32,31,2,427,2,MCTS_CheckersHeuristic,2,1,1,RandomPlayerConfig
442428611,Checkers,0,GAME_OVER,42,41,2,428,2,MCTS_CheckersHeuristic,2,1,1,RandomPlayerConfig
-1841962791,Checkers,0,GAME_OVER,40,39,2,429,2,MCTS_CheckersHeuristic,2,1,1,RandomPlayerConfig
987097697,Checkers,0,GAME_OVER,30,29,2,430,2,MCTS_CheckersHeuristic,2,1,1,RandomPlayerConfig
-1979775432,Checkers,0,GAME_OVER,35,34,2,431,2,MCTS_CheckersHeuristic,2,1,1,RandomPlayerConfig
1436417290,Checkers,0,GAME_OVER,33,32,2,432,2,MCTS_CheckersHeuristic,2,1,1,RandomPlayerConfig
1686011118,Checkers,0,GAME_OVER,40,39,2,433,2,MCTS_CheckersHeuristic,2,1,1,RandomPlayerConfig
-1460860730,Checkers,0,GAME_OVER,37,36,2,434,2,MCTS_CheckersHeuristic,2,1,1,RandomPlayerConfig
558843393,Checkers,0,GAME_OVER,37,36,2,435,2,MCTS_CheckersHeuristic,2,1,1,RandomPlayerConfig
-1893988719,Checkers,0,GAME_OVER,40,39,2,436,2,MCTS_CheckersHeuristic,2,1,1,RandomPlayerConfig
400650756,Checkers,0,GAME_OVER,32,31,2,437,2,MCTS_CheckersHeuristic,2,1,1,RandomPlayerConfig
-996366740,Checkers,0,GAME_OVER,43,42,2,438,2,MCTS_CheckersHeuristic,2,1,1,RandomPlayerConfig
-696161431,Checkers,0,GAME_OVER,39,38,2,439,2,MCTS_CheckersHeuristic,2,1,1,RandomPlayerConfig
-1317451267,Checkers,0,GAME_OVER,44,43,2,440,2,MCTS_CheckersHeuristic,2,1,1,RandomPlayerConfig
-1372006832,Checkers,0,GAME_OVER,33,32,2,441,2,MCTS_CheckersHeuristic,2,1,1,RandomPlayerConfig
-1981209011,Checkers,0,GAME_OVER,40,39,2,442,2,MCTS_CheckersHeuristic,2,1,1,RandomPlayerConfig
572794274,Checkers,0,GAME_OVER,47,46,2,443,2,MCTS_CheckersHeuristic,2,1,1,RandomPlayerConfig
2123338351,Checkers,0,GAME_OVER,35,34,2,444,2,MCTS_CheckersHeuristic,2,1,1,RandomPlayerConfig
-971240522,Checkers,0,GAME_OVER,44,43,2,445,2,MCTS_CheckersHeuristic,2,1,1,RandomPlayerConfig
-476990959,Checkers,0,GAME_OVER,42,41,2,446,2,MCTS_CheckersHeuristic,2,1,1,RandomPlayerConfig
297204952,Checkers,0,GAME_OVER,38,37,2,447,2,MCTS_CheckersHeuristic,2,1,1,RandomPlayerConfig
302978622,Checkers,0,GAME_OVER,45,44,2,448,2,MCTS_CheckersHeuristic,2,1,1,RandomPlayerConfig
1736254571,Checkers,0,GAME_OVER,36,35,2,449,2,MCTS_CheckersHeuristic,2,1,1,RandomPlayerConfig
833580007,Checkers,0,GAME_OVER,39,38,2,450,2,MCTS_CheckersHeuristic,2,1,1,RandomPlayerConfig
1738998133,Checkers,0,GAME_OVER,48,47,2,451,2,MCTS_CheckersHeuristic,2,1,1,RandomPlayerConfig
272379623,Checkers,0,GAME_OVER,38,37,2,452,2,MCTS_CheckersHeuristic,2,1,1,RandomPlayerConfig
-1968869925,Checkers,0,GAME_OVER,44,43,2,453,2,MCTS_CheckersHeuristic,2,1,1,RandomPlayerConfig
1781885336,Checkers,0,GAME_OVER,39,38,2,454,2,MCTS_CheckersHeuristic,2,1,1,RandomPlayerConfig
1003531168,Checkers,0,GAME_OVER,40,39,2,455,2,MCTS_CheckersHeuristic,2,1,1,RandomPlayerConfig
834411585,Checkers,0,GAME_OVER,39,38,2,456,2,MCTS_CheckersHeuristic,2,1,1,RandomPlayerConfig
-1581955635,Checkers,0,GAME_OVER,38,37,2,457,2,MCTS_CheckersHeuristic,2,1,1,RandomPlayerConfig
856476889,Checkers,0,GAME_OVER,39,38,2,458,2,MCTS_CheckersHeuristic,2,1,1,RandomPlayerConfig
-1665028347,Checkers,0,GAME_OVER,40,39,2,459,2,MCTS_CheckersHeuristic,2,1,1,RandomPlayerConfig
1099843316,Checkers,0,GAME_OVER,49,48,2,460,2,MCTS_CheckersHeuristic,2,1,1,RandomPlayerConfig
-2006344251,Checkers,0,GAME_OVER,48,47,2,461,2,MCTS_CheckersHeuristic,2,1,1,RandomPlayerConfig
1164545248,Checkers,0,GAME_OVER,42,41,2,462,2,MCTS_CheckersHeuristic,2,1,1,RandomPlayerConfig
878560987,Checkers,0,GAME_OVER,42,41,2,463,2,MCTS_CheckersHeuristic,2,1,1,RandomPlayerConfig
-768428501,Checkers,0,GAME_OVER,44,43,2,464,2,MCTS_CheckersHeuristic,2,1,1,RandomPlayerConfig
-852766551,Checkers,0,GAME_OVER,39,38,2,465,2,MCTS_CheckersHeuristic,2,1,1,RandomPlayerConfig
-290863815,Checkers,0,GAME_OVER,36,35,2,466,2,MCTS_CheckersHeuristic,2,1,1,RandomPlayerConfig
1261813282,Checkers,0,GAME_OVER,40,39,2,467,2,MCTS_CheckersHeuristic,2,1,1,RandomPlayerConfig
1909828744,Checkers,0,GAME_OVER,37,36,2,468,2,MCTS_CheckersHeuristic,2,1,1,RandomPlayerConfig
1603710631,Checkers,0,GAME_OVER,32,31,2,469,2,MCTS_CheckersHeuristic,2,1,1,RandomPlayerConfig
-1780834855,Checkers,0,GAME_OVER,45,44,2,470,2,MCTS_CheckersHeuristic,2,1,1,RandomPlayerConfig
1427126317,Checkers,0,GAME_OVER,37,36,2,471,2,MCTS_CheckersHeuristic,2,1,1,RandomPlayerConfig
-1234984872,Checkers,0,GAME_OVER,37,36,2,472,2,MCTS_CheckersHeuristic,2,1,1,RandomPlayerConfig
-1914313899,Checkers,0,GAME_OVER,29,28,2,473,2,MCTS_CheckersHeuristic,2,1,1,RandomPlayerConfig
454762611,Checkers,0,GAME_OVER,37,36,2,474,2,MCTS_CheckersHeuristic,2,1,1,RandomPlayerConfig
-619184801,Checkers,0,GAME_OVER,39,38,2,475,2,MCTS_CheckersHeuristic,2,1,1,RandomPlayerConfig
1223164680,Checkers,0,GAME_OVER,34,33,2,476,2,MCTS_CheckersHeuristic,2,1,1,RandomPlayerConfig
2054363673,Checkers,0,GAME_OVER,36,35,2,477,2,MCTS_CheckersHeuristic,2,1,1,RandomPlayerConfig
-1866035446,Checkers,0,GAME_OVER,40,39,2,478,2,MCTS_CheckersHeuristic,2,1,1,RandomPlayerConfig
-2061774791,Checkers,0,GAME_OVER,41,40,2,479,2,MCTS_CheckersHeuristic,2,1,1,RandomPlayerConfig
114068438,Checkers,0,GAME_OVER,33,32,2,480,2,MCTS_CheckersHeuristic,2,1,1,RandomPlayerConfig
381060298,Checkers,0,GAME_OVER,36,35,2,481,2,MCTS_CheckersHeuristic,2,1,1,RandomPlayerConfig
-355135545,Checkers,0,GAME_OVER,36,35,2,482,2,MCTS_CheckersHeuristic,2,1,1,RandomPlayerConfig
-544731501,Checkers,0,GAME_OVER,41,40,2,483,2,MCTS_CheckersHeuristic,2,1,1,RandomPlayerConfig
917895627,Checkers,0,GAME_OVER,38,37,2,484,2,MCTS_CheckersHeuristic,2,1,1,RandomPlayerConfig
1618389143,Checkers,0,GAME_OVER,37,36,2,485,2,MCTS_CheckersHeuristic,2,1,1,RandomPlayerConfig
-1736785397,Checkers,0,GAME_OVER,42,41,2,486,2,MCTS_CheckersHeuristic,2,1,1,RandomPlayerConfig
2005050153,Checkers,0,GAME_OVER,32,31,2,487,2,MCTS_CheckersHeuristic,2,1,1,RandomPlayerConfig
-1189707545,Checkers,0,GAME_OVER,39,38,2,488,2,MCTS_CheckersHeuristic,2,1,1,RandomPlayerConfig
1647154471,Checkers,0,GAME_OVER,45,44,2,489,2,MCTS_CheckersHeuristic,2,1,1,RandomPlayerConfig
-1409642296,Checkers,0,GAME_OVER,45,44,2,490,2,MCTS_CheckersHeuristic,2,1,1,RandomPlayerConfig
-166327463,Checkers,0,GAME_OVER,34,33,2,491,2,MCTS_CheckersHeuristic,2,1,1,RandomPlayerConfig
-1990371682,Checkers,0,GAME_OVER,34,33,2,492,2,MCTS_CheckersHeuristic,2,1,1,RandomPlayerConfig
-9967102,Checkers,0,GAME_OVER,30,29,2,493,2,MCTS_CheckersHeuristic,2,1,1,RandomPlayerConfig
-299674100,Checkers,0,GAME_OVER,32,31,2,494,2,MCTS_CheckersHeuristic,2,1,1,RandomPlayerConfig
-18844374,Checkers,0,GAME_OVER,33,32,2,495,2,MCTS_CheckersHeuristic,2,1,1,RandomPlayerConfig
120459651,Checkers,0,GAME_OVER,46,45,2,496,2,MCTS_CheckersHeuristic,2,1,1,RandomPlayerConfig
860114479,Checkers,0,GAME_OVER,35,34,2,497,2,MCTS_CheckersHeuristic,2,1,1,RandomPlayerConfig
-2092751906,Checkers,0,GAME_OVER,49,48,2,498,2,MCTS_CheckersHeuristic,2,1,1,RandomPlayerConfig
-91735664,Checkers,0,GAME_OVER,45,44,2,499,2,MCTS_CheckersHeuristic,2,1,1,RandomPlayerConfig
2122436674,Checkers,0,GAME_OVER,38,37,2,500,2,MCTS_CheckersHeuristic,2,1,1,RandomPlayerConfig
1350581789,Checkers,0,GAME_OVER,37,36,2,501,2,MCTS_CheckersHeuristic,2,1,1,RandomPlayerConfig
935708237,Checkers,0,GAME_OVER,40,39,2,502,2,MCTS_CheckersHeuristic,2,1,1,RandomPlayerConfig
1636251373,Checkers,0,GAME_OVER,36,35,2,503,2,MCTS_CheckersHeuristic,2,1,1,RandomPlayerConfig
-1656792108,Checkers,0,GAME_OVER,34,33,2,504,2,MCTS_CheckersHeuristic,2,1,1,RandomPlayerConfig
1642681286,Checkers,0,GAME_OVER,45,44,2,505,2,MCTS_CheckersHeuristic,2,1,1,RandomPlayerConfig
275829445,Checkers,0,GAME_OVER,34,33,2,506,2,MCTS_CheckersHeuristic,2,1,1,RandomPlayerConfig
351457243,Checkers,0,GAME_OVER,38,37,2,507,2,MCTS_CheckersHeuristic,2,1,1,RandomPlayerConfig
-1007240979,Checkers,0,GAME_OVER,34,33,2,508,2,MCTS_CheckersHeuristic,2,1,1,RandomPlayerConfig
-1109889775,Checkers,0,GAME_OVER,39,38,2,509,2,MCTS_CheckersHeuristic,2,1,1,RandomPlayerConfig
-696199004,Checkers,0,GAME_OVER,44,43,2,510,2,MCTS_CheckersHeuristic,2,1,1,RandomPlayerConfig
1627296296,Checkers,0,GAME_OVER,45,44,2,511,2,MCTS_CheckersHeuristic,2,1,1,RandomPlayerConfig
-381690697,Checkers,0,GAME_OVER,43,42,2,512,2,MCTS_CheckersHeuristic,2,1,1,RandomPlayerConfig
-1714531209,Checkers,0,GAME_OVER,48,47,2,513,2,MCTS_CheckersHeuristic,2,1,1,RandomPlayerConfig
1611695884,Checkers,0,GAME_OVER,31,30,2,514,2,MCTS_CheckersHeuristic,2,1,1,RandomPlayerConfig
877906465,Checkers,0,GAME_OVER,40,39,2,515,2,MCTS_CheckersHeuristic,2,1,1,RandomPlayerConfig
-1828489019,Checkers,0,GAME_OVER,47,46,2,516,2,MCTS_CheckersHeuristic,2,1,1,RandomPlayerConfig
849334249,Checkers,0,GAME_OVER,31,30,2,517,2,MCTS_CheckersHeuristic,2,1,1,RandomPlayerConfig
-1301554182,Checkers,0,GAME_OVER,29,28,2,518,2,MCTS_CheckersHeuristic,2,1,1,RandomPlayerConfig
943228435,Checkers,0,GAME_OVER,40,39,2,519,2,MCTS_CheckersHeuristic,2,1,1,RandomPlayerConfig
-504360382,Checkers,0,GAME_OVER,37,36,2,520,2,MCTS_CheckersHeuristic,2,1,1,RandomPlayerConfig
1545157105,Checkers,0,GAME_OVER,44,43,2,521,2,MCTS_CheckersHeuristic,2,1,1,RandomPlayerConfig
-1954631529,Checkers,0,GAME_OVER,39,38,2,522,2,MCTS_CheckersHeuristic,2,1,1,RandomPlayerConfig
-601567730,Checkers,0,GAME_OVER,44,43,2,523,2,MCTS_CheckersHeuristic,2,1,1,RandomPlayerConfig
-255010712,Checkers,0,GAME_OVER,40,39,2,524,2,MCTS_CheckersHeuristic,2,1,1,RandomPlayerConfig
-824178409,Checkers,0,GAME_OVER,35,34,2,525,2,MCTS_CheckersHeuristic,2,1,1,RandomPlayerConfig
-1297140018,Checkers,0,GAME_OVER,43,42,2,526,2,MCTS_CheckersHeuristic,2,1,1,RandomPlayerConfig
739054572,Checkers,0,GAME_OVER,36,35,2,527,2,MCTS_CheckersHeuristic,2,1,1,RandomPlayerConfig
-1367413192,Checkers,0,GAME_OVER,34,33,2,528,2,MCTS_CheckersHeuristic,2,1,1,RandomPlayerConfig
-958731899,Checkers,0,GAME_OVER,48,47,2,529,2,MCTS_CheckersHeuristic,2,1,1,RandomPlayerConfig
-848675810,Checkers,0,GAME_OVER,36,35,2,530,2,MCTS_CheckersHeuristic,2,1,1,RandomPlayerConfig
-946528367,Checkers,0,GAME_OVER,39,38,2,531,2,MCTS_CheckersHeuristic,2,1,1,RandomPlayerConfig
-1515381913,Checkers,0,GAME_OVER,39,38,2,532,2,MCTS_CheckersHeuristic,2,1,1,RandomPlayerConfig
-842052371,Checkers,0,GAME_OVER,40,39,2,533,2,MCTS_CheckersHeuristic,2,1,1,RandomPlayerConfig
-1850718800,Checkers,0,GAME_OVER,41,40,2,534,2,MCTS_CheckersHeuristic,2,1,1,RandomPlayerConfig
1775172467,Checkers,0,GAME_OVER,32,31,2,535,2,MCTS_CheckersHeuristic,2,1,1,RandomPlayerConfig
-751232873,Checkers,0,GAME_OVER,32,31,2,536,2,MCTS_CheckersHeuristic,2,1,1,RandomPlayerConfig
1601017002,Checkers,0,GAME_OVER,38,37,2,537,2,MCTS_CheckersHeuristic,2,1,1,RandomPlayerConfig
-1638934101,Checkers,0,GAME_OVER,38,37,2,538,2,MCTS_CheckersHeuristic,2,1,1,RandomPlayerConfig
-916609700,Checkers,0,GAME_OVER,40,39,2,539,2,MCTS_CheckersHeuristic,2,1,1,RandomPlayerConfig
746908358,Checkers,0,GAME_OVER,46,45,2,540,2,MCTS_CheckersHeuristic,2,1,1,RandomPlayerConfig
1274231333,Checkers,0,GAME_OVER,39,38,2,541,2,MCTS_CheckersHeuristic,2,1,1,RandomPlayerConfig
510298567,Checkers,0,GAME_OVER,42,41,2,542,2,MCTS_CheckersHeuristic,2,1,1,RandomPlayerConfig
-670333074,Checkers,0,GAME_OVER,35,34,2,543,2,MCTS_CheckersHeuristic,2,1,1,RandomPlayerConfig
-353500661,Checkers,0,GAME_OVER,50,49,2,544,2,MCTS_CheckersHeuristic,2,1,1,RandomPlayerConfig
-551773830,Checkers,0,GAME_OVER,35,34,2,545,2,MCTS_CheckersHeuristic,2,1,1,RandomPlayerConfig
-1582853344,Checkers,0,GAME_OVER,34,33,2,546,2,MCTS_CheckersHeuristic,2,1,1,RandomPlayerConfig
2069953895,Checkers,0,GAME_OVER,43,42,2,547,2,MCTS_CheckersHeuristic,2,1,1,RandomPlayerConfig
844042110,Checkers,0,GAME_OVER,42,41,2,548,2,MCTS_CheckersHeuristic,2,1,1,RandomPlayerConfig
1083589210,Checkers,0,GAME_OVER,35,34,2,549,2,MCTS_CheckersHeuristic,2,1,1,RandomPlayerConfig
1162880844,Checkers,0,GAME_OVER,42,41,2,550,2,MCTS_CheckersHeuristic,2,1,1,RandomPlayerConfig
768043558,Checkers,0,GAME_OVER,41,40,2,551,2,MCTS_CheckersHeuristic,2,1,1,RandomPlayerConfig
2146748024,Checkers,0,GAME_OVER,34,33,2,552,2,MCTS_CheckersHeuristic,2,1,1,RandomPlayerConfig
-877137102,Checkers,0,GAME_OVER,39,38,2,553,2,MCTS_CheckersHeuristic,2,1,1,RandomPlayerConfig
-910249297,Checkers,0,GAME_OVER,37,36,2,554,2,MCTS_CheckersHeuristic,2,1,1,RandomPlayerConfig
-980835986,Checkers,0,GAME_OVER,31,30,2,555,2,MCTS_CheckersHeuristic,2,1,1,RandomPlayerConfig
1031863548,Checkers,0,GAME_OVER,38,37,2,556,2,MCTS_CheckersHeuristic,2,1,1,RandomPlayerConfig
743547533,Checkers,0,GAME_OVER,31,30,2,557,2,MCTS_CheckersHeuristic,2,1,1,RandomPlayerConfig
1816900621,Checkers,0,GAME_OVER,39,38,2,558,2,MCTS_CheckersHeuristic,2,1,1,RandomPlayerConfig
483043817,Checkers,0,GAME_OVER,41,40,2,559,2,MCTS_CheckersHeuristic,2,1,1,RandomPlayerConfig
1257955188,Checkers,0,GAME_OVER,36,35,2,560,2,MCTS_CheckersHeuristic,2,1,1,RandomPlayerConfig
2012560054,Checkers,0,GAME_OVER,36,35,2,561,2,MCTS_CheckersHeuristic,2,1,1,RandomPlayerConfig
494401888,Checkers,0,GAME_OVER,40,39,2,562,2,MCTS_CheckersHeuristic,2,1,1,RandomPlayerConfig
-6808722,Checkers,0,GAME_OVER,43,42,2,563,2,MCTS_CheckersHeuristic,2,1,1,RandomPlayerConfig
-1140708449,Checkers,0,GAME_OVER,42,41,2,564,2,MCTS_CheckersHeuristic,2,1,1,RandomPlayerConfig
-1263670368,Checkers,0,GAME_OVER,40,39,2,565,2,MCTS_CheckersHeuristic,2,1,1,RandomPlayerConfig
-960670229,Checkers,0,GAME_OVER,42,41,2,566,2,MCTS_CheckersHeuristic,2,1,1,RandomPlayerConfig
-1681023610,Checkers,0,GAME_OVER,34,33,2,567,2,MCTS_CheckersHeuristic,2,1,1,RandomPlayerConfig
-117004599,Checkers,0,GAME_OVER,43,42,2,568,2,MCTS_CheckersHeuristic,2,1,1,RandomPlayerConfig
-507496694,Checkers,0,GAME_OVER,45,44,2,569,2,MCTS_CheckersHeuristic,2,1,1,RandomPlayerConfig
-127130226,Checkers,0,GAME_OVER,37,36,2,570,2,MCTS_CheckersHeuristic,2,1,1,RandomPlayerConfig
1976781356,Checkers,0,GAME_OVER,36,35,2,571,2,MCTS_CheckersHeuristic,2,1,1,RandomPlayerConfig
96748349,Checkers,0,GAME_OVER,32,31,2,572,2,MCTS_CheckersHeuristic,2,1,1,RandomPlayerConfig
-1558439202,Checkers,0,GAME_OVER,38,37,2,573,2,MCTS_CheckersHeuristic,2,1,1,RandomPlayerConfig
1200435548,Checkers,0,GAME_OVER,41,40,2,574,2,MCTS_CheckersHeuristic,2,1,1,RandomPlayerConfig
1704523988,Checkers,0,GAME_OVER,36,35,2,575,2,MCTS_CheckersHeuristic,2,1,1,RandomPlayerConfig
-1655199496,Checkers,0,GAME_OVER,41,40,2,576,2,MCTS_CheckersHeuristic,2,1,1,RandomPlayerConfig
-958595622,Checkers,0,GAME_OVER,36,35,2,577,2,MCTS_CheckersHeuristic,2,1,1,RandomPlayerConfig
1931790698,Checkers,0,GAME_OVER,37,36,2,578,2,MCTS_CheckersHeuristic,2,1,1,RandomPlayerConfig
1691137454,Checkers,0,GAME_OVER,38,37,2,579,2,MCTS_CheckersHeuristic,2,1,1,RandomPlayerConfig
-649718369,Checkers,0,GAME_OVER,39,38,2,580,2,MCTS_CheckersHeuristic,2,1,1,RandomPlayerConfig
-2083962255,Checkers,0,GAME_OVER,42,41,2,581,2,MCTS_CheckersHeuristic,2,1,1,RandomPlayerConfig
-1062393879,Checkers,0,GAME_OVER,41,40,2,582,2,MCTS_CheckersHeuristic,2,1,1,RandomPlayerConfig
-1838487253,Checkers,0,GAME_OVER,38,37,2,583,2,MCTS_CheckersHeuristic,2,1,1,RandomPlayerConfig
521062321,Checkers,0,GAME_OVER,36,35,2,584,2,MCTS_CheckersHeuristic,2,1,1,RandomPlayerConfig
847094771,Checkers,0,GAME_OVER,39,38,2,585,2,MCTS_CheckersHeuristic,2,1,1,RandomPlayerConfig
-563383945,Checkers,0,GAME_OVER,37,36,2,586,2,MCTS_CheckersHeuristic,2,1,1,RandomPlayerConfig
346747839,Checkers,0,GAME_OVER,28,27,2,587,2,MCTS_CheckersHeuristic,2,1,1,RandomPlayerConfig
1988847872,Checkers,0,GAME_OVER,32,31,2,588,2,MCTS_CheckersHeuristic,2,1,1,RandomPlayerConfig
1863238123,Checkers,0,GAME_OVER,37,36,2,589,2,MCTS_CheckersHeuristic,2,1,1,RandomPlayerConfig
-1868306767,Checkers,0,GAME_OVER,40,39,2,590,2,MCTS_CheckersHeuristic,2,1,1,RandomPlayerConfig
-919387672,Checkers,0,GAME_OVER,41,40,2,591,2,MCTS_CheckersHeuristic,2,1,1,RandomPlayerConfig
1170746461,Checkers,0,GAME_OVER,38,37,2,592,2,MCTS_CheckersHeuristic,2,1,1,RandomPlayerConfig
-1196589625,Checkers,0,GAME_OVER,31,30,2,593,2,MCTS_CheckersHeuristic,2,1,1,RandomPlayerConfig
-504947956,Checkers,0,GAME_OVER,54,53,2,594,2,MCTS_CheckersHeuristic,2,1,1,RandomPlayerConfig
-1733550993,Checkers,0,GAME_OVER,48,47,2,595,2,MCTS_CheckersHeuristic,2,1,1,RandomPlayerConfig
-1001155950,Checkers,0,GAME_OVER,38,37,2,596,2,MCTS_CheckersHeuristic,2,1,1,RandomPlayerConfig
1585516222,Checkers,0,GAME_OVER,37,36,2,597,2,MCTS_CheckersHeuristic,2,1,1,RandomPlayerConfig
-134527771,Checkers,0,GAME_OVER,42,41,2,598,2,MCTS_CheckersHeuristic,2,1,1,RandomPlayerConfig
-428295954,Checkers,0,GAME_OVER,42,41,2,599,2,MCTS_CheckersHeuristic,2,1,1,RandomPlayerConfig
-2087646572,Checkers,0,GAME_OVER,39,38,2,600,2,MCTS_CheckersHeuristic,2,1,1,RandomPlayerConfig
-1900810258,Checkers,0,GAME_OVER,35,34,2,601,2,MCTS_CheckersHeuristic,2,1,1,RandomPlayerConfig
1166650141,Checkers,0,GAME_OVER,73,72,2,602,1,OSLA,1,2,2,MCTS_CheckersHeuristic
109161956,Checkers,0,GAME_OVER,153,152,2,603,1,OSLA,1,1,1,MCTS_CheckersHeuristic
-857986891,Checkers,0,GAME_OVER,120,119,2,604,1,OSLA,1,2,2,MCTS_CheckersHeuristic
-689553493,Checkers,0,GAME_OVER,55,54,2,605,1,OSLA,1,2,2,MCTS_CheckersHeuristic
-344928737,Checkers,0,GAME_OVER,69,68,2,606,1,OSLA,1,2,2,MCTS_CheckersHeuristic
-1478639398,Checkers,0,GAME_OVER,61,60,2,607,1,OSLA,1,2,2,MCTS_CheckersHeuristic
-785190759,Checkers,0,GAME_OVER,56,55,2,608,1,OSLA,1,2,2,MCTS_CheckersHeuristic
-394730578,Checkers,0,GAME_OVER,58,57,2,609,1,OSLA,1,2,2,MCTS_CheckersHeuristic
-2096522261,Checkers,0,GAME_OVER,54,53,2,610,1,OSLA,1,2,2,MCTS_CheckersHeuristic
890111067,Checkers,0,GAME_OVER,44,43,2,611,1,OSLA,1,2,2,MCTS_CheckersHeuristic
-1706908548,Checkers,0,GAME_OVER,69,68,2,612,1,OSLA,1,2,2,MCTS_CheckersHeuristic
-933531553,Checkers,0,GAME_OVER,58,57,2,613,1,OSLA,1,2,2,MCTS_CheckersHeuristic
-465708335,Checkers,0,GAME_OVER,52,51,2,614,1,OSLA,1,2,2,MCTS_CheckersHeuristic
1551619903,Checkers,0,GAME_OVER,37,36,2,615,1,OSLA,1,2,2,MCTS_CheckersHeuristic
-1433127224,Checkers,0,GAME_OVER,48,47,2,616,2,OSLA,2,1,1,MCTS_CheckersHeuristic
2047594833,Checkers,0,GAME_OVER,53,52,2,617,1,OSLA,1,2,2,MCTS_CheckersHeuristic
363113990,Checkers,0,GAME_OVER,85,84,2,618,1,OSLA,1,2,2,MCTS_CheckersHeuristic
514727295,Checkers,0,GAME_OVER,67,66,2,619,1,OSLA,1,2,2,MCTS_CheckersHeuristic
1986308210,Checkers,0,GAME_OVER,115,114,2,620,1,OSLA,1,1,1,MCTS_CheckersHeuristic
-1645304530,Checkers,0,GAME_OVER,129,128,2,621,1,OSLA,1,1,1,MCTS_CheckersHeuristic
-721914184,Checkers,0,GAME_OVER,50,49,2,622,1,OSLA,1,2,2,MCTS_CheckersHeuristic
-1490940497,Checkers,0,GAME_OVER,102,101,2,623,1,OSLA,1,1,1,MCTS_CheckersHeuristic
1850286630,Checkers,0,GAME_OVER,114,113,2,624,1,OSLA,1,2,2,MCTS_CheckersHeuristic
-1144868645,Checkers,0,GAME_OVER,57,56,2,625,1,OSLA,1,2,2,MCTS_CheckersHeuristic
1625371234,Checkers,0,GAME_OVER,57,56,2,626,1,OSLA,1,2,2,MCTS_CheckersHeuristic
-710618420,Checkers,0,GAME_OVER,73,72,2,627,1,OSLA,1,2,2,MCTS_CheckersHeuristic
442428611,Checkers,0,GAME_OVER,58,57,2,628,1,OSLA,1,2,2,MCTS_CheckersHeuristic
-1841962791,Checkers,0,GAME_OVER,57,56,2,629,1,OSLA,1,2,2,MCTS_CheckersHeuristic
987097697,Checkers,0,GAME_OVER,93,92,2,630,1,OSLA,1,2,2,MCTS_CheckersHeuristic
-1979775432,Checkers,0,GAME_OVER,71,70,2,631,1,OSLA,1,2,2,MCTS_CheckersHeuristic
1436417290,Checkers,0,GAME_OVER,58,57,2,632,1,OSLA,1,2,2,MCTS_CheckersHeuristic
1686011118,Checkers,0,GAME_OVER,62,61,2,633,1,OSLA,1,2,2,MCTS_CheckersHeuristic
-1460860730,Checkers,0,GAME_OVER,47,46,2,634,1,OSLA,1,2,2,MCTS_CheckersHeuristic
558843393,Checkers,0,GAME_OVER,59,58,2,635,1,OSLA,1,2,2,MCTS_CheckersHeuristic
-1893988719,Checkers,0,GAME_OVER,48,47,2,636,2,OSLA,2,1,1,MCTS_CheckersHeuristic
400650756,Checkers,0,GAME_OVER,69,68,2,637,1,OSLA,1,2,2,MCTS_CheckersHeuristic
-996366740,Checkers,0,GAME_OVER,45,44,2,638,1,OSLA,1,2,2,MCTS_CheckersHeuristic
-696161431,Checkers,0,GAME_OVER,94,93,2,639,1,OSLA,1,1,1,MCTS_CheckersHeuristic
-1317451267,Checkers,0,GAME_OVER,42,41,2,640,1,OSLA,1,2,2,MCTS_CheckersHeuristic
-1372006832,Checkers,0,GAME_OVER,150,149,2,641,1,OSLA,1,1,1,MCTS_CheckersHeuristic
-1981209011,Checkers,0,GAME_OVER,53,52,2,642,2,OSLA,2,1,1,MCTS_CheckersHeuristic
572794274,Checkers,0,GAME_OVER,53,52,2,643,1,OSLA,1,2,2,MCTS_CheckersHeuristic
2123338351,Checkers,0,GAME_OVER,64,63,2,644,1,OSLA,1,2,2,MCTS_CheckersHeuristic
-971240522,Checkers,0,GAME_OVER,66,65,2,645,1,OSLA,1,2,2,MCTS_CheckersHeuristic
-476990959,Checkers,0,GAME_OVER,81,80,2,646,1,OSLA,1,2,2,MCTS_CheckersHeuristic
297204952,Checkers,0,GAME_OVER,57,56,2,647,2,OSLA,2,1,1,MCTS_CheckersHeuristic
302978622,Checkers,0,GAME_OVER,53,52,2,648,1,OSLA,1,2,2,MCTS_CheckersHeuristic
1736254571,Checkers,0,GAME_OVER,56,55,2,649,1,OSLA,1,2,2,MCTS_CheckersHeuristic
833580007,Checkers,0,GAME_OVER,47,46,2,650,1,OSLA,1,2,2,MCTS_CheckersHeuristic
1738998133,Checkers,0,GAME_OVER,65,64,2,651,1,OSLA,1,2,2,MCTS_CheckersHeuristic
272379623,Checkers,0,GAME_OVER,50,49,2,652,1,OSLA,1,2,2,MCTS_CheckersHeuristic
-1968869925,Checkers,0,GAME_OVER,104,103,2,653,1,OSLA,1,2,2,MCTS_CheckersHeuristic
1781885336,Checkers,0,GAME_OVER,68,67,2,654,1,OSLA,1,2,2,MCTS_CheckersHeuristic
1003531168,Checkers,0,GAME_OVER,47,46,2,655,1,OSLA,1,2,2,MCTS_CheckersHeuristic
834411585,Checkers,0,GAME_OVER,56,55,2,656,1,OSLA,1,2,2,MCTS_CheckersHeuristic
-1581955635,Checkers,0,GAME_OVER,43,42,2,657,1,OSLA,1,2,2,MCTS_CheckersHeuristic
856476889,Checkers,0,GAME_OVER,42,41,2,658,1,OSLA,1,2,2,MCTS_CheckersHeuristic
-1665028347,Checkers,0,GAME_OVER,115,114,2,659,1,OSLA,1,1,1,MCTS_CheckersHeuristic
1099843316,Checkers,0,GAME_OVER,45,44,2,660,1,OSLA,1,2,2,MCTS_CheckersHeuristic
-2006344251,Checkers,0,GAME_OVER,57,56,2,661,1,OSLA,1,2,2,MCTS_CheckersHeuristic
1164545248,Checkers,0,GAME_OVER,116,115,2,662,1,OSLA,1,2,2,MCTS_CheckersHeuristic
878560987,Checkers,0,GAME_OVER,101,100,2,663,1,OSLA,1,1,1,MCTS_CheckersHeuristic
-768428501,Checkers,0,GAME_OVER,66,65,2,664,1,OSLA,1,2,2,MCTS_CheckersHeuristic
-852766551,Checkers,0,GAME_OVER,49,48,2,665,1,OSLA,1,2,2,MCTS_CheckersHeuristic
-290863815,Checkers,0,GAME_OVER,69,68,2,666,1,OSLA,1,2,2,MCTS_CheckersHeuristic
1261813282,Checkers,0,GAME_OVER,91,90,2,667,1,OSLA,1,2,2,MCTS_CheckersHeuristic
1909828744,Checkers,0,GAME_OVER,75,74,2,668,1,OSLA,1,2,2,MCTS_CheckersHeuristic
1603710631,Checkers,0,GAME_OVER,76,75,2,669,1,OSLA,1,2,2,MCTS_CheckersHeuristic
-1780834855,Checkers,0,GAME_OVER,60,59,2,670,1,OSLA,1,2,2,MCTS_CheckersHeuristic
1427126317,Checkers,0,GAME_OVER,53,52,2,671,2,OSLA,2,1,1,MCTS_CheckersHeuristic
-1234984872,Checkers,0,GAME_OVER,147,146,2,672,1,OSLA,1,1,1,MCTS_CheckersHeuristic
-1914313899,Checkers,0,GAME_OVER,103,102,2,673,1,OSLA,1,2,2,MCTS_CheckersHeuristic
454762611,Checkers,0,GAME_OVER,100,99,2,674,1,OSLA,1,1,1,MCTS_CheckersHeuristic
-619184801,Checkers,0,GAME_OVER,49,48,2,675,1,OSLA,1,2,2,MCTS_CheckersHeuristic
1223164680,Checkers,0,GAME_OVER,55,54,2,676,1,OSLA,1,2,2,MCTS_CheckersHeuristic
2054363673,Checkers,0,GAME_OVER,55,54,2,677,1,OSLA,1,2,2,MCTS_CheckersHeuristic
-1866035446,Checkers,0,GAME_OVER,51,50,2,678,1,OSLA,1,2,2,MCTS_CheckersHeuristic
-2061774791,Checkers,0,GAME_OVER,92,91,2,679,1,OSLA,1,1,1,MCTS_CheckersHeuristic
114068438,Checkers,0,GAME_OVER,55,54,2,680,1,OSLA,1,2,2,MCTS_CheckersHeuristic
381060298,Checkers,0,GAME_OVER,42,41,2,681,1,OSLA,1,2,2,MCTS_CheckersHeuristic
-355135545,Checkers,0,GAME_OVER,78,77,2,682,1,OSLA,1,2,2,MCTS_CheckersHeuristic
-544731501,Checkers,0,GAME_OVER,56,55,2,683,1,OSLA,1,2,2,MCTS_CheckersHeuristic
917895627,Checkers,0,GAME_OVER,46,45,2,684,1,OSLA,1,2,2,MCTS_CheckersHeuristic
1618389143,Checkers,0,GAME_OVER,89,88,2,685,1,OSLA,1,2,2,MCTS_CheckersHeuristic
-1736785397,Checkers,0,GAME_OVER,46,45,2,686,1,OSLA,1,2,2,MCTS_CheckersHeuristic
2005050153,Checkers,0,GAME_OVER,90,89,2,687,1,OSLA,1,2,2,MCTS_CheckersHeuristic
-1189707545,Checkers,0,GAME_OVER,74,73,2,688,1,OSLA,1,2,2,MCTS_CheckersHeuristic
1647154471,Checkers,0,GAME_OVER,47,46,2,689,1,OSLA,1,2,2,MCTS_CheckersHeuristic
-1409642296,Checkers,0,GAME_OVER,53,52,2,690,2,OSLA,2,1,1,MCTS_CheckersHeuristic
-166327463,Checkers,0,GAME_OVER,54,53,2,691,1,OSLA,1,2,2,MCTS_CheckersHeuristic
-1990371682,Checkers,0,GAME_OVER,46,45,2,692,1,OSLA,1,2,2,MCTS_CheckersHeuristic
-9967102,Checkers,0,GAME_OVER,60,59,2,693,1,OSLA,1,2,2,MCTS_CheckersHeuristic
-299674100,Checkers,0,GAME_OVER,49,48,2,694,1,OSLA,1,2,2,MCTS_CheckersHeuristic
-18844374,Checkers,0,GAME_OVER,71,70,2,695,1,OSLA,1,2,2,MCTS_CheckersHeuristic
120459651,Checkers,0,GAME_OVER,66,65,2,696,1,OSLA,1,2,2,MCTS_CheckersHeuristic
860114479,Checkers,0,GAME_OVER,44,43,2,697,2,OSLA,2,1,1,MCTS_CheckersHeuristic
-2092751906,Checkers,0,GAME_OVER,54,53,2,698,1,OSLA,1,2,2,MCTS_CheckersHeuristic
-91735664,Checkers,0,GAME_OVER,48,47,2,699,1,OSLA,1,2,2,MCTS_CheckersHeuristic
2122436674,Checkers,0,GAME_OVER,75,74,2,700,1,OSLA,1,2,2,MCTS_CheckersHeuristic
1350581789,Checkers,0,GAME_OVER,56,55,2,701,1,OSLA,1,2,2,MCTS_CheckersHeuristic
935708237,Checkers,0,GAME_OVER,64,63,2,702,1,OSLA,1,2,2,MCTS_CheckersHeuristic
1636251373,Checkers,0,GAME_OVER,44,43,2,703,1,OSLA,1,2,2,MCTS_CheckersHeuristic
-1656792108,Checkers,0,GAME_OVER,47,46,2,704,1,OSLA,1,2,2,MCTS_CheckersHeuristic
1642681286,Checkers,0,GAME_OVER,68,67,2,705,1,OSLA,1,2,2,MCTS_CheckersHeuristic
275829445,Checkers,0,GAME_OVER,96,95,2,706,1,OSLA,1,2,2,MCTS_CheckersHeuristic
351457243,Checkers,0,GAME_OVER,53,52,2,707,1,OSLA,1,2,2,MCTS_CheckersHeuristic
-1007240979,Checkers,0,GAME_OVER,53,52,2,708,1,OSLA,1,2,2,MCTS_CheckersHeuristic
-1109889775,Checkers,0,GAME_OVER,78,77,2,709,1,OSLA,1,2,2,MCTS_CheckersHeuristic
-696199004,Checkers,0,GAME_OVER,55,54,2,710,1,OSLA,1,2,2,MCTS_CheckersHeuristic
1627296296,Checkers,0,GAME_OVER,56,55,2,711,2,OSLA,2,1,1,MCTS_CheckersHeuristic
-381690697,Checkers,0,GAME_OVER,45,44,2,712,1,OSLA,1,2,2,MCTS_CheckersHeuristic
-1714531209,Checkers,0,GAME_OVER,46,45,2,713,1,OSLA,1,2,2,MCTS_CheckersHeuristic
1611695884,Checkers,0,GAME_OVER,48,47,2,714,1,OSLA,1,2,2,MCTS_CheckersHeuristic
877906465,Checkers,0,GAME_OVER,42,41,2,715,1,OSLA,1,2,2,MCTS_CheckersHeuristic
-1828489019,Checkers,0,GAME_OVER,49,48,2,716,1,OSLA,1,2,2,MCTS_CheckersHeuristic
849334249,Checkers,0,GAME_OVER,79,78,2,717,1,OSLA,1,2,2,MCTS_CheckersHeuristic
-1301554182,Checkers,0,GAME_OVER,87,86,2,718,1,OSLA,1,2,2,MCTS_CheckersHeuristic
943228435,Checkers,0,GAME_OVER,66,65,2,719,1,OSLA,1,2,2,MCTS_CheckersHeuristic
-504360382,Checkers,0,GAME_OVER,64,63,2,720,1,OSLA,1,2,2,MCTS_CheckersHeuristic
1545157105,Checkers,0,GAME_OVER,71,70,2,721,1,OSLA,1,2,2,MCTS_CheckersHeuristic
-1954631529,Checkers,0,GAME_OVER,42,41,2,722,1,OSLA,1,2,2,MCTS_CheckersHeuristic
-601567730,Checkers,0,GAME_OVER,42,41,2,723,1,OSLA,1,2,2,MCTS_CheckersHeuristic
-255010712,Checkers,0,GAME_OVER,67,66,2,724,1,OSLA,1,2,2,MCTS_CheckersHeuristic
-824178409,Checkers,0,GAME_OVER,119,118,2,725,1,OSLA,1,1,1,MCTS_CheckersHeuristic
-1297140018,Checkers,0,GAME_OVER,56,55,2,726,1,OSLA,1,2,2,MCTS_CheckersHeuristic
739054572,Checkers,0,GAME_OVER,53,52,2,727,1,OSLA,1,2,2,MCTS_CheckersHeuristic
-1367413192,Checkers,0,GAME_OVER,64,63,2,728,1,OSLA,1,2,2,MCTS_CheckersHeuristic
-958731899,Checkers,0,GAME_OVER,55,54,2,729,1,OSLA,1,2,2,MCTS_CheckersHeuristic
-848675810,Checkers,0,GAME_OVER,47,46,2,730,1,OSLA,1,2,2,MCTS_CheckersHeuristic
-946528367,Checkers,0,GAME_OVER,63,62,2,731,1,OSLA,1,2,2,MCTS_CheckersHeuristic
-1515381913,Checkers,0,GAME_OVER,51,50,2,732,1,OSLA,1,2,2,MCTS_CheckersHeuristic
-842052371,Checkers,0,GAME_OVER,72,71,2,733,1,OSLA,1,2,2,MCTS_CheckersHeuristic
-1850718800,Checkers,0,GAME_OVER,80,79,2,734,1,OSLA,1,2,2,MCTS_CheckersHeuristic
1775172467,Checkers,0,GAME_OVER,160,159,2,735,1,OSLA,1,1,1,MCTS_CheckersHeuristic
-751232873,Checkers,0,GAME_OVER,53,52,2,736,1,OSLA,1,2,2,MCTS_CheckersHeuristic
1601017002,Checkers,0,GAME_OVER,159,158,2,737,1,OSLA,1,1,1,MCTS_CheckersHeuristic
-1638934101,Checkers,0,GAME_OVER,47,46,2,738,1,OSLA,1,2,2,MCTS_CheckersHeuristic
-916609700,Checkers,0,GAME_OVER,71,70,2,739,1,OSLA,1,2,2,MCTS_CheckersHeuristic
746908358,Checkers,0,GAME_OVER,57,56,2,740,1,OSLA,1,2,2,MCTS_CheckersHeuristic
1274231333,Checkers,0,GAME_OVER,46,45,2,741,1,OSLA,1,2,2,MCTS_CheckersHeuristic
510298567,Checkers,0,GAME_OVER,60,59,2,742,1,OSLA,1,2,2,MCTS_CheckersHeuristic
-670333074,Checkers,0,GAME_OVER,91,90,2,743,1,OSLA,1,2,2,MCTS_CheckersHeuristic
-353500661,Checkers,0,GAME_OVER,61,60,2,744,1,OSLA,1,2,2,MCTS_CheckersHeuristic
-551773830,Checkers,0,GAME_OVER,54,53,2,745,1,OSLA,1,2,2,MCTS_CheckersHeuristic
-1582853344,Checkers,0,GAME_OVER,53,52,2,746,1,OSLA,1,2,2,MCTS_CheckersHeuristic
2069953895,Checkers,0,GAME_OVER,45,44,2,747,1,OSLA,1,2,2,MCTS_CheckersHeuristic
844042110,Checkers,0,GAME_OVER,103,102,2,748,1,OSLA,1,2,2,MCTS_CheckersHeuristic
1083589210,Checkers,0,GAME_OVER,53,52,2,749,1,OSLA,1,2,2,MCTS_CheckersHeuristic
1162880844,Checkers,0,GAME_OVER,53,52,2,750,1,OSLA,1,2,2,MCTS_CheckersHeuristic
768043558,Checkers,0,GAME_OVER,67,66,2,751,1,OSLA,1,2,2,MCTS_CheckersHeuristic
2146748024,Checkers,0,GAME_OVER,73,72,2,752,1,OSLA,1,2,2,MCTS_CheckersHeuristic
-877137102,Checkers,0,GAME_OVER,53,52,2,753,1,OSLA,1,2,2,MCTS_CheckersHeuristic
-910249297,Checkers,0,GAME_OVER,104,103,2,754,1,OSLA,1,2,2,MCTS_CheckersHeuristic
-980835986,Checkers,0,GAME_OVER,36,35,2,755,1,OSLA,1,2,2,MCTS_CheckersHeuristic
1031863548,Checkers,0,GAME_OVER,105,104,2,756,1,OSLA,1,1,1,MCTS_CheckersHeuristic
743547533,Checkers,0,GAME_OVER,57,56,2,757,1,OSLA,1,2,2,MCTS_CheckersHeuristic
1816900621,Checkers,0,GAME_OVER,73,72,2,758,1,OSLA,1,2,2,MCTS_CheckersHeuristic
483043817,Checkers,0,GAME_OVER,56,55,2,759,1,OSLA,1,2,2,MCTS_CheckersHeuristic
1257955188,Checkers,0,GAME_OVER,53,52,2,760,1,OSLA,1,2,2,MCTS_CheckersHeuristic
2012560054,Checkers,0,GAME_OVER,40,39,2,761,2,OSLA,2,1,1,MCTS_CheckersHeuristic
494401888,Checkers,0,GAME_OVER,48,47,2,762,1,OSLA,1,2,2,MCTS_CheckersHeuristic
-6808722,Checkers,0,GAME_OVER,98,97,2,763,1,OSLA,1,2,2,MCTS_CheckersHeuristic
-1140708449,Checkers,0,GAME_OVER,49,48,2,764,1,OSLA,1,2,2,MCTS_CheckersHeuristic
-1263670368,Checkers,0,GAME_OVER,59,58,2,765,1,OSLA,1,2,2,MCTS_CheckersHeuristic
-960670229,Checkers,0,GAME_OVER,67,66,2,766,1,OSLA,1,2,2,MCTS_CheckersHeuristic
-1681023610,Checkers,0,GAME_OVER,41,40,2,767,1,OSLA,1,2,2,MCTS_CheckersHeuristic
-117004599,Checkers,0,GAME_OVER,49,48,2,768,1,OSLA,1,2,2,MCTS_CheckersHeuristic
-507496694,Checkers,0,GAME_OVER,48,47,2,769,1,OSLA,1,2,2,MCTS_CheckersHeuristic
-127130226,Checkers,0,GAME_OVER,40,39,2,770,1,OSLA,1,2,2,MCTS_CheckersHeuristic
1976781356,Checkers,0,GAME_OVER,96,95,2,771,1,OSLA,1,2,2,MCTS_CheckersHeuristic
96748349,Checkers,0,GAME_OVER,77,76,2,772,1,OSLA,1,2,2,MCTS_CheckersHeuristic
-1558439202,Checkers,0,GAME_OVER,43,42,2,773,2,OSLA,2,1,1,MCTS_CheckersHeuristic
1200435548,Checkers,0,GAME_OVER,51,50,2,774,1,OSLA,1,2,2,MCTS_CheckersHeuristic
1704523988,Checkers,0,GAME_OVER,61,60,2,775,1,OSLA,1,2,2,MCTS_CheckersHeuristic
-1655199496,Checkers,0,GAME_OVER,113,112,2,776,1,OSLA,1,1,1,MCTS_CheckersHeuristic
-958595622,Checkers,0,GAME_OVER,46,45,2,777,1,OSLA,1,2,2,MCTS_CheckersHeuristic
1931790698,Checkers,0,GAME_OVER,53,52,2,778,1,OSLA,1,2,2,MCTS_CheckersHeuristic
1691137454,Checkers,0,GAME_OVER,58,57,2,779,1,OSLA,1,2,2,MCTS_CheckersHeuristic
-649718369,Checkers,0,GAME_OVER,53,52,2,780,1,OSLA,1,2,2,MCTS_CheckersHeuristic
-2083962255,Checkers,0,GAME_OVER,53,52,2,781,1,OSLA,1,2,2,MCTS_CheckersHeuristic
-1062393879,Checkers,0,GAME_OVER,76,75,2,782,1,OSLA,1,2,2,MCTS_CheckersHeuristic
-1838487253,Checkers,0,GAME_OVER,49,48,2,783,1,OSLA,1,2,2,MCTS_CheckersHeuristic
521062321,Checkers,0,GAME_OVER,61,60,2,784,1,OSLA,1,2,2,MCTS_CheckersHeuristic
847094771,Checkers,0,GAME_OVER,60,59,2,785,1,OSLA,1,2,2,MCTS_CheckersHeuristic
-563383945,Checkers,0,GAME_OVER,78,77,2,786,1,OSLA,1,2,2,MCTS_CheckersHeuristic
346747839,Checkers,0,GAME_OVER,87,86,2,787,1,OSLA,1,2,2,MCTS_CheckersHeuristic
1988847872,Checkers,0,GAME_OVER,58,57,2,788,1,OSLA,1,2,2,MCTS_CheckersHeuristic
1863238123,Checkers,0,GAME_OVER,59,58,2,789,1,OSLA,1,2,2,MCTS_CheckersHeuristic
-1868306767,Checkers,0,GAME_OVER,53,52,2,790,1,OSLA,1,2,2,MCTS_CheckersHeuristic
-919387672,Checkers,0,GAME_OVER,55,54,2,791,1,OSLA,1,2,2,MCTS_CheckersHeuristic
1170746461,Checkers,0,GAME_OVER,49,48,2,792,2,OSLA,2,1,1,MCTS_CheckersHeuristic
-1196589625,Checkers,0,GAME_OVER,46,45,2,793,2,OSLA,2,1,1,MCTS_CheckersHeuristic
-504947956,Checkers,0,GAME_OVER,59,58,2,794,1,OSLA,1,2,2,MCTS_CheckersHeuristic
-1733550993,Checkers,0,GAME_OVER,55,54,2,795,1,OSLA,1,2,2,MCTS_CheckersHeuristic
-1001155950,Checkers,0,GAME_OVER,61,60,2,796,1,OSLA,1,2,2,MCTS_CheckersHeuristic
1585516222,Checkers,0,GAME_OVER,43,42,2,797,1,OSLA,1,2,2,MCTS_CheckersHeuristic
-134527771,Checkers,0,GAME_OVER,39,38,2,798,1,OSLA,1,2,2,MCTS_CheckersHeuristic
-428295954,Checkers,0,GAME_OVER,46,45,2,799,1,OSLA,1,2,2,MCTS_CheckersHeuristic
-2087646572,Checkers,0,GAME_OVER,57,56,2,800,1,OSLA,1,2,2,MCTS_CheckersHeuristic
-1900810258,Checkers,0,GAME_OVER,63,62,2,801,1,OSLA,1,2,2,MCTS_CheckersHeuristic
1166650141,Checkers,0,GAME_OVER,62,61,2,802,1,OSLA,1,2,2,OSLA
109161956,Checkers,0,GAME_OVER,76,75,2,803,1,OSLA,1,1,1,OSLA
-857986891,Checkers,0,GAME_OVER,69,68,2,804,2,OSLA,2,1,1,OSLA
-689553493,Checkers,0,GAME_OVER,45,44,2,805,2,OSLA,2,1,1,OSLA
-344928737,Checkers,0,GAME_OVER,40,39,2,806,1,OSLA,1,2,2,OSLA
-1478639398,Checkers,0,GAME_OVER,41,40,2,807,1,OSLA,1,2,2,OSLA
-785190759,Checkers,0,GAME_OVER,64,63,2,808,1,OSLA,1,2,2,OSLA
-394730578,Checkers,0,GAME_OVER,69,68,2,809,1,OSLA,1,2,2,OSLA
-2096522261,Checkers,0,GAME_OVER,38,37,2,810,1,OSLA,1,2,2,OSLA
890111067,Checkers,0,GAME_OVER,50,49,2,811,1,OSLA,1,2,2,OSLA
-1706908548,Checkers,0,GAME_OVER,48,47,2,812,1,OSLA,1,2,2,OSLA
-933531553,Checkers,0,GAME_OVER,63,62,2,813,1,OSLA,1,2,2,OSLA
-465708335,Checkers,0,GAME_OVER,50,49,2,814,2,OSLA,2,1,1,OSLA
1551619903,Checkers,0,GAME_OVER,53,52,2,815,2,OSLA,2,1,1,OSLA
-1433127224,Checkers,0,GAME_OVER,63,62,2,816,1,OSLA,1,2,2,OSLA
2047594833,Checkers,0,GAME_OVER,49,48,2,817,2,OSLA,2,1,1,OSLA
363113990,Checkers,0,GAME_OVER,50,49,2,818,2,OSLA,2,1,1,OSLA
514727295,Checkers,0,GAME_OVER,56,55,2,819,1,OSLA,1,2,2,OSLA
1986308210,Checkers,0,GAME_OVER,172,171,2,820,1,OSLA,1,1,1,OSLA
-1645304530,Checkers,0,GAME_OVER,75,74,2,821,1,OSLA,1,2,2,OSLA
-721914184,Checkers,0,GAME_OVER,57,56,2,822,1,OSLA,1,2,2,OSLA
-1490940497,Checkers,0,GAME_OVER,48,47,2,823,2,OSLA,2,1,1,OSLA
1850286630,Checkers,0,GAME_OVER,44,43,2,824,1,OSLA,1,2,2,OSLA
-1144868645,Checkers,0,GAME_OVER,68,67,2,825,2,OSLA,2,1,1,OSLA
1625371234,Checkers,0,GAME_OVER,79,78,2,826,1,OSLA,1,1,1,OSLA
-710618420,Checkers,0,GAME_OVER,34,33,2,827,1,OSLA,1,2,2,OSLA
442428611,Checkers,0,GAME_OVER,125,124,2,828,1,OSLA,1,2,2,OSLA
-1841962791,Checkers,0,GAME_OVER,44,43,2,829,2,OSLA,2,1,1,OSLA
987097697,Checkers,0,GAME_OVER,87,86,2,830,1,OSLA,1,1,1,OSLA
-1979775432,Checkers,0,GAME_OVER,59,58,2,831,2,OSLA,2,1,1,OSLA
1436417290,Checkers,0,GAME_OVER,77,76,2,832,1,OSLA,1,1,1,OSLA
1686011118,Checkers,0,GAME_OVER,50,49,2,833,1,OSLA,1,2,2,OSLA
-1460860730,Checkers,0,GAME_OVER,48,47,2,834,2,OSLA,2,1,1,OSLA
558843393,Checkers,0,GAME_OVER,44,43,2,835,1,OSLA,1,2,2,OSLA
-1893988719,Checkers,0,GAME_OVER,118,117,2,836,1,OSLA,1,1,1,OSLA
400650756,Checkers,0,GAME_OVER,59,58,2,837,1,OSLA,1,2,2,OSLA
-996366740,Checkers,0,GAME_OVER,60,59,2,838,2,OSLA,2,1,1,OSLA
-696161431,Checkers,0,GAME_OVER,61,60,2,839,1,OSLA,1,2,2,OSLA
-1317451267,Checkers,0,GAME_OVER,134,133,2,840,2,OSLA,2,1,1,OSLA
-1372006832,Checkers,0,GAME_OVER,50,49,2,841,1,OSLA,1,2,2,OSLA
-1981209011,Checkers,0,GAME_OVER,50,49,2,842,1,OSLA,1,2,2,OSLA
572794274,Checkers,0,GAME_OVER,102,101,2,843,1,OSLA,1,1,1,OSLA
2123338351,Checkers,0,GAME_OVER,54,53,2,844,1,OSLA,1,2,2,OSLA
-971240522,Checkers,0,GAME_OVER,43,42,2,845,2,OSLA,2,1,1,OSLA
-476990959,Checkers,0,GAME_OVER,56,55,2,846,1,OSLA,1,2,2,OSLA
297204952,Checkers,0,GAME_OVER,61,60,2,847,2,OSLA,2,1,1,OSLA
302978622,Checkers,0,GAME_OVER,57,56,2,848,1,OSLA,1,2,2,OSLA
1736254571,Checkers,0,GAME_OVER,81,80,2,849,1,OSLA,1,1,1,OSLA
833580007,Checkers,0,GAME_OVER,50,49,2,850,1,OSLA,1,2,2,OSLA
1738998133,Checkers,0,GAME_OVER,173,172,2,851,1,OSLA,1,1,1,OSLA
272379623,Checkers,0,GAME_OVER,149,148,2,852,1,OSLA,1,1,1,OSLA
-1968869925,Checkers,0,GAME_OVER,84,83,2,853,1,OSLA,1,2,2,OSLA
1781885336,Checkers,0,GAME_OVER,98,97,2,854,1,OSLA,1,1,1,OSLA
1003531168,Checkers,0,GAME_OVER,76,75,2,855,1,OSLA,1,2,2,OSLA
834411585,Checkers,0,GAME_OVER,56,55,2,856,1,OSLA,1,2,2,OSLA
-1581955635,Checkers,0,GAME_OVER,76,75,2,857,1,OSLA,1,2,2,OSLA
856476889,Checkers,0,GAME_OVER,57,56,2,858,1,OSLA,1,2,2,OSLA
-1665028347,Checkers,0,GAME_OVER,63,62,2,859,2,OSLA,2,1,1,OSLA
1099843316,Checkers,0,GAME_OVER,112,111,2,860,1,OSLA,1,1,1,OSLA
-2006344251,Checkers,0,GAME_OVER,37,36,2,861,1,OSLA,1,2,2,OSLA
1164545248,Checkers,0,GAME_OVER,51,50,2,862,1,OSLA,1,2,2,OSLA
878560987,Checkers,0,GAME_OVER,82,81,2,863,2,OSLA,2,1,1,OSLA
-768428501,Checkers,0,GAME_OVER,103,102,2,864,1,OSLA,1,1,1,OSLA
-852766551,Checkers,0,GAME_OVER,41,40,2,865,1,OSLA,1,2,2,OSLA
-290863815,Checkers,0,GAME_OVER,133,132,2,866,1,OSLA,1,1,1,OSLA
1261813282,Checkers,0,GAME_OVER,58,57,2,867,2,OSLA,2,1,1,OSLA
1909828744,Checkers,0,GAME_OVER,53,52,2,868,1,OSLA,1,2,2,OSLA
1603710631,Checkers,0,GAME_OVER,156,155,2,869,2,OSLA,2,1,1,OSLA
-1780834855,Checkers,0,GAME_OVER,93,92,2,870,1,OSLA,1,1,1,OSLA
1427126317,Checkers,0,GAME_OVER,43,42,2,871,2,OSLA,2,1,1,OSLA
-1234984872,Checkers,0,GAME_OVER,170,169,2,872,1,OSLA,1,1,1,OSLA
-1914313899,Checkers,0,GAME_OVER,77,76,2,873,1,OSLA,1,1,1,OSLA
454762611,Checkers,0,GAME_OVER,40,39,2,874,1,OSLA,1,2,2,OSLA
-619184801,Checkers,0,GAME_OVER,43,42,2,875,1,OSLA,1,2,2,OSLA
1223164680,Checkers,0,GAME_OVER,53,52,2,876,1,OSLA,1,2,2,OSLA
2054363673,Checkers,0,GAME_OVER,36,35,2,877,1,OSLA,1,2,2,OSLA
-1866035446,Checkers,0,GAME_OVER,54,53,2,878,1,OSLA,1,2,2,OSLA
-2061774791,Checkers,0,GAME_OVER,58,57,2,879,1,OSLA,1,2,2,OSLA
114068438,Checkers,0,GAME_OVER,58,57,2,880,1,OSLA,1,2,2,OSLA
381060298,Checkers,0,GAME_OVER,48,47,2,881,2,OSLA,2,1,1,OSLA
-355135545,Checkers,0,GAME_OVER,92,91,2,882,1,OSLA,1,1,1,OSLA
-544731501,Checkers,0,GAME_OVER,51,50,2,883,2,OSLA,2,1,1,OSLA
917895627,Checkers,0,GAME_OVER,83,82,2,884,2,OSLA,2,1,1,OSLA
1618389143,Checkers,0,GAME_OVER,45,44,2,885,1,OSLA,1,2,2,OSLA
-1736785397,Checkers,0,GAME_OVER,90,89,2,886,1,OSLA,1,1,1,OSLA
2005050153,Checkers,0,GAME_OVER,154,153,2,887,1,OSLA,1,1,1,OSLA
-1189707545,Checkers,0,GAME_OVER,45,44,2,888,1,OSLA,1,2,2,OSLA
1647154471,Checkers,0,GAME_OVER,51,50,2,889,1,OSLA,1,2,2,OSLA
-1409642296,Checkers,0,GAME_OVER,91,90,2,890,1,OSLA,1,2,2,OSLA
-166327463,Checkers,0,GAME_OVER,109,108,2,891,2,OSLA,2,1,1,OSLA
-1990371682,Checkers,0,GAME_OVER,65,64,2,892,1,OSLA,1,2,2,OSLA
-9967102,Checkers,0,GAME_OVER,95,94,2,893,2,OSLA,2,1,1,OSLA
-299674100,Checkers,0,GAME_OVER,40,39,2,894,1,OSLA,1,2,2,OSLA
-18844374,Checkers,0,GAME_OVER,38,37,2,895,2,OSLA,2,1,1,OSLA
120459651,Checkers,0,GAME_OVER,94,93,2,896,1,OSLA,1,1,1,OSLA
860114479,Checkers,0,GAME_OVER,46,45,2,897,2,OSLA,2,1,1,OSLA
-2092751906,Checkers,0,GAME_OVER,59,58,2,898,2,OSLA,2,1,1,OSLA
-91735664,Checkers,0,GAME_OVER,55,54,2,899,1,OSLA,1,2,2,OSLA
2122436674,Checkers,0,GAME_OVER,44,43,2,900,1,OSLA,1,2,2,OSLA
1350581789,Checkers,0,GAME_OVER,109,108,2,901,2,OSLA,2,1,1,OSLA
935708237,Checkers,0,GAME_OVER,48,47,2,902,2,OSLA,2,1,1,OSLA
1636251373,Checkers,0,GAME_OVER,114,113,2,903,1,OSLA,1,1,1,OSLA
-1656792108,Checkers,0,GAME_OVER,49,48,2,904,2,OSLA,2,1,1,OSLA
1642681286,Checkers,0,GAME_OVER,56,55,2,905,1,OSLA,1,2,2,OSLA
275829445,Checkers,0,GAME_OVER,52,51,2,906,1,OSLA,1,2,2,OSLA
351457243,Checkers,0,GAME_OVER,67,66,2,907,2,OSLA,2,1,1,OSLA
-1007240979,Checkers,0,GAME_OVER,55,54,2,908,1,OSLA,1,2,2,OSLA
-1109889775,Checkers,0,GAME_OVER,95,94,2,909,1,OSLA,1,1,1,OSLA
-696199004,Checkers,0,GAME_OVER,69,68,2,910,2,OSLA,2,1,1,OSLA
1627296296,Checkers,0,GAME_OVER,51,50,2,911,1,OSLA,1,2,2,OSLA
-381690697,Checkers,0,GAME_OVER,48,47,2,912,2,OSLA,2,1,1,OSLA
-1714531209,Checkers,0,GAME_OVER,58,57,2,913,2,OSLA,2,1,1,OSLA
1611695884,Checkers,0,GAME_OVER,46,45,2,914,1,OSLA,1,2,2,OSLA
877906465,Checkers,0,GAME_OVER,64,63,2,915,1,OSLA,1,1,1,OSLA
-1828489019,Checkers,0,GAME_OVER,55,54,2,916,2,OSLA,2,1,1,OSLA
849334249,Checkers,0,GAME_OVER,64,63,2,917,2,OSLA,2,1,1,OSLA
-1301554182,Checkers,0,GAME_OVER,45,44,2,918,2,OSLA,2,1,1,OSLA
943228435,Checkers,0,GAME_OVER,42,41,2,919,2,OSLA,2,1,1,OSLA
-504360382,Checkers,0,GAME_OVER,122,121,2,920,1,OSLA,1,1,1,OSLA
1545157105,Checkers,0,GAME_OVER,67,66,2,921,1,OSLA,1,1,1,OSLA
-1954631529,Checkers,0,GAME_OVER,43,42,2,922,2,OSLA,2,1,1,OSLA
-601567730,Checkers,0,GAME_OVER,101,100,2,923,1,OSLA,1,1,1,OSLA
-255010712,Checkers,0,GAME_OVER,43,42,2,924,1,OSLA,1,2,2,OSLA
-824178409,Checkers,0,GAME_OVER,51,50,2,925,1,OSLA,1,2,2,OSLA
-1297140018,Checkers,0,GAME_OVER,131,130,2,926,1,OSLA,1,1,1,OSLA
739054572,Checkers,0,GAME_OVER,60,59,2,927,2,OSLA,2,1,1,OSLA
-1367413192,Checkers,0,GAME_OVER,39,38,2,928,1,OSLA,1,2,2,OSLA
-958731899,Checkers,0,GAME_OVER,84,83,2,929,2,OSLA,2,1,1,OSLA
-848675810,Checkers,0,GAME_OVER,40,39,2,930,2,OSLA,2,1,1,OSLA
-946528367,Checkers,0,GAME_OVER,39,38,2,931,2,OSLA,2,1,1,OSLA
-1515381913,Checkers,0,GAME_OVER,33,32,2,932,1,OSLA,1,2,2,OSLA
-842052371,Checkers,0,GAME_OVER,58,57,2,933,2,OSLA,2,1,1,OSLA
-1850718800,Checkers,0,GAME_OVER,52,51,2,934,2,OSLA,2,1,1,OSLA
1775172467,Checkers,0,GAME_OVER,41,40,2,935,1,OSLA,1,2,2,OSLA
-751232873,Checkers,0,GAME_OVER,42,41,2,936,1,OSLA,1,2,2,OSLA
1601017002,Checkers,0,GAME_OVER,131,130,2,937,1,OSLA,1,1,1,OSLA
-1638934101,Checkers,0,GAME_OVER,104,103,2,938,1,OSLA,1,1,1,OSLA
-916609700,Checkers,0,GAME_OVER,38,37,2,939,1,OSLA,1,2,2,OSLA
746908358,Checkers,0,GAME_OVER,42,41,2,940,2,OSLA,2,1,1,OSLA
1274231333,Checkers,0,GAME_OVER,49,48,2,941,1,OSLA,1,2,2,OSLA
510298567,Checkers,0,GAME_OVER,67,66,2,942,2,OSLA,2,1,1,OSLA
-670333074,Checkers,0,GAME_OVER,45,44,2,943,2,OSLA,2,1,1,OSLA
-353500661,Checkers,0,GAME_OVER,59,58,2,944,2,OSLA,2,1,1,OSLA
-551773830,Checkers,0,GAME_OVER,53,52,2,945,2,OSLA,2,1,1,OSLA
-1582853344,Checkers,0,GAME_OVER,68,67,2,946,1,OSLA,1,2,2,OSLA
2069953895,Checkers,0,GAME_OVER,66,65,2,947,2,OSLA,2,1,1,OSLA
844042110,Checkers,0,GAME_OVER,121,120,2,948,1,OSLA,1,1,1,OSLA
1083589210,Checkers,0,GAME_OVER,64,63,2,949,1,OSLA,1,2,2,OSLA
1162880844,Checkers,0,GAME_OVER,98,97,2,950,1,OSLA,1,1,1,OSLA
768043558,Checkers,0,GAME_OVER,110,109,2,951,1,OSLA,1,1,1,OSLA
2146748024,Checkers,0,GAME_OVER,49,48,2,952,1,OSLA,1,2,2,OSLA
-877137102,Checkers,0,GAME_OVER,52,51,2,953,2,OSLA,2,1,1,OSLA
-910249297,Checkers,0,GAME_OVER,76,75,2,954,1,OSLA,1,2,2,OSLA
-980835986,Checkers,0,GAME_OVER,60,59,2,955,1,OSLA,1,2,2,OSLA
1031863548,Checkers,0,GAME_OVER,62,61,2,956,1,OSLA,1,2,2,OSLA
743547533,Checkers,0,GAME_OVER,36,35,2,957,1,OSLA,1,2,2,OSLA
1816900621,Checkers,0,GAME_OVER,61,60,2,958,2,OSLA,2,1,1,OSLA
483043817,Checkers,0,GAME_OVER,107,106,2,959,1,OSLA,1,1,1,OSLA
1257955188,Checkers,0,GAME_OVER,134,133,2,960,1,OSLA,1,1,1,OSLA
2012560054,Checkers,0,GAME_OVER,53,52,2,961,1,OSLA,1,2,2,OSLA
494401888,Checkers,0,GAME_OVER,50,49,2,962,1,OSLA,1,2,2,OSLA
-6808722,Checkers,0,GAME_OVER,38,37,2,963,1,OSLA,1,2,2,OSLA
-1140708449,Checkers,0,GAME_OVER,88,87,2,964,1,OSLA,1,1,1,OSLA
-1263670368,Checkers,0,GAME_OVER,96,95,2,965,1,OSLA,1,1,1,OSLA
-960670229,Checkers,0,GAME_OVER,46,45,2,966,2,OSLA,2,1,1,OSLA
-1681023610,Checkers,0,GAME_OVER,69,68,2,967,1,OSLA,1,2,2,OSLA
-117004599,Checkers,0,GAME_OVER,147,146,2,968,1,OSLA,1,1,1,OSLA
-507496694,Checkers,0,GAME_OVER,114,113,2,969,1,OSLA,1,1,1,OSLA
-127130226,Checkers,0,GAME_OVER,61,60,2,970,2,OSLA,2,1,1,OSLA
1976781356,Checkers,0,GAME_OVER,62,61,2,971,1,OSLA,1,2,2,OSLA
96748349,Checkers,0,GAME_OVER,48,47,2,972,2,OSLA,2,1,1,OSLA
-1558439202,Checkers,0,GAME_OVER,37,36,2,973,2,OSLA,2,1,1,OSLA
1200435548,Checkers,0,GAME_OVER,67,66,2,974,2,OSLA,2,1,1,OSLA
1704523988,Checkers,0,GAME_OVER,54,53,2,975,2,OSLA,2,1,1,OSLA
-1655199496,Checkers,0,GAME_OVER,52,51,2,976,1,OSLA,1,2,2,OSLA
-958595622,Checkers,0,GAME_OVER,52,51,2,977,1,OSLA,1,2,2,OSLA
1931790698,Checkers,0,GAME_OVER,118,117,2,978,1,OSLA,1,1,1,OSLA
1691137454,Checkers,0,GAME_OVER,42,41,2,979,1,OSLA,1,2,2,OSLA
-649718369,Checkers,0,GAME_OVER,47,46,2,980,1,OSLA,1,2,2,OSLA
-2083962255,Checkers,0,GAME_OVER,48,47,2,981,2,OSLA,2,1,1,OSLA
-1062393879,Checkers,0,GAME_OVER,43,42,2,982,1,OSLA,1,2,2,OSLA
-1838487253,Checkers,0,GAME_OVER,97,96,2,983,1,OSLA,1,1,1,OSLA
521062321,Checkers,0,GAME_OVER,107,106,2,984,1,OSLA,1,1,1,OSLA
847094771,Checkers,0,GAME_OVER,44,43,2,985,1,OSLA,1,2,2,OSLA
-563383945,Checkers,0,GAME_OVER,122,121,2,986,1,OSLA,1,1,1,OSLA
346747839,Checkers,0,GAME_OVER,113,112,2,987,1,OSLA,1,1,1,OSLA
1988847872,Checkers,0,GAME_OVER,41,40,2,988,1,OSLA,1,2,2,OSLA
1863238123,Checkers,0,GAME_OVER,157,156,2,989,1,OSLA,1,1,1,OSLA
-1868306767,Checkers,0,GAME_OVER,96,95,2,990,1,OSLA,1,1,1,OSLA
-919387672,Checkers,0,GAME_OVER,70,69,2,991,1,OSLA,1,2,2,OSLA
1170746461,Checkers,0,GAME_OVER,57,56,2,992,1,OSLA,1,2,2,OSLA
-1196589625,Checkers,0,GAME_OVER,34,33,2,993,1,OSLA,1,2,2,OSLA
-504947956,Checkers,0,GAME_OVER,43,42,2,994,1,OSLA,1,2,2,OSLA
-1733550993,Checkers,0,GAME_OVER,54,53,2,995,2,OSLA,2,1,1,OSLA
-1001155950,Checkers,0,GAME_OVER,51,50,2,996,1,OSLA,1,2,2,OSLA
1585516222,Checkers,0,GAME_OVER,39,38,2,997,1,OSLA,1,2,2,OSLA
-134527771,Checkers,0,GAME_OVER,92,91,2,998,1,OSLA,1,1,1,OSLA
-428295954,Checkers,0,GAME_OVER,64,63,2,999,2,OSLA,2,1,1,OSLA
-2087646572,Checkers,0,GAME_OVER,85,84,2,1000,1,OSLA,1,1,1,OSLA
-1900810258,Checkers,0,GAME_OVER,67,66,2,1001,1,OSLA,1,2,2,OSLA
1166650141,Checkers,0,GAME_OVER,46,45,2,1002,2,OSLA,2,1,1,RandomPlayerConfig
109161956,Checkers,0,GAME_OVER,39,38,2,1003,2,OSLA,2,1,1,RandomPlayerConfig
-857986891,Checkers,0,GAME_OVER,39,38,2,1004,2,OSLA,2,1,1,RandomPlayerConfig
-689553493,Checkers,0,GAME_OVER,33,32,2,1005,2,OSLA,2,1,1,RandomPlayerConfig
-344928737,Checkers,0,GAME_OVER,35,34,2,1006,2,OSLA,2,1,1,RandomPlayerConfig
-1478639398,Checkers,0,GAME_OVER,34,33,2,1007,2,OSLA,2,1,1,RandomPlayerConfig
-785190759,Checkers,0,GAME_OVER,42,41,2,1008,2,OSLA,2,1,1,RandomPlayerConfig
-394730578,Checkers,0,GAME_OVER,37,36,2,1009,2,OSLA,2,1,1,RandomPlayerConfig
-2096522261,Checkers,0,GAME_OVER,35,34,2,1010,2,OSLA,2,1,1,RandomPlayerConfig
890111067,Checkers,0,GAME_OVER,33,32,2,1011,2,OSLA,2,1,1,RandomPlayerConfig
-1706908548,Checkers,0,GAME_OVER,37,36,2,1012,2,OSLA,2,1,1,RandomPlayerConfig
-933531553,Checkers,0,GAME_OVER,35,34,2,1013,2,OSLA,2,1,1,RandomPlayerConfig
-465708335,Checkers,0,GAME_OVER,36,35,2,1014,2,OSLA,2,1,1,RandomPlayerConfig
1551619903,Checkers,0,GAME_OVER,38,37,2,1015,2,OSLA,2,1,1,RandomPlayerConfig
-1433127224,Checkers,0,GAME_OVER,40,39,2,1016,2,OSLA,2,1,1,RandomPlayerConfig
2047594833,Checkers,0,GAME_OVER,48,47,2,1017,2,OSLA,2,1,1,RandomPlayerConfig
363113990,Checkers,0,GAME_OVER,32,31,2,1018,2,OSLA,2,1,1,RandomPlayerConfig
514727295,Checkers,0,GAME_OVER,36,35,2,1019,2,OSLA,2,1,1,RandomPlayerConfig
1986308210,Checkers,0,GAME_OVER,55,54,2,1020,2,OSLA,2,1,1,RandomPlayerConfig
-1645304530,Checkers,0,GAME_OVER,38,37,2,1021,2,OSLA,2,1,1,RandomPlayerConfig
-721914184,Checkers,0,GAME_OVER,38,37,2,1022,2,OSLA,2,1,1,RandomPlayerConfig
-1490940497,Checkers,0,GAME_OVER,32,31,2,1023,2,OSLA,2,1,1,RandomPlayerConfig
1850286630,Checkers,0,GAME_OVER,36,35,2,1024,2,OSLA,2,1,1,RandomPlayerConfig
-1144868645,Checkers,0,GAME_OVER,33,32,2,1025,2,OSLA,2,1,1,RandomPlayerConfig
1625371234,Checkers,0,GAME_OVER,38,37,2,1026,2,OSLA,2,1,1,RandomPlayerConfig
-710618420,Checkers,0,GAME_OVER,39,38,2,1027,2,OSLA,2,1,1,RandomPlayerConfig
442428611,Checkers,0,GAME_OVER,39,38,2,1028,2,OSLA,2,1,1,RandomPlayerConfig
-1841962791,Checkers,0,GAME_OVER,42,41,2,1029,2,OSLA,2,1,1,RandomPlayerConfig
987097697,Checkers,0,GAME_OVER,62,61,2,1030,2,OSLA,2,1,1,RandomPlayerConfig
-1979775432,Checkers,0,GAME_OVER,38,37,2,1031,2,OSLA,2,1,1,RandomPlayerConfig
1436417290,Checkers,0,GAME_OVER,35,34,2,1032,2,OSLA,2,1,1,RandomPlayerConfig
1686011118,Checkers,0,GAME_OVER,38,37,2,1033,2,OSLA,2,1,1,RandomPlayerConfig
-1460860730,Checkers,0,GAME_OVER,49,48,2,1034,2,OSLA,2,1,1,RandomPlayerConfig
558843393,Checkers,0,GAME_OVER,32,31,2,1035,2,OSLA,2,1,1,RandomPlayerConfig
-1893988719,Checkers,0,GAME_OVER,45,44,2,1036,2,OSLA,2,1,1,RandomPlayerConfig
400650756,Checkers,0,GAME_OVER,51,50,2,1037,2,OSLA,2,1,1,RandomPlayerConfig
-996366740,Checkers,0,GAME_OVER,33,32,2,1038,2,OSLA,2,1,1,RandomPlayerConfig
-696161431,Checkers,0,GAME_OVER,40,39,2,1039,2,OSLA,2,1,1,RandomPlayerConfig
-1317451267,Checkers,0,GAME_OVER,33,32,2,1040,2,OSLA,2,1,1,RandomPlayerConfig
-1372006832,Checkers,0,GAME_OVER,34,33,2,1041,2,OSLA,2,1,1,RandomPlayerConfig
-1981209011,Checkers,0,GAME_OVER,30,29,2,1042,2,OSLA,2,1,1,RandomPlayerConfig
572794274,Checkers,0,GAME_OVER,34,33,2,1043,2,OSLA,2,1,1,RandomPlayerConfig
2123338351,Checkers,0,GAME_OVER,47,46,2,1044,2,OSLA,2,1,1,RandomPlayerConfig
-971240522,Checkers,0,GAME_OVER,59,58,2,1045,2,OSLA,2,1,1,RandomPlayerConfig
-476990959,Checkers,0,GAME_OVER,46,45,2,1046,2,OSLA,2,1,1,RandomPlayerConfig
297204952,Checkers,0,GAME_OVER,33,32,2,1047,2,OSLA,2,1,1,RandomPlayerConfig
302978622,Checkers,0,GAME_OVER,39,38,2,1048,2,OSLA,2,1,1,RandomPlayerConfig
1736254571,Checkers,0,GAME_OVER,63,62,2,1049,2,OSLA,2,1,1,RandomPlayerConfig
833580007,Checkers,0,GAME_OVER,41,40,2,1050,2,OSLA,2,1,1,RandomPlayerConfig
1738998133,Checkers,0,GAME_OVER,45,44,2,1051,2,OSLA,2,1,1,RandomPlayerConfig
272379623,Checkers,0,GAME_OVER,35,34,2,1052,2,OSLA,2,1,1,RandomPlayerConfig
-1968869925,Checkers,0,GAME_OVER,32,31,2,1053,2,OSLA,2,1,1,RandomPlayerConfig
1781885336,Checkers,0,GAME_OVER,38,37,2,1054,2,OSLA,2,1,1,RandomPlayerConfig
1003531168,Checkers,0,GAME_OVER,48,47,2,1055,2,OSLA,2,1,1,RandomPlayerConfig
834411585,Checkers,0,GAME_OVER,43,42,2,1056,2,OSLA,2,1,1,RandomPlayerConfig
-1581955635,Checkers,0,GAME_OVER,49,48,2,1057,2,OSLA,2,1,1,RandomPlayerConfig
856476889,Checkers,0,GAME_OVER,46,45,2,1058,2,OSLA,2,1,1,RandomPlayerConfig
-1665028347,Checkers,0,GAME_OVER,32,31,2,1059,2,OSLA,2,1,1,RandomPlayerConfig
1099843316,Checkers,0,GAME_OVER,34,33,2,1060,2,OSLA,2,1,1,RandomPlayerConfig
-2006344251,Checkers,0,GAME_OVER,37,36,2,1061,2,OSLA,2,1,1,RandomPlayerConfig
1164545248,Checkers,0,GAME_OVER,41,40,2,1062,2,OSLA,2,1,1,RandomPlayerConfig
878560987,Checkers,0,GAME_OVER,54,53,2,1063,2,OSLA,2,1,1,RandomPlayerConfig
-768428501,Checkers,0,GAME_OVER,39,38,2,1064,2,OSLA,2,1,1,RandomPlayerConfig
-852766551,Checkers,0,GAME_OVER,46,45,2,1065,2,OSLA,2,1,1,RandomPlayerConfig
-290863815,Checkers,0,GAME_OVER,45,44,2,1066,2,OSLA,2,1,1,RandomPlayerConfig
1261813282,Checkers,0,GAME_OVER,48,47,2,1067,2,OSLA,2,1,1,RandomPlayerConfig
1909828744,Checkers,0,GAME_OVER,47,46,2,1068,2,OSLA,2,1,1,RandomPlayerConfig
1603710631,Checkers,0,GAME_OVER,36,35,2,1069,2,OSLA,2,1,1,RandomPlayerConfig
-1780834855,Checkers,0,GAME_OVER,36,35,2,1070,2,OSLA,2,1,1,RandomPlayerConfig
1427126317,Checkers,0,GAME_OVER,43,42,2,1071,2,OSLA,2,1,1,RandomPlayerConfig
-1234984872,Checkers,0,GAME_OVER,28,27,2,1072,2,OSLA,2,1,1,RandomPlayerConfig
-1914313899,Checkers,0,GAME_OVER,33,32,2,1073,2,OSLA,2,1,1,RandomPlayerConfig
454762611,Checkers,0,GAME_OVER,31,30,2,1074,2,OSLA,2,1,1,RandomPlayerConfig
-619184801,Checkers,0,GAME_OVER,40,39,2,1075,2,OSLA,2,1,1,RandomPlayerConfig
1223164680,Checkers,0,GAME_OVER,39,38,2,1076,2,OSLA,2,1,1,RandomPlayerConfig
2054363673,Checkers,0,GAME_OVER,49,48,2,1077,2,OSLA,2,1,1,RandomPlayerConfig
-1866035446,Checkers,0,GAME_OVER,42,41,2,1078,2,OSLA,2,1,1,RandomPlayerConfig
-2061774791,Checkers,0,GAME_OVER,34,33,2,1079,2,OSLA,2,1,1,RandomPlayerConfig
114068438,Checkers,0,GAME_OVER,37,36,2,1080,2,OSLA,2,1,1,RandomPlayerConfig
381060298,Checkers,0,GAME_OVER,54,53,2,1081,2,OSLA,2,1,1,RandomPlayerConfig
-355135545,Checkers,0,GAME_OVER,33,32,2,1082,2,OSLA,2,1,1,RandomPlayerConfig
-544731501,Checkers,0,GAME_OVER,40,39,2,1083,2,OSLA,2,1,1,RandomPlayerConfig
917895627,Checkers,0,GAME_OVER,38,37,2,1084,2,OSLA,2,1,1,RandomPlayerConfig
1618389143,Checkers,0,GAME_OVER,46,45,2,1085,2,OSLA,2,1,1,RandomPlayerConfig
-1736785397,Checkers,0,GAME_OVER,48,47,2,1086,2,OSLA,2,1,1,RandomPlayerConfig
2005050153,Checkers,0,GAME_OVER,35,34,2,1087,2,OSLA,2,1,1,RandomPlayerConfig
-1189707545,Checkers,0,GAME_OVER,38,37,2,1088,2,OSLA,2,1,1,RandomPlayerConfig
1647154471,Checkers,0,GAME_OVER,45,44,2,1089,2,OSLA,2,1,1,RandomPlayerConfig
-1409642296,Checkers,0,GAME_OVER,46,45,2,1090,2,OSLA,2,1,1,RandomPlayerConfig
-166327463,Checkers,0,GAME_OVER,36,35,2,1091,2,OSLA,2,1,1,RandomPlayerConfig
-1990371682,Checkers,0,GAME_OVER,34,33,2,1092,2,OSLA,2,1,1,RandomPlayerConfig
-9967102,Checkers,0,GAME_OVER,51,50,2,1093,2,OSLA,2,1,1,RandomPlayerConfig
-299674100,Checkers,0,GAME_OVER,36,35,2,1094,2,OSLA,2,1,1,RandomPlayerConfig
-18844374,Checkers,0,GAME_OVER,27,26,2,1095,2,OSLA,2,1,1,RandomPlayerConfig
120459651,Checkers,0,GAME_OVER,34,33,2,1096,2,OSLA,2,1,1,RandomPlayerConfig
860114479,Checkers,0,GAME_OVER,42,41,2,1097,2,OSLA,2,1,1,RandomPlayerConfig
-2092751906,Checkers,0,GAME_OVER,37,36,2,1098,2,OSLA,2,1,1,RandomPlayerConfig
-91735664,Checkers,0,GAME_OVER,43,42,2,1099,2,OSLA,2,1,1,RandomPlayerConfig
2122436674,Checkers,0,GAME_OVER,34,33,2,1100,2,OSLA,2,1,1,RandomPlayerConfig
1350581789,Checkers,0,GAME_OVER,37,36,2,1101,2,OSLA,2,1,1,RandomPlayerConfig
935708237,Checkers,0,GAME_OVER,31,30,2,1102,2,OSLA,2,1,1,RandomPlayerConfig
1636251373,Checkers,0,GAME_OVER,45,44,2,1103,2,OSLA,2,1,1,RandomPlayerConfig
-1656792108,Checkers,0,GAME_OVER,43,42,2,1104,2,OSLA,2,1,1,RandomPlayerConfig
1642681286,Checkers,0,GAME_OVER,41,40,2,1105,2,OSLA,2,1,1,RandomPlayerConfig
275829445,Checkers,0,GAME_OVER,35,34,2,1106,2,OSLA,2,1,1,RandomPlayerConfig
351457243,Checkers,0,GAME_OVER,31,30,2,1107,2,OSLA,2,1,1,RandomPlayerConfig
-1007240979,Checkers,0,GAME_OVER,33,32,2,1108,2,OSLA,2,1,1,RandomPlayerConfig
-1109889775,Checkers,0,GAME_OVER,31,30,2,1109,2,OSLA,2,1,1,RandomPlayerConfig
-696199004,Checkers,0,GAME_OVER,41,40,2,1110,2,OSLA,2,1,1,RandomPlayerConfig
1627296296,Checkers,0,GAME_OVER,30,29,2,1111,2,OSLA,2,1,1,RandomPlayerConfig
-381690697,Checkers,0,GAME_OVER,43,42,2,1112,2,OSLA,2,1,1,RandomPlayerConfig
-1714531209,Checkers,0,GAME_OVER,46,45,2,1113,2,OSLA,2,1,1,RandomPlayerConfig
1611695884,Checkers,0,GAME_OVER,33,32,2,1114,2,OSLA,2,1,1,RandomPlayerConfig
877906465,Checkers,0,GAME_OVER,39,38,2,1115,2,OSLA,2,1,1,RandomPlayerConfig
-1828489019,Checkers,0,GAME_OVER,33,32,2,1116,2,OSLA,2,1,1,RandomPlayerConfig
849334249,Checkers,0,GAME_OVER,34,33,2,1117,2,OSLA,2,1,1,RandomPlayerConfig
-1301554182,Checkers,0,GAME_OVER,71,70,2,1118,1,OSLA,1,1,1,RandomPlayerConfig
943228435,Checkers,0,GAME_OVER,47,46,2,1119,2,OSLA,2,1,1,RandomPlayerConfig
-504360382,Checkers,0,GAME_OVER,32,31,2,1120,2,OSLA,2,1,1,RandomPlayerConfig
1545157105,Checkers,0,GAME_OVER,40,39,2,1121,2,OSLA,2,1,1,RandomPlayerConfig
-1954631529,Checkers,0,GAME_OVER,54,53,2,1122,2,OSLA,2,1,1,RandomPlayerConfig
-601567730,Checkers,0,GAME_OVER,53,52,2,1123,2,OSLA,2,1,1,RandomPlayerConfig
-255010712,Checkers,0,GAME_OVER,35,34,2,1124,2,OSLA,2,1,1,RandomPlayerConfig
-824178409,Checkers,0,GAME_OVER,32,31,2,1125,2,OSLA,2,1,1,RandomPlayerConfig
-1297140018,Checkers,0,GAME_OVER,36,35,2,1126,2,OSLA,2,1,1,RandomPlayerConfig
739054572,Checkers,0,GAME_OVER,50,49,2,1127,2,OSLA,2,1,1,RandomPlayerConfig
-1367413192,Checkers,0,GAME_OVER,29,28,2,1128,2,OSLA,2,1,1,RandomPlayerConfig
-958731899,Checkers,0,GAME_OVER,40,39,2,1129,2,OSLA,2,1,1,RandomPlayerConfig
-848675810,Checkers,0,GAME_OVER,54,53,2,1130,2,OSLA,2,1,1,RandomPlayerConfig
-946528367,Checkers,0,GAME_OVER,42,41,2,1131,2,OSLA,2,1,1,RandomPlayerConfig
-1515381913,Checkers,0,GAME_OVER,34,33,2,1132,2,OSLA,2,1,1,RandomPlayerConfig
-842052371,Checkers,0,GAME_OVER,31,30,2,1133,2,OSLA,2,1,1,RandomPlayerConfig
-1850718800,Checkers,0,GAME_OVER,42,41,2,1134,2,OSLA,2,1,1,RandomPlayerConfig
1775172467,Checkers,0,GAME_OVER,41,40,2,1135,2,OSLA,2,1,1,RandomPlayerConfig
-751232873,Checkers,0,GAME_OVER,34,33,2,1136,2,OSLA,2,1,1,RandomPlayerConfig
1601017002,Checkers,0,GAME_OVER,41,40,2,1137,2,OSLA,2,1,1,RandomPlayerConfig
-1638934101,Checkers,0,GAME_OVER,40,39,2,1138,2,OSLA,2,1,1,RandomPlayerConfig
-916609700,Checkers,0,GAME_OVER,35,34,2,1139,2,OSLA,2,1,1,RandomPlayerConfig
746908358,Checkers,0,GAME_OVER,43,42,2,1140,2,OSLA,2,1,1,RandomPlayerConfig
1274231333,Checkers,0,GAME_OVER,42,41,2,1141,2,OSLA,2,1,1,RandomPlayerConfig
510298567,Checkers,0,GAME_OVER,37,36,2,1142,2,OSLA,2,1,1,RandomPlayerConfig
-670333074,Checkers,0,GAME_OVER,35,34,2,1143,2,OSLA,2,1,1,RandomPlayerConfig
-353500661,Checkers,0,GAME_OVER,48,47,2,1144,2,OSLA,2,1,1,RandomPlayerConfig
-551773830,Checkers,0,GAME_OVER,33,32,2,1145,2,OSLA,2,1,1,RandomPlayerConfig
-1582853344,Checkers,0,GAME_OVER,42,41,2,1146,2,OSLA,2,1,1,RandomPlayerConfig
2069953895,Checkers,0,GAME_OVER,52,51,2,1147,2,OSLA,2,1,1,RandomPlayerConfig
844042110,Checkers,0,GAME_OVER,38,37,2,1148,2,OSLA,2,1,1,RandomPlayerConfig
1083589210,Checkers,0,GAME_OVER,33,32,2,1149,2,OSLA,2,1,1,RandomPlayerConfig
1162880844,Checkers,0,GAME_OVER,35,34,2,1150,2,OSLA,2,1,1,RandomPlayerConfig
768043558,Checkers,0,GAME_OVER,41,40,2,1151,2,OSLA,2,1,1,RandomPlayerConfig
2146748024,Checkers,0,GAME_OVER,43,42,2,1152,2,OSLA,2,1,1,RandomPlayerConfig
-877137102,Checkers,0,GAME_OVER,45,44,2,1153,2,OSLA,2,1,1,RandomPlayerConfig
-910249297,Checkers,0,GAME_OVER,42,41,2,1154,2,OSLA,2,1,1,RandomPlayerConfig
-980835986,Checkers,0,GAME_OVER,33,32,2,1155,2,OSLA,2,1,1,RandomPlayerConfig
1031863548,Checkers,0,GAME_OVER,35,34,2,1156,2,OSLA,2,1,1,RandomPlayerConfig
743547533,Checkers,0,GAME_OVER,52,51,2,1157,2,OSLA,2,1,1,RandomPlayerConfig
1816900621,Checkers,0,GAME_OVER,32,31,2,1158,2,OSLA,2,1,1,RandomPlayerConfig
483043817,Checkers,0,GAME_OVER,44,43,2,1159,2,OSLA,2,1,1,RandomPlayerConfig
1257955188,Checkers,0,GAME_OVER,57,56,2,1160,2,OSLA,2,1,1,RandomPlayerConfig
2012560054,Checkers,0,GAME_OVER,31,30,2,1161,2,OSLA,2,1,1,RandomPlayerConfig
494401888,Checkers,0,GAME_OVER,33,32,2,1162,2,OSLA,2,1,1,RandomPlayerConfig
-6808722,Checkers,0,GAME_OVER,41,40,2,1163,2,OSLA,2,1,1,RandomPlayerConfig
-1140708449,Checkers,0,GAME_OVER,38,37,2,1164,2,OSLA,2,1,1,RandomPlayerConfig
-1263670368,Checkers,0,GAME_OVER,32,31,2,1165,2,OSLA,2,1,1,RandomPlayerConfig
-960670229,Checkers,0,GAME_OVER,45,44,2,1166,2,OSLA,2,1,1,RandomPlayerConfig
-1681023610,Checkers,0,GAME_OVER,36,35,2,1167,2,OSLA,2,1,1,RandomPlayerConfig
-117004599,Checkers,0,GAME_OVER,34,33,2,1168,2,OSLA,2,1,1,RandomPlayerConfig
-507496694,Checkers,0,GAME_OVER,46,45,2,1169,2,OSLA,2,1,1,RandomPlayerConfig
-127130226,Checkers,0,GAME_OVER,31,30,2,1170,2,OSLA,2,1,1,RandomPlayerConfig
1976781356,Checkers,0,GAME_OVER,49,48,2,1171,2,OSLA,2,1,1,RandomPlayerConfig
96748349,Checkers,0,GAME_OVER,39,38,2,1172,2,OSLA,2,1,1,RandomPlayerConfig
-1558439202,Checkers,0,GAME_OVER,40,39,2,1173,2,OSLA,2,1,1,RandomPlayerConfig
1200435548,Checkers,0,GAME_OVER,40,39,2,1174,2,OSLA,2,1,1,RandomPlayerConfig
1704523988,Checkers,0,GAME_OVER,42,41,2,1175,2,OSLA,2,1,1,RandomPlayerConfig
-1655199496,Checkers,0,GAME_OVER,32,31,2,1176,2,OSLA,2,1,1,RandomPlayerConfig
-958595622,Checkers,0,GAME_OVER,50,49,2,1177,2,OSLA,2,1,1,RandomPlayerConfig
1931790698,Checkers,0,GAME_OVER,50,49,2,1178,2,OSLA,2,1,1,RandomPlayerConfig
1691137454,Checkers,0,GAME_OVER,36,35,2,1179,2,OSLA,2,1,1,RandomPlayerConfig
-649718369,Checkers,0,GAME_OVER,44,43,2,1180,2,OSLA,2,1,1,RandomPlayerConfig
-2083962255,Checkers,0,GAME_OVER,34,33,2,1181,2,OSLA,2,1,1,RandomPlayerConfig
-1062393879,Checkers,0,GAME_OVER,38,37,2,1182,2,OSLA,2,1,1,RandomPlayerConfig
-1838487253,Checkers,0,GAME_OVER,34,33,2,1183,2,OSLA,2,1,1,RandomPlayerConfig
521062321,Checkers,0,GAME_OVER,41,40,2,1184,2,OSLA,2,1,1,RandomPlayerConfig
847094771,Checkers,0,GAME_OVER,46,45,2,1185,2,OSLA,2,1,1,RandomPlayerConfig
-563383945,Checkers,0,GAME_OVER,42,41,2,1186,2,OSLA,2,1,1,RandomPlayerConfig
346747839,Checkers,0,GAME_OVER,33,32,2,1187,2,OSLA,2,1,1,RandomPlayerConfig
1988847872,Checkers,0,GAME_OVER,37,36,2,1188,2,OSLA,2,1,1,RandomPlayerConfig
1863238123,Checkers,0,GAME_OVER,36,35,2,1189,2,OSLA,2,1,1,RandomPlayerConfig
-1868306767,Checkers,0,GAME_OVER,35,34,2,1190,2,OSLA,2,1,1,RandomPlayerConfig
-919387672,Checkers,0,GAME_OVER,43,42,2,1191,2,OSLA,2,1,1,RandomPlayerConfig
1170746461,Checkers,0,GAME_OVER,42,41,2,1192,2,OSLA,2,1,1,RandomPlayerConfig
-1196589625,Checkers,0,GAME_OVER,31,30,2,1193,2,OSLA,2,1,1,RandomPlayerConfig
-504947956,Checkers,0,GAME_OVER,36,35,2,1194,2,OSLA,2,1,1,RandomPlayerConfig
-1733550993,Checkers,0,GAME_OVER,27,26,2,1195,2,OSLA,2,1,1,RandomPlayerConfig
-1001155950,Checkers,0,GAME_OVER,31,30,2,1196,2,OSLA,2,1,1,RandomPlayerConfig
1585516222,Checkers,0,GAME_OVER,34,33,2,1197,2,OSLA,2,1,1,RandomPlayerConfig
-134527771,Checkers,0,GAME_OVER,40,39,2,1198,2,OSLA,2,1,1,RandomPlayerConfig
-428295954,Checkers,0,GAME_OVER,48,47,2,1199,2,OSLA,2,1,1,RandomPlayerConfig
-2087646572,Checkers,0,GAME_OVER,45,44,2,1200,2,OSLA,2,1,1,RandomPlayerConfig
-1900810258,Checkers,0,GAME_OVER,36,35,2,1201,2,OSLA,2,1,1,RandomPlayerConfig
1166650141,Checkers,0,GAME_OVER,32,31,2,1202,1,RandomPlayerConfig,1,2,2,MCTS_CheckersHeuristic
109161956,Checkers,0,GAME_OVER,30,29,2,1203,1,RandomPlayerConfig,1,2,2,MCTS_CheckersHeuristic
-857986891,Checkers,0,GAME_OVER,33,32,2,1204,1,RandomPlayerConfig,1,2,2,MCTS_CheckersHeuristic
-689553493,Checkers,0,GAME_OVER,50,49,2,1205,1,RandomPlayerConfig,1,2,2,MCTS_CheckersHeuristic
-344928737,Checkers,0,GAME_OVER,40,39,2,1206,1,RandomPlayerConfig,1,2,2,MCTS_CheckersHeuristic
-1478639398,Checkers,0,GAME_OVER,41,40,2,1207,1,RandomPlayerConfig,1,2,2,MCTS_CheckersHeuristic
-785190759,Checkers,0,GAME_OVER,52,51,2,1208,1,RandomPlayerConfig,1,2,2,MCTS_CheckersHeuristic
-394730578,Checkers,0,GAME_OVER,40,39,2,1209,1,RandomPlayerConfig,1,2,2,MCTS_CheckersHeuristic
-2096522261,Checkers,0,GAME_OVER,39,38,2,1210,1,RandomPlayerConfig,1,2,2,MCTS_CheckersHeuristic
890111067,Checkers,0,GAME_OVER,31,30,2,1211,1,RandomPlayerConfig,1,2,2,MCTS_CheckersHeuristic
-1706908548,Checkers,0,GAME_OVER,37,36,2,1212,1,RandomPlayerConfig,1,2,2,MCTS_CheckersHeuristic
-933531553,Checkers,0,GAME_OVER,32,31,2,1213,1,RandomPlayerConfig,1,2,2,MCTS_CheckersHeuristic
-465708335,Checkers,0,GAME_OVER,31,30,2,1214,1,RandomPlayerConfig,1,2,2,MCTS_CheckersHeuristic
1551619903,Checkers,0,GAME_OVER,40,39,2,1215,1,RandomPlayerConfig,1,2,2,MCTS_CheckersHeuristic
-1433127224,Checkers,0,GAME_OVER,31,30,2,1216,1,RandomPlayerConfig,1,2,2,MCTS_CheckersHeuristic
2047594833,Checkers,0,GAME_OVER,39,38,2,1217,1,RandomPlayerConfig,1,2,2,MCTS_CheckersHeuristic
363113990,Checkers,0,GAME_OVER,45,44,2,1218,1,RandomPlayerConfig,1,2,2,MCTS_CheckersHeuristic
514727295,Checkers,0,GAME_OVER,41,40,2,1219,1,RandomPlayerConfig,1,2,2,MCTS_CheckersHeuristic
1986308210,Checkers,0,GAME_OVER,41,40,2,1220,1,RandomPlayerConfig,1,2,2,MCTS_CheckersHeuristic
-1645304530,Checkers,0,GAME_OVER,45,44,2,1221,1,RandomPlayerConfig,1,2,2,MCTS_CheckersHeuristic
-721914184,Checkers,0,GAME_OVER,42,41,2,1222,1,RandomPlayerConfig,1,2,2,MCTS_CheckersHeuristic
-1490940497,Checkers,0,GAME_OVER,40,39,2,1223,1,RandomPlayerConfig,1,2,2,MCTS_CheckersHeuristic
1850286630,Checkers,0,GAME_OVER,39,38,2,1224,1,RandomPlayerConfig,1,2,2,MCTS_CheckersHeuristic
-1144868645,Checkers,0,GAME_OVER,38,37,2,1225,1,RandomPlayerConfig,1,2,2,MCTS_CheckersHeuristic
1625371234,Checkers,0,GAME_OVER,37,36,2,1226,1,RandomPlayerConfig,1,2,2,MCTS_CheckersHeuristic
-710618420,Checkers,0,GAME_OVER,39,38,2,1227,1,RandomPlayerConfig,1,2,2,MCTS_CheckersHeuristic
442428611,Checkers,0,GAME_OVER,41,40,2,1228,1,RandomPlayerConfig,1,2,2,MCTS_CheckersHeuristic
-1841962791,Checkers,0,GAME_OVER,37,36,2,1229,1,RandomPlayerConfig,1,2,2,MCTS_CheckersHeuristic
987097697,Checkers,0,GAME_OVER,35,34,2,1230,1,RandomPlayerConfig,1,2,2,MCTS_CheckersHeuristic
-1979775432,Checkers,0,GAME_OVER,37,36,2,1231,1,RandomPlayerConfig,1,2,2,MCTS_CheckersHeuristic
1436417290,Checkers,0,GAME_OVER,45,44,2,1232,1,RandomPlayerConfig,1,2,2,MCTS_CheckersHeuristic
1686011118,Checkers,0,GAME_OVER,39,38,2,1233,1,RandomPlayerConfig,1,2,2,MCTS_CheckersHeuristic
-1460860730,Checkers,0,GAME_OVER,41,40,2,1234,1,RandomPlayerConfig,1,2,2,MCTS_CheckersHeuristic
558843393,Checkers,0,GAME_OVER,43,42,2,1235,1,RandomPlayerConfig,1,2,2,MCTS_CheckersHeuristic
-1893988719,Checkers,0,GAME_OVER,43,42,2,1236,1,RandomPlayerConfig,1,2,2,MCTS_CheckersHeuristic
400650756,Checkers,0,GAME_OVER,39,38,2,1237,1,RandomPlayerConfig,1,2,2,MCTS_CheckersHeuristic
-996366740,Checkers,0,GAME_OVER,36,35,2,1238,1,RandomPlayerConfig,1,2,2,MCTS_CheckersHeuristic
-696161431,Checkers,0,GAME_OVER,44,43,2,1239,1,RandomPlayerConfig,1,2,2,MCTS_CheckersHeuristic
-1317451267,Checkers,0,GAME_OVER,41,40,2,1240,1,RandomPlayerConfig,1,2,2,MCTS_CheckersHeuristic
-1372006832,Checkers,0,GAME_OVER,38,37,2,1241,1,RandomPlayerConfig,1,2,2,MCTS_CheckersHeuristic
-1981209011,Checkers,0,GAME_OVER,35,34,2,1242,1,RandomPlayerConfig,1,2,2,MCTS_CheckersHeuristic
572794274,Checkers,0,GAME_OVER,43,42,2,1243,1,RandomPlayerConfig,1,2,2,MCTS_CheckersHeuristic
2123338351,Checkers,0,GAME_OVER,38,37,2,1244,1,RandomPlayerConfig,1,2,2,MCTS_CheckersHeuristic
-971240522,Checkers,0,GAME_OVER,46,45,2,1245,1,RandomPlayerConfig,1,2,2,MCTS_CheckersHeuristic
-476990959,Checkers,0,GAME_OVER,39,38,2,1246,1,RandomPlayerConfig,1,2,2,MCTS_CheckersHeuristic
297204952,Checkers,0,GAME_OVER,37,36,2,1247,1,RandomPlayerConfig,1,2,2,MCTS_CheckersHeuristic
302978622,Checkers,0,GAME_OVER,48,47,2,1248,1,RandomPlayerConfig,1,2,2,MCTS_CheckersHeuristic
1736254571,Checkers,0,GAME_OVER,34,33,2,1249,1,RandomPlayerConfig,1,2,2,MCTS_CheckersHeuristic
833580007,Checkers,0,GAME_OVER,40,39,2,1250,1,RandomPlayerConfig,1,2,2,MCTS_CheckersHeuristic
1738998133,Checkers,0,GAME_OVER,41,40,2,1251,1,RandomPlayerConfig,1,2,2,MCTS_CheckersHeuristic
272379623,Checkers,0,GAME_OVER,37,36,2,1252,1,RandomPlayerConfig,1,2,2,MCTS_CheckersHeuristic
-1968869925,Checkers,0,GAME_OVER,31,30,2,1253,1,RandomPlayerConfig,1,2,2,MCTS_CheckersHeuristic
1781885336,Checkers,0,GAME_OVER,33,32,2,1254,1,RandomPlayerConfig,1,2,2,MCTS_CheckersHeuristic
1003531168,Checkers,0,GAME_OVER,39,38,2,1255,1,RandomPlayerConfig,1,2,2,MCTS_CheckersHeuristic
834411585,Checkers,0,GAME_OVER,39,38,2,1256,1,RandomPlayerConfig,1,2,2,MCTS_CheckersHeuristic
-1581955635,Checkers,0,GAME_OVER,51,50,2,1257,1,RandomPlayerConfig,1,2,2,MCTS_CheckersHeuristic
856476889,Checkers,0,GAME_OVER,37,36,2,1258,1,RandomPlayerConfig,1,2,2,MCTS_CheckersHeuristic
-1665028347,Checkers,0,GAME_OVER,35,34,2,1259,1,RandomPlayerConfig,1,2,2,MCTS_CheckersHeuristic
1099843316,Checkers,0,GAME_OVER,38,37,2,1260,1,RandomPlayerConfig,1,2,2,MCTS_CheckersHeuristic
-2006344251,Checkers,0,GAME_OVER,43,42,2,1261,1,RandomPlayerConfig,1,2,2,MCTS_CheckersHeuristic
1164545248,Checkers,0,GAME_OVER,33,32,2,1262,1,RandomPlayerConfig,1,2,2,MCTS_CheckersHeuristic
878560987,Checkers,0,GAME_OVER,47,46,2,1263,1,RandomPlayerConfig,1,2,2,MCTS_CheckersHeuristic
-768428501,Checkers,0,GAME_OVER,34,33,2,1264,1,RandomPlayerConfig,1,2,2,MCTS_CheckersHeuristic
-852766551,Checkers,0,GAME_OVER,40,39,2,1265,1,RandomPlayerConfig,1,2,2,MCTS_CheckersHeuristic
-290863815,Checkers,0,GAME_OVER,40,39,2,1266,1,RandomPlayerConfig,1,2,2,MCTS_CheckersHeuristic
1261813282,Checkers,0,GAME_OVER,41,40,2,1267,1,RandomPlayerConfig,1,2,2,MCTS_CheckersHeuristic
1909828744,Checkers,0,GAME_OVER,50,49,2,1268,1,RandomPlayerConfig,1,2,2,MCTS_CheckersHeuristic
1603710631,Checkers,0,GAME_OVER,40,39,2,1269,1,RandomPlayerConfig,1,2,2,MCTS_CheckersHeuristic
-1780834855,Checkers,0,GAME_OVER,40,39,2,1270,1,RandomPlayerConfig,1,2,2,MCTS_CheckersHeuristic
1427126317,Checkers,0,GAME_OVER,36,35,2,1271,1,RandomPlayerConfig,1,2,2,MCTS_CheckersHeuristic
-1234984872,Checkers,0,GAME_OVER,43,42,2,1272,1,RandomPlayerConfig,1,2,2,MCTS_CheckersHeuristic
-1914313899,Checkers,0,GAME_OVER,39,38,2,1273,1,RandomPlayerConfig,1,2,2,MCTS_CheckersHeuristic
454762611,Checkers,0,GAME_OVER,34,33,2,1274,1,RandomPlayerConfig,1,2,2,MCTS_CheckersHeuristic
-619184801,Checkers,0,GAME_OVER,30,29,2,1275,1,RandomPlayerConfig,1,2,2,MCTS_CheckersHeuristic
1223164680,Checkers,0,GAME_OVER,34,33,2,1276,1,RandomPlayerConfig,1,2,2,MCTS_CheckersHeuristic
2054363673,Checkers,0,GAME_OVER,39,38,2,1277,1,RandomPlayerConfig,1,2,2,MCTS_CheckersHeuristic
-1866035446,Checkers,0,GAME_OVER,36,35,2,1278,1,RandomPlayerConfig,1,2,2,MCTS_CheckersHeuristic
-2061774791,Checkers,0,GAME_OVER,38,37,2,1279,1,RandomPlayerConfig,1,2,2,MCTS_CheckersHeuristic
114068438,Checkers,0,GAME_OVER,42,41,2,1280,1,RandomPlayerConfig,1,2,2,MCTS_CheckersHeuristic
381060298,Checkers,0,GAME_OVER,38,37,2,1281,1,RandomPlayerConfig,1,2,2,MCTS_CheckersHeuristic
-355135545,Checkers,0,GAME_OVER,41,40,2,1282,1,RandomPlayerConfig,1,2,2,MCTS_CheckersHeuristic
-544731501,Checkers,0,GAME_OVER,38,37,2,1283,1,RandomPlayerConfig,1,2,2,MCTS_CheckersHeuristic
917895627,Checkers,0,GAME_OVER,35,34,2,1284,1,RandomPlayerConfig,1,2,2,MCTS_CheckersHeuristic
1618389143,Checkers,0,GAME_OVER,47,46,2,1285,1,RandomPlayerConfig,1,2,2,MCTS_CheckersHeuristic
-1736785397,Checkers,0,GAME_OVER,39,38,2,1286,1,RandomPlayerConfig,1,2,2,MCTS_CheckersHeuristic
2005050153,Checkers,0,GAME_OVER,40,39,2,1287,1,RandomPlayerConfig,1,2,2,MCTS_CheckersHeuristic
-1189707545,Checkers,0,GAME_OVER,36,35,2,1288,1,RandomPlayerConfig,1,2,2,MCTS_CheckersHeuristic
1647154471,Checkers,0,GAME_OVER,32,31,2,1289,1,RandomPlayerConfig,1,2,2,MCTS_CheckersHeuristic
-1409642296,Checkers,0,GAME_OVER,36,35,2,1290,1,RandomPlayerConfig,1,2,2,MCTS_CheckersHeuristic
-166327463,Checkers,0,GAME_OVER,41,40,2,1291,1,RandomPlayerConfig,1,2,2,MCTS_CheckersHeuristic
-1990371682,Checkers,0,GAME_OVER,52,51,2,1292,1,RandomPlayerConfig,1,2,2,MCTS_CheckersHeuristic
-9967102,Checkers,0,GAME_OVER,41,40,2,1293,1,RandomPlayerConfig,1,2,2,MCTS_CheckersHeuristic
-299674100,Checkers,0,GAME_OVER,38,37,2,1294,1,RandomPlayerConfig,1,2,2,MCTS_CheckersHeuristic
-18844374,Checkers,0,GAME_OVER,37,36,2,1295,1,RandomPlayerConfig,1,2,2,MCTS_CheckersHeuristic
120459651,Checkers,0,GAME_OVER,35,34,2,1296,1,RandomPlayerConfig,1,2,2,MCTS_CheckersHeuristic
860114479,Checkers,0,GAME_OVER,39,38,2,1297,1,RandomPlayerConfig,1,2,2,MCTS_CheckersHeuristic
-2092751906,Checkers,0,GAME_OVER,40,39,2,1298,1,RandomPlayerConfig,1,2,2,MCTS_CheckersHeuristic
-91735664,Checkers,0,GAME_OVER,35,34,2,1299,1,RandomPlayerConfig,1,2,2,MCTS_CheckersHeuristic
2122436674,Checkers,0,GAME_OVER,46,45,2,1300,1,RandomPlayerConfig,1,2,2,MCTS_CheckersHeuristic
1350581789,Checkers,0,GAME_OVER,45,44,2,1301,1,RandomPlayerConfig,1,2,2,MCTS_CheckersHeuristic
935708237,Checkers,0,GAME_OVER,37,36,2,1302,1,RandomPlayerConfig,1,2,2,MCTS_CheckersHeuristic
1636251373,Checkers,0,GAME_OVER,40,39,2,1303,1,RandomPlayerConfig,1,2,2,MCTS_CheckersHeuristic
-1656792108,Checkers,0,GAME_OVER,40,39,2,1304,1,RandomPlayerConfig,1,2,2,MCTS_CheckersHeuristic
1642681286,Checkers,0,GAME_OVER,33,32,2,1305,1,RandomPlayerConfig,1,2,2,MCTS_CheckersHeuristic
275829445,Checkers,0,GAME_OVER,32,31,2,1306,1,RandomPlayerConfig,1,2,2,MCTS_CheckersHeuristic
351457243,Checkers,0,GAME_OVER,29,28,2,1307,1,RandomPlayerConfig,1,2,2,MCTS_CheckersHeuristic
-1007240979,Checkers,0,GAME_OVER,44,43,2,1308,1,RandomPlayerConfig,1,2,2,MCTS_CheckersHeuristic
-1109889775,Checkers,0,GAME_OVER,43,42,2,1309,1,RandomPlayerConfig,1,2,2,MCTS_CheckersHeuristic
-696199004,Checkers,0,GAME_OVER,36,35,2,1310,1,RandomPlayerConfig,1,2,2,MCTS_CheckersHeuristic
1627296296,Checkers,0,GAME_OVER,34,33,2,1311,1,RandomPlayerConfig,1,2,2,MCTS_CheckersHeuristic
-381690697,Checkers,0,GAME_OVER,41,40,2,1312,1,RandomPlayerConfig,1,2,2,MCTS_CheckersHeuristic
-1714531209,Checkers,0,GAME_OVER,45,44,2,1313,1,RandomPlayerConfig,1,2,2,MCTS_CheckersHeuristic
1611695884,Checkers,0,GAME_OVER,38,37,2,1314,1,RandomPlayerConfig,1,2,2,MCTS_CheckersHeuristic
877906465,Checkers,0,GAME_OVER,41,40,2,1315,1,RandomPlayerConfig,1,2,2,MCTS_CheckersHeuristic
-1828489019,Checkers,0,GAME_OVER,25,24,2,1316,1,RandomPlayerConfig,1,2,2,MCTS_CheckersHeuristic
849334249,Checkers,0,GAME_OVER,46,45,2,1317,1,RandomPlayerConfig,1,2,2,MCTS_CheckersHeuristic
-1301554182,Checkers,0,GAME_OVER,48,47,2,1318,1,RandomPlayerConfig,1,2,2,MCTS_CheckersHeuristic
943228435,Checkers,0,GAME_OVER,39,38,2,1319,1,RandomPlayerConfig,1,2,2,MCTS_CheckersHeuristic
-504360382,Checkers,0,GAME_OVER,47,46,2,1320,1,RandomPlayerConfig,1,2,2,MCTS_CheckersHeuristic
1545157105,Checkers,0,GAME_OVER,47,46,2,1321,1,RandomPlayerConfig,1,2,2,MCTS_CheckersHeuristic
-1954631529,Checkers,0,GAME_OVER,45,44,2,1322,1,RandomPlayerConfig,1,2,2,MCTS_CheckersHeuristic
-601567730,Checkers,0,GAME_OVER,46,45,2,1323,1,RandomPlayerConfig,1,2,2,MCTS_CheckersHeuristic
-255010712,Checkers,0,GAME_OVER,43,42,2,1324,1,RandomPlayerConfig,1,2,2,MCTS_CheckersHeuristic
-824178409,Checkers,0,GAME_OVER,52,51,2,1325,1,RandomPlayerConfig,1,2,2,MCTS_CheckersHeuristic
-1297140018,Checkers,0,GAME_OVER,31,30,2,1326,1,RandomPlayerConfig,1,2,2,MCTS_CheckersHeuristic
739054572,Checkers,0,GAME_OVER,41,40,2,1327,1,RandomPlayerConfig,1,2,2,MCTS_CheckersHeuristic
-1367413192,Checkers,0,GAME_OVER,36,35,2,1328,1,RandomPlayerConfig,1,2,2,MCTS_CheckersHeuristic
-958731899,Checkers,0,GAME_OVER,46,45,2,1329,1,RandomPlayerConfig,1,2,2,MCTS_CheckersHeuristic
-848675810,Checkers,0,GAME_OVER,36,35,2,1330,1,RandomPlayerConfig,1,2,2,MCTS_CheckersHeuristic
-946528367,Checkers,0,GAME_OVER,47,46,2,1331,1,RandomPlayerConfig,1,2,2,MCTS_CheckersHeuristic
-1515381913,Checkers,0,GAME_OVER,41,40,2,1332,1,RandomPlayerConfig,1,2,2,MCTS_CheckersHeuristic
-842052371,Checkers,0,GAME_OVER,43,42,2,1333,1,RandomPlayerConfig,1,2,2,MCTS_CheckersHeuristic
-1850718800,Checkers,0,GAME_OVER,40,39,2,1334,1,RandomPlayerConfig,1,2,2,MCTS_CheckersHeuristic
1775172467,Checkers,0,GAME_OVER,35,34,2,1335,1,RandomPlayerConfig,1,2,2,MCTS_CheckersHeuristic
-751232873,Checkers,0,GAME_OVER,43,42,2,1336,1,RandomPlayerConfig,1,2,2,MCTS_CheckersHeuristic
1601017002,Checkers,0,GAME_OVER,38,37,2,1337,1,RandomPlayerConfig,1,2,2,MCTS_CheckersHeuristic
-1638934101,Checkers,0,GAME_OVER,41,40,2,1338,1,RandomPlayerConfig,1,2,2,MCTS_CheckersHeuristic
-916609700,Checkers,0,GAME_OVER,40,39,2,1339,1,RandomPlayerConfig,1,2,2,MCTS_CheckersHeuristic
746908358,Checkers,0,GAME_OVER,38,37,2,1340,1,RandomPlayerConfig,1,2,2,MCTS_CheckersHeuristic
1274231333,Checkers,0,GAME_OVER,43,42,2,1341,1,RandomPlayerConfig,1,2,2,MCTS_CheckersHeuristic
510298567,Checkers,0,GAME_OVER,49,48,2,1342,1,RandomPlayerConfig,1,2,2,MCTS_CheckersHeuristic
-670333074,Checkers,0,GAME_OVER,39,38,2,1343,1,RandomPlayerConfig,1,2,2,MCTS_CheckersHeuristic
-353500661,Checkers,0,GAME_OVER,36,35,2,1344,1,RandomPlayerConfig,1,2,2,MCTS_CheckersHeuristic
-551773830,Checkers,0,GAME_OVER,45,44,2,1345,1,RandomPlayerConfig,1,2,2,MCTS_CheckersHeuristic
-1582853344,Checkers,0,GAME_OVER,38,37,2,1346,1,RandomPlayerConfig,1,2,2,MCTS_CheckersHeuristic
2069953895,Checkers,0,GAME_OVER,29,28,2,1347,1,RandomPlayerConfig,1,2,2,MCTS_CheckersHeuristic
844042110,Checkers,0,GAME_OVER,30,29,2,1348,1,RandomPlayerConfig,1,2,2,MCTS_CheckersHeuristic
1083589210,Checkers,0,GAME_OVER,37,36,2,1349,1,RandomPlayerConfig,1,2,2,MCTS_CheckersHeuristic
1162880844,Checkers,0,GAME_OVER,34,33,2,1350,1,RandomPlayerConfig,1,2,2,MCTS_CheckersHeuristic
768043558,Checkers,0,GAME_OVER,43,42,2,1351,1,RandomPlayerConfig,1,2,2,MCTS_CheckersHeuristic
2146748024,Checkers,0,GAME_OVER,40,39,2,1352,1,RandomPlayerConfig,1,2,2,MCTS_CheckersHeuristic
-877137102,Checkers,0,GAME_OVER,52,51,2,1353,1,RandomPlayerConfig,1,2,2,MCTS_CheckersHeuristic
-910249297,Checkers,0,GAME_OVER,37,36,2,1354,1,RandomPlayerConfig,1,2,2,MCTS_CheckersHeuristic
-980835986,Checkers,0,GAME_OVER,48,47,2,1355,1,RandomPlayerConfig,1,2,2,MCTS_CheckersHeuristic
1031863548,Checkers,0,GAME_OVER,36,35,2,1356,1,RandomPlayerConfig,1,2,2,MCTS_CheckersHeuristic
743547533,Checkers,0,GAME_OVER,47,46,2,1357,1,RandomPlayerConfig,1,2,2,MCTS_CheckersHeuristic
1816900621,Checkers,0,GAME_OVER,37,36,2,1358,1,RandomPlayerConfig,1,2,2,MCTS_CheckersHeuristic
483043817,Checkers,0,GAME_OVER,39,38,2,1359,1,RandomPlayerConfig,1,2,2,MCTS_CheckersHeuristic
1257955188,Checkers,0,GAME_OVER,36,35,2,1360,1,RandomPlayerConfig,1,2,2,MCTS_CheckersHeuristic
2012560054,Checkers,0,GAME_OVER,40,39,2,1361,1,RandomPlayerConfig,1,2,2,MCTS_CheckersHeuristic
494401888,Checkers,0,GAME_OVER,47,46,2,1362,1,RandomPlayerConfig,1,2,2,MCTS_CheckersHeuristic
-6808722,Checkers,0,GAME_OVER,33,32,2,1363,1,RandomPlayerConfig,1,2,2,MCTS_CheckersHeuristic
-1140708449,Checkers,0,GAME_OVER,37,36,2,1364,1,RandomPlayerConfig,1,2,2,MCTS_CheckersHeuristic
-1263670368,Checkers,0,GAME_OVER,39,38,2,1365,1,RandomPlayerConfig,1,2,2,MCTS_CheckersHeuristic
-960670229,Checkers,0,GAME_OVER,38,37,2,1366,1,RandomPlayerConfig,1,2,2,MCTS_CheckersHeuristic
-1681023610,Checkers,0,GAME_OVER,36,35,2,1367,1,RandomPlayerConfig,1,2,2,MCTS_CheckersHeuristic
-117004599,Checkers,0,GAME_OVER,35,34,2,1368,1,RandomPlayerConfig,1,2,2,MCTS_CheckersHeuristic
-507496694,Checkers,0,GAME_OVER,40,39,2,1369,1,RandomPlayerConfig,1,2,2,MCTS_CheckersHeuristic
-127130226,Checkers,0,GAME_OVER,39,38,2,1370,1,RandomPlayerConfig,1,2,2,MCTS_CheckersHeuristic
1976781356,Checkers,0,GAME_OVER,37,36,2,1371,1,RandomPlayerConfig,1,2,2,MCTS_CheckersHeuristic
96748349,Checkers,0,GAME_OVER,42,41,2,1372,1,RandomPlayerConfig,1,2,2,MCTS_CheckersHeuristic
-1558439202,Checkers,0,GAME_OVER,39,38,2,1373,1,RandomPlayerConfig,1,2,2,MCTS_CheckersHeuristic
1200435548,Checkers,0,GAME_OVER,34,33,2,1374,1,RandomPlayerConfig,1,2,2,MCTS_CheckersHeuristic
1704523988,Checkers,0,GAME_OVER,37,36,2,1375,1,RandomPlayerConfig,1,2,2,MCTS_CheckersHeuristic
-1655199496,Checkers,0,GAME_OVER,38,37,2,1376,1,RandomPlayerConfig,1,2,2,MCTS_CheckersHeuristic
-958595622,Checkers,0,GAME_OVER,38,37,2,1377,1,RandomPlayerConfig,1,2,2,MCTS_CheckersHeuristic
1931790698,Checkers,0,GAME_OVER,45,44,2,1378,1,RandomPlayerConfig,1,2,2,MCTS_CheckersHeuristic
1691137454,Checkers,0,GAME_OVER,36,35,2,1379,1,RandomPlayerConfig,1,2,2,MCTS_CheckersHeuristic
-649718369,Checkers,0,GAME_OVER,33,32,2,1380,1,RandomPlayerConfig,1,2,2,MCTS_CheckersHeuristic
-2083962255,Checkers,0,GAME_OVER,43,42,2,1381,1,RandomPlayerConfig,1,2,2,MCTS_CheckersHeuristic
-1062393879,Checkers,0,GAME_OVER,38,37,2,1382,1,RandomPlayerConfig,1,2,2,MCTS_CheckersHeuristic
-1838487253,Checkers,0,GAME_OVER,30,29,2,1383,1,RandomPlayerConfig,1,2,2,MCTS_CheckersHeuristic
521062321,Checkers,0,GAME_OVER,39,38,2,1384,1,RandomPlayerConfig,1,2,2,MCTS_CheckersHeuristic
847094771,Checkers,0,GAME_OVER,41,40,2,1385,1,RandomPlayerConfig,1,2,2,MCTS_CheckersHeuristic
-563383945,Checkers,0,GAME_OVER,35,34,2,1386,1,RandomPlayerConfig,1,2,2,MCTS_CheckersHeuristic
346747839,Checkers,0,GAME_OVER,33,32,2,1387,1,RandomPlayerConfig,1,2,2,MCTS_CheckersHeuristic
1988847872,Checkers,0,GAME_OVER,43,42,2,1388,1,RandomPlayerConfig,1,2,2,MCTS_CheckersHeuristic
1863238123,Checkers,0,GAME_OVER,40,39,2,1389,1,RandomPlayerConfig,1,2,2,MCTS_CheckersHeuristic
-1868306767,Checkers,0,GAME_OVER,27,26,2,1390,1,RandomPlayerConfig,1,2,2,MCTS_CheckersHeuristic
-919387672,Checkers,0,GAME_OVER,39,38,2,1391,1,RandomPlayerConfig,1,2,2,MCTS_CheckersHeuristic
1170746461,Checkers,0,GAME_OVER,41,40,2,1392,1,RandomPlayerConfig,1,2,2,MCTS_CheckersHeuristic
-1196589625,Checkers,0,GAME_OVER,37,36,2,1393,1,RandomPlayerConfig,1,2,2,MCTS_CheckersHeuristic
-504947956,Checkers,0,GAME_OVER,44,43,2,1394,1,RandomPlayerConfig,1,2,2,MCTS_CheckersHeuristic
-1733550993,Checkers,0,GAME_OVER,48,47,2,1395,1,RandomPlayerConfig,1,2,2,MCTS_CheckersHeuristic
-1001155950,Checkers,0,GAME_OVER,38,37,2,1396,1,RandomPlayerConfig,1,2,2,MCTS_CheckersHeuristic
1585516222,Checkers,0,GAME_OVER,47,46,2,1397,1,RandomPlayerConfig,1,2,2,MCTS_CheckersHeuristic
-134527771,Checkers,0,GAME_OVER,34,33,2,1398,1,RandomPlayerConfig,1,2,2,MCTS_CheckersHeuristic
-428295954,Checkers,0,GAME_OVER,38,37,2,1399,1,RandomPlayerConfig,1,2,2,MCTS_CheckersHeuristic
-2087646572,Checkers,0,GAME_OVER,34,33,2,1400,1,RandomPlayerConfig,1,2,2,MCTS_CheckersHeuristic
-1900810258,Checkers,0,GAME_OVER,41,40,2,1401,1,RandomPlayerConfig,1,2,2,MCTS_CheckersHeuristic
1166650141,Checkers,0,GAME_OVER,32,31,2,1402,1,RandomPlayerConfig,1,2,2,OSLA
109161956,Checkers,0,GAME_OVER,42,41,2,1403,1,RandomPlayerConfig,1,2,2,OSLA
-857986891,Checkers,0,GAME_OVER,35,34,2,1404,1,RandomPlayerConfig,1,2,2,OSLA
-689553493,Checkers,0,GAME_OVER,35,34,2,1405,1,RandomPlayerConfig,1,2,2,OSLA
-344928737,Checkers,0,GAME_OVER,34,33,2,1406,1,RandomPlayerConfig,1,2,2,OSLA
-1478639398,Checkers,0,GAME_OVER,29,28,2,1407,1,RandomPlayerConfig,1,2,2,OSLA
-785190759,Checkers,0,GAME_OVER,37,36,2,1408,1,RandomPlayerConfig,1,2,2,OSLA
-394730578,Checkers,0,GAME_OVER,35,34,2,1409,1,RandomPlayerConfig,1,2,2,OSLA
-2096522261,Checkers,0,GAME_OVER,39,38,2,1410,1,RandomPlayerConfig,1,2,2,OSLA
890111067,Checkers,0,GAME_OVER,40,39,2,1411,1,RandomPlayerConfig,1,2,2,OSLA
-1706908548,Checkers,0,GAME_OVER,28,27,2,1412,1,RandomPlayerConfig,1,2,2,OSLA
-933531553,Checkers,0,GAME_OVER,37,36,2,1413,1,RandomPlayerConfig,1,2,2,OSLA
-465708335,Checkers,0,GAME_OVER,43,42,2,1414,1,RandomPlayerConfig,1,2,2,OSLA
1551619903,Checkers,0,GAME_OVER,35,34,2,1415,1,RandomPlayerConfig,1,2,2,OSLA
-1433127224,Checkers,0,GAME_OVER,36,35,2,1416,1,RandomPlayerConfig,1,2,2,OSLA
2047594833,Checkers,0,GAME_OVER,50,49,2,1417,1,RandomPlayerConfig,1,2,2,OSLA
363113990,Checkers,0,GAME_OVER,32,31,2,1418,1,RandomPlayerConfig,1,2,2,OSLA
514727295,Checkers,0,GAME_OVER,41,40,2,1419,1,RandomPlayerConfig,1,2,2,OSLA
1986308210,Checkers,0,GAME_OVER,45,44,2,1420,1,RandomPlayerConfig,1,2,2,OSLA
-1645304530,Checkers,0,GAME_OVER,35,34,2,1421,1,RandomPlayerConfig,1,2,2,OSLA
-721914184,Checkers,0,GAME_OVER,48,47,2,1422,1,RandomPlayerConfig,1,2,2,OSLA
-1490940497,Checkers,0,GAME_OVER,35,34,2,1423,1,RandomPlayerConfig,1,2,2,OSLA
1850286630,Checkers,0,GAME_OVER,46,45,2,1424,1,RandomPlayerConfig,1,2,2,OSLA
-1144868645,Checkers,0,GAME_OVER,50,49,2,1425,1,RandomPlayerConfig,1,2,2,OSLA
1625371234,Checkers,0,GAME_OVER,36,35,2,1426,1,RandomPlayerConfig,1,2,2,OSLA
-710618420,Checkers,0,GAME_OVER,40,39,2,1427,1,RandomPlayerConfig,1,2,2,OSLA
442428611,Checkers,0,GAME_OVER,35,34,2,1428,1,RandomPlayerConfig,1,2,2,OSLA
-1841962791,Checkers,0,GAME_OVER,40,39,2,1429,1,RandomPlayerConfig,1,2,2,OSLA
987097697,Checkers,0,GAME_OVER,42,41,2,1430,1,RandomPlayerConfig,1,2,2,OSLA
-1979775432,Checkers,0,GAME_OVER,45,44,2,1431,1,RandomPlayerConfig,1,2,2,OSLA
1436417290,Checkers,0,GAME_OVER,40,39,2,1432,1,RandomPlayerConfig,1,2,2,OSLA
1686011118,Checkers,0,GAME_OVER,35,34,2,1433,1,RandomPlayerConfig,1,2,2,OSLA
-1460860730,Checkers,0,GAME_OVER,40,39,2,1434,1,RandomPlayerConfig,1,2,2,OSLA
558843393,Checkers,0,GAME_OVER,35,34,2,1435,1,RandomPlayerConfig,1,2,2,OSLA
-1893988719,Checkers,0,GAME_OVER,40,39,2,1436,1,RandomPlayerConfig,1,2,2,OSLA
400650756,Checkers,0,GAME_OVER,40,39,2,1437,1,RandomPlayerConfig,1,2,2,OSLA
-996366740,Checkers,0,GAME_OVER,43,42,2,1438,1,RandomPlayerConfig,1,2,2,OSLA
-696161431,Checkers,0,GAME_OVER,43,42,2,1439,1,RandomPlayerConfig,1,2,2,OSLA
-1317451267,Checkers,0,GAME_OVER,37,36,2,1440,1,RandomPlayerConfig,1,2,2,OSLA
-1372006832,Checkers,0,GAME_OVER,47,46,2,1441,1,RandomPlayerConfig,1,2,2,OSLA
-1981209011,Checkers,0,GAME_OVER,38,37,2,1442,1,RandomPlayerConfig,1,2,2,OSLA
572794274,Checkers,0,GAME_OVER,35,34,2,1443,1,RandomPlayerConfig,1,2,2,OSLA
2123338351,Checkers,0,GAME_OVER,46,45,2,1444,1,RandomPlayerConfig,1,2,2,OSLA
-971240522,Checkers,0,GAME_OVER,32,31,2,1445,1,RandomPlayerConfig,1,2,2,OSLA
-476990959,Checkers,0,GAME_OVER,33,32,2,1446,1,RandomPlayerConfig,1,2,2,OSLA
297204952,Checkers,0,GAME_OVER,39,38,2,1447,1,RandomPlayerConfig,1,2,2,OSLA
302978622,Checkers,0,GAME_OVER,43,42,2,1448,1,RandomPlayerConfig,1,2,2,OSLA
1736254571,Checkers,0,GAME_OVER,39,38,2,1449,1,RandomPlayerConfig,1,2,2,OSLA
833580007,Checkers,0,GAME_OVER,43,42,2,1450,1,RandomPlayerConfig,1,2,2,OSLA
1738998133,Checkers,0,GAME_OVER,39,38,2,1451,1,RandomPlayerConfig,1,2,2,OSLA
272379623,Checkers,0,GAME_OVER,35,34,2,1452,1,RandomPlayerConfig,1,2,2,OSLA
-1968869925,Checkers,0,GAME_OVER,38,37,2,1453,1,RandomPlayerConfig,1,2,2,OSLA
1781885336,Checkers,0,GAME_OVER,33,32,2,1454,1,RandomPlayerConfig,1,2,2,OSLA
1003531168,Checkers,0,GAME_OVER,42,41,2,1455,1,RandomPlayerConfig,1,2,2,OSLA
834411585,Checkers,0,GAME_OVER,50,49,2,1456,1,RandomPlayerConfig,1,2,2,OSLA
-1581955635,Checkers,0,GAME_OVER,39,38,2,1457,1,RandomPlayerConfig,1,2,2,OSLA
856476889,Checkers,0,GAME_OVER,56,55,2,1458,1,RandomPlayerConfig,1,2,2,OSLA
-1665028347,Checkers,0,GAME_OVER,39,38,2,1459,1,RandomPlayerConfig,1,2,2,OSLA
1099843316,Checkers,0,GAME_OVER,45,44,2,1460,1,RandomPlayerConfig,1,2,2,OSLA
-2006344251,Checkers,0,GAME_OVER,35,34,2,1461,1,RandomPlayerConfig,1,2,2,OSLA
1164545248,Checkers,0,GAME_OVER,39,38,2,1462,1,RandomPlayerConfig,1,2,2,OSLA
878560987,Checkers,0,GAME_OVER,41,40,2,1463,1,RandomPlayerConfig,1,2,2,OSLA
-768428501,Checkers,0,GAME_OVER,38,37,2,1464,1,RandomPlayerConfig,1,2,2,OSLA
-852766551,Checkers,0,GAME_OVER,45,44,2,1465,1,RandomPlayerConfig,1,2,2,OSLA
-290863815,Checkers,0,GAME_OVER,34,33,2,1466,1,RandomPlayerConfig,1,2,2,OSLA
1261813282,Checkers,0,GAME_OVER,42,41,2,1467,1,RandomPlayerConfig,1,2,2,OSLA
1909828744,Checkers,0,GAME_OVER,38,37,2,1468,1,RandomPlayerConfig,1,2,2,OSLA
1603710631,Checkers,0,GAME_OVER,41,40,2,1469,1,RandomPlayerConfig,1,2,2,OSLA
-1780834855,Checkers,0,GAME_OVER,38,37,2,1470,1,RandomPlayerConfig,1,2,2,OSLA
1427126317,Checkers,0,GAME_OVER,35,34,2,1471,1,RandomPlayerConfig,1,2,2,OSLA
-1234984872,Checkers,0,GAME_OVER,35,34,2,1472,1,RandomPlayerConfig,1,2,2,OSLA
-1914313899,Checkers,0,GAME_OVER,47,46,2,1473,1,RandomPlayerConfig,1,2,2,OSLA
454762611,Checkers,0,GAME_OVER,41,40,2,1474,1,RandomPlayerConfig,1,2,2,OSLA
-619184801,Checkers,0,GAME_OVER,30,29,2,1475,1,RandomPlayerConfig,1,2,2,OSLA
1223164680,Checkers,0,GAME_OVER,43,42,2,1476,1,RandomPlayerConfig,1,2,2,OSLA
2054363673,Checkers,0,GAME_OVER,32,31,2,1477,1,RandomPlayerConfig,1,2,2,OSLA
-1866035446,Checkers,0,GAME_OVER,51,50,2,1478,1,RandomPlayerConfig,1,2,2,OSLA
-2061774791,Checkers,0,GAME_OVER,37,36,2,1479,1,RandomPlayerConfig,1,2,2,OSLA
114068438,Checkers,0,GAME_OVER,49,48,2,1480,1,RandomPlayerConfig,1,2,2,OSLA
381060298,Checkers,0,GAME_OVER,50,49,2,1481,1,RandomPlayerConfig,1,2,2,OSLA
-355135545,Checkers,0,GAME_OVER,43,42,2,1482,1,RandomPlayerConfig,1,2,2,OSLA
-544731501,Checkers,0,GAME_OVER,51,50,2,1483,1,RandomPlayerConfig,1,2,2,OSLA
917895627,Checkers,0,GAME_OVER,45,44,2,1484,1,RandomPlayerConfig,1,2,2,OSLA
1618389143,Checkers,0,GAME_OVER,41,40,2,1485,1,RandomPlayerConfig,1,2,2,OSLA
-1736785397,Checkers,0,GAME_OVER,35,34,2,1486,1,RandomPlayerConfig,1,2,2,OSLA
2005050153,Checkers,0,GAME_OVER,49,48,2,1487,1,RandomPlayerConfig,1,2,2,OSLA
-1189707545,Checkers,0,GAME_OVER,35,34,2,1488,1,RandomPlayerConfig,1,2,2,OSLA
1647154471,Checkers,0,GAME_OVER,36,35,2,1489,1,RandomPlayerConfig,1,2,2,OSLA
-1409642296,Checkers,0,GAME_OVER,36,35,2,1490,1,RandomPlayerConfig,1,2,2,OSLA
-166327463,Checkers,0,GAME_OVER,53,52,2,1491,1,RandomPlayerConfig,1,2,2,OSLA
-1990371682,Checkers,0,GAME_OVER,35,34,2,1492,1,RandomPlayerConfig,1,2,2,OSLA
-9967102,Checkers,0,GAME_OVER,44,43,2,1493,1,RandomPlayerConfig,1,2,2,OSLA
-299674100,Checkers,0,GAME_OVER,49,48,2,1494,1,RandomPlayerConfig,1,2,2,OSLA
-18844374,Checkers,0,GAME_OVER,44,43,2,1495,1,RandomPlayerConfig,1,2,2,OSLA
120459651,Checkers,0,GAME_OVER,39,38,2,1496,1,RandomPlayerConfig,1,2,2,OSLA
860114479,Checkers,0,GAME_OVER,40,39,2,1497,1,RandomPlayerConfig,1,2,2,OSLA
-2092751906,Checkers,0,GAME_OVER,42,41,2,1498,1,RandomPlayerConfig,1,2,2,OSLA
-91735664,Checkers,0,GAME_OVER,43,42,2,1499,1,RandomPlayerConfig,1,2,2,OSLA
2122436674,Checkers,0,GAME_OVER,40,39,2,1500,1,RandomPlayerConfig,1,2,2,OSLA
1350581789,Checkers,0,GAME_OVER,34,33,2,1501,1,RandomPlayerConfig,1,2,2,OSLA
935708237,Checkers,0,GAME_OVER,37,36,2,1502,1,RandomPlayerConfig,1,2,2,OSLA
1636251373,Checkers,0,GAME_OVER,29,28,2,1503,1,RandomPlayerConfig,1,2,2,OSLA
-1656792108,Checkers,0,GAME_OVER,35,34,2,1504,1,RandomPlayerConfig,1,2,2,OSLA
1642681286,Checkers,0,GAME_OVER,62,61,2,1505,1,RandomPlayerConfig,1,2,2,OSLA
275829445,Checkers,0,GAME_OVER,39,38,2,1506,1,RandomPlayerConfig,1,2,2,OSLA
351457243,Checkers,0,GAME_OVER,36,35,2,1507,1,RandomPlayerConfig,1,2,2,OSLA
-1007240979,Checkers,0,GAME_OVER,31,30,2,1508,1,RandomPlayerConfig,1,2,2,OSLA
-1109889775,Checkers,0,GAME_OVER,39,38,2,1509,1,RandomPlayerConfig,1,2,2,OSLA
-696199004,Checkers,0,GAME_OVER,43,42,2,1510,1,RandomPlayerConfig,1,2,2,OSLA
1627296296,Checkers,0,GAME_OVER,37,36,2,1511,1,RandomPlayerConfig,1,2,2,OSLA
-381690697,Checkers,0,GAME_OVER,46,45,2,1512,1,RandomPlayerConfig,1,2,2,OSLA
-1714531209,Checkers,0,GAME_OVER,45,44,2,1513,1,RandomPlayerConfig,1,2,2,OSLA
1611695884,Checkers,0,GAME_OVER,35,34,2,1514,1,RandomPlayerConfig,1,2,2,OSLA
877906465,Checkers,0,GAME_OVER,38,37,2,1515,1,RandomPlayerConfig,1,2,2,OSLA
-1828489019,Checkers,0,GAME_OVER,37,36,2,1516,1,RandomPlayerConfig,1,2,2,OSLA
849334249,Checkers,0,GAME_OVER,35,34,2,1517,1,RandomPlayerConfig,1,2,2,OSLA
-1301554182,Checkers,0,GAME_OVER,37,36,2,1518,1,RandomPlayerConfig,1,2,2,OSLA
943228435,Checkers,0,GAME_OVER,41,40,2,1519,1,RandomPlayerConfig,1,2,2,OSLA
-504360382,Checkers,0,GAME_OVER,39,38,2,1520,1,RandomPlayerConfig,1,2,2,OSLA
1545157105,Checkers,0,GAME_OVER,32,31,2,1521,1,RandomPlayerConfig,1,2,2,OSLA
-1954631529,Checkers,0,GAME_OVER,36,35,2,1522,1,RandomPlayerConfig,1,2,2,OSLA
-601567730,Checkers,0,GAME_OVER,37,36,2,1523,1,RandomPlayerConfig,1,2,2,OSLA
-255010712,Checkers,0,GAME_OVER,37,36,2,1524,1,RandomPlayerConfig,1,2,2,OSLA
-824178409,Checkers,0,GAME_OVER,45,44,2,1525,1,RandomPlayerConfig,1,2,2,OSLA
-1297140018,Checkers,0,GAME_OVER,36,35,2,1526,1,RandomPlayerConfig,1,2,2,OSLA
739054572,Checkers,0,GAME_OVER,36,35,2,1527,1,RandomPlayerConfig,1,2,2,OSLA
-1367413192,Checkers,0,GAME_OVER,34,33,2,1528,1,RandomPlayerConfig,1,2,2,OSLA
-958731899,Checkers,0,GAME_OVER,49,48,2,1529,1,RandomPlayerConfig,1,2,2,OSLA
-848675810,Checkers,0,GAME_OVER,41,40,2,1530,1,RandomPlayerConfig,1,2,2,OSLA
-946528367,Checkers,0,GAME_OVER,31,30,2,1531,1,RandomPlayerConfig,1,2,2,OSLA
-1515381913,Checkers,0,GAME_OVER,47,46,2,1532,1,RandomPlayerConfig,1,2,2,OSLA
-842052371,Checkers,0,GAME_OVER,37,36,2,1533,1,RandomPlayerConfig,1,2,2,OSLA
-1850718800,Checkers,0,GAME_OVER,34,33,2,1534,1,RandomPlayerConfig,1,2,2,OSLA
1775172467,Checkers,0,GAME_OVER,47,46,2,1535,1,RandomPlayerConfig,1,2,2,OSLA
-751232873,Checkers,0,GAME_OVER,40,39,2,1536,1,RandomPlayerConfig,1,2,2,OSLA
1601017002,Checkers,0,GAME_OVER,34,33,2,1537,1,RandomPlayerConfig,1,2,2,OSLA
-1638934101,Checkers,0,GAME_OVER,38,37,2,1538,1,RandomPlayerConfig,1,2,2,OSLA
-916609700,Checkers,0,GAME_OVER,41,40,2,1539,1,RandomPlayerConfig,1,2,2,OSLA
746908358,Checkers,0,GAME_OVER,33,32,2,1540,1,RandomPlayerConfig,1,2,2,OSLA
1274231333,Checkers,0,GAME_OVER,40,39,2,1541,1,RandomPlayerConfig,1,2,2,OSLA
510298567,Checkers,0,GAME_OVER,34,33,2,1542,1,RandomPlayerConfig,1,2,2,OSLA
-670333074,Checkers,0,GAME_OVER,38,37,2,1543,1,RandomPlayerConfig,1,2,2,OSLA
-353500661,Checkers,0,GAME_OVER,44,43,2,1544,1,RandomPlayerConfig,1,2,2,OSLA
-551773830,Checkers,0,GAME_OVER,39,38,2,1545,1,RandomPlayerConfig,1,2,2,OSLA
-1582853344,Checkers,0,GAME_OVER,43,42,2,1546,1,RandomPlayerConfig,1,2,2,OSLA
2069953895,Checkers,0,GAME_OVER,38,37,2,1547,1,RandomPlayerConfig,1,2,2,OSLA
844042110,Checkers,0,GAME_OVER,35,34,2,1548,1,RandomPlayerConfig,1,2,2,OSLA
1083589210,Checkers,0,GAME_OVER,33,32,2,1549,1,RandomPlayerConfig,1,2,2,OSLA
1162880844,Checkers,0,GAME_OVER,50,49,2,1550,1,RandomPlayerConfig,1,2,2,OSLA
768043558,Checkers,0,GAME_OVER,37,36,2,1551,1,RandomPlayerConfig,1,2,2,OSLA
2146748024,Checkers,0,GAME_OVER,31,30,2,1552,1,RandomPlayerConfig,1,2,2,OSLA
-877137102,Checkers,0,GAME_OVER,42,41,2,1553,1,RandomPlayerConfig,1,2,2,OSLA
-910249297,Checkers,0,GAME_OVER,38,37,2,1554,1,RandomPlayerConfig,1,2,2,OSLA
-980835986,Checkers,0,GAME_OVER,37,36,2,1555,1,RandomPlayerConfig,1,2,2,OSLA
1031863548,Checkers,0,GAME_OVER,32,31,2,1556,1,RandomPlayerConfig,1,2,2,OSLA
743547533,Checkers,0,GAME_OVER,46,45,2,1557,1,RandomPlayerConfig,1,2,2,OSLA
1816900621,Checkers,0,GAME_OVER,37,36,2,1558,1,RandomPlayerConfig,1,2,2,OSLA
483043817,Checkers,0,GAME_OVER,34,33,2,1559,1,RandomPlayerConfig,1,2,2,OSLA
1257955188,Checkers,0,GAME_OVER,43,42,2,1560,1,RandomPlayerConfig,1,2,2,OSLA
2012560054,Checkers,0,GAME_OVER,28,27,2,1561,1,RandomPlayerConfig,1,2,2,OSLA
494401888,Checkers,0,GAME_OVER,43,42,2,1562,1,RandomPlayerConfig,1,2,2,OSLA
-6808722,Checkers,0,GAME_OVER,43,42,2,1563,1,RandomPlayerConfig,1,2,2,OSLA
-1140708449,Checkers,0,GAME_OVER,37,36,2,1564,1,RandomPlayerConfig,1,2,2,OSLA
-1263670368,Checkers,0,GAME_OVER,46,45,2,1565,1,RandomPlayerConfig,1,2,2,OSLA
-960670229,Checkers,0,GAME_OVER,33,32,2,1566,1,RandomPlayerConfig,1,2,2,OSLA
-1681023610,Checkers,0,GAME_OVER,44,43,2,1567,1,RandomPlayerConfig,1,2,2,OSLA
-117004599,Checkers,0,GAME_OVER,34,33,2,1568,1,RandomPlayerConfig,1,2,2,OSLA
-507496694,Checkers,0,GAME_OVER,38,37,2,1569,1,RandomPlayerConfig,1,2,2,OSLA
-127130226,Checkers,0,GAME_OVER,44,43,2,1570,1,RandomPlayerConfig,1,2,2,OSLA
1976781356,Checkers,0,GAME_OVER,34,33,2,1571,1,RandomPlayerConfig,1,2,2,OSLA
96748349,Checkers,0,GAME_OVER,47,46,2,1572,1,RandomPlayerConfig,1,2,2,OSLA
-1558439202,Checkers,0,GAME_OVER,56,55,2,1573,1,RandomPlayerConfig,1,2,2,OSLA
1200435548,Checkers,0,GAME_OVER,58,57,2,1574,1,RandomPlayerConfig,1,2,2,OSLA
1704523988,Checkers,0,GAME_OVER,35,34,2,1575,1,RandomPlayerConfig,1,2,2,OSLA
-1655199496,Checkers,0,GAME_OVER,40,39,2,1576,1,RandomPlayerConfig,1,2,2,OSLA
-958595622,Checkers,0,GAME_OVER,42,41,2,1577,1,RandomPlayerConfig,1,2,2,OSLA
1931790698,Checkers,0,GAME_OVER,41,40,2,1578,1,RandomPlayerConfig,1,2,2,OSLA
1691137454,Checkers,0,GAME_OVER,32,31,2,1579,1,RandomPlayerConfig,1,2,2,OSLA
-649718369,Checkers,0,GAME_OVER,32,31,2,1580,1,RandomPlayerConfig,1,2,2,OSLA
-2083962255,Checkers,0,GAME_OVER,38,37,2,1581,1,RandomPlayerConfig,1,2,2,OSLA
-1062393879,Checkers,0,GAME_OVER,40,39,2,1582,1,RandomPlayerConfig,1,2,2,OSLA
-1838487253,Checkers,0,GAME_OVER,44,43,2,1583,1,RandomPlayerConfig,1,2,2,OSLA
521062321,Checkers,0,GAME_OVER,45,44,2,1584,1,RandomPlayerConfig,1,2,2,OSLA
847094771,Checkers,0,GAME_OVER,35,34,2,1585,1,RandomPlayerConfig,1,2,2,OSLA
-563383945,Checkers,0,GAME_OVER,44,43,2,1586,1,RandomPlayerConfig,1,2,2,OSLA
346747839,Checkers,0,GAME_OVER,43,42,2,1587,1,RandomPlayerConfig,1,2,2,OSLA
1988847872,Checkers,0,GAME_OVER,38,37,2,1588,1,RandomPlayerConfig,1,2,2,OSLA
1863238123,Checkers,0,GAME_OVER,38,37,2,1589,1,RandomPlayerConfig,1,2,2,OSLA
-1868306767,Checkers,0,GAME_OVER,33,32,2,1590,1,RandomPlayerConfig,1,2,2,OSLA
-919387672,Checkers,0,GAME_OVER,44,43,2,1591,1,RandomPlayerConfig,1,2,2,OSLA
1170746461,Checkers,0,GAME_OVER,41,40,2,1592,1,RandomPlayerConfig,1,2,2,OSLA
-1196589625,Checkers,0,GAME_OVER,35,34,2,1593,1,RandomPlayerConfig,1,2,2,OSLA
-504947956,Checkers,0,GAME_OVER,31,30,2,1594,1,RandomPlayerConfig,1,2,2,OSLA
-1733550993,Checkers,0,GAME_OVER,34,33,2,1595,1,RandomPlayerConfig,1,2,2,OSLA
-1001155950,Checkers,0,GAME_OVER,34,33,2,1596,1,RandomPlayerConfig,1,2,2,OSLA
1585516222,Checkers,0,GAME_OVER,43,42,2,1597,1,RandomPlayerConfig,1,2,2,OSLA
-134527771,Checkers,0,GAME_OVER,40,39,2,1598,1,RandomPlayerConfig,1,2,2,OSLA
-428295954,Checkers,0,GAME_OVER,37,36,2,1599,1,RandomPlayerConfig,1,2,2,OSLA
-2087646572,Checkers,0,GAME_OVER,53,52,2,1600,1,RandomPlayerConfig,1,2,2,OSLA
-1900810258,Checkers,0,GAME_OVER,42,41,2,1601,1,RandomPlayerConfig,1,2,2,OSLA
1166650141,Checkers,0,GAME_OVER,42,41,2,1602,2,RandomPlayerConfig,2,1,1,RandomPlayerConfig
109161956,Checkers,0,GAME_OVER,46,45,2,1603,1,RandomPlayerConfig,1,2,2,RandomPlayerConfig
-857986891,Checkers,0,GAME_OVER,31,30,2,1604,2,RandomPlayerConfig,2,1,1,RandomPlayerConfig
-689553493,Checkers,0,GAME_OVER,36,35,2,1605,2,RandomPlayerConfig,2,1,1,RandomPlayerConfig
-344928737,Checkers,0,GAME_OVER,52,51,2,1606,1,RandomPlayerConfig,1,2,2,RandomPlayerConfig
-1478639398,Checkers,0,GAME_OVER,56,55,2,1607,1,RandomPlayerConfig,1,2,2,RandomPlayerConfig
-785190759,Checkers,0,GAME_OVER,102,101,2,1608,1,RandomPlayerConfig,1,2,2,RandomPlayerConfig
-394730578,Checkers,0,GAME_OVER,43,42,2,1609,1,RandomPlayerConfig,1,2,2,RandomPlayerConfig
-2096522261,Checkers,0,GAME_OVER,34,33,2,1610,1,RandomPlayerConfig,1,2,2,RandomPlayerConfig
890111067,Checkers,0,GAME_OVER,48,47,2,1611,2,RandomPlayerConfig,2,1,1,RandomPlayerConfig
-1706908548,Checkers,0,GAME_OVER,47,46,2,1612,2,RandomPlayerConfig,2,1,1,RandomPlayerConfig
-933531553,Checkers,0,GAME_OVER,80,79,2,1613,2,RandomPlayerConfig,2,1,1,RandomPlayerConfig
-465708335,Checkers,0,GAME_OVER,59,58,2,1614,1,RandomPlayerConfig,1,2,2,RandomPlayerConfig
1551619903,Checkers,0,GAME_OVER,56,55,2,1615,1,RandomPlayerConfig,1,2,2,RandomPlayerConfig
-1433127224,Checkers,0,GAME_OVER,71,70,2,1616,1,RandomPlayerConfig,1,2,2,RandomPlayerConfig
2047594833,Checkers,0,GAME_OVER,47,46,2,1617,1,RandomPlayerConfig,1,2,2,RandomPlayerConfig
363113990,Checkers,0,GAME_OVER,37,36,2,1618,1,RandomPlayerConfig,1,2,2,RandomPlayerConfig
514727295,Checkers,0,GAME_OVER,40,39,2,1619,1,RandomPlayerConfig,1,2,2,RandomPlayerConfig
1986308210,Checkers,0,GAME_OVER,51,50,2,1620,1,RandomPlayerConfig,1,2,2,RandomPlayerConfig
-1645304530,Checkers,0,GAME_OVER,39,38,2,1621,1,RandomPlayerConfig,1,2,2,RandomPlayerConfig
-721914184,Checkers,0,GAME_OVER,42,41,2,1622,2,RandomPlayerConfig,2,1,1,RandomPlayerConfig
-1490940497,Checkers,0,GAME_OVER,31,30,2,1623,1,RandomPlayerConfig,1,2,2,RandomPlayerConfig
1850286630,Checkers,0,GAME_OVER,47,46,2,1624,2,RandomPlayerConfig,2,1,1,RandomPlayerConfig
-1144868645,Checkers,0,GAME_OVER,50,49,2,1625,1,RandomPlayerConfig,1,2,2,RandomPlayerConfig
1625371234,Checkers,0,GAME_OVER,41,40,2,1626,1,RandomPlayerConfig,1,2,2,RandomPlayerConfig
-710618420,Checkers,0,GAME_OVER,46,45,2,1627,2,RandomPlayerConfig,2,1,1,RandomPlayerConfig
442428611,Checkers,0,GAME_OVER,52,51,2,1628,1,RandomPlayerConfig,1,2,2,RandomPlayerConfig
-1841962791,Checkers,0,GAME_OVER,45,44,2,1629,1,RandomPlayerConfig,1,2,2,RandomPlayerConfig
987097697,Checkers,0,GAME_OVER,37,36,2,1630,1,RandomPlayerConfig,1,2,2,RandomPlayerConfig
-1979775432,Checkers,0,GAME_OVER,45,44,2,1631,1,RandomPlayerConfig,1,2,2,RandomPlayerConfig
1436417290,Checkers,0,GAME_OVER,45,44,2,1632,2,RandomPlayerConfig,2,1,1,RandomPlayerConfig
1686011118,Checkers,0,GAME_OVER,42,41,2,1633,2,RandomPlayerConfig,2,1,1,RandomPlayerConfig
-1460860730,Checkers,0,GAME_OVER,63,62,2,1634,1,RandomPlayerConfig,1,2,2,RandomPlayerConfig
558843393,Checkers,0,GAME_OVER,58,57,2,1635,1,RandomPlayerConfig,1,2,2,RandomPlayerConfig
-1893988719,Checkers,0,GAME_OVER,57,56,2,1636,2,RandomPlayerConfig,2,1,1,RandomPlayerConfig
400650756,Checkers,0,GAME_OVER,59,58,2,1637,2,RandomPlayerConfig,2,1,1,RandomPlayerConfig
-996366740,Checkers,0,GAME_OVER,42,41,2,1638,2,RandomPlayerConfig,2,1,1,RandomPlayerConfig
-696161431,Checkers,0,GAME_OVER,42,41,2,1639,1,RandomPlayerConfig,1,2,2,RandomPlayerConfig
-1317451267,Checkers,0,GAME_OVER,41,40,2,1640,2,RandomPlayerConfig,2,1,1,RandomPlayerConfig
-1372006832,Checkers,0,GAME_OVER,44,43,2,1641,2,RandomPlayerConfig,2,1,1,RandomPlayerConfig
-1981209011,Checkers,0,GAME_OVER,58,57,2,1642,1,RandomPlayerConfig,1,2,2,RandomPlayerConfig
572794274,Checkers,0,GAME_OVER,38,37,2,1643,1,RandomPlayerConfig,1,2,2,RandomPlayerConfig
2123338351,Checkers,0,GAME_OVER,72,71,2,1644,1,RandomPlayerConfig,1,2,2,RandomPlayerConfig
-971240522,Checkers,0,GAME_OVER,36,35,2,1645,1,RandomPlayerConfig,1,2,2,RandomPlayerConfig
-476990959,Checkers,0,GAME_OVER,37,36,2,1646,1,RandomPlayerConfig,1,2,2,RandomPlayerConfig
297204952,Checkers,0,GAME_OVER,56,55,2,1647,2,RandomPlayerConfig,2,1,1,RandomPlayerConfig
302978622,Checkers,0,GAME_OVER,67,66,2,1648,1,RandomPlayerConfig,1,2,2,RandomPlayerConfig
1736254571,Checkers,0,GAME_OVER,40,39,2,1649,1,RandomPlayerConfig,1,2,2,RandomPlayerConfig
833580007,Checkers,0,GAME_OVER,37,36,2,1650,2,RandomPlayerConfig,2,1,1,RandomPlayerConfig
1738998133,Checkers,0,GAME_OVER,45,44,2,1651,1,RandomPlayerConfig,1,2,2,RandomPlayerConfig
272379623,Checkers,0,GAME_OVER,38,37,2,1652,2,RandomPlayerConfig,2,1,1,RandomPlayerConfig
-1968869925,Checkers,0,GAME_OVER,35,34,2,1653,1,RandomPlayerConfig,1,2,2,RandomPlayerConfig
1781885336,Checkers,0,GAME_OVER,48,47,2,1654,2,RandomPlayerConfig,2,1,1,RandomPlayerConfig
1003531168,Checkers,0,GAME_OVER,35,34,2,1655,1,RandomPlayerConfig,1,2,2,RandomPlayerConfig
834411585,Checkers,0,GAME_OVER,49,48,2,1656,2,RandomPlayerConfig,2,1,1,RandomPlayerConfig
-1581955635,Checkers,0,GAME_OVER,56,55,2,1657,1,RandomPlayerConfig,1,2,2,RandomPlayerConfig
856476889,Checkers,0,GAME_OVER,52,51,2,1658,2,RandomPlayerConfig,2,1,1,RandomPlayerConfig
-1665028347,Checkers,0,GAME_OVER,45,44,2,1659,2,RandomPlayerConfig,2,1,1,RandomPlayerConfig
1099843316,Checkers,0,GAME_OVER,57,56,2,1660,1,RandomPlayerConfig,1,2,2,RandomPlayerConfig
-2006344251,Checkers,0,GAME_OVER,48,47,2,1661,1,RandomPlayerConfig,1,2,2,RandomPlayerConfig
1164545248,Checkers,0,GAME_OVER,42,41,2,1662,2,RandomPlayerConfig,2,1,1,RandomPlayerConfig
878560987,Checkers,0,GAME_OVER,37,36,2,1663,2,RandomPlayerConfig,2,1,1,RandomPlayerConfig
-768428501,Checkers,0,GAME_OVER,58,57,2,1664,1,RandomPlayerConfig,1,2,2,RandomPlayerConfig
-852766551,Checkers,0,GAME_OVER,34,33,2,1665,1,RandomPlayerConfig,1,2,2,RandomPlayerConfig
-290863815,Checkers,0,GAME_OVER,48,47,2,1666,2,RandomPlayerConfig,2,1,1,RandomPlayerConfig
1261813282,Checkers,0,GAME_OVER,55,54,2,1667,2,RandomPlayerConfig,2,1,1,RandomPlayerConfig
1909828744,Checkers,0,GAME_OVER,43,42,2,1668,2,RandomPlayerConfig,2,1,1,RandomPlayerConfig
1603710631,Checkers,0,GAME_OVER,42,41,2,1669,2,RandomPlayerConfig,2,1,1,RandomPlayerConfig
-1780834855,Checkers,0,GAME_OVER,54,53,2,1670,2,RandomPlayerConfig,2,1,1,RandomPlayerConfig
1427126317,Checkers,0,GAME_OVER,56,55,2,1671,2,RandomPlayerConfig,2,1,1,RandomPlayerConfig
-1234984872,Checkers,0,GAME_OVER,60,59,2,1672,1,RandomPlayerConfig,1,2,2,RandomPlayerConfig
-1914313899,Checkers,0,GAME_OVER,66,65,2,1673,2,RandomPlayerConfig,2,1,1,RandomPlayerConfig
454762611,Checkers,0,GAME_OVER,65,64,2,1674,1,RandomPlayerConfig,1,2,2,RandomPlayerConfig
-619184801,Checkers,0,GAME_OVER,54,53,2,1675,2,RandomPlayerConfig,2,1,1,RandomPlayerConfig
1223164680,Checkers,0,GAME_OVER,60,59,2,1676,2,RandomPlayerConfig,2,1,1,RandomPlayerConfig
2054363673,Checkers,0,GAME_OVER,45,44,2,1677,2,RandomPlayerConfig,2,1,1,RandomPlayerConfig
-1866035446,Checkers,0,GAME_OVER,46,45,2,1678,1,RandomPlayerConfig,1,2,2,RandomPlayerConfig
-2061774791,Checkers,0,GAME_OVER,39,38,2,1679,1,RandomPlayerConfig,1,2,2,RandomPlayerConfig
114068438,Checkers,0,GAME_OVER,40,39,2,1680,2,RandomPlayerConfig,2,1,1,RandomPlayerConfig
381060298,Checkers,0,GAME_OVER,74,73,2,1681,2,RandomPlayerConfig,2,1,1,RandomPlayerConfig
-355135545,Checkers,0,GAME_OVER,36,35,2,1682,2,RandomPlayerConfig,2,1,1,RandomPlayerConfig
-544731501,Checkers,0,GAME_OVER,43,42,2,1683,2,RandomPlayerConfig,2,1,1,RandomPlayerConfig
917895627,Checkers,0,GAME_OVER,36,35,2,1684,2,RandomPlayerConfig,2,1,1,RandomPlayerConfig
1618389143,Checkers,0,GAME_OVER,103,102,2,1685,2,RandomPlayerConfig,2,1,1,RandomPlayerConfig
-1736785397,Checkers,0,GAME_OVER,61,60,2,1686,2,RandomPlayerConfig,2,1,1,RandomPlayerConfig
2005050153,Checkers,0,GAME_OVER,47,46,2,1687,1,RandomPlayerConfig,1,2,2,RandomPlayerConfig
-1189707545,Checkers,0,GAME_OVER,40,39,2,1688,1,RandomPlayerConfig,1,2,2,RandomPlayerConfig
1647154471,Checkers,0,GAME_OVER,39,38,2,1689,1,RandomPlayerConfig,1,2,2,RandomPlayerConfig
-1409642296,Checkers,0,GAME_OVER,45,44,2,1690,1,RandomPlayerConfig,1,2,2,RandomPlayerConfig
-166327463,Checkers,0,GAME_OVER,70,69,2,1691,2,RandomPlayerConfig,2,1,1,RandomPlayerConfig
-1990371682,Checkers,0,GAME_OVER,52,51,2,1692,1,RandomPlayerConfig,1,2,2,RandomPlayerConfig
-9967102,Checkers,0,GAME_OVER,33,32,2,1693,2,RandomPlayerConfig,2,1,1,RandomPlayerConfig
-299674100,Checkers,0,GAME_OVER,43,42,2,1694,2,RandomPlayerConfig,2,1,1,RandomPlayerConfig
-18844374,Checkers,0,GAME_OVER,46,45,2,1695,2,RandomPlayerConfig,2,1,1,RandomPlayerConfig
120459651,Checkers,0,GAME_OVER,33,32,2,1696,2,RandomPlayerConfig,2,1,1,RandomPlayerConfig
860114479,Checkers,0,GAME_OVER,41,40,2,1697,1,RandomPlayerConfig,1,2,2,RandomPlayerConfig
-2092751906,Checkers,0,GAME_OVER,64,63,2,1698,1,RandomPlayerConfig,1,2,2,RandomPlayerConfig
-91735664,Checkers,0,GAME_OVER,38,37,2,1699,2,RandomPlayerConfig,2,1,1,RandomPlayerConfig
2122436674,Checkers,0,GAME_OVER,43,42,2,1700,1,RandomPlayerConfig,1,2,2,RandomPlayerConfig
1350581789,Checkers,0,GAME_OVER,30,29,2,1701,2,RandomPlayerConfig,2,1,1,RandomPlayerConfig
935708237,Checkers,0,GAME_OVER,53,52,2,1702,1,RandomPlayerConfig,1,2,2,RandomPlayerConfig
1636251373,Checkers,0,GAME_OVER,33,32,2,1703,2,RandomPlayerConfig,2,1,1,RandomPlayerConfig
-1656792108,Checkers,0,GAME_OVER,45,44,2,1704,2,RandomPlayerConfig,2,1,1,RandomPlayerConfig
1642681286,Checkers,0,GAME_OVER,33,32,2,1705,1,RandomPlayerConfig,1,2,2,RandomPlayerConfig
275829445,Checkers,0,GAME_OVER,46,45,2,1706,1,RandomPlayerConfig,1,2,2,RandomPlayerConfig
351457243,Checkers,0,GAME_OVER,53,52,2,1707,2,RandomPlayerConfig,2,1,1,RandomPlayerConfig
-1007240979,Checkers,0,GAME_OVER,44,43,2,1708,1,RandomPlayerConfig,1,2,2,RandomPlayerConfig
-1109889775,Checkers,0,GAME_OVER,62,61,2,1709,1,RandomPlayerConfig,1,2,2,RandomPlayerConfig
-696199004,Checkers,0,GAME_OVER,43,42,2,1710,2,RandomPlayerConfig,2,1,1,RandomPlayerConfig
1627296296,Checkers,0,GAME_OVER,38,37,2,1711,2,RandomPlayerConfig,2,1,1,RandomPlayerConfig
-381690697,Checkers,0,GAME_OVER,44,43,2,1712,2,RandomPlayerConfig,2,1,1,RandomPlayerConfig
-1714531209,Checkers,0,GAME_OVER,38,37,2,1713,2,RandomPlayerConfig,2,1,1,RandomPlayerConfig
1611695884,Checkers,0,GAME_OVER,46,45,2,1714,1,RandomPlayerConfig,1,2,2,RandomPlayerConfig
877906465,Checkers,0,GAME_OVER,66,65,2,1715,1,RandomPlayerConfig,1,2,2,RandomPlayerConfig
-1828489019,Checkers,0,GAME_OVER,73,72,2,1716,2,RandomPlayerConfig,2,1,1,RandomPlayerConfig
849334249,Checkers,0,GAME_OVER,48,47,2,1717,2,RandomPlayerConfig,2,1,1,RandomPlayerConfig
-1301554182,Checkers,0,GAME_OVER,71,70,2,1718,1,RandomPlayerConfig,1,2,2,RandomPlayerConfig
943228435,Checkers,0,GAME_OVER,79,78,2,1719,1,RandomPlayerConfig,1,2,2,RandomPlayerConfig
-504360382,Checkers,0,GAME_OVER,71,70,2,1720,2,RandomPlayerConfig,2,1,1,RandomPlayerConfig
1545157105,Checkers,0,GAME_OVER,52,51,2,1721,2,RandomPlayerConfig,2,1,1,RandomPlayerConfig
-1954631529,Checkers,0,GAME_OVER,41,40,2,1722,2,RandomPlayerConfig,2,1,1,RandomPlayerConfig
-601567730,Checkers,0,GAME_OVER,47,46,2,1723,1,RandomPlayerConfig,1,2,2,RandomPlayerConfig
-255010712,Checkers,0,GAME_OVER,40,39,2,1724,1,RandomPlayerConfig,1,2,2,RandomPlayerConfig
-824178409,Checkers,0,GAME_OVER,40,39,2,1725,2,RandomPlayerConfig,2,1,1,RandomPlayerConfig
-1297140018,Checkers,0,GAME_OVER,84,83,2,1726,1,RandomPlayerConfig,1,2,2,RandomPlayerConfig
739054572,Checkers,0,GAME_OVER,73,72,2,1727,2,RandomPlayerConfig,2,1,1,RandomPlayerConfig
-1367413192,Checkers,0,GAME_OVER,45,44,2,1728,2,RandomPlayerConfig,2,1,1,RandomPlayerConfig
-958731899,Checkers,0,GAME_OVER,44,43,2,1729,2,RandomPlayerConfig,2,1,1,RandomPlayerConfig
-848675810,Checkers,0,GAME_OVER,40,39,2,1730,1,RandomPlayerConfig,1,2,2,RandomPlayerConfig
-946528367,Checkers,0,GAME_OVER,38,37,2,1731,1,RandomPlayerConfig,1,2,2,RandomPlayerConfig
-1515381913,Checkers,0,GAME_OVER,46,45,2,1732,2,RandomPlayerConfig,2,1,1,RandomPlayerConfig
-842052371,Checkers,0,GAME_OVER,41,40,2,1733,2,RandomPlayerConfig,2,1,1,RandomPlayerConfig
-1850718800,Checkers,0,GAME_OVER,36,35,2,1734,2,RandomPlayerConfig,2,1,1,RandomPlayerConfig
1775172467,Checkers,0,GAME_OVER,49,48,2,1735,2,RandomPlayerConfig,2,1,1,RandomPlayerConfig
-751232873,Checkers,0,GAME_OVER,43,42,2,1736,2,RandomPlayerConfig,2,1,1,RandomPlayerConfig
1601017002,Checkers,0,GAME_OVER,71,70,2,1737,2,RandomPlayerConfig,2,1,1,RandomPlayerConfig
-1638934101,Checkers,0,GAME_OVER,51,50,2,1738,1,RandomPlayerConfig,1,2,2,RandomPlayerConfig
-916609700,Checkers,0,GAME_OVER,62,61,2,1739,1,RandomPlayerConfig,1,2,2,RandomPlayerConfig
746908358,Checkers,0,GAME_OVER,42,41,2,1740,2,RandomPlayerConfig,2,1,1,RandomPlayerConfig
1274231333,Checkers,0,GAME_OVER,51,50,2,1741,2,RandomPlayerConfig,2,1,1,RandomPlayerConfig
510298567,Checkers,0,GAME_OVER,49,48,2,1742,2,RandomPlayerConfig,2,1,1,RandomPlayerConfig
-670333074,Checkers,0,GAME_OVER,39,38,2,1743,1,RandomPlayerConfig,1,2,2,RandomPlayerConfig
-353500661,Checkers,0,GAME_OVER,44,43,2,1744,1,RandomPlayerConfig,1,2,2,RandomPlayerConfig
-551773830,Checkers,0,GAME_OVER,79,78,2,1745,2,RandomPlayerConfig,2,1,1,RandomPlayerConfig
-1582853344,Checkers,0,GAME_OVER,74,73,2,1746,2,RandomPlayerConfig,2,1,1,RandomPlayerConfig
2069953895,Checkers,0,GAME_OVER,45,44,2,1747,1,RandomPlayerConfig,1,2,2,RandomPlayerConfig
844042110,Checkers,0,GAME_OVER,41,40,2,1748,1,RandomPlayerConfig,1,2,2,RandomPlayerConfig
1083589210,Checkers,0,GAME_OVER,41,40,2,1749,2,RandomPlayerConfig,2,1,1,RandomPlayerConfig
1162880844,Checkers,0,GAME_OVER,37,36,2,1750,1,RandomPlayerConfig,1,2,2,RandomPlayerConfig
768043558,Checkers,0,GAME_OVER,74,73,2,1751,1,RandomPlayerConfig,1,2,2,RandomPlayerConfig
2146748024,Checkers,0,GAME_OVER,43,42,2,1752,2,RandomPlayerConfig,2,1,1,RandomPlayerConfig
-877137102,Checkers,0,GAME_OVER,71,70,2,1753,2,RandomPlayerConfig,2,1,1,RandomPlayerConfig
-910249297,Checkers,0,GAME_OVER,38,37,2,1754,2,RandomPlayerConfig,2,1,1,RandomPlayerConfig
-980835986,Checkers,0,GAME_OVER,45,44,2,1755,1,RandomPlayerConfig,1,2,2,RandomPlayerConfig
1031863548,Checkers,0,GAME_OVER,34,33,2,1756,2,RandomPlayerConfig,2,1,1,RandomPlayerConfig
743547533,Checkers,0,GAME_OVER,40,39,2,1757,1,RandomPlayerConfig,1,2,2,RandomPlayerConfig
1816900621,Checkers,0,GAME_OVER,41,40,2,1758,1,RandomPlayerConfig,1,2,2,RandomPlayerConfig
483043817,Checkers,0,GAME_OVER,58,57,2,1759,2,RandomPlayerConfig,2,1,1,RandomPlayerConfig
1257955188,Checkers,0,GAME_OVER,45,44,2,1760,2,RandomPlayerConfig,2,1,1,RandomPlayerConfig
2012560054,Checkers,0,GAME_OVER,42,41,2,1761,2,RandomPlayerConfig,2,1,1,RandomPlayerConfig
494401888,Checkers,0,GAME_OVER,42,41,2,1762,1,RandomPlayerConfig,1,2,2,RandomPlayerConfig
-6808722,Checkers,0,GAME_OVER,42,41,2,1763,1,RandomPlayerConfig,1,2,2,RandomPlayerConfig
-1140708449,Checkers,0,GAME_OVER,51,50,2,1764,2,RandomPlayerConfig,2,1,1,RandomPlayerConfig
-1263670368,Checkers,0,GAME_OVER,37,36,2,1765,1,RandomPlayerConfig,1,2,2,RandomPlayerConfig
-960670229,Checkers,0,GAME_OVER,51,50,2,1766,2,RandomPlayerConfig,2,1,1,RandomPlayerConfig
-1681023610,Checkers,0,GAME_OVER,70,69,2,1767,2,RandomPlayerConfig,2,1,1,RandomPlayerConfig
-117004599,Checkers,0,GAME_OVER,65,64,2,1768,1,RandomPlayerConfig,1,2,2,RandomPlayerConfig
-507496694,Checkers,0,GAME_OVER,49,48,2,1769,1,RandomPlayerConfig,1,2,2,RandomPlayerConfig
-127130226,Checkers,0,GAME_OVER,37,36,2,1770,1,RandomPlayerConfig,1,2,2,RandomPlayerConfig
1976781356,Checkers,0,GAME_OVER,63,62,2,1771,1,RandomPlayerConfig,1,2,2,RandomPlayerConfig
96748349,Checkers,0,GAME_OVER,40,39,2,1772,1,RandomPlayerConfig,1,2,2,RandomPlayerConfig
-1558439202,Checkers,0,GAME_OVER,55,54,2,1773,1,RandomPlayerConfig,1,2,2,RandomPlayerConfig
1200435548,Checkers,0,GAME_OVER,41,40,2,1774,1,RandomPlayerConfig,1,2,2,RandomPlayerConfig
1704523988,Checkers,0,GAME_OVER,43,42,2,1775,1,RandomPlayerConfig,1,2,2,RandomPlayerConfig
-1655199496,Checkers,0,GAME_OVER,36,35,2,1776,2,RandomPlayerConfig,2,1,1,RandomPlayerConfig
-958595622,Checkers,0,GAME_OVER,48,47,2,1777,1,RandomPlayerConfig,1,2,2,RandomPlayerConfig
1931790698,Checkers,0,GAME_OVER,42,41,2,1778,1,RandomPlayerConfig,1,2,2,RandomPlayerConfig
1691137454,Checkers,0,GAME_OVER,44,43,2,1779,2,RandomPlayerConfig,2,1,1,RandomPlayerConfig
-649718369,Checkers,0,GAME_OVER,50,49,2,1780,1,RandomPlayerConfig,1,2,2,RandomPlayerConfig
-2083962255,Checkers,0,GAME_OVER,31,30,2,1781,2,RandomPlayerConfig,2,1,1,RandomPlayerConfig
-1062393879,Checkers,0,GAME_OVER,63,62,2,1782,1,RandomPlayerConfig,1,2,2,RandomPlayerConfig
-1838487253,Checkers,0,GAME_OVER,53,52,2,1783,2,RandomPlayerConfig,2,1,1,RandomPlayerConfig
521062321,Checkers,0,GAME_OVER,34,33,2,1784,2,RandomPlayerConfig,2,1,1,RandomPlayerConfig
847094771,Checkers,0,GAME_OVER,61,60,2,1785,2,RandomPlayerConfig,2,1,1,RandomPlayerConfig
-563383945,Checkers,0,GAME_OVER,41,40,2,1786,1,RandomPlayerConfig,1,2,2,RandomPlayerConfig
346747839,Checkers,0,GAME_OVER,38,37,2,1787,2,RandomPlayerConfig,2,1,1,RandomPlayerConfig
1988847872,Checkers,0,GAME_OVER,48,47,2,1788,1,RandomPlayerConfig,1,2,2,RandomPlayerConfig
1863238123,Checkers,0,GAME_OVER,60,59,2,1789,2,RandomPlayerConfig,2,1,1,RandomPlayerConfig
-1868306767,Checkers,0,GAME_OVER,48,47,2,1790,2,RandomPlayerConfig,2,1,1,RandomPlayerConfig
-919387672,Checkers,0,GAME_OVER,45,44,2,1791,1,RandomPlayerConfig,1,2,2,RandomPlayerConfig
1170746461,Checkers,0,GAME_OVER,52,51,2,1792,1,RandomPlayerConfig,1,2,2,RandomPlayerConfig
-1196589625,Checkers,0,GAME_OVER,54,53,2,1793,2,RandomPlayerConfig,2,1,1,RandomPlayerConfig
-504947956,Checkers,0,GAME_OVER,50,49,2,1794,2,RandomPlayerConfig,2,1,1,RandomPlayerConfig
-1733550993,Checkers,0,GAME_OVER,39,38,2,1795,1,RandomPlayerConfig,1,2,2,RandomPlayerConfig
-1001155950,Checkers,0,GAME_OVER,44,43,2,1796,2,RandomPlayerConfig,2,1,1,RandomPlayerConfig
1585516222,Checkers,0,GAME_OVER,76,75,2,1797,1,RandomPlayerConfig,1,2,2,RandomPlayerConfig
-134527771,Checkers,0,GAME_OVER,66,65,2,1798,2,RandomPlayerConfig,2,1,1,RandomPlayerConfig
-428295954,Checkers,0,GAME_OVER,55,54,2,1799,1,RandomPlayerConfig,1,2,2,RandomPlayerConfig
-2087646572,Checkers,0,GAME_OVER,41,40,2,1800,2,RandomPlayerConfig,2,1,1,RandomPlayerConfig
-1900810258,Checkers,0,GAME_OVER,49,48,2,1801,2,RandomPlayerConfig,2,1,1,RandomPlayerConfig
