GameSeed,GameName,Round,Event,Tick,Turn,PlayerCount,GameID,Player-1 rank,PlayerName-0,Player-1,Player-0,Player-0 rank,PlayerName-1
-1126811814,Checkers,0,GAME_OVER,46,45,2,2,1,MCTS_CheckersHeuristic,1,2,2,MCTS_CheckersHeuristic
-1854791702,Checkers,0,GAME_OVER,41,40,2,3,1,MCTS_CheckersHeuristic,1,2,2,MCTS_CheckersHeuristic
-1761392996,Checkers,0,GAME_OVER,41,40,2,4,1,MCTS_CheckersHeuristic,1,2,2,MCTS_CheckersHeuristic
1190084556,Checkers,0,GAME_OVER,44,43,2,5,1,MCTS_CheckersHeuristic,1,2,2,MCTS_CheckersHeuristic
134562684,Checkers,0,GAME_OVER,43,42,2,6,1,MCTS_CheckersHeuristic,1,2,2,MCTS_CheckersHeuristic
213330350,Checkers,0,GAME_OVER,44,43,2,7,1,MCTS_CheckersHeuristic,1,2,2,MCTS_CheckersHeuristic
-974643853,Checkers,0,GAME_OVER,41,40,2,8,1,MCTS_CheckersHeuristic,1,2,2,MCTS_CheckersHeuristic
-513454553,Checkers,0,GAME_OVER,43,42,2,9,1,MCTS_CheckersHeuristic,1,2,2,MCTS_CheckersHeuristic
514392549,Checkers,0,GAME_OVER,41,40,2,10,1,MCTS_CheckersHeuristic,1,2,2,MCTS_CheckersHeuristic
500056579,Checkers,0,GAME_OVER,37,36,2,11,1,MCTS_CheckersHeuristic,1,2,2,MCTS_CheckersHeuristic
1197348627,Checkers,0,GAME_OVER,46,45,2,12,1,MCTS_CheckersHeuristic,1,2,2,MCTS_CheckersHeuristic
611704885,Checkers,0,GAME_OVER,53,52,2,13,1,MCTS_CheckersHeuristic,1,2,2,MCTS_CheckersHeuristic
1073468091,Checkers,0,GAME_OVER,41,40,2,14,1,MCTS_CheckersHeuristic,1,2,2,MCTS_CheckersHeuristic
-2079133931,Checkers,0,GAME_OVER,54,53,2,15,1,MCTS_CheckersHeuristic,1,2,2,MCTS_CheckersHeuristic
900962656,Checkers,0,GAME_OVER,43,42,2,16,1,MCTS_CheckersHeuristic,1,2,2,MCTS_CheckersHeuristic
-1105320639,Checkers,0,GAME_OVER,127,126,2,17,1,MCTS_CheckersHeuristic,1,1,1,MCTS_CheckersHeuristic
-1276645753,Checkers,0,GAME_OVER,48,47,2,18,1,MCTS_CheckersHeuristic,1,2,2,MCTS_CheckersHeuristic
2066220240,Checkers,0,GAME_OVER,77,76,2,19,1,MCTS_CheckersHeuristic,1,2,2,MCTS_CheckersHeuristic
134392692,Checkers,0,GAME_OVER,38,37,2,20,1,MCTS_CheckersHeuristic,1,2,2,MCTS_CheckersHeuristic
-595867711,Checkers,0,GAME_OVER,43,42,2,21,1,MCTS_CheckersHeuristic,1,2,2,MCTS_CheckersHeuristic
-1423916759,Checkers,0,GAME_OVER,45,44,2,22,1,MCTS_CheckersHeuristic,1,2,2,MCTS_CheckersHeuristic
1584043718,Checkers,0,GAME_OVER,47,46,2,23,1,MCTS_CheckersHeuristic,1,2,2,MCTS_CheckersHeuristic
631557042,Checkers,0,GAME_OVER,39,38,2,24,1,MCTS_CheckersHeuristic,1,2,2,MCTS_CheckersHeuristic
-1159394339,Checkers,0,GAME_OVER,30,29,2,25,1,MCTS_CheckersHeuristic,1,2,2,MCTS_CheckersHeuristic
-1753055221,Checkers,0,GAME_OVER,40,39,2,26,1,MCTS_CheckersHeuristic,1,2,2,MCTS_CheckersHeuristic
-1165515690,Checkers,0,GAME_OVER,44,43,2,27,1,MCTS_CheckersHeuristic,1,2,2,MCTS_CheckersHeuristic
-993684709,Checkers,0,GAME_OVER,42,41,2,28,1,MCTS_CheckersHeuristic,1,2,2,MCTS_CheckersHeuristic
-1903832526,Checkers,0,GAME_OVER,53,52,2,29,1,MCTS_CheckersHeuristic,1,2,2,MCTS_CheckersHeuristic
-2145882215,Checkers,0,GAME_OVER,48,47,2,30,1,MCTS_CheckersHeuristic,1,2,2,MCTS_CheckersHeuristic
1434313481,Checkers,0,GAME_OVER,112,111,2,31,1,MCTS_CheckersHeuristic,1,1,1,MCTS_CheckersHeuristic
992721376,Checkers,0,GAME_OVER,45,44,2,32,1,MCTS_CheckersHeuristic,1,2,2,MCTS_CheckersHeuristic
377717458,Checkers,0,GAME_OVER,40,39,2,33,1,MCTS_CheckersHeuristic,1,2,2,MCTS_CheckersHeuristic
-985822224,Checkers,0,GAME_OVER,49,48,2,34,1,MCTS_CheckersHeuristic,1,2,2,MCTS_CheckersHeuristic
-1509471425,Checkers,0,GAME_OVER,37,36,2,35,1,MCTS_CheckersHeuristic,1,2,2,MCTS_CheckersHeuristic
-1984605897,Checkers,0,GAME_OVER,31,30,2,36,1,MCTS_CheckersHeuristic,1,2,2,MCTS_CheckersHeuristic
-1018813297,Checkers,0,GAME_OVER,39,38,2,37,1,MCTS_CheckersHeuristic,1,2,2,MCTS_CheckersHeuristic
-263026475,Checkers,0,GAME_OVER,47,46,2,38,1,MCTS_CheckersHeuristic,1,2,2,MCTS_CheckersHeuristic
1425820426,Checkers,0,GAME_OVER,62,61,2,39,1,MCTS_CheckersHeuristic,1,2,2,MCTS_CheckersHeuristic
897402481,Checkers,0,GAME_OVER,45,44,2,40,1,MCTS_CheckersHeuristic,1,2,2,MCTS_CheckersHeuristic
228926585,Checkers,0,GAME_OVER,39,38,2,41,1,MCTS_CheckersHeuristic,1,2,2,MCTS_CheckersHeuristic
1925143784,Checkers,0,GAME_OVER,101,100,2,42,1,MCTS_CheckersHeuristic,1,1,1,MCTS_CheckersHeuristic
1610400601,Checkers,0,GAME_OVER,45,44,2,43,1,MCTS_CheckersHeuristic,1,2,2,MCTS_CheckersHeuristic
1919779660,Checkers,0,GAME_OVER,42,41,2,44,1,MCTS_CheckersHeuristic,1,2,2,MCTS_CheckersHeuristic
-2053467740,Checkers,0,GAME_OVER,46,45,2,45,1,MCTS_CheckersHeuristic,1,2,2,MCTS_CheckersHeuristic
10865688,Checkers,0,GAME_OVER,44,43,2,46,1,MCTS_CheckersHeuristic,1,2,2,MCTS_CheckersHeuristic
1523135320,Checkers,0,GAME_OVER,42,41,2,47,1,MCTS_CheckersHeuristic,1,2,2,MCTS_CheckersHeuristic
-882753659,Checkers,0,GAME_OVER,38,37,2,48,1,MCTS_CheckersHeuristic,1,2,2,MCTS_CheckersHeuristic
-1324887762,Checkers,0,GAME_OVER,38,37,2,49,1,MCTS_CheckersHeuristic,1,2,2,MCTS_CheckersHeuristic
-1878153895,Checkers,0,GAME_OVER,33,32,2,50,1,MCTS_CheckersHeuristic,1,2,2,MCTS_CheckersHeuristic
-830949865,Checkers,0,GAME_OVER,42,41,2,51,1,MCTS_CheckersHeuristic,1,2,2,MCTS_CheckersHeuristic
959993777,Checkers,0,GAME_OVER,34,33,2,52,1,MCTS_CheckersHeuristic,1,2,2,MCTS_CheckersHeuristic
-1572663681,Checkers,0,GAME_OVER,65,64,2,53,1,MCTS_CheckersHeuristic,1,2,2,MCTS_CheckersHeuristic
-55924844,Checkers,0,GAME_OVER,53,52,2,54,1,MCTS_CheckersHeuristic,1,2,2,MCTS_CheckersHeuristic
1767814761,Checkers,0,GAME_OVER,36,35,2,55,1,MCTS_CheckersHeuristic,1,2,2,MCTS_CheckersHeuristic
1969864013,Checkers,0,GAME_OVER,46,45,2,56,1,MCTS_CheckersHeuristic,1,2,2,MCTS_CheckersHeuristic
1540680658,Checkers,0,GAME_OVER,47,46,2,57,1,MCTS_CheckersHeuristic,1,2,2,MCTS_CheckersHeuristic
501694943,Checkers,0,GAME_OVER,38,37,2,58,1,MCTS_CheckersHeuristic,1,2,2,MCTS_CheckersHeuristic
1379761422,Checkers,0,GAME_OVER,47,46,2,59,1,MCTS_CheckersHeuristic,1,2,2,MCTS_CheckersHeuristic
326652947,Checkers,0,GAME_OVER,39,38,2,60,1,MCTS_CheckersHeuristic,1,2,2,MCTS_CheckersHeuristic
-2025703691,Checkers,0,GAME_OVER,43,42,2,61,1,MCTS_CheckersHeuristic,1,2,2,MCTS_CheckersHeuristic
1876861678,Checkers,0,GAME_OVER,45,44,2,62,1,MCTS_CheckersHeuristic,1,2,2,MCTS_CheckersHeuristic
-1684996844,Checkers,0,GAME_OVER,43,42,2,63,1,MCTS_CheckersHeuristic,1,2,2,MCTS_CheckersHeuristic
-275197809,Checkers,0,GAME_OVER,43,42,2,64,1,MCTS_CheckersHeuristic,1,2,2,MCTS_CheckersHeuristic
-1607096756,Checkers,0,GAME_OVER,39,38,2,65,1,MCTS_CheckersHeuristic,1,2,2,MCTS_CheckersHeuristic
-1415328824,Checkers,0,GAME_OVER,42,41,2,66,1,MCTS_CheckersHeuristic,1,2,2,MCTS_CheckersHeuristic
1250919033,Checkers,0,GAME_OVER,43,42,2,67,1,MCTS_CheckersHeuristic,1,2,2,MCTS_CheckersHeuristic
-32216080,Checkers,0,GAME_OVER,57,56,2,68,1,MCTS_CheckersHeuristic,1,2,2,MCTS_CheckersHeuristic
-1474698725,Checkers,0,GAME_OVER,43,42,2,69,1,MCTS_CheckersHeuristic,1,2,2,MCTS_CheckersHeuristic
651860413,Checkers,0,GAME_OVER,43,42,2,70,1,MCTS_CheckersHeuristic,1,2,2,MCTS_CheckersHeuristic
1328817941,Checkers,0,GAME_OVER,46,45,2,71,1,MCTS_CheckersHeuristic,1,2,2,MCTS_CheckersHeuristic
-957251293,Checkers,0,GAME_OVER,120,119,2,72,1,MCTS_CheckersHeuristic,1,2,2,MCTS_CheckersHeuristic
1886674435,Checkers,0,GAME_OVER,40,39,2,73,1,MCTS_CheckersHeuristic,1,2,2,MCTS_CheckersHeuristic
428014486,Checkers,0,GAME_OVER,116,115,2,74,1,MCTS_CheckersHeuristic,1,1,1,MCTS_CheckersHeuristic
-243191370,Checkers,0,GAME_OVER,48,47,2,75,1,MCTS_CheckersHeuristic,1,2,2,MCTS_CheckersHeuristic
2044749597,Checkers,0,GAME_OVER,42,41,2,76,1,MCTS_CheckersHeuristic,1,2,2,MCTS_CheckersHeuristic
5621453,Checkers,0,GAME_OVER,43,42,2,77,1,MCTS_CheckersHeuristic,1,2,2,MCTS_CheckersHeuristic
-98187762,Checkers,0,GAME_OVER,42,41,2,78,1,MCTS_CheckersHeuristic,1,2,2,MCTS_CheckersHeuristic
-899234932,Checkers,0,GAME_OVER,41,40,2,79,1,MCTS_CheckersHeuristic,1,2,2,MCTS_CheckersHeuristic
-1200939912,Checkers,0,GAME_OVER,58,57,2,80,1,MCTS_CheckersHeuristic,1,2,2,MCTS_CheckersHeuristic
54331494,Checkers,0,GAME_OVER,73,72,2,81,1,MCTS_CheckersHeuristic,1,2,2,MCTS_CheckersHeuristic
-1349133439,Checkers,0,GAME_OVER,38,37,2,82,1,MCTS_CheckersHeuristic,1,2,2,MCTS_CheckersHeuristic
782006215,Checkers,0,GAME_OVER,51,50,2,83,1,MCTS_CheckersHeuristic,1,2,2,MCTS_CheckersHeuristic
-46426047,Checkers,0,GAME_OVER,38,37,2,84,1,MCTS_CheckersHeuristic,1,2,2,MCTS_CheckersHeuristic
1242968106,Checkers,0,GAME_OVER,47,46,2,85,1,MCTS_CheckersHeuristic,1,2,2,MCTS_CheckersHeuristic
191863523,Checkers,0,GAME_OVER,50,49,2,86,1,MCTS_CheckersHeuristic,1,2,2,MCTS_CheckersHeuristic
-1249715842,Checkers,0,GAME_OVER,36,35,2,87,1,MCTS_CheckersHeuristic,1,2,2,MCTS_CheckersHeuristic
3527695,Checkers,0,GAME_OVER,43,42,2,88,1,MCTS_CheckersHeuristic,1,2,2,MCTS_CheckersHeuristic
1909370724,Checkers,0,GAME_OVER,42,41,2,89,1,MCTS_CheckersHeuristic,1,2,2,MCTS_CheckersHeuristic
-1263810062,Checkers,0,GAME_OVER,52,51,2,90,1,MCTS_CheckersHeuristic,1,2,2,MCTS_CheckersHeuristic
403428306,Checkers,0,GAME_OVER,38,37,2,91,1,MCTS_CheckersHeuristic,1,2,2,MCTS_CheckersHeuristic
224387928,Checkers,0,GAME_OVER,62,61,2,92,1,MCTS_CheckersHeuristic,1,2,2,MCTS_CheckersHeuristic
-1030962667,Checkers,0,GAME_OVER,39,38,2,93,1,MCTS_CheckersHeuristic,1,2,2,MCTS_CheckersHeuristic
-1388679505,Checkers,0,GAME_OVER,43,42,2,94,1,MCTS_CheckersHeuristic,1,2,2,MCTS_CheckersHeuristic
1106739283,Checkers,0,GAME_OVER,46,45,2,95,1,MCTS_CheckersHeuristic,1,2,2,MCTS_CheckersHeuristic
-110908417,Checkers,0,GAME_OVER,43,42,2,96,1,MCTS_CheckersHeuristic,1,2,2,MCTS_CheckersHeuristic
1462762996,Checkers,0,GAME_OVER,44,43,2,97,1,MCTS_CheckersHeuristic,1,2,2,MCTS_CheckersHeuristic
-202552310,Checkers,0,GAME_OVER,44,43,2,98,1,MCTS_CheckersHeuristic,1,2,2,MCTS_CheckersHeuristic
-56297566,Checkers,0,GAME_OVER,38,37,2,99,1,MCTS_CheckersHeuristic,1,2,2,MCTS_CheckersHeuristic
119215152,Checkers,0,GAME_OVER,42,41,2,100,1,MCTS_CheckersHeuristic,1,2,2,MCTS_CheckersHeuristic
-493007434,Checkers,0,GAME_OVER,78,77,2,101,1,MCTS_CheckersHeuristic,1,2,2,MCTS_CheckersHeuristic
1681978843,Checkers,0,GAME_OVER,39,38,2,102,1,MCTS_CheckersHeuristic,1,2,2,MCTS_CheckersHeuristic
-594737066,Checkers,0,GAME_OVER,48,47,2,103,1,MCTS_CheckersHeuristic,1,2,2,MCTS_CheckersHeuristic
-1756317328,Checkers,0,GAME_OVER,36,35,2,104,1,MCTS_CheckersHeuristic,1,2,2,MCTS_CheckersHeuristic
-944186225,Checkers,0,GAME_OVER,42,41,2,105,1,MCTS_CheckersHeuristic,1,2,2,MCTS_CheckersHeuristic
185511961,Checkers,0,GAME_OVER,40,39,2,106,1,MCTS_CheckersHeuristic,1,2,2,MCTS_CheckersHeuristic
-76089309,Checkers,0,GAME_OVER,98,97,2,107,1,MCTS_CheckersHeuristic,1,2,2,MCTS_CheckersHeuristic
468485359,Checkers,0,GAME_OVER,43,42,2,108,1,MCTS_CheckersHeuristic,1,2,2,MCTS_CheckersHeuristic
1175762423,Checkers,0,GAME_OVER,36,35,2,109,1,MCTS_CheckersHeuristic,1,2,2,MCTS_CheckersHeuristic
1361087813,Checkers,0,GAME_OVER,44,43,2,110,1,MCTS_CheckersHeuristic,1,2,2,MCTS_CheckersHeuristic
-673860807,Checkers,0,GAME_OVER,117,116,2,111,1,MCTS_CheckersHeuristic,1,1,1,MCTS_CheckersHeuristic
1399107872,Checkers,0,GAME_OVER,43,42,2,112,1,MCTS_CheckersHeuristic,1,2,2,MCTS_CheckersHeuristic
-796713551,Checkers,0,GAME_OVER,43,42,2,113,1,MCTS_CheckersHeuristic,1,2,2,MCTS_CheckersHeuristic
-297500633,Checkers,0,GAME_OVER,40,39,2,114,1,MCTS_CheckersHeuristic,1,2,2,MCTS_CheckersHeuristic
1606290921,Checkers,0,GAME_OVER,47,46,2,115,1,MCTS_CheckersHeuristic,1,2,2,MCTS_CheckersHeuristic
-306113397,Checkers,0,GAME_OVER,42,41,2,116,1,MCTS_CheckersHeuristic,1,2,2,MCTS_CheckersHeuristic
405267464,Checkers,0,GAME_OVER,40,39,2,117,1,MCTS_CheckersHeuristic,1,2,2,MCTS_CheckersHeuristic
-669887300,Checkers,0,GAME_OVER,44,43,2,118,1,MCTS_CheckersHeuristic,1,2,2,MCTS_CheckersHeuristic
-1848836978,Checkers,0,GAME_OVER,40,39,2,119,1,MCTS_CheckersHeuristic,1,2,2,MCTS_CheckersHeuristic
587711969,Checkers,0,GAME_OVER,43,42,2,120,1,MCTS_CheckersHeuristic,1,2,2,MCTS_CheckersHeuristic
1318337115,Checkers,0,GAME_OVER,48,47,2,121,1,MCTS_CheckersHeuristic,1,2,2,MCTS_CheckersHeuristic
-899431314,Checkers,0,GAME_OVER,44,43,2,122,1,MCTS_CheckersHeuristic,1,2,2,MCTS_CheckersHeuristic
845079978,Checkers,0,GAME_OVER,59,58,2,123,1,MCTS_CheckersHeuristic,1,2,2,MCTS_CheckersHeuristic
-2134414000,Checkers,0,GAME_OVER,47,46,2,124,1,MCTS_CheckersHeuristic,1,2,2,MCTS_CheckersHeuristic
-1070806052,Checkers,0,GAME_OVER,36,35,2,125,1,MCTS_CheckersHeuristic,1,2,2,MCTS_CheckersHeuristic
-1950541435,Checkers,0,GAME_OVER,43,42,2,126,1,MCTS_CheckersHeuristic,1,2,2,MCTS_CheckersHeuristic
904360527,Checkers,0,GAME_OVER,44,43,2,127,1,MCTS_CheckersHeuristic,1,2,2,MCTS_CheckersHeuristic
-354101480,Checkers,0,GAME_OVER,40,39,2,128,1,MCTS_CheckersHeuristic,1,2,2,MCTS_CheckersHeuristic
1439833748,Checkers,0,GAME_OVER,76,75,2,129,2,MCTS_CheckersHeuristic,2,1,1,MCTS_CheckersHeuristic
1356338653,Checkers,0,GAME_OVER,41,40,2,130,1,MCTS_CheckersHeuristic,1,2,2,MCTS_CheckersHeuristic
-1270120257,Checkers,0,GAME_OVER,43,42,2,131,1,MCTS_CheckersHeuristic,1,2,2,MCTS_CheckersHeuristic
-266953890,Checkers,0,GAME_OVER,49,48,2,132,1,MCTS_CheckersHeuristic,1,2,2,MCTS_CheckersHeuristic
901742762,Checkers,0,GAME_OVER,36,35,2,133,1,MCTS_CheckersHeuristic,1,2,2,MCTS_CheckersHeuristic
929698009,Checkers,0,GAME_OVER,44,43,2,134,1,MCTS_CheckersHeuristic,1,2,2,MCTS_CheckersHeuristic
1662328150,Checkers,0,GAME_OVER,46,45,2,135,1,MCTS_CheckersHeuristic,1,2,2,MCTS_CheckersHeuristic
-1378685120,Checkers,0,GAME_OVER,50,49,2,136,1,MCTS_CheckersHeuristic,1,2,2,MCTS_CheckersHeuristic
-1877670429,Checkers,0,GAME_OVER,43,42,2,137,1,MCTS_CheckersHeuristic,1,2,2,MCTS_CheckersHeuristic
-2074509161,Checkers,0,GAME_OVER,43,42,2,138,1,MCTS_CheckersHeuristic,1,2,2,MCTS_CheckersHeuristic
-1082939992,Checkers,0,GAME_OVER,41,40,2,139,1,MCTS_CheckersHeuristic,1,2,2,MCTS_CheckersHeuristic
1864430377,Checkers,0,GAME_OVER,37,36,2,140,1,MCTS_CheckersHeuristic,1,2,2,MCTS_CheckersHeuristic
1472551276,Checkers,0,GAME_OVER,70,69,2,141,1,MCTS_CheckersHeuristic,1,2,2,MCTS_CheckersHeuristic
1680237156,Checkers,0,GAME_OVER,85,84,2,142,1,MCTS_CheckersHeuristic,1,2,2,MCTS_CheckersHeuristic
-1418167834,Checkers,0,GAME_OVER,40,39,2,143,1,MCTS_CheckersHeuristic,1,2,2,MCTS_CheckersHeuristic
1728057957,Checkers,0,GAME_OVER,48,47,2,144,1,MCTS_CheckersHeuristic,1,2,2,MCTS_CheckersHeuristic
-186095657,Checkers,0,GAME_OVER,44,43,2,145,1,MCTS_CheckersHeuristic,1,2,2,MCTS_CheckersHeuristic
1351366258,Checkers,0,GAME_OVER,39,38,2,146,1,MCTS_CheckersHeuristic,1,2,2,MCTS_CheckersHeuristic
1579344005,Checkers,0,GAME_OVER,42,41,2,147,1,MCTS_CheckersHeuristic,1,2,2,MCTS_CheckersHeuristic
-1490204681,Checkers,0,GAME_OVER,46,45,2,148,1,MCTS_CheckersHeuristic,1,2,2,MCTS_CheckersHeuristic
-570415773,Checkers,0,GAME_OVER,40,39,2,149,1,MCTS_CheckersHeuristic,1,2,2,MCTS_CheckersHeuristic
-610565432,Checkers,0,GAME_OVER,49,48,2,150,1,MCTS_CheckersHeuristic,1,2,2,MCTS_CheckersHeuristic
433324064,Checkers,0,GAME_OVER,47,46,2,151,1,MCTS_CheckersHeuristic,1,2,2,MCTS_CheckersHeuristic
406281386,Checkers,0,GAME_OVER,37,36,2,152,1,MCTS_CheckersHeuristic,1,2,2,MCTS_CheckersHeuristic
-87231360,Checkers,0,GAME_OVER,46,45,2,153,1,MCTS_CheckersHeuristic,1,2,2,MCTS_CheckersHeuristic
-1846275719,Checkers,0,GAME_OVER,42,41,2,154,1,MCTS_CheckersHeuristic,1,2,2,MCTS_CheckersHeuristic
1122898845,Checkers,0,GAME_OVER,169,168,2,155,1,MCTS_CheckersHeuristic,1,1,1,MCTS_CheckersHeuristic
1833988709,Checkers,0,GAME_OVER,44,43,2,156,1,MCTS_CheckersHeuristic,1,2,2,MCTS_CheckersHeuristic
19099793,Checkers,0,GAME_OVER,49,48,2,157,1,MCTS_CheckersHeuristic,1,2,2,MCTS_CheckersHeuristic
2057854488,Checkers,0,GAME_OVER,35,34,2,158,1,MCTS_CheckersHeuristic,1,2,2,MCTS_CheckersHeuristic
-1494205297,Checkers,0,GAME_OVER,46,45,2,159,1,MCTS_CheckersHeuristic,1,2,2,MCTS_CheckersHeuristic
375156931,Checkers,0,GAME_OVER,43,42,2,160,1,MCTS_CheckersHeuristic,1,2,2,MCTS_CheckersHeuristic
-351428365,Checkers,0,GAME_OVER,42,41,2,161,1,MCTS_CheckersHeuristic,1,2,2,MCTS_CheckersHeuristic
-1226447254,Checkers,0,GAME_OVER,56,55,2,162,1,MCTS_CheckersHeuristic,1,2,2,MCTS_CheckersHeuristic
764581851,Checkers,0,GAME_OVER,69,68,2,163,1,MCTS_CheckersHeuristic,1,2,2,MCTS_CheckersHeuristic
580986595,Checkers,0,GAME_OVER,48,47,2,164,1,MCTS_CheckersHeuristic,1,2,2,MCTS_CheckersHeuristic
-1046620099,Checkers,0,GAME_OVER,36,35,2,165,1,MCTS_CheckersHeuristic,1,2,2,MCTS_CheckersHeuristic
486888029,Checkers,0,GAME_OVER,46,45,2,166,1,MCTS_CheckersHeuristic,1,2,2,MCTS_CheckersHeuristic
-813926243,Checkers,0,GAME_OVER,50,49,2,167,1,MCTS_CheckersHeuristic,1,2,2,MCTS_CheckersHeuristic
125187708,Checkers,0,GAME_OVER,39,38,2,168,1,MCTS_CheckersHeuristic,1,2,2,MCTS_CheckersHeuristic
1366934473,Checkers,0,GAME_OVER,43,42,2,169,1,MCTS_CheckersHeuristic,1,2,2,MCTS_CheckersHeuristic
-849303751,Checkers,0,GAME_OVER,40,39,2,170,1,MCTS_CheckersHeuristic,1,2,2,MCTS_CheckersHeuristic
-1284969140,Checkers,0,GAME_OVER,72,71,2,171,2,MCTS_CheckersHeuristic,2,1,1,MCTS_CheckersHeuristic
-845145037,Checkers,0,GAME_OVER,38,37,2,172,1,MCTS_CheckersHeuristic,1,2,2,MCTS_CheckersHeuristic
-913805453,Checkers,0,GAME_OVER,45,44,2,173,1,MCTS_CheckersHeuristic,1,2,2,MCTS_CheckersHeuristic
-1971521003,Checkers,0,GAME_OVER,41,40,2,174,1,MCTS_CheckersHeuristic,1,2,2,MCTS_CheckersHeuristic
1227617051,Checkers,0,GAME_OVER,41,40,2,175,1,MCTS_CheckersHeuristic,1,2,2,MCTS_CheckersHeuristic
1457711408,Checkers,0,GAME_OVER,50,49,2,176,1,MCTS_CheckersHeuristic,1,2,2,MCTS_CheckersHeuristic
-1718206048,Checkers,0,GAME_OVER,80,79,2,177,1,MCTS_CheckersHeuristic,1,2,2,MCTS_CheckersHeuristic
-1527229045,Checkers,0,GAME_OVER,32,31,2,178,1,MCTS_CheckersHeuristic,1,2,2,MCTS_CheckersHeuristic
1414331298,Checkers,0,GAME_OVER,37,36,2,179,1,MCTS_CheckersHeuristic,1,2,2,MCTS_CheckersHeuristic
554598894,Checkers,0,GAME_OVER,46,45,2,180,1,MCTS_CheckersHeuristic,1,2,2,MCTS_CheckersHeuristic
1114518401,Checkers,0,GAME_OVER,42,41,2,181,1,MCTS_CheckersHeuristic,1,2,2,MCTS_CheckersHeuristic
360957615,Checkers,0,GAME_OVER,36,35,2,182,1,MCTS_CheckersHeuristic,1,2,2,MCTS_CheckersHeuristic
739354813,Checkers,0,GAME_OVER,64,63,2,183,1,MCTS_CheckersHeuristic,1,2,2,MCTS_CheckersHeuristic
495941202,Checkers,0,GAME_OVER,39,38,2,184,1,MCTS_CheckersHeuristic,1,2,2,MCTS_CheckersHeuristic
-887633511,Checkers,0,GAME_OVER,34,33,2,185,1,MCTS_CheckersHeuristic,1,2,2,MCTS_CheckersHeuristic
-1489189572,Checkers,0,GAME_OVER,41,40,2,186,1,MCTS_CheckersHeuristic,1,2,2,MCTS_CheckersHeuristic
1058923188,Checkers,0,GAME_OVER,40,39,2,187,1,MCTS_CheckersHeuristic,1,2,2,MCTS_CheckersHeuristic
833406719,Checkers,0,GAME_OVER,53,52,2,188,1,MCTS_CheckersHeuristic,1,2,2,MCTS_CheckersHeuristic
-1679978372,Checkers,0,GAME_OVER,62,61,2,189,1,MCTS_CheckersHeuristic,1,2,2,MCTS_CheckersHeuristic
171469584,Checkers,0,GAME_OVER,45,44,2,190,1,MCTS_CheckersHeuristic,1,2,2,MCTS_CheckersHeuristic
-1015239525,Checkers,0,GAME_OVER,41,40,2,191,1,MCTS_CheckersHeuristic,1,2,2,MCTS_CheckersHeuristic
-1655952408,Checkers,0,GAME_OVER,43,42,2,192,1,MCTS_CheckersHeuristic,1,2,2,MCTS_CheckersHeuristic
-4709928,Checkers,0,GAME_OVER,46,45,2,193,1,MCTS_CheckersHeuristic,1,2,2,MCTS_CheckersHeuristic
742797018,Checkers,0,GAME_OVER,47,46,2,194,1,MCTS_CheckersHeuristic,1,2,2,MCTS_CheckersHeuristic
-1422435588,Checkers,0,GAME_OVER,42,41,2,195,1,MCTS_CheckersHeuristic,1,2,2,MCTS_CheckersHeuristic
-1852067803,Checkers,0,GAME_OVER,43,42,2,196,1,MCTS_CheckersHeuristic,1,2,2,MCTS_CheckersHeuristic
737539513,Checkers,0,GAME_OVER,39,38,2,197,1,MCTS_CheckersHeuristic,1,2,2,MCTS_CheckersHeuristic
605492753,Checkers,0,GAME_OVER,42,41,2,198,1,MCTS_CheckersHeuristic,1,2,2,MCTS_CheckersHeuristic
-1613295438,Checkers,0,GAME_OVER,64,63,2,199,1,MCTS_CheckersHeuristic,1,2,2,MCTS_CheckersHeuristic
2006497034,Checkers,0,GAME_OVER,45,44,2,200,1,MCTS_CheckersHeuristic,1,2,2,MCTS_CheckersHeuristic
-1665629176,Checkers,0,GAME_OVER,44,43,2,201,1,MCTS_CheckersHeuristic,1,2,2,MCTS_CheckersHeuristic
-1126811814,Checkers,0,GAME_OVER,106,105,2,202,1,MCTS_CheckersHeuristic,1,2,2,OSLA
-1854791702,Checkers,0,GAME_OVER,40,39,2,203,1,MCTS_CheckersHeuristic,1,2,2,OSLA
-1761392996,Checkers,0,GAME_OVER,67,66,2,204,1,MCTS_CheckersHeuristic,1,1,1,OSLA
1190084556,Checkers,0,GAME_OVER,93,92,2,205,1,MCTS_CheckersHeuristic,1,2,2,OSLA
134562684,Checkers,0,GAME_OVER,72,71,2,206,2,MCTS_CheckersHeuristic,2,1,1,OSLA
213330350,Checkers,0,GAME_OVER,105,104,2,207,1,MCTS_CheckersHeuristic,1,1,1,OSLA
-974643853,Checkers,0,GAME_OVER,86,85,2,208,2,MCTS_CheckersHeuristic,2,1,1,OSLA
-513454553,Checkers,0,GAME_OVER,43,42,2,209,1,MCTS_CheckersHeuristic,1,2,2,OSLA
514392549,Checkers,0,GAME_OVER,46,45,2,210,1,MCTS_CheckersHeuristic,1,2,2,OSLA
500056579,Checkers,0,GAME_OVER,50,49,2,211,1,MCTS_CheckersHeuristic,1,2,2,OSLA
1197348627,Checkers,0,GAME_OVER,42,41,2,212,1,MCTS_CheckersHeuristic,1,2,2,OSLA
611704885,Checkers,0,GAME_OVER,77,76,2,213,1,MCTS_CheckersHeuristic,1,1,1,OSLA
1073468091,Checkers,0,GAME_OVER,50,49,2,214,1,MCTS_CheckersHeuristic,1,2,2,OSLA
-2079133931,Checkers,0,GAME_OVER,91,90,2,215,1,MCTS_CheckersHeuristic,1,1,1,OSLA
900962656,Checkers,0,GAME_OVER,46,45,2,216,1,MCTS_CheckersHeuristic,1,2,2,OSLA
-1105320639,Checkers,0,GAME_OVER,42,41,2,217,1,MCTS_CheckersHeuristic,1,2,2,OSLA
-1276645753,Checkers,0,GAME_OVER,35,34,2,218,1,MCTS_CheckersHeuristic,1,2,2,OSLA
2066220240,Checkers,0,GAME_OVER,102,101,2,219,1,MCTS_CheckersHeuristic,1,1,1,OSLA
134392692,Checkers,0,GAME_OVER,31,30,2,220,1,MCTS_CheckersHeuristic,1,2,2,OSLA
-595867711,Checkers,0,GAME_OVER,75,74,2,221,1,MCTS_CheckersHeuristic,1,2,2,OSLA
-1423916759,Checkers,0,GAME_OVER,142,141,2,222,1,MCTS_CheckersHeuristic,1,1,1,OSLA
1584043718,Checkers,0,GAME_OVER,41,40,2,223,1,MCTS_CheckersHeuristic,1,2,2,OSLA
631557042,Checkers,0,GAME_OVER,39,38,2,224,1,MCTS_CheckersHeuristic,1,2,2,OSLA
-1159394339,Checkers,0,GAME_OVER,38,37,2,225,1,MCTS_CheckersHeuristic,1,2,2,OSLA
-1753055221,Checkers,0,GAME_OVER,80,79,2,226,2,MCTS_CheckersHeuristic,2,1,1,OSLA
-1165515690,Checkers,0,GAME_OVER,44,43,2,227,1,MCTS_CheckersHeuristic,1,2,2,OSLA
-993684709,Checkers,0,GAME_OVER,76,75,2,228,2,MCTS_CheckersHeuristic,2,1,1,OSLA
-1903832526,Checkers,0,GAME_OVER,63,62,2,229,2,MCTS_CheckersHeuristic,2,1,1,OSLA
-2145882215,Checkers,0,GAME_OVER,69,68,2,230,2,MCTS_CheckersHeuristic,2,1,1,OSLA
1434313481,Checkers,0,GAME_OVER,61,60,2,231,2,MCTS_CheckersHeuristic,2,1,1,OSLA
992721376,Checkers,0,GAME_OVER,153,152,2,232,2,MCTS_CheckersHeuristic,2,1,1,OSLA
377717458,Checkers,0,GAME_OVER,39,38,2,233,1,MCTS_CheckersHeuristic,1,2,2,OSLA
-985822224,Checkers,0,GAME_OVER,34,33,2,234,1,MCTS_CheckersHeuristic,1,2,2,OSLA
-1509471425,Checkers,0,GAME_OVER,47,46,2,235,1,MCTS_CheckersHeuristic,1,2,2,OSLA
-1984605897,Checkers,0,GAME_OVER,40,39,2,236,1,MCTS_CheckersHeuristic,1,2,2,OSLA
-1018813297,Checkers,0,GAME_OVER,42,41,2,237,1,MCTS_CheckersHeuristic,1,2,2,OSLA
-263026475,Checkers,0,GAME_OVER,58,57,2,238,2,MCTS_CheckersHeuristic,2,1,1,OSLA
1425820426,Checkers,0,GAME_OVER,46,45,2,239,1,MCTS_CheckersHeuristic,1,2,2,OSLA
897402481,Checkers,0,GAME_OVER,42,41,2,240,1,MCTS_CheckersHeuristic,1,2,2,OSLA
228926585,Checkers,0,GAME_OVER,45,44,2,241,1,MCTS_CheckersHeuristic,1,2,2,OSLA
1925143784,Checkers,0,GAME_OVER,83,82,2,242,2,MCTS_CheckersHeuristic,2,1,1,OSLA
1610400601,Checkers,0,GAME_OVER,78,77,2,243,2,MCTS_CheckersHeuristic,2,1,1,OSLA
1919779660,Checkers,0,GAME_OVER,36,35,2,244,1,MCTS_CheckersHeuristic,1,2,2,OSLA
-2053467740,Checkers,0,GAME_OVER,78,77,2,245,1,MCTS_CheckersHeuristic,1,2,2,OSLA
10865688,Checkers,0,GAME_OVER,76,75,2,246,1,MCTS_CheckersHeuristic,1,2,2,OSLA
1523135320,Checkers,0,GAME_OVER,39,38,2,247,1,MCTS_CheckersHeuristic,1,2,2,OSLA
-882753659,Checkers,0,GAME_OVER,126,125,2,248,1,MCTS_CheckersHeuristic,1,1,1,OSLA
-1324887762,Checkers,0,GAME_OVER,46,45,2,249,1,MCTS_CheckersHeuristic,1,2,2,OSLA
-1878153895,Checkers,0,GAME_OVER,96,95,2,250,1,MCTS_CheckersHeuristic,1,1,1,OSLA
-830949865,Checkers,0,GAME_OVER,59,58,2,251,2,MCTS_CheckersHeuristic,2,1,1,OSLA
959993777,Checkers,0,GAME_OVER,43,42,2,252,1,MCTS_CheckersHeuristic,1,2,2,OSLA
-1572663681,Checkers,0,GAME_OVER,45,44,2,253,1,MCTS_CheckersHeuristic,1,2,2,OSLA
-55924844,Checkers,0,GAME_OVER,42,41,2,254,1,MCTS_CheckersHeuristic,1,2,2,OSLA
1767814761,Checkers,0,GAME_OVER,44,43,2,255,1,MCTS_CheckersHeuristic,1,2,2,OSLA
1969864013,Checkers,0,GAME_OVER,45,44,2,256,1,MCTS_CheckersHeuristic,1,2,2,OSLA
1540680658,Checkers,0,GAME_OVER,86,85,2,257,1,MCTS_CheckersHeuristic,1,1,1,OSLA
501694943,Checkers,0,GAME_OVER,42,41,2,258,1,MCTS_CheckersHeuristic,1,2,2,OSLA
1379761422,Checkers,0,GAME_OVER,40,39,2,259,1,MCTS_CheckersHeuristic,1,2,2,OSLA
326652947,Checkers,0,GAME_OVER,41,40,2,260,1,MCTS_CheckersHeuristic,1,2,2,OSLA
-2025703691,Checkers,0,GAME_OVER,44,43,2,261,1,MCTS_CheckersHeuristic,1,2,2,OSLA
1876861678,Checkers,0,GAME_OVER,43,42,2,262,1,MCTS_CheckersHeuristic,1,2,2,OSLA
-1684996844,Checkers,0,GAME_OVER,117,116,2,263,1,MCTS_CheckersHeuristic,1,1,1,OSLA
-275197809,Checkers,0,GAME_OVER,99,98,2,264,1,MCTS_CheckersHeuristic,1,1,1,OSLA
-1607096756,Checkers,0,GAME_OVER,116,115,2,265,1,MCTS_CheckersHeuristic,1,1,1,OSLA
-1415328824,Checkers,0,GAME_OVER,33,32,2,266,1,MCTS_CheckersHeuristic,1,2,2,OSLA
1250919033,Checkers,0,GAME_OVER,32,31,2,267,1,MCTS_CheckersHeuristic,1,2,2,OSLA
-32216080,Checkers,0,GAME_OVER,36,35,2,268,1,MCTS_CheckersHeuristic,1,2,2,OSLA
-1474698725,Checkers,0,GAME_OVER,35,34,2,269,1,MCTS_CheckersHeuristic,1,2,2,OSLA
651860413,Checkers,0,GAME_OVER,105,104,2,270,1,MCTS_CheckersHeuristic,1,1,1,OSLA
1328817941,Checkers,0,GAME_OVER,44,43,2,271,1,MCTS_CheckersHeuristic,1,2,2,OSLA
-957251293,Checkers,0,GAME_OVER,42,41,2,272,1,MCTS_CheckersHeuristic,1,2,2,OSLA
1886674435,Checkers,0,GAME_OVER,93,92,2,273,2,MCTS_CheckersHeuristic,2,1,1,OSLA
428014486,Checkers,0,GAME_OVER,83,82,2,274,1,MCTS_CheckersHeuristic,1,1,1,OSLA
-243191370,Checkers,0,GAME_OVER,36,35,2,275,1,MCTS_CheckersHeuristic,1,2,2,OSLA
2044749597,Checkers,0,GAME_OVER,110,109,2,276,2,MCTS_CheckersHeuristic,2,1,1,OSLA
5621453,Checkers,0,GAME_OVER,38,37,2,277,1,MCTS_CheckersHeuristic,1,2,2,OSLA
-98187762,Checkers,0,GAME_OVER,46,45,2,278,1,MCTS_CheckersHeuristic,1,2,2,OSLA
-899234932,Checkers,0,GAME_OVER,47,46,2,279,1,MCTS_CheckersHeuristic,1,2,2,OSLA
-1200939912,Checkers,0,GAME_OVER,34,33,2,280,1,MCTS_CheckersHeuristic,1,2,2,OSLA
54331494,Checkers,0,GAME_OVER,78,77,2,281,2,MCTS_CheckersHeuristic,2,1,1,OSLA
-1349133439,Checkers,0,GAME_OVER,47,46,2,282,1,MCTS_CheckersHeuristic,1,2,2,OSLA
782006215,Checkers,0,GAME_OVER,80,79,2,283,2,MCTS_CheckersHeuristic,2,1,1,OSLA
-46426047,Checkers,0,GAME_OVER,44,43,2,284,1,MCTS_CheckersHeuristic,1,2,2,OSLA
1242968106,Checkers,0,GAME_OVER,40,39,2,285,1,MCTS_CheckersHeuristic,1,2,2,OSLA
191863523,Checkers,0,GAME_OVER,42,41,2,286,1,MCTS_CheckersHeuristic,1,2,2,OSLA
-1249715842,Checkers,0,GAME_OVER,33,32,2,287,1,MCTS_CheckersHeuristic,1,2,2,OSLA
3527695,Checkers,0,GAME_OVER,132,131,2,288,1,MCTS_CheckersHeuristic,1,1,1,OSLA
1909370724,Checkers,0,GAME_OVER,72,71,2,289,1,MCTS_CheckersHeuristic,1,2,2,OSLA
-1263810062,Checkers,0,GAME_OVER,35,34,2,290,1,MCTS_CheckersHeuristic,1,2,2,OSLA
403428306,Checkers,0,GAME_OVER,87,86,2,291,2,MCTS_CheckersHeuristic,2,1,1,OSLA
224387928,Checkers,0,GAME_OVER,38,37,2,292,1,MCTS_CheckersHeuristic,1,2,2,OSLA
-1030962667,Checkers,0,GAME_OVER,42,41,2,293,1,MCTS_CheckersHeuristic,1,2,2,OSLA
-1388679505,Checkers,0,GAME_OVER,84,83,2,294,1,MCTS_CheckersHeuristic,1,1,1,OSLA
1106739283,Checkers,0,GAME_OVER,63,62,2,295,2,MCTS_CheckersHeuristic,2,1,1,OSLA
-110908417,Checkers,0,GAME_OVER,43,42,2,296,1,MCTS_CheckersHeuristic,1,2,2,OSLA
1462762996,Checkers,0,GAME_OVER,54,53,2,297,1,MCTS_CheckersHeuristic,1,2,2,OSLA
-202552310,Checkers,0,GAME_OVER,42,41,2,298,1,MCTS_CheckersHeuristic,1,2,2,OSLA
-56297566,Checkers,0,GAME_OVER,91,90,2,299,1,MCTS_CheckersHeuristic,1,1,1,OSLA
119215152,Checkers,0,GAME_OVER,46,45,2,300,1,MCTS_CheckersHeuristic,1,2,2,OSLA
-493007434,Checkers,0,GAME_OVER,65,64,2,301,2,MCTS_CheckersHeuristic,2,1,1,OSLA
1681978843,Checkers,0,GAME_OVER,121,120,2,302,1,MCTS_CheckersHeuristic,1,1,1,OSLA
-594737066,Checkers,0,GAME_OVER,134,133,2,303,1,MCTS_CheckersHeuristic,1,1,1,OSLA
-1756317328,Checkers,0,GAME_OVER,60,59,2,304,2,MCTS_CheckersHeuristic,2,1,1,OSLA
-944186225,Checkers,0,GAME_OVER,43,42,2,305,1,MCTS_CheckersHeuristic,1,2,2,OSLA
185511961,Checkers,0,GAME_OVER,35,34,2,306,1,MCTS_CheckersHeuristic,1,2,2,OSLA
-76089309,Checkers,0,GAME_OVER,51,50,2,307,1,MCTS_CheckersHeuristic,1,2,2,OSLA
468485359,Checkers,0,GAME_OVER,62,61,2,308,2,MCTS_CheckersHeuristic,2,1,1,OSLA
1175762423,Checkers,0,GAME_OVER,95,94,2,309,2,MCTS_CheckersHeuristic,2,1,1,OSLA
1361087813,Checkers,0,GAME_OVER,36,35,2,310,1,MCTS_CheckersHeuristic,1,2,2,OSLA
-673860807,Checkers,0,GAME_OVER,35,34,2,311,1,MCTS_CheckersHeuristic,1,2,2,OSLA
1399107872,Checkers,0,GAME_OVER,116,115,2,312,1,MCTS_CheckersHeuristic,1,1,1,OSLA
-796713551,Checkers,0,GAME_OVER,70,69,2,313,2,MCTS_CheckersHeuristic,2,1,1,OSLA
-297500633,Checkers,0,GAME_OVER,70,69,2,314,2,MCTS_CheckersHeuristic,2,1,1,OSLA
1606290921,Checkers,0,GAME_OVER,68,67,2,315,1,MCTS_CheckersHeuristic,1,2,2,OSLA
-306113397,Checkers,0,GAME_OVER,50,49,2,316,1,MCTS_CheckersHeuristic,1,2,2,OSLA
405267464,Checkers,0,GAME_OVER,135,134,2,317,1,MCTS_CheckersHeuristic,1,1,1,OSLA
-669887300,Checkers,0,GAME_OVER,110,109,2,318,1,MCTS_CheckersHeuristic,1,1,1,OSLA
-1848836978,Checkers,0,GAME_OVER,59,58,2,319,2,MCTS_CheckersHeuristic,2,1,1,OSLA
587711969,Checkers,0,GAME_OVER,37,36,2,320,1,MCTS_CheckersHeuristic,1,2,2,OSLA
1318337115,Checkers,0,GAME_OVER,39,38,2,321,1,MCTS_CheckersHeuristic,1,2,2,OSLA
-899431314,Checkers,0,GAME_OVER,35,34,2,322,1,MCTS_CheckersHeuristic,1,2,2,OSLA
845079978,Checkers,0,GAME_OVER,69,68,2,323,2,MCTS_CheckersHeuristic,2,1,1,OSLA
-2134414000,Checkers,0,GAME_OVER,39,38,2,324,1,MCTS_CheckersHeuristic,1,2,2,OSLA
-1070806052,Checkers,0,GAME_OVER,52,51,2,325,1,MCTS_CheckersHeuristic,1,2,2,OSLA
-1950541435,Checkers,0,GAME_OVER,45,44,2,326,1,MCTS_CheckersHeuristic,1,2,2,OSLA
904360527,Checkers,0,GAME_OVER,112,111,2,327,1,MCTS_CheckersHeuristic,1,1,1,OSLA
-354101480,Checkers,0,GAME_OVER,52,51,2,328,1,MCTS_CheckersHeuristic,1,2,2,OSLA
1439833748,Checkers,0,GAME_OVER,39,38,2,329,1,MCTS_CheckersHeuristic,1,2,2,OSLA
1356338653,Checkers,0,GAME_OVER,36,35,2,330,1,MCTS_CheckersHeuristic,1,2,2,OSLA
-1270120257,Checkers,0,GAME_OVER,79,78,2,331,1,MCTS_CheckersHeuristic,1,1,1,OSLA
-266953890,Checkers,0,GAME_OVER,46,45,2,332,1,MCTS_CheckersHeuristic,1,2,2,OSLA
901742762,Checkers,0,GAME_OVER,37,36,2,333,1,MCTS_CheckersHeuristic,1,2,2,OSLA
929698009,Checkers,0,GAME_OVER,38,37,2,334,1,MCTS_CheckersHeuristic,1,2,2,OSLA
1662328150,Checkers,0,GAME_OVER,37,36,2,335,1,MCTS_CheckersHeuristic,1,2,2,OSLA
-1378685120,Checkers,0,GAME_OVER,34,33,2,336,1,MCTS_CheckersHeuristic,1,2,2,OSLA
-1877670429,Checkers,0,GAME_OVER,38,37,2,337,1,MCTS_CheckersHeuristic,1,2,2,OSLA
-2074509161,Checkers,0,GAME_OVER,41,40,2,338,1,MCTS_CheckersHeuristic,1,2,2,OSLA
-1082939992,Checkers,0,GAME_OVER,68,67,2,339,2,MCTS_CheckersHeuristic,2,1,1,OSLA
1864430377,Checkers,0,GAME_OVER,42,41,2,340,1,MCTS_CheckersHeuristic,1,2,2,OSLA
1472551276,Checkers,0,GAME_OVER,105,104,2,341,1,MCTS_CheckersHeuristic,1,1,1,OSLA
1680237156,Checkers,0,GAME_OVER,41,40,2,342,1,MCTS_CheckersHeuristic,1,2,2,OSLA
-1418167834,Checkers,0,GAME_OVER,45,44,2,343,1,MCTS_CheckersHeuristic,1,2,2,OSLA
1728057957,Checkers,0,GAME_OVER,51,50,2,344,1,MCTS_CheckersHeuristic,1,2,2,OSLA
-186095657,Checkers,0,GAME_OVER,43,42,2,345,1,MCTS_CheckersHeuristic,1,2,2,OSLA
1351366258,Checkers,0,GAME_OVER,69,68,2,346,2,MCTS_CheckersHeuristic,2,1,1,OSLA
1579344005,Checkers,0,GAME_OVER,151,150,2,347,1,MCTS_CheckersHeuristic,1,1,1,OSLA
-1490204681,Checkers,0,GAME_OVER,44,43,2,348,1,MCTS_CheckersHeuristic,1,2,2,OSLA
-570415773,Checkers,0,GAME_OVER,101,100,2,349,1,MCTS_CheckersHeuristic,1,1,1,OSLA
-610565432,Checkers,0,GAME_OVER,92,91,2,350,1,MCTS_CheckersHeuristic,1,1,1,OSLA
433324064,Checkers,0,GAME_OVER,44,43,2,351,1,MCTS_CheckersHeuristic,1,2,2,OSLA
406281386,Checkers,0,GAME_OVER,111,110,2,352,1,MCTS_CheckersHeuristic,1,1,1,OSLA
-87231360,Checkers,0,GAME_OVER,48,47,2,353,1,MCTS_CheckersHeuristic,1,2,2,OSLA
-1846275719,Checkers,0,GAME_OVER,73,72,2,354,2,MCTS_CheckersHeuristic,2,1,1,OSLA
1122898845,Checkers,0,GAME_OVER,120,119,2,355,1,MCTS_CheckersHeuristic,1,1,1,OSLA
1833988709,Checkers,0,GAME_OVER,58,57,2,356,1,MCTS_CheckersHeuristic,1,2,2,OSLA
19099793,Checkers,0,GAME_OVER,47,46,2,357,1,MCTS_CheckersHeuristic,1,2,2,OSLA
2057854488,Checkers,0,GAME_OVER,40,39,2,358,1,MCTS_CheckersHeuristic,1,2,2,OSLA
-1494205297,Checkers,0,GAME_OVER,70,69,2,359,2,MCTS_CheckersHeuristic,2,1,1,OSLA
375156931,Checkers,0,GAME_OVER,53,52,2,360,1,MCTS_CheckersHeuristic,1,2,2,OSLA
-351428365,Checkers,0,GAME_OVER,79,78,2,361,2,MCTS_CheckersHeuristic,2,1,1,OSLA
-1226447254,Checkers,0,GAME_OVER,27,26,2,362,1,MCTS_CheckersHeuristic,1,2,2,OSLA
764581851,Checkers,0,GAME_OVER,86,85,2,363,1,MCTS_CheckersHeuristic,1,1,1,OSLA
580986595,Checkers,0,GAME_OVER,46,45,2,364,1,MCTS_CheckersHeuristic,1,2,2,OSLA
-1046620099,Checkers,0,GAME_OVER,82,81,2,365,1,MCTS_CheckersHeuristic,1,1,1,OSLA
486888029,Checkers,0,GAME_OVER,139,138,2,366,1,MCTS_CheckersHeuristic,1,1,1,OSLA
-813926243,Checkers,0,GAME_OVER,89,88,2,367,1,MCTS_CheckersHeuristic,1,1,1,OSLA
125187708,Checkers,0,GAME_OVER,109,108,2,368,1,MCTS_CheckersHeuristic,1,1,1,OSLA
1366934473,Checkers,0,GAME_OVER,49,48,2,369,1,MCTS_CheckersHeuristic,1,2,2,OSLA
-849303751,Checkers,0,GAME_OVER,44,43,2,370,1,MCTS_CheckersHeuristic,1,2,2,OSLA
-1284969140,Checkers,0,GAME_OVER,83,82,2,371,1,MCTS_CheckersHeuristic,1,1,1,OSLA
-845145037,Checkers,0,GAME_OVER,42,41,2,372,1,MCTS_CheckersHeuristic,1,2,2,OSLA
-913805453,Checkers,0,GAME_OVER,112,111,2,373,1,MCTS_CheckersHeuristic,1,1,1,OSLA
-1971521003,Checkers,0,GAME_OVER,89,88,2,374,1,MCTS_CheckersHeuristic,1,2,2,OSLA
1227617051,Checkers,0,GAME_OVER,44,43,2,375,1,MCTS_CheckersHeuristic,1,2,2,OSLA
1457711408,Checkers,0,GAME_OVER,34,33,2,376,1,MCTS_CheckersHeuristic,1,2,2,OSLA
-1718206048,Checkers,0,GAME_OVER,76,75,2,377,2,MCTS_CheckersHeuristic,2,1,1,OSLA
-1527229045,Checkers,0,GAME_OVER,51,50,2,378,2,MCTS_CheckersHeuristic,2,1,1,OSLA
1414331298,Checkers,0,GAME_OVER,80,79,2,379,2,MCTS_CheckersHeuristic,2,1,1,OSLA
554598894,Checkers,0,GAME_OVER,46,45,2,380,1,MCTS_CheckersHeuristic,1,2,2,OSLA
1114518401,Checkers,0,GAME_OVER,44,43,2,381,1,MCTS_CheckersHeuristic,1,2,2,OSLA
360957615,Checkers,0,GAME_OVER,42,41,2,382,1,MCTS_CheckersHeuristic,1,2,2,OSLA
739354813,Checkers,0,GAME_OVER,38,37,2,383,1,MCTS_CheckersHeuristic,1,2,2,OSLA
495941202,Checkers,0,GAME_OVER,157,156,2,384,1,MCTS_CheckersHeuristic,1,1,1,OSLA
-887633511,Checkers,0,GAME_OVER,71,70,2,385,2,MCTS_CheckersHeuristic,2,1,1,OSLA
-1489189572,Checkers,0,GAME_OVER,87,86,2,386,2,MCTS_CheckersHeuristic,2,1,1,OSLA
1058923188,Checkers,0,GAME_OVER,92,91,2,387,2,MCTS_CheckersHeuristic,2,1,1,OSLA
833406719,Checkers,0,GAME_OVER,68,67,2,388,1,MCTS_CheckersHeuristic,1,2,2,OSLA
-1679978372,Checkers,0,GAME_OVER,97,96,2,389,1,MCTS_CheckersHeuristic,1,1,1,OSLA
171469584,Checkers,0,GAME_OVER,41,40,2,390,1,MCTS_CheckersHeuristic,1,2,2,OSLA
-1015239525,Checkers,0,GAME_OVER,94,93,2,391,1,MCTS_CheckersHeuristic,1,1,1,OSLA
-1655952408,Checkers,0,GAME_OVER,43,42,2,392,1,MCTS_CheckersHeuristic,1,2,2,OSLA
-4709928,Checkers,0,GAME_OVER,122,121,2,393,1,MCTS_CheckersHeuristic,1,1,1,OSLA
742797018,Checkers,0,GAME_OVER,79,78,2,394,2,MCTS_CheckersHeuristic,2,1,1,OSLA
-1422435588,Checkers,0,GAME_OVER,36,35,2,395,1,MCTS_CheckersHeuristic,1,2,2,OSLA
-1852067803,Checkers,0,GAME_OVER,34,33,2,396,1,MCTS_CheckersHeuristic,1,2,2,OSLA
737539513,Checkers,0,GAME_OVER,35,34,2,397,1,MCTS_CheckersHeuristic,1,2,2,OSLA
605492753,Checkers,0,GAME_OVER,31,30,2,398,1,MCTS_CheckersHeuristic,1,2,2,OSLA
-1613295438,Checkers,0,GAME_OVER,49,48,2,399,1,MCTS_CheckersHeuristic,1,2,2,OSLA
2006497034,Checkers,0,GAME_OVER,38,37,2,400,1,MCTS_CheckersHeuristic,1,2,2,OSLA
-1665629176,Checkers,0,GAME_OVER,33,32,2,401,1,MCTS_CheckersHeuristic,1,2,2,OSLA
-1126811814,Checkers,0,GAME_OVER,45,44,2,402,2,MCTS_CheckersHeuristic,2,1,1,RandomPlayerConfig
-1854791702,Checkers,0,GAME_OVER,37,36,2,403,2,MCTS_CheckersHeuristic,2,1,1,RandomPlayerConfig
-1761392996,Checkers,0,GAME_OVER,43,42,2,404,1,MCTS_CheckersHeuristic,1,2,2,RandomPlayerConfig
1190084556,Checkers,0,GAME_OVER,48,47,2,405,2,MCTS_CheckersHeuristic,2,1,1,RandomPlayerConfig
134562684,Checkers,0,GAME_OVER,44,43,2,406,2,MCTS_CheckersHeuristic,2,1,1,RandomPlayerConfig
213330350,Checkers,0,GAME_OVER,48,47,2,407,2,MCTS_CheckersHeuristic,2,1,1,RandomPlayerConfig
-974643853,Checkers,0,GAME_OVER,47,46,2,408,2,MCTS_CheckersHeuristic,2,1,1,RandomPlayerConfig
-513454553,Checkers,0,GAME_OVER,56,55,2,409,2,MCTS_CheckersHeuristic,2,1,1,RandomPlayerConfig
514392549,Checkers,0,GAME_OVER,48,47,2,410,2,MCTS_CheckersHeuristic,2,1,1,RandomPlayerConfig
500056579,Checkers,0,GAME_OVER,40,39,2,411,2,MCTS_CheckersHeuristic,2,1,1,RandomPlayerConfig
1197348627,Checkers,0,GAME_OVER,51,50,2,412,2,MCTS_CheckersHeuristic,2,1,1,RandomPlayerConfig
611704885,Checkers,0,GAME_OVER,72,71,2,413,2,MCTS_CheckersHeuristic,2,1,1,RandomPlayerConfig
1073468091,Checkers,0,GAME_OVER,46,45,2,414,2,MCTS_CheckersHeuristic,2,1,1,RandomPlayerConfig
-2079133931,Checkers,0,GAME_OVER,49,48,2,415,2,MCTS_CheckersHeuristic,2,1,1,RandomPlayerConfig
900962656,Checkers,0,GAME_OVER,46,45,2,416,2,MCTS_CheckersHeuristic,2,1,1,RandomPlayerConfig
-1105320639,Checkers,0,GAME_OVER,46,45,2,417,2,MCTS_CheckersHeuristic,2,1,1,RandomPlayerConfig
-1276645753,Checkers,0,GAME_OVER,46,45,2,418,2,MCTS_CheckersHeuristic,2,1,1,RandomPlayerConfig
2066220240,Checkers,0,GAME_OVER,46,45,2,419,2,MCTS_CheckersHeuristic,2,1,1,RandomPlayerConfig
134392692,Checkers,0,GAME_OVER,39,38,2,420,2,MCTS_CheckersHeuristic,2,1,1,RandomPlayerConfig
-595867711,Checkers,0,GAME_OVER,44,43,2,421,2,MCTS_CheckersHeuristic,2,1,1,RandomPlayerConfig
-1423916759,Checkers,0,GAME_OVER,48,47,2,422,2,MCTS_CheckersHeuristic,2,1,1,RandomPlayerConfig
1584043718,Checkers,0,GAME_OVER,42,41,2,423,2,MCTS_CheckersHeuristic,2,1,1,RandomPlayerConfig
631557042,Checkers,0,GAME_OVER,47,46,2,424,2,MCTS_CheckersHeuristic,2,1,1,RandomPlayerConfig
-1159394339,Checkers,0,GAME_OVER,39,38,2,425,2,MCTS_CheckersHeuristic,2,1,1,RandomPlayerConfig
-1753055221,Checkers,0,GAME_OVER,50,49,2,426,2,MCTS_CheckersHeuristic,2,1,1,RandomPlayerConfig
-1165515690,Checkers,0,GAME_OVER,43,42,2,427,2,MCTS_CheckersHeuristic,2,1,1,RandomPlayerConfig
-993684709,Checkers,0,GAME_OVER,43,42,2,428,2,MCTS_CheckersHeuristic,2,1,1,RandomPlayerConfig
-1903832526,Checkers,0,GAME_OVER,65,64,2,429,2,MCTS_CheckersHeuristic,2,1,1,RandomPlayerConfig
-2145882215,Checkers,0,GAME_OVER,41,40,2,430,2,MCTS_CheckersHeuristic,2,1,1,RandomPlayerConfig
1434313481,Checkers,0,GAME_OVER,46,45,2,431,2,MCTS_CheckersHeuristic,2,1,1,RandomPlayerConfig
992721376,Checkers,0,GAME_OVER,43,42,2,432,2,MCTS_CheckersHeuristic,2,1,1,RandomPlayerConfig
377717458,Checkers,0,GAME_OVER,51,50,2,433,2,MCTS_CheckersHeuristic,2,1,1,RandomPlayerConfig
-985822224,Checkers,0,GAME_OVER,43,42,2,434,2,MCTS_CheckersHeuristic,2,1,1,RandomPlayerConfig
-1509471425,Checkers,0,GAME_OVER,44,43,2,435,2,MCTS_CheckersHeuristic,2,1,1,RandomPlayerConfig
-1984605897,Checkers,0,GAME_OVER,78,77,2,436,2,MCTS_CheckersHeuristic,2,1,1,RandomPlayerConfig
-1018813297,Checkers,0,GAME_OVER,41,40,2,437,2,MCTS_CheckersHeuristic,2,1,1,RandomPlayerConfig
-263026475,Checkers,0,GAME_OVER,39,38,2,438,2,MCTS_CheckersHeuristic,2,1,1,RandomPlayerConfig
1425820426,Checkers,0,GAME_OVER,45,44,2,439,2,MCTS_CheckersHeuristic,2,1,1,RandomPlayerConfig
897402481,Checkers,0,GAME_OVER,56,55,2,440,2,MCTS_CheckersHeuristic,2,1,1,RandomPlayerConfig
228926585,Checkers,0,GAME_OVER,42,41,2,441,2,MCTS_CheckersHeuristic,2,1,1,RandomPlayerConfig
1925143784,Checkers,0,GAME_OVER,57,56,2,442,2,MCTS_CheckersHeuristic,2,1,1,RandomPlayerConfig
1610400601,Checkers,0,GAME_OVER,51,50,2,443,2,MCTS_CheckersHeuristic,2,1,1,RandomPlayerConfig
1919779660,Checkers,0,GAME_OVER,47,46,2,444,2,MCTS_CheckersHeuristic,2,1,1,RandomPlayerConfig
-2053467740,Checkers,0,GAME_OVER,52,51,2,445,2,MCTS_CheckersHeuristic,2,1,1,RandomPlayerConfig
10865688,Checkers,0,GAME_OVER,44,43,2,446,2,MCTS_CheckersHeuristic,2,1,1,RandomPlayerConfig
1523135320,Checkers,0,GAME_OVER,41,40,2,447,2,MCTS_CheckersHeuristic,2,1,1,RandomPlayerConfig
-882753659,Checkers,0,GAME_OVER,42,41,2,448,2,MCTS_CheckersHeuristic,2,1,1,RandomPlayerConfig
-1324887762,Checkers,0,GAME_OVER,53,52,2,449,2,MCTS_CheckersHeuristic,2,1,1,RandomPlayerConfig
-1878153895,Checkers,0,GAME_OVER,55,54,2,450,2,MCTS_CheckersHeuristic,2,1,1,RandomPlayerConfig
-830949865,Checkers,0,GAME_OVER,42,41,2,451,2,MCTS_CheckersHeuristic,2,1,1,RandomPlayerConfig
959993777,Checkers,0,GAME_OVER,46,45,2,452,2,MCTS_CheckersHeuristic,2,1,1,RandomPlayerConfig
-1572663681,Checkers,0,GAME_OVER,60,59,2,453,2,MCTS_CheckersHeuristic,2,1,1,RandomPlayerConfig
-55924844,Checkers,0,GAME_OVER,51,50,2,454,2,MCTS_CheckersHeuristic,2,1,1,RandomPlayerConfig
1767814761,Checkers,0,GAME_OVER,39,38,2,455,2,MCTS_CheckersHeuristic,2,1,1,RandomPlayerConfig
1969864013,Checkers,0,GAME_OVER,45,44,2,456,2,MCTS_CheckersHeuristic,2,1,1,RandomPlayerConfig
1540680658,Checkers,0,GAME_OVER,65,64,2,457,2,MCTS_CheckersHeuristic,2,1,1,RandomPlayerConfig
501694943,Checkers,0,GAME_OVER,40,39,2,458,2,MCTS_CheckersHeuristic,2,1,1,RandomPlayerConfig
1379761422,Checkers,0,GAME_OVER,43,42,2,459,2,MCTS_CheckersHeuristic,2,1,1,RandomPlayerConfig
326652947,Checkers,0,GAME_OVER,44,43,2,460,2,MCTS_CheckersHeuristic,2,1,1,RandomPlayerConfig
-2025703691,Checkers,0,GAME_OVER,46,45,2,461,2,MCTS_CheckersHeuristic,2,1,1,RandomPlayerConfig
1876861678,Checkers,0,GAME_OVER,49,48,2,462,2,MCTS_CheckersHeuristic,2,1,1,RandomPlayerConfig
-1684996844,Checkers,0,GAME_OVER,51,50,2,463,2,MCTS_CheckersHeuristic,2,1,1,RandomPlayerConfig
-275197809,Checkers,0,GAME_OVER,48,47,2,464,2,MCTS_CheckersHeuristic,2,1,1,RandomPlayerConfig
-1607096756,Checkers,0,GAME_OVER,56,55,2,465,2,MCTS_CheckersHeuristic,2,1,1,RandomPlayerConfig
-1415328824,Checkers,0,GAME_OVER,45,44,2,466,2,MCTS_CheckersHeuristic,2,1,1,RandomPlayerConfig
1250919033,Checkers,0,GAME_OVER,47,46,2,467,2,MCTS_CheckersHeuristic,2,1,1,RandomPlayerConfig
-32216080,Checkers,0,GAME_OVER,51,50,2,468,2,MCTS_CheckersHeuristic,2,1,1,RandomPlayerConfig
-1474698725,Checkers,0,GAME_OVER,43,42,2,469,2,MCTS_CheckersHeuristic,2,1,1,RandomPlayerConfig
651860413,Checkers,0,GAME_OVER,45,44,2,470,2,MCTS_CheckersHeuristic,2,1,1,RandomPlayerConfig
1328817941,Checkers,0,GAME_OVER,53,52,2,471,2,MCTS_CheckersHeuristic,2,1,1,RandomPlayerConfig
-957251293,Checkers,0,GAME_OVER,42,41,2,472,2,MCTS_CheckersHeuristic,2,1,1,RandomPlayerConfig
1886674435,Checkers,0,GAME_OVER,44,43,2,473,2,MCTS_CheckersHeuristic,2,1,1,RandomPlayerConfig
428014486,Checkers,0,GAME_OVER,49,48,2,474,2,MCTS_CheckersHeuristic,2,1,1,RandomPlayerConfig
-243191370,Checkers,0,GAME_OVER,45,44,2,475,2,MCTS_CheckersHeuristic,2,1,1,RandomPlayerConfig
2044749597,Checkers,0,GAME_OVER,40,39,2,476,2,MCTS_CheckersHeuristic,2,1,1,RandomPlayerConfig
5621453,Checkers,0,GAME_OVER,68,67,2,477,2,MCTS_CheckersHeuristic,2,1,1,RandomPlayerConfig
-98187762,Checkers,0,GAME_OVER,57,56,2,478,2,MCTS_CheckersHeuristic,2,1,1,RandomPlayerConfig
-899234932,Checkers,0,GAME_OVER,46,45,2,479,2,MCTS_CheckersHeuristic,2,1,1,RandomPlayerConfig
-1200939912,Checkers,0,GAME_OVER,47,46,2,480,2,MCTS_CheckersHeuristic,2,1,1,RandomPlayerConfig
54331494,Checkers,0,GAME_OVER,47,46,2,481,2,MCTS_CheckersHeuristic,2,1,1,RandomPlayerConfig
-1349133439,Checkers,0,GAME_OVER,43,42,2,482,2,MCTS_CheckersHeuristic,2,1,1,RandomPlayerConfig
782006215,Checkers,0,GAME_OVER,43,42,2,483,2,MCTS_CheckersHeuristic,2,1,1,RandomPlayerConfig
-46426047,Checkers,0,GAME_OVER,53,52,2,484,2,MCTS_CheckersHeuristic,2,1,1,RandomPlayerConfig
1242968106,Checkers,0,GAME_OVER,45,44,2,485,2,MCTS_CheckersHeuristic,2,1,1,RandomPlayerConfig
191863523,Checkers,0,GAME_OVER,48,47,2,486,2,MCTS_CheckersHeuristic,2,1,1,RandomPlayerConfig
-1249715842,Checkers,0,GAME_OVER,52,51,2,487,2,MCTS_CheckersHeuristic,2,1,1,RandomPlayerConfig
3527695,Checkers,0,GAME_OVER,51,50,2,488,2,MCTS_CheckersHeuristic,2,1,1,RandomPlayerConfig
1909370724,Checkers,0,GAME_OVER,51,50,2,489,2,MCTS_CheckersHeuristic,2,1,1,RandomPlayerConfig
-1263810062,Checkers,0,GAME_OVER,44,43,2,490,2,MCTS_CheckersHeuristic,2,1,1,RandomPlayerConfig
403428306,Checkers,0,GAME_OVER,50,49,2,491,2,MCTS_CheckersHeuristic,2,1,1,RandomPlayerConfig
224387928,Checkers,0,GAME_OVER,48,47,2,492,2,MCTS_CheckersHeuristic,2,1,1,RandomPlayerConfig
-1030962667,Checkers,0,GAME_OVER,41,40,2,493,2,MCTS_CheckersHeuristic,2,1,1,RandomPlayerConfig
-1388679505,Checkers,0,GAME_OVER,59,58,2,494,2,MCTS_CheckersHeuristic,2,1,1,RandomPlayerConfig
1106739283,Checkers,0,GAME_OVER,50,49,2,495,2,MCTS_CheckersHeuristic,2,1,1,RandomPlayerConfig
-110908417,Checkers,0,GAME_OVER,48,47,2,496,2,MCTS_CheckersHeuristic,2,1,1,RandomPlayerConfig
1462762996,Checkers,0,GAME_OVER,51,50,2,497,2,MCTS_CheckersHeuristic,2,1,1,RandomPlayerConfig
-202552310,Checkers,0,GAME_OVER,41,40,2,498,2,MCTS_CheckersHeuristic,2,1,1,RandomPlayerConfig
-56297566,Checkers,0,GAME_OVER,44,43,2,499,2,MCTS_CheckersHeuristic,2,1,1,RandomPlayerConfig
119215152,Checkers,0,GAME_OVER,40,39,2,500,2,MCTS_CheckersHeuristic,2,1,1,RandomPlayerConfig
-493007434,Checkers,0,GAME_OVER,53,52,2,501,2,MCTS_CheckersHeuristic,2,1,1,RandomPlayerConfig
1681978843,Checkers,0,GAME_OVER,42,41,2,502,2,MCTS_CheckersHeuristic,2,1,1,RandomPlayerConfig
-594737066,Checkers,0,GAME_OVER,78,77,2,503,2,MCTS_CheckersHeuristic,2,1,1,RandomPlayerConfig
-1756317328,Checkers,0,GAME_OVER,48,47,2,504,2,MCTS_CheckersHeuristic,2,1,1,RandomPlayerConfig
-944186225,Checkers,0,GAME_OVER,45,44,2,505,2,MCTS_CheckersHeuristic,2,1,1,RandomPlayerConfig
185511961,Checkers,0,GAME_OVER,37,36,2,506,2,MCTS_CheckersHeuristic,2,1,1,RandomPlayerConfig
-76089309,Checkers,0,GAME_OVER,48,47,2,507,2,MCTS_CheckersHeuristic,2,1,1,RandomPlayerConfig
468485359,Checkers,0,GAME_OVER,45,44,2,508,2,MCTS_CheckersHeuristic,2,1,1,RandomPlayerConfig
1175762423,Checkers,0,GAME_OVER,63,62,2,509,2,MCTS_CheckersHeuristic,2,1,1,RandomPlayerConfig
1361087813,Checkers,0,GAME_OVER,63,62,2,510,2,MCTS_CheckersHeuristic,2,1,1,RandomPlayerConfig
-673860807,Checkers,0,GAME_OVER,49,48,2,511,2,MCTS_CheckersHeuristic,2,1,1,RandomPlayerConfig
1399107872,Checkers,0,GAME_OVER,43,42,2,512,2,MCTS_CheckersHeuristic,2,1,1,RandomPlayerConfig
-796713551,Checkers,0,GAME_OVER,36,35,2,513,2,MCTS_CheckersHeuristic,2,1,1,RandomPlayerConfig
-297500633,Checkers,0,GAME_OVER,40,39,2,514,2,MCTS_CheckersHeuristic,2,1,1,RandomPlayerConfig
1606290921,Checkers,0,GAME_OVER,60,59,2,515,2,MCTS_CheckersHeuristic,2,1,1,RandomPlayerConfig
-306113397,Checkers,0,GAME_OVER,45,44,2,516,2,MCTS_CheckersHeuristic,2,1,1,RandomPlayerConfig
405267464,Checkers,0,GAME_OVER,48,47,2,517,2,MCTS_CheckersHeuristic,2,1,1,RandomPlayerConfig
-669887300,Checkers,0,GAME_OVER,60,59,2,518,2,MCTS_CheckersHeuristic,2,1,1,RandomPlayerConfig
-1848836978,Checkers,0,GAME_OVER,50,49,2,519,2,MCTS_CheckersHeuristic,2,1,1,RandomPlayerConfig
587711969,Checkers,0,GAME_OVER,47,46,2,520,2,MCTS_CheckersHeuristic,2,1,1,RandomPlayerConfig
1318337115,Checkers,0,GAME_OVER,54,53,2,521,2,MCTS_CheckersHeuristic,2,1,1,RandomPlayerConfig
-899431314,Checkers,0,GAME_OVER,43,42,2,522,2,MCTS_CheckersHeuristic,2,1,1,RandomPlayerConfig
845079978,Checkers,0,GAME_OVER,46,45,2,523,2,MCTS_CheckersHeuristic,2,1,1,RandomPlayerConfig
-2134414000,Checkers,0,GAME_OVER,49,48,2,524,2,MCTS_CheckersHeuristic,2,1,1,RandomPlayerConfig
-1070806052,Checkers,0,GAME_OVER,50,49,2,525,2,MCTS_CheckersHeuristic,2,1,1,RandomPlayerConfig
-1950541435,Checkers,0,GAME_OVER,53,52,2,526,2,MCTS_CheckersHeuristic,2,1,1,RandomPlayerConfig
904360527,Checkers,0,GAME_OVER,50,49,2,527,2,MCTS_CheckersHeuristic,2,1,1,RandomPlayerConfig
-354101480,Checkers,0,GAME_OVER,48,47,2,528,2,MCTS_CheckersHeuristic,2,1,1,RandomPlayerConfig
1439833748,Checkers,0,GAME_OVER,42,41,2,529,2,MCTS_CheckersHeuristic,2,1,1,RandomPlayerConfig
1356338653,Checkers,0,GAME_OVER,41,40,2,530,2,MCTS_CheckersHeuristic,2,1,1,RandomPlayerConfig
-1270120257,Checkers,0,GAME_OVER,48,47,2,531,2,MCTS_CheckersHeuristic,2,1,1,RandomPlayerConfig
-266953890,Checkers,0,GAME_OVER,41,40,2,532,2,MCTS_CheckersHeuristic,2,1,1,RandomPlayerConfig
901742762,Checkers,0,GAME_OVER,37,36,2,533,2,MCTS_CheckersHeuristic,2,1,1,RandomPlayerConfig
929698009,Checkers,0,GAME_OVER,51,50,2,534,2,MCTS_CheckersHeuristic,2,1,1,RandomPlayerConfig
1662328150,Checkers,0,GAME_OVER,49,48,2,535,2,MCTS_CheckersHeuristic,2,1,1,RandomPlayerConfig
-1378685120,Checkers,0,GAME_OVER,60,59,2,536,2,MCTS_CheckersHeuristic,2,1,1,RandomPlayerConfig
-1877670429,Checkers,0,GAME_OVER,41,40,2,537,2,MCTS_CheckersHeuristic,2,1,1,RandomPlayerConfig
-2074509161,Checkers,0,GAME_OVER,43,42,2,538,2,MCTS_CheckersHeuristic,2,1,1,RandomPlayerConfig
-1082939992,Checkers,0,GAME_OVER,44,43,2,539,2,MCTS_CheckersHeuristic,2,1,1,RandomPlayerConfig
1864430377,Checkers,0,GAME_OVER,46,45,2,540,2,MCTS_CheckersHeuristic,2,1,1,RandomPlayerConfig
1472551276,Checkers,0,GAME_OVER,50,49,2,541,2,MCTS_CheckersHeuristic,2,1,1,RandomPlayerConfig
1680237156,Checkers,0,GAME_OVER,41,40,2,542,2,MCTS_CheckersHeuristic,2,1,1,RandomPlayerConfig
-1418167834,Checkers,0,GAME_OVER,78,77,2,543,2,MCTS_CheckersHeuristic,2,1,1,RandomPlayerConfig
1728057957,Checkers,0,GAME_OVER,55,54,2,544,2,MCTS_CheckersHeuristic,2,1,1,RandomPlayerConfig
-186095657,Checkers,0,GAME_OVER,40,39,2,545,2,MCTS_CheckersHeuristic,2,1,1,RandomPlayerConfig
1351366258,Checkers,0,GAME_OVER,54,53,2,546,2,MCTS_CheckersHeuristic,2,1,1,RandomPlayerConfig
1579344005,Checkers,0,GAME_OVER,45,44,2,547,2,MCTS_CheckersHeuristic,2,1,1,RandomPlayerConfig
-1490204681,Checkers,0,GAME_OVER,52,51,2,548,2,MCTS_CheckersHeuristic,2,1,1,RandomPlayerConfig
-570415773,Checkers,0,GAME_OVER,45,44,2,549,2,MCTS_CheckersHeuristic,2,1,1,RandomPlayerConfig
-610565432,Checkers,0,GAME_OVER,42,41,2,550,2,MCTS_CheckersHeuristic,2,1,1,RandomPlayerConfig
433324064,Checkers,0,GAME_OVER,37,36,2,551,2,MCTS_CheckersHeuristic,2,1,1,RandomPlayerConfig
406281386,Checkers,0,GAME_OVER,60,59,2,552,2,MCTS_CheckersHeuristic,2,1,1,RandomPlayerConfig
-87231360,Checkers,0,GAME_OVER,42,41,2,553,2,MCTS_CheckersHeuristic,2,1,1,RandomPlayerConfig
-1846275719,Checkers,0,GAME_OVER,55,54,2,554,2,MCTS_CheckersHeuristic,2,1,1,RandomPlayerConfig
1122898845,Checkers,0,GAME_OVER,44,43,2,555,2,MCTS_CheckersHeuristic,2,1,1,RandomPlayerConfig
1833988709,Checkers,0,GAME_OVER,46,45,2,556,2,MCTS_CheckersHeuristic,2,1,1,RandomPlayerConfig
19099793,Checkers,0,GAME_OVER,38,37,2,557,2,MCTS_CheckersHeuristic,2,1,1,RandomPlayerConfig
2057854488,Checkers,0,GAME_OVER,38,37,2,558,2,MCTS_CheckersHeuristic,2,1,1,RandomPlayerConfig
-1494205297,Checkers,0,GAME_OVER,47,46,2,559,2,MCTS_CheckersHeuristic,2,1,1,RandomPlayerConfig
375156931,Checkers,0,GAME_OVER,48,47,2,560,2,MCTS_CheckersHeuristic,2,1,1,RandomPlayerConfig
-351428365,Checkers,0,GAME_OVER,52,51,2,561,2,MCTS_CheckersHeuristic,2,1,1,RandomPlayerConfig
-1226447254,Checkers,0,GAME_OVER,47,46,2,562,2,MCTS_CheckersHeuristic,2,1,1,RandomPlayerConfig
764581851,Checkers,0,GAME_OVER,51,50,2,563,2,MCTS_CheckersHeuristic,2,1,1,RandomPlayerConfig
580986595,Checkers,0,GAME_OVER,46,45,2,564,2,MCTS_CheckersHeuristic,2,1,1,RandomPlayerConfig
-1046620099,Checkers,0,GAME_OVER,49,48,2,565,2,MCTS_CheckersHeuristic,2,1,1,RandomPlayerConfig
486888029,Checkers,0,GAME_OVER,46,45,2,566,2,MCTS_CheckersHeuristic,2,1,1,RandomPlayerConfig
-813926243,Checkers,0,GAME_OVER,48,47,2,567,2,MCTS_CheckersHeuristic,2,1,1,RandomPlayerConfig
125187708,Checkers,0,GAME_OVER,54,53,2,568,2,MCTS_CheckersHeuristic,2,1,1,RandomPlayerConfig
1366934473,Checkers,0,GAME_OVER,46,45,2,569,2,MCTS_CheckersHeuristic,2,1,1,RandomPlayerConfig
-849303751,Checkers,0,GAME_OVER,46,45,2,570,2,MCTS_CheckersHeuristic,2,1,1,RandomPlayerConfig
-1284969140,Checkers,0,GAME_OVER,43,42,2,571,2,MCTS_CheckersHeuristic,2,1,1,RandomPlayerConfig
-845145037,Checkers,0,GAME_OVER,57,56,2,572,2,MCTS_CheckersHeuristic,2,1,1,RandomPlayerConfig
-913805453,Checkers,0,GAME_OVER,51,50,2,573,2,MCTS_CheckersHeuristic,2,1,1,RandomPlayerConfig
-1971521003,Checkers,0,GAME_OVER,48,47,2,574,1,MCTS_CheckersHeuristic,1,2,2,RandomPlayerConfig
1227617051,Checkers,0,GAME_OVER,41,40,2,575,2,MCTS_CheckersHeuristic,2,1,1,RandomPlayerConfig
1457711408,Checkers,0,GAME_OVER,44,43,2,576,2,MCTS_CheckersHeuristic,2,1,1,RandomPlayerConfig
-1718206048,Checkers,0,GAME_OVER,41,40,2,577,2,MCTS_CheckersHeuristic,2,1,1,RandomPlayerConfig
-1527229045,Checkers,0,GAME_OVER,69,68,2,578,2,MCTS_CheckersHeuristic,2,1,1,RandomPlayerConfig
1414331298,Checkers,0,GAME_OVER,48,47,2,579,2,MCTS_CheckersHeuristic,2,1,1,RandomPlayerConfig
554598894,Checkers,0,GAME_OVER,89,88,2,580,2,MCTS_CheckersHeuristic,2,1,1,RandomPlayerConfig
1114518401,Checkers,0,GAME_OVER,61,60,2,581,2,MCTS_CheckersHeuristic,2,1,1,RandomPlayerConfig
360957615,Checkers,0,GAME_OVER,59,58,2,582,2,MCTS_CheckersHeuristic,2,1,1,RandomPlayerConfig
739354813,Checkers,0,GAME_OVER,52,51,2,583,2,MCTS_CheckersHeuristic,2,1,1,RandomPlayerConfig
495941202,Checkers,0,GAME_OVER,36,35,2,584,2,MCTS_CheckersHeuristic,2,1,1,RandomPlayerConfig
-887633511,Checkers,0,GAME_OVER,61,60,2,585,2,MCTS_CheckersHeuristic,2,1,1,RandomPlayerConfig
-1489189572,Checkers,0,GAME_OVER,42,41,2,586,2,MCTS_CheckersHeuristic,2,1,1,RandomPlayerConfig
1058923188,Checkers,0,GAME_OVER,52,51,2,587,2,MCTS_CheckersHeuristic,2,1,1,RandomPlayerConfig
833406719,Checkers,0,GAME_OVER,56,55,2,588,2,MCTS_CheckersHeuristic,2,1,1,RandomPlayerConfig
-1679978372,Checkers,0,GAME_OVER,43,42,2,589,2,MCTS_CheckersHeuristic,2,1,1,RandomPlayerConfig
171469584,Checkers,0,GAME_OVER,61,60,2,590,2,MCTS_CheckersHeuristic,2,1,1,RandomPlayerConfig
-1015239525,Checkers,0,GAME_OVER,56,55,2,591,2,MCTS_CheckersHeuristic,2,1,1,RandomPlayerConfig
-1655952408,Checkers,0,GAME_OVER,46,45,2,592,2,MCTS_CheckersHeuristic,2,1,1,RandomPlayerConfig
-4709928,Checkers,0,GAME_OVER,43,42,2,593,2,MCTS_CheckersHeuristic,2,1,1,RandomPlayerConfig
742797018,Checkers,0,GAME_OVER,40,39,2,594,2,MCTS_CheckersHeuristic,2,1,1,RandomPlayerConfig
-1422435588,Checkers,0,GAME_OVER,47,46,2,595,2,MCTS_CheckersHeuristic,2,1,1,RandomPlayerConfig
-1852067803,Checkers,0,GAME_OVER,52,51,2,596,2,MCTS_CheckersHeuristic,2,1,1,RandomPlayerConfig
737539513,Checkers,0,GAME_OVER,51,50,2,597,2,MCTS_CheckersHeuristic,2,1,1,RandomPlayerConfig
605492753,Checkers,0,GAME_OVER,62,61,2,598,2,MCTS_CheckersHeuristic,2,1,1,RandomPlayerConfig
-1613295438,Checkers,0,GAME_OVER,43,42,2,599,2,MCTS_CheckersHeuristic,2,1,1,RandomPlayerConfig
2006497034,Checkers,0,GAME_OVER,39,38,2,600,2,MCTS_CheckersHeuristic,2,1,1,RandomPlayerConfig
-1665629176,Checkers,0,GAME_OVER,54,53,2,601,2,MCTS_CheckersHeuristic,2,1,1,RandomPlayerConfig
-1126811814,Checkers,0,GAME_OVER,113,112,2,602,1,OSLA,1,2,2,MCTS_CheckersHeuristic
-1854791702,Checkers,0,GAME_OVER,43,42,2,603,1,OSLA,1,2,2,MCTS_CheckersHeuristic
-1761392996,Checkers,0,GAME_OVER,47,46,2,604,1,OSLA,1,2,2,MCTS_CheckersHeuristic
1190084556,Checkers,0,GAME_OVER,40,39,2,605,1,OSLA,1,2,2,MCTS_CheckersHeuristic
134562684,Checkers,0,GAME_OVER,39,38,2,606,1,OSLA,1,2,2,MCTS_CheckersHeuristic
213330350,Checkers,0,GAME_OVER,77,76,2,607,1,OSLA,1,2,2,MCTS_CheckersHeuristic
-974643853,Checkers,0,GAME_OVER,33,32,2,608,1,OSLA,1,2,2,MCTS_CheckersHeuristic
-513454553,Checkers,0,GAME_OVER,76,75,2,609,1,OSLA,1,2,2,MCTS_CheckersHeuristic
514392549,Checkers,0,GAME_OVER,51,50,2,610,1,OSLA,1,2,2,MCTS_CheckersHeuristic
500056579,Checkers,0,GAME_OVER,43,42,2,611,1,OSLA,1,2,2,MCTS_CheckersHeuristic
1197348627,Checkers,0,GAME_OVER,42,41,2,612,1,OSLA,1,2,2,MCTS_CheckersHeuristic
611704885,Checkers,0,GAME_OVER,47,46,2,613,1,OSLA,1,2,2,MCTS_CheckersHeuristic
1073468091,Checkers,0,GAME_OVER,47,46,2,614,1,OSLA,1,2,2,MCTS_CheckersHeuristic
-2079133931,Checkers,0,GAME_OVER,77,76,2,615,1,OSLA,1,2,2,MCTS_CheckersHeuristic
900962656,Checkers,0,GAME_OVER,41,40,2,616,1,OSLA,1,2,2,MCTS_CheckersHeuristic
-1105320639,Checkers,0,GAME_OVER,43,42,2,617,1,OSLA,1,2,2,MCTS_CheckersHeuristic
-1276645753,Checkers,0,GAME_OVER,50,49,2,618,1,OSLA,1,2,2,MCTS_CheckersHeuristic
2066220240,Checkers,0,GAME_OVER,33,32,2,619,1,OSLA,1,2,2,MCTS_CheckersHeuristic
134392692,Checkers,0,GAME_OVER,48,47,2,620,1,OSLA,1,2,2,MCTS_CheckersHeuristic
-595867711,Checkers,0,GAME_OVER,33,32,2,621,1,OSLA,1,2,2,MCTS_CheckersHeuristic
-1423916759,Checkers,0,GAME_OVER,41,40,2,622,1,OSLA,1,2,2,MCTS_CheckersHeuristic
1584043718,Checkers,0,GAME_OVER,36,35,2,623,1,OSLA,1,2,2,MCTS_CheckersHeuristic
631557042,Checkers,0,GAME_OVER,46,45,2,624,1,OSLA,1,2,2,MCTS_CheckersHeuristic
-1159394339,Checkers,0,GAME_OVER,41,40,2,625,1,OSLA,1,2,2,MCTS_CheckersHeuristic
-1753055221,Checkers,0,GAME_OVER,36,35,2,626,1,OSLA,1,2,2,MCTS_CheckersHeuristic
-1165515690,Checkers,0,GAME_OVER,44,43,2,627,1,OSLA,1,2,2,MCTS_CheckersHeuristic
-993684709,Checkers,0,GAME_OVER,40,39,2,628,1,OSLA,1,2,2,MCTS_CheckersHeuristic
-1903832526,Checkers,0,GAME_OVER,44,43,2,629,1,OSLA,1,2,2,MCTS_CheckersHeuristic
-2145882215,Checkers,0,GAME_OVER,38,37,2,630,1,OSLA,1,2,2,MCTS_CheckersHeuristic
1434313481,Checkers,0,GAME_OVER,44,43,2,631,1,OSLA,1,2,2,MCTS_CheckersHeuristic
992721376,Checkers,0,GAME_OVER,37,36,2,632,1,OSLA,1,2,2,MCTS_CheckersHeuristic
377717458,Checkers,0,GAME_OVER,58,57,2,633,1,OSLA,1,2,2,MCTS_CheckersHeuristic
-985822224,Checkers,0,GAME_OVER,46,45,2,634,1,OSLA,1,2,2,MCTS_CheckersHeuristic
-1509471425,Checkers,0,GAME_OVER,48,47,2,635,1,OSLA,1,2,2,MCTS_CheckersHeuristic
-1984605897,Checkers,0,GAME_OVER,43,42,2,636,1,OSLA,1,2,2,MCTS_CheckersHeuristic
-1018813297,Checkers,0,GAME_OVER,41,40,2,637,1,OSLA,1,2,2,MCTS_CheckersHeuristic
-263026475,Checkers,0,GAME_OVER,42,41,2,638,1,OSLA,1,2,2,MCTS_CheckersHeuristic
1425820426,Checkers,0,GAME_OVER,52,51,2,639,1,OSLA,1,2,2,MCTS_CheckersHeuristic
897402481,Checkers,0,GAME_OVER,48,47,2,640,1,OSLA,1,2,2,MCTS_CheckersHeuristic
228926585,Checkers,0,GAME_OVER,62,61,2,641,1,OSLA,1,2,2,MCTS_CheckersHeuristic
1925143784,Checkers,0,GAME_OVER,65,64,2,642,1,OSLA,1,2,2,MCTS_CheckersHeuristic
1610400601,Checkers,0,GAME_OVER,33,32,2,643,1,OSLA,1,2,2,MCTS_CheckersHeuristic
1919779660,Checkers,0,GAME_OVER,40,39,2,644,1,OSLA,1,2,2,MCTS_CheckersHeuristic
-2053467740,Checkers,0,GAME_OVER,47,46,2,645,1,OSLA,1,2,2,MCTS_CheckersHeuristic
10865688,Checkers,0,GAME_OVER,40,39,2,646,1,OSLA,1,2,2,MCTS_CheckersHeuristic
1523135320,Checkers,0,GAME_OVER,39,38,2,647,1,OSLA,1,2,2,MCTS_CheckersHeuristic
-882753659,Checkers,0,GAME_OVER,37,36,2,648,1,OSLA,1,2,2,MCTS_CheckersHeuristic
-1324887762,Checkers,0,GAME_OVER,47,46,2,649,1,OSLA,1,2,2,MCTS_CheckersHeuristic
-1878153895,Checkers,0,GAME_OVER,46,45,2,650,1,OSLA,1,2,2,MCTS_CheckersHeuristic
-830949865,Checkers,0,GAME_OVER,61,60,2,651,1,OSLA,1,2,2,MCTS_CheckersHeuristic
959993777,Checkers,0,GAME_OVER,39,38,2,652,1,OSLA,1,2,2,MCTS_CheckersHeuristic
-1572663681,Checkers,0,GAME_OVER,36,35,2,653,1,OSLA,1,2,2,MCTS_CheckersHeuristic
-55924844,Checkers,0,GAME_OVER,38,37,2,654,1,OSLA,1,2,2,MCTS_CheckersHeuristic
1767814761,Checkers,0,GAME_OVER,45,44,2,655,1,OSLA,1,2,2,MCTS_CheckersHeuristic
1969864013,Checkers,0,GAME_OVER,43,42,2,656,1,OSLA,1,2,2,MCTS_CheckersHeuristic
1540680658,Checkers,0,GAME_OVER,40,39,2,657,1,OSLA,1,2,2,MCTS_CheckersHeuristic
501694943,Checkers,0,GAME_OVER,63,62,2,658,1,OSLA,1,2,2,MCTS_CheckersHeuristic
1379761422,Checkers,0,GAME_OVER,54,53,2,659,1,OSLA,1,2,2,MCTS_CheckersHeuristic
326652947,Checkers,0,GAME_OVER,41,40,2,660,1,OSLA,1,2,2,MCTS_CheckersHeuristic
-2025703691,Checkers,0,GAME_OVER,38,37,2,661,1,OSLA,1,2,2,MCTS_CheckersHeuristic
1876861678,Checkers,0,GAME_OVER,46,45,2,662,1,OSLA,1,2,2,MCTS_CheckersHeuristic
-1684996844,Checkers,0,GAME_OVER,37,36,2,663,1,OSLA,1,2,2,MCTS_CheckersHeuristic
-275197809,Checkers,0,GAME_OVER,40,39,2,664,1,OSLA,1,2,2,MCTS_CheckersHeuristic
-1607096756,Checkers,0,GAME_OVER,46,45,2,665,1,OSLA,1,2,2,MCTS_CheckersHeuristic
-1415328824,Checkers,0,GAME_OVER,42,41,2,666,1,OSLA,1,2,2,MCTS_CheckersHeuristic
1250919033,Checkers,0,GAME_OVER,37,36,2,667,1,OSLA,1,2,2,MCTS_CheckersHeuristic
-32216080,Checkers,0,GAME_OVER,105,104,2,668,1,OSLA,1,1,1,MCTS_CheckersHeuristic
-1474698725,Checkers,0,GAME_OVER,64,63,2,669,1,OSLA,1,2,2,MCTS_CheckersHeuristic
651860413,Checkers,0,GAME_OVER,39,38,2,670,1,OSLA,1,2,2,MCTS_CheckersHeuristic
1328817941,Checkers,0,GAME_OVER,42,41,2,671,1,OSLA,1,2,2,MCTS_CheckersHeuristic
-957251293,Checkers,0,GAME_OVER,41,40,2,672,1,OSLA,1,2,2,MCTS_CheckersHeuristic
1886674435,Checkers,0,GAME_OVER,41,40,2,673,1,OSLA,1,2,2,MCTS_CheckersHeuristic
428014486,Checkers,0,GAME_OVER,42,41,2,674,1,OSLA,1,2,2,MCTS_CheckersHeuristic
-243191370,Checkers,0,GAME_OVER,52,51,2,675,1,OSLA,1,2,2,MCTS_CheckersHeuristic
2044749597,Checkers,0,GAME_OVER,55,54,2,676,1,OSLA,1,2,2,MCTS_CheckersHeuristic
5621453,Checkers,0,GAME_OVER,45,44,2,677,1,OSLA,1,2,2,MCTS_CheckersHeuristic
-98187762,Checkers,0,GAME_OVER,45,44,2,678,1,OSLA,1,2,2,MCTS_CheckersHeuristic
-899234932,Checkers,0,GAME_OVER,41,40,2,679,1,OSLA,1,2,2,MCTS_CheckersHeuristic
-1200939912,Checkers,0,GAME_OVER,45,44,2,680,1,OSLA,1,2,2,MCTS_CheckersHeuristic
54331494,Checkers,0,GAME_OVER,43,42,2,681,1,OSLA,1,2,2,MCTS_CheckersHeuristic
-1349133439,Checkers,0,GAME_OVER,77,76,2,682,1,OSLA,1,2,2,MCTS_CheckersHeuristic
782006215,Checkers,0,GAME_OVER,40,39,2,683,1,OSLA,1,2,2,MCTS_CheckersHeuristic
-46426047,Checkers,0,GAME_OVER,44,43,2,684,1,OSLA,1,2,2,MCTS_CheckersHeuristic
1242968106,Checkers,0,GAME_OVER,38,37,2,685,1,OSLA,1,2,2,MCTS_CheckersHeuristic
191863523,Checkers,0,GAME_OVER,42,41,2,686,1,OSLA,1,2,2,MCTS_CheckersHeuristic
-1249715842,Checkers,0,GAME_OVER,52,51,2,687,1,OSLA,1,2,2,MCTS_CheckersHeuristic
3527695,Checkers,0,GAME_OVER,41,40,2,688,1,OSLA,1,2,2,MCTS_CheckersHeuristic
1909370724,Checkers,0,GAME_OVER,51,50,2,689,1,OSLA,1,2,2,MCTS_CheckersHeuristic
-1263810062,Checkers,0,GAME_OVER,46,45,2,690,1,OSLA,1,2,2,MCTS_CheckersHeuristic
403428306,Checkers,0,GAME_OVER,48,47,2,691,1,OSLA,1,2,2,MCTS_CheckersHeuristic
224387928,Checkers,0,GAME_OVER,46,45,2,692,1,OSLA,1,2,2,MCTS_CheckersHeuristic
-1030962667,Checkers,0,GAME_OVER,55,54,2,693,1,OSLA,1,2,2,MCTS_CheckersHeuristic
-1388679505,Checkers,0,GAME_OVER,50,49,2,694,1,OSLA,1,2,2,MCTS_CheckersHeuristic
1106739283,Checkers,0,GAME_OVER,46,45,2,695,1,OSLA,1,2,2,MCTS_CheckersHeuristic
-110908417,Checkers,0,GAME_OVER,45,44,2,696,1,OSLA,1,2,2,MCTS_CheckersHeuristic
1462762996,Checkers,0,GAME_OVER,51,50,2,697,1,OSLA,1,2,2,MCTS_CheckersHeuristic
-202552310,Checkers,0,GAME_OVER,34,33,2,698,1,OSLA,1,2,2,MCTS_CheckersHeuristic
-56297566,Checkers,0,GAME_OVER,46,45,2,699,1,OSLA,1,2,2,MCTS_CheckersHeuristic
119215152,Checkers,0,GAME_OVER,42,41,2,700,1,OSLA,1,2,2,MCTS_CheckersHeuristic
-493007434,Checkers,0,GAME_OVER,39,38,2,701,1,OSLA,1,2,2,MCTS_CheckersHeuristic
1681978843,Checkers,0,GAME_OVER,55,54,2,702,1,OSLA,1,2,2,MCTS_CheckersHeuristic
-594737066,Checkers,0,GAME_OVER,41,40,2,703,1,OSLA,1,2,2,MCTS_CheckersHeuristic
-1756317328,Checkers,0,GAME_OVER,42,41,2,704,1,OSLA,1,2,2,MCTS_CheckersHeuristic
-944186225,Checkers,0,GAME_OVER,43,42,2,705,1,OSLA,1,2,2,MCTS_CheckersHeuristic
185511961,Checkers,0,GAME_OVER,40,39,2,706,1,OSLA,1,2,2,MCTS_CheckersHeuristic
-76089309,Checkers,0,GAME_OVER,37,36,2,707,1,OSLA,1,2,2,MCTS_CheckersHeuristic
468485359,Checkers,0,GAME_OVER,50,49,2,708,1,OSLA,1,2,2,MCTS_CheckersHeuristic
1175762423,Checkers,0,GAME_OVER,42,41,2,709,1,OSLA,1,2,2,MCTS_CheckersHeuristic
1361087813,Checkers,0,GAME_OVER,129,128,2,710,1,OSLA,1,1,1,MCTS_CheckersHeuristic
-673860807,Checkers,0,GAME_OVER,47,46,2,711,1,OSLA,1,2,2,MCTS_CheckersHeuristic
1399107872,Checkers,0,GAME_OVER,42,41,2,712,1,OSLA,1,2,2,MCTS_CheckersHeuristic
-796713551,Checkers,0,GAME_OVER,43,42,2,713,1,OSLA,1,2,2,MCTS_CheckersHeuristic
-297500633,Checkers,0,GAME_OVER,48,47,2,714,1,OSLA,1,2,2,MCTS_CheckersHeuristic
1606290921,Checkers,0,GAME_OVER,39,38,2,715,1,OSLA,1,2,2,MCTS_CheckersHeuristic
-306113397,Checkers,0,GAME_OVER,39,38,2,716,1,OSLA,1,2,2,MCTS_CheckersHeuristic
405267464,Checkers,0,GAME_OVER,42,41,2,717,1,OSLA,1,2,2,MCTS_CheckersHeuristic
-669887300,Checkers,0,GAME_OVER,36,35,2,718,1,OSLA,1,2,2,MCTS_CheckersHeuristic
-1848836978,Checkers,0,GAME_OVER,40,39,2,719,1,OSLA,1,2,2,MCTS_CheckersHeuristic
587711969,Checkers,0,GAME_OVER,57,56,2,720,1,OSLA,1,2,2,MCTS_CheckersHeuristic
1318337115,Checkers,0,GAME_OVER,49,48,2,721,1,OSLA,1,2,2,MCTS_CheckersHeuristic
-899431314,Checkers,0,GAME_OVER,44,43,2,722,1,OSLA,1,2,2,MCTS_CheckersHeuristic
845079978,Checkers,0,GAME_OVER,49,48,2,723,1,OSLA,1,2,2,MCTS_CheckersHeuristic
-2134414000,Checkers,0,GAME_OVER,45,44,2,724,1,OSLA,1,2,2,MCTS_CheckersHeuristic
-1070806052,Checkers,0,GAME_OVER,44,43,2,725,1,OSLA,1,2,2,MCTS_CheckersHeuristic
-1950541435,Checkers,0,GAME_OVER,55,54,2,726,1,OSLA,1,2,2,MCTS_CheckersHeuristic
904360527,Checkers,0,GAME_OVER,51,50,2,727,1,OSLA,1,2,2,MCTS_CheckersHeuristic
-354101480,Checkers,0,GAME_OVER,38,37,2,728,1,OSLA,1,2,2,MCTS_CheckersHeuristic
1439833748,Checkers,0,GAME_OVER,42,41,2,729,1,OSLA,1,2,2,MCTS_CheckersHeuristic
1356338653,Checkers,0,GAME_OVER,75,74,2,730,1,OSLA,1,2,2,MCTS_CheckersHeuristic
-1270120257,Checkers,0,GAME_OVER,42,41,2,731,1,OSLA,1,2,2,MCTS_CheckersHeuristic
-266953890,Checkers,0,GAME_OVER,49,48,2,732,1,OSLA,1,2,2,MCTS_CheckersHeuristic
901742762,Checkers,0,GAME_OVER,53,52,2,733,1,OSLA,1,2,2,MCTS_CheckersHeuristic
929698009,Checkers,0,GAME_OVER,43,42,2,734,1,OSLA,1,2,2,MCTS_CheckersHeuristic
1662328150,Checkers,0,GAME_OVER,44,43,2,735,1,OSLA,1,2,2,MCTS_CheckersHeuristic
-1378685120,Checkers,0,GAME_OVER,39,38,2,736,1,OSLA,1,2,2,MCTS_CheckersHeuristic
-1877670429,Checkers,0,GAME_OVER,48,47,2,737,1,OSLA,1,2,2,MCTS_CheckersHeuristic
-2074509161,Checkers,0,GAME_OVER,41,40,2,738,1,OSLA,1,2,2,MCTS_CheckersHeuristic
-1082939992,Checkers,0,GAME_OVER,46,45,2,739,1,OSLA,1,2,2,MCTS_CheckersHeuristic
1864430377,Checkers,0,GAME_OVER,34,33,2,740,1,OSLA,1,2,2,MCTS_CheckersHeuristic
1472551276,Checkers,0,GAME_OVER,49,48,2,741,1,OSLA,1,2,2,MCTS_CheckersHeuristic
1680237156,Checkers,0,GAME_OVER,71,70,2,742,1,OSLA,1,2,2,MCTS_CheckersHeuristic
-1418167834,Checkers,0,GAME_OVER,54,53,2,743,1,OSLA,1,2,2,MCTS_CheckersHeuristic
1728057957,Checkers,0,GAME_OVER,73,72,2,744,1,OSLA,1,2,2,MCTS_CheckersHeuristic
-186095657,Checkers,0,GAME_OVER,42,41,2,745,1,OSLA,1,2,2,MCTS_CheckersHeuristic
1351366258,Checkers,0,GAME_OVER,49,48,2,746,1,OSLA,1,2,2,MCTS_CheckersHeuristic
1579344005,Checkers,0,GAME_OVER,42,41,2,747,1,OSLA,1,2,2,MCTS_CheckersHeuristic
-1490204681,Checkers,0,GAME_OVER,42,41,2,748,1,OSLA,1,2,2,MCTS_CheckersHeuristic
-570415773,Checkers,0,GAME_OVER,35,34,2,749,1,OSLA,1,2,2,MCTS_CheckersHeuristic
-610565432,Checkers,0,GAME_OVER,44,43,2,750,1,OSLA,1,2,2,MCTS_CheckersHeuristic
433324064,Checkers,0,GAME_OVER,40,39,2,751,1,OSLA,1,2,2,MCTS_CheckersHeuristic
406281386,Checkers,0,GAME_OVER,42,41,2,752,1,OSLA,1,2,2,MCTS_CheckersHeuristic
-87231360,Checkers,0,GAME_OVER,33,32,2,753,1,OSLA,1,2,2,MCTS_CheckersHeuristic
-1846275719,Checkers,0,GAME_OVER,37,36,2,754,1,OSLA,1,2,2,MCTS_CheckersHeuristic
1122898845,Checkers,0,GAME_OVER,43,42,2,755,1,OSLA,1,2,2,MCTS_CheckersHeuristic
1833988709,Checkers,0,GAME_OVER,42,41,2,756,1,OSLA,1,2,2,MCTS_CheckersHeuristic
19099793,Checkers,0,GAME_OVER,39,38,2,757,1,OSLA,1,2,2,MCTS_CheckersHeuristic
2057854488,Checkers,0,GAME_OVER,42,41,2,758,1,OSLA,1,2,2,MCTS_CheckersHeuristic
-1494205297,Checkers,0,GAME_OVER,39,38,2,759,1,OSLA,1,2,2,MCTS_CheckersHeuristic
375156931,Checkers,0,GAME_OVER,45,44,2,760,1,OSLA,1,2,2,MCTS_CheckersHeuristic
-351428365,Checkers,0,GAME_OVER,44,43,2,761,1,OSLA,1,2,2,MCTS_CheckersHeuristic
-1226447254,Checkers,0,GAME_OVER,45,44,2,762,1,OSLA,1,2,2,MCTS_CheckersHeuristic
764581851,Checkers,0,GAME_OVER,53,52,2,763,1,OSLA,1,2,2,MCTS_CheckersHeuristic
580986595,Checkers,0,GAME_OVER,35,34,2,764,1,OSLA,1,2,2,MCTS_CheckersHeuristic
-1046620099,Checkers,0,GAME_OVER,49,48,2,765,1,OSLA,1,2,2,MCTS_CheckersHeuristic
486888029,Checkers,0,GAME_OVER,43,42,2,766,1,OSLA,1,2,2,MCTS_CheckersHeuristic
-813926243,Checkers,0,GAME_OVER,46,45,2,767,1,OSLA,1,2,2,MCTS_CheckersHeuristic
125187708,Checkers,0,GAME_OVER,57,56,2,768,1,OSLA,1,2,2,MCTS_CheckersHeuristic
1366934473,Checkers,0,GAME_OVER,42,41,2,769,1,OSLA,1,2,2,MCTS_CheckersHeuristic
-849303751,Checkers,0,GAME_OVER,42,41,2,770,1,OSLA,1,2,2,MCTS_CheckersHeuristic
-1284969140,Checkers,0,GAME_OVER,49,48,2,771,1,OSLA,1,2,2,MCTS_CheckersHeuristic
-845145037,Checkers,0,GAME_OVER,40,39,2,772,1,OSLA,1,2,2,MCTS_CheckersHeuristic
-913805453,Checkers,0,GAME_OVER,39,38,2,773,1,OSLA,1,2,2,MCTS_CheckersHeuristic
-1971521003,Checkers,0,GAME_OVER,51,50,2,774,1,OSLA,1,2,2,MCTS_CheckersHeuristic
1227617051,Checkers,0,GAME_OVER,45,44,2,775,1,OSLA,1,2,2,MCTS_CheckersHeuristic
1457711408,Checkers,0,GAME_OVER,38,37,2,776,1,OSLA,1,2,2,MCTS_CheckersHeuristic
-1718206048,Checkers,0,GAME_OVER,43,42,2,777,1,OSLA,1,2,2,MCTS_CheckersHeuristic
-1527229045,Checkers,0,GAME_OVER,40,39,2,778,1,OSLA,1,2,2,MCTS_CheckersHeuristic
1414331298,Checkers,0,GAME_OVER,38,37,2,779,1,OSLA,1,2,2,MCTS_CheckersHeuristic
554598894,Checkers,0,GAME_OVER,49,48,2,780,1,OSLA,1,2,2,MCTS_CheckersHeuristic
1114518401,Checkers,0,GAME_OVER,38,37,2,781,1,OSLA,1,2,2,MCTS_CheckersHeuristic
360957615,Checkers,0,GAME_OVER,39,38,2,782,1,OSLA,1,2,2,MCTS_CheckersHeuristic
739354813,Checkers,0,GAME_OVER,43,42,2,783,1,OSLA,1,2,2,MCTS_CheckersHeuristic
495941202,Checkers,0,GAME_OVER,38,37,2,784,1,OSLA,1,2,2,MCTS_CheckersHeuristic
-887633511,Checkers,0,GAME_OVER,76,75,2,785,1,OSLA,1,2,2,MCTS_CheckersHeuristic
-1489189572,Checkers,0,GAME_OVER,47,46,2,786,1,OSLA,1,2,2,MCTS_CheckersHeuristic
1058923188,Checkers,0,GAME_OVER,39,38,2,787,1,OSLA,1,2,2,MCTS_CheckersHeuristic
833406719,Checkers,0,GAME_OVER,37,36,2,788,1,OSLA,1,2,2,MCTS_CheckersHeuristic
-1679978372,Checkers,0,GAME_OVER,67,66,2,789,1,OSLA,1,2,2,MCTS_CheckersHeuristic
171469584,Checkers,0,GAME_OVER,44,43,2,790,1,OSLA,1,2,2,MCTS_CheckersHeuristic
-1015239525,Checkers,0,GAME_OVER,37,36,2,791,1,OSLA,1,2,2,MCTS_CheckersHeuristic
-1655952408,Checkers,0,GAME_OVER,43,42,2,792,1,OSLA,1,2,2,MCTS_CheckersHeuristic
-4709928,Checkers,0,GAME_OVER,46,45,2,793,1,OSLA,1,2,2,MCTS_CheckersHeuristic
742797018,Checkers,0,GAME_OVER,42,41,2,794,1,OSLA,1,2,2,MCTS_CheckersHeuristic
-1422435588,Checkers,0,GAME_OVER,47,46,2,795,1,OSLA,1,2,2,MCTS_CheckersHeuristic
-1852067803,Checkers,0,GAME_OVER,46,45,2,796,1,OSLA,1,2,2,MCTS_CheckersHeuristic
737539513,Checkers,0,GAME_OVER,42,41,2,797,1,OSLA,1,2,2,MCTS_CheckersHeuristic
605492753,Checkers,0,GAME_OVER,50,49,2,798,1,OSLA,1,2,2,MCTS_CheckersHeuristic
-1613295438,Checkers,0,GAME_OVER,42,41,2,799,1,OSLA,1,2,2,MCTS_CheckersHeuristic
2006497034,Checkers,0,GAME_OVER,55,54,2,800,1,OSLA,1,2,2,MCTS_CheckersHeuristic
-1665629176,Checkers,0,GAME_OVER,33,32,2,801,1,OSLA,1,2,2,MCTS_CheckersHeuristic
-1126811814,Checkers,0,GAME_OVER,59,58,2,802,1,OSLA,1,2,2,OSLA
-1854791702,Checkers,0,GAME_OVER,58,57,2,803,1,OSLA,1,2,2,OSLA
-1761392996,Checkers,0,GAME_OVER,37,36,2,804,1,OSLA,1,2,2,OSLA
1190084556,Checkers,0,GAME_OVER,39,38,2,805,1,OSLA,1,2,2,OSLA
134562684,Checkers,0,GAME_OVER,128,127,2,806,1,OSLA,1,1,1,OSLA
213330350,Checkers,0,GAME_OVER,40,39,2,807,1,OSLA,1,2,2,OSLA
-974643853,Checkers,0,GAME_OVER,39,38,2,808,1,OSLA,1,2,2,OSLA
-513454553,Checkers,0,GAME_OVER,44,43,2,809,1,OSLA,1,2,2,OSLA
514392549,Checkers,0,GAME_OVER,88,87,2,810,1,OSLA,1,1,1,OSLA
500056579,Checkers,0,GAME_OVER,46,45,2,811,1,OSLA,1,2,2,OSLA
1197348627,Checkers,0,GAME_OVER,33,32,2,812,1,OSLA,1,2,2,OSLA
611704885,Checkers,0,GAME_OVER,39,38,2,813,1,OSLA,1,2,2,OSLA
1073468091,Checkers,0,GAME_OVER,45,44,2,814,1,OSLA,1,2,2,OSLA
-2079133931,Checkers,0,GAME_OVER,41,40,2,815,1,OSLA,1,2,2,OSLA
900962656,Checkers,0,GAME_OVER,64,63,2,816,1,OSLA,1,2,2,OSLA
-1105320639,Checkers,0,GAME_OVER,45,44,2,817,1,OSLA,1,2,2,OSLA
-1276645753,Checkers,0,GAME_OVER,38,37,2,818,1,OSLA,1,2,2,OSLA
2066220240,Checkers,0,GAME_OVER,76,75,2,819,1,OSLA,1,2,2,OSLA
134392692,Checkers,0,GAME_OVER,47,46,2,820,1,OSLA,1,2,2,OSLA
-595867711,Checkers,0,GAME_OVER,98,97,2,821,1,OSLA,1,1,1,OSLA
-1423916759,Checkers,0,GAME_OVER,31,30,2,822,1,OSLA,1,2,2,OSLA
1584043718,Checkers,0,GAME_OVER,44,43,2,823,1,OSLA,1,2,2,OSLA
631557042,Checkers,0,GAME_OVER,49,48,2,824,1,OSLA,1,2,2,OSLA
-1159394339,Checkers,0,GAME_OVER,45,44,2,825,1,OSLA,1,2,2,OSLA
-1753055221,Checkers,0,GAME_OVER,51,50,2,826,1,OSLA,1,2,2,OSLA
-1165515690,Checkers,0,GAME_OVER,46,45,2,827,1,OSLA,1,2,2,OSLA
-993684709,Checkers,0,GAME_OVER,41,40,2,828,1,OSLA,1,2,2,OSLA
-1903832526,Checkers,0,GAME_OVER,193,192,2,829,1,OSLA,1,1,1,OSLA
-2145882215,Checkers,0,GAME_OVER,38,37,2,830,1,OSLA,1,2,2,OSLA
1434313481,Checkers,0,GAME_OVER,95,94,2,831,1,OSLA,1,2,2,OSLA
992721376,Checkers,0,GAME_OVER,39,38,2,832,1,OSLA,1,2,2,OSLA
377717458,Checkers,0,GAME_OVER,60,59,2,833,2,OSLA,2,1,1,OSLA
-985822224,Checkers,0,GAME_OVER,42,41,2,834,1,OSLA,1,2,2,OSLA
-1509471425,Checkers,0,GAME_OVER,35,34,2,835,1,OSLA,1,2,2,OSLA
-1984605897,Checkers,0,GAME_OVER,90,89,2,836,2,OSLA,2,1,1,OSLA
-1018813297,Checkers,0,GAME_OVER,93,92,2,837,1,OSLA,1,2,2,OSLA
-263026475,Checkers,0,GAME_OVER,50,49,2,838,1,OSLA,1,2,2,OSLA
1425820426,Checkers,0,GAME_OVER,54,53,2,839,1,OSLA,1,2,2,OSLA
897402481,Checkers,0,GAME_OVER,40,39,2,840,1,OSLA,1,2,2,OSLA
228926585,Checkers,0,GAME_OVER,35,34,2,841,1,OSLA,1,2,2,OSLA
1925143784,Checkers,0,GAME_OVER,38,37,2,842,1,OSLA,1,2,2,OSLA
1610400601,Checkers,0,GAME_OVER,97,96,2,843,1,OSLA,1,1,1,OSLA
1919779660,Checkers,0,GAME_OVER,58,57,2,844,1,OSLA,1,2,2,OSLA
-2053467740,Checkers,0,GAME_OVER,40,39,2,845,1,OSLA,1,2,2,OSLA
10865688,Checkers,0,GAME_OVER,84,83,2,846,1,OSLA,1,1,1,OSLA
1523135320,Checkers,0,GAME_OVER,34,33,2,847,1,OSLA,1,2,2,OSLA
-882753659,Checkers,0,GAME_OVER,77,76,2,848,1,OSLA,1,1,1,OSLA
-1324887762,Checkers,0,GAME_OVER,38,37,2,849,1,OSLA,1,2,2,OSLA
-1878153895,Checkers,0,GAME_OVER,40,39,2,850,1,OSLA,1,2,2,OSLA
-830949865,Checkers,0,GAME_OVER,41,40,2,851,1,OSLA,1,2,2,OSLA
959993777,Checkers,0,GAME_OVER,72,71,2,852,1,OSLA,1,1,1,OSLA
-1572663681,Checkers,0,GAME_OVER,109,108,2,853,1,OSLA,1,2,2,OSLA
-55924844,Checkers,0,GAME_OVER,35,34,2,854,1,OSLA,1,2,2,OSLA
1767814761,Checkers,0,GAME_OVER,71,70,2,855,2,OSLA,2,1,1,OSLA
1969864013,Checkers,0,GAME_OVER,45,44,2,856,1,OSLA,1,2,2,OSLA
1540680658,Checkers,0,GAME_OVER,49,48,2,857,1,OSLA,1,2,2,OSLA
501694943,Checkers,0,GAME_OVER,46,45,2,858,1,OSLA,1,2,2,OSLA
1379761422,Checkers,0,GAME_OVER,36,35,2,859,1,OSLA,1,2,2,OSLA
326652947,Checkers,0,GAME_OVER,35,34,2,860,1,OSLA,1,2,2,OSLA
-2025703691,Checkers,0,GAME_OVER,49,48,2,861,1,OSLA,1,2,2,OSLA
1876861678,Checkers,0,GAME_OVER,44,43,2,862,1,OSLA,1,2,2,OSLA
-1684996844,Checkers,0,GAME_OVER,39,38,2,863,1,OSLA,1,2,2,OSLA
-275197809,Checkers,0,GAME_OVER,42,41,2,864,1,OSLA,1,2,2,OSLA
-1607096756,Checkers,0,GAME_OVER,39,38,2,865,1,OSLA,1,2,2,OSLA
-1415328824,Checkers,0,GAME_OVER,38,37,2,866,1,OSLA,1,2,2,OSLA
1250919033,Checkers,0,GAME_OVER,46,45,2,867,1,OSLA,1,2,2,OSLA
-32216080,Checkers,0,GAME_OVER,40,39,2,868,1,OSLA,1,2,2,OSLA
-1474698725,Checkers,0,GAME_OVER,34,33,2,869,1,OSLA,1,2,2,OSLA
651860413,Checkers,0,GAME_OVER,43,42,2,870,1,OSLA,1,2,2,OSLA
1328817941,Checkers,0,GAME_OVER,40,39,2,871,1,OSLA,1,2,2,OSLA
-957251293,Checkers,0,GAME_OVER,39,38,2,872,1,OSLA,1,2,2,OSLA
1886674435,Checkers,0,GAME_OVER,40,39,2,873,1,OSLA,1,2,2,OSLA
428014486,Checkers,0,GAME_OVER,36,35,2,874,1,OSLA,1,2,2,OSLA
-243191370,Checkers,0,GAME_OVER,41,40,2,875,1,OSLA,1,2,2,OSLA
2044749597,Checkers,0,GAME_OVER,39,38,2,876,1,OSLA,1,2,2,OSLA
5621453,Checkers,0,GAME_OVER,50,49,2,877,1,OSLA,1,2,2,OSLA
-98187762,Checkers,0,GAME_OVER,47,46,2,878,1,OSLA,1,2,2,OSLA
-899234932,Checkers,0,GAME_OVER,42,41,2,879,1,OSLA,1,2,2,OSLA
-1200939912,Checkers,0,GAME_OVER,49,48,2,880,1,OSLA,1,2,2,OSLA
54331494,Checkers,0,GAME_OVER,49,48,2,881,1,OSLA,1,2,2,OSLA
-1349133439,Checkers,0,GAME_OVER,41,40,2,882,1,OSLA,1,2,2,OSLA
782006215,Checkers,0,GAME_OVER,50,49,2,883,1,OSLA,1,2,2,OSLA
-46426047,Checkers,0,GAME_OVER,34,33,2,884,1,OSLA,1,2,2,OSLA
1242968106,Checkers,0,GAME_OVER,42,41,2,885,1,OSLA,1,2,2,OSLA
191863523,Checkers,0,GAME_OVER,41,40,2,886,1,OSLA,1,2,2,OSLA
-1249715842,Checkers,0,GAME_OVER,41,40,2,887,1,OSLA,1,2,2,OSLA
3527695,Checkers,0,GAME_OVER,81,80,2,888,1,OSLA,1,2,2,OSLA
1909370724,Checkers,0,GAME_OVER,56,55,2,889,1,OSLA,1,2,2,OSLA
-1263810062,Checkers,0,GAME_OVER,49,48,2,890,1,OSLA,1,2,2,OSLA
403428306,Checkers,0,GAME_OVER,43,42,2,891,1,OSLA,1,2,2,OSLA
224387928,Checkers,0,GAME_OVER,46,45,2,892,1,OSLA,1,2,2,OSLA
-1030962667,Checkers,0,GAME_OVER,37,36,2,893,1,OSLA,1,2,2,OSLA
-1388679505,Checkers,0,GAME_OVER,46,45,2,894,1,OSLA,1,2,2,OSLA
1106739283,Checkers,0,GAME_OVER,39,38,2,895,1,OSLA,1,2,2,OSLA
-110908417,Checkers,0,GAME_OVER,42,41,2,896,1,OSLA,1,2,2,OSLA
1462762996,Checkers,0,GAME_OVER,52,51,2,897,1,OSLA,1,2,2,OSLA
-202552310,Checkers,0,GAME_OVER,44,43,2,898,1,OSLA,1,2,2,OSLA
-56297566,Checkers,0,GAME_OVER,74,73,2,899,1,OSLA,1,2,2,OSLA
119215152,Checkers,0,GAME_OVER,39,38,2,900,1,OSLA,1,2,2,OSLA
-493007434,Checkers,0,GAME_OVER,35,34,2,901,1,OSLA,1,2,2,OSLA
1681978843,Checkers,0,GAME_OVER,42,41,2,902,1,OSLA,1,2,2,OSLA
-594737066,Checkers,0,GAME_OVER,41,40,2,903,1,OSLA,1,2,2,OSLA
-1756317328,Checkers,0,GAME_OVER,38,37,2,904,1,OSLA,1,2,2,OSLA
-944186225,Checkers,0,GAME_OVER,45,44,2,905,1,OSLA,1,2,2,OSLA
185511961,Checkers,0,GAME_OVER,42,41,2,906,1,OSLA,1,2,2,OSLA
-76089309,Checkers,0,GAME_OVER,43,42,2,907,1,OSLA,1,2,2,OSLA
468485359,Checkers,0,GAME_OVER,48,47,2,908,1,OSLA,1,2,2,OSLA
1175762423,Checkers,0,GAME_OVER,168,167,2,909,1,OSLA,1,1,1,OSLA
1361087813,Checkers,0,GAME_OVER,157,156,2,910,1,OSLA,1,1,1,OSLA
-673860807,Checkers,0,GAME_OVER,66,65,2,911,2,OSLA,2,1,1,OSLA
1399107872,Checkers,0,GAME_OVER,211,210,2,912,1,OSLA,1,1,1,OSLA
-796713551,Checkers,0,GAME_OVER,42,41,2,913,1,OSLA,1,2,2,OSLA
-297500633,Checkers,0,GAME_OVER,45,44,2,914,1,OSLA,1,2,2,OSLA
1606290921,Checkers,0,GAME_OVER,46,45,2,915,1,OSLA,1,2,2,OSLA
-306113397,Checkers,0,GAME_OVER,40,39,2,916,1,OSLA,1,2,2,OSLA
405267464,Checkers,0,GAME_OVER,44,43,2,917,1,OSLA,1,2,2,OSLA
-669887300,Checkers,0,GAME_OVER,36,35,2,918,1,OSLA,1,2,2,OSLA
-1848836978,Checkers,0,GAME_OVER,44,43,2,919,2,OSLA,2,1,1,OSLA
587711969,Checkers,0,GAME_OVER,47,46,2,920,1,OSLA,1,2,2,OSLA
1318337115,Checkers,0,GAME_OVER,32,31,2,921,1,OSLA,1,2,2,OSLA
-899431314,Checkers,0,GAME_OVER,46,45,2,922,1,OSLA,1,2,2,OSLA
845079978,Checkers,0,GAME_OVER,39,38,2,923,1,OSLA,1,2,2,OSLA
-2134414000,Checkers,0,GAME_OVER,41,40,2,924,1,OSLA,1,2,2,OSLA
-1070806052,Checkers,0,GAME_OVER,144,143,2,925,2,OSLA,2,1,1,OSLA
-1950541435,Checkers,0,GAME_OVER,33,32,2,926,1,OSLA,1,2,2,OSLA
904360527,Checkers,0,GAME_OVER,89,88,2,927,2,OSLA,2,1,1,OSLA
-354101480,Checkers,0,GAME_OVER,45,44,2,928,1,OSLA,1,2,2,OSLA
1439833748,Checkers,0,GAME_OVER,45,44,2,929,1,OSLA,1,2,2,OSLA
1356338653,Checkers,0,GAME_OVER,53,52,2,930,2,OSLA,2,1,1,OSLA
-1270120257,Checkers,0,GAME_OVER,39,38,2,931,1,OSLA,1,2,2,OSLA
-266953890,Checkers,0,GAME_OVER,35,34,2,932,1,OSLA,1,2,2,OSLA
901742762,Checkers,0,GAME_OVER,119,118,2,933,2,OSLA,2,1,1,OSLA
929698009,Checkers,0,GAME_OVER,103,102,2,934,1,OSLA,1,1,1,OSLA
1662328150,Checkers,0,GAME_OVER,48,47,2,935,1,OSLA,1,2,2,OSLA
-1378685120,Checkers,0,GAME_OVER,33,32,2,936,1,OSLA,1,2,2,OSLA
-1877670429,Checkers,0,GAME_OVER,45,44,2,937,1,OSLA,1,2,2,OSLA
-2074509161,Checkers,0,GAME_OVER,53,52,2,938,1,OSLA,1,2,2,OSLA
-1082939992,Checkers,0,GAME_OVER,38,37,2,939,1,OSLA,1,2,2,OSLA
1864430377,Checkers,0,GAME_OVER,52,51,2,940,1,OSLA,1,2,2,OSLA
1472551276,Checkers,0,GAME_OVER,50,49,2,941,2,OSLA,2,1,1,OSLA
1680237156,Checkers,0,GAME_OVER,41,40,2,942,1,OSLA,1,2,2,OSLA
-1418167834,Checkers,0,GAME_OVER,44,43,2,943,1,OSLA,1,2,2,OSLA
1728057957,Checkers,0,GAME_OVER,42,41,2,944,1,OSLA,1,2,2,OSLA
-186095657,Checkers,0,GAME_OVER,38,37,2,945,1,OSLA,1,2,2,OSLA
1351366258,Checkers,0,GAME_OVER,44,43,2,946,1,OSLA,1,2,2,OSLA
1579344005,Checkers,0,GAME_OVER,47,46,2,947,1,OSLA,1,2,2,OSLA
-1490204681,Checkers,0,GAME_OVER,45,44,2,948,1,OSLA,1,2,2,OSLA
-570415773,Checkers,0,GAME_OVER,157,156,2,949,1,OSLA,1,1,1,OSLA
-610565432,Checkers,0,GAME_OVER,39,38,2,950,1,OSLA,1,2,2,OSLA
433324064,Checkers,0,GAME_OVER,111,110,2,951,1,OSLA,1,1,1,OSLA
406281386,Checkers,0,GAME_OVER,58,57,2,952,1,OSLA,1,2,2,OSLA
-87231360,Checkers,0,GAME_OVER,40,39,2,953,1,OSLA,1,2,2,OSLA
-1846275719,Checkers,0,GAME_OVER,62,61,2,954,1,OSLA,1,2,2,OSLA
1122898845,Checkers,0,GAME_OVER,44,43,2,955,1,OSLA,1,2,2,OSLA
1833988709,Checkers,0,GAME_OVER,46,45,2,956,1,OSLA,1,2,2,OSLA
19099793,Checkers,0,GAME_OVER,53,52,2,957,1,OSLA,1,2,2,OSLA
2057854488,Checkers,0,GAME_OVER,46,45,2,958,1,OSLA,1,2,2,OSLA
-1494205297,Checkers,0,GAME_OVER,45,44,2,959,1,OSLA,1,2,2,OSLA
375156931,Checkers,0,GAME_OVER,78,77,2,960,2,OSLA,2,1,1,OSLA
-351428365,Checkers,0,GAME_OVER,123,122,2,961,1,OSLA,1,1,1,OSLA
-1226447254,Checkers,0,GAME_OVER,45,44,2,962,1,OSLA,1,2,2,OSLA
764581851,Checkers,0,GAME_OVER,74,73,2,963,1,OSLA,1,1,1,OSLA
580986595,Checkers,0,GAME_OVER,42,41,2,964,1,OSLA,1,2,2,OSLA
-1046620099,Checkers,0,GAME_OVER,42,41,2,965,1,OSLA,1,2,2,OSLA
486888029,Checkers,0,GAME_OVER,54,53,2,966,1,OSLA,1,2,2,OSLA
-813926243,Checkers,0,GAME_OVER,33,32,2,967,1,OSLA,1,2,2,OSLA
125187708,Checkers,0,GAME_OVER,42,41,2,968,1,OSLA,1,2,2,OSLA
1366934473,Checkers,0,GAME_OVER,39,38,2,969,1,OSLA,1,2,2,OSLA
-849303751,Checkers,0,GAME_OVER,52,51,2,970,1,OSLA,1,2,2,OSLA
-1284969140,Checkers,0,GAME_OVER,37,36,2,971,1,OSLA,1,2,2,OSLA
-845145037,Checkers,0,GAME_OVER,38,37,2,972,1,OSLA,1,2,2,OSLA
-913805453,Checkers,0,GAME_OVER,36,35,2,973,1,OSLA,1,2,2,OSLA
-1971521003,Checkers,0,GAME_OVER,45,44,2,974,1,OSLA,1,2,2,OSLA
1227617051,Checkers,0,GAME_OVER,51,50,2,975,1,OSLA,1,2,2,OSLA
1457711408,Checkers,0,GAME_OVER,40,39,2,976,1,OSLA,1,2,2,OSLA
-1718206048,Checkers,0,GAME_OVER,119,118,2,977,1,OSLA,1,1,1,OSLA
-1527229045,Checkers,0,GAME_OVER,118,117,2,978,1,OSLA,1,1,1,OSLA
1414331298,Checkers,0,GAME_OVER,35,34,2,979,1,OSLA,1,2,2,OSLA
554598894,Checkers,0,GAME_OVER,96,95,2,980,1,OSLA,1,1,1,OSLA
1114518401,Checkers,0,GAME_OVER,44,43,2,981,1,OSLA,1,2,2,OSLA
360957615,Checkers,0,GAME_OVER,41,40,2,982,1,OSLA,1,2,2,OSLA
739354813,Checkers,0,GAME_OVER,37,36,2,983,1,OSLA,1,2,2,OSLA
495941202,Checkers,0,GAME_OVER,45,44,2,984,1,OSLA,1,2,2,OSLA
-887633511,Checkers,0,GAME_OVER,40,39,2,985,1,OSLA,1,2,2,OSLA
-1489189572,Checkers,0,GAME_OVER,60,59,2,986,1,OSLA,1,2,2,OSLA
1058923188,Checkers,0,GAME_OVER,41,40,2,987,1,OSLA,1,2,2,OSLA
833406719,Checkers,0,GAME_OVER,40,39,2,988,1,OSLA,1,2,2,OSLA
-1679978372,Checkers,0,GAME_OVER,49,48,2,989,1,OSLA,1,2,2,OSLA
171469584,Checkers,0,GAME_OVER,36,35,2,990,1,OSLA,1,2,2,OSLA
-1015239525,Checkers,0,GAME_OVER,41,40,2,991,1,OSLA,1,2,2,OSLA
-1655952408,Checkers,0,GAME_OVER,56,55,2,992,1,OSLA,1,2,2,OSLA
-4709928,Checkers,0,GAME_OVER,49,48,2,993,1,OSLA,1,2,2,OSLA
742797018,Checkers,0,GAME_OVER,40,39,2,994,1,OSLA,1,2,2,OSLA
-1422435588,Checkers,0,GAME_OVER,36,35,2,995,1,OSLA,1,2,2,OSLA
-1852067803,Checkers,0,GAME_OVER,41,40,2,996,1,OSLA,1,2,2,OSLA
737539513,Checkers,0,GAME_OVER,31,30,2,997,1,OSLA,1,2,2,OSLA
605492753,Checkers,0,GAME_OVER,49,48,2,998,1,OSLA,1,2,2,OSLA
-1613295438,Checkers,0,GAME_OVER,39,38,2,999,1,OSLA,1,2,2,OSLA
2006497034,Checkers,0,GAME_OVER,44,43,2,1000,1,OSLA,1,2,2,OSLA
-1665629176,Checkers,0,GAME_OVER,41,40,2,1001,1,OSLA,1,2,2,OSLA
-1126811814,Checkers,0,GAME_OVER,45,44,2,1002,2,OSLA,2,1,1,RandomPlayerConfig
-1854791702,Checkers,0,GAME_OVER,77,76,2,1003,2,OSLA,2,1,1,RandomPlayerConfig
-1761392996,Checkers,0,GAME_OVER,51,50,2,1004,2,OSLA,2,1,1,RandomPlayerConfig
1190084556,Checkers,0,GAME_OVER,44,43,2,1005,2,OSLA,2,1,1,RandomPlayerConfig
134562684,Checkers,0,GAME_OVER,38,37,2,1006,2,OSLA,2,1,1,RandomPlayerConfig
213330350,Checkers,0,GAME_OVER,45,44,2,1007,2,OSLA,2,1,1,RandomPlayerConfig
-974643853,Checkers,0,GAME_OVER,55,54,2,1008,2,OSLA,2,1,1,RandomPlayerConfig
-513454553,Checkers,0,GAME_OVER,39,38,2,1009,2,OSLA,2,1,1,RandomPlayerConfig
514392549,Checkers,0,GAME_OVER,49,48,2,1010,2,OSLA,2,1,1,RandomPlayerConfig
500056579,Checkers,0,GAME_OVER,46,45,2,1011,2,OSLA,2,1,1,RandomPlayerConfig
1197348627,Checkers,0,GAME_OVER,52,51,2,1012,2,OSLA,2,1,1,RandomPlayerConfig
611704885,Checkers,0,GAME_OVER,74,73,2,1013,2,OSLA,2,1,1,RandomPlayerConfig
1073468091,Checkers,0,GAME_OVER,49,48,2,1014,1,OSLA,1,2,2,RandomPlayerConfig
-2079133931,Checkers,0,GAME_OVER,44,43,2,1015,2,OSLA,2,1,1,RandomPlayerConfig
900962656,Checkers,0,GAME_OVER,49,48,2,1016,2,OSLA,2,1,1,RandomPlayerConfig
-1105320639,Checkers,0,GAME_OVER,49,48,2,1017,2,OSLA,2,1,1,RandomPlayerConfig
-1276645753,Checkers,0,GAME_OVER,50,49,2,1018,2,OSLA,2,1,1,RandomPlayerConfig
2066220240,Checkers,0,GAME_OVER,55,54,2,1019,2,OSLA,2,1,1,RandomPlayerConfig
134392692,Checkers,0,GAME_OVER,40,39,2,1020,2,OSLA,2,1,1,RandomPlayerConfig
-595867711,Checkers,0,GAME_OVER,49,48,2,1021,2,OSLA,2,1,1,RandomPlayerConfig
-1423916759,Checkers,0,GAME_OVER,47,46,2,1022,2,OSLA,2,1,1,RandomPlayerConfig
1584043718,Checkers,0,GAME_OVER,46,45,2,1023,2,OSLA,2,1,1,RandomPlayerConfig
631557042,Checkers,0,GAME_OVER,42,41,2,1024,2,OSLA,2,1,1,RandomPlayerConfig
-1159394339,Checkers,0,GAME_OVER,70,69,2,1025,2,OSLA,2,1,1,RandomPlayerConfig
-1753055221,Checkers,0,GAME_OVER,70,69,2,1026,2,OSLA,2,1,1,RandomPlayerConfig
-1165515690,Checkers,0,GAME_OVER,43,42,2,1027,2,OSLA,2,1,1,RandomPlayerConfig
-993684709,Checkers,0,GAME_OVER,42,41,2,1028,2,OSLA,2,1,1,RandomPlayerConfig
-1903832526,Checkers,0,GAME_OVER,56,55,2,1029,2,OSLA,2,1,1,RandomPlayerConfig
-2145882215,Checkers,0,GAME_OVER,55,54,2,1030,2,OSLA,2,1,1,RandomPlayerConfig
1434313481,Checkers,0,GAME_OVER,51,50,2,1031,2,OSLA,2,1,1,RandomPlayerConfig
992721376,Checkers,0,GAME_OVER,69,68,2,1032,2,OSLA,2,1,1,RandomPlayerConfig
377717458,Checkers,0,GAME_OVER,48,47,2,1033,2,OSLA,2,1,1,RandomPlayerConfig
-985822224,Checkers,0,GAME_OVER,55,54,2,1034,2,OSLA,2,1,1,RandomPlayerConfig
-1509471425,Checkers,0,GAME_OVER,41,40,2,1035,2,OSLA,2,1,1,RandomPlayerConfig
-1984605897,Checkers,0,GAME_OVER,51,50,2,1036,2,OSLA,2,1,1,RandomPlayerConfig
-1018813297,Checkers,0,GAME_OVER,43,42,2,1037,2,OSLA,2,1,1,RandomPlayerConfig
-263026475,Checkers,0,GAME_OVER,48,47,2,1038,1,OSLA,1,2,2,RandomPlayerConfig
1425820426,Checkers,0,GAME_OVER,47,46,2,1039,2,OSLA,2,1,1,RandomPlayerConfig
897402481,Checkers,0,GAME_OVER,44,43,2,1040,2,OSLA,2,1,1,RandomPlayerConfig
228926585,Checkers,0,GAME_OVER,40,39,2,1041,2,OSLA,2,1,1,RandomPlayerConfig
1925143784,Checkers,0,GAME_OVER,43,42,2,1042,2,OSLA,2,1,1,RandomPlayerConfig
1610400601,Checkers,0,GAME_OVER,57,56,2,1043,2,OSLA,2,1,1,RandomPlayerConfig
1919779660,Checkers,0,GAME_OVER,54,53,2,1044,2,OSLA,2,1,1,RandomPlayerConfig
-2053467740,Checkers,0,GAME_OVER,46,45,2,1045,2,OSLA,2,1,1,RandomPlayerConfig
10865688,Checkers,0,GAME_OVER,39,38,2,1046,2,OSLA,2,1,1,RandomPlayerConfig
1523135320,Checkers,0,GAME_OVER,58,57,2,1047,2,OSLA,2,1,1,RandomPlayerConfig
-882753659,Checkers,0,GAME_OVER,46,45,2,1048,2,OSLA,2,1,1,RandomPlayerConfig
-1324887762,Checkers,0,GAME_OVER,53,52,2,1049,2,OSLA,2,1,1,RandomPlayerConfig
-1878153895,Checkers,0,GAME_OVER,50,49,2,1050,2,OSLA,2,1,1,RandomPlayerConfig
-830949865,Checkers,0,GAME_OVER,40,39,2,1051,2,OSLA,2,1,1,RandomPlayerConfig
959993777,Checkers,0,GAME_OVER,53,52,2,1052,2,OSLA,2,1,1,RandomPlayerConfig
-1572663681,Checkers,0,GAME_OVER,47,46,2,1053,2,OSLA,2,1,1,RandomPlayerConfig
-55924844,Checkers,0,GAME_OVER,45,44,2,1054,1,OSLA,1,2,2,RandomPlayerConfig
1767814761,Checkers,0,GAME_OVER,45,44,2,1055,2,OSLA,2,1,1,RandomPlayerConfig
1969864013,Checkers,0,GAME_OVER,51,50,2,1056,2,OSLA,2,1,1,RandomPlayerConfig
1540680658,Checkers,0,GAME_OVER,49,48,2,1057,2,OSLA,2,1,1,RandomPlayerConfig
501694943,Checkers,0,GAME_OVER,69,68,2,1058,2,OSLA,2,1,1,RandomPlayerConfig
1379761422,Checkers,0,GAME_OVER,53,52,2,1059,2,OSLA,2,1,1,RandomPlayerConfig
326652947,Checkers,0,GAME_OVER,46,45,2,1060,2,OSLA,2,1,1,RandomPlayerConfig
-2025703691,Checkers,0,GAME_OVER,54,53,2,1061,2,OSLA,2,1,1,RandomPlayerConfig
1876861678,Checkers,0,GAME_OVER,53,52,2,1062,2,OSLA,2,1,1,RandomPlayerConfig
-1684996844,Checkers,0,GAME_OVER,56,55,2,1063,2,OSLA,2,1,1,RandomPlayerConfig
-275197809,Checkers,0,GAME_OVER,53,52,2,1064,2,OSLA,2,1,1,RandomPlayerConfig
-1607096756,Checkers,0,GAME_OVER,57,56,2,1065,2,OSLA,2,1,1,RandomPlayerConfig
-1415328824,Checkers,0,GAME_OVER,47,46,2,1066,2,OSLA,2,1,1,RandomPlayerConfig
1250919033,Checkers,0,GAME_OVER,60,59,2,1067,2,OSLA,2,1,1,RandomPlayerConfig
-32216080,Checkers,0,GAME_OVER,46,45,2,1068,1,OSLA,1,2,2,RandomPlayerConfig
-1474698725,Checkers,0,GAME_OVER,40,39,2,1069,2,OSLA,2,1,1,RandomPlayerConfig
651860413,Checkers,0,GAME_OVER,47,46,2,1070,2,OSLA,2,1,1,RandomPlayerConfig
1328817941,Checkers,0,GAME_OVER,43,42,2,1071,2,OSLA,2,1,1,RandomPlayerConfig
-957251293,Checkers,0,GAME_OVER,49,48,2,1072,2,OSLA,2,1,1,RandomPlayerConfig
1886674435,Checkers,0,GAME_OVER,50,49,2,1073,2,OSLA,2,1,1,RandomPlayerConfig
428014486,Checkers,0,GAME_OVER,55,54,2,1074,2,OSLA,2,1,1,RandomPlayerConfig
-243191370,Checkers,0,GAME_OVER,47,46,2,1075,2,OSLA,2,1,1,RandomPlayerConfig
2044749597,Checkers,0,GAME_OVER,58,57,2,1076,2,OSLA,2,1,1,RandomPlayerConfig
5621453,Checkers,0,GAME_OVER,44,43,2,1077,2,OSLA,2,1,1,RandomPlayerConfig
-98187762,Checkers,0,GAME_OVER,47,46,2,1078,2,OSLA,2,1,1,RandomPlayerConfig
-899234932,Checkers,0,GAME_OVER,48,47,2,1079,2,OSLA,2,1,1,RandomPlayerConfig
-1200939912,Checkers,0,GAME_OVER,53,52,2,1080,2,OSLA,2,1,1,RandomPlayerConfig
54331494,Checkers,0,GAME_OVER,60,59,2,1081,2,OSLA,2,1,1,RandomPlayerConfig
-1349133439,Checkers,0,GAME_OVER,46,45,2,1082,2,OSLA,2,1,1,RandomPlayerConfig
782006215,Checkers,0,GAME_OVER,51,50,2,1083,2,OSLA,2,1,1,RandomPlayerConfig
-46426047,Checkers,0,GAME_OVER,47,46,2,1084,2,OSLA,2,1,1,RandomPlayerConfig
1242968106,Checkers,0,GAME_OVER,66,65,2,1085,2,OSLA,2,1,1,RandomPlayerConfig
191863523,Checkers,0,GAME_OVER,45,44,2,1086,2,OSLA,2,1,1,RandomPlayerConfig
-1249715842,Checkers,0,GAME_OVER,57,56,2,1087,2,OSLA,2,1,1,RandomPlayerConfig
3527695,Checkers,0,GAME_OVER,45,44,2,1088,2,OSLA,2,1,1,RandomPlayerConfig
1909370724,Checkers,0,GAME_OVER,45,44,2,1089,2,OSLA,2,1,1,RandomPlayerConfig
-1263810062,Checkers,0,GAME_OVER,46,45,2,1090,2,OSLA,2,1,1,RandomPlayerConfig
403428306,Checkers,0,GAME_OVER,54,53,2,1091,2,OSLA,2,1,1,RandomPlayerConfig
224387928,Checkers,0,GAME_OVER,75,74,2,1092,2,OSLA,2,1,1,RandomPlayerConfig
-1030962667,Checkers,0,GAME_OVER,51,50,2,1093,2,OSLA,2,1,1,RandomPlayerConfig
-1388679505,Checkers,0,GAME_OVER,40,39,2,1094,2,OSLA,2,1,1,RandomPlayerConfig
1106739283,Checkers,0,GAME_OVER,48,47,2,1095,2,OSLA,2,1,1,RandomPlayerConfig
-110908417,Checkers,0,GAME_OVER,49,48,2,1096,2,OSLA,2,1,1,RandomPlayerConfig
1462762996,Checkers,0,GAME_OVER,61,60,2,1097,2,OSLA,2,1,1,RandomPlayerConfig
-202552310,Checkers,0,GAME_OVER,50,49,2,1098,2,OSLA,2,1,1,RandomPlayerConfig
-56297566,Checkers,0,GAME_OVER,53,52,2,1099,2,OSLA,2,1,1,RandomPlayerConfig
119215152,Checkers,0,GAME_OVER,60,59,2,1100,2,OSLA,2,1,1,RandomPlayerConfig
-493007434,Checkers,0,GAME_OVER,41,40,2,1101,2,OSLA,2,1,1,RandomPlayerConfig
1681978843,Checkers,0,GAME_OVER,67,66,2,1102,2,OSLA,2,1,1,RandomPlayerConfig
-594737066,Checkers,0,GAME_OVER,40,39,2,1103,2,OSLA,2,1,1,RandomPlayerConfig
-1756317328,Checkers,0,GAME_OVER,63,62,2,1104,2,OSLA,2,1,1,RandomPlayerConfig
-944186225,Checkers,0,GAME_OVER,49,48,2,1105,2,OSLA,2,1,1,RandomPlayerConfig
185511961,Checkers,0,GAME_OVER,66,65,2,1106,2,OSLA,2,1,1,RandomPlayerConfig
-76089309,Checkers,0,GAME_OVER,41,40,2,1107,2,OSLA,2,1,1,RandomPlayerConfig
468485359,Checkers,0,GAME_OVER,40,39,2,1108,1,OSLA,1,2,2,RandomPlayerConfig
1175762423,Checkers,0,GAME_OVER,39,38,2,1109,2,OSLA,2,1,1,RandomPlayerConfig
1361087813,Checkers,0,GAME_OVER,51,50,2,1110,2,OSLA,2,1,1,RandomPlayerConfig
-673860807,Checkers,0,GAME_OVER,45,44,2,1111,2,OSLA,2,1,1,RandomPlayerConfig
1399107872,Checkers,0,GAME_OVER,81,80,2,1112,2,OSLA,2,1,1,RandomPlayerConfig
-796713551,Checkers,0,GAME_OVER,53,52,2,1113,2,OSLA,2,1,1,RandomPlayerConfig
-297500633,Checkers,0,GAME_OVER,56,55,2,1114,2,OSLA,2,1,1,RandomPlayerConfig
1606290921,Checkers,0,GAME_OVER,48,47,2,1115,2,OSLA,2,1,1,RandomPlayerConfig
-306113397,Checkers,0,GAME_OVER,52,51,2,1116,2,OSLA,2,1,1,RandomPlayerConfig
405267464,Checkers,0,GAME_OVER,42,41,2,1117,2,OSLA,2,1,1,RandomPlayerConfig
-669887300,Checkers,0,GAME_OVER,45,44,2,1118,2,OSLA,2,1,1,RandomPlayerConfig
-1848836978,Checkers,0,GAME_OVER,45,44,2,1119,2,OSLA,2,1,1,RandomPlayerConfig
587711969,Checkers,0,GAME_OVER,43,42,2,1120,2,OSLA,2,1,1,RandomPlayerConfig
1318337115,Checkers,0,GAME_OVER,44,43,2,1121,2,OSLA,2,1,1,RandomPlayerConfig
-899431314,Checkers,0,GAME_OVER,47,46,2,1122,2,OSLA,2,1,1,RandomPlayerConfig
845079978,Checkers,0,GAME_OVER,40,39,2,1123,2,OSLA,2,1,1,RandomPlayerConfig
-2134414000,Checkers,0,GAME_OVER,46,45,2,1124,2,OSLA,2,1,1,RandomPlayerConfig
-1070806052,Checkers,0,GAME_OVER,45,44,2,1125,2,OSLA,2,1,1,RandomPlayerConfig
-1950541435,Checkers,0,GAME_OVER,70,69,2,1126,2,OSLA,2,1,1,RandomPlayerConfig
904360527,Checkers,0,GAME_OVER,46,45,2,1127,2,OSLA,2,1,1,RandomPlayerConfig
-354101480,Checkers,0,GAME_OVER,42,41,2,1128,2,OSLA,2,1,1,RandomPlayerConfig
1439833748,Checkers,0,GAME_OVER,44,43,2,1129,2,OSLA,2,1,1,RandomPlayerConfig
1356338653,Checkers,0,GAME_OVER,35,34,2,1130,2,OSLA,2,1,1,RandomPlayerConfig
-1270120257,Checkers,0,GAME_OVER,49,48,2,1131,2,OSLA,2,1,1,RandomPlayerConfig
-266953890,Checkers,0,GAME_OVER,45,44,2,1132,2,OSLA,2,1,1,RandomPlayerConfig
901742762,Checkers,0,GAME_OVER,40,39,2,1133,2,OSLA,2,1,1,RandomPlayerConfig
929698009,Checkers,0,GAME_OVER,59,58,2,1134,2,OSLA,2,1,1,RandomPlayerConfig
1662328150,Checkers,0,GAME_OVER,44,43,2,1135,2,OSLA,2,1,1,RandomPlayerConfig
-1378685120,Checkers,0,GAME_OVER,56,55,2,1136,2,OSLA,2,1,1,RandomPlayerConfig
-1877670429,Checkers,0,GAME_OVER,40,39,2,1137,2,OSLA,2,1,1,RandomPlayerConfig
-2074509161,Checkers,0,GAME_OVER,52,51,2,1138,2,OSLA,2,1,1,RandomPlayerConfig
-1082939992,Checkers,0,GAME_OVER,34,33,2,1139,1,OSLA,1,2,2,RandomPlayerConfig
1864430377,Checkers,0,GAME_OVER,43,42,2,1140,2,OSLA,2,1,1,RandomPlayerConfig
1472551276,Checkers,0,GAME_OVER,69,68,2,1141,2,OSLA,2,1,1,RandomPlayerConfig
1680237156,Checkers,0,GAME_OVER,52,51,2,1142,2,OSLA,2,1,1,RandomPlayerConfig
-1418167834,Checkers,0,GAME_OVER,51,50,2,1143,2,OSLA,2,1,1,RandomPlayerConfig
1728057957,Checkers,0,GAME_OVER,48,47,2,1144,2,OSLA,2,1,1,RandomPlayerConfig
-186095657,Checkers,0,GAME_OVER,47,46,2,1145,2,OSLA,2,1,1,RandomPlayerConfig
1351366258,Checkers,0,GAME_OVER,68,67,2,1146,2,OSLA,2,1,1,RandomPlayerConfig
1579344005,Checkers,0,GAME_OVER,53,52,2,1147,2,OSLA,2,1,1,RandomPlayerConfig
-1490204681,Checkers,0,GAME_OVER,50,49,2,1148,2,OSLA,2,1,1,RandomPlayerConfig
-570415773,Checkers,0,GAME_OVER,45,44,2,1149,2,OSLA,2,1,1,RandomPlayerConfig
-610565432,Checkers,0,GAME_OVER,55,54,2,1150,2,OSLA,2,1,1,RandomPlayerConfig
433324064,Checkers,0,GAME_OVER,40,39,2,1151,2,OSLA,2,1,1,RandomPlayerConfig
406281386,Checkers,0,GAME_OVER,53,52,2,1152,2,OSLA,2,1,1,RandomPlayerConfig
-87231360,Checkers,0,GAME_OVER,60,59,2,1153,2,OSLA,2,1,1,RandomPlayerConfig
-1846275719,Checkers,0,GAME_OVER,45,44,2,1154,2,OSLA,2,1,1,RandomPlayerConfig
1122898845,Checkers,0,GAME_OVER,47,46,2,1155,2,OSLA,2,1,1,RandomPlayerConfig
1833988709,Checkers,0,GAME_OVER,65,64,2,1156,2,OSLA,2,1,1,RandomPlayerConfig
19099793,Checkers,0,GAME_OVER,56,55,2,1157,2,OSLA,2,1,1,RandomPlayerConfig
2057854488,Checkers,0,GAME_OVER,47,46,2,1158,2,OSLA,2,1,1,RandomPlayerConfig
-1494205297,Checkers,0,GAME_OVER,56,55,2,1159,2,OSLA,2,1,1,RandomPlayerConfig
375156931,Checkers,0,GAME_OVER,48,47,2,1160,2,OSLA,2,1,1,RandomPlayerConfig
-351428365,Checkers,0,GAME_OVER,49,48,2,1161,2,OSLA,2,1,1,RandomPlayerConfig
-1226447254,Checkers,0,GAME_OVER,66,65,2,1162,2,OSLA,2,1,1,RandomPlayerConfig
764581851,Checkers,0,GAME_OVER,65,64,2,1163,2,OSLA,2,1,1,RandomPlayerConfig
580986595,Checkers,0,GAME_OVER,59,58,2,1164,2,OSLA,2,1,1,RandomPlayerConfig
-1046620099,Checkers,0,GAME_OVER,50,49,2,1165,2,OSLA,2,1,1,RandomPlayerConfig
486888029,Checkers,0,GAME_OVER,56,55,2,1166,2,OSLA,2,1,1,RandomPlayerConfig
-813926243,Checkers,0,GAME_OVER,63,62,2,1167,2,OSLA,2,1,1,RandomPlayerConfig
125187708,Checkers,0,GAME_OVER,64,63,2,1168,2,OSLA,2,1,1,RandomPlayerConfig
1366934473,Checkers,0,GAME_OVER,49,48,2,1169,2,OSLA,2,1,1,RandomPlayerConfig
-849303751,Checkers,0,GAME_OVER,45,44,2,1170,2,OSLA,2,1,1,RandomPlayerConfig
-1284969140,Checkers,0,GAME_OVER,50,49,2,1171,2,OSLA,2,1,1,RandomPlayerConfig
-845145037,Checkers,0,GAME_OVER,48,47,2,1172,2,OSLA,2,1,1,RandomPlayerConfig
-913805453,Checkers,0,GAME_OVER,52,51,2,1173,2,OSLA,2,1,1,RandomPlayerConfig
-1971521003,Checkers,0,GAME_OVER,57,56,2,1174,1,OSLA,1,2,2,RandomPlayerConfig
1227617051,Checkers,0,GAME_OVER,45,44,2,1175,1,OSLA,1,2,2,RandomPlayerConfig
1457711408,Checkers,0,GAME_OVER,65,64,2,1176,2,OSLA,2,1,1,RandomPlayerConfig
-1718206048,Checkers,0,GAME_OVER,50,49,2,1177,2,OSLA,2,1,1,RandomPlayerConfig
-1527229045,Checkers,0,GAME_OVER,57,56,2,1178,2,OSLA,2,1,1,RandomPlayerConfig
1414331298,Checkers,0,GAME_OVER,41,40,2,1179,2,OSLA,2,1,1,RandomPlayerConfig
554598894,Checkers,0,GAME_OVER,46,45,2,1180,2,OSLA,2,1,1,RandomPlayerConfig
1114518401,Checkers,0,GAME_OVER,40,39,2,1181,2,OSLA,2,1,1,RandomPlayerConfig
360957615,Checkers,0,GAME_OVER,53,52,2,1182,2,OSLA,2,1,1,RandomPlayerConfig
739354813,Checkers,0,GAME_OVER,60,59,2,1183,2,OSLA,2,1,1,RandomPlayerConfig
495941202,Checkers,0,GAME_OVER,46,45,2,1184,2,OSLA,2,1,1,RandomPlayerConfig
-887633511,Checkers,0,GAME_OVER,44,43,2,1185,1,OSLA,1,2,2,RandomPlayerConfig
-1489189572,Checkers,0,GAME_OVER,48,47,2,1186,2,OSLA,2,1,1,RandomPlayerConfig
1058923188,Checkers,0,GAME_OVER,58,57,2,1187,2,OSLA,2,1,1,RandomPlayerConfig
833406719,Checkers,0,GAME_OVER,63,62,2,1188,2,OSLA,2,1,1,RandomPlayerConfig
-1679978372,Checkers,0,GAME_OVER,54,53,2,1189,2,OSLA,2,1,1,RandomPlayerConfig
171469584,Checkers,0,GAME_OVER,47,46,2,1190,2,OSLA,2,1,1,RandomPlayerConfig
-1015239525,Checkers,0,GAME_OVER,46,45,2,1191,2,OSLA,2,1,1,RandomPlayerConfig
-1655952408,Checkers,0,GAME_OVER,80,79,2,1192,2,OSLA,2,1,1,RandomPlayerConfig
-4709928,Checkers,0,GAME_OVER,49,48,2,1193,2,OSLA,2,1,1,RandomPlayerConfig
742797018,Checkers,0,GAME_OVER,58,57,2,1194,2,OSLA,2,1,1,RandomPlayerConfig
-1422435588,Checkers,0,GAME_OVER,51,50,2,1195,2,OSLA,2,1,1,RandomPlayerConfig
-1852067803,Checkers,0,GAME_OVER,55,54,2,1196,2,OSLA,2,1,1,RandomPlayerConfig
737539513,Checkers,0,GAME_OVER,42,41,2,1197,2,OSLA,2,1,1,RandomPlayerConfig
605492753,Checkers,0,GAME_OVER,52,51,2,1198,2,OSLA,2,1,1,RandomPlayerConfig
-1613295438,Checkers,0,GAME_OVER,51,50,2,1199,2,OSLA,2,1,1,RandomPlayerConfig
2006497034,Checkers,0,GAME_OVER,52,51,2,1200,2,OSLA,2,1,1,RandomPlayerConfig
-1665629176,Checkers,0,GAME_OVER,43,42,2,1201,2,OSLA,2,1,1,RandomPlayerConfig
-1126811814,Checkers,0,GAME_OVER,36,35,2,1202,1,RandomPlayerConfig,1,2,2,MCTS_CheckersHeuristic
-1854791702,Checkers,0,GAME_OVER,27,26,2,1203,1,RandomPlayerConfig,1,2,2,MCTS_CheckersHeuristic
-1761392996,Checkers,0,GAME_OVER,30,29,2,1204,1,RandomPlayerConfig,1,2,2,MCTS_CheckersHeuristic
1190084556,Checkers,0,GAME_OVER,36,35,2,1205,1,RandomPlayerConfig,1,2,2,MCTS_CheckersHeuristic
134562684,Checkers,0,GAME_OVER,35,34,2,1206,1,RandomPlayerConfig,1,2,2,MCTS_CheckersHeuristic
213330350,Checkers,0,GAME_OVER,36,35,2,1207,1,RandomPlayerConfig,1,2,2,MCTS_CheckersHeuristic
-974643853,Checkers,0,GAME_OVER,36,35,2,1208,1,RandomPlayerConfig,1,2,2,MCTS_CheckersHeuristic
-513454553,Checkers,0,GAME_OVER,32,31,2,1209,1,RandomPlayerConfig,1,2,2,MCTS_CheckersHeuristic
514392549,Checkers,0,GAME_OVER,32,31,2,1210,1,RandomPlayerConfig,1,2,2,MCTS_CheckersHeuristic
500056579,Checkers,0,GAME_OVER,29,28,2,1211,1,RandomPlayerConfig,1,2,2,MCTS_CheckersHeuristic
1197348627,Checkers,0,GAME_OVER,32,31,2,1212,1,RandomPlayerConfig,1,2,2,MCTS_CheckersHeuristic
611704885,Checkers,0,GAME_OVER,31,30,2,1213,1,RandomPlayerConfig,1,2,2,MCTS_CheckersHeuristic
1073468091,Checkers,0,GAME_OVER,26,25,2,1214,1,RandomPlayerConfig,1,2,2,MCTS_CheckersHeuristic
-2079133931,Checkers,0,GAME_OVER,31,30,2,1215,1,RandomPlayerConfig,1,2,2,MCTS_CheckersHeuristic
900962656,Checkers,0,GAME_OVER,36,35,2,1216,1,RandomPlayerConfig,1,2,2,MCTS_CheckersHeuristic
-1105320639,Checkers,0,GAME_OVER,38,37,2,1217,1,RandomPlayerConfig,1,2,2,MCTS_CheckersHeuristic
-1276645753,Checkers,0,GAME_OVER,30,29,2,1218,1,RandomPlayerConfig,1,2,2,MCTS_CheckersHeuristic
2066220240,Checkers,0,GAME_OVER,42,41,2,1219,1,RandomPlayerConfig,1,2,2,MCTS_CheckersHeuristic
134392692,Checkers,0,GAME_OVER,30,29,2,1220,1,RandomPlayerConfig,1,2,2,MCTS_CheckersHeuristic
-595867711,Checkers,0,GAME_OVER,24,23,2,1221,1,RandomPlayerConfig,1,2,2,MCTS_CheckersHeuristic
-1423916759,Checkers,0,GAME_OVER,22,21,2,1222,1,RandomPlayerConfig,1,2,2,MCTS_CheckersHeuristic
1584043718,Checkers,0,GAME_OVER,41,40,2,1223,1,RandomPlayerConfig,1,2,2,MCTS_CheckersHeuristic
631557042,Checkers,0,GAME_OVER,35,34,2,1224,1,RandomPlayerConfig,1,2,2,MCTS_CheckersHeuristic
-1159394339,Checkers,0,GAME_OVER,33,32,2,1225,1,RandomPlayerConfig,1,2,2,MCTS_CheckersHeuristic
-1753055221,Checkers,0,GAME_OVER,34,33,2,1226,1,RandomPlayerConfig,1,2,2,MCTS_CheckersHeuristic
-1165515690,Checkers,0,GAME_OVER,35,34,2,1227,1,RandomPlayerConfig,1,2,2,MCTS_CheckersHeuristic
-993684709,Checkers,0,GAME_OVER,27,26,2,1228,1,RandomPlayerConfig,1,2,2,MCTS_CheckersHeuristic
-1903832526,Checkers,0,GAME_OVER,36,35,2,1229,1,RandomPlayerConfig,1,2,2,MCTS_CheckersHeuristic
-2145882215,Checkers,0,GAME_OVER,28,27,2,1230,1,RandomPlayerConfig,1,2,2,MCTS_CheckersHeuristic
1434313481,Checkers,0,GAME_OVER,37,36,2,1231,1,RandomPlayerConfig,1,2,2,MCTS_CheckersHeuristic
992721376,Checkers,0,GAME_OVER,38,37,2,1232,1,RandomPlayerConfig,1,2,2,MCTS_CheckersHeuristic
377717458,Checkers,0,GAME_OVER,48,47,2,1233,1,RandomPlayerConfig,1,2,2,MCTS_CheckersHeuristic
-985822224,Checkers,0,GAME_OVER,39,38,2,1234,1,RandomPlayerConfig,1,2,2,MCTS_CheckersHeuristic
-1509471425,Checkers,0,GAME_OVER,35,34,2,1235,1,RandomPlayerConfig,1,2,2,MCTS_CheckersHeuristic
-1984605897,Checkers,0,GAME_OVER,42,41,2,1236,1,RandomPlayerConfig,1,2,2,MCTS_CheckersHeuristic
-1018813297,Checkers,0,GAME_OVER,33,32,2,1237,1,RandomPlayerConfig,1,2,2,MCTS_CheckersHeuristic
-263026475,Checkers,0,GAME_OVER,33,32,2,1238,1,RandomPlayerConfig,1,2,2,MCTS_CheckersHeuristic
1425820426,Checkers,0,GAME_OVER,36,35,2,1239,1,RandomPlayerConfig,1,2,2,MCTS_CheckersHeuristic
897402481,Checkers,0,GAME_OVER,32,31,2,1240,1,RandomPlayerConfig,1,2,2,MCTS_CheckersHeuristic
228926585,Checkers,0,GAME_OVER,35,34,2,1241,1,RandomPlayerConfig,1,2,2,MCTS_CheckersHeuristic
1925143784,Checkers,0,GAME_OVER,34,33,2,1242,1,RandomPlayerConfig,1,2,2,MCTS_CheckersHeuristic
1610400601,Checkers,0,GAME_OVER,37,36,2,1243,1,RandomPlayerConfig,1,2,2,MCTS_CheckersHeuristic
1919779660,Checkers,0,GAME_OVER,33,32,2,1244,1,RandomPlayerConfig,1,2,2,MCTS_CheckersHeuristic
-2053467740,Checkers,0,GAME_OVER,40,39,2,1245,1,RandomPlayerConfig,1,2,2,MCTS_CheckersHeuristic
10865688,Checkers,0,GAME_OVER,31,30,2,1246,1,RandomPlayerConfig,1,2,2,MCTS_CheckersHeuristic
1523135320,Checkers,0,GAME_OVER,30,29,2,1247,1,RandomPlayerConfig,1,2,2,MCTS_CheckersHeuristic
-882753659,Checkers,0,GAME_OVER,32,31,2,1248,1,RandomPlayerConfig,1,2,2,MCTS_CheckersHeuristic
-1324887762,Checkers,0,GAME_OVER,27,26,2,1249,1,RandomPlayerConfig,1,2,2,MCTS_CheckersHeuristic
-1878153895,Checkers,0,GAME_OVER,40,39,2,1250,1,RandomPlayerConfig,1,2,2,MCTS_CheckersHeuristic
-830949865,Checkers,0,GAME_OVER,36,35,2,1251,1,RandomPlayerConfig,1,2,2,MCTS_CheckersHeuristic
959993777,Checkers,0,GAME_OVER,31,30,2,1252,1,RandomPlayerConfig,1,2,2,MCTS_CheckersHeuristic
-1572663681,Checkers,0,GAME_OVER,36,35,2,1253,1,RandomPlayerConfig,1,2,2,MCTS_CheckersHeuristic
-55924844,Checkers,0,GAME_OVER,31,30,2,1254,1,RandomPlayerConfig,1,2,2,MCTS_CheckersHeuristic
1767814761,Checkers,0,GAME_OVER,38,37,2,1255,1,RandomPlayerConfig,1,2,2,MCTS_CheckersHeuristic
1969864013,Checkers,0,GAME_OVER,36,35,2,1256,1,RandomPlayerConfig,1,2,2,MCTS_CheckersHeuristic
1540680658,Checkers,0,GAME_OVER,23,22,2,1257,1,RandomPlayerConfig,1,2,2,MCTS_CheckersHeuristic
501694943,Checkers,0,GAME_OVER,30,29,2,1258,1,RandomPlayerConfig,1,2,2,MCTS_CheckersHeuristic
1379761422,Checkers,0,GAME_OVER,28,27,2,1259,1,RandomPlayerConfig,1,2,2,MCTS_CheckersHeuristic
326652947,Checkers,0,GAME_OVER,25,24,2,1260,1,RandomPlayerConfig,1,2,2,MCTS_CheckersHeuristic
-2025703691,Checkers,0,GAME_OVER,26,25,2,1261,1,RandomPlayerConfig,1,2,2,MCTS_CheckersHeuristic
1876861678,Checkers,0,GAME_OVER,29,28,2,1262,1,RandomPlayerConfig,1,2,2,MCTS_CheckersHeuristic
-1684996844,Checkers,0,GAME_OVER,39,38,2,1263,1,RandomPlayerConfig,1,2,2,MCTS_CheckersHeuristic
-275197809,Checkers,0,GAME_OVER,23,22,2,1264,1,RandomPlayerConfig,1,2,2,MCTS_CheckersHeuristic
-1607096756,Checkers,0,GAME_OVER,24,23,2,1265,1,RandomPlayerConfig,1,2,2,MCTS_CheckersHeuristic
-1415328824,Checkers,0,GAME_OVER,30,29,2,1266,1,RandomPlayerConfig,1,2,2,MCTS_CheckersHeuristic
1250919033,Checkers,0,GAME_OVER,25,24,2,1267,1,RandomPlayerConfig,1,2,2,MCTS_CheckersHeuristic
-32216080,Checkers,0,GAME_OVER,34,33,2,1268,1,RandomPlayerConfig,1,2,2,MCTS_CheckersHeuristic
-1474698725,Checkers,0,GAME_OVER,41,40,2,1269,1,RandomPlayerConfig,1,2,2,MCTS_CheckersHeuristic
651860413,Checkers,0,GAME_OVER,28,27,2,1270,1,RandomPlayerConfig,1,2,2,MCTS_CheckersHeuristic
1328817941,Checkers,0,GAME_OVER,35,34,2,1271,1,RandomPlayerConfig,1,2,2,MCTS_CheckersHeuristic
-957251293,Checkers,0,GAME_OVER,37,36,2,1272,1,RandomPlayerConfig,1,2,2,MCTS_CheckersHeuristic
1886674435,Checkers,0,GAME_OVER,31,30,2,1273,1,RandomPlayerConfig,1,2,2,MCTS_CheckersHeuristic
428014486,Checkers,0,GAME_OVER,39,38,2,1274,1,RandomPlayerConfig,1,2,2,MCTS_CheckersHeuristic
-243191370,Checkers,0,GAME_OVER,39,38,2,1275,1,RandomPlayerConfig,1,2,2,MCTS_CheckersHeuristic
2044749597,Checkers,0,GAME_OVER,29,28,2,1276,1,RandomPlayerConfig,1,2,2,MCTS_CheckersHeuristic
5621453,Checkers,0,GAME_OVER,33,32,2,1277,1,RandomPlayerConfig,1,2,2,MCTS_CheckersHeuristic
-98187762,Checkers,0,GAME_OVER,32,31,2,1278,1,RandomPlayerConfig,1,2,2,MCTS_CheckersHeuristic
-899234932,Checkers,0,GAME_OVER,30,29,2,1279,1,RandomPlayerConfig,1,2,2,MCTS_CheckersHeuristic
-1200939912,Checkers,0,GAME_OVER,36,35,2,1280,1,RandomPlayerConfig,1,2,2,MCTS_CheckersHeuristic
54331494,Checkers,0,GAME_OVER,31,30,2,1281,1,RandomPlayerConfig,1,2,2,MCTS_CheckersHeuristic
-1349133439,Checkers,0,GAME_OVER,43,42,2,1282,1,RandomPlayerConfig,1,2,2,MCTS_CheckersHeuristic
782006215,Checkers,0,GAME_OVER,35,34,2,1283,1,RandomPlayerConfig,1,2,2,MCTS_CheckersHeuristic
-46426047,Checkers,0,GAME_OVER,27,26,2,1284,1,RandomPlayerConfig,1,2,2,MCTS_CheckersHeuristic
1242968106,Checkers,0,GAME_OVER,36,35,2,1285,1,RandomPlayerConfig,1,2,2,MCTS_CheckersHeuristic
191863523,Checkers,0,GAME_OVER,35,34,2,1286,1,RandomPlayerConfig,1,2,2,MCTS_CheckersHeuristic
-1249715842,Checkers,0,GAME_OVER,34,33,2,1287,1,RandomPlayerConfig,1,2,2,MCTS_CheckersHeuristic
3527695,Checkers,0,GAME_OVER,38,37,2,1288,1,RandomPlayerConfig,1,2,2,MCTS_CheckersHeuristic
1909370724,Checkers,0,GAME_OVER,27,26,2,1289,1,RandomPlayerConfig,1,2,2,MCTS_CheckersHeuristic
-1263810062,Checkers,0,GAME_OVER,39,38,2,1290,1,RandomPlayerConfig,1,2,2,MCTS_CheckersHeuristic
403428306,Checkers,0,GAME_OVER,32,31,2,1291,1,RandomPlayerConfig,1,2,2,MCTS_CheckersHeuristic
224387928,Checkers,0,GAME_OVER,34,33,2,1292,1,RandomPlayerConfig,1,2,2,MCTS_CheckersHeuristic
-1030962667,Checkers,0,GAME_OVER,31,30,2,1293,1,RandomPlayerConfig,1,2,2,MCTS_CheckersHeuristic
-1388679505,Checkers,0,GAME_OVER,36,35,2,1294,1,RandomPlayerConfig,1,2,2,MCTS_CheckersHeuristic
1106739283,Checkers,0,GAME_OVER,32,31,2,1295,1,RandomPlayerConfig,1,2,2,MCTS_CheckersHeuristic
-110908417,Checkers,0,GAME_OVER,26,25,2,1296,1,RandomPlayerConfig,1,2,2,MCTS_CheckersHeuristic
1462762996,Checkers,0,GAME_OVER,25,24,2,1297,1,RandomPlayerConfig,1,2,2,MCTS_CheckersHeuristic
-202552310,Checkers,0,GAME_OVER,31,30,2,1298,1,RandomPlayerConfig,1,2,2,MCTS_CheckersHeuristic
-56297566,Checkers,0,GAME_OVER,44,43,2,1299,1,RandomPlayerConfig,1,2,2,MCTS_CheckersHeuristic
119215152,Checkers,0,GAME_OVER,33,32,2,1300,1,RandomPlayerConfig,1,2,2,MCTS_CheckersHeuristic
-493007434,Checkers,0,GAME_OVER,29,28,2,1301,1,RandomPlayerConfig,1,2,2,MCTS_CheckersHeuristic
1681978843,Checkers,0,GAME_OVER,30,29,2,1302,1,RandomPlayerConfig,1,2,2,MCTS_CheckersHeuristic
-594737066,Checkers,0,GAME_OVER,34,33,2,1303,1,RandomPlayerConfig,1,2,2,MCTS_CheckersHeuristic
-1756317328,Checkers,0,GAME_OVER,34,33,2,1304,1,RandomPlayerConfig,1,2,2,MCTS_CheckersHeuristic
-944186225,Checkers,0,GAME_OVER,32,31,2,1305,1,RandomPlayerConfig,1,2,2,MCTS_CheckersHeuristic
185511961,Checkers,0,GAME_OVER,34,33,2,1306,1,RandomPlayerConfig,1,2,2,MCTS_CheckersHeuristic
-76089309,Checkers,0,GAME_OVER,36,35,2,1307,1,RandomPlayerConfig,1,2,2,MCTS_CheckersHeuristic
468485359,Checkers,0,GAME_OVER,33,32,2,1308,1,RandomPlayerConfig,1,2,2,MCTS_CheckersHeuristic
1175762423,Checkers,0,GAME_OVER,38,37,2,1309,1,RandomPlayerConfig,1,2,2,MCTS_CheckersHeuristic
1361087813,Checkers,0,GAME_OVER,43,42,2,1310,1,RandomPlayerConfig,1,2,2,MCTS_CheckersHeuristic
-673860807,Checkers,0,GAME_OVER,38,37,2,1311,1,RandomPlayerConfig,1,2,2,MCTS_CheckersHeuristic
1399107872,Checkers,0,GAME_OVER,39,38,2,1312,1,RandomPlayerConfig,1,2,2,MCTS_CheckersHeuristic
-796713551,Checkers,0,GAME_OVER,26,25,2,1313,1,RandomPlayerConfig,1,2,2,MCTS_CheckersHeuristic
-297500633,Checkers,0,GAME_OVER,32,31,2,1314,1,RandomPlayerConfig,1,2,2,MCTS_CheckersHeuristic
1606290921,Checkers,0,GAME_OVER,31,30,2,1315,1,RandomPlayerConfig,1,2,2,MCTS_CheckersHeuristic
-306113397,Checkers,0,GAME_OVER,31,30,2,1316,1,RandomPlayerConfig,1,2,2,MCTS_CheckersHeuristic
405267464,Checkers,0,GAME_OVER,27,26,2,1317,1,RandomPlayerConfig,1,2,2,MCTS_CheckersHeuristic
-669887300,Checkers,0,GAME_OVER,32,31,2,1318,1,RandomPlayerConfig,1,2,2,MCTS_CheckersHeuristic
-1848836978,Checkers,0,GAME_OVER,36,35,2,1319,1,RandomPlayerConfig,1,2,2,MCTS_CheckersHeuristic
587711969,Checkers,0,GAME_OVER,31,30,2,1320,1,RandomPlayerConfig,1,2,2,MCTS_CheckersHeuristic
1318337115,Checkers,0,GAME_OVER,37,36,2,1321,1,RandomPlayerConfig,1,2,2,MCTS_CheckersHeuristic
-899431314,Checkers,0,GAME_OVER,39,38,2,1322,1,RandomPlayerConfig,1,2,2,MCTS_CheckersHeuristic
845079978,Checkers,0,GAME_OVER,32,31,2,1323,1,RandomPlayerConfig,1,2,2,MCTS_CheckersHeuristic
-2134414000,Checkers,0,GAME_OVER,37,36,2,1324,1,RandomPlayerConfig,1,2,2,MCTS_CheckersHeuristic
-1070806052,Checkers,0,GAME_OVER,24,23,2,1325,1,RandomPlayerConfig,1,2,2,MCTS_CheckersHeuristic
-1950541435,Checkers,0,GAME_OVER,29,28,2,1326,1,RandomPlayerConfig,1,2,2,MCTS_CheckersHeuristic
904360527,Checkers,0,GAME_OVER,35,34,2,1327,1,RandomPlayerConfig,1,2,2,MCTS_CheckersHeuristic
-354101480,Checkers,0,GAME_OVER,36,35,2,1328,1,RandomPlayerConfig,1,2,2,MCTS_CheckersHeuristic
1439833748,Checkers,0,GAME_OVER,31,30,2,1329,1,RandomPlayerConfig,1,2,2,MCTS_CheckersHeuristic
1356338653,Checkers,0,GAME_OVER,35,34,2,1330,1,RandomPlayerConfig,1,2,2,MCTS_CheckersHeuristic
-1270120257,Checkers,0,GAME_OVER,34,33,2,1331,1,RandomPlayerConfig,1,2,2,MCTS_CheckersHeuristic
-266953890,Checkers,0,GAME_OVER,31,30,2,1332,1,RandomPlayerConfig,1,2,2,MCTS_CheckersHeuristic
901742762,Checkers,0,GAME_OVER,32,31,2,1333,1,RandomPlayerConfig,1,2,2,MCTS_CheckersHeuristic
929698009,Checkers,0,GAME_OVER,32,31,2,1334,1,RandomPlayerConfig,1,2,2,MCTS_CheckersHeuristic
1662328150,Checkers,0,GAME_OVER,23,22,2,1335,1,RandomPlayerConfig,1,2,2,MCTS_CheckersHeuristic
-1378685120,Checkers,0,GAME_OVER,30,29,2,1336,1,RandomPlayerConfig,1,2,2,MCTS_CheckersHeuristic
-1877670429,Checkers,0,GAME_OVER,30,29,2,1337,1,RandomPlayerConfig,1,2,2,MCTS_CheckersHeuristic
-2074509161,Checkers,0,GAME_OVER,39,38,2,1338,1,RandomPlayerConfig,1,2,2,MCTS_CheckersHeuristic
-1082939992,Checkers,0,GAME_OVER,30,29,2,1339,1,RandomPlayerConfig,1,2,2,MCTS_CheckersHeuristic
1864430377,Checkers,0,GAME_OVER,36,35,2,1340,1,RandomPlayerConfig,1,2,2,MCTS_CheckersHeuristic
1472551276,Checkers,0,GAME_OVER,40,39,2,1341,1,RandomPlayerConfig,1,2,2,MCTS_CheckersHeuristic
1680237156,Checkers,0,GAME_OVER,36,35,2,1342,1,RandomPlayerConfig,1,2,2,MCTS_CheckersHeuristic
-1418167834,Checkers,0,GAME_OVER,34,33,2,1343,1,RandomPlayerConfig,1,2,2,MCTS_CheckersHeuristic
1728057957,Checkers,0,GAME_OVER,32,31,2,1344,1,RandomPlayerConfig,1,2,2,MCTS_CheckersHeuristic
-186095657,Checkers,0,GAME_OVER,26,25,2,1345,1,RandomPlayerConfig,1,2,2,MCTS_CheckersHeuristic
1351366258,Checkers,0,GAME_OVER,28,27,2,1346,1,RandomPlayerConfig,1,2,2,MCTS_CheckersHeuristic
1579344005,Checkers,0,GAME_OVER,37,36,2,1347,1,RandomPlayerConfig,1,2,2,MCTS_CheckersHeuristic
-1490204681,Checkers,0,GAME_OVER,32,31,2,1348,1,RandomPlayerConfig,1,2,2,MCTS_CheckersHeuristic
-570415773,Checkers,0,GAME_OVER,33,32,2,1349,1,RandomPlayerConfig,1,2,2,MCTS_CheckersHeuristic
-610565432,Checkers,0,GAME_OVER,36,35,2,1350,1,RandomPlayerConfig,1,2,2,MCTS_CheckersHeuristic
433324064,Checkers,0,GAME_OVER,32,31,2,1351,1,RandomPlayerConfig,1,2,2,MCTS_CheckersHeuristic
406281386,Checkers,0,GAME_OVER,29,28,2,1352,1,RandomPlayerConfig,1,2,2,MCTS_CheckersHeuristic
-87231360,Checkers,0,GAME_OVER,26,25,2,1353,1,RandomPlayerConfig,1,2,2,MCTS_CheckersHeuristic
-1846275719,Checkers,0,GAME_OVER,28,27,2,1354,1,RandomPlayerConfig,1,2,2,MCTS_CheckersHeuristic
1122898845,Checkers,0,GAME_OVER,20,19,2,1355,1,RandomPlayerConfig,1,2,2,MCTS_CheckersHeuristic
1833988709,Checkers,0,GAME_OVER,38,37,2,1356,1,RandomPlayerConfig,1,2,2,MCTS_CheckersHeuristic
19099793,Checkers,0,GAME_OVER,33,32,2,1357,1,RandomPlayerConfig,1,2,2,MCTS_CheckersHeuristic
2057854488,Checkers,0,GAME_OVER,32,31,2,1358,1,RandomPlayerConfig,1,2,2,MCTS_CheckersHeuristic
-1494205297,Checkers,0,GAME_OVER,34,33,2,1359,1,RandomPlayerConfig,1,2,2,MCTS_CheckersHeuristic
375156931,Checkers,0,GAME_OVER,44,43,2,1360,1,RandomPlayerConfig,1,2,2,MCTS_CheckersHeuristic
-351428365,Checkers,0,GAME_OVER,36,35,2,1361,1,RandomPlayerConfig,1,2,2,MCTS_CheckersHeuristic
-1226447254,Checkers,0,GAME_OVER,30,29,2,1362,1,RandomPlayerConfig,1,2,2,MCTS_CheckersHeuristic
764581851,Checkers,0,GAME_OVER,37,36,2,1363,1,RandomPlayerConfig,1,2,2,MCTS_CheckersHeuristic
580986595,Checkers,0,GAME_OVER,34,33,2,1364,1,RandomPlayerConfig,1,2,2,MCTS_CheckersHeuristic
-1046620099,Checkers,0,GAME_OVER,28,27,2,1365,1,RandomPlayerConfig,1,2,2,MCTS_CheckersHeuristic
486888029,Checkers,0,GAME_OVER,32,31,2,1366,1,RandomPlayerConfig,1,2,2,MCTS_CheckersHeuristic
-813926243,Checkers,0,GAME_OVER,35,34,2,1367,1,RandomPlayerConfig,1,2,2,MCTS_CheckersHeuristic
125187708,Checkers,0,GAME_OVER,37,36,2,1368,1,RandomPlayerConfig,1,2,2,MCTS_CheckersHeuristic
1366934473,Checkers,0,GAME_OVER,38,37,2,1369,1,RandomPlayerConfig,1,2,2,MCTS_CheckersHeuristic
-849303751,Checkers,0,GAME_OVER,46,45,2,1370,1,RandomPlayerConfig,1,2,2,MCTS_CheckersHeuristic
-1284969140,Checkers,0,GAME_OVER,35,34,2,1371,1,RandomPlayerConfig,1,2,2,MCTS_CheckersHeuristic
-845145037,Checkers,0,GAME_OVER,39,38,2,1372,1,RandomPlayerConfig,1,2,2,MCTS_CheckersHeuristic
-913805453,Checkers,0,GAME_OVER,32,31,2,1373,1,RandomPlayerConfig,1,2,2,MCTS_CheckersHeuristic
-1971521003,Checkers,0,GAME_OVER,31,30,2,1374,1,RandomPlayerConfig,1,2,2,MCTS_CheckersHeuristic
1227617051,Checkers,0,GAME_OVER,36,35,2,1375,1,RandomPlayerConfig,1,2,2,MCTS_CheckersHeuristic
1457711408,Checkers,0,GAME_OVER,31,30,2,1376,1,RandomPlayerConfig,1,2,2,MCTS_CheckersHeuristic
-1718206048,Checkers,0,GAME_OVER,37,36,2,1377,1,RandomPlayerConfig,1,2,2,MCTS_CheckersHeuristic
-1527229045,Checkers,0,GAME_OVER,24,23,2,1378,1,RandomPlayerConfig,1,2,2,MCTS_CheckersHeuristic
1414331298,Checkers,0,GAME_OVER,28,27,2,1379,1,RandomPlayerConfig,1,2,2,MCTS_CheckersHeuristic
554598894,Checkers,0,GAME_OVER,30,29,2,1380,1,RandomPlayerConfig,1,2,2,MCTS_CheckersHeuristic
1114518401,Checkers,0,GAME_OVER,34,33,2,1381,1,RandomPlayerConfig,1,2,2,MCTS_CheckersHeuristic
360957615,Checkers,0,GAME_OVER,37,36,2,1382,1,RandomPlayerConfig,1,2,2,MCTS_CheckersHeuristic
739354813,Checkers,0,GAME_OVER,30,29,2,1383,1,RandomPlayerConfig,1,2,2,MCTS_CheckersHeuristic
495941202,Checkers,0,GAME_OVER,45,44,2,1384,1,RandomPlayerConfig,1,2,2,MCTS_CheckersHeuristic
-887633511,Checkers,0,GAME_OVER,35,34,2,1385,1,RandomPlayerConfig,1,2,2,MCTS_CheckersHeuristic
-1489189572,Checkers,0,GAME_OVER,38,37,2,1386,1,RandomPlayerConfig,1,2,2,MCTS_CheckersHeuristic
1058923188,Checkers,0,GAME_OVER,33,32,2,1387,1,RandomPlayerConfig,1,2,2,MCTS_CheckersHeuristic
833406719,Checkers,0,GAME_OVER,35,34,2,1388,1,RandomPlayerConfig,1,2,2,MCTS_CheckersHeuristic
-1679978372,Checkers,0,GAME_OVER,24,23,2,1389,1,RandomPlayerConfig,1,2,2,MCTS_CheckersHeuristic
171469584,Checkers,0,GAME_OVER,33,32,2,1390,1,RandomPlayerConfig,1,2,2,MCTS_CheckersHeuristic
-1015239525,Checkers,0,GAME_OVER,33,32,2,1391,1,RandomPlayerConfig,1,2,2,MCTS_CheckersHeuristic
-1655952408,Checkers,0,GAME_OVER,39,38,2,1392,1,RandomPlayerConfig,1,2,2,MCTS_CheckersHeuristic
-4709928,Checkers,0,GAME_OVER,39,38,2,1393,1,RandomPlayerConfig,1,2,2,MCTS_CheckersHeuristic
742797018,Checkers,0,GAME_OVER,26,25,2,1394,1,RandomPlayerConfig,1,2,2,MCTS_CheckersHeuristic
-1422435588,Checkers,0,GAME_OVER,38,37,2,1395,1,RandomPlayerConfig,1,2,2,MCTS_CheckersHeuristic
-1852067803,Checkers,0,GAME_OVER,27,26,2,1396,1,RandomPlayerConfig,1,2,2,MCTS_CheckersHeuristic
737539513,Checkers,0,GAME_OVER,35,34,2,1397,1,RandomPlayerConfig,1,2,2,MCTS_CheckersHeuristic
605492753,Checkers,0,GAME_OVER,27,26,2,1398,1,RandomPlayerConfig,1,2,2,MCTS_CheckersHeuristic
-1613295438,Checkers,0,GAME_OVER,33,32,2,1399,1,RandomPlayerConfig,1,2,2,MCTS_CheckersHeuristic
2006497034,Checkers,0,GAME_OVER,30,29,2,1400,1,RandomPlayerConfig,1,2,2,MCTS_CheckersHeuristic
-1665629176,Checkers,0,GAME_OVER,25,24,2,1401,1,RandomPlayerConfig,1,2,2,MCTS_CheckersHeuristic
-1126811814,Checkers,0,GAME_OVER,33,32,2,1402,1,RandomPlayerConfig,1,2,2,OSLA
-1854791702,Checkers,0,GAME_OVER,25,24,2,1403,1,RandomPlayerConfig,1,2,2,OSLA
-1761392996,Checkers,0,GAME_OVER,39,38,2,1404,1,RandomPlayerConfig,1,2,2,OSLA
1190084556,Checkers,0,GAME_OVER,33,32,2,1405,1,RandomPlayerConfig,1,2,2,OSLA
134562684,Checkers,0,GAME_OVER,30,29,2,1406,1,RandomPlayerConfig,1,2,2,OSLA
213330350,Checkers,0,GAME_OVER,24,23,2,1407,1,RandomPlayerConfig,1,2,2,OSLA
-974643853,Checkers,0,GAME_OVER,32,31,2,1408,1,RandomPlayerConfig,1,2,2,OSLA
-513454553,Checkers,0,GAME_OVER,26,25,2,1409,1,RandomPlayerConfig,1,2,2,OSLA
514392549,Checkers,0,GAME_OVER,28,27,2,1410,1,RandomPlayerConfig,1,2,2,OSLA
500056579,Checkers,0,GAME_OVER,28,27,2,1411,1,RandomPlayerConfig,1,2,2,OSLA
1197348627,Checkers,0,GAME_OVER,40,39,2,1412,1,RandomPlayerConfig,1,2,2,OSLA
611704885,Checkers,0,GAME_OVER,26,25,2,1413,1,RandomPlayerConfig,1,2,2,OSLA
1073468091,Checkers,0,GAME_OVER,35,34,2,1414,1,RandomPlayerConfig,1,2,2,OSLA
-2079133931,Checkers,0,GAME_OVER,28,27,2,1415,1,RandomPlayerConfig,1,2,2,OSLA
900962656,Checkers,0,GAME_OVER,35,34,2,1416,1,RandomPlayerConfig,1,2,2,OSLA
-1105320639,Checkers,0,GAME_OVER,36,35,2,1417,1,RandomPlayerConfig,1,2,2,OSLA
-1276645753,Checkers,0,GAME_OVER,35,34,2,1418,1,RandomPlayerConfig,1,2,2,OSLA
2066220240,Checkers,0,GAME_OVER,31,30,2,1419,1,RandomPlayerConfig,1,2,2,OSLA
134392692,Checkers,0,GAME_OVER,28,27,2,1420,1,RandomPlayerConfig,1,2,2,OSLA
-595867711,Checkers,0,GAME_OVER,34,33,2,1421,1,RandomPlayerConfig,1,2,2,OSLA
-1423916759,Checkers,0,GAME_OVER,34,33,2,1422,1,RandomPlayerConfig,1,2,2,OSLA
1584043718,Checkers,0,GAME_OVER,39,38,2,1423,1,RandomPlayerConfig,1,2,2,OSLA
631557042,Checkers,0,GAME_OVER,28,27,2,1424,1,RandomPlayerConfig,1,2,2,OSLA
-1159394339,Checkers,0,GAME_OVER,25,24,2,1425,1,RandomPlayerConfig,1,2,2,OSLA
-1753055221,Checkers,0,GAME_OVER,29,28,2,1426,1,RandomPlayerConfig,1,2,2,OSLA
-1165515690,Checkers,0,GAME_OVER,32,31,2,1427,1,RandomPlayerConfig,1,2,2,OSLA
-993684709,Checkers,0,GAME_OVER,33,32,2,1428,1,RandomPlayerConfig,1,2,2,OSLA
-1903832526,Checkers,0,GAME_OVER,29,28,2,1429,1,RandomPlayerConfig,1,2,2,OSLA
-2145882215,Checkers,0,GAME_OVER,29,28,2,1430,1,RandomPlayerConfig,1,2,2,OSLA
1434313481,Checkers,0,GAME_OVER,30,29,2,1431,1,RandomPlayerConfig,1,2,2,OSLA
992721376,Checkers,0,GAME_OVER,27,26,2,1432,1,RandomPlayerConfig,1,2,2,OSLA
377717458,Checkers,0,GAME_OVER,31,30,2,1433,1,RandomPlayerConfig,1,2,2,OSLA
-985822224,Checkers,0,GAME_OVER,31,30,2,1434,1,RandomPlayerConfig,1,2,2,OSLA
-1509471425,Checkers,0,GAME_OVER,35,34,2,1435,1,RandomPlayerConfig,1,2,2,OSLA
-1984605897,Checkers,0,GAME_OVER,26,25,2,1436,1,RandomPlayerConfig,1,2,2,OSLA
-1018813297,Checkers,0,GAME_OVER,29,28,2,1437,1,RandomPlayerConfig,1,2,2,OSLA
-263026475,Checkers,0,GAME_OVER,26,25,2,1438,1,RandomPlayerConfig,1,2,2,OSLA
1425820426,Checkers,0,GAME_OVER,34,33,2,1439,1,RandomPlayerConfig,1,2,2,OSLA
897402481,Checkers,0,GAME_OVER,32,31,2,1440,1,RandomPlayerConfig,1,2,2,OSLA
228926585,Checkers,0,GAME_OVER,28,27,2,1441,1,RandomPlayerConfig,1,2,2,OSLA
1925143784,Checkers,0,GAME_OVER,34,33,2,1442,1,RandomPlayerConfig,1,2,2,OSLA
1610400601,Checkers,0,GAME_OVER,40,39,2,1443,1,RandomPlayerConfig,1,2,2,OSLA
1919779660,Checkers,0,GAME_OVER,28,27,2,1444,1,RandomPlayerConfig,1,2,2,OSLA
-2053467740,Checkers,0,GAME_OVER,37,36,2,1445,1,RandomPlayerConfig,1,2,2,OSLA
10865688,Checkers,0,GAME_OVER,26,25,2,1446,1,RandomPlayerConfig,1,2,2,OSLA
1523135320,Checkers,0,GAME_OVER,26,25,2,1447,1,RandomPlayerConfig,1,2,2,OSLA
-882753659,Checkers,0,GAME_OVER,33,32,2,1448,1,RandomPlayerConfig,1,2,2,OSLA
-1324887762,Checkers,0,GAME_OVER,30,29,2,1449,1,RandomPlayerConfig,1,2,2,OSLA
-1878153895,Checkers,0,GAME_OVER,34,33,2,1450,1,RandomPlayerConfig,1,2,2,OSLA
-830949865,Checkers,0,GAME_OVER,34,33,2,1451,1,RandomPlayerConfig,1,2,2,OSLA
959993777,Checkers,0,GAME_OVER,33,32,2,1452,1,RandomPlayerConfig,1,2,2,OSLA
-1572663681,Checkers,0,GAME_OVER,26,25,2,1453,1,RandomPlayerConfig,1,2,2,OSLA
-55924844,Checkers,0,GAME_OVER,29,28,2,1454,1,RandomPlayerConfig,1,2,2,OSLA
1767814761,Checkers,0,GAME_OVER,33,32,2,1455,1,RandomPlayerConfig,1,2,2,OSLA
1969864013,Checkers,0,GAME_OVER,36,35,2,1456,1,RandomPlayerConfig,1,2,2,OSLA
1540680658,Checkers,0,GAME_OVER,36,35,2,1457,1,RandomPlayerConfig,1,2,2,OSLA
501694943,Checkers,0,GAME_OVER,27,26,2,1458,1,RandomPlayerConfig,1,2,2,OSLA
1379761422,Checkers,0,GAME_OVER,23,22,2,1459,1,RandomPlayerConfig,1,2,2,OSLA
326652947,Checkers,0,GAME_OVER,36,35,2,1460,1,RandomPlayerConfig,1,2,2,OSLA
-2025703691,Checkers,0,GAME_OVER,30,29,2,1461,1,RandomPlayerConfig,1,2,2,OSLA
1876861678,Checkers,0,GAME_OVER,44,43,2,1462,1,RandomPlayerConfig,1,2,2,OSLA
-1684996844,Checkers,0,GAME_OVER,28,27,2,1463,1,RandomPlayerConfig,1,2,2,OSLA
-275197809,Checkers,0,GAME_OVER,29,28,2,1464,1,RandomPlayerConfig,1,2,2,OSLA
-1607096756,Checkers,0,GAME_OVER,30,29,2,1465,1,RandomPlayerConfig,1,2,2,OSLA
-1415328824,Checkers,0,GAME_OVER,28,27,2,1466,1,RandomPlayerConfig,1,2,2,OSLA
1250919033,Checkers,0,GAME_OVER,27,26,2,1467,1,RandomPlayerConfig,1,2,2,OSLA
-32216080,Checkers,0,GAME_OVER,34,33,2,1468,1,RandomPlayerConfig,1,2,2,OSLA
-1474698725,Checkers,0,GAME_OVER,31,30,2,1469,1,RandomPlayerConfig,1,2,2,OSLA
651860413,Checkers,0,GAME_OVER,28,27,2,1470,1,RandomPlayerConfig,1,2,2,OSLA
1328817941,Checkers,0,GAME_OVER,25,24,2,1471,1,RandomPlayerConfig,1,2,2,OSLA
-957251293,Checkers,0,GAME_OVER,28,27,2,1472,1,RandomPlayerConfig,1,2,2,OSLA
1886674435,Checkers,0,GAME_OVER,33,32,2,1473,1,RandomPlayerConfig,1,2,2,OSLA
428014486,Checkers,0,GAME_OVER,32,31,2,1474,1,RandomPlayerConfig,1,2,2,OSLA
-243191370,Checkers,0,GAME_OVER,22,21,2,1475,1,RandomPlayerConfig,1,2,2,OSLA
2044749597,Checkers,0,GAME_OVER,32,31,2,1476,1,RandomPlayerConfig,1,2,2,OSLA
5621453,Checkers,0,GAME_OVER,27,26,2,1477,1,RandomPlayerConfig,1,2,2,OSLA
-98187762,Checkers,0,GAME_OVER,26,25,2,1478,1,RandomPlayerConfig,1,2,2,OSLA
-899234932,Checkers,0,GAME_OVER,33,32,2,1479,1,RandomPlayerConfig,1,2,2,OSLA
-1200939912,Checkers,0,GAME_OVER,35,34,2,1480,1,RandomPlayerConfig,1,2,2,OSLA
54331494,Checkers,0,GAME_OVER,30,29,2,1481,1,RandomPlayerConfig,1,2,2,OSLA
-1349133439,Checkers,0,GAME_OVER,22,21,2,1482,1,RandomPlayerConfig,1,2,2,OSLA
782006215,Checkers,0,GAME_OVER,26,25,2,1483,1,RandomPlayerConfig,1,2,2,OSLA
-46426047,Checkers,0,GAME_OVER,26,25,2,1484,1,RandomPlayerConfig,1,2,2,OSLA
1242968106,Checkers,0,GAME_OVER,29,28,2,1485,1,RandomPlayerConfig,1,2,2,OSLA
191863523,Checkers,0,GAME_OVER,29,28,2,1486,1,RandomPlayerConfig,1,2,2,OSLA
-1249715842,Checkers,0,GAME_OVER,37,36,2,1487,1,RandomPlayerConfig,1,2,2,OSLA
3527695,Checkers,0,GAME_OVER,29,28,2,1488,1,RandomPlayerConfig,1,2,2,OSLA
1909370724,Checkers,0,GAME_OVER,29,28,2,1489,1,RandomPlayerConfig,1,2,2,OSLA
-1263810062,Checkers,0,GAME_OVER,24,23,2,1490,1,RandomPlayerConfig,1,2,2,OSLA
403428306,Checkers,0,GAME_OVER,33,32,2,1491,1,RandomPlayerConfig,1,2,2,OSLA
224387928,Checkers,0,GAME_OVER,27,26,2,1492,1,RandomPlayerConfig,1,2,2,OSLA
-1030962667,Checkers,0,GAME_OVER,36,35,2,1493,1,RandomPlayerConfig,1,2,2,OSLA
-1388679505,Checkers,0,GAME_OVER,26,25,2,1494,1,RandomPlayerConfig,1,2,2,OSLA
1106739283,Checkers,0,GAME_OVER,27,26,2,1495,1,RandomPlayerConfig,1,2,2,OSLA
-110908417,Checkers,0,GAME_OVER,33,32,2,1496,1,RandomPlayerConfig,1,2,2,OSLA
1462762996,Checkers,0,GAME_OVER,29,28,2,1497,1,RandomPlayerConfig,1,2,2,OSLA
-202552310,Checkers,0,GAME_OVER,33,32,2,1498,1,RandomPlayerConfig,1,2,2,OSLA
-56297566,Checkers,0,GAME_OVER,29,28,2,1499,1,RandomPlayerConfig,1,2,2,OSLA
119215152,Checkers,0,GAME_OVER,33,32,2,1500,1,RandomPlayerConfig,1,2,2,OSLA
-493007434,Checkers,0,GAME_OVER,26,25,2,1501,1,RandomPlayerConfig,1,2,2,OSLA
1681978843,Checkers,0,GAME_OVER,30,29,2,1502,1,RandomPlayerConfig,1,2,2,OSLA
-594737066,Checkers,0,GAME_OVER,38,37,2,1503,1,RandomPlayerConfig,1,2,2,OSLA
-1756317328,Checkers,0,GAME_OVER,36,35,2,1504,1,RandomPlayerConfig,1,2,2,OSLA
-944186225,Checkers,0,GAME_OVER,30,29,2,1505,1,RandomPlayerConfig,1,2,2,OSLA
185511961,Checkers,0,GAME_OVER,26,25,2,1506,1,RandomPlayerConfig,1,2,2,OSLA
-76089309,Checkers,0,GAME_OVER,32,31,2,1507,1,RandomPlayerConfig,1,2,2,OSLA
468485359,Checkers,0,GAME_OVER,35,34,2,1508,1,RandomPlayerConfig,1,2,2,OSLA
1175762423,Checkers,0,GAME_OVER,29,28,2,1509,1,RandomPlayerConfig,1,2,2,OSLA
1361087813,Checkers,0,GAME_OVER,26,25,2,1510,1,RandomPlayerConfig,1,2,2,OSLA
-673860807,Checkers,0,GAME_OVER,34,33,2,1511,1,RandomPlayerConfig,1,2,2,OSLA
1399107872,Checkers,0,GAME_OVER,23,22,2,1512,1,RandomPlayerConfig,1,2,2,OSLA
-796713551,Checkers,0,GAME_OVER,31,30,2,1513,1,RandomPlayerConfig,1,2,2,OSLA
-297500633,Checkers,0,GAME_OVER,34,33,2,1514,1,RandomPlayerConfig,1,2,2,OSLA
1606290921,Checkers,0,GAME_OVER,24,23,2,1515,1,RandomPlayerConfig,1,2,2,OSLA
-306113397,Checkers,0,GAME_OVER,32,31,2,1516,1,RandomPlayerConfig,1,2,2,OSLA
405267464,Checkers,0,GAME_OVER,27,26,2,1517,1,RandomPlayerConfig,1,2,2,OSLA
-669887300,Checkers,0,GAME_OVER,30,29,2,1518,1,RandomPlayerConfig,1,2,2,OSLA
-1848836978,Checkers,0,GAME_OVER,36,35,2,1519,1,RandomPlayerConfig,1,2,2,OSLA
587711969,Checkers,0,GAME_OVER,36,35,2,1520,1,RandomPlayerConfig,1,2,2,OSLA
1318337115,Checkers,0,GAME_OVER,32,31,2,1521,1,RandomPlayerConfig,1,2,2,OSLA
-899431314,Checkers,0,GAME_OVER,32,31,2,1522,1,RandomPlayerConfig,1,2,2,OSLA
845079978,Checkers,0,GAME_OVER,33,32,2,1523,1,RandomPlayerConfig,1,2,2,OSLA
-2134414000,Checkers,0,GAME_OVER,28,27,2,1524,1,RandomPlayerConfig,1,2,2,OSLA
-1070806052,Checkers,0,GAME_OVER,36,35,2,1525,1,RandomPlayerConfig,1,2,2,OSLA
-1950541435,Checkers,0,GAME_OVER,35,34,2,1526,1,RandomPlayerConfig,1,2,2,OSLA
904360527,Checkers,0,GAME_OVER,36,35,2,1527,1,RandomPlayerConfig,1,2,2,OSLA
-354101480,Checkers,0,GAME_OVER,44,43,2,1528,1,RandomPlayerConfig,1,2,2,OSLA
1439833748,Checkers,0,GAME_OVER,36,35,2,1529,1,RandomPlayerConfig,1,2,2,OSLA
1356338653,Checkers,0,GAME_OVER,37,36,2,1530,1,RandomPlayerConfig,1,2,2,OSLA
-1270120257,Checkers,0,GAME_OVER,31,30,2,1531,1,RandomPlayerConfig,1,2,2,OSLA
-266953890,Checkers,0,GAME_OVER,33,32,2,1532,1,RandomPlayerConfig,1,2,2,OSLA
901742762,Checkers,0,GAME_OVER,25,24,2,1533,1,RandomPlayerConfig,1,2,2,OSLA
929698009,Checkers,0,GAME_OVER,30,29,2,1534,1,RandomPlayerConfig,1,2,2,OSLA
1662328150,Checkers,0,GAME_OVER,19,18,2,1535,1,RandomPlayerConfig,1,2,2,OSLA
-1378685120,Checkers,0,GAME_OVER,28,27,2,1536,1,RandomPlayerConfig,1,2,2,OSLA
-1877670429,Checkers,0,GAME_OVER,30,29,2,1537,1,RandomPlayerConfig,1,2,2,OSLA
-2074509161,Checkers,0,GAME_OVER,34,33,2,1538,1,RandomPlayerConfig,1,2,2,OSLA
-1082939992,Checkers,0,GAME_OVER,31,30,2,1539,1,RandomPlayerConfig,1,2,2,OSLA
1864430377,Checkers,0,GAME_OVER,40,39,2,1540,1,RandomPlayerConfig,1,2,2,OSLA
1472551276,Checkers,0,GAME_OVER,37,36,2,1541,1,RandomPlayerConfig,1,2,2,OSLA
1680237156,Checkers,0,GAME_OVER,29,28,2,1542,1,RandomPlayerConfig,1,2,2,OSLA
-1418167834,Checkers,0,GAME_OVER,38,37,2,1543,1,RandomPlayerConfig,1,2,2,OSLA
1728057957,Checkers,0,GAME_OVER,49,48,2,1544,1,RandomPlayerConfig,1,2,2,OSLA
-186095657,Checkers,0,GAME_OVER,28,27,2,1545,1,RandomPlayerConfig,1,2,2,OSLA
1351366258,Checkers,0,GAME_OVER,36,35,2,1546,1,RandomPlayerConfig,1,2,2,OSLA
1579344005,Checkers,0,GAME_OVER,33,32,2,1547,1,RandomPlayerConfig,1,2,2,OSLA
-1490204681,Checkers,0,GAME_OVER,33,32,2,1548,1,RandomPlayerConfig,1,2,2,OSLA
-570415773,Checkers,0,GAME_OVER,27,26,2,1549,1,RandomPlayerConfig,1,2,2,OSLA
-610565432,Checkers,0,GAME_OVER,38,37,2,1550,1,RandomPlayerConfig,1,2,2,OSLA
433324064,Checkers,0,GAME_OVER,27,26,2,1551,1,RandomPlayerConfig,1,2,2,OSLA
406281386,Checkers,0,GAME_OVER,24,23,2,1552,1,RandomPlayerConfig,1,2,2,OSLA
-87231360,Checkers,0,GAME_OVER,29,28,2,1553,1,RandomPlayerConfig,1,2,2,OSLA
-1846275719,Checkers,0,GAME_OVER,32,31,2,1554,1,RandomPlayerConfig,1,2,2,OSLA
1122898845,Checkers,0,GAME_OVER,31,30,2,1555,1,RandomPlayerConfig,1,2,2,OSLA
1833988709,Checkers,0,GAME_OVER,36,35,2,1556,1,RandomPlayerConfig,1,2,2,OSLA
19099793,Checkers,0,GAME_OVER,30,29,2,1557,1,RandomPlayerConfig,1,2,2,OSLA
2057854488,Checkers,0,GAME_OVER,34,33,2,1558,1,RandomPlayerConfig,1,2,2,OSLA
-1494205297,Checkers,0,GAME_OVER,28,27,2,1559,1,RandomPlayerConfig,1,2,2,OSLA
375156931,Checkers,0,GAME_OVER,52,51,2,1560,1,RandomPlayerConfig,1,2,2,OSLA
-351428365,Checkers,0,GAME_OVER,40,39,2,1561,1,RandomPlayerConfig,1,2,2,OSLA
-1226447254,Checkers,0,GAME_OVER,29,28,2,1562,1,RandomPlayerConfig,1,2,2,OSLA
764581851,Checkers,0,GAME_OVER,32,31,2,1563,1,RandomPlayerConfig,1,2,2,OSLA
580986595,Checkers,0,GAME_OVER,41,40,2,1564,1,RandomPlayerConfig,1,2,2,OSLA
-1046620099,Checkers,0,GAME_OVER,35,34,2,1565,1,RandomPlayerConfig,1,2,2,OSLA
486888029,Checkers,0,GAME_OVER,49,48,2,1566,1,RandomPlayerConfig,1,2,2,OSLA
-813926243,Checkers,0,GAME_OVER,39,38,2,1567,1,RandomPlayerConfig,1,2,2,OSLA
125187708,Checkers,0,GAME_OVER,30,29,2,1568,1,RandomPlayerConfig,1,2,2,OSLA
1366934473,Checkers,0,GAME_OVER,40,39,2,1569,1,RandomPlayerConfig,1,2,2,OSLA
-849303751,Checkers,0,GAME_OVER,36,35,2,1570,1,RandomPlayerConfig,1,2,2,OSLA
-1284969140,Checkers,0,GAME_OVER,36,35,2,1571,1,RandomPlayerConfig,1,2,2,OSLA
-845145037,Checkers,0,GAME_OVER,24,23,2,1572,1,RandomPlayerConfig,1,2,2,OSLA
-913805453,Checkers,0,GAME_OVER,35,34,2,1573,1,RandomPlayerConfig,1,2,2,OSLA
-1971521003,Checkers,0,GAME_OVER,35,34,2,1574,1,RandomPlayerConfig,1,2,2,OSLA
1227617051,Checkers,0,GAME_OVER,34,33,2,1575,1,RandomPlayerConfig,1,2,2,OSLA
1457711408,Checkers,0,GAME_OVER,41,40,2,1576,1,RandomPlayerConfig,1,2,2,OSLA
-1718206048,Checkers,0,GAME_OVER,26,25,2,1577,1,RandomPlayerConfig,1,2,2,OSLA
-1527229045,Checkers,0,GAME_OVER,34,33,2,1578,1,RandomPlayerConfig,1,2,2,OSLA
1414331298,Checkers,0,GAME_OVER,27,26,2,1579,1,RandomPlayerConfig,1,2,2,OSLA
554598894,Checkers,0,GAME_OVER,32,31,2,1580,1,RandomPlayerConfig,1,2,2,OSLA
1114518401,Checkers,0,GAME_OVER,24,23,2,1581,1,RandomPlayerConfig,1,2,2,OSLA
360957615,Checkers,0,GAME_OVER,41,40,2,1582,1,RandomPlayerConfig,1,2,2,OSLA
739354813,Checkers,0,GAME_OVER,26,25,2,1583,1,RandomPlayerConfig,1,2,2,OSLA
495941202,Checkers,0,GAME_OVER,29,28,2,1584,1,RandomPlayerConfig,1,2,2,OSLA
-887633511,Checkers,0,GAME_OVER,28,27,2,1585,1,RandomPlayerConfig,1,2,2,OSLA
-1489189572,Checkers,0,GAME_OVER,32,31,2,1586,1,RandomPlayerConfig,1,2,2,OSLA
1058923188,Checkers,0,GAME_OVER,25,24,2,1587,1,RandomPlayerConfig,1,2,2,OSLA
833406719,Checkers,0,GAME_OVER,37,36,2,1588,1,RandomPlayerConfig,1,2,2,OSLA
-1679978372,Checkers,0,GAME_OVER,38,37,2,1589,1,RandomPlayerConfig,1,2,2,OSLA
171469584,Checkers,0,GAME_OVER,28,27,2,1590,1,RandomPlayerConfig,1,2,2,OSLA
-1015239525,Checkers,0,GAME_OVER,28,27,2,1591,1,RandomPlayerConfig,1,2,2,OSLA
-1655952408,Checkers,0,GAME_OVER,33,32,2,1592,1,RandomPlayerConfig,1,2,2,OSLA
-4709928,Checkers,0,GAME_OVER,41,40,2,1593,1,RandomPlayerConfig,1,2,2,OSLA
742797018,Checkers,0,GAME_OVER,44,43,2,1594,1,RandomPlayerConfig,1,2,2,OSLA
-1422435588,Checkers,0,GAME_OVER,30,29,2,1595,1,RandomPlayerConfig,1,2,2,OSLA
-1852067803,Checkers,0,GAME_OVER,31,30,2,1596,1,RandomPlayerConfig,1,2,2,OSLA
737539513,Checkers,0,GAME_OVER,33,32,2,1597,1,RandomPlayerConfig,1,2,2,OSLA
605492753,Checkers,0,GAME_OVER,36,35,2,1598,1,RandomPlayerConfig,1,2,2,OSLA
-1613295438,Checkers,0,GAME_OVER,28,27,2,1599,1,RandomPlayerConfig,1,2,2,OSLA
2006497034,Checkers,0,GAME_OVER,35,34,2,1600,1,RandomPlayerConfig,1,2,2,OSLA
-1665629176,Checkers,0,GAME_OVER,34,33,2,1601,1,RandomPlayerConfig,1,2,2,OSLA
-1126811814,Checkers,0,GAME_OVER,28,27,2,1602,1,RandomPlayerConfig,1,2,2,RandomPlayerConfig
-1854791702,Checkers,0,GAME_OVER,38,37,2,1603,2,RandomPlayerConfig,2,1,1,RandomPlayerConfig
-1761392996,Checkers,0,GAME_OVER,39,38,2,1604,1,RandomPlayerConfig,1,2,2,RandomPlayerConfig
1190084556,Checkers,0,GAME_OVER,25,24,2,1605,1,RandomPlayerConfig,1,2,2,RandomPlayerConfig
134562684,Checkers,0,GAME_OVER,29,28,2,1606,1,RandomPlayerConfig,1,2,2,RandomPlayerConfig
213330350,Checkers,0,GAME_OVER,80,79,2,1607,2,RandomPlayerConfig,2,1,1,RandomPlayerConfig
-974643853,Checkers,0,GAME_OVER,39,38,2,1608,1,RandomPlayerConfig,1,2,2,RandomPlayerConfig
-513454553,Checkers,0,GAME_OVER,36,35,2,1609,1,RandomPlayerConfig,1,2,2,RandomPlayerConfig
514392549,Checkers,0,GAME_OVER,37,36,2,1610,1,RandomPlayerConfig,1,2,2,RandomPlayerConfig
500056579,Checkers,0,GAME_OVER,34,33,2,1611,1,RandomPlayerConfig,1,2,2,RandomPlayerConfig
1197348627,Checkers,0,GAME_OVER,37,36,2,1612,1,RandomPlayerConfig,1,2,2,RandomPlayerConfig
611704885,Checkers,0,GAME_OVER,58,57,2,1613,2,RandomPlayerConfig,2,1,1,RandomPlayerConfig
1073468091,Checkers,0,GAME_OVER,34,33,2,1614,1,RandomPlayerConfig,1,2,2,RandomPlayerConfig
-2079133931,Checkers,0,GAME_OVER,36,35,2,1615,1,RandomPlayerConfig,1,2,2,RandomPlayerConfig
900962656,Checkers,0,GAME_OVER,43,42,2,1616,1,RandomPlayerConfig,1,2,2,RandomPlayerConfig
-1105320639,Checkers,0,GAME_OVER,40,39,2,1617,1,RandomPlayerConfig,1,2,2,RandomPlayerConfig
-1276645753,Checkers,0,GAME_OVER,45,44,2,1618,1,RandomPlayerConfig,1,2,2,RandomPlayerConfig
2066220240,Checkers,0,GAME_OVER,64,63,2,1619,2,RandomPlayerConfig,2,1,1,RandomPlayerConfig
134392692,Checkers,0,GAME_OVER,45,44,2,1620,2,RandomPlayerConfig,2,1,1,RandomPlayerConfig
-595867711,Checkers,0,GAME_OVER,45,44,2,1621,2,RandomPlayerConfig,2,1,1,RandomPlayerConfig
-1423916759,Checkers,0,GAME_OVER,58,57,2,1622,1,RandomPlayerConfig,1,2,2,RandomPlayerConfig
1584043718,Checkers,0,GAME_OVER,27,26,2,1623,1,RandomPlayerConfig,1,2,2,RandomPlayerConfig
631557042,Checkers,0,GAME_OVER,48,47,2,1624,2,RandomPlayerConfig,2,1,1,RandomPlayerConfig
-1159394339,Checkers,0,GAME_OVER,34,33,2,1625,1,RandomPlayerConfig,1,2,2,RandomPlayerConfig
-1753055221,Checkers,0,GAME_OVER,78,77,2,1626,1,RandomPlayerConfig,1,2,2,RandomPlayerConfig
-1165515690,Checkers,0,GAME_OVER,40,39,2,1627,1,RandomPlayerConfig,1,2,2,RandomPlayerConfig
-993684709,Checkers,0,GAME_OVER,34,33,2,1628,1,RandomPlayerConfig,1,2,2,RandomPlayerConfig
-1903832526,Checkers,0,GAME_OVER,31,30,2,1629,1,RandomPlayerConfig,1,2,2,RandomPlayerConfig
-2145882215,Checkers,0,GAME_OVER,51,50,2,1630,1,RandomPlayerConfig,1,2,2,RandomPlayerConfig
1434313481,Checkers,0,GAME_OVER,39,38,2,1631,1,RandomPlayerConfig,1,2,2,RandomPlayerConfig
992721376,Checkers,0,GAME_OVER,48,47,2,1632,1,RandomPlayerConfig,1,2,2,RandomPlayerConfig
377717458,Checkers,0,GAME_OVER,31,30,2,1633,1,RandomPlayerConfig,1,2,2,RandomPlayerConfig
-985822224,Checkers,0,GAME_OVER,41,40,2,1634,1,RandomPlayerConfig,1,2,2,RandomPlayerConfig
-1509471425,Checkers,0,GAME_OVER,28,27,2,1635,1,RandomPlayerConfig,1,2,2,RandomPlayerConfig
-1984605897,Checkers,0,GAME_OVER,70,69,2,1636,2,RandomPlayerConfig,2,1,1,RandomPlayerConfig
-1018813297,Checkers,0,GAME_OVER,40,39,2,1637,1,RandomPlayerConfig,1,2,2,RandomPlayerConfig
-263026475,Checkers,0,GAME_OVER,32,31,2,1638,1,RandomPlayerConfig,1,2,2,RandomPlayerConfig
1425820426,Checkers,0,GAME_OVER,36,35,2,1639,1,RandomPlayerConfig,1,2,2,RandomPlayerConfig
897402481,Checkers,0,GAME_OVER,34,33,2,1640,1,RandomPlayerConfig,1,2,2,RandomPlayerConfig
228926585,Checkers,0,GAME_OVER,39,38,2,1641,1,RandomPlayerConfig,1,2,2,RandomPlayerConfig
1925143784,Checkers,0,GAME_OVER,55,54,2,1642,2,RandomPlayerConfig,2,1,1,RandomPlayerConfig
1610400601,Checkers,0,GAME_OVER,26,25,2,1643,1,RandomPlayerConfig,1,2,2,RandomPlayerConfig
1919779660,Checkers,0,GAME_OVER,34,33,2,1644,1,RandomPlayerConfig,1,2,2,RandomPlayerConfig
-2053467740,Checkers,0,GAME_OVER,44,43,2,1645,1,RandomPlayerConfig,1,2,2,RandomPlayerConfig
10865688,Checkers,0,GAME_OVER,41,40,2,1646,1,RandomPlayerConfig,1,2,2,RandomPlayerConfig
1523135320,Checkers,0,GAME_OVER,27,26,2,1647,1,RandomPlayerConfig,1,2,2,RandomPlayerConfig
-882753659,Checkers,0,GAME_OVER,60,59,2,1648,1,RandomPlayerConfig,1,2,2,RandomPlayerConfig
-1324887762,Checkers,0,GAME_OVER,76,75,2,1649,2,RandomPlayerConfig,2,1,1,RandomPlayerConfig
-1878153895,Checkers,0,GAME_OVER,34,33,2,1650,1,RandomPlayerConfig,1,2,2,RandomPlayerConfig
-830949865,Checkers,0,GAME_OVER,36,35,2,1651,1,RandomPlayerConfig,1,2,2,RandomPlayerConfig
959993777,Checkers,0,GAME_OVER,26,25,2,1652,1,RandomPlayerConfig,1,2,2,RandomPlayerConfig
-1572663681,Checkers,0,GAME_OVER,70,69,2,1653,1,RandomPlayerConfig,1,2,2,RandomPlayerConfig
-55924844,Checkers,0,GAME_OVER,63,62,2,1654,2,RandomPlayerConfig,2,1,1,RandomPlayerConfig
1767814761,Checkers,0,GAME_OVER,42,41,2,1655,1,RandomPlayerConfig,1,2,2,RandomPlayerConfig
1969864013,Checkers,0,GAME_OVER,56,55,2,1656,2,RandomPlayerConfig,2,1,1,RandomPlayerConfig
1540680658,Checkers,0,GAME_OVER,43,42,2,1657,1,RandomPlayerConfig,1,2,2,RandomPlayerConfig
501694943,Checkers,0,GAME_OVER,37,36,2,1658,1,RandomPlayerConfig,1,2,2,RandomPlayerConfig
1379761422,Checkers,0,GAME_OVER,51,50,2,1659,2,RandomPlayerConfig,2,1,1,RandomPlayerConfig
326652947,Checkers,0,GAME_OVER,35,34,2,1660,1,RandomPlayerConfig,1,2,2,RandomPlayerConfig
-2025703691,Checkers,0,GAME_OVER,45,44,2,1661,1,RandomPlayerConfig,1,2,2,RandomPlayerConfig
1876861678,Checkers,0,GAME_OVER,38,37,2,1662,1,RandomPlayerConfig,1,2,2,RandomPlayerConfig
-1684996844,Checkers,0,GAME_OVER,40,39,2,1663,1,RandomPlayerConfig,1,2,2,RandomPlayerConfig
-275197809,Checkers,0,GAME_OVER,36,35,2,1664,1,RandomPlayerConfig,1,2,2,RandomPlayerConfig
-1607096756,Checkers,0,GAME_OVER,45,44,2,1665,1,RandomPlayerConfig,1,2,2,RandomPlayerConfig
-1415328824,Checkers,0,GAME_OVER,36,35,2,1666,2,RandomPlayerConfig,2,1,1,RandomPlayerConfig
1250919033,Checkers,0,GAME_OVER,33,32,2,1667,1,RandomPlayerConfig,1,2,2,RandomPlayerConfig
-32216080,Checkers,0,GAME_OVER,39,38,2,1668,1,RandomPlayerConfig,1,2,2,RandomPlayerConfig
-1474698725,Checkers,0,GAME_OVER,35,34,2,1669,1,RandomPlayerConfig,1,2,2,RandomPlayerConfig
651860413,Checkers,0,GAME_OVER,50,49,2,1670,1,RandomPlayerConfig,1,2,2,RandomPlayerConfig
1328817941,Checkers,0,GAME_OVER,34,33,2,1671,1,RandomPlayerConfig,1,2,2,RandomPlayerConfig
-957251293,Checkers,0,GAME_OVER,25,24,2,1672,1,RandomPlayerConfig,1,2,2,RandomPlayerConfig
1886674435,Checkers,0,GAME_OVER,61,60,2,1673,2,RandomPlayerConfig,2,1,1,RandomPlayerConfig
428014486,Checkers,0,GAME_OVER,32,31,2,1674,1,RandomPlayerConfig,1,2,2,RandomPlayerConfig
-243191370,Checkers,0,GAME_OVER,30,29,2,1675,1,RandomPlayerConfig,1,2,2,RandomPlayerConfig
2044749597,Checkers,0,GAME_OVER,31,30,2,1676,1,RandomPlayerConfig,1,2,2,RandomPlayerConfig
5621453,Checkers,0,GAME_OVER,35,34,2,1677,1,RandomPlayerConfig,1,2,2,RandomPlayerConfig
-98187762,Checkers,0,GAME_OVER,63,62,2,1678,1,RandomPlayerConfig,1,2,2,RandomPlayerConfig
-899234932,Checkers,0,GAME_OVER,37,36,2,1679,1,RandomPlayerConfig,1,2,2,RandomPlayerConfig
-1200939912,Checkers,0,GAME_OVER,61,60,2,1680,2,RandomPlayerConfig,2,1,1,RandomPlayerConfig
54331494,Checkers,0,GAME_OVER,49,48,2,1681,1,RandomPlayerConfig,1,2,2,RandomPlayerConfig
-1349133439,Checkers,0,GAME_OVER,51,50,2,1682,2,RandomPlayerConfig,2,1,1,RandomPlayerConfig
782006215,Checkers,0,GAME_OVER,33,32,2,1683,1,RandomPlayerConfig,1,2,2,RandomPlayerConfig
-46426047,Checkers,0,GAME_OVER,32,31,2,1684,1,RandomPlayerConfig,1,2,2,RandomPlayerConfig
1242968106,Checkers,0,GAME_OVER,28,27,2,1685,1,RandomPlayerConfig,1,2,2,RandomPlayerConfig
191863523,Checkers,0,GAME_OVER,59,58,2,1686,1,RandomPlayerConfig,1,2,2,RandomPlayerConfig
-1249715842,Checkers,0,GAME_OVER,43,42,2,1687,1,RandomPlayerConfig,1,2,2,RandomPlayerConfig
3527695,Checkers,0,GAME_OVER,29,28,2,1688,1,RandomPlayerConfig,1,2,2,RandomPlayerConfig
1909370724,Checkers,0,GAME_OVER,44,43,2,1689,1,RandomPlayerConfig,1,2,2,RandomPlayerConfig
-1263810062,Checkers,0,GAME_OVER,36,35,2,1690,1,RandomPlayerConfig,1,2,2,RandomPlayerConfig
403428306,Checkers,0,GAME_OVER,50,49,2,1691,1,RandomPlayerConfig,1,2,2,RandomPlayerConfig
224387928,Checkers,0,GAME_OVER,40,39,2,1692,1,RandomPlayerConfig,1,2,2,RandomPlayerConfig
-1030962667,Checkers,0,GAME_OVER,31,30,2,1693,1,RandomPlayerConfig,1,2,2,RandomPlayerConfig
-1388679505,Checkers,0,GAME_OVER,29,28,2,1694,1,RandomPlayerConfig,1,2,2,RandomPlayerConfig
1106739283,Checkers,0,GAME_OVER,32,31,2,1695,1,RandomPlayerConfig,1,2,2,RandomPlayerConfig
-110908417,Checkers,0,GAME_OVER,32,31,2,1696,1,RandomPlayerConfig,1,2,2,RandomPlayerConfig
1462762996,Checkers,0,GAME_OVER,57,56,2,1697,2,RandomPlayerConfig,2,1,1,RandomPlayerConfig
-202552310,Checkers,0,GAME_OVER,65,64,2,1698,2,RandomPlayerConfig,2,1,1,RandomPlayerConfig
-56297566,Checkers,0,GAME_OVER,38,37,2,1699,1,RandomPlayerConfig,1,2,2,RandomPlayerConfig
119215152,Checkers,0,GAME_OVER,44,43,2,1700,1,RandomPlayerConfig,1,2,2,RandomPlayerConfig
-493007434,Checkers,0,GAME_OVER,49,48,2,1701,2,RandomPlayerConfig,2,1,1,RandomPlayerConfig
1681978843,Checkers,0,GAME_OVER,54,53,2,1702,2,RandomPlayerConfig,2,1,1,RandomPlayerConfig
-594737066,Checkers,0,GAME_OVER,36,35,2,1703,1,RandomPlayerConfig,1,2,2,RandomPlayerConfig
-1756317328,Checkers,0,GAME_OVER,33,32,2,1704,1,RandomPlayerConfig,1,2,2,RandomPlayerConfig
-944186225,Checkers,0,GAME_OVER,45,44,2,1705,1,RandomPlayerConfig,1,2,2,RandomPlayerConfig
185511961,Checkers,0,GAME_OVER,37,36,2,1706,1,RandomPlayerConfig,1,2,2,RandomPlayerConfig
-76089309,Checkers,0,GAME_OVER,45,44,2,1707,1,RandomPlayerConfig,1,2,2,RandomPlayerConfig
468485359,Checkers,0,GAME_OVER,33,32,2,1708,1,RandomPlayerConfig,1,2,2,RandomPlayerConfig
1175762423,Checkers,0,GAME_OVER,32,31,2,1709,1,RandomPlayerConfig,1,2,2,RandomPlayerConfig
1361087813,Checkers,0,GAME_OVER,33,32,2,1710,1,RandomPlayerConfig,1,2,2,RandomPlayerConfig
-673860807,Checkers,0,GAME_OVER,76,75,2,1711,1,RandomPlayerConfig,1,2,2,RandomPlayerConfig
1399107872,Checkers,0,GAME_OVER,45,44,2,1712,2,RandomPlayerConfig,2,1,1,RandomPlayerConfig
-796713551,Checkers,0,GAME_OVER,32,31,2,1713,1,RandomPlayerConfig,1,2,2,RandomPlayerConfig
-297500633,Checkers,0,GAME_OVER,51,50,2,1714,2,RandomPlayerConfig,2,1,1,RandomPlayerConfig
1606290921,Checkers,0,GAME_OVER,30,29,2,1715,1,RandomPlayerConfig,1,2,2,RandomPlayerConfig
-306113397,Checkers,0,GAME_OVER,33,32,2,1716,1,RandomPlayerConfig,1,2,2,RandomPlayerConfig
405267464,Checkers,0,GAME_OVER,36,35,2,1717,1,RandomPlayerConfig,1,2,2,RandomPlayerConfig
-669887300,Checkers,0,GAME_OVER,44,43,2,1718,1,RandomPlayerConfig,1,2,2,RandomPlayerConfig
-1848836978,Checkers,0,GAME_OVER,36,35,2,1719,1,RandomPlayerConfig,1,2,2,RandomPlayerConfig
587711969,Checkers,0,GAME_OVER,24,23,2,1720,1,RandomPlayerConfig,1,2,2,RandomPlayerConfig
1318337115,Checkers,0,GAME_OVER,58,57,2,1721,2,RandomPlayerConfig,2,1,1,RandomPlayerConfig
-899431314,Checkers,0,GAME_OVER,40,39,2,1722,1,RandomPlayerConfig,1,2,2,RandomPlayerConfig
845079978,Checkers,0,GAME_OVER,36,35,2,1723,1,RandomPlayerConfig,1,2,2,RandomPlayerConfig
-2134414000,Checkers,0,GAME_OVER,28,27,2,1724,1,RandomPlayerConfig,1,2,2,RandomPlayerConfig
-1070806052,Checkers,0,GAME_OVER,34,33,2,1725,1,RandomPlayerConfig,1,2,2,RandomPlayerConfig
-1950541435,Checkers,0,GAME_OVER,39,38,2,1726,1,RandomPlayerConfig,1,2,2,RandomPlayerConfig
904360527,Checkers,0,GAME_OVER,51,50,2,1727,2,RandomPlayerConfig,2,1,1,RandomPlayerConfig
-354101480,Checkers,0,GAME_OVER,55,54,2,1728,1,RandomPlayerConfig,1,2,2,RandomPlayerConfig
1439833748,Checkers,0,GAME_OVER,46,45,2,1729,1,RandomPlayerConfig,1,2,2,RandomPlayerConfig
1356338653,Checkers,0,GAME_OVER,37,36,2,1730,1,RandomPlayerConfig,1,2,2,RandomPlayerConfig
-1270120257,Checkers,0,GAME_OVER,54,53,2,1731,2,RandomPlayerConfig,2,1,1,RandomPlayerConfig
-266953890,Checkers,0,GAME_OVER,39,38,2,1732,1,RandomPlayerConfig,1,2,2,RandomPlayerConfig
901742762,Checkers,0,GAME_OVER,38,37,2,1733,1,RandomPlayerConfig,1,2,2,RandomPlayerConfig
929698009,Checkers,0,GAME_OVER,24,23,2,1734,1,RandomPlayerConfig,1,2,2,RandomPlayerConfig
1662328150,Checkers,0,GAME_OVER,28,27,2,1735,1,RandomPlayerConfig,1,2,2,RandomPlayerConfig
-1378685120,Checkers,0,GAME_OVER,43,42,2,1736,1,RandomPlayerConfig,1,2,2,RandomPlayerConfig
-1877670429,Checkers,0,GAME_OVER,60,59,2,1737,1,RandomPlayerConfig,1,2,2,RandomPlayerConfig
-2074509161,Checkers,0,GAME_OVER,50,49,2,1738,1,RandomPlayerConfig,1,2,2,RandomPlayerConfig
-1082939992,Checkers,0,GAME_OVER,43,42,2,1739,1,RandomPlayerConfig,1,2,2,RandomPlayerConfig
1864430377,Checkers,0,GAME_OVER,34,33,2,1740,1,RandomPlayerConfig,1,2,2,RandomPlayerConfig
1472551276,Checkers,0,GAME_OVER,28,27,2,1741,1,RandomPlayerConfig,1,2,2,RandomPlayerConfig
1680237156,Checkers,0,GAME_OVER,69,68,2,1742,1,RandomPlayerConfig,1,2,2,RandomPlayerConfig
-1418167834,Checkers,0,GAME_OVER,38,37,2,1743,1,RandomPlayerConfig,1,2,2,RandomPlayerConfig
1728057957,Checkers,0,GAME_OVER,41,40,2,1744,1,RandomPlayerConfig,1,2,2,RandomPlayerConfig
-186095657,Checkers,0,GAME_OVER,33,32,2,1745,1,RandomPlayerConfig,1,2,2,RandomPlayerConfig
1351366258,Checkers,0,GAME_OVER,38,37,2,1746,1,RandomPlayerConfig,1,2,2,RandomPlayerConfig
1579344005,Checkers,0,GAME_OVER,63,62,2,1747,2,RandomPlayerConfig,2,1,1,RandomPlayerConfig
-1490204681,Checkers,0,GAME_OVER,30,29,2,1748,1,RandomPlayerConfig,1,2,2,RandomPlayerConfig
-570415773,Checkers,0,GAME_OVER,40,39,2,1749,1,RandomPlayerConfig,1,2,2,RandomPlayerConfig
-610565432,Checkers,0,GAME_OVER,40,39,2,1750,1,RandomPlayerConfig,1,2,2,RandomPlayerConfig
433324064,Checkers,0,GAME_OVER,29,28,2,1751,1,RandomPlayerConfig,1,2,2,RandomPlayerConfig
406281386,Checkers,0,GAME_OVER,72,71,2,1752,2,RandomPlayerConfig,2,1,1,RandomPlayerConfig
-87231360,Checkers,0,GAME_OVER,62,61,2,1753,1,RandomPlayerConfig,1,2,2,RandomPlayerConfig
-1846275719,Checkers,0,GAME_OVER,42,41,2,1754,1,RandomPlayerConfig,1,2,2,RandomPlayerConfig
1122898845,Checkers,0,GAME_OVER,33,32,2,1755,1,RandomPlayerConfig,1,2,2,RandomPlayerConfig
1833988709,Checkers,0,GAME_OVER,67,66,2,1756,1,RandomPlayerConfig,1,2,2,RandomPlayerConfig
19099793,Checkers,0,GAME_OVER,39,38,2,1757,1,RandomPlayerConfig,1,2,2,RandomPlayerConfig
2057854488,Checkers,0,GAME_OVER,31,30,2,1758,1,RandomPlayerConfig,1,2,2,RandomPlayerConfig
-1494205297,Checkers,0,GAME_OVER,50,49,2,1759,1,RandomPlayerConfig,1,2,2,RandomPlayerConfig
375156931,Checkers,0,GAME_OVER,37,36,2,1760,1,RandomPlayerConfig,1,2,2,RandomPlayerConfig
-351428365,Checkers,0,GAME_OVER,35,34,2,1761,1,RandomPlayerConfig,1,2,2,RandomPlayerConfig
-1226447254,Checkers,0,GAME_OVER,41,40,2,1762,1,RandomPlayerConfig,1,2,2,RandomPlayerConfig
764581851,Checkers,0,GAME_OVER,37,36,2,1763,1,RandomPlayerConfig,1,2,2,RandomPlayerConfig
580986595,Checkers,0,GAME_OVER,42,41,2,1764,1,RandomPlayerConfig,1,2,2,RandomPlayerConfig
-1046620099,Checkers,0,GAME_OVER,42,41,2,1765,1,RandomPlayerConfig,1,2,2,RandomPlayerConfig
486888029,Checkers,0,GAME_OVER,56,55,2,1766,2,RandomPlayerConfig,2,1,1,RandomPlayerConfig
-813926243,Checkers,0,GAME_OVER,33,32,2,1767,1,RandomPlayerConfig,1,2,2,RandomPlayerConfig
125187708,Checkers,0,GAME_OVER,54,53,2,1768,1,RandomPlayerConfig,1,2,2,RandomPlayerConfig
1366934473,Checkers,0,GAME_OVER,31,30,2,1769,1,RandomPlayerConfig,1,2,2,RandomPlayerConfig
-849303751,Checkers,0,GAME_OVER,38,37,2,1770,1,RandomPlayerConfig,1,2,2,RandomPlayerConfig
-1284969140,Checkers,0,GAME_OVER,68,67,2,1771,2,RandomPlayerConfig,2,1,1,RandomPlayerConfig
-845145037,Checkers,0,GAME_OVER,35,34,2,1772,1,RandomPlayerConfig,1,2,2,RandomPlayerConfig
-913805453,Checkers,0,GAME_OVER,58,57,2,1773,2,RandomPlayerConfig,2,1,1,RandomPlayerConfig
-1971521003,Checkers,0,GAME_OVER,42,41,2,1774,1,RandomPlayerConfig,1,2,2,RandomPlayerConfig
1227617051,Checkers,0,GAME_OVER,29,28,2,1775,1,RandomPlayerConfig,1,2,2,RandomPlayerConfig
1457711408,Checkers,0,GAME_OVER,39,38,2,1776,2,RandomPlayerConfig,2,1,1,RandomPlayerConfig
-1718206048,Checkers,0,GAME_OVER,30,29,2,1777,1,RandomPlayerConfig,1,2,2,RandomPlayerConfig
-1527229045,Checkers,0,GAME_OVER,38,37,2,1778,1,RandomPlayerConfig,1,2,2,RandomPlayerConfig
1414331298,Checkers,0,GAME_OVER,76,75,2,1779,1,RandomPlayerConfig,1,2,2,RandomPlayerConfig
554598894,Checkers,0,GAME_OVER,33,32,2,1780,1,RandomPlayerConfig,1,2,2,RandomPlayerConfig
1114518401,Checkers,0,GAME_OVER,32,31,2,1781,1,RandomPlayerConfig,1,2,2,RandomPlayerConfig
360957615,Checkers,0,GAME_OVER,48,47,2,1782,2,RandomPlayerConfig,2,1,1,RandomPlayerConfig
739354813,Checkers,0,GAME_OVER,33,32,2,1783,1,RandomPlayerConfig,1,2,2,RandomPlayerConfig
495941202,Checkers,0,GAME_OVER,39,38,2,1784,1,RandomPlayerConfig,1,2,2,RandomPlayerConfig
-887633511,Checkers,0,GAME_OVER,39,38,2,1785,1,RandomPlayerConfig,1,2,2,RandomPlayerConfig
-1489189572,Checkers,0,GAME_OVER,59,58,2,1786,2,RandomPlayerConfig,2,1,1,RandomPlayerConfig
1058923188,Checkers,0,GAME_OVER,77,76,2,1787,2,RandomPlayerConfig,2,1,1,RandomPlayerConfig
833406719,Checkers,0,GAME_OVER,39,38,2,1788,1,RandomPlayerConfig,1,2,2,RandomPlayerConfig
-1679978372,Checkers,0,GAME_OVER,32,31,2,1789,1,RandomPlayerConfig,1,2,2,RandomPlayerConfig
171469584,Checkers,0,GAME_OVER,57,56,2,1790,1,RandomPlayerConfig,1,2,2,RandomPlayerConfig
-1015239525,Checkers,0,GAME_OVER,33,32,2,1791,1,RandomPlayerConfig,1,2,2,RandomPlayerConfig
-1655952408,Checkers,0,GAME_OVER,41,40,2,1792,1,RandomPlayerConfig,1,2,2,RandomPlayerConfig
-4709928,Checkers,0,GAME_OVER,33,32,2,1793,1,RandomPlayerConfig,1,2,2,RandomPlayerConfig
742797018,Checkers,0,GAME_OVER,33,32,2,1794,1,RandomPlayerConfig,1,2,2,RandomPlayerConfig
-1422435588,Checkers,0,GAME_OVER,41,40,2,1795,1,RandomPlayerConfig,1,2,2,RandomPlayerConfig
-1852067803,Checkers,0,GAME_OVER,33,32,2,1796,1,RandomPlayerConfig,1,2,2,RandomPlayerConfig
737539513,Checkers,0,GAME_OVER,42,41,2,1797,1,RandomPlayerConfig,1,2,2,RandomPlayerConfig
605492753,Checkers,0,GAME_OVER,50,49,2,1798,1,RandomPlayerConfig,1,2,2,RandomPlayerConfig
-1613295438,Checkers,0,GAME_OVER,27,26,2,1799,1,RandomPlayerConfig,1,2,2,RandomPlayerConfig
2006497034,Checkers,0,GAME_OVER,37,36,2,1800,1,RandomPlayerConfig,1,2,2,RandomPlayerConfig
-1665629176,Checkers,0,GAME_OVER,32,31,2,1801,1,RandomPlayerConfig,1,2,2,RandomPlayerConfig
