GameSeed,GameName,Round,Event,Tick,Turn,PlayerCount,GameID,PlayerType-1,PlayerType-0
-1126811814,Checkers,0,GAME_OVER,46,45,2,2,MCTS_CheckersHeuristic,MCTS_CheckersHeuristic
-1854791702,Checkers,0,GAME_OVER,41,40,2,3,MCTS_CheckersHeuristic,MCTS_CheckersHeuristic
-1761392996,Checkers,0,GAME_OVER,41,40,2,4,MCTS_CheckersHeuristic,MCTS_CheckersHeuristic
1190084556,Checkers,0,GAME_OVER,44,43,2,5,MCTS_CheckersHeuristic,MCTS_CheckersHeuristic
134562684,Checkers,0,GAME_OVER,43,42,2,6,MCTS_CheckersHeuristic,MCTS_CheckersHeuristic
213330350,Checkers,0,GAME_OVER,44,43,2,7,MCTS_CheckersHeuristic,MCTS_CheckersHeuristic
-974643853,Checkers,0,GAME_OVER,41,40,2,8,MCTS_CheckersHeuristic,MCTS_CheckersHeuristic
-513454553,Checkers,0,GAME_OVER,43,42,2,9,MCTS_CheckersHeuristic,MCTS_CheckersHeuristic
514392549,Checkers,0,GAME_OVER,41,40,2,10,MCTS_CheckersHeuristic,MCTS_CheckersHeuristic
500056579,Checkers,0,GAME_OVER,37,36,2,11,MCTS_CheckersHeuristic,MCTS_CheckersHeuristic
1197348627,Checkers,0,GAME_OVER,46,45,2,12,MCTS_CheckersHeuristic,MCTS_CheckersHeuristic
611704885,Checkers,0,GAME_OVER,53,52,2,13,MCTS_CheckersHeuristic,MCTS_CheckersHeuristic
1073468091,Checkers,0,GAME_OVER,41,40,2,14,MCTS_CheckersHeuristic,MCTS_CheckersHeuristic
-2079133931,Checkers,0,GAME_OVER,54,53,2,15,MCTS_CheckersHeuristic,MCTS_CheckersHeuristic
900962656,Checkers,0,GAME_OVER,43,42,2,16,MCTS_CheckersHeuristic,MCTS_CheckersHeuristic
-1105320639,Checkers,0,GAME_OVER,127,126,2,17,MCTS_CheckersHeuristic,MCTS_CheckersHeuristic
-1276645753,Checkers,0,GAME_OVER,48,47,2,18,MCTS_CheckersHeuristic,MCTS_CheckersHeuristic
2066220240,Checkers,0,GAME_OVER,77,76,2,19,MCTS_CheckersHeuristic,MCTS_CheckersHeuristic
134392692,Checkers,0,GAME_OVER,38,37,2,20,MCTS_CheckersHeuristic,MCTS_CheckersHeuristic
-595867711,Checkers,0,GAME_OVER,43,42,2,21,MCTS_CheckersHeuristic,MCTS_CheckersHeuristic
-1423916759,Checkers,0,GAME_OVER,45,44,2,22,MCTS_CheckersHeuristic,MCTS_CheckersHeuristic
1584043718,Checkers,0,GAME_OVER,47,46,2,23,MCTS_CheckersHeuristic,MCTS_CheckersHeuristic
631557042,Checkers,0,GAME_OVER,39,38,2,24,MCTS_CheckersHeuristic,MCTS_CheckersHeuristic
-1159394339,Checkers,0,GAME_OVER,30,29,2,25,MCTS_CheckersHeuristic,MCTS_CheckersHeuristic
-1753055221,Checkers,0,GAME_OVER,40,39,2,26,MCTS_CheckersHeuristic,MCTS_CheckersHeuristic
-1165515690,Checkers,0,GAME_OVER,44,43,2,27,MCTS_CheckersHeuristic,MCTS_CheckersHeuristic
-993684709,Checkers,0,GAME_OVER,42,41,2,28,MCTS_CheckersHeuristic,MCTS_CheckersHeuristic
-1903832526,Checkers,0,GAME_OVER,53,52,2,29,MCTS_CheckersHeuristic,MCTS_CheckersHeuristic
-2145882215,Checkers,0,GAME_OVER,48,47,2,30,MCTS_CheckersHeuristic,MCTS_CheckersHeuristic
1434313481,Checkers,0,GAME_OVER,112,111,2,31,MCTS_CheckersHeuristic,MCTS_CheckersHeuristic
992721376,Checkers,0,GAME_OVER,45,44,2,32,MCTS_CheckersHeuristic,MCTS_CheckersHeuristic
377717458,Checkers,0,GAME_OVER,40,39,2,33,MCTS_CheckersHeuristic,MCTS_CheckersHeuristic
-985822224,Checkers,0,GAME_OVER,49,48,2,34,MCTS_CheckersHeuristic,MCTS_CheckersHeuristic
-1509471425,Checkers,0,GAME_OVER,37,36,2,35,MCTS_CheckersHeuristic,MCTS_CheckersHeuristic
-1984605897,Checkers,0,GAME_OVER,31,30,2,36,MCTS_CheckersHeuristic,MCTS_CheckersHeuristic
-1018813297,Checkers,0,GAME_OVER,39,38,2,37,MCTS_CheckersHeuristic,MCTS_CheckersHeuristic
-263026475,Checkers,0,GAME_OVER,47,46,2,38,MCTS_CheckersHeuristic,MCTS_CheckersHeuristic
1425820426,Checkers,0,GAME_OVER,62,61,2,39,MCTS_CheckersHeuristic,MCTS_CheckersHeuristic
897402481,Checkers,0,GAME_OVER,45,44,2,40,MCTS_CheckersHeuristic,MCTS_CheckersHeuristic
228926585,Checkers,0,GAME_OVER,39,38,2,41,MCTS_CheckersHeuristic,MCTS_CheckersHeuristic
1925143784,Checkers,0,GAME_OVER,101,100,2,42,MCTS_CheckersHeuristic,MCTS_CheckersHeuristic
1610400601,Checkers,0,GAME_OVER,45,44,2,43,MCTS_CheckersHeuristic,MCTS_CheckersHeuristic
1919779660,Checkers,0,GAME_OVER,42,41,2,44,MCTS_CheckersHeuristic,MCTS_CheckersHeuristic
-2053467740,Checkers,0,GAME_OVER,46,45,2,45,MCTS_CheckersHeuristic,MCTS_CheckersHeuristic
10865688,Checkers,0,GAME_OVER,44,43,2,46,MCTS_CheckersHeuristic,MCTS_CheckersHeuristic
1523135320,Checkers,0,GAME_OVER,42,41,2,47,MCTS_CheckersHeuristic,MCTS_CheckersHeuristic
-882753659,Checkers,0,GAME_OVER,38,37,2,48,MCTS_CheckersHeuristic,MCTS_CheckersHeuristic
-1324887762,Checkers,0,GAME_OVER,38,37,2,49,MCTS_CheckersHeuristic,MCTS_CheckersHeuristic
-1878153895,Checkers,0,GAME_OVER,33,32,2,50,MCTS_CheckersHeuristic,MCTS_CheckersHeuristic
-830949865,Checkers,0,GAME_OVER,42,41,2,51,MCTS_CheckersHeuristic,MCTS_CheckersHeuristic
959993777,Checkers,0,GAME_OVER,34,33,2,52,MCTS_CheckersHeuristic,MCTS_CheckersHeuristic
-1572663681,Checkers,0,GAME_OVER,65,64,2,53,MCTS_CheckersHeuristic,MCTS_CheckersHeuristic
-55924844,Checkers,0,GAME_OVER,53,52,2,54,MCTS_CheckersHeuristic,MCTS_CheckersHeuristic
1767814761,Checkers,0,GAME_OVER,36,35,2,55,MCTS_CheckersHeuristic,MCTS_CheckersHeuristic
1969864013,Checkers,0,GAME_OVER,46,45,2,56,MCTS_CheckersHeuristic,MCTS_CheckersHeuristic
1540680658,Checkers,0,GAME_OVER,47,46,2,57,MCTS_CheckersHeuristic,MCTS_CheckersHeuristic
501694943,Checkers,0,GAME_OVER,38,37,2,58,MCTS_CheckersHeuristic,MCTS_CheckersHeuristic
1379761422,Checkers,0,GAME_OVER,47,46,2,59,MCTS_CheckersHeuristic,MCTS_CheckersHeuristic
326652947,Checkers,0,GAME_OVER,39,38,2,60,MCTS_CheckersHeuristic,MCTS_CheckersHeuristic
-2025703691,Checkers,0,GAME_OVER,43,42,2,61,MCTS_CheckersHeuristic,MCTS_CheckersHeuristic
1876861678,Checkers,0,GAME_OVER,45,44,2,62,MCTS_CheckersHeuristic,MCTS_CheckersHeuristic
-1684996844,Checkers,0,GAME_OVER,43,42,2,63,MCTS_CheckersHeuristic,MCTS_CheckersHeuristic
-275197809,Checkers,0,GAME_OVER,43,42,2,64,MCTS_CheckersHeuristic,MCTS_CheckersHeuristic
-1607096756,Checkers,0,GAME_OVER,39,38,2,65,MCTS_CheckersHeuristic,MCTS_CheckersHeuristic
-1415328824,Checkers,0,GAME_OVER,42,41,2,66,MCTS_CheckersHeuristic,MCTS_CheckersHeuristic
1250919033,Checkers,0,GAME_OVER,43,42,2,67,MCTS_CheckersHeuristic,MCTS_CheckersHeuristic
-32216080,Checkers,0,GAME_OVER,57,56,2,68,MCTS_CheckersHeuristic,MCTS_CheckersHeuristic
-1474698725,Checkers,0,GAME_OVER,43,42,2,69,MCTS_CheckersHeuristic,MCTS_CheckersHeuristic
651860413,Checkers,0,GAME_OVER,43,42,2,70,MCTS_CheckersHeuristic,MCTS_CheckersHeuristic
1328817941,Checkers,0,GAME_OVER,46,45,2,71,MCTS_CheckersHeuristic,MCTS_CheckersHeuristic
-957251293,Checkers,0,GAME_OVER,120,119,2,72,MCTS_CheckersHeuristic,MCTS_CheckersHeuristic
1886674435,Checkers,0,GAME_OVER,40,39,2,73,MCTS_CheckersHeuristic,MCTS_CheckersHeuristic
428014486,Checkers,0,GAME_OVER,116,115,2,74,MCTS_CheckersHeuristic,MCTS_CheckersHeuristic
-243191370,Checkers,0,GAME_OVER,48,47,2,75,MCTS_CheckersHeuristic,MCTS_CheckersHeuristic
2044749597,Checkers,0,GAME_OVER,42,41,2,76,MCTS_CheckersHeuristic,MCTS_CheckersHeuristic
5621453,Checkers,0,GAME_OVER,43,42,2,77,MCTS_CheckersHeuristic,MCTS_CheckersHeuristic
-98187762,Checkers,0,GAME_OVER,42,41,2,78,MCTS_CheckersHeuristic,MCTS_CheckersHeuristic
-899234932,Checkers,0,GAME_OVER,41,40,2,79,MCTS_CheckersHeuristic,MCTS_CheckersHeuristic
-1200939912,Checkers,0,GAME_OVER,58,57,2,80,MCTS_CheckersHeuristic,MCTS_CheckersHeuristic
54331494,Checkers,0,GAME_OVER,73,72,2,81,MCTS_CheckersHeuristic,MCTS_CheckersHeuristic
-1349133439,Checkers,0,GAME_OVER,38,37,2,82,MCTS_CheckersHeuristic,MCTS_CheckersHeuristic
782006215,Checkers,0,GAME_OVER,51,50,2,83,MCTS_CheckersHeuristic,MCTS_CheckersHeuristic
-46426047,Checkers,0,GAME_OVER,38,37,2,84,MCTS_CheckersHeuristic,MCTS_CheckersHeuristic
1242968106,Checkers,0,GAME_OVER,47,46,2,85,MCTS_CheckersHeuristic,MCTS_CheckersHeuristic
191863523,Checkers,0,GAME_OVER,50,49,2,86,MCTS_CheckersHeuristic,MCTS_CheckersHeuristic
-1249715842,Checkers,0,GAME_OVER,36,35,2,87,MCTS_CheckersHeuristic,MCTS_CheckersHeuristic
3527695,Checkers,0,GAME_OVER,43,42,2,88,MCTS_CheckersHeuristic,MCTS_CheckersHeuristic
1909370724,Checkers,0,GAME_OVER,42,41,2,89,MCTS_CheckersHeuristic,MCTS_CheckersHeuristic
-1263810062,Checkers,0,GAME_OVER,52,51,2,90,MCTS_CheckersHeuristic,MCTS_CheckersHeuristic
403428306,Checkers,0,GAME_OVER,38,37,2,91,MCTS_CheckersHeuristic,MCTS_CheckersHeuristic
224387928,Checkers,0,GAME_OVER,62,61,2,92,MCTS_CheckersHeuristic,MCTS_CheckersHeuristic
-1030962667,Checkers,0,GAME_OVER,39,38,2,93,MCTS_CheckersHeuristic,MCTS_CheckersHeuristic
-1388679505,Checkers,0,GAME_OVER,43,42,2,94,MCTS_CheckersHeuristic,MCTS_CheckersHeuristic
1106739283,Checkers,0,GAME_OVER,46,45,2,95,MCTS_CheckersHeuristic,MCTS_CheckersHeuristic
-110908417,Checkers,0,GAME_OVER,43,42,2,96,MCTS_CheckersHeuristic,MCTS_CheckersHeuristic
1462762996,Checkers,0,GAME_OVER,44,43,2,97,MCTS_CheckersHeuristic,MCTS_CheckersHeuristic
-202552310,Checkers,0,GAME_OVER,44,43,2,98,MCTS_CheckersHeuristic,MCTS_CheckersHeuristic
-56297566,Checkers,0,GAME_OVER,38,37,2,99,MCTS_CheckersHeuristic,MCTS_CheckersHeuristic
119215152,Checkers,0,GAME_OVER,42,41,2,100,MCTS_CheckersHeuristic,MCTS_CheckersHeuristic
-493007434,Checkers,0,GAME_OVER,78,77,2,101,MCTS_CheckersHeuristic,MCTS_CheckersHeuristic
1681978843,Checkers,0,GAME_OVER,39,38,2,102,MCTS_CheckersHeuristic,MCTS_CheckersHeuristic
-594737066,Checkers,0,GAME_OVER,48,47,2,103,MCTS_CheckersHeuristic,MCTS_CheckersHeuristic
-1756317328,Checkers,0,GAME_OVER,36,35,2,104,MCTS_CheckersHeuristic,MCTS_CheckersHeuristic
-944186225,Checkers,0,GAME_OVER,42,41,2,105,MCTS_CheckersHeuristic,MCTS_CheckersHeuristic
185511961,Checkers,0,GAME_OVER,40,39,2,106,MCTS_CheckersHeuristic,MCTS_CheckersHeuristic
-76089309,Checkers,0,GAME_OVER,98,97,2,107,MCTS_CheckersHeuristic,MCTS_CheckersHeuristic
468485359,Checkers,0,GAME_OVER,43,42,2,108,MCTS_CheckersHeuristic,MCTS_CheckersHeuristic
1175762423,Checkers,0,GAME_OVER,36,35,2,109,MCTS_CheckersHeuristic,MCTS_CheckersHeuristic
1361087813,Checkers,0,GAME_OVER,44,43,2,110,MCTS_CheckersHeuristic,MCTS_CheckersHeuristic
-673860807,Checkers,0,GAME_OVER,117,116,2,111,MCTS_CheckersHeuristic,MCTS_CheckersHeuristic
1399107872,Checkers,0,GAME_OVER,43,42,2,112,MCTS_CheckersHeuristic,MCTS_CheckersHeuristic
-796713551,Checkers,0,GAME_OVER,43,42,2,113,MCTS_CheckersHeuristic,MCTS_CheckersHeuristic
-297500633,Checkers,0,GAME_OVER,40,39,2,114,MCTS_CheckersHeuristic,MCTS_CheckersHeuristic
1606290921,Checkers,0,GAME_OVER,47,46,2,115,MCTS_CheckersHeuristic,MCTS_CheckersHeuristic
-306113397,Checkers,0,GAME_OVER,42,41,2,116,MCTS_CheckersHeuristic,MCTS_CheckersHeuristic
405267464,Checkers,0,GAME_OVER,40,39,2,117,MCTS_CheckersHeuristic,MCTS_CheckersHeuristic
-669887300,Checkers,0,GAME_OVER,44,43,2,118,MCTS_CheckersHeuristic,MCTS_CheckersHeuristic
-1848836978,Checkers,0,GAME_OVER,40,39,2,119,MCTS_CheckersHeuristic,MCTS_CheckersHeuristic
587711969,Checkers,0,GAME_OVER,43,42,2,120,MCTS_CheckersHeuristic,MCTS_CheckersHeuristic
1318337115,Checkers,0,GAME_OVER,48,47,2,121,MCTS_CheckersHeuristic,MCTS_CheckersHeuristic
-899431314,Checkers,0,GAME_OVER,44,43,2,122,MCTS_CheckersHeuristic,MCTS_CheckersHeuristic
845079978,Checkers,0,GAME_OVER,59,58,2,123,MCTS_CheckersHeuristic,MCTS_CheckersHeuristic
-2134414000,Checkers,0,GAME_OVER,47,46,2,124,MCTS_CheckersHeuristic,MCTS_CheckersHeuristic
-1070806052,Checkers,0,GAME_OVER,36,35,2,125,MCTS_CheckersHeuristic,MCTS_CheckersHeuristic
-1950541435,Checkers,0,GAME_OVER,43,42,2,126,MCTS_CheckersHeuristic,MCTS_CheckersHeuristic
904360527,Checkers,0,GAME_OVER,44,43,2,127,MCTS_CheckersHeuristic,MCTS_CheckersHeuristic
-354101480,Checkers,0,GAME_OVER,40,39,2,128,MCTS_CheckersHeuristic,MCTS_CheckersHeuristic
1439833748,Checkers,0,GAME_OVER,76,75,2,129,MCTS_CheckersHeuristic,MCTS_CheckersHeuristic
1356338653,Checkers,0,GAME_OVER,41,40,2,130,MCTS_CheckersHeuristic,MCTS_CheckersHeuristic
-1270120257,Checkers,0,GAME_OVER,43,42,2,131,MCTS_CheckersHeuristic,MCTS_CheckersHeuristic
-266953890,Checkers,0,GAME_OVER,49,48,2,132,MCTS_CheckersHeuristic,MCTS_CheckersHeuristic
901742762,Checkers,0,GAME_OVER,36,35,2,133,MCTS_CheckersHeuristic,MCTS_CheckersHeuristic
929698009,Checkers,0,GAME_OVER,44,43,2,134,MCTS_CheckersHeuristic,MCTS_CheckersHeuristic
1662328150,Checkers,0,GAME_OVER,46,45,2,135,MCTS_CheckersHeuristic,MCTS_CheckersHeuristic
-1378685120,Checkers,0,GAME_OVER,50,49,2,136,MCTS_CheckersHeuristic,MCTS_CheckersHeuristic
-1877670429,Checkers,0,GAME_OVER,43,42,2,137,MCTS_CheckersHeuristic,MCTS_CheckersHeuristic
-2074509161,Checkers,0,GAME_OVER,43,42,2,138,MCTS_CheckersHeuristic,MCTS_CheckersHeuristic
-1082939992,Checkers,0,GAME_OVER,41,40,2,139,MCTS_CheckersHeuristic,MCTS_CheckersHeuristic
1864430377,Checkers,0,GAME_OVER,37,36,2,140,MCTS_CheckersHeuristic,MCTS_CheckersHeuristic
1472551276,Checkers,0,GAME_OVER,70,69,2,141,MCTS_CheckersHeuristic,MCTS_CheckersHeuristic
1680237156,Checkers,0,GAME_OVER,85,84,2,142,MCTS_CheckersHeuristic,MCTS_CheckersHeuristic
-1418167834,Checkers,0,GAME_OVER,40,39,2,143,MCTS_CheckersHeuristic,MCTS_CheckersHeuristic
1728057957,Checkers,0,GAME_OVER,48,47,2,144,MCTS_CheckersHeuristic,MCTS_CheckersHeuristic
-186095657,Checkers,0,GAME_OVER,44,43,2,145,MCTS_CheckersHeuristic,MCTS_CheckersHeuristic
1351366258,Checkers,0,GAME_OVER,39,38,2,146,MCTS_CheckersHeuristic,MCTS_CheckersHeuristic
1579344005,Checkers,0,GAME_OVER,42,41,2,147,MCTS_CheckersHeuristic,MCTS_CheckersHeuristic
-1490204681,Checkers,0,GAME_OVER,46,45,2,148,MCTS_CheckersHeuristic,MCTS_CheckersHeuristic
-570415773,Checkers,0,GAME_OVER,40,39,2,149,MCTS_CheckersHeuristic,MCTS_CheckersHeuristic
-610565432,Checkers,0,GAME_OVER,49,48,2,150,MCTS_CheckersHeuristic,MCTS_CheckersHeuristic
433324064,Checkers,0,GAME_OVER,47,46,2,151,MCTS_CheckersHeuristic,MCTS_CheckersHeuristic
406281386,Checkers,0,GAME_OVER,37,36,2,152,MCTS_CheckersHeuristic,MCTS_CheckersHeuristic
-87231360,Checkers,0,GAME_OVER,46,45,2,153,MCTS_CheckersHeuristic,MCTS_CheckersHeuristic
-1846275719,Checkers,0,GAME_OVER,42,41,2,154,MCTS_CheckersHeuristic,MCTS_CheckersHeuristic
1122898845,Checkers,0,GAME_OVER,169,168,2,155,MCTS_CheckersHeuristic,MCTS_CheckersHeuristic
1833988709,Checkers,0,GAME_OVER,44,43,2,156,MCTS_CheckersHeuristic,MCTS_CheckersHeuristic
19099793,Checkers,0,GAME_OVER,49,48,2,157,MCTS_CheckersHeuristic,MCTS_CheckersHeuristic
2057854488,Checkers,0,GAME_OVER,35,34,2,158,MCTS_CheckersHeuristic,MCTS_CheckersHeuristic
-1494205297,Checkers,0,GAME_OVER,46,45,2,159,MCTS_CheckersHeuristic,MCTS_CheckersHeuristic
375156931,Checkers,0,GAME_OVER,43,42,2,160,MCTS_CheckersHeuristic,MCTS_CheckersHeuristic
-351428365,Checkers,0,GAME_OVER,42,41,2,161,MCTS_CheckersHeuristic,MCTS_CheckersHeuristic
-1226447254,Checkers,0,GAME_OVER,56,55,2,162,MCTS_CheckersHeuristic,MCTS_CheckersHeuristic
764581851,Checkers,0,GAME_OVER,69,68,2,163,MCTS_CheckersHeuristic,MCTS_CheckersHeuristic
580986595,Checkers,0,GAME_OVER,48,47,2,164,MCTS_CheckersHeuristic,MCTS_CheckersHeuristic
-1046620099,Checkers,0,GAME_OVER,36,35,2,165,MCTS_CheckersHeuristic,MCTS_CheckersHeuristic
486888029,Checkers,0,GAME_OVER,46,45,2,166,MCTS_CheckersHeuristic,MCTS_CheckersHeuristic
-813926243,Checkers,0,GAME_OVER,50,49,2,167,MCTS_CheckersHeuristic,MCTS_CheckersHeuristic
125187708,Checkers,0,GAME_OVER,39,38,2,168,MCTS_CheckersHeuristic,MCTS_CheckersHeuristic
1366934473,Checkers,0,GAME_OVER,43,42,2,169,MCTS_CheckersHeuristic,MCTS_CheckersHeuristic
-849303751,Checkers,0,GAME_OVER,40,39,2,170,MCTS_CheckersHeuristic,MCTS_CheckersHeuristic
-1284969140,Checkers,0,GAME_OVER,72,71,2,171,MCTS_CheckersHeuristic,MCTS_CheckersHeuristic
-845145037,Checkers,0,GAME_OVER,38,37,2,172,MCTS_CheckersHeuristic,MCTS_CheckersHeuristic
-913805453,Checkers,0,GAME_OVER,45,44,2,173,MCTS_CheckersHeuristic,MCTS_CheckersHeuristic
-1971521003,Checkers,0,GAME_OVER,41,40,2,174,MCTS_CheckersHeuristic,MCTS_CheckersHeuristic
1227617051,Checkers,0,GAME_OVER,41,40,2,175,MCTS_CheckersHeuristic,MCTS_CheckersHeuristic
1457711408,Checkers,0,GAME_OVER,50,49,2,176,MCTS_CheckersHeuristic,MCTS_CheckersHeuristic
-1718206048,Checkers,0,GAME_OVER,80,79,2,177,MCTS_CheckersHeuristic,MCTS_CheckersHeuristic
-1527229045,Checkers,0,GAME_OVER,32,31,2,178,MCTS_CheckersHeuristic,MCTS_CheckersHeuristic
1414331298,Checkers,0,GAME_OVER,37,36,2,179,MCTS_CheckersHeuristic,MCTS_CheckersHeuristic
554598894,Checkers,0,GAME_OVER,46,45,2,180,MCTS_CheckersHeuristic,MCTS_CheckersHeuristic
1114518401,Checkers,0,GAME_OVER,42,41,2,181,MCTS_CheckersHeuristic,MCTS_CheckersHeuristic
360957615,Checkers,0,GAME_OVER,36,35,2,182,MCTS_CheckersHeuristic,MCTS_CheckersHeuristic
739354813,Checkers,0,GAME_OVER,64,63,2,183,MCTS_CheckersHeuristic,MCTS_CheckersHeuristic
495941202,Checkers,0,GAME_OVER,39,38,2,184,MCTS_CheckersHeuristic,MCTS_CheckersHeuristic
-887633511,Checkers,0,GAME_OVER,34,33,2,185,MCTS_CheckersHeuristic,MCTS_CheckersHeuristic
-1489189572,Checkers,0,GAME_OVER,41,40,2,186,MCTS_CheckersHeuristic,MCTS_CheckersHeuristic
1058923188,Checkers,0,GAME_OVER,40,39,2,187,MCTS_CheckersHeuristic,MCTS_CheckersHeuristic
833406719,Checkers,0,GAME_OVER,53,52,2,188,MCTS_CheckersHeuristic,MCTS_CheckersHeuristic
-1679978372,Checkers,0,GAME_OVER,62,61,2,189,MCTS_CheckersHeuristic,MCTS_CheckersHeuristic
171469584,Checkers,0,GAME_OVER,45,44,2,190,MCTS_CheckersHeuristic,MCTS_CheckersHeuristic
-1015239525,Checkers,0,GAME_OVER,41,40,2,191,MCTS_CheckersHeuristic,MCTS_CheckersHeuristic
-1655952408,Checkers,0,GAME_OVER,43,42,2,192,MCTS_CheckersHeuristic,MCTS_CheckersHeuristic
-4709928,Checkers,0,GAME_OVER,46,45,2,193,MCTS_CheckersHeuristic,MCTS_CheckersHeuristic
742797018,Checkers,0,GAME_OVER,47,46,2,194,MCTS_CheckersHeuristic,MCTS_CheckersHeuristic
-1422435588,Checkers,0,GAME_OVER,42,41,2,195,MCTS_CheckersHeuristic,MCTS_CheckersHeuristic
-1852067803,Checkers,0,GAME_OVER,43,42,2,196,MCTS_CheckersHeuristic,MCTS_CheckersHeuristic
737539513,Checkers,0,GAME_OVER,39,38,2,197,MCTS_CheckersHeuristic,MCTS_CheckersHeuristic
605492753,Checkers,0,GAME_OVER,42,41,2,198,MCTS_CheckersHeuristic,MCTS_CheckersHeuristic
-1613295438,Checkers,0,GAME_OVER,64,63,2,199,MCTS_CheckersHeuristic,MCTS_CheckersHeuristic
2006497034,Checkers,0,GAME_OVER,45,44,2,200,MCTS_CheckersHeuristic,MCTS_CheckersHeuristic
-1665629176,Checkers,0,GAME_OVER,44,43,2,201,MCTS_CheckersHeuristic,MCTS_CheckersHeuristic
-1126811814,Checkers,0,GAME_OVER,106,105,2,202,OSLA,MCTS_CheckersHeuristic
-1854791702,Checkers,0,GAME_OVER,40,39,2,203,OSLA,MCTS_CheckersHeuristic
-1761392996,Checkers,0,GAME_OVER,67,66,2,204,OSLA,MCTS_CheckersHeuristic
1190084556,Checkers,0,GAME_OVER,93,92,2,205,OSLA,MCTS_CheckersHeuristic
134562684,Checkers,0,GAME_OVER,72,71,2,206,OSLA,MCTS_CheckersHeuristic
213330350,Checkers,0,GAME_OVER,105,104,2,207,OSLA,MCTS_CheckersHeuristic
-974643853,Checkers,0,GAME_OVER,86,85,2,208,OSLA,MCTS_CheckersHeuristic
-513454553,Checkers,0,GAME_OVER,43,42,2,209,OSLA,MCTS_CheckersHeuristic
514392549,Checkers,0,GAME_OVER,46,45,2,210,OSLA,MCTS_CheckersHeuristic
500056579,Checkers,0,GAME_OVER,50,49,2,211,OSLA,MCTS_CheckersHeuristic
1197348627,Checkers,0,GAME_OVER,42,41,2,212,OSLA,MCTS_CheckersHeuristic
611704885,Checkers,0,GAME_OVER,77,76,2,213,OSLA,MCTS_CheckersHeuristic
1073468091,Checkers,0,GAME_OVER,50,49,2,214,OSLA,MCTS_CheckersHeuristic
-2079133931,Checkers,0,GAME_OVER,91,90,2,215,OSLA,MCTS_CheckersHeuristic
900962656,Checkers,0,GAME_OVER,46,45,2,216,OSLA,MCTS_CheckersHeuristic
-1105320639,Checkers,0,GAME_OVER,42,41,2,217,OSLA,MCTS_CheckersHeuristic
-1276645753,Checkers,0,GAME_OVER,35,34,2,218,OSLA,MCTS_CheckersHeuristic
2066220240,Checkers,0,GAME_OVER,102,101,2,219,OSLA,MCTS_CheckersHeuristic
134392692,Checkers,0,GAME_OVER,31,30,2,220,OSLA,MCTS_CheckersHeuristic
-595867711,Checkers,0,GAME_OVER,75,74,2,221,OSLA,MCTS_CheckersHeuristic
-1423916759,Checkers,0,GAME_OVER,142,141,2,222,OSLA,MCTS_CheckersHeuristic
1584043718,Checkers,0,GAME_OVER,41,40,2,223,OSLA,MCTS_CheckersHeuristic
631557042,Checkers,0,GAME_OVER,39,38,2,224,OSLA,MCTS_CheckersHeuristic
-1159394339,Checkers,0,GAME_OVER,38,37,2,225,OSLA,MCTS_CheckersHeuristic
-1753055221,Checkers,0,GAME_OVER,80,79,2,226,OSLA,MCTS_CheckersHeuristic
-1165515690,Checkers,0,GAME_OVER,44,43,2,227,OSLA,MCTS_CheckersHeuristic
-993684709,Checkers,0,GAME_OVER,76,75,2,228,OSLA,MCTS_CheckersHeuristic
-1903832526,Checkers,0,GAME_OVER,63,62,2,229,OSLA,MCTS_CheckersHeuristic
-2145882215,Checkers,0,GAME_OVER,69,68,2,230,OSLA,MCTS_CheckersHeuristic
1434313481,Checkers,0,GAME_OVER,61,60,2,231,OSLA,MCTS_CheckersHeuristic
992721376,Checkers,0,GAME_OVER,153,152,2,232,OSLA,MCTS_CheckersHeuristic
377717458,Checkers,0,GAME_OVER,39,38,2,233,OSLA,MCTS_CheckersHeuristic
-985822224,Checkers,0,GAME_OVER,34,33,2,234,OSLA,MCTS_CheckersHeuristic
-1509471425,Checkers,0,GAME_OVER,47,46,2,235,OSLA,MCTS_CheckersHeuristic
-1984605897,Checkers,0,GAME_OVER,40,39,2,236,OSLA,MCTS_CheckersHeuristic
-1018813297,Checkers,0,GAME_OVER,42,41,2,237,OSLA,MCTS_CheckersHeuristic
-263026475,Checkers,0,GAME_OVER,58,57,2,238,OSLA,MCTS_CheckersHeuristic
1425820426,Checkers,0,GAME_OVER,46,45,2,239,OSLA,MCTS_CheckersHeuristic
897402481,Checkers,0,GAME_OVER,42,41,2,240,OSLA,MCTS_CheckersHeuristic
228926585,Checkers,0,GAME_OVER,45,44,2,241,OSLA,MCTS_CheckersHeuristic
1925143784,Checkers,0,GAME_OVER,83,82,2,242,OSLA,MCTS_CheckersHeuristic
1610400601,Checkers,0,GAME_OVER,78,77,2,243,OSLA,MCTS_CheckersHeuristic
1919779660,Checkers,0,GAME_OVER,36,35,2,244,OSLA,MCTS_CheckersHeuristic
-2053467740,Checkers,0,GAME_OVER,78,77,2,245,OSLA,MCTS_CheckersHeuristic
10865688,Checkers,0,GAME_OVER,76,75,2,246,OSLA,MCTS_CheckersHeuristic
1523135320,Checkers,0,GAME_OVER,39,38,2,247,OSLA,MCTS_CheckersHeuristic
-882753659,Checkers,0,GAME_OVER,126,125,2,248,OSLA,MCTS_CheckersHeuristic
-1324887762,Checkers,0,GAME_OVER,46,45,2,249,OSLA,MCTS_CheckersHeuristic
-1878153895,Checkers,0,GAME_OVER,96,95,2,250,OSLA,MCTS_CheckersHeuristic
-830949865,Checkers,0,GAME_OVER,59,58,2,251,OSLA,MCTS_CheckersHeuristic
959993777,Checkers,0,GAME_OVER,43,42,2,252,OSLA,MCTS_CheckersHeuristic
-1572663681,Checkers,0,GAME_OVER,45,44,2,253,OSLA,MCTS_CheckersHeuristic
-55924844,Checkers,0,GAME_OVER,42,41,2,254,OSLA,MCTS_CheckersHeuristic
1767814761,Checkers,0,GAME_OVER,44,43,2,255,OSLA,MCTS_CheckersHeuristic
1969864013,Checkers,0,GAME_OVER,45,44,2,256,OSLA,MCTS_CheckersHeuristic
1540680658,Checkers,0,GAME_OVER,86,85,2,257,OSLA,MCTS_CheckersHeuristic
501694943,Checkers,0,GAME_OVER,42,41,2,258,OSLA,MCTS_CheckersHeuristic
1379761422,Checkers,0,GAME_OVER,40,39,2,259,OSLA,MCTS_CheckersHeuristic
326652947,Checkers,0,GAME_OVER,41,40,2,260,OSLA,MCTS_CheckersHeuristic
-2025703691,Checkers,0,GAME_OVER,44,43,2,261,OSLA,MCTS_CheckersHeuristic
1876861678,Checkers,0,GAME_OVER,43,42,2,262,OSLA,MCTS_CheckersHeuristic
-1684996844,Checkers,0,GAME_OVER,117,116,2,263,OSLA,MCTS_CheckersHeuristic
-275197809,Checkers,0,GAME_OVER,99,98,2,264,OSLA,MCTS_CheckersHeuristic
-1607096756,Checkers,0,GAME_OVER,116,115,2,265,OSLA,MCTS_CheckersHeuristic
-1415328824,Checkers,0,GAME_OVER,33,32,2,266,OSLA,MCTS_CheckersHeuristic
1250919033,Checkers,0,GAME_OVER,32,31,2,267,OSLA,MCTS_CheckersHeuristic
-32216080,Checkers,0,GAME_OVER,36,35,2,268,OSLA,MCTS_CheckersHeuristic
-1474698725,Checkers,0,GAME_OVER,35,34,2,269,OSLA,MCTS_CheckersHeuristic
651860413,Checkers,0,GAME_OVER,105,104,2,270,OSLA,MCTS_CheckersHeuristic
1328817941,Checkers,0,GAME_OVER,44,43,2,271,OSLA,MCTS_CheckersHeuristic
-957251293,Checkers,0,GAME_OVER,42,41,2,272,OSLA,MCTS_CheckersHeuristic
1886674435,Checkers,0,GAME_OVER,93,92,2,273,OSLA,MCTS_CheckersHeuristic
428014486,Checkers,0,GAME_OVER,83,82,2,274,OSLA,MCTS_CheckersHeuristic
-243191370,Checkers,0,GAME_OVER,36,35,2,275,OSLA,MCTS_CheckersHeuristic
2044749597,Checkers,0,GAME_OVER,110,109,2,276,OSLA,MCTS_CheckersHeuristic
5621453,Checkers,0,GAME_OVER,38,37,2,277,OSLA,MCTS_CheckersHeuristic
-98187762,Checkers,0,GAME_OVER,46,45,2,278,OSLA,MCTS_CheckersHeuristic
-899234932,Checkers,0,GAME_OVER,47,46,2,279,OSLA,MCTS_CheckersHeuristic
-1200939912,Checkers,0,GAME_OVER,34,33,2,280,OSLA,MCTS_CheckersHeuristic
54331494,Checkers,0,GAME_OVER,78,77,2,281,OSLA,MCTS_CheckersHeuristic
-1349133439,Checkers,0,GAME_OVER,47,46,2,282,OSLA,MCTS_CheckersHeuristic
782006215,Checkers,0,GAME_OVER,80,79,2,283,OSLA,MCTS_CheckersHeuristic
-46426047,Checkers,0,GAME_OVER,44,43,2,284,OSLA,MCTS_CheckersHeuristic
1242968106,Checkers,0,GAME_OVER,40,39,2,285,OSLA,MCTS_CheckersHeuristic
191863523,Checkers,0,GAME_OVER,42,41,2,286,OSLA,MCTS_CheckersHeuristic
-1249715842,Checkers,0,GAME_OVER,33,32,2,287,OSLA,MCTS_CheckersHeuristic
3527695,Checkers,0,GAME_OVER,132,131,2,288,OSLA,MCTS_CheckersHeuristic
1909370724,Checkers,0,GAME_OVER,72,71,2,289,OSLA,MCTS_CheckersHeuristic
-1263810062,Checkers,0,GAME_OVER,35,34,2,290,OSLA,MCTS_CheckersHeuristic
403428306,Checkers,0,GAME_OVER,87,86,2,291,OSLA,MCTS_CheckersHeuristic
224387928,Checkers,0,GAME_OVER,38,37,2,292,OSLA,MCTS_CheckersHeuristic
-1030962667,Checkers,0,GAME_OVER,42,41,2,293,OSLA,MCTS_CheckersHeuristic
-1388679505,Checkers,0,GAME_OVER,84,83,2,294,OSLA,MCTS_CheckersHeuristic
1106739283,Checkers,0,GAME_OVER,63,62,2,295,OSLA,MCTS_CheckersHeuristic
-110908417,Checkers,0,GAME_OVER,43,42,2,296,OSLA,MCTS_CheckersHeuristic
1462762996,Checkers,0,GAME_OVER,54,53,2,297,OSLA,MCTS_CheckersHeuristic
-202552310,Checkers,0,GAME_OVER,42,41,2,298,OSLA,MCTS_CheckersHeuristic
-56297566,Checkers,0,GAME_OVER,91,90,2,299,OSLA,MCTS_CheckersHeuristic
119215152,Checkers,0,GAME_OVER,46,45,2,300,OSLA,MCTS_CheckersHeuristic
-493007434,Checkers,0,GAME_OVER,65,64,2,301,OSLA,MCTS_CheckersHeuristic
1681978843,Checkers,0,GAME_OVER,121,120,2,302,OSLA,MCTS_CheckersHeuristic
-594737066,Checkers,0,GAME_OVER,134,133,2,303,OSLA,MCTS_CheckersHeuristic
-1756317328,Checkers,0,GAME_OVER,60,59,2,304,OSLA,MCTS_CheckersHeuristic
-944186225,Checkers,0,GAME_OVER,43,42,2,305,OSLA,MCTS_CheckersHeuristic
185511961,Checkers,0,GAME_OVER,35,34,2,306,OSLA,MCTS_CheckersHeuristic
-76089309,Checkers,0,GAME_OVER,51,50,2,307,OSLA,MCTS_CheckersHeuristic
468485359,Checkers,0,GAME_OVER,62,61,2,308,OSLA,MCTS_CheckersHeuristic
1175762423,Checkers,0,GAME_OVER,95,94,2,309,OSLA,MCTS_CheckersHeuristic
1361087813,Checkers,0,GAME_OVER,36,35,2,310,OSLA,MCTS_CheckersHeuristic
-673860807,Checkers,0,GAME_OVER,35,34,2,311,OSLA,MCTS_CheckersHeuristic
1399107872,Checkers,0,GAME_OVER,116,115,2,312,OSLA,MCTS_CheckersHeuristic
-796713551,Checkers,0,GAME_OVER,70,69,2,313,OSLA,MCTS_CheckersHeuristic
-297500633,Checkers,0,GAME_OVER,70,69,2,314,OSLA,MCTS_CheckersHeuristic
1606290921,Checkers,0,GAME_OVER,68,67,2,315,OSLA,MCTS_CheckersHeuristic
-306113397,Checkers,0,GAME_OVER,50,49,2,316,OSLA,MCTS_CheckersHeuristic
405267464,Checkers,0,GAME_OVER,135,134,2,317,OSLA,MCTS_CheckersHeuristic
-669887300,Checkers,0,GAME_OVER,110,109,2,318,OSLA,MCTS_CheckersHeuristic
-1848836978,Checkers,0,GAME_OVER,59,58,2,319,OSLA,MCTS_CheckersHeuristic
587711969,Checkers,0,GAME_OVER,37,36,2,320,OSLA,MCTS_CheckersHeuristic
1318337115,Checkers,0,GAME_OVER,39,38,2,321,OSLA,MCTS_CheckersHeuristic
-899431314,Checkers,0,GAME_OVER,35,34,2,322,OSLA,MCTS_CheckersHeuristic
845079978,Checkers,0,GAME_OVER,69,68,2,323,OSLA,MCTS_CheckersHeuristic
-2134414000,Checkers,0,GAME_OVER,39,38,2,324,OSLA,MCTS_CheckersHeuristic
-1070806052,Checkers,0,GAME_OVER,52,51,2,325,OSLA,MCTS_CheckersHeuristic
-1950541435,Checkers,0,GAME_OVER,45,44,2,326,OSLA,MCTS_CheckersHeuristic
904360527,Checkers,0,GAME_OVER,112,111,2,327,OSLA,MCTS_CheckersHeuristic
-354101480,Checkers,0,GAME_OVER,52,51,2,328,OSLA,MCTS_CheckersHeuristic
1439833748,Checkers,0,GAME_OVER,39,38,2,329,OSLA,MCTS_CheckersHeuristic
1356338653,Checkers,0,GAME_OVER,36,35,2,330,OSLA,MCTS_CheckersHeuristic
-1270120257,Checkers,0,GAME_OVER,79,78,2,331,OSLA,MCTS_CheckersHeuristic
-266953890,Checkers,0,GAME_OVER,46,45,2,332,OSLA,MCTS_CheckersHeuristic
901742762,Checkers,0,GAME_OVER,37,36,2,333,OSLA,MCTS_CheckersHeuristic
929698009,Checkers,0,GAME_OVER,38,37,2,334,OSLA,MCTS_CheckersHeuristic
1662328150,Checkers,0,GAME_OVER,37,36,2,335,OSLA,MCTS_CheckersHeuristic
-1378685120,Checkers,0,GAME_OVER,34,33,2,336,OSLA,MCTS_CheckersHeuristic
-1877670429,Checkers,0,GAME_OVER,38,37,2,337,OSLA,MCTS_CheckersHeuristic
-2074509161,Checkers,0,GAME_OVER,41,40,2,338,OSLA,MCTS_CheckersHeuristic
-1082939992,Checkers,0,GAME_OVER,68,67,2,339,OSLA,MCTS_CheckersHeuristic
1864430377,Checkers,0,GAME_OVER,42,41,2,340,OSLA,MCTS_CheckersHeuristic
1472551276,Checkers,0,GAME_OVER,105,104,2,341,OSLA,MCTS_CheckersHeuristic
1680237156,Checkers,0,GAME_OVER,41,40,2,342,OSLA,MCTS_CheckersHeuristic
-1418167834,Checkers,0,GAME_OVER,45,44,2,343,OSLA,MCTS_CheckersHeuristic
1728057957,Checkers,0,GAME_OVER,51,50,2,344,OSLA,MCTS_CheckersHeuristic
-186095657,Checkers,0,GAME_OVER,43,42,2,345,OSLA,MCTS_CheckersHeuristic
1351366258,Checkers,0,GAME_OVER,69,68,2,346,OSLA,MCTS_CheckersHeuristic
1579344005,Checkers,0,GAME_OVER,151,150,2,347,OSLA,MCTS_CheckersHeuristic
-1490204681,Checkers,0,GAME_OVER,44,43,2,348,OSLA,MCTS_CheckersHeuristic
-570415773,Checkers,0,GAME_OVER,101,100,2,349,OSLA,MCTS_CheckersHeuristic
-610565432,Checkers,0,GAME_OVER,92,91,2,350,OSLA,MCTS_CheckersHeuristic
433324064,Checkers,0,GAME_OVER,44,43,2,351,OSLA,MCTS_CheckersHeuristic
406281386,Checkers,0,GAME_OVER,111,110,2,352,OSLA,MCTS_CheckersHeuristic
-87231360,Checkers,0,GAME_OVER,48,47,2,353,OSLA,MCTS_CheckersHeuristic
-1846275719,Checkers,0,GAME_OVER,73,72,2,354,OSLA,MCTS_CheckersHeuristic
1122898845,Checkers,0,GAME_OVER,120,119,2,355,OSLA,MCTS_CheckersHeuristic
1833988709,Checkers,0,GAME_OVER,58,57,2,356,OSLA,MCTS_CheckersHeuristic
19099793,Checkers,0,GAME_OVER,47,46,2,357,OSLA,MCTS_CheckersHeuristic
2057854488,Checkers,0,GAME_OVER,40,39,2,358,OSLA,MCTS_CheckersHeuristic
-1494205297,Checkers,0,GAME_OVER,70,69,2,359,OSLA,MCTS_CheckersHeuristic
375156931,Checkers,0,GAME_OVER,53,52,2,360,OSLA,MCTS_CheckersHeuristic
-351428365,Checkers,0,GAME_OVER,79,78,2,361,OSLA,MCTS_CheckersHeuristic
-1226447254,Checkers,0,GAME_OVER,27,26,2,362,OSLA,MCTS_CheckersHeuristic
764581851,Checkers,0,GAME_OVER,86,85,2,363,OSLA,MCTS_CheckersHeuristic
580986595,Checkers,0,GAME_OVER,46,45,2,364,OSLA,MCTS_CheckersHeuristic
-1046620099,Checkers,0,GAME_OVER,82,81,2,365,OSLA,MCTS_CheckersHeuristic
486888029,Checkers,0,GAME_OVER,139,138,2,366,OSLA,MCTS_CheckersHeuristic
-813926243,Checkers,0,GAME_OVER,89,88,2,367,OSLA,MCTS_CheckersHeuristic
125187708,Checkers,0,GAME_OVER,109,108,2,368,OSLA,MCTS_CheckersHeuristic
1366934473,Checkers,0,GAME_OVER,49,48,2,369,OSLA,MCTS_CheckersHeuristic
-849303751,Checkers,0,GAME_OVER,44,43,2,370,OSLA,MCTS_CheckersHeuristic
-1284969140,Checkers,0,GAME_OVER,83,82,2,371,OSLA,MCTS_CheckersHeuristic
-845145037,Checkers,0,GAME_OVER,42,41,2,372,OSLA,MCTS_CheckersHeuristic
-913805453,Checkers,0,GAME_OVER,112,111,2,373,OSLA,MCTS_CheckersHeuristic
-1971521003,Checkers,0,GAME_OVER,89,88,2,374,OSLA,MCTS_CheckersHeuristic
1227617051,Checkers,0,GAME_OVER,44,43,2,375,OSLA,MCTS_CheckersHeuristic
1457711408,Checkers,0,GAME_OVER,34,33,2,376,OSLA,MCTS_CheckersHeuristic
-1718206048,Checkers,0,GAME_OVER,76,75,2,377,OSLA,MCTS_CheckersHeuristic
-1527229045,Checkers,0,GAME_OVER,51,50,2,378,OSLA,MCTS_CheckersHeuristic
1414331298,Checkers,0,GAME_OVER,80,79,2,379,OSLA,MCTS_CheckersHeuristic
554598894,Checkers,0,GAME_OVER,46,45,2,380,OSLA,MCTS_CheckersHeuristic
1114518401,Checkers,0,GAME_OVER,44,43,2,381,OSLA,MCTS_CheckersHeuristic
360957615,Checkers,0,GAME_OVER,42,41,2,382,OSLA,MCTS_CheckersHeuristic
739354813,Checkers,0,GAME_OVER,38,37,2,383,OSLA,MCTS_CheckersHeuristic
495941202,Checkers,0,GAME_OVER,157,156,2,384,OSLA,MCTS_CheckersHeuristic
-887633511,Checkers,0,GAME_OVER,71,70,2,385,OSLA,MCTS_CheckersHeuristic
-1489189572,Checkers,0,GAME_OVER,87,86,2,386,OSLA,MCTS_CheckersHeuristic
1058923188,Checkers,0,GAME_OVER,92,91,2,387,OSLA,MCTS_CheckersHeuristic
833406719,Checkers,0,GAME_OVER,68,67,2,388,OSLA,MCTS_CheckersHeuristic
-1679978372,Checkers,0,GAME_OVER,97,96,2,389,OSLA,MCTS_CheckersHeuristic
171469584,Checkers,0,GAME_OVER,41,40,2,390,OSLA,MCTS_CheckersHeuristic
-1015239525,Checkers,0,GAME_OVER,94,93,2,391,OSLA,MCTS_CheckersHeuristic
-1655952408,Checkers,0,GAME_OVER,43,42,2,392,OSLA,MCTS_CheckersHeuristic
-4709928,Checkers,0,GAME_OVER,122,121,2,393,OSLA,MCTS_CheckersHeuristic
742797018,Checkers,0,GAME_OVER,79,78,2,394,OSLA,MCTS_CheckersHeuristic
-1422435588,Checkers,0,GAME_OVER,36,35,2,395,OSLA,MCTS_CheckersHeuristic
-1852067803,Checkers,0,GAME_OVER,34,33,2,396,OSLA,MCTS_CheckersHeuristic
737539513,Checkers,0,GAME_OVER,35,34,2,397,OSLA,MCTS_CheckersHeuristic
605492753,Checkers,0,GAME_OVER,31,30,2,398,OSLA,MCTS_CheckersHeuristic
-1613295438,Checkers,0,GAME_OVER,49,48,2,399,OSLA,MCTS_CheckersHeuristic
2006497034,Checkers,0,GAME_OVER,38,37,2,400,OSLA,MCTS_CheckersHeuristic
-1665629176,Checkers,0,GAME_OVER,33,32,2,401,OSLA,MCTS_CheckersHeuristic
-1126811814,Checkers,0,GAME_OVER,45,44,2,402,RandomPlayerConfig,MCTS_CheckersHeuristic
-1854791702,Checkers,0,GAME_OVER,37,36,2,403,RandomPlayerConfig,MCTS_CheckersHeuristic
-1761392996,Checkers,0,GAME_OVER,43,42,2,404,RandomPlayerConfig,MCTS_CheckersHeuristic
1190084556,Checkers,0,GAME_OVER,48,47,2,405,RandomPlayerConfig,MCTS_CheckersHeuristic
134562684,Checkers,0,GAME_OVER,44,43,2,406,RandomPlayerConfig,MCTS_CheckersHeuristic
213330350,Checkers,0,GAME_OVER,48,47,2,407,RandomPlayerConfig,MCTS_CheckersHeuristic
-974643853,Checkers,0,GAME_OVER,47,46,2,408,RandomPlayerConfig,MCTS_CheckersHeuristic
-513454553,Checkers,0,GAME_OVER,56,55,2,409,RandomPlayerConfig,MCTS_CheckersHeuristic
514392549,Checkers,0,GAME_OVER,48,47,2,410,RandomPlayerConfig,MCTS_CheckersHeuristic
500056579,Checkers,0,GAME_OVER,40,39,2,411,RandomPlayerConfig,MCTS_CheckersHeuristic
1197348627,Checkers,0,GAME_OVER,51,50,2,412,RandomPlayerConfig,MCTS_CheckersHeuristic
611704885,Checkers,0,GAME_OVER,72,71,2,413,RandomPlayerConfig,MCTS_CheckersHeuristic
1073468091,Checkers,0,GAME_OVER,46,45,2,414,RandomPlayerConfig,MCTS_CheckersHeuristic
-2079133931,Checkers,0,GAME_OVER,49,48,2,415,RandomPlayerConfig,MCTS_CheckersHeuristic
900962656,Checkers,0,GAME_OVER,46,45,2,416,RandomPlayerConfig,MCTS_CheckersHeuristic
-1105320639,Checkers,0,GAME_OVER,46,45,2,417,RandomPlayerConfig,MCTS_CheckersHeuristic
-1276645753,Checkers,0,GAME_OVER,46,45,2,418,RandomPlayerConfig,MCTS_CheckersHeuristic
2066220240,Checkers,0,GAME_OVER,46,45,2,419,RandomPlayerConfig,MCTS_CheckersHeuristic
134392692,Checkers,0,GAME_OVER,39,38,2,420,RandomPlayerConfig,MCTS_CheckersHeuristic
-595867711,Checkers,0,GAME_OVER,44,43,2,421,RandomPlayerConfig,MCTS_CheckersHeuristic
-1423916759,Checkers,0,GAME_OVER,48,47,2,422,RandomPlayerConfig,MCTS_CheckersHeuristic
1584043718,Checkers,0,GAME_OVER,42,41,2,423,RandomPlayerConfig,MCTS_CheckersHeuristic
631557042,Checkers,0,GAME_OVER,47,46,2,424,RandomPlayerConfig,MCTS_CheckersHeuristic
-1159394339,Checkers,0,GAME_OVER,39,38,2,425,RandomPlayerConfig,MCTS_CheckersHeuristic
-1753055221,Checkers,0,GAME_OVER,50,49,2,426,RandomPlayerConfig,MCTS_CheckersHeuristic
-1165515690,Checkers,0,GAME_OVER,43,42,2,427,RandomPlayerConfig,MCTS_CheckersHeuristic
-993684709,Checkers,0,GAME_OVER,43,42,2,428,RandomPlayerConfig,MCTS_CheckersHeuristic
-1903832526,Checkers,0,GAME_OVER,65,64,2,429,RandomPlayerConfig,MCTS_CheckersHeuristic
-2145882215,Checkers,0,GAME_OVER,41,40,2,430,RandomPlayerConfig,MCTS_CheckersHeuristic
1434313481,Checkers,0,GAME_OVER,46,45,2,431,RandomPlayerConfig,MCTS_CheckersHeuristic
992721376,Checkers,0,GAME_OVER,43,42,2,432,RandomPlayerConfig,MCTS_CheckersHeuristic
377717458,Checkers,0,GAME_OVER,51,50,2,433,RandomPlayerConfig,MCTS_CheckersHeuristic
-985822224,Checkers,0,GAME_OVER,43,42,2,434,RandomPlayerConfig,MCTS_CheckersHeuristic
-1509471425,Checkers,0,GAME_OVER,44,43,2,435,RandomPlayerConfig,MCTS_CheckersHeuristic
-1984605897,Checkers,0,GAME_OVER,78,77,2,436,RandomPlayerConfig,MCTS_CheckersHeuristic
-1018813297,Checkers,0,GAME_OVER,41,40,2,437,RandomPlayerConfig,MCTS_CheckersHeuristic
-263026475,Checkers,0,GAME_OVER,39,38,2,438,RandomPlayerConfig,MCTS_CheckersHeuristic
1425820426,Checkers,0,GAME_OVER,45,44,2,439,RandomPlayerConfig,MCTS_CheckersHeuristic
897402481,Checkers,0,GAME_OVER,56,55,2,440,RandomPlayerConfig,MCTS_CheckersHeuristic
228926585,Checkers,0,GAME_OVER,42,41,2,441,RandomPlayerConfig,MCTS_CheckersHeuristic
1925143784,Checkers,0,GAME_OVER,57,56,2,442,RandomPlayerConfig,MCTS_CheckersHeuristic
1610400601,Checkers,0,GAME_OVER,51,50,2,443,RandomPlayerConfig,MCTS_CheckersHeuristic
1919779660,Checkers,0,GAME_OVER,47,46,2,444,RandomPlayerConfig,MCTS_CheckersHeuristic
-2053467740,Checkers,0,GAME_OVER,52,51,2,445,RandomPlayerConfig,MCTS_CheckersHeuristic
10865688,Checkers,0,GAME_OVER,44,43,2,446,RandomPlayerConfig,MCTS_CheckersHeuristic
1523135320,Checkers,0,GAME_OVER,41,40,2,447,RandomPlayerConfig,MCTS_CheckersHeuristic
-882753659,Checkers,0,GAME_OVER,42,41,2,448,RandomPlayerConfig,MCTS_CheckersHeuristic
-1324887762,Checkers,0,GAME_OVER,53,52,2,449,RandomPlayerConfig,MCTS_CheckersHeuristic
-1878153895,Checkers,0,GAME_OVER,55,54,2,450,RandomPlayerConfig,MCTS_CheckersHeuristic
-830949865,Checkers,0,GAME_OVER,42,41,2,451,RandomPlayerConfig,MCTS_CheckersHeuristic
959993777,Checkers,0,GAME_OVER,46,45,2,452,RandomPlayerConfig,MCTS_CheckersHeuristic
-1572663681,Checkers,0,GAME_OVER,60,59,2,453,RandomPlayerConfig,MCTS_CheckersHeuristic
-55924844,Checkers,0,GAME_OVER,51,50,2,454,RandomPlayerConfig,MCTS_CheckersHeuristic
1767814761,Checkers,0,GAME_OVER,39,38,2,455,RandomPlayerConfig,MCTS_CheckersHeuristic
1969864013,Checkers,0,GAME_OVER,45,44,2,456,RandomPlayerConfig,MCTS_CheckersHeuristic
1540680658,Checkers,0,GAME_OVER,65,64,2,457,RandomPlayerConfig,MCTS_CheckersHeuristic
501694943,Checkers,0,GAME_OVER,40,39,2,458,RandomPlayerConfig,MCTS_CheckersHeuristic
1379761422,Checkers,0,GAME_OVER,43,42,2,459,RandomPlayerConfig,MCTS_CheckersHeuristic
326652947,Checkers,0,GAME_OVER,44,43,2,460,RandomPlayerConfig,MCTS_CheckersHeuristic
-2025703691,Checkers,0,GAME_OVER,46,45,2,461,RandomPlayerConfig,MCTS_CheckersHeuristic
1876861678,Checkers,0,GAME_OVER,49,48,2,462,RandomPlayerConfig,MCTS_CheckersHeuristic
-1684996844,Checkers,0,GAME_OVER,51,50,2,463,RandomPlayerConfig,MCTS_CheckersHeuristic
-275197809,Checkers,0,GAME_OVER,48,47,2,464,RandomPlayerConfig,MCTS_CheckersHeuristic
-1607096756,Checkers,0,GAME_OVER,56,55,2,465,RandomPlayerConfig,MCTS_CheckersHeuristic
-1415328824,Checkers,0,GAME_OVER,45,44,2,466,RandomPlayerConfig,MCTS_CheckersHeuristic
1250919033,Checkers,0,GAME_OVER,47,46,2,467,RandomPlayerConfig,MCTS_CheckersHeuristic
-32216080,Checkers,0,GAME_OVER,51,50,2,468,RandomPlayerConfig,MCTS_CheckersHeuristic
-1474698725,Checkers,0,GAME_OVER,43,42,2,469,RandomPlayerConfig,MCTS_CheckersHeuristic
651860413,Checkers,0,GAME_OVER,45,44,2,470,RandomPlayerConfig,MCTS_CheckersHeuristic
1328817941,Checkers,0,GAME_OVER,53,52,2,471,RandomPlayerConfig,MCTS_CheckersHeuristic
-957251293,Checkers,0,GAME_OVER,42,41,2,472,RandomPlayerConfig,MCTS_CheckersHeuristic
1886674435,Checkers,0,GAME_OVER,44,43,2,473,RandomPlayerConfig,MCTS_CheckersHeuristic
428014486,Checkers,0,GAME_OVER,49,48,2,474,RandomPlayerConfig,MCTS_CheckersHeuristic
-243191370,Checkers,0,GAME_OVER,45,44,2,475,RandomPlayerConfig,MCTS_CheckersHeuristic
2044749597,Checkers,0,GAME_OVER,40,39,2,476,RandomPlayerConfig,MCTS_CheckersHeuristic
5621453,Checkers,0,GAME_OVER,68,67,2,477,RandomPlayerConfig,MCTS_CheckersHeuristic
-98187762,Checkers,0,GAME_OVER,57,56,2,478,RandomPlayerConfig,MCTS_CheckersHeuristic
-899234932,Checkers,0,GAME_OVER,46,45,2,479,RandomPlayerConfig,MCTS_CheckersHeuristic
-1200939912,Checkers,0,GAME_OVER,47,46,2,480,RandomPlayerConfig,MCTS_CheckersHeuristic
54331494,Checkers,0,GAME_OVER,47,46,2,481,RandomPlayerConfig,MCTS_CheckersHeuristic
-1349133439,Checkers,0,GAME_OVER,43,42,2,482,RandomPlayerConfig,MCTS_CheckersHeuristic
782006215,Checkers,0,GAME_OVER,43,42,2,483,RandomPlayerConfig,MCTS_CheckersHeuristic
-46426047,Checkers,0,GAME_OVER,53,52,2,484,RandomPlayerConfig,MCTS_CheckersHeuristic
1242968106,Checkers,0,GAME_OVER,45,44,2,485,RandomPlayerConfig,MCTS_CheckersHeuristic
191863523,Checkers,0,GAME_OVER,48,47,2,486,RandomPlayerConfig,MCTS_CheckersHeuristic
-1249715842,Checkers,0,GAME_OVER,52,51,2,487,RandomPlayerConfig,MCTS_CheckersHeuristic
3527695,Checkers,0,GAME_OVER,51,50,2,488,RandomPlayerConfig,MCTS_CheckersHeuristic
1909370724,Checkers,0,GAME_OVER,51,50,2,489,RandomPlayerConfig,MCTS_CheckersHeuristic
-1263810062,Checkers,0,GAME_OVER,44,43,2,490,RandomPlayerConfig,MCTS_CheckersHeuristic
403428306,Checkers,0,GAME_OVER,50,49,2,491,RandomPlayerConfig,MCTS_CheckersHeuristic
224387928,Checkers,0,GAME_OVER,48,47,2,492,RandomPlayerConfig,MCTS_CheckersHeuristic
-1030962667,Checkers,0,GAME_OVER,41,40,2,493,RandomPlayerConfig,MCTS_CheckersHeuristic
-1388679505,Checkers,0,GAME_OVER,59,58,2,494,RandomPlayerConfig,MCTS_CheckersHeuristic
1106739283,Checkers,0,GAME_OVER,50,49,2,495,RandomPlayerConfig,MCTS_CheckersHeuristic
-110908417,Checkers,0,GAME_OVER,48,47,2,496,RandomPlayerConfig,MCTS_CheckersHeuristic
1462762996,Checkers,0,GAME_OVER,51,50,2,497,RandomPlayerConfig,MCTS_CheckersHeuristic
-202552310,Checkers,0,GAME_OVER,41,40,2,498,RandomPlayerConfig,MCTS_CheckersHeuristic
-56297566,Checkers,0,GAME_OVER,44,43,2,499,RandomPlayerConfig,MCTS_CheckersHeuristic
119215152,Checkers,0,GAME_OVER,40,39,2,500,RandomPlayerConfig,MCTS_CheckersHeuristic
-493007434,Checkers,0,GAME_OVER,53,52,2,501,RandomPlayerConfig,MCTS_CheckersHeuristic
1681978843,Checkers,0,GAME_OVER,42,41,2,502,RandomPlayerConfig,MCTS_CheckersHeuristic
-594737066,Checkers,0,GAME_OVER,78,77,2,503,RandomPlayerConfig,MCTS_CheckersHeuristic
-1756317328,Checkers,0,GAME_OVER,48,47,2,504,RandomPlayerConfig,MCTS_CheckersHeuristic
-944186225,Checkers,0,GAME_OVER,45,44,2,505,RandomPlayerConfig,MCTS_CheckersHeuristic
185511961,Checkers,0,GAME_OVER,37,36,2,506,RandomPlayerConfig,MCTS_CheckersHeuristic
-76089309,Checkers,0,GAME_OVER,48,47,2,507,RandomPlayerConfig,MCTS_CheckersHeuristic
468485359,Checkers,0,GAME_OVER,45,44,2,508,RandomPlayerConfig,MCTS_CheckersHeuristic
1175762423,Checkers,0,GAME_OVER,63,62,2,509,RandomPlayerConfig,MCTS_CheckersHeuristic
1361087813,Checkers,0,GAME_OVER,63,62,2,510,RandomPlayerConfig,MCTS_CheckersHeuristic
-673860807,Checkers,0,GAME_OVER,49,48,2,511,RandomPlayerConfig,MCTS_CheckersHeuristic
1399107872,Checkers,0,GAME_OVER,43,42,2,512,RandomPlayerConfig,MCTS_CheckersHeuristic
-796713551,Checkers,0,GAME_OVER,36,35,2,513,RandomPlayerConfig,MCTS_CheckersHeuristic
-297500633,Checkers,0,GAME_OVER,40,39,2,514,RandomPlayerConfig,MCTS_CheckersHeuristic
1606290921,Checkers,0,GAME_OVER,60,59,2,515,RandomPlayerConfig,MCTS_CheckersHeuristic
-306113397,Checkers,0,GAME_OVER,45,44,2,516,RandomPlayerConfig,MCTS_CheckersHeuristic
405267464,Checkers,0,GAME_OVER,48,47,2,517,RandomPlayerConfig,MCTS_CheckersHeuristic
-669887300,Checkers,0,GAME_OVER,60,59,2,518,RandomPlayerConfig,MCTS_CheckersHeuristic
-1848836978,Checkers,0,GAME_OVER,50,49,2,519,RandomPlayerConfig,MCTS_CheckersHeuristic
587711969,Checkers,0,GAME_OVER,47,46,2,520,RandomPlayerConfig,MCTS_CheckersHeuristic
1318337115,Checkers,0,GAME_OVER,54,53,2,521,RandomPlayerConfig,MCTS_CheckersHeuristic
-899431314,Checkers,0,GAME_OVER,43,42,2,522,RandomPlayerConfig,MCTS_CheckersHeuristic
845079978,Checkers,0,GAME_OVER,46,45,2,523,RandomPlayerConfig,MCTS_CheckersHeuristic
-2134414000,Checkers,0,GAME_OVER,49,48,2,524,RandomPlayerConfig,MCTS_CheckersHeuristic
-1070806052,Checkers,0,GAME_OVER,50,49,2,525,RandomPlayerConfig,MCTS_CheckersHeuristic
-1950541435,Checkers,0,GAME_OVER,53,52,2,526,RandomPlayerConfig,MCTS_CheckersHeuristic
904360527,Checkers,0,GAME_OVER,50,49,2,527,RandomPlayerConfig,MCTS_CheckersHeuristic
-354101480,Checkers,0,GAME_OVER,48,47,2,528,RandomPlayerConfig,MCTS_CheckersHeuristic
1439833748,Checkers,0,GAME_OVER,42,41,2,529,RandomPlayerConfig,MCTS_CheckersHeuristic
1356338653,Checkers,0,GAME_OVER,41,40,2,530,RandomPlayerConfig,MCTS_CheckersHeuristic
-1270120257,Checkers,0,GAME_OVER,48,47,2,531,RandomPlayerConfig,MCTS_CheckersHeuristic
-266953890,Checkers,0,GAME_OVER,41,40,2,532,RandomPlayerConfig,MCTS_CheckersHeuristic
901742762,Checkers,0,GAME_OVER,37,36,2,533,RandomPlayerConfig,MCTS_CheckersHeuristic
929698009,Checkers,0,GAME_OVER,51,50,2,534,RandomPlayerConfig,MCTS_CheckersHeuristic
1662328150,Checkers,0,GAME_OVER,49,48,2,535,RandomPlayerConfig,MCTS_CheckersHeuristic
-1378685120,Checkers,0,GAME_OVER,60,59,2,536,RandomPlayerConfig,MCTS_CheckersHeuristic
-1877670429,Checkers,0,GAME_OVER,41,40,2,537,RandomPlayerConfig,MCTS_CheckersHeuristic
-2074509161,Checkers,0,GAME_OVER,43,42,2,538,RandomPlayerConfig,MCTS_CheckersHeuristic
-1082939992,Checkers,0,GAME_OVER,44,43,2,539,RandomPlayerConfig,MCTS_CheckersHeuristic
1864430377,Checkers,0,GAME_OVER,46,45,2,540,RandomPlayerConfig,MCTS_CheckersHeuristic
1472551276,Checkers,0,GAME_OVER,50,49,2,541,RandomPlayerConfig,MCTS_CheckersHeuristic
1680237156,Checkers,0,GAME_OVER,41,40,2,542,RandomPlayerConfig,MCTS_CheckersHeuristic
-1418167834,Checkers,0,GAME_OVER,78,77,2,543,RandomPlayerConfig,MCTS_CheckersHeuristic
1728057957,Checkers,0,GAME_OVER,55,54,2,544,RandomPlayerConfig,MCTS_CheckersHeuristic
-186095657,Checkers,0,GAME_OVER,40,39,2,545,RandomPlayerConfig,MCTS_CheckersHeuristic
1351366258,Checkers,0,GAME_OVER,54,53,2,546,RandomPlayerConfig,MCTS_CheckersHeuristic
1579344005,Checkers,0,GAME_OVER,45,44,2,547,RandomPlayerConfig,MCTS_CheckersHeuristic
-1490204681,Checkers,0,GAME_OVER,52,51,2,548,RandomPlayerConfig,MCTS_CheckersHeuristic
-570415773,Checkers,0,GAME_OVER,45,44,2,549,RandomPlayerConfig,MCTS_CheckersHeuristic
-610565432,Checkers,0,GAME_OVER,42,41,2,550,RandomPlayerConfig,MCTS_CheckersHeuristic
433324064,Checkers,0,GAME_OVER,37,36,2,551,RandomPlayerConfig,MCTS_CheckersHeuristic
406281386,Checkers,0,GAME_OVER,60,59,2,552,RandomPlayerConfig,MCTS_CheckersHeuristic
-87231360,Checkers,0,GAME_OVER,42,41,2,553,RandomPlayerConfig,MCTS_CheckersHeuristic
-1846275719,Checkers,0,GAME_OVER,55,54,2,554,RandomPlayerConfig,MCTS_CheckersHeuristic
1122898845,Checkers,0,GAME_OVER,44,43,2,555,RandomPlayerConfig,MCTS_CheckersHeuristic
1833988709,Checkers,0,GAME_OVER,46,45,2,556,RandomPlayerConfig,MCTS_CheckersHeuristic
19099793,Checkers,0,GAME_OVER,38,37,2,557,RandomPlayerConfig,MCTS_CheckersHeuristic
2057854488,Checkers,0,GAME_OVER,38,37,2,558,RandomPlayerConfig,MCTS_CheckersHeuristic
-1494205297,Checkers,0,GAME_OVER,47,46,2,559,RandomPlayerConfig,MCTS_CheckersHeuristic
375156931,Checkers,0,GAME_OVER,48,47,2,560,RandomPlayerConfig,MCTS_CheckersHeuristic
-351428365,Checkers,0,GAME_OVER,52,51,2,561,RandomPlayerConfig,MCTS_CheckersHeuristic
-1226447254,Checkers,0,GAME_OVER,47,46,2,562,RandomPlayerConfig,MCTS_CheckersHeuristic
764581851,Checkers,0,GAME_OVER,51,50,2,563,RandomPlayerConfig,MCTS_CheckersHeuristic
580986595,Checkers,0,GAME_OVER,46,45,2,564,RandomPlayerConfig,MCTS_CheckersHeuristic
-1046620099,Checkers,0,GAME_OVER,49,48,2,565,RandomPlayerConfig,MCTS_CheckersHeuristic
486888029,Checkers,0,GAME_OVER,46,45,2,566,RandomPlayerConfig,MCTS_CheckersHeuristic
-813926243,Checkers,0,GAME_OVER,48,47,2,567,RandomPlayerConfig,MCTS_CheckersHeuristic
125187708,Checkers,0,GAME_OVER,54,53,2,568,RandomPlayerConfig,MCTS_CheckersHeuristic
1366934473,Checkers,0,GAME_OVER,46,45,2,569,RandomPlayerConfig,MCTS_CheckersHeuristic
-849303751,Checkers,0,GAME_OVER,46,45,2,570,RandomPlayerConfig,MCTS_CheckersHeuristic
-1284969140,Checkers,0,GAME_OVER,43,42,2,571,RandomPlayerConfig,MCTS_CheckersHeuristic
-845145037,Checkers,0,GAME_OVER,57,56,2,572,RandomPlayerConfig,MCTS_CheckersHeuristic
-913805453,Checkers,0,GAME_OVER,51,50,2,573,RandomPlayerConfig,MCTS_CheckersHeuristic
-1971521003,Checkers,0,GAME_OVER,48,47,2,574,RandomPlayerConfig,MCTS_CheckersHeuristic
1227617051,Checkers,0,GAME_OVER,41,40,2,575,RandomPlayerConfig,MCTS_CheckersHeuristic
1457711408,Checkers,0,GAME_OVER,44,43,2,576,RandomPlayerConfig,MCTS_CheckersHeuristic
-1718206048,Checkers,0,GAME_OVER,41,40,2,577,RandomPlayerConfig,MCTS_CheckersHeuristic
-1527229045,Checkers,0,GAME_OVER,69,68,2,578,RandomPlayerConfig,MCTS_CheckersHeuristic
1414331298,Checkers,0,GAME_OVER,48,47,2,579,RandomPlayerConfig,MCTS_CheckersHeuristic
554598894,Checkers,0,GAME_OVER,89,88,2,580,RandomPlayerConfig,MCTS_CheckersHeuristic
1114518401,Checkers,0,GAME_OVER,61,60,2,581,RandomPlayerConfig,MCTS_CheckersHeuristic
360957615,Checkers,0,GAME_OVER,59,58,2,582,RandomPlayerConfig,MCTS_CheckersHeuristic
739354813,Checkers,0,GAME_OVER,52,51,2,583,RandomPlayerConfig,MCTS_CheckersHeuristic
495941202,Checkers,0,GAME_OVER,36,35,2,584,RandomPlayerConfig,MCTS_CheckersHeuristic
-887633511,Checkers,0,GAME_OVER,61,60,2,585,RandomPlayerConfig,MCTS_CheckersHeuristic
-1489189572,Checkers,0,GAME_OVER,42,41,2,586,RandomPlayerConfig,MCTS_CheckersHeuristic
1058923188,Checkers,0,GAME_OVER,52,51,2,587,RandomPlayerConfig,MCTS_CheckersHeuristic
833406719,Checkers,0,GAME_OVER,56,55,2,588,RandomPlayerConfig,MCTS_CheckersHeuristic
-1679978372,Checkers,0,GAME_OVER,43,42,2,589,RandomPlayerConfig,MCTS_CheckersHeuristic
171469584,Checkers,0,GAME_OVER,61,60,2,590,RandomPlayerConfig,MCTS_CheckersHeuristic
-1015239525,Checkers,0,GAME_OVER,56,55,2,591,RandomPlayerConfig,MCTS_CheckersHeuristic
-1655952408,Checkers,0,GAME_OVER,46,45,2,592,RandomPlayerConfig,MCTS_CheckersHeuristic
-4709928,Checkers,0,GAME_OVER,43,42,2,593,RandomPlayerConfig,MCTS_CheckersHeuristic
742797018,Checkers,0,GAME_OVER,40,39,2,594,RandomPlayerConfig,MCTS_CheckersHeuristic
-1422435588,Checkers,0,GAME_OVER,47,46,2,595,RandomPlayerConfig,MCTS_CheckersHeuristic
-1852067803,Checkers,0,GAME_OVER,52,51,2,596,RandomPlayerConfig,MCTS_CheckersHeuristic
737539513,Checkers,0,GAME_OVER,51,50,2,597,RandomPlayerConfig,MCTS_CheckersHeuristic
605492753,Checkers,0,GAME_OVER,62,61,2,598,RandomPlayerConfig,MCTS_CheckersHeuristic
-1613295438,Checkers,0,GAME_OVER,43,42,2,599,RandomPlayerConfig,MCTS_CheckersHeuristic
2006497034,Checkers,0,GAME_OVER,39,38,2,600,RandomPlayerConfig,MCTS_CheckersHeuristic
-1665629176,Checkers,0,GAME_OVER,54,53,2,601,RandomPlayerConfig,MCTS_CheckersHeuristic
-1126811814,Checkers,0,GAME_OVER,113,112,2,602,MCTS_CheckersHeuristic,OSLA
-1854791702,Checkers,0,GAME_OVER,43,42,2,603,MCTS_CheckersHeuristic,OSLA
-1761392996,Checkers,0,GAME_OVER,47,46,2,604,MCTS_CheckersHeuristic,OSLA
1190084556,Checkers,0,GAME_OVER,40,39,2,605,MCTS_CheckersHeuristic,OSLA
134562684,Checkers,0,GAME_OVER,39,38,2,606,MCTS_CheckersHeuristic,OSLA
213330350,Checkers,0,GAME_OVER,77,76,2,607,MCTS_CheckersHeuristic,OSLA
-974643853,Checkers,0,GAME_OVER,33,32,2,608,MCTS_CheckersHeuristic,OSLA
-513454553,Checkers,0,GAME_OVER,76,75,2,609,MCTS_CheckersHeuristic,OSLA
514392549,Checkers,0,GAME_OVER,51,50,2,610,MCTS_CheckersHeuristic,OSLA
500056579,Checkers,0,GAME_OVER,43,42,2,611,MCTS_CheckersHeuristic,OSLA
1197348627,Checkers,0,GAME_OVER,42,41,2,612,MCTS_CheckersHeuristic,OSLA
611704885,Checkers,0,GAME_OVER,47,46,2,613,MCTS_CheckersHeuristic,OSLA
1073468091,Checkers,0,GAME_OVER,47,46,2,614,MCTS_CheckersHeuristic,OSLA
-2079133931,Checkers,0,GAME_OVER,77,76,2,615,MCTS_CheckersHeuristic,OSLA
900962656,Checkers,0,GAME_OVER,41,40,2,616,MCTS_CheckersHeuristic,OSLA
-1105320639,Checkers,0,GAME_OVER,43,42,2,617,MCTS_CheckersHeuristic,OSLA
-1276645753,Checkers,0,GAME_OVER,50,49,2,618,MCTS_CheckersHeuristic,OSLA
2066220240,Checkers,0,GAME_OVER,33,32,2,619,MCTS_CheckersHeuristic,OSLA
134392692,Checkers,0,GAME_OVER,48,47,2,620,MCTS_CheckersHeuristic,OSLA
-595867711,Checkers,0,GAME_OVER,33,32,2,621,MCTS_CheckersHeuristic,OSLA
-1423916759,Checkers,0,GAME_OVER,41,40,2,622,MCTS_CheckersHeuristic,OSLA
1584043718,Checkers,0,GAME_OVER,36,35,2,623,MCTS_CheckersHeuristic,OSLA
631557042,Checkers,0,GAME_OVER,46,45,2,624,MCTS_CheckersHeuristic,OSLA
-1159394339,Checkers,0,GAME_OVER,41,40,2,625,MCTS_CheckersHeuristic,OSLA
-1753055221,Checkers,0,GAME_OVER,36,35,2,626,MCTS_CheckersHeuristic,OSLA
-1165515690,Checkers,0,GAME_OVER,44,43,2,627,MCTS_CheckersHeuristic,OSLA
-993684709,Checkers,0,GAME_OVER,40,39,2,628,MCTS_CheckersHeuristic,OSLA
-1903832526,Checkers,0,GAME_OVER,44,43,2,629,MCTS_CheckersHeuristic,OSLA
-2145882215,Checkers,0,GAME_OVER,38,37,2,630,MCTS_CheckersHeuristic,OSLA
1434313481,Checkers,0,GAME_OVER,44,43,2,631,MCTS_CheckersHeuristic,OSLA
992721376,Checkers,0,GAME_OVER,37,36,2,632,MCTS_CheckersHeuristic,OSLA
377717458,Checkers,0,GAME_OVER,58,57,2,633,MCTS_CheckersHeuristic,OSLA
-985822224,Checkers,0,GAME_OVER,46,45,2,634,MCTS_CheckersHeuristic,OSLA
-1509471425,Checkers,0,GAME_OVER,48,47,2,635,MCTS_CheckersHeuristic,OSLA
-1984605897,Checkers,0,GAME_OVER,43,42,2,636,MCTS_CheckersHeuristic,OSLA
-1018813297,Checkers,0,GAME_OVER,41,40,2,637,MCTS_CheckersHeuristic,OSLA
-263026475,Checkers,0,GAME_OVER,42,41,2,638,MCTS_CheckersHeuristic,OSLA
1425820426,Checkers,0,GAME_OVER,52,51,2,639,MCTS_CheckersHeuristic,OSLA
897402481,Checkers,0,GAME_OVER,48,47,2,640,MCTS_CheckersHeuristic,OSLA
228926585,Checkers,0,GAME_OVER,62,61,2,641,MCTS_CheckersHeuristic,OSLA
1925143784,Checkers,0,GAME_OVER,65,64,2,642,MCTS_CheckersHeuristic,OSLA
1610400601,Checkers,0,GAME_OVER,33,32,2,643,MCTS_CheckersHeuristic,OSLA
1919779660,Checkers,0,GAME_OVER,40,39,2,644,MCTS_CheckersHeuristic,OSLA
-2053467740,Checkers,0,GAME_OVER,47,46,2,645,MCTS_CheckersHeuristic,OSLA
10865688,Checkers,0,GAME_OVER,40,39,2,646,MCTS_CheckersHeuristic,OSLA
1523135320,Checkers,0,GAME_OVER,39,38,2,647,MCTS_CheckersHeuristic,OSLA
-882753659,Checkers,0,GAME_OVER,37,36,2,648,MCTS_CheckersHeuristic,OSLA
-1324887762,Checkers,0,GAME_OVER,47,46,2,649,MCTS_CheckersHeuristic,OSLA
-1878153895,Checkers,0,GAME_OVER,46,45,2,650,MCTS_CheckersHeuristic,OSLA
-830949865,Checkers,0,GAME_OVER,61,60,2,651,MCTS_CheckersHeuristic,OSLA
959993777,Checkers,0,GAME_OVER,39,38,2,652,MCTS_CheckersHeuristic,OSLA
-1572663681,Checkers,0,GAME_OVER,36,35,2,653,MCTS_CheckersHeuristic,OSLA
-55924844,Checkers,0,GAME_OVER,38,37,2,654,MCTS_CheckersHeuristic,OSLA
1767814761,Checkers,0,GAME_OVER,45,44,2,655,MCTS_CheckersHeuristic,OSLA
1969864013,Checkers,0,GAME_OVER,43,42,2,656,MCTS_CheckersHeuristic,OSLA
1540680658,Checkers,0,GAME_OVER,40,39,2,657,MCTS_CheckersHeuristic,OSLA
501694943,Checkers,0,GAME_OVER,63,62,2,658,MCTS_CheckersHeuristic,OSLA
1379761422,Checkers,0,GAME_OVER,54,53,2,659,MCTS_CheckersHeuristic,OSLA
326652947,Checkers,0,GAME_OVER,41,40,2,660,MCTS_CheckersHeuristic,OSLA
-2025703691,Checkers,0,GAME_OVER,38,37,2,661,MCTS_CheckersHeuristic,OSLA
1876861678,Checkers,0,GAME_OVER,46,45,2,662,MCTS_CheckersHeuristic,OSLA
-1684996844,Checkers,0,GAME_OVER,37,36,2,663,MCTS_CheckersHeuristic,OSLA
-275197809,Checkers,0,GAME_OVER,40,39,2,664,MCTS_CheckersHeuristic,OSLA
-1607096756,Checkers,0,GAME_OVER,46,45,2,665,MCTS_CheckersHeuristic,OSLA
-1415328824,Checkers,0,GAME_OVER,42,41,2,666,MCTS_CheckersHeuristic,OSLA
1250919033,Checkers,0,GAME_OVER,37,36,2,667,MCTS_CheckersHeuristic,OSLA
-32216080,Checkers,0,GAME_OVER,105,104,2,668,MCTS_CheckersHeuristic,OSLA
-1474698725,Checkers,0,GAME_OVER,64,63,2,669,MCTS_CheckersHeuristic,OSLA
651860413,Checkers,0,GAME_OVER,39,38,2,670,MCTS_CheckersHeuristic,OSLA
1328817941,Checkers,0,GAME_OVER,42,41,2,671,MCTS_CheckersHeuristic,OSLA
-957251293,Checkers,0,GAME_OVER,41,40,2,672,MCTS_CheckersHeuristic,OSLA
1886674435,Checkers,0,GAME_OVER,41,40,2,673,MCTS_CheckersHeuristic,OSLA
428014486,Checkers,0,GAME_OVER,42,41,2,674,MCTS_CheckersHeuristic,OSLA
-243191370,Checkers,0,GAME_OVER,52,51,2,675,MCTS_CheckersHeuristic,OSLA
2044749597,Checkers,0,GAME_OVER,55,54,2,676,MCTS_CheckersHeuristic,OSLA
5621453,Checkers,0,GAME_OVER,45,44,2,677,MCTS_CheckersHeuristic,OSLA
-98187762,Checkers,0,GAME_OVER,45,44,2,678,MCTS_CheckersHeuristic,OSLA
-899234932,Checkers,0,GAME_OVER,41,40,2,679,MCTS_CheckersHeuristic,OSLA
-1200939912,Checkers,0,GAME_OVER,45,44,2,680,MCTS_CheckersHeuristic,OSLA
54331494,Checkers,0,GAME_OVER,43,42,2,681,MCTS_CheckersHeuristic,OSLA
-1349133439,Checkers,0,GAME_OVER,77,76,2,682,MCTS_CheckersHeuristic,OSLA
782006215,Checkers,0,GAME_OVER,40,39,2,683,MCTS_CheckersHeuristic,OSLA
-46426047,Checkers,0,GAME_OVER,44,43,2,684,MCTS_CheckersHeuristic,OSLA
1242968106,Checkers,0,GAME_OVER,38,37,2,685,MCTS_CheckersHeuristic,OSLA
191863523,Checkers,0,GAME_OVER,42,41,2,686,MCTS_CheckersHeuristic,OSLA
-1249715842,Checkers,0,GAME_OVER,52,51,2,687,MCTS_CheckersHeuristic,OSLA
3527695,Checkers,0,GAME_OVER,41,40,2,688,MCTS_CheckersHeuristic,OSLA
1909370724,Checkers,0,GAME_OVER,51,50,2,689,MCTS_CheckersHeuristic,OSLA
-1263810062,Checkers,0,GAME_OVER,46,45,2,690,MCTS_CheckersHeuristic,OSLA
403428306,Checkers,0,GAME_OVER,48,47,2,691,MCTS_CheckersHeuristic,OSLA
224387928,Checkers,0,GAME_OVER,46,45,2,692,MCTS_CheckersHeuristic,OSLA
-1030962667,Checkers,0,GAME_OVER,55,54,2,693,MCTS_CheckersHeuristic,OSLA
-1388679505,Checkers,0,GAME_OVER,50,49,2,694,MCTS_CheckersHeuristic,OSLA
1106739283,Checkers,0,GAME_OVER,46,45,2,695,MCTS_CheckersHeuristic,OSLA
-110908417,Checkers,0,GAME_OVER,45,44,2,696,MCTS_CheckersHeuristic,OSLA
1462762996,Checkers,0,GAME_OVER,51,50,2,697,MCTS_CheckersHeuristic,OSLA
-202552310,Checkers,0,GAME_OVER,34,33,2,698,MCTS_CheckersHeuristic,OSLA
-56297566,Checkers,0,GAME_OVER,46,45,2,699,MCTS_CheckersHeuristic,OSLA
119215152,Checkers,0,GAME_OVER,42,41,2,700,MCTS_CheckersHeuristic,OSLA
-493007434,Checkers,0,GAME_OVER,39,38,2,701,MCTS_CheckersHeuristic,OSLA
1681978843,Checkers,0,GAME_OVER,55,54,2,702,MCTS_CheckersHeuristic,OSLA
-594737066,Checkers,0,GAME_OVER,41,40,2,703,MCTS_CheckersHeuristic,OSLA
-1756317328,Checkers,0,GAME_OVER,42,41,2,704,MCTS_CheckersHeuristic,OSLA
-944186225,Checkers,0,GAME_OVER,43,42,2,705,MCTS_CheckersHeuristic,OSLA
185511961,Checkers,0,GAME_OVER,40,39,2,706,MCTS_CheckersHeuristic,OSLA
-76089309,Checkers,0,GAME_OVER,37,36,2,707,MCTS_CheckersHeuristic,OSLA
468485359,Checkers,0,GAME_OVER,50,49,2,708,MCTS_CheckersHeuristic,OSLA
1175762423,Checkers,0,GAME_OVER,42,41,2,709,MCTS_CheckersHeuristic,OSLA
1361087813,Checkers,0,GAME_OVER,129,128,2,710,MCTS_CheckersHeuristic,OSLA
-673860807,Checkers,0,GAME_OVER,47,46,2,711,MCTS_CheckersHeuristic,OSLA
1399107872,Checkers,0,GAME_OVER,42,41,2,712,MCTS_CheckersHeuristic,OSLA
-796713551,Checkers,0,GAME_OVER,43,42,2,713,MCTS_CheckersHeuristic,OSLA
-297500633,Checkers,0,GAME_OVER,48,47,2,714,MCTS_CheckersHeuristic,OSLA
1606290921,Checkers,0,GAME_OVER,39,38,2,715,MCTS_CheckersHeuristic,OSLA
-306113397,Checkers,0,GAME_OVER,39,38,2,716,MCTS_CheckersHeuristic,OSLA
405267464,Checkers,0,GAME_OVER,42,41,2,717,MCTS_CheckersHeuristic,OSLA
-669887300,Checkers,0,GAME_OVER,36,35,2,718,MCTS_CheckersHeuristic,OSLA
-1848836978,Checkers,0,GAME_OVER,40,39,2,719,MCTS_CheckersHeuristic,OSLA
587711969,Checkers,0,GAME_OVER,57,56,2,720,MCTS_CheckersHeuristic,OSLA
1318337115,Checkers,0,GAME_OVER,49,48,2,721,MCTS_CheckersHeuristic,OSLA
-899431314,Checkers,0,GAME_OVER,44,43,2,722,MCTS_CheckersHeuristic,OSLA
845079978,Checkers,0,GAME_OVER,49,48,2,723,MCTS_CheckersHeuristic,OSLA
-2134414000,Checkers,0,GAME_OVER,45,44,2,724,MCTS_CheckersHeuristic,OSLA
-1070806052,Checkers,0,GAME_OVER,44,43,2,725,MCTS_CheckersHeuristic,OSLA
-1950541435,Checkers,0,GAME_OVER,55,54,2,726,MCTS_CheckersHeuristic,OSLA
904360527,Checkers,0,GAME_OVER,51,50,2,727,MCTS_CheckersHeuristic,OSLA
-354101480,Checkers,0,GAME_OVER,38,37,2,728,MCTS_CheckersHeuristic,OSLA
1439833748,Checkers,0,GAME_OVER,42,41,2,729,MCTS_CheckersHeuristic,OSLA
1356338653,Checkers,0,GAME_OVER,75,74,2,730,MCTS_CheckersHeuristic,OSLA
-1270120257,Checkers,0,GAME_OVER,42,41,2,731,MCTS_CheckersHeuristic,OSLA
-266953890,Checkers,0,GAME_OVER,49,48,2,732,MCTS_CheckersHeuristic,OSLA
901742762,Checkers,0,GAME_OVER,53,52,2,733,MCTS_CheckersHeuristic,OSLA
929698009,Checkers,0,GAME_OVER,43,42,2,734,MCTS_CheckersHeuristic,OSLA
1662328150,Checkers,0,GAME_OVER,44,43,2,735,MCTS_CheckersHeuristic,OSLA
-1378685120,Checkers,0,GAME_OVER,39,38,2,736,MCTS_CheckersHeuristic,OSLA
-1877670429,Checkers,0,GAME_OVER,48,47,2,737,MCTS_CheckersHeuristic,OSLA
-2074509161,Checkers,0,GAME_OVER,41,40,2,738,MCTS_CheckersHeuristic,OSLA
-1082939992,Checkers,0,GAME_OVER,46,45,2,739,MCTS_CheckersHeuristic,OSLA
1864430377,Checkers,0,GAME_OVER,34,33,2,740,MCTS_CheckersHeuristic,OSLA
1472551276,Checkers,0,GAME_OVER,49,48,2,741,MCTS_CheckersHeuristic,OSLA
1680237156,Checkers,0,GAME_OVER,71,70,2,742,MCTS_CheckersHeuristic,OSLA
-1418167834,Checkers,0,GAME_OVER,54,53,2,743,MCTS_CheckersHeuristic,OSLA
1728057957,Checkers,0,GAME_OVER,73,72,2,744,MCTS_CheckersHeuristic,OSLA
-186095657,Checkers,0,GAME_OVER,42,41,2,745,MCTS_CheckersHeuristic,OSLA
1351366258,Checkers,0,GAME_OVER,49,48,2,746,MCTS_CheckersHeuristic,OSLA
1579344005,Checkers,0,GAME_OVER,42,41,2,747,MCTS_CheckersHeuristic,OSLA
-1490204681,Checkers,0,GAME_OVER,42,41,2,748,MCTS_CheckersHeuristic,OSLA
-570415773,Checkers,0,GAME_OVER,35,34,2,749,MCTS_CheckersHeuristic,OSLA
-610565432,Checkers,0,GAME_OVER,44,43,2,750,MCTS_CheckersHeuristic,OSLA
433324064,Checkers,0,GAME_OVER,40,39,2,751,MCTS_CheckersHeuristic,OSLA
406281386,Checkers,0,GAME_OVER,42,41,2,752,MCTS_CheckersHeuristic,OSLA
-87231360,Checkers,0,GAME_OVER,33,32,2,753,MCTS_CheckersHeuristic,OSLA
-1846275719,Checkers,0,GAME_OVER,37,36,2,754,MCTS_CheckersHeuristic,OSLA
1122898845,Checkers,0,GAME_OVER,43,42,2,755,MCTS_CheckersHeuristic,OSLA
1833988709,Checkers,0,GAME_OVER,42,41,2,756,MCTS_CheckersHeuristic,OSLA
19099793,Checkers,0,GAME_OVER,39,38,2,757,MCTS_CheckersHeuristic,OSLA
2057854488,Checkers,0,GAME_OVER,42,41,2,758,MCTS_CheckersHeuristic,OSLA
-1494205297,Checkers,0,GAME_OVER,39,38,2,759,MCTS_CheckersHeuristic,OSLA
375156931,Checkers,0,GAME_OVER,45,44,2,760,MCTS_CheckersHeuristic,OSLA
-351428365,Checkers,0,GAME_OVER,44,43,2,761,MCTS_CheckersHeuristic,OSLA
-1226447254,Checkers,0,GAME_OVER,45,44,2,762,MCTS_CheckersHeuristic,OSLA
764581851,Checkers,0,GAME_OVER,53,52,2,763,MCTS_CheckersHeuristic,OSLA
580986595,Checkers,0,GAME_OVER,35,34,2,764,MCTS_CheckersHeuristic,OSLA
-1046620099,Checkers,0,GAME_OVER,49,48,2,765,MCTS_CheckersHeuristic,OSLA
486888029,Checkers,0,GAME_OVER,43,42,2,766,MCTS_CheckersHeuristic,OSLA
-813926243,Checkers,0,GAME_OVER,46,45,2,767,MCTS_CheckersHeuristic,OSLA
125187708,Checkers,0,GAME_OVER,57,56,2,768,MCTS_CheckersHeuristic,OSLA
1366934473,Checkers,0,GAME_OVER,42,41,2,769,MCTS_CheckersHeuristic,OSLA
-849303751,Checkers,0,GAME_OVER,42,41,2,770,MCTS_CheckersHeuristic,OSLA
-1284969140,Checkers,0,GAME_OVER,49,48,2,771,MCTS_CheckersHeuristic,OSLA
-845145037,Checkers,0,GAME_OVER,40,39,2,772,MCTS_CheckersHeuristic,OSLA
-913805453,Checkers,0,GAME_OVER,39,38,2,773,MCTS_CheckersHeuristic,OSLA
-1971521003,Checkers,0,GAME_OVER,51,50,2,774,MCTS_CheckersHeuristic,OSLA
1227617051,Checkers,0,GAME_OVER,45,44,2,775,MCTS_CheckersHeuristic,OSLA
1457711408,Checkers,0,GAME_OVER,38,37,2,776,MCTS_CheckersHeuristic,OSLA
-1718206048,Checkers,0,GAME_OVER,43,42,2,777,MCTS_CheckersHeuristic,OSLA
-1527229045,Checkers,0,GAME_OVER,40,39,2,778,MCTS_CheckersHeuristic,OSLA
1414331298,Checkers,0,GAME_OVER,38,37,2,779,MCTS_CheckersHeuristic,OSLA
554598894,Checkers,0,GAME_OVER,49,48,2,780,MCTS_CheckersHeuristic,OSLA
1114518401,Checkers,0,GAME_OVER,38,37,2,781,MCTS_CheckersHeuristic,OSLA
360957615,Checkers,0,GAME_OVER,39,38,2,782,MCTS_CheckersHeuristic,OSLA
739354813,Checkers,0,GAME_OVER,43,42,2,783,MCTS_CheckersHeuristic,OSLA
495941202,Checkers,0,GAME_OVER,38,37,2,784,MCTS_CheckersHeuristic,OSLA
-887633511,Checkers,0,GAME_OVER,76,75,2,785,MCTS_CheckersHeuristic,OSLA
-1489189572,Checkers,0,GAME_OVER,47,46,2,786,MCTS_CheckersHeuristic,OSLA
1058923188,Checkers,0,GAME_OVER,39,38,2,787,MCTS_CheckersHeuristic,OSLA
833406719,Checkers,0,GAME_OVER,37,36,2,788,MCTS_CheckersHeuristic,OSLA
-1679978372,Checkers,0,GAME_OVER,67,66,2,789,MCTS_CheckersHeuristic,OSLA
171469584,Checkers,0,GAME_OVER,44,43,2,790,MCTS_CheckersHeuristic,OSLA
-1015239525,Checkers,0,GAME_OVER,37,36,2,791,MCTS_CheckersHeuristic,OSLA
-1655952408,Checkers,0,GAME_OVER,43,42,2,792,MCTS_CheckersHeuristic,OSLA
-4709928,Checkers,0,GAME_OVER,46,45,2,793,MCTS_CheckersHeuristic,OSLA
742797018,Checkers,0,GAME_OVER,42,41,2,794,MCTS_CheckersHeuristic,OSLA
-1422435588,Checkers,0,GAME_OVER,47,46,2,795,MCTS_CheckersHeuristic,OSLA
-1852067803,Checkers,0,GAME_OVER,46,45,2,796,MCTS_CheckersHeuristic,OSLA
737539513,Checkers,0,GAME_OVER,42,41,2,797,MCTS_CheckersHeuristic,OSLA
605492753,Checkers,0,GAME_OVER,50,49,2,798,MCTS_CheckersHeuristic,OSLA
-1613295438,Checkers,0,GAME_OVER,42,41,2,799,MCTS_CheckersHeuristic,OSLA
2006497034,Checkers,0,GAME_OVER,55,54,2,800,MCTS_CheckersHeuristic,OSLA
-1665629176,Checkers,0,GAME_OVER,33,32,2,801,MCTS_CheckersHeuristic,OSLA
-1126811814,Checkers,0,GAME_OVER,59,58,2,802,OSLA,OSLA
-1854791702,Checkers,0,GAME_OVER,58,57,2,803,OSLA,OSLA
-1761392996,Checkers,0,GAME_OVER,37,36,2,804,OSLA,OSLA
1190084556,Checkers,0,GAME_OVER,39,38,2,805,OSLA,OSLA
134562684,Checkers,0,GAME_OVER,128,127,2,806,OSLA,OSLA
213330350,Checkers,0,GAME_OVER,40,39,2,807,OSLA,OSLA
-974643853,Checkers,0,GAME_OVER,39,38,2,808,OSLA,OSLA
-513454553,Checkers,0,GAME_OVER,44,43,2,809,OSLA,OSLA
514392549,Checkers,0,GAME_OVER,88,87,2,810,OSLA,OSLA
500056579,Checkers,0,GAME_OVER,46,45,2,811,OSLA,OSLA
1197348627,Checkers,0,GAME_OVER,33,32,2,812,OSLA,OSLA
611704885,Checkers,0,GAME_OVER,39,38,2,813,OSLA,OSLA
1073468091,Checkers,0,GAME_OVER,45,44,2,814,OSLA,OSLA
-2079133931,Checkers,0,GAME_OVER,41,40,2,815,OSLA,OSLA
900962656,Checkers,0,GAME_OVER,64,63,2,816,OSLA,OSLA
-1105320639,Checkers,0,GAME_OVER,45,44,2,817,OSLA,OSLA
-1276645753,Checkers,0,GAME_OVER,38,37,2,818,OSLA,OSLA
2066220240,Checkers,0,GAME_OVER,76,75,2,819,OSLA,OSLA
134392692,Checkers,0,GAME_OVER,47,46,2,820,OSLA,OSLA
-595867711,Checkers,0,GAME_OVER,98,97,2,821,OSLA,OSLA
-1423916759,Checkers,0,GAME_OVER,31,30,2,822,OSLA,OSLA
1584043718,Checkers,0,GAME_OVER,44,43,2,823,OSLA,OSLA
631557042,Checkers,0,GAME_OVER,49,48,2,824,OSLA,OSLA
-1159394339,Checkers,0,GAME_OVER,45,44,2,825,OSLA,OSLA
-1753055221,Checkers,0,GAME_OVER,51,50,2,826,OSLA,OSLA
-1165515690,Checkers,0,GAME_OVER,46,45,2,827,OSLA,OSLA
-993684709,Checkers,0,GAME_OVER,41,40,2,828,OSLA,OSLA
-1903832526,Checkers,0,GAME_OVER,193,192,2,829,OSLA,OSLA
-2145882215,Checkers,0,GAME_OVER,38,37,2,830,OSLA,OSLA
1434313481,Checkers,0,GAME_OVER,95,94,2,831,OSLA,OSLA
992721376,Checkers,0,GAME_OVER,39,38,2,832,OSLA,OSLA
377717458,Checkers,0,GAME_OVER,60,59,2,833,OSLA,OSLA
-985822224,Checkers,0,GAME_OVER,42,41,2,834,OSLA,OSLA
-1509471425,Checkers,0,GAME_OVER,35,34,2,835,OSLA,OSLA
-1984605897,Checkers,0,GAME_OVER,90,89,2,836,OSLA,OSLA
-1018813297,Checkers,0,GAME_OVER,93,92,2,837,OSLA,OSLA
-263026475,Checkers,0,GAME_OVER,50,49,2,838,OSLA,OSLA
1425820426,Checkers,0,GAME_OVER,54,53,2,839,OSLA,OSLA
897402481,Checkers,0,GAME_OVER,40,39,2,840,OSLA,OSLA
228926585,Checkers,0,GAME_OVER,35,34,2,841,OSLA,OSLA
1925143784,Checkers,0,GAME_OVER,38,37,2,842,OSLA,OSLA
1610400601,Checkers,0,GAME_OVER,97,96,2,843,OSLA,OSLA
1919779660,Checkers,0,GAME_OVER,58,57,2,844,OSLA,OSLA
-2053467740,Checkers,0,GAME_OVER,40,39,2,845,OSLA,OSLA
10865688,Checkers,0,GAME_OVER,84,83,2,846,OSLA,OSLA
1523135320,Checkers,0,GAME_OVER,34,33,2,847,OSLA,OSLA
-882753659,Checkers,0,GAME_OVER,77,76,2,848,OSLA,OSLA
-1324887762,Checkers,0,GAME_OVER,38,37,2,849,OSLA,OSLA
-1878153895,Checkers,0,GAME_OVER,40,39,2,850,OSLA,OSLA
-830949865,Checkers,0,GAME_OVER,41,40,2,851,OSLA,OSLA
959993777,Checkers,0,GAME_OVER,72,71,2,852,OSLA,OSLA
-1572663681,Checkers,0,GAME_OVER,109,108,2,853,OSLA,OSLA
-55924844,Checkers,0,GAME_OVER,35,34,2,854,OSLA,OSLA
1767814761,Checkers,0,GAME_OVER,71,70,2,855,OSLA,OSLA
1969864013,Checkers,0,GAME_OVER,45,44,2,856,OSLA,OSLA
1540680658,Checkers,0,GAME_OVER,49,48,2,857,OSLA,OSLA
501694943,Checkers,0,GAME_OVER,46,45,2,858,OSLA,OSLA
1379761422,Checkers,0,GAME_OVER,36,35,2,859,OSLA,OSLA
326652947,Checkers,0,GAME_OVER,35,34,2,860,OSLA,OSLA
-2025703691,Checkers,0,GAME_OVER,49,48,2,861,OSLA,OSLA
1876861678,Checkers,0,GAME_OVER,44,43,2,862,OSLA,OSLA
-1684996844,Checkers,0,GAME_OVER,39,38,2,863,OSLA,OSLA
-275197809,Checkers,0,GAME_OVER,42,41,2,864,OSLA,OSLA
-1607096756,Checkers,0,GAME_OVER,39,38,2,865,OSLA,OSLA
-1415328824,Checkers,0,GAME_OVER,38,37,2,866,OSLA,OSLA
1250919033,Checkers,0,GAME_OVER,46,45,2,867,OSLA,OSLA
-32216080,Checkers,0,GAME_OVER,40,39,2,868,OSLA,OSLA
-1474698725,Checkers,0,GAME_OVER,34,33,2,869,OSLA,OSLA
651860413,Checkers,0,GAME_OVER,43,42,2,870,OSLA,OSLA
1328817941,Checkers,0,GAME_OVER,40,39,2,871,OSLA,OSLA
-957251293,Checkers,0,GAME_OVER,39,38,2,872,OSLA,OSLA
1886674435,Checkers,0,GAME_OVER,40,39,2,873,OSLA,OSLA
428014486,Checkers,0,GAME_OVER,36,35,2,874,OSLA,OSLA
-243191370,Checkers,0,GAME_OVER,41,40,2,875,OSLA,OSLA
2044749597,Checkers,0,GAME_OVER,39,38,2,876,OSLA,OSLA
5621453,Checkers,0,GAME_OVER,50,49,2,877,OSLA,OSLA
-98187762,Checkers,0,GAME_OVER,47,46,2,878,OSLA,OSLA
-899234932,Checkers,0,GAME_OVER,42,41,2,879,OSLA,OSLA
-1200939912,Checkers,0,GAME_OVER,49,48,2,880,OSLA,OSLA
54331494,Checkers,0,GAME_OVER,49,48,2,881,OSLA,OSLA
-1349133439,Checkers,0,GAME_OVER,41,40,2,882,OSLA,OSLA
782006215,Checkers,0,GAME_OVER,50,49,2,883,OSLA,OSLA
-46426047,Checkers,0,GAME_OVER,34,33,2,884,OSLA,OSLA
1242968106,Checkers,0,GAME_OVER,42,41,2,885,OSLA,OSLA
191863523,Checkers,0,GAME_OVER,41,40,2,886,OSLA,OSLA
-1249715842,Checkers,0,GAME_OVER,41,40,2,887,OSLA,OSLA
3527695,Checkers,0,GAME_OVER,81,80,2,888,OSLA,OSLA
1909370724,Checkers,0,GAME_OVER,56,55,2,889,OSLA,OSLA
-1263810062,Checkers,0,GAME_OVER,49,48,2,890,OSLA,OSLA
403428306,Checkers,0,GAME_OVER,43,42,2,891,OSLA,OSLA
224387928,Checkers,0,GAME_OVER,46,45,2,892,OSLA,OSLA
-1030962667,Checkers,0,GAME_OVER,37,36,2,893,OSLA,OSLA
-1388679505,Checkers,0,GAME_OVER,46,45,2,894,OSLA,OSLA
1106739283,Checkers,0,GAME_OVER,39,38,2,895,OSLA,OSLA
-110908417,Checkers,0,GAME_OVER,42,41,2,896,OSLA,OSLA
1462762996,Checkers,0,GAME_OVER,52,51,2,897,OSLA,OSLA
-202552310,Checkers,0,GAME_OVER,44,43,2,898,OSLA,OSLA
-56297566,Checkers,0,GAME_OVER,74,73,2,899,OSLA,OSLA
119215152,Checkers,0,GAME_OVER,39,38,2,900,OSLA,OSLA
-493007434,Checkers,0,GAME_OVER,35,34,2,901,OSLA,OSLA
1681978843,Checkers,0,GAME_OVER,42,41,2,902,OSLA,OSLA
-594737066,Checkers,0,GAME_OVER,41,40,2,903,OSLA,OSLA
-1756317328,Checkers,0,GAME_OVER,38,37,2,904,OSLA,OSLA
-944186225,Checkers,0,GAME_OVER,45,44,2,905,OSLA,OSLA
185511961,Checkers,0,GAME_OVER,42,41,2,906,OSLA,OSLA
-76089309,Checkers,0,GAME_OVER,43,42,2,907,OSLA,OSLA
468485359,Checkers,0,GAME_OVER,48,47,2,908,OSLA,OSLA
1175762423,Checkers,0,GAME_OVER,168,167,2,909,OSLA,OSLA
1361087813,Checkers,0,GAME_OVER,157,156,2,910,OSLA,OSLA
-673860807,Checkers,0,GAME_OVER,66,65,2,911,OSLA,OSLA
1399107872,Checkers,0,GAME_OVER,211,210,2,912,OSLA,OSLA
-796713551,Checkers,0,GAME_OVER,42,41,2,913,OSLA,OSLA
-297500633,Checkers,0,GAME_OVER,45,44,2,914,OSLA,OSLA
1606290921,Checkers,0,GAME_OVER,46,45,2,915,OSLA,OSLA
-306113397,Checkers,0,GAME_OVER,40,39,2,916,OSLA,OSLA
405267464,Checkers,0,GAME_OVER,44,43,2,917,OSLA,OSLA
-669887300,Checkers,0,GAME_OVER,36,35,2,918,OSLA,OSLA
-1848836978,Checkers,0,GAME_OVER,44,43,2,919,OSLA,OSLA
587711969,Checkers,0,GAME_OVER,47,46,2,920,OSLA,OSLA
1318337115,Checkers,0,GAME_OVER,32,31,2,921,OSLA,OSLA
-899431314,Checkers,0,GAME_OVER,46,45,2,922,OSLA,OSLA
845079978,Checkers,0,GAME_OVER,39,38,2,923,OSLA,OSLA
-2134414000,Checkers,0,GAME_OVER,41,40,2,924,OSLA,OSLA
-1070806052,Checkers,0,GAME_OVER,144,143,2,925,OSLA,OSLA
-1950541435,Checkers,0,GAME_OVER,33,32,2,926,OSLA,OSLA
904360527,Checkers,0,GAME_OVER,89,88,2,927,OSLA,OSLA
-354101480,Checkers,0,GAME_OVER,45,44,2,928,OSLA,OSLA
1439833748,Checkers,0,GAME_OVER,45,44,2,929,OSLA,OSLA
1356338653,Checkers,0,GAME_OVER,53,52,2,930,OSLA,OSLA
-1270120257,Checkers,0,GAME_OVER,39,38,2,931,OSLA,OSLA
-266953890,Checkers,0,GAME_OVER,35,34,2,932,OSLA,OSLA
901742762,Checkers,0,GAME_OVER,119,118,2,933,OSLA,OSLA
929698009,Checkers,0,GAME_OVER,103,102,2,934,OSLA,OSLA
1662328150,Checkers,0,GAME_OVER,48,47,2,935,OSLA,OSLA
-1378685120,Checkers,0,GAME_OVER,33,32,2,936,OSLA,OSLA
-1877670429,Checkers,0,GAME_OVER,45,44,2,937,OSLA,OSLA
-2074509161,Checkers,0,GAME_OVER,53,52,2,938,OSLA,OSLA
-1082939992,Checkers,0,GAME_OVER,38,37,2,939,OSLA,OSLA
1864430377,Checkers,0,GAME_OVER,52,51,2,940,OSLA,OSLA
1472551276,Checkers,0,GAME_OVER,50,49,2,941,OSLA,OSLA
1680237156,Checkers,0,GAME_OVER,41,40,2,942,OSLA,OSLA
-1418167834,Checkers,0,GAME_OVER,44,43,2,943,OSLA,OSLA
1728057957,Checkers,0,GAME_OVER,42,41,2,944,OSLA,OSLA
-186095657,Checkers,0,GAME_OVER,38,37,2,945,OSLA,OSLA
1351366258,Checkers,0,GAME_OVER,44,43,2,946,OSLA,OSLA
1579344005,Checkers,0,GAME_OVER,47,46,2,947,OSLA,OSLA
-1490204681,Checkers,0,GAME_OVER,45,44,2,948,OSLA,OSLA
-570415773,Checkers,0,GAME_OVER,157,156,2,949,OSLA,OSLA
-610565432,Checkers,0,GAME_OVER,39,38,2,950,OSLA,OSLA
433324064,Checkers,0,GAME_OVER,111,110,2,951,OSLA,OSLA
406281386,Checkers,0,GAME_OVER,58,57,2,952,OSLA,OSLA
-87231360,Checkers,0,GAME_OVER,40,39,2,953,OSLA,OSLA
-1846275719,Checkers,0,GAME_OVER,62,61,2,954,OSLA,OSLA
1122898845,Checkers,0,GAME_OVER,44,43,2,955,OSLA,OSLA
1833988709,Checkers,0,GAME_OVER,46,45,2,956,OSLA,OSLA
19099793,Checkers,0,GAME_OVER,53,52,2,957,OSLA,OSLA
2057854488,Checkers,0,GAME_OVER,46,45,2,958,OSLA,OSLA
-1494205297,Checkers,0,GAME_OVER,45,44,2,959,OSLA,OSLA
375156931,Checkers,0,GAME_OVER,78,77,2,960,OSLA,OSLA
-351428365,Checkers,0,GAME_OVER,123,122,2,961,OSLA,OSLA
-1226447254,Checkers,0,GAME_OVER,45,44,2,962,OSLA,OSLA
764581851,Checkers,0,GAME_OVER,74,73,2,963,OSLA,OSLA
580986595,Checkers,0,GAME_OVER,42,41,2,964,OSLA,OSLA
-1046620099,Checkers,0,GAME_OVER,42,41,2,965,OSLA,OSLA
486888029,Checkers,0,GAME_OVER,54,53,2,966,OSLA,OSLA
-813926243,Checkers,0,GAME_OVER,33,32,2,967,OSLA,OSLA
125187708,Checkers,0,GAME_OVER,42,41,2,968,OSLA,OSLA
1366934473,Checkers,0,GAME_OVER,39,38,2,969,OSLA,OSLA
-849303751,Checkers,0,GAME_OVER,52,51,2,970,OSLA,OSLA
-1284969140,Checkers,0,GAME_OVER,37,36,2,971,OSLA,OSLA
-845145037,Checkers,0,GAME_OVER,38,37,2,972,OSLA,OSLA
-913805453,Checkers,0,GAME_OVER,36,35,2,973,OSLA,OSLA
-1971521003,Checkers,0,GAME_OVER,45,44,2,974,OSLA,OSLA
1227617051,Checkers,0,GAME_OVER,51,50,2,975,OSLA,OSLA
1457711408,Checkers,0,GAME_OVER,40,39,2,976,OSLA,OSLA
-1718206048,Checkers,0,GAME_OVER,119,118,2,977,OSLA,OSLA
-1527229045,Checkers,0,GAME_OVER,118,117,2,978,OSLA,OSLA
1414331298,Checkers,0,GAME_OVER,35,34,2,979,OSLA,OSLA
554598894,Checkers,0,GAME_OVER,96,95,2,980,OSLA,OSLA
1114518401,Checkers,0,GAME_OVER,44,43,2,981,OSLA,OSLA
360957615,Checkers,0,GAME_OVER,41,40,2,982,OSLA,OSLA
739354813,Checkers,0,GAME_OVER,37,36,2,983,OSLA,OSLA
495941202,Checkers,0,GAME_OVER,45,44,2,984,OSLA,OSLA
-887633511,Checkers,0,GAME_OVER,40,39,2,985,OSLA,OSLA
-1489189572,Checkers,0,GAME_OVER,60,59,2,986,OSLA,OSLA
1058923188,Checkers,0,GAME_OVER,41,40,2,987,OSLA,OSLA
833406719,Checkers,0,GAME_OVER,40,39,2,988,OSLA,OSLA
-1679978372,Checkers,0,GAME_OVER,49,48,2,989,OSLA,OSLA
171469584,Checkers,0,GAME_OVER,36,35,2,990,OSLA,OSLA
-1015239525,Checkers,0,GAME_OVER,41,40,2,991,OSLA,OSLA
-1655952408,Checkers,0,GAME_OVER,56,55,2,992,OSLA,OSLA
-4709928,Checkers,0,GAME_OVER,49,48,2,993,OSLA,OSLA
742797018,Checkers,0,GAME_OVER,40,39,2,994,OSLA,OSLA
-1422435588,Checkers,0,GAME_OVER,36,35,2,995,OSLA,OSLA
-1852067803,Checkers,0,GAME_OVER,41,40,2,996,OSLA,OSLA
737539513,Checkers,0,GAME_OVER,31,30,2,997,OSLA,OSLA
605492753,Checkers,0,GAME_OVER,49,48,2,998,OSLA,OSLA
-1613295438,Checkers,0,GAME_OVER,39,38,2,999,OSLA,OSLA
2006497034,Checkers,0,GAME_OVER,44,43,2,1000,OSLA,OSLA
-1665629176,Checkers,0,GAME_OVER,41,40,2,1001,OSLA,OSLA
-1126811814,Checkers,0,GAME_OVER,45,44,2,1002,RandomPlayerConfig,OSLA
-1854791702,Checkers,0,GAME_OVER,77,76,2,1003,RandomPlayerConfig,OSLA
-1761392996,Checkers,0,GAME_OVER,51,50,2,1004,RandomPlayerConfig,OSLA
1190084556,Checkers,0,GAME_OVER,44,43,2,1005,RandomPlayerConfig,OSLA
134562684,Checkers,0,GAME_OVER,38,37,2,1006,RandomPlayerConfig,OSLA
213330350,Checkers,0,GAME_OVER,45,44,2,1007,RandomPlayerConfig,OSLA
-974643853,Checkers,0,GAME_OVER,55,54,2,1008,RandomPlayerConfig,OSLA
-513454553,Checkers,0,GAME_OVER,39,38,2,1009,RandomPlayerConfig,OSLA
514392549,Checkers,0,GAME_OVER,49,48,2,1010,RandomPlayerConfig,OSLA
500056579,Checkers,0,GAME_OVER,46,45,2,1011,RandomPlayerConfig,OSLA
1197348627,Checkers,0,GAME_OVER,52,51,2,1012,RandomPlayerConfig,OSLA
611704885,Checkers,0,GAME_OVER,74,73,2,1013,RandomPlayerConfig,OSLA
1073468091,Checkers,0,GAME_OVER,49,48,2,1014,RandomPlayerConfig,OSLA
-2079133931,Checkers,0,GAME_OVER,44,43,2,1015,RandomPlayerConfig,OSLA
900962656,Checkers,0,GAME_OVER,49,48,2,1016,RandomPlayerConfig,OSLA
-1105320639,Checkers,0,GAME_OVER,49,48,2,1017,RandomPlayerConfig,OSLA
-1276645753,Checkers,0,GAME_OVER,50,49,2,1018,RandomPlayerConfig,OSLA
2066220240,Checkers,0,GAME_OVER,55,54,2,1019,RandomPlayerConfig,OSLA
134392692,Checkers,0,GAME_OVER,40,39,2,1020,RandomPlayerConfig,OSLA
-595867711,Checkers,0,GAME_OVER,49,48,2,1021,RandomPlayerConfig,OSLA
-1423916759,Checkers,0,GAME_OVER,47,46,2,1022,RandomPlayerConfig,OSLA
1584043718,Checkers,0,GAME_OVER,46,45,2,1023,RandomPlayerConfig,OSLA
631557042,Checkers,0,GAME_OVER,42,41,2,1024,RandomPlayerConfig,OSLA
-1159394339,Checkers,0,GAME_OVER,70,69,2,1025,RandomPlayerConfig,OSLA
-1753055221,Checkers,0,GAME_OVER,70,69,2,1026,RandomPlayerConfig,OSLA
-1165515690,Checkers,0,GAME_OVER,43,42,2,1027,RandomPlayerConfig,OSLA
-993684709,Checkers,0,GAME_OVER,42,41,2,1028,RandomPlayerConfig,OSLA
-1903832526,Checkers,0,GAME_OVER,56,55,2,1029,RandomPlayerConfig,OSLA
-2145882215,Checkers,0,GAME_OVER,55,54,2,1030,RandomPlayerConfig,OSLA
1434313481,Checkers,0,GAME_OVER,51,50,2,1031,RandomPlayerConfig,OSLA
992721376,Checkers,0,GAME_OVER,69,68,2,1032,RandomPlayerConfig,OSLA
377717458,Checkers,0,GAME_OVER,48,47,2,1033,RandomPlayerConfig,OSLA
-985822224,Checkers,0,GAME_OVER,55,54,2,1034,RandomPlayerConfig,OSLA
-1509471425,Checkers,0,GAME_OVER,41,40,2,1035,RandomPlayerConfig,OSLA
-1984605897,Checkers,0,GAME_OVER,51,50,2,1036,RandomPlayerConfig,OSLA
-1018813297,Checkers,0,GAME_OVER,43,42,2,1037,RandomPlayerConfig,OSLA
-263026475,Checkers,0,GAME_OVER,48,47,2,1038,RandomPlayerConfig,OSLA
1425820426,Checkers,0,GAME_OVER,47,46,2,1039,RandomPlayerConfig,OSLA
897402481,Checkers,0,GAME_OVER,44,43,2,1040,RandomPlayerConfig,OSLA
228926585,Checkers,0,GAME_OVER,40,39,2,1041,RandomPlayerConfig,OSLA
1925143784,Checkers,0,GAME_OVER,43,42,2,1042,RandomPlayerConfig,OSLA
1610400601,Checkers,0,GAME_OVER,57,56,2,1043,RandomPlayerConfig,OSLA
1919779660,Checkers,0,GAME_OVER,54,53,2,1044,RandomPlayerConfig,OSLA
-2053467740,Checkers,0,GAME_OVER,46,45,2,1045,RandomPlayerConfig,OSLA
10865688,Checkers,0,GAME_OVER,39,38,2,1046,RandomPlayerConfig,OSLA
1523135320,Checkers,0,GAME_OVER,58,57,2,1047,RandomPlayerConfig,OSLA
-882753659,Checkers,0,GAME_OVER,46,45,2,1048,RandomPlayerConfig,OSLA
-1324887762,Checkers,0,GAME_OVER,53,52,2,1049,RandomPlayerConfig,OSLA
-1878153895,Checkers,0,GAME_OVER,50,49,2,1050,RandomPlayerConfig,OSLA
-830949865,Checkers,0,GAME_OVER,40,39,2,1051,RandomPlayerConfig,OSLA
959993777,Checkers,0,GAME_OVER,53,52,2,1052,RandomPlayerConfig,OSLA
-1572663681,Checkers,0,GAME_OVER,47,46,2,1053,RandomPlayerConfig,OSLA
-55924844,Checkers,0,GAME_OVER,45,44,2,1054,RandomPlayerConfig,OSLA
1767814761,Checkers,0,GAME_OVER,45,44,2,1055,RandomPlayerConfig,OSLA
1969864013,Checkers,0,GAME_OVER,51,50,2,1056,RandomPlayerConfig,OSLA
1540680658,Checkers,0,GAME_OVER,49,48,2,1057,RandomPlayerConfig,OSLA
501694943,Checkers,0,GAME_OVER,69,68,2,1058,RandomPlayerConfig,OSLA
1379761422,Checkers,0,GAME_OVER,53,52,2,1059,RandomPlayerConfig,OSLA
326652947,Checkers,0,GAME_OVER,46,45,2,1060,RandomPlayerConfig,OSLA
-2025703691,Checkers,0,GAME_OVER,54,53,2,1061,RandomPlayerConfig,OSLA
1876861678,Checkers,0,GAME_OVER,53,52,2,1062,RandomPlayerConfig,OSLA
-1684996844,Checkers,0,GAME_OVER,56,55,2,1063,RandomPlayerConfig,OSLA
-275197809,Checkers,0,GAME_OVER,53,52,2,1064,RandomPlayerConfig,OSLA
-1607096756,Checkers,0,GAME_OVER,57,56,2,1065,RandomPlayerConfig,OSLA
-1415328824,Checkers,0,GAME_OVER,47,46,2,1066,RandomPlayerConfig,OSLA
1250919033,Checkers,0,GAME_OVER,60,59,2,1067,RandomPlayerConfig,OSLA
-32216080,Checkers,0,GAME_OVER,46,45,2,1068,RandomPlayerConfig,OSLA
-1474698725,Checkers,0,GAME_OVER,40,39,2,1069,RandomPlayerConfig,OSLA
651860413,Checkers,0,GAME_OVER,47,46,2,1070,RandomPlayerConfig,OSLA
1328817941,Checkers,0,GAME_OVER,43,42,2,1071,RandomPlayerConfig,OSLA
-957251293,Checkers,0,GAME_OVER,49,48,2,1072,RandomPlayerConfig,OSLA
1886674435,Checkers,0,GAME_OVER,50,49,2,1073,RandomPlayerConfig,OSLA
428014486,Checkers,0,GAME_OVER,55,54,2,1074,RandomPlayerConfig,OSLA
-243191370,Checkers,0,GAME_OVER,47,46,2,1075,RandomPlayerConfig,OSLA
2044749597,Checkers,0,GAME_OVER,58,57,2,1076,RandomPlayerConfig,OSLA
5621453,Checkers,0,GAME_OVER,44,43,2,1077,RandomPlayerConfig,OSLA
-98187762,Checkers,0,GAME_OVER,47,46,2,1078,RandomPlayerConfig,OSLA
-899234932,Checkers,0,GAME_OVER,48,47,2,1079,RandomPlayerConfig,OSLA
-1200939912,Checkers,0,GAME_OVER,53,52,2,1080,RandomPlayerConfig,OSLA
54331494,Checkers,0,GAME_OVER,60,59,2,1081,RandomPlayerConfig,OSLA
-1349133439,Checkers,0,GAME_OVER,46,45,2,1082,RandomPlayerConfig,OSLA
782006215,Checkers,0,GAME_OVER,51,50,2,1083,RandomPlayerConfig,OSLA
-46426047,Checkers,0,GAME_OVER,47,46,2,1084,RandomPlayerConfig,OSLA
1242968106,Checkers,0,GAME_OVER,66,65,2,1085,RandomPlayerConfig,OSLA
191863523,Checkers,0,GAME_OVER,45,44,2,1086,RandomPlayerConfig,OSLA
-1249715842,Checkers,0,GAME_OVER,57,56,2,1087,RandomPlayerConfig,OSLA
3527695,Checkers,0,GAME_OVER,45,44,2,1088,RandomPlayerConfig,OSLA
1909370724,Checkers,0,GAME_OVER,45,44,2,1089,RandomPlayerConfig,OSLA
-1263810062,Checkers,0,GAME_OVER,46,45,2,1090,RandomPlayerConfig,OSLA
403428306,Checkers,0,GAME_OVER,54,53,2,1091,RandomPlayerConfig,OSLA
224387928,Checkers,0,GAME_OVER,75,74,2,1092,RandomPlayerConfig,OSLA
-1030962667,Checkers,0,GAME_OVER,51,50,2,1093,RandomPlayerConfig,OSLA
-1388679505,Checkers,0,GAME_OVER,40,39,2,1094,RandomPlayerConfig,OSLA
1106739283,Checkers,0,GAME_OVER,48,47,2,1095,RandomPlayerConfig,OSLA
-110908417,Checkers,0,GAME_OVER,49,48,2,1096,RandomPlayerConfig,OSLA
1462762996,Checkers,0,GAME_OVER,61,60,2,1097,RandomPlayerConfig,OSLA
-202552310,Checkers,0,GAME_OVER,50,49,2,1098,RandomPlayerConfig,OSLA
-56297566,Checkers,0,GAME_OVER,53,52,2,1099,RandomPlayerConfig,OSLA
119215152,Checkers,0,GAME_OVER,60,59,2,1100,RandomPlayerConfig,OSLA
-493007434,Checkers,0,GAME_OVER,41,40,2,1101,RandomPlayerConfig,OSLA
1681978843,Checkers,0,GAME_OVER,67,66,2,1102,RandomPlayerConfig,OSLA
-594737066,Checkers,0,GAME_OVER,40,39,2,1103,RandomPlayerConfig,OSLA
-1756317328,Checkers,0,GAME_OVER,63,62,2,1104,RandomPlayerConfig,OSLA
-944186225,Checkers,0,GAME_OVER,49,48,2,1105,RandomPlayerConfig,OSLA
185511961,Checkers,0,GAME_OVER,66,65,2,1106,RandomPlayerConfig,OSLA
-76089309,Checkers,0,GAME_OVER,41,40,2,1107,RandomPlayerConfig,OSLA
468485359,Checkers,0,GAME_OVER,40,39,2,1108,RandomPlayerConfig,OSLA
1175762423,Checkers,0,GAME_OVER,39,38,2,1109,RandomPlayerConfig,OSLA
1361087813,Checkers,0,GAME_OVER,51,50,2,1110,RandomPlayerConfig,OSLA
-673860807,Checkers,0,GAME_OVER,45,44,2,1111,RandomPlayerConfig,OSLA
1399107872,Checkers,0,GAME_OVER,81,80,2,1112,RandomPlayerConfig,OSLA
-796713551,Checkers,0,GAME_OVER,53,52,2,1113,RandomPlayerConfig,OSLA
-297500633,Checkers,0,GAME_OVER,56,55,2,1114,RandomPlayerConfig,OSLA
1606290921,Checkers,0,GAME_OVER,48,47,2,1115,RandomPlayerConfig,OSLA
-306113397,Checkers,0,GAME_OVER,52,51,2,1116,RandomPlayerConfig,OSLA
405267464,Checkers,0,GAME_OVER,42,41,2,1117,RandomPlayerConfig,OSLA
-669887300,Checkers,0,GAME_OVER,45,44,2,1118,RandomPlayerConfig,OSLA
-1848836978,Checkers,0,GAME_OVER,45,44,2,1119,RandomPlayerConfig,OSLA
587711969,Checkers,0,GAME_OVER,43,42,2,1120,RandomPlayerConfig,OSLA
1318337115,Checkers,0,GAME_OVER,44,43,2,1121,RandomPlayerConfig,OSLA
-899431314,Checkers,0,GAME_OVER,47,46,2,1122,RandomPlayerConfig,OSLA
845079978,Checkers,0,GAME_OVER,40,39,2,1123,RandomPlayerConfig,OSLA
-2134414000,Checkers,0,GAME_OVER,46,45,2,1124,RandomPlayerConfig,OSLA
-1070806052,Checkers,0,GAME_OVER,45,44,2,1125,RandomPlayerConfig,OSLA
-1950541435,Checkers,0,GAME_OVER,70,69,2,1126,RandomPlayerConfig,OSLA
904360527,Checkers,0,GAME_OVER,46,45,2,1127,RandomPlayerConfig,OSLA
-354101480,Checkers,0,GAME_OVER,42,41,2,1128,RandomPlayerConfig,OSLA
1439833748,Checkers,0,GAME_OVER,44,43,2,1129,RandomPlayerConfig,OSLA
1356338653,Checkers,0,GAME_OVER,35,34,2,1130,RandomPlayerConfig,OSLA
-1270120257,Checkers,0,GAME_OVER,49,48,2,1131,RandomPlayerConfig,OSLA
-266953890,Checkers,0,GAME_OVER,45,44,2,1132,RandomPlayerConfig,OSLA
901742762,Checkers,0,GAME_OVER,40,39,2,1133,RandomPlayerConfig,OSLA
929698009,Checkers,0,GAME_OVER,59,58,2,1134,RandomPlayerConfig,OSLA
1662328150,Checkers,0,GAME_OVER,44,43,2,1135,RandomPlayerConfig,OSLA
-1378685120,Checkers,0,GAME_OVER,56,55,2,1136,RandomPlayerConfig,OSLA
-1877670429,Checkers,0,GAME_OVER,40,39,2,1137,RandomPlayerConfig,OSLA
-2074509161,Checkers,0,GAME_OVER,52,51,2,1138,RandomPlayerConfig,OSLA
-1082939992,Checkers,0,GAME_OVER,34,33,2,1139,RandomPlayerConfig,OSLA
1864430377,Checkers,0,GAME_OVER,43,42,2,1140,RandomPlayerConfig,OSLA
1472551276,Checkers,0,GAME_OVER,69,68,2,1141,RandomPlayerConfig,OSLA
1680237156,Checkers,0,GAME_OVER,52,51,2,1142,RandomPlayerConfig,OSLA
-1418167834,Checkers,0,GAME_OVER,51,50,2,1143,RandomPlayerConfig,OSLA
1728057957,Checkers,0,GAME_OVER,48,47,2,1144,RandomPlayerConfig,OSLA
-186095657,Checkers,0,GAME_OVER,47,46,2,1145,RandomPlayerConfig,OSLA
1351366258,Checkers,0,GAME_OVER,68,67,2,1146,RandomPlayerConfig,OSLA
1579344005,Checkers,0,GAME_OVER,53,52,2,1147,RandomPlayerConfig,OSLA
-1490204681,Checkers,0,GAME_OVER,50,49,2,1148,RandomPlayerConfig,OSLA
-570415773,Checkers,0,GAME_OVER,45,44,2,1149,RandomPlayerConfig,OSLA
-610565432,Checkers,0,GAME_OVER,55,54,2,1150,RandomPlayerConfig,OSLA
433324064,Checkers,0,GAME_OVER,40,39,2,1151,RandomPlayerConfig,OSLA
406281386,Checkers,0,GAME_OVER,53,52,2,1152,RandomPlayerConfig,OSLA
-87231360,Checkers,0,GAME_OVER,60,59,2,1153,RandomPlayerConfig,OSLA
-1846275719,Checkers,0,GAME_OVER,45,44,2,1154,RandomPlayerConfig,OSLA
1122898845,Checkers,0,GAME_OVER,47,46,2,1155,RandomPlayerConfig,OSLA
1833988709,Checkers,0,GAME_OVER,65,64,2,1156,RandomPlayerConfig,OSLA
19099793,Checkers,0,GAME_OVER,56,55,2,1157,RandomPlayerConfig,OSLA
2057854488,Checkers,0,GAME_OVER,47,46,2,1158,RandomPlayerConfig,OSLA
-1494205297,Checkers,0,GAME_OVER,56,55,2,1159,RandomPlayerConfig,OSLA
375156931,Checkers,0,GAME_OVER,48,47,2,1160,RandomPlayerConfig,OSLA
-351428365,Checkers,0,GAME_OVER,49,48,2,1161,RandomPlayerConfig,OSLA
-1226447254,Checkers,0,GAME_OVER,66,65,2,1162,RandomPlayerConfig,OSLA
764581851,Checkers,0,GAME_OVER,65,64,2,1163,RandomPlayerConfig,OSLA
580986595,Checkers,0,GAME_OVER,59,58,2,1164,RandomPlayerConfig,OSLA
-1046620099,Checkers,0,GAME_OVER,50,49,2,1165,RandomPlayerConfig,OSLA
486888029,Checkers,0,GAME_OVER,56,55,2,1166,RandomPlayerConfig,OSLA
-813926243,Checkers,0,GAME_OVER,63,62,2,1167,RandomPlayerConfig,OSLA
125187708,Checkers,0,GAME_OVER,64,63,2,1168,RandomPlayerConfig,OSLA
1366934473,Checkers,0,GAME_OVER,49,48,2,1169,RandomPlayerConfig,OSLA
-849303751,Checkers,0,GAME_OVER,45,44,2,1170,RandomPlayerConfig,OSLA
-1284969140,Checkers,0,GAME_OVER,50,49,2,1171,RandomPlayerConfig,OSLA
-845145037,Checkers,0,GAME_OVER,48,47,2,1172,RandomPlayerConfig,OSLA
-913805453,Checkers,0,GAME_OVER,52,51,2,1173,RandomPlayerConfig,OSLA
-1971521003,Checkers,0,GAME_OVER,57,56,2,1174,RandomPlayerConfig,OSLA
1227617051,Checkers,0,GAME_OVER,45,44,2,1175,RandomPlayerConfig,OSLA
1457711408,Checkers,0,GAME_OVER,65,64,2,1176,RandomPlayerConfig,OSLA
-1718206048,Checkers,0,GAME_OVER,50,49,2,1177,RandomPlayerConfig,OSLA
-1527229045,Checkers,0,GAME_OVER,57,56,2,1178,RandomPlayerConfig,OSLA
1414331298,Checkers,0,GAME_OVER,41,40,2,1179,RandomPlayerConfig,OSLA
554598894,Checkers,0,GAME_OVER,46,45,2,1180,RandomPlayerConfig,OSLA
1114518401,Checkers,0,GAME_OVER,40,39,2,1181,RandomPlayerConfig,OSLA
360957615,Checkers,0,GAME_OVER,53,52,2,1182,RandomPlayerConfig,OSLA
739354813,Checkers,0,GAME_OVER,60,59,2,1183,RandomPlayerConfig,OSLA
495941202,Checkers,0,GAME_OVER,46,45,2,1184,RandomPlayerConfig,OSLA
-887633511,Checkers,0,GAME_OVER,44,43,2,1185,RandomPlayerConfig,OSLA
-1489189572,Checkers,0,GAME_OVER,48,47,2,1186,RandomPlayerConfig,OSLA
1058923188,Checkers,0,GAME_OVER,58,57,2,1187,RandomPlayerConfig,OSLA
833406719,Checkers,0,GAME_OVER,63,62,2,1188,RandomPlayerConfig,OSLA
-1679978372,Checkers,0,GAME_OVER,54,53,2,1189,RandomPlayerConfig,OSLA
171469584,Checkers,0,GAME_OVER,47,46,2,1190,RandomPlayerConfig,OSLA
-1015239525,Checkers,0,GAME_OVER,46,45,2,1191,RandomPlayerConfig,OSLA
-1655952408,Checkers,0,GAME_OVER,80,79,2,1192,RandomPlayerConfig,OSLA
-4709928,Checkers,0,GAME_OVER,49,48,2,1193,RandomPlayerConfig,OSLA
742797018,Checkers,0,GAME_OVER,58,57,2,1194,RandomPlayerConfig,OSLA
-1422435588,Checkers,0,GAME_OVER,51,50,2,1195,RandomPlayerConfig,OSLA
-1852067803,Checkers,0,GAME_OVER,55,54,2,1196,RandomPlayerConfig,OSLA
737539513,Checkers,0,GAME_OVER,42,41,2,1197,RandomPlayerConfig,OSLA
605492753,Checkers,0,GAME_OVER,52,51,2,1198,RandomPlayerConfig,OSLA
-1613295438,Checkers,0,GAME_OVER,51,50,2,1199,RandomPlayerConfig,OSLA
2006497034,Checkers,0,GAME_OVER,52,51,2,1200,RandomPlayerConfig,OSLA
-1665629176,Checkers,0,GAME_OVER,43,42,2,1201,RandomPlayerConfig,OSLA
-1126811814,Checkers,0,GAME_OVER,36,35,2,1202,MCTS_CheckersHeuristic,RandomPlayerConfig
-1854791702,Checkers,0,GAME_OVER,27,26,2,1203,MCTS_CheckersHeuristic,RandomPlayerConfig
-1761392996,Checkers,0,GAME_OVER,30,29,2,1204,MCTS_CheckersHeuristic,RandomPlayerConfig
1190084556,Checkers,0,GAME_OVER,36,35,2,1205,MCTS_CheckersHeuristic,RandomPlayerConfig
134562684,Checkers,0,GAME_OVER,35,34,2,1206,MCTS_CheckersHeuristic,RandomPlayerConfig
213330350,Checkers,0,GAME_OVER,36,35,2,1207,MCTS_CheckersHeuristic,RandomPlayerConfig
-974643853,Checkers,0,GAME_OVER,36,35,2,1208,MCTS_CheckersHeuristic,RandomPlayerConfig
-513454553,Checkers,0,GAME_OVER,32,31,2,1209,MCTS_CheckersHeuristic,RandomPlayerConfig
514392549,Checkers,0,GAME_OVER,32,31,2,1210,MCTS_CheckersHeuristic,RandomPlayerConfig
500056579,Checkers,0,GAME_OVER,29,28,2,1211,MCTS_CheckersHeuristic,RandomPlayerConfig
1197348627,Checkers,0,GAME_OVER,32,31,2,1212,MCTS_CheckersHeuristic,RandomPlayerConfig
611704885,Checkers,0,GAME_OVER,31,30,2,1213,MCTS_CheckersHeuristic,RandomPlayerConfig
1073468091,Checkers,0,GAME_OVER,26,25,2,1214,MCTS_CheckersHeuristic,RandomPlayerConfig
-2079133931,Checkers,0,GAME_OVER,31,30,2,1215,MCTS_CheckersHeuristic,RandomPlayerConfig
900962656,Checkers,0,GAME_OVER,36,35,2,1216,MCTS_CheckersHeuristic,RandomPlayerConfig
-1105320639,Checkers,0,GAME_OVER,38,37,2,1217,MCTS_CheckersHeuristic,RandomPlayerConfig
-1276645753,Checkers,0,GAME_OVER,30,29,2,1218,MCTS_CheckersHeuristic,RandomPlayerConfig
2066220240,Checkers,0,GAME_OVER,42,41,2,1219,MCTS_CheckersHeuristic,RandomPlayerConfig
134392692,Checkers,0,GAME_OVER,30,29,2,1220,MCTS_CheckersHeuristic,RandomPlayerConfig
-595867711,Checkers,0,GAME_OVER,24,23,2,1221,MCTS_CheckersHeuristic,RandomPlayerConfig
-1423916759,Checkers,0,GAME_OVER,22,21,2,1222,MCTS_CheckersHeuristic,RandomPlayerConfig
1584043718,Checkers,0,GAME_OVER,41,40,2,1223,MCTS_CheckersHeuristic,RandomPlayerConfig
631557042,Checkers,0,GAME_OVER,35,34,2,1224,MCTS_CheckersHeuristic,RandomPlayerConfig
-1159394339,Checkers,0,GAME_OVER,33,32,2,1225,MCTS_CheckersHeuristic,RandomPlayerConfig
-1753055221,Checkers,0,GAME_OVER,34,33,2,1226,MCTS_CheckersHeuristic,RandomPlayerConfig
-1165515690,Checkers,0,GAME_OVER,35,34,2,1227,MCTS_CheckersHeuristic,RandomPlayerConfig
-993684709,Checkers,0,GAME_OVER,27,26,2,1228,MCTS_CheckersHeuristic,RandomPlayerConfig
-1903832526,Checkers,0,GAME_OVER,36,35,2,1229,MCTS_CheckersHeuristic,RandomPlayerConfig
-2145882215,Checkers,0,GAME_OVER,28,27,2,1230,MCTS_CheckersHeuristic,RandomPlayerConfig
1434313481,Checkers,0,GAME_OVER,37,36,2,1231,MCTS_CheckersHeuristic,RandomPlayerConfig
992721376,Checkers,0,GAME_OVER,38,37,2,1232,MCTS_CheckersHeuristic,RandomPlayerConfig
377717458,Checkers,0,GAME_OVER,48,47,2,1233,MCTS_CheckersHeuristic,RandomPlayerConfig
-985822224,Checkers,0,GAME_OVER,39,38,2,1234,MCTS_CheckersHeuristic,RandomPlayerConfig
-1509471425,Checkers,0,GAME_OVER,35,34,2,1235,MCTS_CheckersHeuristic,RandomPlayerConfig
-1984605897,Checkers,0,GAME_OVER,42,41,2,1236,MCTS_CheckersHeuristic,RandomPlayerConfig
-1018813297,Checkers,0,GAME_OVER,33,32,2,1237,MCTS_CheckersHeuristic,RandomPlayerConfig
-263026475,Checkers,0,GAME_OVER,33,32,2,1238,MCTS_CheckersHeuristic,RandomPlayerConfig
1425820426,Checkers,0,GAME_OVER,36,35,2,1239,MCTS_CheckersHeuristic,RandomPlayerConfig
897402481,Checkers,0,GAME_OVER,32,31,2,1240,MCTS_CheckersHeuristic,RandomPlayerConfig
228926585,Checkers,0,GAME_OVER,35,34,2,1241,MCTS_CheckersHeuristic,RandomPlayerConfig
1925143784,Checkers,0,GAME_OVER,34,33,2,1242,MCTS_CheckersHeuristic,RandomPlayerConfig
1610400601,Checkers,0,GAME_OVER,37,36,2,1243,MCTS_CheckersHeuristic,RandomPlayerConfig
1919779660,Checkers,0,GAME_OVER,33,32,2,1244,MCTS_CheckersHeuristic,RandomPlayerConfig
-2053467740,Checkers,0,GAME_OVER,40,39,2,1245,MCTS_CheckersHeuristic,RandomPlayerConfig
10865688,Checkers,0,GAME_OVER,31,30,2,1246,MCTS_CheckersHeuristic,RandomPlayerConfig
1523135320,Checkers,0,GAME_OVER,30,29,2,1247,MCTS_CheckersHeuristic,RandomPlayerConfig
-882753659,Checkers,0,GAME_OVER,32,31,2,1248,MCTS_CheckersHeuristic,RandomPlayerConfig
-1324887762,Checkers,0,GAME_OVER,27,26,2,1249,MCTS_CheckersHeuristic,RandomPlayerConfig
-1878153895,Checkers,0,GAME_OVER,40,39,2,1250,MCTS_CheckersHeuristic,RandomPlayerConfig
-830949865,Checkers,0,GAME_OVER,36,35,2,1251,MCTS_CheckersHeuristic,RandomPlayerConfig
959993777,Checkers,0,GAME_OVER,31,30,2,1252,MCTS_CheckersHeuristic,RandomPlayerConfig
-1572663681,Checkers,0,GAME_OVER,36,35,2,1253,MCTS_CheckersHeuristic,RandomPlayerConfig
-55924844,Checkers,0,GAME_OVER,31,30,2,1254,MCTS_CheckersHeuristic,RandomPlayerConfig
1767814761,Checkers,0,GAME_OVER,38,37,2,1255,MCTS_CheckersHeuristic,RandomPlayerConfig
1969864013,Checkers,0,GAME_OVER,36,35,2,1256,MCTS_CheckersHeuristic,RandomPlayerConfig
1540680658,Checkers,0,GAME_OVER,23,22,2,1257,MCTS_CheckersHeuristic,RandomPlayerConfig
501694943,Checkers,0,GAME_OVER,30,29,2,1258,MCTS_CheckersHeuristic,RandomPlayerConfig
1379761422,Checkers,0,GAME_OVER,28,27,2,1259,MCTS_CheckersHeuristic,RandomPlayerConfig
326652947,Checkers,0,GAME_OVER,25,24,2,1260,MCTS_CheckersHeuristic,RandomPlayerConfig
-2025703691,Checkers,0,GAME_OVER,26,25,2,1261,MCTS_CheckersHeuristic,RandomPlayerConfig
1876861678,Checkers,0,GAME_OVER,29,28,2,1262,MCTS_CheckersHeuristic,RandomPlayerConfig
-1684996844,Checkers,0,GAME_OVER,39,38,2,1263,MCTS_CheckersHeuristic,RandomPlayerConfig
-275197809,Checkers,0,GAME_OVER,23,22,2,1264,MCTS_CheckersHeuristic,RandomPlayerConfig
-1607096756,Checkers,0,GAME_OVER,24,23,2,1265,MCTS_CheckersHeuristic,RandomPlayerConfig
-1415328824,Checkers,0,GAME_OVER,30,29,2,1266,MCTS_CheckersHeuristic,RandomPlayerConfig
1250919033,Checkers,0,GAME_OVER,25,24,2,1267,MCTS_CheckersHeuristic,RandomPlayerConfig
-32216080,Checkers,0,GAME_OVER,34,33,2,1268,MCTS_CheckersHeuristic,RandomPlayerConfig
-1474698725,Checkers,0,GAME_OVER,41,40,2,1269,MCTS_CheckersHeuristic,RandomPlayerConfig
651860413,Checkers,0,GAME_OVER,28,27,2,1270,MCTS_CheckersHeuristic,RandomPlayerConfig
1328817941,Checkers,0,GAME_OVER,35,34,2,1271,MCTS_CheckersHeuristic,RandomPlayerConfig
-957251293,Checkers,0,GAME_OVER,37,36,2,1272,MCTS_CheckersHeuristic,RandomPlayerConfig
1886674435,Checkers,0,GAME_OVER,31,30,2,1273,MCTS_CheckersHeuristic,RandomPlayerConfig
428014486,Checkers,0,GAME_OVER,39,38,2,1274,MCTS_CheckersHeuristic,RandomPlayerConfig
-243191370,Checkers,0,GAME_OVER,39,38,2,1275,MCTS_CheckersHeuristic,RandomPlayerConfig
2044749597,Checkers,0,GAME_OVER,29,28,2,1276,MCTS_CheckersHeuristic,RandomPlayerConfig
5621453,Checkers,0,GAME_OVER,33,32,2,1277,MCTS_CheckersHeuristic,RandomPlayerConfig
-98187762,Checkers,0,GAME_OVER,32,31,2,1278,MCTS_CheckersHeuristic,RandomPlayerConfig
-899234932,Checkers,0,GAME_OVER,30,29,2,1279,MCTS_CheckersHeuristic,RandomPlayerConfig
-1200939912,Checkers,0,GAME_OVER,36,35,2,1280,MCTS_CheckersHeuristic,RandomPlayerConfig
54331494,Checkers,0,GAME_OVER,31,30,2,1281,MCTS_CheckersHeuristic,RandomPlayerConfig
-1349133439,Checkers,0,GAME_OVER,43,42,2,1282,MCTS_CheckersHeuristic,RandomPlayerConfig
782006215,Checkers,0,GAME_OVER,35,34,2,1283,MCTS_CheckersHeuristic,RandomPlayerConfig
-46426047,Checkers,0,GAME_OVER,27,26,2,1284,MCTS_CheckersHeuristic,RandomPlayerConfig
1242968106,Checkers,0,GAME_OVER,36,35,2,1285,MCTS_CheckersHeuristic,RandomPlayerConfig
191863523,Checkers,0,GAME_OVER,35,34,2,1286,MCTS_CheckersHeuristic,RandomPlayerConfig
-1249715842,Checkers,0,GAME_OVER,34,33,2,1287,MCTS_CheckersHeuristic,RandomPlayerConfig
3527695,Checkers,0,GAME_OVER,38,37,2,1288,MCTS_CheckersHeuristic,RandomPlayerConfig
1909370724,Checkers,0,GAME_OVER,27,26,2,1289,MCTS_CheckersHeuristic,RandomPlayerConfig
-1263810062,Checkers,0,GAME_OVER,39,38,2,1290,MCTS_CheckersHeuristic,RandomPlayerConfig
403428306,Checkers,0,GAME_OVER,32,31,2,1291,MCTS_CheckersHeuristic,RandomPlayerConfig
224387928,Checkers,0,GAME_OVER,34,33,2,1292,MCTS_CheckersHeuristic,RandomPlayerConfig
-1030962667,Checkers,0,GAME_OVER,31,30,2,1293,MCTS_CheckersHeuristic,RandomPlayerConfig
-1388679505,Checkers,0,GAME_OVER,36,35,2,1294,MCTS_CheckersHeuristic,RandomPlayerConfig
1106739283,Checkers,0,GAME_OVER,32,31,2,1295,MCTS_CheckersHeuristic,RandomPlayerConfig
-110908417,Checkers,0,GAME_OVER,26,25,2,1296,MCTS_CheckersHeuristic,RandomPlayerConfig
1462762996,Checkers,0,GAME_OVER,25,24,2,1297,MCTS_CheckersHeuristic,RandomPlayerConfig
-202552310,Checkers,0,GAME_OVER,31,30,2,1298,MCTS_CheckersHeuristic,RandomPlayerConfig
-56297566,Checkers,0,GAME_OVER,44,43,2,1299,MCTS_CheckersHeuristic,RandomPlayerConfig
119215152,Checkers,0,GAME_OVER,33,32,2,1300,MCTS_CheckersHeuristic,RandomPlayerConfig
-493007434,Checkers,0,GAME_OVER,29,28,2,1301,MCTS_CheckersHeuristic,RandomPlayerConfig
1681978843,Checkers,0,GAME_OVER,30,29,2,1302,MCTS_CheckersHeuristic,RandomPlayerConfig
-594737066,Checkers,0,GAME_OVER,34,33,2,1303,MCTS_CheckersHeuristic,RandomPlayerConfig
-1756317328,Checkers,0,GAME_OVER,34,33,2,1304,MCTS_CheckersHeuristic,RandomPlayerConfig
-944186225,Checkers,0,GAME_OVER,32,31,2,1305,MCTS_CheckersHeuristic,RandomPlayerConfig
185511961,Checkers,0,GAME_OVER,34,33,2,1306,MCTS_CheckersHeuristic,RandomPlayerConfig
-76089309,Checkers,0,GAME_OVER,36,35,2,1307,MCTS_CheckersHeuristic,RandomPlayerConfig
468485359,Checkers,0,GAME_OVER,33,32,2,1308,MCTS_CheckersHeuristic,RandomPlayerConfig
1175762423,Checkers,0,GAME_OVER,38,37,2,1309,MCTS_CheckersHeuristic,RandomPlayerConfig
1361087813,Checkers,0,GAME_OVER,43,42,2,1310,MCTS_CheckersHeuristic,RandomPlayerConfig
-673860807,Checkers,0,GAME_OVER,38,37,2,1311,MCTS_CheckersHeuristic,RandomPlayerConfig
1399107872,Checkers,0,GAME_OVER,39,38,2,1312,MCTS_CheckersHeuristic,RandomPlayerConfig
-796713551,Checkers,0,GAME_OVER,26,25,2,1313,MCTS_CheckersHeuristic,RandomPlayerConfig
-297500633,Checkers,0,GAME_OVER,32,31,2,1314,MCTS_CheckersHeuristic,RandomPlayerConfig
1606290921,Checkers,0,GAME_OVER,31,30,2,1315,MCTS_CheckersHeuristic,RandomPlayerConfig
-306113397,Checkers,0,GAME_OVER,31,30,2,1316,MCTS_CheckersHeuristic,RandomPlayerConfig
405267464,Checkers,0,GAME_OVER,27,26,2,1317,MCTS_CheckersHeuristic,RandomPlayerConfig
-669887300,Checkers,0,GAME_OVER,32,31,2,1318,MCTS_CheckersHeuristic,RandomPlayerConfig
-1848836978,Checkers,0,GAME_OVER,36,35,2,1319,MCTS_CheckersHeuristic,RandomPlayerConfig
587711969,Checkers,0,GAME_OVER,31,30,2,1320,MCTS_CheckersHeuristic,RandomPlayerConfig
1318337115,Checkers,0,GAME_OVER,37,36,2,1321,MCTS_CheckersHeuristic,RandomPlayerConfig
-899431314,Checkers,0,GAME_OVER,39,38,2,1322,MCTS_CheckersHeuristic,RandomPlayerConfig
845079978,Checkers,0,GAME_OVER,32,31,2,1323,MCTS_CheckersHeuristic,RandomPlayerConfig
-2134414000,Checkers,0,GAME_OVER,37,36,2,1324,MCTS_CheckersHeuristic,RandomPlayerConfig
-1070806052,Checkers,0,GAME_OVER,24,23,2,1325,MCTS_CheckersHeuristic,RandomPlayerConfig
-1950541435,Checkers,0,GAME_OVER,29,28,2,1326,MCTS_CheckersHeuristic,RandomPlayerConfig
904360527,Checkers,0,GAME_OVER,35,34,2,1327,MCTS_CheckersHeuristic,RandomPlayerConfig
-354101480,Checkers,0,GAME_OVER,36,35,2,1328,MCTS_CheckersHeuristic,RandomPlayerConfig
1439833748,Checkers,0,GAME_OVER,31,30,2,1329,MCTS_CheckersHeuristic,RandomPlayerConfig
1356338653,Checkers,0,GAME_OVER,35,34,2,1330,MCTS_CheckersHeuristic,RandomPlayerConfig
-1270120257,Checkers,0,GAME_OVER,34,33,2,1331,MCTS_CheckersHeuristic,RandomPlayerConfig
-266953890,Checkers,0,GAME_OVER,31,30,2,1332,MCTS_CheckersHeuristic,RandomPlayerConfig
901742762,Checkers,0,GAME_OVER,32,31,2,1333,MCTS_CheckersHeuristic,RandomPlayerConfig
929698009,Checkers,0,GAME_OVER,32,31,2,1334,MCTS_CheckersHeuristic,RandomPlayerConfig
1662328150,Checkers,0,GAME_OVER,23,22,2,1335,MCTS_CheckersHeuristic,RandomPlayerConfig
-1378685120,Checkers,0,GAME_OVER,30,29,2,1336,MCTS_CheckersHeuristic,RandomPlayerConfig
-1877670429,Checkers,0,GAME_OVER,30,29,2,1337,MCTS_CheckersHeuristic,RandomPlayerConfig
-2074509161,Checkers,0,GAME_OVER,39,38,2,1338,MCTS_CheckersHeuristic,RandomPlayerConfig
-1082939992,Checkers,0,GAME_OVER,30,29,2,1339,MCTS_CheckersHeuristic,RandomPlayerConfig
1864430377,Checkers,0,GAME_OVER,36,35,2,1340,MCTS_CheckersHeuristic,RandomPlayerConfig
1472551276,Checkers,0,GAME_OVER,40,39,2,1341,MCTS_CheckersHeuristic,RandomPlayerConfig
1680237156,Checkers,0,GAME_OVER,36,35,2,1342,MCTS_CheckersHeuristic,RandomPlayerConfig
-1418167834,Checkers,0,GAME_OVER,34,33,2,1343,MCTS_CheckersHeuristic,RandomPlayerConfig
1728057957,Checkers,0,GAME_OVER,32,31,2,1344,MCTS_CheckersHeuristic,RandomPlayerConfig
-186095657,Checkers,0,GAME_OVER,26,25,2,1345,MCTS_CheckersHeuristic,RandomPlayerConfig
1351366258,Checkers,0,GAME_OVER,28,27,2,1346,MCTS_CheckersHeuristic,RandomPlayerConfig
1579344005,Checkers,0,GAME_OVER,37,36,2,1347,MCTS_CheckersHeuristic,RandomPlayerConfig
-1490204681,Checkers,0,GAME_OVER,32,31,2,1348,MCTS_CheckersHeuristic,RandomPlayerConfig
-570415773,Checkers,0,GAME_OVER,33,32,2,1349,MCTS_CheckersHeuristic,RandomPlayerConfig
-610565432,Checkers,0,GAME_OVER,36,35,2,1350,MCTS_CheckersHeuristic,RandomPlayerConfig
433324064,Checkers,0,GAME_OVER,32,31,2,1351,MCTS_CheckersHeuristic,RandomPlayerConfig
406281386,Checkers,0,GAME_OVER,29,28,2,1352,MCTS_CheckersHeuristic,RandomPlayerConfig
-87231360,Checkers,0,GAME_OVER,26,25,2,1353,MCTS_CheckersHeuristic,RandomPlayerConfig
-1846275719,Checkers,0,GAME_OVER,28,27,2,1354,MCTS_CheckersHeuristic,RandomPlayerConfig
1122898845,Checkers,0,GAME_OVER,20,19,2,1355,MCTS_CheckersHeuristic,RandomPlayerConfig
1833988709,Checkers,0,GAME_OVER,38,37,2,1356,MCTS_CheckersHeuristic,RandomPlayerConfig
19099793,Checkers,0,GAME_OVER,33,32,2,1357,MCTS_CheckersHeuristic,RandomPlayerConfig
2057854488,Checkers,0,GAME_OVER,32,31,2,1358,MCTS_CheckersHeuristic,RandomPlayerConfig
-1494205297,Checkers,0,GAME_OVER,34,33,2,1359,MCTS_CheckersHeuristic,RandomPlayerConfig
375156931,Checkers,0,GAME_OVER,44,43,2,1360,MCTS_CheckersHeuristic,RandomPlayerConfig
-351428365,Checkers,0,GAME_OVER,36,35,2,1361,MCTS_CheckersHeuristic,RandomPlayerConfig
-1226447254,Checkers,0,GAME_OVER,30,29,2,1362,MCTS_CheckersHeuristic,RandomPlayerConfig
764581851,Checkers,0,GAME_OVER,37,36,2,1363,MCTS_CheckersHeuristic,RandomPlayerConfig
580986595,Checkers,0,GAME_OVER,34,33,2,1364,MCTS_CheckersHeuristic,RandomPlayerConfig
-1046620099,Checkers,0,GAME_OVER,28,27,2,1365,MCTS_CheckersHeuristic,RandomPlayerConfig
486888029,Checkers,0,GAME_OVER,32,31,2,1366,MCTS_CheckersHeuristic,RandomPlayerConfig
-813926243,Checkers,0,GAME_OVER,35,34,2,1367,MCTS_CheckersHeuristic,RandomPlayerConfig
125187708,Checkers,0,GAME_OVER,37,36,2,1368,MCTS_CheckersHeuristic,RandomPlayerConfig
1366934473,Checkers,0,GAME_OVER,38,37,2,1369,MCTS_CheckersHeuristic,RandomPlayerConfig
-849303751,Checkers,0,GAME_OVER,46,45,2,1370,MCTS_CheckersHeuristic,RandomPlayerConfig
-1284969140,Checkers,0,GAME_OVER,35,34,2,1371,MCTS_CheckersHeuristic,RandomPlayerConfig
-845145037,Checkers,0,GAME_OVER,39,38,2,1372,MCTS_CheckersHeuristic,RandomPlayerConfig
-913805453,Checkers,0,GAME_OVER,32,31,2,1373,MCTS_CheckersHeuristic,RandomPlayerConfig
-1971521003,Checkers,0,GAME_OVER,31,30,2,1374,MCTS_CheckersHeuristic,RandomPlayerConfig
1227617051,Checkers,0,GAME_OVER,36,35,2,1375,MCTS_CheckersHeuristic,RandomPlayerConfig
1457711408,Checkers,0,GAME_OVER,31,30,2,1376,MCTS_CheckersHeuristic,RandomPlayerConfig
-1718206048,Checkers,0,GAME_OVER,37,36,2,1377,MCTS_CheckersHeuristic,RandomPlayerConfig
-1527229045,Checkers,0,GAME_OVER,24,23,2,1378,MCTS_CheckersHeuristic,RandomPlayerConfig
1414331298,Checkers,0,GAME_OVER,28,27,2,1379,MCTS_CheckersHeuristic,RandomPlayerConfig
554598894,Checkers,0,GAME_OVER,30,29,2,1380,MCTS_CheckersHeuristic,RandomPlayerConfig
1114518401,Checkers,0,GAME_OVER,34,33,2,1381,MCTS_CheckersHeuristic,RandomPlayerConfig
360957615,Checkers,0,GAME_OVER,37,36,2,1382,MCTS_CheckersHeuristic,RandomPlayerConfig
739354813,Checkers,0,GAME_OVER,30,29,2,1383,MCTS_CheckersHeuristic,RandomPlayerConfig
495941202,Checkers,0,GAME_OVER,45,44,2,1384,MCTS_CheckersHeuristic,RandomPlayerConfig
-887633511,Checkers,0,GAME_OVER,35,34,2,1385,MCTS_CheckersHeuristic,RandomPlayerConfig
-1489189572,Checkers,0,GAME_OVER,38,37,2,1386,MCTS_CheckersHeuristic,RandomPlayerConfig
1058923188,Checkers,0,GAME_OVER,33,32,2,1387,MCTS_CheckersHeuristic,RandomPlayerConfig
833406719,Checkers,0,GAME_OVER,35,34,2,1388,MCTS_CheckersHeuristic,RandomPlayerConfig
-1679978372,Checkers,0,GAME_OVER,24,23,2,1389,MCTS_CheckersHeuristic,RandomPlayerConfig
171469584,Checkers,0,GAME_OVER,33,32,2,1390,MCTS_CheckersHeuristic,RandomPlayerConfig
-1015239525,Checkers,0,GAME_OVER,33,32,2,1391,MCTS_CheckersHeuristic,RandomPlayerConfig
-1655952408,Checkers,0,GAME_OVER,39,38,2,1392,MCTS_CheckersHeuristic,RandomPlayerConfig
-4709928,Checkers,0,GAME_OVER,39,38,2,1393,MCTS_CheckersHeuristic,RandomPlayerConfig
742797018,Checkers,0,GAME_OVER,26,25,2,1394,MCTS_CheckersHeuristic,RandomPlayerConfig
-1422435588,Checkers,0,GAME_OVER,38,37,2,1395,MCTS_CheckersHeuristic,RandomPlayerConfig
-1852067803,Checkers,0,GAME_OVER,27,26,2,1396,MCTS_CheckersHeuristic,RandomPlayerConfig
737539513,Checkers,0,GAME_OVER,35,34,2,1397,MCTS_CheckersHeuristic,RandomPlayerConfig
605492753,Checkers,0,GAME_OVER,27,26,2,1398,MCTS_CheckersHeuristic,RandomPlayerConfig
-1613295438,Checkers,0,GAME_OVER,33,32,2,1399,MCTS_CheckersHeuristic,RandomPlayerConfig
2006497034,Checkers,0,GAME_OVER,30,29,2,1400,MCTS_CheckersHeuristic,RandomPlayerConfig
-1665629176,Checkers,0,GAME_OVER,25,24,2,1401,MCTS_CheckersHeuristic,RandomPlayerConfig
-1126811814,Checkers,0,GAME_OVER,33,32,2,1402,OSLA,RandomPlayerConfig
-1854791702,Checkers,0,GAME_OVER,25,24,2,1403,OSLA,RandomPlayerConfig
-1761392996,Checkers,0,GAME_OVER,39,38,2,1404,OSLA,RandomPlayerConfig
1190084556,Checkers,0,GAME_OVER,33,32,2,1405,OSLA,RandomPlayerConfig
134562684,Checkers,0,GAME_OVER,30,29,2,1406,OSLA,RandomPlayerConfig
213330350,Checkers,0,GAME_OVER,24,23,2,1407,OSLA,RandomPlayerConfig
-974643853,Checkers,0,GAME_OVER,32,31,2,1408,OSLA,RandomPlayerConfig
-513454553,Checkers,0,GAME_OVER,26,25,2,1409,OSLA,RandomPlayerConfig
514392549,Checkers,0,GAME_OVER,28,27,2,1410,OSLA,RandomPlayerConfig
500056579,Checkers,0,GAME_OVER,28,27,2,1411,OSLA,RandomPlayerConfig
1197348627,Checkers,0,GAME_OVER,40,39,2,1412,OSLA,RandomPlayerConfig
611704885,Checkers,0,GAME_OVER,26,25,2,1413,OSLA,RandomPlayerConfig
1073468091,Checkers,0,GAME_OVER,35,34,2,1414,OSLA,RandomPlayerConfig
-2079133931,Checkers,0,GAME_OVER,28,27,2,1415,OSLA,RandomPlayerConfig
900962656,Checkers,0,GAME_OVER,35,34,2,1416,OSLA,RandomPlayerConfig
-1105320639,Checkers,0,GAME_OVER,36,35,2,1417,OSLA,RandomPlayerConfig
-1276645753,Checkers,0,GAME_OVER,35,34,2,1418,OSLA,RandomPlayerConfig
2066220240,Checkers,0,GAME_OVER,31,30,2,1419,OSLA,RandomPlayerConfig
134392692,Checkers,0,GAME_OVER,28,27,2,1420,OSLA,RandomPlayerConfig
-595867711,Checkers,0,GAME_OVER,34,33,2,1421,OSLA,RandomPlayerConfig
-1423916759,Checkers,0,GAME_OVER,34,33,2,1422,OSLA,RandomPlayerConfig
1584043718,Checkers,0,GAME_OVER,39,38,2,1423,OSLA,RandomPlayerConfig
631557042,Checkers,0,GAME_OVER,28,27,2,1424,OSLA,RandomPlayerConfig
-1159394339,Checkers,0,GAME_OVER,25,24,2,1425,OSLA,RandomPlayerConfig
-1753055221,Checkers,0,GAME_OVER,29,28,2,1426,OSLA,RandomPlayerConfig
-1165515690,Checkers,0,GAME_OVER,32,31,2,1427,OSLA,RandomPlayerConfig
-993684709,Checkers,0,GAME_OVER,33,32,2,1428,OSLA,RandomPlayerConfig
-1903832526,Checkers,0,GAME_OVER,29,28,2,1429,OSLA,RandomPlayerConfig
-2145882215,Checkers,0,GAME_OVER,29,28,2,1430,OSLA,RandomPlayerConfig
1434313481,Checkers,0,GAME_OVER,30,29,2,1431,OSLA,RandomPlayerConfig
992721376,Checkers,0,GAME_OVER,27,26,2,1432,OSLA,RandomPlayerConfig
377717458,Checkers,0,GAME_OVER,31,30,2,1433,OSLA,RandomPlayerConfig
-985822224,Checkers,0,GAME_OVER,31,30,2,1434,OSLA,RandomPlayerConfig
-1509471425,Checkers,0,GAME_OVER,35,34,2,1435,OSLA,RandomPlayerConfig
-1984605897,Checkers,0,GAME_OVER,26,25,2,1436,OSLA,RandomPlayerConfig
-1018813297,Checkers,0,GAME_OVER,29,28,2,1437,OSLA,RandomPlayerConfig
-263026475,Checkers,0,GAME_OVER,26,25,2,1438,OSLA,RandomPlayerConfig
1425820426,Checkers,0,GAME_OVER,34,33,2,1439,OSLA,RandomPlayerConfig
897402481,Checkers,0,GAME_OVER,32,31,2,1440,OSLA,RandomPlayerConfig
228926585,Checkers,0,GAME_OVER,28,27,2,1441,OSLA,RandomPlayerConfig
1925143784,Checkers,0,GAME_OVER,34,33,2,1442,OSLA,RandomPlayerConfig
1610400601,Checkers,0,GAME_OVER,40,39,2,1443,OSLA,RandomPlayerConfig
1919779660,Checkers,0,GAME_OVER,28,27,2,1444,OSLA,RandomPlayerConfig
-2053467740,Checkers,0,GAME_OVER,37,36,2,1445,OSLA,RandomPlayerConfig
10865688,Checkers,0,GAME_OVER,26,25,2,1446,OSLA,RandomPlayerConfig
1523135320,Checkers,0,GAME_OVER,26,25,2,1447,OSLA,RandomPlayerConfig
-882753659,Checkers,0,GAME_OVER,33,32,2,1448,OSLA,RandomPlayerConfig
-1324887762,Checkers,0,GAME_OVER,30,29,2,1449,OSLA,RandomPlayerConfig
-1878153895,Checkers,0,GAME_OVER,34,33,2,1450,OSLA,RandomPlayerConfig
-830949865,Checkers,0,GAME_OVER,34,33,2,1451,OSLA,RandomPlayerConfig
959993777,Checkers,0,GAME_OVER,33,32,2,1452,OSLA,RandomPlayerConfig
-1572663681,Checkers,0,GAME_OVER,26,25,2,1453,OSLA,RandomPlayerConfig
-55924844,Checkers,0,GAME_OVER,29,28,2,1454,OSLA,RandomPlayerConfig
1767814761,Checkers,0,GAME_OVER,33,32,2,1455,OSLA,RandomPlayerConfig
1969864013,Checkers,0,GAME_OVER,36,35,2,1456,OSLA,RandomPlayerConfig
1540680658,Checkers,0,GAME_OVER,36,35,2,1457,OSLA,RandomPlayerConfig
501694943,Checkers,0,GAME_OVER,27,26,2,1458,OSLA,RandomPlayerConfig
1379761422,Checkers,0,GAME_OVER,23,22,2,1459,OSLA,RandomPlayerConfig
326652947,Checkers,0,GAME_OVER,36,35,2,1460,OSLA,RandomPlayerConfig
-2025703691,Checkers,0,GAME_OVER,30,29,2,1461,OSLA,RandomPlayerConfig
1876861678,Checkers,0,GAME_OVER,44,43,2,1462,OSLA,RandomPlayerConfig
-1684996844,Checkers,0,GAME_OVER,28,27,2,1463,OSLA,RandomPlayerConfig
-275197809,Checkers,0,GAME_OVER,29,28,2,1464,OSLA,RandomPlayerConfig
-1607096756,Checkers,0,GAME_OVER,30,29,2,1465,OSLA,RandomPlayerConfig
-1415328824,Checkers,0,GAME_OVER,28,27,2,1466,OSLA,RandomPlayerConfig
1250919033,Checkers,0,GAME_OVER,27,26,2,1467,OSLA,RandomPlayerConfig
-32216080,Checkers,0,GAME_OVER,34,33,2,1468,OSLA,RandomPlayerConfig
-1474698725,Checkers,0,GAME_OVER,31,30,2,1469,OSLA,RandomPlayerConfig
651860413,Checkers,0,GAME_OVER,28,27,2,1470,OSLA,RandomPlayerConfig
1328817941,Checkers,0,GAME_OVER,25,24,2,1471,OSLA,RandomPlayerConfig
-957251293,Checkers,0,GAME_OVER,28,27,2,1472,OSLA,RandomPlayerConfig
1886674435,Checkers,0,GAME_OVER,33,32,2,1473,OSLA,RandomPlayerConfig
428014486,Checkers,0,GAME_OVER,32,31,2,1474,OSLA,RandomPlayerConfig
-243191370,Checkers,0,GAME_OVER,22,21,2,1475,OSLA,RandomPlayerConfig
2044749597,Checkers,0,GAME_OVER,32,31,2,1476,OSLA,RandomPlayerConfig
5621453,Checkers,0,GAME_OVER,27,26,2,1477,OSLA,RandomPlayerConfig
-98187762,Checkers,0,GAME_OVER,26,25,2,1478,OSLA,RandomPlayerConfig
-899234932,Checkers,0,GAME_OVER,33,32,2,1479,OSLA,RandomPlayerConfig
-1200939912,Checkers,0,GAME_OVER,35,34,2,1480,OSLA,RandomPlayerConfig
54331494,Checkers,0,GAME_OVER,30,29,2,1481,OSLA,RandomPlayerConfig
-1349133439,Checkers,0,GAME_OVER,22,21,2,1482,OSLA,RandomPlayerConfig
782006215,Checkers,0,GAME_OVER,26,25,2,1483,OSLA,RandomPlayerConfig
-46426047,Checkers,0,GAME_OVER,26,25,2,1484,OSLA,RandomPlayerConfig
1242968106,Checkers,0,GAME_OVER,29,28,2,1485,OSLA,RandomPlayerConfig
191863523,Checkers,0,GAME_OVER,29,28,2,1486,OSLA,RandomPlayerConfig
-1249715842,Checkers,0,GAME_OVER,37,36,2,1487,OSLA,RandomPlayerConfig
3527695,Checkers,0,GAME_OVER,29,28,2,1488,OSLA,RandomPlayerConfig
1909370724,Checkers,0,GAME_OVER,29,28,2,1489,OSLA,RandomPlayerConfig
-1263810062,Checkers,0,GAME_OVER,24,23,2,1490,OSLA,RandomPlayerConfig
403428306,Checkers,0,GAME_OVER,33,32,2,1491,OSLA,RandomPlayerConfig
224387928,Checkers,0,GAME_OVER,27,26,2,1492,OSLA,RandomPlayerConfig
-1030962667,Checkers,0,GAME_OVER,36,35,2,1493,OSLA,RandomPlayerConfig
-1388679505,Checkers,0,GAME_OVER,26,25,2,1494,OSLA,RandomPlayerConfig
1106739283,Checkers,0,GAME_OVER,27,26,2,1495,OSLA,RandomPlayerConfig
-110908417,Checkers,0,GAME_OVER,33,32,2,1496,OSLA,RandomPlayerConfig
1462762996,Checkers,0,GAME_OVER,29,28,2,1497,OSLA,RandomPlayerConfig
-202552310,Checkers,0,GAME_OVER,33,32,2,1498,OSLA,RandomPlayerConfig
-56297566,Checkers,0,GAME_OVER,29,28,2,1499,OSLA,RandomPlayerConfig
119215152,Checkers,0,GAME_OVER,33,32,2,1500,OSLA,RandomPlayerConfig
-493007434,Checkers,0,GAME_OVER,26,25,2,1501,OSLA,RandomPlayerConfig
1681978843,Checkers,0,GAME_OVER,30,29,2,1502,OSLA,RandomPlayerConfig
-594737066,Checkers,0,GAME_OVER,38,37,2,1503,OSLA,RandomPlayerConfig
-1756317328,Checkers,0,GAME_OVER,36,35,2,1504,OSLA,RandomPlayerConfig
-944186225,Checkers,0,GAME_OVER,30,29,2,1505,OSLA,RandomPlayerConfig
185511961,Checkers,0,GAME_OVER,26,25,2,1506,OSLA,RandomPlayerConfig
-76089309,Checkers,0,GAME_OVER,32,31,2,1507,OSLA,RandomPlayerConfig
468485359,Checkers,0,GAME_OVER,35,34,2,1508,OSLA,RandomPlayerConfig
1175762423,Checkers,0,GAME_OVER,29,28,2,1509,OSLA,RandomPlayerConfig
1361087813,Checkers,0,GAME_OVER,26,25,2,1510,OSLA,RandomPlayerConfig
-673860807,Checkers,0,GAME_OVER,34,33,2,1511,OSLA,RandomPlayerConfig
1399107872,Checkers,0,GAME_OVER,23,22,2,1512,OSLA,RandomPlayerConfig
-796713551,Checkers,0,GAME_OVER,31,30,2,1513,OSLA,RandomPlayerConfig
-297500633,Checkers,0,GAME_OVER,34,33,2,1514,OSLA,RandomPlayerConfig
1606290921,Checkers,0,GAME_OVER,24,23,2,1515,OSLA,RandomPlayerConfig
-306113397,Checkers,0,GAME_OVER,32,31,2,1516,OSLA,RandomPlayerConfig
405267464,Checkers,0,GAME_OVER,27,26,2,1517,OSLA,RandomPlayerConfig
-669887300,Checkers,0,GAME_OVER,30,29,2,1518,OSLA,RandomPlayerConfig
-1848836978,Checkers,0,GAME_OVER,36,35,2,1519,OSLA,RandomPlayerConfig
587711969,Checkers,0,GAME_OVER,36,35,2,1520,OSLA,RandomPlayerConfig
1318337115,Checkers,0,GAME_OVER,32,31,2,1521,OSLA,RandomPlayerConfig
-899431314,Checkers,0,GAME_OVER,32,31,2,1522,OSLA,RandomPlayerConfig
845079978,Checkers,0,GAME_OVER,33,32,2,1523,OSLA,RandomPlayerConfig
-2134414000,Checkers,0,GAME_OVER,28,27,2,1524,OSLA,RandomPlayerConfig
-1070806052,Checkers,0,GAME_OVER,36,35,2,1525,OSLA,RandomPlayerConfig
-1950541435,Checkers,0,GAME_OVER,35,34,2,1526,OSLA,RandomPlayerConfig
904360527,Checkers,0,GAME_OVER,36,35,2,1527,OSLA,RandomPlayerConfig
-354101480,Checkers,0,GAME_OVER,44,43,2,1528,OSLA,RandomPlayerConfig
1439833748,Checkers,0,GAME_OVER,36,35,2,1529,OSLA,RandomPlayerConfig
1356338653,Checkers,0,GAME_OVER,37,36,2,1530,OSLA,RandomPlayerConfig
-1270120257,Checkers,0,GAME_OVER,31,30,2,1531,OSLA,RandomPlayerConfig
-266953890,Checkers,0,GAME_OVER,33,32,2,1532,OSLA,RandomPlayerConfig
901742762,Checkers,0,GAME_OVER,25,24,2,1533,OSLA,RandomPlayerConfig
929698009,Checkers,0,GAME_OVER,30,29,2,1534,OSLA,RandomPlayerConfig
1662328150,Checkers,0,GAME_OVER,19,18,2,1535,OSLA,RandomPlayerConfig
-1378685120,Checkers,0,GAME_OVER,28,27,2,1536,OSLA,RandomPlayerConfig
-1877670429,Checkers,0,GAME_OVER,30,29,2,1537,OSLA,RandomPlayerConfig
-2074509161,Checkers,0,GAME_OVER,34,33,2,1538,OSLA,RandomPlayerConfig
-1082939992,Checkers,0,GAME_OVER,31,30,2,1539,OSLA,RandomPlayerConfig
1864430377,Checkers,0,GAME_OVER,40,39,2,1540,OSLA,RandomPlayerConfig
1472551276,Checkers,0,GAME_OVER,37,36,2,1541,OSLA,RandomPlayerConfig
1680237156,Checkers,0,GAME_OVER,29,28,2,1542,OSLA,RandomPlayerConfig
-1418167834,Checkers,0,GAME_OVER,38,37,2,1543,OSLA,RandomPlayerConfig
1728057957,Checkers,0,GAME_OVER,49,48,2,1544,OSLA,RandomPlayerConfig
-186095657,Checkers,0,GAME_OVER,28,27,2,1545,OSLA,RandomPlayerConfig
1351366258,Checkers,0,GAME_OVER,36,35,2,1546,OSLA,RandomPlayerConfig
1579344005,Checkers,0,GAME_OVER,33,32,2,1547,OSLA,RandomPlayerConfig
-1490204681,Checkers,0,GAME_OVER,33,32,2,1548,OSLA,RandomPlayerConfig
-570415773,Checkers,0,GAME_OVER,27,26,2,1549,OSLA,RandomPlayerConfig
-610565432,Checkers,0,GAME_OVER,38,37,2,1550,OSLA,RandomPlayerConfig
433324064,Checkers,0,GAME_OVER,27,26,2,1551,OSLA,RandomPlayerConfig
406281386,Checkers,0,GAME_OVER,24,23,2,1552,OSLA,RandomPlayerConfig
-87231360,Checkers,0,GAME_OVER,29,28,2,1553,OSLA,RandomPlayerConfig
-1846275719,Checkers,0,GAME_OVER,32,31,2,1554,OSLA,RandomPlayerConfig
1122898845,Checkers,0,GAME_OVER,31,30,2,1555,OSLA,RandomPlayerConfig
1833988709,Checkers,0,GAME_OVER,36,35,2,1556,OSLA,RandomPlayerConfig
19099793,Checkers,0,GAME_OVER,30,29,2,1557,OSLA,RandomPlayerConfig
2057854488,Checkers,0,GAME_OVER,34,33,2,1558,OSLA,RandomPlayerConfig
-1494205297,Checkers,0,GAME_OVER,28,27,2,1559,OSLA,RandomPlayerConfig
375156931,Checkers,0,GAME_OVER,52,51,2,1560,OSLA,RandomPlayerConfig
-351428365,Checkers,0,GAME_OVER,40,39,2,1561,OSLA,RandomPlayerConfig
-1226447254,Checkers,0,GAME_OVER,29,28,2,1562,OSLA,RandomPlayerConfig
764581851,Checkers,0,GAME_OVER,32,31,2,1563,OSLA,RandomPlayerConfig
580986595,Checkers,0,GAME_OVER,41,40,2,1564,OSLA,RandomPlayerConfig
-1046620099,Checkers,0,GAME_OVER,35,34,2,1565,OSLA,RandomPlayerConfig
486888029,Checkers,0,GAME_OVER,49,48,2,1566,OSLA,RandomPlayerConfig
-813926243,Checkers,0,GAME_OVER,39,38,2,1567,OSLA,RandomPlayerConfig
125187708,Checkers,0,GAME_OVER,30,29,2,1568,OSLA,RandomPlayerConfig
1366934473,Checkers,0,GAME_OVER,40,39,2,1569,OSLA,RandomPlayerConfig
-849303751,Checkers,0,GAME_OVER,36,35,2,1570,OSLA,RandomPlayerConfig
-1284969140,Checkers,0,GAME_OVER,36,35,2,1571,OSLA,RandomPlayerConfig
-845145037,Checkers,0,GAME_OVER,24,23,2,1572,OSLA,RandomPlayerConfig
-913805453,Checkers,0,GAME_OVER,35,34,2,1573,OSLA,RandomPlayerConfig
-1971521003,Checkers,0,GAME_OVER,35,34,2,1574,OSLA,RandomPlayerConfig
1227617051,Checkers,0,GAME_OVER,34,33,2,1575,OSLA,RandomPlayerConfig
1457711408,Checkers,0,GAME_OVER,41,40,2,1576,OSLA,RandomPlayerConfig
-1718206048,Checkers,0,GAME_OVER,26,25,2,1577,OSLA,RandomPlayerConfig
-1527229045,Checkers,0,GAME_OVER,34,33,2,1578,OSLA,RandomPlayerConfig
1414331298,Checkers,0,GAME_OVER,27,26,2,1579,OSLA,RandomPlayerConfig
554598894,Checkers,0,GAME_OVER,32,31,2,1580,OSLA,RandomPlayerConfig
1114518401,Checkers,0,GAME_OVER,24,23,2,1581,OSLA,RandomPlayerConfig
360957615,Checkers,0,GAME_OVER,41,40,2,1582,OSLA,RandomPlayerConfig
739354813,Checkers,0,GAME_OVER,26,25,2,1583,OSLA,RandomPlayerConfig
495941202,Checkers,0,GAME_OVER,29,28,2,1584,OSLA,RandomPlayerConfig
-887633511,Checkers,0,GAME_OVER,28,27,2,1585,OSLA,RandomPlayerConfig
-1489189572,Checkers,0,GAME_OVER,32,31,2,1586,OSLA,RandomPlayerConfig
1058923188,Checkers,0,GAME_OVER,25,24,2,1587,OSLA,RandomPlayerConfig
833406719,Checkers,0,GAME_OVER,37,36,2,1588,OSLA,RandomPlayerConfig
-1679978372,Checkers,0,GAME_OVER,38,37,2,1589,OSLA,RandomPlayerConfig
171469584,Checkers,0,GAME_OVER,28,27,2,1590,OSLA,RandomPlayerConfig
-1015239525,Checkers,0,GAME_OVER,28,27,2,1591,OSLA,RandomPlayerConfig
-1655952408,Checkers,0,GAME_OVER,33,32,2,1592,OSLA,RandomPlayerConfig
-4709928,Checkers,0,GAME_OVER,41,40,2,1593,OSLA,RandomPlayerConfig
742797018,Checkers,0,GAME_OVER,44,43,2,1594,OSLA,RandomPlayerConfig
-1422435588,Checkers,0,GAME_OVER,30,29,2,1595,OSLA,RandomPlayerConfig
-1852067803,Checkers,0,GAME_OVER,31,30,2,1596,OSLA,RandomPlayerConfig
737539513,Checkers,0,GAME_OVER,33,32,2,1597,OSLA,RandomPlayerConfig
605492753,Checkers,0,GAME_OVER,36,35,2,1598,OSLA,RandomPlayerConfig
-1613295438,Checkers,0,GAME_OVER,28,27,2,1599,OSLA,RandomPlayerConfig
2006497034,Checkers,0,GAME_OVER,35,34,2,1600,OSLA,RandomPlayerConfig
-1665629176,Checkers,0,GAME_OVER,34,33,2,1601,OSLA,RandomPlayerConfig
-1126811814,Checkers,0,GAME_OVER,28,27,2,1602,RandomPlayerConfig,RandomPlayerConfig
-1854791702,Checkers,0,GAME_OVER,38,37,2,1603,RandomPlayerConfig,RandomPlayerConfig
-1761392996,Checkers,0,GAME_OVER,39,38,2,1604,RandomPlayerConfig,RandomPlayerConfig
1190084556,Checkers,0,GAME_OVER,25,24,2,1605,RandomPlayerConfig,RandomPlayerConfig
134562684,Checkers,0,GAME_OVER,29,28,2,1606,RandomPlayerConfig,RandomPlayerConfig
213330350,Checkers,0,GAME_OVER,80,79,2,1607,RandomPlayerConfig,RandomPlayerConfig
-974643853,Checkers,0,GAME_OVER,39,38,2,1608,RandomPlayerConfig,RandomPlayerConfig
-513454553,Checkers,0,GAME_OVER,36,35,2,1609,RandomPlayerConfig,RandomPlayerConfig
514392549,Checkers,0,GAME_OVER,37,36,2,1610,RandomPlayerConfig,RandomPlayerConfig
500056579,Checkers,0,GAME_OVER,34,33,2,1611,RandomPlayerConfig,RandomPlayerConfig
1197348627,Checkers,0,GAME_OVER,37,36,2,1612,RandomPlayerConfig,RandomPlayerConfig
611704885,Checkers,0,GAME_OVER,58,57,2,1613,RandomPlayerConfig,RandomPlayerConfig
1073468091,Checkers,0,GAME_OVER,34,33,2,1614,RandomPlayerConfig,RandomPlayerConfig
-2079133931,Checkers,0,GAME_OVER,36,35,2,1615,RandomPlayerConfig,RandomPlayerConfig
900962656,Checkers,0,GAME_OVER,43,42,2,1616,RandomPlayerConfig,RandomPlayerConfig
-1105320639,Checkers,0,GAME_OVER,40,39,2,1617,RandomPlayerConfig,RandomPlayerConfig
-1276645753,Checkers,0,GAME_OVER,45,44,2,1618,RandomPlayerConfig,RandomPlayerConfig
2066220240,Checkers,0,GAME_OVER,64,63,2,1619,RandomPlayerConfig,RandomPlayerConfig
134392692,Checkers,0,GAME_OVER,45,44,2,1620,RandomPlayerConfig,RandomPlayerConfig
-595867711,Checkers,0,GAME_OVER,45,44,2,1621,RandomPlayerConfig,RandomPlayerConfig
-1423916759,Checkers,0,GAME_OVER,58,57,2,1622,RandomPlayerConfig,RandomPlayerConfig
1584043718,Checkers,0,GAME_OVER,27,26,2,1623,RandomPlayerConfig,RandomPlayerConfig
631557042,Checkers,0,GAME_OVER,48,47,2,1624,RandomPlayerConfig,RandomPlayerConfig
-1159394339,Checkers,0,GAME_OVER,34,33,2,1625,RandomPlayerConfig,RandomPlayerConfig
-1753055221,Checkers,0,GAME_OVER,78,77,2,1626,RandomPlayerConfig,RandomPlayerConfig
-1165515690,Checkers,0,GAME_OVER,40,39,2,1627,RandomPlayerConfig,RandomPlayerConfig
-993684709,Checkers,0,GAME_OVER,34,33,2,1628,RandomPlayerConfig,RandomPlayerConfig
-1903832526,Checkers,0,GAME_OVER,31,30,2,1629,RandomPlayerConfig,RandomPlayerConfig
-2145882215,Checkers,0,GAME_OVER,51,50,2,1630,RandomPlayerConfig,RandomPlayerConfig
1434313481,Checkers,0,GAME_OVER,39,38,2,1631,RandomPlayerConfig,RandomPlayerConfig
992721376,Checkers,0,GAME_OVER,48,47,2,1632,RandomPlayerConfig,RandomPlayerConfig
377717458,Checkers,0,GAME_OVER,31,30,2,1633,RandomPlayerConfig,RandomPlayerConfig
-985822224,Checkers,0,GAME_OVER,41,40,2,1634,RandomPlayerConfig,RandomPlayerConfig
-1509471425,Checkers,0,GAME_OVER,28,27,2,1635,RandomPlayerConfig,RandomPlayerConfig
-1984605897,Checkers,0,GAME_OVER,70,69,2,1636,RandomPlayerConfig,RandomPlayerConfig
-1018813297,Checkers,0,GAME_OVER,40,39,2,1637,RandomPlayerConfig,RandomPlayerConfig
-263026475,Checkers,0,GAME_OVER,32,31,2,1638,RandomPlayerConfig,RandomPlayerConfig
1425820426,Checkers,0,GAME_OVER,36,35,2,1639,RandomPlayerConfig,RandomPlayerConfig
897402481,Checkers,0,GAME_OVER,34,33,2,1640,RandomPlayerConfig,RandomPlayerConfig
228926585,Checkers,0,GAME_OVER,39,38,2,1641,RandomPlayerConfig,RandomPlayerConfig
1925143784,Checkers,0,GAME_OVER,55,54,2,1642,RandomPlayerConfig,RandomPlayerConfig
1610400601,Checkers,0,GAME_OVER,26,25,2,1643,RandomPlayerConfig,RandomPlayerConfig
1919779660,Checkers,0,GAME_OVER,34,33,2,1644,RandomPlayerConfig,RandomPlayerConfig
-2053467740,Checkers,0,GAME_OVER,44,43,2,1645,RandomPlayerConfig,RandomPlayerConfig
10865688,Checkers,0,GAME_OVER,41,40,2,1646,RandomPlayerConfig,RandomPlayerConfig
1523135320,Checkers,0,GAME_OVER,27,26,2,1647,RandomPlayerConfig,RandomPlayerConfig
-882753659,Checkers,0,GAME_OVER,60,59,2,1648,RandomPlayerConfig,RandomPlayerConfig
-1324887762,Checkers,0,GAME_OVER,76,75,2,1649,RandomPlayerConfig,RandomPlayerConfig
-1878153895,Checkers,0,GAME_OVER,34,33,2,1650,RandomPlayerConfig,RandomPlayerConfig
-830949865,Checkers,0,GAME_OVER,36,35,2,1651,RandomPlayerConfig,RandomPlayerConfig
959993777,Checkers,0,GAME_OVER,26,25,2,1652,RandomPlayerConfig,RandomPlayerConfig
-1572663681,Checkers,0,GAME_OVER,70,69,2,1653,RandomPlayerConfig,RandomPlayerConfig
-55924844,Checkers,0,GAME_OVER,63,62,2,1654,RandomPlayerConfig,RandomPlayerConfig
1767814761,Checkers,0,GAME_OVER,42,41,2,1655,RandomPlayerConfig,RandomPlayerConfig
1969864013,Checkers,0,GAME_OVER,56,55,2,1656,RandomPlayerConfig,RandomPlayerConfig
1540680658,Checkers,0,GAME_OVER,43,42,2,1657,RandomPlayerConfig,RandomPlayerConfig
501694943,Checkers,0,GAME_OVER,37,36,2,1658,RandomPlayerConfig,RandomPlayerConfig
1379761422,Checkers,0,GAME_OVER,51,50,2,1659,RandomPlayerConfig,RandomPlayerConfig
326652947,Checkers,0,GAME_OVER,35,34,2,1660,RandomPlayerConfig,RandomPlayerConfig
-2025703691,Checkers,0,GAME_OVER,45,44,2,1661,RandomPlayerConfig,RandomPlayerConfig
1876861678,Checkers,0,GAME_OVER,38,37,2,1662,RandomPlayerConfig,RandomPlayerConfig
-1684996844,Checkers,0,GAME_OVER,40,39,2,1663,RandomPlayerConfig,RandomPlayerConfig
-275197809,Checkers,0,GAME_OVER,36,35,2,1664,RandomPlayerConfig,RandomPlayerConfig
-1607096756,Checkers,0,GAME_OVER,45,44,2,1665,RandomPlayerConfig,RandomPlayerConfig
-1415328824,Checkers,0,GAME_OVER,36,35,2,1666,RandomPlayerConfig,RandomPlayerConfig
1250919033,Checkers,0,GAME_OVER,33,32,2,1667,RandomPlayerConfig,RandomPlayerConfig
-32216080,Checkers,0,GAME_OVER,39,38,2,1668,RandomPlayerConfig,RandomPlayerConfig
-1474698725,Checkers,0,GAME_OVER,35,34,2,1669,RandomPlayerConfig,RandomPlayerConfig
651860413,Checkers,0,GAME_OVER,50,49,2,1670,RandomPlayerConfig,RandomPlayerConfig
1328817941,Checkers,0,GAME_OVER,34,33,2,1671,RandomPlayerConfig,RandomPlayerConfig
-957251293,Checkers,0,GAME_OVER,25,24,2,1672,RandomPlayerConfig,RandomPlayerConfig
1886674435,Checkers,0,GAME_OVER,61,60,2,1673,RandomPlayerConfig,RandomPlayerConfig
428014486,Checkers,0,GAME_OVER,32,31,2,1674,RandomPlayerConfig,RandomPlayerConfig
-243191370,Checkers,0,GAME_OVER,30,29,2,1675,RandomPlayerConfig,RandomPlayerConfig
2044749597,Checkers,0,GAME_OVER,31,30,2,1676,RandomPlayerConfig,RandomPlayerConfig
5621453,Checkers,0,GAME_OVER,35,34,2,1677,RandomPlayerConfig,RandomPlayerConfig
-98187762,Checkers,0,GAME_OVER,63,62,2,1678,RandomPlayerConfig,RandomPlayerConfig
-899234932,Checkers,0,GAME_OVER,37,36,2,1679,RandomPlayerConfig,RandomPlayerConfig
-1200939912,Checkers,0,GAME_OVER,61,60,2,1680,RandomPlayerConfig,RandomPlayerConfig
54331494,Checkers,0,GAME_OVER,49,48,2,1681,RandomPlayerConfig,RandomPlayerConfig
-1349133439,Checkers,0,GAME_OVER,51,50,2,1682,RandomPlayerConfig,RandomPlayerConfig
782006215,Checkers,0,GAME_OVER,33,32,2,1683,RandomPlayerConfig,RandomPlayerConfig
-46426047,Checkers,0,GAME_OVER,32,31,2,1684,RandomPlayerConfig,RandomPlayerConfig
1242968106,Checkers,0,GAME_OVER,28,27,2,1685,RandomPlayerConfig,RandomPlayerConfig
191863523,Checkers,0,GAME_OVER,59,58,2,1686,RandomPlayerConfig,RandomPlayerConfig
-1249715842,Checkers,0,GAME_OVER,43,42,2,1687,RandomPlayerConfig,RandomPlayerConfig
3527695,Checkers,0,GAME_OVER,29,28,2,1688,RandomPlayerConfig,RandomPlayerConfig
1909370724,Checkers,0,GAME_OVER,44,43,2,1689,RandomPlayerConfig,RandomPlayerConfig
-1263810062,Checkers,0,GAME_OVER,36,35,2,1690,RandomPlayerConfig,RandomPlayerConfig
403428306,Checkers,0,GAME_OVER,50,49,2,1691,RandomPlayerConfig,RandomPlayerConfig
224387928,Checkers,0,GAME_OVER,40,39,2,1692,RandomPlayerConfig,RandomPlayerConfig
-1030962667,Checkers,0,GAME_OVER,31,30,2,1693,RandomPlayerConfig,RandomPlayerConfig
-1388679505,Checkers,0,GAME_OVER,29,28,2,1694,RandomPlayerConfig,RandomPlayerConfig
1106739283,Checkers,0,GAME_OVER,32,31,2,1695,RandomPlayerConfig,RandomPlayerConfig
-110908417,Checkers,0,GAME_OVER,32,31,2,1696,RandomPlayerConfig,RandomPlayerConfig
1462762996,Checkers,0,GAME_OVER,57,56,2,1697,RandomPlayerConfig,RandomPlayerConfig
-202552310,Checkers,0,GAME_OVER,65,64,2,1698,RandomPlayerConfig,RandomPlayerConfig
-56297566,Checkers,0,GAME_OVER,38,37,2,1699,RandomPlayerConfig,RandomPlayerConfig
119215152,Checkers,0,GAME_OVER,44,43,2,1700,RandomPlayerConfig,RandomPlayerConfig
-493007434,Checkers,0,GAME_OVER,49,48,2,1701,RandomPlayerConfig,RandomPlayerConfig
1681978843,Checkers,0,GAME_OVER,54,53,2,1702,RandomPlayerConfig,RandomPlayerConfig
-594737066,Checkers,0,GAME_OVER,36,35,2,1703,RandomPlayerConfig,RandomPlayerConfig
-1756317328,Checkers,0,GAME_OVER,33,32,2,1704,RandomPlayerConfig,RandomPlayerConfig
-944186225,Checkers,0,GAME_OVER,45,44,2,1705,RandomPlayerConfig,RandomPlayerConfig
185511961,Checkers,0,GAME_OVER,37,36,2,1706,RandomPlayerConfig,RandomPlayerConfig
-76089309,Checkers,0,GAME_OVER,45,44,2,1707,RandomPlayerConfig,RandomPlayerConfig
468485359,Checkers,0,GAME_OVER,33,32,2,1708,RandomPlayerConfig,RandomPlayerConfig
1175762423,Checkers,0,GAME_OVER,32,31,2,1709,RandomPlayerConfig,RandomPlayerConfig
1361087813,Checkers,0,GAME_OVER,33,32,2,1710,RandomPlayerConfig,RandomPlayerConfig
-673860807,Checkers,0,GAME_OVER,76,75,2,1711,RandomPlayerConfig,RandomPlayerConfig
1399107872,Checkers,0,GAME_OVER,45,44,2,1712,RandomPlayerConfig,RandomPlayerConfig
-796713551,Checkers,0,GAME_OVER,32,31,2,1713,RandomPlayerConfig,RandomPlayerConfig
-297500633,Checkers,0,GAME_OVER,51,50,2,1714,RandomPlayerConfig,RandomPlayerConfig
1606290921,Checkers,0,GAME_OVER,30,29,2,1715,RandomPlayerConfig,RandomPlayerConfig
-306113397,Checkers,0,GAME_OVER,33,32,2,1716,RandomPlayerConfig,RandomPlayerConfig
405267464,Checkers,0,GAME_OVER,36,35,2,1717,RandomPlayerConfig,RandomPlayerConfig
-669887300,Checkers,0,GAME_OVER,44,43,2,1718,RandomPlayerConfig,RandomPlayerConfig
-1848836978,Checkers,0,GAME_OVER,36,35,2,1719,RandomPlayerConfig,RandomPlayerConfig
587711969,Checkers,0,GAME_OVER,24,23,2,1720,RandomPlayerConfig,RandomPlayerConfig
1318337115,Checkers,0,GAME_OVER,58,57,2,1721,RandomPlayerConfig,RandomPlayerConfig
-899431314,Checkers,0,GAME_OVER,40,39,2,1722,RandomPlayerConfig,RandomPlayerConfig
845079978,Checkers,0,GAME_OVER,36,35,2,1723,RandomPlayerConfig,RandomPlayerConfig
-2134414000,Checkers,0,GAME_OVER,28,27,2,1724,RandomPlayerConfig,RandomPlayerConfig
-1070806052,Checkers,0,GAME_OVER,34,33,2,1725,RandomPlayerConfig,RandomPlayerConfig
-1950541435,Checkers,0,GAME_OVER,39,38,2,1726,RandomPlayerConfig,RandomPlayerConfig
904360527,Checkers,0,GAME_OVER,51,50,2,1727,RandomPlayerConfig,RandomPlayerConfig
-354101480,Checkers,0,GAME_OVER,55,54,2,1728,RandomPlayerConfig,RandomPlayerConfig
1439833748,Checkers,0,GAME_OVER,46,45,2,1729,RandomPlayerConfig,RandomPlayerConfig
1356338653,Checkers,0,GAME_OVER,37,36,2,1730,RandomPlayerConfig,RandomPlayerConfig
-1270120257,Checkers,0,GAME_OVER,54,53,2,1731,RandomPlayerConfig,RandomPlayerConfig
-266953890,Checkers,0,GAME_OVER,39,38,2,1732,RandomPlayerConfig,RandomPlayerConfig
901742762,Checkers,0,GAME_OVER,38,37,2,1733,RandomPlayerConfig,RandomPlayerConfig
929698009,Checkers,0,GAME_OVER,24,23,2,1734,RandomPlayerConfig,RandomPlayerConfig
1662328150,Checkers,0,GAME_OVER,28,27,2,1735,RandomPlayerConfig,RandomPlayerConfig
-1378685120,Checkers,0,GAME_OVER,43,42,2,1736,RandomPlayerConfig,RandomPlayerConfig
-1877670429,Checkers,0,GAME_OVER,60,59,2,1737,RandomPlayerConfig,RandomPlayerConfig
-2074509161,Checkers,0,GAME_OVER,50,49,2,1738,RandomPlayerConfig,RandomPlayerConfig
-1082939992,Checkers,0,GAME_OVER,43,42,2,1739,RandomPlayerConfig,RandomPlayerConfig
1864430377,Checkers,0,GAME_OVER,34,33,2,1740,RandomPlayerConfig,RandomPlayerConfig
1472551276,Checkers,0,GAME_OVER,28,27,2,1741,RandomPlayerConfig,RandomPlayerConfig
1680237156,Checkers,0,GAME_OVER,69,68,2,1742,RandomPlayerConfig,RandomPlayerConfig
-1418167834,Checkers,0,GAME_OVER,38,37,2,1743,RandomPlayerConfig,RandomPlayerConfig
1728057957,Checkers,0,GAME_OVER,41,40,2,1744,RandomPlayerConfig,RandomPlayerConfig
-186095657,Checkers,0,GAME_OVER,33,32,2,1745,RandomPlayerConfig,RandomPlayerConfig
1351366258,Checkers,0,GAME_OVER,38,37,2,1746,RandomPlayerConfig,RandomPlayerConfig
1579344005,Checkers,0,GAME_OVER,63,62,2,1747,RandomPlayerConfig,RandomPlayerConfig
-1490204681,Checkers,0,GAME_OVER,30,29,2,1748,RandomPlayerConfig,RandomPlayerConfig
-570415773,Checkers,0,GAME_OVER,40,39,2,1749,RandomPlayerConfig,RandomPlayerConfig
-610565432,Checkers,0,GAME_OVER,40,39,2,1750,RandomPlayerConfig,RandomPlayerConfig
433324064,Checkers,0,GAME_OVER,29,28,2,1751,RandomPlayerConfig,RandomPlayerConfig
406281386,Checkers,0,GAME_OVER,72,71,2,1752,RandomPlayerConfig,RandomPlayerConfig
-87231360,Checkers,0,GAME_OVER,62,61,2,1753,RandomPlayerConfig,RandomPlayerConfig
-1846275719,Checkers,0,GAME_OVER,42,41,2,1754,RandomPlayerConfig,RandomPlayerConfig
1122898845,Checkers,0,GAME_OVER,33,32,2,1755,RandomPlayerConfig,RandomPlayerConfig
1833988709,Checkers,0,GAME_OVER,67,66,2,1756,RandomPlayerConfig,RandomPlayerConfig
19099793,Checkers,0,GAME_OVER,39,38,2,1757,RandomPlayerConfig,RandomPlayerConfig
2057854488,Checkers,0,GAME_OVER,31,30,2,1758,RandomPlayerConfig,RandomPlayerConfig
-1494205297,Checkers,0,GAME_OVER,50,49,2,1759,RandomPlayerConfig,RandomPlayerConfig
375156931,Checkers,0,GAME_OVER,37,36,2,1760,RandomPlayerConfig,RandomPlayerConfig
-351428365,Checkers,0,GAME_OVER,35,34,2,1761,RandomPlayerConfig,RandomPlayerConfig
-1226447254,Checkers,0,GAME_OVER,41,40,2,1762,RandomPlayerConfig,RandomPlayerConfig
764581851,Checkers,0,GAME_OVER,37,36,2,1763,RandomPlayerConfig,RandomPlayerConfig
580986595,Checkers,0,GAME_OVER,42,41,2,1764,RandomPlayerConfig,RandomPlayerConfig
-1046620099,Checkers,0,GAME_OVER,42,41,2,1765,RandomPlayerConfig,RandomPlayerConfig
486888029,Checkers,0,GAME_OVER,56,55,2,1766,RandomPlayerConfig,RandomPlayerConfig
-813926243,Checkers,0,GAME_OVER,33,32,2,1767,RandomPlayerConfig,RandomPlayerConfig
125187708,Checkers,0,GAME_OVER,54,53,2,1768,RandomPlayerConfig,RandomPlayerConfig
1366934473,Checkers,0,GAME_OVER,31,30,2,1769,RandomPlayerConfig,RandomPlayerConfig
-849303751,Checkers,0,GAME_OVER,38,37,2,1770,RandomPlayerConfig,RandomPlayerConfig
-1284969140,Checkers,0,GAME_OVER,68,67,2,1771,RandomPlayerConfig,RandomPlayerConfig
-845145037,Checkers,0,GAME_OVER,35,34,2,1772,RandomPlayerConfig,RandomPlayerConfig
-913805453,Checkers,0,GAME_OVER,58,57,2,1773,RandomPlayerConfig,RandomPlayerConfig
-1971521003,Checkers,0,GAME_OVER,42,41,2,1774,RandomPlayerConfig,RandomPlayerConfig
1227617051,Checkers,0,GAME_OVER,29,28,2,1775,RandomPlayerConfig,RandomPlayerConfig
1457711408,Checkers,0,GAME_OVER,39,38,2,1776,RandomPlayerConfig,RandomPlayerConfig
-1718206048,Checkers,0,GAME_OVER,30,29,2,1777,RandomPlayerConfig,RandomPlayerConfig
-1527229045,Checkers,0,GAME_OVER,38,37,2,1778,RandomPlayerConfig,RandomPlayerConfig
1414331298,Checkers,0,GAME_OVER,76,75,2,1779,RandomPlayerConfig,RandomPlayerConfig
554598894,Checkers,0,GAME_OVER,33,32,2,1780,RandomPlayerConfig,RandomPlayerConfig
1114518401,Checkers,0,GAME_OVER,32,31,2,1781,RandomPlayerConfig,RandomPlayerConfig
360957615,Checkers,0,GAME_OVER,48,47,2,1782,RandomPlayerConfig,RandomPlayerConfig
739354813,Checkers,0,GAME_OVER,33,32,2,1783,RandomPlayerConfig,RandomPlayerConfig
495941202,Checkers,0,GAME_OVER,39,38,2,1784,RandomPlayerConfig,RandomPlayerConfig
-887633511,Checkers,0,GAME_OVER,39,38,2,1785,RandomPlayerConfig,RandomPlayerConfig
-1489189572,Checkers,0,GAME_OVER,59,58,2,1786,RandomPlayerConfig,RandomPlayerConfig
1058923188,Checkers,0,GAME_OVER,77,76,2,1787,RandomPlayerConfig,RandomPlayerConfig
833406719,Checkers,0,GAME_OVER,39,38,2,1788,RandomPlayerConfig,RandomPlayerConfig
-1679978372,Checkers,0,GAME_OVER,32,31,2,1789,RandomPlayerConfig,RandomPlayerConfig
171469584,Checkers,0,GAME_OVER,57,56,2,1790,RandomPlayerConfig,RandomPlayerConfig
-1015239525,Checkers,0,GAME_OVER,33,32,2,1791,RandomPlayerConfig,RandomPlayerConfig
-1655952408,Checkers,0,GAME_OVER,41,40,2,1792,RandomPlayerConfig,RandomPlayerConfig
-4709928,Checkers,0,GAME_OVER,33,32,2,1793,RandomPlayerConfig,RandomPlayerConfig
742797018,Checkers,0,GAME_OVER,33,32,2,1794,RandomPlayerConfig,RandomPlayerConfig
-1422435588,Checkers,0,GAME_OVER,41,40,2,1795,RandomPlayerConfig,RandomPlayerConfig
-1852067803,Checkers,0,GAME_OVER,33,32,2,1796,RandomPlayerConfig,RandomPlayerConfig
737539513,Checkers,0,GAME_OVER,42,41,2,1797,RandomPlayerConfig,RandomPlayerConfig
605492753,Checkers,0,GAME_OVER,50,49,2,1798,RandomPlayerConfig,RandomPlayerConfig
-1613295438,Checkers,0,GAME_OVER,27,26,2,1799,RandomPlayerConfig,RandomPlayerConfig
2006497034,Checkers,0,GAME_OVER,37,36,2,1800,RandomPlayerConfig,RandomPlayerConfig
-1665629176,Checkers,0,GAME_OVER,32,31,2,1801,RandomPlayerConfig,RandomPlayerConfig
