GameSeed,GameName,Round,Event,Tick,Turn,PlayerCount,GameID,PlayerName-0,Player-1,Player-0,PlayerName-1
-429507769,Checkers,0,GAME_OVER,65,64,2,2,MCTS_CheckersHeuristic,1.0,-1.0,MCTS_CheckersHeuristic
1646983889,Checkers,0,GAME_OVER,117,116,2,3,MCTS_CheckersHeuristic,0.0,0.0,MCTS_CheckersHeuristic
-1508144921,Checkers,0,GAME_OVER,52,51,2,4,MCTS_CheckersHeuristic,-1.0,1.0,MCTS_CheckersHeuristic
-298402473,Checkers,0,GAME_OVER,49,48,2,5,MCTS_CheckersHeuristic,-1.0,1.0,MCTS_CheckersHeuristic
1122538383,Checkers,0,GAME_OVER,58,57,2,6,MCTS_CheckersHeuristic,-1.0,1.0,MCTS_CheckersHeuristic
-1677878252,Checkers,0,GAME_OVER,120,119,2,7,MCTS_CheckersHeuristic,0.0,0.0,MCTS_CheckersHeuristic
764054644,Checkers,0,GAME_OVER,143,142,2,8,MCTS_CheckersHeuristic,0.0,0.0,MCTS_CheckersHeuristic
1612447923,Checkers,0,GAME_OVER,67,66,2,9,MCTS_CheckersHeuristic,-1.0,1.0,MCTS_CheckersHeuristic
-1766918344,Checkers,0,GAME_OVER,123,122,2,10,MCTS_CheckersHeuristic,0.0,0.0,MCTS_CheckersHeuristic
-99200105,Checkers,0,GAME_OVER,56,55,2,11,MCTS_CheckersHeuristic,1.0,-1.0,MCTS_CheckersHeuristic
-2046769698,Checkers,0,GAME_OVER,87,86,2,12,MCTS_CheckersHeuristic,1.0,-1.0,MCTS_CheckersHeuristic
-8833104,Checkers,0,GAME_OVER,45,44,2,13,MCTS_CheckersHeuristic,1.0,-1.0,MCTS_CheckersHeuristic
2039254330,Checkers,0,GAME_OVER,80,79,2,14,MCTS_CheckersHeuristic,1.0,-1.0,MCTS_CheckersHeuristic
904154652,Checkers,0,GAME_OVER,165,164,2,15,MCTS_CheckersHeuristic,0.0,0.0,MCTS_CheckersHeuristic
-944614563,Checkers,0,GAME_OVER,62,61,2,16,MCTS_CheckersHeuristic,1.0,-1.0,MCTS_CheckersHeuristic
1458886793,Checkers,0,GAME_OVER,96,95,2,17,MCTS_CheckersHeuristic,1.0,-1.0,MCTS_CheckersHeuristic
-133207870,Checkers,0,GAME_OVER,60,59,2,18,MCTS_CheckersHeuristic,-1.0,1.0,MCTS_CheckersHeuristic
-1726615699,Checkers,0,GAME_OVER,60,59,2,19,MCTS_CheckersHeuristic,1.0,-1.0,MCTS_CheckersHeuristic
-1502585263,Checkers,0,GAME_OVER,141,140,2,20,MCTS_CheckersHeuristic,0.0,0.0,MCTS_CheckersHeuristic
-1700714099,Checkers,0,GAME_OVER,55,54,2,21,MCTS_CheckersHeuristic,-1.0,1.0,MCTS_CheckersHeuristic
1159122283,Checkers,0,GAME_OVER,49,48,2,22,MCTS_CheckersHeuristic,1.0,-1.0,MCTS_CheckersHeuristic
-1815440261,Checkers,0,GAME_OVER,168,167,2,23,MCTS_CheckersHeuristic,0.0,0.0,MCTS_CheckersHeuristic
1249189018,Checkers,0,GAME_OVER,71,70,2,24,MCTS_CheckersHeuristic,-1.0,1.0,MCTS_CheckersHeuristic
1366968798,Checkers,0,GAME_OVER,49,48,2,25,MCTS_CheckersHeuristic,1.0,-1.0,MCTS_CheckersHeuristic
755827371,Checkers,0,GAME_OVER,49,48,2,26,MCTS_CheckersHeuristic,1.0,-1.0,MCTS_CheckersHeuristic
1193006025,Checkers,0,GAME_OVER,93,92,2,27,MCTS_CheckersHeuristic,0.0,0.0,MCTS_CheckersHeuristic
-1327623385,Checkers,0,GAME_OVER,46,45,2,28,MCTS_CheckersHeuristic,1.0,-1.0,MCTS_CheckersHeuristic
-105545099,Checkers,0,GAME_OVER,68,67,2,29,MCTS_CheckersHeuristic,-1.0,1.0,MCTS_CheckersHeuristic
1982229135,Checkers,0,GAME_OVER,106,105,2,30,MCTS_CheckersHeuristic,1.0,-1.0,MCTS_CheckersHeuristic
877649930,Checkers,0,GAME_OVER,54,53,2,31,MCTS_CheckersHeuristic,-1.0,1.0,MCTS_CheckersHeuristic
-1343263283,Checkers,0,GAME_OVER,65,64,2,32,MCTS_CheckersHeuristic,1.0,-1.0,MCTS_CheckersHeuristic
700851048,Checkers,0,GAME_OVER,62,61,2,33,MCTS_CheckersHeuristic,1.0,-1.0,MCTS_CheckersHeuristic
1089392554,Checkers,0,GAME_OVER,152,151,2,34,MCTS_CheckersHeuristic,0.0,0.0,MCTS_CheckersHeuristic
-1040387831,Checkers,0,GAME_OVER,99,98,2,35,MCTS_CheckersHeuristic,0.0,0.0,MCTS_CheckersHeuristic
-510361511,Checkers,0,GAME_OVER,78,77,2,36,MCTS_CheckersHeuristic,1.0,-1.0,MCTS_CheckersHeuristic
863793519,Checkers,0,GAME_OVER,54,53,2,37,MCTS_CheckersHeuristic,-1.0,1.0,MCTS_CheckersHeuristic
-1282859446,Checkers,0,GAME_OVER,77,76,2,38,MCTS_CheckersHeuristic,1.0,-1.0,MCTS_CheckersHeuristic
981456584,Checkers,0,GAME_OVER,120,119,2,39,MCTS_CheckersHeuristic,-1.0,1.0,MCTS_CheckersHeuristic
1631503592,Checkers,0,GAME_OVER,52,51,2,40,MCTS_CheckersHeuristic,1.0,-1.0,MCTS_CheckersHeuristic
-1578670172,Checkers,0,GAME_OVER,84,83,2,41,MCTS_CheckersHeuristic,1.0,-1.0,MCTS_CheckersHeuristic
-7013139,Checkers,0,GAME_OVER,233,232,2,42,MCTS_CheckersHeuristic,0.0,0.0,MCTS_CheckersHeuristic
-1197073684,Checkers,0,GAME_OVER,81,80,2,43,MCTS_CheckersHeuristic,1.0,-1.0,MCTS_CheckersHeuristic
-360322187,Checkers,0,GAME_OVER,81,80,2,44,MCTS_CheckersHeuristic,1.0,-1.0,MCTS_CheckersHeuristic
-974499447,Checkers,0,GAME_OVER,70,69,2,45,MCTS_CheckersHeuristic,1.0,-1.0,MCTS_CheckersHeuristic
435222515,Checkers,0,GAME_OVER,139,138,2,46,MCTS_CheckersHeuristic,0.0,0.0,MCTS_CheckersHeuristic
982406231,Checkers,0,GAME_OVER,133,132,2,47,MCTS_CheckersHeuristic,0.0,0.0,MCTS_CheckersHeuristic
-1056911694,Checkers,0,GAME_OVER,105,104,2,48,MCTS_CheckersHeuristic,0.0,0.0,MCTS_CheckersHeuristic
-452755121,Checkers,0,GAME_OVER,121,120,2,49,MCTS_CheckersHeuristic,0.0,0.0,MCTS_CheckersHeuristic
734475412,Checkers,0,GAME_OVER,58,57,2,50,MCTS_CheckersHeuristic,-1.0,1.0,MCTS_CheckersHeuristic
-1110994666,Checkers,0,GAME_OVER,50,49,2,51,MCTS_CheckersHeuristic,1.0,-1.0,MCTS_CheckersHeuristic
955802140,Checkers,0,GAME_OVER,87,86,2,52,MCTS_CheckersHeuristic,1.0,-1.0,MCTS_CheckersHeuristic
30516821,Checkers,0,GAME_OVER,46,45,2,53,MCTS_CheckersHeuristic,1.0,-1.0,MCTS_CheckersHeuristic
-121774317,Checkers,0,GAME_OVER,51,50,2,54,MCTS_CheckersHeuristic,-1.0,1.0,MCTS_CheckersHeuristic
-186451330,Checkers,0,GAME_OVER,54,53,2,55,MCTS_CheckersHeuristic,1.0,-1.0,MCTS_CheckersHeuristic
1762848073,Checkers,0,GAME_OVER,78,77,2,56,MCTS_CheckersHeuristic,-1.0,1.0,MCTS_CheckersHeuristic
-491157522,Checkers,0,GAME_OVER,47,46,2,57,MCTS_CheckersHeuristic,1.0,-1.0,MCTS_CheckersHeuristic
-1107048397,Checkers,0,GAME_OVER,46,45,2,58,MCTS_CheckersHeuristic,1.0,-1.0,MCTS_CheckersHeuristic
1413027729,Checkers,0,GAME_OVER,83,82,2,59,MCTS_CheckersHeuristic,1.0,-1.0,MCTS_CheckersHeuristic
-1071175548,Checkers,0,GAME_OVER,60,59,2,60,MCTS_CheckersHeuristic,-1.0,1.0,MCTS_CheckersHeuristic
954607719,Checkers,0,GAME_OVER,55,54,2,61,MCTS_CheckersHeuristic,1.0,-1.0,MCTS_CheckersHeuristic
-1400576534,Checkers,0,GAME_OVER,52,51,2,62,MCTS_CheckersHeuristic,-1.0,1.0,MCTS_CheckersHeuristic
64377253,Checkers,0,GAME_OVER,59,58,2,63,MCTS_CheckersHeuristic,1.0,-1.0,MCTS_CheckersHeuristic
88870555,Checkers,0,GAME_OVER,130,129,2,64,MCTS_CheckersHeuristic,0.0,0.0,MCTS_CheckersHeuristic
620336199,Checkers,0,GAME_OVER,136,135,2,65,MCTS_CheckersHeuristic,1.0,-1.0,MCTS_CheckersHeuristic
1293527892,Checkers,0,GAME_OVER,112,111,2,66,MCTS_CheckersHeuristic,1.0,-1.0,MCTS_CheckersHeuristic
-1114071225,Checkers,0,GAME_OVER,75,74,2,67,MCTS_CheckersHeuristic,0.0,0.0,MCTS_CheckersHeuristic
-734824458,Checkers,0,GAME_OVER,111,110,2,68,MCTS_CheckersHeuristic,0.0,0.0,MCTS_CheckersHeuristic
-547036712,Checkers,0,GAME_OVER,81,80,2,69,MCTS_CheckersHeuristic,1.0,-1.0,MCTS_CheckersHeuristic
1128229866,Checkers,0,GAME_OVER,66,65,2,70,MCTS_CheckersHeuristic,-1.0,1.0,MCTS_CheckersHeuristic
-356353700,Checkers,0,GAME_OVER,70,69,2,71,MCTS_CheckersHeuristic,1.0,-1.0,MCTS_CheckersHeuristic
1915409131,Checkers,0,GAME_OVER,58,57,2,72,MCTS_CheckersHeuristic,1.0,-1.0,MCTS_CheckersHeuristic
-725474074,Checkers,0,GAME_OVER,52,51,2,73,MCTS_CheckersHeuristic,1.0,-1.0,MCTS_CheckersHeuristic
-518570509,Checkers,0,GAME_OVER,86,85,2,74,MCTS_CheckersHeuristic,-1.0,1.0,MCTS_CheckersHeuristic
31817353,Checkers,0,GAME_OVER,129,128,2,75,MCTS_CheckersHeuristic,0.0,0.0,MCTS_CheckersHeuristic
-234975919,Checkers,0,GAME_OVER,54,53,2,76,MCTS_CheckersHeuristic,1.0,-1.0,MCTS_CheckersHeuristic
-353150266,Checkers,0,GAME_OVER,139,138,2,77,MCTS_CheckersHeuristic,0.0,0.0,MCTS_CheckersHeuristic
1766592570,Checkers,0,GAME_OVER,128,127,2,78,MCTS_CheckersHeuristic,0.0,0.0,MCTS_CheckersHeuristic
1732864212,Checkers,0,GAME_OVER,52,51,2,79,MCTS_CheckersHeuristic,1.0,-1.0,MCTS_CheckersHeuristic
-340655278,Checkers,0,GAME_OVER,55,54,2,80,MCTS_CheckersHeuristic,-1.0,1.0,MCTS_CheckersHeuristic
-25849191,Checkers,0,GAME_OVER,127,126,2,81,MCTS_CheckersHeuristic,0.0,0.0,MCTS_CheckersHeuristic
945284864,Checkers,0,GAME_OVER,94,93,2,82,MCTS_CheckersHeuristic,0.0,0.0,MCTS_CheckersHeuristic
-48612981,Checkers,0,GAME_OVER,54,53,2,83,MCTS_CheckersHeuristic,1.0,-1.0,MCTS_CheckersHeuristic
-1983445115,Checkers,0,GAME_OVER,64,63,2,84,MCTS_CheckersHeuristic,1.0,-1.0,MCTS_CheckersHeuristic
-1735928366,Checkers,0,GAME_OVER,60,59,2,85,MCTS_CheckersHeuristic,-1.0,1.0,MCTS_CheckersHeuristic
430666804,Checkers,0,GAME_OVER,62,61,2,86,MCTS_CheckersHeuristic,-1.0,1.0,MCTS_CheckersHeuristic
1609744228,Checkers,0,GAME_OVER,63,62,2,87,MCTS_CheckersHeuristic,-1.0,1.0,MCTS_CheckersHeuristic
-1511172036,Checkers,0,GAME_OVER,53,52,2,88,MCTS_CheckersHeuristic,-1.0,1.0,MCTS_CheckersHeuristic
-893807371,Checkers,0,GAME_OVER,126,125,2,89,MCTS_CheckersHeuristic,0.0,0.0,MCTS_CheckersHeuristic
-172327199,Checkers,0,GAME_OVER,162,161,2,90,MCTS_CheckersHeuristic,0.0,0.0,MCTS_CheckersHeuristic
503765733,Checkers,0,GAME_OVER,97,96,2,91,MCTS_CheckersHeuristic,0.0,0.0,MCTS_CheckersHeuristic
61052441,Checkers,0,GAME_OVER,58,57,2,92,MCTS_CheckersHeuristic,-1.0,1.0,MCTS_CheckersHeuristic
1802280096,Checkers,0,GAME_OVER,101,100,2,93,MCTS_CheckersHeuristic,0.0,0.0,MCTS_CheckersHeuristic
-1356673561,Checkers,0,GAME_OVER,58,57,2,94,MCTS_CheckersHeuristic,-1.0,1.0,MCTS_CheckersHeuristic
1300440325,Checkers,0,GAME_OVER,182,181,2,95,MCTS_CheckersHeuristic,0.0,0.0,MCTS_CheckersHeuristic
500731879,Checkers,0,GAME_OVER,45,44,2,96,MCTS_CheckersHeuristic,1.0,-1.0,MCTS_CheckersHeuristic
1293080270,Checkers,0,GAME_OVER,96,95,2,97,MCTS_CheckersHeuristic,0.0,0.0,MCTS_CheckersHeuristic
1179290093,Checkers,0,GAME_OVER,57,56,2,98,MCTS_CheckersHeuristic,-1.0,1.0,MCTS_CheckersHeuristic
-403842029,Checkers,0,GAME_OVER,46,45,2,99,MCTS_CheckersHeuristic,1.0,-1.0,MCTS_CheckersHeuristic
1043658662,Checkers,0,GAME_OVER,91,90,2,100,MCTS_CheckersHeuristic,1.0,-1.0,MCTS_CheckersHeuristic
-1481614246,Checkers,0,GAME_OVER,56,55,2,101,MCTS_CheckersHeuristic,-1.0,1.0,MCTS_CheckersHeuristic
1059998357,Checkers,0,GAME_OVER,101,100,2,102,MCTS_CheckersHeuristic,0.0,0.0,MCTS_CheckersHeuristic
-2035336489,Checkers,0,GAME_OVER,60,59,2,103,MCTS_CheckersHeuristic,-1.0,1.0,MCTS_CheckersHeuristic
-828189465,Checkers,0,GAME_OVER,149,148,2,104,MCTS_CheckersHeuristic,1.0,-1.0,MCTS_CheckersHeuristic
-1112630590,Checkers,0,GAME_OVER,92,91,2,105,MCTS_CheckersHeuristic,0.0,0.0,MCTS_CheckersHeuristic
1273381618,Checkers,0,GAME_OVER,111,110,2,106,MCTS_CheckersHeuristic,1.0,-1.0,MCTS_CheckersHeuristic
916823542,Checkers,0,GAME_OVER,74,73,2,107,MCTS_CheckersHeuristic,-1.0,1.0,MCTS_CheckersHeuristic
-1188476838,Checkers,0,GAME_OVER,61,60,2,108,MCTS_CheckersHeuristic,-1.0,1.0,MCTS_CheckersHeuristic
-1030385106,Checkers,0,GAME_OVER,160,159,2,109,MCTS_CheckersHeuristic,-1.0,1.0,MCTS_CheckersHeuristic
-1695727306,Checkers,0,GAME_OVER,72,71,2,110,MCTS_CheckersHeuristic,-1.0,1.0,MCTS_CheckersHeuristic
1745623962,Checkers,0,GAME_OVER,67,66,2,111,MCTS_CheckersHeuristic,1.0,-1.0,MCTS_CheckersHeuristic
-1131907931,Checkers,0,GAME_OVER,175,174,2,112,MCTS_CheckersHeuristic,0.0,0.0,MCTS_CheckersHeuristic
1879863216,Checkers,0,GAME_OVER,53,52,2,113,MCTS_CheckersHeuristic,1.0,-1.0,MCTS_CheckersHeuristic
28013999,Checkers,0,GAME_OVER,64,63,2,114,MCTS_CheckersHeuristic,-1.0,1.0,MCTS_CheckersHeuristic
-1153404590,Checkers,0,GAME_OVER,53,52,2,115,MCTS_CheckersHeuristic,-1.0,1.0,MCTS_CheckersHeuristic
1986699382,Checkers,0,GAME_OVER,56,55,2,116,MCTS_CheckersHeuristic,-1.0,1.0,MCTS_CheckersHeuristic
1137903563,Checkers,0,GAME_OVER,69,68,2,117,MCTS_CheckersHeuristic,1.0,-1.0,MCTS_CheckersHeuristic
-311282444,Checkers,0,GAME_OVER,55,54,2,118,MCTS_CheckersHeuristic,-1.0,1.0,MCTS_CheckersHeuristic
-329290698,Checkers,0,GAME_OVER,79,78,2,119,MCTS_CheckersHeuristic,1.0,-1.0,MCTS_CheckersHeuristic
1941759451,Checkers,0,GAME_OVER,131,130,2,120,MCTS_CheckersHeuristic,0.0,0.0,MCTS_CheckersHeuristic
-1669728967,Checkers,0,GAME_OVER,101,100,2,121,MCTS_CheckersHeuristic,0.0,0.0,MCTS_CheckersHeuristic
1580542299,Checkers,0,GAME_OVER,151,150,2,122,MCTS_CheckersHeuristic,0.0,0.0,MCTS_CheckersHeuristic
628961102,Checkers,0,GAME_OVER,65,64,2,123,MCTS_CheckersHeuristic,-1.0,1.0,MCTS_CheckersHeuristic
1578304208,Checkers,0,GAME_OVER,63,62,2,124,MCTS_CheckersHeuristic,-1.0,1.0,MCTS_CheckersHeuristic
1521967080,Checkers,0,GAME_OVER,79,78,2,125,MCTS_CheckersHeuristic,1.0,-1.0,MCTS_CheckersHeuristic
-1306482771,Checkers,0,GAME_OVER,56,55,2,126,MCTS_CheckersHeuristic,-1.0,1.0,MCTS_CheckersHeuristic
-340722637,Checkers,0,GAME_OVER,140,139,2,127,MCTS_CheckersHeuristic,0.0,0.0,MCTS_CheckersHeuristic
-1356914919,Checkers,0,GAME_OVER,62,61,2,128,MCTS_CheckersHeuristic,1.0,-1.0,MCTS_CheckersHeuristic
512929862,Checkers,0,GAME_OVER,104,103,2,129,MCTS_CheckersHeuristic,-1.0,1.0,MCTS_CheckersHeuristic
787749660,Checkers,0,GAME_OVER,53,52,2,130,MCTS_CheckersHeuristic,-1.0,1.0,MCTS_CheckersHeuristic
-192781833,Checkers,0,GAME_OVER,49,48,2,131,MCTS_CheckersHeuristic,-1.0,1.0,MCTS_CheckersHeuristic
-1702913198,Checkers,0,GAME_OVER,116,115,2,132,MCTS_CheckersHeuristic,0.0,0.0,MCTS_CheckersHeuristic
-92163394,Checkers,0,GAME_OVER,138,137,2,133,MCTS_CheckersHeuristic,0.0,0.0,MCTS_CheckersHeuristic
-1459438475,Checkers,0,GAME_OVER,93,92,2,134,MCTS_CheckersHeuristic,0.0,0.0,MCTS_CheckersHeuristic
-507513278,Checkers,0,GAME_OVER,77,76,2,135,MCTS_CheckersHeuristic,-1.0,1.0,MCTS_CheckersHeuristic
-676184764,Checkers,0,GAME_OVER,55,54,2,136,MCTS_CheckersHeuristic,1.0,-1.0,MCTS_CheckersHeuristic
-1623855231,Checkers,0,GAME_OVER,82,81,2,137,MCTS_CheckersHeuristic,1.0,-1.0,MCTS_CheckersHeuristic
-2027157359,Checkers,0,GAME_OVER,151,150,2,138,MCTS_CheckersHeuristic,0.0,0.0,MCTS_CheckersHeuristic
-140116804,Checkers,0,GAME_OVER,48,47,2,139,MCTS_CheckersHeuristic,1.0,-1.0,MCTS_CheckersHeuristic
-216183431,Checkers,0,GAME_OVER,54,53,2,140,MCTS_CheckersHeuristic,-1.0,1.0,MCTS_CheckersHeuristic
-1451148663,Checkers,0,GAME_OVER,110,109,2,141,MCTS_CheckersHeuristic,0.0,0.0,MCTS_CheckersHeuristic
-2109691375,Checkers,0,GAME_OVER,48,47,2,142,MCTS_CheckersHeuristic,1.0,-1.0,MCTS_CheckersHeuristic
-826433358,Checkers,0,GAME_OVER,61,60,2,143,MCTS_CheckersHeuristic,-1.0,1.0,MCTS_CheckersHeuristic
-216761838,Checkers,0,GAME_OVER,58,57,2,144,MCTS_CheckersHeuristic,-1.0,1.0,MCTS_CheckersHeuristic
1017429978,Checkers,0,GAME_OVER,78,77,2,145,MCTS_CheckersHeuristic,-1.0,1.0,MCTS_CheckersHeuristic
-1537226167,Checkers,0,GAME_OVER,66,65,2,146,MCTS_CheckersHeuristic,1.0,-1.0,MCTS_CheckersHeuristic
507749619,Checkers,0,GAME_OVER,107,106,2,147,MCTS_CheckersHeuristic,0.0,0.0,MCTS_CheckersHeuristic
-1513581865,Checkers,0,GAME_OVER,57,56,2,148,MCTS_CheckersHeuristic,-1.0,1.0,MCTS_CheckersHeuristic
1322127370,Checkers,0,GAME_OVER,50,49,2,149,MCTS_CheckersHeuristic,1.0,-1.0,MCTS_CheckersHeuristic
891551100,Checkers,0,GAME_OVER,99,98,2,150,MCTS_CheckersHeuristic,0.0,0.0,MCTS_CheckersHeuristic
2138025467,Checkers,0,GAME_OVER,51,50,2,151,MCTS_CheckersHeuristic,1.0,-1.0,MCTS_CheckersHeuristic
1684959887,Checkers,0,GAME_OVER,110,109,2,152,MCTS_CheckersHeuristic,1.0,-1.0,MCTS_CheckersHeuristic
-1480986365,Checkers,0,GAME_OVER,99,98,2,153,MCTS_CheckersHeuristic,1.0,-1.0,MCTS_CheckersHeuristic
-650756534,Checkers,0,GAME_OVER,66,65,2,154,MCTS_CheckersHeuristic,1.0,-1.0,MCTS_CheckersHeuristic
1407421011,Checkers,0,GAME_OVER,89,88,2,155,MCTS_CheckersHeuristic,-1.0,1.0,MCTS_CheckersHeuristic
-1613059695,Checkers,0,GAME_OVER,50,49,2,156,MCTS_CheckersHeuristic,-1.0,1.0,MCTS_CheckersHeuristic
850196232,Checkers,0,GAME_OVER,47,46,2,157,MCTS_CheckersHeuristic,-1.0,1.0,MCTS_CheckersHeuristic
1515236453,Checkers,0,GAME_OVER,72,71,2,158,MCTS_CheckersHeuristic,-1.0,1.0,MCTS_CheckersHeuristic
1276910903,Checkers,0,GAME_OVER,87,86,2,159,MCTS_CheckersHeuristic,-1.0,1.0,MCTS_CheckersHeuristic
412401050,Checkers,0,GAME_OVER,123,122,2,160,MCTS_CheckersHeuristic,-1.0,1.0,MCTS_CheckersHeuristic
-647091723,Checkers,0,GAME_OVER,54,53,2,161,MCTS_CheckersHeuristic,1.0,-1.0,MCTS_CheckersHeuristic
1730282123,Checkers,0,GAME_OVER,52,51,2,162,MCTS_CheckersHeuristic,1.0,-1.0,MCTS_CheckersHeuristic
-869019784,Checkers,0,GAME_OVER,87,86,2,163,MCTS_CheckersHeuristic,-1.0,1.0,MCTS_CheckersHeuristic
1094587105,Checkers,0,GAME_OVER,61,60,2,164,MCTS_CheckersHeuristic,1.0,-1.0,MCTS_CheckersHeuristic
368065226,Checkers,0,GAME_OVER,48,47,2,165,MCTS_CheckersHeuristic,-1.0,1.0,MCTS_CheckersHeuristic
1813903280,Checkers,0,GAME_OVER,44,43,2,166,MCTS_CheckersHeuristic,-1.0,1.0,MCTS_CheckersHeuristic
669035172,Checkers,0,GAME_OVER,44,43,2,167,MCTS_CheckersHeuristic,-1.0,1.0,MCTS_CheckersHeuristic
1398133352,Checkers,0,GAME_OVER,89,88,2,168,MCTS_CheckersHeuristic,0.0,0.0,MCTS_CheckersHeuristic
-132510359,Checkers,0,GAME_OVER,85,84,2,169,MCTS_CheckersHeuristic,1.0,-1.0,MCTS_CheckersHeuristic
777387897,Checkers,0,GAME_OVER,56,55,2,170,MCTS_CheckersHeuristic,-1.0,1.0,MCTS_CheckersHeuristic
1352041059,Checkers,0,GAME_OVER,53,52,2,171,MCTS_CheckersHeuristic,-1.0,1.0,MCTS_CheckersHeuristic
86270357,Checkers,0,GAME_OVER,51,50,2,172,MCTS_CheckersHeuristic,-1.0,1.0,MCTS_CheckersHeuristic
-1125672290,Checkers,0,GAME_OVER,54,53,2,173,MCTS_CheckersHeuristic,-1.0,1.0,MCTS_CheckersHeuristic
-2093408783,Checkers,0,GAME_OVER,75,74,2,174,MCTS_CheckersHeuristic,1.0,-1.0,MCTS_CheckersHeuristic
-1403531229,Checkers,0,GAME_OVER,116,115,2,175,MCTS_CheckersHeuristic,0.0,0.0,MCTS_CheckersHeuristic
1496203009,Checkers,0,GAME_OVER,83,82,2,176,MCTS_CheckersHeuristic,-1.0,1.0,MCTS_CheckersHeuristic
-1071092128,Checkers,0,GAME_OVER,98,97,2,177,MCTS_CheckersHeuristic,0.0,0.0,MCTS_CheckersHeuristic
-1026506122,Checkers,0,GAME_OVER,61,60,2,178,MCTS_CheckersHeuristic,1.0,-1.0,MCTS_CheckersHeuristic
-683268873,Checkers,0,GAME_OVER,143,142,2,179,MCTS_CheckersHeuristic,0.0,0.0,MCTS_CheckersHeuristic
-2059970418,Checkers,0,GAME_OVER,140,139,2,180,MCTS_CheckersHeuristic,0.0,0.0,MCTS_CheckersHeuristic
-1968093610,Checkers,0,GAME_OVER,55,54,2,181,MCTS_CheckersHeuristic,1.0,-1.0,MCTS_CheckersHeuristic
16506356,Checkers,0,GAME_OVER,115,114,2,182,MCTS_CheckersHeuristic,0.0,0.0,MCTS_CheckersHeuristic
-1481812548,Checkers,0,GAME_OVER,52,51,2,183,MCTS_CheckersHeuristic,1.0,-1.0,MCTS_CheckersHeuristic
-1646448962,Checkers,0,GAME_OVER,61,60,2,184,MCTS_CheckersHeuristic,1.0,-1.0,MCTS_CheckersHeuristic
-936733540,Checkers,0,GAME_OVER,103,102,2,185,MCTS_CheckersHeuristic,1.0,-1.0,MCTS_CheckersHeuristic
-997676971,Checkers,0,GAME_OVER,90,89,2,186,MCTS_CheckersHeuristic,-1.0,1.0,MCTS_CheckersHeuristic
-363674243,Checkers,0,GAME_OVER,73,72,2,187,MCTS_CheckersHeuristic,1.0,-1.0,MCTS_CheckersHeuristic
1298094402,Checkers,0,GAME_OVER,45,44,2,188,MCTS_CheckersHeuristic,1.0,-1.0,MCTS_CheckersHeuristic
-771888442,Checkers,0,GAME_OVER,52,51,2,189,MCTS_CheckersHeuristic,-1.0,1.0,MCTS_CheckersHeuristic
-1675572936,Checkers,0,GAME_OVER,66,65,2,190,MCTS_CheckersHeuristic,-1.0,1.0,MCTS_CheckersHeuristic
-1786482152,Checkers,0,GAME_OVER,142,141,2,191,MCTS_CheckersHeuristic,0.0,0.0,MCTS_CheckersHeuristic
-174898991,Checkers,0,GAME_OVER,51,50,2,192,MCTS_CheckersHeuristic,-1.0,1.0,MCTS_CheckersHeuristic
1149276452,Checkers,0,GAME_OVER,92,91,2,193,MCTS_CheckersHeuristic,0.0,0.0,MCTS_CheckersHeuristic
1342363616,Checkers,0,GAME_OVER,43,42,2,194,MCTS_CheckersHeuristic,-1.0,1.0,MCTS_CheckersHeuristic
721004321,Checkers,0,GAME_OVER,55,54,2,195,MCTS_CheckersHeuristic,1.0,-1.0,MCTS_CheckersHeuristic
-545709509,Checkers,0,GAME_OVER,50,49,2,196,MCTS_CheckersHeuristic,-1.0,1.0,MCTS_CheckersHeuristic
1352257095,Checkers,0,GAME_OVER,56,55,2,197,MCTS_CheckersHeuristic,1.0,-1.0,MCTS_CheckersHeuristic
1874814574,Checkers,0,GAME_OVER,87,86,2,198,MCTS_CheckersHeuristic,-1.0,1.0,MCTS_CheckersHeuristic
1431403269,Checkers,0,GAME_OVER,75,74,2,199,MCTS_CheckersHeuristic,-1.0,1.0,MCTS_CheckersHeuristic
-2085245251,Checkers,0,GAME_OVER,120,119,2,200,MCTS_CheckersHeuristic,0.0,0.0,MCTS_CheckersHeuristic
-2096651580,Checkers,0,GAME_OVER,45,44,2,201,MCTS_CheckersHeuristic,1.0,-1.0,MCTS_CheckersHeuristic
-429507769,Checkers,0,GAME_OVER,113,112,2,202,MCTS_CheckersHeuristic,0.0,0.0,OSLA
1646983889,Checkers,0,GAME_OVER,88,87,2,203,MCTS_CheckersHeuristic,-1.0,1.0,OSLA
-1508144921,Checkers,0,GAME_OVER,56,55,2,204,MCTS_CheckersHeuristic,-1.0,1.0,OSLA
-298402473,Checkers,0,GAME_OVER,51,50,2,205,MCTS_CheckersHeuristic,-1.0,1.0,OSLA
1122538383,Checkers,0,GAME_OVER,50,49,2,206,MCTS_CheckersHeuristic,-1.0,1.0,OSLA
-1677878252,Checkers,0,GAME_OVER,52,51,2,207,MCTS_CheckersHeuristic,-1.0,1.0,OSLA
764054644,Checkers,0,GAME_OVER,40,39,2,208,MCTS_CheckersHeuristic,1.0,-1.0,OSLA
1612447923,Checkers,0,GAME_OVER,46,45,2,209,MCTS_CheckersHeuristic,-1.0,1.0,OSLA
-1766918344,Checkers,0,GAME_OVER,52,51,2,210,MCTS_CheckersHeuristic,1.0,-1.0,OSLA
-99200105,Checkers,0,GAME_OVER,46,45,2,211,MCTS_CheckersHeuristic,-1.0,1.0,OSLA
-2046769698,Checkers,0,GAME_OVER,49,48,2,212,MCTS_CheckersHeuristic,-1.0,1.0,OSLA
-8833104,Checkers,0,GAME_OVER,39,38,2,213,MCTS_CheckersHeuristic,-1.0,1.0,OSLA
2039254330,Checkers,0,GAME_OVER,62,61,2,214,MCTS_CheckersHeuristic,-1.0,1.0,OSLA
904154652,Checkers,0,GAME_OVER,98,97,2,215,MCTS_CheckersHeuristic,-1.0,1.0,OSLA
-944614563,Checkers,0,GAME_OVER,66,65,2,216,MCTS_CheckersHeuristic,-1.0,1.0,OSLA
1458886793,Checkers,0,GAME_OVER,45,44,2,217,MCTS_CheckersHeuristic,-1.0,1.0,OSLA
-133207870,Checkers,0,GAME_OVER,158,157,2,218,MCTS_CheckersHeuristic,0.0,0.0,OSLA
-1726615699,Checkers,0,GAME_OVER,63,62,2,219,MCTS_CheckersHeuristic,-1.0,1.0,OSLA
-1502585263,Checkers,0,GAME_OVER,75,74,2,220,MCTS_CheckersHeuristic,0.0,0.0,OSLA
-1700714099,Checkers,0,GAME_OVER,47,46,2,221,MCTS_CheckersHeuristic,-1.0,1.0,OSLA
1159122283,Checkers,0,GAME_OVER,96,95,2,222,MCTS_CheckersHeuristic,0.0,0.0,OSLA
-1815440261,Checkers,0,GAME_OVER,69,68,2,223,MCTS_CheckersHeuristic,-1.0,1.0,OSLA
1249189018,Checkers,0,GAME_OVER,98,97,2,224,MCTS_CheckersHeuristic,0.0,0.0,OSLA
1366968798,Checkers,0,GAME_OVER,62,61,2,225,MCTS_CheckersHeuristic,-1.0,1.0,OSLA
755827371,Checkers,0,GAME_OVER,46,45,2,226,MCTS_CheckersHeuristic,-1.0,1.0,OSLA
1193006025,Checkers,0,GAME_OVER,45,44,2,227,MCTS_CheckersHeuristic,-1.0,1.0,OSLA
-1327623385,Checkers,0,GAME_OVER,68,67,2,228,MCTS_CheckersHeuristic,-1.0,1.0,OSLA
-105545099,Checkers,0,GAME_OVER,42,41,2,229,MCTS_CheckersHeuristic,-1.0,1.0,OSLA
1982229135,Checkers,0,GAME_OVER,43,42,2,230,MCTS_CheckersHeuristic,-1.0,1.0,OSLA
877649930,Checkers,0,GAME_OVER,79,78,2,231,MCTS_CheckersHeuristic,-1.0,1.0,OSLA
-1343263283,Checkers,0,GAME_OVER,144,143,2,232,MCTS_CheckersHeuristic,0.0,0.0,OSLA
700851048,Checkers,0,GAME_OVER,58,57,2,233,MCTS_CheckersHeuristic,-1.0,1.0,OSLA
1089392554,Checkers,0,GAME_OVER,46,45,2,234,MCTS_CheckersHeuristic,-1.0,1.0,OSLA
-1040387831,Checkers,0,GAME_OVER,73,72,2,235,MCTS_CheckersHeuristic,-1.0,1.0,OSLA
-510361511,Checkers,0,GAME_OVER,73,72,2,236,MCTS_CheckersHeuristic,-1.0,1.0,OSLA
863793519,Checkers,0,GAME_OVER,87,86,2,237,MCTS_CheckersHeuristic,-1.0,1.0,OSLA
-1282859446,Checkers,0,GAME_OVER,51,50,2,238,MCTS_CheckersHeuristic,-1.0,1.0,OSLA
981456584,Checkers,0,GAME_OVER,51,50,2,239,MCTS_CheckersHeuristic,-1.0,1.0,OSLA
1631503592,Checkers,0,GAME_OVER,59,58,2,240,MCTS_CheckersHeuristic,-1.0,1.0,OSLA
-1578670172,Checkers,0,GAME_OVER,57,56,2,241,MCTS_CheckersHeuristic,-1.0,1.0,OSLA
-7013139,Checkers,0,GAME_OVER,112,111,2,242,MCTS_CheckersHeuristic,-1.0,1.0,OSLA
-1197073684,Checkers,0,GAME_OVER,56,55,2,243,MCTS_CheckersHeuristic,-1.0,1.0,OSLA
-360322187,Checkers,0,GAME_OVER,43,42,2,244,MCTS_CheckersHeuristic,-1.0,1.0,OSLA
-974499447,Checkers,0,GAME_OVER,62,61,2,245,MCTS_CheckersHeuristic,-1.0,1.0,OSLA
435222515,Checkers,0,GAME_OVER,99,98,2,246,MCTS_CheckersHeuristic,-1.0,1.0,OSLA
982406231,Checkers,0,GAME_OVER,91,90,2,247,MCTS_CheckersHeuristic,-1.0,1.0,OSLA
-1056911694,Checkers,0,GAME_OVER,53,52,2,248,MCTS_CheckersHeuristic,-1.0,1.0,OSLA
-452755121,Checkers,0,GAME_OVER,73,72,2,249,MCTS_CheckersHeuristic,-1.0,1.0,OSLA
734475412,Checkers,0,GAME_OVER,57,56,2,250,MCTS_CheckersHeuristic,-1.0,1.0,OSLA
-1110994666,Checkers,0,GAME_OVER,56,55,2,251,MCTS_CheckersHeuristic,-1.0,1.0,OSLA
955802140,Checkers,0,GAME_OVER,54,53,2,252,MCTS_CheckersHeuristic,-1.0,1.0,OSLA
30516821,Checkers,0,GAME_OVER,41,40,2,253,MCTS_CheckersHeuristic,1.0,-1.0,OSLA
-121774317,Checkers,0,GAME_OVER,57,56,2,254,MCTS_CheckersHeuristic,-1.0,1.0,OSLA
-186451330,Checkers,0,GAME_OVER,108,107,2,255,MCTS_CheckersHeuristic,1.0,-1.0,OSLA
1762848073,Checkers,0,GAME_OVER,60,59,2,256,MCTS_CheckersHeuristic,-1.0,1.0,OSLA
-491157522,Checkers,0,GAME_OVER,76,75,2,257,MCTS_CheckersHeuristic,0.0,0.0,OSLA
-1107048397,Checkers,0,GAME_OVER,63,62,2,258,MCTS_CheckersHeuristic,-1.0,1.0,OSLA
1413027729,Checkers,0,GAME_OVER,59,58,2,259,MCTS_CheckersHeuristic,1.0,-1.0,OSLA
-1071175548,Checkers,0,GAME_OVER,75,74,2,260,MCTS_CheckersHeuristic,-1.0,1.0,OSLA
954607719,Checkers,0,GAME_OVER,56,55,2,261,MCTS_CheckersHeuristic,-1.0,1.0,OSLA
-1400576534,Checkers,0,GAME_OVER,119,118,2,262,MCTS_CheckersHeuristic,0.0,0.0,OSLA
64377253,Checkers,0,GAME_OVER,59,58,2,263,MCTS_CheckersHeuristic,-1.0,1.0,OSLA
88870555,Checkers,0,GAME_OVER,50,49,2,264,MCTS_CheckersHeuristic,-1.0,1.0,OSLA
620336199,Checkers,0,GAME_OVER,52,51,2,265,MCTS_CheckersHeuristic,-1.0,1.0,OSLA
1293527892,Checkers,0,GAME_OVER,66,65,2,266,MCTS_CheckersHeuristic,-1.0,1.0,OSLA
-1114071225,Checkers,0,GAME_OVER,90,89,2,267,MCTS_CheckersHeuristic,0.0,0.0,OSLA
-734824458,Checkers,0,GAME_OVER,53,52,2,268,MCTS_CheckersHeuristic,-1.0,1.0,OSLA
-547036712,Checkers,0,GAME_OVER,57,56,2,269,MCTS_CheckersHeuristic,-1.0,1.0,OSLA
1128229866,Checkers,0,GAME_OVER,75,74,2,270,MCTS_CheckersHeuristic,-1.0,1.0,OSLA
-356353700,Checkers,0,GAME_OVER,48,47,2,271,MCTS_CheckersHeuristic,-1.0,1.0,OSLA
1915409131,Checkers,0,GAME_OVER,51,50,2,272,MCTS_CheckersHeuristic,-1.0,1.0,OSLA
-725474074,Checkers,0,GAME_OVER,63,62,2,273,MCTS_CheckersHeuristic,-1.0,1.0,OSLA
-518570509,Checkers,0,GAME_OVER,59,58,2,274,MCTS_CheckersHeuristic,-1.0,1.0,OSLA
31817353,Checkers,0,GAME_OVER,90,89,2,275,MCTS_CheckersHeuristic,-1.0,1.0,OSLA
-234975919,Checkers,0,GAME_OVER,50,49,2,276,MCTS_CheckersHeuristic,-1.0,1.0,OSLA
-353150266,Checkers,0,GAME_OVER,107,106,2,277,MCTS_CheckersHeuristic,0.0,0.0,OSLA
1766592570,Checkers,0,GAME_OVER,58,57,2,278,MCTS_CheckersHeuristic,-1.0,1.0,OSLA
1732864212,Checkers,0,GAME_OVER,59,58,2,279,MCTS_CheckersHeuristic,-1.0,1.0,OSLA
-340655278,Checkers,0,GAME_OVER,51,50,2,280,MCTS_CheckersHeuristic,-1.0,1.0,OSLA
-25849191,Checkers,0,GAME_OVER,50,49,2,281,MCTS_CheckersHeuristic,-1.0,1.0,OSLA
945284864,Checkers,0,GAME_OVER,45,44,2,282,MCTS_CheckersHeuristic,-1.0,1.0,OSLA
-48612981,Checkers,0,GAME_OVER,42,41,2,283,MCTS_CheckersHeuristic,-1.0,1.0,OSLA
-1983445115,Checkers,0,GAME_OVER,85,84,2,284,MCTS_CheckersHeuristic,-1.0,1.0,OSLA
-1735928366,Checkers,0,GAME_OVER,76,75,2,285,MCTS_CheckersHeuristic,-1.0,1.0,OSLA
430666804,Checkers,0,GAME_OVER,50,49,2,286,MCTS_CheckersHeuristic,-1.0,1.0,OSLA
1609744228,Checkers,0,GAME_OVER,60,59,2,287,MCTS_CheckersHeuristic,-1.0,1.0,OSLA
-1511172036,Checkers,0,GAME_OVER,48,47,2,288,MCTS_CheckersHeuristic,-1.0,1.0,OSLA
-893807371,Checkers,0,GAME_OVER,54,53,2,289,MCTS_CheckersHeuristic,-1.0,1.0,OSLA
-172327199,Checkers,0,GAME_OVER,54,53,2,290,MCTS_CheckersHeuristic,-1.0,1.0,OSLA
503765733,Checkers,0,GAME_OVER,73,72,2,291,MCTS_CheckersHeuristic,-1.0,1.0,OSLA
61052441,Checkers,0,GAME_OVER,60,59,2,292,MCTS_CheckersHeuristic,-1.0,1.0,OSLA
1802280096,Checkers,0,GAME_OVER,53,52,2,293,MCTS_CheckersHeuristic,-1.0,1.0,OSLA
-1356673561,Checkers,0,GAME_OVER,97,96,2,294,MCTS_CheckersHeuristic,-1.0,1.0,OSLA
1300440325,Checkers,0,GAME_OVER,55,54,2,295,MCTS_CheckersHeuristic,-1.0,1.0,OSLA
500731879,Checkers,0,GAME_OVER,53,52,2,296,MCTS_CheckersHeuristic,1.0,-1.0,OSLA
1293080270,Checkers,0,GAME_OVER,91,90,2,297,MCTS_CheckersHeuristic,-1.0,1.0,OSLA
1179290093,Checkers,0,GAME_OVER,76,75,2,298,MCTS_CheckersHeuristic,-1.0,1.0,OSLA
-403842029,Checkers,0,GAME_OVER,70,69,2,299,MCTS_CheckersHeuristic,-1.0,1.0,OSLA
1043658662,Checkers,0,GAME_OVER,47,46,2,300,MCTS_CheckersHeuristic,-1.0,1.0,OSLA
-1481614246,Checkers,0,GAME_OVER,50,49,2,301,MCTS_CheckersHeuristic,-1.0,1.0,OSLA
1059998357,Checkers,0,GAME_OVER,52,51,2,302,MCTS_CheckersHeuristic,-1.0,1.0,OSLA
-2035336489,Checkers,0,GAME_OVER,66,65,2,303,MCTS_CheckersHeuristic,-1.0,1.0,OSLA
-828189465,Checkers,0,GAME_OVER,102,101,2,304,MCTS_CheckersHeuristic,-1.0,1.0,OSLA
-1112630590,Checkers,0,GAME_OVER,52,51,2,305,MCTS_CheckersHeuristic,-1.0,1.0,OSLA
1273381618,Checkers,0,GAME_OVER,59,58,2,306,MCTS_CheckersHeuristic,-1.0,1.0,OSLA
916823542,Checkers,0,GAME_OVER,46,45,2,307,MCTS_CheckersHeuristic,-1.0,1.0,OSLA
-1188476838,Checkers,0,GAME_OVER,64,63,2,308,MCTS_CheckersHeuristic,-1.0,1.0,OSLA
-1030385106,Checkers,0,GAME_OVER,45,44,2,309,MCTS_CheckersHeuristic,-1.0,1.0,OSLA
-1695727306,Checkers,0,GAME_OVER,58,57,2,310,MCTS_CheckersHeuristic,1.0,-1.0,OSLA
1745623962,Checkers,0,GAME_OVER,50,49,2,311,MCTS_CheckersHeuristic,-1.0,1.0,OSLA
-1131907931,Checkers,0,GAME_OVER,66,65,2,312,MCTS_CheckersHeuristic,-1.0,1.0,OSLA
1879863216,Checkers,0,GAME_OVER,91,90,2,313,MCTS_CheckersHeuristic,-1.0,1.0,OSLA
28013999,Checkers,0,GAME_OVER,88,87,2,314,MCTS_CheckersHeuristic,0.0,0.0,OSLA
-1153404590,Checkers,0,GAME_OVER,58,57,2,315,MCTS_CheckersHeuristic,-1.0,1.0,OSLA
1986699382,Checkers,0,GAME_OVER,44,43,2,316,MCTS_CheckersHeuristic,-1.0,1.0,OSLA
1137903563,Checkers,0,GAME_OVER,55,54,2,317,MCTS_CheckersHeuristic,-1.0,1.0,OSLA
-311282444,Checkers,0,GAME_OVER,107,106,2,318,MCTS_CheckersHeuristic,-1.0,1.0,OSLA
-329290698,Checkers,0,GAME_OVER,48,47,2,319,MCTS_CheckersHeuristic,-1.0,1.0,OSLA
1941759451,Checkers,0,GAME_OVER,121,120,2,320,MCTS_CheckersHeuristic,0.0,0.0,OSLA
-1669728967,Checkers,0,GAME_OVER,94,93,2,321,MCTS_CheckersHeuristic,-1.0,1.0,OSLA
1580542299,Checkers,0,GAME_OVER,57,56,2,322,MCTS_CheckersHeuristic,-1.0,1.0,OSLA
628961102,Checkers,0,GAME_OVER,55,54,2,323,MCTS_CheckersHeuristic,-1.0,1.0,OSLA
1578304208,Checkers,0,GAME_OVER,72,71,2,324,MCTS_CheckersHeuristic,-1.0,1.0,OSLA
1521967080,Checkers,0,GAME_OVER,64,63,2,325,MCTS_CheckersHeuristic,-1.0,1.0,OSLA
-1306482771,Checkers,0,GAME_OVER,57,56,2,326,MCTS_CheckersHeuristic,-1.0,1.0,OSLA
-340722637,Checkers,0,GAME_OVER,120,119,2,327,MCTS_CheckersHeuristic,0.0,0.0,OSLA
-1356914919,Checkers,0,GAME_OVER,66,65,2,328,MCTS_CheckersHeuristic,-1.0,1.0,OSLA
512929862,Checkers,0,GAME_OVER,61,60,2,329,MCTS_CheckersHeuristic,-1.0,1.0,OSLA
787749660,Checkers,0,GAME_OVER,96,95,2,330,MCTS_CheckersHeuristic,-1.0,1.0,OSLA
-192781833,Checkers,0,GAME_OVER,45,44,2,331,MCTS_CheckersHeuristic,-1.0,1.0,OSLA
-1702913198,Checkers,0,GAME_OVER,48,47,2,332,MCTS_CheckersHeuristic,-1.0,1.0,OSLA
-92163394,Checkers,0,GAME_OVER,69,68,2,333,MCTS_CheckersHeuristic,-1.0,1.0,OSLA
-1459438475,Checkers,0,GAME_OVER,45,44,2,334,MCTS_CheckersHeuristic,-1.0,1.0,OSLA
-507513278,Checkers,0,GAME_OVER,77,76,2,335,MCTS_CheckersHeuristic,-1.0,1.0,OSLA
-676184764,Checkers,0,GAME_OVER,51,50,2,336,MCTS_CheckersHeuristic,-1.0,1.0,OSLA
-1623855231,Checkers,0,GAME_OVER,49,48,2,337,MCTS_CheckersHeuristic,-1.0,1.0,OSLA
-2027157359,Checkers,0,GAME_OVER,46,45,2,338,MCTS_CheckersHeuristic,-1.0,1.0,OSLA
-140116804,Checkers,0,GAME_OVER,129,128,2,339,MCTS_CheckersHeuristic,0.0,0.0,OSLA
-216183431,Checkers,0,GAME_OVER,61,60,2,340,MCTS_CheckersHeuristic,-1.0,1.0,OSLA
-1451148663,Checkers,0,GAME_OVER,45,44,2,341,MCTS_CheckersHeuristic,-1.0,1.0,OSLA
-2109691375,Checkers,0,GAME_OVER,69,68,2,342,MCTS_CheckersHeuristic,-1.0,1.0,OSLA
-826433358,Checkers,0,GAME_OVER,48,47,2,343,MCTS_CheckersHeuristic,-1.0,1.0,OSLA
-216761838,Checkers,0,GAME_OVER,59,58,2,344,MCTS_CheckersHeuristic,-1.0,1.0,OSLA
1017429978,Checkers,0,GAME_OVER,65,64,2,345,MCTS_CheckersHeuristic,-1.0,1.0,OSLA
-1537226167,Checkers,0,GAME_OVER,66,65,2,346,MCTS_CheckersHeuristic,-1.0,1.0,OSLA
507749619,Checkers,0,GAME_OVER,52,51,2,347,MCTS_CheckersHeuristic,-1.0,1.0,OSLA
-1513581865,Checkers,0,GAME_OVER,46,45,2,348,MCTS_CheckersHeuristic,1.0,-1.0,OSLA
1322127370,Checkers,0,GAME_OVER,58,57,2,349,MCTS_CheckersHeuristic,1.0,-1.0,OSLA
891551100,Checkers,0,GAME_OVER,54,53,2,350,MCTS_CheckersHeuristic,-1.0,1.0,OSLA
2138025467,Checkers,0,GAME_OVER,54,53,2,351,MCTS_CheckersHeuristic,-1.0,1.0,OSLA
1684959887,Checkers,0,GAME_OVER,66,65,2,352,MCTS_CheckersHeuristic,-1.0,1.0,OSLA
-1480986365,Checkers,0,GAME_OVER,83,82,2,353,MCTS_CheckersHeuristic,-1.0,1.0,OSLA
-650756534,Checkers,0,GAME_OVER,68,67,2,354,MCTS_CheckersHeuristic,-1.0,1.0,OSLA
1407421011,Checkers,0,GAME_OVER,50,49,2,355,MCTS_CheckersHeuristic,-1.0,1.0,OSLA
-1613059695,Checkers,0,GAME_OVER,44,43,2,356,MCTS_CheckersHeuristic,-1.0,1.0,OSLA
850196232,Checkers,0,GAME_OVER,51,50,2,357,MCTS_CheckersHeuristic,-1.0,1.0,OSLA
1515236453,Checkers,0,GAME_OVER,54,53,2,358,MCTS_CheckersHeuristic,-1.0,1.0,OSLA
1276910903,Checkers,0,GAME_OVER,61,60,2,359,MCTS_CheckersHeuristic,-1.0,1.0,OSLA
412401050,Checkers,0,GAME_OVER,89,88,2,360,MCTS_CheckersHeuristic,-1.0,1.0,OSLA
-647091723,Checkers,0,GAME_OVER,63,62,2,361,MCTS_CheckersHeuristic,-1.0,1.0,OSLA
1730282123,Checkers,0,GAME_OVER,69,68,2,362,MCTS_CheckersHeuristic,-1.0,1.0,OSLA
-869019784,Checkers,0,GAME_OVER,49,48,2,363,MCTS_CheckersHeuristic,-1.0,1.0,OSLA
1094587105,Checkers,0,GAME_OVER,58,57,2,364,MCTS_CheckersHeuristic,-1.0,1.0,OSLA
368065226,Checkers,0,GAME_OVER,63,62,2,365,MCTS_CheckersHeuristic,-1.0,1.0,OSLA
1813903280,Checkers,0,GAME_OVER,107,106,2,366,MCTS_CheckersHeuristic,0.0,0.0,OSLA
669035172,Checkers,0,GAME_OVER,124,123,2,367,MCTS_CheckersHeuristic,0.0,0.0,OSLA
1398133352,Checkers,0,GAME_OVER,65,64,2,368,MCTS_CheckersHeuristic,-1.0,1.0,OSLA
-132510359,Checkers,0,GAME_OVER,63,62,2,369,MCTS_CheckersHeuristic,-1.0,1.0,OSLA
777387897,Checkers,0,GAME_OVER,48,47,2,370,MCTS_CheckersHeuristic,-1.0,1.0,OSLA
1352041059,Checkers,0,GAME_OVER,49,48,2,371,MCTS_CheckersHeuristic,-1.0,1.0,OSLA
86270357,Checkers,0,GAME_OVER,85,84,2,372,MCTS_CheckersHeuristic,-1.0,1.0,OSLA
-1125672290,Checkers,0,GAME_OVER,53,52,2,373,MCTS_CheckersHeuristic,-1.0,1.0,OSLA
-2093408783,Checkers,0,GAME_OVER,45,44,2,374,MCTS_CheckersHeuristic,1.0,-1.0,OSLA
-1403531229,Checkers,0,GAME_OVER,96,95,2,375,MCTS_CheckersHeuristic,-1.0,1.0,OSLA
1496203009,Checkers,0,GAME_OVER,95,94,2,376,MCTS_CheckersHeuristic,0.0,0.0,OSLA
-1071092128,Checkers,0,GAME_OVER,116,115,2,377,MCTS_CheckersHeuristic,0.0,0.0,OSLA
-1026506122,Checkers,0,GAME_OVER,73,72,2,378,MCTS_CheckersHeuristic,-1.0,1.0,OSLA
-683268873,Checkers,0,GAME_OVER,78,77,2,379,MCTS_CheckersHeuristic,-1.0,1.0,OSLA
-2059970418,Checkers,0,GAME_OVER,60,59,2,380,MCTS_CheckersHeuristic,-1.0,1.0,OSLA
-1968093610,Checkers,0,GAME_OVER,48,47,2,381,MCTS_CheckersHeuristic,1.0,-1.0,OSLA
16506356,Checkers,0,GAME_OVER,69,68,2,382,MCTS_CheckersHeuristic,-1.0,1.0,OSLA
-1481812548,Checkers,0,GAME_OVER,69,68,2,383,MCTS_CheckersHeuristic,-1.0,1.0,OSLA
-1646448962,Checkers,0,GAME_OVER,57,56,2,384,MCTS_CheckersHeuristic,-1.0,1.0,OSLA
-936733540,Checkers,0,GAME_OVER,74,73,2,385,MCTS_CheckersHeuristic,-1.0,1.0,OSLA
-997676971,Checkers,0,GAME_OVER,67,66,2,386,MCTS_CheckersHeuristic,-1.0,1.0,OSLA
-363674243,Checkers,0,GAME_OVER,49,48,2,387,MCTS_CheckersHeuristic,-1.0,1.0,OSLA
1298094402,Checkers,0,GAME_OVER,68,67,2,388,MCTS_CheckersHeuristic,-1.0,1.0,OSLA
-771888442,Checkers,0,GAME_OVER,57,56,2,389,MCTS_CheckersHeuristic,-1.0,1.0,OSLA
-1675572936,Checkers,0,GAME_OVER,60,59,2,390,MCTS_CheckersHeuristic,-1.0,1.0,OSLA
-1786482152,Checkers,0,GAME_OVER,55,54,2,391,MCTS_CheckersHeuristic,-1.0,1.0,OSLA
-174898991,Checkers,0,GAME_OVER,167,166,2,392,MCTS_CheckersHeuristic,0.0,0.0,OSLA
1149276452,Checkers,0,GAME_OVER,62,61,2,393,MCTS_CheckersHeuristic,-1.0,1.0,OSLA
1342363616,Checkers,0,GAME_OVER,65,64,2,394,MCTS_CheckersHeuristic,-1.0,1.0,OSLA
721004321,Checkers,0,GAME_OVER,67,66,2,395,MCTS_CheckersHeuristic,-1.0,1.0,OSLA
-545709509,Checkers,0,GAME_OVER,63,62,2,396,MCTS_CheckersHeuristic,-1.0,1.0,OSLA
1352257095,Checkers,0,GAME_OVER,58,57,2,397,MCTS_CheckersHeuristic,-1.0,1.0,OSLA
1874814574,Checkers,0,GAME_OVER,71,70,2,398,MCTS_CheckersHeuristic,-1.0,1.0,OSLA
1431403269,Checkers,0,GAME_OVER,74,73,2,399,MCTS_CheckersHeuristic,-1.0,1.0,OSLA
-2085245251,Checkers,0,GAME_OVER,94,93,2,400,MCTS_CheckersHeuristic,0.0,0.0,OSLA
-2096651580,Checkers,0,GAME_OVER,63,62,2,401,MCTS_CheckersHeuristic,-1.0,1.0,OSLA
-429507769,Checkers,0,GAME_OVER,38,37,2,402,MCTS_CheckersHeuristic,-1.0,1.0,RandomPlayerConfig
1646983889,Checkers,0,GAME_OVER,31,30,2,403,MCTS_CheckersHeuristic,-1.0,1.0,RandomPlayerConfig
-1508144921,Checkers,0,GAME_OVER,44,43,2,404,MCTS_CheckersHeuristic,-1.0,1.0,RandomPlayerConfig
-298402473,Checkers,0,GAME_OVER,40,39,2,405,MCTS_CheckersHeuristic,-1.0,1.0,RandomPlayerConfig
1122538383,Checkers,0,GAME_OVER,38,37,2,406,MCTS_CheckersHeuristic,-1.0,1.0,RandomPlayerConfig
-1677878252,Checkers,0,GAME_OVER,42,41,2,407,MCTS_CheckersHeuristic,-1.0,1.0,RandomPlayerConfig
764054644,Checkers,0,GAME_OVER,36,35,2,408,MCTS_CheckersHeuristic,-1.0,1.0,RandomPlayerConfig
1612447923,Checkers,0,GAME_OVER,44,43,2,409,MCTS_CheckersHeuristic,-1.0,1.0,RandomPlayerConfig
-1766918344,Checkers,0,GAME_OVER,34,33,2,410,MCTS_CheckersHeuristic,-1.0,1.0,RandomPlayerConfig
-99200105,Checkers,0,GAME_OVER,43,42,2,411,MCTS_CheckersHeuristic,-1.0,1.0,RandomPlayerConfig
-2046769698,Checkers,0,GAME_OVER,39,38,2,412,MCTS_CheckersHeuristic,-1.0,1.0,RandomPlayerConfig
-8833104,Checkers,0,GAME_OVER,38,37,2,413,MCTS_CheckersHeuristic,-1.0,1.0,RandomPlayerConfig
2039254330,Checkers,0,GAME_OVER,33,32,2,414,MCTS_CheckersHeuristic,-1.0,1.0,RandomPlayerConfig
904154652,Checkers,0,GAME_OVER,44,43,2,415,MCTS_CheckersHeuristic,-1.0,1.0,RandomPlayerConfig
-944614563,Checkers,0,GAME_OVER,34,33,2,416,MCTS_CheckersHeuristic,-1.0,1.0,RandomPlayerConfig
1458886793,Checkers,0,GAME_OVER,91,90,2,417,MCTS_CheckersHeuristic,-1.0,1.0,RandomPlayerConfig
-133207870,Checkers,0,GAME_OVER,48,47,2,418,MCTS_CheckersHeuristic,-1.0,1.0,RandomPlayerConfig
-1726615699,Checkers,0,GAME_OVER,42,41,2,419,MCTS_CheckersHeuristic,-1.0,1.0,RandomPlayerConfig
-1502585263,Checkers,0,GAME_OVER,38,37,2,420,MCTS_CheckersHeuristic,-1.0,1.0,RandomPlayerConfig
-1700714099,Checkers,0,GAME_OVER,37,36,2,421,MCTS_CheckersHeuristic,-1.0,1.0,RandomPlayerConfig
1159122283,Checkers,0,GAME_OVER,45,44,2,422,MCTS_CheckersHeuristic,-1.0,1.0,RandomPlayerConfig
-1815440261,Checkers,0,GAME_OVER,46,45,2,423,MCTS_CheckersHeuristic,-1.0,1.0,RandomPlayerConfig
1249189018,Checkers,0,GAME_OVER,43,42,2,424,MCTS_CheckersHeuristic,-1.0,1.0,RandomPlayerConfig
1366968798,Checkers,0,GAME_OVER,39,38,2,425,MCTS_CheckersHeuristic,-1.0,1.0,RandomPlayerConfig
755827371,Checkers,0,GAME_OVER,31,30,2,426,MCTS_CheckersHeuristic,-1.0,1.0,RandomPlayerConfig
1193006025,Checkers,0,GAME_OVER,31,30,2,427,MCTS_CheckersHeuristic,-1.0,1.0,RandomPlayerConfig
-1327623385,Checkers,0,GAME_OVER,35,34,2,428,MCTS_CheckersHeuristic,-1.0,1.0,RandomPlayerConfig
-105545099,Checkers,0,GAME_OVER,40,39,2,429,MCTS_CheckersHeuristic,-1.0,1.0,RandomPlayerConfig
1982229135,Checkers,0,GAME_OVER,43,42,2,430,MCTS_CheckersHeuristic,-1.0,1.0,RandomPlayerConfig
877649930,Checkers,0,GAME_OVER,35,34,2,431,MCTS_CheckersHeuristic,-1.0,1.0,RandomPlayerConfig
-1343263283,Checkers,0,GAME_OVER,39,38,2,432,MCTS_CheckersHeuristic,-1.0,1.0,RandomPlayerConfig
700851048,Checkers,0,GAME_OVER,47,46,2,433,MCTS_CheckersHeuristic,-1.0,1.0,RandomPlayerConfig
1089392554,Checkers,0,GAME_OVER,46,45,2,434,MCTS_CheckersHeuristic,-1.0,1.0,RandomPlayerConfig
-1040387831,Checkers,0,GAME_OVER,35,34,2,435,MCTS_CheckersHeuristic,-1.0,1.0,RandomPlayerConfig
-510361511,Checkers,0,GAME_OVER,38,37,2,436,MCTS_CheckersHeuristic,-1.0,1.0,RandomPlayerConfig
863793519,Checkers,0,GAME_OVER,35,34,2,437,MCTS_CheckersHeuristic,-1.0,1.0,RandomPlayerConfig
-1282859446,Checkers,0,GAME_OVER,37,36,2,438,MCTS_CheckersHeuristic,-1.0,1.0,RandomPlayerConfig
981456584,Checkers,0,GAME_OVER,32,31,2,439,MCTS_CheckersHeuristic,-1.0,1.0,RandomPlayerConfig
1631503592,Checkers,0,GAME_OVER,31,30,2,440,MCTS_CheckersHeuristic,-1.0,1.0,RandomPlayerConfig
-1578670172,Checkers,0,GAME_OVER,38,37,2,441,MCTS_CheckersHeuristic,-1.0,1.0,RandomPlayerConfig
-7013139,Checkers,0,GAME_OVER,41,40,2,442,MCTS_CheckersHeuristic,-1.0,1.0,RandomPlayerConfig
-1197073684,Checkers,0,GAME_OVER,43,42,2,443,MCTS_CheckersHeuristic,-1.0,1.0,RandomPlayerConfig
-360322187,Checkers,0,GAME_OVER,36,35,2,444,MCTS_CheckersHeuristic,-1.0,1.0,RandomPlayerConfig
-974499447,Checkers,0,GAME_OVER,30,29,2,445,MCTS_CheckersHeuristic,-1.0,1.0,RandomPlayerConfig
435222515,Checkers,0,GAME_OVER,46,45,2,446,MCTS_CheckersHeuristic,-1.0,1.0,RandomPlayerConfig
982406231,Checkers,0,GAME_OVER,42,41,2,447,MCTS_CheckersHeuristic,-1.0,1.0,RandomPlayerConfig
-1056911694,Checkers,0,GAME_OVER,34,33,2,448,MCTS_CheckersHeuristic,-1.0,1.0,RandomPlayerConfig
-452755121,Checkers,0,GAME_OVER,34,33,2,449,MCTS_CheckersHeuristic,-1.0,1.0,RandomPlayerConfig
734475412,Checkers,0,GAME_OVER,37,36,2,450,MCTS_CheckersHeuristic,-1.0,1.0,RandomPlayerConfig
-1110994666,Checkers,0,GAME_OVER,39,38,2,451,MCTS_CheckersHeuristic,-1.0,1.0,RandomPlayerConfig
955802140,Checkers,0,GAME_OVER,43,42,2,452,MCTS_CheckersHeuristic,-1.0,1.0,RandomPlayerConfig
30516821,Checkers,0,GAME_OVER,37,36,2,453,MCTS_CheckersHeuristic,-1.0,1.0,RandomPlayerConfig
-121774317,Checkers,0,GAME_OVER,35,34,2,454,MCTS_CheckersHeuristic,-1.0,1.0,RandomPlayerConfig
-186451330,Checkers,0,GAME_OVER,44,43,2,455,MCTS_CheckersHeuristic,-1.0,1.0,RandomPlayerConfig
1762848073,Checkers,0,GAME_OVER,49,48,2,456,MCTS_CheckersHeuristic,-1.0,1.0,RandomPlayerConfig
-491157522,Checkers,0,GAME_OVER,43,42,2,457,MCTS_CheckersHeuristic,-1.0,1.0,RandomPlayerConfig
-1107048397,Checkers,0,GAME_OVER,39,38,2,458,MCTS_CheckersHeuristic,-1.0,1.0,RandomPlayerConfig
1413027729,Checkers,0,GAME_OVER,45,44,2,459,MCTS_CheckersHeuristic,-1.0,1.0,RandomPlayerConfig
-1071175548,Checkers,0,GAME_OVER,36,35,2,460,MCTS_CheckersHeuristic,-1.0,1.0,RandomPlayerConfig
954607719,Checkers,0,GAME_OVER,39,38,2,461,MCTS_CheckersHeuristic,-1.0,1.0,RandomPlayerConfig
-1400576534,Checkers,0,GAME_OVER,44,43,2,462,MCTS_CheckersHeuristic,-1.0,1.0,RandomPlayerConfig
64377253,Checkers,0,GAME_OVER,32,31,2,463,MCTS_CheckersHeuristic,-1.0,1.0,RandomPlayerConfig
88870555,Checkers,0,GAME_OVER,41,40,2,464,MCTS_CheckersHeuristic,-1.0,1.0,RandomPlayerConfig
620336199,Checkers,0,GAME_OVER,36,35,2,465,MCTS_CheckersHeuristic,-1.0,1.0,RandomPlayerConfig
1293527892,Checkers,0,GAME_OVER,53,52,2,466,MCTS_CheckersHeuristic,-1.0,1.0,RandomPlayerConfig
-1114071225,Checkers,0,GAME_OVER,59,58,2,467,MCTS_CheckersHeuristic,-1.0,1.0,RandomPlayerConfig
-734824458,Checkers,0,GAME_OVER,37,36,2,468,MCTS_CheckersHeuristic,-1.0,1.0,RandomPlayerConfig
-547036712,Checkers,0,GAME_OVER,39,38,2,469,MCTS_CheckersHeuristic,-1.0,1.0,RandomPlayerConfig
1128229866,Checkers,0,GAME_OVER,33,32,2,470,MCTS_CheckersHeuristic,-1.0,1.0,RandomPlayerConfig
-356353700,Checkers,0,GAME_OVER,36,35,2,471,MCTS_CheckersHeuristic,-1.0,1.0,RandomPlayerConfig
1915409131,Checkers,0,GAME_OVER,30,29,2,472,MCTS_CheckersHeuristic,-1.0,1.0,RandomPlayerConfig
-725474074,Checkers,0,GAME_OVER,38,37,2,473,MCTS_CheckersHeuristic,-1.0,1.0,RandomPlayerConfig
-518570509,Checkers,0,GAME_OVER,46,45,2,474,MCTS_CheckersHeuristic,-1.0,1.0,RandomPlayerConfig
31817353,Checkers,0,GAME_OVER,35,34,2,475,MCTS_CheckersHeuristic,-1.0,1.0,RandomPlayerConfig
-234975919,Checkers,0,GAME_OVER,36,35,2,476,MCTS_CheckersHeuristic,-1.0,1.0,RandomPlayerConfig
-353150266,Checkers,0,GAME_OVER,39,38,2,477,MCTS_CheckersHeuristic,-1.0,1.0,RandomPlayerConfig
1766592570,Checkers,0,GAME_OVER,45,44,2,478,MCTS_CheckersHeuristic,-1.0,1.0,RandomPlayerConfig
1732864212,Checkers,0,GAME_OVER,46,45,2,479,MCTS_CheckersHeuristic,-1.0,1.0,RandomPlayerConfig
-340655278,Checkers,0,GAME_OVER,38,37,2,480,MCTS_CheckersHeuristic,-1.0,1.0,RandomPlayerConfig
-25849191,Checkers,0,GAME_OVER,41,40,2,481,MCTS_CheckersHeuristic,-1.0,1.0,RandomPlayerConfig
945284864,Checkers,0,GAME_OVER,47,46,2,482,MCTS_CheckersHeuristic,-1.0,1.0,RandomPlayerConfig
-48612981,Checkers,0,GAME_OVER,42,41,2,483,MCTS_CheckersHeuristic,-1.0,1.0,RandomPlayerConfig
-1983445115,Checkers,0,GAME_OVER,43,42,2,484,MCTS_CheckersHeuristic,-1.0,1.0,RandomPlayerConfig
-1735928366,Checkers,0,GAME_OVER,36,35,2,485,MCTS_CheckersHeuristic,-1.0,1.0,RandomPlayerConfig
430666804,Checkers,0,GAME_OVER,32,31,2,486,MCTS_CheckersHeuristic,-1.0,1.0,RandomPlayerConfig
1609744228,Checkers,0,GAME_OVER,36,35,2,487,MCTS_CheckersHeuristic,-1.0,1.0,RandomPlayerConfig
-1511172036,Checkers,0,GAME_OVER,38,37,2,488,MCTS_CheckersHeuristic,-1.0,1.0,RandomPlayerConfig
-893807371,Checkers,0,GAME_OVER,37,36,2,489,MCTS_CheckersHeuristic,-1.0,1.0,RandomPlayerConfig
-172327199,Checkers,0,GAME_OVER,39,38,2,490,MCTS_CheckersHeuristic,-1.0,1.0,RandomPlayerConfig
503765733,Checkers,0,GAME_OVER,41,40,2,491,MCTS_CheckersHeuristic,-1.0,1.0,RandomPlayerConfig
61052441,Checkers,0,GAME_OVER,43,42,2,492,MCTS_CheckersHeuristic,-1.0,1.0,RandomPlayerConfig
1802280096,Checkers,0,GAME_OVER,39,38,2,493,MCTS_CheckersHeuristic,-1.0,1.0,RandomPlayerConfig
-1356673561,Checkers,0,GAME_OVER,39,38,2,494,MCTS_CheckersHeuristic,-1.0,1.0,RandomPlayerConfig
1300440325,Checkers,0,GAME_OVER,38,37,2,495,MCTS_CheckersHeuristic,-1.0,1.0,RandomPlayerConfig
500731879,Checkers,0,GAME_OVER,43,42,2,496,MCTS_CheckersHeuristic,-1.0,1.0,RandomPlayerConfig
1293080270,Checkers,0,GAME_OVER,41,40,2,497,MCTS_CheckersHeuristic,-1.0,1.0,RandomPlayerConfig
1179290093,Checkers,0,GAME_OVER,42,41,2,498,MCTS_CheckersHeuristic,-1.0,1.0,RandomPlayerConfig
-403842029,Checkers,0,GAME_OVER,35,34,2,499,MCTS_CheckersHeuristic,-1.0,1.0,RandomPlayerConfig
1043658662,Checkers,0,GAME_OVER,40,39,2,500,MCTS_CheckersHeuristic,-1.0,1.0,RandomPlayerConfig
-1481614246,Checkers,0,GAME_OVER,45,44,2,501,MCTS_CheckersHeuristic,-1.0,1.0,RandomPlayerConfig
1059998357,Checkers,0,GAME_OVER,30,29,2,502,MCTS_CheckersHeuristic,-1.0,1.0,RandomPlayerConfig
-2035336489,Checkers,0,GAME_OVER,45,44,2,503,MCTS_CheckersHeuristic,-1.0,1.0,RandomPlayerConfig
-828189465,Checkers,0,GAME_OVER,40,39,2,504,MCTS_CheckersHeuristic,-1.0,1.0,RandomPlayerConfig
-1112630590,Checkers,0,GAME_OVER,36,35,2,505,MCTS_CheckersHeuristic,-1.0,1.0,RandomPlayerConfig
1273381618,Checkers,0,GAME_OVER,44,43,2,506,MCTS_CheckersHeuristic,-1.0,1.0,RandomPlayerConfig
916823542,Checkers,0,GAME_OVER,43,42,2,507,MCTS_CheckersHeuristic,-1.0,1.0,RandomPlayerConfig
-1188476838,Checkers,0,GAME_OVER,36,35,2,508,MCTS_CheckersHeuristic,-1.0,1.0,RandomPlayerConfig
-1030385106,Checkers,0,GAME_OVER,35,34,2,509,MCTS_CheckersHeuristic,-1.0,1.0,RandomPlayerConfig
-1695727306,Checkers,0,GAME_OVER,40,39,2,510,MCTS_CheckersHeuristic,-1.0,1.0,RandomPlayerConfig
1745623962,Checkers,0,GAME_OVER,32,31,2,511,MCTS_CheckersHeuristic,-1.0,1.0,RandomPlayerConfig
-1131907931,Checkers,0,GAME_OVER,38,37,2,512,MCTS_CheckersHeuristic,-1.0,1.0,RandomPlayerConfig
1879863216,Checkers,0,GAME_OVER,40,39,2,513,MCTS_CheckersHeuristic,-1.0,1.0,RandomPlayerConfig
28013999,Checkers,0,GAME_OVER,39,38,2,514,MCTS_CheckersHeuristic,-1.0,1.0,RandomPlayerConfig
-1153404590,Checkers,0,GAME_OVER,45,44,2,515,MCTS_CheckersHeuristic,-1.0,1.0,RandomPlayerConfig
1986699382,Checkers,0,GAME_OVER,41,40,2,516,MCTS_CheckersHeuristic,-1.0,1.0,RandomPlayerConfig
1137903563,Checkers,0,GAME_OVER,42,41,2,517,MCTS_CheckersHeuristic,-1.0,1.0,RandomPlayerConfig
-311282444,Checkers,0,GAME_OVER,56,55,2,518,MCTS_CheckersHeuristic,-1.0,1.0,RandomPlayerConfig
-329290698,Checkers,0,GAME_OVER,43,42,2,519,MCTS_CheckersHeuristic,-1.0,1.0,RandomPlayerConfig
1941759451,Checkers,0,GAME_OVER,38,37,2,520,MCTS_CheckersHeuristic,-1.0,1.0,RandomPlayerConfig
-1669728967,Checkers,0,GAME_OVER,43,42,2,521,MCTS_CheckersHeuristic,-1.0,1.0,RandomPlayerConfig
1580542299,Checkers,0,GAME_OVER,45,44,2,522,MCTS_CheckersHeuristic,-1.0,1.0,RandomPlayerConfig
628961102,Checkers,0,GAME_OVER,45,44,2,523,MCTS_CheckersHeuristic,-1.0,1.0,RandomPlayerConfig
1578304208,Checkers,0,GAME_OVER,31,30,2,524,MCTS_CheckersHeuristic,-1.0,1.0,RandomPlayerConfig
1521967080,Checkers,0,GAME_OVER,35,34,2,525,MCTS_CheckersHeuristic,-1.0,1.0,RandomPlayerConfig
-1306482771,Checkers,0,GAME_OVER,40,39,2,526,MCTS_CheckersHeuristic,-1.0,1.0,RandomPlayerConfig
-340722637,Checkers,0,GAME_OVER,45,44,2,527,MCTS_CheckersHeuristic,-1.0,1.0,RandomPlayerConfig
-1356914919,Checkers,0,GAME_OVER,42,41,2,528,MCTS_CheckersHeuristic,-1.0,1.0,RandomPlayerConfig
512929862,Checkers,0,GAME_OVER,33,32,2,529,MCTS_CheckersHeuristic,-1.0,1.0,RandomPlayerConfig
787749660,Checkers,0,GAME_OVER,41,40,2,530,MCTS_CheckersHeuristic,-1.0,1.0,RandomPlayerConfig
-192781833,Checkers,0,GAME_OVER,42,41,2,531,MCTS_CheckersHeuristic,-1.0,1.0,RandomPlayerConfig
-1702913198,Checkers,0,GAME_OVER,38,37,2,532,MCTS_CheckersHeuristic,-1.0,1.0,RandomPlayerConfig
-92163394,Checkers,0,GAME_OVER,38,37,2,533,MCTS_CheckersHeuristic,-1.0,1.0,RandomPlayerConfig
-1459438475,Checkers,0,GAME_OVER,39,38,2,534,MCTS_CheckersHeuristic,-1.0,1.0,RandomPlayerConfig
-507513278,Checkers,0,GAME_OVER,41,40,2,535,MCTS_CheckersHeuristic,-1.0,1.0,RandomPlayerConfig
-676184764,Checkers,0,GAME_OVER,45,44,2,536,MCTS_CheckersHeuristic,-1.0,1.0,RandomPlayerConfig
-1623855231,Checkers,0,GAME_OVER,41,40,2,537,MCTS_CheckersHeuristic,-1.0,1.0,RandomPlayerConfig
-2027157359,Checkers,0,GAME_OVER,42,41,2,538,MCTS_CheckersHeuristic,-1.0,1.0,RandomPlayerConfig
-140116804,Checkers,0,GAME_OVER,46,45,2,539,MCTS_CheckersHeuristic,-1.0,1.0,RandomPlayerConfig
-216183431,Checkers,0,GAME_OVER,37,36,2,540,MCTS_CheckersHeuristic,-1.0,1.0,RandomPlayerConfig
-1451148663,Checkers,0,GAME_OVER,36,35,2,541,MCTS_CheckersHeuristic,-1.0,1.0,RandomPlayerConfig
-2109691375,Checkers,0,GAME_OVER,40,39,2,542,MCTS_CheckersHeuristic,-1.0,1.0,RandomPlayerConfig
-826433358,Checkers,0,GAME_OVER,38,37,2,543,MCTS_CheckersHeuristic,-1.0,1.0,RandomPlayerConfig
-216761838,Checkers,0,GAME_OVER,40,39,2,544,MCTS_CheckersHeuristic,-1.0,1.0,RandomPlayerConfig
1017429978,Checkers,0,GAME_OVER,41,40,2,545,MCTS_CheckersHeuristic,-1.0,1.0,RandomPlayerConfig
-1537226167,Checkers,0,GAME_OVER,37,36,2,546,MCTS_CheckersHeuristic,-1.0,1.0,RandomPlayerConfig
507749619,Checkers,0,GAME_OVER,37,36,2,547,MCTS_CheckersHeuristic,-1.0,1.0,RandomPlayerConfig
-1513581865,Checkers,0,GAME_OVER,40,39,2,548,MCTS_CheckersHeuristic,-1.0,1.0,RandomPlayerConfig
1322127370,Checkers,0,GAME_OVER,39,38,2,549,MCTS_CheckersHeuristic,-1.0,1.0,RandomPlayerConfig
891551100,Checkers,0,GAME_OVER,36,35,2,550,MCTS_CheckersHeuristic,-1.0,1.0,RandomPlayerConfig
2138025467,Checkers,0,GAME_OVER,43,42,2,551,MCTS_CheckersHeuristic,-1.0,1.0,RandomPlayerConfig
1684959887,Checkers,0,GAME_OVER,43,42,2,552,MCTS_CheckersHeuristic,-1.0,1.0,RandomPlayerConfig
-1480986365,Checkers,0,GAME_OVER,44,43,2,553,MCTS_CheckersHeuristic,-1.0,1.0,RandomPlayerConfig
-650756534,Checkers,0,GAME_OVER,35,34,2,554,MCTS_CheckersHeuristic,-1.0,1.0,RandomPlayerConfig
1407421011,Checkers,0,GAME_OVER,35,34,2,555,MCTS_CheckersHeuristic,-1.0,1.0,RandomPlayerConfig
-1613059695,Checkers,0,GAME_OVER,39,38,2,556,MCTS_CheckersHeuristic,-1.0,1.0,RandomPlayerConfig
850196232,Checkers,0,GAME_OVER,37,36,2,557,MCTS_CheckersHeuristic,-1.0,1.0,RandomPlayerConfig
1515236453,Checkers,0,GAME_OVER,40,39,2,558,MCTS_CheckersHeuristic,-1.0,1.0,RandomPlayerConfig
1276910903,Checkers,0,GAME_OVER,29,28,2,559,MCTS_CheckersHeuristic,-1.0,1.0,RandomPlayerConfig
412401050,Checkers,0,GAME_OVER,41,40,2,560,MCTS_CheckersHeuristic,-1.0,1.0,RandomPlayerConfig
-647091723,Checkers,0,GAME_OVER,44,43,2,561,MCTS_CheckersHeuristic,-1.0,1.0,RandomPlayerConfig
1730282123,Checkers,0,GAME_OVER,44,43,2,562,MCTS_CheckersHeuristic,-1.0,1.0,RandomPlayerConfig
-869019784,Checkers,0,GAME_OVER,44,43,2,563,MCTS_CheckersHeuristic,-1.0,1.0,RandomPlayerConfig
1094587105,Checkers,0,GAME_OVER,35,34,2,564,MCTS_CheckersHeuristic,-1.0,1.0,RandomPlayerConfig
368065226,Checkers,0,GAME_OVER,37,36,2,565,MCTS_CheckersHeuristic,-1.0,1.0,RandomPlayerConfig
1813903280,Checkers,0,GAME_OVER,40,39,2,566,MCTS_CheckersHeuristic,-1.0,1.0,RandomPlayerConfig
669035172,Checkers,0,GAME_OVER,41,40,2,567,MCTS_CheckersHeuristic,-1.0,1.0,RandomPlayerConfig
1398133352,Checkers,0,GAME_OVER,56,55,2,568,MCTS_CheckersHeuristic,-1.0,1.0,RandomPlayerConfig
-132510359,Checkers,0,GAME_OVER,43,42,2,569,MCTS_CheckersHeuristic,-1.0,1.0,RandomPlayerConfig
777387897,Checkers,0,GAME_OVER,36,35,2,570,MCTS_CheckersHeuristic,-1.0,1.0,RandomPlayerConfig
1352041059,Checkers,0,GAME_OVER,39,38,2,571,MCTS_CheckersHeuristic,-1.0,1.0,RandomPlayerConfig
86270357,Checkers,0,GAME_OVER,31,30,2,572,MCTS_CheckersHeuristic,-1.0,1.0,RandomPlayerConfig
-1125672290,Checkers,0,GAME_OVER,31,30,2,573,MCTS_CheckersHeuristic,-1.0,1.0,RandomPlayerConfig
-2093408783,Checkers,0,GAME_OVER,42,41,2,574,MCTS_CheckersHeuristic,-1.0,1.0,RandomPlayerConfig
-1403531229,Checkers,0,GAME_OVER,37,36,2,575,MCTS_CheckersHeuristic,-1.0,1.0,RandomPlayerConfig
1496203009,Checkers,0,GAME_OVER,36,35,2,576,MCTS_CheckersHeuristic,-1.0,1.0,RandomPlayerConfig
-1071092128,Checkers,0,GAME_OVER,39,38,2,577,MCTS_CheckersHeuristic,-1.0,1.0,RandomPlayerConfig
-1026506122,Checkers,0,GAME_OVER,31,30,2,578,MCTS_CheckersHeuristic,-1.0,1.0,RandomPlayerConfig
-683268873,Checkers,0,GAME_OVER,30,29,2,579,MCTS_CheckersHeuristic,-1.0,1.0,RandomPlayerConfig
-2059970418,Checkers,0,GAME_OVER,40,39,2,580,MCTS_CheckersHeuristic,-1.0,1.0,RandomPlayerConfig
-1968093610,Checkers,0,GAME_OVER,35,34,2,581,MCTS_CheckersHeuristic,-1.0,1.0,RandomPlayerConfig
16506356,Checkers,0,GAME_OVER,43,42,2,582,MCTS_CheckersHeuristic,-1.0,1.0,RandomPlayerConfig
-1481812548,Checkers,0,GAME_OVER,30,29,2,583,MCTS_CheckersHeuristic,-1.0,1.0,RandomPlayerConfig
-1646448962,Checkers,0,GAME_OVER,44,43,2,584,MCTS_CheckersHeuristic,-1.0,1.0,RandomPlayerConfig
-936733540,Checkers,0,GAME_OVER,38,37,2,585,MCTS_CheckersHeuristic,-1.0,1.0,RandomPlayerConfig
-997676971,Checkers,0,GAME_OVER,42,41,2,586,MCTS_CheckersHeuristic,-1.0,1.0,RandomPlayerConfig
-363674243,Checkers,0,GAME_OVER,37,36,2,587,MCTS_CheckersHeuristic,-1.0,1.0,RandomPlayerConfig
1298094402,Checkers,0,GAME_OVER,46,45,2,588,MCTS_CheckersHeuristic,-1.0,1.0,RandomPlayerConfig
-771888442,Checkers,0,GAME_OVER,37,36,2,589,MCTS_CheckersHeuristic,-1.0,1.0,RandomPlayerConfig
-1675572936,Checkers,0,GAME_OVER,48,47,2,590,MCTS_CheckersHeuristic,-1.0,1.0,RandomPlayerConfig
-1786482152,Checkers,0,GAME_OVER,34,33,2,591,MCTS_CheckersHeuristic,-1.0,1.0,RandomPlayerConfig
-174898991,Checkers,0,GAME_OVER,39,38,2,592,MCTS_CheckersHeuristic,-1.0,1.0,RandomPlayerConfig
1149276452,Checkers,0,GAME_OVER,42,41,2,593,MCTS_CheckersHeuristic,-1.0,1.0,RandomPlayerConfig
1342363616,Checkers,0,GAME_OVER,44,43,2,594,MCTS_CheckersHeuristic,-1.0,1.0,RandomPlayerConfig
721004321,Checkers,0,GAME_OVER,39,38,2,595,MCTS_CheckersHeuristic,-1.0,1.0,RandomPlayerConfig
-545709509,Checkers,0,GAME_OVER,42,41,2,596,MCTS_CheckersHeuristic,-1.0,1.0,RandomPlayerConfig
1352257095,Checkers,0,GAME_OVER,44,43,2,597,MCTS_CheckersHeuristic,-1.0,1.0,RandomPlayerConfig
1874814574,Checkers,0,GAME_OVER,38,37,2,598,MCTS_CheckersHeuristic,-1.0,1.0,RandomPlayerConfig
1431403269,Checkers,0,GAME_OVER,36,35,2,599,MCTS_CheckersHeuristic,-1.0,1.0,RandomPlayerConfig
-2085245251,Checkers,0,GAME_OVER,30,29,2,600,MCTS_CheckersHeuristic,-1.0,1.0,RandomPlayerConfig
-2096651580,Checkers,0,GAME_OVER,48,47,2,601,MCTS_CheckersHeuristic,-1.0,1.0,RandomPlayerConfig
-429507769,Checkers,0,GAME_OVER,67,66,2,602,OSLA,1.0,-1.0,MCTS_CheckersHeuristic
1646983889,Checkers,0,GAME_OVER,52,51,2,603,OSLA,1.0,-1.0,MCTS_CheckersHeuristic
-1508144921,Checkers,0,GAME_OVER,58,57,2,604,OSLA,1.0,-1.0,MCTS_CheckersHeuristic
-298402473,Checkers,0,GAME_OVER,59,58,2,605,OSLA,1.0,-1.0,MCTS_CheckersHeuristic
1122538383,Checkers,0,GAME_OVER,133,132,2,606,OSLA,1.0,-1.0,MCTS_CheckersHeuristic
-1677878252,Checkers,0,GAME_OVER,50,49,2,607,OSLA,1.0,-1.0,MCTS_CheckersHeuristic
764054644,Checkers,0,GAME_OVER,63,62,2,608,OSLA,1.0,-1.0,MCTS_CheckersHeuristic
1612447923,Checkers,0,GAME_OVER,58,57,2,609,OSLA,1.0,-1.0,MCTS_CheckersHeuristic
-1766918344,Checkers,0,GAME_OVER,66,65,2,610,OSLA,1.0,-1.0,MCTS_CheckersHeuristic
-99200105,Checkers,0,GAME_OVER,98,97,2,611,OSLA,0.0,0.0,MCTS_CheckersHeuristic
-2046769698,Checkers,0,GAME_OVER,71,70,2,612,OSLA,1.0,-1.0,MCTS_CheckersHeuristic
-8833104,Checkers,0,GAME_OVER,69,68,2,613,OSLA,1.0,-1.0,MCTS_CheckersHeuristic
2039254330,Checkers,0,GAME_OVER,61,60,2,614,OSLA,1.0,-1.0,MCTS_CheckersHeuristic
904154652,Checkers,0,GAME_OVER,55,54,2,615,OSLA,1.0,-1.0,MCTS_CheckersHeuristic
-944614563,Checkers,0,GAME_OVER,71,70,2,616,OSLA,1.0,-1.0,MCTS_CheckersHeuristic
1458886793,Checkers,0,GAME_OVER,155,154,2,617,OSLA,0.0,0.0,MCTS_CheckersHeuristic
-133207870,Checkers,0,GAME_OVER,73,72,2,618,OSLA,1.0,-1.0,MCTS_CheckersHeuristic
-1726615699,Checkers,0,GAME_OVER,75,74,2,619,OSLA,1.0,-1.0,MCTS_CheckersHeuristic
-1502585263,Checkers,0,GAME_OVER,45,44,2,620,OSLA,1.0,-1.0,MCTS_CheckersHeuristic
-1700714099,Checkers,0,GAME_OVER,55,54,2,621,OSLA,1.0,-1.0,MCTS_CheckersHeuristic
1159122283,Checkers,0,GAME_OVER,82,81,2,622,OSLA,1.0,-1.0,MCTS_CheckersHeuristic
-1815440261,Checkers,0,GAME_OVER,54,53,2,623,OSLA,-1.0,1.0,MCTS_CheckersHeuristic
1249189018,Checkers,0,GAME_OVER,50,49,2,624,OSLA,1.0,-1.0,MCTS_CheckersHeuristic
1366968798,Checkers,0,GAME_OVER,43,42,2,625,OSLA,1.0,-1.0,MCTS_CheckersHeuristic
755827371,Checkers,0,GAME_OVER,71,70,2,626,OSLA,1.0,-1.0,MCTS_CheckersHeuristic
1193006025,Checkers,0,GAME_OVER,112,111,2,627,OSLA,0.0,0.0,MCTS_CheckersHeuristic
-1327623385,Checkers,0,GAME_OVER,60,59,2,628,OSLA,1.0,-1.0,MCTS_CheckersHeuristic
-105545099,Checkers,0,GAME_OVER,51,50,2,629,OSLA,1.0,-1.0,MCTS_CheckersHeuristic
1982229135,Checkers,0,GAME_OVER,56,55,2,630,OSLA,1.0,-1.0,MCTS_CheckersHeuristic
877649930,Checkers,0,GAME_OVER,66,65,2,631,OSLA,1.0,-1.0,MCTS_CheckersHeuristic
-1343263283,Checkers,0,GAME_OVER,53,52,2,632,OSLA,1.0,-1.0,MCTS_CheckersHeuristic
700851048,Checkers,0,GAME_OVER,147,146,2,633,OSLA,1.0,-1.0,MCTS_CheckersHeuristic
1089392554,Checkers,0,GAME_OVER,67,66,2,634,OSLA,1.0,-1.0,MCTS_CheckersHeuristic
-1040387831,Checkers,0,GAME_OVER,58,57,2,635,OSLA,1.0,-1.0,MCTS_CheckersHeuristic
-510361511,Checkers,0,GAME_OVER,99,98,2,636,OSLA,0.0,0.0,MCTS_CheckersHeuristic
863793519,Checkers,0,GAME_OVER,58,57,2,637,OSLA,1.0,-1.0,MCTS_CheckersHeuristic
-1282859446,Checkers,0,GAME_OVER,58,57,2,638,OSLA,1.0,-1.0,MCTS_CheckersHeuristic
981456584,Checkers,0,GAME_OVER,49,48,2,639,OSLA,1.0,-1.0,MCTS_CheckersHeuristic
1631503592,Checkers,0,GAME_OVER,78,77,2,640,OSLA,1.0,-1.0,MCTS_CheckersHeuristic
-1578670172,Checkers,0,GAME_OVER,61,60,2,641,OSLA,1.0,-1.0,MCTS_CheckersHeuristic
-7013139,Checkers,0,GAME_OVER,44,43,2,642,OSLA,1.0,-1.0,MCTS_CheckersHeuristic
-1197073684,Checkers,0,GAME_OVER,68,67,2,643,OSLA,1.0,-1.0,MCTS_CheckersHeuristic
-360322187,Checkers,0,GAME_OVER,51,50,2,644,OSLA,1.0,-1.0,MCTS_CheckersHeuristic
-974499447,Checkers,0,GAME_OVER,46,45,2,645,OSLA,1.0,-1.0,MCTS_CheckersHeuristic
435222515,Checkers,0,GAME_OVER,98,97,2,646,OSLA,1.0,-1.0,MCTS_CheckersHeuristic
982406231,Checkers,0,GAME_OVER,61,60,2,647,OSLA,1.0,-1.0,MCTS_CheckersHeuristic
-1056911694,Checkers,0,GAME_OVER,59,58,2,648,OSLA,1.0,-1.0,MCTS_CheckersHeuristic
-452755121,Checkers,0,GAME_OVER,62,61,2,649,OSLA,1.0,-1.0,MCTS_CheckersHeuristic
734475412,Checkers,0,GAME_OVER,78,77,2,650,OSLA,1.0,-1.0,MCTS_CheckersHeuristic
-1110994666,Checkers,0,GAME_OVER,47,46,2,651,OSLA,1.0,-1.0,MCTS_CheckersHeuristic
955802140,Checkers,0,GAME_OVER,92,91,2,652,OSLA,1.0,-1.0,MCTS_CheckersHeuristic
30516821,Checkers,0,GAME_OVER,42,41,2,653,OSLA,1.0,-1.0,MCTS_CheckersHeuristic
-121774317,Checkers,0,GAME_OVER,84,83,2,654,OSLA,1.0,-1.0,MCTS_CheckersHeuristic
-186451330,Checkers,0,GAME_OVER,57,56,2,655,OSLA,1.0,-1.0,MCTS_CheckersHeuristic
1762848073,Checkers,0,GAME_OVER,67,66,2,656,OSLA,1.0,-1.0,MCTS_CheckersHeuristic
-491157522,Checkers,0,GAME_OVER,57,56,2,657,OSLA,1.0,-1.0,MCTS_CheckersHeuristic
-1107048397,Checkers,0,GAME_OVER,49,48,2,658,OSLA,1.0,-1.0,MCTS_CheckersHeuristic
1413027729,Checkers,0,GAME_OVER,55,54,2,659,OSLA,1.0,-1.0,MCTS_CheckersHeuristic
-1071175548,Checkers,0,GAME_OVER,60,59,2,660,OSLA,1.0,-1.0,MCTS_CheckersHeuristic
954607719,Checkers,0,GAME_OVER,53,52,2,661,OSLA,1.0,-1.0,MCTS_CheckersHeuristic
-1400576534,Checkers,0,GAME_OVER,111,110,2,662,OSLA,1.0,-1.0,MCTS_CheckersHeuristic
64377253,Checkers,0,GAME_OVER,141,140,2,663,OSLA,0.0,0.0,MCTS_CheckersHeuristic
88870555,Checkers,0,GAME_OVER,51,50,2,664,OSLA,1.0,-1.0,MCTS_CheckersHeuristic
620336199,Checkers,0,GAME_OVER,51,50,2,665,OSLA,1.0,-1.0,MCTS_CheckersHeuristic
1293527892,Checkers,0,GAME_OVER,49,48,2,666,OSLA,1.0,-1.0,MCTS_CheckersHeuristic
-1114071225,Checkers,0,GAME_OVER,50,49,2,667,OSLA,1.0,-1.0,MCTS_CheckersHeuristic
-734824458,Checkers,0,GAME_OVER,50,49,2,668,OSLA,1.0,-1.0,MCTS_CheckersHeuristic
-547036712,Checkers,0,GAME_OVER,54,53,2,669,OSLA,1.0,-1.0,MCTS_CheckersHeuristic
1128229866,Checkers,0,GAME_OVER,93,92,2,670,OSLA,1.0,-1.0,MCTS_CheckersHeuristic
-356353700,Checkers,0,GAME_OVER,72,71,2,671,OSLA,1.0,-1.0,MCTS_CheckersHeuristic
1915409131,Checkers,0,GAME_OVER,57,56,2,672,OSLA,-1.0,1.0,MCTS_CheckersHeuristic
-725474074,Checkers,0,GAME_OVER,66,65,2,673,OSLA,1.0,-1.0,MCTS_CheckersHeuristic
-518570509,Checkers,0,GAME_OVER,52,51,2,674,OSLA,1.0,-1.0,MCTS_CheckersHeuristic
31817353,Checkers,0,GAME_OVER,79,78,2,675,OSLA,1.0,-1.0,MCTS_CheckersHeuristic
-234975919,Checkers,0,GAME_OVER,55,54,2,676,OSLA,1.0,-1.0,MCTS_CheckersHeuristic
-353150266,Checkers,0,GAME_OVER,58,57,2,677,OSLA,1.0,-1.0,MCTS_CheckersHeuristic
1766592570,Checkers,0,GAME_OVER,63,62,2,678,OSLA,1.0,-1.0,MCTS_CheckersHeuristic
1732864212,Checkers,0,GAME_OVER,59,58,2,679,OSLA,1.0,-1.0,MCTS_CheckersHeuristic
-340655278,Checkers,0,GAME_OVER,50,49,2,680,OSLA,1.0,-1.0,MCTS_CheckersHeuristic
-25849191,Checkers,0,GAME_OVER,49,48,2,681,OSLA,1.0,-1.0,MCTS_CheckersHeuristic
945284864,Checkers,0,GAME_OVER,127,126,2,682,OSLA,1.0,-1.0,MCTS_CheckersHeuristic
-48612981,Checkers,0,GAME_OVER,60,59,2,683,OSLA,1.0,-1.0,MCTS_CheckersHeuristic
-1983445115,Checkers,0,GAME_OVER,66,65,2,684,OSLA,1.0,-1.0,MCTS_CheckersHeuristic
-1735928366,Checkers,0,GAME_OVER,95,94,2,685,OSLA,1.0,-1.0,MCTS_CheckersHeuristic
430666804,Checkers,0,GAME_OVER,50,49,2,686,OSLA,1.0,-1.0,MCTS_CheckersHeuristic
1609744228,Checkers,0,GAME_OVER,48,47,2,687,OSLA,1.0,-1.0,MCTS_CheckersHeuristic
-1511172036,Checkers,0,GAME_OVER,64,63,2,688,OSLA,1.0,-1.0,MCTS_CheckersHeuristic
-893807371,Checkers,0,GAME_OVER,64,63,2,689,OSLA,1.0,-1.0,MCTS_CheckersHeuristic
-172327199,Checkers,0,GAME_OVER,58,57,2,690,OSLA,1.0,-1.0,MCTS_CheckersHeuristic
503765733,Checkers,0,GAME_OVER,54,53,2,691,OSLA,1.0,-1.0,MCTS_CheckersHeuristic
61052441,Checkers,0,GAME_OVER,52,51,2,692,OSLA,1.0,-1.0,MCTS_CheckersHeuristic
1802280096,Checkers,0,GAME_OVER,54,53,2,693,OSLA,1.0,-1.0,MCTS_CheckersHeuristic
-1356673561,Checkers,0,GAME_OVER,107,106,2,694,OSLA,0.0,0.0,MCTS_CheckersHeuristic
1300440325,Checkers,0,GAME_OVER,53,52,2,695,OSLA,1.0,-1.0,MCTS_CheckersHeuristic
500731879,Checkers,0,GAME_OVER,87,86,2,696,OSLA,1.0,-1.0,MCTS_CheckersHeuristic
1293080270,Checkers,0,GAME_OVER,63,62,2,697,OSLA,1.0,-1.0,MCTS_CheckersHeuristic
1179290093,Checkers,0,GAME_OVER,53,52,2,698,OSLA,1.0,-1.0,MCTS_CheckersHeuristic
-403842029,Checkers,0,GAME_OVER,84,83,2,699,OSLA,1.0,-1.0,MCTS_CheckersHeuristic
1043658662,Checkers,0,GAME_OVER,120,119,2,700,OSLA,0.0,0.0,MCTS_CheckersHeuristic
-1481614246,Checkers,0,GAME_OVER,64,63,2,701,OSLA,1.0,-1.0,MCTS_CheckersHeuristic
1059998357,Checkers,0,GAME_OVER,59,58,2,702,OSLA,1.0,-1.0,MCTS_CheckersHeuristic
-2035336489,Checkers,0,GAME_OVER,60,59,2,703,OSLA,1.0,-1.0,MCTS_CheckersHeuristic
-828189465,Checkers,0,GAME_OVER,59,58,2,704,OSLA,1.0,-1.0,MCTS_CheckersHeuristic
-1112630590,Checkers,0,GAME_OVER,45,44,2,705,OSLA,1.0,-1.0,MCTS_CheckersHeuristic
1273381618,Checkers,0,GAME_OVER,87,86,2,706,OSLA,1.0,-1.0,MCTS_CheckersHeuristic
916823542,Checkers,0,GAME_OVER,47,46,2,707,OSLA,1.0,-1.0,MCTS_CheckersHeuristic
-1188476838,Checkers,0,GAME_OVER,78,77,2,708,OSLA,1.0,-1.0,MCTS_CheckersHeuristic
-1030385106,Checkers,0,GAME_OVER,67,66,2,709,OSLA,1.0,-1.0,MCTS_CheckersHeuristic
-1695727306,Checkers,0,GAME_OVER,63,62,2,710,OSLA,1.0,-1.0,MCTS_CheckersHeuristic
1745623962,Checkers,0,GAME_OVER,51,50,2,711,OSLA,1.0,-1.0,MCTS_CheckersHeuristic
-1131907931,Checkers,0,GAME_OVER,52,51,2,712,OSLA,1.0,-1.0,MCTS_CheckersHeuristic
1879863216,Checkers,0,GAME_OVER,44,43,2,713,OSLA,1.0,-1.0,MCTS_CheckersHeuristic
28013999,Checkers,0,GAME_OVER,49,48,2,714,OSLA,1.0,-1.0,MCTS_CheckersHeuristic
-1153404590,Checkers,0,GAME_OVER,119,118,2,715,OSLA,0.0,0.0,MCTS_CheckersHeuristic
1986699382,Checkers,0,GAME_OVER,59,58,2,716,OSLA,1.0,-1.0,MCTS_CheckersHeuristic
1137903563,Checkers,0,GAME_OVER,60,59,2,717,OSLA,1.0,-1.0,MCTS_CheckersHeuristic
-311282444,Checkers,0,GAME_OVER,43,42,2,718,OSLA,1.0,-1.0,MCTS_CheckersHeuristic
-329290698,Checkers,0,GAME_OVER,48,47,2,719,OSLA,1.0,-1.0,MCTS_CheckersHeuristic
1941759451,Checkers,0,GAME_OVER,53,52,2,720,OSLA,1.0,-1.0,MCTS_CheckersHeuristic
-1669728967,Checkers,0,GAME_OVER,60,59,2,721,OSLA,1.0,-1.0,MCTS_CheckersHeuristic
1580542299,Checkers,0,GAME_OVER,57,56,2,722,OSLA,1.0,-1.0,MCTS_CheckersHeuristic
628961102,Checkers,0,GAME_OVER,50,49,2,723,OSLA,1.0,-1.0,MCTS_CheckersHeuristic
1578304208,Checkers,0,GAME_OVER,125,124,2,724,OSLA,1.0,-1.0,MCTS_CheckersHeuristic
1521967080,Checkers,0,GAME_OVER,45,44,2,725,OSLA,1.0,-1.0,MCTS_CheckersHeuristic
-1306482771,Checkers,0,GAME_OVER,128,127,2,726,OSLA,1.0,-1.0,MCTS_CheckersHeuristic
-340722637,Checkers,0,GAME_OVER,60,59,2,727,OSLA,1.0,-1.0,MCTS_CheckersHeuristic
-1356914919,Checkers,0,GAME_OVER,42,41,2,728,OSLA,1.0,-1.0,MCTS_CheckersHeuristic
512929862,Checkers,0,GAME_OVER,89,88,2,729,OSLA,1.0,-1.0,MCTS_CheckersHeuristic
787749660,Checkers,0,GAME_OVER,52,51,2,730,OSLA,1.0,-1.0,MCTS_CheckersHeuristic
-192781833,Checkers,0,GAME_OVER,52,51,2,731,OSLA,1.0,-1.0,MCTS_CheckersHeuristic
-1702913198,Checkers,0,GAME_OVER,48,47,2,732,OSLA,1.0,-1.0,MCTS_CheckersHeuristic
-92163394,Checkers,0,GAME_OVER,50,49,2,733,OSLA,1.0,-1.0,MCTS_CheckersHeuristic
-1459438475,Checkers,0,GAME_OVER,70,69,2,734,OSLA,1.0,-1.0,MCTS_CheckersHeuristic
-507513278,Checkers,0,GAME_OVER,65,64,2,735,OSLA,1.0,-1.0,MCTS_CheckersHeuristic
-676184764,Checkers,0,GAME_OVER,116,115,2,736,OSLA,0.0,0.0,MCTS_CheckersHeuristic
-1623855231,Checkers,0,GAME_OVER,105,104,2,737,OSLA,0.0,0.0,MCTS_CheckersHeuristic
-2027157359,Checkers,0,GAME_OVER,108,107,2,738,OSLA,1.0,-1.0,MCTS_CheckersHeuristic
-140116804,Checkers,0,GAME_OVER,49,48,2,739,OSLA,1.0,-1.0,MCTS_CheckersHeuristic
-216183431,Checkers,0,GAME_OVER,51,50,2,740,OSLA,1.0,-1.0,MCTS_CheckersHeuristic
-1451148663,Checkers,0,GAME_OVER,55,54,2,741,OSLA,1.0,-1.0,MCTS_CheckersHeuristic
-2109691375,Checkers,0,GAME_OVER,47,46,2,742,OSLA,1.0,-1.0,MCTS_CheckersHeuristic
-826433358,Checkers,0,GAME_OVER,55,54,2,743,OSLA,1.0,-1.0,MCTS_CheckersHeuristic
-216761838,Checkers,0,GAME_OVER,56,55,2,744,OSLA,-1.0,1.0,MCTS_CheckersHeuristic
1017429978,Checkers,0,GAME_OVER,63,62,2,745,OSLA,1.0,-1.0,MCTS_CheckersHeuristic
-1537226167,Checkers,0,GAME_OVER,46,45,2,746,OSLA,1.0,-1.0,MCTS_CheckersHeuristic
507749619,Checkers,0,GAME_OVER,109,108,2,747,OSLA,1.0,-1.0,MCTS_CheckersHeuristic
-1513581865,Checkers,0,GAME_OVER,54,53,2,748,OSLA,1.0,-1.0,MCTS_CheckersHeuristic
1322127370,Checkers,0,GAME_OVER,47,46,2,749,OSLA,1.0,-1.0,MCTS_CheckersHeuristic
891551100,Checkers,0,GAME_OVER,41,40,2,750,OSLA,1.0,-1.0,MCTS_CheckersHeuristic
2138025467,Checkers,0,GAME_OVER,59,58,2,751,OSLA,1.0,-1.0,MCTS_CheckersHeuristic
1684959887,Checkers,0,GAME_OVER,43,42,2,752,OSLA,1.0,-1.0,MCTS_CheckersHeuristic
-1480986365,Checkers,0,GAME_OVER,53,52,2,753,OSLA,1.0,-1.0,MCTS_CheckersHeuristic
-650756534,Checkers,0,GAME_OVER,64,63,2,754,OSLA,1.0,-1.0,MCTS_CheckersHeuristic
1407421011,Checkers,0,GAME_OVER,56,55,2,755,OSLA,1.0,-1.0,MCTS_CheckersHeuristic
-1613059695,Checkers,0,GAME_OVER,68,67,2,756,OSLA,1.0,-1.0,MCTS_CheckersHeuristic
850196232,Checkers,0,GAME_OVER,50,49,2,757,OSLA,1.0,-1.0,MCTS_CheckersHeuristic
1515236453,Checkers,0,GAME_OVER,52,51,2,758,OSLA,1.0,-1.0,MCTS_CheckersHeuristic
1276910903,Checkers,0,GAME_OVER,52,51,2,759,OSLA,1.0,-1.0,MCTS_CheckersHeuristic
412401050,Checkers,0,GAME_OVER,128,127,2,760,OSLA,0.0,0.0,MCTS_CheckersHeuristic
-647091723,Checkers,0,GAME_OVER,66,65,2,761,OSLA,1.0,-1.0,MCTS_CheckersHeuristic
1730282123,Checkers,0,GAME_OVER,89,88,2,762,OSLA,1.0,-1.0,MCTS_CheckersHeuristic
-869019784,Checkers,0,GAME_OVER,45,44,2,763,OSLA,1.0,-1.0,MCTS_CheckersHeuristic
1094587105,Checkers,0,GAME_OVER,68,67,2,764,OSLA,1.0,-1.0,MCTS_CheckersHeuristic
368065226,Checkers,0,GAME_OVER,66,65,2,765,OSLA,1.0,-1.0,MCTS_CheckersHeuristic
1813903280,Checkers,0,GAME_OVER,42,41,2,766,OSLA,1.0,-1.0,MCTS_CheckersHeuristic
669035172,Checkers,0,GAME_OVER,82,81,2,767,OSLA,1.0,-1.0,MCTS_CheckersHeuristic
1398133352,Checkers,0,GAME_OVER,63,62,2,768,OSLA,1.0,-1.0,MCTS_CheckersHeuristic
-132510359,Checkers,0,GAME_OVER,115,114,2,769,OSLA,0.0,0.0,MCTS_CheckersHeuristic
777387897,Checkers,0,GAME_OVER,83,82,2,770,OSLA,1.0,-1.0,MCTS_CheckersHeuristic
1352041059,Checkers,0,GAME_OVER,41,40,2,771,OSLA,1.0,-1.0,MCTS_CheckersHeuristic
86270357,Checkers,0,GAME_OVER,37,36,2,772,OSLA,1.0,-1.0,MCTS_CheckersHeuristic
-1125672290,Checkers,0,GAME_OVER,52,51,2,773,OSLA,1.0,-1.0,MCTS_CheckersHeuristic
-2093408783,Checkers,0,GAME_OVER,39,38,2,774,OSLA,1.0,-1.0,MCTS_CheckersHeuristic
-1403531229,Checkers,0,GAME_OVER,49,48,2,775,OSLA,1.0,-1.0,MCTS_CheckersHeuristic
1496203009,Checkers,0,GAME_OVER,84,83,2,776,OSLA,1.0,-1.0,MCTS_CheckersHeuristic
-1071092128,Checkers,0,GAME_OVER,48,47,2,777,OSLA,1.0,-1.0,MCTS_CheckersHeuristic
-1026506122,Checkers,0,GAME_OVER,108,107,2,778,OSLA,0.0,0.0,MCTS_CheckersHeuristic
-683268873,Checkers,0,GAME_OVER,117,116,2,779,OSLA,0.0,0.0,MCTS_CheckersHeuristic
-2059970418,Checkers,0,GAME_OVER,51,50,2,780,OSLA,1.0,-1.0,MCTS_CheckersHeuristic
-1968093610,Checkers,0,GAME_OVER,55,54,2,781,OSLA,1.0,-1.0,MCTS_CheckersHeuristic
16506356,Checkers,0,GAME_OVER,53,52,2,782,OSLA,1.0,-1.0,MCTS_CheckersHeuristic
-1481812548,Checkers,0,GAME_OVER,52,51,2,783,OSLA,1.0,-1.0,MCTS_CheckersHeuristic
-1646448962,Checkers,0,GAME_OVER,134,133,2,784,OSLA,0.0,0.0,MCTS_CheckersHeuristic
-936733540,Checkers,0,GAME_OVER,50,49,2,785,OSLA,1.0,-1.0,MCTS_CheckersHeuristic
-997676971,Checkers,0,GAME_OVER,45,44,2,786,OSLA,-1.0,1.0,MCTS_CheckersHeuristic
-363674243,Checkers,0,GAME_OVER,50,49,2,787,OSLA,1.0,-1.0,MCTS_CheckersHeuristic
1298094402,Checkers,0,GAME_OVER,49,48,2,788,OSLA,1.0,-1.0,MCTS_CheckersHeuristic
-771888442,Checkers,0,GAME_OVER,72,71,2,789,OSLA,1.0,-1.0,MCTS_CheckersHeuristic
-1675572936,Checkers,0,GAME_OVER,65,64,2,790,OSLA,1.0,-1.0,MCTS_CheckersHeuristic
-1786482152,Checkers,0,GAME_OVER,66,65,2,791,OSLA,1.0,-1.0,MCTS_CheckersHeuristic
-174898991,Checkers,0,GAME_OVER,68,67,2,792,OSLA,0.0,0.0,MCTS_CheckersHeuristic
1149276452,Checkers,0,GAME_OVER,52,51,2,793,OSLA,1.0,-1.0,MCTS_CheckersHeuristic
1342363616,Checkers,0,GAME_OVER,51,50,2,794,OSLA,1.0,-1.0,MCTS_CheckersHeuristic
721004321,Checkers,0,GAME_OVER,54,53,2,795,OSLA,1.0,-1.0,MCTS_CheckersHeuristic
-545709509,Checkers,0,GAME_OVER,47,46,2,796,OSLA,1.0,-1.0,MCTS_CheckersHeuristic
1352257095,Checkers,0,GAME_OVER,47,46,2,797,OSLA,1.0,-1.0,MCTS_CheckersHeuristic
1874814574,Checkers,0,GAME_OVER,41,40,2,798,OSLA,1.0,-1.0,MCTS_CheckersHeuristic
1431403269,Checkers,0,GAME_OVER,48,47,2,799,OSLA,1.0,-1.0,MCTS_CheckersHeuristic
-2085245251,Checkers,0,GAME_OVER,58,57,2,800,OSLA,1.0,-1.0,MCTS_CheckersHeuristic
-2096651580,Checkers,0,GAME_OVER,83,82,2,801,OSLA,1.0,-1.0,MCTS_CheckersHeuristic
-429507769,Checkers,0,GAME_OVER,51,50,2,802,OSLA,1.0,-1.0,OSLA
1646983889,Checkers,0,GAME_OVER,41,40,2,803,OSLA,-1.0,1.0,OSLA
-1508144921,Checkers,0,GAME_OVER,60,59,2,804,OSLA,1.0,-1.0,OSLA
-298402473,Checkers,0,GAME_OVER,52,51,2,805,OSLA,-1.0,1.0,OSLA
1122538383,Checkers,0,GAME_OVER,111,110,2,806,OSLA,0.0,0.0,OSLA
-1677878252,Checkers,0,GAME_OVER,57,56,2,807,OSLA,1.0,-1.0,OSLA
764054644,Checkers,0,GAME_OVER,95,94,2,808,OSLA,-1.0,1.0,OSLA
1612447923,Checkers,0,GAME_OVER,82,81,2,809,OSLA,0.0,0.0,OSLA
-1766918344,Checkers,0,GAME_OVER,43,42,2,810,OSLA,1.0,-1.0,OSLA
-99200105,Checkers,0,GAME_OVER,69,68,2,811,OSLA,1.0,-1.0,OSLA
-2046769698,Checkers,0,GAME_OVER,72,71,2,812,OSLA,1.0,-1.0,OSLA
-8833104,Checkers,0,GAME_OVER,57,56,2,813,OSLA,1.0,-1.0,OSLA
2039254330,Checkers,0,GAME_OVER,71,70,2,814,OSLA,-1.0,1.0,OSLA
904154652,Checkers,0,GAME_OVER,50,49,2,815,OSLA,-1.0,1.0,OSLA
-944614563,Checkers,0,GAME_OVER,43,42,2,816,OSLA,1.0,-1.0,OSLA
1458886793,Checkers,0,GAME_OVER,48,47,2,817,OSLA,-1.0,1.0,OSLA
-133207870,Checkers,0,GAME_OVER,84,83,2,818,OSLA,0.0,0.0,OSLA
-1726615699,Checkers,0,GAME_OVER,45,44,2,819,OSLA,1.0,-1.0,OSLA
-1502585263,Checkers,0,GAME_OVER,49,48,2,820,OSLA,-1.0,1.0,OSLA
-1700714099,Checkers,0,GAME_OVER,50,49,2,821,OSLA,-1.0,1.0,OSLA
1159122283,Checkers,0,GAME_OVER,50,49,2,822,OSLA,-1.0,1.0,OSLA
-1815440261,Checkers,0,GAME_OVER,77,76,2,823,OSLA,0.0,0.0,OSLA
1249189018,Checkers,0,GAME_OVER,46,45,2,824,OSLA,-1.0,1.0,OSLA
1366968798,Checkers,0,GAME_OVER,61,60,2,825,OSLA,1.0,-1.0,OSLA
755827371,Checkers,0,GAME_OVER,98,97,2,826,OSLA,0.0,0.0,OSLA
1193006025,Checkers,0,GAME_OVER,43,42,2,827,OSLA,-1.0,1.0,OSLA
-1327623385,Checkers,0,GAME_OVER,52,51,2,828,OSLA,-1.0,1.0,OSLA
-105545099,Checkers,0,GAME_OVER,40,39,2,829,OSLA,1.0,-1.0,OSLA
1982229135,Checkers,0,GAME_OVER,126,125,2,830,OSLA,0.0,0.0,OSLA
877649930,Checkers,0,GAME_OVER,40,39,2,831,OSLA,1.0,-1.0,OSLA
-1343263283,Checkers,0,GAME_OVER,48,47,2,832,OSLA,1.0,-1.0,OSLA
700851048,Checkers,0,GAME_OVER,46,45,2,833,OSLA,-1.0,1.0,OSLA
1089392554,Checkers,0,GAME_OVER,43,42,2,834,OSLA,-1.0,1.0,OSLA
-1040387831,Checkers,0,GAME_OVER,50,49,2,835,OSLA,-1.0,1.0,OSLA
-510361511,Checkers,0,GAME_OVER,170,169,2,836,OSLA,0.0,0.0,OSLA
863793519,Checkers,0,GAME_OVER,45,44,2,837,OSLA,1.0,-1.0,OSLA
-1282859446,Checkers,0,GAME_OVER,39,38,2,838,OSLA,-1.0,1.0,OSLA
981456584,Checkers,0,GAME_OVER,40,39,2,839,OSLA,1.0,-1.0,OSLA
1631503592,Checkers,0,GAME_OVER,107,106,2,840,OSLA,0.0,0.0,OSLA
-1578670172,Checkers,0,GAME_OVER,112,111,2,841,OSLA,0.0,0.0,OSLA
-7013139,Checkers,0,GAME_OVER,79,78,2,842,OSLA,0.0,0.0,OSLA
-1197073684,Checkers,0,GAME_OVER,88,87,2,843,OSLA,0.0,0.0,OSLA
-360322187,Checkers,0,GAME_OVER,98,97,2,844,OSLA,0.0,0.0,OSLA
-974499447,Checkers,0,GAME_OVER,58,57,2,845,OSLA,1.0,-1.0,OSLA
435222515,Checkers,0,GAME_OVER,128,127,2,846,OSLA,0.0,0.0,OSLA
982406231,Checkers,0,GAME_OVER,82,81,2,847,OSLA,0.0,0.0,OSLA
-1056911694,Checkers,0,GAME_OVER,54,53,2,848,OSLA,1.0,-1.0,OSLA
-452755121,Checkers,0,GAME_OVER,43,42,2,849,OSLA,1.0,-1.0,OSLA
734475412,Checkers,0,GAME_OVER,59,58,2,850,OSLA,1.0,-1.0,OSLA
-1110994666,Checkers,0,GAME_OVER,150,149,2,851,OSLA,0.0,0.0,OSLA
955802140,Checkers,0,GAME_OVER,44,43,2,852,OSLA,-1.0,1.0,OSLA
30516821,Checkers,0,GAME_OVER,78,77,2,853,OSLA,1.0,-1.0,OSLA
-121774317,Checkers,0,GAME_OVER,63,62,2,854,OSLA,1.0,-1.0,OSLA
-186451330,Checkers,0,GAME_OVER,134,133,2,855,OSLA,0.0,0.0,OSLA
1762848073,Checkers,0,GAME_OVER,52,51,2,856,OSLA,1.0,-1.0,OSLA
-491157522,Checkers,0,GAME_OVER,43,42,2,857,OSLA,-1.0,1.0,OSLA
-1107048397,Checkers,0,GAME_OVER,115,114,2,858,OSLA,0.0,0.0,OSLA
1413027729,Checkers,0,GAME_OVER,35,34,2,859,OSLA,-1.0,1.0,OSLA
-1071175548,Checkers,0,GAME_OVER,47,46,2,860,OSLA,-1.0,1.0,OSLA
954607719,Checkers,0,GAME_OVER,91,90,2,861,OSLA,0.0,0.0,OSLA
-1400576534,Checkers,0,GAME_OVER,98,97,2,862,OSLA,0.0,0.0,OSLA
64377253,Checkers,0,GAME_OVER,133,132,2,863,OSLA,0.0,0.0,OSLA
88870555,Checkers,0,GAME_OVER,47,46,2,864,OSLA,-1.0,1.0,OSLA
620336199,Checkers,0,GAME_OVER,73,72,2,865,OSLA,1.0,-1.0,OSLA
1293527892,Checkers,0,GAME_OVER,48,47,2,866,OSLA,-1.0,1.0,OSLA
-1114071225,Checkers,0,GAME_OVER,83,82,2,867,OSLA,0.0,0.0,OSLA
-734824458,Checkers,0,GAME_OVER,52,51,2,868,OSLA,-1.0,1.0,OSLA
-547036712,Checkers,0,GAME_OVER,55,54,2,869,OSLA,-1.0,1.0,OSLA
1128229866,Checkers,0,GAME_OVER,141,140,2,870,OSLA,0.0,0.0,OSLA
-356353700,Checkers,0,GAME_OVER,53,52,2,871,OSLA,-1.0,1.0,OSLA
1915409131,Checkers,0,GAME_OVER,35,34,2,872,OSLA,-1.0,1.0,OSLA
-725474074,Checkers,0,GAME_OVER,48,47,2,873,OSLA,-1.0,1.0,OSLA
-518570509,Checkers,0,GAME_OVER,46,45,2,874,OSLA,-1.0,1.0,OSLA
31817353,Checkers,0,GAME_OVER,45,44,2,875,OSLA,1.0,-1.0,OSLA
-234975919,Checkers,0,GAME_OVER,77,76,2,876,OSLA,-1.0,1.0,OSLA
-353150266,Checkers,0,GAME_OVER,50,49,2,877,OSLA,1.0,-1.0,OSLA
1766592570,Checkers,0,GAME_OVER,66,65,2,878,OSLA,1.0,-1.0,OSLA
1732864212,Checkers,0,GAME_OVER,44,43,2,879,OSLA,-1.0,1.0,OSLA
-340655278,Checkers,0,GAME_OVER,151,150,2,880,OSLA,0.0,0.0,OSLA
-25849191,Checkers,0,GAME_OVER,54,53,2,881,OSLA,1.0,-1.0,OSLA
945284864,Checkers,0,GAME_OVER,39,38,2,882,OSLA,1.0,-1.0,OSLA
-48612981,Checkers,0,GAME_OVER,44,43,2,883,OSLA,1.0,-1.0,OSLA
-1983445115,Checkers,0,GAME_OVER,93,92,2,884,OSLA,0.0,0.0,OSLA
-1735928366,Checkers,0,GAME_OVER,45,44,2,885,OSLA,-1.0,1.0,OSLA
430666804,Checkers,0,GAME_OVER,81,80,2,886,OSLA,-1.0,1.0,OSLA
1609744228,Checkers,0,GAME_OVER,50,49,2,887,OSLA,1.0,-1.0,OSLA
-1511172036,Checkers,0,GAME_OVER,76,75,2,888,OSLA,-1.0,1.0,OSLA
-893807371,Checkers,0,GAME_OVER,45,44,2,889,OSLA,1.0,-1.0,OSLA
-172327199,Checkers,0,GAME_OVER,49,48,2,890,OSLA,-1.0,1.0,OSLA
503765733,Checkers,0,GAME_OVER,43,42,2,891,OSLA,-1.0,1.0,OSLA
61052441,Checkers,0,GAME_OVER,47,46,2,892,OSLA,-1.0,1.0,OSLA
1802280096,Checkers,0,GAME_OVER,51,50,2,893,OSLA,1.0,-1.0,OSLA
-1356673561,Checkers,0,GAME_OVER,75,74,2,894,OSLA,1.0,-1.0,OSLA
1300440325,Checkers,0,GAME_OVER,62,61,2,895,OSLA,1.0,-1.0,OSLA
500731879,Checkers,0,GAME_OVER,49,48,2,896,OSLA,-1.0,1.0,OSLA
1293080270,Checkers,0,GAME_OVER,43,42,2,897,OSLA,1.0,-1.0,OSLA
1179290093,Checkers,0,GAME_OVER,38,37,2,898,OSLA,-1.0,1.0,OSLA
-403842029,Checkers,0,GAME_OVER,65,64,2,899,OSLA,-1.0,1.0,OSLA
1043658662,Checkers,0,GAME_OVER,41,40,2,900,OSLA,1.0,-1.0,OSLA
-1481614246,Checkers,0,GAME_OVER,48,47,2,901,OSLA,1.0,-1.0,OSLA
1059998357,Checkers,0,GAME_OVER,60,59,2,902,OSLA,1.0,-1.0,OSLA
-2035336489,Checkers,0,GAME_OVER,59,58,2,903,OSLA,1.0,-1.0,OSLA
-828189465,Checkers,0,GAME_OVER,50,49,2,904,OSLA,-1.0,1.0,OSLA
-1112630590,Checkers,0,GAME_OVER,70,69,2,905,OSLA,-1.0,1.0,OSLA
1273381618,Checkers,0,GAME_OVER,34,33,2,906,OSLA,1.0,-1.0,OSLA
916823542,Checkers,0,GAME_OVER,47,46,2,907,OSLA,-1.0,1.0,OSLA
-1188476838,Checkers,0,GAME_OVER,89,88,2,908,OSLA,-1.0,1.0,OSLA
-1030385106,Checkers,0,GAME_OVER,64,63,2,909,OSLA,1.0,-1.0,OSLA
-1695727306,Checkers,0,GAME_OVER,57,56,2,910,OSLA,-1.0,1.0,OSLA
1745623962,Checkers,0,GAME_OVER,42,41,2,911,OSLA,-1.0,1.0,OSLA
-1131907931,Checkers,0,GAME_OVER,55,54,2,912,OSLA,1.0,-1.0,OSLA
1879863216,Checkers,0,GAME_OVER,49,48,2,913,OSLA,-1.0,1.0,OSLA
28013999,Checkers,0,GAME_OVER,55,54,2,914,OSLA,-1.0,1.0,OSLA
-1153404590,Checkers,0,GAME_OVER,137,136,2,915,OSLA,0.0,0.0,OSLA
1986699382,Checkers,0,GAME_OVER,40,39,2,916,OSLA,1.0,-1.0,OSLA
1137903563,Checkers,0,GAME_OVER,107,106,2,917,OSLA,0.0,0.0,OSLA
-311282444,Checkers,0,GAME_OVER,48,47,2,918,OSLA,1.0,-1.0,OSLA
-329290698,Checkers,0,GAME_OVER,116,115,2,919,OSLA,0.0,0.0,OSLA
1941759451,Checkers,0,GAME_OVER,59,58,2,920,OSLA,1.0,-1.0,OSLA
-1669728967,Checkers,0,GAME_OVER,64,63,2,921,OSLA,-1.0,1.0,OSLA
1580542299,Checkers,0,GAME_OVER,64,63,2,922,OSLA,1.0,-1.0,OSLA
628961102,Checkers,0,GAME_OVER,46,45,2,923,OSLA,1.0,-1.0,OSLA
1578304208,Checkers,0,GAME_OVER,50,49,2,924,OSLA,-1.0,1.0,OSLA
1521967080,Checkers,0,GAME_OVER,41,40,2,925,OSLA,-1.0,1.0,OSLA
-1306482771,Checkers,0,GAME_OVER,43,42,2,926,OSLA,1.0,-1.0,OSLA
-340722637,Checkers,0,GAME_OVER,51,50,2,927,OSLA,-1.0,1.0,OSLA
-1356914919,Checkers,0,GAME_OVER,47,46,2,928,OSLA,1.0,-1.0,OSLA
512929862,Checkers,0,GAME_OVER,78,77,2,929,OSLA,0.0,0.0,OSLA
787749660,Checkers,0,GAME_OVER,84,83,2,930,OSLA,1.0,-1.0,OSLA
-192781833,Checkers,0,GAME_OVER,54,53,2,931,OSLA,-1.0,1.0,OSLA
-1702913198,Checkers,0,GAME_OVER,95,94,2,932,OSLA,0.0,0.0,OSLA
-92163394,Checkers,0,GAME_OVER,61,60,2,933,OSLA,1.0,-1.0,OSLA
-1459438475,Checkers,0,GAME_OVER,43,42,2,934,OSLA,1.0,-1.0,OSLA
-507513278,Checkers,0,GAME_OVER,45,44,2,935,OSLA,1.0,-1.0,OSLA
-676184764,Checkers,0,GAME_OVER,60,59,2,936,OSLA,-1.0,1.0,OSLA
-1623855231,Checkers,0,GAME_OVER,54,53,2,937,OSLA,-1.0,1.0,OSLA
-2027157359,Checkers,0,GAME_OVER,87,86,2,938,OSLA,0.0,0.0,OSLA
-140116804,Checkers,0,GAME_OVER,36,35,2,939,OSLA,1.0,-1.0,OSLA
-216183431,Checkers,0,GAME_OVER,68,67,2,940,OSLA,1.0,-1.0,OSLA
-1451148663,Checkers,0,GAME_OVER,39,38,2,941,OSLA,-1.0,1.0,OSLA
-2109691375,Checkers,0,GAME_OVER,56,55,2,942,OSLA,1.0,-1.0,OSLA
-826433358,Checkers,0,GAME_OVER,42,41,2,943,OSLA,-1.0,1.0,OSLA
-216761838,Checkers,0,GAME_OVER,47,46,2,944,OSLA,-1.0,1.0,OSLA
1017429978,Checkers,0,GAME_OVER,119,118,2,945,OSLA,0.0,0.0,OSLA
-1537226167,Checkers,0,GAME_OVER,49,48,2,946,OSLA,-1.0,1.0,OSLA
507749619,Checkers,0,GAME_OVER,118,117,2,947,OSLA,0.0,0.0,OSLA
-1513581865,Checkers,0,GAME_OVER,50,49,2,948,OSLA,1.0,-1.0,OSLA
1322127370,Checkers,0,GAME_OVER,45,44,2,949,OSLA,-1.0,1.0,OSLA
891551100,Checkers,0,GAME_OVER,46,45,2,950,OSLA,-1.0,1.0,OSLA
2138025467,Checkers,0,GAME_OVER,83,82,2,951,OSLA,1.0,-1.0,OSLA
1684959887,Checkers,0,GAME_OVER,39,38,2,952,OSLA,-1.0,1.0,OSLA
-1480986365,Checkers,0,GAME_OVER,49,48,2,953,OSLA,1.0,-1.0,OSLA
-650756534,Checkers,0,GAME_OVER,95,94,2,954,OSLA,0.0,0.0,OSLA
1407421011,Checkers,0,GAME_OVER,56,55,2,955,OSLA,1.0,-1.0,OSLA
-1613059695,Checkers,0,GAME_OVER,49,48,2,956,OSLA,1.0,-1.0,OSLA
850196232,Checkers,0,GAME_OVER,41,40,2,957,OSLA,1.0,-1.0,OSLA
1515236453,Checkers,0,GAME_OVER,128,127,2,958,OSLA,0.0,0.0,OSLA
1276910903,Checkers,0,GAME_OVER,53,52,2,959,OSLA,-1.0,1.0,OSLA
412401050,Checkers,0,GAME_OVER,53,52,2,960,OSLA,-1.0,1.0,OSLA
-647091723,Checkers,0,GAME_OVER,124,123,2,961,OSLA,1.0,-1.0,OSLA
1730282123,Checkers,0,GAME_OVER,44,43,2,962,OSLA,-1.0,1.0,OSLA
-869019784,Checkers,0,GAME_OVER,47,46,2,963,OSLA,-1.0,1.0,OSLA
1094587105,Checkers,0,GAME_OVER,40,39,2,964,OSLA,-1.0,1.0,OSLA
368065226,Checkers,0,GAME_OVER,55,54,2,965,OSLA,-1.0,1.0,OSLA
1813903280,Checkers,0,GAME_OVER,53,52,2,966,OSLA,-1.0,1.0,OSLA
669035172,Checkers,0,GAME_OVER,70,69,2,967,OSLA,-1.0,1.0,OSLA
1398133352,Checkers,0,GAME_OVER,48,47,2,968,OSLA,-1.0,1.0,OSLA
-132510359,Checkers,0,GAME_OVER,51,50,2,969,OSLA,-1.0,1.0,OSLA
777387897,Checkers,0,GAME_OVER,125,124,2,970,OSLA,0.0,0.0,OSLA
1352041059,Checkers,0,GAME_OVER,99,98,2,971,OSLA,0.0,0.0,OSLA
86270357,Checkers,0,GAME_OVER,43,42,2,972,OSLA,-1.0,1.0,OSLA
-1125672290,Checkers,0,GAME_OVER,96,95,2,973,OSLA,1.0,-1.0,OSLA
-2093408783,Checkers,0,GAME_OVER,42,41,2,974,OSLA,-1.0,1.0,OSLA
-1403531229,Checkers,0,GAME_OVER,51,50,2,975,OSLA,-1.0,1.0,OSLA
1496203009,Checkers,0,GAME_OVER,60,59,2,976,OSLA,-1.0,1.0,OSLA
-1071092128,Checkers,0,GAME_OVER,45,44,2,977,OSLA,-1.0,1.0,OSLA
-1026506122,Checkers,0,GAME_OVER,40,39,2,978,OSLA,-1.0,1.0,OSLA
-683268873,Checkers,0,GAME_OVER,49,48,2,979,OSLA,1.0,-1.0,OSLA
-2059970418,Checkers,0,GAME_OVER,39,38,2,980,OSLA,1.0,-1.0,OSLA
-1968093610,Checkers,0,GAME_OVER,45,44,2,981,OSLA,-1.0,1.0,OSLA
16506356,Checkers,0,GAME_OVER,53,52,2,982,OSLA,1.0,-1.0,OSLA
-1481812548,Checkers,0,GAME_OVER,49,48,2,983,OSLA,-1.0,1.0,OSLA
-1646448962,Checkers,0,GAME_OVER,54,53,2,984,OSLA,-1.0,1.0,OSLA
-936733540,Checkers,0,GAME_OVER,108,107,2,985,OSLA,0.0,0.0,OSLA
-997676971,Checkers,0,GAME_OVER,104,103,2,986,OSLA,0.0,0.0,OSLA
-363674243,Checkers,0,GAME_OVER,105,104,2,987,OSLA,0.0,0.0,OSLA
1298094402,Checkers,0,GAME_OVER,63,62,2,988,OSLA,-1.0,1.0,OSLA
-771888442,Checkers,0,GAME_OVER,100,99,2,989,OSLA,0.0,0.0,OSLA
-1675572936,Checkers,0,GAME_OVER,45,44,2,990,OSLA,1.0,-1.0,OSLA
-1786482152,Checkers,0,GAME_OVER,74,73,2,991,OSLA,0.0,0.0,OSLA
-174898991,Checkers,0,GAME_OVER,101,100,2,992,OSLA,0.0,0.0,OSLA
1149276452,Checkers,0,GAME_OVER,46,45,2,993,OSLA,-1.0,1.0,OSLA
1342363616,Checkers,0,GAME_OVER,53,52,2,994,OSLA,1.0,-1.0,OSLA
721004321,Checkers,0,GAME_OVER,56,55,2,995,OSLA,-1.0,1.0,OSLA
-545709509,Checkers,0,GAME_OVER,81,80,2,996,OSLA,0.0,0.0,OSLA
1352257095,Checkers,0,GAME_OVER,100,99,2,997,OSLA,0.0,0.0,OSLA
1874814574,Checkers,0,GAME_OVER,39,38,2,998,OSLA,-1.0,1.0,OSLA
1431403269,Checkers,0,GAME_OVER,49,48,2,999,OSLA,-1.0,1.0,OSLA
-2085245251,Checkers,0,GAME_OVER,50,49,2,1000,OSLA,1.0,-1.0,OSLA
-2096651580,Checkers,0,GAME_OVER,124,123,2,1001,OSLA,0.0,0.0,OSLA
-429507769,Checkers,0,GAME_OVER,48,47,2,1002,OSLA,-1.0,1.0,RandomPlayerConfig
1646983889,Checkers,0,GAME_OVER,33,32,2,1003,OSLA,-1.0,1.0,RandomPlayerConfig
-1508144921,Checkers,0,GAME_OVER,29,28,2,1004,OSLA,-1.0,1.0,RandomPlayerConfig
-298402473,Checkers,0,GAME_OVER,36,35,2,1005,OSLA,-1.0,1.0,RandomPlayerConfig
1122538383,Checkers,0,GAME_OVER,34,33,2,1006,OSLA,-1.0,1.0,RandomPlayerConfig
-1677878252,Checkers,0,GAME_OVER,42,41,2,1007,OSLA,-1.0,1.0,RandomPlayerConfig
764054644,Checkers,0,GAME_OVER,37,36,2,1008,OSLA,-1.0,1.0,RandomPlayerConfig
1612447923,Checkers,0,GAME_OVER,39,38,2,1009,OSLA,-1.0,1.0,RandomPlayerConfig
-1766918344,Checkers,0,GAME_OVER,46,45,2,1010,OSLA,-1.0,1.0,RandomPlayerConfig
-99200105,Checkers,0,GAME_OVER,41,40,2,1011,OSLA,-1.0,1.0,RandomPlayerConfig
-2046769698,Checkers,0,GAME_OVER,40,39,2,1012,OSLA,-1.0,1.0,RandomPlayerConfig
-8833104,Checkers,0,GAME_OVER,44,43,2,1013,OSLA,-1.0,1.0,RandomPlayerConfig
2039254330,Checkers,0,GAME_OVER,42,41,2,1014,OSLA,-1.0,1.0,RandomPlayerConfig
904154652,Checkers,0,GAME_OVER,46,45,2,1015,OSLA,-1.0,1.0,RandomPlayerConfig
-944614563,Checkers,0,GAME_OVER,57,56,2,1016,OSLA,-1.0,1.0,RandomPlayerConfig
1458886793,Checkers,0,GAME_OVER,49,48,2,1017,OSLA,-1.0,1.0,RandomPlayerConfig
-133207870,Checkers,0,GAME_OVER,45,44,2,1018,OSLA,-1.0,1.0,RandomPlayerConfig
-1726615699,Checkers,0,GAME_OVER,54,53,2,1019,OSLA,-1.0,1.0,RandomPlayerConfig
-1502585263,Checkers,0,GAME_OVER,33,32,2,1020,OSLA,-1.0,1.0,RandomPlayerConfig
-1700714099,Checkers,0,GAME_OVER,40,39,2,1021,OSLA,-1.0,1.0,RandomPlayerConfig
1159122283,Checkers,0,GAME_OVER,50,49,2,1022,OSLA,-1.0,1.0,RandomPlayerConfig
-1815440261,Checkers,0,GAME_OVER,38,37,2,1023,OSLA,-1.0,1.0,RandomPlayerConfig
1249189018,Checkers,0,GAME_OVER,47,46,2,1024,OSLA,-1.0,1.0,RandomPlayerConfig
1366968798,Checkers,0,GAME_OVER,37,36,2,1025,OSLA,-1.0,1.0,RandomPlayerConfig
755827371,Checkers,0,GAME_OVER,33,32,2,1026,OSLA,-1.0,1.0,RandomPlayerConfig
1193006025,Checkers,0,GAME_OVER,43,42,2,1027,OSLA,-1.0,1.0,RandomPlayerConfig
-1327623385,Checkers,0,GAME_OVER,37,36,2,1028,OSLA,-1.0,1.0,RandomPlayerConfig
-105545099,Checkers,0,GAME_OVER,37,36,2,1029,OSLA,-1.0,1.0,RandomPlayerConfig
1982229135,Checkers,0,GAME_OVER,44,43,2,1030,OSLA,-1.0,1.0,RandomPlayerConfig
877649930,Checkers,0,GAME_OVER,44,43,2,1031,OSLA,-1.0,1.0,RandomPlayerConfig
-1343263283,Checkers,0,GAME_OVER,35,34,2,1032,OSLA,-1.0,1.0,RandomPlayerConfig
700851048,Checkers,0,GAME_OVER,36,35,2,1033,OSLA,-1.0,1.0,RandomPlayerConfig
1089392554,Checkers,0,GAME_OVER,42,41,2,1034,OSLA,-1.0,1.0,RandomPlayerConfig
-1040387831,Checkers,0,GAME_OVER,39,38,2,1035,OSLA,-1.0,1.0,RandomPlayerConfig
-510361511,Checkers,0,GAME_OVER,45,44,2,1036,OSLA,-1.0,1.0,RandomPlayerConfig
863793519,Checkers,0,GAME_OVER,33,32,2,1037,OSLA,-1.0,1.0,RandomPlayerConfig
-1282859446,Checkers,0,GAME_OVER,35,34,2,1038,OSLA,-1.0,1.0,RandomPlayerConfig
981456584,Checkers,0,GAME_OVER,37,36,2,1039,OSLA,-1.0,1.0,RandomPlayerConfig
1631503592,Checkers,0,GAME_OVER,35,34,2,1040,OSLA,-1.0,1.0,RandomPlayerConfig
-1578670172,Checkers,0,GAME_OVER,38,37,2,1041,OSLA,-1.0,1.0,RandomPlayerConfig
-7013139,Checkers,0,GAME_OVER,40,39,2,1042,OSLA,-1.0,1.0,RandomPlayerConfig
-1197073684,Checkers,0,GAME_OVER,34,33,2,1043,OSLA,-1.0,1.0,RandomPlayerConfig
-360322187,Checkers,0,GAME_OVER,49,48,2,1044,OSLA,-1.0,1.0,RandomPlayerConfig
-974499447,Checkers,0,GAME_OVER,37,36,2,1045,OSLA,-1.0,1.0,RandomPlayerConfig
435222515,Checkers,0,GAME_OVER,34,33,2,1046,OSLA,-1.0,1.0,RandomPlayerConfig
982406231,Checkers,0,GAME_OVER,43,42,2,1047,OSLA,-1.0,1.0,RandomPlayerConfig
-1056911694,Checkers,0,GAME_OVER,41,40,2,1048,OSLA,-1.0,1.0,RandomPlayerConfig
-452755121,Checkers,0,GAME_OVER,40,39,2,1049,OSLA,-1.0,1.0,RandomPlayerConfig
734475412,Checkers,0,GAME_OVER,33,32,2,1050,OSLA,-1.0,1.0,RandomPlayerConfig
-1110994666,Checkers,0,GAME_OVER,41,40,2,1051,OSLA,-1.0,1.0,RandomPlayerConfig
955802140,Checkers,0,GAME_OVER,36,35,2,1052,OSLA,-1.0,1.0,RandomPlayerConfig
30516821,Checkers,0,GAME_OVER,34,33,2,1053,OSLA,-1.0,1.0,RandomPlayerConfig
-121774317,Checkers,0,GAME_OVER,49,48,2,1054,OSLA,-1.0,1.0,RandomPlayerConfig
-186451330,Checkers,0,GAME_OVER,46,45,2,1055,OSLA,-1.0,1.0,RandomPlayerConfig
1762848073,Checkers,0,GAME_OVER,40,39,2,1056,OSLA,-1.0,1.0,RandomPlayerConfig
-491157522,Checkers,0,GAME_OVER,41,40,2,1057,OSLA,-1.0,1.0,RandomPlayerConfig
-1107048397,Checkers,0,GAME_OVER,38,37,2,1058,OSLA,-1.0,1.0,RandomPlayerConfig
1413027729,Checkers,0,GAME_OVER,33,32,2,1059,OSLA,-1.0,1.0,RandomPlayerConfig
-1071175548,Checkers,0,GAME_OVER,46,45,2,1060,OSLA,-1.0,1.0,RandomPlayerConfig
954607719,Checkers,0,GAME_OVER,33,32,2,1061,OSLA,-1.0,1.0,RandomPlayerConfig
-1400576534,Checkers,0,GAME_OVER,42,41,2,1062,OSLA,-1.0,1.0,RandomPlayerConfig
64377253,Checkers,0,GAME_OVER,38,37,2,1063,OSLA,-1.0,1.0,RandomPlayerConfig
88870555,Checkers,0,GAME_OVER,38,37,2,1064,OSLA,-1.0,1.0,RandomPlayerConfig
620336199,Checkers,0,GAME_OVER,31,30,2,1065,OSLA,-1.0,1.0,RandomPlayerConfig
1293527892,Checkers,0,GAME_OVER,37,36,2,1066,OSLA,-1.0,1.0,RandomPlayerConfig
-1114071225,Checkers,0,GAME_OVER,45,44,2,1067,OSLA,-1.0,1.0,RandomPlayerConfig
-734824458,Checkers,0,GAME_OVER,44,43,2,1068,OSLA,-1.0,1.0,RandomPlayerConfig
-547036712,Checkers,0,GAME_OVER,44,43,2,1069,OSLA,-1.0,1.0,RandomPlayerConfig
1128229866,Checkers,0,GAME_OVER,38,37,2,1070,OSLA,-1.0,1.0,RandomPlayerConfig
-356353700,Checkers,0,GAME_OVER,40,39,2,1071,OSLA,-1.0,1.0,RandomPlayerConfig
1915409131,Checkers,0,GAME_OVER,49,48,2,1072,OSLA,-1.0,1.0,RandomPlayerConfig
-725474074,Checkers,0,GAME_OVER,43,42,2,1073,OSLA,-1.0,1.0,RandomPlayerConfig
-518570509,Checkers,0,GAME_OVER,38,37,2,1074,OSLA,-1.0,1.0,RandomPlayerConfig
31817353,Checkers,0,GAME_OVER,35,34,2,1075,OSLA,-1.0,1.0,RandomPlayerConfig
-234975919,Checkers,0,GAME_OVER,34,33,2,1076,OSLA,-1.0,1.0,RandomPlayerConfig
-353150266,Checkers,0,GAME_OVER,35,34,2,1077,OSLA,-1.0,1.0,RandomPlayerConfig
1766592570,Checkers,0,GAME_OVER,40,39,2,1078,OSLA,-1.0,1.0,RandomPlayerConfig
1732864212,Checkers,0,GAME_OVER,53,52,2,1079,OSLA,-1.0,1.0,RandomPlayerConfig
-340655278,Checkers,0,GAME_OVER,32,31,2,1080,OSLA,-1.0,1.0,RandomPlayerConfig
-25849191,Checkers,0,GAME_OVER,44,43,2,1081,OSLA,-1.0,1.0,RandomPlayerConfig
945284864,Checkers,0,GAME_OVER,33,32,2,1082,OSLA,-1.0,1.0,RandomPlayerConfig
-48612981,Checkers,0,GAME_OVER,35,34,2,1083,OSLA,-1.0,1.0,RandomPlayerConfig
-1983445115,Checkers,0,GAME_OVER,37,36,2,1084,OSLA,-1.0,1.0,RandomPlayerConfig
-1735928366,Checkers,0,GAME_OVER,41,40,2,1085,OSLA,-1.0,1.0,RandomPlayerConfig
430666804,Checkers,0,GAME_OVER,39,38,2,1086,OSLA,-1.0,1.0,RandomPlayerConfig
1609744228,Checkers,0,GAME_OVER,31,30,2,1087,OSLA,-1.0,1.0,RandomPlayerConfig
-1511172036,Checkers,0,GAME_OVER,40,39,2,1088,OSLA,-1.0,1.0,RandomPlayerConfig
-893807371,Checkers,0,GAME_OVER,33,32,2,1089,OSLA,-1.0,1.0,RandomPlayerConfig
-172327199,Checkers,0,GAME_OVER,39,38,2,1090,OSLA,-1.0,1.0,RandomPlayerConfig
503765733,Checkers,0,GAME_OVER,43,42,2,1091,OSLA,-1.0,1.0,RandomPlayerConfig
61052441,Checkers,0,GAME_OVER,33,32,2,1092,OSLA,-1.0,1.0,RandomPlayerConfig
1802280096,Checkers,0,GAME_OVER,33,32,2,1093,OSLA,-1.0,1.0,RandomPlayerConfig
-1356673561,Checkers,0,GAME_OVER,36,35,2,1094,OSLA,-1.0,1.0,RandomPlayerConfig
1300440325,Checkers,0,GAME_OVER,37,36,2,1095,OSLA,-1.0,1.0,RandomPlayerConfig
500731879,Checkers,0,GAME_OVER,50,49,2,1096,OSLA,-1.0,1.0,RandomPlayerConfig
1293080270,Checkers,0,GAME_OVER,42,41,2,1097,OSLA,-1.0,1.0,RandomPlayerConfig
1179290093,Checkers,0,GAME_OVER,39,38,2,1098,OSLA,-1.0,1.0,RandomPlayerConfig
-403842029,Checkers,0,GAME_OVER,38,37,2,1099,OSLA,-1.0,1.0,RandomPlayerConfig
1043658662,Checkers,0,GAME_OVER,57,56,2,1100,OSLA,-1.0,1.0,RandomPlayerConfig
-1481614246,Checkers,0,GAME_OVER,29,28,2,1101,OSLA,-1.0,1.0,RandomPlayerConfig
1059998357,Checkers,0,GAME_OVER,49,48,2,1102,OSLA,-1.0,1.0,RandomPlayerConfig
-2035336489,Checkers,0,GAME_OVER,40,39,2,1103,OSLA,-1.0,1.0,RandomPlayerConfig
-828189465,Checkers,0,GAME_OVER,25,24,2,1104,OSLA,-1.0,1.0,RandomPlayerConfig
-1112630590,Checkers,0,GAME_OVER,39,38,2,1105,OSLA,-1.0,1.0,RandomPlayerConfig
1273381618,Checkers,0,GAME_OVER,41,40,2,1106,OSLA,-1.0,1.0,RandomPlayerConfig
916823542,Checkers,0,GAME_OVER,44,43,2,1107,OSLA,-1.0,1.0,RandomPlayerConfig
-1188476838,Checkers,0,GAME_OVER,41,40,2,1108,OSLA,-1.0,1.0,RandomPlayerConfig
-1030385106,Checkers,0,GAME_OVER,33,32,2,1109,OSLA,-1.0,1.0,RandomPlayerConfig
-1695727306,Checkers,0,GAME_OVER,49,48,2,1110,OSLA,-1.0,1.0,RandomPlayerConfig
1745623962,Checkers,0,GAME_OVER,43,42,2,1111,OSLA,-1.0,1.0,RandomPlayerConfig
-1131907931,Checkers,0,GAME_OVER,39,38,2,1112,OSLA,-1.0,1.0,RandomPlayerConfig
1879863216,Checkers,0,GAME_OVER,34,33,2,1113,OSLA,-1.0,1.0,RandomPlayerConfig
28013999,Checkers,0,GAME_OVER,40,39,2,1114,OSLA,-1.0,1.0,RandomPlayerConfig
-1153404590,Checkers,0,GAME_OVER,40,39,2,1115,OSLA,-1.0,1.0,RandomPlayerConfig
1986699382,Checkers,0,GAME_OVER,63,62,2,1116,OSLA,-1.0,1.0,RandomPlayerConfig
1137903563,Checkers,0,GAME_OVER,36,35,2,1117,OSLA,-1.0,1.0,RandomPlayerConfig
-311282444,Checkers,0,GAME_OVER,54,53,2,1118,OSLA,-1.0,1.0,RandomPlayerConfig
-329290698,Checkers,0,GAME_OVER,41,40,2,1119,OSLA,-1.0,1.0,RandomPlayerConfig
1941759451,Checkers,0,GAME_OVER,38,37,2,1120,OSLA,-1.0,1.0,RandomPlayerConfig
-1669728967,Checkers,0,GAME_OVER,33,32,2,1121,OSLA,-1.0,1.0,RandomPlayerConfig
1580542299,Checkers,0,GAME_OVER,47,46,2,1122,OSLA,-1.0,1.0,RandomPlayerConfig
628961102,Checkers,0,GAME_OVER,39,38,2,1123,OSLA,-1.0,1.0,RandomPlayerConfig
1578304208,Checkers,0,GAME_OVER,42,41,2,1124,OSLA,-1.0,1.0,RandomPlayerConfig
1521967080,Checkers,0,GAME_OVER,37,36,2,1125,OSLA,-1.0,1.0,RandomPlayerConfig
-1306482771,Checkers,0,GAME_OVER,41,40,2,1126,OSLA,-1.0,1.0,RandomPlayerConfig
-340722637,Checkers,0,GAME_OVER,36,35,2,1127,OSLA,-1.0,1.0,RandomPlayerConfig
-1356914919,Checkers,0,GAME_OVER,38,37,2,1128,OSLA,-1.0,1.0,RandomPlayerConfig
512929862,Checkers,0,GAME_OVER,44,43,2,1129,OSLA,-1.0,1.0,RandomPlayerConfig
787749660,Checkers,0,GAME_OVER,31,30,2,1130,OSLA,-1.0,1.0,RandomPlayerConfig
-192781833,Checkers,0,GAME_OVER,36,35,2,1131,OSLA,-1.0,1.0,RandomPlayerConfig
-1702913198,Checkers,0,GAME_OVER,35,34,2,1132,OSLA,-1.0,1.0,RandomPlayerConfig
-92163394,Checkers,0,GAME_OVER,40,39,2,1133,OSLA,-1.0,1.0,RandomPlayerConfig
-1459438475,Checkers,0,GAME_OVER,37,36,2,1134,OSLA,-1.0,1.0,RandomPlayerConfig
-507513278,Checkers,0,GAME_OVER,36,35,2,1135,OSLA,-1.0,1.0,RandomPlayerConfig
-676184764,Checkers,0,GAME_OVER,37,36,2,1136,OSLA,-1.0,1.0,RandomPlayerConfig
-1623855231,Checkers,0,GAME_OVER,32,31,2,1137,OSLA,-1.0,1.0,RandomPlayerConfig
-2027157359,Checkers,0,GAME_OVER,39,38,2,1138,OSLA,-1.0,1.0,RandomPlayerConfig
-140116804,Checkers,0,GAME_OVER,46,45,2,1139,OSLA,-1.0,1.0,RandomPlayerConfig
-216183431,Checkers,0,GAME_OVER,52,51,2,1140,OSLA,-1.0,1.0,RandomPlayerConfig
-1451148663,Checkers,0,GAME_OVER,38,37,2,1141,OSLA,-1.0,1.0,RandomPlayerConfig
-2109691375,Checkers,0,GAME_OVER,47,46,2,1142,OSLA,-1.0,1.0,RandomPlayerConfig
-826433358,Checkers,0,GAME_OVER,42,41,2,1143,OSLA,-1.0,1.0,RandomPlayerConfig
-216761838,Checkers,0,GAME_OVER,33,32,2,1144,OSLA,-1.0,1.0,RandomPlayerConfig
1017429978,Checkers,0,GAME_OVER,44,43,2,1145,OSLA,-1.0,1.0,RandomPlayerConfig
-1537226167,Checkers,0,GAME_OVER,38,37,2,1146,OSLA,-1.0,1.0,RandomPlayerConfig
507749619,Checkers,0,GAME_OVER,42,41,2,1147,OSLA,-1.0,1.0,RandomPlayerConfig
-1513581865,Checkers,0,GAME_OVER,45,44,2,1148,OSLA,-1.0,1.0,RandomPlayerConfig
1322127370,Checkers,0,GAME_OVER,41,40,2,1149,OSLA,-1.0,1.0,RandomPlayerConfig
891551100,Checkers,0,GAME_OVER,43,42,2,1150,OSLA,-1.0,1.0,RandomPlayerConfig
2138025467,Checkers,0,GAME_OVER,36,35,2,1151,OSLA,-1.0,1.0,RandomPlayerConfig
1684959887,Checkers,0,GAME_OVER,27,26,2,1152,OSLA,-1.0,1.0,RandomPlayerConfig
-1480986365,Checkers,0,GAME_OVER,32,31,2,1153,OSLA,-1.0,1.0,RandomPlayerConfig
-650756534,Checkers,0,GAME_OVER,46,45,2,1154,OSLA,-1.0,1.0,RandomPlayerConfig
1407421011,Checkers,0,GAME_OVER,43,42,2,1155,OSLA,-1.0,1.0,RandomPlayerConfig
-1613059695,Checkers,0,GAME_OVER,34,33,2,1156,OSLA,-1.0,1.0,RandomPlayerConfig
850196232,Checkers,0,GAME_OVER,48,47,2,1157,OSLA,-1.0,1.0,RandomPlayerConfig
1515236453,Checkers,0,GAME_OVER,30,29,2,1158,OSLA,-1.0,1.0,RandomPlayerConfig
1276910903,Checkers,0,GAME_OVER,29,28,2,1159,OSLA,-1.0,1.0,RandomPlayerConfig
412401050,Checkers,0,GAME_OVER,42,41,2,1160,OSLA,-1.0,1.0,RandomPlayerConfig
-647091723,Checkers,0,GAME_OVER,41,40,2,1161,OSLA,-1.0,1.0,RandomPlayerConfig
1730282123,Checkers,0,GAME_OVER,41,40,2,1162,OSLA,-1.0,1.0,RandomPlayerConfig
-869019784,Checkers,0,GAME_OVER,33,32,2,1163,OSLA,-1.0,1.0,RandomPlayerConfig
1094587105,Checkers,0,GAME_OVER,32,31,2,1164,OSLA,-1.0,1.0,RandomPlayerConfig
368065226,Checkers,0,GAME_OVER,32,31,2,1165,OSLA,-1.0,1.0,RandomPlayerConfig
1813903280,Checkers,0,GAME_OVER,52,51,2,1166,OSLA,-1.0,1.0,RandomPlayerConfig
669035172,Checkers,0,GAME_OVER,48,47,2,1167,OSLA,-1.0,1.0,RandomPlayerConfig
1398133352,Checkers,0,GAME_OVER,37,36,2,1168,OSLA,-1.0,1.0,RandomPlayerConfig
-132510359,Checkers,0,GAME_OVER,38,37,2,1169,OSLA,-1.0,1.0,RandomPlayerConfig
777387897,Checkers,0,GAME_OVER,43,42,2,1170,OSLA,-1.0,1.0,RandomPlayerConfig
1352041059,Checkers,0,GAME_OVER,31,30,2,1171,OSLA,-1.0,1.0,RandomPlayerConfig
86270357,Checkers,0,GAME_OVER,38,37,2,1172,OSLA,-1.0,1.0,RandomPlayerConfig
-1125672290,Checkers,0,GAME_OVER,48,47,2,1173,OSLA,-1.0,1.0,RandomPlayerConfig
-2093408783,Checkers,0,GAME_OVER,34,33,2,1174,OSLA,-1.0,1.0,RandomPlayerConfig
-1403531229,Checkers,0,GAME_OVER,35,34,2,1175,OSLA,-1.0,1.0,RandomPlayerConfig
1496203009,Checkers,0,GAME_OVER,28,27,2,1176,OSLA,-1.0,1.0,RandomPlayerConfig
-1071092128,Checkers,0,GAME_OVER,42,41,2,1177,OSLA,-1.0,1.0,RandomPlayerConfig
-1026506122,Checkers,0,GAME_OVER,47,46,2,1178,OSLA,-1.0,1.0,RandomPlayerConfig
-683268873,Checkers,0,GAME_OVER,37,36,2,1179,OSLA,-1.0,1.0,RandomPlayerConfig
-2059970418,Checkers,0,GAME_OVER,43,42,2,1180,OSLA,-1.0,1.0,RandomPlayerConfig
-1968093610,Checkers,0,GAME_OVER,38,37,2,1181,OSLA,-1.0,1.0,RandomPlayerConfig
16506356,Checkers,0,GAME_OVER,31,30,2,1182,OSLA,-1.0,1.0,RandomPlayerConfig
-1481812548,Checkers,0,GAME_OVER,38,37,2,1183,OSLA,-1.0,1.0,RandomPlayerConfig
-1646448962,Checkers,0,GAME_OVER,33,32,2,1184,OSLA,-1.0,1.0,RandomPlayerConfig
-936733540,Checkers,0,GAME_OVER,32,31,2,1185,OSLA,-1.0,1.0,RandomPlayerConfig
-997676971,Checkers,0,GAME_OVER,31,30,2,1186,OSLA,-1.0,1.0,RandomPlayerConfig
-363674243,Checkers,0,GAME_OVER,29,28,2,1187,OSLA,-1.0,1.0,RandomPlayerConfig
1298094402,Checkers,0,GAME_OVER,34,33,2,1188,OSLA,-1.0,1.0,RandomPlayerConfig
-771888442,Checkers,0,GAME_OVER,46,45,2,1189,OSLA,-1.0,1.0,RandomPlayerConfig
-1675572936,Checkers,0,GAME_OVER,37,36,2,1190,OSLA,-1.0,1.0,RandomPlayerConfig
-1786482152,Checkers,0,GAME_OVER,43,42,2,1191,OSLA,-1.0,1.0,RandomPlayerConfig
-174898991,Checkers,0,GAME_OVER,39,38,2,1192,OSLA,-1.0,1.0,RandomPlayerConfig
1149276452,Checkers,0,GAME_OVER,38,37,2,1193,OSLA,-1.0,1.0,RandomPlayerConfig
1342363616,Checkers,0,GAME_OVER,49,48,2,1194,OSLA,-1.0,1.0,RandomPlayerConfig
721004321,Checkers,0,GAME_OVER,31,30,2,1195,OSLA,-1.0,1.0,RandomPlayerConfig
-545709509,Checkers,0,GAME_OVER,39,38,2,1196,OSLA,-1.0,1.0,RandomPlayerConfig
1352257095,Checkers,0,GAME_OVER,43,42,2,1197,OSLA,-1.0,1.0,RandomPlayerConfig
1874814574,Checkers,0,GAME_OVER,30,29,2,1198,OSLA,-1.0,1.0,RandomPlayerConfig
1431403269,Checkers,0,GAME_OVER,36,35,2,1199,OSLA,-1.0,1.0,RandomPlayerConfig
-2085245251,Checkers,0,GAME_OVER,37,36,2,1200,OSLA,-1.0,1.0,RandomPlayerConfig
-2096651580,Checkers,0,GAME_OVER,37,36,2,1201,OSLA,-1.0,1.0,RandomPlayerConfig
-429507769,Checkers,0,GAME_OVER,39,38,2,1202,RandomPlayerConfig,1.0,-1.0,MCTS_CheckersHeuristic
1646983889,Checkers,0,GAME_OVER,46,45,2,1203,RandomPlayerConfig,1.0,-1.0,MCTS_CheckersHeuristic
-1508144921,Checkers,0,GAME_OVER,41,40,2,1204,RandomPlayerConfig,1.0,-1.0,MCTS_CheckersHeuristic
-298402473,Checkers,0,GAME_OVER,40,39,2,1205,RandomPlayerConfig,1.0,-1.0,MCTS_CheckersHeuristic
1122538383,Checkers,0,GAME_OVER,35,34,2,1206,RandomPlayerConfig,1.0,-1.0,MCTS_CheckersHeuristic
-1677878252,Checkers,0,GAME_OVER,36,35,2,1207,RandomPlayerConfig,1.0,-1.0,MCTS_CheckersHeuristic
764054644,Checkers,0,GAME_OVER,30,29,2,1208,RandomPlayerConfig,1.0,-1.0,MCTS_CheckersHeuristic
1612447923,Checkers,0,GAME_OVER,43,42,2,1209,RandomPlayerConfig,1.0,-1.0,MCTS_CheckersHeuristic
-1766918344,Checkers,0,GAME_OVER,46,45,2,1210,RandomPlayerConfig,1.0,-1.0,MCTS_CheckersHeuristic
-99200105,Checkers,0,GAME_OVER,41,40,2,1211,RandomPlayerConfig,1.0,-1.0,MCTS_CheckersHeuristic
-2046769698,Checkers,0,GAME_OVER,32,31,2,1212,RandomPlayerConfig,1.0,-1.0,MCTS_CheckersHeuristic
-8833104,Checkers,0,GAME_OVER,40,39,2,1213,RandomPlayerConfig,1.0,-1.0,MCTS_CheckersHeuristic
2039254330,Checkers,0,GAME_OVER,29,28,2,1214,RandomPlayerConfig,1.0,-1.0,MCTS_CheckersHeuristic
904154652,Checkers,0,GAME_OVER,37,36,2,1215,RandomPlayerConfig,1.0,-1.0,MCTS_CheckersHeuristic
-944614563,Checkers,0,GAME_OVER,36,35,2,1216,RandomPlayerConfig,1.0,-1.0,MCTS_CheckersHeuristic
1458886793,Checkers,0,GAME_OVER,41,40,2,1217,RandomPlayerConfig,1.0,-1.0,MCTS_CheckersHeuristic
-133207870,Checkers,0,GAME_OVER,36,35,2,1218,RandomPlayerConfig,1.0,-1.0,MCTS_CheckersHeuristic
-1726615699,Checkers,0,GAME_OVER,43,42,2,1219,RandomPlayerConfig,1.0,-1.0,MCTS_CheckersHeuristic
-1502585263,Checkers,0,GAME_OVER,43,42,2,1220,RandomPlayerConfig,1.0,-1.0,MCTS_CheckersHeuristic
-1700714099,Checkers,0,GAME_OVER,42,41,2,1221,RandomPlayerConfig,1.0,-1.0,MCTS_CheckersHeuristic
1159122283,Checkers,0,GAME_OVER,36,35,2,1222,RandomPlayerConfig,1.0,-1.0,MCTS_CheckersHeuristic
-1815440261,Checkers,0,GAME_OVER,37,36,2,1223,RandomPlayerConfig,1.0,-1.0,MCTS_CheckersHeuristic
1249189018,Checkers,0,GAME_OVER,46,45,2,1224,RandomPlayerConfig,1.0,-1.0,MCTS_CheckersHeuristic
1366968798,Checkers,0,GAME_OVER,37,36,2,1225,RandomPlayerConfig,1.0,-1.0,MCTS_CheckersHeuristic
755827371,Checkers,0,GAME_OVER,41,40,2,1226,RandomPlayerConfig,1.0,-1.0,MCTS_CheckersHeuristic
1193006025,Checkers,0,GAME_OVER,35,34,2,1227,RandomPlayerConfig,1.0,-1.0,MCTS_CheckersHeuristic
-1327623385,Checkers,0,GAME_OVER,27,26,2,1228,RandomPlayerConfig,1.0,-1.0,MCTS_CheckersHeuristic
-105545099,Checkers,0,GAME_OVER,39,38,2,1229,RandomPlayerConfig,1.0,-1.0,MCTS_CheckersHeuristic
1982229135,Checkers,0,GAME_OVER,42,41,2,1230,RandomPlayerConfig,1.0,-1.0,MCTS_CheckersHeuristic
877649930,Checkers,0,GAME_OVER,36,35,2,1231,RandomPlayerConfig,1.0,-1.0,MCTS_CheckersHeuristic
-1343263283,Checkers,0,GAME_OVER,30,29,2,1232,RandomPlayerConfig,1.0,-1.0,MCTS_CheckersHeuristic
700851048,Checkers,0,GAME_OVER,37,36,2,1233,RandomPlayerConfig,1.0,-1.0,MCTS_CheckersHeuristic
1089392554,Checkers,0,GAME_OVER,59,58,2,1234,RandomPlayerConfig,1.0,-1.0,MCTS_CheckersHeuristic
-1040387831,Checkers,0,GAME_OVER,32,31,2,1235,RandomPlayerConfig,1.0,-1.0,MCTS_CheckersHeuristic
-510361511,Checkers,0,GAME_OVER,33,32,2,1236,RandomPlayerConfig,1.0,-1.0,MCTS_CheckersHeuristic
863793519,Checkers,0,GAME_OVER,36,35,2,1237,RandomPlayerConfig,1.0,-1.0,MCTS_CheckersHeuristic
-1282859446,Checkers,0,GAME_OVER,52,51,2,1238,RandomPlayerConfig,1.0,-1.0,MCTS_CheckersHeuristic
981456584,Checkers,0,GAME_OVER,48,47,2,1239,RandomPlayerConfig,1.0,-1.0,MCTS_CheckersHeuristic
1631503592,Checkers,0,GAME_OVER,38,37,2,1240,RandomPlayerConfig,1.0,-1.0,MCTS_CheckersHeuristic
-1578670172,Checkers,0,GAME_OVER,42,41,2,1241,RandomPlayerConfig,1.0,-1.0,MCTS_CheckersHeuristic
-7013139,Checkers,0,GAME_OVER,39,38,2,1242,RandomPlayerConfig,1.0,-1.0,MCTS_CheckersHeuristic
-1197073684,Checkers,0,GAME_OVER,34,33,2,1243,RandomPlayerConfig,1.0,-1.0,MCTS_CheckersHeuristic
-360322187,Checkers,0,GAME_OVER,37,36,2,1244,RandomPlayerConfig,1.0,-1.0,MCTS_CheckersHeuristic
-974499447,Checkers,0,GAME_OVER,29,28,2,1245,RandomPlayerConfig,1.0,-1.0,MCTS_CheckersHeuristic
435222515,Checkers,0,GAME_OVER,36,35,2,1246,RandomPlayerConfig,1.0,-1.0,MCTS_CheckersHeuristic
982406231,Checkers,0,GAME_OVER,58,57,2,1247,RandomPlayerConfig,1.0,-1.0,MCTS_CheckersHeuristic
-1056911694,Checkers,0,GAME_OVER,36,35,2,1248,RandomPlayerConfig,1.0,-1.0,MCTS_CheckersHeuristic
-452755121,Checkers,0,GAME_OVER,34,33,2,1249,RandomPlayerConfig,1.0,-1.0,MCTS_CheckersHeuristic
734475412,Checkers,0,GAME_OVER,36,35,2,1250,RandomPlayerConfig,1.0,-1.0,MCTS_CheckersHeuristic
-1110994666,Checkers,0,GAME_OVER,34,33,2,1251,RandomPlayerConfig,1.0,-1.0,MCTS_CheckersHeuristic
955802140,Checkers,0,GAME_OVER,45,44,2,1252,RandomPlayerConfig,1.0,-1.0,MCTS_CheckersHeuristic
30516821,Checkers,0,GAME_OVER,43,42,2,1253,RandomPlayerConfig,1.0,-1.0,MCTS_CheckersHeuristic
-121774317,Checkers,0,GAME_OVER,38,37,2,1254,RandomPlayerConfig,1.0,-1.0,MCTS_CheckersHeuristic
-186451330,Checkers,0,GAME_OVER,42,41,2,1255,RandomPlayerConfig,1.0,-1.0,MCTS_CheckersHeuristic
1762848073,Checkers,0,GAME_OVER,33,32,2,1256,RandomPlayerConfig,1.0,-1.0,MCTS_CheckersHeuristic
-491157522,Checkers,0,GAME_OVER,32,31,2,1257,RandomPlayerConfig,1.0,-1.0,MCTS_CheckersHeuristic
-1107048397,Checkers,0,GAME_OVER,37,36,2,1258,RandomPlayerConfig,1.0,-1.0,MCTS_CheckersHeuristic
1413027729,Checkers,0,GAME_OVER,43,42,2,1259,RandomPlayerConfig,1.0,-1.0,MCTS_CheckersHeuristic
-1071175548,Checkers,0,GAME_OVER,45,44,2,1260,RandomPlayerConfig,1.0,-1.0,MCTS_CheckersHeuristic
954607719,Checkers,0,GAME_OVER,47,46,2,1261,RandomPlayerConfig,1.0,-1.0,MCTS_CheckersHeuristic
-1400576534,Checkers,0,GAME_OVER,35,34,2,1262,RandomPlayerConfig,1.0,-1.0,MCTS_CheckersHeuristic
64377253,Checkers,0,GAME_OVER,36,35,2,1263,RandomPlayerConfig,1.0,-1.0,MCTS_CheckersHeuristic
88870555,Checkers,0,GAME_OVER,37,36,2,1264,RandomPlayerConfig,1.0,-1.0,MCTS_CheckersHeuristic
620336199,Checkers,0,GAME_OVER,40,39,2,1265,RandomPlayerConfig,1.0,-1.0,MCTS_CheckersHeuristic
1293527892,Checkers,0,GAME_OVER,40,39,2,1266,RandomPlayerConfig,1.0,-1.0,MCTS_CheckersHeuristic
-1114071225,Checkers,0,GAME_OVER,30,29,2,1267,RandomPlayerConfig,1.0,-1.0,MCTS_CheckersHeuristic
-734824458,Checkers,0,GAME_OVER,49,48,2,1268,RandomPlayerConfig,1.0,-1.0,MCTS_CheckersHeuristic
-547036712,Checkers,0,GAME_OVER,43,42,2,1269,RandomPlayerConfig,1.0,-1.0,MCTS_CheckersHeuristic
1128229866,Checkers,0,GAME_OVER,37,36,2,1270,RandomPlayerConfig,1.0,-1.0,MCTS_CheckersHeuristic
-356353700,Checkers,0,GAME_OVER,35,34,2,1271,RandomPlayerConfig,1.0,-1.0,MCTS_CheckersHeuristic
1915409131,Checkers,0,GAME_OVER,47,46,2,1272,RandomPlayerConfig,1.0,-1.0,MCTS_CheckersHeuristic
-725474074,Checkers,0,GAME_OVER,39,38,2,1273,RandomPlayerConfig,1.0,-1.0,MCTS_CheckersHeuristic
-518570509,Checkers,0,GAME_OVER,35,34,2,1274,RandomPlayerConfig,1.0,-1.0,MCTS_CheckersHeuristic
31817353,Checkers,0,GAME_OVER,38,37,2,1275,RandomPlayerConfig,1.0,-1.0,MCTS_CheckersHeuristic
-234975919,Checkers,0,GAME_OVER,41,40,2,1276,RandomPlayerConfig,1.0,-1.0,MCTS_CheckersHeuristic
-353150266,Checkers,0,GAME_OVER,50,49,2,1277,RandomPlayerConfig,1.0,-1.0,MCTS_CheckersHeuristic
1766592570,Checkers,0,GAME_OVER,28,27,2,1278,RandomPlayerConfig,1.0,-1.0,MCTS_CheckersHeuristic
1732864212,Checkers,0,GAME_OVER,40,39,2,1279,RandomPlayerConfig,1.0,-1.0,MCTS_CheckersHeuristic
-340655278,Checkers,0,GAME_OVER,43,42,2,1280,RandomPlayerConfig,1.0,-1.0,MCTS_CheckersHeuristic
-25849191,Checkers,0,GAME_OVER,51,50,2,1281,RandomPlayerConfig,1.0,-1.0,MCTS_CheckersHeuristic
945284864,Checkers,0,GAME_OVER,45,44,2,1282,RandomPlayerConfig,1.0,-1.0,MCTS_CheckersHeuristic
-48612981,Checkers,0,GAME_OVER,35,34,2,1283,RandomPlayerConfig,1.0,-1.0,MCTS_CheckersHeuristic
-1983445115,Checkers,0,GAME_OVER,41,40,2,1284,RandomPlayerConfig,1.0,-1.0,MCTS_CheckersHeuristic
-1735928366,Checkers,0,GAME_OVER,45,44,2,1285,RandomPlayerConfig,1.0,-1.0,MCTS_CheckersHeuristic
430666804,Checkers,0,GAME_OVER,48,47,2,1286,RandomPlayerConfig,1.0,-1.0,MCTS_CheckersHeuristic
1609744228,Checkers,0,GAME_OVER,41,40,2,1287,RandomPlayerConfig,1.0,-1.0,MCTS_CheckersHeuristic
-1511172036,Checkers,0,GAME_OVER,36,35,2,1288,RandomPlayerConfig,1.0,-1.0,MCTS_CheckersHeuristic
-893807371,Checkers,0,GAME_OVER,35,34,2,1289,RandomPlayerConfig,1.0,-1.0,MCTS_CheckersHeuristic
-172327199,Checkers,0,GAME_OVER,34,33,2,1290,RandomPlayerConfig,1.0,-1.0,MCTS_CheckersHeuristic
503765733,Checkers,0,GAME_OVER,33,32,2,1291,RandomPlayerConfig,1.0,-1.0,MCTS_CheckersHeuristic
61052441,Checkers,0,GAME_OVER,33,32,2,1292,RandomPlayerConfig,1.0,-1.0,MCTS_CheckersHeuristic
1802280096,Checkers,0,GAME_OVER,51,50,2,1293,RandomPlayerConfig,1.0,-1.0,MCTS_CheckersHeuristic
-1356673561,Checkers,0,GAME_OVER,43,42,2,1294,RandomPlayerConfig,1.0,-1.0,MCTS_CheckersHeuristic
1300440325,Checkers,0,GAME_OVER,28,27,2,1295,RandomPlayerConfig,1.0,-1.0,MCTS_CheckersHeuristic
500731879,Checkers,0,GAME_OVER,53,52,2,1296,RandomPlayerConfig,1.0,-1.0,MCTS_CheckersHeuristic
1293080270,Checkers,0,GAME_OVER,39,38,2,1297,RandomPlayerConfig,1.0,-1.0,MCTS_CheckersHeuristic
1179290093,Checkers,0,GAME_OVER,37,36,2,1298,RandomPlayerConfig,1.0,-1.0,MCTS_CheckersHeuristic
-403842029,Checkers,0,GAME_OVER,47,46,2,1299,RandomPlayerConfig,1.0,-1.0,MCTS_CheckersHeuristic
1043658662,Checkers,0,GAME_OVER,38,37,2,1300,RandomPlayerConfig,1.0,-1.0,MCTS_CheckersHeuristic
-1481614246,Checkers,0,GAME_OVER,45,44,2,1301,RandomPlayerConfig,1.0,-1.0,MCTS_CheckersHeuristic
1059998357,Checkers,0,GAME_OVER,35,34,2,1302,RandomPlayerConfig,1.0,-1.0,MCTS_CheckersHeuristic
-2035336489,Checkers,0,GAME_OVER,39,38,2,1303,RandomPlayerConfig,1.0,-1.0,MCTS_CheckersHeuristic
-828189465,Checkers,0,GAME_OVER,34,33,2,1304,RandomPlayerConfig,1.0,-1.0,MCTS_CheckersHeuristic
-1112630590,Checkers,0,GAME_OVER,39,38,2,1305,RandomPlayerConfig,1.0,-1.0,MCTS_CheckersHeuristic
1273381618,Checkers,0,GAME_OVER,47,46,2,1306,RandomPlayerConfig,1.0,-1.0,MCTS_CheckersHeuristic
916823542,Checkers,0,GAME_OVER,40,39,2,1307,RandomPlayerConfig,1.0,-1.0,MCTS_CheckersHeuristic
-1188476838,Checkers,0,GAME_OVER,40,39,2,1308,RandomPlayerConfig,1.0,-1.0,MCTS_CheckersHeuristic
-1030385106,Checkers,0,GAME_OVER,41,40,2,1309,RandomPlayerConfig,1.0,-1.0,MCTS_CheckersHeuristic
-1695727306,Checkers,0,GAME_OVER,36,35,2,1310,RandomPlayerConfig,1.0,-1.0,MCTS_CheckersHeuristic
1745623962,Checkers,0,GAME_OVER,55,54,2,1311,RandomPlayerConfig,1.0,-1.0,MCTS_CheckersHeuristic
-1131907931,Checkers,0,GAME_OVER,40,39,2,1312,RandomPlayerConfig,1.0,-1.0,MCTS_CheckersHeuristic
1879863216,Checkers,0,GAME_OVER,34,33,2,1313,RandomPlayerConfig,1.0,-1.0,MCTS_CheckersHeuristic
28013999,Checkers,0,GAME_OVER,37,36,2,1314,RandomPlayerConfig,1.0,-1.0,MCTS_CheckersHeuristic
-1153404590,Checkers,0,GAME_OVER,31,30,2,1315,RandomPlayerConfig,1.0,-1.0,MCTS_CheckersHeuristic
1986699382,Checkers,0,GAME_OVER,48,47,2,1316,RandomPlayerConfig,1.0,-1.0,MCTS_CheckersHeuristic
1137903563,Checkers,0,GAME_OVER,40,39,2,1317,RandomPlayerConfig,1.0,-1.0,MCTS_CheckersHeuristic
-311282444,Checkers,0,GAME_OVER,39,38,2,1318,RandomPlayerConfig,1.0,-1.0,MCTS_CheckersHeuristic
-329290698,Checkers,0,GAME_OVER,45,44,2,1319,RandomPlayerConfig,1.0,-1.0,MCTS_CheckersHeuristic
1941759451,Checkers,0,GAME_OVER,42,41,2,1320,RandomPlayerConfig,1.0,-1.0,MCTS_CheckersHeuristic
-1669728967,Checkers,0,GAME_OVER,45,44,2,1321,RandomPlayerConfig,1.0,-1.0,MCTS_CheckersHeuristic
1580542299,Checkers,0,GAME_OVER,42,41,2,1322,RandomPlayerConfig,1.0,-1.0,MCTS_CheckersHeuristic
628961102,Checkers,0,GAME_OVER,38,37,2,1323,RandomPlayerConfig,1.0,-1.0,MCTS_CheckersHeuristic
1578304208,Checkers,0,GAME_OVER,33,32,2,1324,RandomPlayerConfig,1.0,-1.0,MCTS_CheckersHeuristic
1521967080,Checkers,0,GAME_OVER,33,32,2,1325,RandomPlayerConfig,1.0,-1.0,MCTS_CheckersHeuristic
-1306482771,Checkers,0,GAME_OVER,38,37,2,1326,RandomPlayerConfig,1.0,-1.0,MCTS_CheckersHeuristic
-340722637,Checkers,0,GAME_OVER,35,34,2,1327,RandomPlayerConfig,1.0,-1.0,MCTS_CheckersHeuristic
-1356914919,Checkers,0,GAME_OVER,35,34,2,1328,RandomPlayerConfig,1.0,-1.0,MCTS_CheckersHeuristic
512929862,Checkers,0,GAME_OVER,42,41,2,1329,RandomPlayerConfig,1.0,-1.0,MCTS_CheckersHeuristic
787749660,Checkers,0,GAME_OVER,43,42,2,1330,RandomPlayerConfig,1.0,-1.0,MCTS_CheckersHeuristic
-192781833,Checkers,0,GAME_OVER,42,41,2,1331,RandomPlayerConfig,1.0,-1.0,MCTS_CheckersHeuristic
-1702913198,Checkers,0,GAME_OVER,39,38,2,1332,RandomPlayerConfig,1.0,-1.0,MCTS_CheckersHeuristic
-92163394,Checkers,0,GAME_OVER,41,40,2,1333,RandomPlayerConfig,1.0,-1.0,MCTS_CheckersHeuristic
-1459438475,Checkers,0,GAME_OVER,33,32,2,1334,RandomPlayerConfig,1.0,-1.0,MCTS_CheckersHeuristic
-507513278,Checkers,0,GAME_OVER,40,39,2,1335,RandomPlayerConfig,1.0,-1.0,MCTS_CheckersHeuristic
-676184764,Checkers,0,GAME_OVER,43,42,2,1336,RandomPlayerConfig,1.0,-1.0,MCTS_CheckersHeuristic
-1623855231,Checkers,0,GAME_OVER,49,48,2,1337,RandomPlayerConfig,1.0,-1.0,MCTS_CheckersHeuristic
-2027157359,Checkers,0,GAME_OVER,40,39,2,1338,RandomPlayerConfig,1.0,-1.0,MCTS_CheckersHeuristic
-140116804,Checkers,0,GAME_OVER,39,38,2,1339,RandomPlayerConfig,1.0,-1.0,MCTS_CheckersHeuristic
-216183431,Checkers,0,GAME_OVER,43,42,2,1340,RandomPlayerConfig,1.0,-1.0,MCTS_CheckersHeuristic
-1451148663,Checkers,0,GAME_OVER,38,37,2,1341,RandomPlayerConfig,1.0,-1.0,MCTS_CheckersHeuristic
-2109691375,Checkers,0,GAME_OVER,44,43,2,1342,RandomPlayerConfig,1.0,-1.0,MCTS_CheckersHeuristic
-826433358,Checkers,0,GAME_OVER,41,40,2,1343,RandomPlayerConfig,1.0,-1.0,MCTS_CheckersHeuristic
-216761838,Checkers,0,GAME_OVER,42,41,2,1344,RandomPlayerConfig,1.0,-1.0,MCTS_CheckersHeuristic
1017429978,Checkers,0,GAME_OVER,38,37,2,1345,RandomPlayerConfig,1.0,-1.0,MCTS_CheckersHeuristic
-1537226167,Checkers,0,GAME_OVER,41,40,2,1346,RandomPlayerConfig,1.0,-1.0,MCTS_CheckersHeuristic
507749619,Checkers,0,GAME_OVER,38,37,2,1347,RandomPlayerConfig,1.0,-1.0,MCTS_CheckersHeuristic
-1513581865,Checkers,0,GAME_OVER,41,40,2,1348,RandomPlayerConfig,1.0,-1.0,MCTS_CheckersHeuristic
1322127370,Checkers,0,GAME_OVER,44,43,2,1349,RandomPlayerConfig,1.0,-1.0,MCTS_CheckersHeuristic
891551100,Checkers,0,GAME_OVER,39,38,2,1350,RandomPlayerConfig,1.0,-1.0,MCTS_CheckersHeuristic
2138025467,Checkers,0,GAME_OVER,40,39,2,1351,RandomPlayerConfig,1.0,-1.0,MCTS_CheckersHeuristic
1684959887,Checkers,0,GAME_OVER,31,30,2,1352,RandomPlayerConfig,1.0,-1.0,MCTS_CheckersHeuristic
-1480986365,Checkers,0,GAME_OVER,54,53,2,1353,RandomPlayerConfig,1.0,-1.0,MCTS_CheckersHeuristic
-650756534,Checkers,0,GAME_OVER,40,39,2,1354,RandomPlayerConfig,1.0,-1.0,MCTS_CheckersHeuristic
1407421011,Checkers,0,GAME_OVER,38,37,2,1355,RandomPlayerConfig,1.0,-1.0,MCTS_CheckersHeuristic
-1613059695,Checkers,0,GAME_OVER,49,48,2,1356,RandomPlayerConfig,1.0,-1.0,MCTS_CheckersHeuristic
850196232,Checkers,0,GAME_OVER,51,50,2,1357,RandomPlayerConfig,1.0,-1.0,MCTS_CheckersHeuristic
1515236453,Checkers,0,GAME_OVER,36,35,2,1358,RandomPlayerConfig,1.0,-1.0,MCTS_CheckersHeuristic
1276910903,Checkers,0,GAME_OVER,41,40,2,1359,RandomPlayerConfig,1.0,-1.0,MCTS_CheckersHeuristic
412401050,Checkers,0,GAME_OVER,44,43,2,1360,RandomPlayerConfig,1.0,-1.0,MCTS_CheckersHeuristic
-647091723,Checkers,0,GAME_OVER,50,49,2,1361,RandomPlayerConfig,1.0,-1.0,MCTS_CheckersHeuristic
1730282123,Checkers,0,GAME_OVER,41,40,2,1362,RandomPlayerConfig,1.0,-1.0,MCTS_CheckersHeuristic
-869019784,Checkers,0,GAME_OVER,39,38,2,1363,RandomPlayerConfig,1.0,-1.0,MCTS_CheckersHeuristic
1094587105,Checkers,0,GAME_OVER,45,44,2,1364,RandomPlayerConfig,1.0,-1.0,MCTS_CheckersHeuristic
368065226,Checkers,0,GAME_OVER,33,32,2,1365,RandomPlayerConfig,1.0,-1.0,MCTS_CheckersHeuristic
1813903280,Checkers,0,GAME_OVER,39,38,2,1366,RandomPlayerConfig,1.0,-1.0,MCTS_CheckersHeuristic
669035172,Checkers,0,GAME_OVER,39,38,2,1367,RandomPlayerConfig,1.0,-1.0,MCTS_CheckersHeuristic
1398133352,Checkers,0,GAME_OVER,44,43,2,1368,RandomPlayerConfig,1.0,-1.0,MCTS_CheckersHeuristic
-132510359,Checkers,0,GAME_OVER,32,31,2,1369,RandomPlayerConfig,1.0,-1.0,MCTS_CheckersHeuristic
777387897,Checkers,0,GAME_OVER,36,35,2,1370,RandomPlayerConfig,1.0,-1.0,MCTS_CheckersHeuristic
1352041059,Checkers,0,GAME_OVER,35,34,2,1371,RandomPlayerConfig,1.0,-1.0,MCTS_CheckersHeuristic
86270357,Checkers,0,GAME_OVER,32,31,2,1372,RandomPlayerConfig,1.0,-1.0,MCTS_CheckersHeuristic
-1125672290,Checkers,0,GAME_OVER,37,36,2,1373,RandomPlayerConfig,1.0,-1.0,MCTS_CheckersHeuristic
-2093408783,Checkers,0,GAME_OVER,36,35,2,1374,RandomPlayerConfig,1.0,-1.0,MCTS_CheckersHeuristic
-1403531229,Checkers,0,GAME_OVER,35,34,2,1375,RandomPlayerConfig,1.0,-1.0,MCTS_CheckersHeuristic
1496203009,Checkers,0,GAME_OVER,45,44,2,1376,RandomPlayerConfig,1.0,-1.0,MCTS_CheckersHeuristic
-1071092128,Checkers,0,GAME_OVER,43,42,2,1377,RandomPlayerConfig,1.0,-1.0,MCTS_CheckersHeuristic
-1026506122,Checkers,0,GAME_OVER,41,40,2,1378,RandomPlayerConfig,1.0,-1.0,MCTS_CheckersHeuristic
-683268873,Checkers,0,GAME_OVER,40,39,2,1379,RandomPlayerConfig,1.0,-1.0,MCTS_CheckersHeuristic
-2059970418,Checkers,0,GAME_OVER,47,46,2,1380,RandomPlayerConfig,1.0,-1.0,MCTS_CheckersHeuristic
-1968093610,Checkers,0,GAME_OVER,35,34,2,1381,RandomPlayerConfig,1.0,-1.0,MCTS_CheckersHeuristic
16506356,Checkers,0,GAME_OVER,33,32,2,1382,RandomPlayerConfig,1.0,-1.0,MCTS_CheckersHeuristic
-1481812548,Checkers,0,GAME_OVER,41,40,2,1383,RandomPlayerConfig,1.0,-1.0,MCTS_CheckersHeuristic
-1646448962,Checkers,0,GAME_OVER,39,38,2,1384,RandomPlayerConfig,1.0,-1.0,MCTS_CheckersHeuristic
-936733540,Checkers,0,GAME_OVER,39,38,2,1385,RandomPlayerConfig,1.0,-1.0,MCTS_CheckersHeuristic
-997676971,Checkers,0,GAME_OVER,41,40,2,1386,RandomPlayerConfig,1.0,-1.0,MCTS_CheckersHeuristic
-363674243,Checkers,0,GAME_OVER,39,38,2,1387,RandomPlayerConfig,1.0,-1.0,MCTS_CheckersHeuristic
1298094402,Checkers,0,GAME_OVER,41,40,2,1388,RandomPlayerConfig,1.0,-1.0,MCTS_CheckersHeuristic
-771888442,Checkers,0,GAME_OVER,39,38,2,1389,RandomPlayerConfig,1.0,-1.0,MCTS_CheckersHeuristic
-1675572936,Checkers,0,GAME_OVER,39,38,2,1390,RandomPlayerConfig,1.0,-1.0,MCTS_CheckersHeuristic
-1786482152,Checkers,0,GAME_OVER,37,36,2,1391,RandomPlayerConfig,1.0,-1.0,MCTS_CheckersHeuristic
-174898991,Checkers,0,GAME_OVER,36,35,2,1392,RandomPlayerConfig,1.0,-1.0,MCTS_CheckersHeuristic
1149276452,Checkers,0,GAME_OVER,40,39,2,1393,RandomPlayerConfig,1.0,-1.0,MCTS_CheckersHeuristic
1342363616,Checkers,0,GAME_OVER,46,45,2,1394,RandomPlayerConfig,1.0,-1.0,MCTS_CheckersHeuristic
721004321,Checkers,0,GAME_OVER,30,29,2,1395,RandomPlayerConfig,1.0,-1.0,MCTS_CheckersHeuristic
-545709509,Checkers,0,GAME_OVER,36,35,2,1396,RandomPlayerConfig,1.0,-1.0,MCTS_CheckersHeuristic
1352257095,Checkers,0,GAME_OVER,34,33,2,1397,RandomPlayerConfig,1.0,-1.0,MCTS_CheckersHeuristic
1874814574,Checkers,0,GAME_OVER,37,36,2,1398,RandomPlayerConfig,1.0,-1.0,MCTS_CheckersHeuristic
1431403269,Checkers,0,GAME_OVER,45,44,2,1399,RandomPlayerConfig,1.0,-1.0,MCTS_CheckersHeuristic
-2085245251,Checkers,0,GAME_OVER,38,37,2,1400,RandomPlayerConfig,1.0,-1.0,MCTS_CheckersHeuristic
-2096651580,Checkers,0,GAME_OVER,43,42,2,1401,RandomPlayerConfig,1.0,-1.0,MCTS_CheckersHeuristic
-429507769,Checkers,0,GAME_OVER,38,37,2,1402,RandomPlayerConfig,1.0,-1.0,OSLA
1646983889,Checkers,0,GAME_OVER,30,29,2,1403,RandomPlayerConfig,1.0,-1.0,OSLA
-1508144921,Checkers,0,GAME_OVER,44,43,2,1404,RandomPlayerConfig,1.0,-1.0,OSLA
-298402473,Checkers,0,GAME_OVER,47,46,2,1405,RandomPlayerConfig,1.0,-1.0,OSLA
1122538383,Checkers,0,GAME_OVER,50,49,2,1406,RandomPlayerConfig,1.0,-1.0,OSLA
-1677878252,Checkers,0,GAME_OVER,49,48,2,1407,RandomPlayerConfig,1.0,-1.0,OSLA
764054644,Checkers,0,GAME_OVER,37,36,2,1408,RandomPlayerConfig,1.0,-1.0,OSLA
1612447923,Checkers,0,GAME_OVER,43,42,2,1409,RandomPlayerConfig,1.0,-1.0,OSLA
-1766918344,Checkers,0,GAME_OVER,47,46,2,1410,RandomPlayerConfig,1.0,-1.0,OSLA
-99200105,Checkers,0,GAME_OVER,43,42,2,1411,RandomPlayerConfig,1.0,-1.0,OSLA
-2046769698,Checkers,0,GAME_OVER,33,32,2,1412,RandomPlayerConfig,1.0,-1.0,OSLA
-8833104,Checkers,0,GAME_OVER,28,27,2,1413,RandomPlayerConfig,1.0,-1.0,OSLA
2039254330,Checkers,0,GAME_OVER,34,33,2,1414,RandomPlayerConfig,1.0,-1.0,OSLA
904154652,Checkers,0,GAME_OVER,34,33,2,1415,RandomPlayerConfig,1.0,-1.0,OSLA
-944614563,Checkers,0,GAME_OVER,36,35,2,1416,RandomPlayerConfig,1.0,-1.0,OSLA
1458886793,Checkers,0,GAME_OVER,31,30,2,1417,RandomPlayerConfig,1.0,-1.0,OSLA
-133207870,Checkers,0,GAME_OVER,42,41,2,1418,RandomPlayerConfig,1.0,-1.0,OSLA
-1726615699,Checkers,0,GAME_OVER,41,40,2,1419,RandomPlayerConfig,1.0,-1.0,OSLA
-1502585263,Checkers,0,GAME_OVER,35,34,2,1420,RandomPlayerConfig,1.0,-1.0,OSLA
-1700714099,Checkers,0,GAME_OVER,36,35,2,1421,RandomPlayerConfig,1.0,-1.0,OSLA
1159122283,Checkers,0,GAME_OVER,41,40,2,1422,RandomPlayerConfig,1.0,-1.0,OSLA
-1815440261,Checkers,0,GAME_OVER,41,40,2,1423,RandomPlayerConfig,1.0,-1.0,OSLA
1249189018,Checkers,0,GAME_OVER,38,37,2,1424,RandomPlayerConfig,1.0,-1.0,OSLA
1366968798,Checkers,0,GAME_OVER,37,36,2,1425,RandomPlayerConfig,1.0,-1.0,OSLA
755827371,Checkers,0,GAME_OVER,36,35,2,1426,RandomPlayerConfig,1.0,-1.0,OSLA
1193006025,Checkers,0,GAME_OVER,59,58,2,1427,RandomPlayerConfig,1.0,-1.0,OSLA
-1327623385,Checkers,0,GAME_OVER,37,36,2,1428,RandomPlayerConfig,1.0,-1.0,OSLA
-105545099,Checkers,0,GAME_OVER,45,44,2,1429,RandomPlayerConfig,1.0,-1.0,OSLA
1982229135,Checkers,0,GAME_OVER,39,38,2,1430,RandomPlayerConfig,1.0,-1.0,OSLA
877649930,Checkers,0,GAME_OVER,35,34,2,1431,RandomPlayerConfig,1.0,-1.0,OSLA
-1343263283,Checkers,0,GAME_OVER,35,34,2,1432,RandomPlayerConfig,1.0,-1.0,OSLA
700851048,Checkers,0,GAME_OVER,37,36,2,1433,RandomPlayerConfig,1.0,-1.0,OSLA
1089392554,Checkers,0,GAME_OVER,28,27,2,1434,RandomPlayerConfig,1.0,-1.0,OSLA
-1040387831,Checkers,0,GAME_OVER,45,44,2,1435,RandomPlayerConfig,1.0,-1.0,OSLA
-510361511,Checkers,0,GAME_OVER,43,42,2,1436,RandomPlayerConfig,1.0,-1.0,OSLA
863793519,Checkers,0,GAME_OVER,38,37,2,1437,RandomPlayerConfig,1.0,-1.0,OSLA
-1282859446,Checkers,0,GAME_OVER,38,37,2,1438,RandomPlayerConfig,1.0,-1.0,OSLA
981456584,Checkers,0,GAME_OVER,42,41,2,1439,RandomPlayerConfig,1.0,-1.0,OSLA
1631503592,Checkers,0,GAME_OVER,52,51,2,1440,RandomPlayerConfig,1.0,-1.0,OSLA
-1578670172,Checkers,0,GAME_OVER,42,41,2,1441,RandomPlayerConfig,1.0,-1.0,OSLA
-7013139,Checkers,0,GAME_OVER,32,31,2,1442,RandomPlayerConfig,1.0,-1.0,OSLA
-1197073684,Checkers,0,GAME_OVER,45,44,2,1443,RandomPlayerConfig,1.0,-1.0,OSLA
-360322187,Checkers,0,GAME_OVER,34,33,2,1444,RandomPlayerConfig,1.0,-1.0,OSLA
-974499447,Checkers,0,GAME_OVER,30,29,2,1445,RandomPlayerConfig,1.0,-1.0,OSLA
435222515,Checkers,0,GAME_OVER,31,30,2,1446,RandomPlayerConfig,1.0,-1.0,OSLA
982406231,Checkers,0,GAME_OVER,44,43,2,1447,RandomPlayerConfig,1.0,-1.0,OSLA
-1056911694,Checkers,0,GAME_OVER,43,42,2,1448,RandomPlayerConfig,1.0,-1.0,OSLA
-452755121,Checkers,0,GAME_OVER,34,33,2,1449,RandomPlayerConfig,1.0,-1.0,OSLA
734475412,Checkers,0,GAME_OVER,38,37,2,1450,RandomPlayerConfig,1.0,-1.0,OSLA
-1110994666,Checkers,0,GAME_OVER,33,32,2,1451,RandomPlayerConfig,1.0,-1.0,OSLA
955802140,Checkers,0,GAME_OVER,32,31,2,1452,RandomPlayerConfig,1.0,-1.0,OSLA
30516821,Checkers,0,GAME_OVER,39,38,2,1453,RandomPlayerConfig,1.0,-1.0,OSLA
-121774317,Checkers,0,GAME_OVER,44,43,2,1454,RandomPlayerConfig,1.0,-1.0,OSLA
-186451330,Checkers,0,GAME_OVER,43,42,2,1455,RandomPlayerConfig,1.0,-1.0,OSLA
1762848073,Checkers,0,GAME_OVER,31,30,2,1456,RandomPlayerConfig,1.0,-1.0,OSLA
-491157522,Checkers,0,GAME_OVER,41,40,2,1457,RandomPlayerConfig,1.0,-1.0,OSLA
-1107048397,Checkers,0,GAME_OVER,35,34,2,1458,RandomPlayerConfig,1.0,-1.0,OSLA
1413027729,Checkers,0,GAME_OVER,41,40,2,1459,RandomPlayerConfig,1.0,-1.0,OSLA
-1071175548,Checkers,0,GAME_OVER,40,39,2,1460,RandomPlayerConfig,1.0,-1.0,OSLA
954607719,Checkers,0,GAME_OVER,50,49,2,1461,RandomPlayerConfig,1.0,-1.0,OSLA
-1400576534,Checkers,0,GAME_OVER,36,35,2,1462,RandomPlayerConfig,1.0,-1.0,OSLA
64377253,Checkers,0,GAME_OVER,35,34,2,1463,RandomPlayerConfig,1.0,-1.0,OSLA
88870555,Checkers,0,GAME_OVER,38,37,2,1464,RandomPlayerConfig,1.0,-1.0,OSLA
620336199,Checkers,0,GAME_OVER,40,39,2,1465,RandomPlayerConfig,1.0,-1.0,OSLA
1293527892,Checkers,0,GAME_OVER,39,38,2,1466,RandomPlayerConfig,1.0,-1.0,OSLA
-1114071225,Checkers,0,GAME_OVER,35,34,2,1467,RandomPlayerConfig,1.0,-1.0,OSLA
-734824458,Checkers,0,GAME_OVER,34,33,2,1468,RandomPlayerConfig,1.0,-1.0,OSLA
-547036712,Checkers,0,GAME_OVER,35,34,2,1469,RandomPlayerConfig,1.0,-1.0,OSLA
1128229866,Checkers,0,GAME_OVER,33,32,2,1470,RandomPlayerConfig,1.0,-1.0,OSLA
-356353700,Checkers,0,GAME_OVER,39,38,2,1471,RandomPlayerConfig,1.0,-1.0,OSLA
1915409131,Checkers,0,GAME_OVER,28,27,2,1472,RandomPlayerConfig,1.0,-1.0,OSLA
-725474074,Checkers,0,GAME_OVER,31,30,2,1473,RandomPlayerConfig,1.0,-1.0,OSLA
-518570509,Checkers,0,GAME_OVER,35,34,2,1474,RandomPlayerConfig,1.0,-1.0,OSLA
31817353,Checkers,0,GAME_OVER,40,39,2,1475,RandomPlayerConfig,1.0,-1.0,OSLA
-234975919,Checkers,0,GAME_OVER,39,38,2,1476,RandomPlayerConfig,1.0,-1.0,OSLA
-353150266,Checkers,0,GAME_OVER,31,30,2,1477,RandomPlayerConfig,1.0,-1.0,OSLA
1766592570,Checkers,0,GAME_OVER,36,35,2,1478,RandomPlayerConfig,1.0,-1.0,OSLA
1732864212,Checkers,0,GAME_OVER,38,37,2,1479,RandomPlayerConfig,1.0,-1.0,OSLA
-340655278,Checkers,0,GAME_OVER,37,36,2,1480,RandomPlayerConfig,1.0,-1.0,OSLA
-25849191,Checkers,0,GAME_OVER,32,31,2,1481,RandomPlayerConfig,1.0,-1.0,OSLA
945284864,Checkers,0,GAME_OVER,34,33,2,1482,RandomPlayerConfig,1.0,-1.0,OSLA
-48612981,Checkers,0,GAME_OVER,44,43,2,1483,RandomPlayerConfig,1.0,-1.0,OSLA
-1983445115,Checkers,0,GAME_OVER,31,30,2,1484,RandomPlayerConfig,1.0,-1.0,OSLA
-1735928366,Checkers,0,GAME_OVER,35,34,2,1485,RandomPlayerConfig,1.0,-1.0,OSLA
430666804,Checkers,0,GAME_OVER,40,39,2,1486,RandomPlayerConfig,1.0,-1.0,OSLA
1609744228,Checkers,0,GAME_OVER,41,40,2,1487,RandomPlayerConfig,1.0,-1.0,OSLA
-1511172036,Checkers,0,GAME_OVER,41,40,2,1488,RandomPlayerConfig,1.0,-1.0,OSLA
-893807371,Checkers,0,GAME_OVER,40,39,2,1489,RandomPlayerConfig,1.0,-1.0,OSLA
-172327199,Checkers,0,GAME_OVER,30,29,2,1490,RandomPlayerConfig,1.0,-1.0,OSLA
503765733,Checkers,0,GAME_OVER,32,31,2,1491,RandomPlayerConfig,1.0,-1.0,OSLA
61052441,Checkers,0,GAME_OVER,43,42,2,1492,RandomPlayerConfig,1.0,-1.0,OSLA
1802280096,Checkers,0,GAME_OVER,42,41,2,1493,RandomPlayerConfig,1.0,-1.0,OSLA
-1356673561,Checkers,0,GAME_OVER,44,43,2,1494,RandomPlayerConfig,1.0,-1.0,OSLA
1300440325,Checkers,0,GAME_OVER,46,45,2,1495,RandomPlayerConfig,1.0,-1.0,OSLA
500731879,Checkers,0,GAME_OVER,45,44,2,1496,RandomPlayerConfig,1.0,-1.0,OSLA
1293080270,Checkers,0,GAME_OVER,31,30,2,1497,RandomPlayerConfig,1.0,-1.0,OSLA
1179290093,Checkers,0,GAME_OVER,51,50,2,1498,RandomPlayerConfig,1.0,-1.0,OSLA
-403842029,Checkers,0,GAME_OVER,45,44,2,1499,RandomPlayerConfig,1.0,-1.0,OSLA
1043658662,Checkers,0,GAME_OVER,37,36,2,1500,RandomPlayerConfig,1.0,-1.0,OSLA
-1481614246,Checkers,0,GAME_OVER,57,56,2,1501,RandomPlayerConfig,1.0,-1.0,OSLA
1059998357,Checkers,0,GAME_OVER,43,42,2,1502,RandomPlayerConfig,1.0,-1.0,OSLA
-2035336489,Checkers,0,GAME_OVER,57,56,2,1503,RandomPlayerConfig,1.0,-1.0,OSLA
-828189465,Checkers,0,GAME_OVER,38,37,2,1504,RandomPlayerConfig,1.0,-1.0,OSLA
-1112630590,Checkers,0,GAME_OVER,36,35,2,1505,RandomPlayerConfig,1.0,-1.0,OSLA
1273381618,Checkers,0,GAME_OVER,41,40,2,1506,RandomPlayerConfig,1.0,-1.0,OSLA
916823542,Checkers,0,GAME_OVER,34,33,2,1507,RandomPlayerConfig,1.0,-1.0,OSLA
-1188476838,Checkers,0,GAME_OVER,37,36,2,1508,RandomPlayerConfig,1.0,-1.0,OSLA
-1030385106,Checkers,0,GAME_OVER,42,41,2,1509,RandomPlayerConfig,1.0,-1.0,OSLA
-1695727306,Checkers,0,GAME_OVER,39,38,2,1510,RandomPlayerConfig,1.0,-1.0,OSLA
1745623962,Checkers,0,GAME_OVER,36,35,2,1511,RandomPlayerConfig,1.0,-1.0,OSLA
-1131907931,Checkers,0,GAME_OVER,34,33,2,1512,RandomPlayerConfig,1.0,-1.0,OSLA
1879863216,Checkers,0,GAME_OVER,32,31,2,1513,RandomPlayerConfig,1.0,-1.0,OSLA
28013999,Checkers,0,GAME_OVER,33,32,2,1514,RandomPlayerConfig,1.0,-1.0,OSLA
-1153404590,Checkers,0,GAME_OVER,41,40,2,1515,RandomPlayerConfig,1.0,-1.0,OSLA
1986699382,Checkers,0,GAME_OVER,40,39,2,1516,RandomPlayerConfig,1.0,-1.0,OSLA
1137903563,Checkers,0,GAME_OVER,44,43,2,1517,RandomPlayerConfig,1.0,-1.0,OSLA
-311282444,Checkers,0,GAME_OVER,42,41,2,1518,RandomPlayerConfig,1.0,-1.0,OSLA
-329290698,Checkers,0,GAME_OVER,38,37,2,1519,RandomPlayerConfig,1.0,-1.0,OSLA
1941759451,Checkers,0,GAME_OVER,42,41,2,1520,RandomPlayerConfig,1.0,-1.0,OSLA
-1669728967,Checkers,0,GAME_OVER,40,39,2,1521,RandomPlayerConfig,1.0,-1.0,OSLA
1580542299,Checkers,0,GAME_OVER,35,34,2,1522,RandomPlayerConfig,1.0,-1.0,OSLA
628961102,Checkers,0,GAME_OVER,44,43,2,1523,RandomPlayerConfig,1.0,-1.0,OSLA
1578304208,Checkers,0,GAME_OVER,54,53,2,1524,RandomPlayerConfig,1.0,-1.0,OSLA
1521967080,Checkers,0,GAME_OVER,33,32,2,1525,RandomPlayerConfig,1.0,-1.0,OSLA
-1306482771,Checkers,0,GAME_OVER,38,37,2,1526,RandomPlayerConfig,1.0,-1.0,OSLA
-340722637,Checkers,0,GAME_OVER,38,37,2,1527,RandomPlayerConfig,1.0,-1.0,OSLA
-1356914919,Checkers,0,GAME_OVER,36,35,2,1528,RandomPlayerConfig,1.0,-1.0,OSLA
512929862,Checkers,0,GAME_OVER,39,38,2,1529,RandomPlayerConfig,1.0,-1.0,OSLA
787749660,Checkers,0,GAME_OVER,38,37,2,1530,RandomPlayerConfig,1.0,-1.0,OSLA
-192781833,Checkers,0,GAME_OVER,35,34,2,1531,RandomPlayerConfig,1.0,-1.0,OSLA
-1702913198,Checkers,0,GAME_OVER,42,41,2,1532,RandomPlayerConfig,1.0,-1.0,OSLA
-92163394,Checkers,0,GAME_OVER,42,41,2,1533,RandomPlayerConfig,1.0,-1.0,OSLA
-1459438475,Checkers,0,GAME_OVER,31,30,2,1534,RandomPlayerConfig,1.0,-1.0,OSLA
-507513278,Checkers,0,GAME_OVER,49,48,2,1535,RandomPlayerConfig,1.0,-1.0,OSLA
-676184764,Checkers,0,GAME_OVER,38,37,2,1536,RandomPlayerConfig,1.0,-1.0,OSLA
-1623855231,Checkers,0,GAME_OVER,38,37,2,1537,RandomPlayerConfig,1.0,-1.0,OSLA
-2027157359,Checkers,0,GAME_OVER,41,40,2,1538,RandomPlayerConfig,1.0,-1.0,OSLA
-140116804,Checkers,0,GAME_OVER,46,45,2,1539,RandomPlayerConfig,1.0,-1.0,OSLA
-216183431,Checkers,0,GAME_OVER,37,36,2,1540,RandomPlayerConfig,1.0,-1.0,OSLA
-1451148663,Checkers,0,GAME_OVER,24,23,2,1541,RandomPlayerConfig,1.0,-1.0,OSLA
-2109691375,Checkers,0,GAME_OVER,34,33,2,1542,RandomPlayerConfig,1.0,-1.0,OSLA
-826433358,Checkers,0,GAME_OVER,31,30,2,1543,RandomPlayerConfig,1.0,-1.0,OSLA
-216761838,Checkers,0,GAME_OVER,50,49,2,1544,RandomPlayerConfig,1.0,-1.0,OSLA
1017429978,Checkers,0,GAME_OVER,46,45,2,1545,RandomPlayerConfig,1.0,-1.0,OSLA
-1537226167,Checkers,0,GAME_OVER,35,34,2,1546,RandomPlayerConfig,1.0,-1.0,OSLA
507749619,Checkers,0,GAME_OVER,44,43,2,1547,RandomPlayerConfig,1.0,-1.0,OSLA
-1513581865,Checkers,0,GAME_OVER,48,47,2,1548,RandomPlayerConfig,1.0,-1.0,OSLA
1322127370,Checkers,0,GAME_OVER,25,24,2,1549,RandomPlayerConfig,1.0,-1.0,OSLA
891551100,Checkers,0,GAME_OVER,40,39,2,1550,RandomPlayerConfig,1.0,-1.0,OSLA
2138025467,Checkers,0,GAME_OVER,37,36,2,1551,RandomPlayerConfig,1.0,-1.0,OSLA
1684959887,Checkers,0,GAME_OVER,37,36,2,1552,RandomPlayerConfig,1.0,-1.0,OSLA
-1480986365,Checkers,0,GAME_OVER,55,54,2,1553,RandomPlayerConfig,1.0,-1.0,OSLA
-650756534,Checkers,0,GAME_OVER,37,36,2,1554,RandomPlayerConfig,1.0,-1.0,OSLA
1407421011,Checkers,0,GAME_OVER,34,33,2,1555,RandomPlayerConfig,1.0,-1.0,OSLA
-1613059695,Checkers,0,GAME_OVER,42,41,2,1556,RandomPlayerConfig,1.0,-1.0,OSLA
850196232,Checkers,0,GAME_OVER,35,34,2,1557,RandomPlayerConfig,1.0,-1.0,OSLA
1515236453,Checkers,0,GAME_OVER,36,35,2,1558,RandomPlayerConfig,1.0,-1.0,OSLA
1276910903,Checkers,0,GAME_OVER,43,42,2,1559,RandomPlayerConfig,1.0,-1.0,OSLA
412401050,Checkers,0,GAME_OVER,37,36,2,1560,RandomPlayerConfig,1.0,-1.0,OSLA
-647091723,Checkers,0,GAME_OVER,32,31,2,1561,RandomPlayerConfig,1.0,-1.0,OSLA
1730282123,Checkers,0,GAME_OVER,39,38,2,1562,RandomPlayerConfig,1.0,-1.0,OSLA
-869019784,Checkers,0,GAME_OVER,32,31,2,1563,RandomPlayerConfig,1.0,-1.0,OSLA
1094587105,Checkers,0,GAME_OVER,31,30,2,1564,RandomPlayerConfig,1.0,-1.0,OSLA
368065226,Checkers,0,GAME_OVER,40,39,2,1565,RandomPlayerConfig,1.0,-1.0,OSLA
1813903280,Checkers,0,GAME_OVER,35,34,2,1566,RandomPlayerConfig,1.0,-1.0,OSLA
669035172,Checkers,0,GAME_OVER,36,35,2,1567,RandomPlayerConfig,1.0,-1.0,OSLA
1398133352,Checkers,0,GAME_OVER,36,35,2,1568,RandomPlayerConfig,1.0,-1.0,OSLA
-132510359,Checkers,0,GAME_OVER,40,39,2,1569,RandomPlayerConfig,1.0,-1.0,OSLA
777387897,Checkers,0,GAME_OVER,41,40,2,1570,RandomPlayerConfig,1.0,-1.0,OSLA
1352041059,Checkers,0,GAME_OVER,40,39,2,1571,RandomPlayerConfig,1.0,-1.0,OSLA
86270357,Checkers,0,GAME_OVER,37,36,2,1572,RandomPlayerConfig,1.0,-1.0,OSLA
-1125672290,Checkers,0,GAME_OVER,47,46,2,1573,RandomPlayerConfig,1.0,-1.0,OSLA
-2093408783,Checkers,0,GAME_OVER,42,41,2,1574,RandomPlayerConfig,1.0,-1.0,OSLA
-1403531229,Checkers,0,GAME_OVER,41,40,2,1575,RandomPlayerConfig,1.0,-1.0,OSLA
1496203009,Checkers,0,GAME_OVER,41,40,2,1576,RandomPlayerConfig,1.0,-1.0,OSLA
-1071092128,Checkers,0,GAME_OVER,49,48,2,1577,RandomPlayerConfig,1.0,-1.0,OSLA
-1026506122,Checkers,0,GAME_OVER,42,41,2,1578,RandomPlayerConfig,1.0,-1.0,OSLA
-683268873,Checkers,0,GAME_OVER,42,41,2,1579,RandomPlayerConfig,1.0,-1.0,OSLA
-2059970418,Checkers,0,GAME_OVER,38,37,2,1580,RandomPlayerConfig,1.0,-1.0,OSLA
-1968093610,Checkers,0,GAME_OVER,38,37,2,1581,RandomPlayerConfig,1.0,-1.0,OSLA
16506356,Checkers,0,GAME_OVER,38,37,2,1582,RandomPlayerConfig,1.0,-1.0,OSLA
-1481812548,Checkers,0,GAME_OVER,34,33,2,1583,RandomPlayerConfig,1.0,-1.0,OSLA
-1646448962,Checkers,0,GAME_OVER,42,41,2,1584,RandomPlayerConfig,1.0,-1.0,OSLA
-936733540,Checkers,0,GAME_OVER,34,33,2,1585,RandomPlayerConfig,1.0,-1.0,OSLA
-997676971,Checkers,0,GAME_OVER,47,46,2,1586,RandomPlayerConfig,1.0,-1.0,OSLA
-363674243,Checkers,0,GAME_OVER,48,47,2,1587,RandomPlayerConfig,1.0,-1.0,OSLA
1298094402,Checkers,0,GAME_OVER,46,45,2,1588,RandomPlayerConfig,1.0,-1.0,OSLA
-771888442,Checkers,0,GAME_OVER,64,63,2,1589,RandomPlayerConfig,1.0,-1.0,OSLA
-1675572936,Checkers,0,GAME_OVER,32,31,2,1590,RandomPlayerConfig,1.0,-1.0,OSLA
-1786482152,Checkers,0,GAME_OVER,42,41,2,1591,RandomPlayerConfig,1.0,-1.0,OSLA
-174898991,Checkers,0,GAME_OVER,32,31,2,1592,RandomPlayerConfig,1.0,-1.0,OSLA
1149276452,Checkers,0,GAME_OVER,32,31,2,1593,RandomPlayerConfig,1.0,-1.0,OSLA
1342363616,Checkers,0,GAME_OVER,44,43,2,1594,RandomPlayerConfig,1.0,-1.0,OSLA
721004321,Checkers,0,GAME_OVER,60,59,2,1595,RandomPlayerConfig,1.0,-1.0,OSLA
-545709509,Checkers,0,GAME_OVER,39,38,2,1596,RandomPlayerConfig,1.0,-1.0,OSLA
1352257095,Checkers,0,GAME_OVER,28,27,2,1597,RandomPlayerConfig,1.0,-1.0,OSLA
1874814574,Checkers,0,GAME_OVER,41,40,2,1598,RandomPlayerConfig,1.0,-1.0,OSLA
1431403269,Checkers,0,GAME_OVER,46,45,2,1599,RandomPlayerConfig,1.0,-1.0,OSLA
-2085245251,Checkers,0,GAME_OVER,44,43,2,1600,RandomPlayerConfig,1.0,-1.0,OSLA
-2096651580,Checkers,0,GAME_OVER,36,35,2,1601,RandomPlayerConfig,1.0,-1.0,OSLA
-429507769,Checkers,0,GAME_OVER,48,47,2,1602,RandomPlayerConfig,-1.0,1.0,RandomPlayerConfig
1646983889,Checkers,0,GAME_OVER,45,44,2,1603,RandomPlayerConfig,1.0,-1.0,RandomPlayerConfig
-1508144921,Checkers,0,GAME_OVER,60,59,2,1604,RandomPlayerConfig,1.0,-1.0,RandomPlayerConfig
-298402473,Checkers,0,GAME_OVER,67,66,2,1605,RandomPlayerConfig,-1.0,1.0,RandomPlayerConfig
1122538383,Checkers,0,GAME_OVER,48,47,2,1606,RandomPlayerConfig,-1.0,1.0,RandomPlayerConfig
-1677878252,Checkers,0,GAME_OVER,48,47,2,1607,RandomPlayerConfig,-1.0,1.0,RandomPlayerConfig
764054644,Checkers,0,GAME_OVER,44,43,2,1608,RandomPlayerConfig,1.0,-1.0,RandomPlayerConfig
1612447923,Checkers,0,GAME_OVER,67,66,2,1609,RandomPlayerConfig,1.0,-1.0,RandomPlayerConfig
-1766918344,Checkers,0,GAME_OVER,60,59,2,1610,RandomPlayerConfig,-1.0,1.0,RandomPlayerConfig
-99200105,Checkers,0,GAME_OVER,29,28,2,1611,RandomPlayerConfig,1.0,-1.0,RandomPlayerConfig
-2046769698,Checkers,0,GAME_OVER,54,53,2,1612,RandomPlayerConfig,1.0,-1.0,RandomPlayerConfig
-8833104,Checkers,0,GAME_OVER,63,62,2,1613,RandomPlayerConfig,-1.0,1.0,RandomPlayerConfig
2039254330,Checkers,0,GAME_OVER,66,65,2,1614,RandomPlayerConfig,1.0,-1.0,RandomPlayerConfig
904154652,Checkers,0,GAME_OVER,33,32,2,1615,RandomPlayerConfig,1.0,-1.0,RandomPlayerConfig
-944614563,Checkers,0,GAME_OVER,55,54,2,1616,RandomPlayerConfig,1.0,-1.0,RandomPlayerConfig
1458886793,Checkers,0,GAME_OVER,40,39,2,1617,RandomPlayerConfig,-1.0,1.0,RandomPlayerConfig
-133207870,Checkers,0,GAME_OVER,77,76,2,1618,RandomPlayerConfig,-1.0,1.0,RandomPlayerConfig
-1726615699,Checkers,0,GAME_OVER,57,56,2,1619,RandomPlayerConfig,1.0,-1.0,RandomPlayerConfig
-1502585263,Checkers,0,GAME_OVER,66,65,2,1620,RandomPlayerConfig,1.0,-1.0,RandomPlayerConfig
-1700714099,Checkers,0,GAME_OVER,48,47,2,1621,RandomPlayerConfig,1.0,-1.0,RandomPlayerConfig
1159122283,Checkers,0,GAME_OVER,60,59,2,1622,RandomPlayerConfig,1.0,-1.0,RandomPlayerConfig
-1815440261,Checkers,0,GAME_OVER,62,61,2,1623,RandomPlayerConfig,-1.0,1.0,RandomPlayerConfig
1249189018,Checkers,0,GAME_OVER,40,39,2,1624,RandomPlayerConfig,1.0,-1.0,RandomPlayerConfig
1366968798,Checkers,0,GAME_OVER,49,48,2,1625,RandomPlayerConfig,-1.0,1.0,RandomPlayerConfig
755827371,Checkers,0,GAME_OVER,34,33,2,1626,RandomPlayerConfig,1.0,-1.0,RandomPlayerConfig
1193006025,Checkers,0,GAME_OVER,36,35,2,1627,RandomPlayerConfig,1.0,-1.0,RandomPlayerConfig
-1327623385,Checkers,0,GAME_OVER,42,41,2,1628,RandomPlayerConfig,1.0,-1.0,RandomPlayerConfig
-105545099,Checkers,0,GAME_OVER,44,43,2,1629,RandomPlayerConfig,1.0,-1.0,RandomPlayerConfig
1982229135,Checkers,0,GAME_OVER,44,43,2,1630,RandomPlayerConfig,-1.0,1.0,RandomPlayerConfig
877649930,Checkers,0,GAME_OVER,41,40,2,1631,RandomPlayerConfig,1.0,-1.0,RandomPlayerConfig
-1343263283,Checkers,0,GAME_OVER,39,38,2,1632,RandomPlayerConfig,1.0,-1.0,RandomPlayerConfig
700851048,Checkers,0,GAME_OVER,43,42,2,1633,RandomPlayerConfig,-1.0,1.0,RandomPlayerConfig
1089392554,Checkers,0,GAME_OVER,47,46,2,1634,RandomPlayerConfig,-1.0,1.0,RandomPlayerConfig
-1040387831,Checkers,0,GAME_OVER,59,58,2,1635,RandomPlayerConfig,-1.0,1.0,RandomPlayerConfig
-510361511,Checkers,0,GAME_OVER,45,44,2,1636,RandomPlayerConfig,-1.0,1.0,RandomPlayerConfig
863793519,Checkers,0,GAME_OVER,51,50,2,1637,RandomPlayerConfig,-1.0,1.0,RandomPlayerConfig
-1282859446,Checkers,0,GAME_OVER,53,52,2,1638,RandomPlayerConfig,1.0,-1.0,RandomPlayerConfig
981456584,Checkers,0,GAME_OVER,75,74,2,1639,RandomPlayerConfig,1.0,-1.0,RandomPlayerConfig
1631503592,Checkers,0,GAME_OVER,36,35,2,1640,RandomPlayerConfig,1.0,-1.0,RandomPlayerConfig
-1578670172,Checkers,0,GAME_OVER,63,62,2,1641,RandomPlayerConfig,-1.0,1.0,RandomPlayerConfig
-7013139,Checkers,0,GAME_OVER,44,43,2,1642,RandomPlayerConfig,-1.0,1.0,RandomPlayerConfig
-1197073684,Checkers,0,GAME_OVER,50,49,2,1643,RandomPlayerConfig,1.0,-1.0,RandomPlayerConfig
-360322187,Checkers,0,GAME_OVER,36,35,2,1644,RandomPlayerConfig,1.0,-1.0,RandomPlayerConfig
-974499447,Checkers,0,GAME_OVER,70,69,2,1645,RandomPlayerConfig,-1.0,1.0,RandomPlayerConfig
435222515,Checkers,0,GAME_OVER,37,36,2,1646,RandomPlayerConfig,-1.0,1.0,RandomPlayerConfig
982406231,Checkers,0,GAME_OVER,47,46,2,1647,RandomPlayerConfig,-1.0,1.0,RandomPlayerConfig
-1056911694,Checkers,0,GAME_OVER,48,47,2,1648,RandomPlayerConfig,-1.0,1.0,RandomPlayerConfig
-452755121,Checkers,0,GAME_OVER,42,41,2,1649,RandomPlayerConfig,-1.0,1.0,RandomPlayerConfig
734475412,Checkers,0,GAME_OVER,63,62,2,1650,RandomPlayerConfig,1.0,-1.0,RandomPlayerConfig
-1110994666,Checkers,0,GAME_OVER,52,51,2,1651,RandomPlayerConfig,1.0,-1.0,RandomPlayerConfig
955802140,Checkers,0,GAME_OVER,40,39,2,1652,RandomPlayerConfig,-1.0,1.0,RandomPlayerConfig
30516821,Checkers,0,GAME_OVER,59,58,2,1653,RandomPlayerConfig,1.0,-1.0,RandomPlayerConfig
-121774317,Checkers,0,GAME_OVER,41,40,2,1654,RandomPlayerConfig,1.0,-1.0,RandomPlayerConfig
-186451330,Checkers,0,GAME_OVER,38,37,2,1655,RandomPlayerConfig,1.0,-1.0,RandomPlayerConfig
1762848073,Checkers,0,GAME_OVER,44,43,2,1656,RandomPlayerConfig,-1.0,1.0,RandomPlayerConfig
-491157522,Checkers,0,GAME_OVER,42,41,2,1657,RandomPlayerConfig,1.0,-1.0,RandomPlayerConfig
-1107048397,Checkers,0,GAME_OVER,61,60,2,1658,RandomPlayerConfig,1.0,-1.0,RandomPlayerConfig
1413027729,Checkers,0,GAME_OVER,69,68,2,1659,RandomPlayerConfig,-1.0,1.0,RandomPlayerConfig
-1071175548,Checkers,0,GAME_OVER,73,72,2,1660,RandomPlayerConfig,-1.0,1.0,RandomPlayerConfig
954607719,Checkers,0,GAME_OVER,68,67,2,1661,RandomPlayerConfig,1.0,-1.0,RandomPlayerConfig
-1400576534,Checkers,0,GAME_OVER,33,32,2,1662,RandomPlayerConfig,1.0,-1.0,RandomPlayerConfig
64377253,Checkers,0,GAME_OVER,66,65,2,1663,RandomPlayerConfig,-1.0,1.0,RandomPlayerConfig
88870555,Checkers,0,GAME_OVER,38,37,2,1664,RandomPlayerConfig,-1.0,1.0,RandomPlayerConfig
620336199,Checkers,0,GAME_OVER,49,48,2,1665,RandomPlayerConfig,1.0,-1.0,RandomPlayerConfig
1293527892,Checkers,0,GAME_OVER,72,71,2,1666,RandomPlayerConfig,1.0,-1.0,RandomPlayerConfig
-1114071225,Checkers,0,GAME_OVER,38,37,2,1667,RandomPlayerConfig,-1.0,1.0,RandomPlayerConfig
-734824458,Checkers,0,GAME_OVER,42,41,2,1668,RandomPlayerConfig,-1.0,1.0,RandomPlayerConfig
-547036712,Checkers,0,GAME_OVER,41,40,2,1669,RandomPlayerConfig,-1.0,1.0,RandomPlayerConfig
1128229866,Checkers,0,GAME_OVER,37,36,2,1670,RandomPlayerConfig,-1.0,1.0,RandomPlayerConfig
-356353700,Checkers,0,GAME_OVER,37,36,2,1671,RandomPlayerConfig,1.0,-1.0,RandomPlayerConfig
1915409131,Checkers,0,GAME_OVER,46,45,2,1672,RandomPlayerConfig,1.0,-1.0,RandomPlayerConfig
-725474074,Checkers,0,GAME_OVER,30,29,2,1673,RandomPlayerConfig,-1.0,1.0,RandomPlayerConfig
-518570509,Checkers,0,GAME_OVER,81,80,2,1674,RandomPlayerConfig,1.0,-1.0,RandomPlayerConfig
31817353,Checkers,0,GAME_OVER,46,45,2,1675,RandomPlayerConfig,1.0,-1.0,RandomPlayerConfig
-234975919,Checkers,0,GAME_OVER,45,44,2,1676,RandomPlayerConfig,1.0,-1.0,RandomPlayerConfig
-353150266,Checkers,0,GAME_OVER,45,44,2,1677,RandomPlayerConfig,-1.0,1.0,RandomPlayerConfig
1766592570,Checkers,0,GAME_OVER,35,34,2,1678,RandomPlayerConfig,1.0,-1.0,RandomPlayerConfig
1732864212,Checkers,0,GAME_OVER,45,44,2,1679,RandomPlayerConfig,-1.0,1.0,RandomPlayerConfig
-340655278,Checkers,0,GAME_OVER,89,88,2,1680,RandomPlayerConfig,-1.0,1.0,RandomPlayerConfig
-25849191,Checkers,0,GAME_OVER,76,75,2,1681,RandomPlayerConfig,-1.0,1.0,RandomPlayerConfig
945284864,Checkers,0,GAME_OVER,69,68,2,1682,RandomPlayerConfig,-1.0,1.0,RandomPlayerConfig
-48612981,Checkers,0,GAME_OVER,28,27,2,1683,RandomPlayerConfig,1.0,-1.0,RandomPlayerConfig
-1983445115,Checkers,0,GAME_OVER,62,61,2,1684,RandomPlayerConfig,-1.0,1.0,RandomPlayerConfig
-1735928366,Checkers,0,GAME_OVER,45,44,2,1685,RandomPlayerConfig,-1.0,1.0,RandomPlayerConfig
430666804,Checkers,0,GAME_OVER,36,35,2,1686,RandomPlayerConfig,1.0,-1.0,RandomPlayerConfig
1609744228,Checkers,0,GAME_OVER,37,36,2,1687,RandomPlayerConfig,-1.0,1.0,RandomPlayerConfig
-1511172036,Checkers,0,GAME_OVER,33,32,2,1688,RandomPlayerConfig,-1.0,1.0,RandomPlayerConfig
-893807371,Checkers,0,GAME_OVER,35,34,2,1689,RandomPlayerConfig,-1.0,1.0,RandomPlayerConfig
-172327199,Checkers,0,GAME_OVER,41,40,2,1690,RandomPlayerConfig,-1.0,1.0,RandomPlayerConfig
503765733,Checkers,0,GAME_OVER,65,64,2,1691,RandomPlayerConfig,-1.0,1.0,RandomPlayerConfig
61052441,Checkers,0,GAME_OVER,44,43,2,1692,RandomPlayerConfig,1.0,-1.0,RandomPlayerConfig
1802280096,Checkers,0,GAME_OVER,46,45,2,1693,RandomPlayerConfig,-1.0,1.0,RandomPlayerConfig
-1356673561,Checkers,0,GAME_OVER,55,54,2,1694,RandomPlayerConfig,-1.0,1.0,RandomPlayerConfig
1300440325,Checkers,0,GAME_OVER,50,49,2,1695,RandomPlayerConfig,1.0,-1.0,RandomPlayerConfig
500731879,Checkers,0,GAME_OVER,54,53,2,1696,RandomPlayerConfig,1.0,-1.0,RandomPlayerConfig
1293080270,Checkers,0,GAME_OVER,44,43,2,1697,RandomPlayerConfig,1.0,-1.0,RandomPlayerConfig
1179290093,Checkers,0,GAME_OVER,59,58,2,1698,RandomPlayerConfig,1.0,-1.0,RandomPlayerConfig
-403842029,Checkers,0,GAME_OVER,43,42,2,1699,RandomPlayerConfig,1.0,-1.0,RandomPlayerConfig
1043658662,Checkers,0,GAME_OVER,43,42,2,1700,RandomPlayerConfig,-1.0,1.0,RandomPlayerConfig
-1481614246,Checkers,0,GAME_OVER,57,56,2,1701,RandomPlayerConfig,-1.0,1.0,RandomPlayerConfig
1059998357,Checkers,0,GAME_OVER,37,36,2,1702,RandomPlayerConfig,-1.0,1.0,RandomPlayerConfig
-2035336489,Checkers,0,GAME_OVER,49,48,2,1703,RandomPlayerConfig,-1.0,1.0,RandomPlayerConfig
-828189465,Checkers,0,GAME_OVER,48,47,2,1704,RandomPlayerConfig,-1.0,1.0,RandomPlayerConfig
-1112630590,Checkers,0,GAME_OVER,46,45,2,1705,RandomPlayerConfig,1.0,-1.0,RandomPlayerConfig
1273381618,Checkers,0,GAME_OVER,38,37,2,1706,RandomPlayerConfig,-1.0,1.0,RandomPlayerConfig
916823542,Checkers,0,GAME_OVER,90,89,2,1707,RandomPlayerConfig,-1.0,1.0,RandomPlayerConfig
-1188476838,Checkers,0,GAME_OVER,43,42,2,1708,RandomPlayerConfig,-1.0,1.0,RandomPlayerConfig
-1030385106,Checkers,0,GAME_OVER,61,60,2,1709,RandomPlayerConfig,-1.0,1.0,RandomPlayerConfig
-1695727306,Checkers,0,GAME_OVER,50,49,2,1710,RandomPlayerConfig,1.0,-1.0,RandomPlayerConfig
1745623962,Checkers,0,GAME_OVER,33,32,2,1711,RandomPlayerConfig,1.0,-1.0,RandomPlayerConfig
-1131907931,Checkers,0,GAME_OVER,44,43,2,1712,RandomPlayerConfig,1.0,-1.0,RandomPlayerConfig
1879863216,Checkers,0,GAME_OVER,47,46,2,1713,RandomPlayerConfig,-1.0,1.0,RandomPlayerConfig
28013999,Checkers,0,GAME_OVER,38,37,2,1714,RandomPlayerConfig,-1.0,1.0,RandomPlayerConfig
-1153404590,Checkers,0,GAME_OVER,42,41,2,1715,RandomPlayerConfig,1.0,-1.0,RandomPlayerConfig
1986699382,Checkers,0,GAME_OVER,84,83,2,1716,RandomPlayerConfig,1.0,-1.0,RandomPlayerConfig
1137903563,Checkers,0,GAME_OVER,39,38,2,1717,RandomPlayerConfig,-1.0,1.0,RandomPlayerConfig
-311282444,Checkers,0,GAME_OVER,57,56,2,1718,RandomPlayerConfig,1.0,-1.0,RandomPlayerConfig
-329290698,Checkers,0,GAME_OVER,46,45,2,1719,RandomPlayerConfig,-1.0,1.0,RandomPlayerConfig
1941759451,Checkers,0,GAME_OVER,60,59,2,1720,RandomPlayerConfig,1.0,-1.0,RandomPlayerConfig
-1669728967,Checkers,0,GAME_OVER,48,47,2,1721,RandomPlayerConfig,-1.0,1.0,RandomPlayerConfig
1580542299,Checkers,0,GAME_OVER,42,41,2,1722,RandomPlayerConfig,-1.0,1.0,RandomPlayerConfig
628961102,Checkers,0,GAME_OVER,40,39,2,1723,RandomPlayerConfig,1.0,-1.0,RandomPlayerConfig
1578304208,Checkers,0,GAME_OVER,49,48,2,1724,RandomPlayerConfig,1.0,-1.0,RandomPlayerConfig
1521967080,Checkers,0,GAME_OVER,29,28,2,1725,RandomPlayerConfig,-1.0,1.0,RandomPlayerConfig
-1306482771,Checkers,0,GAME_OVER,33,32,2,1726,RandomPlayerConfig,-1.0,1.0,RandomPlayerConfig
-340722637,Checkers,0,GAME_OVER,45,44,2,1727,RandomPlayerConfig,-1.0,1.0,RandomPlayerConfig
-1356914919,Checkers,0,GAME_OVER,54,53,2,1728,RandomPlayerConfig,-1.0,1.0,RandomPlayerConfig
512929862,Checkers,0,GAME_OVER,75,74,2,1729,RandomPlayerConfig,-1.0,1.0,RandomPlayerConfig
787749660,Checkers,0,GAME_OVER,42,41,2,1730,RandomPlayerConfig,1.0,-1.0,RandomPlayerConfig
-192781833,Checkers,0,GAME_OVER,50,49,2,1731,RandomPlayerConfig,-1.0,1.0,RandomPlayerConfig
-1702913198,Checkers,0,GAME_OVER,79,78,2,1732,RandomPlayerConfig,-1.0,1.0,RandomPlayerConfig
-92163394,Checkers,0,GAME_OVER,74,73,2,1733,RandomPlayerConfig,-1.0,1.0,RandomPlayerConfig
-1459438475,Checkers,0,GAME_OVER,32,31,2,1734,RandomPlayerConfig,1.0,-1.0,RandomPlayerConfig
-507513278,Checkers,0,GAME_OVER,69,68,2,1735,RandomPlayerConfig,1.0,-1.0,RandomPlayerConfig
-676184764,Checkers,0,GAME_OVER,38,37,2,1736,RandomPlayerConfig,-1.0,1.0,RandomPlayerConfig
-1623855231,Checkers,0,GAME_OVER,39,38,2,1737,RandomPlayerConfig,-1.0,1.0,RandomPlayerConfig
-2027157359,Checkers,0,GAME_OVER,37,36,2,1738,RandomPlayerConfig,-1.0,1.0,RandomPlayerConfig
-140116804,Checkers,0,GAME_OVER,49,48,2,1739,RandomPlayerConfig,1.0,-1.0,RandomPlayerConfig
-216183431,Checkers,0,GAME_OVER,59,58,2,1740,RandomPlayerConfig,1.0,-1.0,RandomPlayerConfig
-1451148663,Checkers,0,GAME_OVER,50,49,2,1741,RandomPlayerConfig,-1.0,1.0,RandomPlayerConfig
-2109691375,Checkers,0,GAME_OVER,37,36,2,1742,RandomPlayerConfig,-1.0,1.0,RandomPlayerConfig
-826433358,Checkers,0,GAME_OVER,41,40,2,1743,RandomPlayerConfig,1.0,-1.0,RandomPlayerConfig
-216761838,Checkers,0,GAME_OVER,50,49,2,1744,RandomPlayerConfig,-1.0,1.0,RandomPlayerConfig
1017429978,Checkers,0,GAME_OVER,44,43,2,1745,RandomPlayerConfig,-1.0,1.0,RandomPlayerConfig
-1537226167,Checkers,0,GAME_OVER,44,43,2,1746,RandomPlayerConfig,1.0,-1.0,RandomPlayerConfig
507749619,Checkers,0,GAME_OVER,42,41,2,1747,RandomPlayerConfig,1.0,-1.0,RandomPlayerConfig
-1513581865,Checkers,0,GAME_OVER,70,69,2,1748,RandomPlayerConfig,1.0,-1.0,RandomPlayerConfig
1322127370,Checkers,0,GAME_OVER,60,59,2,1749,RandomPlayerConfig,-1.0,1.0,RandomPlayerConfig
891551100,Checkers,0,GAME_OVER,49,48,2,1750,RandomPlayerConfig,-1.0,1.0,RandomPlayerConfig
2138025467,Checkers,0,GAME_OVER,35,34,2,1751,RandomPlayerConfig,1.0,-1.0,RandomPlayerConfig
1684959887,Checkers,0,GAME_OVER,65,64,2,1752,RandomPlayerConfig,-1.0,1.0,RandomPlayerConfig
-1480986365,Checkers,0,GAME_OVER,53,52,2,1753,RandomPlayerConfig,-1.0,1.0,RandomPlayerConfig
-650756534,Checkers,0,GAME_OVER,55,54,2,1754,RandomPlayerConfig,-1.0,1.0,RandomPlayerConfig
1407421011,Checkers,0,GAME_OVER,71,70,2,1755,RandomPlayerConfig,-1.0,1.0,RandomPlayerConfig
-1613059695,Checkers,0,GAME_OVER,41,40,2,1756,RandomPlayerConfig,-1.0,1.0,RandomPlayerConfig
850196232,Checkers,0,GAME_OVER,31,30,2,1757,RandomPlayerConfig,1.0,-1.0,RandomPlayerConfig
1515236453,Checkers,0,GAME_OVER,41,40,2,1758,RandomPlayerConfig,1.0,-1.0,RandomPlayerConfig
1276910903,Checkers,0,GAME_OVER,41,40,2,1759,RandomPlayerConfig,1.0,-1.0,RandomPlayerConfig
412401050,Checkers,0,GAME_OVER,57,56,2,1760,RandomPlayerConfig,-1.0,1.0,RandomPlayerConfig
-647091723,Checkers,0,GAME_OVER,38,37,2,1761,RandomPlayerConfig,1.0,-1.0,RandomPlayerConfig
1730282123,Checkers,0,GAME_OVER,29,28,2,1762,RandomPlayerConfig,-1.0,1.0,RandomPlayerConfig
-869019784,Checkers,0,GAME_OVER,70,69,2,1763,RandomPlayerConfig,-1.0,1.0,RandomPlayerConfig
1094587105,Checkers,0,GAME_OVER,62,61,2,1764,RandomPlayerConfig,1.0,-1.0,RandomPlayerConfig
368065226,Checkers,0,GAME_OVER,67,66,2,1765,RandomPlayerConfig,-1.0,1.0,RandomPlayerConfig
1813903280,Checkers,0,GAME_OVER,49,48,2,1766,RandomPlayerConfig,1.0,-1.0,RandomPlayerConfig
669035172,Checkers,0,GAME_OVER,61,60,2,1767,RandomPlayerConfig,-1.0,1.0,RandomPlayerConfig
1398133352,Checkers,0,GAME_OVER,44,43,2,1768,RandomPlayerConfig,-1.0,1.0,RandomPlayerConfig
-132510359,Checkers,0,GAME_OVER,43,42,2,1769,RandomPlayerConfig,1.0,-1.0,RandomPlayerConfig
777387897,Checkers,0,GAME_OVER,46,45,2,1770,RandomPlayerConfig,-1.0,1.0,RandomPlayerConfig
1352041059,Checkers,0,GAME_OVER,47,46,2,1771,RandomPlayerConfig,-1.0,1.0,RandomPlayerConfig
86270357,Checkers,0,GAME_OVER,67,66,2,1772,RandomPlayerConfig,1.0,-1.0,RandomPlayerConfig
-1125672290,Checkers,0,GAME_OVER,32,31,2,1773,RandomPlayerConfig,-1.0,1.0,RandomPlayerConfig
-2093408783,Checkers,0,GAME_OVER,46,45,2,1774,RandomPlayerConfig,1.0,-1.0,RandomPlayerConfig
-1403531229,Checkers,0,GAME_OVER,47,46,2,1775,RandomPlayerConfig,-1.0,1.0,RandomPlayerConfig
1496203009,Checkers,0,GAME_OVER,74,73,2,1776,RandomPlayerConfig,-1.0,1.0,RandomPlayerConfig
-1071092128,Checkers,0,GAME_OVER,35,34,2,1777,RandomPlayerConfig,-1.0,1.0,RandomPlayerConfig
-1026506122,Checkers,0,GAME_OVER,42,41,2,1778,RandomPlayerConfig,1.0,-1.0,RandomPlayerConfig
-683268873,Checkers,0,GAME_OVER,42,41,2,1779,RandomPlayerConfig,-1.0,1.0,RandomPlayerConfig
-2059970418,Checkers,0,GAME_OVER,60,59,2,1780,RandomPlayerConfig,-1.0,1.0,RandomPlayerConfig
-1968093610,Checkers,0,GAME_OVER,32,31,2,1781,RandomPlayerConfig,-1.0,1.0,RandomPlayerConfig
16506356,Checkers,0,GAME_OVER,58,57,2,1782,RandomPlayerConfig,-1.0,1.0,RandomPlayerConfig
-1481812548,Checkers,0,GAME_OVER,49,48,2,1783,RandomPlayerConfig,1.0,-1.0,RandomPlayerConfig
-1646448962,Checkers,0,GAME_OVER,49,48,2,1784,RandomPlayerConfig,-1.0,1.0,RandomPlayerConfig
-936733540,Checkers,0,GAME_OVER,48,47,2,1785,RandomPlayerConfig,1.0,-1.0,RandomPlayerConfig
-997676971,Checkers,0,GAME_OVER,47,46,2,1786,RandomPlayerConfig,-1.0,1.0,RandomPlayerConfig
-363674243,Checkers,0,GAME_OVER,58,57,2,1787,RandomPlayerConfig,-1.0,1.0,RandomPlayerConfig
1298094402,Checkers,0,GAME_OVER,48,47,2,1788,RandomPlayerConfig,1.0,-1.0,RandomPlayerConfig
-771888442,Checkers,0,GAME_OVER,39,38,2,1789,RandomPlayerConfig,-1.0,1.0,RandomPlayerConfig
-1675572936,Checkers,0,GAME_OVER,44,43,2,1790,RandomPlayerConfig,-1.0,1.0,RandomPlayerConfig
-1786482152,Checkers,0,GAME_OVER,56,55,2,1791,RandomPlayerConfig,1.0,-1.0,RandomPlayerConfig
-174898991,Checkers,0,GAME_OVER,35,34,2,1792,RandomPlayerConfig,1.0,-1.0,RandomPlayerConfig
1149276452,Checkers,0,GAME_OVER,34,33,2,1793,RandomPlayerConfig,-1.0,1.0,RandomPlayerConfig
1342363616,Checkers,0,GAME_OVER,60,59,2,1794,RandomPlayerConfig,1.0,-1.0,RandomPlayerConfig
721004321,Checkers,0,GAME_OVER,44,43,2,1795,RandomPlayerConfig,1.0,-1.0,RandomPlayerConfig
-545709509,Checkers,0,GAME_OVER,73,72,2,1796,RandomPlayerConfig,-1.0,1.0,RandomPlayerConfig
1352257095,Checkers,0,GAME_OVER,63,62,2,1797,RandomPlayerConfig,-1.0,1.0,RandomPlayerConfig
1874814574,Checkers,0,GAME_OVER,42,41,2,1798,RandomPlayerConfig,-1.0,1.0,RandomPlayerConfig
1431403269,Checkers,0,GAME_OVER,39,38,2,1799,RandomPlayerConfig,1.0,-1.0,RandomPlayerConfig
-2085245251,Checkers,0,GAME_OVER,42,41,2,1800,RandomPlayerConfig,-1.0,1.0,RandomPlayerConfig
-2096651580,Checkers,0,GAME_OVER,53,52,2,1801,RandomPlayerConfig,-1.0,1.0,RandomPlayerConfig
