GameSeed,GameName,Round,Event,Tick,Turn,PlayerCount,GameID,Player-1 rank,PlayerName-0,Player-1,Player-0,Player-0 rank,PlayerName-1
-429507769,Checkers,0,GAME_OVER,65,64,2,2,1,MCTS_CheckersHeuristic,1,2,2,MCTS_CheckersHeuristic
1646983889,Checkers,0,GAME_OVER,117,116,2,3,1,MCTS_CheckersHeuristic,1,1,1,MCTS_CheckersHeuristic
-1508144921,Checkers,0,GAME_OVER,52,51,2,4,2,MCTS_CheckersHeuristic,2,1,1,MCTS_CheckersHeuristic
-298402473,Checkers,0,GAME_OVER,49,48,2,5,2,MCTS_CheckersHeuristic,2,1,1,MCTS_CheckersHeuristic
1122538383,Checkers,0,GAME_OVER,58,57,2,6,2,MCTS_CheckersHeuristic,2,1,1,MCTS_CheckersHeuristic
-1677878252,Checkers,0,GAME_OVER,120,119,2,7,1,MCTS_CheckersHeuristic,1,1,1,MCTS_CheckersHeuristic
764054644,Checkers,0,GAME_OVER,143,142,2,8,1,MCTS_CheckersHeuristic,1,1,1,MCTS_CheckersHeuristic
1612447923,Checkers,0,GAME_OVER,67,66,2,9,2,MCTS_CheckersHeuristic,2,1,1,MCTS_CheckersHeuristic
-1766918344,Checkers,0,GAME_OVER,123,122,2,10,1,MCTS_CheckersHeuristic,1,1,1,MCTS_CheckersHeuristic
-99200105,Checkers,0,GAME_OVER,56,55,2,11,1,MCTS_CheckersHeuristic,1,2,2,MCTS_CheckersHeuristic
-2046769698,Checkers,0,GAME_OVER,87,86,2,12,1,MCTS_CheckersHeuristic,1,2,2,MCTS_CheckersHeuristic
-8833104,Checkers,0,GAME_OVER,45,44,2,13,1,MCTS_CheckersHeuristic,1,2,2,MCTS_CheckersHeuristic
2039254330,Checkers,0,GAME_OVER,80,79,2,14,1,MCTS_CheckersHeuristic,1,2,2,MCTS_CheckersHeuristic
904154652,Checkers,0,GAME_OVER,165,164,2,15,1,MCTS_CheckersHeuristic,1,1,1,MCTS_CheckersHeuristic
-944614563,Checkers,0,GAME_OVER,62,61,2,16,1,MCTS_CheckersHeuristic,1,2,2,MCTS_CheckersHeuristic
1458886793,Checkers,0,GAME_OVER,96,95,2,17,1,MCTS_CheckersHeuristic,1,2,2,MCTS_CheckersHeuristic
-133207870,Checkers,0,GAME_OVER,60,59,2,18,2,MCTS_CheckersHeuristic,2,1,1,MCTS_CheckersHeuristic
-1726615699,Checkers,0,GAME_OVER,60,59,2,19,1,MCTS_CheckersHeuristic,1,2,2,MCTS_CheckersHeuristic
-1502585263,Checkers,0,GAME_OVER,141,140,2,20,1,MCTS_CheckersHeuristic,1,1,1,MCTS_CheckersHeuristic
-1700714099,Checkers,0,GAME_OVER,55,54,2,21,2,MCTS_CheckersHeuristic,2,1,1,MCTS_CheckersHeuristic
1159122283,Checkers,0,GAME_OVER,49,48,2,22,1,MCTS_CheckersHeuristic,1,2,2,MCTS_CheckersHeuristic
-1815440261,Checkers,0,GAME_OVER,168,167,2,23,1,MCTS_CheckersHeuristic,1,1,1,MCTS_CheckersHeuristic
1249189018,Checkers,0,GAME_OVER,71,70,2,24,2,MCTS_CheckersHeuristic,2,1,1,MCTS_CheckersHeuristic
1366968798,Checkers,0,GAME_OVER,49,48,2,25,1,MCTS_CheckersHeuristic,1,2,2,MCTS_CheckersHeuristic
755827371,Checkers,0,GAME_OVER,49,48,2,26,1,MCTS_CheckersHeuristic,1,2,2,MCTS_CheckersHeuristic
1193006025,Checkers,0,GAME_OVER,93,92,2,27,1,MCTS_CheckersHeuristic,1,1,1,MCTS_CheckersHeuristic
-1327623385,Checkers,0,GAME_OVER,46,45,2,28,1,MCTS_CheckersHeuristic,1,2,2,MCTS_CheckersHeuristic
-105545099,Checkers,0,GAME_OVER,68,67,2,29,2,MCTS_CheckersHeuristic,2,1,1,MCTS_CheckersHeuristic
1982229135,Checkers,0,GAME_OVER,106,105,2,30,1,MCTS_CheckersHeuristic,1,2,2,MCTS_CheckersHeuristic
877649930,Checkers,0,GAME_OVER,54,53,2,31,2,MCTS_CheckersHeuristic,2,1,1,MCTS_CheckersHeuristic
-1343263283,Checkers,0,GAME_OVER,65,64,2,32,1,MCTS_CheckersHeuristic,1,2,2,MCTS_CheckersHeuristic
700851048,Checkers,0,GAME_OVER,62,61,2,33,1,MCTS_CheckersHeuristic,1,2,2,MCTS_CheckersHeuristic
1089392554,Checkers,0,GAME_OVER,152,151,2,34,1,MCTS_CheckersHeuristic,1,1,1,MCTS_CheckersHeuristic
-1040387831,Checkers,0,GAME_OVER,99,98,2,35,1,MCTS_CheckersHeuristic,1,1,1,MCTS_CheckersHeuristic
-510361511,Checkers,0,GAME_OVER,78,77,2,36,1,MCTS_CheckersHeuristic,1,2,2,MCTS_CheckersHeuristic
863793519,Checkers,0,GAME_OVER,54,53,2,37,2,MCTS_CheckersHeuristic,2,1,1,MCTS_CheckersHeuristic
-1282859446,Checkers,0,GAME_OVER,77,76,2,38,1,MCTS_CheckersHeuristic,1,2,2,MCTS_CheckersHeuristic
981456584,Checkers,0,GAME_OVER,120,119,2,39,2,MCTS_CheckersHeuristic,2,1,1,MCTS_CheckersHeuristic
1631503592,Checkers,0,GAME_OVER,52,51,2,40,1,MCTS_CheckersHeuristic,1,2,2,MCTS_CheckersHeuristic
-1578670172,Checkers,0,GAME_OVER,84,83,2,41,1,MCTS_CheckersHeuristic,1,2,2,MCTS_CheckersHeuristic
-7013139,Checkers,0,GAME_OVER,233,232,2,42,1,MCTS_CheckersHeuristic,1,1,1,MCTS_CheckersHeuristic
-1197073684,Checkers,0,GAME_OVER,81,80,2,43,1,MCTS_CheckersHeuristic,1,2,2,MCTS_CheckersHeuristic
-360322187,Checkers,0,GAME_OVER,81,80,2,44,1,MCTS_CheckersHeuristic,1,2,2,MCTS_CheckersHeuristic
-974499447,Checkers,0,GAME_OVER,70,69,2,45,1,MCTS_CheckersHeuristic,1,2,2,MCTS_CheckersHeuristic
435222515,Checkers,0,GAME_OVER,139,138,2,46,1,MCTS_CheckersHeuristic,1,1,1,MCTS_CheckersHeuristic
982406231,Checkers,0,GAME_OVER,133,132,2,47,1,MCTS_CheckersHeuristic,1,1,1,MCTS_CheckersHeuristic
-1056911694,Checkers,0,GAME_OVER,105,104,2,48,1,MCTS_CheckersHeuristic,1,1,1,MCTS_CheckersHeuristic
-452755121,Checkers,0,GAME_OVER,121,120,2,49,1,MCTS_CheckersHeuristic,1,1,1,MCTS_CheckersHeuristic
734475412,Checkers,0,GAME_OVER,58,57,2,50,2,MCTS_CheckersHeuristic,2,1,1,MCTS_CheckersHeuristic
-1110994666,Checkers,0,GAME_OVER,50,49,2,51,1,MCTS_CheckersHeuristic,1,2,2,MCTS_CheckersHeuristic
955802140,Checkers,0,GAME_OVER,87,86,2,52,1,MCTS_CheckersHeuristic,1,2,2,MCTS_CheckersHeuristic
30516821,Checkers,0,GAME_OVER,46,45,2,53,1,MCTS_CheckersHeuristic,1,2,2,MCTS_CheckersHeuristic
-121774317,Checkers,0,GAME_OVER,51,50,2,54,2,MCTS_CheckersHeuristic,2,1,1,MCTS_CheckersHeuristic
-186451330,Checkers,0,GAME_OVER,54,53,2,55,1,MCTS_CheckersHeuristic,1,2,2,MCTS_CheckersHeuristic
1762848073,Checkers,0,GAME_OVER,78,77,2,56,2,MCTS_CheckersHeuristic,2,1,1,MCTS_CheckersHeuristic
-491157522,Checkers,0,GAME_OVER,47,46,2,57,1,MCTS_CheckersHeuristic,1,2,2,MCTS_CheckersHeuristic
-1107048397,Checkers,0,GAME_OVER,46,45,2,58,1,MCTS_CheckersHeuristic,1,2,2,MCTS_CheckersHeuristic
1413027729,Checkers,0,GAME_OVER,83,82,2,59,1,MCTS_CheckersHeuristic,1,2,2,MCTS_CheckersHeuristic
-1071175548,Checkers,0,GAME_OVER,60,59,2,60,2,MCTS_CheckersHeuristic,2,1,1,MCTS_CheckersHeuristic
954607719,Checkers,0,GAME_OVER,55,54,2,61,1,MCTS_CheckersHeuristic,1,2,2,MCTS_CheckersHeuristic
-1400576534,Checkers,0,GAME_OVER,52,51,2,62,2,MCTS_CheckersHeuristic,2,1,1,MCTS_CheckersHeuristic
64377253,Checkers,0,GAME_OVER,59,58,2,63,1,MCTS_CheckersHeuristic,1,2,2,MCTS_CheckersHeuristic
88870555,Checkers,0,GAME_OVER,130,129,2,64,1,MCTS_CheckersHeuristic,1,1,1,MCTS_CheckersHeuristic
620336199,Checkers,0,GAME_OVER,136,135,2,65,1,MCTS_CheckersHeuristic,1,2,2,MCTS_CheckersHeuristic
1293527892,Checkers,0,GAME_OVER,112,111,2,66,1,MCTS_CheckersHeuristic,1,2,2,MCTS_CheckersHeuristic
-1114071225,Checkers,0,GAME_OVER,75,74,2,67,1,MCTS_CheckersHeuristic,1,1,1,MCTS_CheckersHeuristic
-734824458,Checkers,0,GAME_OVER,111,110,2,68,1,MCTS_CheckersHeuristic,1,1,1,MCTS_CheckersHeuristic
-547036712,Checkers,0,GAME_OVER,81,80,2,69,1,MCTS_CheckersHeuristic,1,2,2,MCTS_CheckersHeuristic
1128229866,Checkers,0,GAME_OVER,66,65,2,70,2,MCTS_CheckersHeuristic,2,1,1,MCTS_CheckersHeuristic
-356353700,Checkers,0,GAME_OVER,70,69,2,71,1,MCTS_CheckersHeuristic,1,2,2,MCTS_CheckersHeuristic
1915409131,Checkers,0,GAME_OVER,58,57,2,72,1,MCTS_CheckersHeuristic,1,2,2,MCTS_CheckersHeuristic
-725474074,Checkers,0,GAME_OVER,52,51,2,73,1,MCTS_CheckersHeuristic,1,2,2,MCTS_CheckersHeuristic
-518570509,Checkers,0,GAME_OVER,86,85,2,74,2,MCTS_CheckersHeuristic,2,1,1,MCTS_CheckersHeuristic
31817353,Checkers,0,GAME_OVER,129,128,2,75,1,MCTS_CheckersHeuristic,1,1,1,MCTS_CheckersHeuristic
-234975919,Checkers,0,GAME_OVER,54,53,2,76,1,MCTS_CheckersHeuristic,1,2,2,MCTS_CheckersHeuristic
-353150266,Checkers,0,GAME_OVER,139,138,2,77,1,MCTS_CheckersHeuristic,1,1,1,MCTS_CheckersHeuristic
1766592570,Checkers,0,GAME_OVER,128,127,2,78,1,MCTS_CheckersHeuristic,1,1,1,MCTS_CheckersHeuristic
1732864212,Checkers,0,GAME_OVER,52,51,2,79,1,MCTS_CheckersHeuristic,1,2,2,MCTS_CheckersHeuristic
-340655278,Checkers,0,GAME_OVER,55,54,2,80,2,MCTS_CheckersHeuristic,2,1,1,MCTS_CheckersHeuristic
-25849191,Checkers,0,GAME_OVER,127,126,2,81,1,MCTS_CheckersHeuristic,1,1,1,MCTS_CheckersHeuristic
945284864,Checkers,0,GAME_OVER,94,93,2,82,1,MCTS_CheckersHeuristic,1,1,1,MCTS_CheckersHeuristic
-48612981,Checkers,0,GAME_OVER,54,53,2,83,1,MCTS_CheckersHeuristic,1,2,2,MCTS_CheckersHeuristic
-1983445115,Checkers,0,GAME_OVER,64,63,2,84,1,MCTS_CheckersHeuristic,1,2,2,MCTS_CheckersHeuristic
-1735928366,Checkers,0,GAME_OVER,60,59,2,85,2,MCTS_CheckersHeuristic,2,1,1,MCTS_CheckersHeuristic
430666804,Checkers,0,GAME_OVER,62,61,2,86,2,MCTS_CheckersHeuristic,2,1,1,MCTS_CheckersHeuristic
1609744228,Checkers,0,GAME_OVER,63,62,2,87,2,MCTS_CheckersHeuristic,2,1,1,MCTS_CheckersHeuristic
-1511172036,Checkers,0,GAME_OVER,53,52,2,88,2,MCTS_CheckersHeuristic,2,1,1,MCTS_CheckersHeuristic
-893807371,Checkers,0,GAME_OVER,126,125,2,89,1,MCTS_CheckersHeuristic,1,1,1,MCTS_CheckersHeuristic
-172327199,Checkers,0,GAME_OVER,162,161,2,90,1,MCTS_CheckersHeuristic,1,1,1,MCTS_CheckersHeuristic
503765733,Checkers,0,GAME_OVER,97,96,2,91,1,MCTS_CheckersHeuristic,1,1,1,MCTS_CheckersHeuristic
61052441,Checkers,0,GAME_OVER,58,57,2,92,2,MCTS_CheckersHeuristic,2,1,1,MCTS_CheckersHeuristic
1802280096,Checkers,0,GAME_OVER,101,100,2,93,1,MCTS_CheckersHeuristic,1,1,1,MCTS_CheckersHeuristic
-1356673561,Checkers,0,GAME_OVER,58,57,2,94,2,MCTS_CheckersHeuristic,2,1,1,MCTS_CheckersHeuristic
1300440325,Checkers,0,GAME_OVER,182,181,2,95,1,MCTS_CheckersHeuristic,1,1,1,MCTS_CheckersHeuristic
500731879,Checkers,0,GAME_OVER,45,44,2,96,1,MCTS_CheckersHeuristic,1,2,2,MCTS_CheckersHeuristic
1293080270,Checkers,0,GAME_OVER,96,95,2,97,1,MCTS_CheckersHeuristic,1,1,1,MCTS_CheckersHeuristic
1179290093,Checkers,0,GAME_OVER,57,56,2,98,2,MCTS_CheckersHeuristic,2,1,1,MCTS_CheckersHeuristic
-403842029,Checkers,0,GAME_OVER,46,45,2,99,1,MCTS_CheckersHeuristic,1,2,2,MCTS_CheckersHeuristic
1043658662,Checkers,0,GAME_OVER,91,90,2,100,1,MCTS_CheckersHeuristic,1,2,2,MCTS_CheckersHeuristic
-1481614246,Checkers,0,GAME_OVER,56,55,2,101,2,MCTS_CheckersHeuristic,2,1,1,MCTS_CheckersHeuristic
1059998357,Checkers,0,GAME_OVER,101,100,2,102,1,MCTS_CheckersHeuristic,1,1,1,MCTS_CheckersHeuristic
-2035336489,Checkers,0,GAME_OVER,60,59,2,103,2,MCTS_CheckersHeuristic,2,1,1,MCTS_CheckersHeuristic
-828189465,Checkers,0,GAME_OVER,149,148,2,104,1,MCTS_CheckersHeuristic,1,2,2,MCTS_CheckersHeuristic
-1112630590,Checkers,0,GAME_OVER,92,91,2,105,1,MCTS_CheckersHeuristic,1,1,1,MCTS_CheckersHeuristic
1273381618,Checkers,0,GAME_OVER,111,110,2,106,1,MCTS_CheckersHeuristic,1,2,2,MCTS_CheckersHeuristic
916823542,Checkers,0,GAME_OVER,74,73,2,107,2,MCTS_CheckersHeuristic,2,1,1,MCTS_CheckersHeuristic
-1188476838,Checkers,0,GAME_OVER,61,60,2,108,2,MCTS_CheckersHeuristic,2,1,1,MCTS_CheckersHeuristic
-1030385106,Checkers,0,GAME_OVER,160,159,2,109,2,MCTS_CheckersHeuristic,2,1,1,MCTS_CheckersHeuristic
-1695727306,Checkers,0,GAME_OVER,72,71,2,110,2,MCTS_CheckersHeuristic,2,1,1,MCTS_CheckersHeuristic
1745623962,Checkers,0,GAME_OVER,67,66,2,111,1,MCTS_CheckersHeuristic,1,2,2,MCTS_CheckersHeuristic
-1131907931,Checkers,0,GAME_OVER,175,174,2,112,1,MCTS_CheckersHeuristic,1,1,1,MCTS_CheckersHeuristic
1879863216,Checkers,0,GAME_OVER,53,52,2,113,1,MCTS_CheckersHeuristic,1,2,2,MCTS_CheckersHeuristic
28013999,Checkers,0,GAME_OVER,64,63,2,114,2,MCTS_CheckersHeuristic,2,1,1,MCTS_CheckersHeuristic
-1153404590,Checkers,0,GAME_OVER,53,52,2,115,2,MCTS_CheckersHeuristic,2,1,1,MCTS_CheckersHeuristic
1986699382,Checkers,0,GAME_OVER,56,55,2,116,2,MCTS_CheckersHeuristic,2,1,1,MCTS_CheckersHeuristic
1137903563,Checkers,0,GAME_OVER,69,68,2,117,1,MCTS_CheckersHeuristic,1,2,2,MCTS_CheckersHeuristic
-311282444,Checkers,0,GAME_OVER,55,54,2,118,2,MCTS_CheckersHeuristic,2,1,1,MCTS_CheckersHeuristic
-329290698,Checkers,0,GAME_OVER,79,78,2,119,1,MCTS_CheckersHeuristic,1,2,2,MCTS_CheckersHeuristic
1941759451,Checkers,0,GAME_OVER,131,130,2,120,1,MCTS_CheckersHeuristic,1,1,1,MCTS_CheckersHeuristic
-1669728967,Checkers,0,GAME_OVER,101,100,2,121,1,MCTS_CheckersHeuristic,1,1,1,MCTS_CheckersHeuristic
1580542299,Checkers,0,GAME_OVER,151,150,2,122,1,MCTS_CheckersHeuristic,1,1,1,MCTS_CheckersHeuristic
628961102,Checkers,0,GAME_OVER,65,64,2,123,2,MCTS_CheckersHeuristic,2,1,1,MCTS_CheckersHeuristic
1578304208,Checkers,0,GAME_OVER,63,62,2,124,2,MCTS_CheckersHeuristic,2,1,1,MCTS_CheckersHeuristic
1521967080,Checkers,0,GAME_OVER,79,78,2,125,1,MCTS_CheckersHeuristic,1,2,2,MCTS_CheckersHeuristic
-1306482771,Checkers,0,GAME_OVER,56,55,2,126,2,MCTS_CheckersHeuristic,2,1,1,MCTS_CheckersHeuristic
-340722637,Checkers,0,GAME_OVER,140,139,2,127,1,MCTS_CheckersHeuristic,1,1,1,MCTS_CheckersHeuristic
-1356914919,Checkers,0,GAME_OVER,62,61,2,128,1,MCTS_CheckersHeuristic,1,2,2,MCTS_CheckersHeuristic
512929862,Checkers,0,GAME_OVER,104,103,2,129,2,MCTS_CheckersHeuristic,2,1,1,MCTS_CheckersHeuristic
787749660,Checkers,0,GAME_OVER,53,52,2,130,2,MCTS_CheckersHeuristic,2,1,1,MCTS_CheckersHeuristic
-192781833,Checkers,0,GAME_OVER,49,48,2,131,2,MCTS_CheckersHeuristic,2,1,1,MCTS_CheckersHeuristic
-1702913198,Checkers,0,GAME_OVER,116,115,2,132,1,MCTS_CheckersHeuristic,1,1,1,MCTS_CheckersHeuristic
-92163394,Checkers,0,GAME_OVER,138,137,2,133,1,MCTS_CheckersHeuristic,1,1,1,MCTS_CheckersHeuristic
-1459438475,Checkers,0,GAME_OVER,93,92,2,134,1,MCTS_CheckersHeuristic,1,1,1,MCTS_CheckersHeuristic
-507513278,Checkers,0,GAME_OVER,77,76,2,135,2,MCTS_CheckersHeuristic,2,1,1,MCTS_CheckersHeuristic
-676184764,Checkers,0,GAME_OVER,55,54,2,136,1,MCTS_CheckersHeuristic,1,2,2,MCTS_CheckersHeuristic
-1623855231,Checkers,0,GAME_OVER,82,81,2,137,1,MCTS_CheckersHeuristic,1,2,2,MCTS_CheckersHeuristic
-2027157359,Checkers,0,GAME_OVER,151,150,2,138,1,MCTS_CheckersHeuristic,1,1,1,MCTS_CheckersHeuristic
-140116804,Checkers,0,GAME_OVER,48,47,2,139,1,MCTS_CheckersHeuristic,1,2,2,MCTS_CheckersHeuristic
-216183431,Checkers,0,GAME_OVER,54,53,2,140,2,MCTS_CheckersHeuristic,2,1,1,MCTS_CheckersHeuristic
-1451148663,Checkers,0,GAME_OVER,110,109,2,141,1,MCTS_CheckersHeuristic,1,1,1,MCTS_CheckersHeuristic
-2109691375,Checkers,0,GAME_OVER,48,47,2,142,1,MCTS_CheckersHeuristic,1,2,2,MCTS_CheckersHeuristic
-826433358,Checkers,0,GAME_OVER,61,60,2,143,2,MCTS_CheckersHeuristic,2,1,1,MCTS_CheckersHeuristic
-216761838,Checkers,0,GAME_OVER,58,57,2,144,2,MCTS_CheckersHeuristic,2,1,1,MCTS_CheckersHeuristic
1017429978,Checkers,0,GAME_OVER,78,77,2,145,2,MCTS_CheckersHeuristic,2,1,1,MCTS_CheckersHeuristic
-1537226167,Checkers,0,GAME_OVER,66,65,2,146,1,MCTS_CheckersHeuristic,1,2,2,MCTS_CheckersHeuristic
507749619,Checkers,0,GAME_OVER,107,106,2,147,1,MCTS_CheckersHeuristic,1,1,1,MCTS_CheckersHeuristic
-1513581865,Checkers,0,GAME_OVER,57,56,2,148,2,MCTS_CheckersHeuristic,2,1,1,MCTS_CheckersHeuristic
1322127370,Checkers,0,GAME_OVER,50,49,2,149,1,MCTS_CheckersHeuristic,1,2,2,MCTS_CheckersHeuristic
891551100,Checkers,0,GAME_OVER,99,98,2,150,1,MCTS_CheckersHeuristic,1,1,1,MCTS_CheckersHeuristic
2138025467,Checkers,0,GAME_OVER,51,50,2,151,1,MCTS_CheckersHeuristic,1,2,2,MCTS_CheckersHeuristic
1684959887,Checkers,0,GAME_OVER,110,109,2,152,1,MCTS_CheckersHeuristic,1,2,2,MCTS_CheckersHeuristic
-1480986365,Checkers,0,GAME_OVER,99,98,2,153,1,MCTS_CheckersHeuristic,1,2,2,MCTS_CheckersHeuristic
-650756534,Checkers,0,GAME_OVER,66,65,2,154,1,MCTS_CheckersHeuristic,1,2,2,MCTS_CheckersHeuristic
1407421011,Checkers,0,GAME_OVER,89,88,2,155,2,MCTS_CheckersHeuristic,2,1,1,MCTS_CheckersHeuristic
-1613059695,Checkers,0,GAME_OVER,50,49,2,156,2,MCTS_CheckersHeuristic,2,1,1,MCTS_CheckersHeuristic
850196232,Checkers,0,GAME_OVER,47,46,2,157,2,MCTS_CheckersHeuristic,2,1,1,MCTS_CheckersHeuristic
1515236453,Checkers,0,GAME_OVER,72,71,2,158,2,MCTS_CheckersHeuristic,2,1,1,MCTS_CheckersHeuristic
1276910903,Checkers,0,GAME_OVER,87,86,2,159,2,MCTS_CheckersHeuristic,2,1,1,MCTS_CheckersHeuristic
412401050,Checkers,0,GAME_OVER,123,122,2,160,2,MCTS_CheckersHeuristic,2,1,1,MCTS_CheckersHeuristic
-647091723,Checkers,0,GAME_OVER,54,53,2,161,1,MCTS_CheckersHeuristic,1,2,2,MCTS_CheckersHeuristic
1730282123,Checkers,0,GAME_OVER,52,51,2,162,1,MCTS_CheckersHeuristic,1,2,2,MCTS_CheckersHeuristic
-869019784,Checkers,0,GAME_OVER,87,86,2,163,2,MCTS_CheckersHeuristic,2,1,1,MCTS_CheckersHeuristic
1094587105,Checkers,0,GAME_OVER,61,60,2,164,1,MCTS_CheckersHeuristic,1,2,2,MCTS_CheckersHeuristic
368065226,Checkers,0,GAME_OVER,48,47,2,165,2,MCTS_CheckersHeuristic,2,1,1,MCTS_CheckersHeuristic
1813903280,Checkers,0,GAME_OVER,44,43,2,166,2,MCTS_CheckersHeuristic,2,1,1,MCTS_CheckersHeuristic
669035172,Checkers,0,GAME_OVER,44,43,2,167,2,MCTS_CheckersHeuristic,2,1,1,MCTS_CheckersHeuristic
1398133352,Checkers,0,GAME_OVER,89,88,2,168,1,MCTS_CheckersHeuristic,1,1,1,MCTS_CheckersHeuristic
-132510359,Checkers,0,GAME_OVER,85,84,2,169,1,MCTS_CheckersHeuristic,1,2,2,MCTS_CheckersHeuristic
777387897,Checkers,0,GAME_OVER,56,55,2,170,2,MCTS_CheckersHeuristic,2,1,1,MCTS_CheckersHeuristic
1352041059,Checkers,0,GAME_OVER,53,52,2,171,2,MCTS_CheckersHeuristic,2,1,1,MCTS_CheckersHeuristic
86270357,Checkers,0,GAME_OVER,51,50,2,172,2,MCTS_CheckersHeuristic,2,1,1,MCTS_CheckersHeuristic
-1125672290,Checkers,0,GAME_OVER,54,53,2,173,2,MCTS_CheckersHeuristic,2,1,1,MCTS_CheckersHeuristic
-2093408783,Checkers,0,GAME_OVER,75,74,2,174,1,MCTS_CheckersHeuristic,1,2,2,MCTS_CheckersHeuristic
-1403531229,Checkers,0,GAME_OVER,116,115,2,175,1,MCTS_CheckersHeuristic,1,1,1,MCTS_CheckersHeuristic
1496203009,Checkers,0,GAME_OVER,83,82,2,176,2,MCTS_CheckersHeuristic,2,1,1,MCTS_CheckersHeuristic
-1071092128,Checkers,0,GAME_OVER,98,97,2,177,1,MCTS_CheckersHeuristic,1,1,1,MCTS_CheckersHeuristic
-1026506122,Checkers,0,GAME_OVER,61,60,2,178,1,MCTS_CheckersHeuristic,1,2,2,MCTS_CheckersHeuristic
-683268873,Checkers,0,GAME_OVER,143,142,2,179,1,MCTS_CheckersHeuristic,1,1,1,MCTS_CheckersHeuristic
-2059970418,Checkers,0,GAME_OVER,140,139,2,180,1,MCTS_CheckersHeuristic,1,1,1,MCTS_CheckersHeuristic
-1968093610,Checkers,0,GAME_OVER,55,54,2,181,1,MCTS_CheckersHeuristic,1,2,2,MCTS_CheckersHeuristic
16506356,Checkers,0,GAME_OVER,115,114,2,182,1,MCTS_CheckersHeuristic,1,1,1,MCTS_CheckersHeuristic
-1481812548,Checkers,0,GAME_OVER,52,51,2,183,1,MCTS_CheckersHeuristic,1,2,2,MCTS_CheckersHeuristic
-1646448962,Checkers,0,GAME_OVER,61,60,2,184,1,MCTS_CheckersHeuristic,1,2,2,MCTS_CheckersHeuristic
-936733540,Checkers,0,GAME_OVER,103,102,2,185,1,MCTS_CheckersHeuristic,1,2,2,MCTS_CheckersHeuristic
-997676971,Checkers,0,GAME_OVER,90,89,2,186,2,MCTS_CheckersHeuristic,2,1,1,MCTS_CheckersHeuristic
-363674243,Checkers,0,GAME_OVER,73,72,2,187,1,MCTS_CheckersHeuristic,1,2,2,MCTS_CheckersHeuristic
1298094402,Checkers,0,GAME_OVER,45,44,2,188,1,MCTS_CheckersHeuristic,1,2,2,MCTS_CheckersHeuristic
-771888442,Checkers,0,GAME_OVER,52,51,2,189,2,MCTS_CheckersHeuristic,2,1,1,MCTS_CheckersHeuristic
-1675572936,Checkers,0,GAME_OVER,66,65,2,190,2,MCTS_CheckersHeuristic,2,1,1,MCTS_CheckersHeuristic
-1786482152,Checkers,0,GAME_OVER,142,141,2,191,1,MCTS_CheckersHeuristic,1,1,1,MCTS_CheckersHeuristic
-174898991,Checkers,0,GAME_OVER,51,50,2,192,2,MCTS_CheckersHeuristic,2,1,1,MCTS_CheckersHeuristic
1149276452,Checkers,0,GAME_OVER,92,91,2,193,1,MCTS_CheckersHeuristic,1,1,1,MCTS_CheckersHeuristic
1342363616,Checkers,0,GAME_OVER,43,42,2,194,2,MCTS_CheckersHeuristic,2,1,1,MCTS_CheckersHeuristic
721004321,Checkers,0,GAME_OVER,55,54,2,195,1,MCTS_CheckersHeuristic,1,2,2,MCTS_CheckersHeuristic
-545709509,Checkers,0,GAME_OVER,50,49,2,196,2,MCTS_CheckersHeuristic,2,1,1,MCTS_CheckersHeuristic
1352257095,Checkers,0,GAME_OVER,56,55,2,197,1,MCTS_CheckersHeuristic,1,2,2,MCTS_CheckersHeuristic
1874814574,Checkers,0,GAME_OVER,87,86,2,198,2,MCTS_CheckersHeuristic,2,1,1,MCTS_CheckersHeuristic
1431403269,Checkers,0,GAME_OVER,75,74,2,199,2,MCTS_CheckersHeuristic,2,1,1,MCTS_CheckersHeuristic
-2085245251,Checkers,0,GAME_OVER,120,119,2,200,1,MCTS_CheckersHeuristic,1,1,1,MCTS_CheckersHeuristic
-2096651580,Checkers,0,GAME_OVER,45,44,2,201,1,MCTS_CheckersHeuristic,1,2,2,MCTS_CheckersHeuristic
-429507769,Checkers,0,GAME_OVER,113,112,2,202,1,MCTS_CheckersHeuristic,1,1,1,OSLA
1646983889,Checkers,0,GAME_OVER,88,87,2,203,2,MCTS_CheckersHeuristic,2,1,1,OSLA
-1508144921,Checkers,0,GAME_OVER,56,55,2,204,2,MCTS_CheckersHeuristic,2,1,1,OSLA
-298402473,Checkers,0,GAME_OVER,51,50,2,205,2,MCTS_CheckersHeuristic,2,1,1,OSLA
1122538383,Checkers,0,GAME_OVER,50,49,2,206,2,MCTS_CheckersHeuristic,2,1,1,OSLA
-1677878252,Checkers,0,GAME_OVER,52,51,2,207,2,MCTS_CheckersHeuristic,2,1,1,OSLA
764054644,Checkers,0,GAME_OVER,40,39,2,208,1,MCTS_CheckersHeuristic,1,2,2,OSLA
1612447923,Checkers,0,GAME_OVER,46,45,2,209,2,MCTS_CheckersHeuristic,2,1,1,OSLA
-1766918344,Checkers,0,GAME_OVER,52,51,2,210,1,MCTS_CheckersHeuristic,1,2,2,OSLA
-99200105,Checkers,0,GAME_OVER,46,45,2,211,2,MCTS_CheckersHeuristic,2,1,1,OSLA
-2046769698,Checkers,0,GAME_OVER,49,48,2,212,2,MCTS_CheckersHeuristic,2,1,1,OSLA
-8833104,Checkers,0,GAME_OVER,39,38,2,213,2,MCTS_CheckersHeuristic,2,1,1,OSLA
2039254330,Checkers,0,GAME_OVER,62,61,2,214,2,MCTS_CheckersHeuristic,2,1,1,OSLA
904154652,Checkers,0,GAME_OVER,98,97,2,215,2,MCTS_CheckersHeuristic,2,1,1,OSLA
-944614563,Checkers,0,GAME_OVER,66,65,2,216,2,MCTS_CheckersHeuristic,2,1,1,OSLA
1458886793,Checkers,0,GAME_OVER,45,44,2,217,2,MCTS_CheckersHeuristic,2,1,1,OSLA
-133207870,Checkers,0,GAME_OVER,158,157,2,218,1,MCTS_CheckersHeuristic,1,1,1,OSLA
-1726615699,Checkers,0,GAME_OVER,63,62,2,219,2,MCTS_CheckersHeuristic,2,1,1,OSLA
-1502585263,Checkers,0,GAME_OVER,75,74,2,220,1,MCTS_CheckersHeuristic,1,1,1,OSLA
-1700714099,Checkers,0,GAME_OVER,47,46,2,221,2,MCTS_CheckersHeuristic,2,1,1,OSLA
1159122283,Checkers,0,GAME_OVER,96,95,2,222,1,MCTS_CheckersHeuristic,1,1,1,OSLA
-1815440261,Checkers,0,GAME_OVER,69,68,2,223,2,MCTS_CheckersHeuristic,2,1,1,OSLA
1249189018,Checkers,0,GAME_OVER,98,97,2,224,1,MCTS_CheckersHeuristic,1,1,1,OSLA
1366968798,Checkers,0,GAME_OVER,62,61,2,225,2,MCTS_CheckersHeuristic,2,1,1,OSLA
755827371,Checkers,0,GAME_OVER,46,45,2,226,2,MCTS_CheckersHeuristic,2,1,1,OSLA
1193006025,Checkers,0,GAME_OVER,45,44,2,227,2,MCTS_CheckersHeuristic,2,1,1,OSLA
-1327623385,Checkers,0,GAME_OVER,68,67,2,228,2,MCTS_CheckersHeuristic,2,1,1,OSLA
-105545099,Checkers,0,GAME_OVER,42,41,2,229,2,MCTS_CheckersHeuristic,2,1,1,OSLA
1982229135,Checkers,0,GAME_OVER,43,42,2,230,2,MCTS_CheckersHeuristic,2,1,1,OSLA
877649930,Checkers,0,GAME_OVER,79,78,2,231,2,MCTS_CheckersHeuristic,2,1,1,OSLA
-1343263283,Checkers,0,GAME_OVER,144,143,2,232,1,MCTS_CheckersHeuristic,1,1,1,OSLA
700851048,Checkers,0,GAME_OVER,58,57,2,233,2,MCTS_CheckersHeuristic,2,1,1,OSLA
1089392554,Checkers,0,GAME_OVER,46,45,2,234,2,MCTS_CheckersHeuristic,2,1,1,OSLA
-1040387831,Checkers,0,GAME_OVER,73,72,2,235,2,MCTS_CheckersHeuristic,2,1,1,OSLA
-510361511,Checkers,0,GAME_OVER,73,72,2,236,2,MCTS_CheckersHeuristic,2,1,1,OSLA
863793519,Checkers,0,GAME_OVER,87,86,2,237,2,MCTS_CheckersHeuristic,2,1,1,OSLA
-1282859446,Checkers,0,GAME_OVER,51,50,2,238,2,MCTS_CheckersHeuristic,2,1,1,OSLA
981456584,Checkers,0,GAME_OVER,51,50,2,239,2,MCTS_CheckersHeuristic,2,1,1,OSLA
1631503592,Checkers,0,GAME_OVER,59,58,2,240,2,MCTS_CheckersHeuristic,2,1,1,OSLA
-1578670172,Checkers,0,GAME_OVER,57,56,2,241,2,MCTS_CheckersHeuristic,2,1,1,OSLA
-7013139,Checkers,0,GAME_OVER,112,111,2,242,2,MCTS_CheckersHeuristic,2,1,1,OSLA
-1197073684,Checkers,0,GAME_OVER,56,55,2,243,2,MCTS_CheckersHeuristic,2,1,1,OSLA
-360322187,Checkers,0,GAME_OVER,43,42,2,244,2,MCTS_CheckersHeuristic,2,1,1,OSLA
-974499447,Checkers,0,GAME_OVER,62,61,2,245,2,MCTS_CheckersHeuristic,2,1,1,OSLA
435222515,Checkers,0,GAME_OVER,99,98,2,246,2,MCTS_CheckersHeuristic,2,1,1,OSLA
982406231,Checkers,0,GAME_OVER,91,90,2,247,2,MCTS_CheckersHeuristic,2,1,1,OSLA
-1056911694,Checkers,0,GAME_OVER,53,52,2,248,2,MCTS_CheckersHeuristic,2,1,1,OSLA
-452755121,Checkers,0,GAME_OVER,73,72,2,249,2,MCTS_CheckersHeuristic,2,1,1,OSLA
734475412,Checkers,0,GAME_OVER,57,56,2,250,2,MCTS_CheckersHeuristic,2,1,1,OSLA
-1110994666,Checkers,0,GAME_OVER,56,55,2,251,2,MCTS_CheckersHeuristic,2,1,1,OSLA
955802140,Checkers,0,GAME_OVER,54,53,2,252,2,MCTS_CheckersHeuristic,2,1,1,OSLA
30516821,Checkers,0,GAME_OVER,41,40,2,253,1,MCTS_CheckersHeuristic,1,2,2,OSLA
-121774317,Checkers,0,GAME_OVER,57,56,2,254,2,MCTS_CheckersHeuristic,2,1,1,OSLA
-186451330,Checkers,0,GAME_OVER,108,107,2,255,1,MCTS_CheckersHeuristic,1,2,2,OSLA
1762848073,Checkers,0,GAME_OVER,60,59,2,256,2,MCTS_CheckersHeuristic,2,1,1,OSLA
-491157522,Checkers,0,GAME_OVER,76,75,2,257,1,MCTS_CheckersHeuristic,1,1,1,OSLA
-1107048397,Checkers,0,GAME_OVER,63,62,2,258,2,MCTS_CheckersHeuristic,2,1,1,OSLA
1413027729,Checkers,0,GAME_OVER,59,58,2,259,1,MCTS_CheckersHeuristic,1,2,2,OSLA
-1071175548,Checkers,0,GAME_OVER,75,74,2,260,2,MCTS_CheckersHeuristic,2,1,1,OSLA
954607719,Checkers,0,GAME_OVER,56,55,2,261,2,MCTS_CheckersHeuristic,2,1,1,OSLA
-1400576534,Checkers,0,GAME_OVER,119,118,2,262,1,MCTS_CheckersHeuristic,1,1,1,OSLA
64377253,Checkers,0,GAME_OVER,59,58,2,263,2,MCTS_CheckersHeuristic,2,1,1,OSLA
88870555,Checkers,0,GAME_OVER,50,49,2,264,2,MCTS_CheckersHeuristic,2,1,1,OSLA
620336199,Checkers,0,GAME_OVER,52,51,2,265,2,MCTS_CheckersHeuristic,2,1,1,OSLA
1293527892,Checkers,0,GAME_OVER,66,65,2,266,2,MCTS_CheckersHeuristic,2,1,1,OSLA
-1114071225,Checkers,0,GAME_OVER,90,89,2,267,1,MCTS_CheckersHeuristic,1,1,1,OSLA
-734824458,Checkers,0,GAME_OVER,53,52,2,268,2,MCTS_CheckersHeuristic,2,1,1,OSLA
-547036712,Checkers,0,GAME_OVER,57,56,2,269,2,MCTS_CheckersHeuristic,2,1,1,OSLA
1128229866,Checkers,0,GAME_OVER,75,74,2,270,2,MCTS_CheckersHeuristic,2,1,1,OSLA
-356353700,Checkers,0,GAME_OVER,48,47,2,271,2,MCTS_CheckersHeuristic,2,1,1,OSLA
1915409131,Checkers,0,GAME_OVER,51,50,2,272,2,MCTS_CheckersHeuristic,2,1,1,OSLA
-725474074,Checkers,0,GAME_OVER,63,62,2,273,2,MCTS_CheckersHeuristic,2,1,1,OSLA
-518570509,Checkers,0,GAME_OVER,59,58,2,274,2,MCTS_CheckersHeuristic,2,1,1,OSLA
31817353,Checkers,0,GAME_OVER,90,89,2,275,2,MCTS_CheckersHeuristic,2,1,1,OSLA
-234975919,Checkers,0,GAME_OVER,50,49,2,276,2,MCTS_CheckersHeuristic,2,1,1,OSLA
-353150266,Checkers,0,GAME_OVER,107,106,2,277,1,MCTS_CheckersHeuristic,1,1,1,OSLA
1766592570,Checkers,0,GAME_OVER,58,57,2,278,2,MCTS_CheckersHeuristic,2,1,1,OSLA
1732864212,Checkers,0,GAME_OVER,59,58,2,279,2,MCTS_CheckersHeuristic,2,1,1,OSLA
-340655278,Checkers,0,GAME_OVER,51,50,2,280,2,MCTS_CheckersHeuristic,2,1,1,OSLA
-25849191,Checkers,0,GAME_OVER,50,49,2,281,2,MCTS_CheckersHeuristic,2,1,1,OSLA
945284864,Checkers,0,GAME_OVER,45,44,2,282,2,MCTS_CheckersHeuristic,2,1,1,OSLA
-48612981,Checkers,0,GAME_OVER,42,41,2,283,2,MCTS_CheckersHeuristic,2,1,1,OSLA
-1983445115,Checkers,0,GAME_OVER,85,84,2,284,2,MCTS_CheckersHeuristic,2,1,1,OSLA
-1735928366,Checkers,0,GAME_OVER,76,75,2,285,2,MCTS_CheckersHeuristic,2,1,1,OSLA
430666804,Checkers,0,GAME_OVER,50,49,2,286,2,MCTS_CheckersHeuristic,2,1,1,OSLA
1609744228,Checkers,0,GAME_OVER,60,59,2,287,2,MCTS_CheckersHeuristic,2,1,1,OSLA
-1511172036,Checkers,0,GAME_OVER,48,47,2,288,2,MCTS_CheckersHeuristic,2,1,1,OSLA
-893807371,Checkers,0,GAME_OVER,54,53,2,289,2,MCTS_CheckersHeuristic,2,1,1,OSLA
-172327199,Checkers,0,GAME_OVER,54,53,2,290,2,MCTS_CheckersHeuristic,2,1,1,OSLA
503765733,Checkers,0,GAME_OVER,73,72,2,291,2,MCTS_CheckersHeuristic,2,1,1,OSLA
61052441,Checkers,0,GAME_OVER,60,59,2,292,2,MCTS_CheckersHeuristic,2,1,1,OSLA
1802280096,Checkers,0,GAME_OVER,53,52,2,293,2,MCTS_CheckersHeuristic,2,1,1,OSLA
-1356673561,Checkers,0,GAME_OVER,97,96,2,294,2,MCTS_CheckersHeuristic,2,1,1,OSLA
1300440325,Checkers,0,GAME_OVER,55,54,2,295,2,MCTS_CheckersHeuristic,2,1,1,OSLA
500731879,Checkers,0,GAME_OVER,53,52,2,296,1,MCTS_CheckersHeuristic,1,2,2,OSLA
1293080270,Checkers,0,GAME_OVER,91,90,2,297,2,MCTS_CheckersHeuristic,2,1,1,OSLA
1179290093,Checkers,0,GAME_OVER,76,75,2,298,2,MCTS_CheckersHeuristic,2,1,1,OSLA
-403842029,Checkers,0,GAME_OVER,70,69,2,299,2,MCTS_CheckersHeuristic,2,1,1,OSLA
1043658662,Checkers,0,GAME_OVER,47,46,2,300,2,MCTS_CheckersHeuristic,2,1,1,OSLA
-1481614246,Checkers,0,GAME_OVER,50,49,2,301,2,MCTS_CheckersHeuristic,2,1,1,OSLA
1059998357,Checkers,0,GAME_OVER,52,51,2,302,2,MCTS_CheckersHeuristic,2,1,1,OSLA
-2035336489,Checkers,0,GAME_OVER,66,65,2,303,2,MCTS_CheckersHeuristic,2,1,1,OSLA
-828189465,Checkers,0,GAME_OVER,102,101,2,304,2,MCTS_CheckersHeuristic,2,1,1,OSLA
-1112630590,Checkers,0,GAME_OVER,52,51,2,305,2,MCTS_CheckersHeuristic,2,1,1,OSLA
1273381618,Checkers,0,GAME_OVER,59,58,2,306,2,MCTS_CheckersHeuristic,2,1,1,OSLA
916823542,Checkers,0,GAME_OVER,46,45,2,307,2,MCTS_CheckersHeuristic,2,1,1,OSLA
-1188476838,Checkers,0,GAME_OVER,64,63,2,308,2,MCTS_CheckersHeuristic,2,1,1,OSLA
-1030385106,Checkers,0,GAME_OVER,45,44,2,309,2,MCTS_CheckersHeuristic,2,1,1,OSLA
-1695727306,Checkers,0,GAME_OVER,58,57,2,310,1,MCTS_CheckersHeuristic,1,2,2,OSLA
1745623962,Checkers,0,GAME_OVER,50,49,2,311,2,MCTS_CheckersHeuristic,2,1,1,OSLA
-1131907931,Checkers,0,GAME_OVER,66,65,2,312,2,MCTS_CheckersHeuristic,2,1,1,OSLA
1879863216,Checkers,0,GAME_OVER,91,90,2,313,2,MCTS_CheckersHeuristic,2,1,1,OSLA
28013999,Checkers,0,GAME_OVER,88,87,2,314,1,MCTS_CheckersHeuristic,1,1,1,OSLA
-1153404590,Checkers,0,GAME_OVER,58,57,2,315,2,MCTS_CheckersHeuristic,2,1,1,OSLA
1986699382,Checkers,0,GAME_OVER,44,43,2,316,2,MCTS_CheckersHeuristic,2,1,1,OSLA
1137903563,Checkers,0,GAME_OVER,55,54,2,317,2,MCTS_CheckersHeuristic,2,1,1,OSLA
-311282444,Checkers,0,GAME_OVER,107,106,2,318,2,MCTS_CheckersHeuristic,2,1,1,OSLA
-329290698,Checkers,0,GAME_OVER,48,47,2,319,2,MCTS_CheckersHeuristic,2,1,1,OSLA
1941759451,Checkers,0,GAME_OVER,121,120,2,320,1,MCTS_CheckersHeuristic,1,1,1,OSLA
-1669728967,Checkers,0,GAME_OVER,94,93,2,321,2,MCTS_CheckersHeuristic,2,1,1,OSLA
1580542299,Checkers,0,GAME_OVER,57,56,2,322,2,MCTS_CheckersHeuristic,2,1,1,OSLA
628961102,Checkers,0,GAME_OVER,55,54,2,323,2,MCTS_CheckersHeuristic,2,1,1,OSLA
1578304208,Checkers,0,GAME_OVER,72,71,2,324,2,MCTS_CheckersHeuristic,2,1,1,OSLA
1521967080,Checkers,0,GAME_OVER,64,63,2,325,2,MCTS_CheckersHeuristic,2,1,1,OSLA
-1306482771,Checkers,0,GAME_OVER,57,56,2,326,2,MCTS_CheckersHeuristic,2,1,1,OSLA
-340722637,Checkers,0,GAME_OVER,120,119,2,327,1,MCTS_CheckersHeuristic,1,1,1,OSLA
-1356914919,Checkers,0,GAME_OVER,66,65,2,328,2,MCTS_CheckersHeuristic,2,1,1,OSLA
512929862,Checkers,0,GAME_OVER,61,60,2,329,2,MCTS_CheckersHeuristic,2,1,1,OSLA
787749660,Checkers,0,GAME_OVER,96,95,2,330,2,MCTS_CheckersHeuristic,2,1,1,OSLA
-192781833,Checkers,0,GAME_OVER,45,44,2,331,2,MCTS_CheckersHeuristic,2,1,1,OSLA
-1702913198,Checkers,0,GAME_OVER,48,47,2,332,2,MCTS_CheckersHeuristic,2,1,1,OSLA
-92163394,Checkers,0,GAME_OVER,69,68,2,333,2,MCTS_CheckersHeuristic,2,1,1,OSLA
-1459438475,Checkers,0,GAME_OVER,45,44,2,334,2,MCTS_CheckersHeuristic,2,1,1,OSLA
-507513278,Checkers,0,GAME_OVER,77,76,2,335,2,MCTS_CheckersHeuristic,2,1,1,OSLA
-676184764,Checkers,0,GAME_OVER,51,50,2,336,2,MCTS_CheckersHeuristic,2,1,1,OSLA
-1623855231,Checkers,0,GAME_OVER,49,48,2,337,2,MCTS_CheckersHeuristic,2,1,1,OSLA
-2027157359,Checkers,0,GAME_OVER,46,45,2,338,2,MCTS_CheckersHeuristic,2,1,1,OSLA
-140116804,Checkers,0,GAME_OVER,129,128,2,339,1,MCTS_CheckersHeuristic,1,1,1,OSLA
-216183431,Checkers,0,GAME_OVER,61,60,2,340,2,MCTS_CheckersHeuristic,2,1,1,OSLA
-1451148663,Checkers,0,GAME_OVER,45,44,2,341,2,MCTS_CheckersHeuristic,2,1,1,OSLA
-2109691375,Checkers,0,GAME_OVER,69,68,2,342,2,MCTS_CheckersHeuristic,2,1,1,OSLA
-826433358,Checkers,0,GAME_OVER,48,47,2,343,2,MCTS_CheckersHeuristic,2,1,1,OSLA
-216761838,Checkers,0,GAME_OVER,59,58,2,344,2,MCTS_CheckersHeuristic,2,1,1,OSLA
1017429978,Checkers,0,GAME_OVER,65,64,2,345,2,MCTS_CheckersHeuristic,2,1,1,OSLA
-1537226167,Checkers,0,GAME_OVER,66,65,2,346,2,MCTS_CheckersHeuristic,2,1,1,OSLA
507749619,Checkers,0,GAME_OVER,52,51,2,347,2,MCTS_CheckersHeuristic,2,1,1,OSLA
-1513581865,Checkers,0,GAME_OVER,46,45,2,348,1,MCTS_CheckersHeuristic,1,2,2,OSLA
1322127370,Checkers,0,GAME_OVER,58,57,2,349,1,MCTS_CheckersHeuristic,1,2,2,OSLA
891551100,Checkers,0,GAME_OVER,54,53,2,350,2,MCTS_CheckersHeuristic,2,1,1,OSLA
2138025467,Checkers,0,GAME_OVER,54,53,2,351,2,MCTS_CheckersHeuristic,2,1,1,OSLA
1684959887,Checkers,0,GAME_OVER,66,65,2,352,2,MCTS_CheckersHeuristic,2,1,1,OSLA
-1480986365,Checkers,0,GAME_OVER,83,82,2,353,2,MCTS_CheckersHeuristic,2,1,1,OSLA
-650756534,Checkers,0,GAME_OVER,68,67,2,354,2,MCTS_CheckersHeuristic,2,1,1,OSLA
1407421011,Checkers,0,GAME_OVER,50,49,2,355,2,MCTS_CheckersHeuristic,2,1,1,OSLA
-1613059695,Checkers,0,GAME_OVER,44,43,2,356,2,MCTS_CheckersHeuristic,2,1,1,OSLA
850196232,Checkers,0,GAME_OVER,51,50,2,357,2,MCTS_CheckersHeuristic,2,1,1,OSLA
1515236453,Checkers,0,GAME_OVER,54,53,2,358,2,MCTS_CheckersHeuristic,2,1,1,OSLA
1276910903,Checkers,0,GAME_OVER,61,60,2,359,2,MCTS_CheckersHeuristic,2,1,1,OSLA
412401050,Checkers,0,GAME_OVER,89,88,2,360,2,MCTS_CheckersHeuristic,2,1,1,OSLA
-647091723,Checkers,0,GAME_OVER,63,62,2,361,2,MCTS_CheckersHeuristic,2,1,1,OSLA
1730282123,Checkers,0,GAME_OVER,69,68,2,362,2,MCTS_CheckersHeuristic,2,1,1,OSLA
-869019784,Checkers,0,GAME_OVER,49,48,2,363,2,MCTS_CheckersHeuristic,2,1,1,OSLA
1094587105,Checkers,0,GAME_OVER,58,57,2,364,2,MCTS_CheckersHeuristic,2,1,1,OSLA
368065226,Checkers,0,GAME_OVER,63,62,2,365,2,MCTS_CheckersHeuristic,2,1,1,OSLA
1813903280,Checkers,0,GAME_OVER,107,106,2,366,1,MCTS_CheckersHeuristic,1,1,1,OSLA
669035172,Checkers,0,GAME_OVER,124,123,2,367,1,MCTS_CheckersHeuristic,1,1,1,OSLA
1398133352,Checkers,0,GAME_OVER,65,64,2,368,2,MCTS_CheckersHeuristic,2,1,1,OSLA
-132510359,Checkers,0,GAME_OVER,63,62,2,369,2,MCTS_CheckersHeuristic,2,1,1,OSLA
777387897,Checkers,0,GAME_OVER,48,47,2,370,2,MCTS_CheckersHeuristic,2,1,1,OSLA
1352041059,Checkers,0,GAME_OVER,49,48,2,371,2,MCTS_CheckersHeuristic,2,1,1,OSLA
86270357,Checkers,0,GAME_OVER,85,84,2,372,2,MCTS_CheckersHeuristic,2,1,1,OSLA
-1125672290,Checkers,0,GAME_OVER,53,52,2,373,2,MCTS_CheckersHeuristic,2,1,1,OSLA
-2093408783,Checkers,0,GAME_OVER,45,44,2,374,1,MCTS_CheckersHeuristic,1,2,2,OSLA
-1403531229,Checkers,0,GAME_OVER,96,95,2,375,2,MCTS_CheckersHeuristic,2,1,1,OSLA
1496203009,Checkers,0,GAME_OVER,95,94,2,376,1,MCTS_CheckersHeuristic,1,1,1,OSLA
-1071092128,Checkers,0,GAME_OVER,116,115,2,377,1,MCTS_CheckersHeuristic,1,1,1,OSLA
-1026506122,Checkers,0,GAME_OVER,73,72,2,378,2,MCTS_CheckersHeuristic,2,1,1,OSLA
-683268873,Checkers,0,GAME_OVER,78,77,2,379,2,MCTS_CheckersHeuristic,2,1,1,OSLA
-2059970418,Checkers,0,GAME_OVER,60,59,2,380,2,MCTS_CheckersHeuristic,2,1,1,OSLA
-1968093610,Checkers,0,GAME_OVER,48,47,2,381,1,MCTS_CheckersHeuristic,1,2,2,OSLA
16506356,Checkers,0,GAME_OVER,69,68,2,382,2,MCTS_CheckersHeuristic,2,1,1,OSLA
-1481812548,Checkers,0,GAME_OVER,69,68,2,383,2,MCTS_CheckersHeuristic,2,1,1,OSLA
-1646448962,Checkers,0,GAME_OVER,57,56,2,384,2,MCTS_CheckersHeuristic,2,1,1,OSLA
-936733540,Checkers,0,GAME_OVER,74,73,2,385,2,MCTS_CheckersHeuristic,2,1,1,OSLA
-997676971,Checkers,0,GAME_OVER,67,66,2,386,2,MCTS_CheckersHeuristic,2,1,1,OSLA
-363674243,Checkers,0,GAME_OVER,49,48,2,387,2,MCTS_CheckersHeuristic,2,1,1,OSLA
1298094402,Checkers,0,GAME_OVER,68,67,2,388,2,MCTS_CheckersHeuristic,2,1,1,OSLA
-771888442,Checkers,0,GAME_OVER,57,56,2,389,2,MCTS_CheckersHeuristic,2,1,1,OSLA
-1675572936,Checkers,0,GAME_OVER,60,59,2,390,2,MCTS_CheckersHeuristic,2,1,1,OSLA
-1786482152,Checkers,0,GAME_OVER,55,54,2,391,2,MCTS_CheckersHeuristic,2,1,1,OSLA
-174898991,Checkers,0,GAME_OVER,167,166,2,392,1,MCTS_CheckersHeuristic,1,1,1,OSLA
1149276452,Checkers,0,GAME_OVER,62,61,2,393,2,MCTS_CheckersHeuristic,2,1,1,OSLA
1342363616,Checkers,0,GAME_OVER,65,64,2,394,2,MCTS_CheckersHeuristic,2,1,1,OSLA
721004321,Checkers,0,GAME_OVER,67,66,2,395,2,MCTS_CheckersHeuristic,2,1,1,OSLA
-545709509,Checkers,0,GAME_OVER,63,62,2,396,2,MCTS_CheckersHeuristic,2,1,1,OSLA
1352257095,Checkers,0,GAME_OVER,58,57,2,397,2,MCTS_CheckersHeuristic,2,1,1,OSLA
1874814574,Checkers,0,GAME_OVER,71,70,2,398,2,MCTS_CheckersHeuristic,2,1,1,OSLA
1431403269,Checkers,0,GAME_OVER,74,73,2,399,2,MCTS_CheckersHeuristic,2,1,1,OSLA
-2085245251,Checkers,0,GAME_OVER,94,93,2,400,1,MCTS_CheckersHeuristic,1,1,1,OSLA
-2096651580,Checkers,0,GAME_OVER,63,62,2,401,2,MCTS_CheckersHeuristic,2,1,1,OSLA
-429507769,Checkers,0,GAME_OVER,38,37,2,402,2,MCTS_CheckersHeuristic,2,1,1,RandomPlayerConfig
1646983889,Checkers,0,GAME_OVER,31,30,2,403,2,MCTS_CheckersHeuristic,2,1,1,RandomPlayerConfig
-1508144921,Checkers,0,GAME_OVER,44,43,2,404,2,MCTS_CheckersHeuristic,2,1,1,RandomPlayerConfig
-298402473,Checkers,0,GAME_OVER,40,39,2,405,2,MCTS_CheckersHeuristic,2,1,1,RandomPlayerConfig
1122538383,Checkers,0,GAME_OVER,38,37,2,406,2,MCTS_CheckersHeuristic,2,1,1,RandomPlayerConfig
-1677878252,Checkers,0,GAME_OVER,42,41,2,407,2,MCTS_CheckersHeuristic,2,1,1,RandomPlayerConfig
764054644,Checkers,0,GAME_OVER,36,35,2,408,2,MCTS_CheckersHeuristic,2,1,1,RandomPlayerConfig
1612447923,Checkers,0,GAME_OVER,44,43,2,409,2,MCTS_CheckersHeuristic,2,1,1,RandomPlayerConfig
-1766918344,Checkers,0,GAME_OVER,34,33,2,410,2,MCTS_CheckersHeuristic,2,1,1,RandomPlayerConfig
-99200105,Checkers,0,GAME_OVER,43,42,2,411,2,MCTS_CheckersHeuristic,2,1,1,RandomPlayerConfig
-2046769698,Checkers,0,GAME_OVER,39,38,2,412,2,MCTS_CheckersHeuristic,2,1,1,RandomPlayerConfig
-8833104,Checkers,0,GAME_OVER,38,37,2,413,2,MCTS_CheckersHeuristic,2,1,1,RandomPlayerConfig
2039254330,Checkers,0,GAME_OVER,33,32,2,414,2,MCTS_CheckersHeuristic,2,1,1,RandomPlayerConfig
904154652,Checkers,0,GAME_OVER,44,43,2,415,2,MCTS_CheckersHeuristic,2,1,1,RandomPlayerConfig
-944614563,Checkers,0,GAME_OVER,34,33,2,416,2,MCTS_CheckersHeuristic,2,1,1,RandomPlayerConfig
1458886793,Checkers,0,GAME_OVER,91,90,2,417,2,MCTS_CheckersHeuristic,2,1,1,RandomPlayerConfig
-133207870,Checkers,0,GAME_OVER,48,47,2,418,2,MCTS_CheckersHeuristic,2,1,1,RandomPlayerConfig
-1726615699,Checkers,0,GAME_OVER,42,41,2,419,2,MCTS_CheckersHeuristic,2,1,1,RandomPlayerConfig
-1502585263,Checkers,0,GAME_OVER,38,37,2,420,2,MCTS_CheckersHeuristic,2,1,1,RandomPlayerConfig
-1700714099,Checkers,0,GAME_OVER,37,36,2,421,2,MCTS_CheckersHeuristic,2,1,1,RandomPlayerConfig
1159122283,Checkers,0,GAME_OVER,45,44,2,422,2,MCTS_CheckersHeuristic,2,1,1,RandomPlayerConfig
-1815440261,Checkers,0,GAME_OVER,46,45,2,423,2,MCTS_CheckersHeuristic,2,1,1,RandomPlayerConfig
1249189018,Checkers,0,GAME_OVER,43,42,2,424,2,MCTS_CheckersHeuristic,2,1,1,RandomPlayerConfig
1366968798,Checkers,0,GAME_OVER,39,38,2,425,2,MCTS_CheckersHeuristic,2,1,1,RandomPlayerConfig
755827371,Checkers,0,GAME_OVER,31,30,2,426,2,MCTS_CheckersHeuristic,2,1,1,RandomPlayerConfig
1193006025,Checkers,0,GAME_OVER,31,30,2,427,2,MCTS_CheckersHeuristic,2,1,1,RandomPlayerConfig
-1327623385,Checkers,0,GAME_OVER,35,34,2,428,2,MCTS_CheckersHeuristic,2,1,1,RandomPlayerConfig
-105545099,Checkers,0,GAME_OVER,40,39,2,429,2,MCTS_CheckersHeuristic,2,1,1,RandomPlayerConfig
1982229135,Checkers,0,GAME_OVER,43,42,2,430,2,MCTS_CheckersHeuristic,2,1,1,RandomPlayerConfig
877649930,Checkers,0,GAME_OVER,35,34,2,431,2,MCTS_CheckersHeuristic,2,1,1,RandomPlayerConfig
-1343263283,Checkers,0,GAME_OVER,39,38,2,432,2,MCTS_CheckersHeuristic,2,1,1,RandomPlayerConfig
700851048,Checkers,0,GAME_OVER,47,46,2,433,2,MCTS_CheckersHeuristic,2,1,1,RandomPlayerConfig
1089392554,Checkers,0,GAME_OVER,46,45,2,434,2,MCTS_CheckersHeuristic,2,1,1,RandomPlayerConfig
-1040387831,Checkers,0,GAME_OVER,35,34,2,435,2,MCTS_CheckersHeuristic,2,1,1,RandomPlayerConfig
-510361511,Checkers,0,GAME_OVER,38,37,2,436,2,MCTS_CheckersHeuristic,2,1,1,RandomPlayerConfig
863793519,Checkers,0,GAME_OVER,35,34,2,437,2,MCTS_CheckersHeuristic,2,1,1,RandomPlayerConfig
-1282859446,Checkers,0,GAME_OVER,37,36,2,438,2,MCTS_CheckersHeuristic,2,1,1,RandomPlayerConfig
981456584,Checkers,0,GAME_OVER,32,31,2,439,2,MCTS_CheckersHeuristic,2,1,1,RandomPlayerConfig
1631503592,Checkers,0,GAME_OVER,31,30,2,440,2,MCTS_CheckersHeuristic,2,1,1,RandomPlayerConfig
-1578670172,Checkers,0,GAME_OVER,38,37,2,441,2,MCTS_CheckersHeuristic,2,1,1,RandomPlayerConfig
-7013139,Checkers,0,GAME_OVER,41,40,2,442,2,MCTS_CheckersHeuristic,2,1,1,RandomPlayerConfig
-1197073684,Checkers,0,GAME_OVER,43,42,2,443,2,MCTS_CheckersHeuristic,2,1,1,RandomPlayerConfig
-360322187,Checkers,0,GAME_OVER,36,35,2,444,2,MCTS_CheckersHeuristic,2,1,1,RandomPlayerConfig
-974499447,Checkers,0,GAME_OVER,30,29,2,445,2,MCTS_CheckersHeuristic,2,1,1,RandomPlayerConfig
435222515,Checkers,0,GAME_OVER,46,45,2,446,2,MCTS_CheckersHeuristic,2,1,1,RandomPlayerConfig
982406231,Checkers,0,GAME_OVER,42,41,2,447,2,MCTS_CheckersHeuristic,2,1,1,RandomPlayerConfig
-1056911694,Checkers,0,GAME_OVER,34,33,2,448,2,MCTS_CheckersHeuristic,2,1,1,RandomPlayerConfig
-452755121,Checkers,0,GAME_OVER,34,33,2,449,2,MCTS_CheckersHeuristic,2,1,1,RandomPlayerConfig
734475412,Checkers,0,GAME_OVER,37,36,2,450,2,MCTS_CheckersHeuristic,2,1,1,RandomPlayerConfig
-1110994666,Checkers,0,GAME_OVER,39,38,2,451,2,MCTS_CheckersHeuristic,2,1,1,RandomPlayerConfig
955802140,Checkers,0,GAME_OVER,43,42,2,452,2,MCTS_CheckersHeuristic,2,1,1,RandomPlayerConfig
30516821,Checkers,0,GAME_OVER,37,36,2,453,2,MCTS_CheckersHeuristic,2,1,1,RandomPlayerConfig
-121774317,Checkers,0,GAME_OVER,35,34,2,454,2,MCTS_CheckersHeuristic,2,1,1,RandomPlayerConfig
-186451330,Checkers,0,GAME_OVER,44,43,2,455,2,MCTS_CheckersHeuristic,2,1,1,RandomPlayerConfig
1762848073,Checkers,0,GAME_OVER,49,48,2,456,2,MCTS_CheckersHeuristic,2,1,1,RandomPlayerConfig
-491157522,Checkers,0,GAME_OVER,43,42,2,457,2,MCTS_CheckersHeuristic,2,1,1,RandomPlayerConfig
-1107048397,Checkers,0,GAME_OVER,39,38,2,458,2,MCTS_CheckersHeuristic,2,1,1,RandomPlayerConfig
1413027729,Checkers,0,GAME_OVER,45,44,2,459,2,MCTS_CheckersHeuristic,2,1,1,RandomPlayerConfig
-1071175548,Checkers,0,GAME_OVER,36,35,2,460,2,MCTS_CheckersHeuristic,2,1,1,RandomPlayerConfig
954607719,Checkers,0,GAME_OVER,39,38,2,461,2,MCTS_CheckersHeuristic,2,1,1,RandomPlayerConfig
-1400576534,Checkers,0,GAME_OVER,44,43,2,462,2,MCTS_CheckersHeuristic,2,1,1,RandomPlayerConfig
64377253,Checkers,0,GAME_OVER,32,31,2,463,2,MCTS_CheckersHeuristic,2,1,1,RandomPlayerConfig
88870555,Checkers,0,GAME_OVER,41,40,2,464,2,MCTS_CheckersHeuristic,2,1,1,RandomPlayerConfig
620336199,Checkers,0,GAME_OVER,36,35,2,465,2,MCTS_CheckersHeuristic,2,1,1,RandomPlayerConfig
1293527892,Checkers,0,GAME_OVER,53,52,2,466,2,MCTS_CheckersHeuristic,2,1,1,RandomPlayerConfig
-1114071225,Checkers,0,GAME_OVER,59,58,2,467,2,MCTS_CheckersHeuristic,2,1,1,RandomPlayerConfig
-734824458,Checkers,0,GAME_OVER,37,36,2,468,2,MCTS_CheckersHeuristic,2,1,1,RandomPlayerConfig
-547036712,Checkers,0,GAME_OVER,39,38,2,469,2,MCTS_CheckersHeuristic,2,1,1,RandomPlayerConfig
1128229866,Checkers,0,GAME_OVER,33,32,2,470,2,MCTS_CheckersHeuristic,2,1,1,RandomPlayerConfig
-356353700,Checkers,0,GAME_OVER,36,35,2,471,2,MCTS_CheckersHeuristic,2,1,1,RandomPlayerConfig
1915409131,Checkers,0,GAME_OVER,30,29,2,472,2,MCTS_CheckersHeuristic,2,1,1,RandomPlayerConfig
-725474074,Checkers,0,GAME_OVER,38,37,2,473,2,MCTS_CheckersHeuristic,2,1,1,RandomPlayerConfig
-518570509,Checkers,0,GAME_OVER,46,45,2,474,2,MCTS_CheckersHeuristic,2,1,1,RandomPlayerConfig
31817353,Checkers,0,GAME_OVER,35,34,2,475,2,MCTS_CheckersHeuristic,2,1,1,RandomPlayerConfig
-234975919,Checkers,0,GAME_OVER,36,35,2,476,2,MCTS_CheckersHeuristic,2,1,1,RandomPlayerConfig
-353150266,Checkers,0,GAME_OVER,39,38,2,477,2,MCTS_CheckersHeuristic,2,1,1,RandomPlayerConfig
1766592570,Checkers,0,GAME_OVER,45,44,2,478,2,MCTS_CheckersHeuristic,2,1,1,RandomPlayerConfig
1732864212,Checkers,0,GAME_OVER,46,45,2,479,2,MCTS_CheckersHeuristic,2,1,1,RandomPlayerConfig
-340655278,Checkers,0,GAME_OVER,38,37,2,480,2,MCTS_CheckersHeuristic,2,1,1,RandomPlayerConfig
-25849191,Checkers,0,GAME_OVER,41,40,2,481,2,MCTS_CheckersHeuristic,2,1,1,RandomPlayerConfig
945284864,Checkers,0,GAME_OVER,47,46,2,482,2,MCTS_CheckersHeuristic,2,1,1,RandomPlayerConfig
-48612981,Checkers,0,GAME_OVER,42,41,2,483,2,MCTS_CheckersHeuristic,2,1,1,RandomPlayerConfig
-1983445115,Checkers,0,GAME_OVER,43,42,2,484,2,MCTS_CheckersHeuristic,2,1,1,RandomPlayerConfig
-1735928366,Checkers,0,GAME_OVER,36,35,2,485,2,MCTS_CheckersHeuristic,2,1,1,RandomPlayerConfig
430666804,Checkers,0,GAME_OVER,32,31,2,486,2,MCTS_CheckersHeuristic,2,1,1,RandomPlayerConfig
1609744228,Checkers,0,GAME_OVER,36,35,2,487,2,MCTS_CheckersHeuristic,2,1,1,RandomPlayerConfig
-1511172036,Checkers,0,GAME_OVER,38,37,2,488,2,MCTS_CheckersHeuristic,2,1,1,RandomPlayerConfig
-893807371,Checkers,0,GAME_OVER,37,36,2,489,2,MCTS_CheckersHeuristic,2,1,1,RandomPlayerConfig
-172327199,Checkers,0,GAME_OVER,39,38,2,490,2,MCTS_CheckersHeuristic,2,1,1,RandomPlayerConfig
503765733,Checkers,0,GAME_OVER,41,40,2,491,2,MCTS_CheckersHeuristic,2,1,1,RandomPlayerConfig
61052441,Checkers,0,GAME_OVER,43,42,2,492,2,MCTS_CheckersHeuristic,2,1,1,RandomPlayerConfig
1802280096,Checkers,0,GAME_OVER,39,38,2,493,2,MCTS_CheckersHeuristic,2,1,1,RandomPlayerConfig
-1356673561,Checkers,0,GAME_OVER,39,38,2,494,2,MCTS_CheckersHeuristic,2,1,1,RandomPlayerConfig
1300440325,Checkers,0,GAME_OVER,38,37,2,495,2,MCTS_CheckersHeuristic,2,1,1,RandomPlayerConfig
500731879,Checkers,0,GAME_OVER,43,42,2,496,2,MCTS_CheckersHeuristic,2,1,1,RandomPlayerConfig
1293080270,Checkers,0,GAME_OVER,41,40,2,497,2,MCTS_CheckersHeuristic,2,1,1,RandomPlayerConfig
1179290093,Checkers,0,GAME_OVER,42,41,2,498,2,MCTS_CheckersHeuristic,2,1,1,RandomPlayerConfig
-403842029,Checkers,0,GAME_OVER,35,34,2,499,2,MCTS_CheckersHeuristic,2,1,1,RandomPlayerConfig
1043658662,Checkers,0,GAME_OVER,40,39,2,500,2,MCTS_CheckersHeuristic,2,1,1,RandomPlayerConfig
-1481614246,Checkers,0,GAME_OVER,45,44,2,501,2,MCTS_CheckersHeuristic,2,1,1,RandomPlayerConfig
1059998357,Checkers,0,GAME_OVER,30,29,2,502,2,MCTS_CheckersHeuristic,2,1,1,RandomPlayerConfig
-2035336489,Checkers,0,GAME_OVER,45,44,2,503,2,MCTS_CheckersHeuristic,2,1,1,RandomPlayerConfig
-828189465,Checkers,0,GAME_OVER,40,39,2,504,2,MCTS_CheckersHeuristic,2,1,1,RandomPlayerConfig
-1112630590,Checkers,0,GAME_OVER,36,35,2,505,2,MCTS_CheckersHeuristic,2,1,1,RandomPlayerConfig
1273381618,Checkers,0,GAME_OVER,44,43,2,506,2,MCTS_CheckersHeuristic,2,1,1,RandomPlayerConfig
916823542,Checkers,0,GAME_OVER,43,42,2,507,2,MCTS_CheckersHeuristic,2,1,1,RandomPlayerConfig
-1188476838,Checkers,0,GAME_OVER,36,35,2,508,2,MCTS_CheckersHeuristic,2,1,1,RandomPlayerConfig
-1030385106,Checkers,0,GAME_OVER,35,34,2,509,2,MCTS_CheckersHeuristic,2,1,1,RandomPlayerConfig
-1695727306,Checkers,0,GAME_OVER,40,39,2,510,2,MCTS_CheckersHeuristic,2,1,1,RandomPlayerConfig
1745623962,Checkers,0,GAME_OVER,32,31,2,511,2,MCTS_CheckersHeuristic,2,1,1,RandomPlayerConfig
-1131907931,Checkers,0,GAME_OVER,38,37,2,512,2,MCTS_CheckersHeuristic,2,1,1,RandomPlayerConfig
1879863216,Checkers,0,GAME_OVER,40,39,2,513,2,MCTS_CheckersHeuristic,2,1,1,RandomPlayerConfig
28013999,Checkers,0,GAME_OVER,39,38,2,514,2,MCTS_CheckersHeuristic,2,1,1,RandomPlayerConfig
-1153404590,Checkers,0,GAME_OVER,45,44,2,515,2,MCTS_CheckersHeuristic,2,1,1,RandomPlayerConfig
1986699382,Checkers,0,GAME_OVER,41,40,2,516,2,MCTS_CheckersHeuristic,2,1,1,RandomPlayerConfig
1137903563,Checkers,0,GAME_OVER,42,41,2,517,2,MCTS_CheckersHeuristic,2,1,1,RandomPlayerConfig
-311282444,Checkers,0,GAME_OVER,56,55,2,518,2,MCTS_CheckersHeuristic,2,1,1,RandomPlayerConfig
-329290698,Checkers,0,GAME_OVER,43,42,2,519,2,MCTS_CheckersHeuristic,2,1,1,RandomPlayerConfig
1941759451,Checkers,0,GAME_OVER,38,37,2,520,2,MCTS_CheckersHeuristic,2,1,1,RandomPlayerConfig
-1669728967,Checkers,0,GAME_OVER,43,42,2,521,2,MCTS_CheckersHeuristic,2,1,1,RandomPlayerConfig
1580542299,Checkers,0,GAME_OVER,45,44,2,522,2,MCTS_CheckersHeuristic,2,1,1,RandomPlayerConfig
628961102,Checkers,0,GAME_OVER,45,44,2,523,2,MCTS_CheckersHeuristic,2,1,1,RandomPlayerConfig
1578304208,Checkers,0,GAME_OVER,31,30,2,524,2,MCTS_CheckersHeuristic,2,1,1,RandomPlayerConfig
1521967080,Checkers,0,GAME_OVER,35,34,2,525,2,MCTS_CheckersHeuristic,2,1,1,RandomPlayerConfig
-1306482771,Checkers,0,GAME_OVER,40,39,2,526,2,MCTS_CheckersHeuristic,2,1,1,RandomPlayerConfig
-340722637,Checkers,0,GAME_OVER,45,44,2,527,2,MCTS_CheckersHeuristic,2,1,1,RandomPlayerConfig
-1356914919,Checkers,0,GAME_OVER,42,41,2,528,2,MCTS_CheckersHeuristic,2,1,1,RandomPlayerConfig
512929862,Checkers,0,GAME_OVER,33,32,2,529,2,MCTS_CheckersHeuristic,2,1,1,RandomPlayerConfig
787749660,Checkers,0,GAME_OVER,41,40,2,530,2,MCTS_CheckersHeuristic,2,1,1,RandomPlayerConfig
-192781833,Checkers,0,GAME_OVER,42,41,2,531,2,MCTS_CheckersHeuristic,2,1,1,RandomPlayerConfig
-1702913198,Checkers,0,GAME_OVER,38,37,2,532,2,MCTS_CheckersHeuristic,2,1,1,RandomPlayerConfig
-92163394,Checkers,0,GAME_OVER,38,37,2,533,2,MCTS_CheckersHeuristic,2,1,1,RandomPlayerConfig
-1459438475,Checkers,0,GAME_OVER,39,38,2,534,2,MCTS_CheckersHeuristic,2,1,1,RandomPlayerConfig
-507513278,Checkers,0,GAME_OVER,41,40,2,535,2,MCTS_CheckersHeuristic,2,1,1,RandomPlayerConfig
-676184764,Checkers,0,GAME_OVER,45,44,2,536,2,MCTS_CheckersHeuristic,2,1,1,RandomPlayerConfig
-1623855231,Checkers,0,GAME_OVER,41,40,2,537,2,MCTS_CheckersHeuristic,2,1,1,RandomPlayerConfig
-2027157359,Checkers,0,GAME_OVER,42,41,2,538,2,MCTS_CheckersHeuristic,2,1,1,RandomPlayerConfig
-140116804,Checkers,0,GAME_OVER,46,45,2,539,2,MCTS_CheckersHeuristic,2,1,1,RandomPlayerConfig
-216183431,Checkers,0,GAME_OVER,37,36,2,540,2,MCTS_CheckersHeuristic,2,1,1,RandomPlayerConfig
-1451148663,Checkers,0,GAME_OVER,36,35,2,541,2,MCTS_CheckersHeuristic,2,1,1,RandomPlayerConfig
-2109691375,Checkers,0,GAME_OVER,40,39,2,542,2,MCTS_CheckersHeuristic,2,1,1,RandomPlayerConfig
-826433358,Checkers,0,GAME_OVER,38,37,2,543,2,MCTS_CheckersHeuristic,2,1,1,RandomPlayerConfig
-216761838,Checkers,0,GAME_OVER,40,39,2,544,2,MCTS_CheckersHeuristic,2,1,1,RandomPlayerConfig
1017429978,Checkers,0,GAME_OVER,41,40,2,545,2,MCTS_CheckersHeuristic,2,1,1,RandomPlayerConfig
-1537226167,Checkers,0,GAME_OVER,37,36,2,546,2,MCTS_CheckersHeuristic,2,1,1,RandomPlayerConfig
507749619,Checkers,0,GAME_OVER,37,36,2,547,2,MCTS_CheckersHeuristic,2,1,1,RandomPlayerConfig
-1513581865,Checkers,0,GAME_OVER,40,39,2,548,2,MCTS_CheckersHeuristic,2,1,1,RandomPlayerConfig
1322127370,Checkers,0,GAME_OVER,39,38,2,549,2,MCTS_CheckersHeuristic,2,1,1,RandomPlayerConfig
891551100,Checkers,0,GAME_OVER,36,35,2,550,2,MCTS_CheckersHeuristic,2,1,1,RandomPlayerConfig
2138025467,Checkers,0,GAME_OVER,43,42,2,551,2,MCTS_CheckersHeuristic,2,1,1,RandomPlayerConfig
1684959887,Checkers,0,GAME_OVER,43,42,2,552,2,MCTS_CheckersHeuristic,2,1,1,RandomPlayerConfig
-1480986365,Checkers,0,GAME_OVER,44,43,2,553,2,MCTS_CheckersHeuristic,2,1,1,RandomPlayerConfig
-650756534,Checkers,0,GAME_OVER,35,34,2,554,2,MCTS_CheckersHeuristic,2,1,1,RandomPlayerConfig
1407421011,Checkers,0,GAME_OVER,35,34,2,555,2,MCTS_CheckersHeuristic,2,1,1,RandomPlayerConfig
-1613059695,Checkers,0,GAME_OVER,39,38,2,556,2,MCTS_CheckersHeuristic,2,1,1,RandomPlayerConfig
850196232,Checkers,0,GAME_OVER,37,36,2,557,2,MCTS_CheckersHeuristic,2,1,1,RandomPlayerConfig
1515236453,Checkers,0,GAME_OVER,40,39,2,558,2,MCTS_CheckersHeuristic,2,1,1,RandomPlayerConfig
1276910903,Checkers,0,GAME_OVER,29,28,2,559,2,MCTS_CheckersHeuristic,2,1,1,RandomPlayerConfig
412401050,Checkers,0,GAME_OVER,41,40,2,560,2,MCTS_CheckersHeuristic,2,1,1,RandomPlayerConfig
-647091723,Checkers,0,GAME_OVER,44,43,2,561,2,MCTS_CheckersHeuristic,2,1,1,RandomPlayerConfig
1730282123,Checkers,0,GAME_OVER,44,43,2,562,2,MCTS_CheckersHeuristic,2,1,1,RandomPlayerConfig
-869019784,Checkers,0,GAME_OVER,44,43,2,563,2,MCTS_CheckersHeuristic,2,1,1,RandomPlayerConfig
1094587105,Checkers,0,GAME_OVER,35,34,2,564,2,MCTS_CheckersHeuristic,2,1,1,RandomPlayerConfig
368065226,Checkers,0,GAME_OVER,37,36,2,565,2,MCTS_CheckersHeuristic,2,1,1,RandomPlayerConfig
1813903280,Checkers,0,GAME_OVER,40,39,2,566,2,MCTS_CheckersHeuristic,2,1,1,RandomPlayerConfig
669035172,Checkers,0,GAME_OVER,41,40,2,567,2,MCTS_CheckersHeuristic,2,1,1,RandomPlayerConfig
1398133352,Checkers,0,GAME_OVER,56,55,2,568,2,MCTS_CheckersHeuristic,2,1,1,RandomPlayerConfig
-132510359,Checkers,0,GAME_OVER,43,42,2,569,2,MCTS_CheckersHeuristic,2,1,1,RandomPlayerConfig
777387897,Checkers,0,GAME_OVER,36,35,2,570,2,MCTS_CheckersHeuristic,2,1,1,RandomPlayerConfig
1352041059,Checkers,0,GAME_OVER,39,38,2,571,2,MCTS_CheckersHeuristic,2,1,1,RandomPlayerConfig
86270357,Checkers,0,GAME_OVER,31,30,2,572,2,MCTS_CheckersHeuristic,2,1,1,RandomPlayerConfig
-1125672290,Checkers,0,GAME_OVER,31,30,2,573,2,MCTS_CheckersHeuristic,2,1,1,RandomPlayerConfig
-2093408783,Checkers,0,GAME_OVER,42,41,2,574,2,MCTS_CheckersHeuristic,2,1,1,RandomPlayerConfig
-1403531229,Checkers,0,GAME_OVER,37,36,2,575,2,MCTS_CheckersHeuristic,2,1,1,RandomPlayerConfig
1496203009,Checkers,0,GAME_OVER,36,35,2,576,2,MCTS_CheckersHeuristic,2,1,1,RandomPlayerConfig
-1071092128,Checkers,0,GAME_OVER,39,38,2,577,2,MCTS_CheckersHeuristic,2,1,1,RandomPlayerConfig
-1026506122,Checkers,0,GAME_OVER,31,30,2,578,2,MCTS_CheckersHeuristic,2,1,1,RandomPlayerConfig
-683268873,Checkers,0,GAME_OVER,30,29,2,579,2,MCTS_CheckersHeuristic,2,1,1,RandomPlayerConfig
-2059970418,Checkers,0,GAME_OVER,40,39,2,580,2,MCTS_CheckersHeuristic,2,1,1,RandomPlayerConfig
-1968093610,Checkers,0,GAME_OVER,35,34,2,581,2,MCTS_CheckersHeuristic,2,1,1,RandomPlayerConfig
16506356,Checkers,0,GAME_OVER,43,42,2,582,2,MCTS_CheckersHeuristic,2,1,1,RandomPlayerConfig
-1481812548,Checkers,0,GAME_OVER,30,29,2,583,2,MCTS_CheckersHeuristic,2,1,1,RandomPlayerConfig
-1646448962,Checkers,0,GAME_OVER,44,43,2,584,2,MCTS_CheckersHeuristic,2,1,1,RandomPlayerConfig
-936733540,Checkers,0,GAME_OVER,38,37,2,585,2,MCTS_CheckersHeuristic,2,1,1,RandomPlayerConfig
-997676971,Checkers,0,GAME_OVER,42,41,2,586,2,MCTS_CheckersHeuristic,2,1,1,RandomPlayerConfig
-363674243,Checkers,0,GAME_OVER,37,36,2,587,2,MCTS_CheckersHeuristic,2,1,1,RandomPlayerConfig
1298094402,Checkers,0,GAME_OVER,46,45,2,588,2,MCTS_CheckersHeuristic,2,1,1,RandomPlayerConfig
-771888442,Checkers,0,GAME_OVER,37,36,2,589,2,MCTS_CheckersHeuristic,2,1,1,RandomPlayerConfig
-1675572936,Checkers,0,GAME_OVER,48,47,2,590,2,MCTS_CheckersHeuristic,2,1,1,RandomPlayerConfig
-1786482152,Checkers,0,GAME_OVER,34,33,2,591,2,MCTS_CheckersHeuristic,2,1,1,RandomPlayerConfig
-174898991,Checkers,0,GAME_OVER,39,38,2,592,2,MCTS_CheckersHeuristic,2,1,1,RandomPlayerConfig
1149276452,Checkers,0,GAME_OVER,42,41,2,593,2,MCTS_CheckersHeuristic,2,1,1,RandomPlayerConfig
1342363616,Checkers,0,GAME_OVER,44,43,2,594,2,MCTS_CheckersHeuristic,2,1,1,RandomPlayerConfig
721004321,Checkers,0,GAME_OVER,39,38,2,595,2,MCTS_CheckersHeuristic,2,1,1,RandomPlayerConfig
-545709509,Checkers,0,GAME_OVER,42,41,2,596,2,MCTS_CheckersHeuristic,2,1,1,RandomPlayerConfig
1352257095,Checkers,0,GAME_OVER,44,43,2,597,2,MCTS_CheckersHeuristic,2,1,1,RandomPlayerConfig
1874814574,Checkers,0,GAME_OVER,38,37,2,598,2,MCTS_CheckersHeuristic,2,1,1,RandomPlayerConfig
1431403269,Checkers,0,GAME_OVER,36,35,2,599,2,MCTS_CheckersHeuristic,2,1,1,RandomPlayerConfig
-2085245251,Checkers,0,GAME_OVER,30,29,2,600,2,MCTS_CheckersHeuristic,2,1,1,RandomPlayerConfig
-2096651580,Checkers,0,GAME_OVER,48,47,2,601,2,MCTS_CheckersHeuristic,2,1,1,RandomPlayerConfig
-429507769,Checkers,0,GAME_OVER,67,66,2,602,1,OSLA,1,2,2,MCTS_CheckersHeuristic
1646983889,Checkers,0,GAME_OVER,52,51,2,603,1,OSLA,1,2,2,MCTS_CheckersHeuristic
-1508144921,Checkers,0,GAME_OVER,58,57,2,604,1,OSLA,1,2,2,MCTS_CheckersHeuristic
-298402473,Checkers,0,GAME_OVER,59,58,2,605,1,OSLA,1,2,2,MCTS_CheckersHeuristic
1122538383,Checkers,0,GAME_OVER,133,132,2,606,1,OSLA,1,2,2,MCTS_CheckersHeuristic
-1677878252,Checkers,0,GAME_OVER,50,49,2,607,1,OSLA,1,2,2,MCTS_CheckersHeuristic
764054644,Checkers,0,GAME_OVER,63,62,2,608,1,OSLA,1,2,2,MCTS_CheckersHeuristic
1612447923,Checkers,0,GAME_OVER,58,57,2,609,1,OSLA,1,2,2,MCTS_CheckersHeuristic
-1766918344,Checkers,0,GAME_OVER,66,65,2,610,1,OSLA,1,2,2,MCTS_CheckersHeuristic
-99200105,Checkers,0,GAME_OVER,98,97,2,611,1,OSLA,1,1,1,MCTS_CheckersHeuristic
-2046769698,Checkers,0,GAME_OVER,71,70,2,612,1,OSLA,1,2,2,MCTS_CheckersHeuristic
-8833104,Checkers,0,GAME_OVER,69,68,2,613,1,OSLA,1,2,2,MCTS_CheckersHeuristic
2039254330,Checkers,0,GAME_OVER,61,60,2,614,1,OSLA,1,2,2,MCTS_CheckersHeuristic
904154652,Checkers,0,GAME_OVER,55,54,2,615,1,OSLA,1,2,2,MCTS_CheckersHeuristic
-944614563,Checkers,0,GAME_OVER,71,70,2,616,1,OSLA,1,2,2,MCTS_CheckersHeuristic
1458886793,Checkers,0,GAME_OVER,155,154,2,617,1,OSLA,1,1,1,MCTS_CheckersHeuristic
-133207870,Checkers,0,GAME_OVER,73,72,2,618,1,OSLA,1,2,2,MCTS_CheckersHeuristic
-1726615699,Checkers,0,GAME_OVER,75,74,2,619,1,OSLA,1,2,2,MCTS_CheckersHeuristic
-1502585263,Checkers,0,GAME_OVER,45,44,2,620,1,OSLA,1,2,2,MCTS_CheckersHeuristic
-1700714099,Checkers,0,GAME_OVER,55,54,2,621,1,OSLA,1,2,2,MCTS_CheckersHeuristic
1159122283,Checkers,0,GAME_OVER,82,81,2,622,1,OSLA,1,2,2,MCTS_CheckersHeuristic
-1815440261,Checkers,0,GAME_OVER,54,53,2,623,2,OSLA,2,1,1,MCTS_CheckersHeuristic
1249189018,Checkers,0,GAME_OVER,50,49,2,624,1,OSLA,1,2,2,MCTS_CheckersHeuristic
1366968798,Checkers,0,GAME_OVER,43,42,2,625,1,OSLA,1,2,2,MCTS_CheckersHeuristic
755827371,Checkers,0,GAME_OVER,71,70,2,626,1,OSLA,1,2,2,MCTS_CheckersHeuristic
1193006025,Checkers,0,GAME_OVER,112,111,2,627,1,OSLA,1,1,1,MCTS_CheckersHeuristic
-1327623385,Checkers,0,GAME_OVER,60,59,2,628,1,OSLA,1,2,2,MCTS_CheckersHeuristic
-105545099,Checkers,0,GAME_OVER,51,50,2,629,1,OSLA,1,2,2,MCTS_CheckersHeuristic
1982229135,Checkers,0,GAME_OVER,56,55,2,630,1,OSLA,1,2,2,MCTS_CheckersHeuristic
877649930,Checkers,0,GAME_OVER,66,65,2,631,1,OSLA,1,2,2,MCTS_CheckersHeuristic
-1343263283,Checkers,0,GAME_OVER,53,52,2,632,1,OSLA,1,2,2,MCTS_CheckersHeuristic
700851048,Checkers,0,GAME_OVER,147,146,2,633,1,OSLA,1,2,2,MCTS_CheckersHeuristic
1089392554,Checkers,0,GAME_OVER,67,66,2,634,1,OSLA,1,2,2,MCTS_CheckersHeuristic
-1040387831,Checkers,0,GAME_OVER,58,57,2,635,1,OSLA,1,2,2,MCTS_CheckersHeuristic
-510361511,Checkers,0,GAME_OVER,99,98,2,636,1,OSLA,1,1,1,MCTS_CheckersHeuristic
863793519,Checkers,0,GAME_OVER,58,57,2,637,1,OSLA,1,2,2,MCTS_CheckersHeuristic
-1282859446,Checkers,0,GAME_OVER,58,57,2,638,1,OSLA,1,2,2,MCTS_CheckersHeuristic
981456584,Checkers,0,GAME_OVER,49,48,2,639,1,OSLA,1,2,2,MCTS_CheckersHeuristic
1631503592,Checkers,0,GAME_OVER,78,77,2,640,1,OSLA,1,2,2,MCTS_CheckersHeuristic
-1578670172,Checkers,0,GAME_OVER,61,60,2,641,1,OSLA,1,2,2,MCTS_CheckersHeuristic
-7013139,Checkers,0,GAME_OVER,44,43,2,642,1,OSLA,1,2,2,MCTS_CheckersHeuristic
-1197073684,Checkers,0,GAME_OVER,68,67,2,643,1,OSLA,1,2,2,MCTS_CheckersHeuristic
-360322187,Checkers,0,GAME_OVER,51,50,2,644,1,OSLA,1,2,2,MCTS_CheckersHeuristic
-974499447,Checkers,0,GAME_OVER,46,45,2,645,1,OSLA,1,2,2,MCTS_CheckersHeuristic
435222515,Checkers,0,GAME_OVER,98,97,2,646,1,OSLA,1,2,2,MCTS_CheckersHeuristic
982406231,Checkers,0,GAME_OVER,61,60,2,647,1,OSLA,1,2,2,MCTS_CheckersHeuristic
-1056911694,Checkers,0,GAME_OVER,59,58,2,648,1,OSLA,1,2,2,MCTS_CheckersHeuristic
-452755121,Checkers,0,GAME_OVER,62,61,2,649,1,OSLA,1,2,2,MCTS_CheckersHeuristic
734475412,Checkers,0,GAME_OVER,78,77,2,650,1,OSLA,1,2,2,MCTS_CheckersHeuristic
-1110994666,Checkers,0,GAME_OVER,47,46,2,651,1,OSLA,1,2,2,MCTS_CheckersHeuristic
955802140,Checkers,0,GAME_OVER,92,91,2,652,1,OSLA,1,2,2,MCTS_CheckersHeuristic
30516821,Checkers,0,GAME_OVER,42,41,2,653,1,OSLA,1,2,2,MCTS_CheckersHeuristic
-121774317,Checkers,0,GAME_OVER,84,83,2,654,1,OSLA,1,2,2,MCTS_CheckersHeuristic
-186451330,Checkers,0,GAME_OVER,57,56,2,655,1,OSLA,1,2,2,MCTS_CheckersHeuristic
1762848073,Checkers,0,GAME_OVER,67,66,2,656,1,OSLA,1,2,2,MCTS_CheckersHeuristic
-491157522,Checkers,0,GAME_OVER,57,56,2,657,1,OSLA,1,2,2,MCTS_CheckersHeuristic
-1107048397,Checkers,0,GAME_OVER,49,48,2,658,1,OSLA,1,2,2,MCTS_CheckersHeuristic
1413027729,Checkers,0,GAME_OVER,55,54,2,659,1,OSLA,1,2,2,MCTS_CheckersHeuristic
-1071175548,Checkers,0,GAME_OVER,60,59,2,660,1,OSLA,1,2,2,MCTS_CheckersHeuristic
954607719,Checkers,0,GAME_OVER,53,52,2,661,1,OSLA,1,2,2,MCTS_CheckersHeuristic
-1400576534,Checkers,0,GAME_OVER,111,110,2,662,1,OSLA,1,2,2,MCTS_CheckersHeuristic
64377253,Checkers,0,GAME_OVER,141,140,2,663,1,OSLA,1,1,1,MCTS_CheckersHeuristic
88870555,Checkers,0,GAME_OVER,51,50,2,664,1,OSLA,1,2,2,MCTS_CheckersHeuristic
620336199,Checkers,0,GAME_OVER,51,50,2,665,1,OSLA,1,2,2,MCTS_CheckersHeuristic
1293527892,Checkers,0,GAME_OVER,49,48,2,666,1,OSLA,1,2,2,MCTS_CheckersHeuristic
-1114071225,Checkers,0,GAME_OVER,50,49,2,667,1,OSLA,1,2,2,MCTS_CheckersHeuristic
-734824458,Checkers,0,GAME_OVER,50,49,2,668,1,OSLA,1,2,2,MCTS_CheckersHeuristic
-547036712,Checkers,0,GAME_OVER,54,53,2,669,1,OSLA,1,2,2,MCTS_CheckersHeuristic
1128229866,Checkers,0,GAME_OVER,93,92,2,670,1,OSLA,1,2,2,MCTS_CheckersHeuristic
-356353700,Checkers,0,GAME_OVER,72,71,2,671,1,OSLA,1,2,2,MCTS_CheckersHeuristic
1915409131,Checkers,0,GAME_OVER,57,56,2,672,2,OSLA,2,1,1,MCTS_CheckersHeuristic
-725474074,Checkers,0,GAME_OVER,66,65,2,673,1,OSLA,1,2,2,MCTS_CheckersHeuristic
-518570509,Checkers,0,GAME_OVER,52,51,2,674,1,OSLA,1,2,2,MCTS_CheckersHeuristic
31817353,Checkers,0,GAME_OVER,79,78,2,675,1,OSLA,1,2,2,MCTS_CheckersHeuristic
-234975919,Checkers,0,GAME_OVER,55,54,2,676,1,OSLA,1,2,2,MCTS_CheckersHeuristic
-353150266,Checkers,0,GAME_OVER,58,57,2,677,1,OSLA,1,2,2,MCTS_CheckersHeuristic
1766592570,Checkers,0,GAME_OVER,63,62,2,678,1,OSLA,1,2,2,MCTS_CheckersHeuristic
1732864212,Checkers,0,GAME_OVER,59,58,2,679,1,OSLA,1,2,2,MCTS_CheckersHeuristic
-340655278,Checkers,0,GAME_OVER,50,49,2,680,1,OSLA,1,2,2,MCTS_CheckersHeuristic
-25849191,Checkers,0,GAME_OVER,49,48,2,681,1,OSLA,1,2,2,MCTS_CheckersHeuristic
945284864,Checkers,0,GAME_OVER,127,126,2,682,1,OSLA,1,2,2,MCTS_CheckersHeuristic
-48612981,Checkers,0,GAME_OVER,60,59,2,683,1,OSLA,1,2,2,MCTS_CheckersHeuristic
-1983445115,Checkers,0,GAME_OVER,66,65,2,684,1,OSLA,1,2,2,MCTS_CheckersHeuristic
-1735928366,Checkers,0,GAME_OVER,95,94,2,685,1,OSLA,1,2,2,MCTS_CheckersHeuristic
430666804,Checkers,0,GAME_OVER,50,49,2,686,1,OSLA,1,2,2,MCTS_CheckersHeuristic
1609744228,Checkers,0,GAME_OVER,48,47,2,687,1,OSLA,1,2,2,MCTS_CheckersHeuristic
-1511172036,Checkers,0,GAME_OVER,64,63,2,688,1,OSLA,1,2,2,MCTS_CheckersHeuristic
-893807371,Checkers,0,GAME_OVER,64,63,2,689,1,OSLA,1,2,2,MCTS_CheckersHeuristic
-172327199,Checkers,0,GAME_OVER,58,57,2,690,1,OSLA,1,2,2,MCTS_CheckersHeuristic
503765733,Checkers,0,GAME_OVER,54,53,2,691,1,OSLA,1,2,2,MCTS_CheckersHeuristic
61052441,Checkers,0,GAME_OVER,52,51,2,692,1,OSLA,1,2,2,MCTS_CheckersHeuristic
1802280096,Checkers,0,GAME_OVER,54,53,2,693,1,OSLA,1,2,2,MCTS_CheckersHeuristic
-1356673561,Checkers,0,GAME_OVER,107,106,2,694,1,OSLA,1,1,1,MCTS_CheckersHeuristic
1300440325,Checkers,0,GAME_OVER,53,52,2,695,1,OSLA,1,2,2,MCTS_CheckersHeuristic
500731879,Checkers,0,GAME_OVER,87,86,2,696,1,OSLA,1,2,2,MCTS_CheckersHeuristic
1293080270,Checkers,0,GAME_OVER,63,62,2,697,1,OSLA,1,2,2,MCTS_CheckersHeuristic
1179290093,Checkers,0,GAME_OVER,53,52,2,698,1,OSLA,1,2,2,MCTS_CheckersHeuristic
-403842029,Checkers,0,GAME_OVER,84,83,2,699,1,OSLA,1,2,2,MCTS_CheckersHeuristic
1043658662,Checkers,0,GAME_OVER,120,119,2,700,1,OSLA,1,1,1,MCTS_CheckersHeuristic
-1481614246,Checkers,0,GAME_OVER,64,63,2,701,1,OSLA,1,2,2,MCTS_CheckersHeuristic
1059998357,Checkers,0,GAME_OVER,59,58,2,702,1,OSLA,1,2,2,MCTS_CheckersHeuristic
-2035336489,Checkers,0,GAME_OVER,60,59,2,703,1,OSLA,1,2,2,MCTS_CheckersHeuristic
-828189465,Checkers,0,GAME_OVER,59,58,2,704,1,OSLA,1,2,2,MCTS_CheckersHeuristic
-1112630590,Checkers,0,GAME_OVER,45,44,2,705,1,OSLA,1,2,2,MCTS_CheckersHeuristic
1273381618,Checkers,0,GAME_OVER,87,86,2,706,1,OSLA,1,2,2,MCTS_CheckersHeuristic
916823542,Checkers,0,GAME_OVER,47,46,2,707,1,OSLA,1,2,2,MCTS_CheckersHeuristic
-1188476838,Checkers,0,GAME_OVER,78,77,2,708,1,OSLA,1,2,2,MCTS_CheckersHeuristic
-1030385106,Checkers,0,GAME_OVER,67,66,2,709,1,OSLA,1,2,2,MCTS_CheckersHeuristic
-1695727306,Checkers,0,GAME_OVER,63,62,2,710,1,OSLA,1,2,2,MCTS_CheckersHeuristic
1745623962,Checkers,0,GAME_OVER,51,50,2,711,1,OSLA,1,2,2,MCTS_CheckersHeuristic
-1131907931,Checkers,0,GAME_OVER,52,51,2,712,1,OSLA,1,2,2,MCTS_CheckersHeuristic
1879863216,Checkers,0,GAME_OVER,44,43,2,713,1,OSLA,1,2,2,MCTS_CheckersHeuristic
28013999,Checkers,0,GAME_OVER,49,48,2,714,1,OSLA,1,2,2,MCTS_CheckersHeuristic
-1153404590,Checkers,0,GAME_OVER,119,118,2,715,1,OSLA,1,1,1,MCTS_CheckersHeuristic
1986699382,Checkers,0,GAME_OVER,59,58,2,716,1,OSLA,1,2,2,MCTS_CheckersHeuristic
1137903563,Checkers,0,GAME_OVER,60,59,2,717,1,OSLA,1,2,2,MCTS_CheckersHeuristic
-311282444,Checkers,0,GAME_OVER,43,42,2,718,1,OSLA,1,2,2,MCTS_CheckersHeuristic
-329290698,Checkers,0,GAME_OVER,48,47,2,719,1,OSLA,1,2,2,MCTS_CheckersHeuristic
1941759451,Checkers,0,GAME_OVER,53,52,2,720,1,OSLA,1,2,2,MCTS_CheckersHeuristic
-1669728967,Checkers,0,GAME_OVER,60,59,2,721,1,OSLA,1,2,2,MCTS_CheckersHeuristic
1580542299,Checkers,0,GAME_OVER,57,56,2,722,1,OSLA,1,2,2,MCTS_CheckersHeuristic
628961102,Checkers,0,GAME_OVER,50,49,2,723,1,OSLA,1,2,2,MCTS_CheckersHeuristic
1578304208,Checkers,0,GAME_OVER,125,124,2,724,1,OSLA,1,2,2,MCTS_CheckersHeuristic
1521967080,Checkers,0,GAME_OVER,45,44,2,725,1,OSLA,1,2,2,MCTS_CheckersHeuristic
-1306482771,Checkers,0,GAME_OVER,128,127,2,726,1,OSLA,1,2,2,MCTS_CheckersHeuristic
-340722637,Checkers,0,GAME_OVER,60,59,2,727,1,OSLA,1,2,2,MCTS_CheckersHeuristic
-1356914919,Checkers,0,GAME_OVER,42,41,2,728,1,OSLA,1,2,2,MCTS_CheckersHeuristic
512929862,Checkers,0,GAME_OVER,89,88,2,729,1,OSLA,1,2,2,MCTS_CheckersHeuristic
787749660,Checkers,0,GAME_OVER,52,51,2,730,1,OSLA,1,2,2,MCTS_CheckersHeuristic
-192781833,Checkers,0,GAME_OVER,52,51,2,731,1,OSLA,1,2,2,MCTS_CheckersHeuristic
-1702913198,Checkers,0,GAME_OVER,48,47,2,732,1,OSLA,1,2,2,MCTS_CheckersHeuristic
-92163394,Checkers,0,GAME_OVER,50,49,2,733,1,OSLA,1,2,2,MCTS_CheckersHeuristic
-1459438475,Checkers,0,GAME_OVER,70,69,2,734,1,OSLA,1,2,2,MCTS_CheckersHeuristic
-507513278,Checkers,0,GAME_OVER,65,64,2,735,1,OSLA,1,2,2,MCTS_CheckersHeuristic
-676184764,Checkers,0,GAME_OVER,116,115,2,736,1,OSLA,1,1,1,MCTS_CheckersHeuristic
-1623855231,Checkers,0,GAME_OVER,105,104,2,737,1,OSLA,1,1,1,MCTS_CheckersHeuristic
-2027157359,Checkers,0,GAME_OVER,108,107,2,738,1,OSLA,1,2,2,MCTS_CheckersHeuristic
-140116804,Checkers,0,GAME_OVER,49,48,2,739,1,OSLA,1,2,2,MCTS_CheckersHeuristic
-216183431,Checkers,0,GAME_OVER,51,50,2,740,1,OSLA,1,2,2,MCTS_CheckersHeuristic
-1451148663,Checkers,0,GAME_OVER,55,54,2,741,1,OSLA,1,2,2,MCTS_CheckersHeuristic
-2109691375,Checkers,0,GAME_OVER,47,46,2,742,1,OSLA,1,2,2,MCTS_CheckersHeuristic
-826433358,Checkers,0,GAME_OVER,55,54,2,743,1,OSLA,1,2,2,MCTS_CheckersHeuristic
-216761838,Checkers,0,GAME_OVER,56,55,2,744,2,OSLA,2,1,1,MCTS_CheckersHeuristic
1017429978,Checkers,0,GAME_OVER,63,62,2,745,1,OSLA,1,2,2,MCTS_CheckersHeuristic
-1537226167,Checkers,0,GAME_OVER,46,45,2,746,1,OSLA,1,2,2,MCTS_CheckersHeuristic
507749619,Checkers,0,GAME_OVER,109,108,2,747,1,OSLA,1,2,2,MCTS_CheckersHeuristic
-1513581865,Checkers,0,GAME_OVER,54,53,2,748,1,OSLA,1,2,2,MCTS_CheckersHeuristic
1322127370,Checkers,0,GAME_OVER,47,46,2,749,1,OSLA,1,2,2,MCTS_CheckersHeuristic
891551100,Checkers,0,GAME_OVER,41,40,2,750,1,OSLA,1,2,2,MCTS_CheckersHeuristic
2138025467,Checkers,0,GAME_OVER,59,58,2,751,1,OSLA,1,2,2,MCTS_CheckersHeuristic
1684959887,Checkers,0,GAME_OVER,43,42,2,752,1,OSLA,1,2,2,MCTS_CheckersHeuristic
-1480986365,Checkers,0,GAME_OVER,53,52,2,753,1,OSLA,1,2,2,MCTS_CheckersHeuristic
-650756534,Checkers,0,GAME_OVER,64,63,2,754,1,OSLA,1,2,2,MCTS_CheckersHeuristic
1407421011,Checkers,0,GAME_OVER,56,55,2,755,1,OSLA,1,2,2,MCTS_CheckersHeuristic
-1613059695,Checkers,0,GAME_OVER,68,67,2,756,1,OSLA,1,2,2,MCTS_CheckersHeuristic
850196232,Checkers,0,GAME_OVER,50,49,2,757,1,OSLA,1,2,2,MCTS_CheckersHeuristic
1515236453,Checkers,0,GAME_OVER,52,51,2,758,1,OSLA,1,2,2,MCTS_CheckersHeuristic
1276910903,Checkers,0,GAME_OVER,52,51,2,759,1,OSLA,1,2,2,MCTS_CheckersHeuristic
412401050,Checkers,0,GAME_OVER,128,127,2,760,1,OSLA,1,1,1,MCTS_CheckersHeuristic
-647091723,Checkers,0,GAME_OVER,66,65,2,761,1,OSLA,1,2,2,MCTS_CheckersHeuristic
1730282123,Checkers,0,GAME_OVER,89,88,2,762,1,OSLA,1,2,2,MCTS_CheckersHeuristic
-869019784,Checkers,0,GAME_OVER,45,44,2,763,1,OSLA,1,2,2,MCTS_CheckersHeuristic
1094587105,Checkers,0,GAME_OVER,68,67,2,764,1,OSLA,1,2,2,MCTS_CheckersHeuristic
368065226,Checkers,0,GAME_OVER,66,65,2,765,1,OSLA,1,2,2,MCTS_CheckersHeuristic
1813903280,Checkers,0,GAME_OVER,42,41,2,766,1,OSLA,1,2,2,MCTS_CheckersHeuristic
669035172,Checkers,0,GAME_OVER,82,81,2,767,1,OSLA,1,2,2,MCTS_CheckersHeuristic
1398133352,Checkers,0,GAME_OVER,63,62,2,768,1,OSLA,1,2,2,MCTS_CheckersHeuristic
-132510359,Checkers,0,GAME_OVER,115,114,2,769,1,OSLA,1,1,1,MCTS_CheckersHeuristic
777387897,Checkers,0,GAME_OVER,83,82,2,770,1,OSLA,1,2,2,MCTS_CheckersHeuristic
1352041059,Checkers,0,GAME_OVER,41,40,2,771,1,OSLA,1,2,2,MCTS_CheckersHeuristic
86270357,Checkers,0,GAME_OVER,37,36,2,772,1,OSLA,1,2,2,MCTS_CheckersHeuristic
-1125672290,Checkers,0,GAME_OVER,52,51,2,773,1,OSLA,1,2,2,MCTS_CheckersHeuristic
-2093408783,Checkers,0,GAME_OVER,39,38,2,774,1,OSLA,1,2,2,MCTS_CheckersHeuristic
-1403531229,Checkers,0,GAME_OVER,49,48,2,775,1,OSLA,1,2,2,MCTS_CheckersHeuristic
1496203009,Checkers,0,GAME_OVER,84,83,2,776,1,OSLA,1,2,2,MCTS_CheckersHeuristic
-1071092128,Checkers,0,GAME_OVER,48,47,2,777,1,OSLA,1,2,2,MCTS_CheckersHeuristic
-1026506122,Checkers,0,GAME_OVER,108,107,2,778,1,OSLA,1,1,1,MCTS_CheckersHeuristic
-683268873,Checkers,0,GAME_OVER,117,116,2,779,1,OSLA,1,1,1,MCTS_CheckersHeuristic
-2059970418,Checkers,0,GAME_OVER,51,50,2,780,1,OSLA,1,2,2,MCTS_CheckersHeuristic
-1968093610,Checkers,0,GAME_OVER,55,54,2,781,1,OSLA,1,2,2,MCTS_CheckersHeuristic
16506356,Checkers,0,GAME_OVER,53,52,2,782,1,OSLA,1,2,2,MCTS_CheckersHeuristic
-1481812548,Checkers,0,GAME_OVER,52,51,2,783,1,OSLA,1,2,2,MCTS_CheckersHeuristic
-1646448962,Checkers,0,GAME_OVER,134,133,2,784,1,OSLA,1,1,1,MCTS_CheckersHeuristic
-936733540,Checkers,0,GAME_OVER,50,49,2,785,1,OSLA,1,2,2,MCTS_CheckersHeuristic
-997676971,Checkers,0,GAME_OVER,45,44,2,786,2,OSLA,2,1,1,MCTS_CheckersHeuristic
-363674243,Checkers,0,GAME_OVER,50,49,2,787,1,OSLA,1,2,2,MCTS_CheckersHeuristic
1298094402,Checkers,0,GAME_OVER,49,48,2,788,1,OSLA,1,2,2,MCTS_CheckersHeuristic
-771888442,Checkers,0,GAME_OVER,72,71,2,789,1,OSLA,1,2,2,MCTS_CheckersHeuristic
-1675572936,Checkers,0,GAME_OVER,65,64,2,790,1,OSLA,1,2,2,MCTS_CheckersHeuristic
-1786482152,Checkers,0,GAME_OVER,66,65,2,791,1,OSLA,1,2,2,MCTS_CheckersHeuristic
-174898991,Checkers,0,GAME_OVER,68,67,2,792,1,OSLA,1,1,1,MCTS_CheckersHeuristic
1149276452,Checkers,0,GAME_OVER,52,51,2,793,1,OSLA,1,2,2,MCTS_CheckersHeuristic
1342363616,Checkers,0,GAME_OVER,51,50,2,794,1,OSLA,1,2,2,MCTS_CheckersHeuristic
721004321,Checkers,0,GAME_OVER,54,53,2,795,1,OSLA,1,2,2,MCTS_CheckersHeuristic
-545709509,Checkers,0,GAME_OVER,47,46,2,796,1,OSLA,1,2,2,MCTS_CheckersHeuristic
1352257095,Checkers,0,GAME_OVER,47,46,2,797,1,OSLA,1,2,2,MCTS_CheckersHeuristic
1874814574,Checkers,0,GAME_OVER,41,40,2,798,1,OSLA,1,2,2,MCTS_CheckersHeuristic
1431403269,Checkers,0,GAME_OVER,48,47,2,799,1,OSLA,1,2,2,MCTS_CheckersHeuristic
-2085245251,Checkers,0,GAME_OVER,58,57,2,800,1,OSLA,1,2,2,MCTS_CheckersHeuristic
-2096651580,Checkers,0,GAME_OVER,83,82,2,801,1,OSLA,1,2,2,MCTS_CheckersHeuristic
-429507769,Checkers,0,GAME_OVER,51,50,2,802,1,OSLA,1,2,2,OSLA
1646983889,Checkers,0,GAME_OVER,41,40,2,803,2,OSLA,2,1,1,OSLA
-1508144921,Checkers,0,GAME_OVER,60,59,2,804,1,OSLA,1,2,2,OSLA
-298402473,Checkers,0,GAME_OVER,52,51,2,805,2,OSLA,2,1,1,OSLA
1122538383,Checkers,0,GAME_OVER,111,110,2,806,1,OSLA,1,1,1,OSLA
-1677878252,Checkers,0,GAME_OVER,57,56,2,807,1,OSLA,1,2,2,OSLA
764054644,Checkers,0,GAME_OVER,95,94,2,808,2,OSLA,2,1,1,OSLA
1612447923,Checkers,0,GAME_OVER,82,81,2,809,1,OSLA,1,1,1,OSLA
-1766918344,Checkers,0,GAME_OVER,43,42,2,810,1,OSLA,1,2,2,OSLA
-99200105,Checkers,0,GAME_OVER,69,68,2,811,1,OSLA,1,2,2,OSLA
-2046769698,Checkers,0,GAME_OVER,72,71,2,812,1,OSLA,1,2,2,OSLA
-8833104,Checkers,0,GAME_OVER,57,56,2,813,1,OSLA,1,2,2,OSLA
2039254330,Checkers,0,GAME_OVER,71,70,2,814,2,OSLA,2,1,1,OSLA
904154652,Checkers,0,GAME_OVER,50,49,2,815,2,OSLA,2,1,1,OSLA
-944614563,Checkers,0,GAME_OVER,43,42,2,816,1,OSLA,1,2,2,OSLA
1458886793,Checkers,0,GAME_OVER,48,47,2,817,2,OSLA,2,1,1,OSLA
-133207870,Checkers,0,GAME_OVER,84,83,2,818,1,OSLA,1,1,1,OSLA
-1726615699,Checkers,0,GAME_OVER,45,44,2,819,1,OSLA,1,2,2,OSLA
-1502585263,Checkers,0,GAME_OVER,49,48,2,820,2,OSLA,2,1,1,OSLA
-1700714099,Checkers,0,GAME_OVER,50,49,2,821,2,OSLA,2,1,1,OSLA
1159122283,Checkers,0,GAME_OVER,50,49,2,822,2,OSLA,2,1,1,OSLA
-1815440261,Checkers,0,GAME_OVER,77,76,2,823,1,OSLA,1,1,1,OSLA
1249189018,Checkers,0,GAME_OVER,46,45,2,824,2,OSLA,2,1,1,OSLA
1366968798,Checkers,0,GAME_OVER,61,60,2,825,1,OSLA,1,2,2,OSLA
755827371,Checkers,0,GAME_OVER,98,97,2,826,1,OSLA,1,1,1,OSLA
1193006025,Checkers,0,GAME_OVER,43,42,2,827,2,OSLA,2,1,1,OSLA
-1327623385,Checkers,0,GAME_OVER,52,51,2,828,2,OSLA,2,1,1,OSLA
-105545099,Checkers,0,GAME_OVER,40,39,2,829,1,OSLA,1,2,2,OSLA
1982229135,Checkers,0,GAME_OVER,126,125,2,830,1,OSLA,1,1,1,OSLA
877649930,Checkers,0,GAME_OVER,40,39,2,831,1,OSLA,1,2,2,OSLA
-1343263283,Checkers,0,GAME_OVER,48,47,2,832,1,OSLA,1,2,2,OSLA
700851048,Checkers,0,GAME_OVER,46,45,2,833,2,OSLA,2,1,1,OSLA
1089392554,Checkers,0,GAME_OVER,43,42,2,834,2,OSLA,2,1,1,OSLA
-1040387831,Checkers,0,GAME_OVER,50,49,2,835,2,OSLA,2,1,1,OSLA
-510361511,Checkers,0,GAME_OVER,170,169,2,836,1,OSLA,1,1,1,OSLA
863793519,Checkers,0,GAME_OVER,45,44,2,837,1,OSLA,1,2,2,OSLA
-1282859446,Checkers,0,GAME_OVER,39,38,2,838,2,OSLA,2,1,1,OSLA
981456584,Checkers,0,GAME_OVER,40,39,2,839,1,OSLA,1,2,2,OSLA
1631503592,Checkers,0,GAME_OVER,107,106,2,840,1,OSLA,1,1,1,OSLA
-1578670172,Checkers,0,GAME_OVER,112,111,2,841,1,OSLA,1,1,1,OSLA
-7013139,Checkers,0,GAME_OVER,79,78,2,842,1,OSLA,1,1,1,OSLA
-1197073684,Checkers,0,GAME_OVER,88,87,2,843,1,OSLA,1,1,1,OSLA
-360322187,Checkers,0,GAME_OVER,98,97,2,844,1,OSLA,1,1,1,OSLA
-974499447,Checkers,0,GAME_OVER,58,57,2,845,1,OSLA,1,2,2,OSLA
435222515,Checkers,0,GAME_OVER,128,127,2,846,1,OSLA,1,1,1,OSLA
982406231,Checkers,0,GAME_OVER,82,81,2,847,1,OSLA,1,1,1,OSLA
-1056911694,Checkers,0,GAME_OVER,54,53,2,848,1,OSLA,1,2,2,OSLA
-452755121,Checkers,0,GAME_OVER,43,42,2,849,1,OSLA,1,2,2,OSLA
734475412,Checkers,0,GAME_OVER,59,58,2,850,1,OSLA,1,2,2,OSLA
-1110994666,Checkers,0,GAME_OVER,150,149,2,851,1,OSLA,1,1,1,OSLA
955802140,Checkers,0,GAME_OVER,44,43,2,852,2,OSLA,2,1,1,OSLA
30516821,Checkers,0,GAME_OVER,78,77,2,853,1,OSLA,1,2,2,OSLA
-121774317,Checkers,0,GAME_OVER,63,62,2,854,1,OSLA,1,2,2,OSLA
-186451330,Checkers,0,GAME_OVER,134,133,2,855,1,OSLA,1,1,1,OSLA
1762848073,Checkers,0,GAME_OVER,52,51,2,856,1,OSLA,1,2,2,OSLA
-491157522,Checkers,0,GAME_OVER,43,42,2,857,2,OSLA,2,1,1,OSLA
-1107048397,Checkers,0,GAME_OVER,115,114,2,858,1,OSLA,1,1,1,OSLA
1413027729,Checkers,0,GAME_OVER,35,34,2,859,2,OSLA,2,1,1,OSLA
-1071175548,Checkers,0,GAME_OVER,47,46,2,860,2,OSLA,2,1,1,OSLA
954607719,Checkers,0,GAME_OVER,91,90,2,861,1,OSLA,1,1,1,OSLA
-1400576534,Checkers,0,GAME_OVER,98,97,2,862,1,OSLA,1,1,1,OSLA
64377253,Checkers,0,GAME_OVER,133,132,2,863,1,OSLA,1,1,1,OSLA
88870555,Checkers,0,GAME_OVER,47,46,2,864,2,OSLA,2,1,1,OSLA
620336199,Checkers,0,GAME_OVER,73,72,2,865,1,OSLA,1,2,2,OSLA
1293527892,Checkers,0,GAME_OVER,48,47,2,866,2,OSLA,2,1,1,OSLA
-1114071225,Checkers,0,GAME_OVER,83,82,2,867,1,OSLA,1,1,1,OSLA
-734824458,Checkers,0,GAME_OVER,52,51,2,868,2,OSLA,2,1,1,OSLA
-547036712,Checkers,0,GAME_OVER,55,54,2,869,2,OSLA,2,1,1,OSLA
1128229866,Checkers,0,GAME_OVER,141,140,2,870,1,OSLA,1,1,1,OSLA
-356353700,Checkers,0,GAME_OVER,53,52,2,871,2,OSLA,2,1,1,OSLA
1915409131,Checkers,0,GAME_OVER,35,34,2,872,2,OSLA,2,1,1,OSLA
-725474074,Checkers,0,GAME_OVER,48,47,2,873,2,OSLA,2,1,1,OSLA
-518570509,Checkers,0,GAME_OVER,46,45,2,874,2,OSLA,2,1,1,OSLA
31817353,Checkers,0,GAME_OVER,45,44,2,875,1,OSLA,1,2,2,OSLA
-234975919,Checkers,0,GAME_OVER,77,76,2,876,2,OSLA,2,1,1,OSLA
-353150266,Checkers,0,GAME_OVER,50,49,2,877,1,OSLA,1,2,2,OSLA
1766592570,Checkers,0,GAME_OVER,66,65,2,878,1,OSLA,1,2,2,OSLA
1732864212,Checkers,0,GAME_OVER,44,43,2,879,2,OSLA,2,1,1,OSLA
-340655278,Checkers,0,GAME_OVER,151,150,2,880,1,OSLA,1,1,1,OSLA
-25849191,Checkers,0,GAME_OVER,54,53,2,881,1,OSLA,1,2,2,OSLA
945284864,Checkers,0,GAME_OVER,39,38,2,882,1,OSLA,1,2,2,OSLA
-48612981,Checkers,0,GAME_OVER,44,43,2,883,1,OSLA,1,2,2,OSLA
-1983445115,Checkers,0,GAME_OVER,93,92,2,884,1,OSLA,1,1,1,OSLA
-1735928366,Checkers,0,GAME_OVER,45,44,2,885,2,OSLA,2,1,1,OSLA
430666804,Checkers,0,GAME_OVER,81,80,2,886,2,OSLA,2,1,1,OSLA
1609744228,Checkers,0,GAME_OVER,50,49,2,887,1,OSLA,1,2,2,OSLA
-1511172036,Checkers,0,GAME_OVER,76,75,2,888,2,OSLA,2,1,1,OSLA
-893807371,Checkers,0,GAME_OVER,45,44,2,889,1,OSLA,1,2,2,OSLA
-172327199,Checkers,0,GAME_OVER,49,48,2,890,2,OSLA,2,1,1,OSLA
503765733,Checkers,0,GAME_OVER,43,42,2,891,2,OSLA,2,1,1,OSLA
61052441,Checkers,0,GAME_OVER,47,46,2,892,2,OSLA,2,1,1,OSLA
1802280096,Checkers,0,GAME_OVER,51,50,2,893,1,OSLA,1,2,2,OSLA
-1356673561,Checkers,0,GAME_OVER,75,74,2,894,1,OSLA,1,2,2,OSLA
1300440325,Checkers,0,GAME_OVER,62,61,2,895,1,OSLA,1,2,2,OSLA
500731879,Checkers,0,GAME_OVER,49,48,2,896,2,OSLA,2,1,1,OSLA
1293080270,Checkers,0,GAME_OVER,43,42,2,897,1,OSLA,1,2,2,OSLA
1179290093,Checkers,0,GAME_OVER,38,37,2,898,2,OSLA,2,1,1,OSLA
-403842029,Checkers,0,GAME_OVER,65,64,2,899,2,OSLA,2,1,1,OSLA
1043658662,Checkers,0,GAME_OVER,41,40,2,900,1,OSLA,1,2,2,OSLA
-1481614246,Checkers,0,GAME_OVER,48,47,2,901,1,OSLA,1,2,2,OSLA
1059998357,Checkers,0,GAME_OVER,60,59,2,902,1,OSLA,1,2,2,OSLA
-2035336489,Checkers,0,GAME_OVER,59,58,2,903,1,OSLA,1,2,2,OSLA
-828189465,Checkers,0,GAME_OVER,50,49,2,904,2,OSLA,2,1,1,OSLA
-1112630590,Checkers,0,GAME_OVER,70,69,2,905,2,OSLA,2,1,1,OSLA
1273381618,Checkers,0,GAME_OVER,34,33,2,906,1,OSLA,1,2,2,OSLA
916823542,Checkers,0,GAME_OVER,47,46,2,907,2,OSLA,2,1,1,OSLA
-1188476838,Checkers,0,GAME_OVER,89,88,2,908,2,OSLA,2,1,1,OSLA
-1030385106,Checkers,0,GAME_OVER,64,63,2,909,1,OSLA,1,2,2,OSLA
-1695727306,Checkers,0,GAME_OVER,57,56,2,910,2,OSLA,2,1,1,OSLA
1745623962,Checkers,0,GAME_OVER,42,41,2,911,2,OSLA,2,1,1,OSLA
-1131907931,Checkers,0,GAME_OVER,55,54,2,912,1,OSLA,1,2,2,OSLA
1879863216,Checkers,0,GAME_OVER,49,48,2,913,2,OSLA,2,1,1,OSLA
28013999,Checkers,0,GAME_OVER,55,54,2,914,2,OSLA,2,1,1,OSLA
-1153404590,Checkers,0,GAME_OVER,137,136,2,915,1,OSLA,1,1,1,OSLA
1986699382,Checkers,0,GAME_OVER,40,39,2,916,1,OSLA,1,2,2,OSLA
1137903563,Checkers,0,GAME_OVER,107,106,2,917,1,OSLA,1,1,1,OSLA
-311282444,Checkers,0,GAME_OVER,48,47,2,918,1,OSLA,1,2,2,OSLA
-329290698,Checkers,0,GAME_OVER,116,115,2,919,1,OSLA,1,1,1,OSLA
1941759451,Checkers,0,GAME_OVER,59,58,2,920,1,OSLA,1,2,2,OSLA
-1669728967,Checkers,0,GAME_OVER,64,63,2,921,2,OSLA,2,1,1,OSLA
1580542299,Checkers,0,GAME_OVER,64,63,2,922,1,OSLA,1,2,2,OSLA
628961102,Checkers,0,GAME_OVER,46,45,2,923,1,OSLA,1,2,2,OSLA
1578304208,Checkers,0,GAME_OVER,50,49,2,924,2,OSLA,2,1,1,OSLA
1521967080,Checkers,0,GAME_OVER,41,40,2,925,2,OSLA,2,1,1,OSLA
-1306482771,Checkers,0,GAME_OVER,43,42,2,926,1,OSLA,1,2,2,OSLA
-340722637,Checkers,0,GAME_OVER,51,50,2,927,2,OSLA,2,1,1,OSLA
-1356914919,Checkers,0,GAME_OVER,47,46,2,928,1,OSLA,1,2,2,OSLA
512929862,Checkers,0,GAME_OVER,78,77,2,929,1,OSLA,1,1,1,OSLA
787749660,Checkers,0,GAME_OVER,84,83,2,930,1,OSLA,1,2,2,OSLA
-192781833,Checkers,0,GAME_OVER,54,53,2,931,2,OSLA,2,1,1,OSLA
-1702913198,Checkers,0,GAME_OVER,95,94,2,932,1,OSLA,1,1,1,OSLA
-92163394,Checkers,0,GAME_OVER,61,60,2,933,1,OSLA,1,2,2,OSLA
-1459438475,Checkers,0,GAME_OVER,43,42,2,934,1,OSLA,1,2,2,OSLA
-507513278,Checkers,0,GAME_OVER,45,44,2,935,1,OSLA,1,2,2,OSLA
-676184764,Checkers,0,GAME_OVER,60,59,2,936,2,OSLA,2,1,1,OSLA
-1623855231,Checkers,0,GAME_OVER,54,53,2,937,2,OSLA,2,1,1,OSLA
-2027157359,Checkers,0,GAME_OVER,87,86,2,938,1,OSLA,1,1,1,OSLA
-140116804,Checkers,0,GAME_OVER,36,35,2,939,1,OSLA,1,2,2,OSLA
-216183431,Checkers,0,GAME_OVER,68,67,2,940,1,OSLA,1,2,2,OSLA
-1451148663,Checkers,0,GAME_OVER,39,38,2,941,2,OSLA,2,1,1,OSLA
-2109691375,Checkers,0,GAME_OVER,56,55,2,942,1,OSLA,1,2,2,OSLA
-826433358,Checkers,0,GAME_OVER,42,41,2,943,2,OSLA,2,1,1,OSLA
-216761838,Checkers,0,GAME_OVER,47,46,2,944,2,OSLA,2,1,1,OSLA
1017429978,Checkers,0,GAME_OVER,119,118,2,945,1,OSLA,1,1,1,OSLA
-1537226167,Checkers,0,GAME_OVER,49,48,2,946,2,OSLA,2,1,1,OSLA
507749619,Checkers,0,GAME_OVER,118,117,2,947,1,OSLA,1,1,1,OSLA
-1513581865,Checkers,0,GAME_OVER,50,49,2,948,1,OSLA,1,2,2,OSLA
1322127370,Checkers,0,GAME_OVER,45,44,2,949,2,OSLA,2,1,1,OSLA
891551100,Checkers,0,GAME_OVER,46,45,2,950,2,OSLA,2,1,1,OSLA
2138025467,Checkers,0,GAME_OVER,83,82,2,951,1,OSLA,1,2,2,OSLA
1684959887,Checkers,0,GAME_OVER,39,38,2,952,2,OSLA,2,1,1,OSLA
-1480986365,Checkers,0,GAME_OVER,49,48,2,953,1,OSLA,1,2,2,OSLA
-650756534,Checkers,0,GAME_OVER,95,94,2,954,1,OSLA,1,1,1,OSLA
1407421011,Checkers,0,GAME_OVER,56,55,2,955,1,OSLA,1,2,2,OSLA
-1613059695,Checkers,0,GAME_OVER,49,48,2,956,1,OSLA,1,2,2,OSLA
850196232,Checkers,0,GAME_OVER,41,40,2,957,1,OSLA,1,2,2,OSLA
1515236453,Checkers,0,GAME_OVER,128,127,2,958,1,OSLA,1,1,1,OSLA
1276910903,Checkers,0,GAME_OVER,53,52,2,959,2,OSLA,2,1,1,OSLA
412401050,Checkers,0,GAME_OVER,53,52,2,960,2,OSLA,2,1,1,OSLA
-647091723,Checkers,0,GAME_OVER,124,123,2,961,1,OSLA,1,2,2,OSLA
1730282123,Checkers,0,GAME_OVER,44,43,2,962,2,OSLA,2,1,1,OSLA
-869019784,Checkers,0,GAME_OVER,47,46,2,963,2,OSLA,2,1,1,OSLA
1094587105,Checkers,0,GAME_OVER,40,39,2,964,2,OSLA,2,1,1,OSLA
368065226,Checkers,0,GAME_OVER,55,54,2,965,2,OSLA,2,1,1,OSLA
1813903280,Checkers,0,GAME_OVER,53,52,2,966,2,OSLA,2,1,1,OSLA
669035172,Checkers,0,GAME_OVER,70,69,2,967,2,OSLA,2,1,1,OSLA
1398133352,Checkers,0,GAME_OVER,48,47,2,968,2,OSLA,2,1,1,OSLA
-132510359,Checkers,0,GAME_OVER,51,50,2,969,2,OSLA,2,1,1,OSLA
777387897,Checkers,0,GAME_OVER,125,124,2,970,1,OSLA,1,1,1,OSLA
1352041059,Checkers,0,GAME_OVER,99,98,2,971,1,OSLA,1,1,1,OSLA
86270357,Checkers,0,GAME_OVER,43,42,2,972,2,OSLA,2,1,1,OSLA
-1125672290,Checkers,0,GAME_OVER,96,95,2,973,1,OSLA,1,2,2,OSLA
-2093408783,Checkers,0,GAME_OVER,42,41,2,974,2,OSLA,2,1,1,OSLA
-1403531229,Checkers,0,GAME_OVER,51,50,2,975,2,OSLA,2,1,1,OSLA
1496203009,Checkers,0,GAME_OVER,60,59,2,976,2,OSLA,2,1,1,OSLA
-1071092128,Checkers,0,GAME_OVER,45,44,2,977,2,OSLA,2,1,1,OSLA
-1026506122,Checkers,0,GAME_OVER,40,39,2,978,2,OSLA,2,1,1,OSLA
-683268873,Checkers,0,GAME_OVER,49,48,2,979,1,OSLA,1,2,2,OSLA
-2059970418,Checkers,0,GAME_OVER,39,38,2,980,1,OSLA,1,2,2,OSLA
-1968093610,Checkers,0,GAME_OVER,45,44,2,981,2,OSLA,2,1,1,OSLA
16506356,Checkers,0,GAME_OVER,53,52,2,982,1,OSLA,1,2,2,OSLA
-1481812548,Checkers,0,GAME_OVER,49,48,2,983,2,OSLA,2,1,1,OSLA
-1646448962,Checkers,0,GAME_OVER,54,53,2,984,2,OSLA,2,1,1,OSLA
-936733540,Checkers,0,GAME_OVER,108,107,2,985,1,OSLA,1,1,1,OSLA
-997676971,Checkers,0,GAME_OVER,104,103,2,986,1,OSLA,1,1,1,OSLA
-363674243,Checkers,0,GAME_OVER,105,104,2,987,1,OSLA,1,1,1,OSLA
1298094402,Checkers,0,GAME_OVER,63,62,2,988,2,OSLA,2,1,1,OSLA
-771888442,Checkers,0,GAME_OVER,100,99,2,989,1,OSLA,1,1,1,OSLA
-1675572936,Checkers,0,GAME_OVER,45,44,2,990,1,OSLA,1,2,2,OSLA
-1786482152,Checkers,0,GAME_OVER,74,73,2,991,1,OSLA,1,1,1,OSLA
-174898991,Checkers,0,GAME_OVER,101,100,2,992,1,OSLA,1,1,1,OSLA
1149276452,Checkers,0,GAME_OVER,46,45,2,993,2,OSLA,2,1,1,OSLA
1342363616,Checkers,0,GAME_OVER,53,52,2,994,1,OSLA,1,2,2,OSLA
721004321,Checkers,0,GAME_OVER,56,55,2,995,2,OSLA,2,1,1,OSLA
-545709509,Checkers,0,GAME_OVER,81,80,2,996,1,OSLA,1,1,1,OSLA
1352257095,Checkers,0,GAME_OVER,100,99,2,997,1,OSLA,1,1,1,OSLA
1874814574,Checkers,0,GAME_OVER,39,38,2,998,2,OSLA,2,1,1,OSLA
1431403269,Checkers,0,GAME_OVER,49,48,2,999,2,OSLA,2,1,1,OSLA
-2085245251,Checkers,0,GAME_OVER,50,49,2,1000,1,OSLA,1,2,2,OSLA
-2096651580,Checkers,0,GAME_OVER,124,123,2,1001,1,OSLA,1,1,1,OSLA
-429507769,Checkers,0,GAME_OVER,48,47,2,1002,2,OSLA,2,1,1,RandomPlayerConfig
1646983889,Checkers,0,GAME_OVER,33,32,2,1003,2,OSLA,2,1,1,RandomPlayerConfig
-1508144921,Checkers,0,GAME_OVER,29,28,2,1004,2,OSLA,2,1,1,RandomPlayerConfig
-298402473,Checkers,0,GAME_OVER,36,35,2,1005,2,OSLA,2,1,1,RandomPlayerConfig
1122538383,Checkers,0,GAME_OVER,34,33,2,1006,2,OSLA,2,1,1,RandomPlayerConfig
-1677878252,Checkers,0,GAME_OVER,42,41,2,1007,2,OSLA,2,1,1,RandomPlayerConfig
764054644,Checkers,0,GAME_OVER,37,36,2,1008,2,OSLA,2,1,1,RandomPlayerConfig
1612447923,Checkers,0,GAME_OVER,39,38,2,1009,2,OSLA,2,1,1,RandomPlayerConfig
-1766918344,Checkers,0,GAME_OVER,46,45,2,1010,2,OSLA,2,1,1,RandomPlayerConfig
-99200105,Checkers,0,GAME_OVER,41,40,2,1011,2,OSLA,2,1,1,RandomPlayerConfig
-2046769698,Checkers,0,GAME_OVER,40,39,2,1012,2,OSLA,2,1,1,RandomPlayerConfig
-8833104,Checkers,0,GAME_OVER,44,43,2,1013,2,OSLA,2,1,1,RandomPlayerConfig
2039254330,Checkers,0,GAME_OVER,42,41,2,1014,2,OSLA,2,1,1,RandomPlayerConfig
904154652,Checkers,0,GAME_OVER,46,45,2,1015,2,OSLA,2,1,1,RandomPlayerConfig
-944614563,Checkers,0,GAME_OVER,57,56,2,1016,2,OSLA,2,1,1,RandomPlayerConfig
1458886793,Checkers,0,GAME_OVER,49,48,2,1017,2,OSLA,2,1,1,RandomPlayerConfig
-133207870,Checkers,0,GAME_OVER,45,44,2,1018,2,OSLA,2,1,1,RandomPlayerConfig
-1726615699,Checkers,0,GAME_OVER,54,53,2,1019,2,OSLA,2,1,1,RandomPlayerConfig
-1502585263,Checkers,0,GAME_OVER,33,32,2,1020,2,OSLA,2,1,1,RandomPlayerConfig
-1700714099,Checkers,0,GAME_OVER,40,39,2,1021,2,OSLA,2,1,1,RandomPlayerConfig
1159122283,Checkers,0,GAME_OVER,50,49,2,1022,2,OSLA,2,1,1,RandomPlayerConfig
-1815440261,Checkers,0,GAME_OVER,38,37,2,1023,2,OSLA,2,1,1,RandomPlayerConfig
1249189018,Checkers,0,GAME_OVER,47,46,2,1024,2,OSLA,2,1,1,RandomPlayerConfig
1366968798,Checkers,0,GAME_OVER,37,36,2,1025,2,OSLA,2,1,1,RandomPlayerConfig
755827371,Checkers,0,GAME_OVER,33,32,2,1026,2,OSLA,2,1,1,RandomPlayerConfig
1193006025,Checkers,0,GAME_OVER,43,42,2,1027,2,OSLA,2,1,1,RandomPlayerConfig
-1327623385,Checkers,0,GAME_OVER,37,36,2,1028,2,OSLA,2,1,1,RandomPlayerConfig
-105545099,Checkers,0,GAME_OVER,37,36,2,1029,2,OSLA,2,1,1,RandomPlayerConfig
1982229135,Checkers,0,GAME_OVER,44,43,2,1030,2,OSLA,2,1,1,RandomPlayerConfig
877649930,Checkers,0,GAME_OVER,44,43,2,1031,2,OSLA,2,1,1,RandomPlayerConfig
-1343263283,Checkers,0,GAME_OVER,35,34,2,1032,2,OSLA,2,1,1,RandomPlayerConfig
700851048,Checkers,0,GAME_OVER,36,35,2,1033,2,OSLA,2,1,1,RandomPlayerConfig
1089392554,Checkers,0,GAME_OVER,42,41,2,1034,2,OSLA,2,1,1,RandomPlayerConfig
-1040387831,Checkers,0,GAME_OVER,39,38,2,1035,2,OSLA,2,1,1,RandomPlayerConfig
-510361511,Checkers,0,GAME_OVER,45,44,2,1036,2,OSLA,2,1,1,RandomPlayerConfig
863793519,Checkers,0,GAME_OVER,33,32,2,1037,2,OSLA,2,1,1,RandomPlayerConfig
-1282859446,Checkers,0,GAME_OVER,35,34,2,1038,2,OSLA,2,1,1,RandomPlayerConfig
981456584,Checkers,0,GAME_OVER,37,36,2,1039,2,OSLA,2,1,1,RandomPlayerConfig
1631503592,Checkers,0,GAME_OVER,35,34,2,1040,2,OSLA,2,1,1,RandomPlayerConfig
-1578670172,Checkers,0,GAME_OVER,38,37,2,1041,2,OSLA,2,1,1,RandomPlayerConfig
-7013139,Checkers,0,GAME_OVER,40,39,2,1042,2,OSLA,2,1,1,RandomPlayerConfig
-1197073684,Checkers,0,GAME_OVER,34,33,2,1043,2,OSLA,2,1,1,RandomPlayerConfig
-360322187,Checkers,0,GAME_OVER,49,48,2,1044,2,OSLA,2,1,1,RandomPlayerConfig
-974499447,Checkers,0,GAME_OVER,37,36,2,1045,2,OSLA,2,1,1,RandomPlayerConfig
435222515,Checkers,0,GAME_OVER,34,33,2,1046,2,OSLA,2,1,1,RandomPlayerConfig
982406231,Checkers,0,GAME_OVER,43,42,2,1047,2,OSLA,2,1,1,RandomPlayerConfig
-1056911694,Checkers,0,GAME_OVER,41,40,2,1048,2,OSLA,2,1,1,RandomPlayerConfig
-452755121,Checkers,0,GAME_OVER,40,39,2,1049,2,OSLA,2,1,1,RandomPlayerConfig
734475412,Checkers,0,GAME_OVER,33,32,2,1050,2,OSLA,2,1,1,RandomPlayerConfig
-1110994666,Checkers,0,GAME_OVER,41,40,2,1051,2,OSLA,2,1,1,RandomPlayerConfig
955802140,Checkers,0,GAME_OVER,36,35,2,1052,2,OSLA,2,1,1,RandomPlayerConfig
30516821,Checkers,0,GAME_OVER,34,33,2,1053,2,OSLA,2,1,1,RandomPlayerConfig
-121774317,Checkers,0,GAME_OVER,49,48,2,1054,2,OSLA,2,1,1,RandomPlayerConfig
-186451330,Checkers,0,GAME_OVER,46,45,2,1055,2,OSLA,2,1,1,RandomPlayerConfig
1762848073,Checkers,0,GAME_OVER,40,39,2,1056,2,OSLA,2,1,1,RandomPlayerConfig
-491157522,Checkers,0,GAME_OVER,41,40,2,1057,2,OSLA,2,1,1,RandomPlayerConfig
-1107048397,Checkers,0,GAME_OVER,38,37,2,1058,2,OSLA,2,1,1,RandomPlayerConfig
1413027729,Checkers,0,GAME_OVER,33,32,2,1059,2,OSLA,2,1,1,RandomPlayerConfig
-1071175548,Checkers,0,GAME_OVER,46,45,2,1060,2,OSLA,2,1,1,RandomPlayerConfig
954607719,Checkers,0,GAME_OVER,33,32,2,1061,2,OSLA,2,1,1,RandomPlayerConfig
-1400576534,Checkers,0,GAME_OVER,42,41,2,1062,2,OSLA,2,1,1,RandomPlayerConfig
64377253,Checkers,0,GAME_OVER,38,37,2,1063,2,OSLA,2,1,1,RandomPlayerConfig
88870555,Checkers,0,GAME_OVER,38,37,2,1064,2,OSLA,2,1,1,RandomPlayerConfig
620336199,Checkers,0,GAME_OVER,31,30,2,1065,2,OSLA,2,1,1,RandomPlayerConfig
1293527892,Checkers,0,GAME_OVER,37,36,2,1066,2,OSLA,2,1,1,RandomPlayerConfig
-1114071225,Checkers,0,GAME_OVER,45,44,2,1067,2,OSLA,2,1,1,RandomPlayerConfig
-734824458,Checkers,0,GAME_OVER,44,43,2,1068,2,OSLA,2,1,1,RandomPlayerConfig
-547036712,Checkers,0,GAME_OVER,44,43,2,1069,2,OSLA,2,1,1,RandomPlayerConfig
1128229866,Checkers,0,GAME_OVER,38,37,2,1070,2,OSLA,2,1,1,RandomPlayerConfig
-356353700,Checkers,0,GAME_OVER,40,39,2,1071,2,OSLA,2,1,1,RandomPlayerConfig
1915409131,Checkers,0,GAME_OVER,49,48,2,1072,2,OSLA,2,1,1,RandomPlayerConfig
-725474074,Checkers,0,GAME_OVER,43,42,2,1073,2,OSLA,2,1,1,RandomPlayerConfig
-518570509,Checkers,0,GAME_OVER,38,37,2,1074,2,OSLA,2,1,1,RandomPlayerConfig
31817353,Checkers,0,GAME_OVER,35,34,2,1075,2,OSLA,2,1,1,RandomPlayerConfig
-234975919,Checkers,0,GAME_OVER,34,33,2,1076,2,OSLA,2,1,1,RandomPlayerConfig
-353150266,Checkers,0,GAME_OVER,35,34,2,1077,2,OSLA,2,1,1,RandomPlayerConfig
1766592570,Checkers,0,GAME_OVER,40,39,2,1078,2,OSLA,2,1,1,RandomPlayerConfig
1732864212,Checkers,0,GAME_OVER,53,52,2,1079,2,OSLA,2,1,1,RandomPlayerConfig
-340655278,Checkers,0,GAME_OVER,32,31,2,1080,2,OSLA,2,1,1,RandomPlayerConfig
-25849191,Checkers,0,GAME_OVER,44,43,2,1081,2,OSLA,2,1,1,RandomPlayerConfig
945284864,Checkers,0,GAME_OVER,33,32,2,1082,2,OSLA,2,1,1,RandomPlayerConfig
-48612981,Checkers,0,GAME_OVER,35,34,2,1083,2,OSLA,2,1,1,RandomPlayerConfig
-1983445115,Checkers,0,GAME_OVER,37,36,2,1084,2,OSLA,2,1,1,RandomPlayerConfig
-1735928366,Checkers,0,GAME_OVER,41,40,2,1085,2,OSLA,2,1,1,RandomPlayerConfig
430666804,Checkers,0,GAME_OVER,39,38,2,1086,2,OSLA,2,1,1,RandomPlayerConfig
1609744228,Checkers,0,GAME_OVER,31,30,2,1087,2,OSLA,2,1,1,RandomPlayerConfig
-1511172036,Checkers,0,GAME_OVER,40,39,2,1088,2,OSLA,2,1,1,RandomPlayerConfig
-893807371,Checkers,0,GAME_OVER,33,32,2,1089,2,OSLA,2,1,1,RandomPlayerConfig
-172327199,Checkers,0,GAME_OVER,39,38,2,1090,2,OSLA,2,1,1,RandomPlayerConfig
503765733,Checkers,0,GAME_OVER,43,42,2,1091,2,OSLA,2,1,1,RandomPlayerConfig
61052441,Checkers,0,GAME_OVER,33,32,2,1092,2,OSLA,2,1,1,RandomPlayerConfig
1802280096,Checkers,0,GAME_OVER,33,32,2,1093,2,OSLA,2,1,1,RandomPlayerConfig
-1356673561,Checkers,0,GAME_OVER,36,35,2,1094,2,OSLA,2,1,1,RandomPlayerConfig
1300440325,Checkers,0,GAME_OVER,37,36,2,1095,2,OSLA,2,1,1,RandomPlayerConfig
500731879,Checkers,0,GAME_OVER,50,49,2,1096,2,OSLA,2,1,1,RandomPlayerConfig
1293080270,Checkers,0,GAME_OVER,42,41,2,1097,2,OSLA,2,1,1,RandomPlayerConfig
1179290093,Checkers,0,GAME_OVER,39,38,2,1098,2,OSLA,2,1,1,RandomPlayerConfig
-403842029,Checkers,0,GAME_OVER,38,37,2,1099,2,OSLA,2,1,1,RandomPlayerConfig
1043658662,Checkers,0,GAME_OVER,57,56,2,1100,2,OSLA,2,1,1,RandomPlayerConfig
-1481614246,Checkers,0,GAME_OVER,29,28,2,1101,2,OSLA,2,1,1,RandomPlayerConfig
1059998357,Checkers,0,GAME_OVER,49,48,2,1102,2,OSLA,2,1,1,RandomPlayerConfig
-2035336489,Checkers,0,GAME_OVER,40,39,2,1103,2,OSLA,2,1,1,RandomPlayerConfig
-828189465,Checkers,0,GAME_OVER,25,24,2,1104,2,OSLA,2,1,1,RandomPlayerConfig
-1112630590,Checkers,0,GAME_OVER,39,38,2,1105,2,OSLA,2,1,1,RandomPlayerConfig
1273381618,Checkers,0,GAME_OVER,41,40,2,1106,2,OSLA,2,1,1,RandomPlayerConfig
916823542,Checkers,0,GAME_OVER,44,43,2,1107,2,OSLA,2,1,1,RandomPlayerConfig
-1188476838,Checkers,0,GAME_OVER,41,40,2,1108,2,OSLA,2,1,1,RandomPlayerConfig
-1030385106,Checkers,0,GAME_OVER,33,32,2,1109,2,OSLA,2,1,1,RandomPlayerConfig
-1695727306,Checkers,0,GAME_OVER,49,48,2,1110,2,OSLA,2,1,1,RandomPlayerConfig
1745623962,Checkers,0,GAME_OVER,43,42,2,1111,2,OSLA,2,1,1,RandomPlayerConfig
-1131907931,Checkers,0,GAME_OVER,39,38,2,1112,2,OSLA,2,1,1,RandomPlayerConfig
1879863216,Checkers,0,GAME_OVER,34,33,2,1113,2,OSLA,2,1,1,RandomPlayerConfig
28013999,Checkers,0,GAME_OVER,40,39,2,1114,2,OSLA,2,1,1,RandomPlayerConfig
-1153404590,Checkers,0,GAME_OVER,40,39,2,1115,2,OSLA,2,1,1,RandomPlayerConfig
1986699382,Checkers,0,GAME_OVER,63,62,2,1116,2,OSLA,2,1,1,RandomPlayerConfig
1137903563,Checkers,0,GAME_OVER,36,35,2,1117,2,OSLA,2,1,1,RandomPlayerConfig
-311282444,Checkers,0,GAME_OVER,54,53,2,1118,2,OSLA,2,1,1,RandomPlayerConfig
-329290698,Checkers,0,GAME_OVER,41,40,2,1119,2,OSLA,2,1,1,RandomPlayerConfig
1941759451,Checkers,0,GAME_OVER,38,37,2,1120,2,OSLA,2,1,1,RandomPlayerConfig
-1669728967,Checkers,0,GAME_OVER,33,32,2,1121,2,OSLA,2,1,1,RandomPlayerConfig
1580542299,Checkers,0,GAME_OVER,47,46,2,1122,2,OSLA,2,1,1,RandomPlayerConfig
628961102,Checkers,0,GAME_OVER,39,38,2,1123,2,OSLA,2,1,1,RandomPlayerConfig
1578304208,Checkers,0,GAME_OVER,42,41,2,1124,2,OSLA,2,1,1,RandomPlayerConfig
1521967080,Checkers,0,GAME_OVER,37,36,2,1125,2,OSLA,2,1,1,RandomPlayerConfig
-1306482771,Checkers,0,GAME_OVER,41,40,2,1126,2,OSLA,2,1,1,RandomPlayerConfig
-340722637,Checkers,0,GAME_OVER,36,35,2,1127,2,OSLA,2,1,1,RandomPlayerConfig
-1356914919,Checkers,0,GAME_OVER,38,37,2,1128,2,OSLA,2,1,1,RandomPlayerConfig
512929862,Checkers,0,GAME_OVER,44,43,2,1129,2,OSLA,2,1,1,RandomPlayerConfig
787749660,Checkers,0,GAME_OVER,31,30,2,1130,2,OSLA,2,1,1,RandomPlayerConfig
-192781833,Checkers,0,GAME_OVER,36,35,2,1131,2,OSLA,2,1,1,RandomPlayerConfig
-1702913198,Checkers,0,GAME_OVER,35,34,2,1132,2,OSLA,2,1,1,RandomPlayerConfig
-92163394,Checkers,0,GAME_OVER,40,39,2,1133,2,OSLA,2,1,1,RandomPlayerConfig
-1459438475,Checkers,0,GAME_OVER,37,36,2,1134,2,OSLA,2,1,1,RandomPlayerConfig
-507513278,Checkers,0,GAME_OVER,36,35,2,1135,2,OSLA,2,1,1,RandomPlayerConfig
-676184764,Checkers,0,GAME_OVER,37,36,2,1136,2,OSLA,2,1,1,RandomPlayerConfig
-1623855231,Checkers,0,GAME_OVER,32,31,2,1137,2,OSLA,2,1,1,RandomPlayerConfig
-2027157359,Checkers,0,GAME_OVER,39,38,2,1138,2,OSLA,2,1,1,RandomPlayerConfig
-140116804,Checkers,0,GAME_OVER,46,45,2,1139,2,OSLA,2,1,1,RandomPlayerConfig
-216183431,Checkers,0,GAME_OVER,52,51,2,1140,2,OSLA,2,1,1,RandomPlayerConfig
-1451148663,Checkers,0,GAME_OVER,38,37,2,1141,2,OSLA,2,1,1,RandomPlayerConfig
-2109691375,Checkers,0,GAME_OVER,47,46,2,1142,2,OSLA,2,1,1,RandomPlayerConfig
-826433358,Checkers,0,GAME_OVER,42,41,2,1143,2,OSLA,2,1,1,RandomPlayerConfig
-216761838,Checkers,0,GAME_OVER,33,32,2,1144,2,OSLA,2,1,1,RandomPlayerConfig
1017429978,Checkers,0,GAME_OVER,44,43,2,1145,2,OSLA,2,1,1,RandomPlayerConfig
-1537226167,Checkers,0,GAME_OVER,38,37,2,1146,2,OSLA,2,1,1,RandomPlayerConfig
507749619,Checkers,0,GAME_OVER,42,41,2,1147,2,OSLA,2,1,1,RandomPlayerConfig
-1513581865,Checkers,0,GAME_OVER,45,44,2,1148,2,OSLA,2,1,1,RandomPlayerConfig
1322127370,Checkers,0,GAME_OVER,41,40,2,1149,2,OSLA,2,1,1,RandomPlayerConfig
891551100,Checkers,0,GAME_OVER,43,42,2,1150,2,OSLA,2,1,1,RandomPlayerConfig
2138025467,Checkers,0,GAME_OVER,36,35,2,1151,2,OSLA,2,1,1,RandomPlayerConfig
1684959887,Checkers,0,GAME_OVER,27,26,2,1152,2,OSLA,2,1,1,RandomPlayerConfig
-1480986365,Checkers,0,GAME_OVER,32,31,2,1153,2,OSLA,2,1,1,RandomPlayerConfig
-650756534,Checkers,0,GAME_OVER,46,45,2,1154,2,OSLA,2,1,1,RandomPlayerConfig
1407421011,Checkers,0,GAME_OVER,43,42,2,1155,2,OSLA,2,1,1,RandomPlayerConfig
-1613059695,Checkers,0,GAME_OVER,34,33,2,1156,2,OSLA,2,1,1,RandomPlayerConfig
850196232,Checkers,0,GAME_OVER,48,47,2,1157,2,OSLA,2,1,1,RandomPlayerConfig
1515236453,Checkers,0,GAME_OVER,30,29,2,1158,2,OSLA,2,1,1,RandomPlayerConfig
1276910903,Checkers,0,GAME_OVER,29,28,2,1159,2,OSLA,2,1,1,RandomPlayerConfig
412401050,Checkers,0,GAME_OVER,42,41,2,1160,2,OSLA,2,1,1,RandomPlayerConfig
-647091723,Checkers,0,GAME_OVER,41,40,2,1161,2,OSLA,2,1,1,RandomPlayerConfig
1730282123,Checkers,0,GAME_OVER,41,40,2,1162,2,OSLA,2,1,1,RandomPlayerConfig
-869019784,Checkers,0,GAME_OVER,33,32,2,1163,2,OSLA,2,1,1,RandomPlayerConfig
1094587105,Checkers,0,GAME_OVER,32,31,2,1164,2,OSLA,2,1,1,RandomPlayerConfig
368065226,Checkers,0,GAME_OVER,32,31,2,1165,2,OSLA,2,1,1,RandomPlayerConfig
1813903280,Checkers,0,GAME_OVER,52,51,2,1166,2,OSLA,2,1,1,RandomPlayerConfig
669035172,Checkers,0,GAME_OVER,48,47,2,1167,2,OSLA,2,1,1,RandomPlayerConfig
1398133352,Checkers,0,GAME_OVER,37,36,2,1168,2,OSLA,2,1,1,RandomPlayerConfig
-132510359,Checkers,0,GAME_OVER,38,37,2,1169,2,OSLA,2,1,1,RandomPlayerConfig
777387897,Checkers,0,GAME_OVER,43,42,2,1170,2,OSLA,2,1,1,RandomPlayerConfig
1352041059,Checkers,0,GAME_OVER,31,30,2,1171,2,OSLA,2,1,1,RandomPlayerConfig
86270357,Checkers,0,GAME_OVER,38,37,2,1172,2,OSLA,2,1,1,RandomPlayerConfig
-1125672290,Checkers,0,GAME_OVER,48,47,2,1173,2,OSLA,2,1,1,RandomPlayerConfig
-2093408783,Checkers,0,GAME_OVER,34,33,2,1174,2,OSLA,2,1,1,RandomPlayerConfig
-1403531229,Checkers,0,GAME_OVER,35,34,2,1175,2,OSLA,2,1,1,RandomPlayerConfig
1496203009,Checkers,0,GAME_OVER,28,27,2,1176,2,OSLA,2,1,1,RandomPlayerConfig
-1071092128,Checkers,0,GAME_OVER,42,41,2,1177,2,OSLA,2,1,1,RandomPlayerConfig
-1026506122,Checkers,0,GAME_OVER,47,46,2,1178,2,OSLA,2,1,1,RandomPlayerConfig
-683268873,Checkers,0,GAME_OVER,37,36,2,1179,2,OSLA,2,1,1,RandomPlayerConfig
-2059970418,Checkers,0,GAME_OVER,43,42,2,1180,2,OSLA,2,1,1,RandomPlayerConfig
-1968093610,Checkers,0,GAME_OVER,38,37,2,1181,2,OSLA,2,1,1,RandomPlayerConfig
16506356,Checkers,0,GAME_OVER,31,30,2,1182,2,OSLA,2,1,1,RandomPlayerConfig
-1481812548,Checkers,0,GAME_OVER,38,37,2,1183,2,OSLA,2,1,1,RandomPlayerConfig
-1646448962,Checkers,0,GAME_OVER,33,32,2,1184,2,OSLA,2,1,1,RandomPlayerConfig
-936733540,Checkers,0,GAME_OVER,32,31,2,1185,2,OSLA,2,1,1,RandomPlayerConfig
-997676971,Checkers,0,GAME_OVER,31,30,2,1186,2,OSLA,2,1,1,RandomPlayerConfig
-363674243,Checkers,0,GAME_OVER,29,28,2,1187,2,OSLA,2,1,1,RandomPlayerConfig
1298094402,Checkers,0,GAME_OVER,34,33,2,1188,2,OSLA,2,1,1,RandomPlayerConfig
-771888442,Checkers,0,GAME_OVER,46,45,2,1189,2,OSLA,2,1,1,RandomPlayerConfig
-1675572936,Checkers,0,GAME_OVER,37,36,2,1190,2,OSLA,2,1,1,RandomPlayerConfig
-1786482152,Checkers,0,GAME_OVER,43,42,2,1191,2,OSLA,2,1,1,RandomPlayerConfig
-174898991,Checkers,0,GAME_OVER,39,38,2,1192,2,OSLA,2,1,1,RandomPlayerConfig
1149276452,Checkers,0,GAME_OVER,38,37,2,1193,2,OSLA,2,1,1,RandomPlayerConfig
1342363616,Checkers,0,GAME_OVER,49,48,2,1194,2,OSLA,2,1,1,RandomPlayerConfig
721004321,Checkers,0,GAME_OVER,31,30,2,1195,2,OSLA,2,1,1,RandomPlayerConfig
-545709509,Checkers,0,GAME_OVER,39,38,2,1196,2,OSLA,2,1,1,RandomPlayerConfig
1352257095,Checkers,0,GAME_OVER,43,42,2,1197,2,OSLA,2,1,1,RandomPlayerConfig
1874814574,Checkers,0,GAME_OVER,30,29,2,1198,2,OSLA,2,1,1,RandomPlayerConfig
1431403269,Checkers,0,GAME_OVER,36,35,2,1199,2,OSLA,2,1,1,RandomPlayerConfig
-2085245251,Checkers,0,GAME_OVER,37,36,2,1200,2,OSLA,2,1,1,RandomPlayerConfig
-2096651580,Checkers,0,GAME_OVER,37,36,2,1201,2,OSLA,2,1,1,RandomPlayerConfig
-429507769,Checkers,0,GAME_OVER,39,38,2,1202,1,RandomPlayerConfig,1,2,2,MCTS_CheckersHeuristic
1646983889,Checkers,0,GAME_OVER,46,45,2,1203,1,RandomPlayerConfig,1,2,2,MCTS_CheckersHeuristic
-1508144921,Checkers,0,GAME_OVER,41,40,2,1204,1,RandomPlayerConfig,1,2,2,MCTS_CheckersHeuristic
-298402473,Checkers,0,GAME_OVER,40,39,2,1205,1,RandomPlayerConfig,1,2,2,MCTS_CheckersHeuristic
1122538383,Checkers,0,GAME_OVER,35,34,2,1206,1,RandomPlayerConfig,1,2,2,MCTS_CheckersHeuristic
-1677878252,Checkers,0,GAME_OVER,36,35,2,1207,1,RandomPlayerConfig,1,2,2,MCTS_CheckersHeuristic
764054644,Checkers,0,GAME_OVER,30,29,2,1208,1,RandomPlayerConfig,1,2,2,MCTS_CheckersHeuristic
1612447923,Checkers,0,GAME_OVER,43,42,2,1209,1,RandomPlayerConfig,1,2,2,MCTS_CheckersHeuristic
-1766918344,Checkers,0,GAME_OVER,46,45,2,1210,1,RandomPlayerConfig,1,2,2,MCTS_CheckersHeuristic
-99200105,Checkers,0,GAME_OVER,41,40,2,1211,1,RandomPlayerConfig,1,2,2,MCTS_CheckersHeuristic
-2046769698,Checkers,0,GAME_OVER,32,31,2,1212,1,RandomPlayerConfig,1,2,2,MCTS_CheckersHeuristic
-8833104,Checkers,0,GAME_OVER,40,39,2,1213,1,RandomPlayerConfig,1,2,2,MCTS_CheckersHeuristic
2039254330,Checkers,0,GAME_OVER,29,28,2,1214,1,RandomPlayerConfig,1,2,2,MCTS_CheckersHeuristic
904154652,Checkers,0,GAME_OVER,37,36,2,1215,1,RandomPlayerConfig,1,2,2,MCTS_CheckersHeuristic
-944614563,Checkers,0,GAME_OVER,36,35,2,1216,1,RandomPlayerConfig,1,2,2,MCTS_CheckersHeuristic
1458886793,Checkers,0,GAME_OVER,41,40,2,1217,1,RandomPlayerConfig,1,2,2,MCTS_CheckersHeuristic
-133207870,Checkers,0,GAME_OVER,36,35,2,1218,1,RandomPlayerConfig,1,2,2,MCTS_CheckersHeuristic
-1726615699,Checkers,0,GAME_OVER,43,42,2,1219,1,RandomPlayerConfig,1,2,2,MCTS_CheckersHeuristic
-1502585263,Checkers,0,GAME_OVER,43,42,2,1220,1,RandomPlayerConfig,1,2,2,MCTS_CheckersHeuristic
-1700714099,Checkers,0,GAME_OVER,42,41,2,1221,1,RandomPlayerConfig,1,2,2,MCTS_CheckersHeuristic
1159122283,Checkers,0,GAME_OVER,36,35,2,1222,1,RandomPlayerConfig,1,2,2,MCTS_CheckersHeuristic
-1815440261,Checkers,0,GAME_OVER,37,36,2,1223,1,RandomPlayerConfig,1,2,2,MCTS_CheckersHeuristic
1249189018,Checkers,0,GAME_OVER,46,45,2,1224,1,RandomPlayerConfig,1,2,2,MCTS_CheckersHeuristic
1366968798,Checkers,0,GAME_OVER,37,36,2,1225,1,RandomPlayerConfig,1,2,2,MCTS_CheckersHeuristic
755827371,Checkers,0,GAME_OVER,41,40,2,1226,1,RandomPlayerConfig,1,2,2,MCTS_CheckersHeuristic
1193006025,Checkers,0,GAME_OVER,35,34,2,1227,1,RandomPlayerConfig,1,2,2,MCTS_CheckersHeuristic
-1327623385,Checkers,0,GAME_OVER,27,26,2,1228,1,RandomPlayerConfig,1,2,2,MCTS_CheckersHeuristic
-105545099,Checkers,0,GAME_OVER,39,38,2,1229,1,RandomPlayerConfig,1,2,2,MCTS_CheckersHeuristic
1982229135,Checkers,0,GAME_OVER,42,41,2,1230,1,RandomPlayerConfig,1,2,2,MCTS_CheckersHeuristic
877649930,Checkers,0,GAME_OVER,36,35,2,1231,1,RandomPlayerConfig,1,2,2,MCTS_CheckersHeuristic
-1343263283,Checkers,0,GAME_OVER,30,29,2,1232,1,RandomPlayerConfig,1,2,2,MCTS_CheckersHeuristic
700851048,Checkers,0,GAME_OVER,37,36,2,1233,1,RandomPlayerConfig,1,2,2,MCTS_CheckersHeuristic
1089392554,Checkers,0,GAME_OVER,59,58,2,1234,1,RandomPlayerConfig,1,2,2,MCTS_CheckersHeuristic
-1040387831,Checkers,0,GAME_OVER,32,31,2,1235,1,RandomPlayerConfig,1,2,2,MCTS_CheckersHeuristic
-510361511,Checkers,0,GAME_OVER,33,32,2,1236,1,RandomPlayerConfig,1,2,2,MCTS_CheckersHeuristic
863793519,Checkers,0,GAME_OVER,36,35,2,1237,1,RandomPlayerConfig,1,2,2,MCTS_CheckersHeuristic
-1282859446,Checkers,0,GAME_OVER,52,51,2,1238,1,RandomPlayerConfig,1,2,2,MCTS_CheckersHeuristic
981456584,Checkers,0,GAME_OVER,48,47,2,1239,1,RandomPlayerConfig,1,2,2,MCTS_CheckersHeuristic
1631503592,Checkers,0,GAME_OVER,38,37,2,1240,1,RandomPlayerConfig,1,2,2,MCTS_CheckersHeuristic
-1578670172,Checkers,0,GAME_OVER,42,41,2,1241,1,RandomPlayerConfig,1,2,2,MCTS_CheckersHeuristic
-7013139,Checkers,0,GAME_OVER,39,38,2,1242,1,RandomPlayerConfig,1,2,2,MCTS_CheckersHeuristic
-1197073684,Checkers,0,GAME_OVER,34,33,2,1243,1,RandomPlayerConfig,1,2,2,MCTS_CheckersHeuristic
-360322187,Checkers,0,GAME_OVER,37,36,2,1244,1,RandomPlayerConfig,1,2,2,MCTS_CheckersHeuristic
-974499447,Checkers,0,GAME_OVER,29,28,2,1245,1,RandomPlayerConfig,1,2,2,MCTS_CheckersHeuristic
435222515,Checkers,0,GAME_OVER,36,35,2,1246,1,RandomPlayerConfig,1,2,2,MCTS_CheckersHeuristic
982406231,Checkers,0,GAME_OVER,58,57,2,1247,1,RandomPlayerConfig,1,2,2,MCTS_CheckersHeuristic
-1056911694,Checkers,0,GAME_OVER,36,35,2,1248,1,RandomPlayerConfig,1,2,2,MCTS_CheckersHeuristic
-452755121,Checkers,0,GAME_OVER,34,33,2,1249,1,RandomPlayerConfig,1,2,2,MCTS_CheckersHeuristic
734475412,Checkers,0,GAME_OVER,36,35,2,1250,1,RandomPlayerConfig,1,2,2,MCTS_CheckersHeuristic
-1110994666,Checkers,0,GAME_OVER,34,33,2,1251,1,RandomPlayerConfig,1,2,2,MCTS_CheckersHeuristic
955802140,Checkers,0,GAME_OVER,45,44,2,1252,1,RandomPlayerConfig,1,2,2,MCTS_CheckersHeuristic
30516821,Checkers,0,GAME_OVER,43,42,2,1253,1,RandomPlayerConfig,1,2,2,MCTS_CheckersHeuristic
-121774317,Checkers,0,GAME_OVER,38,37,2,1254,1,RandomPlayerConfig,1,2,2,MCTS_CheckersHeuristic
-186451330,Checkers,0,GAME_OVER,42,41,2,1255,1,RandomPlayerConfig,1,2,2,MCTS_CheckersHeuristic
1762848073,Checkers,0,GAME_OVER,33,32,2,1256,1,RandomPlayerConfig,1,2,2,MCTS_CheckersHeuristic
-491157522,Checkers,0,GAME_OVER,32,31,2,1257,1,RandomPlayerConfig,1,2,2,MCTS_CheckersHeuristic
-1107048397,Checkers,0,GAME_OVER,37,36,2,1258,1,RandomPlayerConfig,1,2,2,MCTS_CheckersHeuristic
1413027729,Checkers,0,GAME_OVER,43,42,2,1259,1,RandomPlayerConfig,1,2,2,MCTS_CheckersHeuristic
-1071175548,Checkers,0,GAME_OVER,45,44,2,1260,1,RandomPlayerConfig,1,2,2,MCTS_CheckersHeuristic
954607719,Checkers,0,GAME_OVER,47,46,2,1261,1,RandomPlayerConfig,1,2,2,MCTS_CheckersHeuristic
-1400576534,Checkers,0,GAME_OVER,35,34,2,1262,1,RandomPlayerConfig,1,2,2,MCTS_CheckersHeuristic
64377253,Checkers,0,GAME_OVER,36,35,2,1263,1,RandomPlayerConfig,1,2,2,MCTS_CheckersHeuristic
88870555,Checkers,0,GAME_OVER,37,36,2,1264,1,RandomPlayerConfig,1,2,2,MCTS_CheckersHeuristic
620336199,Checkers,0,GAME_OVER,40,39,2,1265,1,RandomPlayerConfig,1,2,2,MCTS_CheckersHeuristic
1293527892,Checkers,0,GAME_OVER,40,39,2,1266,1,RandomPlayerConfig,1,2,2,MCTS_CheckersHeuristic
-1114071225,Checkers,0,GAME_OVER,30,29,2,1267,1,RandomPlayerConfig,1,2,2,MCTS_CheckersHeuristic
-734824458,Checkers,0,GAME_OVER,49,48,2,1268,1,RandomPlayerConfig,1,2,2,MCTS_CheckersHeuristic
-547036712,Checkers,0,GAME_OVER,43,42,2,1269,1,RandomPlayerConfig,1,2,2,MCTS_CheckersHeuristic
1128229866,Checkers,0,GAME_OVER,37,36,2,1270,1,RandomPlayerConfig,1,2,2,MCTS_CheckersHeuristic
-356353700,Checkers,0,GAME_OVER,35,34,2,1271,1,RandomPlayerConfig,1,2,2,MCTS_CheckersHeuristic
1915409131,Checkers,0,GAME_OVER,47,46,2,1272,1,RandomPlayerConfig,1,2,2,MCTS_CheckersHeuristic
-725474074,Checkers,0,GAME_OVER,39,38,2,1273,1,RandomPlayerConfig,1,2,2,MCTS_CheckersHeuristic
-518570509,Checkers,0,GAME_OVER,35,34,2,1274,1,RandomPlayerConfig,1,2,2,MCTS_CheckersHeuristic
31817353,Checkers,0,GAME_OVER,38,37,2,1275,1,RandomPlayerConfig,1,2,2,MCTS_CheckersHeuristic
-234975919,Checkers,0,GAME_OVER,41,40,2,1276,1,RandomPlayerConfig,1,2,2,MCTS_CheckersHeuristic
-353150266,Checkers,0,GAME_OVER,50,49,2,1277,1,RandomPlayerConfig,1,2,2,MCTS_CheckersHeuristic
1766592570,Checkers,0,GAME_OVER,28,27,2,1278,1,RandomPlayerConfig,1,2,2,MCTS_CheckersHeuristic
1732864212,Checkers,0,GAME_OVER,40,39,2,1279,1,RandomPlayerConfig,1,2,2,MCTS_CheckersHeuristic
-340655278,Checkers,0,GAME_OVER,43,42,2,1280,1,RandomPlayerConfig,1,2,2,MCTS_CheckersHeuristic
-25849191,Checkers,0,GAME_OVER,51,50,2,1281,1,RandomPlayerConfig,1,2,2,MCTS_CheckersHeuristic
945284864,Checkers,0,GAME_OVER,45,44,2,1282,1,RandomPlayerConfig,1,2,2,MCTS_CheckersHeuristic
-48612981,Checkers,0,GAME_OVER,35,34,2,1283,1,RandomPlayerConfig,1,2,2,MCTS_CheckersHeuristic
-1983445115,Checkers,0,GAME_OVER,41,40,2,1284,1,RandomPlayerConfig,1,2,2,MCTS_CheckersHeuristic
-1735928366,Checkers,0,GAME_OVER,45,44,2,1285,1,RandomPlayerConfig,1,2,2,MCTS_CheckersHeuristic
430666804,Checkers,0,GAME_OVER,48,47,2,1286,1,RandomPlayerConfig,1,2,2,MCTS_CheckersHeuristic
1609744228,Checkers,0,GAME_OVER,41,40,2,1287,1,RandomPlayerConfig,1,2,2,MCTS_CheckersHeuristic
-1511172036,Checkers,0,GAME_OVER,36,35,2,1288,1,RandomPlayerConfig,1,2,2,MCTS_CheckersHeuristic
-893807371,Checkers,0,GAME_OVER,35,34,2,1289,1,RandomPlayerConfig,1,2,2,MCTS_CheckersHeuristic
-172327199,Checkers,0,GAME_OVER,34,33,2,1290,1,RandomPlayerConfig,1,2,2,MCTS_CheckersHeuristic
503765733,Checkers,0,GAME_OVER,33,32,2,1291,1,RandomPlayerConfig,1,2,2,MCTS_CheckersHeuristic
61052441,Checkers,0,GAME_OVER,33,32,2,1292,1,RandomPlayerConfig,1,2,2,MCTS_CheckersHeuristic
1802280096,Checkers,0,GAME_OVER,51,50,2,1293,1,RandomPlayerConfig,1,2,2,MCTS_CheckersHeuristic
-1356673561,Checkers,0,GAME_OVER,43,42,2,1294,1,RandomPlayerConfig,1,2,2,MCTS_CheckersHeuristic
1300440325,Checkers,0,GAME_OVER,28,27,2,1295,1,RandomPlayerConfig,1,2,2,MCTS_CheckersHeuristic
500731879,Checkers,0,GAME_OVER,53,52,2,1296,1,RandomPlayerConfig,1,2,2,MCTS_CheckersHeuristic
1293080270,Checkers,0,GAME_OVER,39,38,2,1297,1,RandomPlayerConfig,1,2,2,MCTS_CheckersHeuristic
1179290093,Checkers,0,GAME_OVER,37,36,2,1298,1,RandomPlayerConfig,1,2,2,MCTS_CheckersHeuristic
-403842029,Checkers,0,GAME_OVER,47,46,2,1299,1,RandomPlayerConfig,1,2,2,MCTS_CheckersHeuristic
1043658662,Checkers,0,GAME_OVER,38,37,2,1300,1,RandomPlayerConfig,1,2,2,MCTS_CheckersHeuristic
-1481614246,Checkers,0,GAME_OVER,45,44,2,1301,1,RandomPlayerConfig,1,2,2,MCTS_CheckersHeuristic
1059998357,Checkers,0,GAME_OVER,35,34,2,1302,1,RandomPlayerConfig,1,2,2,MCTS_CheckersHeuristic
-2035336489,Checkers,0,GAME_OVER,39,38,2,1303,1,RandomPlayerConfig,1,2,2,MCTS_CheckersHeuristic
-828189465,Checkers,0,GAME_OVER,34,33,2,1304,1,RandomPlayerConfig,1,2,2,MCTS_CheckersHeuristic
-1112630590,Checkers,0,GAME_OVER,39,38,2,1305,1,RandomPlayerConfig,1,2,2,MCTS_CheckersHeuristic
1273381618,Checkers,0,GAME_OVER,47,46,2,1306,1,RandomPlayerConfig,1,2,2,MCTS_CheckersHeuristic
916823542,Checkers,0,GAME_OVER,40,39,2,1307,1,RandomPlayerConfig,1,2,2,MCTS_CheckersHeuristic
-1188476838,Checkers,0,GAME_OVER,40,39,2,1308,1,RandomPlayerConfig,1,2,2,MCTS_CheckersHeuristic
-1030385106,Checkers,0,GAME_OVER,41,40,2,1309,1,RandomPlayerConfig,1,2,2,MCTS_CheckersHeuristic
-1695727306,Checkers,0,GAME_OVER,36,35,2,1310,1,RandomPlayerConfig,1,2,2,MCTS_CheckersHeuristic
1745623962,Checkers,0,GAME_OVER,55,54,2,1311,1,RandomPlayerConfig,1,2,2,MCTS_CheckersHeuristic
-1131907931,Checkers,0,GAME_OVER,40,39,2,1312,1,RandomPlayerConfig,1,2,2,MCTS_CheckersHeuristic
1879863216,Checkers,0,GAME_OVER,34,33,2,1313,1,RandomPlayerConfig,1,2,2,MCTS_CheckersHeuristic
28013999,Checkers,0,GAME_OVER,37,36,2,1314,1,RandomPlayerConfig,1,2,2,MCTS_CheckersHeuristic
-1153404590,Checkers,0,GAME_OVER,31,30,2,1315,1,RandomPlayerConfig,1,2,2,MCTS_CheckersHeuristic
1986699382,Checkers,0,GAME_OVER,48,47,2,1316,1,RandomPlayerConfig,1,2,2,MCTS_CheckersHeuristic
1137903563,Checkers,0,GAME_OVER,40,39,2,1317,1,RandomPlayerConfig,1,2,2,MCTS_CheckersHeuristic
-311282444,Checkers,0,GAME_OVER,39,38,2,1318,1,RandomPlayerConfig,1,2,2,MCTS_CheckersHeuristic
-329290698,Checkers,0,GAME_OVER,45,44,2,1319,1,RandomPlayerConfig,1,2,2,MCTS_CheckersHeuristic
1941759451,Checkers,0,GAME_OVER,42,41,2,1320,1,RandomPlayerConfig,1,2,2,MCTS_CheckersHeuristic
-1669728967,Checkers,0,GAME_OVER,45,44,2,1321,1,RandomPlayerConfig,1,2,2,MCTS_CheckersHeuristic
1580542299,Checkers,0,GAME_OVER,42,41,2,1322,1,RandomPlayerConfig,1,2,2,MCTS_CheckersHeuristic
628961102,Checkers,0,GAME_OVER,38,37,2,1323,1,RandomPlayerConfig,1,2,2,MCTS_CheckersHeuristic
1578304208,Checkers,0,GAME_OVER,33,32,2,1324,1,RandomPlayerConfig,1,2,2,MCTS_CheckersHeuristic
1521967080,Checkers,0,GAME_OVER,33,32,2,1325,1,RandomPlayerConfig,1,2,2,MCTS_CheckersHeuristic
-1306482771,Checkers,0,GAME_OVER,38,37,2,1326,1,RandomPlayerConfig,1,2,2,MCTS_CheckersHeuristic
-340722637,Checkers,0,GAME_OVER,35,34,2,1327,1,RandomPlayerConfig,1,2,2,MCTS_CheckersHeuristic
-1356914919,Checkers,0,GAME_OVER,35,34,2,1328,1,RandomPlayerConfig,1,2,2,MCTS_CheckersHeuristic
512929862,Checkers,0,GAME_OVER,42,41,2,1329,1,RandomPlayerConfig,1,2,2,MCTS_CheckersHeuristic
787749660,Checkers,0,GAME_OVER,43,42,2,1330,1,RandomPlayerConfig,1,2,2,MCTS_CheckersHeuristic
-192781833,Checkers,0,GAME_OVER,42,41,2,1331,1,RandomPlayerConfig,1,2,2,MCTS_CheckersHeuristic
-1702913198,Checkers,0,GAME_OVER,39,38,2,1332,1,RandomPlayerConfig,1,2,2,MCTS_CheckersHeuristic
-92163394,Checkers,0,GAME_OVER,41,40,2,1333,1,RandomPlayerConfig,1,2,2,MCTS_CheckersHeuristic
-1459438475,Checkers,0,GAME_OVER,33,32,2,1334,1,RandomPlayerConfig,1,2,2,MCTS_CheckersHeuristic
-507513278,Checkers,0,GAME_OVER,40,39,2,1335,1,RandomPlayerConfig,1,2,2,MCTS_CheckersHeuristic
-676184764,Checkers,0,GAME_OVER,43,42,2,1336,1,RandomPlayerConfig,1,2,2,MCTS_CheckersHeuristic
-1623855231,Checkers,0,GAME_OVER,49,48,2,1337,1,RandomPlayerConfig,1,2,2,MCTS_CheckersHeuristic
-2027157359,Checkers,0,GAME_OVER,40,39,2,1338,1,RandomPlayerConfig,1,2,2,MCTS_CheckersHeuristic
-140116804,Checkers,0,GAME_OVER,39,38,2,1339,1,RandomPlayerConfig,1,2,2,MCTS_CheckersHeuristic
-216183431,Checkers,0,GAME_OVER,43,42,2,1340,1,RandomPlayerConfig,1,2,2,MCTS_CheckersHeuristic
-1451148663,Checkers,0,GAME_OVER,38,37,2,1341,1,RandomPlayerConfig,1,2,2,MCTS_CheckersHeuristic
-2109691375,Checkers,0,GAME_OVER,44,43,2,1342,1,RandomPlayerConfig,1,2,2,MCTS_CheckersHeuristic
-826433358,Checkers,0,GAME_OVER,41,40,2,1343,1,RandomPlayerConfig,1,2,2,MCTS_CheckersHeuristic
-216761838,Checkers,0,GAME_OVER,42,41,2,1344,1,RandomPlayerConfig,1,2,2,MCTS_CheckersHeuristic
1017429978,Checkers,0,GAME_OVER,38,37,2,1345,1,RandomPlayerConfig,1,2,2,MCTS_CheckersHeuristic
-1537226167,Checkers,0,GAME_OVER,41,40,2,1346,1,RandomPlayerConfig,1,2,2,MCTS_CheckersHeuristic
507749619,Checkers,0,GAME_OVER,38,37,2,1347,1,RandomPlayerConfig,1,2,2,MCTS_CheckersHeuristic
-1513581865,Checkers,0,GAME_OVER,41,40,2,1348,1,RandomPlayerConfig,1,2,2,MCTS_CheckersHeuristic
1322127370,Checkers,0,GAME_OVER,44,43,2,1349,1,RandomPlayerConfig,1,2,2,MCTS_CheckersHeuristic
891551100,Checkers,0,GAME_OVER,39,38,2,1350,1,RandomPlayerConfig,1,2,2,MCTS_CheckersHeuristic
2138025467,Checkers,0,GAME_OVER,40,39,2,1351,1,RandomPlayerConfig,1,2,2,MCTS_CheckersHeuristic
1684959887,Checkers,0,GAME_OVER,31,30,2,1352,1,RandomPlayerConfig,1,2,2,MCTS_CheckersHeuristic
-1480986365,Checkers,0,GAME_OVER,54,53,2,1353,1,RandomPlayerConfig,1,2,2,MCTS_CheckersHeuristic
-650756534,Checkers,0,GAME_OVER,40,39,2,1354,1,RandomPlayerConfig,1,2,2,MCTS_CheckersHeuristic
1407421011,Checkers,0,GAME_OVER,38,37,2,1355,1,RandomPlayerConfig,1,2,2,MCTS_CheckersHeuristic
-1613059695,Checkers,0,GAME_OVER,49,48,2,1356,1,RandomPlayerConfig,1,2,2,MCTS_CheckersHeuristic
850196232,Checkers,0,GAME_OVER,51,50,2,1357,1,RandomPlayerConfig,1,2,2,MCTS_CheckersHeuristic
1515236453,Checkers,0,GAME_OVER,36,35,2,1358,1,RandomPlayerConfig,1,2,2,MCTS_CheckersHeuristic
1276910903,Checkers,0,GAME_OVER,41,40,2,1359,1,RandomPlayerConfig,1,2,2,MCTS_CheckersHeuristic
412401050,Checkers,0,GAME_OVER,44,43,2,1360,1,RandomPlayerConfig,1,2,2,MCTS_CheckersHeuristic
-647091723,Checkers,0,GAME_OVER,50,49,2,1361,1,RandomPlayerConfig,1,2,2,MCTS_CheckersHeuristic
1730282123,Checkers,0,GAME_OVER,41,40,2,1362,1,RandomPlayerConfig,1,2,2,MCTS_CheckersHeuristic
-869019784,Checkers,0,GAME_OVER,39,38,2,1363,1,RandomPlayerConfig,1,2,2,MCTS_CheckersHeuristic
1094587105,Checkers,0,GAME_OVER,45,44,2,1364,1,RandomPlayerConfig,1,2,2,MCTS_CheckersHeuristic
368065226,Checkers,0,GAME_OVER,33,32,2,1365,1,RandomPlayerConfig,1,2,2,MCTS_CheckersHeuristic
1813903280,Checkers,0,GAME_OVER,39,38,2,1366,1,RandomPlayerConfig,1,2,2,MCTS_CheckersHeuristic
669035172,Checkers,0,GAME_OVER,39,38,2,1367,1,RandomPlayerConfig,1,2,2,MCTS_CheckersHeuristic
1398133352,Checkers,0,GAME_OVER,44,43,2,1368,1,RandomPlayerConfig,1,2,2,MCTS_CheckersHeuristic
-132510359,Checkers,0,GAME_OVER,32,31,2,1369,1,RandomPlayerConfig,1,2,2,MCTS_CheckersHeuristic
777387897,Checkers,0,GAME_OVER,36,35,2,1370,1,RandomPlayerConfig,1,2,2,MCTS_CheckersHeuristic
1352041059,Checkers,0,GAME_OVER,35,34,2,1371,1,RandomPlayerConfig,1,2,2,MCTS_CheckersHeuristic
86270357,Checkers,0,GAME_OVER,32,31,2,1372,1,RandomPlayerConfig,1,2,2,MCTS_CheckersHeuristic
-1125672290,Checkers,0,GAME_OVER,37,36,2,1373,1,RandomPlayerConfig,1,2,2,MCTS_CheckersHeuristic
-2093408783,Checkers,0,GAME_OVER,36,35,2,1374,1,RandomPlayerConfig,1,2,2,MCTS_CheckersHeuristic
-1403531229,Checkers,0,GAME_OVER,35,34,2,1375,1,RandomPlayerConfig,1,2,2,MCTS_CheckersHeuristic
1496203009,Checkers,0,GAME_OVER,45,44,2,1376,1,RandomPlayerConfig,1,2,2,MCTS_CheckersHeuristic
-1071092128,Checkers,0,GAME_OVER,43,42,2,1377,1,RandomPlayerConfig,1,2,2,MCTS_CheckersHeuristic
-1026506122,Checkers,0,GAME_OVER,41,40,2,1378,1,RandomPlayerConfig,1,2,2,MCTS_CheckersHeuristic
-683268873,Checkers,0,GAME_OVER,40,39,2,1379,1,RandomPlayerConfig,1,2,2,MCTS_CheckersHeuristic
-2059970418,Checkers,0,GAME_OVER,47,46,2,1380,1,RandomPlayerConfig,1,2,2,MCTS_CheckersHeuristic
-1968093610,Checkers,0,GAME_OVER,35,34,2,1381,1,RandomPlayerConfig,1,2,2,MCTS_CheckersHeuristic
16506356,Checkers,0,GAME_OVER,33,32,2,1382,1,RandomPlayerConfig,1,2,2,MCTS_CheckersHeuristic
-1481812548,Checkers,0,GAME_OVER,41,40,2,1383,1,RandomPlayerConfig,1,2,2,MCTS_CheckersHeuristic
-1646448962,Checkers,0,GAME_OVER,39,38,2,1384,1,RandomPlayerConfig,1,2,2,MCTS_CheckersHeuristic
-936733540,Checkers,0,GAME_OVER,39,38,2,1385,1,RandomPlayerConfig,1,2,2,MCTS_CheckersHeuristic
-997676971,Checkers,0,GAME_OVER,41,40,2,1386,1,RandomPlayerConfig,1,2,2,MCTS_CheckersHeuristic
-363674243,Checkers,0,GAME_OVER,39,38,2,1387,1,RandomPlayerConfig,1,2,2,MCTS_CheckersHeuristic
1298094402,Checkers,0,GAME_OVER,41,40,2,1388,1,RandomPlayerConfig,1,2,2,MCTS_CheckersHeuristic
-771888442,Checkers,0,GAME_OVER,39,38,2,1389,1,RandomPlayerConfig,1,2,2,MCTS_CheckersHeuristic
-1675572936,Checkers,0,GAME_OVER,39,38,2,1390,1,RandomPlayerConfig,1,2,2,MCTS_CheckersHeuristic
-1786482152,Checkers,0,GAME_OVER,37,36,2,1391,1,RandomPlayerConfig,1,2,2,MCTS_CheckersHeuristic
-174898991,Checkers,0,GAME_OVER,36,35,2,1392,1,RandomPlayerConfig,1,2,2,MCTS_CheckersHeuristic
1149276452,Checkers,0,GAME_OVER,40,39,2,1393,1,RandomPlayerConfig,1,2,2,MCTS_CheckersHeuristic
1342363616,Checkers,0,GAME_OVER,46,45,2,1394,1,RandomPlayerConfig,1,2,2,MCTS_CheckersHeuristic
721004321,Checkers,0,GAME_OVER,30,29,2,1395,1,RandomPlayerConfig,1,2,2,MCTS_CheckersHeuristic
-545709509,Checkers,0,GAME_OVER,36,35,2,1396,1,RandomPlayerConfig,1,2,2,MCTS_CheckersHeuristic
1352257095,Checkers,0,GAME_OVER,34,33,2,1397,1,RandomPlayerConfig,1,2,2,MCTS_CheckersHeuristic
1874814574,Checkers,0,GAME_OVER,37,36,2,1398,1,RandomPlayerConfig,1,2,2,MCTS_CheckersHeuristic
1431403269,Checkers,0,GAME_OVER,45,44,2,1399,1,RandomPlayerConfig,1,2,2,MCTS_CheckersHeuristic
-2085245251,Checkers,0,GAME_OVER,38,37,2,1400,1,RandomPlayerConfig,1,2,2,MCTS_CheckersHeuristic
-2096651580,Checkers,0,GAME_OVER,43,42,2,1401,1,RandomPlayerConfig,1,2,2,MCTS_CheckersHeuristic
-429507769,Checkers,0,GAME_OVER,38,37,2,1402,1,RandomPlayerConfig,1,2,2,OSLA
1646983889,Checkers,0,GAME_OVER,30,29,2,1403,1,RandomPlayerConfig,1,2,2,OSLA
-1508144921,Checkers,0,GAME_OVER,44,43,2,1404,1,RandomPlayerConfig,1,2,2,OSLA
-298402473,Checkers,0,GAME_OVER,47,46,2,1405,1,RandomPlayerConfig,1,2,2,OSLA
1122538383,Checkers,0,GAME_OVER,50,49,2,1406,1,RandomPlayerConfig,1,2,2,OSLA
-1677878252,Checkers,0,GAME_OVER,49,48,2,1407,1,RandomPlayerConfig,1,2,2,OSLA
764054644,Checkers,0,GAME_OVER,37,36,2,1408,1,RandomPlayerConfig,1,2,2,OSLA
1612447923,Checkers,0,GAME_OVER,43,42,2,1409,1,RandomPlayerConfig,1,2,2,OSLA
-1766918344,Checkers,0,GAME_OVER,47,46,2,1410,1,RandomPlayerConfig,1,2,2,OSLA
-99200105,Checkers,0,GAME_OVER,43,42,2,1411,1,RandomPlayerConfig,1,2,2,OSLA
-2046769698,Checkers,0,GAME_OVER,33,32,2,1412,1,RandomPlayerConfig,1,2,2,OSLA
-8833104,Checkers,0,GAME_OVER,28,27,2,1413,1,RandomPlayerConfig,1,2,2,OSLA
2039254330,Checkers,0,GAME_OVER,34,33,2,1414,1,RandomPlayerConfig,1,2,2,OSLA
904154652,Checkers,0,GAME_OVER,34,33,2,1415,1,RandomPlayerConfig,1,2,2,OSLA
-944614563,Checkers,0,GAME_OVER,36,35,2,1416,1,RandomPlayerConfig,1,2,2,OSLA
1458886793,Checkers,0,GAME_OVER,31,30,2,1417,1,RandomPlayerConfig,1,2,2,OSLA
-133207870,Checkers,0,GAME_OVER,42,41,2,1418,1,RandomPlayerConfig,1,2,2,OSLA
-1726615699,Checkers,0,GAME_OVER,41,40,2,1419,1,RandomPlayerConfig,1,2,2,OSLA
-1502585263,Checkers,0,GAME_OVER,35,34,2,1420,1,RandomPlayerConfig,1,2,2,OSLA
-1700714099,Checkers,0,GAME_OVER,36,35,2,1421,1,RandomPlayerConfig,1,2,2,OSLA
1159122283,Checkers,0,GAME_OVER,41,40,2,1422,1,RandomPlayerConfig,1,2,2,OSLA
-1815440261,Checkers,0,GAME_OVER,41,40,2,1423,1,RandomPlayerConfig,1,2,2,OSLA
1249189018,Checkers,0,GAME_OVER,38,37,2,1424,1,RandomPlayerConfig,1,2,2,OSLA
1366968798,Checkers,0,GAME_OVER,37,36,2,1425,1,RandomPlayerConfig,1,2,2,OSLA
755827371,Checkers,0,GAME_OVER,36,35,2,1426,1,RandomPlayerConfig,1,2,2,OSLA
1193006025,Checkers,0,GAME_OVER,59,58,2,1427,1,RandomPlayerConfig,1,2,2,OSLA
-1327623385,Checkers,0,GAME_OVER,37,36,2,1428,1,RandomPlayerConfig,1,2,2,OSLA
-105545099,Checkers,0,GAME_OVER,45,44,2,1429,1,RandomPlayerConfig,1,2,2,OSLA
1982229135,Checkers,0,GAME_OVER,39,38,2,1430,1,RandomPlayerConfig,1,2,2,OSLA
877649930,Checkers,0,GAME_OVER,35,34,2,1431,1,RandomPlayerConfig,1,2,2,OSLA
-1343263283,Checkers,0,GAME_OVER,35,34,2,1432,1,RandomPlayerConfig,1,2,2,OSLA
700851048,Checkers,0,GAME_OVER,37,36,2,1433,1,RandomPlayerConfig,1,2,2,OSLA
1089392554,Checkers,0,GAME_OVER,28,27,2,1434,1,RandomPlayerConfig,1,2,2,OSLA
-1040387831,Checkers,0,GAME_OVER,45,44,2,1435,1,RandomPlayerConfig,1,2,2,OSLA
-510361511,Checkers,0,GAME_OVER,43,42,2,1436,1,RandomPlayerConfig,1,2,2,OSLA
863793519,Checkers,0,GAME_OVER,38,37,2,1437,1,RandomPlayerConfig,1,2,2,OSLA
-1282859446,Checkers,0,GAME_OVER,38,37,2,1438,1,RandomPlayerConfig,1,2,2,OSLA
981456584,Checkers,0,GAME_OVER,42,41,2,1439,1,RandomPlayerConfig,1,2,2,OSLA
1631503592,Checkers,0,GAME_OVER,52,51,2,1440,1,RandomPlayerConfig,1,2,2,OSLA
-1578670172,Checkers,0,GAME_OVER,42,41,2,1441,1,RandomPlayerConfig,1,2,2,OSLA
-7013139,Checkers,0,GAME_OVER,32,31,2,1442,1,RandomPlayerConfig,1,2,2,OSLA
-1197073684,Checkers,0,GAME_OVER,45,44,2,1443,1,RandomPlayerConfig,1,2,2,OSLA
-360322187,Checkers,0,GAME_OVER,34,33,2,1444,1,RandomPlayerConfig,1,2,2,OSLA
-974499447,Checkers,0,GAME_OVER,30,29,2,1445,1,RandomPlayerConfig,1,2,2,OSLA
435222515,Checkers,0,GAME_OVER,31,30,2,1446,1,RandomPlayerConfig,1,2,2,OSLA
982406231,Checkers,0,GAME_OVER,44,43,2,1447,1,RandomPlayerConfig,1,2,2,OSLA
-1056911694,Checkers,0,GAME_OVER,43,42,2,1448,1,RandomPlayerConfig,1,2,2,OSLA
-452755121,Checkers,0,GAME_OVER,34,33,2,1449,1,RandomPlayerConfig,1,2,2,OSLA
734475412,Checkers,0,GAME_OVER,38,37,2,1450,1,RandomPlayerConfig,1,2,2,OSLA
-1110994666,Checkers,0,GAME_OVER,33,32,2,1451,1,RandomPlayerConfig,1,2,2,OSLA
955802140,Checkers,0,GAME_OVER,32,31,2,1452,1,RandomPlayerConfig,1,2,2,OSLA
30516821,Checkers,0,GAME_OVER,39,38,2,1453,1,RandomPlayerConfig,1,2,2,OSLA
-121774317,Checkers,0,GAME_OVER,44,43,2,1454,1,RandomPlayerConfig,1,2,2,OSLA
-186451330,Checkers,0,GAME_OVER,43,42,2,1455,1,RandomPlayerConfig,1,2,2,OSLA
1762848073,Checkers,0,GAME_OVER,31,30,2,1456,1,RandomPlayerConfig,1,2,2,OSLA
-491157522,Checkers,0,GAME_OVER,41,40,2,1457,1,RandomPlayerConfig,1,2,2,OSLA
-1107048397,Checkers,0,GAME_OVER,35,34,2,1458,1,RandomPlayerConfig,1,2,2,OSLA
1413027729,Checkers,0,GAME_OVER,41,40,2,1459,1,RandomPlayerConfig,1,2,2,OSLA
-1071175548,Checkers,0,GAME_OVER,40,39,2,1460,1,RandomPlayerConfig,1,2,2,OSLA
954607719,Checkers,0,GAME_OVER,50,49,2,1461,1,RandomPlayerConfig,1,2,2,OSLA
-1400576534,Checkers,0,GAME_OVER,36,35,2,1462,1,RandomPlayerConfig,1,2,2,OSLA
64377253,Checkers,0,GAME_OVER,35,34,2,1463,1,RandomPlayerConfig,1,2,2,OSLA
88870555,Checkers,0,GAME_OVER,38,37,2,1464,1,RandomPlayerConfig,1,2,2,OSLA
620336199,Checkers,0,GAME_OVER,40,39,2,1465,1,RandomPlayerConfig,1,2,2,OSLA
1293527892,Checkers,0,GAME_OVER,39,38,2,1466,1,RandomPlayerConfig,1,2,2,OSLA
-1114071225,Checkers,0,GAME_OVER,35,34,2,1467,1,RandomPlayerConfig,1,2,2,OSLA
-734824458,Checkers,0,GAME_OVER,34,33,2,1468,1,RandomPlayerConfig,1,2,2,OSLA
-547036712,Checkers,0,GAME_OVER,35,34,2,1469,1,RandomPlayerConfig,1,2,2,OSLA
1128229866,Checkers,0,GAME_OVER,33,32,2,1470,1,RandomPlayerConfig,1,2,2,OSLA
-356353700,Checkers,0,GAME_OVER,39,38,2,1471,1,RandomPlayerConfig,1,2,2,OSLA
1915409131,Checkers,0,GAME_OVER,28,27,2,1472,1,RandomPlayerConfig,1,2,2,OSLA
-725474074,Checkers,0,GAME_OVER,31,30,2,1473,1,RandomPlayerConfig,1,2,2,OSLA
-518570509,Checkers,0,GAME_OVER,35,34,2,1474,1,RandomPlayerConfig,1,2,2,OSLA
31817353,Checkers,0,GAME_OVER,40,39,2,1475,1,RandomPlayerConfig,1,2,2,OSLA
-234975919,Checkers,0,GAME_OVER,39,38,2,1476,1,RandomPlayerConfig,1,2,2,OSLA
-353150266,Checkers,0,GAME_OVER,31,30,2,1477,1,RandomPlayerConfig,1,2,2,OSLA
1766592570,Checkers,0,GAME_OVER,36,35,2,1478,1,RandomPlayerConfig,1,2,2,OSLA
1732864212,Checkers,0,GAME_OVER,38,37,2,1479,1,RandomPlayerConfig,1,2,2,OSLA
-340655278,Checkers,0,GAME_OVER,37,36,2,1480,1,RandomPlayerConfig,1,2,2,OSLA
-25849191,Checkers,0,GAME_OVER,32,31,2,1481,1,RandomPlayerConfig,1,2,2,OSLA
945284864,Checkers,0,GAME_OVER,34,33,2,1482,1,RandomPlayerConfig,1,2,2,OSLA
-48612981,Checkers,0,GAME_OVER,44,43,2,1483,1,RandomPlayerConfig,1,2,2,OSLA
-1983445115,Checkers,0,GAME_OVER,31,30,2,1484,1,RandomPlayerConfig,1,2,2,OSLA
-1735928366,Checkers,0,GAME_OVER,35,34,2,1485,1,RandomPlayerConfig,1,2,2,OSLA
430666804,Checkers,0,GAME_OVER,40,39,2,1486,1,RandomPlayerConfig,1,2,2,OSLA
1609744228,Checkers,0,GAME_OVER,41,40,2,1487,1,RandomPlayerConfig,1,2,2,OSLA
-1511172036,Checkers,0,GAME_OVER,41,40,2,1488,1,RandomPlayerConfig,1,2,2,OSLA
-893807371,Checkers,0,GAME_OVER,40,39,2,1489,1,RandomPlayerConfig,1,2,2,OSLA
-172327199,Checkers,0,GAME_OVER,30,29,2,1490,1,RandomPlayerConfig,1,2,2,OSLA
503765733,Checkers,0,GAME_OVER,32,31,2,1491,1,RandomPlayerConfig,1,2,2,OSLA
61052441,Checkers,0,GAME_OVER,43,42,2,1492,1,RandomPlayerConfig,1,2,2,OSLA
1802280096,Checkers,0,GAME_OVER,42,41,2,1493,1,RandomPlayerConfig,1,2,2,OSLA
-1356673561,Checkers,0,GAME_OVER,44,43,2,1494,1,RandomPlayerConfig,1,2,2,OSLA
1300440325,Checkers,0,GAME_OVER,46,45,2,1495,1,RandomPlayerConfig,1,2,2,OSLA
500731879,Checkers,0,GAME_OVER,45,44,2,1496,1,RandomPlayerConfig,1,2,2,OSLA
1293080270,Checkers,0,GAME_OVER,31,30,2,1497,1,RandomPlayerConfig,1,2,2,OSLA
1179290093,Checkers,0,GAME_OVER,51,50,2,1498,1,RandomPlayerConfig,1,2,2,OSLA
-403842029,Checkers,0,GAME_OVER,45,44,2,1499,1,RandomPlayerConfig,1,2,2,OSLA
1043658662,Checkers,0,GAME_OVER,37,36,2,1500,1,RandomPlayerConfig,1,2,2,OSLA
-1481614246,Checkers,0,GAME_OVER,57,56,2,1501,1,RandomPlayerConfig,1,2,2,OSLA
1059998357,Checkers,0,GAME_OVER,43,42,2,1502,1,RandomPlayerConfig,1,2,2,OSLA
-2035336489,Checkers,0,GAME_OVER,57,56,2,1503,1,RandomPlayerConfig,1,2,2,OSLA
-828189465,Checkers,0,GAME_OVER,38,37,2,1504,1,RandomPlayerConfig,1,2,2,OSLA
-1112630590,Checkers,0,GAME_OVER,36,35,2,1505,1,RandomPlayerConfig,1,2,2,OSLA
1273381618,Checkers,0,GAME_OVER,41,40,2,1506,1,RandomPlayerConfig,1,2,2,OSLA
916823542,Checkers,0,GAME_OVER,34,33,2,1507,1,RandomPlayerConfig,1,2,2,OSLA
-1188476838,Checkers,0,GAME_OVER,37,36,2,1508,1,RandomPlayerConfig,1,2,2,OSLA
-1030385106,Checkers,0,GAME_OVER,42,41,2,1509,1,RandomPlayerConfig,1,2,2,OSLA
-1695727306,Checkers,0,GAME_OVER,39,38,2,1510,1,RandomPlayerConfig,1,2,2,OSLA
1745623962,Checkers,0,GAME_OVER,36,35,2,1511,1,RandomPlayerConfig,1,2,2,OSLA
-1131907931,Checkers,0,GAME_OVER,34,33,2,1512,1,RandomPlayerConfig,1,2,2,OSLA
1879863216,Checkers,0,GAME_OVER,32,31,2,1513,1,RandomPlayerConfig,1,2,2,OSLA
28013999,Checkers,0,GAME_OVER,33,32,2,1514,1,RandomPlayerConfig,1,2,2,OSLA
-1153404590,Checkers,0,GAME_OVER,41,40,2,1515,1,RandomPlayerConfig,1,2,2,OSLA
1986699382,Checkers,0,GAME_OVER,40,39,2,1516,1,RandomPlayerConfig,1,2,2,OSLA
1137903563,Checkers,0,GAME_OVER,44,43,2,1517,1,RandomPlayerConfig,1,2,2,OSLA
-311282444,Checkers,0,GAME_OVER,42,41,2,1518,1,RandomPlayerConfig,1,2,2,OSLA
-329290698,Checkers,0,GAME_OVER,38,37,2,1519,1,RandomPlayerConfig,1,2,2,OSLA
1941759451,Checkers,0,GAME_OVER,42,41,2,1520,1,RandomPlayerConfig,1,2,2,OSLA
-1669728967,Checkers,0,GAME_OVER,40,39,2,1521,1,RandomPlayerConfig,1,2,2,OSLA
1580542299,Checkers,0,GAME_OVER,35,34,2,1522,1,RandomPlayerConfig,1,2,2,OSLA
628961102,Checkers,0,GAME_OVER,44,43,2,1523,1,RandomPlayerConfig,1,2,2,OSLA
1578304208,Checkers,0,GAME_OVER,54,53,2,1524,1,RandomPlayerConfig,1,2,2,OSLA
1521967080,Checkers,0,GAME_OVER,33,32,2,1525,1,RandomPlayerConfig,1,2,2,OSLA
-1306482771,Checkers,0,GAME_OVER,38,37,2,1526,1,RandomPlayerConfig,1,2,2,OSLA
-340722637,Checkers,0,GAME_OVER,38,37,2,1527,1,RandomPlayerConfig,1,2,2,OSLA
-1356914919,Checkers,0,GAME_OVER,36,35,2,1528,1,RandomPlayerConfig,1,2,2,OSLA
512929862,Checkers,0,GAME_OVER,39,38,2,1529,1,RandomPlayerConfig,1,2,2,OSLA
787749660,Checkers,0,GAME_OVER,38,37,2,1530,1,RandomPlayerConfig,1,2,2,OSLA
-192781833,Checkers,0,GAME_OVER,35,34,2,1531,1,RandomPlayerConfig,1,2,2,OSLA
-1702913198,Checkers,0,GAME_OVER,42,41,2,1532,1,RandomPlayerConfig,1,2,2,OSLA
-92163394,Checkers,0,GAME_OVER,42,41,2,1533,1,RandomPlayerConfig,1,2,2,OSLA
-1459438475,Checkers,0,GAME_OVER,31,30,2,1534,1,RandomPlayerConfig,1,2,2,OSLA
-507513278,Checkers,0,GAME_OVER,49,48,2,1535,1,RandomPlayerConfig,1,2,2,OSLA
-676184764,Checkers,0,GAME_OVER,38,37,2,1536,1,RandomPlayerConfig,1,2,2,OSLA
-1623855231,Checkers,0,GAME_OVER,38,37,2,1537,1,RandomPlayerConfig,1,2,2,OSLA
-2027157359,Checkers,0,GAME_OVER,41,40,2,1538,1,RandomPlayerConfig,1,2,2,OSLA
-140116804,Checkers,0,GAME_OVER,46,45,2,1539,1,RandomPlayerConfig,1,2,2,OSLA
-216183431,Checkers,0,GAME_OVER,37,36,2,1540,1,RandomPlayerConfig,1,2,2,OSLA
-1451148663,Checkers,0,GAME_OVER,24,23,2,1541,1,RandomPlayerConfig,1,2,2,OSLA
-2109691375,Checkers,0,GAME_OVER,34,33,2,1542,1,RandomPlayerConfig,1,2,2,OSLA
-826433358,Checkers,0,GAME_OVER,31,30,2,1543,1,RandomPlayerConfig,1,2,2,OSLA
-216761838,Checkers,0,GAME_OVER,50,49,2,1544,1,RandomPlayerConfig,1,2,2,OSLA
1017429978,Checkers,0,GAME_OVER,46,45,2,1545,1,RandomPlayerConfig,1,2,2,OSLA
-1537226167,Checkers,0,GAME_OVER,35,34,2,1546,1,RandomPlayerConfig,1,2,2,OSLA
507749619,Checkers,0,GAME_OVER,44,43,2,1547,1,RandomPlayerConfig,1,2,2,OSLA
-1513581865,Checkers,0,GAME_OVER,48,47,2,1548,1,RandomPlayerConfig,1,2,2,OSLA
1322127370,Checkers,0,GAME_OVER,25,24,2,1549,1,RandomPlayerConfig,1,2,2,OSLA
891551100,Checkers,0,GAME_OVER,40,39,2,1550,1,RandomPlayerConfig,1,2,2,OSLA
2138025467,Checkers,0,GAME_OVER,37,36,2,1551,1,RandomPlayerConfig,1,2,2,OSLA
1684959887,Checkers,0,GAME_OVER,37,36,2,1552,1,RandomPlayerConfig,1,2,2,OSLA
-1480986365,Checkers,0,GAME_OVER,55,54,2,1553,1,RandomPlayerConfig,1,2,2,OSLA
-650756534,Checkers,0,GAME_OVER,37,36,2,1554,1,RandomPlayerConfig,1,2,2,OSLA
1407421011,Checkers,0,GAME_OVER,34,33,2,1555,1,RandomPlayerConfig,1,2,2,OSLA
-1613059695,Checkers,0,GAME_OVER,42,41,2,1556,1,RandomPlayerConfig,1,2,2,OSLA
850196232,Checkers,0,GAME_OVER,35,34,2,1557,1,RandomPlayerConfig,1,2,2,OSLA
1515236453,Checkers,0,GAME_OVER,36,35,2,1558,1,RandomPlayerConfig,1,2,2,OSLA
1276910903,Checkers,0,GAME_OVER,43,42,2,1559,1,RandomPlayerConfig,1,2,2,OSLA
412401050,Checkers,0,GAME_OVER,37,36,2,1560,1,RandomPlayerConfig,1,2,2,OSLA
-647091723,Checkers,0,GAME_OVER,32,31,2,1561,1,RandomPlayerConfig,1,2,2,OSLA
1730282123,Checkers,0,GAME_OVER,39,38,2,1562,1,RandomPlayerConfig,1,2,2,OSLA
-869019784,Checkers,0,GAME_OVER,32,31,2,1563,1,RandomPlayerConfig,1,2,2,OSLA
1094587105,Checkers,0,GAME_OVER,31,30,2,1564,1,RandomPlayerConfig,1,2,2,OSLA
368065226,Checkers,0,GAME_OVER,40,39,2,1565,1,RandomPlayerConfig,1,2,2,OSLA
1813903280,Checkers,0,GAME_OVER,35,34,2,1566,1,RandomPlayerConfig,1,2,2,OSLA
669035172,Checkers,0,GAME_OVER,36,35,2,1567,1,RandomPlayerConfig,1,2,2,OSLA
1398133352,Checkers,0,GAME_OVER,36,35,2,1568,1,RandomPlayerConfig,1,2,2,OSLA
-132510359,Checkers,0,GAME_OVER,40,39,2,1569,1,RandomPlayerConfig,1,2,2,OSLA
777387897,Checkers,0,GAME_OVER,41,40,2,1570,1,RandomPlayerConfig,1,2,2,OSLA
1352041059,Checkers,0,GAME_OVER,40,39,2,1571,1,RandomPlayerConfig,1,2,2,OSLA
86270357,Checkers,0,GAME_OVER,37,36,2,1572,1,RandomPlayerConfig,1,2,2,OSLA
-1125672290,Checkers,0,GAME_OVER,47,46,2,1573,1,RandomPlayerConfig,1,2,2,OSLA
-2093408783,Checkers,0,GAME_OVER,42,41,2,1574,1,RandomPlayerConfig,1,2,2,OSLA
-1403531229,Checkers,0,GAME_OVER,41,40,2,1575,1,RandomPlayerConfig,1,2,2,OSLA
1496203009,Checkers,0,GAME_OVER,41,40,2,1576,1,RandomPlayerConfig,1,2,2,OSLA
-1071092128,Checkers,0,GAME_OVER,49,48,2,1577,1,RandomPlayerConfig,1,2,2,OSLA
-1026506122,Checkers,0,GAME_OVER,42,41,2,1578,1,RandomPlayerConfig,1,2,2,OSLA
-683268873,Checkers,0,GAME_OVER,42,41,2,1579,1,RandomPlayerConfig,1,2,2,OSLA
-2059970418,Checkers,0,GAME_OVER,38,37,2,1580,1,RandomPlayerConfig,1,2,2,OSLA
-1968093610,Checkers,0,GAME_OVER,38,37,2,1581,1,RandomPlayerConfig,1,2,2,OSLA
16506356,Checkers,0,GAME_OVER,38,37,2,1582,1,RandomPlayerConfig,1,2,2,OSLA
-1481812548,Checkers,0,GAME_OVER,34,33,2,1583,1,RandomPlayerConfig,1,2,2,OSLA
-1646448962,Checkers,0,GAME_OVER,42,41,2,1584,1,RandomPlayerConfig,1,2,2,OSLA
-936733540,Checkers,0,GAME_OVER,34,33,2,1585,1,RandomPlayerConfig,1,2,2,OSLA
-997676971,Checkers,0,GAME_OVER,47,46,2,1586,1,RandomPlayerConfig,1,2,2,OSLA
-363674243,Checkers,0,GAME_OVER,48,47,2,1587,1,RandomPlayerConfig,1,2,2,OSLA
1298094402,Checkers,0,GAME_OVER,46,45,2,1588,1,RandomPlayerConfig,1,2,2,OSLA
-771888442,Checkers,0,GAME_OVER,64,63,2,1589,1,RandomPlayerConfig,1,2,2,OSLA
-1675572936,Checkers,0,GAME_OVER,32,31,2,1590,1,RandomPlayerConfig,1,2,2,OSLA
-1786482152,Checkers,0,GAME_OVER,42,41,2,1591,1,RandomPlayerConfig,1,2,2,OSLA
-174898991,Checkers,0,GAME_OVER,32,31,2,1592,1,RandomPlayerConfig,1,2,2,OSLA
1149276452,Checkers,0,GAME_OVER,32,31,2,1593,1,RandomPlayerConfig,1,2,2,OSLA
1342363616,Checkers,0,GAME_OVER,44,43,2,1594,1,RandomPlayerConfig,1,2,2,OSLA
721004321,Checkers,0,GAME_OVER,60,59,2,1595,1,RandomPlayerConfig,1,2,2,OSLA
-545709509,Checkers,0,GAME_OVER,39,38,2,1596,1,RandomPlayerConfig,1,2,2,OSLA
1352257095,Checkers,0,GAME_OVER,28,27,2,1597,1,RandomPlayerConfig,1,2,2,OSLA
1874814574,Checkers,0,GAME_OVER,41,40,2,1598,1,RandomPlayerConfig,1,2,2,OSLA
1431403269,Checkers,0,GAME_OVER,46,45,2,1599,1,RandomPlayerConfig,1,2,2,OSLA
-2085245251,Checkers,0,GAME_OVER,44,43,2,1600,1,RandomPlayerConfig,1,2,2,OSLA
-2096651580,Checkers,0,GAME_OVER,36,35,2,1601,1,RandomPlayerConfig,1,2,2,OSLA
-429507769,Checkers,0,GAME_OVER,48,47,2,1602,2,RandomPlayerConfig,2,1,1,RandomPlayerConfig
1646983889,Checkers,0,GAME_OVER,45,44,2,1603,1,RandomPlayerConfig,1,2,2,RandomPlayerConfig
-1508144921,Checkers,0,GAME_OVER,60,59,2,1604,1,RandomPlayerConfig,1,2,2,RandomPlayerConfig
-298402473,Checkers,0,GAME_OVER,67,66,2,1605,2,RandomPlayerConfig,2,1,1,RandomPlayerConfig
1122538383,Checkers,0,GAME_OVER,48,47,2,1606,2,RandomPlayerConfig,2,1,1,RandomPlayerConfig
-1677878252,Checkers,0,GAME_OVER,48,47,2,1607,2,RandomPlayerConfig,2,1,1,RandomPlayerConfig
764054644,Checkers,0,GAME_OVER,44,43,2,1608,1,RandomPlayerConfig,1,2,2,RandomPlayerConfig
1612447923,Checkers,0,GAME_OVER,67,66,2,1609,1,RandomPlayerConfig,1,2,2,RandomPlayerConfig
-1766918344,Checkers,0,GAME_OVER,60,59,2,1610,2,RandomPlayerConfig,2,1,1,RandomPlayerConfig
-99200105,Checkers,0,GAME_OVER,29,28,2,1611,1,RandomPlayerConfig,1,2,2,RandomPlayerConfig
-2046769698,Checkers,0,GAME_OVER,54,53,2,1612,1,RandomPlayerConfig,1,2,2,RandomPlayerConfig
-8833104,Checkers,0,GAME_OVER,63,62,2,1613,2,RandomPlayerConfig,2,1,1,RandomPlayerConfig
2039254330,Checkers,0,GAME_OVER,66,65,2,1614,1,RandomPlayerConfig,1,2,2,RandomPlayerConfig
904154652,Checkers,0,GAME_OVER,33,32,2,1615,1,RandomPlayerConfig,1,2,2,RandomPlayerConfig
-944614563,Checkers,0,GAME_OVER,55,54,2,1616,1,RandomPlayerConfig,1,2,2,RandomPlayerConfig
1458886793,Checkers,0,GAME_OVER,40,39,2,1617,2,RandomPlayerConfig,2,1,1,RandomPlayerConfig
-133207870,Checkers,0,GAME_OVER,77,76,2,1618,2,RandomPlayerConfig,2,1,1,RandomPlayerConfig
-1726615699,Checkers,0,GAME_OVER,57,56,2,1619,1,RandomPlayerConfig,1,2,2,RandomPlayerConfig
-1502585263,Checkers,0,GAME_OVER,66,65,2,1620,1,RandomPlayerConfig,1,2,2,RandomPlayerConfig
-1700714099,Checkers,0,GAME_OVER,48,47,2,1621,1,RandomPlayerConfig,1,2,2,RandomPlayerConfig
1159122283,Checkers,0,GAME_OVER,60,59,2,1622,1,RandomPlayerConfig,1,2,2,RandomPlayerConfig
-1815440261,Checkers,0,GAME_OVER,62,61,2,1623,2,RandomPlayerConfig,2,1,1,RandomPlayerConfig
1249189018,Checkers,0,GAME_OVER,40,39,2,1624,1,RandomPlayerConfig,1,2,2,RandomPlayerConfig
1366968798,Checkers,0,GAME_OVER,49,48,2,1625,2,RandomPlayerConfig,2,1,1,RandomPlayerConfig
755827371,Checkers,0,GAME_OVER,34,33,2,1626,1,RandomPlayerConfig,1,2,2,RandomPlayerConfig
1193006025,Checkers,0,GAME_OVER,36,35,2,1627,1,RandomPlayerConfig,1,2,2,RandomPlayerConfig
-1327623385,Checkers,0,GAME_OVER,42,41,2,1628,1,RandomPlayerConfig,1,2,2,RandomPlayerConfig
-105545099,Checkers,0,GAME_OVER,44,43,2,1629,1,RandomPlayerConfig,1,2,2,RandomPlayerConfig
1982229135,Checkers,0,GAME_OVER,44,43,2,1630,2,RandomPlayerConfig,2,1,1,RandomPlayerConfig
877649930,Checkers,0,GAME_OVER,41,40,2,1631,1,RandomPlayerConfig,1,2,2,RandomPlayerConfig
-1343263283,Checkers,0,GAME_OVER,39,38,2,1632,1,RandomPlayerConfig,1,2,2,RandomPlayerConfig
700851048,Checkers,0,GAME_OVER,43,42,2,1633,2,RandomPlayerConfig,2,1,1,RandomPlayerConfig
1089392554,Checkers,0,GAME_OVER,47,46,2,1634,2,RandomPlayerConfig,2,1,1,RandomPlayerConfig
-1040387831,Checkers,0,GAME_OVER,59,58,2,1635,2,RandomPlayerConfig,2,1,1,RandomPlayerConfig
-510361511,Checkers,0,GAME_OVER,45,44,2,1636,2,RandomPlayerConfig,2,1,1,RandomPlayerConfig
863793519,Checkers,0,GAME_OVER,51,50,2,1637,2,RandomPlayerConfig,2,1,1,RandomPlayerConfig
-1282859446,Checkers,0,GAME_OVER,53,52,2,1638,1,RandomPlayerConfig,1,2,2,RandomPlayerConfig
981456584,Checkers,0,GAME_OVER,75,74,2,1639,1,RandomPlayerConfig,1,2,2,RandomPlayerConfig
1631503592,Checkers,0,GAME_OVER,36,35,2,1640,1,RandomPlayerConfig,1,2,2,RandomPlayerConfig
-1578670172,Checkers,0,GAME_OVER,63,62,2,1641,2,RandomPlayerConfig,2,1,1,RandomPlayerConfig
-7013139,Checkers,0,GAME_OVER,44,43,2,1642,2,RandomPlayerConfig,2,1,1,RandomPlayerConfig
-1197073684,Checkers,0,GAME_OVER,50,49,2,1643,1,RandomPlayerConfig,1,2,2,RandomPlayerConfig
-360322187,Checkers,0,GAME_OVER,36,35,2,1644,1,RandomPlayerConfig,1,2,2,RandomPlayerConfig
-974499447,Checkers,0,GAME_OVER,70,69,2,1645,2,RandomPlayerConfig,2,1,1,RandomPlayerConfig
435222515,Checkers,0,GAME_OVER,37,36,2,1646,2,RandomPlayerConfig,2,1,1,RandomPlayerConfig
982406231,Checkers,0,GAME_OVER,47,46,2,1647,2,RandomPlayerConfig,2,1,1,RandomPlayerConfig
-1056911694,Checkers,0,GAME_OVER,48,47,2,1648,2,RandomPlayerConfig,2,1,1,RandomPlayerConfig
-452755121,Checkers,0,GAME_OVER,42,41,2,1649,2,RandomPlayerConfig,2,1,1,RandomPlayerConfig
734475412,Checkers,0,GAME_OVER,63,62,2,1650,1,RandomPlayerConfig,1,2,2,RandomPlayerConfig
-1110994666,Checkers,0,GAME_OVER,52,51,2,1651,1,RandomPlayerConfig,1,2,2,RandomPlayerConfig
955802140,Checkers,0,GAME_OVER,40,39,2,1652,2,RandomPlayerConfig,2,1,1,RandomPlayerConfig
30516821,Checkers,0,GAME_OVER,59,58,2,1653,1,RandomPlayerConfig,1,2,2,RandomPlayerConfig
-121774317,Checkers,0,GAME_OVER,41,40,2,1654,1,RandomPlayerConfig,1,2,2,RandomPlayerConfig
-186451330,Checkers,0,GAME_OVER,38,37,2,1655,1,RandomPlayerConfig,1,2,2,RandomPlayerConfig
1762848073,Checkers,0,GAME_OVER,44,43,2,1656,2,RandomPlayerConfig,2,1,1,RandomPlayerConfig
-491157522,Checkers,0,GAME_OVER,42,41,2,1657,1,RandomPlayerConfig,1,2,2,RandomPlayerConfig
-1107048397,Checkers,0,GAME_OVER,61,60,2,1658,1,RandomPlayerConfig,1,2,2,RandomPlayerConfig
1413027729,Checkers,0,GAME_OVER,69,68,2,1659,2,RandomPlayerConfig,2,1,1,RandomPlayerConfig
-1071175548,Checkers,0,GAME_OVER,73,72,2,1660,2,RandomPlayerConfig,2,1,1,RandomPlayerConfig
954607719,Checkers,0,GAME_OVER,68,67,2,1661,1,RandomPlayerConfig,1,2,2,RandomPlayerConfig
-1400576534,Checkers,0,GAME_OVER,33,32,2,1662,1,RandomPlayerConfig,1,2,2,RandomPlayerConfig
64377253,Checkers,0,GAME_OVER,66,65,2,1663,2,RandomPlayerConfig,2,1,1,RandomPlayerConfig
88870555,Checkers,0,GAME_OVER,38,37,2,1664,2,RandomPlayerConfig,2,1,1,RandomPlayerConfig
620336199,Checkers,0,GAME_OVER,49,48,2,1665,1,RandomPlayerConfig,1,2,2,RandomPlayerConfig
1293527892,Checkers,0,GAME_OVER,72,71,2,1666,1,RandomPlayerConfig,1,2,2,RandomPlayerConfig
-1114071225,Checkers,0,GAME_OVER,38,37,2,1667,2,RandomPlayerConfig,2,1,1,RandomPlayerConfig
-734824458,Checkers,0,GAME_OVER,42,41,2,1668,2,RandomPlayerConfig,2,1,1,RandomPlayerConfig
-547036712,Checkers,0,GAME_OVER,41,40,2,1669,2,RandomPlayerConfig,2,1,1,RandomPlayerConfig
1128229866,Checkers,0,GAME_OVER,37,36,2,1670,2,RandomPlayerConfig,2,1,1,RandomPlayerConfig
-356353700,Checkers,0,GAME_OVER,37,36,2,1671,1,RandomPlayerConfig,1,2,2,RandomPlayerConfig
1915409131,Checkers,0,GAME_OVER,46,45,2,1672,1,RandomPlayerConfig,1,2,2,RandomPlayerConfig
-725474074,Checkers,0,GAME_OVER,30,29,2,1673,2,RandomPlayerConfig,2,1,1,RandomPlayerConfig
-518570509,Checkers,0,GAME_OVER,81,80,2,1674,1,RandomPlayerConfig,1,2,2,RandomPlayerConfig
31817353,Checkers,0,GAME_OVER,46,45,2,1675,1,RandomPlayerConfig,1,2,2,RandomPlayerConfig
-234975919,Checkers,0,GAME_OVER,45,44,2,1676,1,RandomPlayerConfig,1,2,2,RandomPlayerConfig
-353150266,Checkers,0,GAME_OVER,45,44,2,1677,2,RandomPlayerConfig,2,1,1,RandomPlayerConfig
1766592570,Checkers,0,GAME_OVER,35,34,2,1678,1,RandomPlayerConfig,1,2,2,RandomPlayerConfig
1732864212,Checkers,0,GAME_OVER,45,44,2,1679,2,RandomPlayerConfig,2,1,1,RandomPlayerConfig
-340655278,Checkers,0,GAME_OVER,89,88,2,1680,2,RandomPlayerConfig,2,1,1,RandomPlayerConfig
-25849191,Checkers,0,GAME_OVER,76,75,2,1681,2,RandomPlayerConfig,2,1,1,RandomPlayerConfig
945284864,Checkers,0,GAME_OVER,69,68,2,1682,2,RandomPlayerConfig,2,1,1,RandomPlayerConfig
-48612981,Checkers,0,GAME_OVER,28,27,2,1683,1,RandomPlayerConfig,1,2,2,RandomPlayerConfig
-1983445115,Checkers,0,GAME_OVER,62,61,2,1684,2,RandomPlayerConfig,2,1,1,RandomPlayerConfig
-1735928366,Checkers,0,GAME_OVER,45,44,2,1685,2,RandomPlayerConfig,2,1,1,RandomPlayerConfig
430666804,Checkers,0,GAME_OVER,36,35,2,1686,1,RandomPlayerConfig,1,2,2,RandomPlayerConfig
1609744228,Checkers,0,GAME_OVER,37,36,2,1687,2,RandomPlayerConfig,2,1,1,RandomPlayerConfig
-1511172036,Checkers,0,GAME_OVER,33,32,2,1688,2,RandomPlayerConfig,2,1,1,RandomPlayerConfig
-893807371,Checkers,0,GAME_OVER,35,34,2,1689,2,RandomPlayerConfig,2,1,1,RandomPlayerConfig
-172327199,Checkers,0,GAME_OVER,41,40,2,1690,2,RandomPlayerConfig,2,1,1,RandomPlayerConfig
503765733,Checkers,0,GAME_OVER,65,64,2,1691,2,RandomPlayerConfig,2,1,1,RandomPlayerConfig
61052441,Checkers,0,GAME_OVER,44,43,2,1692,1,RandomPlayerConfig,1,2,2,RandomPlayerConfig
1802280096,Checkers,0,GAME_OVER,46,45,2,1693,2,RandomPlayerConfig,2,1,1,RandomPlayerConfig
-1356673561,Checkers,0,GAME_OVER,55,54,2,1694,2,RandomPlayerConfig,2,1,1,RandomPlayerConfig
1300440325,Checkers,0,GAME_OVER,50,49,2,1695,1,RandomPlayerConfig,1,2,2,RandomPlayerConfig
500731879,Checkers,0,GAME_OVER,54,53,2,1696,1,RandomPlayerConfig,1,2,2,RandomPlayerConfig
1293080270,Checkers,0,GAME_OVER,44,43,2,1697,1,RandomPlayerConfig,1,2,2,RandomPlayerConfig
1179290093,Checkers,0,GAME_OVER,59,58,2,1698,1,RandomPlayerConfig,1,2,2,RandomPlayerConfig
-403842029,Checkers,0,GAME_OVER,43,42,2,1699,1,RandomPlayerConfig,1,2,2,RandomPlayerConfig
1043658662,Checkers,0,GAME_OVER,43,42,2,1700,2,RandomPlayerConfig,2,1,1,RandomPlayerConfig
-1481614246,Checkers,0,GAME_OVER,57,56,2,1701,2,RandomPlayerConfig,2,1,1,RandomPlayerConfig
1059998357,Checkers,0,GAME_OVER,37,36,2,1702,2,RandomPlayerConfig,2,1,1,RandomPlayerConfig
-2035336489,Checkers,0,GAME_OVER,49,48,2,1703,2,RandomPlayerConfig,2,1,1,RandomPlayerConfig
-828189465,Checkers,0,GAME_OVER,48,47,2,1704,2,RandomPlayerConfig,2,1,1,RandomPlayerConfig
-1112630590,Checkers,0,GAME_OVER,46,45,2,1705,1,RandomPlayerConfig,1,2,2,RandomPlayerConfig
1273381618,Checkers,0,GAME_OVER,38,37,2,1706,2,RandomPlayerConfig,2,1,1,RandomPlayerConfig
916823542,Checkers,0,GAME_OVER,90,89,2,1707,2,RandomPlayerConfig,2,1,1,RandomPlayerConfig
-1188476838,Checkers,0,GAME_OVER,43,42,2,1708,2,RandomPlayerConfig,2,1,1,RandomPlayerConfig
-1030385106,Checkers,0,GAME_OVER,61,60,2,1709,2,RandomPlayerConfig,2,1,1,RandomPlayerConfig
-1695727306,Checkers,0,GAME_OVER,50,49,2,1710,1,RandomPlayerConfig,1,2,2,RandomPlayerConfig
1745623962,Checkers,0,GAME_OVER,33,32,2,1711,1,RandomPlayerConfig,1,2,2,RandomPlayerConfig
-1131907931,Checkers,0,GAME_OVER,44,43,2,1712,1,RandomPlayerConfig,1,2,2,RandomPlayerConfig
1879863216,Checkers,0,GAME_OVER,47,46,2,1713,2,RandomPlayerConfig,2,1,1,RandomPlayerConfig
28013999,Checkers,0,GAME_OVER,38,37,2,1714,2,RandomPlayerConfig,2,1,1,RandomPlayerConfig
-1153404590,Checkers,0,GAME_OVER,42,41,2,1715,1,RandomPlayerConfig,1,2,2,RandomPlayerConfig
1986699382,Checkers,0,GAME_OVER,84,83,2,1716,1,RandomPlayerConfig,1,2,2,RandomPlayerConfig
1137903563,Checkers,0,GAME_OVER,39,38,2,1717,2,RandomPlayerConfig,2,1,1,RandomPlayerConfig
-311282444,Checkers,0,GAME_OVER,57,56,2,1718,1,RandomPlayerConfig,1,2,2,RandomPlayerConfig
-329290698,Checkers,0,GAME_OVER,46,45,2,1719,2,RandomPlayerConfig,2,1,1,RandomPlayerConfig
1941759451,Checkers,0,GAME_OVER,60,59,2,1720,1,RandomPlayerConfig,1,2,2,RandomPlayerConfig
-1669728967,Checkers,0,GAME_OVER,48,47,2,1721,2,RandomPlayerConfig,2,1,1,RandomPlayerConfig
1580542299,Checkers,0,GAME_OVER,42,41,2,1722,2,RandomPlayerConfig,2,1,1,RandomPlayerConfig
628961102,Checkers,0,GAME_OVER,40,39,2,1723,1,RandomPlayerConfig,1,2,2,RandomPlayerConfig
1578304208,Checkers,0,GAME_OVER,49,48,2,1724,1,RandomPlayerConfig,1,2,2,RandomPlayerConfig
1521967080,Checkers,0,GAME_OVER,29,28,2,1725,2,RandomPlayerConfig,2,1,1,RandomPlayerConfig
-1306482771,Checkers,0,GAME_OVER,33,32,2,1726,2,RandomPlayerConfig,2,1,1,RandomPlayerConfig
-340722637,Checkers,0,GAME_OVER,45,44,2,1727,2,RandomPlayerConfig,2,1,1,RandomPlayerConfig
-1356914919,Checkers,0,GAME_OVER,54,53,2,1728,2,RandomPlayerConfig,2,1,1,RandomPlayerConfig
512929862,Checkers,0,GAME_OVER,75,74,2,1729,2,RandomPlayerConfig,2,1,1,RandomPlayerConfig
787749660,Checkers,0,GAME_OVER,42,41,2,1730,1,RandomPlayerConfig,1,2,2,RandomPlayerConfig
-192781833,Checkers,0,GAME_OVER,50,49,2,1731,2,RandomPlayerConfig,2,1,1,RandomPlayerConfig
-1702913198,Checkers,0,GAME_OVER,79,78,2,1732,2,RandomPlayerConfig,2,1,1,RandomPlayerConfig
-92163394,Checkers,0,GAME_OVER,74,73,2,1733,2,RandomPlayerConfig,2,1,1,RandomPlayerConfig
-1459438475,Checkers,0,GAME_OVER,32,31,2,1734,1,RandomPlayerConfig,1,2,2,RandomPlayerConfig
-507513278,Checkers,0,GAME_OVER,69,68,2,1735,1,RandomPlayerConfig,1,2,2,RandomPlayerConfig
-676184764,Checkers,0,GAME_OVER,38,37,2,1736,2,RandomPlayerConfig,2,1,1,RandomPlayerConfig
-1623855231,Checkers,0,GAME_OVER,39,38,2,1737,2,RandomPlayerConfig,2,1,1,RandomPlayerConfig
-2027157359,Checkers,0,GAME_OVER,37,36,2,1738,2,RandomPlayerConfig,2,1,1,RandomPlayerConfig
-140116804,Checkers,0,GAME_OVER,49,48,2,1739,1,RandomPlayerConfig,1,2,2,RandomPlayerConfig
-216183431,Checkers,0,GAME_OVER,59,58,2,1740,1,RandomPlayerConfig,1,2,2,RandomPlayerConfig
-1451148663,Checkers,0,GAME_OVER,50,49,2,1741,2,RandomPlayerConfig,2,1,1,RandomPlayerConfig
-2109691375,Checkers,0,GAME_OVER,37,36,2,1742,2,RandomPlayerConfig,2,1,1,RandomPlayerConfig
-826433358,Checkers,0,GAME_OVER,41,40,2,1743,1,RandomPlayerConfig,1,2,2,RandomPlayerConfig
-216761838,Checkers,0,GAME_OVER,50,49,2,1744,2,RandomPlayerConfig,2,1,1,RandomPlayerConfig
1017429978,Checkers,0,GAME_OVER,44,43,2,1745,2,RandomPlayerConfig,2,1,1,RandomPlayerConfig
-1537226167,Checkers,0,GAME_OVER,44,43,2,1746,1,RandomPlayerConfig,1,2,2,RandomPlayerConfig
507749619,Checkers,0,GAME_OVER,42,41,2,1747,1,RandomPlayerConfig,1,2,2,RandomPlayerConfig
-1513581865,Checkers,0,GAME_OVER,70,69,2,1748,1,RandomPlayerConfig,1,2,2,RandomPlayerConfig
1322127370,Checkers,0,GAME_OVER,60,59,2,1749,2,RandomPlayerConfig,2,1,1,RandomPlayerConfig
891551100,Checkers,0,GAME_OVER,49,48,2,1750,2,RandomPlayerConfig,2,1,1,RandomPlayerConfig
2138025467,Checkers,0,GAME_OVER,35,34,2,1751,1,RandomPlayerConfig,1,2,2,RandomPlayerConfig
1684959887,Checkers,0,GAME_OVER,65,64,2,1752,2,RandomPlayerConfig,2,1,1,RandomPlayerConfig
-1480986365,Checkers,0,GAME_OVER,53,52,2,1753,2,RandomPlayerConfig,2,1,1,RandomPlayerConfig
-650756534,Checkers,0,GAME_OVER,55,54,2,1754,2,RandomPlayerConfig,2,1,1,RandomPlayerConfig
1407421011,Checkers,0,GAME_OVER,71,70,2,1755,2,RandomPlayerConfig,2,1,1,RandomPlayerConfig
-1613059695,Checkers,0,GAME_OVER,41,40,2,1756,2,RandomPlayerConfig,2,1,1,RandomPlayerConfig
850196232,Checkers,0,GAME_OVER,31,30,2,1757,1,RandomPlayerConfig,1,2,2,RandomPlayerConfig
1515236453,Checkers,0,GAME_OVER,41,40,2,1758,1,RandomPlayerConfig,1,2,2,RandomPlayerConfig
1276910903,Checkers,0,GAME_OVER,41,40,2,1759,1,RandomPlayerConfig,1,2,2,RandomPlayerConfig
412401050,Checkers,0,GAME_OVER,57,56,2,1760,2,RandomPlayerConfig,2,1,1,RandomPlayerConfig
-647091723,Checkers,0,GAME_OVER,38,37,2,1761,1,RandomPlayerConfig,1,2,2,RandomPlayerConfig
1730282123,Checkers,0,GAME_OVER,29,28,2,1762,2,RandomPlayerConfig,2,1,1,RandomPlayerConfig
-869019784,Checkers,0,GAME_OVER,70,69,2,1763,2,RandomPlayerConfig,2,1,1,RandomPlayerConfig
1094587105,Checkers,0,GAME_OVER,62,61,2,1764,1,RandomPlayerConfig,1,2,2,RandomPlayerConfig
368065226,Checkers,0,GAME_OVER,67,66,2,1765,2,RandomPlayerConfig,2,1,1,RandomPlayerConfig
1813903280,Checkers,0,GAME_OVER,49,48,2,1766,1,RandomPlayerConfig,1,2,2,RandomPlayerConfig
669035172,Checkers,0,GAME_OVER,61,60,2,1767,2,RandomPlayerConfig,2,1,1,RandomPlayerConfig
1398133352,Checkers,0,GAME_OVER,44,43,2,1768,2,RandomPlayerConfig,2,1,1,RandomPlayerConfig
-132510359,Checkers,0,GAME_OVER,43,42,2,1769,1,RandomPlayerConfig,1,2,2,RandomPlayerConfig
777387897,Checkers,0,GAME_OVER,46,45,2,1770,2,RandomPlayerConfig,2,1,1,RandomPlayerConfig
1352041059,Checkers,0,GAME_OVER,47,46,2,1771,2,RandomPlayerConfig,2,1,1,RandomPlayerConfig
86270357,Checkers,0,GAME_OVER,67,66,2,1772,1,RandomPlayerConfig,1,2,2,RandomPlayerConfig
-1125672290,Checkers,0,GAME_OVER,32,31,2,1773,2,RandomPlayerConfig,2,1,1,RandomPlayerConfig
-2093408783,Checkers,0,GAME_OVER,46,45,2,1774,1,RandomPlayerConfig,1,2,2,RandomPlayerConfig
-1403531229,Checkers,0,GAME_OVER,47,46,2,1775,2,RandomPlayerConfig,2,1,1,RandomPlayerConfig
1496203009,Checkers,0,GAME_OVER,74,73,2,1776,2,RandomPlayerConfig,2,1,1,RandomPlayerConfig
-1071092128,Checkers,0,GAME_OVER,35,34,2,1777,2,RandomPlayerConfig,2,1,1,RandomPlayerConfig
-1026506122,Checkers,0,GAME_OVER,42,41,2,1778,1,RandomPlayerConfig,1,2,2,RandomPlayerConfig
-683268873,Checkers,0,GAME_OVER,42,41,2,1779,2,RandomPlayerConfig,2,1,1,RandomPlayerConfig
-2059970418,Checkers,0,GAME_OVER,60,59,2,1780,2,RandomPlayerConfig,2,1,1,RandomPlayerConfig
-1968093610,Checkers,0,GAME_OVER,32,31,2,1781,2,RandomPlayerConfig,2,1,1,RandomPlayerConfig
16506356,Checkers,0,GAME_OVER,58,57,2,1782,2,RandomPlayerConfig,2,1,1,RandomPlayerConfig
-1481812548,Checkers,0,GAME_OVER,49,48,2,1783,1,RandomPlayerConfig,1,2,2,RandomPlayerConfig
-1646448962,Checkers,0,GAME_OVER,49,48,2,1784,2,RandomPlayerConfig,2,1,1,RandomPlayerConfig
-936733540,Checkers,0,GAME_OVER,48,47,2,1785,1,RandomPlayerConfig,1,2,2,RandomPlayerConfig
-997676971,Checkers,0,GAME_OVER,47,46,2,1786,2,RandomPlayerConfig,2,1,1,RandomPlayerConfig
-363674243,Checkers,0,GAME_OVER,58,57,2,1787,2,RandomPlayerConfig,2,1,1,RandomPlayerConfig
1298094402,Checkers,0,GAME_OVER,48,47,2,1788,1,RandomPlayerConfig,1,2,2,RandomPlayerConfig
-771888442,Checkers,0,GAME_OVER,39,38,2,1789,2,RandomPlayerConfig,2,1,1,RandomPlayerConfig
-1675572936,Checkers,0,GAME_OVER,44,43,2,1790,2,RandomPlayerConfig,2,1,1,RandomPlayerConfig
-1786482152,Checkers,0,GAME_OVER,56,55,2,1791,1,RandomPlayerConfig,1,2,2,RandomPlayerConfig
-174898991,Checkers,0,GAME_OVER,35,34,2,1792,1,RandomPlayerConfig,1,2,2,RandomPlayerConfig
1149276452,Checkers,0,GAME_OVER,34,33,2,1793,2,RandomPlayerConfig,2,1,1,RandomPlayerConfig
1342363616,Checkers,0,GAME_OVER,60,59,2,1794,1,RandomPlayerConfig,1,2,2,RandomPlayerConfig
721004321,Checkers,0,GAME_OVER,44,43,2,1795,1,RandomPlayerConfig,1,2,2,RandomPlayerConfig
-545709509,Checkers,0,GAME_OVER,73,72,2,1796,2,RandomPlayerConfig,2,1,1,RandomPlayerConfig
1352257095,Checkers,0,GAME_OVER,63,62,2,1797,2,RandomPlayerConfig,2,1,1,RandomPlayerConfig
1874814574,Checkers,0,GAME_OVER,42,41,2,1798,2,RandomPlayerConfig,2,1,1,RandomPlayerConfig
1431403269,Checkers,0,GAME_OVER,39,38,2,1799,1,RandomPlayerConfig,1,2,2,RandomPlayerConfig
-2085245251,Checkers,0,GAME_OVER,42,41,2,1800,2,RandomPlayerConfig,2,1,1,RandomPlayerConfig
-2096651580,Checkers,0,GAME_OVER,53,52,2,1801,2,RandomPlayerConfig,2,1,1,RandomPlayerConfig
