GameSeed,GameName,Round,Event,Tick,Turn,PlayerCount,GameID,Player-1 rank,PlayerName-0,Player-1,Player-0,Player-0 rank,PlayerName-1
-787702671,Checkers,0,GAME_OVER,35,34,2,2,1,MCTS_CheckersHeuristic,1,2,2,MCTS_CheckersHeuristic
-2062906404,Checkers,0,GAME_OVER,37,36,2,3,2,MCTS_CheckersHeuristic,2,1,1,MCTS_CheckersHeuristic
-176736144,Checkers,0,GAME_OVER,55,54,2,4,1,MCTS_CheckersHeuristic,1,2,2,MCTS_CheckersHeuristic
222647469,Checkers,0,GAME_OVER,118,117,2,5,1,MCTS_CheckersHeuristic,1,1,1,MCTS_CheckersHeuristic
-586756155,Checkers,0,GAME_OVER,37,36,2,6,2,MCTS_CheckersHeuristic,2,1,1,MCTS_CheckersHeuristic
1234647345,Checkers,0,GAME_OVER,71,70,2,7,1,MCTS_CheckersHeuristic,1,1,1,MCTS_CheckersHeuristic
-2043222127,Checkers,0,GAME_OVER,48,47,2,8,2,MCTS_CheckersHeuristic,2,1,1,MCTS_CheckersHeuristic
1038511446,Checkers,0,GAME_OVER,43,42,2,9,2,MCTS_CheckersHeuristic,2,1,1,MCTS_CheckersHeuristic
404103070,Checkers,0,GAME_OVER,38,37,2,10,1,MCTS_CheckersHeuristic,1,2,2,MCTS_CheckersHeuristic
-236095770,Checkers,0,GAME_OVER,47,46,2,11,2,MCTS_CheckersHeuristic,2,1,1,MCTS_CheckersHeuristic
-635241784,Checkers,0,GAME_OVER,40,39,2,12,1,MCTS_CheckersHeuristic,1,2,2,MCTS_CheckersHeuristic
-1219981600,Checkers,0,GAME_OVER,54,53,2,13,1,MCTS_CheckersHeuristic,1,2,2,MCTS_CheckersHeuristic
-419788009,Checkers,0,GAME_OVER,72,71,2,14,2,MCTS_CheckersHeuristic,2,1,1,MCTS_CheckersHeuristic
-2011432280,Checkers,0,GAME_OVER,43,42,2,15,1,MCTS_CheckersHeuristic,1,2,2,MCTS_CheckersHeuristic
1893833513,Checkers,0,GAME_OVER,51,50,2,16,2,MCTS_CheckersHeuristic,2,1,1,MCTS_CheckersHeuristic
-75069639,Checkers,0,GAME_OVER,54,53,2,17,2,MCTS_CheckersHeuristic,2,1,1,MCTS_CheckersHeuristic
1806776348,Checkers,0,GAME_OVER,99,98,2,18,1,MCTS_CheckersHeuristic,1,1,1,MCTS_CheckersHeuristic
411173053,Checkers,0,GAME_OVER,54,53,2,19,2,MCTS_CheckersHeuristic,2,1,1,MCTS_CheckersHeuristic
2066352668,Checkers,0,GAME_OVER,59,58,2,20,1,MCTS_CheckersHeuristic,1,2,2,MCTS_CheckersHeuristic
723274559,Checkers,0,GAME_OVER,65,64,2,21,1,MCTS_CheckersHeuristic,1,2,2,MCTS_CheckersHeuristic
-1150974147,Checkers,0,GAME_OVER,71,70,2,22,1,MCTS_CheckersHeuristic,1,2,2,MCTS_CheckersHeuristic
1622488392,Checkers,0,GAME_OVER,126,125,2,23,1,MCTS_CheckersHeuristic,1,1,1,MCTS_CheckersHeuristic
-454292657,Checkers,0,GAME_OVER,39,38,2,24,2,MCTS_CheckersHeuristic,2,1,1,MCTS_CheckersHeuristic
97536938,Checkers,0,GAME_OVER,40,39,2,25,2,MCTS_CheckersHeuristic,2,1,1,MCTS_CheckersHeuristic
-566292283,Checkers,0,GAME_OVER,37,36,2,26,2,MCTS_CheckersHeuristic,2,1,1,MCTS_CheckersHeuristic
1913023947,Checkers,0,GAME_OVER,105,104,2,27,1,MCTS_CheckersHeuristic,1,1,1,MCTS_CheckersHeuristic
1143962093,Checkers,0,GAME_OVER,127,126,2,28,1,MCTS_CheckersHeuristic,1,1,1,MCTS_CheckersHeuristic
602059816,Checkers,0,GAME_OVER,84,83,2,29,1,MCTS_CheckersHeuristic,1,1,1,MCTS_CheckersHeuristic
141156107,Checkers,0,GAME_OVER,44,43,2,30,2,MCTS_CheckersHeuristic,2,1,1,MCTS_CheckersHeuristic
-69601556,Checkers,0,GAME_OVER,47,46,2,31,2,MCTS_CheckersHeuristic,2,1,1,MCTS_CheckersHeuristic
2134605072,Checkers,0,GAME_OVER,74,73,2,32,1,MCTS_CheckersHeuristic,1,2,2,MCTS_CheckersHeuristic
-523306807,Checkers,0,GAME_OVER,115,114,2,33,1,MCTS_CheckersHeuristic,1,1,1,MCTS_CheckersHeuristic
-2085127673,Checkers,0,GAME_OVER,99,98,2,34,1,MCTS_CheckersHeuristic,1,1,1,MCTS_CheckersHeuristic
2047900283,Checkers,0,GAME_OVER,45,44,2,35,2,MCTS_CheckersHeuristic,2,1,1,MCTS_CheckersHeuristic
1368919923,Checkers,0,GAME_OVER,121,120,2,36,1,MCTS_CheckersHeuristic,1,1,1,MCTS_CheckersHeuristic
-1899080291,Checkers,0,GAME_OVER,43,42,2,37,1,MCTS_CheckersHeuristic,1,2,2,MCTS_CheckersHeuristic
-1072916441,Checkers,0,GAME_OVER,93,92,2,38,1,MCTS_CheckersHeuristic,1,1,1,MCTS_CheckersHeuristic
-1677082189,Checkers,0,GAME_OVER,107,106,2,39,1,MCTS_CheckersHeuristic,1,1,1,MCTS_CheckersHeuristic
-1317810581,Checkers,0,GAME_OVER,78,77,2,40,2,MCTS_CheckersHeuristic,2,1,1,MCTS_CheckersHeuristic
2081432730,Checkers,0,GAME_OVER,49,48,2,41,1,MCTS_CheckersHeuristic,1,2,2,MCTS_CheckersHeuristic
263751779,Checkers,0,GAME_OVER,50,49,2,42,2,MCTS_CheckersHeuristic,2,1,1,MCTS_CheckersHeuristic
563795903,Checkers,0,GAME_OVER,33,32,2,43,1,MCTS_CheckersHeuristic,1,2,2,MCTS_CheckersHeuristic
1361265687,Checkers,0,GAME_OVER,65,64,2,44,2,MCTS_CheckersHeuristic,2,1,1,MCTS_CheckersHeuristic
-226021949,Checkers,0,GAME_OVER,49,48,2,45,1,MCTS_CheckersHeuristic,1,2,2,MCTS_CheckersHeuristic
554740110,Checkers,0,GAME_OVER,73,72,2,46,2,MCTS_CheckersHeuristic,2,1,1,MCTS_CheckersHeuristic
686116992,Checkers,0,GAME_OVER,41,40,2,47,1,MCTS_CheckersHeuristic,1,2,2,MCTS_CheckersHeuristic
1645093078,Checkers,0,GAME_OVER,47,46,2,48,1,MCTS_CheckersHeuristic,1,2,2,MCTS_CheckersHeuristic
-411478649,Checkers,0,GAME_OVER,42,41,2,49,2,MCTS_CheckersHeuristic,2,1,1,MCTS_CheckersHeuristic
1367048943,Checkers,0,GAME_OVER,41,40,2,50,2,MCTS_CheckersHeuristic,2,1,1,MCTS_CheckersHeuristic
-2104117363,Checkers,0,GAME_OVER,100,99,2,51,1,MCTS_CheckersHeuristic,1,1,1,MCTS_CheckersHeuristic
1521620985,Checkers,0,GAME_OVER,87,86,2,52,2,MCTS_CheckersHeuristic,2,1,1,MCTS_CheckersHeuristic
1794198886,Checkers,0,GAME_OVER,85,84,2,53,1,MCTS_CheckersHeuristic,1,1,1,MCTS_CheckersHeuristic
1421627920,Checkers,0,GAME_OVER,112,111,2,54,1,MCTS_CheckersHeuristic,1,1,1,MCTS_CheckersHeuristic
1709927291,Checkers,0,GAME_OVER,43,42,2,55,1,MCTS_CheckersHeuristic,1,2,2,MCTS_CheckersHeuristic
-945138759,Checkers,0,GAME_OVER,51,50,2,56,1,MCTS_CheckersHeuristic,1,2,2,MCTS_CheckersHeuristic
-687330598,Checkers,0,GAME_OVER,91,90,2,57,1,MCTS_CheckersHeuristic,1,1,1,MCTS_CheckersHeuristic
1191780821,Checkers,0,GAME_OVER,76,75,2,58,1,MCTS_CheckersHeuristic,1,1,1,MCTS_CheckersHeuristic
-1689491107,Checkers,0,GAME_OVER,42,41,2,59,1,MCTS_CheckersHeuristic,1,2,2,MCTS_CheckersHeuristic
1260762219,Checkers,0,GAME_OVER,44,43,2,60,2,MCTS_CheckersHeuristic,2,1,1,MCTS_CheckersHeuristic
771164276,Checkers,0,GAME_OVER,66,65,2,61,1,MCTS_CheckersHeuristic,1,1,1,MCTS_CheckersHeuristic
1451409103,Checkers,0,GAME_OVER,37,36,2,62,1,MCTS_CheckersHeuristic,1,2,2,MCTS_CheckersHeuristic
2135673998,Checkers,0,GAME_OVER,70,69,2,63,1,MCTS_CheckersHeuristic,1,2,2,MCTS_CheckersHeuristic
2116374257,Checkers,0,GAME_OVER,82,81,2,64,1,MCTS_CheckersHeuristic,1,1,1,MCTS_CheckersHeuristic
1379865924,Checkers,0,GAME_OVER,39,38,2,65,1,MCTS_CheckersHeuristic,1,2,2,MCTS_CheckersHeuristic
-1840833326,Checkers,0,GAME_OVER,98,97,2,66,1,MCTS_CheckersHeuristic,1,1,1,MCTS_CheckersHeuristic
-1322121555,Checkers,0,GAME_OVER,50,49,2,67,1,MCTS_CheckersHeuristic,1,2,2,MCTS_CheckersHeuristic
-1098916237,Checkers,0,GAME_OVER,41,40,2,68,2,MCTS_CheckersHeuristic,2,1,1,MCTS_CheckersHeuristic
-1070025090,Checkers,0,GAME_OVER,94,93,2,69,1,MCTS_CheckersHeuristic,1,1,1,MCTS_CheckersHeuristic
-1077149244,Checkers,0,GAME_OVER,39,38,2,70,2,MCTS_CheckersHeuristic,2,1,1,MCTS_CheckersHeuristic
-1283320856,Checkers,0,GAME_OVER,110,109,2,71,1,MCTS_CheckersHeuristic,1,1,1,MCTS_CheckersHeuristic
1530797391,Checkers,0,GAME_OVER,43,42,2,72,2,MCTS_CheckersHeuristic,2,1,1,MCTS_CheckersHeuristic
37789529,Checkers,0,GAME_OVER,38,37,2,73,1,MCTS_CheckersHeuristic,1,2,2,MCTS_CheckersHeuristic
330893752,Checkers,0,GAME_OVER,84,83,2,74,1,MCTS_CheckersHeuristic,1,1,1,MCTS_CheckersHeuristic
-1696125059,Checkers,0,GAME_OVER,109,108,2,75,1,MCTS_CheckersHeuristic,1,1,1,MCTS_CheckersHeuristic
-2119222963,Checkers,0,GAME_OVER,72,71,2,76,2,MCTS_CheckersHeuristic,2,1,1,MCTS_CheckersHeuristic
985924410,Checkers,0,GAME_OVER,75,74,2,77,1,MCTS_CheckersHeuristic,1,1,1,MCTS_CheckersHeuristic
1599428666,Checkers,0,GAME_OVER,118,117,2,78,1,MCTS_CheckersHeuristic,1,2,2,MCTS_CheckersHeuristic
1152044158,Checkers,0,GAME_OVER,48,47,2,79,1,MCTS_CheckersHeuristic,1,2,2,MCTS_CheckersHeuristic
-1210853609,Checkers,0,GAME_OVER,36,35,2,80,2,MCTS_CheckersHeuristic,2,1,1,MCTS_CheckersHeuristic
802899473,Checkers,0,GAME_OVER,45,44,2,81,1,MCTS_CheckersHeuristic,1,2,2,MCTS_CheckersHeuristic
1343130348,Checkers,0,GAME_OVER,41,40,2,82,1,MCTS_CheckersHeuristic,1,2,2,MCTS_CheckersHeuristic
-1718954284,Checkers,0,GAME_OVER,55,54,2,83,1,MCTS_CheckersHeuristic,1,2,2,MCTS_CheckersHeuristic
934369511,Checkers,0,GAME_OVER,82,81,2,84,1,MCTS_CheckersHeuristic,1,1,1,MCTS_CheckersHeuristic
1161088771,Checkers,0,GAME_OVER,89,88,2,85,1,MCTS_CheckersHeuristic,1,1,1,MCTS_CheckersHeuristic
954450257,Checkers,0,GAME_OVER,50,49,2,86,2,MCTS_CheckersHeuristic,2,1,1,MCTS_CheckersHeuristic
-2000387963,Checkers,0,GAME_OVER,88,87,2,87,1,MCTS_CheckersHeuristic,1,1,1,MCTS_CheckersHeuristic
-1173988222,Checkers,0,GAME_OVER,49,48,2,88,2,MCTS_CheckersHeuristic,2,1,1,MCTS_CheckersHeuristic
-1459101367,Checkers,0,GAME_OVER,79,78,2,89,1,MCTS_CheckersHeuristic,1,1,1,MCTS_CheckersHeuristic
249089512,Checkers,0,GAME_OVER,82,81,2,90,1,MCTS_CheckersHeuristic,1,1,1,MCTS_CheckersHeuristic
-1717035207,Checkers,0,GAME_OVER,35,34,2,91,1,MCTS_CheckersHeuristic,1,2,2,MCTS_CheckersHeuristic
-118184860,Checkers,0,GAME_OVER,42,41,2,92,1,MCTS_CheckersHeuristic,1,2,2,MCTS_CheckersHeuristic
-1310613673,Checkers,0,GAME_OVER,42,41,2,93,1,MCTS_CheckersHeuristic,1,2,2,MCTS_CheckersHeuristic
-1488788356,Checkers,0,GAME_OVER,39,38,2,94,2,MCTS_CheckersHeuristic,2,1,1,MCTS_CheckersHeuristic
-464593415,Checkers,0,GAME_OVER,56,55,2,95,1,MCTS_CheckersHeuristic,1,2,2,MCTS_CheckersHeuristic
-1413226436,Checkers,0,GAME_OVER,119,118,2,96,1,MCTS_CheckersHeuristic,1,1,1,MCTS_CheckersHeuristic
1939643456,Checkers,0,GAME_OVER,51,50,2,97,2,MCTS_CheckersHeuristic,2,1,1,MCTS_CheckersHeuristic
1375820218,Checkers,0,GAME_OVER,149,148,2,98,1,MCTS_CheckersHeuristic,1,1,1,MCTS_CheckersHeuristic
-1403828422,Checkers,0,GAME_OVER,47,46,2,99,2,MCTS_CheckersHeuristic,2,1,1,MCTS_CheckersHeuristic
-417068902,Checkers,0,GAME_OVER,47,46,2,100,2,MCTS_CheckersHeuristic,2,1,1,MCTS_CheckersHeuristic
-67788968,Checkers,0,GAME_OVER,55,54,2,101,1,MCTS_CheckersHeuristic,1,2,2,MCTS_CheckersHeuristic
-540391421,Checkers,0,GAME_OVER,149,148,2,102,1,MCTS_CheckersHeuristic,1,1,1,MCTS_CheckersHeuristic
-1225135334,Checkers,0,GAME_OVER,38,37,2,103,1,MCTS_CheckersHeuristic,1,2,2,MCTS_CheckersHeuristic
-1869790746,Checkers,0,GAME_OVER,82,81,2,104,2,MCTS_CheckersHeuristic,2,1,1,MCTS_CheckersHeuristic
1765178906,Checkers,0,GAME_OVER,89,88,2,105,2,MCTS_CheckersHeuristic,2,1,1,MCTS_CheckersHeuristic
1591487875,Checkers,0,GAME_OVER,111,110,2,106,1,MCTS_CheckersHeuristic,1,1,1,MCTS_CheckersHeuristic
1229432296,Checkers,0,GAME_OVER,40,39,2,107,2,MCTS_CheckersHeuristic,2,1,1,MCTS_CheckersHeuristic
180779668,Checkers,0,GAME_OVER,42,41,2,108,2,MCTS_CheckersHeuristic,2,1,1,MCTS_CheckersHeuristic
1100623948,Checkers,0,GAME_OVER,38,37,2,109,1,MCTS_CheckersHeuristic,1,2,2,MCTS_CheckersHeuristic
65197954,Checkers,0,GAME_OVER,58,57,2,110,1,MCTS_CheckersHeuristic,1,2,2,MCTS_CheckersHeuristic
-967357718,Checkers,0,GAME_OVER,121,120,2,111,1,MCTS_CheckersHeuristic,1,1,1,MCTS_CheckersHeuristic
-59033451,Checkers,0,GAME_OVER,41,40,2,112,2,MCTS_CheckersHeuristic,2,1,1,MCTS_CheckersHeuristic
-1768193439,Checkers,0,GAME_OVER,50,49,2,113,1,MCTS_CheckersHeuristic,1,2,2,MCTS_CheckersHeuristic
317665018,Checkers,0,GAME_OVER,74,73,2,114,1,MCTS_CheckersHeuristic,1,2,2,MCTS_CheckersHeuristic
1930999641,Checkers,0,GAME_OVER,57,56,2,115,2,MCTS_CheckersHeuristic,2,1,1,MCTS_CheckersHeuristic
1398557200,Checkers,0,GAME_OVER,81,80,2,116,2,MCTS_CheckersHeuristic,2,1,1,MCTS_CheckersHeuristic
-1231943139,Checkers,0,GAME_OVER,100,99,2,117,1,MCTS_CheckersHeuristic,1,1,1,MCTS_CheckersHeuristic
1111931496,Checkers,0,GAME_OVER,93,92,2,118,1,MCTS_CheckersHeuristic,1,1,1,MCTS_CheckersHeuristic
2126483888,Checkers,0,GAME_OVER,58,57,2,119,1,MCTS_CheckersHeuristic,1,2,2,MCTS_CheckersHeuristic
-1513206447,Checkers,0,GAME_OVER,73,72,2,120,1,MCTS_CheckersHeuristic,1,2,2,MCTS_CheckersHeuristic
2132230527,Checkers,0,GAME_OVER,96,95,2,121,1,MCTS_CheckersHeuristic,1,1,1,MCTS_CheckersHeuristic
667478247,Checkers,0,GAME_OVER,41,40,2,122,2,MCTS_CheckersHeuristic,2,1,1,MCTS_CheckersHeuristic
650656037,Checkers,0,GAME_OVER,53,52,2,123,1,MCTS_CheckersHeuristic,1,2,2,MCTS_CheckersHeuristic
1038369793,Checkers,0,GAME_OVER,87,86,2,124,2,MCTS_CheckersHeuristic,2,1,1,MCTS_CheckersHeuristic
-169350182,Checkers,0,GAME_OVER,47,46,2,125,2,MCTS_CheckersHeuristic,2,1,1,MCTS_CheckersHeuristic
1190492793,Checkers,0,GAME_OVER,99,98,2,126,1,MCTS_CheckersHeuristic,1,1,1,MCTS_CheckersHeuristic
1994238327,Checkers,0,GAME_OVER,131,130,2,127,1,MCTS_CheckersHeuristic,1,1,1,MCTS_CheckersHeuristic
1234412951,Checkers,0,GAME_OVER,48,47,2,128,2,MCTS_CheckersHeuristic,2,1,1,MCTS_CheckersHeuristic
848570692,Checkers,0,GAME_OVER,78,77,2,129,2,MCTS_CheckersHeuristic,2,1,1,MCTS_CheckersHeuristic
1518377384,Checkers,0,GAME_OVER,52,51,2,130,2,MCTS_CheckersHeuristic,2,1,1,MCTS_CheckersHeuristic
-1739368726,Checkers,0,GAME_OVER,50,49,2,131,2,MCTS_CheckersHeuristic,2,1,1,MCTS_CheckersHeuristic
2029167886,Checkers,0,GAME_OVER,90,89,2,132,1,MCTS_CheckersHeuristic,1,2,2,MCTS_CheckersHeuristic
194174004,Checkers,0,GAME_OVER,52,51,2,133,1,MCTS_CheckersHeuristic,1,2,2,MCTS_CheckersHeuristic
1578531405,Checkers,0,GAME_OVER,39,38,2,134,2,MCTS_CheckersHeuristic,2,1,1,MCTS_CheckersHeuristic
-23968113,Checkers,0,GAME_OVER,37,36,2,135,1,MCTS_CheckersHeuristic,1,2,2,MCTS_CheckersHeuristic
1126735320,Checkers,0,GAME_OVER,79,78,2,136,1,MCTS_CheckersHeuristic,1,1,1,MCTS_CheckersHeuristic
2071151974,Checkers,0,GAME_OVER,94,93,2,137,1,MCTS_CheckersHeuristic,1,1,1,MCTS_CheckersHeuristic
-1531342417,Checkers,0,GAME_OVER,125,124,2,138,1,MCTS_CheckersHeuristic,1,1,1,MCTS_CheckersHeuristic
-1643583799,Checkers,0,GAME_OVER,40,39,2,139,1,MCTS_CheckersHeuristic,1,2,2,MCTS_CheckersHeuristic
-658252783,Checkers,0,GAME_OVER,42,41,2,140,2,MCTS_CheckersHeuristic,2,1,1,MCTS_CheckersHeuristic
-1993213438,Checkers,0,GAME_OVER,46,45,2,141,1,MCTS_CheckersHeuristic,1,2,2,MCTS_CheckersHeuristic
994294735,Checkers,0,GAME_OVER,40,39,2,142,2,MCTS_CheckersHeuristic,2,1,1,MCTS_CheckersHeuristic
639724555,Checkers,0,GAME_OVER,106,105,2,143,1,MCTS_CheckersHeuristic,1,2,2,MCTS_CheckersHeuristic
-1515768840,Checkers,0,GAME_OVER,38,37,2,144,1,MCTS_CheckersHeuristic,1,2,2,MCTS_CheckersHeuristic
1197774844,Checkers,0,GAME_OVER,88,87,2,145,1,MCTS_CheckersHeuristic,1,2,2,MCTS_CheckersHeuristic
-700194303,Checkers,0,GAME_OVER,128,127,2,146,1,MCTS_CheckersHeuristic,1,1,1,MCTS_CheckersHeuristic
1421522406,Checkers,0,GAME_OVER,43,42,2,147,2,MCTS_CheckersHeuristic,2,1,1,MCTS_CheckersHeuristic
284499098,Checkers,0,GAME_OVER,49,48,2,148,1,MCTS_CheckersHeuristic,1,2,2,MCTS_CheckersHeuristic
2067913917,Checkers,0,GAME_OVER,46,45,2,149,1,MCTS_CheckersHeuristic,1,2,2,MCTS_CheckersHeuristic
1274476222,Checkers,0,GAME_OVER,118,117,2,150,2,MCTS_CheckersHeuristic,2,1,1,MCTS_CheckersHeuristic
-1763966910,Checkers,0,GAME_OVER,52,51,2,151,2,MCTS_CheckersHeuristic,2,1,1,MCTS_CheckersHeuristic
-1115340337,Checkers,0,GAME_OVER,58,57,2,152,2,MCTS_CheckersHeuristic,2,1,1,MCTS_CheckersHeuristic
-725483005,Checkers,0,GAME_OVER,78,77,2,153,1,MCTS_CheckersHeuristic,1,1,1,MCTS_CheckersHeuristic
-407610696,Checkers,0,GAME_OVER,49,48,2,154,2,MCTS_CheckersHeuristic,2,1,1,MCTS_CheckersHeuristic
1998316779,Checkers,0,GAME_OVER,54,53,2,155,1,MCTS_CheckersHeuristic,1,2,2,MCTS_CheckersHeuristic
-187907734,Checkers,0,GAME_OVER,81,80,2,156,1,MCTS_CheckersHeuristic,1,2,2,MCTS_CheckersHeuristic
-1636989691,Checkers,0,GAME_OVER,46,45,2,157,1,MCTS_CheckersHeuristic,1,2,2,MCTS_CheckersHeuristic
-653066449,Checkers,0,GAME_OVER,41,40,2,158,1,MCTS_CheckersHeuristic,1,2,2,MCTS_CheckersHeuristic
-893947569,Checkers,0,GAME_OVER,49,48,2,159,2,MCTS_CheckersHeuristic,2,1,1,MCTS_CheckersHeuristic
-1611626581,Checkers,0,GAME_OVER,90,89,2,160,1,MCTS_CheckersHeuristic,1,1,1,MCTS_CheckersHeuristic
472824794,Checkers,0,GAME_OVER,40,39,2,161,1,MCTS_CheckersHeuristic,1,2,2,MCTS_CheckersHeuristic
1334696323,Checkers,0,GAME_OVER,45,44,2,162,2,MCTS_CheckersHeuristic,2,1,1,MCTS_CheckersHeuristic
450778245,Checkers,0,GAME_OVER,92,91,2,163,1,MCTS_CheckersHeuristic,1,1,1,MCTS_CheckersHeuristic
1916567288,Checkers,0,GAME_OVER,75,74,2,164,2,MCTS_CheckersHeuristic,2,1,1,MCTS_CheckersHeuristic
-958604006,Checkers,0,GAME_OVER,59,58,2,165,1,MCTS_CheckersHeuristic,1,2,2,MCTS_CheckersHeuristic
12811273,Checkers,0,GAME_OVER,60,59,2,166,1,MCTS_CheckersHeuristic,1,2,2,MCTS_CheckersHeuristic
-1400542831,Checkers,0,GAME_OVER,92,91,2,167,2,MCTS_CheckersHeuristic,2,1,1,MCTS_CheckersHeuristic
-726563124,Checkers,0,GAME_OVER,49,48,2,168,1,MCTS_CheckersHeuristic,1,2,2,MCTS_CheckersHeuristic
1685937605,Checkers,0,GAME_OVER,40,39,2,169,2,MCTS_CheckersHeuristic,2,1,1,MCTS_CheckersHeuristic
2094393377,Checkers,0,GAME_OVER,100,99,2,170,1,MCTS_CheckersHeuristic,1,1,1,MCTS_CheckersHeuristic
-2040454682,Checkers,0,GAME_OVER,48,47,2,171,1,MCTS_CheckersHeuristic,1,2,2,MCTS_CheckersHeuristic
386360815,Checkers,0,GAME_OVER,77,76,2,172,2,MCTS_CheckersHeuristic,2,1,1,MCTS_CheckersHeuristic
94554467,Checkers,0,GAME_OVER,52,51,2,173,1,MCTS_CheckersHeuristic,1,2,2,MCTS_CheckersHeuristic
-1087574649,Checkers,0,GAME_OVER,94,93,2,174,1,MCTS_CheckersHeuristic,1,1,1,MCTS_CheckersHeuristic
1857917995,Checkers,0,GAME_OVER,74,73,2,175,1,MCTS_CheckersHeuristic,1,1,1,MCTS_CheckersHeuristic
916401127,Checkers,0,GAME_OVER,92,91,2,176,1,MCTS_CheckersHeuristic,1,1,1,MCTS_CheckersHeuristic
-316770195,Checkers,0,GAME_OVER,72,71,2,177,1,MCTS_CheckersHeuristic,1,2,2,MCTS_CheckersHeuristic
1529785066,Checkers,0,GAME_OVER,47,46,2,178,1,MCTS_CheckersHeuristic,1,2,2,MCTS_CheckersHeuristic
-1711131838,Checkers,0,GAME_OVER,90,89,2,179,2,MCTS_CheckersHeuristic,2,1,1,MCTS_CheckersHeuristic
-1296714322,Checkers,0,GAME_OVER,91,90,2,180,2,MCTS_CheckersHeuristic,2,1,1,MCTS_CheckersHeuristic
-1163081493,Checkers,0,GAME_OVER,93,92,2,181,1,MCTS_CheckersHeuristic,1,1,1,MCTS_CheckersHeuristic
-777583686,Checkers,0,GAME_OVER,39,38,2,182,1,MCTS_CheckersHeuristic,1,2,2,MCTS_CheckersHeuristic
1930129797,Checkers,0,GAME_OVER,37,36,2,183,1,MCTS_CheckersHeuristic,1,2,2,MCTS_CheckersHeuristic
-571651676,Checkers,0,GAME_OVER,49,48,2,184,2,MCTS_CheckersHeuristic,2,1,1,MCTS_CheckersHeuristic
563723613,Checkers,0,GAME_OVER,84,83,2,185,1,MCTS_CheckersHeuristic,1,1,1,MCTS_CheckersHeuristic
1842356038,Checkers,0,GAME_OVER,92,91,2,186,2,MCTS_CheckersHeuristic,2,1,1,MCTS_CheckersHeuristic
-664480686,Checkers,0,GAME_OVER,99,98,2,187,2,MCTS_CheckersHeuristic,2,1,1,MCTS_CheckersHeuristic
-1824489785,Checkers,0,GAME_OVER,38,37,2,188,1,MCTS_CheckersHeuristic,1,2,2,MCTS_CheckersHeuristic
1809196511,Checkers,0,GAME_OVER,76,75,2,189,1,MCTS_CheckersHeuristic,1,2,2,MCTS_CheckersHeuristic
1031488773,Checkers,0,GAME_OVER,114,113,2,190,1,MCTS_CheckersHeuristic,1,1,1,MCTS_CheckersHeuristic
1897020361,Checkers,0,GAME_OVER,87,86,2,191,1,MCTS_CheckersHeuristic,1,1,1,MCTS_CheckersHeuristic
1189077792,Checkers,0,GAME_OVER,52,51,2,192,1,MCTS_CheckersHeuristic,1,2,2,MCTS_CheckersHeuristic
-690767993,Checkers,0,GAME_OVER,76,75,2,193,1,MCTS_CheckersHeuristic,1,2,2,MCTS_CheckersHeuristic
-1610962381,Checkers,0,GAME_OVER,98,97,2,194,1,MCTS_CheckersHeuristic,1,1,1,MCTS_CheckersHeuristic
1899979476,Checkers,0,GAME_OVER,39,38,2,195,1,MCTS_CheckersHeuristic,1,2,2,MCTS_CheckersHeuristic
-308341376,Checkers,0,GAME_OVER,48,47,2,196,1,MCTS_CheckersHeuristic,1,2,2,MCTS_CheckersHeuristic
-335497711,Checkers,0,GAME_OVER,44,43,2,197,2,MCTS_CheckersHeuristic,2,1,1,MCTS_CheckersHeuristic
-1469971297,Checkers,0,GAME_OVER,78,77,2,198,1,MCTS_CheckersHeuristic,1,1,1,MCTS_CheckersHeuristic
-1491543193,Checkers,0,GAME_OVER,44,43,2,199,1,MCTS_CheckersHeuristic,1,2,2,MCTS_CheckersHeuristic
-290634132,Checkers,0,GAME_OVER,104,103,2,200,1,MCTS_CheckersHeuristic,1,1,1,MCTS_CheckersHeuristic
-1457384514,Checkers,0,GAME_OVER,55,54,2,201,2,MCTS_CheckersHeuristic,2,1,1,MCTS_CheckersHeuristic
-787702671,Checkers,0,GAME_OVER,52,51,2,202,2,MCTS_CheckersHeuristic,2,1,1,OSLA
-2062906404,Checkers,0,GAME_OVER,39,38,2,203,2,MCTS_CheckersHeuristic,2,1,1,OSLA
-176736144,Checkers,0,GAME_OVER,43,42,2,204,2,MCTS_CheckersHeuristic,2,1,1,OSLA
222647469,Checkers,0,GAME_OVER,93,92,2,205,2,MCTS_CheckersHeuristic,2,1,1,OSLA
-586756155,Checkers,0,GAME_OVER,39,38,2,206,2,MCTS_CheckersHeuristic,2,1,1,OSLA
1234647345,Checkers,0,GAME_OVER,40,39,2,207,2,MCTS_CheckersHeuristic,2,1,1,OSLA
-2043222127,Checkers,0,GAME_OVER,36,35,2,208,2,MCTS_CheckersHeuristic,2,1,1,OSLA
1038511446,Checkers,0,GAME_OVER,55,54,2,209,2,MCTS_CheckersHeuristic,2,1,1,OSLA
404103070,Checkers,0,GAME_OVER,29,28,2,210,2,MCTS_CheckersHeuristic,2,1,1,OSLA
-236095770,Checkers,0,GAME_OVER,102,101,2,211,2,MCTS_CheckersHeuristic,2,1,1,OSLA
-635241784,Checkers,0,GAME_OVER,31,30,2,212,2,MCTS_CheckersHeuristic,2,1,1,OSLA
-1219981600,Checkers,0,GAME_OVER,58,57,2,213,2,MCTS_CheckersHeuristic,2,1,1,OSLA
-419788009,Checkers,0,GAME_OVER,40,39,2,214,2,MCTS_CheckersHeuristic,2,1,1,OSLA
-2011432280,Checkers,0,GAME_OVER,128,127,2,215,1,MCTS_CheckersHeuristic,1,1,1,OSLA
1893833513,Checkers,0,GAME_OVER,45,44,2,216,2,MCTS_CheckersHeuristic,2,1,1,OSLA
-75069639,Checkers,0,GAME_OVER,34,33,2,217,2,MCTS_CheckersHeuristic,2,1,1,OSLA
1806776348,Checkers,0,GAME_OVER,52,51,2,218,2,MCTS_CheckersHeuristic,2,1,1,OSLA
411173053,Checkers,0,GAME_OVER,48,47,2,219,2,MCTS_CheckersHeuristic,2,1,1,OSLA
2066352668,Checkers,0,GAME_OVER,68,67,2,220,2,MCTS_CheckersHeuristic,2,1,1,OSLA
723274559,Checkers,0,GAME_OVER,49,48,2,221,2,MCTS_CheckersHeuristic,2,1,1,OSLA
-1150974147,Checkers,0,GAME_OVER,41,40,2,222,2,MCTS_CheckersHeuristic,2,1,1,OSLA
1622488392,Checkers,0,GAME_OVER,41,40,2,223,2,MCTS_CheckersHeuristic,2,1,1,OSLA
-454292657,Checkers,0,GAME_OVER,50,49,2,224,2,MCTS_CheckersHeuristic,2,1,1,OSLA
97536938,Checkers,0,GAME_OVER,50,49,2,225,2,MCTS_CheckersHeuristic,2,1,1,OSLA
-566292283,Checkers,0,GAME_OVER,86,85,2,226,2,MCTS_CheckersHeuristic,2,1,1,OSLA
1913023947,Checkers,0,GAME_OVER,40,39,2,227,2,MCTS_CheckersHeuristic,2,1,1,OSLA
1143962093,Checkers,0,GAME_OVER,46,45,2,228,2,MCTS_CheckersHeuristic,2,1,1,OSLA
602059816,Checkers,0,GAME_OVER,46,45,2,229,2,MCTS_CheckersHeuristic,2,1,1,OSLA
141156107,Checkers,0,GAME_OVER,36,35,2,230,2,MCTS_CheckersHeuristic,2,1,1,OSLA
-69601556,Checkers,0,GAME_OVER,53,52,2,231,2,MCTS_CheckersHeuristic,2,1,1,OSLA
2134605072,Checkers,0,GAME_OVER,46,45,2,232,2,MCTS_CheckersHeuristic,2,1,1,OSLA
-523306807,Checkers,0,GAME_OVER,35,34,2,233,2,MCTS_CheckersHeuristic,2,1,1,OSLA
-2085127673,Checkers,0,GAME_OVER,81,80,2,234,2,MCTS_CheckersHeuristic,2,1,1,OSLA
2047900283,Checkers,0,GAME_OVER,39,38,2,235,2,MCTS_CheckersHeuristic,2,1,1,OSLA
1368919923,Checkers,0,GAME_OVER,36,35,2,236,2,MCTS_CheckersHeuristic,2,1,1,OSLA
-1899080291,Checkers,0,GAME_OVER,53,52,2,237,2,MCTS_CheckersHeuristic,2,1,1,OSLA
-1072916441,Checkers,0,GAME_OVER,119,118,2,238,1,MCTS_CheckersHeuristic,1,1,1,OSLA
-1677082189,Checkers,0,GAME_OVER,37,36,2,239,2,MCTS_CheckersHeuristic,2,1,1,OSLA
-1317810581,Checkers,0,GAME_OVER,34,33,2,240,2,MCTS_CheckersHeuristic,2,1,1,OSLA
2081432730,Checkers,0,GAME_OVER,42,41,2,241,2,MCTS_CheckersHeuristic,2,1,1,OSLA
263751779,Checkers,0,GAME_OVER,34,33,2,242,2,MCTS_CheckersHeuristic,2,1,1,OSLA
563795903,Checkers,0,GAME_OVER,36,35,2,243,2,MCTS_CheckersHeuristic,2,1,1,OSLA
1361265687,Checkers,0,GAME_OVER,38,37,2,244,2,MCTS_CheckersHeuristic,2,1,1,OSLA
-226021949,Checkers,0,GAME_OVER,36,35,2,245,2,MCTS_CheckersHeuristic,2,1,1,OSLA
554740110,Checkers,0,GAME_OVER,69,68,2,246,2,MCTS_CheckersHeuristic,2,1,1,OSLA
686116992,Checkers,0,GAME_OVER,47,46,2,247,2,MCTS_CheckersHeuristic,2,1,1,OSLA
1645093078,Checkers,0,GAME_OVER,45,44,2,248,2,MCTS_CheckersHeuristic,2,1,1,OSLA
-411478649,Checkers,0,GAME_OVER,31,30,2,249,2,MCTS_CheckersHeuristic,2,1,1,OSLA
1367048943,Checkers,0,GAME_OVER,52,51,2,250,2,MCTS_CheckersHeuristic,2,1,1,OSLA
-2104117363,Checkers,0,GAME_OVER,71,70,2,251,2,MCTS_CheckersHeuristic,2,1,1,OSLA
1521620985,Checkers,0,GAME_OVER,128,127,2,252,1,MCTS_CheckersHeuristic,1,1,1,OSLA
1794198886,Checkers,0,GAME_OVER,38,37,2,253,2,MCTS_CheckersHeuristic,2,1,1,OSLA
1421627920,Checkers,0,GAME_OVER,43,42,2,254,2,MCTS_CheckersHeuristic,2,1,1,OSLA
1709927291,Checkers,0,GAME_OVER,33,32,2,255,2,MCTS_CheckersHeuristic,2,1,1,OSLA
-945138759,Checkers,0,GAME_OVER,28,27,2,256,2,MCTS_CheckersHeuristic,2,1,1,OSLA
-687330598,Checkers,0,GAME_OVER,42,41,2,257,2,MCTS_CheckersHeuristic,2,1,1,OSLA
1191780821,Checkers,0,GAME_OVER,39,38,2,258,2,MCTS_CheckersHeuristic,2,1,1,OSLA
-1689491107,Checkers,0,GAME_OVER,51,50,2,259,2,MCTS_CheckersHeuristic,2,1,1,OSLA
1260762219,Checkers,0,GAME_OVER,41,40,2,260,1,MCTS_CheckersHeuristic,1,2,2,OSLA
771164276,Checkers,0,GAME_OVER,52,51,2,261,2,MCTS_CheckersHeuristic,2,1,1,OSLA
1451409103,Checkers,0,GAME_OVER,49,48,2,262,2,MCTS_CheckersHeuristic,2,1,1,OSLA
2135673998,Checkers,0,GAME_OVER,56,55,2,263,2,MCTS_CheckersHeuristic,2,1,1,OSLA
2116374257,Checkers,0,GAME_OVER,39,38,2,264,2,MCTS_CheckersHeuristic,2,1,1,OSLA
1379865924,Checkers,0,GAME_OVER,39,38,2,265,2,MCTS_CheckersHeuristic,2,1,1,OSLA
-1840833326,Checkers,0,GAME_OVER,49,48,2,266,2,MCTS_CheckersHeuristic,2,1,1,OSLA
-1322121555,Checkers,0,GAME_OVER,76,75,2,267,1,MCTS_CheckersHeuristic,1,1,1,OSLA
-1098916237,Checkers,0,GAME_OVER,36,35,2,268,2,MCTS_CheckersHeuristic,2,1,1,OSLA
-1070025090,Checkers,0,GAME_OVER,90,89,2,269,1,MCTS_CheckersHeuristic,1,1,1,OSLA
-1077149244,Checkers,0,GAME_OVER,100,99,2,270,1,MCTS_CheckersHeuristic,1,1,1,OSLA
-1283320856,Checkers,0,GAME_OVER,40,39,2,271,2,MCTS_CheckersHeuristic,2,1,1,OSLA
1530797391,Checkers,0,GAME_OVER,59,58,2,272,2,MCTS_CheckersHeuristic,2,1,1,OSLA
37789529,Checkers,0,GAME_OVER,51,50,2,273,2,MCTS_CheckersHeuristic,2,1,1,OSLA
330893752,Checkers,0,GAME_OVER,48,47,2,274,2,MCTS_CheckersHeuristic,2,1,1,OSLA
-1696125059,Checkers,0,GAME_OVER,43,42,2,275,2,MCTS_CheckersHeuristic,2,1,1,OSLA
-2119222963,Checkers,0,GAME_OVER,102,101,2,276,1,MCTS_CheckersHeuristic,1,1,1,OSLA
985924410,Checkers,0,GAME_OVER,48,47,2,277,2,MCTS_CheckersHeuristic,2,1,1,OSLA
1599428666,Checkers,0,GAME_OVER,38,37,2,278,2,MCTS_CheckersHeuristic,2,1,1,OSLA
1152044158,Checkers,0,GAME_OVER,51,50,2,279,2,MCTS_CheckersHeuristic,2,1,1,OSLA
-1210853609,Checkers,0,GAME_OVER,32,31,2,280,2,MCTS_CheckersHeuristic,2,1,1,OSLA
802899473,Checkers,0,GAME_OVER,36,35,2,281,2,MCTS_CheckersHeuristic,2,1,1,OSLA
1343130348,Checkers,0,GAME_OVER,51,50,2,282,2,MCTS_CheckersHeuristic,2,1,1,OSLA
-1718954284,Checkers,0,GAME_OVER,35,34,2,283,2,MCTS_CheckersHeuristic,2,1,1,OSLA
934369511,Checkers,0,GAME_OVER,49,48,2,284,2,MCTS_CheckersHeuristic,2,1,1,OSLA
1161088771,Checkers,0,GAME_OVER,39,38,2,285,2,MCTS_CheckersHeuristic,2,1,1,OSLA
954450257,Checkers,0,GAME_OVER,43,42,2,286,2,MCTS_CheckersHeuristic,2,1,1,OSLA
-2000387963,Checkers,0,GAME_OVER,38,37,2,287,2,MCTS_CheckersHeuristic,2,1,1,OSLA
-1173988222,Checkers,0,GAME_OVER,44,43,2,288,1,MCTS_CheckersHeuristic,1,2,2,OSLA
-1459101367,Checkers,0,GAME_OVER,60,59,2,289,2,MCTS_CheckersHeuristic,2,1,1,OSLA
249089512,Checkers,0,GAME_OVER,79,78,2,290,1,MCTS_CheckersHeuristic,1,1,1,OSLA
-1717035207,Checkers,0,GAME_OVER,33,32,2,291,2,MCTS_CheckersHeuristic,2,1,1,OSLA
-118184860,Checkers,0,GAME_OVER,56,55,2,292,2,MCTS_CheckersHeuristic,2,1,1,OSLA
-1310613673,Checkers,0,GAME_OVER,88,87,2,293,2,MCTS_CheckersHeuristic,2,1,1,OSLA
-1488788356,Checkers,0,GAME_OVER,46,45,2,294,2,MCTS_CheckersHeuristic,2,1,1,OSLA
-464593415,Checkers,0,GAME_OVER,76,75,2,295,2,MCTS_CheckersHeuristic,2,1,1,OSLA
-1413226436,Checkers,0,GAME_OVER,32,31,2,296,2,MCTS_CheckersHeuristic,2,1,1,OSLA
1939643456,Checkers,0,GAME_OVER,70,69,2,297,2,MCTS_CheckersHeuristic,2,1,1,OSLA
1375820218,Checkers,0,GAME_OVER,56,55,2,298,2,MCTS_CheckersHeuristic,2,1,1,OSLA
-1403828422,Checkers,0,GAME_OVER,41,40,2,299,2,MCTS_CheckersHeuristic,2,1,1,OSLA
-417068902,Checkers,0,GAME_OVER,36,35,2,300,2,MCTS_CheckersHeuristic,2,1,1,OSLA
-67788968,Checkers,0,GAME_OVER,36,35,2,301,2,MCTS_CheckersHeuristic,2,1,1,OSLA
-540391421,Checkers,0,GAME_OVER,45,44,2,302,2,MCTS_CheckersHeuristic,2,1,1,OSLA
-1225135334,Checkers,0,GAME_OVER,45,44,2,303,2,MCTS_CheckersHeuristic,2,1,1,OSLA
-1869790746,Checkers,0,GAME_OVER,35,34,2,304,2,MCTS_CheckersHeuristic,2,1,1,OSLA
1765178906,Checkers,0,GAME_OVER,39,38,2,305,2,MCTS_CheckersHeuristic,2,1,1,OSLA
1591487875,Checkers,0,GAME_OVER,60,59,2,306,2,MCTS_CheckersHeuristic,2,1,1,OSLA
1229432296,Checkers,0,GAME_OVER,60,59,2,307,2,MCTS_CheckersHeuristic,2,1,1,OSLA
180779668,Checkers,0,GAME_OVER,37,36,2,308,2,MCTS_CheckersHeuristic,2,1,1,OSLA
1100623948,Checkers,0,GAME_OVER,37,36,2,309,2,MCTS_CheckersHeuristic,2,1,1,OSLA
65197954,Checkers,0,GAME_OVER,32,31,2,310,2,MCTS_CheckersHeuristic,2,1,1,OSLA
-967357718,Checkers,0,GAME_OVER,44,43,2,311,2,MCTS_CheckersHeuristic,2,1,1,OSLA
-59033451,Checkers,0,GAME_OVER,64,63,2,312,2,MCTS_CheckersHeuristic,2,1,1,OSLA
-1768193439,Checkers,0,GAME_OVER,32,31,2,313,2,MCTS_CheckersHeuristic,2,1,1,OSLA
317665018,Checkers,0,GAME_OVER,111,110,2,314,1,MCTS_CheckersHeuristic,1,1,1,OSLA
1930999641,Checkers,0,GAME_OVER,39,38,2,315,2,MCTS_CheckersHeuristic,2,1,1,OSLA
1398557200,Checkers,0,GAME_OVER,40,39,2,316,1,MCTS_CheckersHeuristic,1,2,2,OSLA
-1231943139,Checkers,0,GAME_OVER,49,48,2,317,2,MCTS_CheckersHeuristic,2,1,1,OSLA
1111931496,Checkers,0,GAME_OVER,36,35,2,318,2,MCTS_CheckersHeuristic,2,1,1,OSLA
2126483888,Checkers,0,GAME_OVER,31,30,2,319,2,MCTS_CheckersHeuristic,2,1,1,OSLA
-1513206447,Checkers,0,GAME_OVER,32,31,2,320,2,MCTS_CheckersHeuristic,2,1,1,OSLA
2132230527,Checkers,0,GAME_OVER,39,38,2,321,2,MCTS_CheckersHeuristic,2,1,1,OSLA
667478247,Checkers,0,GAME_OVER,38,37,2,322,2,MCTS_CheckersHeuristic,2,1,1,OSLA
650656037,Checkers,0,GAME_OVER,43,42,2,323,2,MCTS_CheckersHeuristic,2,1,1,OSLA
1038369793,Checkers,0,GAME_OVER,38,37,2,324,2,MCTS_CheckersHeuristic,2,1,1,OSLA
-169350182,Checkers,0,GAME_OVER,34,33,2,325,2,MCTS_CheckersHeuristic,2,1,1,OSLA
1190492793,Checkers,0,GAME_OVER,38,37,2,326,2,MCTS_CheckersHeuristic,2,1,1,OSLA
1994238327,Checkers,0,GAME_OVER,67,66,2,327,2,MCTS_CheckersHeuristic,2,1,1,OSLA
1234412951,Checkers,0,GAME_OVER,35,34,2,328,2,MCTS_CheckersHeuristic,2,1,1,OSLA
848570692,Checkers,0,GAME_OVER,49,48,2,329,2,MCTS_CheckersHeuristic,2,1,1,OSLA
1518377384,Checkers,0,GAME_OVER,67,66,2,330,2,MCTS_CheckersHeuristic,2,1,1,OSLA
-1739368726,Checkers,0,GAME_OVER,48,47,2,331,2,MCTS_CheckersHeuristic,2,1,1,OSLA
2029167886,Checkers,0,GAME_OVER,42,41,2,332,2,MCTS_CheckersHeuristic,2,1,1,OSLA
194174004,Checkers,0,GAME_OVER,86,85,2,333,1,MCTS_CheckersHeuristic,1,1,1,OSLA
1578531405,Checkers,0,GAME_OVER,86,85,2,334,1,MCTS_CheckersHeuristic,1,1,1,OSLA
-23968113,Checkers,0,GAME_OVER,40,39,2,335,2,MCTS_CheckersHeuristic,2,1,1,OSLA
1126735320,Checkers,0,GAME_OVER,34,33,2,336,2,MCTS_CheckersHeuristic,2,1,1,OSLA
2071151974,Checkers,0,GAME_OVER,65,64,2,337,2,MCTS_CheckersHeuristic,2,1,1,OSLA
-1531342417,Checkers,0,GAME_OVER,34,33,2,338,2,MCTS_CheckersHeuristic,2,1,1,OSLA
-1643583799,Checkers,0,GAME_OVER,99,98,2,339,1,MCTS_CheckersHeuristic,1,1,1,OSLA
-658252783,Checkers,0,GAME_OVER,91,90,2,340,2,MCTS_CheckersHeuristic,2,1,1,OSLA
-1993213438,Checkers,0,GAME_OVER,40,39,2,341,2,MCTS_CheckersHeuristic,2,1,1,OSLA
994294735,Checkers,0,GAME_OVER,36,35,2,342,2,MCTS_CheckersHeuristic,2,1,1,OSLA
639724555,Checkers,0,GAME_OVER,43,42,2,343,2,MCTS_CheckersHeuristic,2,1,1,OSLA
-1515768840,Checkers,0,GAME_OVER,68,67,2,344,2,MCTS_CheckersHeuristic,2,1,1,OSLA
1197774844,Checkers,0,GAME_OVER,31,30,2,345,2,MCTS_CheckersHeuristic,2,1,1,OSLA
-700194303,Checkers,0,GAME_OVER,31,30,2,346,2,MCTS_CheckersHeuristic,2,1,1,OSLA
1421522406,Checkers,0,GAME_OVER,39,38,2,347,1,MCTS_CheckersHeuristic,1,2,2,OSLA
284499098,Checkers,0,GAME_OVER,39,38,2,348,2,MCTS_CheckersHeuristic,2,1,1,OSLA
2067913917,Checkers,0,GAME_OVER,72,71,2,349,2,MCTS_CheckersHeuristic,2,1,1,OSLA
1274476222,Checkers,0,GAME_OVER,93,92,2,350,2,MCTS_CheckersHeuristic,2,1,1,OSLA
-1763966910,Checkers,0,GAME_OVER,40,39,2,351,2,MCTS_CheckersHeuristic,2,1,1,OSLA
-1115340337,Checkers,0,GAME_OVER,37,36,2,352,2,MCTS_CheckersHeuristic,2,1,1,OSLA
-725483005,Checkers,0,GAME_OVER,34,33,2,353,2,MCTS_CheckersHeuristic,2,1,1,OSLA
-407610696,Checkers,0,GAME_OVER,58,57,2,354,2,MCTS_CheckersHeuristic,2,1,1,OSLA
1998316779,Checkers,0,GAME_OVER,55,54,2,355,2,MCTS_CheckersHeuristic,2,1,1,OSLA
-187907734,Checkers,0,GAME_OVER,34,33,2,356,2,MCTS_CheckersHeuristic,2,1,1,OSLA
-1636989691,Checkers,0,GAME_OVER,43,42,2,357,2,MCTS_CheckersHeuristic,2,1,1,OSLA
-653066449,Checkers,0,GAME_OVER,34,33,2,358,2,MCTS_CheckersHeuristic,2,1,1,OSLA
-893947569,Checkers,0,GAME_OVER,46,45,2,359,2,MCTS_CheckersHeuristic,2,1,1,OSLA
-1611626581,Checkers,0,GAME_OVER,40,39,2,360,2,MCTS_CheckersHeuristic,2,1,1,OSLA
472824794,Checkers,0,GAME_OVER,46,45,2,361,2,MCTS_CheckersHeuristic,2,1,1,OSLA
1334696323,Checkers,0,GAME_OVER,78,77,2,362,1,MCTS_CheckersHeuristic,1,1,1,OSLA
450778245,Checkers,0,GAME_OVER,35,34,2,363,2,MCTS_CheckersHeuristic,2,1,1,OSLA
1916567288,Checkers,0,GAME_OVER,34,33,2,364,2,MCTS_CheckersHeuristic,2,1,1,OSLA
-958604006,Checkers,0,GAME_OVER,43,42,2,365,2,MCTS_CheckersHeuristic,2,1,1,OSLA
12811273,Checkers,0,GAME_OVER,58,57,2,366,2,MCTS_CheckersHeuristic,2,1,1,OSLA
-1400542831,Checkers,0,GAME_OVER,39,38,2,367,2,MCTS_CheckersHeuristic,2,1,1,OSLA
-726563124,Checkers,0,GAME_OVER,38,37,2,368,2,MCTS_CheckersHeuristic,2,1,1,OSLA
1685937605,Checkers,0,GAME_OVER,90,89,2,369,1,MCTS_CheckersHeuristic,1,1,1,OSLA
2094393377,Checkers,0,GAME_OVER,36,35,2,370,2,MCTS_CheckersHeuristic,2,1,1,OSLA
-2040454682,Checkers,0,GAME_OVER,51,50,2,371,2,MCTS_CheckersHeuristic,2,1,1,OSLA
386360815,Checkers,0,GAME_OVER,34,33,2,372,2,MCTS_CheckersHeuristic,2,1,1,OSLA
94554467,Checkers,0,GAME_OVER,38,37,2,373,2,MCTS_CheckersHeuristic,2,1,1,OSLA
-1087574649,Checkers,0,GAME_OVER,39,38,2,374,2,MCTS_CheckersHeuristic,2,1,1,OSLA
1857917995,Checkers,0,GAME_OVER,45,44,2,375,1,MCTS_CheckersHeuristic,1,2,2,OSLA
916401127,Checkers,0,GAME_OVER,38,37,2,376,2,MCTS_CheckersHeuristic,2,1,1,OSLA
-316770195,Checkers,0,GAME_OVER,47,46,2,377,2,MCTS_CheckersHeuristic,2,1,1,OSLA
1529785066,Checkers,0,GAME_OVER,36,35,2,378,2,MCTS_CheckersHeuristic,2,1,1,OSLA
-1711131838,Checkers,0,GAME_OVER,41,40,2,379,2,MCTS_CheckersHeuristic,2,1,1,OSLA
-1296714322,Checkers,0,GAME_OVER,62,61,2,380,2,MCTS_CheckersHeuristic,2,1,1,OSLA
-1163081493,Checkers,0,GAME_OVER,30,29,2,381,2,MCTS_CheckersHeuristic,2,1,1,OSLA
-777583686,Checkers,0,GAME_OVER,50,49,2,382,2,MCTS_CheckersHeuristic,2,1,1,OSLA
1930129797,Checkers,0,GAME_OVER,49,48,2,383,2,MCTS_CheckersHeuristic,2,1,1,OSLA
-571651676,Checkers,0,GAME_OVER,54,53,2,384,2,MCTS_CheckersHeuristic,2,1,1,OSLA
563723613,Checkers,0,GAME_OVER,141,140,2,385,1,MCTS_CheckersHeuristic,1,1,1,OSLA
1842356038,Checkers,0,GAME_OVER,57,56,2,386,2,MCTS_CheckersHeuristic,2,1,1,OSLA
-664480686,Checkers,0,GAME_OVER,34,33,2,387,2,MCTS_CheckersHeuristic,2,1,1,OSLA
-1824489785,Checkers,0,GAME_OVER,49,48,2,388,2,MCTS_CheckersHeuristic,2,1,1,OSLA
1809196511,Checkers,0,GAME_OVER,71,70,2,389,2,MCTS_CheckersHeuristic,2,1,1,OSLA
1031488773,Checkers,0,GAME_OVER,46,45,2,390,2,MCTS_CheckersHeuristic,2,1,1,OSLA
1897020361,Checkers,0,GAME_OVER,36,35,2,391,2,MCTS_CheckersHeuristic,2,1,1,OSLA
1189077792,Checkers,0,GAME_OVER,41,40,2,392,2,MCTS_CheckersHeuristic,2,1,1,OSLA
-690767993,Checkers,0,GAME_OVER,41,40,2,393,2,MCTS_CheckersHeuristic,2,1,1,OSLA
-1610962381,Checkers,0,GAME_OVER,43,42,2,394,2,MCTS_CheckersHeuristic,2,1,1,OSLA
1899979476,Checkers,0,GAME_OVER,29,28,2,395,2,MCTS_CheckersHeuristic,2,1,1,OSLA
-308341376,Checkers,0,GAME_OVER,36,35,2,396,2,MCTS_CheckersHeuristic,2,1,1,OSLA
-335497711,Checkers,0,GAME_OVER,44,43,2,397,2,MCTS_CheckersHeuristic,2,1,1,OSLA
-1469971297,Checkers,0,GAME_OVER,137,136,2,398,1,MCTS_CheckersHeuristic,1,1,1,OSLA
-1491543193,Checkers,0,GAME_OVER,35,34,2,399,1,MCTS_CheckersHeuristic,1,2,2,OSLA
-290634132,Checkers,0,GAME_OVER,53,52,2,400,2,MCTS_CheckersHeuristic,2,1,1,OSLA
-1457384514,Checkers,0,GAME_OVER,142,141,2,401,2,MCTS_CheckersHeuristic,2,1,1,OSLA
-787702671,Checkers,0,GAME_OVER,32,31,2,402,2,MCTS_CheckersHeuristic,2,1,1,RandomPlayerConfig
-2062906404,Checkers,0,GAME_OVER,32,31,2,403,2,MCTS_CheckersHeuristic,2,1,1,RandomPlayerConfig
-176736144,Checkers,0,GAME_OVER,41,40,2,404,2,MCTS_CheckersHeuristic,2,1,1,RandomPlayerConfig
222647469,Checkers,0,GAME_OVER,37,36,2,405,2,MCTS_CheckersHeuristic,2,1,1,RandomPlayerConfig
-586756155,Checkers,0,GAME_OVER,35,34,2,406,2,MCTS_CheckersHeuristic,2,1,1,RandomPlayerConfig
1234647345,Checkers,0,GAME_OVER,33,32,2,407,2,MCTS_CheckersHeuristic,2,1,1,RandomPlayerConfig
-2043222127,Checkers,0,GAME_OVER,34,33,2,408,2,MCTS_CheckersHeuristic,2,1,1,RandomPlayerConfig
1038511446,Checkers,0,GAME_OVER,29,28,2,409,2,MCTS_CheckersHeuristic,2,1,1,RandomPlayerConfig
404103070,Checkers,0,GAME_OVER,32,31,2,410,2,MCTS_CheckersHeuristic,2,1,1,RandomPlayerConfig
-236095770,Checkers,0,GAME_OVER,31,30,2,411,2,MCTS_CheckersHeuristic,2,1,1,RandomPlayerConfig
-635241784,Checkers,0,GAME_OVER,29,28,2,412,2,MCTS_CheckersHeuristic,2,1,1,RandomPlayerConfig
-1219981600,Checkers,0,GAME_OVER,34,33,2,413,2,MCTS_CheckersHeuristic,2,1,1,RandomPlayerConfig
-419788009,Checkers,0,GAME_OVER,29,28,2,414,2,MCTS_CheckersHeuristic,2,1,1,RandomPlayerConfig
-2011432280,Checkers,0,GAME_OVER,27,26,2,415,2,MCTS_CheckersHeuristic,2,1,1,RandomPlayerConfig
1893833513,Checkers,0,GAME_OVER,31,30,2,416,2,MCTS_CheckersHeuristic,2,1,1,RandomPlayerConfig
-75069639,Checkers,0,GAME_OVER,31,30,2,417,2,MCTS_CheckersHeuristic,2,1,1,RandomPlayerConfig
1806776348,Checkers,0,GAME_OVER,33,32,2,418,2,MCTS_CheckersHeuristic,2,1,1,RandomPlayerConfig
411173053,Checkers,0,GAME_OVER,35,34,2,419,2,MCTS_CheckersHeuristic,2,1,1,RandomPlayerConfig
2066352668,Checkers,0,GAME_OVER,33,32,2,420,2,MCTS_CheckersHeuristic,2,1,1,RandomPlayerConfig
723274559,Checkers,0,GAME_OVER,34,33,2,421,2,MCTS_CheckersHeuristic,2,1,1,RandomPlayerConfig
-1150974147,Checkers,0,GAME_OVER,26,25,2,422,2,MCTS_CheckersHeuristic,2,1,1,RandomPlayerConfig
1622488392,Checkers,0,GAME_OVER,35,34,2,423,2,MCTS_CheckersHeuristic,2,1,1,RandomPlayerConfig
-454292657,Checkers,0,GAME_OVER,35,34,2,424,2,MCTS_CheckersHeuristic,2,1,1,RandomPlayerConfig
97536938,Checkers,0,GAME_OVER,26,25,2,425,2,MCTS_CheckersHeuristic,2,1,1,RandomPlayerConfig
-566292283,Checkers,0,GAME_OVER,37,36,2,426,2,MCTS_CheckersHeuristic,2,1,1,RandomPlayerConfig
1913023947,Checkers,0,GAME_OVER,29,28,2,427,2,MCTS_CheckersHeuristic,2,1,1,RandomPlayerConfig
1143962093,Checkers,0,GAME_OVER,29,28,2,428,2,MCTS_CheckersHeuristic,2,1,1,RandomPlayerConfig
602059816,Checkers,0,GAME_OVER,35,34,2,429,2,MCTS_CheckersHeuristic,2,1,1,RandomPlayerConfig
141156107,Checkers,0,GAME_OVER,40,39,2,430,2,MCTS_CheckersHeuristic,2,1,1,RandomPlayerConfig
-69601556,Checkers,0,GAME_OVER,35,34,2,431,2,MCTS_CheckersHeuristic,2,1,1,RandomPlayerConfig
2134605072,Checkers,0,GAME_OVER,32,31,2,432,2,MCTS_CheckersHeuristic,2,1,1,RandomPlayerConfig
-523306807,Checkers,0,GAME_OVER,29,28,2,433,2,MCTS_CheckersHeuristic,2,1,1,RandomPlayerConfig
-2085127673,Checkers,0,GAME_OVER,28,27,2,434,2,MCTS_CheckersHeuristic,2,1,1,RandomPlayerConfig
2047900283,Checkers,0,GAME_OVER,24,23,2,435,2,MCTS_CheckersHeuristic,2,1,1,RandomPlayerConfig
1368919923,Checkers,0,GAME_OVER,30,29,2,436,2,MCTS_CheckersHeuristic,2,1,1,RandomPlayerConfig
-1899080291,Checkers,0,GAME_OVER,31,30,2,437,2,MCTS_CheckersHeuristic,2,1,1,RandomPlayerConfig
-1072916441,Checkers,0,GAME_OVER,30,29,2,438,2,MCTS_CheckersHeuristic,2,1,1,RandomPlayerConfig
-1677082189,Checkers,0,GAME_OVER,35,34,2,439,2,MCTS_CheckersHeuristic,2,1,1,RandomPlayerConfig
-1317810581,Checkers,0,GAME_OVER,36,35,2,440,2,MCTS_CheckersHeuristic,2,1,1,RandomPlayerConfig
2081432730,Checkers,0,GAME_OVER,29,28,2,441,2,MCTS_CheckersHeuristic,2,1,1,RandomPlayerConfig
263751779,Checkers,0,GAME_OVER,29,28,2,442,2,MCTS_CheckersHeuristic,2,1,1,RandomPlayerConfig
563795903,Checkers,0,GAME_OVER,33,32,2,443,2,MCTS_CheckersHeuristic,2,1,1,RandomPlayerConfig
1361265687,Checkers,0,GAME_OVER,31,30,2,444,2,MCTS_CheckersHeuristic,2,1,1,RandomPlayerConfig
-226021949,Checkers,0,GAME_OVER,31,30,2,445,2,MCTS_CheckersHeuristic,2,1,1,RandomPlayerConfig
554740110,Checkers,0,GAME_OVER,31,30,2,446,2,MCTS_CheckersHeuristic,2,1,1,RandomPlayerConfig
686116992,Checkers,0,GAME_OVER,35,34,2,447,2,MCTS_CheckersHeuristic,2,1,1,RandomPlayerConfig
1645093078,Checkers,0,GAME_OVER,38,37,2,448,2,MCTS_CheckersHeuristic,2,1,1,RandomPlayerConfig
-411478649,Checkers,0,GAME_OVER,29,28,2,449,2,MCTS_CheckersHeuristic,2,1,1,RandomPlayerConfig
1367048943,Checkers,0,GAME_OVER,34,33,2,450,2,MCTS_CheckersHeuristic,2,1,1,RandomPlayerConfig
-2104117363,Checkers,0,GAME_OVER,37,36,2,451,2,MCTS_CheckersHeuristic,2,1,1,RandomPlayerConfig
1521620985,Checkers,0,GAME_OVER,26,25,2,452,2,MCTS_CheckersHeuristic,2,1,1,RandomPlayerConfig
1794198886,Checkers,0,GAME_OVER,31,30,2,453,2,MCTS_CheckersHeuristic,2,1,1,RandomPlayerConfig
1421627920,Checkers,0,GAME_OVER,26,25,2,454,2,MCTS_CheckersHeuristic,2,1,1,RandomPlayerConfig
1709927291,Checkers,0,GAME_OVER,33,32,2,455,2,MCTS_CheckersHeuristic,2,1,1,RandomPlayerConfig
-945138759,Checkers,0,GAME_OVER,26,25,2,456,2,MCTS_CheckersHeuristic,2,1,1,RandomPlayerConfig
-687330598,Checkers,0,GAME_OVER,35,34,2,457,2,MCTS_CheckersHeuristic,2,1,1,RandomPlayerConfig
1191780821,Checkers,0,GAME_OVER,27,26,2,458,2,MCTS_CheckersHeuristic,2,1,1,RandomPlayerConfig
-1689491107,Checkers,0,GAME_OVER,29,28,2,459,2,MCTS_CheckersHeuristic,2,1,1,RandomPlayerConfig
1260762219,Checkers,0,GAME_OVER,35,34,2,460,2,MCTS_CheckersHeuristic,2,1,1,RandomPlayerConfig
771164276,Checkers,0,GAME_OVER,50,49,2,461,2,MCTS_CheckersHeuristic,2,1,1,RandomPlayerConfig
1451409103,Checkers,0,GAME_OVER,37,36,2,462,2,MCTS_CheckersHeuristic,2,1,1,RandomPlayerConfig
2135673998,Checkers,0,GAME_OVER,28,27,2,463,2,MCTS_CheckersHeuristic,2,1,1,RandomPlayerConfig
2116374257,Checkers,0,GAME_OVER,26,25,2,464,2,MCTS_CheckersHeuristic,2,1,1,RandomPlayerConfig
1379865924,Checkers,0,GAME_OVER,34,33,2,465,2,MCTS_CheckersHeuristic,2,1,1,RandomPlayerConfig
-1840833326,Checkers,0,GAME_OVER,26,25,2,466,2,MCTS_CheckersHeuristic,2,1,1,RandomPlayerConfig
-1322121555,Checkers,0,GAME_OVER,32,31,2,467,2,MCTS_CheckersHeuristic,2,1,1,RandomPlayerConfig
-1098916237,Checkers,0,GAME_OVER,32,31,2,468,2,MCTS_CheckersHeuristic,2,1,1,RandomPlayerConfig
-1070025090,Checkers,0,GAME_OVER,30,29,2,469,2,MCTS_CheckersHeuristic,2,1,1,RandomPlayerConfig
-1077149244,Checkers,0,GAME_OVER,32,31,2,470,2,MCTS_CheckersHeuristic,2,1,1,RandomPlayerConfig
-1283320856,Checkers,0,GAME_OVER,36,35,2,471,2,MCTS_CheckersHeuristic,2,1,1,RandomPlayerConfig
1530797391,Checkers,0,GAME_OVER,34,33,2,472,2,MCTS_CheckersHeuristic,2,1,1,RandomPlayerConfig
37789529,Checkers,0,GAME_OVER,36,35,2,473,2,MCTS_CheckersHeuristic,2,1,1,RandomPlayerConfig
330893752,Checkers,0,GAME_OVER,32,31,2,474,2,MCTS_CheckersHeuristic,2,1,1,RandomPlayerConfig
-1696125059,Checkers,0,GAME_OVER,31,30,2,475,2,MCTS_CheckersHeuristic,2,1,1,RandomPlayerConfig
-2119222963,Checkers,0,GAME_OVER,29,28,2,476,2,MCTS_CheckersHeuristic,2,1,1,RandomPlayerConfig
985924410,Checkers,0,GAME_OVER,38,37,2,477,2,MCTS_CheckersHeuristic,2,1,1,RandomPlayerConfig
1599428666,Checkers,0,GAME_OVER,30,29,2,478,2,MCTS_CheckersHeuristic,2,1,1,RandomPlayerConfig
1152044158,Checkers,0,GAME_OVER,34,33,2,479,2,MCTS_CheckersHeuristic,2,1,1,RandomPlayerConfig
-1210853609,Checkers,0,GAME_OVER,25,24,2,480,2,MCTS_CheckersHeuristic,2,1,1,RandomPlayerConfig
802899473,Checkers,0,GAME_OVER,34,33,2,481,2,MCTS_CheckersHeuristic,2,1,1,RandomPlayerConfig
1343130348,Checkers,0,GAME_OVER,26,25,2,482,2,MCTS_CheckersHeuristic,2,1,1,RandomPlayerConfig
-1718954284,Checkers,0,GAME_OVER,34,33,2,483,2,MCTS_CheckersHeuristic,2,1,1,RandomPlayerConfig
934369511,Checkers,0,GAME_OVER,35,34,2,484,2,MCTS_CheckersHeuristic,2,1,1,RandomPlayerConfig
1161088771,Checkers,0,GAME_OVER,32,31,2,485,2,MCTS_CheckersHeuristic,2,1,1,RandomPlayerConfig
954450257,Checkers,0,GAME_OVER,29,28,2,486,2,MCTS_CheckersHeuristic,2,1,1,RandomPlayerConfig
-2000387963,Checkers,0,GAME_OVER,32,31,2,487,2,MCTS_CheckersHeuristic,2,1,1,RandomPlayerConfig
-1173988222,Checkers,0,GAME_OVER,37,36,2,488,2,MCTS_CheckersHeuristic,2,1,1,RandomPlayerConfig
-1459101367,Checkers,0,GAME_OVER,34,33,2,489,2,MCTS_CheckersHeuristic,2,1,1,RandomPlayerConfig
249089512,Checkers,0,GAME_OVER,32,31,2,490,2,MCTS_CheckersHeuristic,2,1,1,RandomPlayerConfig
-1717035207,Checkers,0,GAME_OVER,27,26,2,491,2,MCTS_CheckersHeuristic,2,1,1,RandomPlayerConfig
-118184860,Checkers,0,GAME_OVER,27,26,2,492,2,MCTS_CheckersHeuristic,2,1,1,RandomPlayerConfig
-1310613673,Checkers,0,GAME_OVER,33,32,2,493,2,MCTS_CheckersHeuristic,2,1,1,RandomPlayerConfig
-1488788356,Checkers,0,GAME_OVER,38,37,2,494,2,MCTS_CheckersHeuristic,2,1,1,RandomPlayerConfig
-464593415,Checkers,0,GAME_OVER,24,23,2,495,2,MCTS_CheckersHeuristic,2,1,1,RandomPlayerConfig
-1413226436,Checkers,0,GAME_OVER,29,28,2,496,2,MCTS_CheckersHeuristic,2,1,1,RandomPlayerConfig
1939643456,Checkers,0,GAME_OVER,30,29,2,497,2,MCTS_CheckersHeuristic,2,1,1,RandomPlayerConfig
1375820218,Checkers,0,GAME_OVER,36,35,2,498,2,MCTS_CheckersHeuristic,2,1,1,RandomPlayerConfig
-1403828422,Checkers,0,GAME_OVER,34,33,2,499,2,MCTS_CheckersHeuristic,2,1,1,RandomPlayerConfig
-417068902,Checkers,0,GAME_OVER,25,24,2,500,2,MCTS_CheckersHeuristic,2,1,1,RandomPlayerConfig
-67788968,Checkers,0,GAME_OVER,29,28,2,501,2,MCTS_CheckersHeuristic,2,1,1,RandomPlayerConfig
-540391421,Checkers,0,GAME_OVER,37,36,2,502,2,MCTS_CheckersHeuristic,2,1,1,RandomPlayerConfig
-1225135334,Checkers,0,GAME_OVER,28,27,2,503,2,MCTS_CheckersHeuristic,2,1,1,RandomPlayerConfig
-1869790746,Checkers,0,GAME_OVER,26,25,2,504,2,MCTS_CheckersHeuristic,2,1,1,RandomPlayerConfig
1765178906,Checkers,0,GAME_OVER,27,26,2,505,2,MCTS_CheckersHeuristic,2,1,1,RandomPlayerConfig
1591487875,Checkers,0,GAME_OVER,28,27,2,506,2,MCTS_CheckersHeuristic,2,1,1,RandomPlayerConfig
1229432296,Checkers,0,GAME_OVER,23,22,2,507,2,MCTS_CheckersHeuristic,2,1,1,RandomPlayerConfig
180779668,Checkers,0,GAME_OVER,26,25,2,508,2,MCTS_CheckersHeuristic,2,1,1,RandomPlayerConfig
1100623948,Checkers,0,GAME_OVER,30,29,2,509,2,MCTS_CheckersHeuristic,2,1,1,RandomPlayerConfig
65197954,Checkers,0,GAME_OVER,36,35,2,510,2,MCTS_CheckersHeuristic,2,1,1,RandomPlayerConfig
-967357718,Checkers,0,GAME_OVER,33,32,2,511,2,MCTS_CheckersHeuristic,2,1,1,RandomPlayerConfig
-59033451,Checkers,0,GAME_OVER,32,31,2,512,2,MCTS_CheckersHeuristic,2,1,1,RandomPlayerConfig
-1768193439,Checkers,0,GAME_OVER,35,34,2,513,2,MCTS_CheckersHeuristic,2,1,1,RandomPlayerConfig
317665018,Checkers,0,GAME_OVER,29,28,2,514,2,MCTS_CheckersHeuristic,2,1,1,RandomPlayerConfig
1930999641,Checkers,0,GAME_OVER,35,34,2,515,2,MCTS_CheckersHeuristic,2,1,1,RandomPlayerConfig
1398557200,Checkers,0,GAME_OVER,33,32,2,516,2,MCTS_CheckersHeuristic,2,1,1,RandomPlayerConfig
-1231943139,Checkers,0,GAME_OVER,28,27,2,517,2,MCTS_CheckersHeuristic,2,1,1,RandomPlayerConfig
1111931496,Checkers,0,GAME_OVER,32,31,2,518,2,MCTS_CheckersHeuristic,2,1,1,RandomPlayerConfig
2126483888,Checkers,0,GAME_OVER,30,29,2,519,2,MCTS_CheckersHeuristic,2,1,1,RandomPlayerConfig
-1513206447,Checkers,0,GAME_OVER,36,35,2,520,2,MCTS_CheckersHeuristic,2,1,1,RandomPlayerConfig
2132230527,Checkers,0,GAME_OVER,28,27,2,521,2,MCTS_CheckersHeuristic,2,1,1,RandomPlayerConfig
667478247,Checkers,0,GAME_OVER,23,22,2,522,2,MCTS_CheckersHeuristic,2,1,1,RandomPlayerConfig
650656037,Checkers,0,GAME_OVER,27,26,2,523,2,MCTS_CheckersHeuristic,2,1,1,RandomPlayerConfig
1038369793,Checkers,0,GAME_OVER,34,33,2,524,2,MCTS_CheckersHeuristic,2,1,1,RandomPlayerConfig
-169350182,Checkers,0,GAME_OVER,39,38,2,525,2,MCTS_CheckersHeuristic,2,1,1,RandomPlayerConfig
1190492793,Checkers,0,GAME_OVER,40,39,2,526,2,MCTS_CheckersHeuristic,2,1,1,RandomPlayerConfig
1994238327,Checkers,0,GAME_OVER,26,25,2,527,2,MCTS_CheckersHeuristic,2,1,1,RandomPlayerConfig
1234412951,Checkers,0,GAME_OVER,26,25,2,528,2,MCTS_CheckersHeuristic,2,1,1,RandomPlayerConfig
848570692,Checkers,0,GAME_OVER,29,28,2,529,2,MCTS_CheckersHeuristic,2,1,1,RandomPlayerConfig
1518377384,Checkers,0,GAME_OVER,35,34,2,530,2,MCTS_CheckersHeuristic,2,1,1,RandomPlayerConfig
-1739368726,Checkers,0,GAME_OVER,36,35,2,531,2,MCTS_CheckersHeuristic,2,1,1,RandomPlayerConfig
2029167886,Checkers,0,GAME_OVER,42,41,2,532,2,MCTS_CheckersHeuristic,2,1,1,RandomPlayerConfig
194174004,Checkers,0,GAME_OVER,33,32,2,533,2,MCTS_CheckersHeuristic,2,1,1,RandomPlayerConfig
1578531405,Checkers,0,GAME_OVER,35,34,2,534,2,MCTS_CheckersHeuristic,2,1,1,RandomPlayerConfig
-23968113,Checkers,0,GAME_OVER,34,33,2,535,2,MCTS_CheckersHeuristic,2,1,1,RandomPlayerConfig
1126735320,Checkers,0,GAME_OVER,37,36,2,536,2,MCTS_CheckersHeuristic,2,1,1,RandomPlayerConfig
2071151974,Checkers,0,GAME_OVER,34,33,2,537,2,MCTS_CheckersHeuristic,2,1,1,RandomPlayerConfig
-1531342417,Checkers,0,GAME_OVER,22,21,2,538,2,MCTS_CheckersHeuristic,2,1,1,RandomPlayerConfig
-1643583799,Checkers,0,GAME_OVER,34,33,2,539,2,MCTS_CheckersHeuristic,2,1,1,RandomPlayerConfig
-658252783,Checkers,0,GAME_OVER,28,27,2,540,2,MCTS_CheckersHeuristic,2,1,1,RandomPlayerConfig
-1993213438,Checkers,0,GAME_OVER,30,29,2,541,2,MCTS_CheckersHeuristic,2,1,1,RandomPlayerConfig
994294735,Checkers,0,GAME_OVER,33,32,2,542,2,MCTS_CheckersHeuristic,2,1,1,RandomPlayerConfig
639724555,Checkers,0,GAME_OVER,27,26,2,543,2,MCTS_CheckersHeuristic,2,1,1,RandomPlayerConfig
-1515768840,Checkers,0,GAME_OVER,25,24,2,544,2,MCTS_CheckersHeuristic,2,1,1,RandomPlayerConfig
1197774844,Checkers,0,GAME_OVER,27,26,2,545,2,MCTS_CheckersHeuristic,2,1,1,RandomPlayerConfig
-700194303,Checkers,0,GAME_OVER,34,33,2,546,2,MCTS_CheckersHeuristic,2,1,1,RandomPlayerConfig
1421522406,Checkers,0,GAME_OVER,25,24,2,547,2,MCTS_CheckersHeuristic,2,1,1,RandomPlayerConfig
284499098,Checkers,0,GAME_OVER,37,36,2,548,2,MCTS_CheckersHeuristic,2,1,1,RandomPlayerConfig
2067913917,Checkers,0,GAME_OVER,36,35,2,549,2,MCTS_CheckersHeuristic,2,1,1,RandomPlayerConfig
1274476222,Checkers,0,GAME_OVER,35,34,2,550,2,MCTS_CheckersHeuristic,2,1,1,RandomPlayerConfig
-1763966910,Checkers,0,GAME_OVER,30,29,2,551,2,MCTS_CheckersHeuristic,2,1,1,RandomPlayerConfig
-1115340337,Checkers,0,GAME_OVER,35,34,2,552,2,MCTS_CheckersHeuristic,2,1,1,RandomPlayerConfig
-725483005,Checkers,0,GAME_OVER,33,32,2,553,2,MCTS_CheckersHeuristic,2,1,1,RandomPlayerConfig
-407610696,Checkers,0,GAME_OVER,30,29,2,554,2,MCTS_CheckersHeuristic,2,1,1,RandomPlayerConfig
1998316779,Checkers,0,GAME_OVER,29,28,2,555,2,MCTS_CheckersHeuristic,2,1,1,RandomPlayerConfig
-187907734,Checkers,0,GAME_OVER,27,26,2,556,2,MCTS_CheckersHeuristic,2,1,1,RandomPlayerConfig
-1636989691,Checkers,0,GAME_OVER,41,40,2,557,2,MCTS_CheckersHeuristic,2,1,1,RandomPlayerConfig
-653066449,Checkers,0,GAME_OVER,31,30,2,558,2,MCTS_CheckersHeuristic,2,1,1,RandomPlayerConfig
-893947569,Checkers,0,GAME_OVER,34,33,2,559,2,MCTS_CheckersHeuristic,2,1,1,RandomPlayerConfig
-1611626581,Checkers,0,GAME_OVER,37,36,2,560,2,MCTS_CheckersHeuristic,2,1,1,RandomPlayerConfig
472824794,Checkers,0,GAME_OVER,27,26,2,561,2,MCTS_CheckersHeuristic,2,1,1,RandomPlayerConfig
1334696323,Checkers,0,GAME_OVER,30,29,2,562,2,MCTS_CheckersHeuristic,2,1,1,RandomPlayerConfig
450778245,Checkers,0,GAME_OVER,35,34,2,563,2,MCTS_CheckersHeuristic,2,1,1,RandomPlayerConfig
1916567288,Checkers,0,GAME_OVER,26,25,2,564,2,MCTS_CheckersHeuristic,2,1,1,RandomPlayerConfig
-958604006,Checkers,0,GAME_OVER,32,31,2,565,2,MCTS_CheckersHeuristic,2,1,1,RandomPlayerConfig
12811273,Checkers,0,GAME_OVER,30,29,2,566,2,MCTS_CheckersHeuristic,2,1,1,RandomPlayerConfig
-1400542831,Checkers,0,GAME_OVER,32,31,2,567,2,MCTS_CheckersHeuristic,2,1,1,RandomPlayerConfig
-726563124,Checkers,0,GAME_OVER,30,29,2,568,2,MCTS_CheckersHeuristic,2,1,1,RandomPlayerConfig
1685937605,Checkers,0,GAME_OVER,30,29,2,569,2,MCTS_CheckersHeuristic,2,1,1,RandomPlayerConfig
2094393377,Checkers,0,GAME_OVER,38,37,2,570,2,MCTS_CheckersHeuristic,2,1,1,RandomPlayerConfig
-2040454682,Checkers,0,GAME_OVER,38,37,2,571,2,MCTS_CheckersHeuristic,2,1,1,RandomPlayerConfig
386360815,Checkers,0,GAME_OVER,35,34,2,572,2,MCTS_CheckersHeuristic,2,1,1,RandomPlayerConfig
94554467,Checkers,0,GAME_OVER,40,39,2,573,2,MCTS_CheckersHeuristic,2,1,1,RandomPlayerConfig
-1087574649,Checkers,0,GAME_OVER,25,24,2,574,2,MCTS_CheckersHeuristic,2,1,1,RandomPlayerConfig
1857917995,Checkers,0,GAME_OVER,34,33,2,575,2,MCTS_CheckersHeuristic,2,1,1,RandomPlayerConfig
916401127,Checkers,0,GAME_OVER,38,37,2,576,2,MCTS_CheckersHeuristic,2,1,1,RandomPlayerConfig
-316770195,Checkers,0,GAME_OVER,34,33,2,577,2,MCTS_CheckersHeuristic,2,1,1,RandomPlayerConfig
1529785066,Checkers,0,GAME_OVER,31,30,2,578,2,MCTS_CheckersHeuristic,2,1,1,RandomPlayerConfig
-1711131838,Checkers,0,GAME_OVER,33,32,2,579,2,MCTS_CheckersHeuristic,2,1,1,RandomPlayerConfig
-1296714322,Checkers,0,GAME_OVER,35,34,2,580,2,MCTS_CheckersHeuristic,2,1,1,RandomPlayerConfig
-1163081493,Checkers,0,GAME_OVER,39,38,2,581,2,MCTS_CheckersHeuristic,2,1,1,RandomPlayerConfig
-777583686,Checkers,0,GAME_OVER,36,35,2,582,2,MCTS_CheckersHeuristic,2,1,1,RandomPlayerConfig
1930129797,Checkers,0,GAME_OVER,32,31,2,583,2,MCTS_CheckersHeuristic,2,1,1,RandomPlayerConfig
-571651676,Checkers,0,GAME_OVER,31,30,2,584,2,MCTS_CheckersHeuristic,2,1,1,RandomPlayerConfig
563723613,Checkers,0,GAME_OVER,37,36,2,585,2,MCTS_CheckersHeuristic,2,1,1,RandomPlayerConfig
1842356038,Checkers,0,GAME_OVER,31,30,2,586,2,MCTS_CheckersHeuristic,2,1,1,RandomPlayerConfig
-664480686,Checkers,0,GAME_OVER,33,32,2,587,2,MCTS_CheckersHeuristic,2,1,1,RandomPlayerConfig
-1824489785,Checkers,0,GAME_OVER,32,31,2,588,2,MCTS_CheckersHeuristic,2,1,1,RandomPlayerConfig
1809196511,Checkers,0,GAME_OVER,33,32,2,589,2,MCTS_CheckersHeuristic,2,1,1,RandomPlayerConfig
1031488773,Checkers,0,GAME_OVER,40,39,2,590,2,MCTS_CheckersHeuristic,2,1,1,RandomPlayerConfig
1897020361,Checkers,0,GAME_OVER,28,27,2,591,2,MCTS_CheckersHeuristic,2,1,1,RandomPlayerConfig
1189077792,Checkers,0,GAME_OVER,29,28,2,592,2,MCTS_CheckersHeuristic,2,1,1,RandomPlayerConfig
-690767993,Checkers,0,GAME_OVER,32,31,2,593,2,MCTS_CheckersHeuristic,2,1,1,RandomPlayerConfig
-1610962381,Checkers,0,GAME_OVER,36,35,2,594,2,MCTS_CheckersHeuristic,2,1,1,RandomPlayerConfig
1899979476,Checkers,0,GAME_OVER,33,32,2,595,2,MCTS_CheckersHeuristic,2,1,1,RandomPlayerConfig
-308341376,Checkers,0,GAME_OVER,29,28,2,596,2,MCTS_CheckersHeuristic,2,1,1,RandomPlayerConfig
-335497711,Checkers,0,GAME_OVER,33,32,2,597,2,MCTS_CheckersHeuristic,2,1,1,RandomPlayerConfig
-1469971297,Checkers,0,GAME_OVER,62,61,2,598,2,MCTS_CheckersHeuristic,2,1,1,RandomPlayerConfig
-1491543193,Checkers,0,GAME_OVER,42,41,2,599,2,MCTS_CheckersHeuristic,2,1,1,RandomPlayerConfig
-290634132,Checkers,0,GAME_OVER,26,25,2,600,2,MCTS_CheckersHeuristic,2,1,1,RandomPlayerConfig
-1457384514,Checkers,0,GAME_OVER,36,35,2,601,2,MCTS_CheckersHeuristic,2,1,1,RandomPlayerConfig
-787702671,Checkers,0,GAME_OVER,96,95,2,602,1,OSLA,1,1,1,MCTS_CheckersHeuristic
-2062906404,Checkers,0,GAME_OVER,34,33,2,603,1,OSLA,1,2,2,MCTS_CheckersHeuristic
-176736144,Checkers,0,GAME_OVER,42,41,2,604,1,OSLA,1,2,2,MCTS_CheckersHeuristic
222647469,Checkers,0,GAME_OVER,40,39,2,605,1,OSLA,1,2,2,MCTS_CheckersHeuristic
-586756155,Checkers,0,GAME_OVER,61,60,2,606,1,OSLA,1,2,2,MCTS_CheckersHeuristic
1234647345,Checkers,0,GAME_OVER,45,44,2,607,1,OSLA,1,2,2,MCTS_CheckersHeuristic
-2043222127,Checkers,0,GAME_OVER,40,39,2,608,1,OSLA,1,2,2,MCTS_CheckersHeuristic
1038511446,Checkers,0,GAME_OVER,40,39,2,609,1,OSLA,1,2,2,MCTS_CheckersHeuristic
404103070,Checkers,0,GAME_OVER,77,76,2,610,1,OSLA,1,2,2,MCTS_CheckersHeuristic
-236095770,Checkers,0,GAME_OVER,36,35,2,611,1,OSLA,1,2,2,MCTS_CheckersHeuristic
-635241784,Checkers,0,GAME_OVER,36,35,2,612,1,OSLA,1,2,2,MCTS_CheckersHeuristic
-1219981600,Checkers,0,GAME_OVER,44,43,2,613,1,OSLA,1,2,2,MCTS_CheckersHeuristic
-419788009,Checkers,0,GAME_OVER,34,33,2,614,1,OSLA,1,2,2,MCTS_CheckersHeuristic
-2011432280,Checkers,0,GAME_OVER,34,33,2,615,1,OSLA,1,2,2,MCTS_CheckersHeuristic
1893833513,Checkers,0,GAME_OVER,30,29,2,616,1,OSLA,1,2,2,MCTS_CheckersHeuristic
-75069639,Checkers,0,GAME_OVER,79,78,2,617,1,OSLA,1,1,1,MCTS_CheckersHeuristic
1806776348,Checkers,0,GAME_OVER,151,150,2,618,1,OSLA,1,1,1,MCTS_CheckersHeuristic
411173053,Checkers,0,GAME_OVER,44,43,2,619,1,OSLA,1,2,2,MCTS_CheckersHeuristic
2066352668,Checkers,0,GAME_OVER,42,41,2,620,1,OSLA,1,2,2,MCTS_CheckersHeuristic
723274559,Checkers,0,GAME_OVER,19,18,2,621,1,OSLA,1,2,2,MCTS_CheckersHeuristic
-1150974147,Checkers,0,GAME_OVER,41,40,2,622,2,OSLA,2,1,1,MCTS_CheckersHeuristic
1622488392,Checkers,0,GAME_OVER,39,38,2,623,1,OSLA,1,2,2,MCTS_CheckersHeuristic
-454292657,Checkers,0,GAME_OVER,43,42,2,624,2,OSLA,2,1,1,MCTS_CheckersHeuristic
97536938,Checkers,0,GAME_OVER,36,35,2,625,1,OSLA,1,2,2,MCTS_CheckersHeuristic
-566292283,Checkers,0,GAME_OVER,33,32,2,626,1,OSLA,1,2,2,MCTS_CheckersHeuristic
1913023947,Checkers,0,GAME_OVER,54,53,2,627,2,OSLA,2,1,1,MCTS_CheckersHeuristic
1143962093,Checkers,0,GAME_OVER,38,37,2,628,1,OSLA,1,2,2,MCTS_CheckersHeuristic
602059816,Checkers,0,GAME_OVER,64,63,2,629,1,OSLA,1,1,1,MCTS_CheckersHeuristic
141156107,Checkers,0,GAME_OVER,36,35,2,630,1,OSLA,1,2,2,MCTS_CheckersHeuristic
-69601556,Checkers,0,GAME_OVER,38,37,2,631,1,OSLA,1,2,2,MCTS_CheckersHeuristic
2134605072,Checkers,0,GAME_OVER,37,36,2,632,1,OSLA,1,2,2,MCTS_CheckersHeuristic
-523306807,Checkers,0,GAME_OVER,30,29,2,633,1,OSLA,1,2,2,MCTS_CheckersHeuristic
-2085127673,Checkers,0,GAME_OVER,41,40,2,634,1,OSLA,1,2,2,MCTS_CheckersHeuristic
2047900283,Checkers,0,GAME_OVER,42,41,2,635,1,OSLA,1,2,2,MCTS_CheckersHeuristic
1368919923,Checkers,0,GAME_OVER,38,37,2,636,1,OSLA,1,2,2,MCTS_CheckersHeuristic
-1899080291,Checkers,0,GAME_OVER,34,33,2,637,1,OSLA,1,2,2,MCTS_CheckersHeuristic
-1072916441,Checkers,0,GAME_OVER,35,34,2,638,1,OSLA,1,2,2,MCTS_CheckersHeuristic
-1677082189,Checkers,0,GAME_OVER,34,33,2,639,1,OSLA,1,2,2,MCTS_CheckersHeuristic
-1317810581,Checkers,0,GAME_OVER,51,50,2,640,2,OSLA,2,1,1,MCTS_CheckersHeuristic
2081432730,Checkers,0,GAME_OVER,74,73,2,641,1,OSLA,1,1,1,MCTS_CheckersHeuristic
263751779,Checkers,0,GAME_OVER,38,37,2,642,1,OSLA,1,2,2,MCTS_CheckersHeuristic
563795903,Checkers,0,GAME_OVER,35,34,2,643,1,OSLA,1,2,2,MCTS_CheckersHeuristic
1361265687,Checkers,0,GAME_OVER,36,35,2,644,1,OSLA,1,2,2,MCTS_CheckersHeuristic
-226021949,Checkers,0,GAME_OVER,49,48,2,645,1,OSLA,1,2,2,MCTS_CheckersHeuristic
554740110,Checkers,0,GAME_OVER,38,37,2,646,1,OSLA,1,2,2,MCTS_CheckersHeuristic
686116992,Checkers,0,GAME_OVER,51,50,2,647,1,OSLA,1,2,2,MCTS_CheckersHeuristic
1645093078,Checkers,0,GAME_OVER,46,45,2,648,1,OSLA,1,2,2,MCTS_CheckersHeuristic
-411478649,Checkers,0,GAME_OVER,34,33,2,649,1,OSLA,1,2,2,MCTS_CheckersHeuristic
1367048943,Checkers,0,GAME_OVER,61,60,2,650,1,OSLA,1,2,2,MCTS_CheckersHeuristic
-2104117363,Checkers,0,GAME_OVER,44,43,2,651,1,OSLA,1,2,2,MCTS_CheckersHeuristic
1521620985,Checkers,0,GAME_OVER,68,67,2,652,1,OSLA,1,2,2,MCTS_CheckersHeuristic
1794198886,Checkers,0,GAME_OVER,66,65,2,653,1,OSLA,1,2,2,MCTS_CheckersHeuristic
1421627920,Checkers,0,GAME_OVER,22,21,2,654,1,OSLA,1,2,2,MCTS_CheckersHeuristic
1709927291,Checkers,0,GAME_OVER,38,37,2,655,1,OSLA,1,2,2,MCTS_CheckersHeuristic
-945138759,Checkers,0,GAME_OVER,25,24,2,656,1,OSLA,1,2,2,MCTS_CheckersHeuristic
-687330598,Checkers,0,GAME_OVER,117,116,2,657,1,OSLA,1,1,1,MCTS_CheckersHeuristic
1191780821,Checkers,0,GAME_OVER,40,39,2,658,1,OSLA,1,2,2,MCTS_CheckersHeuristic
-1689491107,Checkers,0,GAME_OVER,37,36,2,659,1,OSLA,1,2,2,MCTS_CheckersHeuristic
1260762219,Checkers,0,GAME_OVER,44,43,2,660,1,OSLA,1,2,2,MCTS_CheckersHeuristic
771164276,Checkers,0,GAME_OVER,38,37,2,661,1,OSLA,1,2,2,MCTS_CheckersHeuristic
1451409103,Checkers,0,GAME_OVER,44,43,2,662,1,OSLA,1,2,2,MCTS_CheckersHeuristic
2135673998,Checkers,0,GAME_OVER,39,38,2,663,1,OSLA,1,2,2,MCTS_CheckersHeuristic
2116374257,Checkers,0,GAME_OVER,45,44,2,664,1,OSLA,1,2,2,MCTS_CheckersHeuristic
1379865924,Checkers,0,GAME_OVER,41,40,2,665,1,OSLA,1,2,2,MCTS_CheckersHeuristic
-1840833326,Checkers,0,GAME_OVER,47,46,2,666,1,OSLA,1,2,2,MCTS_CheckersHeuristic
-1322121555,Checkers,0,GAME_OVER,44,43,2,667,1,OSLA,1,2,2,MCTS_CheckersHeuristic
-1098916237,Checkers,0,GAME_OVER,45,44,2,668,1,OSLA,1,2,2,MCTS_CheckersHeuristic
-1070025090,Checkers,0,GAME_OVER,41,40,2,669,1,OSLA,1,2,2,MCTS_CheckersHeuristic
-1077149244,Checkers,0,GAME_OVER,54,53,2,670,1,OSLA,1,2,2,MCTS_CheckersHeuristic
-1283320856,Checkers,0,GAME_OVER,35,34,2,671,1,OSLA,1,2,2,MCTS_CheckersHeuristic
1530797391,Checkers,0,GAME_OVER,38,37,2,672,1,OSLA,1,2,2,MCTS_CheckersHeuristic
37789529,Checkers,0,GAME_OVER,97,96,2,673,1,OSLA,1,2,2,MCTS_CheckersHeuristic
330893752,Checkers,0,GAME_OVER,44,43,2,674,1,OSLA,1,2,2,MCTS_CheckersHeuristic
-1696125059,Checkers,0,GAME_OVER,32,31,2,675,1,OSLA,1,2,2,MCTS_CheckersHeuristic
-2119222963,Checkers,0,GAME_OVER,35,34,2,676,1,OSLA,1,2,2,MCTS_CheckersHeuristic
985924410,Checkers,0,GAME_OVER,58,57,2,677,1,OSLA,1,2,2,MCTS_CheckersHeuristic
1599428666,Checkers,0,GAME_OVER,59,58,2,678,1,OSLA,1,2,2,MCTS_CheckersHeuristic
1152044158,Checkers,0,GAME_OVER,46,45,2,679,1,OSLA,1,2,2,MCTS_CheckersHeuristic
-1210853609,Checkers,0,GAME_OVER,49,48,2,680,1,OSLA,1,2,2,MCTS_CheckersHeuristic
802899473,Checkers,0,GAME_OVER,40,39,2,681,1,OSLA,1,2,2,MCTS_CheckersHeuristic
1343130348,Checkers,0,GAME_OVER,42,41,2,682,1,OSLA,1,2,2,MCTS_CheckersHeuristic
-1718954284,Checkers,0,GAME_OVER,136,135,2,683,1,OSLA,1,1,1,MCTS_CheckersHeuristic
934369511,Checkers,0,GAME_OVER,49,48,2,684,1,OSLA,1,2,2,MCTS_CheckersHeuristic
1161088771,Checkers,0,GAME_OVER,38,37,2,685,1,OSLA,1,2,2,MCTS_CheckersHeuristic
954450257,Checkers,0,GAME_OVER,41,40,2,686,1,OSLA,1,2,2,MCTS_CheckersHeuristic
-2000387963,Checkers,0,GAME_OVER,50,49,2,687,1,OSLA,1,2,2,MCTS_CheckersHeuristic
-1173988222,Checkers,0,GAME_OVER,45,44,2,688,1,OSLA,1,2,2,MCTS_CheckersHeuristic
-1459101367,Checkers,0,GAME_OVER,40,39,2,689,1,OSLA,1,2,2,MCTS_CheckersHeuristic
249089512,Checkers,0,GAME_OVER,115,114,2,690,1,OSLA,1,1,1,MCTS_CheckersHeuristic
-1717035207,Checkers,0,GAME_OVER,25,24,2,691,1,OSLA,1,2,2,MCTS_CheckersHeuristic
-118184860,Checkers,0,GAME_OVER,42,41,2,692,1,OSLA,1,2,2,MCTS_CheckersHeuristic
-1310613673,Checkers,0,GAME_OVER,39,38,2,693,1,OSLA,1,2,2,MCTS_CheckersHeuristic
-1488788356,Checkers,0,GAME_OVER,54,53,2,694,1,OSLA,1,2,2,MCTS_CheckersHeuristic
-464593415,Checkers,0,GAME_OVER,37,36,2,695,1,OSLA,1,2,2,MCTS_CheckersHeuristic
-1413226436,Checkers,0,GAME_OVER,78,77,2,696,1,OSLA,1,1,1,MCTS_CheckersHeuristic
1939643456,Checkers,0,GAME_OVER,38,37,2,697,1,OSLA,1,2,2,MCTS_CheckersHeuristic
1375820218,Checkers,0,GAME_OVER,61,60,2,698,1,OSLA,1,2,2,MCTS_CheckersHeuristic
-1403828422,Checkers,0,GAME_OVER,36,35,2,699,1,OSLA,1,2,2,MCTS_CheckersHeuristic
-417068902,Checkers,0,GAME_OVER,54,53,2,700,1,OSLA,1,2,2,MCTS_CheckersHeuristic
-67788968,Checkers,0,GAME_OVER,39,38,2,701,1,OSLA,1,2,2,MCTS_CheckersHeuristic
-540391421,Checkers,0,GAME_OVER,49,48,2,702,1,OSLA,1,2,2,MCTS_CheckersHeuristic
-1225135334,Checkers,0,GAME_OVER,54,53,2,703,1,OSLA,1,2,2,MCTS_CheckersHeuristic
-1869790746,Checkers,0,GAME_OVER,50,49,2,704,1,OSLA,1,2,2,MCTS_CheckersHeuristic
1765178906,Checkers,0,GAME_OVER,58,57,2,705,1,OSLA,1,2,2,MCTS_CheckersHeuristic
1591487875,Checkers,0,GAME_OVER,31,30,2,706,1,OSLA,1,2,2,MCTS_CheckersHeuristic
1229432296,Checkers,0,GAME_OVER,45,44,2,707,1,OSLA,1,2,2,MCTS_CheckersHeuristic
180779668,Checkers,0,GAME_OVER,49,48,2,708,2,OSLA,2,1,1,MCTS_CheckersHeuristic
1100623948,Checkers,0,GAME_OVER,53,52,2,709,1,OSLA,1,2,2,MCTS_CheckersHeuristic
65197954,Checkers,0,GAME_OVER,47,46,2,710,1,OSLA,1,2,2,MCTS_CheckersHeuristic
-967357718,Checkers,0,GAME_OVER,50,49,2,711,1,OSLA,1,2,2,MCTS_CheckersHeuristic
-59033451,Checkers,0,GAME_OVER,40,39,2,712,1,OSLA,1,2,2,MCTS_CheckersHeuristic
-1768193439,Checkers,0,GAME_OVER,44,43,2,713,1,OSLA,1,2,2,MCTS_CheckersHeuristic
317665018,Checkers,0,GAME_OVER,39,38,2,714,1,OSLA,1,2,2,MCTS_CheckersHeuristic
1930999641,Checkers,0,GAME_OVER,37,36,2,715,1,OSLA,1,2,2,MCTS_CheckersHeuristic
1398557200,Checkers,0,GAME_OVER,56,55,2,716,1,OSLA,1,2,2,MCTS_CheckersHeuristic
-1231943139,Checkers,0,GAME_OVER,88,87,2,717,1,OSLA,1,1,1,MCTS_CheckersHeuristic
1111931496,Checkers,0,GAME_OVER,39,38,2,718,2,OSLA,2,1,1,MCTS_CheckersHeuristic
2126483888,Checkers,0,GAME_OVER,35,34,2,719,1,OSLA,1,2,2,MCTS_CheckersHeuristic
-1513206447,Checkers,0,GAME_OVER,66,65,2,720,1,OSLA,1,2,2,MCTS_CheckersHeuristic
2132230527,Checkers,0,GAME_OVER,42,41,2,721,1,OSLA,1,2,2,MCTS_CheckersHeuristic
667478247,Checkers,0,GAME_OVER,38,37,2,722,1,OSLA,1,2,2,MCTS_CheckersHeuristic
650656037,Checkers,0,GAME_OVER,32,31,2,723,1,OSLA,1,2,2,MCTS_CheckersHeuristic
1038369793,Checkers,0,GAME_OVER,66,65,2,724,1,OSLA,1,2,2,MCTS_CheckersHeuristic
-169350182,Checkers,0,GAME_OVER,42,41,2,725,1,OSLA,1,2,2,MCTS_CheckersHeuristic
1190492793,Checkers,0,GAME_OVER,36,35,2,726,1,OSLA,1,2,2,MCTS_CheckersHeuristic
1994238327,Checkers,0,GAME_OVER,49,48,2,727,1,OSLA,1,2,2,MCTS_CheckersHeuristic
1234412951,Checkers,0,GAME_OVER,35,34,2,728,1,OSLA,1,2,2,MCTS_CheckersHeuristic
848570692,Checkers,0,GAME_OVER,35,34,2,729,1,OSLA,1,2,2,MCTS_CheckersHeuristic
1518377384,Checkers,0,GAME_OVER,50,49,2,730,1,OSLA,1,2,2,MCTS_CheckersHeuristic
-1739368726,Checkers,0,GAME_OVER,19,18,2,731,1,OSLA,1,2,2,MCTS_CheckersHeuristic
2029167886,Checkers,0,GAME_OVER,37,36,2,732,1,OSLA,1,2,2,MCTS_CheckersHeuristic
194174004,Checkers,0,GAME_OVER,35,34,2,733,1,OSLA,1,2,2,MCTS_CheckersHeuristic
1578531405,Checkers,0,GAME_OVER,30,29,2,734,1,OSLA,1,2,2,MCTS_CheckersHeuristic
-23968113,Checkers,0,GAME_OVER,43,42,2,735,1,OSLA,1,2,2,MCTS_CheckersHeuristic
1126735320,Checkers,0,GAME_OVER,37,36,2,736,1,OSLA,1,2,2,MCTS_CheckersHeuristic
2071151974,Checkers,0,GAME_OVER,60,59,2,737,1,OSLA,1,2,2,MCTS_CheckersHeuristic
-1531342417,Checkers,0,GAME_OVER,51,50,2,738,1,OSLA,1,2,2,MCTS_CheckersHeuristic
-1643583799,Checkers,0,GAME_OVER,39,38,2,739,1,OSLA,1,2,2,MCTS_CheckersHeuristic
-658252783,Checkers,0,GAME_OVER,19,18,2,740,1,OSLA,1,2,2,MCTS_CheckersHeuristic
-1993213438,Checkers,0,GAME_OVER,51,50,2,741,1,OSLA,1,2,2,MCTS_CheckersHeuristic
994294735,Checkers,0,GAME_OVER,68,67,2,742,1,OSLA,1,2,2,MCTS_CheckersHeuristic
639724555,Checkers,0,GAME_OVER,43,42,2,743,1,OSLA,1,2,2,MCTS_CheckersHeuristic
-1515768840,Checkers,0,GAME_OVER,41,40,2,744,1,OSLA,1,2,2,MCTS_CheckersHeuristic
1197774844,Checkers,0,GAME_OVER,40,39,2,745,1,OSLA,1,2,2,MCTS_CheckersHeuristic
-700194303,Checkers,0,GAME_OVER,39,38,2,746,1,OSLA,1,2,2,MCTS_CheckersHeuristic
1421522406,Checkers,0,GAME_OVER,56,55,2,747,1,OSLA,1,2,2,MCTS_CheckersHeuristic
284499098,Checkers,0,GAME_OVER,40,39,2,748,1,OSLA,1,2,2,MCTS_CheckersHeuristic
2067913917,Checkers,0,GAME_OVER,136,135,2,749,1,OSLA,1,1,1,MCTS_CheckersHeuristic
1274476222,Checkers,0,GAME_OVER,55,54,2,750,1,OSLA,1,2,2,MCTS_CheckersHeuristic
-1763966910,Checkers,0,GAME_OVER,42,41,2,751,1,OSLA,1,2,2,MCTS_CheckersHeuristic
-1115340337,Checkers,0,GAME_OVER,36,35,2,752,1,OSLA,1,2,2,MCTS_CheckersHeuristic
-725483005,Checkers,0,GAME_OVER,37,36,2,753,1,OSLA,1,2,2,MCTS_CheckersHeuristic
-407610696,Checkers,0,GAME_OVER,71,70,2,754,1,OSLA,1,2,2,MCTS_CheckersHeuristic
1998316779,Checkers,0,GAME_OVER,37,36,2,755,1,OSLA,1,2,2,MCTS_CheckersHeuristic
-187907734,Checkers,0,GAME_OVER,37,36,2,756,1,OSLA,1,2,2,MCTS_CheckersHeuristic
-1636989691,Checkers,0,GAME_OVER,41,40,2,757,1,OSLA,1,2,2,MCTS_CheckersHeuristic
-653066449,Checkers,0,GAME_OVER,36,35,2,758,1,OSLA,1,2,2,MCTS_CheckersHeuristic
-893947569,Checkers,0,GAME_OVER,35,34,2,759,1,OSLA,1,2,2,MCTS_CheckersHeuristic
-1611626581,Checkers,0,GAME_OVER,36,35,2,760,1,OSLA,1,2,2,MCTS_CheckersHeuristic
472824794,Checkers,0,GAME_OVER,38,37,2,761,1,OSLA,1,2,2,MCTS_CheckersHeuristic
1334696323,Checkers,0,GAME_OVER,52,51,2,762,1,OSLA,1,2,2,MCTS_CheckersHeuristic
450778245,Checkers,0,GAME_OVER,50,49,2,763,1,OSLA,1,2,2,MCTS_CheckersHeuristic
1916567288,Checkers,0,GAME_OVER,71,70,2,764,1,OSLA,1,2,2,MCTS_CheckersHeuristic
-958604006,Checkers,0,GAME_OVER,42,41,2,765,1,OSLA,1,2,2,MCTS_CheckersHeuristic
12811273,Checkers,0,GAME_OVER,80,79,2,766,1,OSLA,1,2,2,MCTS_CheckersHeuristic
-1400542831,Checkers,0,GAME_OVER,45,44,2,767,1,OSLA,1,2,2,MCTS_CheckersHeuristic
-726563124,Checkers,0,GAME_OVER,31,30,2,768,1,OSLA,1,2,2,MCTS_CheckersHeuristic
1685937605,Checkers,0,GAME_OVER,41,40,2,769,1,OSLA,1,2,2,MCTS_CheckersHeuristic
2094393377,Checkers,0,GAME_OVER,109,108,2,770,1,OSLA,1,2,2,MCTS_CheckersHeuristic
-2040454682,Checkers,0,GAME_OVER,92,91,2,771,1,OSLA,1,1,1,MCTS_CheckersHeuristic
386360815,Checkers,0,GAME_OVER,36,35,2,772,1,OSLA,1,2,2,MCTS_CheckersHeuristic
94554467,Checkers,0,GAME_OVER,36,35,2,773,1,OSLA,1,2,2,MCTS_CheckersHeuristic
-1087574649,Checkers,0,GAME_OVER,81,80,2,774,1,OSLA,1,1,1,MCTS_CheckersHeuristic
1857917995,Checkers,0,GAME_OVER,38,37,2,775,1,OSLA,1,2,2,MCTS_CheckersHeuristic
916401127,Checkers,0,GAME_OVER,43,42,2,776,1,OSLA,1,2,2,MCTS_CheckersHeuristic
-316770195,Checkers,0,GAME_OVER,32,31,2,777,1,OSLA,1,2,2,MCTS_CheckersHeuristic
1529785066,Checkers,0,GAME_OVER,33,32,2,778,1,OSLA,1,2,2,MCTS_CheckersHeuristic
-1711131838,Checkers,0,GAME_OVER,51,50,2,779,1,OSLA,1,2,2,MCTS_CheckersHeuristic
-1296714322,Checkers,0,GAME_OVER,43,42,2,780,1,OSLA,1,2,2,MCTS_CheckersHeuristic
-1163081493,Checkers,0,GAME_OVER,42,41,2,781,2,OSLA,2,1,1,MCTS_CheckersHeuristic
-777583686,Checkers,0,GAME_OVER,45,44,2,782,1,OSLA,1,2,2,MCTS_CheckersHeuristic
1930129797,Checkers,0,GAME_OVER,39,38,2,783,1,OSLA,1,2,2,MCTS_CheckersHeuristic
-571651676,Checkers,0,GAME_OVER,108,107,2,784,1,OSLA,1,1,1,MCTS_CheckersHeuristic
563723613,Checkers,0,GAME_OVER,50,49,2,785,1,OSLA,1,2,2,MCTS_CheckersHeuristic
1842356038,Checkers,0,GAME_OVER,39,38,2,786,1,OSLA,1,2,2,MCTS_CheckersHeuristic
-664480686,Checkers,0,GAME_OVER,84,83,2,787,1,OSLA,1,2,2,MCTS_CheckersHeuristic
-1824489785,Checkers,0,GAME_OVER,44,43,2,788,1,OSLA,1,2,2,MCTS_CheckersHeuristic
1809196511,Checkers,0,GAME_OVER,40,39,2,789,1,OSLA,1,2,2,MCTS_CheckersHeuristic
1031488773,Checkers,0,GAME_OVER,56,55,2,790,1,OSLA,1,2,2,MCTS_CheckersHeuristic
1897020361,Checkers,0,GAME_OVER,47,46,2,791,1,OSLA,1,2,2,MCTS_CheckersHeuristic
1189077792,Checkers,0,GAME_OVER,35,34,2,792,1,OSLA,1,2,2,MCTS_CheckersHeuristic
-690767993,Checkers,0,GAME_OVER,43,42,2,793,1,OSLA,1,2,2,MCTS_CheckersHeuristic
-1610962381,Checkers,0,GAME_OVER,42,41,2,794,1,OSLA,1,2,2,MCTS_CheckersHeuristic
1899979476,Checkers,0,GAME_OVER,86,85,2,795,1,OSLA,1,2,2,MCTS_CheckersHeuristic
-308341376,Checkers,0,GAME_OVER,37,36,2,796,1,OSLA,1,2,2,MCTS_CheckersHeuristic
-335497711,Checkers,0,GAME_OVER,42,41,2,797,1,OSLA,1,2,2,MCTS_CheckersHeuristic
-1469971297,Checkers,0,GAME_OVER,44,43,2,798,1,OSLA,1,2,2,MCTS_CheckersHeuristic
-1491543193,Checkers,0,GAME_OVER,46,45,2,799,1,OSLA,1,2,2,MCTS_CheckersHeuristic
-290634132,Checkers,0,GAME_OVER,40,39,2,800,1,OSLA,1,2,2,MCTS_CheckersHeuristic
-1457384514,Checkers,0,GAME_OVER,70,69,2,801,1,OSLA,1,2,2,MCTS_CheckersHeuristic
-787702671,Checkers,0,GAME_OVER,90,89,2,802,1,OSLA,1,1,1,OSLA
-2062906404,Checkers,0,GAME_OVER,107,106,2,803,1,OSLA,1,1,1,OSLA
-176736144,Checkers,0,GAME_OVER,37,36,2,804,1,OSLA,1,2,2,OSLA
222647469,Checkers,0,GAME_OVER,43,42,2,805,2,OSLA,2,1,1,OSLA
-586756155,Checkers,0,GAME_OVER,60,59,2,806,1,OSLA,1,2,2,OSLA
1234647345,Checkers,0,GAME_OVER,67,66,2,807,2,OSLA,2,1,1,OSLA
-2043222127,Checkers,0,GAME_OVER,79,78,2,808,1,OSLA,1,2,2,OSLA
1038511446,Checkers,0,GAME_OVER,38,37,2,809,2,OSLA,2,1,1,OSLA
404103070,Checkers,0,GAME_OVER,62,61,2,810,1,OSLA,1,2,2,OSLA
-236095770,Checkers,0,GAME_OVER,20,19,2,811,2,OSLA,2,1,1,OSLA
-635241784,Checkers,0,GAME_OVER,34,33,2,812,1,OSLA,1,2,2,OSLA
-1219981600,Checkers,0,GAME_OVER,20,19,2,813,2,OSLA,2,1,1,OSLA
-419788009,Checkers,0,GAME_OVER,38,37,2,814,2,OSLA,2,1,1,OSLA
-2011432280,Checkers,0,GAME_OVER,21,20,2,815,1,OSLA,1,2,2,OSLA
1893833513,Checkers,0,GAME_OVER,34,33,2,816,2,OSLA,2,1,1,OSLA
-75069639,Checkers,0,GAME_OVER,20,19,2,817,2,OSLA,2,1,1,OSLA
1806776348,Checkers,0,GAME_OVER,77,76,2,818,1,OSLA,1,1,1,OSLA
411173053,Checkers,0,GAME_OVER,21,20,2,819,1,OSLA,1,2,2,OSLA
2066352668,Checkers,0,GAME_OVER,33,32,2,820,1,OSLA,1,2,2,OSLA
723274559,Checkers,0,GAME_OVER,36,35,2,821,1,OSLA,1,2,2,OSLA
-1150974147,Checkers,0,GAME_OVER,36,35,2,822,1,OSLA,1,2,2,OSLA
1622488392,Checkers,0,GAME_OVER,43,42,2,823,1,OSLA,1,2,2,OSLA
-454292657,Checkers,0,GAME_OVER,43,42,2,824,1,OSLA,1,2,2,OSLA
97536938,Checkers,0,GAME_OVER,42,41,2,825,2,OSLA,2,1,1,OSLA
-566292283,Checkers,0,GAME_OVER,55,54,2,826,2,OSLA,2,1,1,OSLA
1913023947,Checkers,0,GAME_OVER,40,39,2,827,2,OSLA,2,1,1,OSLA
1143962093,Checkers,0,GAME_OVER,36,35,2,828,2,OSLA,2,1,1,OSLA
602059816,Checkers,0,GAME_OVER,29,28,2,829,2,OSLA,2,1,1,OSLA
141156107,Checkers,0,GAME_OVER,121,120,2,830,1,OSLA,1,1,1,OSLA
-69601556,Checkers,0,GAME_OVER,33,32,2,831,2,OSLA,2,1,1,OSLA
2134605072,Checkers,0,GAME_OVER,20,19,2,832,2,OSLA,2,1,1,OSLA
-523306807,Checkers,0,GAME_OVER,36,35,2,833,1,OSLA,1,2,2,OSLA
-2085127673,Checkers,0,GAME_OVER,84,83,2,834,1,OSLA,1,1,1,OSLA
2047900283,Checkers,0,GAME_OVER,92,91,2,835,1,OSLA,1,1,1,OSLA
1368919923,Checkers,0,GAME_OVER,160,159,2,836,1,OSLA,1,1,1,OSLA
-1899080291,Checkers,0,GAME_OVER,79,78,2,837,2,OSLA,2,1,1,OSLA
-1072916441,Checkers,0,GAME_OVER,37,36,2,838,1,OSLA,1,2,2,OSLA
-1677082189,Checkers,0,GAME_OVER,32,31,2,839,1,OSLA,1,2,2,OSLA
-1317810581,Checkers,0,GAME_OVER,143,142,2,840,1,OSLA,1,1,1,OSLA
2081432730,Checkers,0,GAME_OVER,83,82,2,841,1,OSLA,1,1,1,OSLA
263751779,Checkers,0,GAME_OVER,37,36,2,842,1,OSLA,1,2,2,OSLA
563795903,Checkers,0,GAME_OVER,43,42,2,843,1,OSLA,1,2,2,OSLA
1361265687,Checkers,0,GAME_OVER,54,53,2,844,1,OSLA,1,2,2,OSLA
-226021949,Checkers,0,GAME_OVER,94,93,2,845,1,OSLA,1,1,1,OSLA
554740110,Checkers,0,GAME_OVER,100,99,2,846,1,OSLA,1,1,1,OSLA
686116992,Checkers,0,GAME_OVER,86,85,2,847,1,OSLA,1,1,1,OSLA
1645093078,Checkers,0,GAME_OVER,33,32,2,848,1,OSLA,1,2,2,OSLA
-411478649,Checkers,0,GAME_OVER,20,19,2,849,2,OSLA,2,1,1,OSLA
1367048943,Checkers,0,GAME_OVER,38,37,2,850,2,OSLA,2,1,1,OSLA
-2104117363,Checkers,0,GAME_OVER,20,19,2,851,2,OSLA,2,1,1,OSLA
1521620985,Checkers,0,GAME_OVER,114,113,2,852,1,OSLA,1,1,1,OSLA
1794198886,Checkers,0,GAME_OVER,83,82,2,853,1,OSLA,1,1,1,OSLA
1421627920,Checkers,0,GAME_OVER,76,75,2,854,1,OSLA,1,2,2,OSLA
1709927291,Checkers,0,GAME_OVER,35,34,2,855,2,OSLA,2,1,1,OSLA
-945138759,Checkers,0,GAME_OVER,20,19,2,856,2,OSLA,2,1,1,OSLA
-687330598,Checkers,0,GAME_OVER,42,41,2,857,1,OSLA,1,2,2,OSLA
1191780821,Checkers,0,GAME_OVER,19,18,2,858,1,OSLA,1,2,2,OSLA
-1689491107,Checkers,0,GAME_OVER,32,31,2,859,1,OSLA,1,2,2,OSLA
1260762219,Checkers,0,GAME_OVER,70,69,2,860,1,OSLA,1,1,1,OSLA
771164276,Checkers,0,GAME_OVER,91,90,2,861,1,OSLA,1,1,1,OSLA
1451409103,Checkers,0,GAME_OVER,19,18,2,862,1,OSLA,1,2,2,OSLA
2135673998,Checkers,0,GAME_OVER,71,70,2,863,1,OSLA,1,1,1,OSLA
2116374257,Checkers,0,GAME_OVER,64,63,2,864,1,OSLA,1,2,2,OSLA
1379865924,Checkers,0,GAME_OVER,29,28,2,865,2,OSLA,2,1,1,OSLA
-1840833326,Checkers,0,GAME_OVER,32,31,2,866,1,OSLA,1,2,2,OSLA
-1322121555,Checkers,0,GAME_OVER,110,109,2,867,1,OSLA,1,1,1,OSLA
-1098916237,Checkers,0,GAME_OVER,34,33,2,868,2,OSLA,2,1,1,OSLA
-1070025090,Checkers,0,GAME_OVER,49,48,2,869,1,OSLA,1,2,2,OSLA
-1077149244,Checkers,0,GAME_OVER,34,33,2,870,2,OSLA,2,1,1,OSLA
-1283320856,Checkers,0,GAME_OVER,67,66,2,871,1,OSLA,1,1,1,OSLA
1530797391,Checkers,0,GAME_OVER,36,35,2,872,2,OSLA,2,1,1,OSLA
37789529,Checkers,0,GAME_OVER,99,98,2,873,1,OSLA,1,1,1,OSLA
330893752,Checkers,0,GAME_OVER,19,18,2,874,1,OSLA,1,2,2,OSLA
-1696125059,Checkers,0,GAME_OVER,19,18,2,875,1,OSLA,1,2,2,OSLA
-2119222963,Checkers,0,GAME_OVER,21,20,2,876,1,OSLA,1,2,2,OSLA
985924410,Checkers,0,GAME_OVER,68,67,2,877,1,OSLA,1,2,2,OSLA
1599428666,Checkers,0,GAME_OVER,38,37,2,878,2,OSLA,2,1,1,OSLA
1152044158,Checkers,0,GAME_OVER,62,61,2,879,2,OSLA,2,1,1,OSLA
-1210853609,Checkers,0,GAME_OVER,34,33,2,880,1,OSLA,1,2,2,OSLA
802899473,Checkers,0,GAME_OVER,80,79,2,881,1,OSLA,1,1,1,OSLA
1343130348,Checkers,0,GAME_OVER,32,31,2,882,1,OSLA,1,2,2,OSLA
-1718954284,Checkers,0,GAME_OVER,21,20,2,883,1,OSLA,1,2,2,OSLA
934369511,Checkers,0,GAME_OVER,35,34,2,884,2,OSLA,2,1,1,OSLA
1161088771,Checkers,0,GAME_OVER,29,28,2,885,1,OSLA,1,2,2,OSLA
954450257,Checkers,0,GAME_OVER,19,18,2,886,1,OSLA,1,2,2,OSLA
-2000387963,Checkers,0,GAME_OVER,20,19,2,887,2,OSLA,2,1,1,OSLA
-1173988222,Checkers,0,GAME_OVER,21,20,2,888,1,OSLA,1,2,2,OSLA
-1459101367,Checkers,0,GAME_OVER,112,111,2,889,1,OSLA,1,1,1,OSLA
249089512,Checkers,0,GAME_OVER,38,37,2,890,2,OSLA,2,1,1,OSLA
-1717035207,Checkers,0,GAME_OVER,20,19,2,891,2,OSLA,2,1,1,OSLA
-118184860,Checkers,0,GAME_OVER,19,18,2,892,1,OSLA,1,2,2,OSLA
-1310613673,Checkers,0,GAME_OVER,38,37,2,893,2,OSLA,2,1,1,OSLA
-1488788356,Checkers,0,GAME_OVER,64,63,2,894,1,OSLA,1,1,1,OSLA
-464593415,Checkers,0,GAME_OVER,38,37,2,895,1,OSLA,1,2,2,OSLA
-1413226436,Checkers,0,GAME_OVER,38,37,2,896,2,OSLA,2,1,1,OSLA
1939643456,Checkers,0,GAME_OVER,36,35,2,897,1,OSLA,1,2,2,OSLA
1375820218,Checkers,0,GAME_OVER,36,35,2,898,1,OSLA,1,2,2,OSLA
-1403828422,Checkers,0,GAME_OVER,33,32,2,899,1,OSLA,1,2,2,OSLA
-417068902,Checkers,0,GAME_OVER,21,20,2,900,1,OSLA,1,2,2,OSLA
-67788968,Checkers,0,GAME_OVER,29,28,2,901,2,OSLA,2,1,1,OSLA
-540391421,Checkers,0,GAME_OVER,64,63,2,902,1,OSLA,1,1,1,OSLA
-1225135334,Checkers,0,GAME_OVER,20,19,2,903,2,OSLA,2,1,1,OSLA
-1869790746,Checkers,0,GAME_OVER,30,29,2,904,2,OSLA,2,1,1,OSLA
1765178906,Checkers,0,GAME_OVER,102,101,2,905,1,OSLA,1,2,2,OSLA
1591487875,Checkers,0,GAME_OVER,19,18,2,906,1,OSLA,1,2,2,OSLA
1229432296,Checkers,0,GAME_OVER,41,40,2,907,1,OSLA,1,2,2,OSLA
180779668,Checkers,0,GAME_OVER,35,34,2,908,2,OSLA,2,1,1,OSLA
1100623948,Checkers,0,GAME_OVER,21,20,2,909,1,OSLA,1,2,2,OSLA
65197954,Checkers,0,GAME_OVER,104,103,2,910,1,OSLA,1,1,1,OSLA
-967357718,Checkers,0,GAME_OVER,38,37,2,911,2,OSLA,2,1,1,OSLA
-59033451,Checkers,0,GAME_OVER,34,33,2,912,2,OSLA,2,1,1,OSLA
-1768193439,Checkers,0,GAME_OVER,29,28,2,913,1,OSLA,1,2,2,OSLA
317665018,Checkers,0,GAME_OVER,34,33,2,914,1,OSLA,1,2,2,OSLA
1930999641,Checkers,0,GAME_OVER,143,142,2,915,1,OSLA,1,1,1,OSLA
1398557200,Checkers,0,GAME_OVER,19,18,2,916,1,OSLA,1,2,2,OSLA
-1231943139,Checkers,0,GAME_OVER,19,18,2,917,1,OSLA,1,2,2,OSLA
1111931496,Checkers,0,GAME_OVER,43,42,2,918,1,OSLA,1,2,2,OSLA
2126483888,Checkers,0,GAME_OVER,21,20,2,919,1,OSLA,1,2,2,OSLA
-1513206447,Checkers,0,GAME_OVER,56,55,2,920,2,OSLA,2,1,1,OSLA
2132230527,Checkers,0,GAME_OVER,20,19,2,921,2,OSLA,2,1,1,OSLA
667478247,Checkers,0,GAME_OVER,73,72,2,922,1,OSLA,1,1,1,OSLA
650656037,Checkers,0,GAME_OVER,34,33,2,923,1,OSLA,1,2,2,OSLA
1038369793,Checkers,0,GAME_OVER,47,46,2,924,2,OSLA,2,1,1,OSLA
-169350182,Checkers,0,GAME_OVER,98,97,2,925,1,OSLA,1,1,1,OSLA
1190492793,Checkers,0,GAME_OVER,20,19,2,926,2,OSLA,2,1,1,OSLA
1994238327,Checkers,0,GAME_OVER,39,38,2,927,2,OSLA,2,1,1,OSLA
1234412951,Checkers,0,GAME_OVER,37,36,2,928,1,OSLA,1,2,2,OSLA
848570692,Checkers,0,GAME_OVER,44,43,2,929,1,OSLA,1,2,2,OSLA
1518377384,Checkers,0,GAME_OVER,37,36,2,930,1,OSLA,1,2,2,OSLA
-1739368726,Checkers,0,GAME_OVER,82,81,2,931,1,OSLA,1,1,1,OSLA
2029167886,Checkers,0,GAME_OVER,19,18,2,932,1,OSLA,1,2,2,OSLA
194174004,Checkers,0,GAME_OVER,44,43,2,933,2,OSLA,2,1,1,OSLA
1578531405,Checkers,0,GAME_OVER,38,37,2,934,1,OSLA,1,2,2,OSLA
-23968113,Checkers,0,GAME_OVER,67,66,2,935,1,OSLA,1,1,1,OSLA
1126735320,Checkers,0,GAME_OVER,20,19,2,936,2,OSLA,2,1,1,OSLA
2071151974,Checkers,0,GAME_OVER,50,49,2,937,1,OSLA,1,2,2,OSLA
-1531342417,Checkers,0,GAME_OVER,32,31,2,938,1,OSLA,1,2,2,OSLA
-1643583799,Checkers,0,GAME_OVER,44,43,2,939,1,OSLA,1,2,2,OSLA
-658252783,Checkers,0,GAME_OVER,33,32,2,940,1,OSLA,1,2,2,OSLA
-1993213438,Checkers,0,GAME_OVER,76,75,2,941,1,OSLA,1,1,1,OSLA
994294735,Checkers,0,GAME_OVER,90,89,2,942,2,OSLA,2,1,1,OSLA
639724555,Checkers,0,GAME_OVER,53,52,2,943,1,OSLA,1,2,2,OSLA
-1515768840,Checkers,0,GAME_OVER,38,37,2,944,1,OSLA,1,2,2,OSLA
1197774844,Checkers,0,GAME_OVER,44,43,2,945,1,OSLA,1,2,2,OSLA
-700194303,Checkers,0,GAME_OVER,29,28,2,946,2,OSLA,2,1,1,OSLA
1421522406,Checkers,0,GAME_OVER,31,30,2,947,1,OSLA,1,2,2,OSLA
284499098,Checkers,0,GAME_OVER,19,18,2,948,1,OSLA,1,2,2,OSLA
2067913917,Checkers,0,GAME_OVER,34,33,2,949,2,OSLA,2,1,1,OSLA
1274476222,Checkers,0,GAME_OVER,36,35,2,950,1,OSLA,1,2,2,OSLA
-1763966910,Checkers,0,GAME_OVER,62,61,2,951,1,OSLA,1,2,2,OSLA
-1115340337,Checkers,0,GAME_OVER,80,79,2,952,1,OSLA,1,1,1,OSLA
-725483005,Checkers,0,GAME_OVER,71,70,2,953,1,OSLA,1,1,1,OSLA
-407610696,Checkers,0,GAME_OVER,29,28,2,954,2,OSLA,2,1,1,OSLA
1998316779,Checkers,0,GAME_OVER,82,81,2,955,1,OSLA,1,2,2,OSLA
-187907734,Checkers,0,GAME_OVER,37,36,2,956,1,OSLA,1,2,2,OSLA
-1636989691,Checkers,0,GAME_OVER,19,18,2,957,1,OSLA,1,2,2,OSLA
-653066449,Checkers,0,GAME_OVER,38,37,2,958,2,OSLA,2,1,1,OSLA
-893947569,Checkers,0,GAME_OVER,44,43,2,959,1,OSLA,1,2,2,OSLA
-1611626581,Checkers,0,GAME_OVER,19,18,2,960,1,OSLA,1,2,2,OSLA
472824794,Checkers,0,GAME_OVER,33,32,2,961,2,OSLA,2,1,1,OSLA
1334696323,Checkers,0,GAME_OVER,34,33,2,962,1,OSLA,1,2,2,OSLA
450778245,Checkers,0,GAME_OVER,19,18,2,963,1,OSLA,1,2,2,OSLA
1916567288,Checkers,0,GAME_OVER,91,90,2,964,1,OSLA,1,1,1,OSLA
-958604006,Checkers,0,GAME_OVER,108,107,2,965,1,OSLA,1,1,1,OSLA
12811273,Checkers,0,GAME_OVER,79,78,2,966,1,OSLA,1,2,2,OSLA
-1400542831,Checkers,0,GAME_OVER,100,99,2,967,1,OSLA,1,1,1,OSLA
-726563124,Checkers,0,GAME_OVER,88,87,2,968,1,OSLA,1,2,2,OSLA
1685937605,Checkers,0,GAME_OVER,32,31,2,969,1,OSLA,1,2,2,OSLA
2094393377,Checkers,0,GAME_OVER,20,19,2,970,2,OSLA,2,1,1,OSLA
-2040454682,Checkers,0,GAME_OVER,64,63,2,971,1,OSLA,1,1,1,OSLA
386360815,Checkers,0,GAME_OVER,21,20,2,972,1,OSLA,1,2,2,OSLA
94554467,Checkers,0,GAME_OVER,20,19,2,973,2,OSLA,2,1,1,OSLA
-1087574649,Checkers,0,GAME_OVER,36,35,2,974,1,OSLA,1,2,2,OSLA
1857917995,Checkers,0,GAME_OVER,36,35,2,975,2,OSLA,2,1,1,OSLA
916401127,Checkers,0,GAME_OVER,38,37,2,976,2,OSLA,2,1,1,OSLA
-316770195,Checkers,0,GAME_OVER,59,58,2,977,2,OSLA,2,1,1,OSLA
1529785066,Checkers,0,GAME_OVER,33,32,2,978,1,OSLA,1,2,2,OSLA
-1711131838,Checkers,0,GAME_OVER,19,18,2,979,1,OSLA,1,2,2,OSLA
-1296714322,Checkers,0,GAME_OVER,65,64,2,980,2,OSLA,2,1,1,OSLA
-1163081493,Checkers,0,GAME_OVER,51,50,2,981,2,OSLA,2,1,1,OSLA
-777583686,Checkers,0,GAME_OVER,126,125,2,982,1,OSLA,1,1,1,OSLA
1930129797,Checkers,0,GAME_OVER,94,93,2,983,1,OSLA,1,1,1,OSLA
-571651676,Checkers,0,GAME_OVER,56,55,2,984,2,OSLA,2,1,1,OSLA
563723613,Checkers,0,GAME_OVER,39,38,2,985,2,OSLA,2,1,1,OSLA
1842356038,Checkers,0,GAME_OVER,32,31,2,986,1,OSLA,1,2,2,OSLA
-664480686,Checkers,0,GAME_OVER,33,32,2,987,2,OSLA,2,1,1,OSLA
-1824489785,Checkers,0,GAME_OVER,21,20,2,988,1,OSLA,1,2,2,OSLA
1809196511,Checkers,0,GAME_OVER,58,57,2,989,1,OSLA,1,2,2,OSLA
1031488773,Checkers,0,GAME_OVER,87,86,2,990,1,OSLA,1,1,1,OSLA
1897020361,Checkers,0,GAME_OVER,33,32,2,991,2,OSLA,2,1,1,OSLA
1189077792,Checkers,0,GAME_OVER,150,149,2,992,1,OSLA,1,1,1,OSLA
-690767993,Checkers,0,GAME_OVER,50,49,2,993,1,OSLA,1,2,2,OSLA
-1610962381,Checkers,0,GAME_OVER,20,19,2,994,2,OSLA,2,1,1,OSLA
1899979476,Checkers,0,GAME_OVER,44,43,2,995,1,OSLA,1,2,2,OSLA
-308341376,Checkers,0,GAME_OVER,37,36,2,996,1,OSLA,1,2,2,OSLA
-335497711,Checkers,0,GAME_OVER,79,78,2,997,1,OSLA,1,1,1,OSLA
-1469971297,Checkers,0,GAME_OVER,51,50,2,998,1,OSLA,1,2,2,OSLA
-1491543193,Checkers,0,GAME_OVER,21,20,2,999,1,OSLA,1,2,2,OSLA
-290634132,Checkers,0,GAME_OVER,32,31,2,1000,1,OSLA,1,2,2,OSLA
-1457384514,Checkers,0,GAME_OVER,87,86,2,1001,1,OSLA,1,1,1,OSLA
-787702671,Checkers,0,GAME_OVER,38,37,2,1002,2,OSLA,2,1,1,RandomPlayerConfig
-2062906404,Checkers,0,GAME_OVER,31,30,2,1003,2,OSLA,2,1,1,RandomPlayerConfig
-176736144,Checkers,0,GAME_OVER,31,30,2,1004,2,OSLA,2,1,1,RandomPlayerConfig
222647469,Checkers,0,GAME_OVER,31,30,2,1005,2,OSLA,2,1,1,RandomPlayerConfig
-586756155,Checkers,0,GAME_OVER,28,27,2,1006,2,OSLA,2,1,1,RandomPlayerConfig
1234647345,Checkers,0,GAME_OVER,39,38,2,1007,2,OSLA,2,1,1,RandomPlayerConfig
-2043222127,Checkers,0,GAME_OVER,38,37,2,1008,2,OSLA,2,1,1,RandomPlayerConfig
1038511446,Checkers,0,GAME_OVER,29,28,2,1009,2,OSLA,2,1,1,RandomPlayerConfig
404103070,Checkers,0,GAME_OVER,24,23,2,1010,2,OSLA,2,1,1,RandomPlayerConfig
-236095770,Checkers,0,GAME_OVER,34,33,2,1011,2,OSLA,2,1,1,RandomPlayerConfig
-635241784,Checkers,0,GAME_OVER,45,44,2,1012,2,OSLA,2,1,1,RandomPlayerConfig
-1219981600,Checkers,0,GAME_OVER,61,60,2,1013,2,OSLA,2,1,1,RandomPlayerConfig
-419788009,Checkers,0,GAME_OVER,26,25,2,1014,2,OSLA,2,1,1,RandomPlayerConfig
-2011432280,Checkers,0,GAME_OVER,34,33,2,1015,2,OSLA,2,1,1,RandomPlayerConfig
1893833513,Checkers,0,GAME_OVER,31,30,2,1016,2,OSLA,2,1,1,RandomPlayerConfig
-75069639,Checkers,0,GAME_OVER,31,30,2,1017,2,OSLA,2,1,1,RandomPlayerConfig
1806776348,Checkers,0,GAME_OVER,24,23,2,1018,2,OSLA,2,1,1,RandomPlayerConfig
411173053,Checkers,0,GAME_OVER,45,44,2,1019,2,OSLA,2,1,1,RandomPlayerConfig
2066352668,Checkers,0,GAME_OVER,37,36,2,1020,2,OSLA,2,1,1,RandomPlayerConfig
723274559,Checkers,0,GAME_OVER,31,30,2,1021,2,OSLA,2,1,1,RandomPlayerConfig
-1150974147,Checkers,0,GAME_OVER,23,22,2,1022,2,OSLA,2,1,1,RandomPlayerConfig
1622488392,Checkers,0,GAME_OVER,36,35,2,1023,2,OSLA,2,1,1,RandomPlayerConfig
-454292657,Checkers,0,GAME_OVER,43,42,2,1024,2,OSLA,2,1,1,RandomPlayerConfig
97536938,Checkers,0,GAME_OVER,32,31,2,1025,2,OSLA,2,1,1,RandomPlayerConfig
-566292283,Checkers,0,GAME_OVER,41,40,2,1026,2,OSLA,2,1,1,RandomPlayerConfig
1913023947,Checkers,0,GAME_OVER,30,29,2,1027,2,OSLA,2,1,1,RandomPlayerConfig
1143962093,Checkers,0,GAME_OVER,30,29,2,1028,2,OSLA,2,1,1,RandomPlayerConfig
602059816,Checkers,0,GAME_OVER,33,32,2,1029,2,OSLA,2,1,1,RandomPlayerConfig
141156107,Checkers,0,GAME_OVER,24,23,2,1030,2,OSLA,2,1,1,RandomPlayerConfig
-69601556,Checkers,0,GAME_OVER,32,31,2,1031,2,OSLA,2,1,1,RandomPlayerConfig
2134605072,Checkers,0,GAME_OVER,47,46,2,1032,2,OSLA,2,1,1,RandomPlayerConfig
-523306807,Checkers,0,GAME_OVER,39,38,2,1033,2,OSLA,2,1,1,RandomPlayerConfig
-2085127673,Checkers,0,GAME_OVER,33,32,2,1034,2,OSLA,2,1,1,RandomPlayerConfig
2047900283,Checkers,0,GAME_OVER,32,31,2,1035,2,OSLA,2,1,1,RandomPlayerConfig
1368919923,Checkers,0,GAME_OVER,43,42,2,1036,2,OSLA,2,1,1,RandomPlayerConfig
-1899080291,Checkers,0,GAME_OVER,37,36,2,1037,2,OSLA,2,1,1,RandomPlayerConfig
-1072916441,Checkers,0,GAME_OVER,36,35,2,1038,2,OSLA,2,1,1,RandomPlayerConfig
-1677082189,Checkers,0,GAME_OVER,33,32,2,1039,2,OSLA,2,1,1,RandomPlayerConfig
-1317810581,Checkers,0,GAME_OVER,29,28,2,1040,2,OSLA,2,1,1,RandomPlayerConfig
2081432730,Checkers,0,GAME_OVER,37,36,2,1041,2,OSLA,2,1,1,RandomPlayerConfig
263751779,Checkers,0,GAME_OVER,27,26,2,1042,2,OSLA,2,1,1,RandomPlayerConfig
563795903,Checkers,0,GAME_OVER,26,25,2,1043,2,OSLA,2,1,1,RandomPlayerConfig
1361265687,Checkers,0,GAME_OVER,24,23,2,1044,2,OSLA,2,1,1,RandomPlayerConfig
-226021949,Checkers,0,GAME_OVER,22,21,2,1045,2,OSLA,2,1,1,RandomPlayerConfig
554740110,Checkers,0,GAME_OVER,29,28,2,1046,2,OSLA,2,1,1,RandomPlayerConfig
686116992,Checkers,0,GAME_OVER,45,44,2,1047,2,OSLA,2,1,1,RandomPlayerConfig
1645093078,Checkers,0,GAME_OVER,35,34,2,1048,2,OSLA,2,1,1,RandomPlayerConfig
-411478649,Checkers,0,GAME_OVER,35,34,2,1049,2,OSLA,2,1,1,RandomPlayerConfig
1367048943,Checkers,0,GAME_OVER,37,36,2,1050,2,OSLA,2,1,1,RandomPlayerConfig
-2104117363,Checkers,0,GAME_OVER,30,29,2,1051,2,OSLA,2,1,1,RandomPlayerConfig
1521620985,Checkers,0,GAME_OVER,30,29,2,1052,2,OSLA,2,1,1,RandomPlayerConfig
1794198886,Checkers,0,GAME_OVER,41,40,2,1053,2,OSLA,2,1,1,RandomPlayerConfig
1421627920,Checkers,0,GAME_OVER,31,30,2,1054,2,OSLA,2,1,1,RandomPlayerConfig
1709927291,Checkers,0,GAME_OVER,30,29,2,1055,2,OSLA,2,1,1,RandomPlayerConfig
-945138759,Checkers,0,GAME_OVER,31,30,2,1056,2,OSLA,2,1,1,RandomPlayerConfig
-687330598,Checkers,0,GAME_OVER,34,33,2,1057,2,OSLA,2,1,1,RandomPlayerConfig
1191780821,Checkers,0,GAME_OVER,32,31,2,1058,2,OSLA,2,1,1,RandomPlayerConfig
-1689491107,Checkers,0,GAME_OVER,32,31,2,1059,2,OSLA,2,1,1,RandomPlayerConfig
1260762219,Checkers,0,GAME_OVER,32,31,2,1060,2,OSLA,2,1,1,RandomPlayerConfig
771164276,Checkers,0,GAME_OVER,24,23,2,1061,2,OSLA,2,1,1,RandomPlayerConfig
1451409103,Checkers,0,GAME_OVER,35,34,2,1062,2,OSLA,2,1,1,RandomPlayerConfig
2135673998,Checkers,0,GAME_OVER,42,41,2,1063,2,OSLA,2,1,1,RandomPlayerConfig
2116374257,Checkers,0,GAME_OVER,40,39,2,1064,2,OSLA,2,1,1,RandomPlayerConfig
1379865924,Checkers,0,GAME_OVER,32,31,2,1065,2,OSLA,2,1,1,RandomPlayerConfig
-1840833326,Checkers,0,GAME_OVER,32,31,2,1066,2,OSLA,2,1,1,RandomPlayerConfig
-1322121555,Checkers,0,GAME_OVER,32,31,2,1067,2,OSLA,2,1,1,RandomPlayerConfig
-1098916237,Checkers,0,GAME_OVER,30,29,2,1068,2,OSLA,2,1,1,RandomPlayerConfig
-1070025090,Checkers,0,GAME_OVER,42,41,2,1069,2,OSLA,2,1,1,RandomPlayerConfig
-1077149244,Checkers,0,GAME_OVER,40,39,2,1070,2,OSLA,2,1,1,RandomPlayerConfig
-1283320856,Checkers,0,GAME_OVER,35,34,2,1071,2,OSLA,2,1,1,RandomPlayerConfig
1530797391,Checkers,0,GAME_OVER,32,31,2,1072,2,OSLA,2,1,1,RandomPlayerConfig
37789529,Checkers,0,GAME_OVER,30,29,2,1073,2,OSLA,2,1,1,RandomPlayerConfig
330893752,Checkers,0,GAME_OVER,27,26,2,1074,2,OSLA,2,1,1,RandomPlayerConfig
-1696125059,Checkers,0,GAME_OVER,31,30,2,1075,2,OSLA,2,1,1,RandomPlayerConfig
-2119222963,Checkers,0,GAME_OVER,31,30,2,1076,2,OSLA,2,1,1,RandomPlayerConfig
985924410,Checkers,0,GAME_OVER,37,36,2,1077,2,OSLA,2,1,1,RandomPlayerConfig
1599428666,Checkers,0,GAME_OVER,33,32,2,1078,2,OSLA,2,1,1,RandomPlayerConfig
1152044158,Checkers,0,GAME_OVER,27,26,2,1079,2,OSLA,2,1,1,RandomPlayerConfig
-1210853609,Checkers,0,GAME_OVER,36,35,2,1080,2,OSLA,2,1,1,RandomPlayerConfig
802899473,Checkers,0,GAME_OVER,31,30,2,1081,2,OSLA,2,1,1,RandomPlayerConfig
1343130348,Checkers,0,GAME_OVER,31,30,2,1082,2,OSLA,2,1,1,RandomPlayerConfig
-1718954284,Checkers,0,GAME_OVER,27,26,2,1083,2,OSLA,2,1,1,RandomPlayerConfig
934369511,Checkers,0,GAME_OVER,33,32,2,1084,2,OSLA,2,1,1,RandomPlayerConfig
1161088771,Checkers,0,GAME_OVER,45,44,2,1085,2,OSLA,2,1,1,RandomPlayerConfig
954450257,Checkers,0,GAME_OVER,52,51,2,1086,2,OSLA,2,1,1,RandomPlayerConfig
-2000387963,Checkers,0,GAME_OVER,34,33,2,1087,2,OSLA,2,1,1,RandomPlayerConfig
-1173988222,Checkers,0,GAME_OVER,33,32,2,1088,2,OSLA,2,1,1,RandomPlayerConfig
-1459101367,Checkers,0,GAME_OVER,42,41,2,1089,2,OSLA,2,1,1,RandomPlayerConfig
249089512,Checkers,0,GAME_OVER,39,38,2,1090,2,OSLA,2,1,1,RandomPlayerConfig
-1717035207,Checkers,0,GAME_OVER,32,31,2,1091,2,OSLA,2,1,1,RandomPlayerConfig
-118184860,Checkers,0,GAME_OVER,33,32,2,1092,2,OSLA,2,1,1,RandomPlayerConfig
-1310613673,Checkers,0,GAME_OVER,26,25,2,1093,2,OSLA,2,1,1,RandomPlayerConfig
-1488788356,Checkers,0,GAME_OVER,37,36,2,1094,2,OSLA,2,1,1,RandomPlayerConfig
-464593415,Checkers,0,GAME_OVER,20,19,2,1095,2,OSLA,2,1,1,RandomPlayerConfig
-1413226436,Checkers,0,GAME_OVER,38,37,2,1096,2,OSLA,2,1,1,RandomPlayerConfig
1939643456,Checkers,0,GAME_OVER,40,39,2,1097,2,OSLA,2,1,1,RandomPlayerConfig
1375820218,Checkers,0,GAME_OVER,24,23,2,1098,2,OSLA,2,1,1,RandomPlayerConfig
-1403828422,Checkers,0,GAME_OVER,26,25,2,1099,2,OSLA,2,1,1,RandomPlayerConfig
-417068902,Checkers,0,GAME_OVER,27,26,2,1100,2,OSLA,2,1,1,RandomPlayerConfig
-67788968,Checkers,0,GAME_OVER,32,31,2,1101,2,OSLA,2,1,1,RandomPlayerConfig
-540391421,Checkers,0,GAME_OVER,29,28,2,1102,2,OSLA,2,1,1,RandomPlayerConfig
-1225135334,Checkers,0,GAME_OVER,30,29,2,1103,2,OSLA,2,1,1,RandomPlayerConfig
-1869790746,Checkers,0,GAME_OVER,31,30,2,1104,2,OSLA,2,1,1,RandomPlayerConfig
1765178906,Checkers,0,GAME_OVER,23,22,2,1105,2,OSLA,2,1,1,RandomPlayerConfig
1591487875,Checkers,0,GAME_OVER,28,27,2,1106,2,OSLA,2,1,1,RandomPlayerConfig
1229432296,Checkers,0,GAME_OVER,49,48,2,1107,2,OSLA,2,1,1,RandomPlayerConfig
180779668,Checkers,0,GAME_OVER,37,36,2,1108,2,OSLA,2,1,1,RandomPlayerConfig
1100623948,Checkers,0,GAME_OVER,28,27,2,1109,2,OSLA,2,1,1,RandomPlayerConfig
65197954,Checkers,0,GAME_OVER,26,25,2,1110,2,OSLA,2,1,1,RandomPlayerConfig
-967357718,Checkers,0,GAME_OVER,36,35,2,1111,2,OSLA,2,1,1,RandomPlayerConfig
-59033451,Checkers,0,GAME_OVER,38,37,2,1112,2,OSLA,2,1,1,RandomPlayerConfig
-1768193439,Checkers,0,GAME_OVER,29,28,2,1113,2,OSLA,2,1,1,RandomPlayerConfig
317665018,Checkers,0,GAME_OVER,28,27,2,1114,2,OSLA,2,1,1,RandomPlayerConfig
1930999641,Checkers,0,GAME_OVER,31,30,2,1115,2,OSLA,2,1,1,RandomPlayerConfig
1398557200,Checkers,0,GAME_OVER,28,27,2,1116,2,OSLA,2,1,1,RandomPlayerConfig
-1231943139,Checkers,0,GAME_OVER,37,36,2,1117,2,OSLA,2,1,1,RandomPlayerConfig
1111931496,Checkers,0,GAME_OVER,39,38,2,1118,2,OSLA,2,1,1,RandomPlayerConfig
2126483888,Checkers,0,GAME_OVER,34,33,2,1119,2,OSLA,2,1,1,RandomPlayerConfig
-1513206447,Checkers,0,GAME_OVER,28,27,2,1120,2,OSLA,2,1,1,RandomPlayerConfig
2132230527,Checkers,0,GAME_OVER,30,29,2,1121,2,OSLA,2,1,1,RandomPlayerConfig
667478247,Checkers,0,GAME_OVER,39,38,2,1122,2,OSLA,2,1,1,RandomPlayerConfig
650656037,Checkers,0,GAME_OVER,24,23,2,1123,2,OSLA,2,1,1,RandomPlayerConfig
1038369793,Checkers,0,GAME_OVER,32,31,2,1124,2,OSLA,2,1,1,RandomPlayerConfig
-169350182,Checkers,0,GAME_OVER,39,38,2,1125,2,OSLA,2,1,1,RandomPlayerConfig
1190492793,Checkers,0,GAME_OVER,38,37,2,1126,2,OSLA,2,1,1,RandomPlayerConfig
1994238327,Checkers,0,GAME_OVER,25,24,2,1127,2,OSLA,2,1,1,RandomPlayerConfig
1234412951,Checkers,0,GAME_OVER,34,33,2,1128,2,OSLA,2,1,1,RandomPlayerConfig
848570692,Checkers,0,GAME_OVER,29,28,2,1129,2,OSLA,2,1,1,RandomPlayerConfig
1518377384,Checkers,0,GAME_OVER,52,51,2,1130,2,OSLA,2,1,1,RandomPlayerConfig
-1739368726,Checkers,0,GAME_OVER,39,38,2,1131,2,OSLA,2,1,1,RandomPlayerConfig
2029167886,Checkers,0,GAME_OVER,40,39,2,1132,2,OSLA,2,1,1,RandomPlayerConfig
194174004,Checkers,0,GAME_OVER,36,35,2,1133,2,OSLA,2,1,1,RandomPlayerConfig
1578531405,Checkers,0,GAME_OVER,29,28,2,1134,2,OSLA,2,1,1,RandomPlayerConfig
-23968113,Checkers,0,GAME_OVER,27,26,2,1135,2,OSLA,2,1,1,RandomPlayerConfig
1126735320,Checkers,0,GAME_OVER,28,27,2,1136,2,OSLA,2,1,1,RandomPlayerConfig
2071151974,Checkers,0,GAME_OVER,43,42,2,1137,2,OSLA,2,1,1,RandomPlayerConfig
-1531342417,Checkers,0,GAME_OVER,27,26,2,1138,2,OSLA,2,1,1,RandomPlayerConfig
-1643583799,Checkers,0,GAME_OVER,37,36,2,1139,2,OSLA,2,1,1,RandomPlayerConfig
-658252783,Checkers,0,GAME_OVER,31,30,2,1140,2,OSLA,2,1,1,RandomPlayerConfig
-1993213438,Checkers,0,GAME_OVER,35,34,2,1141,2,OSLA,2,1,1,RandomPlayerConfig
994294735,Checkers,0,GAME_OVER,36,35,2,1142,2,OSLA,2,1,1,RandomPlayerConfig
639724555,Checkers,0,GAME_OVER,42,41,2,1143,2,OSLA,2,1,1,RandomPlayerConfig
-1515768840,Checkers,0,GAME_OVER,27,26,2,1144,2,OSLA,2,1,1,RandomPlayerConfig
1197774844,Checkers,0,GAME_OVER,34,33,2,1145,2,OSLA,2,1,1,RandomPlayerConfig
-700194303,Checkers,0,GAME_OVER,33,32,2,1146,2,OSLA,2,1,1,RandomPlayerConfig
1421522406,Checkers,0,GAME_OVER,62,61,2,1147,2,OSLA,2,1,1,RandomPlayerConfig
284499098,Checkers,0,GAME_OVER,34,33,2,1148,2,OSLA,2,1,1,RandomPlayerConfig
2067913917,Checkers,0,GAME_OVER,36,35,2,1149,2,OSLA,2,1,1,RandomPlayerConfig
1274476222,Checkers,0,GAME_OVER,37,36,2,1150,2,OSLA,2,1,1,RandomPlayerConfig
-1763966910,Checkers,0,GAME_OVER,30,29,2,1151,2,OSLA,2,1,1,RandomPlayerConfig
-1115340337,Checkers,0,GAME_OVER,25,24,2,1152,2,OSLA,2,1,1,RandomPlayerConfig
-725483005,Checkers,0,GAME_OVER,38,37,2,1153,2,OSLA,2,1,1,RandomPlayerConfig
-407610696,Checkers,0,GAME_OVER,31,30,2,1154,2,OSLA,2,1,1,RandomPlayerConfig
1998316779,Checkers,0,GAME_OVER,26,25,2,1155,2,OSLA,2,1,1,RandomPlayerConfig
-187907734,Checkers,0,GAME_OVER,49,48,2,1156,2,OSLA,2,1,1,RandomPlayerConfig
-1636989691,Checkers,0,GAME_OVER,37,36,2,1157,2,OSLA,2,1,1,RandomPlayerConfig
-653066449,Checkers,0,GAME_OVER,32,31,2,1158,2,OSLA,2,1,1,RandomPlayerConfig
-893947569,Checkers,0,GAME_OVER,31,30,2,1159,2,OSLA,2,1,1,RandomPlayerConfig
-1611626581,Checkers,0,GAME_OVER,34,33,2,1160,2,OSLA,2,1,1,RandomPlayerConfig
472824794,Checkers,0,GAME_OVER,38,37,2,1161,2,OSLA,2,1,1,RandomPlayerConfig
1334696323,Checkers,0,GAME_OVER,34,33,2,1162,2,OSLA,2,1,1,RandomPlayerConfig
450778245,Checkers,0,GAME_OVER,22,21,2,1163,2,OSLA,2,1,1,RandomPlayerConfig
1916567288,Checkers,0,GAME_OVER,29,28,2,1164,2,OSLA,2,1,1,RandomPlayerConfig
-958604006,Checkers,0,GAME_OVER,33,32,2,1165,2,OSLA,2,1,1,RandomPlayerConfig
12811273,Checkers,0,GAME_OVER,26,25,2,1166,2,OSLA,2,1,1,RandomPlayerConfig
-1400542831,Checkers,0,GAME_OVER,29,28,2,1167,2,OSLA,2,1,1,RandomPlayerConfig
-726563124,Checkers,0,GAME_OVER,30,29,2,1168,2,OSLA,2,1,1,RandomPlayerConfig
1685937605,Checkers,0,GAME_OVER,26,25,2,1169,2,OSLA,2,1,1,RandomPlayerConfig
2094393377,Checkers,0,GAME_OVER,39,38,2,1170,2,OSLA,2,1,1,RandomPlayerConfig
-2040454682,Checkers,0,GAME_OVER,41,40,2,1171,2,OSLA,2,1,1,RandomPlayerConfig
386360815,Checkers,0,GAME_OVER,31,30,2,1172,2,OSLA,2,1,1,RandomPlayerConfig
94554467,Checkers,0,GAME_OVER,37,36,2,1173,2,OSLA,2,1,1,RandomPlayerConfig
-1087574649,Checkers,0,GAME_OVER,33,32,2,1174,2,OSLA,2,1,1,RandomPlayerConfig
1857917995,Checkers,0,GAME_OVER,34,33,2,1175,2,OSLA,2,1,1,RandomPlayerConfig
916401127,Checkers,0,GAME_OVER,35,34,2,1176,1,OSLA,1,2,2,RandomPlayerConfig
-316770195,Checkers,0,GAME_OVER,36,35,2,1177,2,OSLA,2,1,1,RandomPlayerConfig
1529785066,Checkers,0,GAME_OVER,45,44,2,1178,2,OSLA,2,1,1,RandomPlayerConfig
-1711131838,Checkers,0,GAME_OVER,40,39,2,1179,2,OSLA,2,1,1,RandomPlayerConfig
-1296714322,Checkers,0,GAME_OVER,27,26,2,1180,2,OSLA,2,1,1,RandomPlayerConfig
-1163081493,Checkers,0,GAME_OVER,29,28,2,1181,2,OSLA,2,1,1,RandomPlayerConfig
-777583686,Checkers,0,GAME_OVER,54,53,2,1182,2,OSLA,2,1,1,RandomPlayerConfig
1930129797,Checkers,0,GAME_OVER,26,25,2,1183,2,OSLA,2,1,1,RandomPlayerConfig
-571651676,Checkers,0,GAME_OVER,36,35,2,1184,2,OSLA,2,1,1,RandomPlayerConfig
563723613,Checkers,0,GAME_OVER,35,34,2,1185,2,OSLA,2,1,1,RandomPlayerConfig
1842356038,Checkers,0,GAME_OVER,31,30,2,1186,2,OSLA,2,1,1,RandomPlayerConfig
-664480686,Checkers,0,GAME_OVER,41,40,2,1187,2,OSLA,2,1,1,RandomPlayerConfig
-1824489785,Checkers,0,GAME_OVER,42,41,2,1188,2,OSLA,2,1,1,RandomPlayerConfig
1809196511,Checkers,0,GAME_OVER,41,40,2,1189,2,OSLA,2,1,1,RandomPlayerConfig
1031488773,Checkers,0,GAME_OVER,35,34,2,1190,2,OSLA,2,1,1,RandomPlayerConfig
1897020361,Checkers,0,GAME_OVER,38,37,2,1191,2,OSLA,2,1,1,RandomPlayerConfig
1189077792,Checkers,0,GAME_OVER,27,26,2,1192,2,OSLA,2,1,1,RandomPlayerConfig
-690767993,Checkers,0,GAME_OVER,28,27,2,1193,2,OSLA,2,1,1,RandomPlayerConfig
-1610962381,Checkers,0,GAME_OVER,38,37,2,1194,2,OSLA,2,1,1,RandomPlayerConfig
1899979476,Checkers,0,GAME_OVER,30,29,2,1195,2,OSLA,2,1,1,RandomPlayerConfig
-308341376,Checkers,0,GAME_OVER,34,33,2,1196,2,OSLA,2,1,1,RandomPlayerConfig
-335497711,Checkers,0,GAME_OVER,29,28,2,1197,2,OSLA,2,1,1,RandomPlayerConfig
-1469971297,Checkers,0,GAME_OVER,33,32,2,1198,2,OSLA,2,1,1,RandomPlayerConfig
-1491543193,Checkers,0,GAME_OVER,29,28,2,1199,2,OSLA,2,1,1,RandomPlayerConfig
-290634132,Checkers,0,GAME_OVER,32,31,2,1200,2,OSLA,2,1,1,RandomPlayerConfig
-1457384514,Checkers,0,GAME_OVER,34,33,2,1201,2,OSLA,2,1,1,RandomPlayerConfig
-787702671,Checkers,0,GAME_OVER,29,28,2,1202,1,RandomPlayerConfig,1,2,2,MCTS_CheckersHeuristic
-2062906404,Checkers,0,GAME_OVER,43,42,2,1203,1,RandomPlayerConfig,1,2,2,MCTS_CheckersHeuristic
-176736144,Checkers,0,GAME_OVER,37,36,2,1204,1,RandomPlayerConfig,1,2,2,MCTS_CheckersHeuristic
222647469,Checkers,0,GAME_OVER,31,30,2,1205,1,RandomPlayerConfig,1,2,2,MCTS_CheckersHeuristic
-586756155,Checkers,0,GAME_OVER,36,35,2,1206,1,RandomPlayerConfig,1,2,2,MCTS_CheckersHeuristic
1234647345,Checkers,0,GAME_OVER,30,29,2,1207,1,RandomPlayerConfig,1,2,2,MCTS_CheckersHeuristic
-2043222127,Checkers,0,GAME_OVER,31,30,2,1208,1,RandomPlayerConfig,1,2,2,MCTS_CheckersHeuristic
1038511446,Checkers,0,GAME_OVER,32,31,2,1209,1,RandomPlayerConfig,1,2,2,MCTS_CheckersHeuristic
404103070,Checkers,0,GAME_OVER,39,38,2,1210,1,RandomPlayerConfig,1,2,2,MCTS_CheckersHeuristic
-236095770,Checkers,0,GAME_OVER,29,28,2,1211,1,RandomPlayerConfig,1,2,2,MCTS_CheckersHeuristic
-635241784,Checkers,0,GAME_OVER,37,36,2,1212,1,RandomPlayerConfig,1,2,2,MCTS_CheckersHeuristic
-1219981600,Checkers,0,GAME_OVER,30,29,2,1213,1,RandomPlayerConfig,1,2,2,MCTS_CheckersHeuristic
-419788009,Checkers,0,GAME_OVER,30,29,2,1214,1,RandomPlayerConfig,1,2,2,MCTS_CheckersHeuristic
-2011432280,Checkers,0,GAME_OVER,36,35,2,1215,1,RandomPlayerConfig,1,2,2,MCTS_CheckersHeuristic
1893833513,Checkers,0,GAME_OVER,25,24,2,1216,1,RandomPlayerConfig,1,2,2,MCTS_CheckersHeuristic
-75069639,Checkers,0,GAME_OVER,48,47,2,1217,1,RandomPlayerConfig,1,2,2,MCTS_CheckersHeuristic
1806776348,Checkers,0,GAME_OVER,30,29,2,1218,1,RandomPlayerConfig,1,2,2,MCTS_CheckersHeuristic
411173053,Checkers,0,GAME_OVER,26,25,2,1219,1,RandomPlayerConfig,1,2,2,MCTS_CheckersHeuristic
2066352668,Checkers,0,GAME_OVER,31,30,2,1220,1,RandomPlayerConfig,1,2,2,MCTS_CheckersHeuristic
723274559,Checkers,0,GAME_OVER,27,26,2,1221,1,RandomPlayerConfig,1,2,2,MCTS_CheckersHeuristic
-1150974147,Checkers,0,GAME_OVER,54,53,2,1222,1,RandomPlayerConfig,1,2,2,MCTS_CheckersHeuristic
1622488392,Checkers,0,GAME_OVER,33,32,2,1223,1,RandomPlayerConfig,1,2,2,MCTS_CheckersHeuristic
-454292657,Checkers,0,GAME_OVER,27,26,2,1224,1,RandomPlayerConfig,1,2,2,MCTS_CheckersHeuristic
97536938,Checkers,0,GAME_OVER,32,31,2,1225,1,RandomPlayerConfig,1,2,2,MCTS_CheckersHeuristic
-566292283,Checkers,0,GAME_OVER,35,34,2,1226,1,RandomPlayerConfig,1,2,2,MCTS_CheckersHeuristic
1913023947,Checkers,0,GAME_OVER,34,33,2,1227,1,RandomPlayerConfig,1,2,2,MCTS_CheckersHeuristic
1143962093,Checkers,0,GAME_OVER,29,28,2,1228,1,RandomPlayerConfig,1,2,2,MCTS_CheckersHeuristic
602059816,Checkers,0,GAME_OVER,32,31,2,1229,1,RandomPlayerConfig,1,2,2,MCTS_CheckersHeuristic
141156107,Checkers,0,GAME_OVER,30,29,2,1230,1,RandomPlayerConfig,1,2,2,MCTS_CheckersHeuristic
-69601556,Checkers,0,GAME_OVER,40,39,2,1231,1,RandomPlayerConfig,1,2,2,MCTS_CheckersHeuristic
2134605072,Checkers,0,GAME_OVER,28,27,2,1232,1,RandomPlayerConfig,1,2,2,MCTS_CheckersHeuristic
-523306807,Checkers,0,GAME_OVER,34,33,2,1233,1,RandomPlayerConfig,1,2,2,MCTS_CheckersHeuristic
-2085127673,Checkers,0,GAME_OVER,31,30,2,1234,1,RandomPlayerConfig,1,2,2,MCTS_CheckersHeuristic
2047900283,Checkers,0,GAME_OVER,30,29,2,1235,1,RandomPlayerConfig,1,2,2,MCTS_CheckersHeuristic
1368919923,Checkers,0,GAME_OVER,40,39,2,1236,1,RandomPlayerConfig,1,2,2,MCTS_CheckersHeuristic
-1899080291,Checkers,0,GAME_OVER,37,36,2,1237,1,RandomPlayerConfig,1,2,2,MCTS_CheckersHeuristic
-1072916441,Checkers,0,GAME_OVER,35,34,2,1238,1,RandomPlayerConfig,1,2,2,MCTS_CheckersHeuristic
-1677082189,Checkers,0,GAME_OVER,30,29,2,1239,1,RandomPlayerConfig,1,2,2,MCTS_CheckersHeuristic
-1317810581,Checkers,0,GAME_OVER,35,34,2,1240,1,RandomPlayerConfig,1,2,2,MCTS_CheckersHeuristic
2081432730,Checkers,0,GAME_OVER,44,43,2,1241,1,RandomPlayerConfig,1,2,2,MCTS_CheckersHeuristic
263751779,Checkers,0,GAME_OVER,37,36,2,1242,1,RandomPlayerConfig,1,2,2,MCTS_CheckersHeuristic
563795903,Checkers,0,GAME_OVER,31,30,2,1243,1,RandomPlayerConfig,1,2,2,MCTS_CheckersHeuristic
1361265687,Checkers,0,GAME_OVER,28,27,2,1244,1,RandomPlayerConfig,1,2,2,MCTS_CheckersHeuristic
-226021949,Checkers,0,GAME_OVER,25,24,2,1245,1,RandomPlayerConfig,1,2,2,MCTS_CheckersHeuristic
554740110,Checkers,0,GAME_OVER,40,39,2,1246,1,RandomPlayerConfig,1,2,2,MCTS_CheckersHeuristic
686116992,Checkers,0,GAME_OVER,27,26,2,1247,1,RandomPlayerConfig,1,2,2,MCTS_CheckersHeuristic
1645093078,Checkers,0,GAME_OVER,34,33,2,1248,1,RandomPlayerConfig,1,2,2,MCTS_CheckersHeuristic
-411478649,Checkers,0,GAME_OVER,36,35,2,1249,1,RandomPlayerConfig,1,2,2,MCTS_CheckersHeuristic
1367048943,Checkers,0,GAME_OVER,26,25,2,1250,1,RandomPlayerConfig,1,2,2,MCTS_CheckersHeuristic
-2104117363,Checkers,0,GAME_OVER,31,30,2,1251,1,RandomPlayerConfig,1,2,2,MCTS_CheckersHeuristic
1521620985,Checkers,0,GAME_OVER,30,29,2,1252,1,RandomPlayerConfig,1,2,2,MCTS_CheckersHeuristic
1794198886,Checkers,0,GAME_OVER,27,26,2,1253,1,RandomPlayerConfig,1,2,2,MCTS_CheckersHeuristic
1421627920,Checkers,0,GAME_OVER,35,34,2,1254,1,RandomPlayerConfig,1,2,2,MCTS_CheckersHeuristic
1709927291,Checkers,0,GAME_OVER,32,31,2,1255,1,RandomPlayerConfig,1,2,2,MCTS_CheckersHeuristic
-945138759,Checkers,0,GAME_OVER,40,39,2,1256,1,RandomPlayerConfig,1,2,2,MCTS_CheckersHeuristic
-687330598,Checkers,0,GAME_OVER,28,27,2,1257,1,RandomPlayerConfig,1,2,2,MCTS_CheckersHeuristic
1191780821,Checkers,0,GAME_OVER,33,32,2,1258,1,RandomPlayerConfig,1,2,2,MCTS_CheckersHeuristic
-1689491107,Checkers,0,GAME_OVER,33,32,2,1259,1,RandomPlayerConfig,1,2,2,MCTS_CheckersHeuristic
1260762219,Checkers,0,GAME_OVER,36,35,2,1260,1,RandomPlayerConfig,1,2,2,MCTS_CheckersHeuristic
771164276,Checkers,0,GAME_OVER,32,31,2,1261,1,RandomPlayerConfig,1,2,2,MCTS_CheckersHeuristic
1451409103,Checkers,0,GAME_OVER,28,27,2,1262,1,RandomPlayerConfig,1,2,2,MCTS_CheckersHeuristic
2135673998,Checkers,0,GAME_OVER,33,32,2,1263,1,RandomPlayerConfig,1,2,2,MCTS_CheckersHeuristic
2116374257,Checkers,0,GAME_OVER,36,35,2,1264,1,RandomPlayerConfig,1,2,2,MCTS_CheckersHeuristic
1379865924,Checkers,0,GAME_OVER,31,30,2,1265,1,RandomPlayerConfig,1,2,2,MCTS_CheckersHeuristic
-1840833326,Checkers,0,GAME_OVER,29,28,2,1266,1,RandomPlayerConfig,1,2,2,MCTS_CheckersHeuristic
-1322121555,Checkers,0,GAME_OVER,28,27,2,1267,1,RandomPlayerConfig,1,2,2,MCTS_CheckersHeuristic
-1098916237,Checkers,0,GAME_OVER,32,31,2,1268,1,RandomPlayerConfig,1,2,2,MCTS_CheckersHeuristic
-1070025090,Checkers,0,GAME_OVER,32,31,2,1269,1,RandomPlayerConfig,1,2,2,MCTS_CheckersHeuristic
-1077149244,Checkers,0,GAME_OVER,31,30,2,1270,1,RandomPlayerConfig,1,2,2,MCTS_CheckersHeuristic
-1283320856,Checkers,0,GAME_OVER,29,28,2,1271,1,RandomPlayerConfig,1,2,2,MCTS_CheckersHeuristic
1530797391,Checkers,0,GAME_OVER,36,35,2,1272,1,RandomPlayerConfig,1,2,2,MCTS_CheckersHeuristic
37789529,Checkers,0,GAME_OVER,35,34,2,1273,1,RandomPlayerConfig,1,2,2,MCTS_CheckersHeuristic
330893752,Checkers,0,GAME_OVER,32,31,2,1274,1,RandomPlayerConfig,1,2,2,MCTS_CheckersHeuristic
-1696125059,Checkers,0,GAME_OVER,34,33,2,1275,1,RandomPlayerConfig,1,2,2,MCTS_CheckersHeuristic
-2119222963,Checkers,0,GAME_OVER,32,31,2,1276,1,RandomPlayerConfig,1,2,2,MCTS_CheckersHeuristic
985924410,Checkers,0,GAME_OVER,30,29,2,1277,1,RandomPlayerConfig,1,2,2,MCTS_CheckersHeuristic
1599428666,Checkers,0,GAME_OVER,51,50,2,1278,1,RandomPlayerConfig,1,2,2,MCTS_CheckersHeuristic
1152044158,Checkers,0,GAME_OVER,30,29,2,1279,1,RandomPlayerConfig,1,2,2,MCTS_CheckersHeuristic
-1210853609,Checkers,0,GAME_OVER,28,27,2,1280,1,RandomPlayerConfig,1,2,2,MCTS_CheckersHeuristic
802899473,Checkers,0,GAME_OVER,29,28,2,1281,1,RandomPlayerConfig,1,2,2,MCTS_CheckersHeuristic
1343130348,Checkers,0,GAME_OVER,34,33,2,1282,1,RandomPlayerConfig,1,2,2,MCTS_CheckersHeuristic
-1718954284,Checkers,0,GAME_OVER,38,37,2,1283,1,RandomPlayerConfig,1,2,2,MCTS_CheckersHeuristic
934369511,Checkers,0,GAME_OVER,39,38,2,1284,1,RandomPlayerConfig,1,2,2,MCTS_CheckersHeuristic
1161088771,Checkers,0,GAME_OVER,32,31,2,1285,1,RandomPlayerConfig,1,2,2,MCTS_CheckersHeuristic
954450257,Checkers,0,GAME_OVER,36,35,2,1286,1,RandomPlayerConfig,1,2,2,MCTS_CheckersHeuristic
-2000387963,Checkers,0,GAME_OVER,30,29,2,1287,1,RandomPlayerConfig,1,2,2,MCTS_CheckersHeuristic
-1173988222,Checkers,0,GAME_OVER,33,32,2,1288,1,RandomPlayerConfig,1,2,2,MCTS_CheckersHeuristic
-1459101367,Checkers,0,GAME_OVER,31,30,2,1289,1,RandomPlayerConfig,1,2,2,MCTS_CheckersHeuristic
249089512,Checkers,0,GAME_OVER,30,29,2,1290,1,RandomPlayerConfig,1,2,2,MCTS_CheckersHeuristic
-1717035207,Checkers,0,GAME_OVER,36,35,2,1291,1,RandomPlayerConfig,1,2,2,MCTS_CheckersHeuristic
-118184860,Checkers,0,GAME_OVER,35,34,2,1292,1,RandomPlayerConfig,1,2,2,MCTS_CheckersHeuristic
-1310613673,Checkers,0,GAME_OVER,28,27,2,1293,1,RandomPlayerConfig,1,2,2,MCTS_CheckersHeuristic
-1488788356,Checkers,0,GAME_OVER,31,30,2,1294,1,RandomPlayerConfig,1,2,2,MCTS_CheckersHeuristic
-464593415,Checkers,0,GAME_OVER,33,32,2,1295,1,RandomPlayerConfig,1,2,2,MCTS_CheckersHeuristic
-1413226436,Checkers,0,GAME_OVER,35,34,2,1296,1,RandomPlayerConfig,1,2,2,MCTS_CheckersHeuristic
1939643456,Checkers,0,GAME_OVER,29,28,2,1297,1,RandomPlayerConfig,1,2,2,MCTS_CheckersHeuristic
1375820218,Checkers,0,GAME_OVER,23,22,2,1298,1,RandomPlayerConfig,1,2,2,MCTS_CheckersHeuristic
-1403828422,Checkers,0,GAME_OVER,32,31,2,1299,1,RandomPlayerConfig,1,2,2,MCTS_CheckersHeuristic
-417068902,Checkers,0,GAME_OVER,40,39,2,1300,1,RandomPlayerConfig,1,2,2,MCTS_CheckersHeuristic
-67788968,Checkers,0,GAME_OVER,33,32,2,1301,1,RandomPlayerConfig,1,2,2,MCTS_CheckersHeuristic
-540391421,Checkers,0,GAME_OVER,33,32,2,1302,1,RandomPlayerConfig,1,2,2,MCTS_CheckersHeuristic
-1225135334,Checkers,0,GAME_OVER,37,36,2,1303,1,RandomPlayerConfig,1,2,2,MCTS_CheckersHeuristic
-1869790746,Checkers,0,GAME_OVER,31,30,2,1304,1,RandomPlayerConfig,1,2,2,MCTS_CheckersHeuristic
1765178906,Checkers,0,GAME_OVER,31,30,2,1305,1,RandomPlayerConfig,1,2,2,MCTS_CheckersHeuristic
1591487875,Checkers,0,GAME_OVER,31,30,2,1306,1,RandomPlayerConfig,1,2,2,MCTS_CheckersHeuristic
1229432296,Checkers,0,GAME_OVER,31,30,2,1307,1,RandomPlayerConfig,1,2,2,MCTS_CheckersHeuristic
180779668,Checkers,0,GAME_OVER,34,33,2,1308,1,RandomPlayerConfig,1,2,2,MCTS_CheckersHeuristic
1100623948,Checkers,0,GAME_OVER,26,25,2,1309,1,RandomPlayerConfig,1,2,2,MCTS_CheckersHeuristic
65197954,Checkers,0,GAME_OVER,32,31,2,1310,1,RandomPlayerConfig,1,2,2,MCTS_CheckersHeuristic
-967357718,Checkers,0,GAME_OVER,36,35,2,1311,1,RandomPlayerConfig,1,2,2,MCTS_CheckersHeuristic
-59033451,Checkers,0,GAME_OVER,34,33,2,1312,1,RandomPlayerConfig,1,2,2,MCTS_CheckersHeuristic
-1768193439,Checkers,0,GAME_OVER,22,21,2,1313,1,RandomPlayerConfig,1,2,2,MCTS_CheckersHeuristic
317665018,Checkers,0,GAME_OVER,30,29,2,1314,1,RandomPlayerConfig,1,2,2,MCTS_CheckersHeuristic
1930999641,Checkers,0,GAME_OVER,30,29,2,1315,1,RandomPlayerConfig,1,2,2,MCTS_CheckersHeuristic
1398557200,Checkers,0,GAME_OVER,29,28,2,1316,1,RandomPlayerConfig,1,2,2,MCTS_CheckersHeuristic
-1231943139,Checkers,0,GAME_OVER,24,23,2,1317,1,RandomPlayerConfig,1,2,2,MCTS_CheckersHeuristic
1111931496,Checkers,0,GAME_OVER,39,38,2,1318,1,RandomPlayerConfig,1,2,2,MCTS_CheckersHeuristic
2126483888,Checkers,0,GAME_OVER,38,37,2,1319,1,RandomPlayerConfig,1,2,2,MCTS_CheckersHeuristic
-1513206447,Checkers,0,GAME_OVER,28,27,2,1320,1,RandomPlayerConfig,1,2,2,MCTS_CheckersHeuristic
2132230527,Checkers,0,GAME_OVER,28,27,2,1321,1,RandomPlayerConfig,1,2,2,MCTS_CheckersHeuristic
667478247,Checkers,0,GAME_OVER,40,39,2,1322,1,RandomPlayerConfig,1,2,2,MCTS_CheckersHeuristic
650656037,Checkers,0,GAME_OVER,39,38,2,1323,1,RandomPlayerConfig,1,2,2,MCTS_CheckersHeuristic
1038369793,Checkers,0,GAME_OVER,37,36,2,1324,1,RandomPlayerConfig,1,2,2,MCTS_CheckersHeuristic
-169350182,Checkers,0,GAME_OVER,31,30,2,1325,1,RandomPlayerConfig,1,2,2,MCTS_CheckersHeuristic
1190492793,Checkers,0,GAME_OVER,36,35,2,1326,1,RandomPlayerConfig,1,2,2,MCTS_CheckersHeuristic
1994238327,Checkers,0,GAME_OVER,31,30,2,1327,1,RandomPlayerConfig,1,2,2,MCTS_CheckersHeuristic
1234412951,Checkers,0,GAME_OVER,34,33,2,1328,1,RandomPlayerConfig,1,2,2,MCTS_CheckersHeuristic
848570692,Checkers,0,GAME_OVER,30,29,2,1329,1,RandomPlayerConfig,1,2,2,MCTS_CheckersHeuristic
1518377384,Checkers,0,GAME_OVER,35,34,2,1330,1,RandomPlayerConfig,1,2,2,MCTS_CheckersHeuristic
-1739368726,Checkers,0,GAME_OVER,35,34,2,1331,1,RandomPlayerConfig,1,2,2,MCTS_CheckersHeuristic
2029167886,Checkers,0,GAME_OVER,30,29,2,1332,1,RandomPlayerConfig,1,2,2,MCTS_CheckersHeuristic
194174004,Checkers,0,GAME_OVER,33,32,2,1333,1,RandomPlayerConfig,1,2,2,MCTS_CheckersHeuristic
1578531405,Checkers,0,GAME_OVER,25,24,2,1334,1,RandomPlayerConfig,1,2,2,MCTS_CheckersHeuristic
-23968113,Checkers,0,GAME_OVER,26,25,2,1335,1,RandomPlayerConfig,1,2,2,MCTS_CheckersHeuristic
1126735320,Checkers,0,GAME_OVER,33,32,2,1336,1,RandomPlayerConfig,1,2,2,MCTS_CheckersHeuristic
2071151974,Checkers,0,GAME_OVER,29,28,2,1337,1,RandomPlayerConfig,1,2,2,MCTS_CheckersHeuristic
-1531342417,Checkers,0,GAME_OVER,25,24,2,1338,1,RandomPlayerConfig,1,2,2,MCTS_CheckersHeuristic
-1643583799,Checkers,0,GAME_OVER,27,26,2,1339,1,RandomPlayerConfig,1,2,2,MCTS_CheckersHeuristic
-658252783,Checkers,0,GAME_OVER,29,28,2,1340,1,RandomPlayerConfig,1,2,2,MCTS_CheckersHeuristic
-1993213438,Checkers,0,GAME_OVER,33,32,2,1341,1,RandomPlayerConfig,1,2,2,MCTS_CheckersHeuristic
994294735,Checkers,0,GAME_OVER,29,28,2,1342,1,RandomPlayerConfig,1,2,2,MCTS_CheckersHeuristic
639724555,Checkers,0,GAME_OVER,25,24,2,1343,1,RandomPlayerConfig,1,2,2,MCTS_CheckersHeuristic
-1515768840,Checkers,0,GAME_OVER,28,27,2,1344,1,RandomPlayerConfig,1,2,2,MCTS_CheckersHeuristic
1197774844,Checkers,0,GAME_OVER,26,25,2,1345,1,RandomPlayerConfig,1,2,2,MCTS_CheckersHeuristic
-700194303,Checkers,0,GAME_OVER,27,26,2,1346,1,RandomPlayerConfig,1,2,2,MCTS_CheckersHeuristic
1421522406,Checkers,0,GAME_OVER,33,32,2,1347,1,RandomPlayerConfig,1,2,2,MCTS_CheckersHeuristic
284499098,Checkers,0,GAME_OVER,27,26,2,1348,1,RandomPlayerConfig,1,2,2,MCTS_CheckersHeuristic
2067913917,Checkers,0,GAME_OVER,27,26,2,1349,1,RandomPlayerConfig,1,2,2,MCTS_CheckersHeuristic
1274476222,Checkers,0,GAME_OVER,28,27,2,1350,1,RandomPlayerConfig,1,2,2,MCTS_CheckersHeuristic
-1763966910,Checkers,0,GAME_OVER,26,25,2,1351,1,RandomPlayerConfig,1,2,2,MCTS_CheckersHeuristic
-1115340337,Checkers,0,GAME_OVER,32,31,2,1352,1,RandomPlayerConfig,1,2,2,MCTS_CheckersHeuristic
-725483005,Checkers,0,GAME_OVER,26,25,2,1353,1,RandomPlayerConfig,1,2,2,MCTS_CheckersHeuristic
-407610696,Checkers,0,GAME_OVER,38,37,2,1354,1,RandomPlayerConfig,1,2,2,MCTS_CheckersHeuristic
1998316779,Checkers,0,GAME_OVER,27,26,2,1355,1,RandomPlayerConfig,1,2,2,MCTS_CheckersHeuristic
-187907734,Checkers,0,GAME_OVER,30,29,2,1356,1,RandomPlayerConfig,1,2,2,MCTS_CheckersHeuristic
-1636989691,Checkers,0,GAME_OVER,30,29,2,1357,1,RandomPlayerConfig,1,2,2,MCTS_CheckersHeuristic
-653066449,Checkers,0,GAME_OVER,41,40,2,1358,1,RandomPlayerConfig,1,2,2,MCTS_CheckersHeuristic
-893947569,Checkers,0,GAME_OVER,35,34,2,1359,1,RandomPlayerConfig,1,2,2,MCTS_CheckersHeuristic
-1611626581,Checkers,0,GAME_OVER,30,29,2,1360,1,RandomPlayerConfig,1,2,2,MCTS_CheckersHeuristic
472824794,Checkers,0,GAME_OVER,36,35,2,1361,1,RandomPlayerConfig,1,2,2,MCTS_CheckersHeuristic
1334696323,Checkers,0,GAME_OVER,32,31,2,1362,1,RandomPlayerConfig,1,2,2,MCTS_CheckersHeuristic
450778245,Checkers,0,GAME_OVER,24,23,2,1363,1,RandomPlayerConfig,1,2,2,MCTS_CheckersHeuristic
1916567288,Checkers,0,GAME_OVER,36,35,2,1364,1,RandomPlayerConfig,1,2,2,MCTS_CheckersHeuristic
-958604006,Checkers,0,GAME_OVER,31,30,2,1365,1,RandomPlayerConfig,1,2,2,MCTS_CheckersHeuristic
12811273,Checkers,0,GAME_OVER,42,41,2,1366,1,RandomPlayerConfig,1,2,2,MCTS_CheckersHeuristic
-1400542831,Checkers,0,GAME_OVER,35,34,2,1367,1,RandomPlayerConfig,1,2,2,MCTS_CheckersHeuristic
-726563124,Checkers,0,GAME_OVER,27,26,2,1368,1,RandomPlayerConfig,1,2,2,MCTS_CheckersHeuristic
1685937605,Checkers,0,GAME_OVER,29,28,2,1369,1,RandomPlayerConfig,1,2,2,MCTS_CheckersHeuristic
2094393377,Checkers,0,GAME_OVER,36,35,2,1370,1,RandomPlayerConfig,1,2,2,MCTS_CheckersHeuristic
-2040454682,Checkers,0,GAME_OVER,32,31,2,1371,1,RandomPlayerConfig,1,2,2,MCTS_CheckersHeuristic
386360815,Checkers,0,GAME_OVER,39,38,2,1372,1,RandomPlayerConfig,1,2,2,MCTS_CheckersHeuristic
94554467,Checkers,0,GAME_OVER,35,34,2,1373,1,RandomPlayerConfig,1,2,2,MCTS_CheckersHeuristic
-1087574649,Checkers,0,GAME_OVER,29,28,2,1374,1,RandomPlayerConfig,1,2,2,MCTS_CheckersHeuristic
1857917995,Checkers,0,GAME_OVER,29,28,2,1375,1,RandomPlayerConfig,1,2,2,MCTS_CheckersHeuristic
916401127,Checkers,0,GAME_OVER,34,33,2,1376,1,RandomPlayerConfig,1,2,2,MCTS_CheckersHeuristic
-316770195,Checkers,0,GAME_OVER,31,30,2,1377,1,RandomPlayerConfig,1,2,2,MCTS_CheckersHeuristic
1529785066,Checkers,0,GAME_OVER,26,25,2,1378,1,RandomPlayerConfig,1,2,2,MCTS_CheckersHeuristic
-1711131838,Checkers,0,GAME_OVER,28,27,2,1379,1,RandomPlayerConfig,1,2,2,MCTS_CheckersHeuristic
-1296714322,Checkers,0,GAME_OVER,30,29,2,1380,1,RandomPlayerConfig,1,2,2,MCTS_CheckersHeuristic
-1163081493,Checkers,0,GAME_OVER,25,24,2,1381,1,RandomPlayerConfig,1,2,2,MCTS_CheckersHeuristic
-777583686,Checkers,0,GAME_OVER,35,34,2,1382,1,RandomPlayerConfig,1,2,2,MCTS_CheckersHeuristic
1930129797,Checkers,0,GAME_OVER,35,34,2,1383,1,RandomPlayerConfig,1,2,2,MCTS_CheckersHeuristic
-571651676,Checkers,0,GAME_OVER,31,30,2,1384,1,RandomPlayerConfig,1,2,2,MCTS_CheckersHeuristic
563723613,Checkers,0,GAME_OVER,31,30,2,1385,1,RandomPlayerConfig,1,2,2,MCTS_CheckersHeuristic
1842356038,Checkers,0,GAME_OVER,29,28,2,1386,1,RandomPlayerConfig,1,2,2,MCTS_CheckersHeuristic
-664480686,Checkers,0,GAME_OVER,39,38,2,1387,1,RandomPlayerConfig,1,2,2,MCTS_CheckersHeuristic
-1824489785,Checkers,0,GAME_OVER,27,26,2,1388,1,RandomPlayerConfig,1,2,2,MCTS_CheckersHeuristic
1809196511,Checkers,0,GAME_OVER,38,37,2,1389,1,RandomPlayerConfig,1,2,2,MCTS_CheckersHeuristic
1031488773,Checkers,0,GAME_OVER,30,29,2,1390,1,RandomPlayerConfig,1,2,2,MCTS_CheckersHeuristic
1897020361,Checkers,0,GAME_OVER,34,33,2,1391,1,RandomPlayerConfig,1,2,2,MCTS_CheckersHeuristic
1189077792,Checkers,0,GAME_OVER,32,31,2,1392,1,RandomPlayerConfig,1,2,2,MCTS_CheckersHeuristic
-690767993,Checkers,0,GAME_OVER,32,31,2,1393,1,RandomPlayerConfig,1,2,2,MCTS_CheckersHeuristic
-1610962381,Checkers,0,GAME_OVER,26,25,2,1394,1,RandomPlayerConfig,1,2,2,MCTS_CheckersHeuristic
1899979476,Checkers,0,GAME_OVER,27,26,2,1395,1,RandomPlayerConfig,1,2,2,MCTS_CheckersHeuristic
-308341376,Checkers,0,GAME_OVER,32,31,2,1396,1,RandomPlayerConfig,1,2,2,MCTS_CheckersHeuristic
-335497711,Checkers,0,GAME_OVER,34,33,2,1397,1,RandomPlayerConfig,1,2,2,MCTS_CheckersHeuristic
-1469971297,Checkers,0,GAME_OVER,27,26,2,1398,1,RandomPlayerConfig,1,2,2,MCTS_CheckersHeuristic
-1491543193,Checkers,0,GAME_OVER,33,32,2,1399,1,RandomPlayerConfig,1,2,2,MCTS_CheckersHeuristic
-290634132,Checkers,0,GAME_OVER,26,25,2,1400,1,RandomPlayerConfig,1,2,2,MCTS_CheckersHeuristic
-1457384514,Checkers,0,GAME_OVER,44,43,2,1401,1,RandomPlayerConfig,1,2,2,MCTS_CheckersHeuristic
-787702671,Checkers,0,GAME_OVER,24,23,2,1402,1,RandomPlayerConfig,1,2,2,OSLA
-2062906404,Checkers,0,GAME_OVER,41,40,2,1403,1,RandomPlayerConfig,1,2,2,OSLA
-176736144,Checkers,0,GAME_OVER,26,25,2,1404,1,RandomPlayerConfig,1,2,2,OSLA
222647469,Checkers,0,GAME_OVER,30,29,2,1405,1,RandomPlayerConfig,1,2,2,OSLA
-586756155,Checkers,0,GAME_OVER,35,34,2,1406,1,RandomPlayerConfig,1,2,2,OSLA
1234647345,Checkers,0,GAME_OVER,27,26,2,1407,1,RandomPlayerConfig,1,2,2,OSLA
-2043222127,Checkers,0,GAME_OVER,31,30,2,1408,1,RandomPlayerConfig,1,2,2,OSLA
1038511446,Checkers,0,GAME_OVER,26,25,2,1409,1,RandomPlayerConfig,1,2,2,OSLA
404103070,Checkers,0,GAME_OVER,31,30,2,1410,1,RandomPlayerConfig,1,2,2,OSLA
-236095770,Checkers,0,GAME_OVER,27,26,2,1411,1,RandomPlayerConfig,1,2,2,OSLA
-635241784,Checkers,0,GAME_OVER,38,37,2,1412,1,RandomPlayerConfig,1,2,2,OSLA
-1219981600,Checkers,0,GAME_OVER,37,36,2,1413,1,RandomPlayerConfig,1,2,2,OSLA
-419788009,Checkers,0,GAME_OVER,46,45,2,1414,1,RandomPlayerConfig,1,2,2,OSLA
-2011432280,Checkers,0,GAME_OVER,23,22,2,1415,1,RandomPlayerConfig,1,2,2,OSLA
1893833513,Checkers,0,GAME_OVER,31,30,2,1416,1,RandomPlayerConfig,1,2,2,OSLA
-75069639,Checkers,0,GAME_OVER,35,34,2,1417,1,RandomPlayerConfig,1,2,2,OSLA
1806776348,Checkers,0,GAME_OVER,31,30,2,1418,1,RandomPlayerConfig,1,2,2,OSLA
411173053,Checkers,0,GAME_OVER,29,28,2,1419,1,RandomPlayerConfig,1,2,2,OSLA
2066352668,Checkers,0,GAME_OVER,58,57,2,1420,1,RandomPlayerConfig,1,2,2,OSLA
723274559,Checkers,0,GAME_OVER,32,31,2,1421,1,RandomPlayerConfig,1,2,2,OSLA
-1150974147,Checkers,0,GAME_OVER,27,26,2,1422,1,RandomPlayerConfig,1,2,2,OSLA
1622488392,Checkers,0,GAME_OVER,32,31,2,1423,1,RandomPlayerConfig,1,2,2,OSLA
-454292657,Checkers,0,GAME_OVER,35,34,2,1424,1,RandomPlayerConfig,1,2,2,OSLA
97536938,Checkers,0,GAME_OVER,22,21,2,1425,1,RandomPlayerConfig,1,2,2,OSLA
-566292283,Checkers,0,GAME_OVER,32,31,2,1426,1,RandomPlayerConfig,1,2,2,OSLA
1913023947,Checkers,0,GAME_OVER,29,28,2,1427,1,RandomPlayerConfig,1,2,2,OSLA
1143962093,Checkers,0,GAME_OVER,33,32,2,1428,1,RandomPlayerConfig,1,2,2,OSLA
602059816,Checkers,0,GAME_OVER,23,22,2,1429,1,RandomPlayerConfig,1,2,2,OSLA
141156107,Checkers,0,GAME_OVER,30,29,2,1430,1,RandomPlayerConfig,1,2,2,OSLA
-69601556,Checkers,0,GAME_OVER,30,29,2,1431,1,RandomPlayerConfig,1,2,2,OSLA
2134605072,Checkers,0,GAME_OVER,26,25,2,1432,1,RandomPlayerConfig,1,2,2,OSLA
-523306807,Checkers,0,GAME_OVER,28,27,2,1433,1,RandomPlayerConfig,1,2,2,OSLA
-2085127673,Checkers,0,GAME_OVER,32,31,2,1434,1,RandomPlayerConfig,1,2,2,OSLA
2047900283,Checkers,0,GAME_OVER,40,39,2,1435,1,RandomPlayerConfig,1,2,2,OSLA
1368919923,Checkers,0,GAME_OVER,30,29,2,1436,1,RandomPlayerConfig,1,2,2,OSLA
-1899080291,Checkers,0,GAME_OVER,49,48,2,1437,1,RandomPlayerConfig,1,2,2,OSLA
-1072916441,Checkers,0,GAME_OVER,40,39,2,1438,1,RandomPlayerConfig,1,2,2,OSLA
-1677082189,Checkers,0,GAME_OVER,24,23,2,1439,1,RandomPlayerConfig,1,2,2,OSLA
-1317810581,Checkers,0,GAME_OVER,33,32,2,1440,1,RandomPlayerConfig,1,2,2,OSLA
2081432730,Checkers,0,GAME_OVER,31,30,2,1441,1,RandomPlayerConfig,1,2,2,OSLA
263751779,Checkers,0,GAME_OVER,54,53,2,1442,1,RandomPlayerConfig,1,2,2,OSLA
563795903,Checkers,0,GAME_OVER,29,28,2,1443,1,RandomPlayerConfig,1,2,2,OSLA
1361265687,Checkers,0,GAME_OVER,32,31,2,1444,1,RandomPlayerConfig,1,2,2,OSLA
-226021949,Checkers,0,GAME_OVER,34,33,2,1445,1,RandomPlayerConfig,1,2,2,OSLA
554740110,Checkers,0,GAME_OVER,27,26,2,1446,1,RandomPlayerConfig,1,2,2,OSLA
686116992,Checkers,0,GAME_OVER,30,29,2,1447,1,RandomPlayerConfig,1,2,2,OSLA
1645093078,Checkers,0,GAME_OVER,30,29,2,1448,1,RandomPlayerConfig,1,2,2,OSLA
-411478649,Checkers,0,GAME_OVER,26,25,2,1449,1,RandomPlayerConfig,1,2,2,OSLA
1367048943,Checkers,0,GAME_OVER,29,28,2,1450,1,RandomPlayerConfig,1,2,2,OSLA
-2104117363,Checkers,0,GAME_OVER,48,47,2,1451,1,RandomPlayerConfig,1,2,2,OSLA
1521620985,Checkers,0,GAME_OVER,25,24,2,1452,1,RandomPlayerConfig,1,2,2,OSLA
1794198886,Checkers,0,GAME_OVER,32,31,2,1453,1,RandomPlayerConfig,1,2,2,OSLA
1421627920,Checkers,0,GAME_OVER,43,42,2,1454,1,RandomPlayerConfig,1,2,2,OSLA
1709927291,Checkers,0,GAME_OVER,31,30,2,1455,1,RandomPlayerConfig,1,2,2,OSLA
-945138759,Checkers,0,GAME_OVER,25,24,2,1456,1,RandomPlayerConfig,1,2,2,OSLA
-687330598,Checkers,0,GAME_OVER,35,34,2,1457,1,RandomPlayerConfig,1,2,2,OSLA
1191780821,Checkers,0,GAME_OVER,25,24,2,1458,1,RandomPlayerConfig,1,2,2,OSLA
-1689491107,Checkers,0,GAME_OVER,27,26,2,1459,1,RandomPlayerConfig,1,2,2,OSLA
1260762219,Checkers,0,GAME_OVER,31,30,2,1460,1,RandomPlayerConfig,1,2,2,OSLA
771164276,Checkers,0,GAME_OVER,35,34,2,1461,1,RandomPlayerConfig,1,2,2,OSLA
1451409103,Checkers,0,GAME_OVER,23,22,2,1462,1,RandomPlayerConfig,1,2,2,OSLA
2135673998,Checkers,0,GAME_OVER,51,50,2,1463,1,RandomPlayerConfig,1,2,2,OSLA
2116374257,Checkers,0,GAME_OVER,34,33,2,1464,1,RandomPlayerConfig,1,2,2,OSLA
1379865924,Checkers,0,GAME_OVER,35,34,2,1465,1,RandomPlayerConfig,1,2,2,OSLA
-1840833326,Checkers,0,GAME_OVER,29,28,2,1466,1,RandomPlayerConfig,1,2,2,OSLA
-1322121555,Checkers,0,GAME_OVER,30,29,2,1467,1,RandomPlayerConfig,1,2,2,OSLA
-1098916237,Checkers,0,GAME_OVER,35,34,2,1468,1,RandomPlayerConfig,1,2,2,OSLA
-1070025090,Checkers,0,GAME_OVER,33,32,2,1469,1,RandomPlayerConfig,1,2,2,OSLA
-1077149244,Checkers,0,GAME_OVER,35,34,2,1470,1,RandomPlayerConfig,1,2,2,OSLA
-1283320856,Checkers,0,GAME_OVER,51,50,2,1471,1,RandomPlayerConfig,1,2,2,OSLA
1530797391,Checkers,0,GAME_OVER,24,23,2,1472,1,RandomPlayerConfig,1,2,2,OSLA
37789529,Checkers,0,GAME_OVER,29,28,2,1473,1,RandomPlayerConfig,1,2,2,OSLA
330893752,Checkers,0,GAME_OVER,28,27,2,1474,1,RandomPlayerConfig,1,2,2,OSLA
-1696125059,Checkers,0,GAME_OVER,33,32,2,1475,1,RandomPlayerConfig,1,2,2,OSLA
-2119222963,Checkers,0,GAME_OVER,25,24,2,1476,1,RandomPlayerConfig,1,2,2,OSLA
985924410,Checkers,0,GAME_OVER,32,31,2,1477,1,RandomPlayerConfig,1,2,2,OSLA
1599428666,Checkers,0,GAME_OVER,59,58,2,1478,1,RandomPlayerConfig,1,2,2,OSLA
1152044158,Checkers,0,GAME_OVER,27,26,2,1479,1,RandomPlayerConfig,1,2,2,OSLA
-1210853609,Checkers,0,GAME_OVER,28,27,2,1480,1,RandomPlayerConfig,1,2,2,OSLA
802899473,Checkers,0,GAME_OVER,32,31,2,1481,1,RandomPlayerConfig,1,2,2,OSLA
1343130348,Checkers,0,GAME_OVER,32,31,2,1482,1,RandomPlayerConfig,1,2,2,OSLA
-1718954284,Checkers,0,GAME_OVER,34,33,2,1483,1,RandomPlayerConfig,1,2,2,OSLA
934369511,Checkers,0,GAME_OVER,38,37,2,1484,1,RandomPlayerConfig,1,2,2,OSLA
1161088771,Checkers,0,GAME_OVER,31,30,2,1485,1,RandomPlayerConfig,1,2,2,OSLA
954450257,Checkers,0,GAME_OVER,36,35,2,1486,1,RandomPlayerConfig,1,2,2,OSLA
-2000387963,Checkers,0,GAME_OVER,37,36,2,1487,1,RandomPlayerConfig,1,2,2,OSLA
-1173988222,Checkers,0,GAME_OVER,28,27,2,1488,1,RandomPlayerConfig,1,2,2,OSLA
-1459101367,Checkers,0,GAME_OVER,30,29,2,1489,1,RandomPlayerConfig,1,2,2,OSLA
249089512,Checkers,0,GAME_OVER,31,30,2,1490,1,RandomPlayerConfig,1,2,2,OSLA
-1717035207,Checkers,0,GAME_OVER,35,34,2,1491,1,RandomPlayerConfig,1,2,2,OSLA
-118184860,Checkers,0,GAME_OVER,30,29,2,1492,1,RandomPlayerConfig,1,2,2,OSLA
-1310613673,Checkers,0,GAME_OVER,31,30,2,1493,1,RandomPlayerConfig,1,2,2,OSLA
-1488788356,Checkers,0,GAME_OVER,38,37,2,1494,1,RandomPlayerConfig,1,2,2,OSLA
-464593415,Checkers,0,GAME_OVER,22,21,2,1495,1,RandomPlayerConfig,1,2,2,OSLA
-1413226436,Checkers,0,GAME_OVER,30,29,2,1496,1,RandomPlayerConfig,1,2,2,OSLA
1939643456,Checkers,0,GAME_OVER,29,28,2,1497,1,RandomPlayerConfig,1,2,2,OSLA
1375820218,Checkers,0,GAME_OVER,27,26,2,1498,1,RandomPlayerConfig,1,2,2,OSLA
-1403828422,Checkers,0,GAME_OVER,26,25,2,1499,1,RandomPlayerConfig,1,2,2,OSLA
-417068902,Checkers,0,GAME_OVER,44,43,2,1500,1,RandomPlayerConfig,1,2,2,OSLA
-67788968,Checkers,0,GAME_OVER,31,30,2,1501,1,RandomPlayerConfig,1,2,2,OSLA
-540391421,Checkers,0,GAME_OVER,32,31,2,1502,1,RandomPlayerConfig,1,2,2,OSLA
-1225135334,Checkers,0,GAME_OVER,28,27,2,1503,1,RandomPlayerConfig,1,2,2,OSLA
-1869790746,Checkers,0,GAME_OVER,28,27,2,1504,1,RandomPlayerConfig,1,2,2,OSLA
1765178906,Checkers,0,GAME_OVER,34,33,2,1505,1,RandomPlayerConfig,1,2,2,OSLA
1591487875,Checkers,0,GAME_OVER,29,28,2,1506,1,RandomPlayerConfig,1,2,2,OSLA
1229432296,Checkers,0,GAME_OVER,34,33,2,1507,1,RandomPlayerConfig,1,2,2,OSLA
180779668,Checkers,0,GAME_OVER,33,32,2,1508,1,RandomPlayerConfig,1,2,2,OSLA
1100623948,Checkers,0,GAME_OVER,34,33,2,1509,1,RandomPlayerConfig,1,2,2,OSLA
65197954,Checkers,0,GAME_OVER,25,24,2,1510,1,RandomPlayerConfig,1,2,2,OSLA
-967357718,Checkers,0,GAME_OVER,41,40,2,1511,1,RandomPlayerConfig,1,2,2,OSLA
-59033451,Checkers,0,GAME_OVER,32,31,2,1512,1,RandomPlayerConfig,1,2,2,OSLA
-1768193439,Checkers,0,GAME_OVER,28,27,2,1513,1,RandomPlayerConfig,1,2,2,OSLA
317665018,Checkers,0,GAME_OVER,29,28,2,1514,1,RandomPlayerConfig,1,2,2,OSLA
1930999641,Checkers,0,GAME_OVER,30,29,2,1515,1,RandomPlayerConfig,1,2,2,OSLA
1398557200,Checkers,0,GAME_OVER,32,31,2,1516,1,RandomPlayerConfig,1,2,2,OSLA
-1231943139,Checkers,0,GAME_OVER,34,33,2,1517,1,RandomPlayerConfig,1,2,2,OSLA
1111931496,Checkers,0,GAME_OVER,29,28,2,1518,1,RandomPlayerConfig,1,2,2,OSLA
2126483888,Checkers,0,GAME_OVER,35,34,2,1519,1,RandomPlayerConfig,1,2,2,OSLA
-1513206447,Checkers,0,GAME_OVER,26,25,2,1520,1,RandomPlayerConfig,1,2,2,OSLA
2132230527,Checkers,0,GAME_OVER,33,32,2,1521,1,RandomPlayerConfig,1,2,2,OSLA
667478247,Checkers,0,GAME_OVER,37,36,2,1522,1,RandomPlayerConfig,1,2,2,OSLA
650656037,Checkers,0,GAME_OVER,29,28,2,1523,1,RandomPlayerConfig,1,2,2,OSLA
1038369793,Checkers,0,GAME_OVER,35,34,2,1524,1,RandomPlayerConfig,1,2,2,OSLA
-169350182,Checkers,0,GAME_OVER,40,39,2,1525,1,RandomPlayerConfig,1,2,2,OSLA
1190492793,Checkers,0,GAME_OVER,30,29,2,1526,1,RandomPlayerConfig,1,2,2,OSLA
1994238327,Checkers,0,GAME_OVER,38,37,2,1527,1,RandomPlayerConfig,1,2,2,OSLA
1234412951,Checkers,0,GAME_OVER,30,29,2,1528,1,RandomPlayerConfig,1,2,2,OSLA
848570692,Checkers,0,GAME_OVER,35,34,2,1529,1,RandomPlayerConfig,1,2,2,OSLA
1518377384,Checkers,0,GAME_OVER,30,29,2,1530,1,RandomPlayerConfig,1,2,2,OSLA
-1739368726,Checkers,0,GAME_OVER,19,18,2,1531,1,RandomPlayerConfig,1,2,2,OSLA
2029167886,Checkers,0,GAME_OVER,27,26,2,1532,1,RandomPlayerConfig,1,2,2,OSLA
194174004,Checkers,0,GAME_OVER,29,28,2,1533,1,RandomPlayerConfig,1,2,2,OSLA
1578531405,Checkers,0,GAME_OVER,31,30,2,1534,1,RandomPlayerConfig,1,2,2,OSLA
-23968113,Checkers,0,GAME_OVER,35,34,2,1535,1,RandomPlayerConfig,1,2,2,OSLA
1126735320,Checkers,0,GAME_OVER,28,27,2,1536,1,RandomPlayerConfig,1,2,2,OSLA
2071151974,Checkers,0,GAME_OVER,31,30,2,1537,1,RandomPlayerConfig,1,2,2,OSLA
-1531342417,Checkers,0,GAME_OVER,30,29,2,1538,1,RandomPlayerConfig,1,2,2,OSLA
-1643583799,Checkers,0,GAME_OVER,31,30,2,1539,1,RandomPlayerConfig,1,2,2,OSLA
-658252783,Checkers,0,GAME_OVER,39,38,2,1540,1,RandomPlayerConfig,1,2,2,OSLA
-1993213438,Checkers,0,GAME_OVER,30,29,2,1541,1,RandomPlayerConfig,1,2,2,OSLA
994294735,Checkers,0,GAME_OVER,24,23,2,1542,1,RandomPlayerConfig,1,2,2,OSLA
639724555,Checkers,0,GAME_OVER,33,32,2,1543,1,RandomPlayerConfig,1,2,2,OSLA
-1515768840,Checkers,0,GAME_OVER,29,28,2,1544,1,RandomPlayerConfig,1,2,2,OSLA
1197774844,Checkers,0,GAME_OVER,32,31,2,1545,1,RandomPlayerConfig,1,2,2,OSLA
-700194303,Checkers,0,GAME_OVER,31,30,2,1546,1,RandomPlayerConfig,1,2,2,OSLA
1421522406,Checkers,0,GAME_OVER,28,27,2,1547,1,RandomPlayerConfig,1,2,2,OSLA
284499098,Checkers,0,GAME_OVER,28,27,2,1548,1,RandomPlayerConfig,1,2,2,OSLA
2067913917,Checkers,0,GAME_OVER,27,26,2,1549,1,RandomPlayerConfig,1,2,2,OSLA
1274476222,Checkers,0,GAME_OVER,31,30,2,1550,1,RandomPlayerConfig,1,2,2,OSLA
-1763966910,Checkers,0,GAME_OVER,25,24,2,1551,1,RandomPlayerConfig,1,2,2,OSLA
-1115340337,Checkers,0,GAME_OVER,27,26,2,1552,1,RandomPlayerConfig,1,2,2,OSLA
-725483005,Checkers,0,GAME_OVER,33,32,2,1553,1,RandomPlayerConfig,1,2,2,OSLA
-407610696,Checkers,0,GAME_OVER,34,33,2,1554,1,RandomPlayerConfig,1,2,2,OSLA
1998316779,Checkers,0,GAME_OVER,33,32,2,1555,1,RandomPlayerConfig,1,2,2,OSLA
-187907734,Checkers,0,GAME_OVER,27,26,2,1556,1,RandomPlayerConfig,1,2,2,OSLA
-1636989691,Checkers,0,GAME_OVER,39,38,2,1557,1,RandomPlayerConfig,1,2,2,OSLA
-653066449,Checkers,0,GAME_OVER,34,33,2,1558,1,RandomPlayerConfig,1,2,2,OSLA
-893947569,Checkers,0,GAME_OVER,29,28,2,1559,1,RandomPlayerConfig,1,2,2,OSLA
-1611626581,Checkers,0,GAME_OVER,34,33,2,1560,1,RandomPlayerConfig,1,2,2,OSLA
472824794,Checkers,0,GAME_OVER,36,35,2,1561,1,RandomPlayerConfig,1,2,2,OSLA
1334696323,Checkers,0,GAME_OVER,32,31,2,1562,1,RandomPlayerConfig,1,2,2,OSLA
450778245,Checkers,0,GAME_OVER,32,31,2,1563,1,RandomPlayerConfig,1,2,2,OSLA
1916567288,Checkers,0,GAME_OVER,34,33,2,1564,1,RandomPlayerConfig,1,2,2,OSLA
-958604006,Checkers,0,GAME_OVER,36,35,2,1565,1,RandomPlayerConfig,1,2,2,OSLA
12811273,Checkers,0,GAME_OVER,31,30,2,1566,1,RandomPlayerConfig,1,2,2,OSLA
-1400542831,Checkers,0,GAME_OVER,32,31,2,1567,1,RandomPlayerConfig,1,2,2,OSLA
-726563124,Checkers,0,GAME_OVER,31,30,2,1568,1,RandomPlayerConfig,1,2,2,OSLA
1685937605,Checkers,0,GAME_OVER,31,30,2,1569,1,RandomPlayerConfig,1,2,2,OSLA
2094393377,Checkers,0,GAME_OVER,29,28,2,1570,1,RandomPlayerConfig,1,2,2,OSLA
-2040454682,Checkers,0,GAME_OVER,31,30,2,1571,1,RandomPlayerConfig,1,2,2,OSLA
386360815,Checkers,0,GAME_OVER,35,34,2,1572,1,RandomPlayerConfig,1,2,2,OSLA
94554467,Checkers,0,GAME_OVER,23,22,2,1573,1,RandomPlayerConfig,1,2,2,OSLA
-1087574649,Checkers,0,GAME_OVER,38,37,2,1574,1,RandomPlayerConfig,1,2,2,OSLA
1857917995,Checkers,0,GAME_OVER,37,36,2,1575,1,RandomPlayerConfig,1,2,2,OSLA
916401127,Checkers,0,GAME_OVER,23,22,2,1576,1,RandomPlayerConfig,1,2,2,OSLA
-316770195,Checkers,0,GAME_OVER,28,27,2,1577,1,RandomPlayerConfig,1,2,2,OSLA
1529785066,Checkers,0,GAME_OVER,30,29,2,1578,1,RandomPlayerConfig,1,2,2,OSLA
-1711131838,Checkers,0,GAME_OVER,33,32,2,1579,1,RandomPlayerConfig,1,2,2,OSLA
-1296714322,Checkers,0,GAME_OVER,34,33,2,1580,1,RandomPlayerConfig,1,2,2,OSLA
-1163081493,Checkers,0,GAME_OVER,30,29,2,1581,1,RandomPlayerConfig,1,2,2,OSLA
-777583686,Checkers,0,GAME_OVER,25,24,2,1582,1,RandomPlayerConfig,1,2,2,OSLA
1930129797,Checkers,0,GAME_OVER,24,23,2,1583,1,RandomPlayerConfig,1,2,2,OSLA
-571651676,Checkers,0,GAME_OVER,29,28,2,1584,1,RandomPlayerConfig,1,2,2,OSLA
563723613,Checkers,0,GAME_OVER,24,23,2,1585,1,RandomPlayerConfig,1,2,2,OSLA
1842356038,Checkers,0,GAME_OVER,27,26,2,1586,1,RandomPlayerConfig,1,2,2,OSLA
-664480686,Checkers,0,GAME_OVER,48,47,2,1587,1,RandomPlayerConfig,1,2,2,OSLA
-1824489785,Checkers,0,GAME_OVER,30,29,2,1588,1,RandomPlayerConfig,1,2,2,OSLA
1809196511,Checkers,0,GAME_OVER,35,34,2,1589,1,RandomPlayerConfig,1,2,2,OSLA
1031488773,Checkers,0,GAME_OVER,24,23,2,1590,1,RandomPlayerConfig,1,2,2,OSLA
1897020361,Checkers,0,GAME_OVER,45,44,2,1591,1,RandomPlayerConfig,1,2,2,OSLA
1189077792,Checkers,0,GAME_OVER,38,37,2,1592,1,RandomPlayerConfig,1,2,2,OSLA
-690767993,Checkers,0,GAME_OVER,30,29,2,1593,1,RandomPlayerConfig,1,2,2,OSLA
-1610962381,Checkers,0,GAME_OVER,24,23,2,1594,1,RandomPlayerConfig,1,2,2,OSLA
1899979476,Checkers,0,GAME_OVER,30,29,2,1595,1,RandomPlayerConfig,1,2,2,OSLA
-308341376,Checkers,0,GAME_OVER,30,29,2,1596,1,RandomPlayerConfig,1,2,2,OSLA
-335497711,Checkers,0,GAME_OVER,40,39,2,1597,1,RandomPlayerConfig,1,2,2,OSLA
-1469971297,Checkers,0,GAME_OVER,36,35,2,1598,1,RandomPlayerConfig,1,2,2,OSLA
-1491543193,Checkers,0,GAME_OVER,35,34,2,1599,1,RandomPlayerConfig,1,2,2,OSLA
-290634132,Checkers,0,GAME_OVER,41,40,2,1600,1,RandomPlayerConfig,1,2,2,OSLA
-1457384514,Checkers,0,GAME_OVER,36,35,2,1601,1,RandomPlayerConfig,1,2,2,OSLA
-787702671,Checkers,0,GAME_OVER,42,41,2,1602,2,RandomPlayerConfig,2,1,1,RandomPlayerConfig
-2062906404,Checkers,0,GAME_OVER,38,37,2,1603,2,RandomPlayerConfig,2,1,1,RandomPlayerConfig
-176736144,Checkers,0,GAME_OVER,33,32,2,1604,2,RandomPlayerConfig,2,1,1,RandomPlayerConfig
222647469,Checkers,0,GAME_OVER,63,62,2,1605,1,RandomPlayerConfig,1,2,2,RandomPlayerConfig
-586756155,Checkers,0,GAME_OVER,68,67,2,1606,2,RandomPlayerConfig,2,1,1,RandomPlayerConfig
1234647345,Checkers,0,GAME_OVER,26,25,2,1607,1,RandomPlayerConfig,1,2,2,RandomPlayerConfig
-2043222127,Checkers,0,GAME_OVER,51,50,2,1608,1,RandomPlayerConfig,1,2,2,RandomPlayerConfig
1038511446,Checkers,0,GAME_OVER,31,30,2,1609,1,RandomPlayerConfig,1,2,2,RandomPlayerConfig
404103070,Checkers,0,GAME_OVER,65,64,2,1610,1,RandomPlayerConfig,1,2,2,RandomPlayerConfig
-236095770,Checkers,0,GAME_OVER,32,31,2,1611,1,RandomPlayerConfig,1,2,2,RandomPlayerConfig
-635241784,Checkers,0,GAME_OVER,51,50,2,1612,2,RandomPlayerConfig,2,1,1,RandomPlayerConfig
-1219981600,Checkers,0,GAME_OVER,34,33,2,1613,2,RandomPlayerConfig,2,1,1,RandomPlayerConfig
-419788009,Checkers,0,GAME_OVER,37,36,2,1614,1,RandomPlayerConfig,1,2,2,RandomPlayerConfig
-2011432280,Checkers,0,GAME_OVER,38,37,2,1615,2,RandomPlayerConfig,2,1,1,RandomPlayerConfig
1893833513,Checkers,0,GAME_OVER,55,54,2,1616,2,RandomPlayerConfig,2,1,1,RandomPlayerConfig
-75069639,Checkers,0,GAME_OVER,43,42,2,1617,2,RandomPlayerConfig,2,1,1,RandomPlayerConfig
1806776348,Checkers,0,GAME_OVER,49,48,2,1618,1,RandomPlayerConfig,1,2,2,RandomPlayerConfig
411173053,Checkers,0,GAME_OVER,42,41,2,1619,1,RandomPlayerConfig,1,2,2,RandomPlayerConfig
2066352668,Checkers,0,GAME_OVER,36,35,2,1620,1,RandomPlayerConfig,1,2,2,RandomPlayerConfig
723274559,Checkers,0,GAME_OVER,38,37,2,1621,1,RandomPlayerConfig,1,2,2,RandomPlayerConfig
-1150974147,Checkers,0,GAME_OVER,46,45,2,1622,1,RandomPlayerConfig,1,2,2,RandomPlayerConfig
1622488392,Checkers,0,GAME_OVER,49,48,2,1623,2,RandomPlayerConfig,2,1,1,RandomPlayerConfig
-454292657,Checkers,0,GAME_OVER,28,27,2,1624,2,RandomPlayerConfig,2,1,1,RandomPlayerConfig
97536938,Checkers,0,GAME_OVER,35,34,2,1625,1,RandomPlayerConfig,1,2,2,RandomPlayerConfig
-566292283,Checkers,0,GAME_OVER,58,57,2,1626,2,RandomPlayerConfig,2,1,1,RandomPlayerConfig
1913023947,Checkers,0,GAME_OVER,36,35,2,1627,1,RandomPlayerConfig,1,2,2,RandomPlayerConfig
1143962093,Checkers,0,GAME_OVER,39,38,2,1628,2,RandomPlayerConfig,2,1,1,RandomPlayerConfig
602059816,Checkers,0,GAME_OVER,34,33,2,1629,1,RandomPlayerConfig,1,2,2,RandomPlayerConfig
141156107,Checkers,0,GAME_OVER,37,36,2,1630,2,RandomPlayerConfig,2,1,1,RandomPlayerConfig
-69601556,Checkers,0,GAME_OVER,51,50,2,1631,2,RandomPlayerConfig,2,1,1,RandomPlayerConfig
2134605072,Checkers,0,GAME_OVER,30,29,2,1632,2,RandomPlayerConfig,2,1,1,RandomPlayerConfig
-523306807,Checkers,0,GAME_OVER,33,32,2,1633,1,RandomPlayerConfig,1,2,2,RandomPlayerConfig
-2085127673,Checkers,0,GAME_OVER,27,26,2,1634,1,RandomPlayerConfig,1,2,2,RandomPlayerConfig
2047900283,Checkers,0,GAME_OVER,49,48,2,1635,1,RandomPlayerConfig,1,2,2,RandomPlayerConfig
1368919923,Checkers,0,GAME_OVER,34,33,2,1636,2,RandomPlayerConfig,2,1,1,RandomPlayerConfig
-1899080291,Checkers,0,GAME_OVER,53,52,2,1637,1,RandomPlayerConfig,1,2,2,RandomPlayerConfig
-1072916441,Checkers,0,GAME_OVER,53,52,2,1638,1,RandomPlayerConfig,1,2,2,RandomPlayerConfig
-1677082189,Checkers,0,GAME_OVER,39,38,2,1639,2,RandomPlayerConfig,2,1,1,RandomPlayerConfig
-1317810581,Checkers,0,GAME_OVER,36,35,2,1640,1,RandomPlayerConfig,1,2,2,RandomPlayerConfig
2081432730,Checkers,0,GAME_OVER,57,56,2,1641,1,RandomPlayerConfig,1,2,2,RandomPlayerConfig
263751779,Checkers,0,GAME_OVER,58,57,2,1642,2,RandomPlayerConfig,2,1,1,RandomPlayerConfig
563795903,Checkers,0,GAME_OVER,28,27,2,1643,1,RandomPlayerConfig,1,2,2,RandomPlayerConfig
1361265687,Checkers,0,GAME_OVER,40,39,2,1644,1,RandomPlayerConfig,1,2,2,RandomPlayerConfig
-226021949,Checkers,0,GAME_OVER,33,32,2,1645,1,RandomPlayerConfig,1,2,2,RandomPlayerConfig
554740110,Checkers,0,GAME_OVER,29,28,2,1646,1,RandomPlayerConfig,1,2,2,RandomPlayerConfig
686116992,Checkers,0,GAME_OVER,49,48,2,1647,2,RandomPlayerConfig,2,1,1,RandomPlayerConfig
1645093078,Checkers,0,GAME_OVER,35,34,2,1648,2,RandomPlayerConfig,2,1,1,RandomPlayerConfig
-411478649,Checkers,0,GAME_OVER,69,68,2,1649,1,RandomPlayerConfig,1,2,2,RandomPlayerConfig
1367048943,Checkers,0,GAME_OVER,33,32,2,1650,2,RandomPlayerConfig,2,1,1,RandomPlayerConfig
-2104117363,Checkers,0,GAME_OVER,38,37,2,1651,2,RandomPlayerConfig,2,1,1,RandomPlayerConfig
1521620985,Checkers,0,GAME_OVER,34,33,2,1652,2,RandomPlayerConfig,2,1,1,RandomPlayerConfig
1794198886,Checkers,0,GAME_OVER,33,32,2,1653,1,RandomPlayerConfig,1,2,2,RandomPlayerConfig
1421627920,Checkers,0,GAME_OVER,26,25,2,1654,1,RandomPlayerConfig,1,2,2,RandomPlayerConfig
1709927291,Checkers,0,GAME_OVER,56,55,2,1655,1,RandomPlayerConfig,1,2,2,RandomPlayerConfig
-945138759,Checkers,0,GAME_OVER,37,36,2,1656,2,RandomPlayerConfig,2,1,1,RandomPlayerConfig
-687330598,Checkers,0,GAME_OVER,21,20,2,1657,2,RandomPlayerConfig,2,1,1,RandomPlayerConfig
1191780821,Checkers,0,GAME_OVER,51,50,2,1658,2,RandomPlayerConfig,2,1,1,RandomPlayerConfig
-1689491107,Checkers,0,GAME_OVER,48,47,2,1659,1,RandomPlayerConfig,1,2,2,RandomPlayerConfig
1260762219,Checkers,0,GAME_OVER,30,29,2,1660,1,RandomPlayerConfig,1,2,2,RandomPlayerConfig
771164276,Checkers,0,GAME_OVER,33,32,2,1661,1,RandomPlayerConfig,1,2,2,RandomPlayerConfig
1451409103,Checkers,0,GAME_OVER,38,37,2,1662,1,RandomPlayerConfig,1,2,2,RandomPlayerConfig
2135673998,Checkers,0,GAME_OVER,42,41,2,1663,2,RandomPlayerConfig,2,1,1,RandomPlayerConfig
2116374257,Checkers,0,GAME_OVER,60,59,2,1664,1,RandomPlayerConfig,1,2,2,RandomPlayerConfig
1379865924,Checkers,0,GAME_OVER,35,34,2,1665,1,RandomPlayerConfig,1,2,2,RandomPlayerConfig
-1840833326,Checkers,0,GAME_OVER,63,62,2,1666,2,RandomPlayerConfig,2,1,1,RandomPlayerConfig
-1322121555,Checkers,0,GAME_OVER,40,39,2,1667,2,RandomPlayerConfig,2,1,1,RandomPlayerConfig
-1098916237,Checkers,0,GAME_OVER,27,26,2,1668,2,RandomPlayerConfig,2,1,1,RandomPlayerConfig
-1070025090,Checkers,0,GAME_OVER,57,56,2,1669,2,RandomPlayerConfig,2,1,1,RandomPlayerConfig
-1077149244,Checkers,0,GAME_OVER,35,34,2,1670,2,RandomPlayerConfig,2,1,1,RandomPlayerConfig
-1283320856,Checkers,0,GAME_OVER,44,43,2,1671,2,RandomPlayerConfig,2,1,1,RandomPlayerConfig
1530797391,Checkers,0,GAME_OVER,31,30,2,1672,1,RandomPlayerConfig,1,2,2,RandomPlayerConfig
37789529,Checkers,0,GAME_OVER,33,32,2,1673,2,RandomPlayerConfig,2,1,1,RandomPlayerConfig
330893752,Checkers,0,GAME_OVER,44,43,2,1674,2,RandomPlayerConfig,2,1,1,RandomPlayerConfig
-1696125059,Checkers,0,GAME_OVER,53,52,2,1675,2,RandomPlayerConfig,2,1,1,RandomPlayerConfig
-2119222963,Checkers,0,GAME_OVER,34,33,2,1676,1,RandomPlayerConfig,1,2,2,RandomPlayerConfig
985924410,Checkers,0,GAME_OVER,36,35,2,1677,1,RandomPlayerConfig,1,2,2,RandomPlayerConfig
1599428666,Checkers,0,GAME_OVER,64,63,2,1678,2,RandomPlayerConfig,2,1,1,RandomPlayerConfig
1152044158,Checkers,0,GAME_OVER,34,33,2,1679,1,RandomPlayerConfig,1,2,2,RandomPlayerConfig
-1210853609,Checkers,0,GAME_OVER,37,36,2,1680,1,RandomPlayerConfig,1,2,2,RandomPlayerConfig
802899473,Checkers,0,GAME_OVER,29,28,2,1681,1,RandomPlayerConfig,1,2,2,RandomPlayerConfig
1343130348,Checkers,0,GAME_OVER,52,51,2,1682,2,RandomPlayerConfig,2,1,1,RandomPlayerConfig
-1718954284,Checkers,0,GAME_OVER,39,38,2,1683,2,RandomPlayerConfig,2,1,1,RandomPlayerConfig
934369511,Checkers,0,GAME_OVER,43,42,2,1684,1,RandomPlayerConfig,1,2,2,RandomPlayerConfig
1161088771,Checkers,0,GAME_OVER,36,35,2,1685,2,RandomPlayerConfig,2,1,1,RandomPlayerConfig
954450257,Checkers,0,GAME_OVER,52,51,2,1686,2,RandomPlayerConfig,2,1,1,RandomPlayerConfig
-2000387963,Checkers,0,GAME_OVER,30,29,2,1687,1,RandomPlayerConfig,1,2,2,RandomPlayerConfig
-1173988222,Checkers,0,GAME_OVER,35,34,2,1688,2,RandomPlayerConfig,2,1,1,RandomPlayerConfig
-1459101367,Checkers,0,GAME_OVER,50,49,2,1689,2,RandomPlayerConfig,2,1,1,RandomPlayerConfig
249089512,Checkers,0,GAME_OVER,36,35,2,1690,1,RandomPlayerConfig,1,2,2,RandomPlayerConfig
-1717035207,Checkers,0,GAME_OVER,34,33,2,1691,2,RandomPlayerConfig,2,1,1,RandomPlayerConfig
-118184860,Checkers,0,GAME_OVER,73,72,2,1692,2,RandomPlayerConfig,2,1,1,RandomPlayerConfig
-1310613673,Checkers,0,GAME_OVER,37,36,2,1693,2,RandomPlayerConfig,2,1,1,RandomPlayerConfig
-1488788356,Checkers,0,GAME_OVER,45,44,2,1694,1,RandomPlayerConfig,1,2,2,RandomPlayerConfig
-464593415,Checkers,0,GAME_OVER,29,28,2,1695,2,RandomPlayerConfig,2,1,1,RandomPlayerConfig
-1413226436,Checkers,0,GAME_OVER,43,42,2,1696,2,RandomPlayerConfig,2,1,1,RandomPlayerConfig
1939643456,Checkers,0,GAME_OVER,34,33,2,1697,1,RandomPlayerConfig,1,2,2,RandomPlayerConfig
1375820218,Checkers,0,GAME_OVER,29,28,2,1698,2,RandomPlayerConfig,2,1,1,RandomPlayerConfig
-1403828422,Checkers,0,GAME_OVER,48,47,2,1699,2,RandomPlayerConfig,2,1,1,RandomPlayerConfig
-417068902,Checkers,0,GAME_OVER,37,36,2,1700,2,RandomPlayerConfig,2,1,1,RandomPlayerConfig
-67788968,Checkers,0,GAME_OVER,32,31,2,1701,2,RandomPlayerConfig,2,1,1,RandomPlayerConfig
-540391421,Checkers,0,GAME_OVER,26,25,2,1702,1,RandomPlayerConfig,1,2,2,RandomPlayerConfig
-1225135334,Checkers,0,GAME_OVER,30,29,2,1703,2,RandomPlayerConfig,2,1,1,RandomPlayerConfig
-1869790746,Checkers,0,GAME_OVER,53,52,2,1704,2,RandomPlayerConfig,2,1,1,RandomPlayerConfig
1765178906,Checkers,0,GAME_OVER,38,37,2,1705,2,RandomPlayerConfig,2,1,1,RandomPlayerConfig
1591487875,Checkers,0,GAME_OVER,49,48,2,1706,2,RandomPlayerConfig,2,1,1,RandomPlayerConfig
1229432296,Checkers,0,GAME_OVER,34,33,2,1707,1,RandomPlayerConfig,1,2,2,RandomPlayerConfig
180779668,Checkers,0,GAME_OVER,36,35,2,1708,1,RandomPlayerConfig,1,2,2,RandomPlayerConfig
1100623948,Checkers,0,GAME_OVER,24,23,2,1709,2,RandomPlayerConfig,2,1,1,RandomPlayerConfig
65197954,Checkers,0,GAME_OVER,53,52,2,1710,2,RandomPlayerConfig,2,1,1,RandomPlayerConfig
-967357718,Checkers,0,GAME_OVER,45,44,2,1711,2,RandomPlayerConfig,2,1,1,RandomPlayerConfig
-59033451,Checkers,0,GAME_OVER,28,27,2,1712,2,RandomPlayerConfig,2,1,1,RandomPlayerConfig
-1768193439,Checkers,0,GAME_OVER,33,32,2,1713,2,RandomPlayerConfig,2,1,1,RandomPlayerConfig
317665018,Checkers,0,GAME_OVER,49,48,2,1714,2,RandomPlayerConfig,2,1,1,RandomPlayerConfig
1930999641,Checkers,0,GAME_OVER,44,43,2,1715,2,RandomPlayerConfig,2,1,1,RandomPlayerConfig
1398557200,Checkers,0,GAME_OVER,30,29,2,1716,1,RandomPlayerConfig,1,2,2,RandomPlayerConfig
-1231943139,Checkers,0,GAME_OVER,34,33,2,1717,1,RandomPlayerConfig,1,2,2,RandomPlayerConfig
1111931496,Checkers,0,GAME_OVER,40,39,2,1718,1,RandomPlayerConfig,1,2,2,RandomPlayerConfig
2126483888,Checkers,0,GAME_OVER,57,56,2,1719,2,RandomPlayerConfig,2,1,1,RandomPlayerConfig
-1513206447,Checkers,0,GAME_OVER,36,35,2,1720,2,RandomPlayerConfig,2,1,1,RandomPlayerConfig
2132230527,Checkers,0,GAME_OVER,33,32,2,1721,1,RandomPlayerConfig,1,2,2,RandomPlayerConfig
667478247,Checkers,0,GAME_OVER,47,46,2,1722,2,RandomPlayerConfig,2,1,1,RandomPlayerConfig
650656037,Checkers,0,GAME_OVER,43,42,2,1723,2,RandomPlayerConfig,2,1,1,RandomPlayerConfig
1038369793,Checkers,0,GAME_OVER,40,39,2,1724,2,RandomPlayerConfig,2,1,1,RandomPlayerConfig
-169350182,Checkers,0,GAME_OVER,69,68,2,1725,1,RandomPlayerConfig,1,2,2,RandomPlayerConfig
1190492793,Checkers,0,GAME_OVER,74,73,2,1726,1,RandomPlayerConfig,1,2,2,RandomPlayerConfig
1994238327,Checkers,0,GAME_OVER,62,61,2,1727,2,RandomPlayerConfig,2,1,1,RandomPlayerConfig
1234412951,Checkers,0,GAME_OVER,25,24,2,1728,1,RandomPlayerConfig,1,2,2,RandomPlayerConfig
848570692,Checkers,0,GAME_OVER,29,28,2,1729,1,RandomPlayerConfig,1,2,2,RandomPlayerConfig
1518377384,Checkers,0,GAME_OVER,39,38,2,1730,2,RandomPlayerConfig,2,1,1,RandomPlayerConfig
-1739368726,Checkers,0,GAME_OVER,42,41,2,1731,1,RandomPlayerConfig,1,2,2,RandomPlayerConfig
2029167886,Checkers,0,GAME_OVER,39,38,2,1732,2,RandomPlayerConfig,2,1,1,RandomPlayerConfig
194174004,Checkers,0,GAME_OVER,23,22,2,1733,1,RandomPlayerConfig,1,2,2,RandomPlayerConfig
1578531405,Checkers,0,GAME_OVER,36,35,2,1734,2,RandomPlayerConfig,2,1,1,RandomPlayerConfig
-23968113,Checkers,0,GAME_OVER,57,56,2,1735,2,RandomPlayerConfig,2,1,1,RandomPlayerConfig
1126735320,Checkers,0,GAME_OVER,21,20,2,1736,2,RandomPlayerConfig,2,1,1,RandomPlayerConfig
2071151974,Checkers,0,GAME_OVER,30,29,2,1737,1,RandomPlayerConfig,1,2,2,RandomPlayerConfig
-1531342417,Checkers,0,GAME_OVER,55,54,2,1738,2,RandomPlayerConfig,2,1,1,RandomPlayerConfig
-1643583799,Checkers,0,GAME_OVER,26,25,2,1739,1,RandomPlayerConfig,1,2,2,RandomPlayerConfig
-658252783,Checkers,0,GAME_OVER,56,55,2,1740,2,RandomPlayerConfig,2,1,1,RandomPlayerConfig
-1993213438,Checkers,0,GAME_OVER,39,38,2,1741,2,RandomPlayerConfig,2,1,1,RandomPlayerConfig
994294735,Checkers,0,GAME_OVER,30,29,2,1742,1,RandomPlayerConfig,1,2,2,RandomPlayerConfig
639724555,Checkers,0,GAME_OVER,41,40,2,1743,1,RandomPlayerConfig,1,2,2,RandomPlayerConfig
-1515768840,Checkers,0,GAME_OVER,35,34,2,1744,2,RandomPlayerConfig,2,1,1,RandomPlayerConfig
1197774844,Checkers,0,GAME_OVER,36,35,2,1745,2,RandomPlayerConfig,2,1,1,RandomPlayerConfig
-700194303,Checkers,0,GAME_OVER,34,33,2,1746,1,RandomPlayerConfig,1,2,2,RandomPlayerConfig
1421522406,Checkers,0,GAME_OVER,39,38,2,1747,2,RandomPlayerConfig,2,1,1,RandomPlayerConfig
284499098,Checkers,0,GAME_OVER,32,31,2,1748,1,RandomPlayerConfig,1,2,2,RandomPlayerConfig
2067913917,Checkers,0,GAME_OVER,30,29,2,1749,2,RandomPlayerConfig,2,1,1,RandomPlayerConfig
1274476222,Checkers,0,GAME_OVER,31,30,2,1750,2,RandomPlayerConfig,2,1,1,RandomPlayerConfig
-1763966910,Checkers,0,GAME_OVER,32,31,2,1751,1,RandomPlayerConfig,1,2,2,RandomPlayerConfig
-1115340337,Checkers,0,GAME_OVER,38,37,2,1752,1,RandomPlayerConfig,1,2,2,RandomPlayerConfig
-725483005,Checkers,0,GAME_OVER,31,30,2,1753,1,RandomPlayerConfig,1,2,2,RandomPlayerConfig
-407610696,Checkers,0,GAME_OVER,36,35,2,1754,2,RandomPlayerConfig,2,1,1,RandomPlayerConfig
1998316779,Checkers,0,GAME_OVER,32,31,2,1755,2,RandomPlayerConfig,2,1,1,RandomPlayerConfig
-187907734,Checkers,0,GAME_OVER,58,57,2,1756,2,RandomPlayerConfig,2,1,1,RandomPlayerConfig
-1636989691,Checkers,0,GAME_OVER,30,29,2,1757,1,RandomPlayerConfig,1,2,2,RandomPlayerConfig
-653066449,Checkers,0,GAME_OVER,35,34,2,1758,2,RandomPlayerConfig,2,1,1,RandomPlayerConfig
-893947569,Checkers,0,GAME_OVER,37,36,2,1759,1,RandomPlayerConfig,1,2,2,RandomPlayerConfig
-1611626581,Checkers,0,GAME_OVER,28,27,2,1760,2,RandomPlayerConfig,2,1,1,RandomPlayerConfig
472824794,Checkers,0,GAME_OVER,38,37,2,1761,1,RandomPlayerConfig,1,2,2,RandomPlayerConfig
1334696323,Checkers,0,GAME_OVER,28,27,2,1762,2,RandomPlayerConfig,2,1,1,RandomPlayerConfig
450778245,Checkers,0,GAME_OVER,46,45,2,1763,2,RandomPlayerConfig,2,1,1,RandomPlayerConfig
1916567288,Checkers,0,GAME_OVER,53,52,2,1764,1,RandomPlayerConfig,1,2,2,RandomPlayerConfig
-958604006,Checkers,0,GAME_OVER,33,32,2,1765,1,RandomPlayerConfig,1,2,2,RandomPlayerConfig
12811273,Checkers,0,GAME_OVER,47,46,2,1766,2,RandomPlayerConfig,2,1,1,RandomPlayerConfig
-1400542831,Checkers,0,GAME_OVER,39,38,2,1767,2,RandomPlayerConfig,2,1,1,RandomPlayerConfig
-726563124,Checkers,0,GAME_OVER,75,74,2,1768,1,RandomPlayerConfig,1,2,2,RandomPlayerConfig
1685937605,Checkers,0,GAME_OVER,31,30,2,1769,1,RandomPlayerConfig,1,2,2,RandomPlayerConfig
2094393377,Checkers,0,GAME_OVER,50,49,2,1770,2,RandomPlayerConfig,2,1,1,RandomPlayerConfig
-2040454682,Checkers,0,GAME_OVER,31,30,2,1771,1,RandomPlayerConfig,1,2,2,RandomPlayerConfig
386360815,Checkers,0,GAME_OVER,63,62,2,1772,2,RandomPlayerConfig,2,1,1,RandomPlayerConfig
94554467,Checkers,0,GAME_OVER,34,33,2,1773,2,RandomPlayerConfig,2,1,1,RandomPlayerConfig
-1087574649,Checkers,0,GAME_OVER,51,50,2,1774,2,RandomPlayerConfig,2,1,1,RandomPlayerConfig
1857917995,Checkers,0,GAME_OVER,33,32,2,1775,1,RandomPlayerConfig,1,2,2,RandomPlayerConfig
916401127,Checkers,0,GAME_OVER,35,34,2,1776,2,RandomPlayerConfig,2,1,1,RandomPlayerConfig
-316770195,Checkers,0,GAME_OVER,33,32,2,1777,2,RandomPlayerConfig,2,1,1,RandomPlayerConfig
1529785066,Checkers,0,GAME_OVER,41,40,2,1778,2,RandomPlayerConfig,2,1,1,RandomPlayerConfig
-1711131838,Checkers,0,GAME_OVER,34,33,2,1779,1,RandomPlayerConfig,1,2,2,RandomPlayerConfig
-1296714322,Checkers,0,GAME_OVER,30,29,2,1780,2,RandomPlayerConfig,2,1,1,RandomPlayerConfig
-1163081493,Checkers,0,GAME_OVER,53,52,2,1781,1,RandomPlayerConfig,1,2,2,RandomPlayerConfig
-777583686,Checkers,0,GAME_OVER,26,25,2,1782,1,RandomPlayerConfig,1,2,2,RandomPlayerConfig
1930129797,Checkers,0,GAME_OVER,39,38,2,1783,2,RandomPlayerConfig,2,1,1,RandomPlayerConfig
-571651676,Checkers,0,GAME_OVER,41,40,2,1784,2,RandomPlayerConfig,2,1,1,RandomPlayerConfig
563723613,Checkers,0,GAME_OVER,51,50,2,1785,2,RandomPlayerConfig,2,1,1,RandomPlayerConfig
1842356038,Checkers,0,GAME_OVER,37,36,2,1786,2,RandomPlayerConfig,2,1,1,RandomPlayerConfig
-664480686,Checkers,0,GAME_OVER,38,37,2,1787,1,RandomPlayerConfig,1,2,2,RandomPlayerConfig
-1824489785,Checkers,0,GAME_OVER,74,73,2,1788,1,RandomPlayerConfig,1,2,2,RandomPlayerConfig
1809196511,Checkers,0,GAME_OVER,61,60,2,1789,1,RandomPlayerConfig,1,2,2,RandomPlayerConfig
1031488773,Checkers,0,GAME_OVER,34,33,2,1790,2,RandomPlayerConfig,2,1,1,RandomPlayerConfig
1897020361,Checkers,0,GAME_OVER,33,32,2,1791,2,RandomPlayerConfig,2,1,1,RandomPlayerConfig
1189077792,Checkers,0,GAME_OVER,49,48,2,1792,2,RandomPlayerConfig,2,1,1,RandomPlayerConfig
-690767993,Checkers,0,GAME_OVER,60,59,2,1793,2,RandomPlayerConfig,2,1,1,RandomPlayerConfig
-1610962381,Checkers,0,GAME_OVER,40,39,2,1794,1,RandomPlayerConfig,1,2,2,RandomPlayerConfig
1899979476,Checkers,0,GAME_OVER,37,36,2,1795,1,RandomPlayerConfig,1,2,2,RandomPlayerConfig
-308341376,Checkers,0,GAME_OVER,32,31,2,1796,2,RandomPlayerConfig,2,1,1,RandomPlayerConfig
-335497711,Checkers,0,GAME_OVER,27,26,2,1797,1,RandomPlayerConfig,1,2,2,RandomPlayerConfig
-1469971297,Checkers,0,GAME_OVER,35,34,2,1798,1,RandomPlayerConfig,1,2,2,RandomPlayerConfig
-1491543193,Checkers,0,GAME_OVER,43,42,2,1799,2,RandomPlayerConfig,2,1,1,RandomPlayerConfig
-290634132,Checkers,0,GAME_OVER,32,31,2,1800,2,RandomPlayerConfig,2,1,1,RandomPlayerConfig
-1457384514,Checkers,0,GAME_OVER,57,56,2,1801,1,RandomPlayerConfig,1,2,2,RandomPlayerConfig
