GameSeed,GameName,Round,Event,Tick,Turn,PlayerCount,GameID,PlayerType-1,PlayerType-0
-787702671,Checkers,0,GAME_OVER,35,34,2,2,MCTS_CheckersHeuristic,MCTS_CheckersHeuristic
-2062906404,Checkers,0,GAME_OVER,37,36,2,3,MCTS_CheckersHeuristic,MCTS_CheckersHeuristic
-176736144,Checkers,0,GAME_OVER,55,54,2,4,MCTS_CheckersHeuristic,MCTS_CheckersHeuristic
222647469,Checkers,0,GAME_OVER,118,117,2,5,MCTS_CheckersHeuristic,MCTS_CheckersHeuristic
-586756155,Checkers,0,GAME_OVER,37,36,2,6,MCTS_CheckersHeuristic,MCTS_CheckersHeuristic
1234647345,Checkers,0,GAME_OVER,71,70,2,7,MCTS_CheckersHeuristic,MCTS_CheckersHeuristic
-2043222127,Checkers,0,GAME_OVER,48,47,2,8,MCTS_CheckersHeuristic,MCTS_CheckersHeuristic
1038511446,Checkers,0,GAME_OVER,43,42,2,9,MCTS_CheckersHeuristic,MCTS_CheckersHeuristic
404103070,Checkers,0,GAME_OVER,38,37,2,10,MCTS_CheckersHeuristic,MCTS_CheckersHeuristic
-236095770,Checkers,0,GAME_OVER,47,46,2,11,MCTS_CheckersHeuristic,MCTS_CheckersHeuristic
-635241784,Checkers,0,GAME_OVER,40,39,2,12,MCTS_CheckersHeuristic,MCTS_CheckersHeuristic
-1219981600,Checkers,0,GAME_OVER,54,53,2,13,MCTS_CheckersHeuristic,MCTS_CheckersHeuristic
-419788009,Checkers,0,GAME_OVER,72,71,2,14,MCTS_CheckersHeuristic,MCTS_CheckersHeuristic
-2011432280,Checkers,0,GAME_OVER,43,42,2,15,MCTS_CheckersHeuristic,MCTS_CheckersHeuristic
1893833513,Checkers,0,GAME_OVER,51,50,2,16,MCTS_CheckersHeuristic,MCTS_CheckersHeuristic
-75069639,Checkers,0,GAME_OVER,54,53,2,17,MCTS_CheckersHeuristic,MCTS_CheckersHeuristic
1806776348,Checkers,0,GAME_OVER,99,98,2,18,MCTS_CheckersHeuristic,MCTS_CheckersHeuristic
411173053,Checkers,0,GAME_OVER,54,53,2,19,MCTS_CheckersHeuristic,MCTS_CheckersHeuristic
2066352668,Checkers,0,GAME_OVER,59,58,2,20,MCTS_CheckersHeuristic,MCTS_CheckersHeuristic
723274559,Checkers,0,GAME_OVER,65,64,2,21,MCTS_CheckersHeuristic,MCTS_CheckersHeuristic
-1150974147,Checkers,0,GAME_OVER,71,70,2,22,MCTS_CheckersHeuristic,MCTS_CheckersHeuristic
1622488392,Checkers,0,GAME_OVER,126,125,2,23,MCTS_CheckersHeuristic,MCTS_CheckersHeuristic
-454292657,Checkers,0,GAME_OVER,39,38,2,24,MCTS_CheckersHeuristic,MCTS_CheckersHeuristic
97536938,Checkers,0,GAME_OVER,40,39,2,25,MCTS_CheckersHeuristic,MCTS_CheckersHeuristic
-566292283,Checkers,0,GAME_OVER,37,36,2,26,MCTS_CheckersHeuristic,MCTS_CheckersHeuristic
1913023947,Checkers,0,GAME_OVER,105,104,2,27,MCTS_CheckersHeuristic,MCTS_CheckersHeuristic
1143962093,Checkers,0,GAME_OVER,127,126,2,28,MCTS_CheckersHeuristic,MCTS_CheckersHeuristic
602059816,Checkers,0,GAME_OVER,84,83,2,29,MCTS_CheckersHeuristic,MCTS_CheckersHeuristic
141156107,Checkers,0,GAME_OVER,44,43,2,30,MCTS_CheckersHeuristic,MCTS_CheckersHeuristic
-69601556,Checkers,0,GAME_OVER,47,46,2,31,MCTS_CheckersHeuristic,MCTS_CheckersHeuristic
2134605072,Checkers,0,GAME_OVER,74,73,2,32,MCTS_CheckersHeuristic,MCTS_CheckersHeuristic
-523306807,Checkers,0,GAME_OVER,115,114,2,33,MCTS_CheckersHeuristic,MCTS_CheckersHeuristic
-2085127673,Checkers,0,GAME_OVER,99,98,2,34,MCTS_CheckersHeuristic,MCTS_CheckersHeuristic
2047900283,Checkers,0,GAME_OVER,45,44,2,35,MCTS_CheckersHeuristic,MCTS_CheckersHeuristic
1368919923,Checkers,0,GAME_OVER,121,120,2,36,MCTS_CheckersHeuristic,MCTS_CheckersHeuristic
-1899080291,Checkers,0,GAME_OVER,43,42,2,37,MCTS_CheckersHeuristic,MCTS_CheckersHeuristic
-1072916441,Checkers,0,GAME_OVER,93,92,2,38,MCTS_CheckersHeuristic,MCTS_CheckersHeuristic
-1677082189,Checkers,0,GAME_OVER,107,106,2,39,MCTS_CheckersHeuristic,MCTS_CheckersHeuristic
-1317810581,Checkers,0,GAME_OVER,78,77,2,40,MCTS_CheckersHeuristic,MCTS_CheckersHeuristic
2081432730,Checkers,0,GAME_OVER,49,48,2,41,MCTS_CheckersHeuristic,MCTS_CheckersHeuristic
263751779,Checkers,0,GAME_OVER,50,49,2,42,MCTS_CheckersHeuristic,MCTS_CheckersHeuristic
563795903,Checkers,0,GAME_OVER,33,32,2,43,MCTS_CheckersHeuristic,MCTS_CheckersHeuristic
1361265687,Checkers,0,GAME_OVER,65,64,2,44,MCTS_CheckersHeuristic,MCTS_CheckersHeuristic
-226021949,Checkers,0,GAME_OVER,49,48,2,45,MCTS_CheckersHeuristic,MCTS_CheckersHeuristic
554740110,Checkers,0,GAME_OVER,73,72,2,46,MCTS_CheckersHeuristic,MCTS_CheckersHeuristic
686116992,Checkers,0,GAME_OVER,41,40,2,47,MCTS_CheckersHeuristic,MCTS_CheckersHeuristic
1645093078,Checkers,0,GAME_OVER,47,46,2,48,MCTS_CheckersHeuristic,MCTS_CheckersHeuristic
-411478649,Checkers,0,GAME_OVER,42,41,2,49,MCTS_CheckersHeuristic,MCTS_CheckersHeuristic
1367048943,Checkers,0,GAME_OVER,41,40,2,50,MCTS_CheckersHeuristic,MCTS_CheckersHeuristic
-2104117363,Checkers,0,GAME_OVER,100,99,2,51,MCTS_CheckersHeuristic,MCTS_CheckersHeuristic
1521620985,Checkers,0,GAME_OVER,87,86,2,52,MCTS_CheckersHeuristic,MCTS_CheckersHeuristic
1794198886,Checkers,0,GAME_OVER,85,84,2,53,MCTS_CheckersHeuristic,MCTS_CheckersHeuristic
1421627920,Checkers,0,GAME_OVER,112,111,2,54,MCTS_CheckersHeuristic,MCTS_CheckersHeuristic
1709927291,Checkers,0,GAME_OVER,43,42,2,55,MCTS_CheckersHeuristic,MCTS_CheckersHeuristic
-945138759,Checkers,0,GAME_OVER,51,50,2,56,MCTS_CheckersHeuristic,MCTS_CheckersHeuristic
-687330598,Checkers,0,GAME_OVER,91,90,2,57,MCTS_CheckersHeuristic,MCTS_CheckersHeuristic
1191780821,Checkers,0,GAME_OVER,76,75,2,58,MCTS_CheckersHeuristic,MCTS_CheckersHeuristic
-1689491107,Checkers,0,GAME_OVER,42,41,2,59,MCTS_CheckersHeuristic,MCTS_CheckersHeuristic
1260762219,Checkers,0,GAME_OVER,44,43,2,60,MCTS_CheckersHeuristic,MCTS_CheckersHeuristic
771164276,Checkers,0,GAME_OVER,66,65,2,61,MCTS_CheckersHeuristic,MCTS_CheckersHeuristic
1451409103,Checkers,0,GAME_OVER,37,36,2,62,MCTS_CheckersHeuristic,MCTS_CheckersHeuristic
2135673998,Checkers,0,GAME_OVER,70,69,2,63,MCTS_CheckersHeuristic,MCTS_CheckersHeuristic
2116374257,Checkers,0,GAME_OVER,82,81,2,64,MCTS_CheckersHeuristic,MCTS_CheckersHeuristic
1379865924,Checkers,0,GAME_OVER,39,38,2,65,MCTS_CheckersHeuristic,MCTS_CheckersHeuristic
-1840833326,Checkers,0,GAME_OVER,98,97,2,66,MCTS_CheckersHeuristic,MCTS_CheckersHeuristic
-1322121555,Checkers,0,GAME_OVER,50,49,2,67,MCTS_CheckersHeuristic,MCTS_CheckersHeuristic
-1098916237,Checkers,0,GAME_OVER,41,40,2,68,MCTS_CheckersHeuristic,MCTS_CheckersHeuristic
-1070025090,Checkers,0,GAME_OVER,94,93,2,69,MCTS_CheckersHeuristic,MCTS_CheckersHeuristic
-1077149244,Checkers,0,GAME_OVER,39,38,2,70,MCTS_CheckersHeuristic,MCTS_CheckersHeuristic
-1283320856,Checkers,0,GAME_OVER,110,109,2,71,MCTS_CheckersHeuristic,MCTS_CheckersHeuristic
1530797391,Checkers,0,GAME_OVER,43,42,2,72,MCTS_CheckersHeuristic,MCTS_CheckersHeuristic
37789529,Checkers,0,GAME_OVER,38,37,2,73,MCTS_CheckersHeuristic,MCTS_CheckersHeuristic
330893752,Checkers,0,GAME_OVER,84,83,2,74,MCTS_CheckersHeuristic,MCTS_CheckersHeuristic
-1696125059,Checkers,0,GAME_OVER,109,108,2,75,MCTS_CheckersHeuristic,MCTS_CheckersHeuristic
-2119222963,Checkers,0,GAME_OVER,72,71,2,76,MCTS_CheckersHeuristic,MCTS_CheckersHeuristic
985924410,Checkers,0,GAME_OVER,75,74,2,77,MCTS_CheckersHeuristic,MCTS_CheckersHeuristic
1599428666,Checkers,0,GAME_OVER,118,117,2,78,MCTS_CheckersHeuristic,MCTS_CheckersHeuristic
1152044158,Checkers,0,GAME_OVER,48,47,2,79,MCTS_CheckersHeuristic,MCTS_CheckersHeuristic
-1210853609,Checkers,0,GAME_OVER,36,35,2,80,MCTS_CheckersHeuristic,MCTS_CheckersHeuristic
802899473,Checkers,0,GAME_OVER,45,44,2,81,MCTS_CheckersHeuristic,MCTS_CheckersHeuristic
1343130348,Checkers,0,GAME_OVER,41,40,2,82,MCTS_CheckersHeuristic,MCTS_CheckersHeuristic
-1718954284,Checkers,0,GAME_OVER,55,54,2,83,MCTS_CheckersHeuristic,MCTS_CheckersHeuristic
934369511,Checkers,0,GAME_OVER,82,81,2,84,MCTS_CheckersHeuristic,MCTS_CheckersHeuristic
1161088771,Checkers,0,GAME_OVER,89,88,2,85,MCTS_CheckersHeuristic,MCTS_CheckersHeuristic
954450257,Checkers,0,GAME_OVER,50,49,2,86,MCTS_CheckersHeuristic,MCTS_CheckersHeuristic
-2000387963,Checkers,0,GAME_OVER,88,87,2,87,MCTS_CheckersHeuristic,MCTS_CheckersHeuristic
-1173988222,Checkers,0,GAME_OVER,49,48,2,88,MCTS_CheckersHeuristic,MCTS_CheckersHeuristic
-1459101367,Checkers,0,GAME_OVER,79,78,2,89,MCTS_CheckersHeuristic,MCTS_CheckersHeuristic
249089512,Checkers,0,GAME_OVER,82,81,2,90,MCTS_CheckersHeuristic,MCTS_CheckersHeuristic
-1717035207,Checkers,0,GAME_OVER,35,34,2,91,MCTS_CheckersHeuristic,MCTS_CheckersHeuristic
-118184860,Checkers,0,GAME_OVER,42,41,2,92,MCTS_CheckersHeuristic,MCTS_CheckersHeuristic
-1310613673,Checkers,0,GAME_OVER,42,41,2,93,MCTS_CheckersHeuristic,MCTS_CheckersHeuristic
-1488788356,Checkers,0,GAME_OVER,39,38,2,94,MCTS_CheckersHeuristic,MCTS_CheckersHeuristic
-464593415,Checkers,0,GAME_OVER,56,55,2,95,MCTS_CheckersHeuristic,MCTS_CheckersHeuristic
-1413226436,Checkers,0,GAME_OVER,119,118,2,96,MCTS_CheckersHeuristic,MCTS_CheckersHeuristic
1939643456,Checkers,0,GAME_OVER,51,50,2,97,MCTS_CheckersHeuristic,MCTS_CheckersHeuristic
1375820218,Checkers,0,GAME_OVER,149,148,2,98,MCTS_CheckersHeuristic,MCTS_CheckersHeuristic
-1403828422,Checkers,0,GAME_OVER,47,46,2,99,MCTS_CheckersHeuristic,MCTS_CheckersHeuristic
-417068902,Checkers,0,GAME_OVER,47,46,2,100,MCTS_CheckersHeuristic,MCTS_CheckersHeuristic
-67788968,Checkers,0,GAME_OVER,55,54,2,101,MCTS_CheckersHeuristic,MCTS_CheckersHeuristic
-540391421,Checkers,0,GAME_OVER,149,148,2,102,MCTS_CheckersHeuristic,MCTS_CheckersHeuristic
-1225135334,Checkers,0,GAME_OVER,38,37,2,103,MCTS_CheckersHeuristic,MCTS_CheckersHeuristic
-1869790746,Checkers,0,GAME_OVER,82,81,2,104,MCTS_CheckersHeuristic,MCTS_CheckersHeuristic
1765178906,Checkers,0,GAME_OVER,89,88,2,105,MCTS_CheckersHeuristic,MCTS_CheckersHeuristic
1591487875,Checkers,0,GAME_OVER,111,110,2,106,MCTS_CheckersHeuristic,MCTS_CheckersHeuristic
1229432296,Checkers,0,GAME_OVER,40,39,2,107,MCTS_CheckersHeuristic,MCTS_CheckersHeuristic
180779668,Checkers,0,GAME_OVER,42,41,2,108,MCTS_CheckersHeuristic,MCTS_CheckersHeuristic
1100623948,Checkers,0,GAME_OVER,38,37,2,109,MCTS_CheckersHeuristic,MCTS_CheckersHeuristic
65197954,Checkers,0,GAME_OVER,58,57,2,110,MCTS_CheckersHeuristic,MCTS_CheckersHeuristic
-967357718,Checkers,0,GAME_OVER,121,120,2,111,MCTS_CheckersHeuristic,MCTS_CheckersHeuristic
-59033451,Checkers,0,GAME_OVER,41,40,2,112,MCTS_CheckersHeuristic,MCTS_CheckersHeuristic
-1768193439,Checkers,0,GAME_OVER,50,49,2,113,MCTS_CheckersHeuristic,MCTS_CheckersHeuristic
317665018,Checkers,0,GAME_OVER,74,73,2,114,MCTS_CheckersHeuristic,MCTS_CheckersHeuristic
1930999641,Checkers,0,GAME_OVER,57,56,2,115,MCTS_CheckersHeuristic,MCTS_CheckersHeuristic
1398557200,Checkers,0,GAME_OVER,81,80,2,116,MCTS_CheckersHeuristic,MCTS_CheckersHeuristic
-1231943139,Checkers,0,GAME_OVER,100,99,2,117,MCTS_CheckersHeuristic,MCTS_CheckersHeuristic
1111931496,Checkers,0,GAME_OVER,93,92,2,118,MCTS_CheckersHeuristic,MCTS_CheckersHeuristic
2126483888,Checkers,0,GAME_OVER,58,57,2,119,MCTS_CheckersHeuristic,MCTS_CheckersHeuristic
-1513206447,Checkers,0,GAME_OVER,73,72,2,120,MCTS_CheckersHeuristic,MCTS_CheckersHeuristic
2132230527,Checkers,0,GAME_OVER,96,95,2,121,MCTS_CheckersHeuristic,MCTS_CheckersHeuristic
667478247,Checkers,0,GAME_OVER,41,40,2,122,MCTS_CheckersHeuristic,MCTS_CheckersHeuristic
650656037,Checkers,0,GAME_OVER,53,52,2,123,MCTS_CheckersHeuristic,MCTS_CheckersHeuristic
1038369793,Checkers,0,GAME_OVER,87,86,2,124,MCTS_CheckersHeuristic,MCTS_CheckersHeuristic
-169350182,Checkers,0,GAME_OVER,47,46,2,125,MCTS_CheckersHeuristic,MCTS_CheckersHeuristic
1190492793,Checkers,0,GAME_OVER,99,98,2,126,MCTS_CheckersHeuristic,MCTS_CheckersHeuristic
1994238327,Checkers,0,GAME_OVER,131,130,2,127,MCTS_CheckersHeuristic,MCTS_CheckersHeuristic
1234412951,Checkers,0,GAME_OVER,48,47,2,128,MCTS_CheckersHeuristic,MCTS_CheckersHeuristic
848570692,Checkers,0,GAME_OVER,78,77,2,129,MCTS_CheckersHeuristic,MCTS_CheckersHeuristic
1518377384,Checkers,0,GAME_OVER,52,51,2,130,MCTS_CheckersHeuristic,MCTS_CheckersHeuristic
-1739368726,Checkers,0,GAME_OVER,50,49,2,131,MCTS_CheckersHeuristic,MCTS_CheckersHeuristic
2029167886,Checkers,0,GAME_OVER,90,89,2,132,MCTS_CheckersHeuristic,MCTS_CheckersHeuristic
194174004,Checkers,0,GAME_OVER,52,51,2,133,MCTS_CheckersHeuristic,MCTS_CheckersHeuristic
1578531405,Checkers,0,GAME_OVER,39,38,2,134,MCTS_CheckersHeuristic,MCTS_CheckersHeuristic
-23968113,Checkers,0,GAME_OVER,37,36,2,135,MCTS_CheckersHeuristic,MCTS_CheckersHeuristic
1126735320,Checkers,0,GAME_OVER,79,78,2,136,MCTS_CheckersHeuristic,MCTS_CheckersHeuristic
2071151974,Checkers,0,GAME_OVER,94,93,2,137,MCTS_CheckersHeuristic,MCTS_CheckersHeuristic
-1531342417,Checkers,0,GAME_OVER,125,124,2,138,MCTS_CheckersHeuristic,MCTS_CheckersHeuristic
-1643583799,Checkers,0,GAME_OVER,40,39,2,139,MCTS_CheckersHeuristic,MCTS_CheckersHeuristic
-658252783,Checkers,0,GAME_OVER,42,41,2,140,MCTS_CheckersHeuristic,MCTS_CheckersHeuristic
-1993213438,Checkers,0,GAME_OVER,46,45,2,141,MCTS_CheckersHeuristic,MCTS_CheckersHeuristic
994294735,Checkers,0,GAME_OVER,40,39,2,142,MCTS_CheckersHeuristic,MCTS_CheckersHeuristic
639724555,Checkers,0,GAME_OVER,106,105,2,143,MCTS_CheckersHeuristic,MCTS_CheckersHeuristic
-1515768840,Checkers,0,GAME_OVER,38,37,2,144,MCTS_CheckersHeuristic,MCTS_CheckersHeuristic
1197774844,Checkers,0,GAME_OVER,88,87,2,145,MCTS_CheckersHeuristic,MCTS_CheckersHeuristic
-700194303,Checkers,0,GAME_OVER,128,127,2,146,MCTS_CheckersHeuristic,MCTS_CheckersHeuristic
1421522406,Checkers,0,GAME_OVER,43,42,2,147,MCTS_CheckersHeuristic,MCTS_CheckersHeuristic
284499098,Checkers,0,GAME_OVER,49,48,2,148,MCTS_CheckersHeuristic,MCTS_CheckersHeuristic
2067913917,Checkers,0,GAME_OVER,46,45,2,149,MCTS_CheckersHeuristic,MCTS_CheckersHeuristic
1274476222,Checkers,0,GAME_OVER,118,117,2,150,MCTS_CheckersHeuristic,MCTS_CheckersHeuristic
-1763966910,Checkers,0,GAME_OVER,52,51,2,151,MCTS_CheckersHeuristic,MCTS_CheckersHeuristic
-1115340337,Checkers,0,GAME_OVER,58,57,2,152,MCTS_CheckersHeuristic,MCTS_CheckersHeuristic
-725483005,Checkers,0,GAME_OVER,78,77,2,153,MCTS_CheckersHeuristic,MCTS_CheckersHeuristic
-407610696,Checkers,0,GAME_OVER,49,48,2,154,MCTS_CheckersHeuristic,MCTS_CheckersHeuristic
1998316779,Checkers,0,GAME_OVER,54,53,2,155,MCTS_CheckersHeuristic,MCTS_CheckersHeuristic
-187907734,Checkers,0,GAME_OVER,81,80,2,156,MCTS_CheckersHeuristic,MCTS_CheckersHeuristic
-1636989691,Checkers,0,GAME_OVER,46,45,2,157,MCTS_CheckersHeuristic,MCTS_CheckersHeuristic
-653066449,Checkers,0,GAME_OVER,41,40,2,158,MCTS_CheckersHeuristic,MCTS_CheckersHeuristic
-893947569,Checkers,0,GAME_OVER,49,48,2,159,MCTS_CheckersHeuristic,MCTS_CheckersHeuristic
-1611626581,Checkers,0,GAME_OVER,90,89,2,160,MCTS_CheckersHeuristic,MCTS_CheckersHeuristic
472824794,Checkers,0,GAME_OVER,40,39,2,161,MCTS_CheckersHeuristic,MCTS_CheckersHeuristic
1334696323,Checkers,0,GAME_OVER,45,44,2,162,MCTS_CheckersHeuristic,MCTS_CheckersHeuristic
450778245,Checkers,0,GAME_OVER,92,91,2,163,MCTS_CheckersHeuristic,MCTS_CheckersHeuristic
1916567288,Checkers,0,GAME_OVER,75,74,2,164,MCTS_CheckersHeuristic,MCTS_CheckersHeuristic
-958604006,Checkers,0,GAME_OVER,59,58,2,165,MCTS_CheckersHeuristic,MCTS_CheckersHeuristic
12811273,Checkers,0,GAME_OVER,60,59,2,166,MCTS_CheckersHeuristic,MCTS_CheckersHeuristic
-1400542831,Checkers,0,GAME_OVER,92,91,2,167,MCTS_CheckersHeuristic,MCTS_CheckersHeuristic
-726563124,Checkers,0,GAME_OVER,49,48,2,168,MCTS_CheckersHeuristic,MCTS_CheckersHeuristic
1685937605,Checkers,0,GAME_OVER,40,39,2,169,MCTS_CheckersHeuristic,MCTS_CheckersHeuristic
2094393377,Checkers,0,GAME_OVER,100,99,2,170,MCTS_CheckersHeuristic,MCTS_CheckersHeuristic
-2040454682,Checkers,0,GAME_OVER,48,47,2,171,MCTS_CheckersHeuristic,MCTS_CheckersHeuristic
386360815,Checkers,0,GAME_OVER,77,76,2,172,MCTS_CheckersHeuristic,MCTS_CheckersHeuristic
94554467,Checkers,0,GAME_OVER,52,51,2,173,MCTS_CheckersHeuristic,MCTS_CheckersHeuristic
-1087574649,Checkers,0,GAME_OVER,94,93,2,174,MCTS_CheckersHeuristic,MCTS_CheckersHeuristic
1857917995,Checkers,0,GAME_OVER,74,73,2,175,MCTS_CheckersHeuristic,MCTS_CheckersHeuristic
916401127,Checkers,0,GAME_OVER,92,91,2,176,MCTS_CheckersHeuristic,MCTS_CheckersHeuristic
-316770195,Checkers,0,GAME_OVER,72,71,2,177,MCTS_CheckersHeuristic,MCTS_CheckersHeuristic
1529785066,Checkers,0,GAME_OVER,47,46,2,178,MCTS_CheckersHeuristic,MCTS_CheckersHeuristic
-1711131838,Checkers,0,GAME_OVER,90,89,2,179,MCTS_CheckersHeuristic,MCTS_CheckersHeuristic
-1296714322,Checkers,0,GAME_OVER,91,90,2,180,MCTS_CheckersHeuristic,MCTS_CheckersHeuristic
-1163081493,Checkers,0,GAME_OVER,93,92,2,181,MCTS_CheckersHeuristic,MCTS_CheckersHeuristic
-777583686,Checkers,0,GAME_OVER,39,38,2,182,MCTS_CheckersHeuristic,MCTS_CheckersHeuristic
1930129797,Checkers,0,GAME_OVER,37,36,2,183,MCTS_CheckersHeuristic,MCTS_CheckersHeuristic
-571651676,Checkers,0,GAME_OVER,49,48,2,184,MCTS_CheckersHeuristic,MCTS_CheckersHeuristic
563723613,Checkers,0,GAME_OVER,84,83,2,185,MCTS_CheckersHeuristic,MCTS_CheckersHeuristic
1842356038,Checkers,0,GAME_OVER,92,91,2,186,MCTS_CheckersHeuristic,MCTS_CheckersHeuristic
-664480686,Checkers,0,GAME_OVER,99,98,2,187,MCTS_CheckersHeuristic,MCTS_CheckersHeuristic
-1824489785,Checkers,0,GAME_OVER,38,37,2,188,MCTS_CheckersHeuristic,MCTS_CheckersHeuristic
1809196511,Checkers,0,GAME_OVER,76,75,2,189,MCTS_CheckersHeuristic,MCTS_CheckersHeuristic
1031488773,Checkers,0,GAME_OVER,114,113,2,190,MCTS_CheckersHeuristic,MCTS_CheckersHeuristic
1897020361,Checkers,0,GAME_OVER,87,86,2,191,MCTS_CheckersHeuristic,MCTS_CheckersHeuristic
1189077792,Checkers,0,GAME_OVER,52,51,2,192,MCTS_CheckersHeuristic,MCTS_CheckersHeuristic
-690767993,Checkers,0,GAME_OVER,76,75,2,193,MCTS_CheckersHeuristic,MCTS_CheckersHeuristic
-1610962381,Checkers,0,GAME_OVER,98,97,2,194,MCTS_CheckersHeuristic,MCTS_CheckersHeuristic
1899979476,Checkers,0,GAME_OVER,39,38,2,195,MCTS_CheckersHeuristic,MCTS_CheckersHeuristic
-308341376,Checkers,0,GAME_OVER,48,47,2,196,MCTS_CheckersHeuristic,MCTS_CheckersHeuristic
-335497711,Checkers,0,GAME_OVER,44,43,2,197,MCTS_CheckersHeuristic,MCTS_CheckersHeuristic
-1469971297,Checkers,0,GAME_OVER,78,77,2,198,MCTS_CheckersHeuristic,MCTS_CheckersHeuristic
-1491543193,Checkers,0,GAME_OVER,44,43,2,199,MCTS_CheckersHeuristic,MCTS_CheckersHeuristic
-290634132,Checkers,0,GAME_OVER,104,103,2,200,MCTS_CheckersHeuristic,MCTS_CheckersHeuristic
-1457384514,Checkers,0,GAME_OVER,55,54,2,201,MCTS_CheckersHeuristic,MCTS_CheckersHeuristic
-787702671,Checkers,0,GAME_OVER,52,51,2,202,OSLA,MCTS_CheckersHeuristic
-2062906404,Checkers,0,GAME_OVER,39,38,2,203,OSLA,MCTS_CheckersHeuristic
-176736144,Checkers,0,GAME_OVER,43,42,2,204,OSLA,MCTS_CheckersHeuristic
222647469,Checkers,0,GAME_OVER,93,92,2,205,OSLA,MCTS_CheckersHeuristic
-586756155,Checkers,0,GAME_OVER,39,38,2,206,OSLA,MCTS_CheckersHeuristic
1234647345,Checkers,0,GAME_OVER,40,39,2,207,OSLA,MCTS_CheckersHeuristic
-2043222127,Checkers,0,GAME_OVER,36,35,2,208,OSLA,MCTS_CheckersHeuristic
1038511446,Checkers,0,GAME_OVER,55,54,2,209,OSLA,MCTS_CheckersHeuristic
404103070,Checkers,0,GAME_OVER,29,28,2,210,OSLA,MCTS_CheckersHeuristic
-236095770,Checkers,0,GAME_OVER,102,101,2,211,OSLA,MCTS_CheckersHeuristic
-635241784,Checkers,0,GAME_OVER,31,30,2,212,OSLA,MCTS_CheckersHeuristic
-1219981600,Checkers,0,GAME_OVER,58,57,2,213,OSLA,MCTS_CheckersHeuristic
-419788009,Checkers,0,GAME_OVER,40,39,2,214,OSLA,MCTS_CheckersHeuristic
-2011432280,Checkers,0,GAME_OVER,128,127,2,215,OSLA,MCTS_CheckersHeuristic
1893833513,Checkers,0,GAME_OVER,45,44,2,216,OSLA,MCTS_CheckersHeuristic
-75069639,Checkers,0,GAME_OVER,34,33,2,217,OSLA,MCTS_CheckersHeuristic
1806776348,Checkers,0,GAME_OVER,52,51,2,218,OSLA,MCTS_CheckersHeuristic
411173053,Checkers,0,GAME_OVER,48,47,2,219,OSLA,MCTS_CheckersHeuristic
2066352668,Checkers,0,GAME_OVER,68,67,2,220,OSLA,MCTS_CheckersHeuristic
723274559,Checkers,0,GAME_OVER,49,48,2,221,OSLA,MCTS_CheckersHeuristic
-1150974147,Checkers,0,GAME_OVER,41,40,2,222,OSLA,MCTS_CheckersHeuristic
1622488392,Checkers,0,GAME_OVER,41,40,2,223,OSLA,MCTS_CheckersHeuristic
-454292657,Checkers,0,GAME_OVER,50,49,2,224,OSLA,MCTS_CheckersHeuristic
97536938,Checkers,0,GAME_OVER,50,49,2,225,OSLA,MCTS_CheckersHeuristic
-566292283,Checkers,0,GAME_OVER,86,85,2,226,OSLA,MCTS_CheckersHeuristic
1913023947,Checkers,0,GAME_OVER,40,39,2,227,OSLA,MCTS_CheckersHeuristic
1143962093,Checkers,0,GAME_OVER,46,45,2,228,OSLA,MCTS_CheckersHeuristic
602059816,Checkers,0,GAME_OVER,46,45,2,229,OSLA,MCTS_CheckersHeuristic
141156107,Checkers,0,GAME_OVER,36,35,2,230,OSLA,MCTS_CheckersHeuristic
-69601556,Checkers,0,GAME_OVER,53,52,2,231,OSLA,MCTS_CheckersHeuristic
2134605072,Checkers,0,GAME_OVER,46,45,2,232,OSLA,MCTS_CheckersHeuristic
-523306807,Checkers,0,GAME_OVER,35,34,2,233,OSLA,MCTS_CheckersHeuristic
-2085127673,Checkers,0,GAME_OVER,81,80,2,234,OSLA,MCTS_CheckersHeuristic
2047900283,Checkers,0,GAME_OVER,39,38,2,235,OSLA,MCTS_CheckersHeuristic
1368919923,Checkers,0,GAME_OVER,36,35,2,236,OSLA,MCTS_CheckersHeuristic
-1899080291,Checkers,0,GAME_OVER,53,52,2,237,OSLA,MCTS_CheckersHeuristic
-1072916441,Checkers,0,GAME_OVER,119,118,2,238,OSLA,MCTS_CheckersHeuristic
-1677082189,Checkers,0,GAME_OVER,37,36,2,239,OSLA,MCTS_CheckersHeuristic
-1317810581,Checkers,0,GAME_OVER,34,33,2,240,OSLA,MCTS_CheckersHeuristic
2081432730,Checkers,0,GAME_OVER,42,41,2,241,OSLA,MCTS_CheckersHeuristic
263751779,Checkers,0,GAME_OVER,34,33,2,242,OSLA,MCTS_CheckersHeuristic
563795903,Checkers,0,GAME_OVER,36,35,2,243,OSLA,MCTS_CheckersHeuristic
1361265687,Checkers,0,GAME_OVER,38,37,2,244,OSLA,MCTS_CheckersHeuristic
-226021949,Checkers,0,GAME_OVER,36,35,2,245,OSLA,MCTS_CheckersHeuristic
554740110,Checkers,0,GAME_OVER,69,68,2,246,OSLA,MCTS_CheckersHeuristic
686116992,Checkers,0,GAME_OVER,47,46,2,247,OSLA,MCTS_CheckersHeuristic
1645093078,Checkers,0,GAME_OVER,45,44,2,248,OSLA,MCTS_CheckersHeuristic
-411478649,Checkers,0,GAME_OVER,31,30,2,249,OSLA,MCTS_CheckersHeuristic
1367048943,Checkers,0,GAME_OVER,52,51,2,250,OSLA,MCTS_CheckersHeuristic
-2104117363,Checkers,0,GAME_OVER,71,70,2,251,OSLA,MCTS_CheckersHeuristic
1521620985,Checkers,0,GAME_OVER,128,127,2,252,OSLA,MCTS_CheckersHeuristic
1794198886,Checkers,0,GAME_OVER,38,37,2,253,OSLA,MCTS_CheckersHeuristic
1421627920,Checkers,0,GAME_OVER,43,42,2,254,OSLA,MCTS_CheckersHeuristic
1709927291,Checkers,0,GAME_OVER,33,32,2,255,OSLA,MCTS_CheckersHeuristic
-945138759,Checkers,0,GAME_OVER,28,27,2,256,OSLA,MCTS_CheckersHeuristic
-687330598,Checkers,0,GAME_OVER,42,41,2,257,OSLA,MCTS_CheckersHeuristic
1191780821,Checkers,0,GAME_OVER,39,38,2,258,OSLA,MCTS_CheckersHeuristic
-1689491107,Checkers,0,GAME_OVER,51,50,2,259,OSLA,MCTS_CheckersHeuristic
1260762219,Checkers,0,GAME_OVER,41,40,2,260,OSLA,MCTS_CheckersHeuristic
771164276,Checkers,0,GAME_OVER,52,51,2,261,OSLA,MCTS_CheckersHeuristic
1451409103,Checkers,0,GAME_OVER,49,48,2,262,OSLA,MCTS_CheckersHeuristic
2135673998,Checkers,0,GAME_OVER,56,55,2,263,OSLA,MCTS_CheckersHeuristic
2116374257,Checkers,0,GAME_OVER,39,38,2,264,OSLA,MCTS_CheckersHeuristic
1379865924,Checkers,0,GAME_OVER,39,38,2,265,OSLA,MCTS_CheckersHeuristic
-1840833326,Checkers,0,GAME_OVER,49,48,2,266,OSLA,MCTS_CheckersHeuristic
-1322121555,Checkers,0,GAME_OVER,76,75,2,267,OSLA,MCTS_CheckersHeuristic
-1098916237,Checkers,0,GAME_OVER,36,35,2,268,OSLA,MCTS_CheckersHeuristic
-1070025090,Checkers,0,GAME_OVER,90,89,2,269,OSLA,MCTS_CheckersHeuristic
-1077149244,Checkers,0,GAME_OVER,100,99,2,270,OSLA,MCTS_CheckersHeuristic
-1283320856,Checkers,0,GAME_OVER,40,39,2,271,OSLA,MCTS_CheckersHeuristic
1530797391,Checkers,0,GAME_OVER,59,58,2,272,OSLA,MCTS_CheckersHeuristic
37789529,Checkers,0,GAME_OVER,51,50,2,273,OSLA,MCTS_CheckersHeuristic
330893752,Checkers,0,GAME_OVER,48,47,2,274,OSLA,MCTS_CheckersHeuristic
-1696125059,Checkers,0,GAME_OVER,43,42,2,275,OSLA,MCTS_CheckersHeuristic
-2119222963,Checkers,0,GAME_OVER,102,101,2,276,OSLA,MCTS_CheckersHeuristic
985924410,Checkers,0,GAME_OVER,48,47,2,277,OSLA,MCTS_CheckersHeuristic
1599428666,Checkers,0,GAME_OVER,38,37,2,278,OSLA,MCTS_CheckersHeuristic
1152044158,Checkers,0,GAME_OVER,51,50,2,279,OSLA,MCTS_CheckersHeuristic
-1210853609,Checkers,0,GAME_OVER,32,31,2,280,OSLA,MCTS_CheckersHeuristic
802899473,Checkers,0,GAME_OVER,36,35,2,281,OSLA,MCTS_CheckersHeuristic
1343130348,Checkers,0,GAME_OVER,51,50,2,282,OSLA,MCTS_CheckersHeuristic
-1718954284,Checkers,0,GAME_OVER,35,34,2,283,OSLA,MCTS_CheckersHeuristic
934369511,Checkers,0,GAME_OVER,49,48,2,284,OSLA,MCTS_CheckersHeuristic
1161088771,Checkers,0,GAME_OVER,39,38,2,285,OSLA,MCTS_CheckersHeuristic
954450257,Checkers,0,GAME_OVER,43,42,2,286,OSLA,MCTS_CheckersHeuristic
-2000387963,Checkers,0,GAME_OVER,38,37,2,287,OSLA,MCTS_CheckersHeuristic
-1173988222,Checkers,0,GAME_OVER,44,43,2,288,OSLA,MCTS_CheckersHeuristic
-1459101367,Checkers,0,GAME_OVER,60,59,2,289,OSLA,MCTS_CheckersHeuristic
249089512,Checkers,0,GAME_OVER,79,78,2,290,OSLA,MCTS_CheckersHeuristic
-1717035207,Checkers,0,GAME_OVER,33,32,2,291,OSLA,MCTS_CheckersHeuristic
-118184860,Checkers,0,GAME_OVER,56,55,2,292,OSLA,MCTS_CheckersHeuristic
-1310613673,Checkers,0,GAME_OVER,88,87,2,293,OSLA,MCTS_CheckersHeuristic
-1488788356,Checkers,0,GAME_OVER,46,45,2,294,OSLA,MCTS_CheckersHeuristic
-464593415,Checkers,0,GAME_OVER,76,75,2,295,OSLA,MCTS_CheckersHeuristic
-1413226436,Checkers,0,GAME_OVER,32,31,2,296,OSLA,MCTS_CheckersHeuristic
1939643456,Checkers,0,GAME_OVER,70,69,2,297,OSLA,MCTS_CheckersHeuristic
1375820218,Checkers,0,GAME_OVER,56,55,2,298,OSLA,MCTS_CheckersHeuristic
-1403828422,Checkers,0,GAME_OVER,41,40,2,299,OSLA,MCTS_CheckersHeuristic
-417068902,Checkers,0,GAME_OVER,36,35,2,300,OSLA,MCTS_CheckersHeuristic
-67788968,Checkers,0,GAME_OVER,36,35,2,301,OSLA,MCTS_CheckersHeuristic
-540391421,Checkers,0,GAME_OVER,45,44,2,302,OSLA,MCTS_CheckersHeuristic
-1225135334,Checkers,0,GAME_OVER,45,44,2,303,OSLA,MCTS_CheckersHeuristic
-1869790746,Checkers,0,GAME_OVER,35,34,2,304,OSLA,MCTS_CheckersHeuristic
1765178906,Checkers,0,GAME_OVER,39,38,2,305,OSLA,MCTS_CheckersHeuristic
1591487875,Checkers,0,GAME_OVER,60,59,2,306,OSLA,MCTS_CheckersHeuristic
1229432296,Checkers,0,GAME_OVER,60,59,2,307,OSLA,MCTS_CheckersHeuristic
180779668,Checkers,0,GAME_OVER,37,36,2,308,OSLA,MCTS_CheckersHeuristic
1100623948,Checkers,0,GAME_OVER,37,36,2,309,OSLA,MCTS_CheckersHeuristic
65197954,Checkers,0,GAME_OVER,32,31,2,310,OSLA,MCTS_CheckersHeuristic
-967357718,Checkers,0,GAME_OVER,44,43,2,311,OSLA,MCTS_CheckersHeuristic
-59033451,Checkers,0,GAME_OVER,64,63,2,312,OSLA,MCTS_CheckersHeuristic
-1768193439,Checkers,0,GAME_OVER,32,31,2,313,OSLA,MCTS_CheckersHeuristic
317665018,Checkers,0,GAME_OVER,111,110,2,314,OSLA,MCTS_CheckersHeuristic
1930999641,Checkers,0,GAME_OVER,39,38,2,315,OSLA,MCTS_CheckersHeuristic
1398557200,Checkers,0,GAME_OVER,40,39,2,316,OSLA,MCTS_CheckersHeuristic
-1231943139,Checkers,0,GAME_OVER,49,48,2,317,OSLA,MCTS_CheckersHeuristic
1111931496,Checkers,0,GAME_OVER,36,35,2,318,OSLA,MCTS_CheckersHeuristic
2126483888,Checkers,0,GAME_OVER,31,30,2,319,OSLA,MCTS_CheckersHeuristic
-1513206447,Checkers,0,GAME_OVER,32,31,2,320,OSLA,MCTS_CheckersHeuristic
2132230527,Checkers,0,GAME_OVER,39,38,2,321,OSLA,MCTS_CheckersHeuristic
667478247,Checkers,0,GAME_OVER,38,37,2,322,OSLA,MCTS_CheckersHeuristic
650656037,Checkers,0,GAME_OVER,43,42,2,323,OSLA,MCTS_CheckersHeuristic
1038369793,Checkers,0,GAME_OVER,38,37,2,324,OSLA,MCTS_CheckersHeuristic
-169350182,Checkers,0,GAME_OVER,34,33,2,325,OSLA,MCTS_CheckersHeuristic
1190492793,Checkers,0,GAME_OVER,38,37,2,326,OSLA,MCTS_CheckersHeuristic
1994238327,Checkers,0,GAME_OVER,67,66,2,327,OSLA,MCTS_CheckersHeuristic
1234412951,Checkers,0,GAME_OVER,35,34,2,328,OSLA,MCTS_CheckersHeuristic
848570692,Checkers,0,GAME_OVER,49,48,2,329,OSLA,MCTS_CheckersHeuristic
1518377384,Checkers,0,GAME_OVER,67,66,2,330,OSLA,MCTS_CheckersHeuristic
-1739368726,Checkers,0,GAME_OVER,48,47,2,331,OSLA,MCTS_CheckersHeuristic
2029167886,Checkers,0,GAME_OVER,42,41,2,332,OSLA,MCTS_CheckersHeuristic
194174004,Checkers,0,GAME_OVER,86,85,2,333,OSLA,MCTS_CheckersHeuristic
1578531405,Checkers,0,GAME_OVER,86,85,2,334,OSLA,MCTS_CheckersHeuristic
-23968113,Checkers,0,GAME_OVER,40,39,2,335,OSLA,MCTS_CheckersHeuristic
1126735320,Checkers,0,GAME_OVER,34,33,2,336,OSLA,MCTS_CheckersHeuristic
2071151974,Checkers,0,GAME_OVER,65,64,2,337,OSLA,MCTS_CheckersHeuristic
-1531342417,Checkers,0,GAME_OVER,34,33,2,338,OSLA,MCTS_CheckersHeuristic
-1643583799,Checkers,0,GAME_OVER,99,98,2,339,OSLA,MCTS_CheckersHeuristic
-658252783,Checkers,0,GAME_OVER,91,90,2,340,OSLA,MCTS_CheckersHeuristic
-1993213438,Checkers,0,GAME_OVER,40,39,2,341,OSLA,MCTS_CheckersHeuristic
994294735,Checkers,0,GAME_OVER,36,35,2,342,OSLA,MCTS_CheckersHeuristic
639724555,Checkers,0,GAME_OVER,43,42,2,343,OSLA,MCTS_CheckersHeuristic
-1515768840,Checkers,0,GAME_OVER,68,67,2,344,OSLA,MCTS_CheckersHeuristic
1197774844,Checkers,0,GAME_OVER,31,30,2,345,OSLA,MCTS_CheckersHeuristic
-700194303,Checkers,0,GAME_OVER,31,30,2,346,OSLA,MCTS_CheckersHeuristic
1421522406,Checkers,0,GAME_OVER,39,38,2,347,OSLA,MCTS_CheckersHeuristic
284499098,Checkers,0,GAME_OVER,39,38,2,348,OSLA,MCTS_CheckersHeuristic
2067913917,Checkers,0,GAME_OVER,72,71,2,349,OSLA,MCTS_CheckersHeuristic
1274476222,Checkers,0,GAME_OVER,93,92,2,350,OSLA,MCTS_CheckersHeuristic
-1763966910,Checkers,0,GAME_OVER,40,39,2,351,OSLA,MCTS_CheckersHeuristic
-1115340337,Checkers,0,GAME_OVER,37,36,2,352,OSLA,MCTS_CheckersHeuristic
-725483005,Checkers,0,GAME_OVER,34,33,2,353,OSLA,MCTS_CheckersHeuristic
-407610696,Checkers,0,GAME_OVER,58,57,2,354,OSLA,MCTS_CheckersHeuristic
1998316779,Checkers,0,GAME_OVER,55,54,2,355,OSLA,MCTS_CheckersHeuristic
-187907734,Checkers,0,GAME_OVER,34,33,2,356,OSLA,MCTS_CheckersHeuristic
-1636989691,Checkers,0,GAME_OVER,43,42,2,357,OSLA,MCTS_CheckersHeuristic
-653066449,Checkers,0,GAME_OVER,34,33,2,358,OSLA,MCTS_CheckersHeuristic
-893947569,Checkers,0,GAME_OVER,46,45,2,359,OSLA,MCTS_CheckersHeuristic
-1611626581,Checkers,0,GAME_OVER,40,39,2,360,OSLA,MCTS_CheckersHeuristic
472824794,Checkers,0,GAME_OVER,46,45,2,361,OSLA,MCTS_CheckersHeuristic
1334696323,Checkers,0,GAME_OVER,78,77,2,362,OSLA,MCTS_CheckersHeuristic
450778245,Checkers,0,GAME_OVER,35,34,2,363,OSLA,MCTS_CheckersHeuristic
1916567288,Checkers,0,GAME_OVER,34,33,2,364,OSLA,MCTS_CheckersHeuristic
-958604006,Checkers,0,GAME_OVER,43,42,2,365,OSLA,MCTS_CheckersHeuristic
12811273,Checkers,0,GAME_OVER,58,57,2,366,OSLA,MCTS_CheckersHeuristic
-1400542831,Checkers,0,GAME_OVER,39,38,2,367,OSLA,MCTS_CheckersHeuristic
-726563124,Checkers,0,GAME_OVER,38,37,2,368,OSLA,MCTS_CheckersHeuristic
1685937605,Checkers,0,GAME_OVER,90,89,2,369,OSLA,MCTS_CheckersHeuristic
2094393377,Checkers,0,GAME_OVER,36,35,2,370,OSLA,MCTS_CheckersHeuristic
-2040454682,Checkers,0,GAME_OVER,51,50,2,371,OSLA,MCTS_CheckersHeuristic
386360815,Checkers,0,GAME_OVER,34,33,2,372,OSLA,MCTS_CheckersHeuristic
94554467,Checkers,0,GAME_OVER,38,37,2,373,OSLA,MCTS_CheckersHeuristic
-1087574649,Checkers,0,GAME_OVER,39,38,2,374,OSLA,MCTS_CheckersHeuristic
1857917995,Checkers,0,GAME_OVER,45,44,2,375,OSLA,MCTS_CheckersHeuristic
916401127,Checkers,0,GAME_OVER,38,37,2,376,OSLA,MCTS_CheckersHeuristic
-316770195,Checkers,0,GAME_OVER,47,46,2,377,OSLA,MCTS_CheckersHeuristic
1529785066,Checkers,0,GAME_OVER,36,35,2,378,OSLA,MCTS_CheckersHeuristic
-1711131838,Checkers,0,GAME_OVER,41,40,2,379,OSLA,MCTS_CheckersHeuristic
-1296714322,Checkers,0,GAME_OVER,62,61,2,380,OSLA,MCTS_CheckersHeuristic
-1163081493,Checkers,0,GAME_OVER,30,29,2,381,OSLA,MCTS_CheckersHeuristic
-777583686,Checkers,0,GAME_OVER,50,49,2,382,OSLA,MCTS_CheckersHeuristic
1930129797,Checkers,0,GAME_OVER,49,48,2,383,OSLA,MCTS_CheckersHeuristic
-571651676,Checkers,0,GAME_OVER,54,53,2,384,OSLA,MCTS_CheckersHeuristic
563723613,Checkers,0,GAME_OVER,141,140,2,385,OSLA,MCTS_CheckersHeuristic
1842356038,Checkers,0,GAME_OVER,57,56,2,386,OSLA,MCTS_CheckersHeuristic
-664480686,Checkers,0,GAME_OVER,34,33,2,387,OSLA,MCTS_CheckersHeuristic
-1824489785,Checkers,0,GAME_OVER,49,48,2,388,OSLA,MCTS_CheckersHeuristic
1809196511,Checkers,0,GAME_OVER,71,70,2,389,OSLA,MCTS_CheckersHeuristic
1031488773,Checkers,0,GAME_OVER,46,45,2,390,OSLA,MCTS_CheckersHeuristic
1897020361,Checkers,0,GAME_OVER,36,35,2,391,OSLA,MCTS_CheckersHeuristic
1189077792,Checkers,0,GAME_OVER,41,40,2,392,OSLA,MCTS_CheckersHeuristic
-690767993,Checkers,0,GAME_OVER,41,40,2,393,OSLA,MCTS_CheckersHeuristic
-1610962381,Checkers,0,GAME_OVER,43,42,2,394,OSLA,MCTS_CheckersHeuristic
1899979476,Checkers,0,GAME_OVER,29,28,2,395,OSLA,MCTS_CheckersHeuristic
-308341376,Checkers,0,GAME_OVER,36,35,2,396,OSLA,MCTS_CheckersHeuristic
-335497711,Checkers,0,GAME_OVER,44,43,2,397,OSLA,MCTS_CheckersHeuristic
-1469971297,Checkers,0,GAME_OVER,137,136,2,398,OSLA,MCTS_CheckersHeuristic
-1491543193,Checkers,0,GAME_OVER,35,34,2,399,OSLA,MCTS_CheckersHeuristic
-290634132,Checkers,0,GAME_OVER,53,52,2,400,OSLA,MCTS_CheckersHeuristic
-1457384514,Checkers,0,GAME_OVER,142,141,2,401,OSLA,MCTS_CheckersHeuristic
-787702671,Checkers,0,GAME_OVER,32,31,2,402,RandomPlayerConfig,MCTS_CheckersHeuristic
-2062906404,Checkers,0,GAME_OVER,32,31,2,403,RandomPlayerConfig,MCTS_CheckersHeuristic
-176736144,Checkers,0,GAME_OVER,41,40,2,404,RandomPlayerConfig,MCTS_CheckersHeuristic
222647469,Checkers,0,GAME_OVER,37,36,2,405,RandomPlayerConfig,MCTS_CheckersHeuristic
-586756155,Checkers,0,GAME_OVER,35,34,2,406,RandomPlayerConfig,MCTS_CheckersHeuristic
1234647345,Checkers,0,GAME_OVER,33,32,2,407,RandomPlayerConfig,MCTS_CheckersHeuristic
-2043222127,Checkers,0,GAME_OVER,34,33,2,408,RandomPlayerConfig,MCTS_CheckersHeuristic
1038511446,Checkers,0,GAME_OVER,29,28,2,409,RandomPlayerConfig,MCTS_CheckersHeuristic
404103070,Checkers,0,GAME_OVER,32,31,2,410,RandomPlayerConfig,MCTS_CheckersHeuristic
-236095770,Checkers,0,GAME_OVER,31,30,2,411,RandomPlayerConfig,MCTS_CheckersHeuristic
-635241784,Checkers,0,GAME_OVER,29,28,2,412,RandomPlayerConfig,MCTS_CheckersHeuristic
-1219981600,Checkers,0,GAME_OVER,34,33,2,413,RandomPlayerConfig,MCTS_CheckersHeuristic
-419788009,Checkers,0,GAME_OVER,29,28,2,414,RandomPlayerConfig,MCTS_CheckersHeuristic
-2011432280,Checkers,0,GAME_OVER,27,26,2,415,RandomPlayerConfig,MCTS_CheckersHeuristic
1893833513,Checkers,0,GAME_OVER,31,30,2,416,RandomPlayerConfig,MCTS_CheckersHeuristic
-75069639,Checkers,0,GAME_OVER,31,30,2,417,RandomPlayerConfig,MCTS_CheckersHeuristic
1806776348,Checkers,0,GAME_OVER,33,32,2,418,RandomPlayerConfig,MCTS_CheckersHeuristic
411173053,Checkers,0,GAME_OVER,35,34,2,419,RandomPlayerConfig,MCTS_CheckersHeuristic
2066352668,Checkers,0,GAME_OVER,33,32,2,420,RandomPlayerConfig,MCTS_CheckersHeuristic
723274559,Checkers,0,GAME_OVER,34,33,2,421,RandomPlayerConfig,MCTS_CheckersHeuristic
-1150974147,Checkers,0,GAME_OVER,26,25,2,422,RandomPlayerConfig,MCTS_CheckersHeuristic
1622488392,Checkers,0,GAME_OVER,35,34,2,423,RandomPlayerConfig,MCTS_CheckersHeuristic
-454292657,Checkers,0,GAME_OVER,35,34,2,424,RandomPlayerConfig,MCTS_CheckersHeuristic
97536938,Checkers,0,GAME_OVER,26,25,2,425,RandomPlayerConfig,MCTS_CheckersHeuristic
-566292283,Checkers,0,GAME_OVER,37,36,2,426,RandomPlayerConfig,MCTS_CheckersHeuristic
1913023947,Checkers,0,GAME_OVER,29,28,2,427,RandomPlayerConfig,MCTS_CheckersHeuristic
1143962093,Checkers,0,GAME_OVER,29,28,2,428,RandomPlayerConfig,MCTS_CheckersHeuristic
602059816,Checkers,0,GAME_OVER,35,34,2,429,RandomPlayerConfig,MCTS_CheckersHeuristic
141156107,Checkers,0,GAME_OVER,40,39,2,430,RandomPlayerConfig,MCTS_CheckersHeuristic
-69601556,Checkers,0,GAME_OVER,35,34,2,431,RandomPlayerConfig,MCTS_CheckersHeuristic
2134605072,Checkers,0,GAME_OVER,32,31,2,432,RandomPlayerConfig,MCTS_CheckersHeuristic
-523306807,Checkers,0,GAME_OVER,29,28,2,433,RandomPlayerConfig,MCTS_CheckersHeuristic
-2085127673,Checkers,0,GAME_OVER,28,27,2,434,RandomPlayerConfig,MCTS_CheckersHeuristic
2047900283,Checkers,0,GAME_OVER,24,23,2,435,RandomPlayerConfig,MCTS_CheckersHeuristic
1368919923,Checkers,0,GAME_OVER,30,29,2,436,RandomPlayerConfig,MCTS_CheckersHeuristic
-1899080291,Checkers,0,GAME_OVER,31,30,2,437,RandomPlayerConfig,MCTS_CheckersHeuristic
-1072916441,Checkers,0,GAME_OVER,30,29,2,438,RandomPlayerConfig,MCTS_CheckersHeuristic
-1677082189,Checkers,0,GAME_OVER,35,34,2,439,RandomPlayerConfig,MCTS_CheckersHeuristic
-1317810581,Checkers,0,GAME_OVER,36,35,2,440,RandomPlayerConfig,MCTS_CheckersHeuristic
2081432730,Checkers,0,GAME_OVER,29,28,2,441,RandomPlayerConfig,MCTS_CheckersHeuristic
263751779,Checkers,0,GAME_OVER,29,28,2,442,RandomPlayerConfig,MCTS_CheckersHeuristic
563795903,Checkers,0,GAME_OVER,33,32,2,443,RandomPlayerConfig,MCTS_CheckersHeuristic
1361265687,Checkers,0,GAME_OVER,31,30,2,444,RandomPlayerConfig,MCTS_CheckersHeuristic
-226021949,Checkers,0,GAME_OVER,31,30,2,445,RandomPlayerConfig,MCTS_CheckersHeuristic
554740110,Checkers,0,GAME_OVER,31,30,2,446,RandomPlayerConfig,MCTS_CheckersHeuristic
686116992,Checkers,0,GAME_OVER,35,34,2,447,RandomPlayerConfig,MCTS_CheckersHeuristic
1645093078,Checkers,0,GAME_OVER,38,37,2,448,RandomPlayerConfig,MCTS_CheckersHeuristic
-411478649,Checkers,0,GAME_OVER,29,28,2,449,RandomPlayerConfig,MCTS_CheckersHeuristic
1367048943,Checkers,0,GAME_OVER,34,33,2,450,RandomPlayerConfig,MCTS_CheckersHeuristic
-2104117363,Checkers,0,GAME_OVER,37,36,2,451,RandomPlayerConfig,MCTS_CheckersHeuristic
1521620985,Checkers,0,GAME_OVER,26,25,2,452,RandomPlayerConfig,MCTS_CheckersHeuristic
1794198886,Checkers,0,GAME_OVER,31,30,2,453,RandomPlayerConfig,MCTS_CheckersHeuristic
1421627920,Checkers,0,GAME_OVER,26,25,2,454,RandomPlayerConfig,MCTS_CheckersHeuristic
1709927291,Checkers,0,GAME_OVER,33,32,2,455,RandomPlayerConfig,MCTS_CheckersHeuristic
-945138759,Checkers,0,GAME_OVER,26,25,2,456,RandomPlayerConfig,MCTS_CheckersHeuristic
-687330598,Checkers,0,GAME_OVER,35,34,2,457,RandomPlayerConfig,MCTS_CheckersHeuristic
1191780821,Checkers,0,GAME_OVER,27,26,2,458,RandomPlayerConfig,MCTS_CheckersHeuristic
-1689491107,Checkers,0,GAME_OVER,29,28,2,459,RandomPlayerConfig,MCTS_CheckersHeuristic
1260762219,Checkers,0,GAME_OVER,35,34,2,460,RandomPlayerConfig,MCTS_CheckersHeuristic
771164276,Checkers,0,GAME_OVER,50,49,2,461,RandomPlayerConfig,MCTS_CheckersHeuristic
1451409103,Checkers,0,GAME_OVER,37,36,2,462,RandomPlayerConfig,MCTS_CheckersHeuristic
2135673998,Checkers,0,GAME_OVER,28,27,2,463,RandomPlayerConfig,MCTS_CheckersHeuristic
2116374257,Checkers,0,GAME_OVER,26,25,2,464,RandomPlayerConfig,MCTS_CheckersHeuristic
1379865924,Checkers,0,GAME_OVER,34,33,2,465,RandomPlayerConfig,MCTS_CheckersHeuristic
-1840833326,Checkers,0,GAME_OVER,26,25,2,466,RandomPlayerConfig,MCTS_CheckersHeuristic
-1322121555,Checkers,0,GAME_OVER,32,31,2,467,RandomPlayerConfig,MCTS_CheckersHeuristic
-1098916237,Checkers,0,GAME_OVER,32,31,2,468,RandomPlayerConfig,MCTS_CheckersHeuristic
-1070025090,Checkers,0,GAME_OVER,30,29,2,469,RandomPlayerConfig,MCTS_CheckersHeuristic
-1077149244,Checkers,0,GAME_OVER,32,31,2,470,RandomPlayerConfig,MCTS_CheckersHeuristic
-1283320856,Checkers,0,GAME_OVER,36,35,2,471,RandomPlayerConfig,MCTS_CheckersHeuristic
1530797391,Checkers,0,GAME_OVER,34,33,2,472,RandomPlayerConfig,MCTS_CheckersHeuristic
37789529,Checkers,0,GAME_OVER,36,35,2,473,RandomPlayerConfig,MCTS_CheckersHeuristic
330893752,Checkers,0,GAME_OVER,32,31,2,474,RandomPlayerConfig,MCTS_CheckersHeuristic
-1696125059,Checkers,0,GAME_OVER,31,30,2,475,RandomPlayerConfig,MCTS_CheckersHeuristic
-2119222963,Checkers,0,GAME_OVER,29,28,2,476,RandomPlayerConfig,MCTS_CheckersHeuristic
985924410,Checkers,0,GAME_OVER,38,37,2,477,RandomPlayerConfig,MCTS_CheckersHeuristic
1599428666,Checkers,0,GAME_OVER,30,29,2,478,RandomPlayerConfig,MCTS_CheckersHeuristic
1152044158,Checkers,0,GAME_OVER,34,33,2,479,RandomPlayerConfig,MCTS_CheckersHeuristic
-1210853609,Checkers,0,GAME_OVER,25,24,2,480,RandomPlayerConfig,MCTS_CheckersHeuristic
802899473,Checkers,0,GAME_OVER,34,33,2,481,RandomPlayerConfig,MCTS_CheckersHeuristic
1343130348,Checkers,0,GAME_OVER,26,25,2,482,RandomPlayerConfig,MCTS_CheckersHeuristic
-1718954284,Checkers,0,GAME_OVER,34,33,2,483,RandomPlayerConfig,MCTS_CheckersHeuristic
934369511,Checkers,0,GAME_OVER,35,34,2,484,RandomPlayerConfig,MCTS_CheckersHeuristic
1161088771,Checkers,0,GAME_OVER,32,31,2,485,RandomPlayerConfig,MCTS_CheckersHeuristic
954450257,Checkers,0,GAME_OVER,29,28,2,486,RandomPlayerConfig,MCTS_CheckersHeuristic
-2000387963,Checkers,0,GAME_OVER,32,31,2,487,RandomPlayerConfig,MCTS_CheckersHeuristic
-1173988222,Checkers,0,GAME_OVER,37,36,2,488,RandomPlayerConfig,MCTS_CheckersHeuristic
-1459101367,Checkers,0,GAME_OVER,34,33,2,489,RandomPlayerConfig,MCTS_CheckersHeuristic
249089512,Checkers,0,GAME_OVER,32,31,2,490,RandomPlayerConfig,MCTS_CheckersHeuristic
-1717035207,Checkers,0,GAME_OVER,27,26,2,491,RandomPlayerConfig,MCTS_CheckersHeuristic
-118184860,Checkers,0,GAME_OVER,27,26,2,492,RandomPlayerConfig,MCTS_CheckersHeuristic
-1310613673,Checkers,0,GAME_OVER,33,32,2,493,RandomPlayerConfig,MCTS_CheckersHeuristic
-1488788356,Checkers,0,GAME_OVER,38,37,2,494,RandomPlayerConfig,MCTS_CheckersHeuristic
-464593415,Checkers,0,GAME_OVER,24,23,2,495,RandomPlayerConfig,MCTS_CheckersHeuristic
-1413226436,Checkers,0,GAME_OVER,29,28,2,496,RandomPlayerConfig,MCTS_CheckersHeuristic
1939643456,Checkers,0,GAME_OVER,30,29,2,497,RandomPlayerConfig,MCTS_CheckersHeuristic
1375820218,Checkers,0,GAME_OVER,36,35,2,498,RandomPlayerConfig,MCTS_CheckersHeuristic
-1403828422,Checkers,0,GAME_OVER,34,33,2,499,RandomPlayerConfig,MCTS_CheckersHeuristic
-417068902,Checkers,0,GAME_OVER,25,24,2,500,RandomPlayerConfig,MCTS_CheckersHeuristic
-67788968,Checkers,0,GAME_OVER,29,28,2,501,RandomPlayerConfig,MCTS_CheckersHeuristic
-540391421,Checkers,0,GAME_OVER,37,36,2,502,RandomPlayerConfig,MCTS_CheckersHeuristic
-1225135334,Checkers,0,GAME_OVER,28,27,2,503,RandomPlayerConfig,MCTS_CheckersHeuristic
-1869790746,Checkers,0,GAME_OVER,26,25,2,504,RandomPlayerConfig,MCTS_CheckersHeuristic
1765178906,Checkers,0,GAME_OVER,27,26,2,505,RandomPlayerConfig,MCTS_CheckersHeuristic
1591487875,Checkers,0,GAME_OVER,28,27,2,506,RandomPlayerConfig,MCTS_CheckersHeuristic
1229432296,Checkers,0,GAME_OVER,23,22,2,507,RandomPlayerConfig,MCTS_CheckersHeuristic
180779668,Checkers,0,GAME_OVER,26,25,2,508,RandomPlayerConfig,MCTS_CheckersHeuristic
1100623948,Checkers,0,GAME_OVER,30,29,2,509,RandomPlayerConfig,MCTS_CheckersHeuristic
65197954,Checkers,0,GAME_OVER,36,35,2,510,RandomPlayerConfig,MCTS_CheckersHeuristic
-967357718,Checkers,0,GAME_OVER,33,32,2,511,RandomPlayerConfig,MCTS_CheckersHeuristic
-59033451,Checkers,0,GAME_OVER,32,31,2,512,RandomPlayerConfig,MCTS_CheckersHeuristic
-1768193439,Checkers,0,GAME_OVER,35,34,2,513,RandomPlayerConfig,MCTS_CheckersHeuristic
317665018,Checkers,0,GAME_OVER,29,28,2,514,RandomPlayerConfig,MCTS_CheckersHeuristic
1930999641,Checkers,0,GAME_OVER,35,34,2,515,RandomPlayerConfig,MCTS_CheckersHeuristic
1398557200,Checkers,0,GAME_OVER,33,32,2,516,RandomPlayerConfig,MCTS_CheckersHeuristic
-1231943139,Checkers,0,GAME_OVER,28,27,2,517,RandomPlayerConfig,MCTS_CheckersHeuristic
1111931496,Checkers,0,GAME_OVER,32,31,2,518,RandomPlayerConfig,MCTS_CheckersHeuristic
2126483888,Checkers,0,GAME_OVER,30,29,2,519,RandomPlayerConfig,MCTS_CheckersHeuristic
-1513206447,Checkers,0,GAME_OVER,36,35,2,520,RandomPlayerConfig,MCTS_CheckersHeuristic
2132230527,Checkers,0,GAME_OVER,28,27,2,521,RandomPlayerConfig,MCTS_CheckersHeuristic
667478247,Checkers,0,GAME_OVER,23,22,2,522,RandomPlayerConfig,MCTS_CheckersHeuristic
650656037,Checkers,0,GAME_OVER,27,26,2,523,RandomPlayerConfig,MCTS_CheckersHeuristic
1038369793,Checkers,0,GAME_OVER,34,33,2,524,RandomPlayerConfig,MCTS_CheckersHeuristic
-169350182,Checkers,0,GAME_OVER,39,38,2,525,RandomPlayerConfig,MCTS_CheckersHeuristic
1190492793,Checkers,0,GAME_OVER,40,39,2,526,RandomPlayerConfig,MCTS_CheckersHeuristic
1994238327,Checkers,0,GAME_OVER,26,25,2,527,RandomPlayerConfig,MCTS_CheckersHeuristic
1234412951,Checkers,0,GAME_OVER,26,25,2,528,RandomPlayerConfig,MCTS_CheckersHeuristic
848570692,Checkers,0,GAME_OVER,29,28,2,529,RandomPlayerConfig,MCTS_CheckersHeuristic
1518377384,Checkers,0,GAME_OVER,35,34,2,530,RandomPlayerConfig,MCTS_CheckersHeuristic
-1739368726,Checkers,0,GAME_OVER,36,35,2,531,RandomPlayerConfig,MCTS_CheckersHeuristic
2029167886,Checkers,0,GAME_OVER,42,41,2,532,RandomPlayerConfig,MCTS_CheckersHeuristic
194174004,Checkers,0,GAME_OVER,33,32,2,533,RandomPlayerConfig,MCTS_CheckersHeuristic
1578531405,Checkers,0,GAME_OVER,35,34,2,534,RandomPlayerConfig,MCTS_CheckersHeuristic
-23968113,Checkers,0,GAME_OVER,34,33,2,535,RandomPlayerConfig,MCTS_CheckersHeuristic
1126735320,Checkers,0,GAME_OVER,37,36,2,536,RandomPlayerConfig,MCTS_CheckersHeuristic
2071151974,Checkers,0,GAME_OVER,34,33,2,537,RandomPlayerConfig,MCTS_CheckersHeuristic
-1531342417,Checkers,0,GAME_OVER,22,21,2,538,RandomPlayerConfig,MCTS_CheckersHeuristic
-1643583799,Checkers,0,GAME_OVER,34,33,2,539,RandomPlayerConfig,MCTS_CheckersHeuristic
-658252783,Checkers,0,GAME_OVER,28,27,2,540,RandomPlayerConfig,MCTS_CheckersHeuristic
-1993213438,Checkers,0,GAME_OVER,30,29,2,541,RandomPlayerConfig,MCTS_CheckersHeuristic
994294735,Checkers,0,GAME_OVER,33,32,2,542,RandomPlayerConfig,MCTS_CheckersHeuristic
639724555,Checkers,0,GAME_OVER,27,26,2,543,RandomPlayerConfig,MCTS_CheckersHeuristic
-1515768840,Checkers,0,GAME_OVER,25,24,2,544,RandomPlayerConfig,MCTS_CheckersHeuristic
1197774844,Checkers,0,GAME_OVER,27,26,2,545,RandomPlayerConfig,MCTS_CheckersHeuristic
-700194303,Checkers,0,GAME_OVER,34,33,2,546,RandomPlayerConfig,MCTS_CheckersHeuristic
1421522406,Checkers,0,GAME_OVER,25,24,2,547,RandomPlayerConfig,MCTS_CheckersHeuristic
284499098,Checkers,0,GAME_OVER,37,36,2,548,RandomPlayerConfig,MCTS_CheckersHeuristic
2067913917,Checkers,0,GAME_OVER,36,35,2,549,RandomPlayerConfig,MCTS_CheckersHeuristic
1274476222,Checkers,0,GAME_OVER,35,34,2,550,RandomPlayerConfig,MCTS_CheckersHeuristic
-1763966910,Checkers,0,GAME_OVER,30,29,2,551,RandomPlayerConfig,MCTS_CheckersHeuristic
-1115340337,Checkers,0,GAME_OVER,35,34,2,552,RandomPlayerConfig,MCTS_CheckersHeuristic
-725483005,Checkers,0,GAME_OVER,33,32,2,553,RandomPlayerConfig,MCTS_CheckersHeuristic
-407610696,Checkers,0,GAME_OVER,30,29,2,554,RandomPlayerConfig,MCTS_CheckersHeuristic
1998316779,Checkers,0,GAME_OVER,29,28,2,555,RandomPlayerConfig,MCTS_CheckersHeuristic
-187907734,Checkers,0,GAME_OVER,27,26,2,556,RandomPlayerConfig,MCTS_CheckersHeuristic
-1636989691,Checkers,0,GAME_OVER,41,40,2,557,RandomPlayerConfig,MCTS_CheckersHeuristic
-653066449,Checkers,0,GAME_OVER,31,30,2,558,RandomPlayerConfig,MCTS_CheckersHeuristic
-893947569,Checkers,0,GAME_OVER,34,33,2,559,RandomPlayerConfig,MCTS_CheckersHeuristic
-1611626581,Checkers,0,GAME_OVER,37,36,2,560,RandomPlayerConfig,MCTS_CheckersHeuristic
472824794,Checkers,0,GAME_OVER,27,26,2,561,RandomPlayerConfig,MCTS_CheckersHeuristic
1334696323,Checkers,0,GAME_OVER,30,29,2,562,RandomPlayerConfig,MCTS_CheckersHeuristic
450778245,Checkers,0,GAME_OVER,35,34,2,563,RandomPlayerConfig,MCTS_CheckersHeuristic
1916567288,Checkers,0,GAME_OVER,26,25,2,564,RandomPlayerConfig,MCTS_CheckersHeuristic
-958604006,Checkers,0,GAME_OVER,32,31,2,565,RandomPlayerConfig,MCTS_CheckersHeuristic
12811273,Checkers,0,GAME_OVER,30,29,2,566,RandomPlayerConfig,MCTS_CheckersHeuristic
-1400542831,Checkers,0,GAME_OVER,32,31,2,567,RandomPlayerConfig,MCTS_CheckersHeuristic
-726563124,Checkers,0,GAME_OVER,30,29,2,568,RandomPlayerConfig,MCTS_CheckersHeuristic
1685937605,Checkers,0,GAME_OVER,30,29,2,569,RandomPlayerConfig,MCTS_CheckersHeuristic
2094393377,Checkers,0,GAME_OVER,38,37,2,570,RandomPlayerConfig,MCTS_CheckersHeuristic
-2040454682,Checkers,0,GAME_OVER,38,37,2,571,RandomPlayerConfig,MCTS_CheckersHeuristic
386360815,Checkers,0,GAME_OVER,35,34,2,572,RandomPlayerConfig,MCTS_CheckersHeuristic
94554467,Checkers,0,GAME_OVER,40,39,2,573,RandomPlayerConfig,MCTS_CheckersHeuristic
-1087574649,Checkers,0,GAME_OVER,25,24,2,574,RandomPlayerConfig,MCTS_CheckersHeuristic
1857917995,Checkers,0,GAME_OVER,34,33,2,575,RandomPlayerConfig,MCTS_CheckersHeuristic
916401127,Checkers,0,GAME_OVER,38,37,2,576,RandomPlayerConfig,MCTS_CheckersHeuristic
-316770195,Checkers,0,GAME_OVER,34,33,2,577,RandomPlayerConfig,MCTS_CheckersHeuristic
1529785066,Checkers,0,GAME_OVER,31,30,2,578,RandomPlayerConfig,MCTS_CheckersHeuristic
-1711131838,Checkers,0,GAME_OVER,33,32,2,579,RandomPlayerConfig,MCTS_CheckersHeuristic
-1296714322,Checkers,0,GAME_OVER,35,34,2,580,RandomPlayerConfig,MCTS_CheckersHeuristic
-1163081493,Checkers,0,GAME_OVER,39,38,2,581,RandomPlayerConfig,MCTS_CheckersHeuristic
-777583686,Checkers,0,GAME_OVER,36,35,2,582,RandomPlayerConfig,MCTS_CheckersHeuristic
1930129797,Checkers,0,GAME_OVER,32,31,2,583,RandomPlayerConfig,MCTS_CheckersHeuristic
-571651676,Checkers,0,GAME_OVER,31,30,2,584,RandomPlayerConfig,MCTS_CheckersHeuristic
563723613,Checkers,0,GAME_OVER,37,36,2,585,RandomPlayerConfig,MCTS_CheckersHeuristic
1842356038,Checkers,0,GAME_OVER,31,30,2,586,RandomPlayerConfig,MCTS_CheckersHeuristic
-664480686,Checkers,0,GAME_OVER,33,32,2,587,RandomPlayerConfig,MCTS_CheckersHeuristic
-1824489785,Checkers,0,GAME_OVER,32,31,2,588,RandomPlayerConfig,MCTS_CheckersHeuristic
1809196511,Checkers,0,GAME_OVER,33,32,2,589,RandomPlayerConfig,MCTS_CheckersHeuristic
1031488773,Checkers,0,GAME_OVER,40,39,2,590,RandomPlayerConfig,MCTS_CheckersHeuristic
1897020361,Checkers,0,GAME_OVER,28,27,2,591,RandomPlayerConfig,MCTS_CheckersHeuristic
1189077792,Checkers,0,GAME_OVER,29,28,2,592,RandomPlayerConfig,MCTS_CheckersHeuristic
-690767993,Checkers,0,GAME_OVER,32,31,2,593,RandomPlayerConfig,MCTS_CheckersHeuristic
-1610962381,Checkers,0,GAME_OVER,36,35,2,594,RandomPlayerConfig,MCTS_CheckersHeuristic
1899979476,Checkers,0,GAME_OVER,33,32,2,595,RandomPlayerConfig,MCTS_CheckersHeuristic
-308341376,Checkers,0,GAME_OVER,29,28,2,596,RandomPlayerConfig,MCTS_CheckersHeuristic
-335497711,Checkers,0,GAME_OVER,33,32,2,597,RandomPlayerConfig,MCTS_CheckersHeuristic
-1469971297,Checkers,0,GAME_OVER,62,61,2,598,RandomPlayerConfig,MCTS_CheckersHeuristic
-1491543193,Checkers,0,GAME_OVER,42,41,2,599,RandomPlayerConfig,MCTS_CheckersHeuristic
-290634132,Checkers,0,GAME_OVER,26,25,2,600,RandomPlayerConfig,MCTS_CheckersHeuristic
-1457384514,Checkers,0,GAME_OVER,36,35,2,601,RandomPlayerConfig,MCTS_CheckersHeuristic
-787702671,Checkers,0,GAME_OVER,96,95,2,602,MCTS_CheckersHeuristic,OSLA
-2062906404,Checkers,0,GAME_OVER,34,33,2,603,MCTS_CheckersHeuristic,OSLA
-176736144,Checkers,0,GAME_OVER,42,41,2,604,MCTS_CheckersHeuristic,OSLA
222647469,Checkers,0,GAME_OVER,40,39,2,605,MCTS_CheckersHeuristic,OSLA
-586756155,Checkers,0,GAME_OVER,61,60,2,606,MCTS_CheckersHeuristic,OSLA
1234647345,Checkers,0,GAME_OVER,45,44,2,607,MCTS_CheckersHeuristic,OSLA
-2043222127,Checkers,0,GAME_OVER,40,39,2,608,MCTS_CheckersHeuristic,OSLA
1038511446,Checkers,0,GAME_OVER,40,39,2,609,MCTS_CheckersHeuristic,OSLA
404103070,Checkers,0,GAME_OVER,77,76,2,610,MCTS_CheckersHeuristic,OSLA
-236095770,Checkers,0,GAME_OVER,36,35,2,611,MCTS_CheckersHeuristic,OSLA
-635241784,Checkers,0,GAME_OVER,36,35,2,612,MCTS_CheckersHeuristic,OSLA
-1219981600,Checkers,0,GAME_OVER,44,43,2,613,MCTS_CheckersHeuristic,OSLA
-419788009,Checkers,0,GAME_OVER,34,33,2,614,MCTS_CheckersHeuristic,OSLA
-2011432280,Checkers,0,GAME_OVER,34,33,2,615,MCTS_CheckersHeuristic,OSLA
1893833513,Checkers,0,GAME_OVER,30,29,2,616,MCTS_CheckersHeuristic,OSLA
-75069639,Checkers,0,GAME_OVER,79,78,2,617,MCTS_CheckersHeuristic,OSLA
1806776348,Checkers,0,GAME_OVER,151,150,2,618,MCTS_CheckersHeuristic,OSLA
411173053,Checkers,0,GAME_OVER,44,43,2,619,MCTS_CheckersHeuristic,OSLA
2066352668,Checkers,0,GAME_OVER,42,41,2,620,MCTS_CheckersHeuristic,OSLA
723274559,Checkers,0,GAME_OVER,19,18,2,621,MCTS_CheckersHeuristic,OSLA
-1150974147,Checkers,0,GAME_OVER,41,40,2,622,MCTS_CheckersHeuristic,OSLA
1622488392,Checkers,0,GAME_OVER,39,38,2,623,MCTS_CheckersHeuristic,OSLA
-454292657,Checkers,0,GAME_OVER,43,42,2,624,MCTS_CheckersHeuristic,OSLA
97536938,Checkers,0,GAME_OVER,36,35,2,625,MCTS_CheckersHeuristic,OSLA
-566292283,Checkers,0,GAME_OVER,33,32,2,626,MCTS_CheckersHeuristic,OSLA
1913023947,Checkers,0,GAME_OVER,54,53,2,627,MCTS_CheckersHeuristic,OSLA
1143962093,Checkers,0,GAME_OVER,38,37,2,628,MCTS_CheckersHeuristic,OSLA
602059816,Checkers,0,GAME_OVER,64,63,2,629,MCTS_CheckersHeuristic,OSLA
141156107,Checkers,0,GAME_OVER,36,35,2,630,MCTS_CheckersHeuristic,OSLA
-69601556,Checkers,0,GAME_OVER,38,37,2,631,MCTS_CheckersHeuristic,OSLA
2134605072,Checkers,0,GAME_OVER,37,36,2,632,MCTS_CheckersHeuristic,OSLA
-523306807,Checkers,0,GAME_OVER,30,29,2,633,MCTS_CheckersHeuristic,OSLA
-2085127673,Checkers,0,GAME_OVER,41,40,2,634,MCTS_CheckersHeuristic,OSLA
2047900283,Checkers,0,GAME_OVER,42,41,2,635,MCTS_CheckersHeuristic,OSLA
1368919923,Checkers,0,GAME_OVER,38,37,2,636,MCTS_CheckersHeuristic,OSLA
-1899080291,Checkers,0,GAME_OVER,34,33,2,637,MCTS_CheckersHeuristic,OSLA
-1072916441,Checkers,0,GAME_OVER,35,34,2,638,MCTS_CheckersHeuristic,OSLA
-1677082189,Checkers,0,GAME_OVER,34,33,2,639,MCTS_CheckersHeuristic,OSLA
-1317810581,Checkers,0,GAME_OVER,51,50,2,640,MCTS_CheckersHeuristic,OSLA
2081432730,Checkers,0,GAME_OVER,74,73,2,641,MCTS_CheckersHeuristic,OSLA
263751779,Checkers,0,GAME_OVER,38,37,2,642,MCTS_CheckersHeuristic,OSLA
563795903,Checkers,0,GAME_OVER,35,34,2,643,MCTS_CheckersHeuristic,OSLA
1361265687,Checkers,0,GAME_OVER,36,35,2,644,MCTS_CheckersHeuristic,OSLA
-226021949,Checkers,0,GAME_OVER,49,48,2,645,MCTS_CheckersHeuristic,OSLA
554740110,Checkers,0,GAME_OVER,38,37,2,646,MCTS_CheckersHeuristic,OSLA
686116992,Checkers,0,GAME_OVER,51,50,2,647,MCTS_CheckersHeuristic,OSLA
1645093078,Checkers,0,GAME_OVER,46,45,2,648,MCTS_CheckersHeuristic,OSLA
-411478649,Checkers,0,GAME_OVER,34,33,2,649,MCTS_CheckersHeuristic,OSLA
1367048943,Checkers,0,GAME_OVER,61,60,2,650,MCTS_CheckersHeuristic,OSLA
-2104117363,Checkers,0,GAME_OVER,44,43,2,651,MCTS_CheckersHeuristic,OSLA
1521620985,Checkers,0,GAME_OVER,68,67,2,652,MCTS_CheckersHeuristic,OSLA
1794198886,Checkers,0,GAME_OVER,66,65,2,653,MCTS_CheckersHeuristic,OSLA
1421627920,Checkers,0,GAME_OVER,22,21,2,654,MCTS_CheckersHeuristic,OSLA
1709927291,Checkers,0,GAME_OVER,38,37,2,655,MCTS_CheckersHeuristic,OSLA
-945138759,Checkers,0,GAME_OVER,25,24,2,656,MCTS_CheckersHeuristic,OSLA
-687330598,Checkers,0,GAME_OVER,117,116,2,657,MCTS_CheckersHeuristic,OSLA
1191780821,Checkers,0,GAME_OVER,40,39,2,658,MCTS_CheckersHeuristic,OSLA
-1689491107,Checkers,0,GAME_OVER,37,36,2,659,MCTS_CheckersHeuristic,OSLA
1260762219,Checkers,0,GAME_OVER,44,43,2,660,MCTS_CheckersHeuristic,OSLA
771164276,Checkers,0,GAME_OVER,38,37,2,661,MCTS_CheckersHeuristic,OSLA
1451409103,Checkers,0,GAME_OVER,44,43,2,662,MCTS_CheckersHeuristic,OSLA
2135673998,Checkers,0,GAME_OVER,39,38,2,663,MCTS_CheckersHeuristic,OSLA
2116374257,Checkers,0,GAME_OVER,45,44,2,664,MCTS_CheckersHeuristic,OSLA
1379865924,Checkers,0,GAME_OVER,41,40,2,665,MCTS_CheckersHeuristic,OSLA
-1840833326,Checkers,0,GAME_OVER,47,46,2,666,MCTS_CheckersHeuristic,OSLA
-1322121555,Checkers,0,GAME_OVER,44,43,2,667,MCTS_CheckersHeuristic,OSLA
-1098916237,Checkers,0,GAME_OVER,45,44,2,668,MCTS_CheckersHeuristic,OSLA
-1070025090,Checkers,0,GAME_OVER,41,40,2,669,MCTS_CheckersHeuristic,OSLA
-1077149244,Checkers,0,GAME_OVER,54,53,2,670,MCTS_CheckersHeuristic,OSLA
-1283320856,Checkers,0,GAME_OVER,35,34,2,671,MCTS_CheckersHeuristic,OSLA
1530797391,Checkers,0,GAME_OVER,38,37,2,672,MCTS_CheckersHeuristic,OSLA
37789529,Checkers,0,GAME_OVER,97,96,2,673,MCTS_CheckersHeuristic,OSLA
330893752,Checkers,0,GAME_OVER,44,43,2,674,MCTS_CheckersHeuristic,OSLA
-1696125059,Checkers,0,GAME_OVER,32,31,2,675,MCTS_CheckersHeuristic,OSLA
-2119222963,Checkers,0,GAME_OVER,35,34,2,676,MCTS_CheckersHeuristic,OSLA
985924410,Checkers,0,GAME_OVER,58,57,2,677,MCTS_CheckersHeuristic,OSLA
1599428666,Checkers,0,GAME_OVER,59,58,2,678,MCTS_CheckersHeuristic,OSLA
1152044158,Checkers,0,GAME_OVER,46,45,2,679,MCTS_CheckersHeuristic,OSLA
-1210853609,Checkers,0,GAME_OVER,49,48,2,680,MCTS_CheckersHeuristic,OSLA
802899473,Checkers,0,GAME_OVER,40,39,2,681,MCTS_CheckersHeuristic,OSLA
1343130348,Checkers,0,GAME_OVER,42,41,2,682,MCTS_CheckersHeuristic,OSLA
-1718954284,Checkers,0,GAME_OVER,136,135,2,683,MCTS_CheckersHeuristic,OSLA
934369511,Checkers,0,GAME_OVER,49,48,2,684,MCTS_CheckersHeuristic,OSLA
1161088771,Checkers,0,GAME_OVER,38,37,2,685,MCTS_CheckersHeuristic,OSLA
954450257,Checkers,0,GAME_OVER,41,40,2,686,MCTS_CheckersHeuristic,OSLA
-2000387963,Checkers,0,GAME_OVER,50,49,2,687,MCTS_CheckersHeuristic,OSLA
-1173988222,Checkers,0,GAME_OVER,45,44,2,688,MCTS_CheckersHeuristic,OSLA
-1459101367,Checkers,0,GAME_OVER,40,39,2,689,MCTS_CheckersHeuristic,OSLA
249089512,Checkers,0,GAME_OVER,115,114,2,690,MCTS_CheckersHeuristic,OSLA
-1717035207,Checkers,0,GAME_OVER,25,24,2,691,MCTS_CheckersHeuristic,OSLA
-118184860,Checkers,0,GAME_OVER,42,41,2,692,MCTS_CheckersHeuristic,OSLA
-1310613673,Checkers,0,GAME_OVER,39,38,2,693,MCTS_CheckersHeuristic,OSLA
-1488788356,Checkers,0,GAME_OVER,54,53,2,694,MCTS_CheckersHeuristic,OSLA
-464593415,Checkers,0,GAME_OVER,37,36,2,695,MCTS_CheckersHeuristic,OSLA
-1413226436,Checkers,0,GAME_OVER,78,77,2,696,MCTS_CheckersHeuristic,OSLA
1939643456,Checkers,0,GAME_OVER,38,37,2,697,MCTS_CheckersHeuristic,OSLA
1375820218,Checkers,0,GAME_OVER,61,60,2,698,MCTS_CheckersHeuristic,OSLA
-1403828422,Checkers,0,GAME_OVER,36,35,2,699,MCTS_CheckersHeuristic,OSLA
-417068902,Checkers,0,GAME_OVER,54,53,2,700,MCTS_CheckersHeuristic,OSLA
-67788968,Checkers,0,GAME_OVER,39,38,2,701,MCTS_CheckersHeuristic,OSLA
-540391421,Checkers,0,GAME_OVER,49,48,2,702,MCTS_CheckersHeuristic,OSLA
-1225135334,Checkers,0,GAME_OVER,54,53,2,703,MCTS_CheckersHeuristic,OSLA
-1869790746,Checkers,0,GAME_OVER,50,49,2,704,MCTS_CheckersHeuristic,OSLA
1765178906,Checkers,0,GAME_OVER,58,57,2,705,MCTS_CheckersHeuristic,OSLA
1591487875,Checkers,0,GAME_OVER,31,30,2,706,MCTS_CheckersHeuristic,OSLA
1229432296,Checkers,0,GAME_OVER,45,44,2,707,MCTS_CheckersHeuristic,OSLA
180779668,Checkers,0,GAME_OVER,49,48,2,708,MCTS_CheckersHeuristic,OSLA
1100623948,Checkers,0,GAME_OVER,53,52,2,709,MCTS_CheckersHeuristic,OSLA
65197954,Checkers,0,GAME_OVER,47,46,2,710,MCTS_CheckersHeuristic,OSLA
-967357718,Checkers,0,GAME_OVER,50,49,2,711,MCTS_CheckersHeuristic,OSLA
-59033451,Checkers,0,GAME_OVER,40,39,2,712,MCTS_CheckersHeuristic,OSLA
-1768193439,Checkers,0,GAME_OVER,44,43,2,713,MCTS_CheckersHeuristic,OSLA
317665018,Checkers,0,GAME_OVER,39,38,2,714,MCTS_CheckersHeuristic,OSLA
1930999641,Checkers,0,GAME_OVER,37,36,2,715,MCTS_CheckersHeuristic,OSLA
1398557200,Checkers,0,GAME_OVER,56,55,2,716,MCTS_CheckersHeuristic,OSLA
-1231943139,Checkers,0,GAME_OVER,88,87,2,717,MCTS_CheckersHeuristic,OSLA
1111931496,Checkers,0,GAME_OVER,39,38,2,718,MCTS_CheckersHeuristic,OSLA
2126483888,Checkers,0,GAME_OVER,35,34,2,719,MCTS_CheckersHeuristic,OSLA
-1513206447,Checkers,0,GAME_OVER,66,65,2,720,MCTS_CheckersHeuristic,OSLA
2132230527,Checkers,0,GAME_OVER,42,41,2,721,MCTS_CheckersHeuristic,OSLA
667478247,Checkers,0,GAME_OVER,38,37,2,722,MCTS_CheckersHeuristic,OSLA
650656037,Checkers,0,GAME_OVER,32,31,2,723,MCTS_CheckersHeuristic,OSLA
1038369793,Checkers,0,GAME_OVER,66,65,2,724,MCTS_CheckersHeuristic,OSLA
-169350182,Checkers,0,GAME_OVER,42,41,2,725,MCTS_CheckersHeuristic,OSLA
1190492793,Checkers,0,GAME_OVER,36,35,2,726,MCTS_CheckersHeuristic,OSLA
1994238327,Checkers,0,GAME_OVER,49,48,2,727,MCTS_CheckersHeuristic,OSLA
1234412951,Checkers,0,GAME_OVER,35,34,2,728,MCTS_CheckersHeuristic,OSLA
848570692,Checkers,0,GAME_OVER,35,34,2,729,MCTS_CheckersHeuristic,OSLA
1518377384,Checkers,0,GAME_OVER,50,49,2,730,MCTS_CheckersHeuristic,OSLA
-1739368726,Checkers,0,GAME_OVER,19,18,2,731,MCTS_CheckersHeuristic,OSLA
2029167886,Checkers,0,GAME_OVER,37,36,2,732,MCTS_CheckersHeuristic,OSLA
194174004,Checkers,0,GAME_OVER,35,34,2,733,MCTS_CheckersHeuristic,OSLA
1578531405,Checkers,0,GAME_OVER,30,29,2,734,MCTS_CheckersHeuristic,OSLA
-23968113,Checkers,0,GAME_OVER,43,42,2,735,MCTS_CheckersHeuristic,OSLA
1126735320,Checkers,0,GAME_OVER,37,36,2,736,MCTS_CheckersHeuristic,OSLA
2071151974,Checkers,0,GAME_OVER,60,59,2,737,MCTS_CheckersHeuristic,OSLA
-1531342417,Checkers,0,GAME_OVER,51,50,2,738,MCTS_CheckersHeuristic,OSLA
-1643583799,Checkers,0,GAME_OVER,39,38,2,739,MCTS_CheckersHeuristic,OSLA
-658252783,Checkers,0,GAME_OVER,19,18,2,740,MCTS_CheckersHeuristic,OSLA
-1993213438,Checkers,0,GAME_OVER,51,50,2,741,MCTS_CheckersHeuristic,OSLA
994294735,Checkers,0,GAME_OVER,68,67,2,742,MCTS_CheckersHeuristic,OSLA
639724555,Checkers,0,GAME_OVER,43,42,2,743,MCTS_CheckersHeuristic,OSLA
-1515768840,Checkers,0,GAME_OVER,41,40,2,744,MCTS_CheckersHeuristic,OSLA
1197774844,Checkers,0,GAME_OVER,40,39,2,745,MCTS_CheckersHeuristic,OSLA
-700194303,Checkers,0,GAME_OVER,39,38,2,746,MCTS_CheckersHeuristic,OSLA
1421522406,Checkers,0,GAME_OVER,56,55,2,747,MCTS_CheckersHeuristic,OSLA
284499098,Checkers,0,GAME_OVER,40,39,2,748,MCTS_CheckersHeuristic,OSLA
2067913917,Checkers,0,GAME_OVER,136,135,2,749,MCTS_CheckersHeuristic,OSLA
1274476222,Checkers,0,GAME_OVER,55,54,2,750,MCTS_CheckersHeuristic,OSLA
-1763966910,Checkers,0,GAME_OVER,42,41,2,751,MCTS_CheckersHeuristic,OSLA
-1115340337,Checkers,0,GAME_OVER,36,35,2,752,MCTS_CheckersHeuristic,OSLA
-725483005,Checkers,0,GAME_OVER,37,36,2,753,MCTS_CheckersHeuristic,OSLA
-407610696,Checkers,0,GAME_OVER,71,70,2,754,MCTS_CheckersHeuristic,OSLA
1998316779,Checkers,0,GAME_OVER,37,36,2,755,MCTS_CheckersHeuristic,OSLA
-187907734,Checkers,0,GAME_OVER,37,36,2,756,MCTS_CheckersHeuristic,OSLA
-1636989691,Checkers,0,GAME_OVER,41,40,2,757,MCTS_CheckersHeuristic,OSLA
-653066449,Checkers,0,GAME_OVER,36,35,2,758,MCTS_CheckersHeuristic,OSLA
-893947569,Checkers,0,GAME_OVER,35,34,2,759,MCTS_CheckersHeuristic,OSLA
-1611626581,Checkers,0,GAME_OVER,36,35,2,760,MCTS_CheckersHeuristic,OSLA
472824794,Checkers,0,GAME_OVER,38,37,2,761,MCTS_CheckersHeuristic,OSLA
1334696323,Checkers,0,GAME_OVER,52,51,2,762,MCTS_CheckersHeuristic,OSLA
450778245,Checkers,0,GAME_OVER,50,49,2,763,MCTS_CheckersHeuristic,OSLA
1916567288,Checkers,0,GAME_OVER,71,70,2,764,MCTS_CheckersHeuristic,OSLA
-958604006,Checkers,0,GAME_OVER,42,41,2,765,MCTS_CheckersHeuristic,OSLA
12811273,Checkers,0,GAME_OVER,80,79,2,766,MCTS_CheckersHeuristic,OSLA
-1400542831,Checkers,0,GAME_OVER,45,44,2,767,MCTS_CheckersHeuristic,OSLA
-726563124,Checkers,0,GAME_OVER,31,30,2,768,MCTS_CheckersHeuristic,OSLA
1685937605,Checkers,0,GAME_OVER,41,40,2,769,MCTS_CheckersHeuristic,OSLA
2094393377,Checkers,0,GAME_OVER,109,108,2,770,MCTS_CheckersHeuristic,OSLA
-2040454682,Checkers,0,GAME_OVER,92,91,2,771,MCTS_CheckersHeuristic,OSLA
386360815,Checkers,0,GAME_OVER,36,35,2,772,MCTS_CheckersHeuristic,OSLA
94554467,Checkers,0,GAME_OVER,36,35,2,773,MCTS_CheckersHeuristic,OSLA
-1087574649,Checkers,0,GAME_OVER,81,80,2,774,MCTS_CheckersHeuristic,OSLA
1857917995,Checkers,0,GAME_OVER,38,37,2,775,MCTS_CheckersHeuristic,OSLA
916401127,Checkers,0,GAME_OVER,43,42,2,776,MCTS_CheckersHeuristic,OSLA
-316770195,Checkers,0,GAME_OVER,32,31,2,777,MCTS_CheckersHeuristic,OSLA
1529785066,Checkers,0,GAME_OVER,33,32,2,778,MCTS_CheckersHeuristic,OSLA
-1711131838,Checkers,0,GAME_OVER,51,50,2,779,MCTS_CheckersHeuristic,OSLA
-1296714322,Checkers,0,GAME_OVER,43,42,2,780,MCTS_CheckersHeuristic,OSLA
-1163081493,Checkers,0,GAME_OVER,42,41,2,781,MCTS_CheckersHeuristic,OSLA
-777583686,Checkers,0,GAME_OVER,45,44,2,782,MCTS_CheckersHeuristic,OSLA
1930129797,Checkers,0,GAME_OVER,39,38,2,783,MCTS_CheckersHeuristic,OSLA
-571651676,Checkers,0,GAME_OVER,108,107,2,784,MCTS_CheckersHeuristic,OSLA
563723613,Checkers,0,GAME_OVER,50,49,2,785,MCTS_CheckersHeuristic,OSLA
1842356038,Checkers,0,GAME_OVER,39,38,2,786,MCTS_CheckersHeuristic,OSLA
-664480686,Checkers,0,GAME_OVER,84,83,2,787,MCTS_CheckersHeuristic,OSLA
-1824489785,Checkers,0,GAME_OVER,44,43,2,788,MCTS_CheckersHeuristic,OSLA
1809196511,Checkers,0,GAME_OVER,40,39,2,789,MCTS_CheckersHeuristic,OSLA
1031488773,Checkers,0,GAME_OVER,56,55,2,790,MCTS_CheckersHeuristic,OSLA
1897020361,Checkers,0,GAME_OVER,47,46,2,791,MCTS_CheckersHeuristic,OSLA
1189077792,Checkers,0,GAME_OVER,35,34,2,792,MCTS_CheckersHeuristic,OSLA
-690767993,Checkers,0,GAME_OVER,43,42,2,793,MCTS_CheckersHeuristic,OSLA
-1610962381,Checkers,0,GAME_OVER,42,41,2,794,MCTS_CheckersHeuristic,OSLA
1899979476,Checkers,0,GAME_OVER,86,85,2,795,MCTS_CheckersHeuristic,OSLA
-308341376,Checkers,0,GAME_OVER,37,36,2,796,MCTS_CheckersHeuristic,OSLA
-335497711,Checkers,0,GAME_OVER,42,41,2,797,MCTS_CheckersHeuristic,OSLA
-1469971297,Checkers,0,GAME_OVER,44,43,2,798,MCTS_CheckersHeuristic,OSLA
-1491543193,Checkers,0,GAME_OVER,46,45,2,799,MCTS_CheckersHeuristic,OSLA
-290634132,Checkers,0,GAME_OVER,40,39,2,800,MCTS_CheckersHeuristic,OSLA
-1457384514,Checkers,0,GAME_OVER,70,69,2,801,MCTS_CheckersHeuristic,OSLA
-787702671,Checkers,0,GAME_OVER,90,89,2,802,OSLA,OSLA
-2062906404,Checkers,0,GAME_OVER,107,106,2,803,OSLA,OSLA
-176736144,Checkers,0,GAME_OVER,37,36,2,804,OSLA,OSLA
222647469,Checkers,0,GAME_OVER,43,42,2,805,OSLA,OSLA
-586756155,Checkers,0,GAME_OVER,60,59,2,806,OSLA,OSLA
1234647345,Checkers,0,GAME_OVER,67,66,2,807,OSLA,OSLA
-2043222127,Checkers,0,GAME_OVER,79,78,2,808,OSLA,OSLA
1038511446,Checkers,0,GAME_OVER,38,37,2,809,OSLA,OSLA
404103070,Checkers,0,GAME_OVER,62,61,2,810,OSLA,OSLA
-236095770,Checkers,0,GAME_OVER,20,19,2,811,OSLA,OSLA
-635241784,Checkers,0,GAME_OVER,34,33,2,812,OSLA,OSLA
-1219981600,Checkers,0,GAME_OVER,20,19,2,813,OSLA,OSLA
-419788009,Checkers,0,GAME_OVER,38,37,2,814,OSLA,OSLA
-2011432280,Checkers,0,GAME_OVER,21,20,2,815,OSLA,OSLA
1893833513,Checkers,0,GAME_OVER,34,33,2,816,OSLA,OSLA
-75069639,Checkers,0,GAME_OVER,20,19,2,817,OSLA,OSLA
1806776348,Checkers,0,GAME_OVER,77,76,2,818,OSLA,OSLA
411173053,Checkers,0,GAME_OVER,21,20,2,819,OSLA,OSLA
2066352668,Checkers,0,GAME_OVER,33,32,2,820,OSLA,OSLA
723274559,Checkers,0,GAME_OVER,36,35,2,821,OSLA,OSLA
-1150974147,Checkers,0,GAME_OVER,36,35,2,822,OSLA,OSLA
1622488392,Checkers,0,GAME_OVER,43,42,2,823,OSLA,OSLA
-454292657,Checkers,0,GAME_OVER,43,42,2,824,OSLA,OSLA
97536938,Checkers,0,GAME_OVER,42,41,2,825,OSLA,OSLA
-566292283,Checkers,0,GAME_OVER,55,54,2,826,OSLA,OSLA
1913023947,Checkers,0,GAME_OVER,40,39,2,827,OSLA,OSLA
1143962093,Checkers,0,GAME_OVER,36,35,2,828,OSLA,OSLA
602059816,Checkers,0,GAME_OVER,29,28,2,829,OSLA,OSLA
141156107,Checkers,0,GAME_OVER,121,120,2,830,OSLA,OSLA
-69601556,Checkers,0,GAME_OVER,33,32,2,831,OSLA,OSLA
2134605072,Checkers,0,GAME_OVER,20,19,2,832,OSLA,OSLA
-523306807,Checkers,0,GAME_OVER,36,35,2,833,OSLA,OSLA
-2085127673,Checkers,0,GAME_OVER,84,83,2,834,OSLA,OSLA
2047900283,Checkers,0,GAME_OVER,92,91,2,835,OSLA,OSLA
1368919923,Checkers,0,GAME_OVER,160,159,2,836,OSLA,OSLA
-1899080291,Checkers,0,GAME_OVER,79,78,2,837,OSLA,OSLA
-1072916441,Checkers,0,GAME_OVER,37,36,2,838,OSLA,OSLA
-1677082189,Checkers,0,GAME_OVER,32,31,2,839,OSLA,OSLA
-1317810581,Checkers,0,GAME_OVER,143,142,2,840,OSLA,OSLA
2081432730,Checkers,0,GAME_OVER,83,82,2,841,OSLA,OSLA
263751779,Checkers,0,GAME_OVER,37,36,2,842,OSLA,OSLA
563795903,Checkers,0,GAME_OVER,43,42,2,843,OSLA,OSLA
1361265687,Checkers,0,GAME_OVER,54,53,2,844,OSLA,OSLA
-226021949,Checkers,0,GAME_OVER,94,93,2,845,OSLA,OSLA
554740110,Checkers,0,GAME_OVER,100,99,2,846,OSLA,OSLA
686116992,Checkers,0,GAME_OVER,86,85,2,847,OSLA,OSLA
1645093078,Checkers,0,GAME_OVER,33,32,2,848,OSLA,OSLA
-411478649,Checkers,0,GAME_OVER,20,19,2,849,OSLA,OSLA
1367048943,Checkers,0,GAME_OVER,38,37,2,850,OSLA,OSLA
-2104117363,Checkers,0,GAME_OVER,20,19,2,851,OSLA,OSLA
1521620985,Checkers,0,GAME_OVER,114,113,2,852,OSLA,OSLA
1794198886,Checkers,0,GAME_OVER,83,82,2,853,OSLA,OSLA
1421627920,Checkers,0,GAME_OVER,76,75,2,854,OSLA,OSLA
1709927291,Checkers,0,GAME_OVER,35,34,2,855,OSLA,OSLA
-945138759,Checkers,0,GAME_OVER,20,19,2,856,OSLA,OSLA
-687330598,Checkers,0,GAME_OVER,42,41,2,857,OSLA,OSLA
1191780821,Checkers,0,GAME_OVER,19,18,2,858,OSLA,OSLA
-1689491107,Checkers,0,GAME_OVER,32,31,2,859,OSLA,OSLA
1260762219,Checkers,0,GAME_OVER,70,69,2,860,OSLA,OSLA
771164276,Checkers,0,GAME_OVER,91,90,2,861,OSLA,OSLA
1451409103,Checkers,0,GAME_OVER,19,18,2,862,OSLA,OSLA
2135673998,Checkers,0,GAME_OVER,71,70,2,863,OSLA,OSLA
2116374257,Checkers,0,GAME_OVER,64,63,2,864,OSLA,OSLA
1379865924,Checkers,0,GAME_OVER,29,28,2,865,OSLA,OSLA
-1840833326,Checkers,0,GAME_OVER,32,31,2,866,OSLA,OSLA
-1322121555,Checkers,0,GAME_OVER,110,109,2,867,OSLA,OSLA
-1098916237,Checkers,0,GAME_OVER,34,33,2,868,OSLA,OSLA
-1070025090,Checkers,0,GAME_OVER,49,48,2,869,OSLA,OSLA
-1077149244,Checkers,0,GAME_OVER,34,33,2,870,OSLA,OSLA
-1283320856,Checkers,0,GAME_OVER,67,66,2,871,OSLA,OSLA
1530797391,Checkers,0,GAME_OVER,36,35,2,872,OSLA,OSLA
37789529,Checkers,0,GAME_OVER,99,98,2,873,OSLA,OSLA
330893752,Checkers,0,GAME_OVER,19,18,2,874,OSLA,OSLA
-1696125059,Checkers,0,GAME_OVER,19,18,2,875,OSLA,OSLA
-2119222963,Checkers,0,GAME_OVER,21,20,2,876,OSLA,OSLA
985924410,Checkers,0,GAME_OVER,68,67,2,877,OSLA,OSLA
1599428666,Checkers,0,GAME_OVER,38,37,2,878,OSLA,OSLA
1152044158,Checkers,0,GAME_OVER,62,61,2,879,OSLA,OSLA
-1210853609,Checkers,0,GAME_OVER,34,33,2,880,OSLA,OSLA
802899473,Checkers,0,GAME_OVER,80,79,2,881,OSLA,OSLA
1343130348,Checkers,0,GAME_OVER,32,31,2,882,OSLA,OSLA
-1718954284,Checkers,0,GAME_OVER,21,20,2,883,OSLA,OSLA
934369511,Checkers,0,GAME_OVER,35,34,2,884,OSLA,OSLA
1161088771,Checkers,0,GAME_OVER,29,28,2,885,OSLA,OSLA
954450257,Checkers,0,GAME_OVER,19,18,2,886,OSLA,OSLA
-2000387963,Checkers,0,GAME_OVER,20,19,2,887,OSLA,OSLA
-1173988222,Checkers,0,GAME_OVER,21,20,2,888,OSLA,OSLA
-1459101367,Checkers,0,GAME_OVER,112,111,2,889,OSLA,OSLA
249089512,Checkers,0,GAME_OVER,38,37,2,890,OSLA,OSLA
-1717035207,Checkers,0,GAME_OVER,20,19,2,891,OSLA,OSLA
-118184860,Checkers,0,GAME_OVER,19,18,2,892,OSLA,OSLA
-1310613673,Checkers,0,GAME_OVER,38,37,2,893,OSLA,OSLA
-1488788356,Checkers,0,GAME_OVER,64,63,2,894,OSLA,OSLA
-464593415,Checkers,0,GAME_OVER,38,37,2,895,OSLA,OSLA
-1413226436,Checkers,0,GAME_OVER,38,37,2,896,OSLA,OSLA
1939643456,Checkers,0,GAME_OVER,36,35,2,897,OSLA,OSLA
1375820218,Checkers,0,GAME_OVER,36,35,2,898,OSLA,OSLA
-1403828422,Checkers,0,GAME_OVER,33,32,2,899,OSLA,OSLA
-417068902,Checkers,0,GAME_OVER,21,20,2,900,OSLA,OSLA
-67788968,Checkers,0,GAME_OVER,29,28,2,901,OSLA,OSLA
-540391421,Checkers,0,GAME_OVER,64,63,2,902,OSLA,OSLA
-1225135334,Checkers,0,GAME_OVER,20,19,2,903,OSLA,OSLA
-1869790746,Checkers,0,GAME_OVER,30,29,2,904,OSLA,OSLA
1765178906,Checkers,0,GAME_OVER,102,101,2,905,OSLA,OSLA
1591487875,Checkers,0,GAME_OVER,19,18,2,906,OSLA,OSLA
1229432296,Checkers,0,GAME_OVER,41,40,2,907,OSLA,OSLA
180779668,Checkers,0,GAME_OVER,35,34,2,908,OSLA,OSLA
1100623948,Checkers,0,GAME_OVER,21,20,2,909,OSLA,OSLA
65197954,Checkers,0,GAME_OVER,104,103,2,910,OSLA,OSLA
-967357718,Checkers,0,GAME_OVER,38,37,2,911,OSLA,OSLA
-59033451,Checkers,0,GAME_OVER,34,33,2,912,OSLA,OSLA
-1768193439,Checkers,0,GAME_OVER,29,28,2,913,OSLA,OSLA
317665018,Checkers,0,GAME_OVER,34,33,2,914,OSLA,OSLA
1930999641,Checkers,0,GAME_OVER,143,142,2,915,OSLA,OSLA
1398557200,Checkers,0,GAME_OVER,19,18,2,916,OSLA,OSLA
-1231943139,Checkers,0,GAME_OVER,19,18,2,917,OSLA,OSLA
1111931496,Checkers,0,GAME_OVER,43,42,2,918,OSLA,OSLA
2126483888,Checkers,0,GAME_OVER,21,20,2,919,OSLA,OSLA
-1513206447,Checkers,0,GAME_OVER,56,55,2,920,OSLA,OSLA
2132230527,Checkers,0,GAME_OVER,20,19,2,921,OSLA,OSLA
667478247,Checkers,0,GAME_OVER,73,72,2,922,OSLA,OSLA
650656037,Checkers,0,GAME_OVER,34,33,2,923,OSLA,OSLA
1038369793,Checkers,0,GAME_OVER,47,46,2,924,OSLA,OSLA
-169350182,Checkers,0,GAME_OVER,98,97,2,925,OSLA,OSLA
1190492793,Checkers,0,GAME_OVER,20,19,2,926,OSLA,OSLA
1994238327,Checkers,0,GAME_OVER,39,38,2,927,OSLA,OSLA
1234412951,Checkers,0,GAME_OVER,37,36,2,928,OSLA,OSLA
848570692,Checkers,0,GAME_OVER,44,43,2,929,OSLA,OSLA
1518377384,Checkers,0,GAME_OVER,37,36,2,930,OSLA,OSLA
-1739368726,Checkers,0,GAME_OVER,82,81,2,931,OSLA,OSLA
2029167886,Checkers,0,GAME_OVER,19,18,2,932,OSLA,OSLA
194174004,Checkers,0,GAME_OVER,44,43,2,933,OSLA,OSLA
1578531405,Checkers,0,GAME_OVER,38,37,2,934,OSLA,OSLA
-23968113,Checkers,0,GAME_OVER,67,66,2,935,OSLA,OSLA
1126735320,Checkers,0,GAME_OVER,20,19,2,936,OSLA,OSLA
2071151974,Checkers,0,GAME_OVER,50,49,2,937,OSLA,OSLA
-1531342417,Checkers,0,GAME_OVER,32,31,2,938,OSLA,OSLA
-1643583799,Checkers,0,GAME_OVER,44,43,2,939,OSLA,OSLA
-658252783,Checkers,0,GAME_OVER,33,32,2,940,OSLA,OSLA
-1993213438,Checkers,0,GAME_OVER,76,75,2,941,OSLA,OSLA
994294735,Checkers,0,GAME_OVER,90,89,2,942,OSLA,OSLA
639724555,Checkers,0,GAME_OVER,53,52,2,943,OSLA,OSLA
-1515768840,Checkers,0,GAME_OVER,38,37,2,944,OSLA,OSLA
1197774844,Checkers,0,GAME_OVER,44,43,2,945,OSLA,OSLA
-700194303,Checkers,0,GAME_OVER,29,28,2,946,OSLA,OSLA
1421522406,Checkers,0,GAME_OVER,31,30,2,947,OSLA,OSLA
284499098,Checkers,0,GAME_OVER,19,18,2,948,OSLA,OSLA
2067913917,Checkers,0,GAME_OVER,34,33,2,949,OSLA,OSLA
1274476222,Checkers,0,GAME_OVER,36,35,2,950,OSLA,OSLA
-1763966910,Checkers,0,GAME_OVER,62,61,2,951,OSLA,OSLA
-1115340337,Checkers,0,GAME_OVER,80,79,2,952,OSLA,OSLA
-725483005,Checkers,0,GAME_OVER,71,70,2,953,OSLA,OSLA
-407610696,Checkers,0,GAME_OVER,29,28,2,954,OSLA,OSLA
1998316779,Checkers,0,GAME_OVER,82,81,2,955,OSLA,OSLA
-187907734,Checkers,0,GAME_OVER,37,36,2,956,OSLA,OSLA
-1636989691,Checkers,0,GAME_OVER,19,18,2,957,OSLA,OSLA
-653066449,Checkers,0,GAME_OVER,38,37,2,958,OSLA,OSLA
-893947569,Checkers,0,GAME_OVER,44,43,2,959,OSLA,OSLA
-1611626581,Checkers,0,GAME_OVER,19,18,2,960,OSLA,OSLA
472824794,Checkers,0,GAME_OVER,33,32,2,961,OSLA,OSLA
1334696323,Checkers,0,GAME_OVER,34,33,2,962,OSLA,OSLA
450778245,Checkers,0,GAME_OVER,19,18,2,963,OSLA,OSLA
1916567288,Checkers,0,GAME_OVER,91,90,2,964,OSLA,OSLA
-958604006,Checkers,0,GAME_OVER,108,107,2,965,OSLA,OSLA
12811273,Checkers,0,GAME_OVER,79,78,2,966,OSLA,OSLA
-1400542831,Checkers,0,GAME_OVER,100,99,2,967,OSLA,OSLA
-726563124,Checkers,0,GAME_OVER,88,87,2,968,OSLA,OSLA
1685937605,Checkers,0,GAME_OVER,32,31,2,969,OSLA,OSLA
2094393377,Checkers,0,GAME_OVER,20,19,2,970,OSLA,OSLA
-2040454682,Checkers,0,GAME_OVER,64,63,2,971,OSLA,OSLA
386360815,Checkers,0,GAME_OVER,21,20,2,972,OSLA,OSLA
94554467,Checkers,0,GAME_OVER,20,19,2,973,OSLA,OSLA
-1087574649,Checkers,0,GAME_OVER,36,35,2,974,OSLA,OSLA
1857917995,Checkers,0,GAME_OVER,36,35,2,975,OSLA,OSLA
916401127,Checkers,0,GAME_OVER,38,37,2,976,OSLA,OSLA
-316770195,Checkers,0,GAME_OVER,59,58,2,977,OSLA,OSLA
1529785066,Checkers,0,GAME_OVER,33,32,2,978,OSLA,OSLA
-1711131838,Checkers,0,GAME_OVER,19,18,2,979,OSLA,OSLA
-1296714322,Checkers,0,GAME_OVER,65,64,2,980,OSLA,OSLA
-1163081493,Checkers,0,GAME_OVER,51,50,2,981,OSLA,OSLA
-777583686,Checkers,0,GAME_OVER,126,125,2,982,OSLA,OSLA
1930129797,Checkers,0,GAME_OVER,94,93,2,983,OSLA,OSLA
-571651676,Checkers,0,GAME_OVER,56,55,2,984,OSLA,OSLA
563723613,Checkers,0,GAME_OVER,39,38,2,985,OSLA,OSLA
1842356038,Checkers,0,GAME_OVER,32,31,2,986,OSLA,OSLA
-664480686,Checkers,0,GAME_OVER,33,32,2,987,OSLA,OSLA
-1824489785,Checkers,0,GAME_OVER,21,20,2,988,OSLA,OSLA
1809196511,Checkers,0,GAME_OVER,58,57,2,989,OSLA,OSLA
1031488773,Checkers,0,GAME_OVER,87,86,2,990,OSLA,OSLA
1897020361,Checkers,0,GAME_OVER,33,32,2,991,OSLA,OSLA
1189077792,Checkers,0,GAME_OVER,150,149,2,992,OSLA,OSLA
-690767993,Checkers,0,GAME_OVER,50,49,2,993,OSLA,OSLA
-1610962381,Checkers,0,GAME_OVER,20,19,2,994,OSLA,OSLA
1899979476,Checkers,0,GAME_OVER,44,43,2,995,OSLA,OSLA
-308341376,Checkers,0,GAME_OVER,37,36,2,996,OSLA,OSLA
-335497711,Checkers,0,GAME_OVER,79,78,2,997,OSLA,OSLA
-1469971297,Checkers,0,GAME_OVER,51,50,2,998,OSLA,OSLA
-1491543193,Checkers,0,GAME_OVER,21,20,2,999,OSLA,OSLA
-290634132,Checkers,0,GAME_OVER,32,31,2,1000,OSLA,OSLA
-1457384514,Checkers,0,GAME_OVER,87,86,2,1001,OSLA,OSLA
-787702671,Checkers,0,GAME_OVER,38,37,2,1002,RandomPlayerConfig,OSLA
-2062906404,Checkers,0,GAME_OVER,31,30,2,1003,RandomPlayerConfig,OSLA
-176736144,Checkers,0,GAME_OVER,31,30,2,1004,RandomPlayerConfig,OSLA
222647469,Checkers,0,GAME_OVER,31,30,2,1005,RandomPlayerConfig,OSLA
-586756155,Checkers,0,GAME_OVER,28,27,2,1006,RandomPlayerConfig,OSLA
1234647345,Checkers,0,GAME_OVER,39,38,2,1007,RandomPlayerConfig,OSLA
-2043222127,Checkers,0,GAME_OVER,38,37,2,1008,RandomPlayerConfig,OSLA
1038511446,Checkers,0,GAME_OVER,29,28,2,1009,RandomPlayerConfig,OSLA
404103070,Checkers,0,GAME_OVER,24,23,2,1010,RandomPlayerConfig,OSLA
-236095770,Checkers,0,GAME_OVER,34,33,2,1011,RandomPlayerConfig,OSLA
-635241784,Checkers,0,GAME_OVER,45,44,2,1012,RandomPlayerConfig,OSLA
-1219981600,Checkers,0,GAME_OVER,61,60,2,1013,RandomPlayerConfig,OSLA
-419788009,Checkers,0,GAME_OVER,26,25,2,1014,RandomPlayerConfig,OSLA
-2011432280,Checkers,0,GAME_OVER,34,33,2,1015,RandomPlayerConfig,OSLA
1893833513,Checkers,0,GAME_OVER,31,30,2,1016,RandomPlayerConfig,OSLA
-75069639,Checkers,0,GAME_OVER,31,30,2,1017,RandomPlayerConfig,OSLA
1806776348,Checkers,0,GAME_OVER,24,23,2,1018,RandomPlayerConfig,OSLA
411173053,Checkers,0,GAME_OVER,45,44,2,1019,RandomPlayerConfig,OSLA
2066352668,Checkers,0,GAME_OVER,37,36,2,1020,RandomPlayerConfig,OSLA
723274559,Checkers,0,GAME_OVER,31,30,2,1021,RandomPlayerConfig,OSLA
-1150974147,Checkers,0,GAME_OVER,23,22,2,1022,RandomPlayerConfig,OSLA
1622488392,Checkers,0,GAME_OVER,36,35,2,1023,RandomPlayerConfig,OSLA
-454292657,Checkers,0,GAME_OVER,43,42,2,1024,RandomPlayerConfig,OSLA
97536938,Checkers,0,GAME_OVER,32,31,2,1025,RandomPlayerConfig,OSLA
-566292283,Checkers,0,GAME_OVER,41,40,2,1026,RandomPlayerConfig,OSLA
1913023947,Checkers,0,GAME_OVER,30,29,2,1027,RandomPlayerConfig,OSLA
1143962093,Checkers,0,GAME_OVER,30,29,2,1028,RandomPlayerConfig,OSLA
602059816,Checkers,0,GAME_OVER,33,32,2,1029,RandomPlayerConfig,OSLA
141156107,Checkers,0,GAME_OVER,24,23,2,1030,RandomPlayerConfig,OSLA
-69601556,Checkers,0,GAME_OVER,32,31,2,1031,RandomPlayerConfig,OSLA
2134605072,Checkers,0,GAME_OVER,47,46,2,1032,RandomPlayerConfig,OSLA
-523306807,Checkers,0,GAME_OVER,39,38,2,1033,RandomPlayerConfig,OSLA
-2085127673,Checkers,0,GAME_OVER,33,32,2,1034,RandomPlayerConfig,OSLA
2047900283,Checkers,0,GAME_OVER,32,31,2,1035,RandomPlayerConfig,OSLA
1368919923,Checkers,0,GAME_OVER,43,42,2,1036,RandomPlayerConfig,OSLA
-1899080291,Checkers,0,GAME_OVER,37,36,2,1037,RandomPlayerConfig,OSLA
-1072916441,Checkers,0,GAME_OVER,36,35,2,1038,RandomPlayerConfig,OSLA
-1677082189,Checkers,0,GAME_OVER,33,32,2,1039,RandomPlayerConfig,OSLA
-1317810581,Checkers,0,GAME_OVER,29,28,2,1040,RandomPlayerConfig,OSLA
2081432730,Checkers,0,GAME_OVER,37,36,2,1041,RandomPlayerConfig,OSLA
263751779,Checkers,0,GAME_OVER,27,26,2,1042,RandomPlayerConfig,OSLA
563795903,Checkers,0,GAME_OVER,26,25,2,1043,RandomPlayerConfig,OSLA
1361265687,Checkers,0,GAME_OVER,24,23,2,1044,RandomPlayerConfig,OSLA
-226021949,Checkers,0,GAME_OVER,22,21,2,1045,RandomPlayerConfig,OSLA
554740110,Checkers,0,GAME_OVER,29,28,2,1046,RandomPlayerConfig,OSLA
686116992,Checkers,0,GAME_OVER,45,44,2,1047,RandomPlayerConfig,OSLA
1645093078,Checkers,0,GAME_OVER,35,34,2,1048,RandomPlayerConfig,OSLA
-411478649,Checkers,0,GAME_OVER,35,34,2,1049,RandomPlayerConfig,OSLA
1367048943,Checkers,0,GAME_OVER,37,36,2,1050,RandomPlayerConfig,OSLA
-2104117363,Checkers,0,GAME_OVER,30,29,2,1051,RandomPlayerConfig,OSLA
1521620985,Checkers,0,GAME_OVER,30,29,2,1052,RandomPlayerConfig,OSLA
1794198886,Checkers,0,GAME_OVER,41,40,2,1053,RandomPlayerConfig,OSLA
1421627920,Checkers,0,GAME_OVER,31,30,2,1054,RandomPlayerConfig,OSLA
1709927291,Checkers,0,GAME_OVER,30,29,2,1055,RandomPlayerConfig,OSLA
-945138759,Checkers,0,GAME_OVER,31,30,2,1056,RandomPlayerConfig,OSLA
-687330598,Checkers,0,GAME_OVER,34,33,2,1057,RandomPlayerConfig,OSLA
1191780821,Checkers,0,GAME_OVER,32,31,2,1058,RandomPlayerConfig,OSLA
-1689491107,Checkers,0,GAME_OVER,32,31,2,1059,RandomPlayerConfig,OSLA
1260762219,Checkers,0,GAME_OVER,32,31,2,1060,RandomPlayerConfig,OSLA
771164276,Checkers,0,GAME_OVER,24,23,2,1061,RandomPlayerConfig,OSLA
1451409103,Checkers,0,GAME_OVER,35,34,2,1062,RandomPlayerConfig,OSLA
2135673998,Checkers,0,GAME_OVER,42,41,2,1063,RandomPlayerConfig,OSLA
2116374257,Checkers,0,GAME_OVER,40,39,2,1064,RandomPlayerConfig,OSLA
1379865924,Checkers,0,GAME_OVER,32,31,2,1065,RandomPlayerConfig,OSLA
-1840833326,Checkers,0,GAME_OVER,32,31,2,1066,RandomPlayerConfig,OSLA
-1322121555,Checkers,0,GAME_OVER,32,31,2,1067,RandomPlayerConfig,OSLA
-1098916237,Checkers,0,GAME_OVER,30,29,2,1068,RandomPlayerConfig,OSLA
-1070025090,Checkers,0,GAME_OVER,42,41,2,1069,RandomPlayerConfig,OSLA
-1077149244,Checkers,0,GAME_OVER,40,39,2,1070,RandomPlayerConfig,OSLA
-1283320856,Checkers,0,GAME_OVER,35,34,2,1071,RandomPlayerConfig,OSLA
1530797391,Checkers,0,GAME_OVER,32,31,2,1072,RandomPlayerConfig,OSLA
37789529,Checkers,0,GAME_OVER,30,29,2,1073,RandomPlayerConfig,OSLA
330893752,Checkers,0,GAME_OVER,27,26,2,1074,RandomPlayerConfig,OSLA
-1696125059,Checkers,0,GAME_OVER,31,30,2,1075,RandomPlayerConfig,OSLA
-2119222963,Checkers,0,GAME_OVER,31,30,2,1076,RandomPlayerConfig,OSLA
985924410,Checkers,0,GAME_OVER,37,36,2,1077,RandomPlayerConfig,OSLA
1599428666,Checkers,0,GAME_OVER,33,32,2,1078,RandomPlayerConfig,OSLA
1152044158,Checkers,0,GAME_OVER,27,26,2,1079,RandomPlayerConfig,OSLA
-1210853609,Checkers,0,GAME_OVER,36,35,2,1080,RandomPlayerConfig,OSLA
802899473,Checkers,0,GAME_OVER,31,30,2,1081,RandomPlayerConfig,OSLA
1343130348,Checkers,0,GAME_OVER,31,30,2,1082,RandomPlayerConfig,OSLA
-1718954284,Checkers,0,GAME_OVER,27,26,2,1083,RandomPlayerConfig,OSLA
934369511,Checkers,0,GAME_OVER,33,32,2,1084,RandomPlayerConfig,OSLA
1161088771,Checkers,0,GAME_OVER,45,44,2,1085,RandomPlayerConfig,OSLA
954450257,Checkers,0,GAME_OVER,52,51,2,1086,RandomPlayerConfig,OSLA
-2000387963,Checkers,0,GAME_OVER,34,33,2,1087,RandomPlayerConfig,OSLA
-1173988222,Checkers,0,GAME_OVER,33,32,2,1088,RandomPlayerConfig,OSLA
-1459101367,Checkers,0,GAME_OVER,42,41,2,1089,RandomPlayerConfig,OSLA
249089512,Checkers,0,GAME_OVER,39,38,2,1090,RandomPlayerConfig,OSLA
-1717035207,Checkers,0,GAME_OVER,32,31,2,1091,RandomPlayerConfig,OSLA
-118184860,Checkers,0,GAME_OVER,33,32,2,1092,RandomPlayerConfig,OSLA
-1310613673,Checkers,0,GAME_OVER,26,25,2,1093,RandomPlayerConfig,OSLA
-1488788356,Checkers,0,GAME_OVER,37,36,2,1094,RandomPlayerConfig,OSLA
-464593415,Checkers,0,GAME_OVER,20,19,2,1095,RandomPlayerConfig,OSLA
-1413226436,Checkers,0,GAME_OVER,38,37,2,1096,RandomPlayerConfig,OSLA
1939643456,Checkers,0,GAME_OVER,40,39,2,1097,RandomPlayerConfig,OSLA
1375820218,Checkers,0,GAME_OVER,24,23,2,1098,RandomPlayerConfig,OSLA
-1403828422,Checkers,0,GAME_OVER,26,25,2,1099,RandomPlayerConfig,OSLA
-417068902,Checkers,0,GAME_OVER,27,26,2,1100,RandomPlayerConfig,OSLA
-67788968,Checkers,0,GAME_OVER,32,31,2,1101,RandomPlayerConfig,OSLA
-540391421,Checkers,0,GAME_OVER,29,28,2,1102,RandomPlayerConfig,OSLA
-1225135334,Checkers,0,GAME_OVER,30,29,2,1103,RandomPlayerConfig,OSLA
-1869790746,Checkers,0,GAME_OVER,31,30,2,1104,RandomPlayerConfig,OSLA
1765178906,Checkers,0,GAME_OVER,23,22,2,1105,RandomPlayerConfig,OSLA
1591487875,Checkers,0,GAME_OVER,28,27,2,1106,RandomPlayerConfig,OSLA
1229432296,Checkers,0,GAME_OVER,49,48,2,1107,RandomPlayerConfig,OSLA
180779668,Checkers,0,GAME_OVER,37,36,2,1108,RandomPlayerConfig,OSLA
1100623948,Checkers,0,GAME_OVER,28,27,2,1109,RandomPlayerConfig,OSLA
65197954,Checkers,0,GAME_OVER,26,25,2,1110,RandomPlayerConfig,OSLA
-967357718,Checkers,0,GAME_OVER,36,35,2,1111,RandomPlayerConfig,OSLA
-59033451,Checkers,0,GAME_OVER,38,37,2,1112,RandomPlayerConfig,OSLA
-1768193439,Checkers,0,GAME_OVER,29,28,2,1113,RandomPlayerConfig,OSLA
317665018,Checkers,0,GAME_OVER,28,27,2,1114,RandomPlayerConfig,OSLA
1930999641,Checkers,0,GAME_OVER,31,30,2,1115,RandomPlayerConfig,OSLA
1398557200,Checkers,0,GAME_OVER,28,27,2,1116,RandomPlayerConfig,OSLA
-1231943139,Checkers,0,GAME_OVER,37,36,2,1117,RandomPlayerConfig,OSLA
1111931496,Checkers,0,GAME_OVER,39,38,2,1118,RandomPlayerConfig,OSLA
2126483888,Checkers,0,GAME_OVER,34,33,2,1119,RandomPlayerConfig,OSLA
-1513206447,Checkers,0,GAME_OVER,28,27,2,1120,RandomPlayerConfig,OSLA
2132230527,Checkers,0,GAME_OVER,30,29,2,1121,RandomPlayerConfig,OSLA
667478247,Checkers,0,GAME_OVER,39,38,2,1122,RandomPlayerConfig,OSLA
650656037,Checkers,0,GAME_OVER,24,23,2,1123,RandomPlayerConfig,OSLA
1038369793,Checkers,0,GAME_OVER,32,31,2,1124,RandomPlayerConfig,OSLA
-169350182,Checkers,0,GAME_OVER,39,38,2,1125,RandomPlayerConfig,OSLA
1190492793,Checkers,0,GAME_OVER,38,37,2,1126,RandomPlayerConfig,OSLA
1994238327,Checkers,0,GAME_OVER,25,24,2,1127,RandomPlayerConfig,OSLA
1234412951,Checkers,0,GAME_OVER,34,33,2,1128,RandomPlayerConfig,OSLA
848570692,Checkers,0,GAME_OVER,29,28,2,1129,RandomPlayerConfig,OSLA
1518377384,Checkers,0,GAME_OVER,52,51,2,1130,RandomPlayerConfig,OSLA
-1739368726,Checkers,0,GAME_OVER,39,38,2,1131,RandomPlayerConfig,OSLA
2029167886,Checkers,0,GAME_OVER,40,39,2,1132,RandomPlayerConfig,OSLA
194174004,Checkers,0,GAME_OVER,36,35,2,1133,RandomPlayerConfig,OSLA
1578531405,Checkers,0,GAME_OVER,29,28,2,1134,RandomPlayerConfig,OSLA
-23968113,Checkers,0,GAME_OVER,27,26,2,1135,RandomPlayerConfig,OSLA
1126735320,Checkers,0,GAME_OVER,28,27,2,1136,RandomPlayerConfig,OSLA
2071151974,Checkers,0,GAME_OVER,43,42,2,1137,RandomPlayerConfig,OSLA
-1531342417,Checkers,0,GAME_OVER,27,26,2,1138,RandomPlayerConfig,OSLA
-1643583799,Checkers,0,GAME_OVER,37,36,2,1139,RandomPlayerConfig,OSLA
-658252783,Checkers,0,GAME_OVER,31,30,2,1140,RandomPlayerConfig,OSLA
-1993213438,Checkers,0,GAME_OVER,35,34,2,1141,RandomPlayerConfig,OSLA
994294735,Checkers,0,GAME_OVER,36,35,2,1142,RandomPlayerConfig,OSLA
639724555,Checkers,0,GAME_OVER,42,41,2,1143,RandomPlayerConfig,OSLA
-1515768840,Checkers,0,GAME_OVER,27,26,2,1144,RandomPlayerConfig,OSLA
1197774844,Checkers,0,GAME_OVER,34,33,2,1145,RandomPlayerConfig,OSLA
-700194303,Checkers,0,GAME_OVER,33,32,2,1146,RandomPlayerConfig,OSLA
1421522406,Checkers,0,GAME_OVER,62,61,2,1147,RandomPlayerConfig,OSLA
284499098,Checkers,0,GAME_OVER,34,33,2,1148,RandomPlayerConfig,OSLA
2067913917,Checkers,0,GAME_OVER,36,35,2,1149,RandomPlayerConfig,OSLA
1274476222,Checkers,0,GAME_OVER,37,36,2,1150,RandomPlayerConfig,OSLA
-1763966910,Checkers,0,GAME_OVER,30,29,2,1151,RandomPlayerConfig,OSLA
-1115340337,Checkers,0,GAME_OVER,25,24,2,1152,RandomPlayerConfig,OSLA
-725483005,Checkers,0,GAME_OVER,38,37,2,1153,RandomPlayerConfig,OSLA
-407610696,Checkers,0,GAME_OVER,31,30,2,1154,RandomPlayerConfig,OSLA
1998316779,Checkers,0,GAME_OVER,26,25,2,1155,RandomPlayerConfig,OSLA
-187907734,Checkers,0,GAME_OVER,49,48,2,1156,RandomPlayerConfig,OSLA
-1636989691,Checkers,0,GAME_OVER,37,36,2,1157,RandomPlayerConfig,OSLA
-653066449,Checkers,0,GAME_OVER,32,31,2,1158,RandomPlayerConfig,OSLA
-893947569,Checkers,0,GAME_OVER,31,30,2,1159,RandomPlayerConfig,OSLA
-1611626581,Checkers,0,GAME_OVER,34,33,2,1160,RandomPlayerConfig,OSLA
472824794,Checkers,0,GAME_OVER,38,37,2,1161,RandomPlayerConfig,OSLA
1334696323,Checkers,0,GAME_OVER,34,33,2,1162,RandomPlayerConfig,OSLA
450778245,Checkers,0,GAME_OVER,22,21,2,1163,RandomPlayerConfig,OSLA
1916567288,Checkers,0,GAME_OVER,29,28,2,1164,RandomPlayerConfig,OSLA
-958604006,Checkers,0,GAME_OVER,33,32,2,1165,RandomPlayerConfig,OSLA
12811273,Checkers,0,GAME_OVER,26,25,2,1166,RandomPlayerConfig,OSLA
-1400542831,Checkers,0,GAME_OVER,29,28,2,1167,RandomPlayerConfig,OSLA
-726563124,Checkers,0,GAME_OVER,30,29,2,1168,RandomPlayerConfig,OSLA
1685937605,Checkers,0,GAME_OVER,26,25,2,1169,RandomPlayerConfig,OSLA
2094393377,Checkers,0,GAME_OVER,39,38,2,1170,RandomPlayerConfig,OSLA
-2040454682,Checkers,0,GAME_OVER,41,40,2,1171,RandomPlayerConfig,OSLA
386360815,Checkers,0,GAME_OVER,31,30,2,1172,RandomPlayerConfig,OSLA
94554467,Checkers,0,GAME_OVER,37,36,2,1173,RandomPlayerConfig,OSLA
-1087574649,Checkers,0,GAME_OVER,33,32,2,1174,RandomPlayerConfig,OSLA
1857917995,Checkers,0,GAME_OVER,34,33,2,1175,RandomPlayerConfig,OSLA
916401127,Checkers,0,GAME_OVER,35,34,2,1176,RandomPlayerConfig,OSLA
-316770195,Checkers,0,GAME_OVER,36,35,2,1177,RandomPlayerConfig,OSLA
1529785066,Checkers,0,GAME_OVER,45,44,2,1178,RandomPlayerConfig,OSLA
-1711131838,Checkers,0,GAME_OVER,40,39,2,1179,RandomPlayerConfig,OSLA
-1296714322,Checkers,0,GAME_OVER,27,26,2,1180,RandomPlayerConfig,OSLA
-1163081493,Checkers,0,GAME_OVER,29,28,2,1181,RandomPlayerConfig,OSLA
-777583686,Checkers,0,GAME_OVER,54,53,2,1182,RandomPlayerConfig,OSLA
1930129797,Checkers,0,GAME_OVER,26,25,2,1183,RandomPlayerConfig,OSLA
-571651676,Checkers,0,GAME_OVER,36,35,2,1184,RandomPlayerConfig,OSLA
563723613,Checkers,0,GAME_OVER,35,34,2,1185,RandomPlayerConfig,OSLA
1842356038,Checkers,0,GAME_OVER,31,30,2,1186,RandomPlayerConfig,OSLA
-664480686,Checkers,0,GAME_OVER,41,40,2,1187,RandomPlayerConfig,OSLA
-1824489785,Checkers,0,GAME_OVER,42,41,2,1188,RandomPlayerConfig,OSLA
1809196511,Checkers,0,GAME_OVER,41,40,2,1189,RandomPlayerConfig,OSLA
1031488773,Checkers,0,GAME_OVER,35,34,2,1190,RandomPlayerConfig,OSLA
1897020361,Checkers,0,GAME_OVER,38,37,2,1191,RandomPlayerConfig,OSLA
1189077792,Checkers,0,GAME_OVER,27,26,2,1192,RandomPlayerConfig,OSLA
-690767993,Checkers,0,GAME_OVER,28,27,2,1193,RandomPlayerConfig,OSLA
-1610962381,Checkers,0,GAME_OVER,38,37,2,1194,RandomPlayerConfig,OSLA
1899979476,Checkers,0,GAME_OVER,30,29,2,1195,RandomPlayerConfig,OSLA
-308341376,Checkers,0,GAME_OVER,34,33,2,1196,RandomPlayerConfig,OSLA
-335497711,Checkers,0,GAME_OVER,29,28,2,1197,RandomPlayerConfig,OSLA
-1469971297,Checkers,0,GAME_OVER,33,32,2,1198,RandomPlayerConfig,OSLA
-1491543193,Checkers,0,GAME_OVER,29,28,2,1199,RandomPlayerConfig,OSLA
-290634132,Checkers,0,GAME_OVER,32,31,2,1200,RandomPlayerConfig,OSLA
-1457384514,Checkers,0,GAME_OVER,34,33,2,1201,RandomPlayerConfig,OSLA
-787702671,Checkers,0,GAME_OVER,29,28,2,1202,MCTS_CheckersHeuristic,RandomPlayerConfig
-2062906404,Checkers,0,GAME_OVER,43,42,2,1203,MCTS_CheckersHeuristic,RandomPlayerConfig
-176736144,Checkers,0,GAME_OVER,37,36,2,1204,MCTS_CheckersHeuristic,RandomPlayerConfig
222647469,Checkers,0,GAME_OVER,31,30,2,1205,MCTS_CheckersHeuristic,RandomPlayerConfig
-586756155,Checkers,0,GAME_OVER,36,35,2,1206,MCTS_CheckersHeuristic,RandomPlayerConfig
1234647345,Checkers,0,GAME_OVER,30,29,2,1207,MCTS_CheckersHeuristic,RandomPlayerConfig
-2043222127,Checkers,0,GAME_OVER,31,30,2,1208,MCTS_CheckersHeuristic,RandomPlayerConfig
1038511446,Checkers,0,GAME_OVER,32,31,2,1209,MCTS_CheckersHeuristic,RandomPlayerConfig
404103070,Checkers,0,GAME_OVER,39,38,2,1210,MCTS_CheckersHeuristic,RandomPlayerConfig
-236095770,Checkers,0,GAME_OVER,29,28,2,1211,MCTS_CheckersHeuristic,RandomPlayerConfig
-635241784,Checkers,0,GAME_OVER,37,36,2,1212,MCTS_CheckersHeuristic,RandomPlayerConfig
-1219981600,Checkers,0,GAME_OVER,30,29,2,1213,MCTS_CheckersHeuristic,RandomPlayerConfig
-419788009,Checkers,0,GAME_OVER,30,29,2,1214,MCTS_CheckersHeuristic,RandomPlayerConfig
-2011432280,Checkers,0,GAME_OVER,36,35,2,1215,MCTS_CheckersHeuristic,RandomPlayerConfig
1893833513,Checkers,0,GAME_OVER,25,24,2,1216,MCTS_CheckersHeuristic,RandomPlayerConfig
-75069639,Checkers,0,GAME_OVER,48,47,2,1217,MCTS_CheckersHeuristic,RandomPlayerConfig
1806776348,Checkers,0,GAME_OVER,30,29,2,1218,MCTS_CheckersHeuristic,RandomPlayerConfig
411173053,Checkers,0,GAME_OVER,26,25,2,1219,MCTS_CheckersHeuristic,RandomPlayerConfig
2066352668,Checkers,0,GAME_OVER,31,30,2,1220,MCTS_CheckersHeuristic,RandomPlayerConfig
723274559,Checkers,0,GAME_OVER,27,26,2,1221,MCTS_CheckersHeuristic,RandomPlayerConfig
-1150974147,Checkers,0,GAME_OVER,54,53,2,1222,MCTS_CheckersHeuristic,RandomPlayerConfig
1622488392,Checkers,0,GAME_OVER,33,32,2,1223,MCTS_CheckersHeuristic,RandomPlayerConfig
-454292657,Checkers,0,GAME_OVER,27,26,2,1224,MCTS_CheckersHeuristic,RandomPlayerConfig
97536938,Checkers,0,GAME_OVER,32,31,2,1225,MCTS_CheckersHeuristic,RandomPlayerConfig
-566292283,Checkers,0,GAME_OVER,35,34,2,1226,MCTS_CheckersHeuristic,RandomPlayerConfig
1913023947,Checkers,0,GAME_OVER,34,33,2,1227,MCTS_CheckersHeuristic,RandomPlayerConfig
1143962093,Checkers,0,GAME_OVER,29,28,2,1228,MCTS_CheckersHeuristic,RandomPlayerConfig
602059816,Checkers,0,GAME_OVER,32,31,2,1229,MCTS_CheckersHeuristic,RandomPlayerConfig
141156107,Checkers,0,GAME_OVER,30,29,2,1230,MCTS_CheckersHeuristic,RandomPlayerConfig
-69601556,Checkers,0,GAME_OVER,40,39,2,1231,MCTS_CheckersHeuristic,RandomPlayerConfig
2134605072,Checkers,0,GAME_OVER,28,27,2,1232,MCTS_CheckersHeuristic,RandomPlayerConfig
-523306807,Checkers,0,GAME_OVER,34,33,2,1233,MCTS_CheckersHeuristic,RandomPlayerConfig
-2085127673,Checkers,0,GAME_OVER,31,30,2,1234,MCTS_CheckersHeuristic,RandomPlayerConfig
2047900283,Checkers,0,GAME_OVER,30,29,2,1235,MCTS_CheckersHeuristic,RandomPlayerConfig
1368919923,Checkers,0,GAME_OVER,40,39,2,1236,MCTS_CheckersHeuristic,RandomPlayerConfig
-1899080291,Checkers,0,GAME_OVER,37,36,2,1237,MCTS_CheckersHeuristic,RandomPlayerConfig
-1072916441,Checkers,0,GAME_OVER,35,34,2,1238,MCTS_CheckersHeuristic,RandomPlayerConfig
-1677082189,Checkers,0,GAME_OVER,30,29,2,1239,MCTS_CheckersHeuristic,RandomPlayerConfig
-1317810581,Checkers,0,GAME_OVER,35,34,2,1240,MCTS_CheckersHeuristic,RandomPlayerConfig
2081432730,Checkers,0,GAME_OVER,44,43,2,1241,MCTS_CheckersHeuristic,RandomPlayerConfig
263751779,Checkers,0,GAME_OVER,37,36,2,1242,MCTS_CheckersHeuristic,RandomPlayerConfig
563795903,Checkers,0,GAME_OVER,31,30,2,1243,MCTS_CheckersHeuristic,RandomPlayerConfig
1361265687,Checkers,0,GAME_OVER,28,27,2,1244,MCTS_CheckersHeuristic,RandomPlayerConfig
-226021949,Checkers,0,GAME_OVER,25,24,2,1245,MCTS_CheckersHeuristic,RandomPlayerConfig
554740110,Checkers,0,GAME_OVER,40,39,2,1246,MCTS_CheckersHeuristic,RandomPlayerConfig
686116992,Checkers,0,GAME_OVER,27,26,2,1247,MCTS_CheckersHeuristic,RandomPlayerConfig
1645093078,Checkers,0,GAME_OVER,34,33,2,1248,MCTS_CheckersHeuristic,RandomPlayerConfig
-411478649,Checkers,0,GAME_OVER,36,35,2,1249,MCTS_CheckersHeuristic,RandomPlayerConfig
1367048943,Checkers,0,GAME_OVER,26,25,2,1250,MCTS_CheckersHeuristic,RandomPlayerConfig
-2104117363,Checkers,0,GAME_OVER,31,30,2,1251,MCTS_CheckersHeuristic,RandomPlayerConfig
1521620985,Checkers,0,GAME_OVER,30,29,2,1252,MCTS_CheckersHeuristic,RandomPlayerConfig
1794198886,Checkers,0,GAME_OVER,27,26,2,1253,MCTS_CheckersHeuristic,RandomPlayerConfig
1421627920,Checkers,0,GAME_OVER,35,34,2,1254,MCTS_CheckersHeuristic,RandomPlayerConfig
1709927291,Checkers,0,GAME_OVER,32,31,2,1255,MCTS_CheckersHeuristic,RandomPlayerConfig
-945138759,Checkers,0,GAME_OVER,40,39,2,1256,MCTS_CheckersHeuristic,RandomPlayerConfig
-687330598,Checkers,0,GAME_OVER,28,27,2,1257,MCTS_CheckersHeuristic,RandomPlayerConfig
1191780821,Checkers,0,GAME_OVER,33,32,2,1258,MCTS_CheckersHeuristic,RandomPlayerConfig
-1689491107,Checkers,0,GAME_OVER,33,32,2,1259,MCTS_CheckersHeuristic,RandomPlayerConfig
1260762219,Checkers,0,GAME_OVER,36,35,2,1260,MCTS_CheckersHeuristic,RandomPlayerConfig
771164276,Checkers,0,GAME_OVER,32,31,2,1261,MCTS_CheckersHeuristic,RandomPlayerConfig
1451409103,Checkers,0,GAME_OVER,28,27,2,1262,MCTS_CheckersHeuristic,RandomPlayerConfig
2135673998,Checkers,0,GAME_OVER,33,32,2,1263,MCTS_CheckersHeuristic,RandomPlayerConfig
2116374257,Checkers,0,GAME_OVER,36,35,2,1264,MCTS_CheckersHeuristic,RandomPlayerConfig
1379865924,Checkers,0,GAME_OVER,31,30,2,1265,MCTS_CheckersHeuristic,RandomPlayerConfig
-1840833326,Checkers,0,GAME_OVER,29,28,2,1266,MCTS_CheckersHeuristic,RandomPlayerConfig
-1322121555,Checkers,0,GAME_OVER,28,27,2,1267,MCTS_CheckersHeuristic,RandomPlayerConfig
-1098916237,Checkers,0,GAME_OVER,32,31,2,1268,MCTS_CheckersHeuristic,RandomPlayerConfig
-1070025090,Checkers,0,GAME_OVER,32,31,2,1269,MCTS_CheckersHeuristic,RandomPlayerConfig
-1077149244,Checkers,0,GAME_OVER,31,30,2,1270,MCTS_CheckersHeuristic,RandomPlayerConfig
-1283320856,Checkers,0,GAME_OVER,29,28,2,1271,MCTS_CheckersHeuristic,RandomPlayerConfig
1530797391,Checkers,0,GAME_OVER,36,35,2,1272,MCTS_CheckersHeuristic,RandomPlayerConfig
37789529,Checkers,0,GAME_OVER,35,34,2,1273,MCTS_CheckersHeuristic,RandomPlayerConfig
330893752,Checkers,0,GAME_OVER,32,31,2,1274,MCTS_CheckersHeuristic,RandomPlayerConfig
-1696125059,Checkers,0,GAME_OVER,34,33,2,1275,MCTS_CheckersHeuristic,RandomPlayerConfig
-2119222963,Checkers,0,GAME_OVER,32,31,2,1276,MCTS_CheckersHeuristic,RandomPlayerConfig
985924410,Checkers,0,GAME_OVER,30,29,2,1277,MCTS_CheckersHeuristic,RandomPlayerConfig
1599428666,Checkers,0,GAME_OVER,51,50,2,1278,MCTS_CheckersHeuristic,RandomPlayerConfig
1152044158,Checkers,0,GAME_OVER,30,29,2,1279,MCTS_CheckersHeuristic,RandomPlayerConfig
-1210853609,Checkers,0,GAME_OVER,28,27,2,1280,MCTS_CheckersHeuristic,RandomPlayerConfig
802899473,Checkers,0,GAME_OVER,29,28,2,1281,MCTS_CheckersHeuristic,RandomPlayerConfig
1343130348,Checkers,0,GAME_OVER,34,33,2,1282,MCTS_CheckersHeuristic,RandomPlayerConfig
-1718954284,Checkers,0,GAME_OVER,38,37,2,1283,MCTS_CheckersHeuristic,RandomPlayerConfig
934369511,Checkers,0,GAME_OVER,39,38,2,1284,MCTS_CheckersHeuristic,RandomPlayerConfig
1161088771,Checkers,0,GAME_OVER,32,31,2,1285,MCTS_CheckersHeuristic,RandomPlayerConfig
954450257,Checkers,0,GAME_OVER,36,35,2,1286,MCTS_CheckersHeuristic,RandomPlayerConfig
-2000387963,Checkers,0,GAME_OVER,30,29,2,1287,MCTS_CheckersHeuristic,RandomPlayerConfig
-1173988222,Checkers,0,GAME_OVER,33,32,2,1288,MCTS_CheckersHeuristic,RandomPlayerConfig
-1459101367,Checkers,0,GAME_OVER,31,30,2,1289,MCTS_CheckersHeuristic,RandomPlayerConfig
249089512,Checkers,0,GAME_OVER,30,29,2,1290,MCTS_CheckersHeuristic,RandomPlayerConfig
-1717035207,Checkers,0,GAME_OVER,36,35,2,1291,MCTS_CheckersHeuristic,RandomPlayerConfig
-118184860,Checkers,0,GAME_OVER,35,34,2,1292,MCTS_CheckersHeuristic,RandomPlayerConfig
-1310613673,Checkers,0,GAME_OVER,28,27,2,1293,MCTS_CheckersHeuristic,RandomPlayerConfig
-1488788356,Checkers,0,GAME_OVER,31,30,2,1294,MCTS_CheckersHeuristic,RandomPlayerConfig
-464593415,Checkers,0,GAME_OVER,33,32,2,1295,MCTS_CheckersHeuristic,RandomPlayerConfig
-1413226436,Checkers,0,GAME_OVER,35,34,2,1296,MCTS_CheckersHeuristic,RandomPlayerConfig
1939643456,Checkers,0,GAME_OVER,29,28,2,1297,MCTS_CheckersHeuristic,RandomPlayerConfig
1375820218,Checkers,0,GAME_OVER,23,22,2,1298,MCTS_CheckersHeuristic,RandomPlayerConfig
-1403828422,Checkers,0,GAME_OVER,32,31,2,1299,MCTS_CheckersHeuristic,RandomPlayerConfig
-417068902,Checkers,0,GAME_OVER,40,39,2,1300,MCTS_CheckersHeuristic,RandomPlayerConfig
-67788968,Checkers,0,GAME_OVER,33,32,2,1301,MCTS_CheckersHeuristic,RandomPlayerConfig
-540391421,Checkers,0,GAME_OVER,33,32,2,1302,MCTS_CheckersHeuristic,RandomPlayerConfig
-1225135334,Checkers,0,GAME_OVER,37,36,2,1303,MCTS_CheckersHeuristic,RandomPlayerConfig
-1869790746,Checkers,0,GAME_OVER,31,30,2,1304,MCTS_CheckersHeuristic,RandomPlayerConfig
1765178906,Checkers,0,GAME_OVER,31,30,2,1305,MCTS_CheckersHeuristic,RandomPlayerConfig
1591487875,Checkers,0,GAME_OVER,31,30,2,1306,MCTS_CheckersHeuristic,RandomPlayerConfig
1229432296,Checkers,0,GAME_OVER,31,30,2,1307,MCTS_CheckersHeuristic,RandomPlayerConfig
180779668,Checkers,0,GAME_OVER,34,33,2,1308,MCTS_CheckersHeuristic,RandomPlayerConfig
1100623948,Checkers,0,GAME_OVER,26,25,2,1309,MCTS_CheckersHeuristic,RandomPlayerConfig
65197954,Checkers,0,GAME_OVER,32,31,2,1310,MCTS_CheckersHeuristic,RandomPlayerConfig
-967357718,Checkers,0,GAME_OVER,36,35,2,1311,MCTS_CheckersHeuristic,RandomPlayerConfig
-59033451,Checkers,0,GAME_OVER,34,33,2,1312,MCTS_CheckersHeuristic,RandomPlayerConfig
-1768193439,Checkers,0,GAME_OVER,22,21,2,1313,MCTS_CheckersHeuristic,RandomPlayerConfig
317665018,Checkers,0,GAME_OVER,30,29,2,1314,MCTS_CheckersHeuristic,RandomPlayerConfig
1930999641,Checkers,0,GAME_OVER,30,29,2,1315,MCTS_CheckersHeuristic,RandomPlayerConfig
1398557200,Checkers,0,GAME_OVER,29,28,2,1316,MCTS_CheckersHeuristic,RandomPlayerConfig
-1231943139,Checkers,0,GAME_OVER,24,23,2,1317,MCTS_CheckersHeuristic,RandomPlayerConfig
1111931496,Checkers,0,GAME_OVER,39,38,2,1318,MCTS_CheckersHeuristic,RandomPlayerConfig
2126483888,Checkers,0,GAME_OVER,38,37,2,1319,MCTS_CheckersHeuristic,RandomPlayerConfig
-1513206447,Checkers,0,GAME_OVER,28,27,2,1320,MCTS_CheckersHeuristic,RandomPlayerConfig
2132230527,Checkers,0,GAME_OVER,28,27,2,1321,MCTS_CheckersHeuristic,RandomPlayerConfig
667478247,Checkers,0,GAME_OVER,40,39,2,1322,MCTS_CheckersHeuristic,RandomPlayerConfig
650656037,Checkers,0,GAME_OVER,39,38,2,1323,MCTS_CheckersHeuristic,RandomPlayerConfig
1038369793,Checkers,0,GAME_OVER,37,36,2,1324,MCTS_CheckersHeuristic,RandomPlayerConfig
-169350182,Checkers,0,GAME_OVER,31,30,2,1325,MCTS_CheckersHeuristic,RandomPlayerConfig
1190492793,Checkers,0,GAME_OVER,36,35,2,1326,MCTS_CheckersHeuristic,RandomPlayerConfig
1994238327,Checkers,0,GAME_OVER,31,30,2,1327,MCTS_CheckersHeuristic,RandomPlayerConfig
1234412951,Checkers,0,GAME_OVER,34,33,2,1328,MCTS_CheckersHeuristic,RandomPlayerConfig
848570692,Checkers,0,GAME_OVER,30,29,2,1329,MCTS_CheckersHeuristic,RandomPlayerConfig
1518377384,Checkers,0,GAME_OVER,35,34,2,1330,MCTS_CheckersHeuristic,RandomPlayerConfig
-1739368726,Checkers,0,GAME_OVER,35,34,2,1331,MCTS_CheckersHeuristic,RandomPlayerConfig
2029167886,Checkers,0,GAME_OVER,30,29,2,1332,MCTS_CheckersHeuristic,RandomPlayerConfig
194174004,Checkers,0,GAME_OVER,33,32,2,1333,MCTS_CheckersHeuristic,RandomPlayerConfig
1578531405,Checkers,0,GAME_OVER,25,24,2,1334,MCTS_CheckersHeuristic,RandomPlayerConfig
-23968113,Checkers,0,GAME_OVER,26,25,2,1335,MCTS_CheckersHeuristic,RandomPlayerConfig
1126735320,Checkers,0,GAME_OVER,33,32,2,1336,MCTS_CheckersHeuristic,RandomPlayerConfig
2071151974,Checkers,0,GAME_OVER,29,28,2,1337,MCTS_CheckersHeuristic,RandomPlayerConfig
-1531342417,Checkers,0,GAME_OVER,25,24,2,1338,MCTS_CheckersHeuristic,RandomPlayerConfig
-1643583799,Checkers,0,GAME_OVER,27,26,2,1339,MCTS_CheckersHeuristic,RandomPlayerConfig
-658252783,Checkers,0,GAME_OVER,29,28,2,1340,MCTS_CheckersHeuristic,RandomPlayerConfig
-1993213438,Checkers,0,GAME_OVER,33,32,2,1341,MCTS_CheckersHeuristic,RandomPlayerConfig
994294735,Checkers,0,GAME_OVER,29,28,2,1342,MCTS_CheckersHeuristic,RandomPlayerConfig
639724555,Checkers,0,GAME_OVER,25,24,2,1343,MCTS_CheckersHeuristic,RandomPlayerConfig
-1515768840,Checkers,0,GAME_OVER,28,27,2,1344,MCTS_CheckersHeuristic,RandomPlayerConfig
1197774844,Checkers,0,GAME_OVER,26,25,2,1345,MCTS_CheckersHeuristic,RandomPlayerConfig
-700194303,Checkers,0,GAME_OVER,27,26,2,1346,MCTS_CheckersHeuristic,RandomPlayerConfig
1421522406,Checkers,0,GAME_OVER,33,32,2,1347,MCTS_CheckersHeuristic,RandomPlayerConfig
284499098,Checkers,0,GAME_OVER,27,26,2,1348,MCTS_CheckersHeuristic,RandomPlayerConfig
2067913917,Checkers,0,GAME_OVER,27,26,2,1349,MCTS_CheckersHeuristic,RandomPlayerConfig
1274476222,Checkers,0,GAME_OVER,28,27,2,1350,MCTS_CheckersHeuristic,RandomPlayerConfig
-1763966910,Checkers,0,GAME_OVER,26,25,2,1351,MCTS_CheckersHeuristic,RandomPlayerConfig
-1115340337,Checkers,0,GAME_OVER,32,31,2,1352,MCTS_CheckersHeuristic,RandomPlayerConfig
-725483005,Checkers,0,GAME_OVER,26,25,2,1353,MCTS_CheckersHeuristic,RandomPlayerConfig
-407610696,Checkers,0,GAME_OVER,38,37,2,1354,MCTS_CheckersHeuristic,RandomPlayerConfig
1998316779,Checkers,0,GAME_OVER,27,26,2,1355,MCTS_CheckersHeuristic,RandomPlayerConfig
-187907734,Checkers,0,GAME_OVER,30,29,2,1356,MCTS_CheckersHeuristic,RandomPlayerConfig
-1636989691,Checkers,0,GAME_OVER,30,29,2,1357,MCTS_CheckersHeuristic,RandomPlayerConfig
-653066449,Checkers,0,GAME_OVER,41,40,2,1358,MCTS_CheckersHeuristic,RandomPlayerConfig
-893947569,Checkers,0,GAME_OVER,35,34,2,1359,MCTS_CheckersHeuristic,RandomPlayerConfig
-1611626581,Checkers,0,GAME_OVER,30,29,2,1360,MCTS_CheckersHeuristic,RandomPlayerConfig
472824794,Checkers,0,GAME_OVER,36,35,2,1361,MCTS_CheckersHeuristic,RandomPlayerConfig
1334696323,Checkers,0,GAME_OVER,32,31,2,1362,MCTS_CheckersHeuristic,RandomPlayerConfig
450778245,Checkers,0,GAME_OVER,24,23,2,1363,MCTS_CheckersHeuristic,RandomPlayerConfig
1916567288,Checkers,0,GAME_OVER,36,35,2,1364,MCTS_CheckersHeuristic,RandomPlayerConfig
-958604006,Checkers,0,GAME_OVER,31,30,2,1365,MCTS_CheckersHeuristic,RandomPlayerConfig
12811273,Checkers,0,GAME_OVER,42,41,2,1366,MCTS_CheckersHeuristic,RandomPlayerConfig
-1400542831,Checkers,0,GAME_OVER,35,34,2,1367,MCTS_CheckersHeuristic,RandomPlayerConfig
-726563124,Checkers,0,GAME_OVER,27,26,2,1368,MCTS_CheckersHeuristic,RandomPlayerConfig
1685937605,Checkers,0,GAME_OVER,29,28,2,1369,MCTS_CheckersHeuristic,RandomPlayerConfig
2094393377,Checkers,0,GAME_OVER,36,35,2,1370,MCTS_CheckersHeuristic,RandomPlayerConfig
-2040454682,Checkers,0,GAME_OVER,32,31,2,1371,MCTS_CheckersHeuristic,RandomPlayerConfig
386360815,Checkers,0,GAME_OVER,39,38,2,1372,MCTS_CheckersHeuristic,RandomPlayerConfig
94554467,Checkers,0,GAME_OVER,35,34,2,1373,MCTS_CheckersHeuristic,RandomPlayerConfig
-1087574649,Checkers,0,GAME_OVER,29,28,2,1374,MCTS_CheckersHeuristic,RandomPlayerConfig
1857917995,Checkers,0,GAME_OVER,29,28,2,1375,MCTS_CheckersHeuristic,RandomPlayerConfig
916401127,Checkers,0,GAME_OVER,34,33,2,1376,MCTS_CheckersHeuristic,RandomPlayerConfig
-316770195,Checkers,0,GAME_OVER,31,30,2,1377,MCTS_CheckersHeuristic,RandomPlayerConfig
1529785066,Checkers,0,GAME_OVER,26,25,2,1378,MCTS_CheckersHeuristic,RandomPlayerConfig
-1711131838,Checkers,0,GAME_OVER,28,27,2,1379,MCTS_CheckersHeuristic,RandomPlayerConfig
-1296714322,Checkers,0,GAME_OVER,30,29,2,1380,MCTS_CheckersHeuristic,RandomPlayerConfig
-1163081493,Checkers,0,GAME_OVER,25,24,2,1381,MCTS_CheckersHeuristic,RandomPlayerConfig
-777583686,Checkers,0,GAME_OVER,35,34,2,1382,MCTS_CheckersHeuristic,RandomPlayerConfig
1930129797,Checkers,0,GAME_OVER,35,34,2,1383,MCTS_CheckersHeuristic,RandomPlayerConfig
-571651676,Checkers,0,GAME_OVER,31,30,2,1384,MCTS_CheckersHeuristic,RandomPlayerConfig
563723613,Checkers,0,GAME_OVER,31,30,2,1385,MCTS_CheckersHeuristic,RandomPlayerConfig
1842356038,Checkers,0,GAME_OVER,29,28,2,1386,MCTS_CheckersHeuristic,RandomPlayerConfig
-664480686,Checkers,0,GAME_OVER,39,38,2,1387,MCTS_CheckersHeuristic,RandomPlayerConfig
-1824489785,Checkers,0,GAME_OVER,27,26,2,1388,MCTS_CheckersHeuristic,RandomPlayerConfig
1809196511,Checkers,0,GAME_OVER,38,37,2,1389,MCTS_CheckersHeuristic,RandomPlayerConfig
1031488773,Checkers,0,GAME_OVER,30,29,2,1390,MCTS_CheckersHeuristic,RandomPlayerConfig
1897020361,Checkers,0,GAME_OVER,34,33,2,1391,MCTS_CheckersHeuristic,RandomPlayerConfig
1189077792,Checkers,0,GAME_OVER,32,31,2,1392,MCTS_CheckersHeuristic,RandomPlayerConfig
-690767993,Checkers,0,GAME_OVER,32,31,2,1393,MCTS_CheckersHeuristic,RandomPlayerConfig
-1610962381,Checkers,0,GAME_OVER,26,25,2,1394,MCTS_CheckersHeuristic,RandomPlayerConfig
1899979476,Checkers,0,GAME_OVER,27,26,2,1395,MCTS_CheckersHeuristic,RandomPlayerConfig
-308341376,Checkers,0,GAME_OVER,32,31,2,1396,MCTS_CheckersHeuristic,RandomPlayerConfig
-335497711,Checkers,0,GAME_OVER,34,33,2,1397,MCTS_CheckersHeuristic,RandomPlayerConfig
-1469971297,Checkers,0,GAME_OVER,27,26,2,1398,MCTS_CheckersHeuristic,RandomPlayerConfig
-1491543193,Checkers,0,GAME_OVER,33,32,2,1399,MCTS_CheckersHeuristic,RandomPlayerConfig
-290634132,Checkers,0,GAME_OVER,26,25,2,1400,MCTS_CheckersHeuristic,RandomPlayerConfig
-1457384514,Checkers,0,GAME_OVER,44,43,2,1401,MCTS_CheckersHeuristic,RandomPlayerConfig
-787702671,Checkers,0,GAME_OVER,24,23,2,1402,OSLA,RandomPlayerConfig
-2062906404,Checkers,0,GAME_OVER,41,40,2,1403,OSLA,RandomPlayerConfig
-176736144,Checkers,0,GAME_OVER,26,25,2,1404,OSLA,RandomPlayerConfig
222647469,Checkers,0,GAME_OVER,30,29,2,1405,OSLA,RandomPlayerConfig
-586756155,Checkers,0,GAME_OVER,35,34,2,1406,OSLA,RandomPlayerConfig
1234647345,Checkers,0,GAME_OVER,27,26,2,1407,OSLA,RandomPlayerConfig
-2043222127,Checkers,0,GAME_OVER,31,30,2,1408,OSLA,RandomPlayerConfig
1038511446,Checkers,0,GAME_OVER,26,25,2,1409,OSLA,RandomPlayerConfig
404103070,Checkers,0,GAME_OVER,31,30,2,1410,OSLA,RandomPlayerConfig
-236095770,Checkers,0,GAME_OVER,27,26,2,1411,OSLA,RandomPlayerConfig
-635241784,Checkers,0,GAME_OVER,38,37,2,1412,OSLA,RandomPlayerConfig
-1219981600,Checkers,0,GAME_OVER,37,36,2,1413,OSLA,RandomPlayerConfig
-419788009,Checkers,0,GAME_OVER,46,45,2,1414,OSLA,RandomPlayerConfig
-2011432280,Checkers,0,GAME_OVER,23,22,2,1415,OSLA,RandomPlayerConfig
1893833513,Checkers,0,GAME_OVER,31,30,2,1416,OSLA,RandomPlayerConfig
-75069639,Checkers,0,GAME_OVER,35,34,2,1417,OSLA,RandomPlayerConfig
1806776348,Checkers,0,GAME_OVER,31,30,2,1418,OSLA,RandomPlayerConfig
411173053,Checkers,0,GAME_OVER,29,28,2,1419,OSLA,RandomPlayerConfig
2066352668,Checkers,0,GAME_OVER,58,57,2,1420,OSLA,RandomPlayerConfig
723274559,Checkers,0,GAME_OVER,32,31,2,1421,OSLA,RandomPlayerConfig
-1150974147,Checkers,0,GAME_OVER,27,26,2,1422,OSLA,RandomPlayerConfig
1622488392,Checkers,0,GAME_OVER,32,31,2,1423,OSLA,RandomPlayerConfig
-454292657,Checkers,0,GAME_OVER,35,34,2,1424,OSLA,RandomPlayerConfig
97536938,Checkers,0,GAME_OVER,22,21,2,1425,OSLA,RandomPlayerConfig
-566292283,Checkers,0,GAME_OVER,32,31,2,1426,OSLA,RandomPlayerConfig
1913023947,Checkers,0,GAME_OVER,29,28,2,1427,OSLA,RandomPlayerConfig
1143962093,Checkers,0,GAME_OVER,33,32,2,1428,OSLA,RandomPlayerConfig
602059816,Checkers,0,GAME_OVER,23,22,2,1429,OSLA,RandomPlayerConfig
141156107,Checkers,0,GAME_OVER,30,29,2,1430,OSLA,RandomPlayerConfig
-69601556,Checkers,0,GAME_OVER,30,29,2,1431,OSLA,RandomPlayerConfig
2134605072,Checkers,0,GAME_OVER,26,25,2,1432,OSLA,RandomPlayerConfig
-523306807,Checkers,0,GAME_OVER,28,27,2,1433,OSLA,RandomPlayerConfig
-2085127673,Checkers,0,GAME_OVER,32,31,2,1434,OSLA,RandomPlayerConfig
2047900283,Checkers,0,GAME_OVER,40,39,2,1435,OSLA,RandomPlayerConfig
1368919923,Checkers,0,GAME_OVER,30,29,2,1436,OSLA,RandomPlayerConfig
-1899080291,Checkers,0,GAME_OVER,49,48,2,1437,OSLA,RandomPlayerConfig
-1072916441,Checkers,0,GAME_OVER,40,39,2,1438,OSLA,RandomPlayerConfig
-1677082189,Checkers,0,GAME_OVER,24,23,2,1439,OSLA,RandomPlayerConfig
-1317810581,Checkers,0,GAME_OVER,33,32,2,1440,OSLA,RandomPlayerConfig
2081432730,Checkers,0,GAME_OVER,31,30,2,1441,OSLA,RandomPlayerConfig
263751779,Checkers,0,GAME_OVER,54,53,2,1442,OSLA,RandomPlayerConfig
563795903,Checkers,0,GAME_OVER,29,28,2,1443,OSLA,RandomPlayerConfig
1361265687,Checkers,0,GAME_OVER,32,31,2,1444,OSLA,RandomPlayerConfig
-226021949,Checkers,0,GAME_OVER,34,33,2,1445,OSLA,RandomPlayerConfig
554740110,Checkers,0,GAME_OVER,27,26,2,1446,OSLA,RandomPlayerConfig
686116992,Checkers,0,GAME_OVER,30,29,2,1447,OSLA,RandomPlayerConfig
1645093078,Checkers,0,GAME_OVER,30,29,2,1448,OSLA,RandomPlayerConfig
-411478649,Checkers,0,GAME_OVER,26,25,2,1449,OSLA,RandomPlayerConfig
1367048943,Checkers,0,GAME_OVER,29,28,2,1450,OSLA,RandomPlayerConfig
-2104117363,Checkers,0,GAME_OVER,48,47,2,1451,OSLA,RandomPlayerConfig
1521620985,Checkers,0,GAME_OVER,25,24,2,1452,OSLA,RandomPlayerConfig
1794198886,Checkers,0,GAME_OVER,32,31,2,1453,OSLA,RandomPlayerConfig
1421627920,Checkers,0,GAME_OVER,43,42,2,1454,OSLA,RandomPlayerConfig
1709927291,Checkers,0,GAME_OVER,31,30,2,1455,OSLA,RandomPlayerConfig
-945138759,Checkers,0,GAME_OVER,25,24,2,1456,OSLA,RandomPlayerConfig
-687330598,Checkers,0,GAME_OVER,35,34,2,1457,OSLA,RandomPlayerConfig
1191780821,Checkers,0,GAME_OVER,25,24,2,1458,OSLA,RandomPlayerConfig
-1689491107,Checkers,0,GAME_OVER,27,26,2,1459,OSLA,RandomPlayerConfig
1260762219,Checkers,0,GAME_OVER,31,30,2,1460,OSLA,RandomPlayerConfig
771164276,Checkers,0,GAME_OVER,35,34,2,1461,OSLA,RandomPlayerConfig
1451409103,Checkers,0,GAME_OVER,23,22,2,1462,OSLA,RandomPlayerConfig
2135673998,Checkers,0,GAME_OVER,51,50,2,1463,OSLA,RandomPlayerConfig
2116374257,Checkers,0,GAME_OVER,34,33,2,1464,OSLA,RandomPlayerConfig
1379865924,Checkers,0,GAME_OVER,35,34,2,1465,OSLA,RandomPlayerConfig
-1840833326,Checkers,0,GAME_OVER,29,28,2,1466,OSLA,RandomPlayerConfig
-1322121555,Checkers,0,GAME_OVER,30,29,2,1467,OSLA,RandomPlayerConfig
-1098916237,Checkers,0,GAME_OVER,35,34,2,1468,OSLA,RandomPlayerConfig
-1070025090,Checkers,0,GAME_OVER,33,32,2,1469,OSLA,RandomPlayerConfig
-1077149244,Checkers,0,GAME_OVER,35,34,2,1470,OSLA,RandomPlayerConfig
-1283320856,Checkers,0,GAME_OVER,51,50,2,1471,OSLA,RandomPlayerConfig
1530797391,Checkers,0,GAME_OVER,24,23,2,1472,OSLA,RandomPlayerConfig
37789529,Checkers,0,GAME_OVER,29,28,2,1473,OSLA,RandomPlayerConfig
330893752,Checkers,0,GAME_OVER,28,27,2,1474,OSLA,RandomPlayerConfig
-1696125059,Checkers,0,GAME_OVER,33,32,2,1475,OSLA,RandomPlayerConfig
-2119222963,Checkers,0,GAME_OVER,25,24,2,1476,OSLA,RandomPlayerConfig
985924410,Checkers,0,GAME_OVER,32,31,2,1477,OSLA,RandomPlayerConfig
1599428666,Checkers,0,GAME_OVER,59,58,2,1478,OSLA,RandomPlayerConfig
1152044158,Checkers,0,GAME_OVER,27,26,2,1479,OSLA,RandomPlayerConfig
-1210853609,Checkers,0,GAME_OVER,28,27,2,1480,OSLA,RandomPlayerConfig
802899473,Checkers,0,GAME_OVER,32,31,2,1481,OSLA,RandomPlayerConfig
1343130348,Checkers,0,GAME_OVER,32,31,2,1482,OSLA,RandomPlayerConfig
-1718954284,Checkers,0,GAME_OVER,34,33,2,1483,OSLA,RandomPlayerConfig
934369511,Checkers,0,GAME_OVER,38,37,2,1484,OSLA,RandomPlayerConfig
1161088771,Checkers,0,GAME_OVER,31,30,2,1485,OSLA,RandomPlayerConfig
954450257,Checkers,0,GAME_OVER,36,35,2,1486,OSLA,RandomPlayerConfig
-2000387963,Checkers,0,GAME_OVER,37,36,2,1487,OSLA,RandomPlayerConfig
-1173988222,Checkers,0,GAME_OVER,28,27,2,1488,OSLA,RandomPlayerConfig
-1459101367,Checkers,0,GAME_OVER,30,29,2,1489,OSLA,RandomPlayerConfig
249089512,Checkers,0,GAME_OVER,31,30,2,1490,OSLA,RandomPlayerConfig
-1717035207,Checkers,0,GAME_OVER,35,34,2,1491,OSLA,RandomPlayerConfig
-118184860,Checkers,0,GAME_OVER,30,29,2,1492,OSLA,RandomPlayerConfig
-1310613673,Checkers,0,GAME_OVER,31,30,2,1493,OSLA,RandomPlayerConfig
-1488788356,Checkers,0,GAME_OVER,38,37,2,1494,OSLA,RandomPlayerConfig
-464593415,Checkers,0,GAME_OVER,22,21,2,1495,OSLA,RandomPlayerConfig
-1413226436,Checkers,0,GAME_OVER,30,29,2,1496,OSLA,RandomPlayerConfig
1939643456,Checkers,0,GAME_OVER,29,28,2,1497,OSLA,RandomPlayerConfig
1375820218,Checkers,0,GAME_OVER,27,26,2,1498,OSLA,RandomPlayerConfig
-1403828422,Checkers,0,GAME_OVER,26,25,2,1499,OSLA,RandomPlayerConfig
-417068902,Checkers,0,GAME_OVER,44,43,2,1500,OSLA,RandomPlayerConfig
-67788968,Checkers,0,GAME_OVER,31,30,2,1501,OSLA,RandomPlayerConfig
-540391421,Checkers,0,GAME_OVER,32,31,2,1502,OSLA,RandomPlayerConfig
-1225135334,Checkers,0,GAME_OVER,28,27,2,1503,OSLA,RandomPlayerConfig
-1869790746,Checkers,0,GAME_OVER,28,27,2,1504,OSLA,RandomPlayerConfig
1765178906,Checkers,0,GAME_OVER,34,33,2,1505,OSLA,RandomPlayerConfig
1591487875,Checkers,0,GAME_OVER,29,28,2,1506,OSLA,RandomPlayerConfig
1229432296,Checkers,0,GAME_OVER,34,33,2,1507,OSLA,RandomPlayerConfig
180779668,Checkers,0,GAME_OVER,33,32,2,1508,OSLA,RandomPlayerConfig
1100623948,Checkers,0,GAME_OVER,34,33,2,1509,OSLA,RandomPlayerConfig
65197954,Checkers,0,GAME_OVER,25,24,2,1510,OSLA,RandomPlayerConfig
-967357718,Checkers,0,GAME_OVER,41,40,2,1511,OSLA,RandomPlayerConfig
-59033451,Checkers,0,GAME_OVER,32,31,2,1512,OSLA,RandomPlayerConfig
-1768193439,Checkers,0,GAME_OVER,28,27,2,1513,OSLA,RandomPlayerConfig
317665018,Checkers,0,GAME_OVER,29,28,2,1514,OSLA,RandomPlayerConfig
1930999641,Checkers,0,GAME_OVER,30,29,2,1515,OSLA,RandomPlayerConfig
1398557200,Checkers,0,GAME_OVER,32,31,2,1516,OSLA,RandomPlayerConfig
-1231943139,Checkers,0,GAME_OVER,34,33,2,1517,OSLA,RandomPlayerConfig
1111931496,Checkers,0,GAME_OVER,29,28,2,1518,OSLA,RandomPlayerConfig
2126483888,Checkers,0,GAME_OVER,35,34,2,1519,OSLA,RandomPlayerConfig
-1513206447,Checkers,0,GAME_OVER,26,25,2,1520,OSLA,RandomPlayerConfig
2132230527,Checkers,0,GAME_OVER,33,32,2,1521,OSLA,RandomPlayerConfig
667478247,Checkers,0,GAME_OVER,37,36,2,1522,OSLA,RandomPlayerConfig
650656037,Checkers,0,GAME_OVER,29,28,2,1523,OSLA,RandomPlayerConfig
1038369793,Checkers,0,GAME_OVER,35,34,2,1524,OSLA,RandomPlayerConfig
-169350182,Checkers,0,GAME_OVER,40,39,2,1525,OSLA,RandomPlayerConfig
1190492793,Checkers,0,GAME_OVER,30,29,2,1526,OSLA,RandomPlayerConfig
1994238327,Checkers,0,GAME_OVER,38,37,2,1527,OSLA,RandomPlayerConfig
1234412951,Checkers,0,GAME_OVER,30,29,2,1528,OSLA,RandomPlayerConfig
848570692,Checkers,0,GAME_OVER,35,34,2,1529,OSLA,RandomPlayerConfig
1518377384,Checkers,0,GAME_OVER,30,29,2,1530,OSLA,RandomPlayerConfig
-1739368726,Checkers,0,GAME_OVER,19,18,2,1531,OSLA,RandomPlayerConfig
2029167886,Checkers,0,GAME_OVER,27,26,2,1532,OSLA,RandomPlayerConfig
194174004,Checkers,0,GAME_OVER,29,28,2,1533,OSLA,RandomPlayerConfig
1578531405,Checkers,0,GAME_OVER,31,30,2,1534,OSLA,RandomPlayerConfig
-23968113,Checkers,0,GAME_OVER,35,34,2,1535,OSLA,RandomPlayerConfig
1126735320,Checkers,0,GAME_OVER,28,27,2,1536,OSLA,RandomPlayerConfig
2071151974,Checkers,0,GAME_OVER,31,30,2,1537,OSLA,RandomPlayerConfig
-1531342417,Checkers,0,GAME_OVER,30,29,2,1538,OSLA,RandomPlayerConfig
-1643583799,Checkers,0,GAME_OVER,31,30,2,1539,OSLA,RandomPlayerConfig
-658252783,Checkers,0,GAME_OVER,39,38,2,1540,OSLA,RandomPlayerConfig
-1993213438,Checkers,0,GAME_OVER,30,29,2,1541,OSLA,RandomPlayerConfig
994294735,Checkers,0,GAME_OVER,24,23,2,1542,OSLA,RandomPlayerConfig
639724555,Checkers,0,GAME_OVER,33,32,2,1543,OSLA,RandomPlayerConfig
-1515768840,Checkers,0,GAME_OVER,29,28,2,1544,OSLA,RandomPlayerConfig
1197774844,Checkers,0,GAME_OVER,32,31,2,1545,OSLA,RandomPlayerConfig
-700194303,Checkers,0,GAME_OVER,31,30,2,1546,OSLA,RandomPlayerConfig
1421522406,Checkers,0,GAME_OVER,28,27,2,1547,OSLA,RandomPlayerConfig
284499098,Checkers,0,GAME_OVER,28,27,2,1548,OSLA,RandomPlayerConfig
2067913917,Checkers,0,GAME_OVER,27,26,2,1549,OSLA,RandomPlayerConfig
1274476222,Checkers,0,GAME_OVER,31,30,2,1550,OSLA,RandomPlayerConfig
-1763966910,Checkers,0,GAME_OVER,25,24,2,1551,OSLA,RandomPlayerConfig
-1115340337,Checkers,0,GAME_OVER,27,26,2,1552,OSLA,RandomPlayerConfig
-725483005,Checkers,0,GAME_OVER,33,32,2,1553,OSLA,RandomPlayerConfig
-407610696,Checkers,0,GAME_OVER,34,33,2,1554,OSLA,RandomPlayerConfig
1998316779,Checkers,0,GAME_OVER,33,32,2,1555,OSLA,RandomPlayerConfig
-187907734,Checkers,0,GAME_OVER,27,26,2,1556,OSLA,RandomPlayerConfig
-1636989691,Checkers,0,GAME_OVER,39,38,2,1557,OSLA,RandomPlayerConfig
-653066449,Checkers,0,GAME_OVER,34,33,2,1558,OSLA,RandomPlayerConfig
-893947569,Checkers,0,GAME_OVER,29,28,2,1559,OSLA,RandomPlayerConfig
-1611626581,Checkers,0,GAME_OVER,34,33,2,1560,OSLA,RandomPlayerConfig
472824794,Checkers,0,GAME_OVER,36,35,2,1561,OSLA,RandomPlayerConfig
1334696323,Checkers,0,GAME_OVER,32,31,2,1562,OSLA,RandomPlayerConfig
450778245,Checkers,0,GAME_OVER,32,31,2,1563,OSLA,RandomPlayerConfig
1916567288,Checkers,0,GAME_OVER,34,33,2,1564,OSLA,RandomPlayerConfig
-958604006,Checkers,0,GAME_OVER,36,35,2,1565,OSLA,RandomPlayerConfig
12811273,Checkers,0,GAME_OVER,31,30,2,1566,OSLA,RandomPlayerConfig
-1400542831,Checkers,0,GAME_OVER,32,31,2,1567,OSLA,RandomPlayerConfig
-726563124,Checkers,0,GAME_OVER,31,30,2,1568,OSLA,RandomPlayerConfig
1685937605,Checkers,0,GAME_OVER,31,30,2,1569,OSLA,RandomPlayerConfig
2094393377,Checkers,0,GAME_OVER,29,28,2,1570,OSLA,RandomPlayerConfig
-2040454682,Checkers,0,GAME_OVER,31,30,2,1571,OSLA,RandomPlayerConfig
386360815,Checkers,0,GAME_OVER,35,34,2,1572,OSLA,RandomPlayerConfig
94554467,Checkers,0,GAME_OVER,23,22,2,1573,OSLA,RandomPlayerConfig
-1087574649,Checkers,0,GAME_OVER,38,37,2,1574,OSLA,RandomPlayerConfig
1857917995,Checkers,0,GAME_OVER,37,36,2,1575,OSLA,RandomPlayerConfig
916401127,Checkers,0,GAME_OVER,23,22,2,1576,OSLA,RandomPlayerConfig
-316770195,Checkers,0,GAME_OVER,28,27,2,1577,OSLA,RandomPlayerConfig
1529785066,Checkers,0,GAME_OVER,30,29,2,1578,OSLA,RandomPlayerConfig
-1711131838,Checkers,0,GAME_OVER,33,32,2,1579,OSLA,RandomPlayerConfig
-1296714322,Checkers,0,GAME_OVER,34,33,2,1580,OSLA,RandomPlayerConfig
-1163081493,Checkers,0,GAME_OVER,30,29,2,1581,OSLA,RandomPlayerConfig
-777583686,Checkers,0,GAME_OVER,25,24,2,1582,OSLA,RandomPlayerConfig
1930129797,Checkers,0,GAME_OVER,24,23,2,1583,OSLA,RandomPlayerConfig
-571651676,Checkers,0,GAME_OVER,29,28,2,1584,OSLA,RandomPlayerConfig
563723613,Checkers,0,GAME_OVER,24,23,2,1585,OSLA,RandomPlayerConfig
1842356038,Checkers,0,GAME_OVER,27,26,2,1586,OSLA,RandomPlayerConfig
-664480686,Checkers,0,GAME_OVER,48,47,2,1587,OSLA,RandomPlayerConfig
-1824489785,Checkers,0,GAME_OVER,30,29,2,1588,OSLA,RandomPlayerConfig
1809196511,Checkers,0,GAME_OVER,35,34,2,1589,OSLA,RandomPlayerConfig
1031488773,Checkers,0,GAME_OVER,24,23,2,1590,OSLA,RandomPlayerConfig
1897020361,Checkers,0,GAME_OVER,45,44,2,1591,OSLA,RandomPlayerConfig
1189077792,Checkers,0,GAME_OVER,38,37,2,1592,OSLA,RandomPlayerConfig
-690767993,Checkers,0,GAME_OVER,30,29,2,1593,OSLA,RandomPlayerConfig
-1610962381,Checkers,0,GAME_OVER,24,23,2,1594,OSLA,RandomPlayerConfig
1899979476,Checkers,0,GAME_OVER,30,29,2,1595,OSLA,RandomPlayerConfig
-308341376,Checkers,0,GAME_OVER,30,29,2,1596,OSLA,RandomPlayerConfig
-335497711,Checkers,0,GAME_OVER,40,39,2,1597,OSLA,RandomPlayerConfig
-1469971297,Checkers,0,GAME_OVER,36,35,2,1598,OSLA,RandomPlayerConfig
-1491543193,Checkers,0,GAME_OVER,35,34,2,1599,OSLA,RandomPlayerConfig
-290634132,Checkers,0,GAME_OVER,41,40,2,1600,OSLA,RandomPlayerConfig
-1457384514,Checkers,0,GAME_OVER,36,35,2,1601,OSLA,RandomPlayerConfig
-787702671,Checkers,0,GAME_OVER,42,41,2,1602,RandomPlayerConfig,RandomPlayerConfig
-2062906404,Checkers,0,GAME_OVER,38,37,2,1603,RandomPlayerConfig,RandomPlayerConfig
-176736144,Checkers,0,GAME_OVER,33,32,2,1604,RandomPlayerConfig,RandomPlayerConfig
222647469,Checkers,0,GAME_OVER,63,62,2,1605,RandomPlayerConfig,RandomPlayerConfig
-586756155,Checkers,0,GAME_OVER,68,67,2,1606,RandomPlayerConfig,RandomPlayerConfig
1234647345,Checkers,0,GAME_OVER,26,25,2,1607,RandomPlayerConfig,RandomPlayerConfig
-2043222127,Checkers,0,GAME_OVER,51,50,2,1608,RandomPlayerConfig,RandomPlayerConfig
1038511446,Checkers,0,GAME_OVER,31,30,2,1609,RandomPlayerConfig,RandomPlayerConfig
404103070,Checkers,0,GAME_OVER,65,64,2,1610,RandomPlayerConfig,RandomPlayerConfig
-236095770,Checkers,0,GAME_OVER,32,31,2,1611,RandomPlayerConfig,RandomPlayerConfig
-635241784,Checkers,0,GAME_OVER,51,50,2,1612,RandomPlayerConfig,RandomPlayerConfig
-1219981600,Checkers,0,GAME_OVER,34,33,2,1613,RandomPlayerConfig,RandomPlayerConfig
-419788009,Checkers,0,GAME_OVER,37,36,2,1614,RandomPlayerConfig,RandomPlayerConfig
-2011432280,Checkers,0,GAME_OVER,38,37,2,1615,RandomPlayerConfig,RandomPlayerConfig
1893833513,Checkers,0,GAME_OVER,55,54,2,1616,RandomPlayerConfig,RandomPlayerConfig
-75069639,Checkers,0,GAME_OVER,43,42,2,1617,RandomPlayerConfig,RandomPlayerConfig
1806776348,Checkers,0,GAME_OVER,49,48,2,1618,RandomPlayerConfig,RandomPlayerConfig
411173053,Checkers,0,GAME_OVER,42,41,2,1619,RandomPlayerConfig,RandomPlayerConfig
2066352668,Checkers,0,GAME_OVER,36,35,2,1620,RandomPlayerConfig,RandomPlayerConfig
723274559,Checkers,0,GAME_OVER,38,37,2,1621,RandomPlayerConfig,RandomPlayerConfig
-1150974147,Checkers,0,GAME_OVER,46,45,2,1622,RandomPlayerConfig,RandomPlayerConfig
1622488392,Checkers,0,GAME_OVER,49,48,2,1623,RandomPlayerConfig,RandomPlayerConfig
-454292657,Checkers,0,GAME_OVER,28,27,2,1624,RandomPlayerConfig,RandomPlayerConfig
97536938,Checkers,0,GAME_OVER,35,34,2,1625,RandomPlayerConfig,RandomPlayerConfig
-566292283,Checkers,0,GAME_OVER,58,57,2,1626,RandomPlayerConfig,RandomPlayerConfig
1913023947,Checkers,0,GAME_OVER,36,35,2,1627,RandomPlayerConfig,RandomPlayerConfig
1143962093,Checkers,0,GAME_OVER,39,38,2,1628,RandomPlayerConfig,RandomPlayerConfig
602059816,Checkers,0,GAME_OVER,34,33,2,1629,RandomPlayerConfig,RandomPlayerConfig
141156107,Checkers,0,GAME_OVER,37,36,2,1630,RandomPlayerConfig,RandomPlayerConfig
-69601556,Checkers,0,GAME_OVER,51,50,2,1631,RandomPlayerConfig,RandomPlayerConfig
2134605072,Checkers,0,GAME_OVER,30,29,2,1632,RandomPlayerConfig,RandomPlayerConfig
-523306807,Checkers,0,GAME_OVER,33,32,2,1633,RandomPlayerConfig,RandomPlayerConfig
-2085127673,Checkers,0,GAME_OVER,27,26,2,1634,RandomPlayerConfig,RandomPlayerConfig
2047900283,Checkers,0,GAME_OVER,49,48,2,1635,RandomPlayerConfig,RandomPlayerConfig
1368919923,Checkers,0,GAME_OVER,34,33,2,1636,RandomPlayerConfig,RandomPlayerConfig
-1899080291,Checkers,0,GAME_OVER,53,52,2,1637,RandomPlayerConfig,RandomPlayerConfig
-1072916441,Checkers,0,GAME_OVER,53,52,2,1638,RandomPlayerConfig,RandomPlayerConfig
-1677082189,Checkers,0,GAME_OVER,39,38,2,1639,RandomPlayerConfig,RandomPlayerConfig
-1317810581,Checkers,0,GAME_OVER,36,35,2,1640,RandomPlayerConfig,RandomPlayerConfig
2081432730,Checkers,0,GAME_OVER,57,56,2,1641,RandomPlayerConfig,RandomPlayerConfig
263751779,Checkers,0,GAME_OVER,58,57,2,1642,RandomPlayerConfig,RandomPlayerConfig
563795903,Checkers,0,GAME_OVER,28,27,2,1643,RandomPlayerConfig,RandomPlayerConfig
1361265687,Checkers,0,GAME_OVER,40,39,2,1644,RandomPlayerConfig,RandomPlayerConfig
-226021949,Checkers,0,GAME_OVER,33,32,2,1645,RandomPlayerConfig,RandomPlayerConfig
554740110,Checkers,0,GAME_OVER,29,28,2,1646,RandomPlayerConfig,RandomPlayerConfig
686116992,Checkers,0,GAME_OVER,49,48,2,1647,RandomPlayerConfig,RandomPlayerConfig
1645093078,Checkers,0,GAME_OVER,35,34,2,1648,RandomPlayerConfig,RandomPlayerConfig
-411478649,Checkers,0,GAME_OVER,69,68,2,1649,RandomPlayerConfig,RandomPlayerConfig
1367048943,Checkers,0,GAME_OVER,33,32,2,1650,RandomPlayerConfig,RandomPlayerConfig
-2104117363,Checkers,0,GAME_OVER,38,37,2,1651,RandomPlayerConfig,RandomPlayerConfig
1521620985,Checkers,0,GAME_OVER,34,33,2,1652,RandomPlayerConfig,RandomPlayerConfig
1794198886,Checkers,0,GAME_OVER,33,32,2,1653,RandomPlayerConfig,RandomPlayerConfig
1421627920,Checkers,0,GAME_OVER,26,25,2,1654,RandomPlayerConfig,RandomPlayerConfig
1709927291,Checkers,0,GAME_OVER,56,55,2,1655,RandomPlayerConfig,RandomPlayerConfig
-945138759,Checkers,0,GAME_OVER,37,36,2,1656,RandomPlayerConfig,RandomPlayerConfig
-687330598,Checkers,0,GAME_OVER,21,20,2,1657,RandomPlayerConfig,RandomPlayerConfig
1191780821,Checkers,0,GAME_OVER,51,50,2,1658,RandomPlayerConfig,RandomPlayerConfig
-1689491107,Checkers,0,GAME_OVER,48,47,2,1659,RandomPlayerConfig,RandomPlayerConfig
1260762219,Checkers,0,GAME_OVER,30,29,2,1660,RandomPlayerConfig,RandomPlayerConfig
771164276,Checkers,0,GAME_OVER,33,32,2,1661,RandomPlayerConfig,RandomPlayerConfig
1451409103,Checkers,0,GAME_OVER,38,37,2,1662,RandomPlayerConfig,RandomPlayerConfig
2135673998,Checkers,0,GAME_OVER,42,41,2,1663,RandomPlayerConfig,RandomPlayerConfig
2116374257,Checkers,0,GAME_OVER,60,59,2,1664,RandomPlayerConfig,RandomPlayerConfig
1379865924,Checkers,0,GAME_OVER,35,34,2,1665,RandomPlayerConfig,RandomPlayerConfig
-1840833326,Checkers,0,GAME_OVER,63,62,2,1666,RandomPlayerConfig,RandomPlayerConfig
-1322121555,Checkers,0,GAME_OVER,40,39,2,1667,RandomPlayerConfig,RandomPlayerConfig
-1098916237,Checkers,0,GAME_OVER,27,26,2,1668,RandomPlayerConfig,RandomPlayerConfig
-1070025090,Checkers,0,GAME_OVER,57,56,2,1669,RandomPlayerConfig,RandomPlayerConfig
-1077149244,Checkers,0,GAME_OVER,35,34,2,1670,RandomPlayerConfig,RandomPlayerConfig
-1283320856,Checkers,0,GAME_OVER,44,43,2,1671,RandomPlayerConfig,RandomPlayerConfig
1530797391,Checkers,0,GAME_OVER,31,30,2,1672,RandomPlayerConfig,RandomPlayerConfig
37789529,Checkers,0,GAME_OVER,33,32,2,1673,RandomPlayerConfig,RandomPlayerConfig
330893752,Checkers,0,GAME_OVER,44,43,2,1674,RandomPlayerConfig,RandomPlayerConfig
-1696125059,Checkers,0,GAME_OVER,53,52,2,1675,RandomPlayerConfig,RandomPlayerConfig
-2119222963,Checkers,0,GAME_OVER,34,33,2,1676,RandomPlayerConfig,RandomPlayerConfig
985924410,Checkers,0,GAME_OVER,36,35,2,1677,RandomPlayerConfig,RandomPlayerConfig
1599428666,Checkers,0,GAME_OVER,64,63,2,1678,RandomPlayerConfig,RandomPlayerConfig
1152044158,Checkers,0,GAME_OVER,34,33,2,1679,RandomPlayerConfig,RandomPlayerConfig
-1210853609,Checkers,0,GAME_OVER,37,36,2,1680,RandomPlayerConfig,RandomPlayerConfig
802899473,Checkers,0,GAME_OVER,29,28,2,1681,RandomPlayerConfig,RandomPlayerConfig
1343130348,Checkers,0,GAME_OVER,52,51,2,1682,RandomPlayerConfig,RandomPlayerConfig
-1718954284,Checkers,0,GAME_OVER,39,38,2,1683,RandomPlayerConfig,RandomPlayerConfig
934369511,Checkers,0,GAME_OVER,43,42,2,1684,RandomPlayerConfig,RandomPlayerConfig
1161088771,Checkers,0,GAME_OVER,36,35,2,1685,RandomPlayerConfig,RandomPlayerConfig
954450257,Checkers,0,GAME_OVER,52,51,2,1686,RandomPlayerConfig,RandomPlayerConfig
-2000387963,Checkers,0,GAME_OVER,30,29,2,1687,RandomPlayerConfig,RandomPlayerConfig
-1173988222,Checkers,0,GAME_OVER,35,34,2,1688,RandomPlayerConfig,RandomPlayerConfig
-1459101367,Checkers,0,GAME_OVER,50,49,2,1689,RandomPlayerConfig,RandomPlayerConfig
249089512,Checkers,0,GAME_OVER,36,35,2,1690,RandomPlayerConfig,RandomPlayerConfig
-1717035207,Checkers,0,GAME_OVER,34,33,2,1691,RandomPlayerConfig,RandomPlayerConfig
-118184860,Checkers,0,GAME_OVER,73,72,2,1692,RandomPlayerConfig,RandomPlayerConfig
-1310613673,Checkers,0,GAME_OVER,37,36,2,1693,RandomPlayerConfig,RandomPlayerConfig
-1488788356,Checkers,0,GAME_OVER,45,44,2,1694,RandomPlayerConfig,RandomPlayerConfig
-464593415,Checkers,0,GAME_OVER,29,28,2,1695,RandomPlayerConfig,RandomPlayerConfig
-1413226436,Checkers,0,GAME_OVER,43,42,2,1696,RandomPlayerConfig,RandomPlayerConfig
1939643456,Checkers,0,GAME_OVER,34,33,2,1697,RandomPlayerConfig,RandomPlayerConfig
1375820218,Checkers,0,GAME_OVER,29,28,2,1698,RandomPlayerConfig,RandomPlayerConfig
-1403828422,Checkers,0,GAME_OVER,48,47,2,1699,RandomPlayerConfig,RandomPlayerConfig
-417068902,Checkers,0,GAME_OVER,37,36,2,1700,RandomPlayerConfig,RandomPlayerConfig
-67788968,Checkers,0,GAME_OVER,32,31,2,1701,RandomPlayerConfig,RandomPlayerConfig
-540391421,Checkers,0,GAME_OVER,26,25,2,1702,RandomPlayerConfig,RandomPlayerConfig
-1225135334,Checkers,0,GAME_OVER,30,29,2,1703,RandomPlayerConfig,RandomPlayerConfig
-1869790746,Checkers,0,GAME_OVER,53,52,2,1704,RandomPlayerConfig,RandomPlayerConfig
1765178906,Checkers,0,GAME_OVER,38,37,2,1705,RandomPlayerConfig,RandomPlayerConfig
1591487875,Checkers,0,GAME_OVER,49,48,2,1706,RandomPlayerConfig,RandomPlayerConfig
1229432296,Checkers,0,GAME_OVER,34,33,2,1707,RandomPlayerConfig,RandomPlayerConfig
180779668,Checkers,0,GAME_OVER,36,35,2,1708,RandomPlayerConfig,RandomPlayerConfig
1100623948,Checkers,0,GAME_OVER,24,23,2,1709,RandomPlayerConfig,RandomPlayerConfig
65197954,Checkers,0,GAME_OVER,53,52,2,1710,RandomPlayerConfig,RandomPlayerConfig
-967357718,Checkers,0,GAME_OVER,45,44,2,1711,RandomPlayerConfig,RandomPlayerConfig
-59033451,Checkers,0,GAME_OVER,28,27,2,1712,RandomPlayerConfig,RandomPlayerConfig
-1768193439,Checkers,0,GAME_OVER,33,32,2,1713,RandomPlayerConfig,RandomPlayerConfig
317665018,Checkers,0,GAME_OVER,49,48,2,1714,RandomPlayerConfig,RandomPlayerConfig
1930999641,Checkers,0,GAME_OVER,44,43,2,1715,RandomPlayerConfig,RandomPlayerConfig
1398557200,Checkers,0,GAME_OVER,30,29,2,1716,RandomPlayerConfig,RandomPlayerConfig
-1231943139,Checkers,0,GAME_OVER,34,33,2,1717,RandomPlayerConfig,RandomPlayerConfig
1111931496,Checkers,0,GAME_OVER,40,39,2,1718,RandomPlayerConfig,RandomPlayerConfig
2126483888,Checkers,0,GAME_OVER,57,56,2,1719,RandomPlayerConfig,RandomPlayerConfig
-1513206447,Checkers,0,GAME_OVER,36,35,2,1720,RandomPlayerConfig,RandomPlayerConfig
2132230527,Checkers,0,GAME_OVER,33,32,2,1721,RandomPlayerConfig,RandomPlayerConfig
667478247,Checkers,0,GAME_OVER,47,46,2,1722,RandomPlayerConfig,RandomPlayerConfig
650656037,Checkers,0,GAME_OVER,43,42,2,1723,RandomPlayerConfig,RandomPlayerConfig
1038369793,Checkers,0,GAME_OVER,40,39,2,1724,RandomPlayerConfig,RandomPlayerConfig
-169350182,Checkers,0,GAME_OVER,69,68,2,1725,RandomPlayerConfig,RandomPlayerConfig
1190492793,Checkers,0,GAME_OVER,74,73,2,1726,RandomPlayerConfig,RandomPlayerConfig
1994238327,Checkers,0,GAME_OVER,62,61,2,1727,RandomPlayerConfig,RandomPlayerConfig
1234412951,Checkers,0,GAME_OVER,25,24,2,1728,RandomPlayerConfig,RandomPlayerConfig
848570692,Checkers,0,GAME_OVER,29,28,2,1729,RandomPlayerConfig,RandomPlayerConfig
1518377384,Checkers,0,GAME_OVER,39,38,2,1730,RandomPlayerConfig,RandomPlayerConfig
-1739368726,Checkers,0,GAME_OVER,42,41,2,1731,RandomPlayerConfig,RandomPlayerConfig
2029167886,Checkers,0,GAME_OVER,39,38,2,1732,RandomPlayerConfig,RandomPlayerConfig
194174004,Checkers,0,GAME_OVER,23,22,2,1733,RandomPlayerConfig,RandomPlayerConfig
1578531405,Checkers,0,GAME_OVER,36,35,2,1734,RandomPlayerConfig,RandomPlayerConfig
-23968113,Checkers,0,GAME_OVER,57,56,2,1735,RandomPlayerConfig,RandomPlayerConfig
1126735320,Checkers,0,GAME_OVER,21,20,2,1736,RandomPlayerConfig,RandomPlayerConfig
2071151974,Checkers,0,GAME_OVER,30,29,2,1737,RandomPlayerConfig,RandomPlayerConfig
-1531342417,Checkers,0,GAME_OVER,55,54,2,1738,RandomPlayerConfig,RandomPlayerConfig
-1643583799,Checkers,0,GAME_OVER,26,25,2,1739,RandomPlayerConfig,RandomPlayerConfig
-658252783,Checkers,0,GAME_OVER,56,55,2,1740,RandomPlayerConfig,RandomPlayerConfig
-1993213438,Checkers,0,GAME_OVER,39,38,2,1741,RandomPlayerConfig,RandomPlayerConfig
994294735,Checkers,0,GAME_OVER,30,29,2,1742,RandomPlayerConfig,RandomPlayerConfig
639724555,Checkers,0,GAME_OVER,41,40,2,1743,RandomPlayerConfig,RandomPlayerConfig
-1515768840,Checkers,0,GAME_OVER,35,34,2,1744,RandomPlayerConfig,RandomPlayerConfig
1197774844,Checkers,0,GAME_OVER,36,35,2,1745,RandomPlayerConfig,RandomPlayerConfig
-700194303,Checkers,0,GAME_OVER,34,33,2,1746,RandomPlayerConfig,RandomPlayerConfig
1421522406,Checkers,0,GAME_OVER,39,38,2,1747,RandomPlayerConfig,RandomPlayerConfig
284499098,Checkers,0,GAME_OVER,32,31,2,1748,RandomPlayerConfig,RandomPlayerConfig
2067913917,Checkers,0,GAME_OVER,30,29,2,1749,RandomPlayerConfig,RandomPlayerConfig
1274476222,Checkers,0,GAME_OVER,31,30,2,1750,RandomPlayerConfig,RandomPlayerConfig
-1763966910,Checkers,0,GAME_OVER,32,31,2,1751,RandomPlayerConfig,RandomPlayerConfig
-1115340337,Checkers,0,GAME_OVER,38,37,2,1752,RandomPlayerConfig,RandomPlayerConfig
-725483005,Checkers,0,GAME_OVER,31,30,2,1753,RandomPlayerConfig,RandomPlayerConfig
-407610696,Checkers,0,GAME_OVER,36,35,2,1754,RandomPlayerConfig,RandomPlayerConfig
1998316779,Checkers,0,GAME_OVER,32,31,2,1755,RandomPlayerConfig,RandomPlayerConfig
-187907734,Checkers,0,GAME_OVER,58,57,2,1756,RandomPlayerConfig,RandomPlayerConfig
-1636989691,Checkers,0,GAME_OVER,30,29,2,1757,RandomPlayerConfig,RandomPlayerConfig
-653066449,Checkers,0,GAME_OVER,35,34,2,1758,RandomPlayerConfig,RandomPlayerConfig
-893947569,Checkers,0,GAME_OVER,37,36,2,1759,RandomPlayerConfig,RandomPlayerConfig
-1611626581,Checkers,0,GAME_OVER,28,27,2,1760,RandomPlayerConfig,RandomPlayerConfig
472824794,Checkers,0,GAME_OVER,38,37,2,1761,RandomPlayerConfig,RandomPlayerConfig
1334696323,Checkers,0,GAME_OVER,28,27,2,1762,RandomPlayerConfig,RandomPlayerConfig
450778245,Checkers,0,GAME_OVER,46,45,2,1763,RandomPlayerConfig,RandomPlayerConfig
1916567288,Checkers,0,GAME_OVER,53,52,2,1764,RandomPlayerConfig,RandomPlayerConfig
-958604006,Checkers,0,GAME_OVER,33,32,2,1765,RandomPlayerConfig,RandomPlayerConfig
12811273,Checkers,0,GAME_OVER,47,46,2,1766,RandomPlayerConfig,RandomPlayerConfig
-1400542831,Checkers,0,GAME_OVER,39,38,2,1767,RandomPlayerConfig,RandomPlayerConfig
-726563124,Checkers,0,GAME_OVER,75,74,2,1768,RandomPlayerConfig,RandomPlayerConfig
1685937605,Checkers,0,GAME_OVER,31,30,2,1769,RandomPlayerConfig,RandomPlayerConfig
2094393377,Checkers,0,GAME_OVER,50,49,2,1770,RandomPlayerConfig,RandomPlayerConfig
-2040454682,Checkers,0,GAME_OVER,31,30,2,1771,RandomPlayerConfig,RandomPlayerConfig
386360815,Checkers,0,GAME_OVER,63,62,2,1772,RandomPlayerConfig,RandomPlayerConfig
94554467,Checkers,0,GAME_OVER,34,33,2,1773,RandomPlayerConfig,RandomPlayerConfig
-1087574649,Checkers,0,GAME_OVER,51,50,2,1774,RandomPlayerConfig,RandomPlayerConfig
1857917995,Checkers,0,GAME_OVER,33,32,2,1775,RandomPlayerConfig,RandomPlayerConfig
916401127,Checkers,0,GAME_OVER,35,34,2,1776,RandomPlayerConfig,RandomPlayerConfig
-316770195,Checkers,0,GAME_OVER,33,32,2,1777,RandomPlayerConfig,RandomPlayerConfig
1529785066,Checkers,0,GAME_OVER,41,40,2,1778,RandomPlayerConfig,RandomPlayerConfig
-1711131838,Checkers,0,GAME_OVER,34,33,2,1779,RandomPlayerConfig,RandomPlayerConfig
-1296714322,Checkers,0,GAME_OVER,30,29,2,1780,RandomPlayerConfig,RandomPlayerConfig
-1163081493,Checkers,0,GAME_OVER,53,52,2,1781,RandomPlayerConfig,RandomPlayerConfig
-777583686,Checkers,0,GAME_OVER,26,25,2,1782,RandomPlayerConfig,RandomPlayerConfig
1930129797,Checkers,0,GAME_OVER,39,38,2,1783,RandomPlayerConfig,RandomPlayerConfig
-571651676,Checkers,0,GAME_OVER,41,40,2,1784,RandomPlayerConfig,RandomPlayerConfig
563723613,Checkers,0,GAME_OVER,51,50,2,1785,RandomPlayerConfig,RandomPlayerConfig
1842356038,Checkers,0,GAME_OVER,37,36,2,1786,RandomPlayerConfig,RandomPlayerConfig
-664480686,Checkers,0,GAME_OVER,38,37,2,1787,RandomPlayerConfig,RandomPlayerConfig
-1824489785,Checkers,0,GAME_OVER,74,73,2,1788,RandomPlayerConfig,RandomPlayerConfig
1809196511,Checkers,0,GAME_OVER,61,60,2,1789,RandomPlayerConfig,RandomPlayerConfig
1031488773,Checkers,0,GAME_OVER,34,33,2,1790,RandomPlayerConfig,RandomPlayerConfig
1897020361,Checkers,0,GAME_OVER,33,32,2,1791,RandomPlayerConfig,RandomPlayerConfig
1189077792,Checkers,0,GAME_OVER,49,48,2,1792,RandomPlayerConfig,RandomPlayerConfig
-690767993,Checkers,0,GAME_OVER,60,59,2,1793,RandomPlayerConfig,RandomPlayerConfig
-1610962381,Checkers,0,GAME_OVER,40,39,2,1794,RandomPlayerConfig,RandomPlayerConfig
1899979476,Checkers,0,GAME_OVER,37,36,2,1795,RandomPlayerConfig,RandomPlayerConfig
-308341376,Checkers,0,GAME_OVER,32,31,2,1796,RandomPlayerConfig,RandomPlayerConfig
-335497711,Checkers,0,GAME_OVER,27,26,2,1797,RandomPlayerConfig,RandomPlayerConfig
-1469971297,Checkers,0,GAME_OVER,35,34,2,1798,RandomPlayerConfig,RandomPlayerConfig
-1491543193,Checkers,0,GAME_OVER,43,42,2,1799,RandomPlayerConfig,RandomPlayerConfig
-290634132,Checkers,0,GAME_OVER,32,31,2,1800,RandomPlayerConfig,RandomPlayerConfig
-1457384514,Checkers,0,GAME_OVER,57,56,2,1801,RandomPlayerConfig,RandomPlayerConfig
