GameSeed,GameName,Round,Event,Tick,Turn,PlayerCount,GameID,PlayerName-0,Player-1,Player-0,PlayerName-1
-166180472,Checkers,0,GAME_OVER,80,79,2,2,MCTS_v0,1.0,-1.0,MCTS_v0
702970291,Checkers,0,GAME_OVER,124,123,2,3,MCTS_v0,0.0,0.0,MCTS_v0
-2093688957,Checkers,0,GAME_OVER,82,81,2,4,MCTS_v0,1.0,-1.0,MCTS_v0
15277285,Checkers,0,GAME_OVER,108,107,2,5,MCTS_v0,0.0,0.0,MCTS_v0
-1236454748,Checkers,0,GAME_OVER,144,143,2,6,MCTS_v0,0.0,0.0,MCTS_v0
249439406,Checkers,0,GAME_OVER,130,129,2,7,MCTS_v0,0.0,0.0,MCTS_v0
302495374,Checkers,0,GAME_OVER,107,106,2,8,MCTS_v0,0.0,0.0,MCTS_v0
-741054849,Checkers,0,GAME_OVER,55,54,2,9,MCTS_v0,-1.0,1.0,MCTS_v0
-1426144559,Checkers,0,GAME_OVER,69,68,2,10,MCTS_v0,1.0,-1.0,MCTS_v0
118065288,Checkers,0,GAME_OVER,152,151,2,11,MCTS_v0,0.0,0.0,MCTS_v0
1705451795,Checkers,0,GAME_OVER,58,57,2,12,MCTS_v0,1.0,-1.0,MCTS_v0
-1138379803,Checkers,0,GAME_OVER,53,52,2,13,MCTS_v0,1.0,-1.0,MCTS_v0
-792105690,Checkers,0,GAME_OVER,47,46,2,14,MCTS_v0,-1.0,1.0,MCTS_v0
251240563,Checkers,0,GAME_OVER,61,60,2,15,MCTS_v0,-1.0,1.0,MCTS_v0
616215289,Checkers,0,GAME_OVER,66,65,2,16,MCTS_v0,1.0,-1.0,MCTS_v0
286491649,Checkers,0,GAME_OVER,91,90,2,17,MCTS_v0,-1.0,1.0,MCTS_v0
-1837327222,Checkers,0,GAME_OVER,106,105,2,18,MCTS_v0,-1.0,1.0,MCTS_v0
1731803123,Checkers,0,GAME_OVER,150,149,2,19,MCTS_v0,0.0,0.0,MCTS_v0
416791102,Checkers,0,GAME_OVER,50,49,2,20,MCTS_v0,-1.0,1.0,MCTS_v0
216396693,Checkers,0,GAME_OVER,169,168,2,21,MCTS_v0,0.0,0.0,MCTS_v0
-848119213,Checkers,0,GAME_OVER,77,76,2,22,MCTS_v0,1.0,-1.0,MCTS_v0
-621865294,Checkers,0,GAME_OVER,53,52,2,23,MCTS_v0,-1.0,1.0,MCTS_v0
878598204,Checkers,0,GAME_OVER,54,53,2,24,MCTS_v0,-1.0,1.0,MCTS_v0
-1699676377,Checkers,0,GAME_OVER,73,72,2,25,MCTS_v0,-1.0,1.0,MCTS_v0
638614319,Checkers,0,GAME_OVER,55,54,2,26,MCTS_v0,-1.0,1.0,MCTS_v0
-1286171248,Checkers,0,GAME_OVER,50,49,2,27,MCTS_v0,-1.0,1.0,MCTS_v0
1496380205,Checkers,0,GAME_OVER,59,58,2,28,MCTS_v0,1.0,-1.0,MCTS_v0
-535007174,Checkers,0,GAME_OVER,75,74,2,29,MCTS_v0,1.0,-1.0,MCTS_v0
351376967,Checkers,0,GAME_OVER,68,67,2,30,MCTS_v0,-1.0,1.0,MCTS_v0
-1920732930,Checkers,0,GAME_OVER,113,112,2,31,MCTS_v0,0.0,0.0,MCTS_v0
2092088305,Checkers,0,GAME_OVER,95,94,2,32,MCTS_v0,-1.0,1.0,MCTS_v0
-2053051970,Checkers,0,GAME_OVER,113,112,2,33,MCTS_v0,-1.0,1.0,MCTS_v0
-1794684255,Checkers,0,GAME_OVER,131,130,2,34,MCTS_v0,0.0,0.0,MCTS_v0
-1721045876,Checkers,0,GAME_OVER,70,69,2,35,MCTS_v0,-1.0,1.0,MCTS_v0
-1727902706,Checkers,0,GAME_OVER,58,57,2,36,MCTS_v0,-1.0,1.0,MCTS_v0
975488968,Checkers,0,GAME_OVER,62,61,2,37,MCTS_v0,1.0,-1.0,MCTS_v0
1884247749,Checkers,0,GAME_OVER,47,46,2,38,MCTS_v0,1.0,-1.0,MCTS_v0
695442367,Checkers,0,GAME_OVER,54,53,2,39,MCTS_v0,-1.0,1.0,MCTS_v0
1999740919,Checkers,0,GAME_OVER,59,58,2,40,MCTS_v0,-1.0,1.0,MCTS_v0
-967129467,Checkers,0,GAME_OVER,57,56,2,41,MCTS_v0,-1.0,1.0,MCTS_v0
168838819,Checkers,0,GAME_OVER,62,61,2,42,MCTS_v0,1.0,-1.0,MCTS_v0
-2108529625,Checkers,0,GAME_OVER,141,140,2,43,MCTS_v0,0.0,0.0,MCTS_v0
-2104692336,Checkers,0,GAME_OVER,118,117,2,44,MCTS_v0,0.0,0.0,MCTS_v0
-1813011348,Checkers,0,GAME_OVER,110,109,2,45,MCTS_v0,0.0,0.0,MCTS_v0
-1930282061,Checkers,0,GAME_OVER,70,69,2,46,MCTS_v0,1.0,-1.0,MCTS_v0
2023066801,Checkers,0,GAME_OVER,80,79,2,47,MCTS_v0,-1.0,1.0,MCTS_v0
102119153,Checkers,0,GAME_OVER,39,38,2,48,MCTS_v0,-1.0,1.0,MCTS_v0
-1548536910,Checkers,0,GAME_OVER,83,82,2,49,MCTS_v0,1.0,-1.0,MCTS_v0
1327076190,Checkers,0,GAME_OVER,53,52,2,50,MCTS_v0,-1.0,1.0,MCTS_v0
497806905,Checkers,0,GAME_OVER,62,61,2,51,MCTS_v0,1.0,-1.0,MCTS_v0
-76330646,Checkers,0,GAME_OVER,52,51,2,52,MCTS_v0,1.0,-1.0,MCTS_v0
264015619,Checkers,0,GAME_OVER,94,93,2,53,MCTS_v0,1.0,-1.0,MCTS_v0
1893404572,Checkers,0,GAME_OVER,51,50,2,54,MCTS_v0,-1.0,1.0,MCTS_v0
-565339805,Checkers,0,GAME_OVER,71,70,2,55,MCTS_v0,-1.0,1.0,MCTS_v0
-1175914298,Checkers,0,GAME_OVER,99,98,2,56,MCTS_v0,-1.0,1.0,MCTS_v0
-632265362,Checkers,0,GAME_OVER,60,59,2,57,MCTS_v0,1.0,-1.0,MCTS_v0
2046256605,Checkers,0,GAME_OVER,58,57,2,58,MCTS_v0,-1.0,1.0,MCTS_v0
1768457643,Checkers,0,GAME_OVER,58,57,2,59,MCTS_v0,-1.0,1.0,MCTS_v0
-1394766124,Checkers,0,GAME_OVER,122,121,2,60,MCTS_v0,0.0,0.0,MCTS_v0
-1689546336,Checkers,0,GAME_OVER,101,100,2,61,MCTS_v0,-1.0,1.0,MCTS_v0
1875269677,Checkers,0,GAME_OVER,60,59,2,62,MCTS_v0,1.0,-1.0,MCTS_v0
1044422073,Checkers,0,GAME_OVER,52,51,2,63,MCTS_v0,1.0,-1.0,MCTS_v0
-670988510,Checkers,0,GAME_OVER,103,102,2,64,MCTS_v0,0.0,0.0,MCTS_v0
-1153208236,Checkers,0,GAME_OVER,107,106,2,65,MCTS_v0,0.0,0.0,MCTS_v0
1519893650,Checkers,0,GAME_OVER,50,49,2,66,MCTS_v0,-1.0,1.0,MCTS_v0
731102457,Checkers,0,GAME_OVER,79,78,2,67,MCTS_v0,1.0,-1.0,MCTS_v0
1810202379,Checkers,0,GAME_OVER,61,60,2,68,MCTS_v0,1.0,-1.0,MCTS_v0
682666506,Checkers,0,GAME_OVER,48,47,2,69,MCTS_v0,-1.0,1.0,MCTS_v0
-468511048,Checkers,0,GAME_OVER,48,47,2,70,MCTS_v0,-1.0,1.0,MCTS_v0
2106028651,Checkers,0,GAME_OVER,71,70,2,71,MCTS_v0,1.0,-1.0,MCTS_v0
1689297396,Checkers,0,GAME_OVER,67,66,2,72,MCTS_v0,1.0,-1.0,MCTS_v0
-1752144906,Checkers,0,GAME_OVER,81,80,2,73,MCTS_v0,-1.0,1.0,MCTS_v0
-104552497,Checkers,0,GAME_OVER,67,66,2,74,MCTS_v0,1.0,-1.0,MCTS_v0
1311743159,Checkers,0,GAME_OVER,54,53,2,75,MCTS_v0,1.0,-1.0,MCTS_v0
-31779374,Checkers,0,GAME_OVER,93,92,2,76,MCTS_v0,-1.0,1.0,MCTS_v0
1647512635,Checkers,0,GAME_OVER,67,66,2,77,MCTS_v0,1.0,-1.0,MCTS_v0
-1466885964,Checkers,0,GAME_OVER,65,64,2,78,MCTS_v0,-1.0,1.0,MCTS_v0
-237358204,Checkers,0,GAME_OVER,122,121,2,79,MCTS_v0,0.0,0.0,MCTS_v0
1476668398,Checkers,0,GAME_OVER,60,59,2,80,MCTS_v0,-1.0,1.0,MCTS_v0
2041525592,Checkers,0,GAME_OVER,51,50,2,81,MCTS_v0,-1.0,1.0,MCTS_v0
-1783160242,Checkers,0,GAME_OVER,135,134,2,82,MCTS_v0,0.0,0.0,MCTS_v0
-297938423,Checkers,0,GAME_OVER,102,101,2,83,MCTS_v0,1.0,-1.0,MCTS_v0
-1640736276,Checkers,0,GAME_OVER,66,65,2,84,MCTS_v0,1.0,-1.0,MCTS_v0
-1595788062,Checkers,0,GAME_OVER,58,57,2,85,MCTS_v0,1.0,-1.0,MCTS_v0
312006714,Checkers,0,GAME_OVER,86,85,2,86,MCTS_v0,1.0,-1.0,MCTS_v0
1198380771,Checkers,0,GAME_OVER,48,47,2,87,MCTS_v0,-1.0,1.0,MCTS_v0
1347895049,Checkers,0,GAME_OVER,110,109,2,88,MCTS_v0,0.0,0.0,MCTS_v0
-2058389133,Checkers,0,GAME_OVER,55,54,2,89,MCTS_v0,-1.0,1.0,MCTS_v0
805075370,Checkers,0,GAME_OVER,52,51,2,90,MCTS_v0,-1.0,1.0,MCTS_v0
944778537,Checkers,0,GAME_OVER,158,157,2,91,MCTS_v0,0.0,0.0,MCTS_v0
1429879203,Checkers,0,GAME_OVER,62,61,2,92,MCTS_v0,1.0,-1.0,MCTS_v0
2026556386,Checkers,0,GAME_OVER,57,56,2,93,MCTS_v0,-1.0,1.0,MCTS_v0
-166794102,Checkers,0,GAME_OVER,88,87,2,94,MCTS_v0,-1.0,1.0,MCTS_v0
58593981,Checkers,0,GAME_OVER,63,62,2,95,MCTS_v0,-1.0,1.0,MCTS_v0
-1977593602,Checkers,0,GAME_OVER,79,78,2,96,MCTS_v0,-1.0,1.0,MCTS_v0
1424551860,Checkers,0,GAME_OVER,175,174,2,97,MCTS_v0,0.0,0.0,MCTS_v0
-294631709,Checkers,0,GAME_OVER,115,114,2,98,MCTS_v0,0.0,0.0,MCTS_v0
1580888036,Checkers,0,GAME_OVER,87,86,2,99,MCTS_v0,-1.0,1.0,MCTS_v0
-1262192828,Checkers,0,GAME_OVER,126,125,2,100,MCTS_v0,1.0,-1.0,MCTS_v0
-520792367,Checkers,0,GAME_OVER,51,50,2,101,MCTS_v0,-1.0,1.0,MCTS_v0
255134340,Checkers,0,GAME_OVER,46,45,2,102,MCTS_v0,-1.0,1.0,MCTS_v0
-826436583,Checkers,0,GAME_OVER,67,66,2,103,MCTS_v0,1.0,-1.0,MCTS_v0
-1599117363,Checkers,0,GAME_OVER,61,60,2,104,MCTS_v0,-1.0,1.0,MCTS_v0
1407376506,Checkers,0,GAME_OVER,113,112,2,105,MCTS_v0,0.0,0.0,MCTS_v0
1196226270,Checkers,0,GAME_OVER,62,61,2,106,MCTS_v0,-1.0,1.0,MCTS_v0
180317213,Checkers,0,GAME_OVER,66,65,2,107,MCTS_v0,-1.0,1.0,MCTS_v0
-1089034847,Checkers,0,GAME_OVER,106,105,2,108,MCTS_v0,0.0,0.0,MCTS_v0
-661079174,Checkers,0,GAME_OVER,125,124,2,109,MCTS_v0,0.0,0.0,MCTS_v0
141202736,Checkers,0,GAME_OVER,57,56,2,110,MCTS_v0,1.0,-1.0,MCTS_v0
539395410,Checkers,0,GAME_OVER,148,147,2,111,MCTS_v0,0.0,0.0,MCTS_v0
-1613865414,Checkers,0,GAME_OVER,68,67,2,112,MCTS_v0,1.0,-1.0,MCTS_v0
1666986907,Checkers,0,GAME_OVER,152,151,2,113,MCTS_v0,0.0,0.0,MCTS_v0
781509347,Checkers,0,GAME_OVER,64,63,2,114,MCTS_v0,1.0,-1.0,MCTS_v0
-1185713591,Checkers,0,GAME_OVER,108,107,2,115,MCTS_v0,0.0,0.0,MCTS_v0
-768592755,Checkers,0,GAME_OVER,124,123,2,116,MCTS_v0,0.0,0.0,MCTS_v0
1848283739,Checkers,0,GAME_OVER,56,55,2,117,MCTS_v0,-1.0,1.0,MCTS_v0
876527158,Checkers,0,GAME_OVER,78,77,2,118,MCTS_v0,-1.0,1.0,MCTS_v0
-1243257703,Checkers,0,GAME_OVER,60,59,2,119,MCTS_v0,1.0,-1.0,MCTS_v0
980760651,Checkers,0,GAME_OVER,113,112,2,120,MCTS_v0,0.0,0.0,MCTS_v0
249467615,Checkers,0,GAME_OVER,49,48,2,121,MCTS_v0,1.0,-1.0,MCTS_v0
1096153373,Checkers,0,GAME_OVER,152,151,2,122,MCTS_v0,0.0,0.0,MCTS_v0
1095634930,Checkers,0,GAME_OVER,62,61,2,123,MCTS_v0,-1.0,1.0,MCTS_v0
992054627,Checkers,0,GAME_OVER,76,75,2,124,MCTS_v0,-1.0,1.0,MCTS_v0
943147304,Checkers,0,GAME_OVER,59,58,2,125,MCTS_v0,1.0,-1.0,MCTS_v0
-25807258,Checkers,0,GAME_OVER,50,49,2,126,MCTS_v0,1.0,-1.0,MCTS_v0
-2024265103,Checkers,0,GAME_OVER,64,63,2,127,MCTS_v0,-1.0,1.0,MCTS_v0
-1895528500,Checkers,0,GAME_OVER,162,161,2,128,MCTS_v0,0.0,0.0,MCTS_v0
897977476,Checkers,0,GAME_OVER,124,123,2,129,MCTS_v0,0.0,0.0,MCTS_v0
965342494,Checkers,0,GAME_OVER,122,121,2,130,MCTS_v0,0.0,0.0,MCTS_v0
-1255858635,Checkers,0,GAME_OVER,122,121,2,131,MCTS_v0,0.0,0.0,MCTS_v0
-1355268224,Checkers,0,GAME_OVER,185,184,2,132,MCTS_v0,0.0,0.0,MCTS_v0
-1557392058,Checkers,0,GAME_OVER,158,157,2,133,MCTS_v0,0.0,0.0,MCTS_v0
149319218,Checkers,0,GAME_OVER,79,78,2,134,MCTS_v0,-1.0,1.0,MCTS_v0
-2141470671,Checkers,0,GAME_OVER,46,45,2,135,MCTS_v0,1.0,-1.0,MCTS_v0
-1112022837,Checkers,0,GAME_OVER,47,46,2,136,MCTS_v0,1.0,-1.0,MCTS_v0
1399308729,Checkers,0,GAME_OVER,119,118,2,137,MCTS_v0,0.0,0.0,MCTS_v0
-879417256,Checkers,0,GAME_OVER,56,55,2,138,MCTS_v0,1.0,-1.0,MCTS_v0
1871388739,Checkers,0,GAME_OVER,57,56,2,139,MCTS_v0,-1.0,1.0,MCTS_v0
1221868741,Checkers,0,GAME_OVER,61,60,2,140,MCTS_v0,1.0,-1.0,MCTS_v0
-226707887,Checkers,0,GAME_OVER,176,175,2,141,MCTS_v0,0.0,0.0,MCTS_v0
-481794513,Checkers,0,GAME_OVER,122,121,2,142,MCTS_v0,0.0,0.0,MCTS_v0
1667352198,Checkers,0,GAME_OVER,128,127,2,143,MCTS_v0,-1.0,1.0,MCTS_v0
-1170055652,Checkers,0,GAME_OVER,50,49,2,144,MCTS_v0,1.0,-1.0,MCTS_v0
-2042540765,Checkers,0,GAME_OVER,59,58,2,145,MCTS_v0,-1.0,1.0,MCTS_v0
1822806693,Checkers,0,GAME_OVER,95,94,2,146,MCTS_v0,1.0,-1.0,MCTS_v0
-913640989,Checkers,0,GAME_OVER,103,102,2,147,MCTS_v0,-1.0,1.0,MCTS_v0
-839375338,Checkers,0,GAME_OVER,67,66,2,148,MCTS_v0,1.0,-1.0,MCTS_v0
1993279638,Checkers,0,GAME_OVER,116,115,2,149,MCTS_v0,0.0,0.0,MCTS_v0
1332023192,Checkers,0,GAME_OVER,54,53,2,150,MCTS_v0,1.0,-1.0,MCTS_v0
-1526158354,Checkers,0,GAME_OVER,67,66,2,151,MCTS_v0,-1.0,1.0,MCTS_v0
768030165,Checkers,0,GAME_OVER,100,99,2,152,MCTS_v0,0.0,0.0,MCTS_v0
-4522662,Checkers,0,GAME_OVER,75,74,2,153,MCTS_v0,-1.0,1.0,MCTS_v0
1735789247,Checkers,0,GAME_OVER,43,42,2,154,MCTS_v0,1.0,-1.0,MCTS_v0
2113586671,Checkers,0,GAME_OVER,93,92,2,155,MCTS_v0,0.0,0.0,MCTS_v0
-152655907,Checkers,0,GAME_OVER,111,110,2,156,MCTS_v0,1.0,-1.0,MCTS_v0
1175873433,Checkers,0,GAME_OVER,182,181,2,157,MCTS_v0,0.0,0.0,MCTS_v0
222117067,Checkers,0,GAME_OVER,52,51,2,158,MCTS_v0,-1.0,1.0,MCTS_v0
-248507587,Checkers,0,GAME_OVER,66,65,2,159,MCTS_v0,-1.0,1.0,MCTS_v0
-224371245,Checkers,0,GAME_OVER,65,64,2,160,MCTS_v0,-1.0,1.0,MCTS_v0
-691609747,Checkers,0,GAME_OVER,52,51,2,161,MCTS_v0,1.0,-1.0,MCTS_v0
322057929,Checkers,0,GAME_OVER,53,52,2,162,MCTS_v0,-1.0,1.0,MCTS_v0
803239122,Checkers,0,GAME_OVER,78,77,2,163,MCTS_v0,1.0,-1.0,MCTS_v0
593421959,Checkers,0,GAME_OVER,71,70,2,164,MCTS_v0,-1.0,1.0,MCTS_v0
-1245126511,Checkers,0,GAME_OVER,60,59,2,165,MCTS_v0,-1.0,1.0,MCTS_v0
1024401865,Checkers,0,GAME_OVER,108,107,2,166,MCTS_v0,0.0,0.0,MCTS_v0
1321437724,Checkers,0,GAME_OVER,103,102,2,167,MCTS_v0,-1.0,1.0,MCTS_v0
-1348124620,Checkers,0,GAME_OVER,108,107,2,168,MCTS_v0,0.0,0.0,MCTS_v0
283547994,Checkers,0,GAME_OVER,55,54,2,169,MCTS_v0,1.0,-1.0,MCTS_v0
-158985020,Checkers,0,GAME_OVER,62,61,2,170,MCTS_v0,1.0,-1.0,MCTS_v0
-492758255,Checkers,0,GAME_OVER,109,108,2,171,MCTS_v0,0.0,0.0,MCTS_v0
1833564934,Checkers,0,GAME_OVER,88,87,2,172,MCTS_v0,1.0,-1.0,MCTS_v0
-224906009,Checkers,0,GAME_OVER,182,181,2,173,MCTS_v0,0.0,0.0,MCTS_v0
2136695994,Checkers,0,GAME_OVER,84,83,2,174,MCTS_v0,-1.0,1.0,MCTS_v0
-2068476027,Checkers,0,GAME_OVER,139,138,2,175,MCTS_v0,0.0,0.0,MCTS_v0
1558413275,Checkers,0,GAME_OVER,50,49,2,176,MCTS_v0,1.0,-1.0,MCTS_v0
1264718999,Checkers,0,GAME_OVER,57,56,2,177,MCTS_v0,1.0,-1.0,MCTS_v0
521294619,Checkers,0,GAME_OVER,142,141,2,178,MCTS_v0,0.0,0.0,MCTS_v0
1947600831,Checkers,0,GAME_OVER,82,81,2,179,MCTS_v0,1.0,-1.0,MCTS_v0
1340833613,Checkers,0,GAME_OVER,49,48,2,180,MCTS_v0,1.0,-1.0,MCTS_v0
1415097531,Checkers,0,GAME_OVER,154,153,2,181,MCTS_v0,-1.0,1.0,MCTS_v0
491503207,Checkers,0,GAME_OVER,54,53,2,182,MCTS_v0,1.0,-1.0,MCTS_v0
2011490889,Checkers,0,GAME_OVER,45,44,2,183,MCTS_v0,1.0,-1.0,MCTS_v0
133942512,Checkers,0,GAME_OVER,154,153,2,184,MCTS_v0,0.0,0.0,MCTS_v0
-1548158836,Checkers,0,GAME_OVER,62,61,2,185,MCTS_v0,1.0,-1.0,MCTS_v0
-70469352,Checkers,0,GAME_OVER,60,59,2,186,MCTS_v0,1.0,-1.0,MCTS_v0
1373698822,Checkers,0,GAME_OVER,68,67,2,187,MCTS_v0,-1.0,1.0,MCTS_v0
719792855,Checkers,0,GAME_OVER,49,48,2,188,MCTS_v0,1.0,-1.0,MCTS_v0
2013247839,Checkers,0,GAME_OVER,156,155,2,189,MCTS_v0,0.0,0.0,MCTS_v0
-1373820225,Checkers,0,GAME_OVER,164,163,2,190,MCTS_v0,0.0,0.0,MCTS_v0
-1226420342,Checkers,0,GAME_OVER,62,61,2,191,MCTS_v0,1.0,-1.0,MCTS_v0
43305309,Checkers,0,GAME_OVER,56,55,2,192,MCTS_v0,-1.0,1.0,MCTS_v0
1574499606,Checkers,0,GAME_OVER,45,44,2,193,MCTS_v0,-1.0,1.0,MCTS_v0
-1760764052,Checkers,0,GAME_OVER,76,75,2,194,MCTS_v0,1.0,-1.0,MCTS_v0
-1264995163,Checkers,0,GAME_OVER,51,50,2,195,MCTS_v0,1.0,-1.0,MCTS_v0
-1062371551,Checkers,0,GAME_OVER,143,142,2,196,MCTS_v0,1.0,-1.0,MCTS_v0
-1125881895,Checkers,0,GAME_OVER,136,135,2,197,MCTS_v0,0.0,0.0,MCTS_v0
-529553070,Checkers,0,GAME_OVER,49,48,2,198,MCTS_v0,1.0,-1.0,MCTS_v0
1307334977,Checkers,0,GAME_OVER,207,206,2,199,MCTS_v0,0.0,0.0,MCTS_v0
-1047134894,Checkers,0,GAME_OVER,143,142,2,200,MCTS_v0,0.0,0.0,MCTS_v0
1306713350,Checkers,0,GAME_OVER,72,71,2,201,MCTS_v0,-1.0,1.0,MCTS_v0
-166180472,Checkers,0,GAME_OVER,56,55,2,202,MCTS_v0,-1.0,1.0,OSLA
702970291,Checkers,0,GAME_OVER,92,91,2,203,MCTS_v0,0.0,0.0,OSLA
-2093688957,Checkers,0,GAME_OVER,51,50,2,204,MCTS_v0,-1.0,1.0,OSLA
15277285,Checkers,0,GAME_OVER,51,50,2,205,MCTS_v0,-1.0,1.0,OSLA
-1236454748,Checkers,0,GAME_OVER,104,103,2,206,MCTS_v0,-1.0,1.0,OSLA
249439406,Checkers,0,GAME_OVER,89,88,2,207,MCTS_v0,-1.0,1.0,OSLA
302495374,Checkers,0,GAME_OVER,76,75,2,208,MCTS_v0,-1.0,1.0,OSLA
-741054849,Checkers,0,GAME_OVER,159,158,2,209,MCTS_v0,0.0,0.0,OSLA
-1426144559,Checkers,0,GAME_OVER,94,93,2,210,MCTS_v0,-1.0,1.0,OSLA
118065288,Checkers,0,GAME_OVER,83,82,2,211,MCTS_v0,-1.0,1.0,OSLA
1705451795,Checkers,0,GAME_OVER,46,45,2,212,MCTS_v0,1.0,-1.0,OSLA
-1138379803,Checkers,0,GAME_OVER,95,94,2,213,MCTS_v0,-1.0,1.0,OSLA
-792105690,Checkers,0,GAME_OVER,121,120,2,214,MCTS_v0,-1.0,1.0,OSLA
251240563,Checkers,0,GAME_OVER,142,141,2,215,MCTS_v0,0.0,0.0,OSLA
616215289,Checkers,0,GAME_OVER,93,92,2,216,MCTS_v0,1.0,-1.0,OSLA
286491649,Checkers,0,GAME_OVER,136,135,2,217,MCTS_v0,0.0,0.0,OSLA
-1837327222,Checkers,0,GAME_OVER,36,35,2,218,MCTS_v0,1.0,-1.0,OSLA
1731803123,Checkers,0,GAME_OVER,74,73,2,219,MCTS_v0,-1.0,1.0,OSLA
416791102,Checkers,0,GAME_OVER,103,102,2,220,MCTS_v0,0.0,0.0,OSLA
216396693,Checkers,0,GAME_OVER,42,41,2,221,MCTS_v0,1.0,-1.0,OSLA
-848119213,Checkers,0,GAME_OVER,132,131,2,222,MCTS_v0,0.0,0.0,OSLA
-621865294,Checkers,0,GAME_OVER,79,78,2,223,MCTS_v0,-1.0,1.0,OSLA
878598204,Checkers,0,GAME_OVER,73,72,2,224,MCTS_v0,-1.0,1.0,OSLA
-1699676377,Checkers,0,GAME_OVER,51,50,2,225,MCTS_v0,1.0,-1.0,OSLA
638614319,Checkers,0,GAME_OVER,39,38,2,226,MCTS_v0,1.0,-1.0,OSLA
-1286171248,Checkers,0,GAME_OVER,111,110,2,227,MCTS_v0,0.0,0.0,OSLA
1496380205,Checkers,0,GAME_OVER,92,91,2,228,MCTS_v0,-1.0,1.0,OSLA
-535007174,Checkers,0,GAME_OVER,95,94,2,229,MCTS_v0,0.0,0.0,OSLA
351376967,Checkers,0,GAME_OVER,54,53,2,230,MCTS_v0,-1.0,1.0,OSLA
-1920732930,Checkers,0,GAME_OVER,83,82,2,231,MCTS_v0,0.0,0.0,OSLA
2092088305,Checkers,0,GAME_OVER,65,64,2,232,MCTS_v0,-1.0,1.0,OSLA
-2053051970,Checkers,0,GAME_OVER,70,69,2,233,MCTS_v0,-1.0,1.0,OSLA
-1794684255,Checkers,0,GAME_OVER,118,117,2,234,MCTS_v0,0.0,0.0,OSLA
-1721045876,Checkers,0,GAME_OVER,69,68,2,235,MCTS_v0,-1.0,1.0,OSLA
-1727902706,Checkers,0,GAME_OVER,61,60,2,236,MCTS_v0,-1.0,1.0,OSLA
975488968,Checkers,0,GAME_OVER,101,100,2,237,MCTS_v0,0.0,0.0,OSLA
1884247749,Checkers,0,GAME_OVER,54,53,2,238,MCTS_v0,-1.0,1.0,OSLA
695442367,Checkers,0,GAME_OVER,76,75,2,239,MCTS_v0,-1.0,1.0,OSLA
1999740919,Checkers,0,GAME_OVER,113,112,2,240,MCTS_v0,-1.0,1.0,OSLA
-967129467,Checkers,0,GAME_OVER,95,94,2,241,MCTS_v0,-1.0,1.0,OSLA
168838819,Checkers,0,GAME_OVER,57,56,2,242,MCTS_v0,-1.0,1.0,OSLA
-2108529625,Checkers,0,GAME_OVER,99,98,2,243,MCTS_v0,1.0,-1.0,OSLA
-2104692336,Checkers,0,GAME_OVER,76,75,2,244,MCTS_v0,-1.0,1.0,OSLA
-1813011348,Checkers,0,GAME_OVER,64,63,2,245,MCTS_v0,-1.0,1.0,OSLA
-1930282061,Checkers,0,GAME_OVER,96,95,2,246,MCTS_v0,0.0,0.0,OSLA
2023066801,Checkers,0,GAME_OVER,43,42,2,247,MCTS_v0,1.0,-1.0,OSLA
102119153,Checkers,0,GAME_OVER,87,86,2,248,MCTS_v0,-1.0,1.0,OSLA
-1548536910,Checkers,0,GAME_OVER,44,43,2,249,MCTS_v0,-1.0,1.0,OSLA
1327076190,Checkers,0,GAME_OVER,70,69,2,250,MCTS_v0,-1.0,1.0,OSLA
497806905,Checkers,0,GAME_OVER,40,39,2,251,MCTS_v0,1.0,-1.0,OSLA
-76330646,Checkers,0,GAME_OVER,45,44,2,252,MCTS_v0,-1.0,1.0,OSLA
264015619,Checkers,0,GAME_OVER,62,61,2,253,MCTS_v0,-1.0,1.0,OSLA
1893404572,Checkers,0,GAME_OVER,109,108,2,254,MCTS_v0,-1.0,1.0,OSLA
-565339805,Checkers,0,GAME_OVER,70,69,2,255,MCTS_v0,-1.0,1.0,OSLA
-1175914298,Checkers,0,GAME_OVER,117,116,2,256,MCTS_v0,-1.0,1.0,OSLA
-632265362,Checkers,0,GAME_OVER,51,50,2,257,MCTS_v0,-1.0,1.0,OSLA
2046256605,Checkers,0,GAME_OVER,53,52,2,258,MCTS_v0,-1.0,1.0,OSLA
1768457643,Checkers,0,GAME_OVER,85,84,2,259,MCTS_v0,0.0,0.0,OSLA
-1394766124,Checkers,0,GAME_OVER,46,45,2,260,MCTS_v0,-1.0,1.0,OSLA
-1689546336,Checkers,0,GAME_OVER,77,76,2,261,MCTS_v0,-1.0,1.0,OSLA
1875269677,Checkers,0,GAME_OVER,112,111,2,262,MCTS_v0,-1.0,1.0,OSLA
1044422073,Checkers,0,GAME_OVER,99,98,2,263,MCTS_v0,0.0,0.0,OSLA
-670988510,Checkers,0,GAME_OVER,123,122,2,264,MCTS_v0,0.0,0.0,OSLA
-1153208236,Checkers,0,GAME_OVER,57,56,2,265,MCTS_v0,-1.0,1.0,OSLA
1519893650,Checkers,0,GAME_OVER,49,48,2,266,MCTS_v0,-1.0,1.0,OSLA
731102457,Checkers,0,GAME_OVER,101,100,2,267,MCTS_v0,-1.0,1.0,OSLA
1810202379,Checkers,0,GAME_OVER,48,47,2,268,MCTS_v0,-1.0,1.0,OSLA
682666506,Checkers,0,GAME_OVER,58,57,2,269,MCTS_v0,1.0,-1.0,OSLA
-468511048,Checkers,0,GAME_OVER,65,64,2,270,MCTS_v0,-1.0,1.0,OSLA
2106028651,Checkers,0,GAME_OVER,70,69,2,271,MCTS_v0,-1.0,1.0,OSLA
1689297396,Checkers,0,GAME_OVER,55,54,2,272,MCTS_v0,1.0,-1.0,OSLA
-1752144906,Checkers,0,GAME_OVER,43,42,2,273,MCTS_v0,1.0,-1.0,OSLA
-104552497,Checkers,0,GAME_OVER,51,50,2,274,MCTS_v0,-1.0,1.0,OSLA
1311743159,Checkers,0,GAME_OVER,52,51,2,275,MCTS_v0,-1.0,1.0,OSLA
-31779374,Checkers,0,GAME_OVER,47,46,2,276,MCTS_v0,1.0,-1.0,OSLA
1647512635,Checkers,0,GAME_OVER,52,51,2,277,MCTS_v0,-1.0,1.0,OSLA
-1466885964,Checkers,0,GAME_OVER,80,79,2,278,MCTS_v0,1.0,-1.0,OSLA
-237358204,Checkers,0,GAME_OVER,98,97,2,279,MCTS_v0,-1.0,1.0,OSLA
1476668398,Checkers,0,GAME_OVER,57,56,2,280,MCTS_v0,-1.0,1.0,OSLA
2041525592,Checkers,0,GAME_OVER,76,75,2,281,MCTS_v0,-1.0,1.0,OSLA
-1783160242,Checkers,0,GAME_OVER,53,52,2,282,MCTS_v0,1.0,-1.0,OSLA
-297938423,Checkers,0,GAME_OVER,71,70,2,283,MCTS_v0,-1.0,1.0,OSLA
-1640736276,Checkers,0,GAME_OVER,72,71,2,284,MCTS_v0,-1.0,1.0,OSLA
-1595788062,Checkers,0,GAME_OVER,69,68,2,285,MCTS_v0,-1.0,1.0,OSLA
312006714,Checkers,0,GAME_OVER,56,55,2,286,MCTS_v0,-1.0,1.0,OSLA
1198380771,Checkers,0,GAME_OVER,56,55,2,287,MCTS_v0,-1.0,1.0,OSLA
1347895049,Checkers,0,GAME_OVER,61,60,2,288,MCTS_v0,1.0,-1.0,OSLA
-2058389133,Checkers,0,GAME_OVER,51,50,2,289,MCTS_v0,1.0,-1.0,OSLA
805075370,Checkers,0,GAME_OVER,56,55,2,290,MCTS_v0,1.0,-1.0,OSLA
944778537,Checkers,0,GAME_OVER,103,102,2,291,MCTS_v0,0.0,0.0,OSLA
1429879203,Checkers,0,GAME_OVER,111,110,2,292,MCTS_v0,0.0,0.0,OSLA
2026556386,Checkers,0,GAME_OVER,61,60,2,293,MCTS_v0,1.0,-1.0,OSLA
-166794102,Checkers,0,GAME_OVER,76,75,2,294,MCTS_v0,-1.0,1.0,OSLA
58593981,Checkers,0,GAME_OVER,72,71,2,295,MCTS_v0,-1.0,1.0,OSLA
-1977593602,Checkers,0,GAME_OVER,104,103,2,296,MCTS_v0,1.0,-1.0,OSLA
1424551860,Checkers,0,GAME_OVER,126,125,2,297,MCTS_v0,0.0,0.0,OSLA
-294631709,Checkers,0,GAME_OVER,52,51,2,298,MCTS_v0,-1.0,1.0,OSLA
1580888036,Checkers,0,GAME_OVER,63,62,2,299,MCTS_v0,-1.0,1.0,OSLA
-1262192828,Checkers,0,GAME_OVER,45,44,2,300,MCTS_v0,-1.0,1.0,OSLA
-520792367,Checkers,0,GAME_OVER,91,90,2,301,MCTS_v0,-1.0,1.0,OSLA
255134340,Checkers,0,GAME_OVER,91,90,2,302,MCTS_v0,0.0,0.0,OSLA
-826436583,Checkers,0,GAME_OVER,59,58,2,303,MCTS_v0,-1.0,1.0,OSLA
-1599117363,Checkers,0,GAME_OVER,126,125,2,304,MCTS_v0,0.0,0.0,OSLA
1407376506,Checkers,0,GAME_OVER,133,132,2,305,MCTS_v0,0.0,0.0,OSLA
1196226270,Checkers,0,GAME_OVER,51,50,2,306,MCTS_v0,-1.0,1.0,OSLA
180317213,Checkers,0,GAME_OVER,52,51,2,307,MCTS_v0,-1.0,1.0,OSLA
-1089034847,Checkers,0,GAME_OVER,57,56,2,308,MCTS_v0,1.0,-1.0,OSLA
-661079174,Checkers,0,GAME_OVER,140,139,2,309,MCTS_v0,-1.0,1.0,OSLA
141202736,Checkers,0,GAME_OVER,49,48,2,310,MCTS_v0,-1.0,1.0,OSLA
539395410,Checkers,0,GAME_OVER,53,52,2,311,MCTS_v0,-1.0,1.0,OSLA
-1613865414,Checkers,0,GAME_OVER,88,87,2,312,MCTS_v0,-1.0,1.0,OSLA
1666986907,Checkers,0,GAME_OVER,47,46,2,313,MCTS_v0,-1.0,1.0,OSLA
781509347,Checkers,0,GAME_OVER,67,66,2,314,MCTS_v0,-1.0,1.0,OSLA
-1185713591,Checkers,0,GAME_OVER,81,80,2,315,MCTS_v0,0.0,0.0,OSLA
-768592755,Checkers,0,GAME_OVER,61,60,2,316,MCTS_v0,1.0,-1.0,OSLA
1848283739,Checkers,0,GAME_OVER,90,89,2,317,MCTS_v0,-1.0,1.0,OSLA
876527158,Checkers,0,GAME_OVER,54,53,2,318,MCTS_v0,-1.0,1.0,OSLA
-1243257703,Checkers,0,GAME_OVER,51,50,2,319,MCTS_v0,1.0,-1.0,OSLA
980760651,Checkers,0,GAME_OVER,59,58,2,320,MCTS_v0,-1.0,1.0,OSLA
249467615,Checkers,0,GAME_OVER,116,115,2,321,MCTS_v0,0.0,0.0,OSLA
1096153373,Checkers,0,GAME_OVER,77,76,2,322,MCTS_v0,-1.0,1.0,OSLA
1095634930,Checkers,0,GAME_OVER,65,64,2,323,MCTS_v0,-1.0,1.0,OSLA
992054627,Checkers,0,GAME_OVER,69,68,2,324,MCTS_v0,-1.0,1.0,OSLA
943147304,Checkers,0,GAME_OVER,76,75,2,325,MCTS_v0,-1.0,1.0,OSLA
-25807258,Checkers,0,GAME_OVER,76,75,2,326,MCTS_v0,-1.0,1.0,OSLA
-2024265103,Checkers,0,GAME_OVER,128,127,2,327,MCTS_v0,0.0,0.0,OSLA
-1895528500,Checkers,0,GAME_OVER,47,46,2,328,MCTS_v0,-1.0,1.0,OSLA
897977476,Checkers,0,GAME_OVER,58,57,2,329,MCTS_v0,-1.0,1.0,OSLA
965342494,Checkers,0,GAME_OVER,52,51,2,330,MCTS_v0,1.0,-1.0,OSLA
-1255858635,Checkers,0,GAME_OVER,126,125,2,331,MCTS_v0,0.0,0.0,OSLA
-1355268224,Checkers,0,GAME_OVER,65,64,2,332,MCTS_v0,1.0,-1.0,OSLA
-1557392058,Checkers,0,GAME_OVER,87,86,2,333,MCTS_v0,-1.0,1.0,OSLA
149319218,Checkers,0,GAME_OVER,60,59,2,334,MCTS_v0,1.0,-1.0,OSLA
-2141470671,Checkers,0,GAME_OVER,101,100,2,335,MCTS_v0,-1.0,1.0,OSLA
-1112022837,Checkers,0,GAME_OVER,67,66,2,336,MCTS_v0,-1.0,1.0,OSLA
1399308729,Checkers,0,GAME_OVER,75,74,2,337,MCTS_v0,-1.0,1.0,OSLA
-879417256,Checkers,0,GAME_OVER,76,75,2,338,MCTS_v0,-1.0,1.0,OSLA
1871388739,Checkers,0,GAME_OVER,82,81,2,339,MCTS_v0,-1.0,1.0,OSLA
1221868741,Checkers,0,GAME_OVER,77,76,2,340,MCTS_v0,-1.0,1.0,OSLA
-226707887,Checkers,0,GAME_OVER,48,47,2,341,MCTS_v0,1.0,-1.0,OSLA
-481794513,Checkers,0,GAME_OVER,53,52,2,342,MCTS_v0,1.0,-1.0,OSLA
1667352198,Checkers,0,GAME_OVER,67,66,2,343,MCTS_v0,-1.0,1.0,OSLA
-1170055652,Checkers,0,GAME_OVER,106,105,2,344,MCTS_v0,0.0,0.0,OSLA
-2042540765,Checkers,0,GAME_OVER,62,61,2,345,MCTS_v0,-1.0,1.0,OSLA
1822806693,Checkers,0,GAME_OVER,93,92,2,346,MCTS_v0,0.0,0.0,OSLA
-913640989,Checkers,0,GAME_OVER,75,74,2,347,MCTS_v0,-1.0,1.0,OSLA
-839375338,Checkers,0,GAME_OVER,75,74,2,348,MCTS_v0,-1.0,1.0,OSLA
1993279638,Checkers,0,GAME_OVER,127,126,2,349,MCTS_v0,0.0,0.0,OSLA
1332023192,Checkers,0,GAME_OVER,155,154,2,350,MCTS_v0,0.0,0.0,OSLA
-1526158354,Checkers,0,GAME_OVER,118,117,2,351,MCTS_v0,1.0,-1.0,OSLA
768030165,Checkers,0,GAME_OVER,49,48,2,352,MCTS_v0,-1.0,1.0,OSLA
-4522662,Checkers,0,GAME_OVER,53,52,2,353,MCTS_v0,-1.0,1.0,OSLA
1735789247,Checkers,0,GAME_OVER,71,70,2,354,MCTS_v0,-1.0,1.0,OSLA
2113586671,Checkers,0,GAME_OVER,63,62,2,355,MCTS_v0,-1.0,1.0,OSLA
-152655907,Checkers,0,GAME_OVER,99,98,2,356,MCTS_v0,-1.0,1.0,OSLA
1175873433,Checkers,0,GAME_OVER,46,45,2,357,MCTS_v0,1.0,-1.0,OSLA
222117067,Checkers,0,GAME_OVER,67,66,2,358,MCTS_v0,-1.0,1.0,OSLA
-248507587,Checkers,0,GAME_OVER,119,118,2,359,MCTS_v0,0.0,0.0,OSLA
-224371245,Checkers,0,GAME_OVER,72,71,2,360,MCTS_v0,-1.0,1.0,OSLA
-691609747,Checkers,0,GAME_OVER,138,137,2,361,MCTS_v0,-1.0,1.0,OSLA
322057929,Checkers,0,GAME_OVER,60,59,2,362,MCTS_v0,-1.0,1.0,OSLA
803239122,Checkers,0,GAME_OVER,88,87,2,363,MCTS_v0,-1.0,1.0,OSLA
593421959,Checkers,0,GAME_OVER,33,32,2,364,MCTS_v0,-1.0,1.0,OSLA
-1245126511,Checkers,0,GAME_OVER,46,45,2,365,MCTS_v0,-1.0,1.0,OSLA
1024401865,Checkers,0,GAME_OVER,76,75,2,366,MCTS_v0,-1.0,1.0,OSLA
1321437724,Checkers,0,GAME_OVER,98,97,2,367,MCTS_v0,-1.0,1.0,OSLA
-1348124620,Checkers,0,GAME_OVER,123,122,2,368,MCTS_v0,0.0,0.0,OSLA
283547994,Checkers,0,GAME_OVER,52,51,2,369,MCTS_v0,1.0,-1.0,OSLA
-158985020,Checkers,0,GAME_OVER,63,62,2,370,MCTS_v0,1.0,-1.0,OSLA
-492758255,Checkers,0,GAME_OVER,49,48,2,371,MCTS_v0,-1.0,1.0,OSLA
1833564934,Checkers,0,GAME_OVER,58,57,2,372,MCTS_v0,-1.0,1.0,OSLA
-224906009,Checkers,0,GAME_OVER,79,78,2,373,MCTS_v0,-1.0,1.0,OSLA
2136695994,Checkers,0,GAME_OVER,64,63,2,374,MCTS_v0,-1.0,1.0,OSLA
-2068476027,Checkers,0,GAME_OVER,52,51,2,375,MCTS_v0,-1.0,1.0,OSLA
1558413275,Checkers,0,GAME_OVER,89,88,2,376,MCTS_v0,0.0,0.0,OSLA
1264718999,Checkers,0,GAME_OVER,63,62,2,377,MCTS_v0,-1.0,1.0,OSLA
521294619,Checkers,0,GAME_OVER,87,86,2,378,MCTS_v0,-1.0,1.0,OSLA
1947600831,Checkers,0,GAME_OVER,60,59,2,379,MCTS_v0,-1.0,1.0,OSLA
1340833613,Checkers,0,GAME_OVER,48,47,2,380,MCTS_v0,-1.0,1.0,OSLA
1415097531,Checkers,0,GAME_OVER,89,88,2,381,MCTS_v0,-1.0,1.0,OSLA
491503207,Checkers,0,GAME_OVER,83,82,2,382,MCTS_v0,0.0,0.0,OSLA
2011490889,Checkers,0,GAME_OVER,55,54,2,383,MCTS_v0,-1.0,1.0,OSLA
133942512,Checkers,0,GAME_OVER,62,61,2,384,MCTS_v0,1.0,-1.0,OSLA
-1548158836,Checkers,0,GAME_OVER,56,55,2,385,MCTS_v0,-1.0,1.0,OSLA
-70469352,Checkers,0,GAME_OVER,51,50,2,386,MCTS_v0,-1.0,1.0,OSLA
1373698822,Checkers,0,GAME_OVER,85,84,2,387,MCTS_v0,-1.0,1.0,OSLA
719792855,Checkers,0,GAME_OVER,63,62,2,388,MCTS_v0,-1.0,1.0,OSLA
2013247839,Checkers,0,GAME_OVER,58,57,2,389,MCTS_v0,-1.0,1.0,OSLA
-1373820225,Checkers,0,GAME_OVER,64,63,2,390,MCTS_v0,-1.0,1.0,OSLA
-1226420342,Checkers,0,GAME_OVER,63,62,2,391,MCTS_v0,-1.0,1.0,OSLA
43305309,Checkers,0,GAME_OVER,143,142,2,392,MCTS_v0,0.0,0.0,OSLA
1574499606,Checkers,0,GAME_OVER,88,87,2,393,MCTS_v0,-1.0,1.0,OSLA
-1760764052,Checkers,0,GAME_OVER,61,60,2,394,MCTS_v0,1.0,-1.0,OSLA
-1264995163,Checkers,0,GAME_OVER,66,65,2,395,MCTS_v0,-1.0,1.0,OSLA
-1062371551,Checkers,0,GAME_OVER,64,63,2,396,MCTS_v0,-1.0,1.0,OSLA
-1125881895,Checkers,0,GAME_OVER,62,61,2,397,MCTS_v0,-1.0,1.0,OSLA
-529553070,Checkers,0,GAME_OVER,56,55,2,398,MCTS_v0,-1.0,1.0,OSLA
1307334977,Checkers,0,GAME_OVER,74,73,2,399,MCTS_v0,-1.0,1.0,OSLA
-1047134894,Checkers,0,GAME_OVER,115,114,2,400,MCTS_v0,0.0,0.0,OSLA
1306713350,Checkers,0,GAME_OVER,122,121,2,401,MCTS_v0,0.0,0.0,OSLA
-166180472,Checkers,0,GAME_OVER,43,42,2,402,MCTS_v0,-1.0,1.0,Random
702970291,Checkers,0,GAME_OVER,54,53,2,403,MCTS_v0,-1.0,1.0,Random
-2093688957,Checkers,0,GAME_OVER,31,30,2,404,MCTS_v0,-1.0,1.0,Random
15277285,Checkers,0,GAME_OVER,42,41,2,405,MCTS_v0,-1.0,1.0,Random
-1236454748,Checkers,0,GAME_OVER,47,46,2,406,MCTS_v0,-1.0,1.0,Random
249439406,Checkers,0,GAME_OVER,47,46,2,407,MCTS_v0,-1.0,1.0,Random
302495374,Checkers,0,GAME_OVER,40,39,2,408,MCTS_v0,-1.0,1.0,Random
-741054849,Checkers,0,GAME_OVER,45,44,2,409,MCTS_v0,-1.0,1.0,Random
-1426144559,Checkers,0,GAME_OVER,53,52,2,410,MCTS_v0,-1.0,1.0,Random
118065288,Checkers,0,GAME_OVER,42,41,2,411,MCTS_v0,-1.0,1.0,Random
1705451795,Checkers,0,GAME_OVER,36,35,2,412,MCTS_v0,-1.0,1.0,Random
-1138379803,Checkers,0,GAME_OVER,44,43,2,413,MCTS_v0,-1.0,1.0,Random
-792105690,Checkers,0,GAME_OVER,37,36,2,414,MCTS_v0,-1.0,1.0,Random
251240563,Checkers,0,GAME_OVER,41,40,2,415,MCTS_v0,-1.0,1.0,Random
616215289,Checkers,0,GAME_OVER,67,66,2,416,MCTS_v0,-1.0,1.0,Random
286491649,Checkers,0,GAME_OVER,45,44,2,417,MCTS_v0,-1.0,1.0,Random
-1837327222,Checkers,0,GAME_OVER,32,31,2,418,MCTS_v0,-1.0,1.0,Random
1731803123,Checkers,0,GAME_OVER,44,43,2,419,MCTS_v0,-1.0,1.0,Random
416791102,Checkers,0,GAME_OVER,43,42,2,420,MCTS_v0,-1.0,1.0,Random
216396693,Checkers,0,GAME_OVER,43,42,2,421,MCTS_v0,-1.0,1.0,Random
-848119213,Checkers,0,GAME_OVER,38,37,2,422,MCTS_v0,-1.0,1.0,Random
-621865294,Checkers,0,GAME_OVER,42,41,2,423,MCTS_v0,-1.0,1.0,Random
878598204,Checkers,0,GAME_OVER,34,33,2,424,MCTS_v0,-1.0,1.0,Random
-1699676377,Checkers,0,GAME_OVER,56,55,2,425,MCTS_v0,-1.0,1.0,Random
638614319,Checkers,0,GAME_OVER,40,39,2,426,MCTS_v0,-1.0,1.0,Random
-1286171248,Checkers,0,GAME_OVER,55,54,2,427,MCTS_v0,-1.0,1.0,Random
1496380205,Checkers,0,GAME_OVER,45,44,2,428,MCTS_v0,-1.0,1.0,Random
-535007174,Checkers,0,GAME_OVER,40,39,2,429,MCTS_v0,-1.0,1.0,Random
351376967,Checkers,0,GAME_OVER,41,40,2,430,MCTS_v0,-1.0,1.0,Random
-1920732930,Checkers,0,GAME_OVER,40,39,2,431,MCTS_v0,-1.0,1.0,Random
2092088305,Checkers,0,GAME_OVER,43,42,2,432,MCTS_v0,-1.0,1.0,Random
-2053051970,Checkers,0,GAME_OVER,43,42,2,433,MCTS_v0,-1.0,1.0,Random
-1794684255,Checkers,0,GAME_OVER,47,46,2,434,MCTS_v0,-1.0,1.0,Random
-1721045876,Checkers,0,GAME_OVER,43,42,2,435,MCTS_v0,-1.0,1.0,Random
-1727902706,Checkers,0,GAME_OVER,37,36,2,436,MCTS_v0,-1.0,1.0,Random
975488968,Checkers,0,GAME_OVER,44,43,2,437,MCTS_v0,-1.0,1.0,Random
1884247749,Checkers,0,GAME_OVER,48,47,2,438,MCTS_v0,-1.0,1.0,Random
695442367,Checkers,0,GAME_OVER,47,46,2,439,MCTS_v0,-1.0,1.0,Random
1999740919,Checkers,0,GAME_OVER,48,47,2,440,MCTS_v0,-1.0,1.0,Random
-967129467,Checkers,0,GAME_OVER,49,48,2,441,MCTS_v0,-1.0,1.0,Random
168838819,Checkers,0,GAME_OVER,51,50,2,442,MCTS_v0,-1.0,1.0,Random
-2108529625,Checkers,0,GAME_OVER,44,43,2,443,MCTS_v0,-1.0,1.0,Random
-2104692336,Checkers,0,GAME_OVER,43,42,2,444,MCTS_v0,-1.0,1.0,Random
-1813011348,Checkers,0,GAME_OVER,42,41,2,445,MCTS_v0,-1.0,1.0,Random
-1930282061,Checkers,0,GAME_OVER,45,44,2,446,MCTS_v0,-1.0,1.0,Random
2023066801,Checkers,0,GAME_OVER,38,37,2,447,MCTS_v0,-1.0,1.0,Random
102119153,Checkers,0,GAME_OVER,37,36,2,448,MCTS_v0,-1.0,1.0,Random
-1548536910,Checkers,0,GAME_OVER,39,38,2,449,MCTS_v0,-1.0,1.0,Random
1327076190,Checkers,0,GAME_OVER,47,46,2,450,MCTS_v0,-1.0,1.0,Random
497806905,Checkers,0,GAME_OVER,43,42,2,451,MCTS_v0,-1.0,1.0,Random
-76330646,Checkers,0,GAME_OVER,44,43,2,452,MCTS_v0,-1.0,1.0,Random
264015619,Checkers,0,GAME_OVER,42,41,2,453,MCTS_v0,-1.0,1.0,Random
1893404572,Checkers,0,GAME_OVER,36,35,2,454,MCTS_v0,-1.0,1.0,Random
-565339805,Checkers,0,GAME_OVER,38,37,2,455,MCTS_v0,-1.0,1.0,Random
-1175914298,Checkers,0,GAME_OVER,51,50,2,456,MCTS_v0,-1.0,1.0,Random
-632265362,Checkers,0,GAME_OVER,50,49,2,457,MCTS_v0,-1.0,1.0,Random
2046256605,Checkers,0,GAME_OVER,46,45,2,458,MCTS_v0,-1.0,1.0,Random
1768457643,Checkers,0,GAME_OVER,38,37,2,459,MCTS_v0,-1.0,1.0,Random
-1394766124,Checkers,0,GAME_OVER,44,43,2,460,MCTS_v0,-1.0,1.0,Random
-1689546336,Checkers,0,GAME_OVER,46,45,2,461,MCTS_v0,-1.0,1.0,Random
1875269677,Checkers,0,GAME_OVER,49,48,2,462,MCTS_v0,-1.0,1.0,Random
1044422073,Checkers,0,GAME_OVER,45,44,2,463,MCTS_v0,-1.0,1.0,Random
-670988510,Checkers,0,GAME_OVER,45,44,2,464,MCTS_v0,-1.0,1.0,Random
-1153208236,Checkers,0,GAME_OVER,37,36,2,465,MCTS_v0,-1.0,1.0,Random
1519893650,Checkers,0,GAME_OVER,42,41,2,466,MCTS_v0,-1.0,1.0,Random
731102457,Checkers,0,GAME_OVER,40,39,2,467,MCTS_v0,-1.0,1.0,Random
1810202379,Checkers,0,GAME_OVER,42,41,2,468,MCTS_v0,-1.0,1.0,Random
682666506,Checkers,0,GAME_OVER,42,41,2,469,MCTS_v0,-1.0,1.0,Random
-468511048,Checkers,0,GAME_OVER,44,43,2,470,MCTS_v0,-1.0,1.0,Random
2106028651,Checkers,0,GAME_OVER,52,51,2,471,MCTS_v0,-1.0,1.0,Random
1689297396,Checkers,0,GAME_OVER,38,37,2,472,MCTS_v0,-1.0,1.0,Random
-1752144906,Checkers,0,GAME_OVER,49,48,2,473,MCTS_v0,-1.0,1.0,Random
-104552497,Checkers,0,GAME_OVER,50,49,2,474,MCTS_v0,-1.0,1.0,Random
1311743159,Checkers,0,GAME_OVER,48,47,2,475,MCTS_v0,-1.0,1.0,Random
-31779374,Checkers,0,GAME_OVER,37,36,2,476,MCTS_v0,-1.0,1.0,Random
1647512635,Checkers,0,GAME_OVER,38,37,2,477,MCTS_v0,-1.0,1.0,Random
-1466885964,Checkers,0,GAME_OVER,46,45,2,478,MCTS_v0,-1.0,1.0,Random
-237358204,Checkers,0,GAME_OVER,46,45,2,479,MCTS_v0,-1.0,1.0,Random
1476668398,Checkers,0,GAME_OVER,42,41,2,480,MCTS_v0,-1.0,1.0,Random
2041525592,Checkers,0,GAME_OVER,43,42,2,481,MCTS_v0,-1.0,1.0,Random
-1783160242,Checkers,0,GAME_OVER,45,44,2,482,MCTS_v0,-1.0,1.0,Random
-297938423,Checkers,0,GAME_OVER,38,37,2,483,MCTS_v0,-1.0,1.0,Random
-1640736276,Checkers,0,GAME_OVER,42,41,2,484,MCTS_v0,-1.0,1.0,Random
-1595788062,Checkers,0,GAME_OVER,51,50,2,485,MCTS_v0,-1.0,1.0,Random
312006714,Checkers,0,GAME_OVER,36,35,2,486,MCTS_v0,-1.0,1.0,Random
1198380771,Checkers,0,GAME_OVER,42,41,2,487,MCTS_v0,-1.0,1.0,Random
1347895049,Checkers,0,GAME_OVER,42,41,2,488,MCTS_v0,-1.0,1.0,Random
-2058389133,Checkers,0,GAME_OVER,37,36,2,489,MCTS_v0,-1.0,1.0,Random
805075370,Checkers,0,GAME_OVER,41,40,2,490,MCTS_v0,-1.0,1.0,Random
944778537,Checkers,0,GAME_OVER,35,34,2,491,MCTS_v0,-1.0,1.0,Random
1429879203,Checkers,0,GAME_OVER,56,55,2,492,MCTS_v0,-1.0,1.0,Random
2026556386,Checkers,0,GAME_OVER,38,37,2,493,MCTS_v0,-1.0,1.0,Random
-166794102,Checkers,0,GAME_OVER,35,34,2,494,MCTS_v0,-1.0,1.0,Random
58593981,Checkers,0,GAME_OVER,41,40,2,495,MCTS_v0,-1.0,1.0,Random
-1977593602,Checkers,0,GAME_OVER,43,42,2,496,MCTS_v0,-1.0,1.0,Random
1424551860,Checkers,0,GAME_OVER,42,41,2,497,MCTS_v0,-1.0,1.0,Random
-294631709,Checkers,0,GAME_OVER,53,52,2,498,MCTS_v0,-1.0,1.0,Random
1580888036,Checkers,0,GAME_OVER,53,52,2,499,MCTS_v0,-1.0,1.0,Random
-1262192828,Checkers,0,GAME_OVER,40,39,2,500,MCTS_v0,-1.0,1.0,Random
-520792367,Checkers,0,GAME_OVER,41,40,2,501,MCTS_v0,-1.0,1.0,Random
255134340,Checkers,0,GAME_OVER,46,45,2,502,MCTS_v0,-1.0,1.0,Random
-826436583,Checkers,0,GAME_OVER,38,37,2,503,MCTS_v0,-1.0,1.0,Random
-1599117363,Checkers,0,GAME_OVER,45,44,2,504,MCTS_v0,-1.0,1.0,Random
1407376506,Checkers,0,GAME_OVER,47,46,2,505,MCTS_v0,-1.0,1.0,Random
1196226270,Checkers,0,GAME_OVER,39,38,2,506,MCTS_v0,-1.0,1.0,Random
180317213,Checkers,0,GAME_OVER,49,48,2,507,MCTS_v0,-1.0,1.0,Random
-1089034847,Checkers,0,GAME_OVER,42,41,2,508,MCTS_v0,-1.0,1.0,Random
-661079174,Checkers,0,GAME_OVER,53,52,2,509,MCTS_v0,-1.0,1.0,Random
141202736,Checkers,0,GAME_OVER,42,41,2,510,MCTS_v0,-1.0,1.0,Random
539395410,Checkers,0,GAME_OVER,41,40,2,511,MCTS_v0,-1.0,1.0,Random
-1613865414,Checkers,0,GAME_OVER,52,51,2,512,MCTS_v0,-1.0,1.0,Random
1666986907,Checkers,0,GAME_OVER,48,47,2,513,MCTS_v0,-1.0,1.0,Random
781509347,Checkers,0,GAME_OVER,35,34,2,514,MCTS_v0,-1.0,1.0,Random
-1185713591,Checkers,0,GAME_OVER,37,36,2,515,MCTS_v0,-1.0,1.0,Random
-768592755,Checkers,0,GAME_OVER,49,48,2,516,MCTS_v0,-1.0,1.0,Random
1848283739,Checkers,0,GAME_OVER,40,39,2,517,MCTS_v0,-1.0,1.0,Random
876527158,Checkers,0,GAME_OVER,42,41,2,518,MCTS_v0,-1.0,1.0,Random
-1243257703,Checkers,0,GAME_OVER,43,42,2,519,MCTS_v0,-1.0,1.0,Random
980760651,Checkers,0,GAME_OVER,40,39,2,520,MCTS_v0,-1.0,1.0,Random
249467615,Checkers,0,GAME_OVER,40,39,2,521,MCTS_v0,-1.0,1.0,Random
1096153373,Checkers,0,GAME_OVER,42,41,2,522,MCTS_v0,-1.0,1.0,Random
1095634930,Checkers,0,GAME_OVER,41,40,2,523,MCTS_v0,-1.0,1.0,Random
992054627,Checkers,0,GAME_OVER,39,38,2,524,MCTS_v0,-1.0,1.0,Random
943147304,Checkers,0,GAME_OVER,41,40,2,525,MCTS_v0,-1.0,1.0,Random
-25807258,Checkers,0,GAME_OVER,53,52,2,526,MCTS_v0,-1.0,1.0,Random
-2024265103,Checkers,0,GAME_OVER,43,42,2,527,MCTS_v0,-1.0,1.0,Random
-1895528500,Checkers,0,GAME_OVER,41,40,2,528,MCTS_v0,-1.0,1.0,Random
897977476,Checkers,0,GAME_OVER,27,26,2,529,MCTS_v0,-1.0,1.0,Random
965342494,Checkers,0,GAME_OVER,35,34,2,530,MCTS_v0,-1.0,1.0,Random
-1255858635,Checkers,0,GAME_OVER,41,40,2,531,MCTS_v0,-1.0,1.0,Random
-1355268224,Checkers,0,GAME_OVER,37,36,2,532,MCTS_v0,-1.0,1.0,Random
-1557392058,Checkers,0,GAME_OVER,53,52,2,533,MCTS_v0,-1.0,1.0,Random
149319218,Checkers,0,GAME_OVER,47,46,2,534,MCTS_v0,-1.0,1.0,Random
-2141470671,Checkers,0,GAME_OVER,42,41,2,535,MCTS_v0,-1.0,1.0,Random
-1112022837,Checkers,0,GAME_OVER,49,48,2,536,MCTS_v0,-1.0,1.0,Random
1399308729,Checkers,0,GAME_OVER,38,37,2,537,MCTS_v0,-1.0,1.0,Random
-879417256,Checkers,0,GAME_OVER,48,47,2,538,MCTS_v0,-1.0,1.0,Random
1871388739,Checkers,0,GAME_OVER,45,44,2,539,MCTS_v0,-1.0,1.0,Random
1221868741,Checkers,0,GAME_OVER,57,56,2,540,MCTS_v0,-1.0,1.0,Random
-226707887,Checkers,0,GAME_OVER,36,35,2,541,MCTS_v0,-1.0,1.0,Random
-481794513,Checkers,0,GAME_OVER,42,41,2,542,MCTS_v0,-1.0,1.0,Random
1667352198,Checkers,0,GAME_OVER,41,40,2,543,MCTS_v0,-1.0,1.0,Random
-1170055652,Checkers,0,GAME_OVER,31,30,2,544,MCTS_v0,-1.0,1.0,Random
-2042540765,Checkers,0,GAME_OVER,41,40,2,545,MCTS_v0,-1.0,1.0,Random
1822806693,Checkers,0,GAME_OVER,37,36,2,546,MCTS_v0,-1.0,1.0,Random
-913640989,Checkers,0,GAME_OVER,42,41,2,547,MCTS_v0,-1.0,1.0,Random
-839375338,Checkers,0,GAME_OVER,42,41,2,548,MCTS_v0,-1.0,1.0,Random
1993279638,Checkers,0,GAME_OVER,45,44,2,549,MCTS_v0,-1.0,1.0,Random
1332023192,Checkers,0,GAME_OVER,34,33,2,550,MCTS_v0,-1.0,1.0,Random
-1526158354,Checkers,0,GAME_OVER,54,53,2,551,MCTS_v0,-1.0,1.0,Random
768030165,Checkers,0,GAME_OVER,46,45,2,552,MCTS_v0,-1.0,1.0,Random
-4522662,Checkers,0,GAME_OVER,43,42,2,553,MCTS_v0,-1.0,1.0,Random
1735789247,Checkers,0,GAME_OVER,38,37,2,554,MCTS_v0,-1.0,1.0,Random
2113586671,Checkers,0,GAME_OVER,41,40,2,555,MCTS_v0,-1.0,1.0,Random
-152655907,Checkers,0,GAME_OVER,53,52,2,556,MCTS_v0,-1.0,1.0,Random
1175873433,Checkers,0,GAME_OVER,45,44,2,557,MCTS_v0,-1.0,1.0,Random
222117067,Checkers,0,GAME_OVER,42,41,2,558,MCTS_v0,-1.0,1.0,Random
-248507587,Checkers,0,GAME_OVER,46,45,2,559,MCTS_v0,-1.0,1.0,Random
-224371245,Checkers,0,GAME_OVER,51,50,2,560,MCTS_v0,-1.0,1.0,Random
-691609747,Checkers,0,GAME_OVER,43,42,2,561,MCTS_v0,-1.0,1.0,Random
322057929,Checkers,0,GAME_OVER,46,45,2,562,MCTS_v0,-1.0,1.0,Random
803239122,Checkers,0,GAME_OVER,42,41,2,563,MCTS_v0,-1.0,1.0,Random
593421959,Checkers,0,GAME_OVER,40,39,2,564,MCTS_v0,-1.0,1.0,Random
-1245126511,Checkers,0,GAME_OVER,30,29,2,565,MCTS_v0,-1.0,1.0,Random
1024401865,Checkers,0,GAME_OVER,42,41,2,566,MCTS_v0,-1.0,1.0,Random
1321437724,Checkers,0,GAME_OVER,40,39,2,567,MCTS_v0,-1.0,1.0,Random
-1348124620,Checkers,0,GAME_OVER,46,45,2,568,MCTS_v0,-1.0,1.0,Random
283547994,Checkers,0,GAME_OVER,47,46,2,569,MCTS_v0,-1.0,1.0,Random
-158985020,Checkers,0,GAME_OVER,48,47,2,570,MCTS_v0,-1.0,1.0,Random
-492758255,Checkers,0,GAME_OVER,38,37,2,571,MCTS_v0,-1.0,1.0,Random
1833564934,Checkers,0,GAME_OVER,41,40,2,572,MCTS_v0,-1.0,1.0,Random
-224906009,Checkers,0,GAME_OVER,44,43,2,573,MCTS_v0,-1.0,1.0,Random
2136695994,Checkers,0,GAME_OVER,42,41,2,574,MCTS_v0,-1.0,1.0,Random
-2068476027,Checkers,0,GAME_OVER,33,32,2,575,MCTS_v0,-1.0,1.0,Random
1558413275,Checkers,0,GAME_OVER,55,54,2,576,MCTS_v0,-1.0,1.0,Random
1264718999,Checkers,0,GAME_OVER,48,47,2,577,MCTS_v0,-1.0,1.0,Random
521294619,Checkers,0,GAME_OVER,42,41,2,578,MCTS_v0,-1.0,1.0,Random
1947600831,Checkers,0,GAME_OVER,46,45,2,579,MCTS_v0,-1.0,1.0,Random
1340833613,Checkers,0,GAME_OVER,39,38,2,580,MCTS_v0,-1.0,1.0,Random
1415097531,Checkers,0,GAME_OVER,50,49,2,581,MCTS_v0,-1.0,1.0,Random
491503207,Checkers,0,GAME_OVER,44,43,2,582,MCTS_v0,-1.0,1.0,Random
2011490889,Checkers,0,GAME_OVER,38,37,2,583,MCTS_v0,-1.0,1.0,Random
133942512,Checkers,0,GAME_OVER,35,34,2,584,MCTS_v0,-1.0,1.0,Random
-1548158836,Checkers,0,GAME_OVER,38,37,2,585,MCTS_v0,-1.0,1.0,Random
-70469352,Checkers,0,GAME_OVER,39,38,2,586,MCTS_v0,-1.0,1.0,Random
1373698822,Checkers,0,GAME_OVER,45,44,2,587,MCTS_v0,-1.0,1.0,Random
719792855,Checkers,0,GAME_OVER,38,37,2,588,MCTS_v0,-1.0,1.0,Random
2013247839,Checkers,0,GAME_OVER,45,44,2,589,MCTS_v0,-1.0,1.0,Random
-1373820225,Checkers,0,GAME_OVER,45,44,2,590,MCTS_v0,-1.0,1.0,Random
-1226420342,Checkers,0,GAME_OVER,37,36,2,591,MCTS_v0,-1.0,1.0,Random
43305309,Checkers,0,GAME_OVER,40,39,2,592,MCTS_v0,-1.0,1.0,Random
1574499606,Checkers,0,GAME_OVER,45,44,2,593,MCTS_v0,-1.0,1.0,Random
-1760764052,Checkers,0,GAME_OVER,47,46,2,594,MCTS_v0,-1.0,1.0,Random
-1264995163,Checkers,0,GAME_OVER,40,39,2,595,MCTS_v0,-1.0,1.0,Random
-1062371551,Checkers,0,GAME_OVER,41,40,2,596,MCTS_v0,-1.0,1.0,Random
-1125881895,Checkers,0,GAME_OVER,41,40,2,597,MCTS_v0,-1.0,1.0,Random
-529553070,Checkers,0,GAME_OVER,42,41,2,598,MCTS_v0,-1.0,1.0,Random
1307334977,Checkers,0,GAME_OVER,33,32,2,599,MCTS_v0,-1.0,1.0,Random
-1047134894,Checkers,0,GAME_OVER,38,37,2,600,MCTS_v0,-1.0,1.0,Random
1306713350,Checkers,0,GAME_OVER,58,57,2,601,MCTS_v0,-1.0,1.0,Random
-166180472,Checkers,0,GAME_OVER,55,54,2,602,OSLA,1.0,-1.0,MCTS_v0
702970291,Checkers,0,GAME_OVER,76,75,2,603,OSLA,1.0,-1.0,MCTS_v0
-2093688957,Checkers,0,GAME_OVER,101,100,2,604,OSLA,1.0,-1.0,MCTS_v0
15277285,Checkers,0,GAME_OVER,87,86,2,605,OSLA,1.0,-1.0,MCTS_v0
-1236454748,Checkers,0,GAME_OVER,47,46,2,606,OSLA,-1.0,1.0,MCTS_v0
249439406,Checkers,0,GAME_OVER,54,53,2,607,OSLA,1.0,-1.0,MCTS_v0
302495374,Checkers,0,GAME_OVER,54,53,2,608,OSLA,1.0,-1.0,MCTS_v0
-741054849,Checkers,0,GAME_OVER,147,146,2,609,OSLA,1.0,-1.0,MCTS_v0
-1426144559,Checkers,0,GAME_OVER,78,77,2,610,OSLA,1.0,-1.0,MCTS_v0
118065288,Checkers,0,GAME_OVER,56,55,2,611,OSLA,1.0,-1.0,MCTS_v0
1705451795,Checkers,0,GAME_OVER,49,48,2,612,OSLA,1.0,-1.0,MCTS_v0
-1138379803,Checkers,0,GAME_OVER,57,56,2,613,OSLA,1.0,-1.0,MCTS_v0
-792105690,Checkers,0,GAME_OVER,48,47,2,614,OSLA,1.0,-1.0,MCTS_v0
251240563,Checkers,0,GAME_OVER,52,51,2,615,OSLA,1.0,-1.0,MCTS_v0
616215289,Checkers,0,GAME_OVER,91,90,2,616,OSLA,1.0,-1.0,MCTS_v0
286491649,Checkers,0,GAME_OVER,76,75,2,617,OSLA,1.0,-1.0,MCTS_v0
-1837327222,Checkers,0,GAME_OVER,97,96,2,618,OSLA,1.0,-1.0,MCTS_v0
1731803123,Checkers,0,GAME_OVER,87,86,2,619,OSLA,1.0,-1.0,MCTS_v0
416791102,Checkers,0,GAME_OVER,53,52,2,620,OSLA,1.0,-1.0,MCTS_v0
216396693,Checkers,0,GAME_OVER,51,50,2,621,OSLA,1.0,-1.0,MCTS_v0
-848119213,Checkers,0,GAME_OVER,56,55,2,622,OSLA,1.0,-1.0,MCTS_v0
-621865294,Checkers,0,GAME_OVER,74,73,2,623,OSLA,1.0,-1.0,MCTS_v0
878598204,Checkers,0,GAME_OVER,43,42,2,624,OSLA,1.0,-1.0,MCTS_v0
-1699676377,Checkers,0,GAME_OVER,51,50,2,625,OSLA,1.0,-1.0,MCTS_v0
638614319,Checkers,0,GAME_OVER,60,59,2,626,OSLA,1.0,-1.0,MCTS_v0
-1286171248,Checkers,0,GAME_OVER,52,51,2,627,OSLA,1.0,-1.0,MCTS_v0
1496380205,Checkers,0,GAME_OVER,63,62,2,628,OSLA,1.0,-1.0,MCTS_v0
-535007174,Checkers,0,GAME_OVER,61,60,2,629,OSLA,1.0,-1.0,MCTS_v0
351376967,Checkers,0,GAME_OVER,65,64,2,630,OSLA,1.0,-1.0,MCTS_v0
-1920732930,Checkers,0,GAME_OVER,58,57,2,631,OSLA,1.0,-1.0,MCTS_v0
2092088305,Checkers,0,GAME_OVER,86,85,2,632,OSLA,1.0,-1.0,MCTS_v0
-2053051970,Checkers,0,GAME_OVER,70,69,2,633,OSLA,1.0,-1.0,MCTS_v0
-1794684255,Checkers,0,GAME_OVER,40,39,2,634,OSLA,1.0,-1.0,MCTS_v0
-1721045876,Checkers,0,GAME_OVER,78,77,2,635,OSLA,1.0,-1.0,MCTS_v0
-1727902706,Checkers,0,GAME_OVER,47,46,2,636,OSLA,1.0,-1.0,MCTS_v0
975488968,Checkers,0,GAME_OVER,54,53,2,637,OSLA,1.0,-1.0,MCTS_v0
1884247749,Checkers,0,GAME_OVER,53,52,2,638,OSLA,1.0,-1.0,MCTS_v0
695442367,Checkers,0,GAME_OVER,120,119,2,639,OSLA,0.0,0.0,MCTS_v0
1999740919,Checkers,0,GAME_OVER,47,46,2,640,OSLA,1.0,-1.0,MCTS_v0
-967129467,Checkers,0,GAME_OVER,51,50,2,641,OSLA,1.0,-1.0,MCTS_v0
168838819,Checkers,0,GAME_OVER,42,41,2,642,OSLA,1.0,-1.0,MCTS_v0
-2108529625,Checkers,0,GAME_OVER,51,50,2,643,OSLA,1.0,-1.0,MCTS_v0
-2104692336,Checkers,0,GAME_OVER,57,56,2,644,OSLA,1.0,-1.0,MCTS_v0
-1813011348,Checkers,0,GAME_OVER,61,60,2,645,OSLA,1.0,-1.0,MCTS_v0
-1930282061,Checkers,0,GAME_OVER,60,59,2,646,OSLA,1.0,-1.0,MCTS_v0
2023066801,Checkers,0,GAME_OVER,57,56,2,647,OSLA,-1.0,1.0,MCTS_v0
102119153,Checkers,0,GAME_OVER,56,55,2,648,OSLA,1.0,-1.0,MCTS_v0
-1548536910,Checkers,0,GAME_OVER,48,47,2,649,OSLA,1.0,-1.0,MCTS_v0
1327076190,Checkers,0,GAME_OVER,55,54,2,650,OSLA,1.0,-1.0,MCTS_v0
497806905,Checkers,0,GAME_OVER,67,66,2,651,OSLA,1.0,-1.0,MCTS_v0
-76330646,Checkers,0,GAME_OVER,54,53,2,652,OSLA,1.0,-1.0,MCTS_v0
264015619,Checkers,0,GAME_OVER,85,84,2,653,OSLA,1.0,-1.0,MCTS_v0
1893404572,Checkers,0,GAME_OVER,48,47,2,654,OSLA,1.0,-1.0,MCTS_v0
-565339805,Checkers,0,GAME_OVER,70,69,2,655,OSLA,1.0,-1.0,MCTS_v0
-1175914298,Checkers,0,GAME_OVER,133,132,2,656,OSLA,-1.0,1.0,MCTS_v0
-632265362,Checkers,0,GAME_OVER,49,48,2,657,OSLA,1.0,-1.0,MCTS_v0
2046256605,Checkers,0,GAME_OVER,49,48,2,658,OSLA,1.0,-1.0,MCTS_v0
1768457643,Checkers,0,GAME_OVER,57,56,2,659,OSLA,1.0,-1.0,MCTS_v0
-1394766124,Checkers,0,GAME_OVER,48,47,2,660,OSLA,1.0,-1.0,MCTS_v0
-1689546336,Checkers,0,GAME_OVER,68,67,2,661,OSLA,1.0,-1.0,MCTS_v0
1875269677,Checkers,0,GAME_OVER,123,122,2,662,OSLA,0.0,0.0,MCTS_v0
1044422073,Checkers,0,GAME_OVER,53,52,2,663,OSLA,1.0,-1.0,MCTS_v0
-670988510,Checkers,0,GAME_OVER,43,42,2,664,OSLA,1.0,-1.0,MCTS_v0
-1153208236,Checkers,0,GAME_OVER,54,53,2,665,OSLA,1.0,-1.0,MCTS_v0
1519893650,Checkers,0,GAME_OVER,175,174,2,666,OSLA,0.0,0.0,MCTS_v0
731102457,Checkers,0,GAME_OVER,47,46,2,667,OSLA,1.0,-1.0,MCTS_v0
1810202379,Checkers,0,GAME_OVER,57,56,2,668,OSLA,1.0,-1.0,MCTS_v0
682666506,Checkers,0,GAME_OVER,52,51,2,669,OSLA,1.0,-1.0,MCTS_v0
-468511048,Checkers,0,GAME_OVER,51,50,2,670,OSLA,1.0,-1.0,MCTS_v0
2106028651,Checkers,0,GAME_OVER,49,48,2,671,OSLA,1.0,-1.0,MCTS_v0
1689297396,Checkers,0,GAME_OVER,79,78,2,672,OSLA,1.0,-1.0,MCTS_v0
-1752144906,Checkers,0,GAME_OVER,57,56,2,673,OSLA,1.0,-1.0,MCTS_v0
-104552497,Checkers,0,GAME_OVER,47,46,2,674,OSLA,1.0,-1.0,MCTS_v0
1311743159,Checkers,0,GAME_OVER,54,53,2,675,OSLA,1.0,-1.0,MCTS_v0
-31779374,Checkers,0,GAME_OVER,45,44,2,676,OSLA,1.0,-1.0,MCTS_v0
1647512635,Checkers,0,GAME_OVER,100,99,2,677,OSLA,0.0,0.0,MCTS_v0
-1466885964,Checkers,0,GAME_OVER,52,51,2,678,OSLA,1.0,-1.0,MCTS_v0
-237358204,Checkers,0,GAME_OVER,67,66,2,679,OSLA,1.0,-1.0,MCTS_v0
1476668398,Checkers,0,GAME_OVER,50,49,2,680,OSLA,-1.0,1.0,MCTS_v0
2041525592,Checkers,0,GAME_OVER,55,54,2,681,OSLA,1.0,-1.0,MCTS_v0
-1783160242,Checkers,0,GAME_OVER,68,67,2,682,OSLA,1.0,-1.0,MCTS_v0
-297938423,Checkers,0,GAME_OVER,56,55,2,683,OSLA,1.0,-1.0,MCTS_v0
-1640736276,Checkers,0,GAME_OVER,126,125,2,684,OSLA,0.0,0.0,MCTS_v0
-1595788062,Checkers,0,GAME_OVER,72,71,2,685,OSLA,1.0,-1.0,MCTS_v0
312006714,Checkers,0,GAME_OVER,48,47,2,686,OSLA,1.0,-1.0,MCTS_v0
1198380771,Checkers,0,GAME_OVER,49,48,2,687,OSLA,1.0,-1.0,MCTS_v0
1347895049,Checkers,0,GAME_OVER,60,59,2,688,OSLA,1.0,-1.0,MCTS_v0
-2058389133,Checkers,0,GAME_OVER,60,59,2,689,OSLA,-1.0,1.0,MCTS_v0
805075370,Checkers,0,GAME_OVER,51,50,2,690,OSLA,1.0,-1.0,MCTS_v0
944778537,Checkers,0,GAME_OVER,102,101,2,691,OSLA,1.0,-1.0,MCTS_v0
1429879203,Checkers,0,GAME_OVER,49,48,2,692,OSLA,1.0,-1.0,MCTS_v0
2026556386,Checkers,0,GAME_OVER,79,78,2,693,OSLA,1.0,-1.0,MCTS_v0
-166794102,Checkers,0,GAME_OVER,46,45,2,694,OSLA,1.0,-1.0,MCTS_v0
58593981,Checkers,0,GAME_OVER,50,49,2,695,OSLA,1.0,-1.0,MCTS_v0
-1977593602,Checkers,0,GAME_OVER,96,95,2,696,OSLA,0.0,0.0,MCTS_v0
1424551860,Checkers,0,GAME_OVER,68,67,2,697,OSLA,1.0,-1.0,MCTS_v0
-294631709,Checkers,0,GAME_OVER,133,132,2,698,OSLA,0.0,0.0,MCTS_v0
1580888036,Checkers,0,GAME_OVER,116,115,2,699,OSLA,1.0,-1.0,MCTS_v0
-1262192828,Checkers,0,GAME_OVER,48,47,2,700,OSLA,1.0,-1.0,MCTS_v0
-520792367,Checkers,0,GAME_OVER,146,145,2,701,OSLA,0.0,0.0,MCTS_v0
255134340,Checkers,0,GAME_OVER,53,52,2,702,OSLA,1.0,-1.0,MCTS_v0
-826436583,Checkers,0,GAME_OVER,47,46,2,703,OSLA,-1.0,1.0,MCTS_v0
-1599117363,Checkers,0,GAME_OVER,82,81,2,704,OSLA,1.0,-1.0,MCTS_v0
1407376506,Checkers,0,GAME_OVER,70,69,2,705,OSLA,1.0,-1.0,MCTS_v0
1196226270,Checkers,0,GAME_OVER,81,80,2,706,OSLA,1.0,-1.0,MCTS_v0
180317213,Checkers,0,GAME_OVER,119,118,2,707,OSLA,1.0,-1.0,MCTS_v0
-1089034847,Checkers,0,GAME_OVER,63,62,2,708,OSLA,1.0,-1.0,MCTS_v0
-661079174,Checkers,0,GAME_OVER,58,57,2,709,OSLA,1.0,-1.0,MCTS_v0
141202736,Checkers,0,GAME_OVER,65,64,2,710,OSLA,1.0,-1.0,MCTS_v0
539395410,Checkers,0,GAME_OVER,53,52,2,711,OSLA,1.0,-1.0,MCTS_v0
-1613865414,Checkers,0,GAME_OVER,76,75,2,712,OSLA,1.0,-1.0,MCTS_v0
1666986907,Checkers,0,GAME_OVER,92,91,2,713,OSLA,-1.0,1.0,MCTS_v0
781509347,Checkers,0,GAME_OVER,59,58,2,714,OSLA,-1.0,1.0,MCTS_v0
-1185713591,Checkers,0,GAME_OVER,56,55,2,715,OSLA,1.0,-1.0,MCTS_v0
-768592755,Checkers,0,GAME_OVER,50,49,2,716,OSLA,1.0,-1.0,MCTS_v0
1848283739,Checkers,0,GAME_OVER,82,81,2,717,OSLA,1.0,-1.0,MCTS_v0
876527158,Checkers,0,GAME_OVER,56,55,2,718,OSLA,1.0,-1.0,MCTS_v0
-1243257703,Checkers,0,GAME_OVER,61,60,2,719,OSLA,1.0,-1.0,MCTS_v0
980760651,Checkers,0,GAME_OVER,142,141,2,720,OSLA,0.0,0.0,MCTS_v0
249467615,Checkers,0,GAME_OVER,108,107,2,721,OSLA,0.0,0.0,MCTS_v0
1096153373,Checkers,0,GAME_OVER,98,97,2,722,OSLA,1.0,-1.0,MCTS_v0
1095634930,Checkers,0,GAME_OVER,48,47,2,723,OSLA,1.0,-1.0,MCTS_v0
992054627,Checkers,0,GAME_OVER,83,82,2,724,OSLA,1.0,-1.0,MCTS_v0
943147304,Checkers,0,GAME_OVER,71,70,2,725,OSLA,-1.0,1.0,MCTS_v0
-25807258,Checkers,0,GAME_OVER,125,124,2,726,OSLA,1.0,-1.0,MCTS_v0
-2024265103,Checkers,0,GAME_OVER,69,68,2,727,OSLA,1.0,-1.0,MCTS_v0
-1895528500,Checkers,0,GAME_OVER,74,73,2,728,OSLA,1.0,-1.0,MCTS_v0
897977476,Checkers,0,GAME_OVER,140,139,2,729,OSLA,0.0,0.0,MCTS_v0
965342494,Checkers,0,GAME_OVER,59,58,2,730,OSLA,1.0,-1.0,MCTS_v0
-1255858635,Checkers,0,GAME_OVER,89,88,2,731,OSLA,1.0,-1.0,MCTS_v0
-1355268224,Checkers,0,GAME_OVER,55,54,2,732,OSLA,1.0,-1.0,MCTS_v0
-1557392058,Checkers,0,GAME_OVER,56,55,2,733,OSLA,1.0,-1.0,MCTS_v0
149319218,Checkers,0,GAME_OVER,62,61,2,734,OSLA,1.0,-1.0,MCTS_v0
-2141470671,Checkers,0,GAME_OVER,73,72,2,735,OSLA,1.0,-1.0,MCTS_v0
-1112022837,Checkers,0,GAME_OVER,54,53,2,736,OSLA,1.0,-1.0,MCTS_v0
1399308729,Checkers,0,GAME_OVER,53,52,2,737,OSLA,1.0,-1.0,MCTS_v0
-879417256,Checkers,0,GAME_OVER,68,67,2,738,OSLA,1.0,-1.0,MCTS_v0
1871388739,Checkers,0,GAME_OVER,56,55,2,739,OSLA,-1.0,1.0,MCTS_v0
1221868741,Checkers,0,GAME_OVER,55,54,2,740,OSLA,1.0,-1.0,MCTS_v0
-226707887,Checkers,0,GAME_OVER,48,47,2,741,OSLA,1.0,-1.0,MCTS_v0
-481794513,Checkers,0,GAME_OVER,59,58,2,742,OSLA,-1.0,1.0,MCTS_v0
1667352198,Checkers,0,GAME_OVER,75,74,2,743,OSLA,1.0,-1.0,MCTS_v0
-1170055652,Checkers,0,GAME_OVER,48,47,2,744,OSLA,1.0,-1.0,MCTS_v0
-2042540765,Checkers,0,GAME_OVER,61,60,2,745,OSLA,1.0,-1.0,MCTS_v0
1822806693,Checkers,0,GAME_OVER,48,47,2,746,OSLA,1.0,-1.0,MCTS_v0
-913640989,Checkers,0,GAME_OVER,58,57,2,747,OSLA,1.0,-1.0,MCTS_v0
-839375338,Checkers,0,GAME_OVER,53,52,2,748,OSLA,1.0,-1.0,MCTS_v0
1993279638,Checkers,0,GAME_OVER,69,68,2,749,OSLA,-1.0,1.0,MCTS_v0
1332023192,Checkers,0,GAME_OVER,63,62,2,750,OSLA,1.0,-1.0,MCTS_v0
-1526158354,Checkers,0,GAME_OVER,39,38,2,751,OSLA,1.0,-1.0,MCTS_v0
768030165,Checkers,0,GAME_OVER,52,51,2,752,OSLA,1.0,-1.0,MCTS_v0
-4522662,Checkers,0,GAME_OVER,59,58,2,753,OSLA,1.0,-1.0,MCTS_v0
1735789247,Checkers,0,GAME_OVER,59,58,2,754,OSLA,1.0,-1.0,MCTS_v0
2113586671,Checkers,0,GAME_OVER,91,90,2,755,OSLA,0.0,0.0,MCTS_v0
-152655907,Checkers,0,GAME_OVER,46,45,2,756,OSLA,1.0,-1.0,MCTS_v0
1175873433,Checkers,0,GAME_OVER,64,63,2,757,OSLA,1.0,-1.0,MCTS_v0
222117067,Checkers,0,GAME_OVER,46,45,2,758,OSLA,1.0,-1.0,MCTS_v0
-248507587,Checkers,0,GAME_OVER,70,69,2,759,OSLA,1.0,-1.0,MCTS_v0
-224371245,Checkers,0,GAME_OVER,48,47,2,760,OSLA,1.0,-1.0,MCTS_v0
-691609747,Checkers,0,GAME_OVER,50,49,2,761,OSLA,1.0,-1.0,MCTS_v0
322057929,Checkers,0,GAME_OVER,48,47,2,762,OSLA,1.0,-1.0,MCTS_v0
803239122,Checkers,0,GAME_OVER,46,45,2,763,OSLA,1.0,-1.0,MCTS_v0
593421959,Checkers,0,GAME_OVER,45,44,2,764,OSLA,1.0,-1.0,MCTS_v0
-1245126511,Checkers,0,GAME_OVER,54,53,2,765,OSLA,1.0,-1.0,MCTS_v0
1024401865,Checkers,0,GAME_OVER,47,46,2,766,OSLA,1.0,-1.0,MCTS_v0
1321437724,Checkers,0,GAME_OVER,53,52,2,767,OSLA,1.0,-1.0,MCTS_v0
-1348124620,Checkers,0,GAME_OVER,112,111,2,768,OSLA,0.0,0.0,MCTS_v0
283547994,Checkers,0,GAME_OVER,49,48,2,769,OSLA,1.0,-1.0,MCTS_v0
-158985020,Checkers,0,GAME_OVER,89,88,2,770,OSLA,1.0,-1.0,MCTS_v0
-492758255,Checkers,0,GAME_OVER,53,52,2,771,OSLA,1.0,-1.0,MCTS_v0
1833564934,Checkers,0,GAME_OVER,91,90,2,772,OSLA,1.0,-1.0,MCTS_v0
-224906009,Checkers,0,GAME_OVER,148,147,2,773,OSLA,0.0,0.0,MCTS_v0
2136695994,Checkers,0,GAME_OVER,59,58,2,774,OSLA,1.0,-1.0,MCTS_v0
-2068476027,Checkers,0,GAME_OVER,50,49,2,775,OSLA,1.0,-1.0,MCTS_v0
1558413275,Checkers,0,GAME_OVER,76,75,2,776,OSLA,1.0,-1.0,MCTS_v0
1264718999,Checkers,0,GAME_OVER,52,51,2,777,OSLA,1.0,-1.0,MCTS_v0
521294619,Checkers,0,GAME_OVER,72,71,2,778,OSLA,1.0,-1.0,MCTS_v0
1947600831,Checkers,0,GAME_OVER,50,49,2,779,OSLA,1.0,-1.0,MCTS_v0
1340833613,Checkers,0,GAME_OVER,61,60,2,780,OSLA,1.0,-1.0,MCTS_v0
1415097531,Checkers,0,GAME_OVER,59,58,2,781,OSLA,1.0,-1.0,MCTS_v0
491503207,Checkers,0,GAME_OVER,89,88,2,782,OSLA,1.0,-1.0,MCTS_v0
2011490889,Checkers,0,GAME_OVER,111,110,2,783,OSLA,0.0,0.0,MCTS_v0
133942512,Checkers,0,GAME_OVER,51,50,2,784,OSLA,-1.0,1.0,MCTS_v0
-1548158836,Checkers,0,GAME_OVER,52,51,2,785,OSLA,-1.0,1.0,MCTS_v0
-70469352,Checkers,0,GAME_OVER,102,101,2,786,OSLA,1.0,-1.0,MCTS_v0
1373698822,Checkers,0,GAME_OVER,47,46,2,787,OSLA,1.0,-1.0,MCTS_v0
719792855,Checkers,0,GAME_OVER,49,48,2,788,OSLA,1.0,-1.0,MCTS_v0
2013247839,Checkers,0,GAME_OVER,61,60,2,789,OSLA,1.0,-1.0,MCTS_v0
-1373820225,Checkers,0,GAME_OVER,54,53,2,790,OSLA,1.0,-1.0,MCTS_v0
-1226420342,Checkers,0,GAME_OVER,49,48,2,791,OSLA,1.0,-1.0,MCTS_v0
43305309,Checkers,0,GAME_OVER,165,164,2,792,OSLA,0.0,0.0,MCTS_v0
1574499606,Checkers,0,GAME_OVER,49,48,2,793,OSLA,1.0,-1.0,MCTS_v0
-1760764052,Checkers,0,GAME_OVER,75,74,2,794,OSLA,1.0,-1.0,MCTS_v0
-1264995163,Checkers,0,GAME_OVER,61,60,2,795,OSLA,1.0,-1.0,MCTS_v0
-1062371551,Checkers,0,GAME_OVER,69,68,2,796,OSLA,1.0,-1.0,MCTS_v0
-1125881895,Checkers,0,GAME_OVER,62,61,2,797,OSLA,1.0,-1.0,MCTS_v0
-529553070,Checkers,0,GAME_OVER,43,42,2,798,OSLA,1.0,-1.0,MCTS_v0
1307334977,Checkers,0,GAME_OVER,65,64,2,799,OSLA,1.0,-1.0,MCTS_v0
-1047134894,Checkers,0,GAME_OVER,62,61,2,800,OSLA,-1.0,1.0,MCTS_v0
1306713350,Checkers,0,GAME_OVER,55,54,2,801,OSLA,1.0,-1.0,MCTS_v0
-166180472,Checkers,0,GAME_OVER,75,74,2,802,OSLA,-1.0,1.0,OSLA
702970291,Checkers,0,GAME_OVER,78,77,2,803,OSLA,-1.0,1.0,OSLA
-2093688957,Checkers,0,GAME_OVER,36,35,2,804,OSLA,-1.0,1.0,OSLA
15277285,Checkers,0,GAME_OVER,39,38,2,805,OSLA,-1.0,1.0,OSLA
-1236454748,Checkers,0,GAME_OVER,39,38,2,806,OSLA,1.0,-1.0,OSLA
249439406,Checkers,0,GAME_OVER,41,40,2,807,OSLA,1.0,-1.0,OSLA
302495374,Checkers,0,GAME_OVER,41,40,2,808,OSLA,1.0,-1.0,OSLA
-741054849,Checkers,0,GAME_OVER,51,50,2,809,OSLA,1.0,-1.0,OSLA
-1426144559,Checkers,0,GAME_OVER,50,49,2,810,OSLA,-1.0,1.0,OSLA
118065288,Checkers,0,GAME_OVER,45,44,2,811,OSLA,-1.0,1.0,OSLA
1705451795,Checkers,0,GAME_OVER,62,61,2,812,OSLA,1.0,-1.0,OSLA
-1138379803,Checkers,0,GAME_OVER,70,69,2,813,OSLA,-1.0,1.0,OSLA
-792105690,Checkers,0,GAME_OVER,42,41,2,814,OSLA,1.0,-1.0,OSLA
251240563,Checkers,0,GAME_OVER,223,222,2,815,OSLA,0.0,0.0,OSLA
616215289,Checkers,0,GAME_OVER,46,45,2,816,OSLA,-1.0,1.0,OSLA
286491649,Checkers,0,GAME_OVER,127,126,2,817,OSLA,-1.0,1.0,OSLA
-1837327222,Checkers,0,GAME_OVER,41,40,2,818,OSLA,-1.0,1.0,OSLA
1731803123,Checkers,0,GAME_OVER,44,43,2,819,OSLA,1.0,-1.0,OSLA
416791102,Checkers,0,GAME_OVER,39,38,2,820,OSLA,-1.0,1.0,OSLA
216396693,Checkers,0,GAME_OVER,81,80,2,821,OSLA,0.0,0.0,OSLA
-848119213,Checkers,0,GAME_OVER,50,49,2,822,OSLA,1.0,-1.0,OSLA
-621865294,Checkers,0,GAME_OVER,98,97,2,823,OSLA,0.0,0.0,OSLA
878598204,Checkers,0,GAME_OVER,100,99,2,824,OSLA,0.0,0.0,OSLA
-1699676377,Checkers,0,GAME_OVER,73,72,2,825,OSLA,1.0,-1.0,OSLA
638614319,Checkers,0,GAME_OVER,52,51,2,826,OSLA,-1.0,1.0,OSLA
-1286171248,Checkers,0,GAME_OVER,44,43,2,827,OSLA,1.0,-1.0,OSLA
1496380205,Checkers,0,GAME_OVER,85,84,2,828,OSLA,-1.0,1.0,OSLA
-535007174,Checkers,0,GAME_OVER,74,73,2,829,OSLA,1.0,-1.0,OSLA
351376967,Checkers,0,GAME_OVER,45,44,2,830,OSLA,1.0,-1.0,OSLA
-1920732930,Checkers,0,GAME_OVER,52,51,2,831,OSLA,1.0,-1.0,OSLA
2092088305,Checkers,0,GAME_OVER,91,90,2,832,OSLA,0.0,0.0,OSLA
-2053051970,Checkers,0,GAME_OVER,43,42,2,833,OSLA,1.0,-1.0,OSLA
-1794684255,Checkers,0,GAME_OVER,89,88,2,834,OSLA,0.0,0.0,OSLA
-1721045876,Checkers,0,GAME_OVER,105,104,2,835,OSLA,1.0,-1.0,OSLA
-1727902706,Checkers,0,GAME_OVER,70,69,2,836,OSLA,1.0,-1.0,OSLA
975488968,Checkers,0,GAME_OVER,46,45,2,837,OSLA,1.0,-1.0,OSLA
1884247749,Checkers,0,GAME_OVER,111,110,2,838,OSLA,0.0,0.0,OSLA
695442367,Checkers,0,GAME_OVER,70,69,2,839,OSLA,-1.0,1.0,OSLA
1999740919,Checkers,0,GAME_OVER,60,59,2,840,OSLA,1.0,-1.0,OSLA
-967129467,Checkers,0,GAME_OVER,81,80,2,841,OSLA,-1.0,1.0,OSLA
168838819,Checkers,0,GAME_OVER,131,130,2,842,OSLA,0.0,0.0,OSLA
-2108529625,Checkers,0,GAME_OVER,62,61,2,843,OSLA,1.0,-1.0,OSLA
-2104692336,Checkers,0,GAME_OVER,41,40,2,844,OSLA,1.0,-1.0,OSLA
-1813011348,Checkers,0,GAME_OVER,42,41,2,845,OSLA,-1.0,1.0,OSLA
-1930282061,Checkers,0,GAME_OVER,43,42,2,846,OSLA,-1.0,1.0,OSLA
2023066801,Checkers,0,GAME_OVER,148,147,2,847,OSLA,0.0,0.0,OSLA
102119153,Checkers,0,GAME_OVER,52,51,2,848,OSLA,-1.0,1.0,OSLA
-1548536910,Checkers,0,GAME_OVER,76,75,2,849,OSLA,-1.0,1.0,OSLA
1327076190,Checkers,0,GAME_OVER,43,42,2,850,OSLA,1.0,-1.0,OSLA
497806905,Checkers,0,GAME_OVER,42,41,2,851,OSLA,-1.0,1.0,OSLA
-76330646,Checkers,0,GAME_OVER,46,45,2,852,OSLA,-1.0,1.0,OSLA
264015619,Checkers,0,GAME_OVER,44,43,2,853,OSLA,1.0,-1.0,OSLA
1893404572,Checkers,0,GAME_OVER,39,38,2,854,OSLA,-1.0,1.0,OSLA
-565339805,Checkers,0,GAME_OVER,53,52,2,855,OSLA,-1.0,1.0,OSLA
-1175914298,Checkers,0,GAME_OVER,71,70,2,856,OSLA,1.0,-1.0,OSLA
-632265362,Checkers,0,GAME_OVER,47,46,2,857,OSLA,1.0,-1.0,OSLA
2046256605,Checkers,0,GAME_OVER,51,50,2,858,OSLA,1.0,-1.0,OSLA
1768457643,Checkers,0,GAME_OVER,39,38,2,859,OSLA,-1.0,1.0,OSLA
-1394766124,Checkers,0,GAME_OVER,27,26,2,860,OSLA,1.0,-1.0,OSLA
-1689546336,Checkers,0,GAME_OVER,44,43,2,861,OSLA,1.0,-1.0,OSLA
1875269677,Checkers,0,GAME_OVER,99,98,2,862,OSLA,-1.0,1.0,OSLA
1044422073,Checkers,0,GAME_OVER,50,49,2,863,OSLA,1.0,-1.0,OSLA
-670988510,Checkers,0,GAME_OVER,96,95,2,864,OSLA,-1.0,1.0,OSLA
-1153208236,Checkers,0,GAME_OVER,65,64,2,865,OSLA,1.0,-1.0,OSLA
1519893650,Checkers,0,GAME_OVER,49,48,2,866,OSLA,1.0,-1.0,OSLA
731102457,Checkers,0,GAME_OVER,55,54,2,867,OSLA,1.0,-1.0,OSLA
1810202379,Checkers,0,GAME_OVER,54,53,2,868,OSLA,1.0,-1.0,OSLA
682666506,Checkers,0,GAME_OVER,38,37,2,869,OSLA,-1.0,1.0,OSLA
-468511048,Checkers,0,GAME_OVER,45,44,2,870,OSLA,-1.0,1.0,OSLA
2106028651,Checkers,0,GAME_OVER,48,47,2,871,OSLA,1.0,-1.0,OSLA
1689297396,Checkers,0,GAME_OVER,44,43,2,872,OSLA,1.0,-1.0,OSLA
-1752144906,Checkers,0,GAME_OVER,52,51,2,873,OSLA,-1.0,1.0,OSLA
-104552497,Checkers,0,GAME_OVER,43,42,2,874,OSLA,-1.0,1.0,OSLA
1311743159,Checkers,0,GAME_OVER,40,39,2,875,OSLA,1.0,-1.0,OSLA
-31779374,Checkers,0,GAME_OVER,43,42,2,876,OSLA,1.0,-1.0,OSLA
1647512635,Checkers,0,GAME_OVER,50,49,2,877,OSLA,-1.0,1.0,OSLA
-1466885964,Checkers,0,GAME_OVER,62,61,2,878,OSLA,0.0,0.0,OSLA
-237358204,Checkers,0,GAME_OVER,50,49,2,879,OSLA,-1.0,1.0,OSLA
1476668398,Checkers,0,GAME_OVER,50,49,2,880,OSLA,1.0,-1.0,OSLA
2041525592,Checkers,0,GAME_OVER,73,72,2,881,OSLA,-1.0,1.0,OSLA
-1783160242,Checkers,0,GAME_OVER,48,47,2,882,OSLA,-1.0,1.0,OSLA
-297938423,Checkers,0,GAME_OVER,27,26,2,883,OSLA,1.0,-1.0,OSLA
-1640736276,Checkers,0,GAME_OVER,50,49,2,884,OSLA,-1.0,1.0,OSLA
-1595788062,Checkers,0,GAME_OVER,47,46,2,885,OSLA,-1.0,1.0,OSLA
312006714,Checkers,0,GAME_OVER,61,60,2,886,OSLA,-1.0,1.0,OSLA
1198380771,Checkers,0,GAME_OVER,107,106,2,887,OSLA,0.0,0.0,OSLA
1347895049,Checkers,0,GAME_OVER,75,74,2,888,OSLA,1.0,-1.0,OSLA
-2058389133,Checkers,0,GAME_OVER,53,52,2,889,OSLA,1.0,-1.0,OSLA
805075370,Checkers,0,GAME_OVER,56,55,2,890,OSLA,1.0,-1.0,OSLA
944778537,Checkers,0,GAME_OVER,97,96,2,891,OSLA,-1.0,1.0,OSLA
1429879203,Checkers,0,GAME_OVER,46,45,2,892,OSLA,-1.0,1.0,OSLA
2026556386,Checkers,0,GAME_OVER,81,80,2,893,OSLA,-1.0,1.0,OSLA
-166794102,Checkers,0,GAME_OVER,76,75,2,894,OSLA,0.0,0.0,OSLA
58593981,Checkers,0,GAME_OVER,44,43,2,895,OSLA,-1.0,1.0,OSLA
-1977593602,Checkers,0,GAME_OVER,41,40,2,896,OSLA,1.0,-1.0,OSLA
1424551860,Checkers,0,GAME_OVER,137,136,2,897,OSLA,0.0,0.0,OSLA
-294631709,Checkers,0,GAME_OVER,60,59,2,898,OSLA,-1.0,1.0,OSLA
1580888036,Checkers,0,GAME_OVER,41,40,2,899,OSLA,1.0,-1.0,OSLA
-1262192828,Checkers,0,GAME_OVER,86,85,2,900,OSLA,1.0,-1.0,OSLA
-520792367,Checkers,0,GAME_OVER,86,85,2,901,OSLA,0.0,0.0,OSLA
255134340,Checkers,0,GAME_OVER,35,34,2,902,OSLA,-1.0,1.0,OSLA
-826436583,Checkers,0,GAME_OVER,39,38,2,903,OSLA,1.0,-1.0,OSLA
-1599117363,Checkers,0,GAME_OVER,79,78,2,904,OSLA,1.0,-1.0,OSLA
1407376506,Checkers,0,GAME_OVER,27,26,2,905,OSLA,1.0,-1.0,OSLA
1196226270,Checkers,0,GAME_OVER,46,45,2,906,OSLA,-1.0,1.0,OSLA
180317213,Checkers,0,GAME_OVER,113,112,2,907,OSLA,0.0,0.0,OSLA
-1089034847,Checkers,0,GAME_OVER,45,44,2,908,OSLA,1.0,-1.0,OSLA
-661079174,Checkers,0,GAME_OVER,40,39,2,909,OSLA,1.0,-1.0,OSLA
141202736,Checkers,0,GAME_OVER,41,40,2,910,OSLA,1.0,-1.0,OSLA
539395410,Checkers,0,GAME_OVER,39,38,2,911,OSLA,1.0,-1.0,OSLA
-1613865414,Checkers,0,GAME_OVER,106,105,2,912,OSLA,1.0,-1.0,OSLA
1666986907,Checkers,0,GAME_OVER,50,49,2,913,OSLA,1.0,-1.0,OSLA
781509347,Checkers,0,GAME_OVER,53,52,2,914,OSLA,-1.0,1.0,OSLA
-1185713591,Checkers,0,GAME_OVER,78,77,2,915,OSLA,1.0,-1.0,OSLA
-768592755,Checkers,0,GAME_OVER,48,47,2,916,OSLA,1.0,-1.0,OSLA
1848283739,Checkers,0,GAME_OVER,52,51,2,917,OSLA,1.0,-1.0,OSLA
876527158,Checkers,0,GAME_OVER,137,136,2,918,OSLA,0.0,0.0,OSLA
-1243257703,Checkers,0,GAME_OVER,49,48,2,919,OSLA,-1.0,1.0,OSLA
980760651,Checkers,0,GAME_OVER,77,76,2,920,OSLA,-1.0,1.0,OSLA
249467615,Checkers,0,GAME_OVER,106,105,2,921,OSLA,0.0,0.0,OSLA
1096153373,Checkers,0,GAME_OVER,47,46,2,922,OSLA,-1.0,1.0,OSLA
1095634930,Checkers,0,GAME_OVER,63,62,2,923,OSLA,-1.0,1.0,OSLA
992054627,Checkers,0,GAME_OVER,32,31,2,924,OSLA,-1.0,1.0,OSLA
943147304,Checkers,0,GAME_OVER,51,50,2,925,OSLA,-1.0,1.0,OSLA
-25807258,Checkers,0,GAME_OVER,59,58,2,926,OSLA,-1.0,1.0,OSLA
-2024265103,Checkers,0,GAME_OVER,85,84,2,927,OSLA,0.0,0.0,OSLA
-1895528500,Checkers,0,GAME_OVER,97,96,2,928,OSLA,1.0,-1.0,OSLA
897977476,Checkers,0,GAME_OVER,56,55,2,929,OSLA,1.0,-1.0,OSLA
965342494,Checkers,0,GAME_OVER,70,69,2,930,OSLA,1.0,-1.0,OSLA
-1255858635,Checkers,0,GAME_OVER,45,44,2,931,OSLA,1.0,-1.0,OSLA
-1355268224,Checkers,0,GAME_OVER,50,49,2,932,OSLA,1.0,-1.0,OSLA
-1557392058,Checkers,0,GAME_OVER,66,65,2,933,OSLA,0.0,0.0,OSLA
149319218,Checkers,0,GAME_OVER,50,49,2,934,OSLA,-1.0,1.0,OSLA
-2141470671,Checkers,0,GAME_OVER,101,100,2,935,OSLA,-1.0,1.0,OSLA
-1112022837,Checkers,0,GAME_OVER,50,49,2,936,OSLA,-1.0,1.0,OSLA
1399308729,Checkers,0,GAME_OVER,57,56,2,937,OSLA,-1.0,1.0,OSLA
-879417256,Checkers,0,GAME_OVER,45,44,2,938,OSLA,-1.0,1.0,OSLA
1871388739,Checkers,0,GAME_OVER,46,45,2,939,OSLA,1.0,-1.0,OSLA
1221868741,Checkers,0,GAME_OVER,144,143,2,940,OSLA,0.0,0.0,OSLA
-226707887,Checkers,0,GAME_OVER,47,46,2,941,OSLA,1.0,-1.0,OSLA
-481794513,Checkers,0,GAME_OVER,56,55,2,942,OSLA,-1.0,1.0,OSLA
1667352198,Checkers,0,GAME_OVER,37,36,2,943,OSLA,-1.0,1.0,OSLA
-1170055652,Checkers,0,GAME_OVER,46,45,2,944,OSLA,-1.0,1.0,OSLA
-2042540765,Checkers,0,GAME_OVER,64,63,2,945,OSLA,-1.0,1.0,OSLA
1822806693,Checkers,0,GAME_OVER,53,52,2,946,OSLA,1.0,-1.0,OSLA
-913640989,Checkers,0,GAME_OVER,43,42,2,947,OSLA,-1.0,1.0,OSLA
-839375338,Checkers,0,GAME_OVER,48,47,2,948,OSLA,-1.0,1.0,OSLA
1993279638,Checkers,0,GAME_OVER,50,49,2,949,OSLA,1.0,-1.0,OSLA
1332023192,Checkers,0,GAME_OVER,51,50,2,950,OSLA,-1.0,1.0,OSLA
-1526158354,Checkers,0,GAME_OVER,47,46,2,951,OSLA,1.0,-1.0,OSLA
768030165,Checkers,0,GAME_OVER,50,49,2,952,OSLA,-1.0,1.0,OSLA
-4522662,Checkers,0,GAME_OVER,54,53,2,953,OSLA,-1.0,1.0,OSLA
1735789247,Checkers,0,GAME_OVER,44,43,2,954,OSLA,1.0,-1.0,OSLA
2113586671,Checkers,0,GAME_OVER,48,47,2,955,OSLA,1.0,-1.0,OSLA
-152655907,Checkers,0,GAME_OVER,74,73,2,956,OSLA,1.0,-1.0,OSLA
1175873433,Checkers,0,GAME_OVER,40,39,2,957,OSLA,1.0,-1.0,OSLA
222117067,Checkers,0,GAME_OVER,87,86,2,958,OSLA,0.0,0.0,OSLA
-248507587,Checkers,0,GAME_OVER,61,60,2,959,OSLA,-1.0,1.0,OSLA
-224371245,Checkers,0,GAME_OVER,99,98,2,960,OSLA,1.0,-1.0,OSLA
-691609747,Checkers,0,GAME_OVER,83,82,2,961,OSLA,0.0,0.0,OSLA
322057929,Checkers,0,GAME_OVER,39,38,2,962,OSLA,-1.0,1.0,OSLA
803239122,Checkers,0,GAME_OVER,64,63,2,963,OSLA,-1.0,1.0,OSLA
593421959,Checkers,0,GAME_OVER,52,51,2,964,OSLA,1.0,-1.0,OSLA
-1245126511,Checkers,0,GAME_OVER,50,49,2,965,OSLA,-1.0,1.0,OSLA
1024401865,Checkers,0,GAME_OVER,86,85,2,966,OSLA,-1.0,1.0,OSLA
1321437724,Checkers,0,GAME_OVER,132,131,2,967,OSLA,0.0,0.0,OSLA
-1348124620,Checkers,0,GAME_OVER,31,30,2,968,OSLA,-1.0,1.0,OSLA
283547994,Checkers,0,GAME_OVER,47,46,2,969,OSLA,-1.0,1.0,OSLA
-158985020,Checkers,0,GAME_OVER,44,43,2,970,OSLA,1.0,-1.0,OSLA
-492758255,Checkers,0,GAME_OVER,38,37,2,971,OSLA,-1.0,1.0,OSLA
1833564934,Checkers,0,GAME_OVER,86,85,2,972,OSLA,0.0,0.0,OSLA
-224906009,Checkers,0,GAME_OVER,27,26,2,973,OSLA,1.0,-1.0,OSLA
2136695994,Checkers,0,GAME_OVER,75,74,2,974,OSLA,1.0,-1.0,OSLA
-2068476027,Checkers,0,GAME_OVER,53,52,2,975,OSLA,-1.0,1.0,OSLA
1558413275,Checkers,0,GAME_OVER,50,49,2,976,OSLA,-1.0,1.0,OSLA
1264718999,Checkers,0,GAME_OVER,44,43,2,977,OSLA,-1.0,1.0,OSLA
521294619,Checkers,0,GAME_OVER,53,52,2,978,OSLA,-1.0,1.0,OSLA
1947600831,Checkers,0,GAME_OVER,139,138,2,979,OSLA,0.0,0.0,OSLA
1340833613,Checkers,0,GAME_OVER,54,53,2,980,OSLA,1.0,-1.0,OSLA
1415097531,Checkers,0,GAME_OVER,45,44,2,981,OSLA,-1.0,1.0,OSLA
491503207,Checkers,0,GAME_OVER,87,86,2,982,OSLA,1.0,-1.0,OSLA
2011490889,Checkers,0,GAME_OVER,37,36,2,983,OSLA,1.0,-1.0,OSLA
133942512,Checkers,0,GAME_OVER,71,70,2,984,OSLA,0.0,0.0,OSLA
-1548158836,Checkers,0,GAME_OVER,48,47,2,985,OSLA,1.0,-1.0,OSLA
-70469352,Checkers,0,GAME_OVER,45,44,2,986,OSLA,-1.0,1.0,OSLA
1373698822,Checkers,0,GAME_OVER,135,134,2,987,OSLA,0.0,0.0,OSLA
719792855,Checkers,0,GAME_OVER,121,120,2,988,OSLA,0.0,0.0,OSLA
2013247839,Checkers,0,GAME_OVER,76,75,2,989,OSLA,1.0,-1.0,OSLA
-1373820225,Checkers,0,GAME_OVER,51,50,2,990,OSLA,-1.0,1.0,OSLA
-1226420342,Checkers,0,GAME_OVER,84,83,2,991,OSLA,0.0,0.0,OSLA
43305309,Checkers,0,GAME_OVER,43,42,2,992,OSLA,1.0,-1.0,OSLA
1574499606,Checkers,0,GAME_OVER,50,49,2,993,OSLA,1.0,-1.0,OSLA
-1760764052,Checkers,0,GAME_OVER,65,64,2,994,OSLA,1.0,-1.0,OSLA
-1264995163,Checkers,0,GAME_OVER,56,55,2,995,OSLA,-1.0,1.0,OSLA
-1062371551,Checkers,0,GAME_OVER,45,44,2,996,OSLA,-1.0,1.0,OSLA
-1125881895,Checkers,0,GAME_OVER,49,48,2,997,OSLA,1.0,-1.0,OSLA
-529553070,Checkers,0,GAME_OVER,42,41,2,998,OSLA,-1.0,1.0,OSLA
1307334977,Checkers,0,GAME_OVER,55,54,2,999,OSLA,-1.0,1.0,OSLA
-1047134894,Checkers,0,GAME_OVER,60,59,2,1000,OSLA,1.0,-1.0,OSLA
1306713350,Checkers,0,GAME_OVER,114,113,2,1001,OSLA,1.0,-1.0,OSLA
-166180472,Checkers,0,GAME_OVER,49,48,2,1002,OSLA,-1.0,1.0,Random
702970291,Checkers,0,GAME_OVER,39,38,2,1003,OSLA,-1.0,1.0,Random
-2093688957,Checkers,0,GAME_OVER,50,49,2,1004,OSLA,-1.0,1.0,Random
15277285,Checkers,0,GAME_OVER,44,43,2,1005,OSLA,-1.0,1.0,Random
-1236454748,Checkers,0,GAME_OVER,45,44,2,1006,OSLA,-1.0,1.0,Random
249439406,Checkers,0,GAME_OVER,40,39,2,1007,OSLA,-1.0,1.0,Random
302495374,Checkers,0,GAME_OVER,37,36,2,1008,OSLA,-1.0,1.0,Random
-741054849,Checkers,0,GAME_OVER,41,40,2,1009,OSLA,-1.0,1.0,Random
-1426144559,Checkers,0,GAME_OVER,44,43,2,1010,OSLA,-1.0,1.0,Random
118065288,Checkers,0,GAME_OVER,46,45,2,1011,OSLA,-1.0,1.0,Random
1705451795,Checkers,0,GAME_OVER,38,37,2,1012,OSLA,-1.0,1.0,Random
-1138379803,Checkers,0,GAME_OVER,38,37,2,1013,OSLA,-1.0,1.0,Random
-792105690,Checkers,0,GAME_OVER,39,38,2,1014,OSLA,-1.0,1.0,Random
251240563,Checkers,0,GAME_OVER,46,45,2,1015,OSLA,-1.0,1.0,Random
616215289,Checkers,0,GAME_OVER,52,51,2,1016,OSLA,-1.0,1.0,Random
286491649,Checkers,0,GAME_OVER,39,38,2,1017,OSLA,-1.0,1.0,Random
-1837327222,Checkers,0,GAME_OVER,43,42,2,1018,OSLA,-1.0,1.0,Random
1731803123,Checkers,0,GAME_OVER,35,34,2,1019,OSLA,-1.0,1.0,Random
416791102,Checkers,0,GAME_OVER,39,38,2,1020,OSLA,-1.0,1.0,Random
216396693,Checkers,0,GAME_OVER,43,42,2,1021,OSLA,-1.0,1.0,Random
-848119213,Checkers,0,GAME_OVER,39,38,2,1022,OSLA,-1.0,1.0,Random
-621865294,Checkers,0,GAME_OVER,44,43,2,1023,OSLA,-1.0,1.0,Random
878598204,Checkers,0,GAME_OVER,41,40,2,1024,OSLA,-1.0,1.0,Random
-1699676377,Checkers,0,GAME_OVER,39,38,2,1025,OSLA,-1.0,1.0,Random
638614319,Checkers,0,GAME_OVER,50,49,2,1026,OSLA,-1.0,1.0,Random
-1286171248,Checkers,0,GAME_OVER,45,44,2,1027,OSLA,-1.0,1.0,Random
1496380205,Checkers,0,GAME_OVER,35,34,2,1028,OSLA,-1.0,1.0,Random
-535007174,Checkers,0,GAME_OVER,43,42,2,1029,OSLA,-1.0,1.0,Random
351376967,Checkers,0,GAME_OVER,43,42,2,1030,OSLA,-1.0,1.0,Random
-1920732930,Checkers,0,GAME_OVER,45,44,2,1031,OSLA,-1.0,1.0,Random
2092088305,Checkers,0,GAME_OVER,39,38,2,1032,OSLA,-1.0,1.0,Random
-2053051970,Checkers,0,GAME_OVER,39,38,2,1033,OSLA,-1.0,1.0,Random
-1794684255,Checkers,0,GAME_OVER,45,44,2,1034,OSLA,-1.0,1.0,Random
-1721045876,Checkers,0,GAME_OVER,40,39,2,1035,OSLA,-1.0,1.0,Random
-1727902706,Checkers,0,GAME_OVER,42,41,2,1036,OSLA,-1.0,1.0,Random
975488968,Checkers,0,GAME_OVER,53,52,2,1037,OSLA,-1.0,1.0,Random
1884247749,Checkers,0,GAME_OVER,35,34,2,1038,OSLA,-1.0,1.0,Random
695442367,Checkers,0,GAME_OVER,43,42,2,1039,OSLA,-1.0,1.0,Random
1999740919,Checkers,0,GAME_OVER,34,33,2,1040,OSLA,-1.0,1.0,Random
-967129467,Checkers,0,GAME_OVER,38,37,2,1041,OSLA,-1.0,1.0,Random
168838819,Checkers,0,GAME_OVER,41,40,2,1042,OSLA,-1.0,1.0,Random
-2108529625,Checkers,0,GAME_OVER,34,33,2,1043,OSLA,-1.0,1.0,Random
-2104692336,Checkers,0,GAME_OVER,35,34,2,1044,OSLA,-1.0,1.0,Random
-1813011348,Checkers,0,GAME_OVER,50,49,2,1045,OSLA,-1.0,1.0,Random
-1930282061,Checkers,0,GAME_OVER,45,44,2,1046,OSLA,-1.0,1.0,Random
2023066801,Checkers,0,GAME_OVER,41,40,2,1047,OSLA,-1.0,1.0,Random
102119153,Checkers,0,GAME_OVER,36,35,2,1048,OSLA,-1.0,1.0,Random
-1548536910,Checkers,0,GAME_OVER,40,39,2,1049,OSLA,-1.0,1.0,Random
1327076190,Checkers,0,GAME_OVER,41,40,2,1050,OSLA,-1.0,1.0,Random
497806905,Checkers,0,GAME_OVER,57,56,2,1051,OSLA,-1.0,1.0,Random
-76330646,Checkers,0,GAME_OVER,42,41,2,1052,OSLA,-1.0,1.0,Random
264015619,Checkers,0,GAME_OVER,48,47,2,1053,OSLA,-1.0,1.0,Random
1893404572,Checkers,0,GAME_OVER,48,47,2,1054,OSLA,-1.0,1.0,Random
-565339805,Checkers,0,GAME_OVER,35,34,2,1055,OSLA,-1.0,1.0,Random
-1175914298,Checkers,0,GAME_OVER,47,46,2,1056,OSLA,-1.0,1.0,Random
-632265362,Checkers,0,GAME_OVER,46,45,2,1057,OSLA,-1.0,1.0,Random
2046256605,Checkers,0,GAME_OVER,37,36,2,1058,OSLA,-1.0,1.0,Random
1768457643,Checkers,0,GAME_OVER,38,37,2,1059,OSLA,-1.0,1.0,Random
-1394766124,Checkers,0,GAME_OVER,45,44,2,1060,OSLA,-1.0,1.0,Random
-1689546336,Checkers,0,GAME_OVER,43,42,2,1061,OSLA,-1.0,1.0,Random
1875269677,Checkers,0,GAME_OVER,38,37,2,1062,OSLA,-1.0,1.0,Random
1044422073,Checkers,0,GAME_OVER,39,38,2,1063,OSLA,-1.0,1.0,Random
-670988510,Checkers,0,GAME_OVER,48,47,2,1064,OSLA,-1.0,1.0,Random
-1153208236,Checkers,0,GAME_OVER,38,37,2,1065,OSLA,-1.0,1.0,Random
1519893650,Checkers,0,GAME_OVER,41,40,2,1066,OSLA,-1.0,1.0,Random
731102457,Checkers,0,GAME_OVER,41,40,2,1067,OSLA,-1.0,1.0,Random
1810202379,Checkers,0,GAME_OVER,47,46,2,1068,OSLA,-1.0,1.0,Random
682666506,Checkers,0,GAME_OVER,40,39,2,1069,OSLA,-1.0,1.0,Random
-468511048,Checkers,0,GAME_OVER,42,41,2,1070,OSLA,-1.0,1.0,Random
2106028651,Checkers,0,GAME_OVER,45,44,2,1071,OSLA,-1.0,1.0,Random
1689297396,Checkers,0,GAME_OVER,43,42,2,1072,OSLA,-1.0,1.0,Random
-1752144906,Checkers,0,GAME_OVER,36,35,2,1073,OSLA,-1.0,1.0,Random
-104552497,Checkers,0,GAME_OVER,44,43,2,1074,OSLA,-1.0,1.0,Random
1311743159,Checkers,0,GAME_OVER,43,42,2,1075,OSLA,-1.0,1.0,Random
-31779374,Checkers,0,GAME_OVER,43,42,2,1076,OSLA,-1.0,1.0,Random
1647512635,Checkers,0,GAME_OVER,44,43,2,1077,OSLA,-1.0,1.0,Random
-1466885964,Checkers,0,GAME_OVER,46,45,2,1078,OSLA,-1.0,1.0,Random
-237358204,Checkers,0,GAME_OVER,41,40,2,1079,OSLA,-1.0,1.0,Random
1476668398,Checkers,0,GAME_OVER,38,37,2,1080,OSLA,-1.0,1.0,Random
2041525592,Checkers,0,GAME_OVER,37,36,2,1081,OSLA,-1.0,1.0,Random
-1783160242,Checkers,0,GAME_OVER,40,39,2,1082,OSLA,-1.0,1.0,Random
-297938423,Checkers,0,GAME_OVER,37,36,2,1083,OSLA,-1.0,1.0,Random
-1640736276,Checkers,0,GAME_OVER,43,42,2,1084,OSLA,-1.0,1.0,Random
-1595788062,Checkers,0,GAME_OVER,43,42,2,1085,OSLA,-1.0,1.0,Random
312006714,Checkers,0,GAME_OVER,36,35,2,1086,OSLA,-1.0,1.0,Random
1198380771,Checkers,0,GAME_OVER,48,47,2,1087,OSLA,-1.0,1.0,Random
1347895049,Checkers,0,GAME_OVER,35,34,2,1088,OSLA,-1.0,1.0,Random
-2058389133,Checkers,0,GAME_OVER,38,37,2,1089,OSLA,-1.0,1.0,Random
805075370,Checkers,0,GAME_OVER,37,36,2,1090,OSLA,-1.0,1.0,Random
944778537,Checkers,0,GAME_OVER,39,38,2,1091,OSLA,-1.0,1.0,Random
1429879203,Checkers,0,GAME_OVER,35,34,2,1092,OSLA,-1.0,1.0,Random
2026556386,Checkers,0,GAME_OVER,39,38,2,1093,OSLA,-1.0,1.0,Random
-166794102,Checkers,0,GAME_OVER,39,38,2,1094,OSLA,-1.0,1.0,Random
58593981,Checkers,0,GAME_OVER,49,48,2,1095,OSLA,-1.0,1.0,Random
-1977593602,Checkers,0,GAME_OVER,39,38,2,1096,OSLA,-1.0,1.0,Random
1424551860,Checkers,0,GAME_OVER,53,52,2,1097,OSLA,-1.0,1.0,Random
-294631709,Checkers,0,GAME_OVER,39,38,2,1098,OSLA,-1.0,1.0,Random
1580888036,Checkers,0,GAME_OVER,37,36,2,1099,OSLA,-1.0,1.0,Random
-1262192828,Checkers,0,GAME_OVER,34,33,2,1100,OSLA,-1.0,1.0,Random
-520792367,Checkers,0,GAME_OVER,34,33,2,1101,OSLA,-1.0,1.0,Random
255134340,Checkers,0,GAME_OVER,33,32,2,1102,OSLA,-1.0,1.0,Random
-826436583,Checkers,0,GAME_OVER,43,42,2,1103,OSLA,-1.0,1.0,Random
-1599117363,Checkers,0,GAME_OVER,44,43,2,1104,OSLA,-1.0,1.0,Random
1407376506,Checkers,0,GAME_OVER,46,45,2,1105,OSLA,-1.0,1.0,Random
1196226270,Checkers,0,GAME_OVER,40,39,2,1106,OSLA,-1.0,1.0,Random
180317213,Checkers,0,GAME_OVER,44,43,2,1107,OSLA,-1.0,1.0,Random
-1089034847,Checkers,0,GAME_OVER,41,40,2,1108,OSLA,-1.0,1.0,Random
-661079174,Checkers,0,GAME_OVER,36,35,2,1109,OSLA,-1.0,1.0,Random
141202736,Checkers,0,GAME_OVER,31,30,2,1110,OSLA,-1.0,1.0,Random
539395410,Checkers,0,GAME_OVER,40,39,2,1111,OSLA,-1.0,1.0,Random
-1613865414,Checkers,0,GAME_OVER,44,43,2,1112,OSLA,-1.0,1.0,Random
1666986907,Checkers,0,GAME_OVER,49,48,2,1113,OSLA,-1.0,1.0,Random
781509347,Checkers,0,GAME_OVER,34,33,2,1114,OSLA,-1.0,1.0,Random
-1185713591,Checkers,0,GAME_OVER,54,53,2,1115,OSLA,-1.0,1.0,Random
-768592755,Checkers,0,GAME_OVER,36,35,2,1116,OSLA,-1.0,1.0,Random
1848283739,Checkers,0,GAME_OVER,44,43,2,1117,OSLA,-1.0,1.0,Random
876527158,Checkers,0,GAME_OVER,35,34,2,1118,OSLA,-1.0,1.0,Random
-1243257703,Checkers,0,GAME_OVER,39,38,2,1119,OSLA,-1.0,1.0,Random
980760651,Checkers,0,GAME_OVER,35,34,2,1120,OSLA,-1.0,1.0,Random
249467615,Checkers,0,GAME_OVER,35,34,2,1121,OSLA,-1.0,1.0,Random
1096153373,Checkers,0,GAME_OVER,40,39,2,1122,OSLA,-1.0,1.0,Random
1095634930,Checkers,0,GAME_OVER,37,36,2,1123,OSLA,-1.0,1.0,Random
992054627,Checkers,0,GAME_OVER,40,39,2,1124,OSLA,-1.0,1.0,Random
943147304,Checkers,0,GAME_OVER,42,41,2,1125,OSLA,-1.0,1.0,Random
-25807258,Checkers,0,GAME_OVER,51,50,2,1126,OSLA,-1.0,1.0,Random
-2024265103,Checkers,0,GAME_OVER,50,49,2,1127,OSLA,-1.0,1.0,Random
-1895528500,Checkers,0,GAME_OVER,48,47,2,1128,OSLA,-1.0,1.0,Random
897977476,Checkers,0,GAME_OVER,42,41,2,1129,OSLA,-1.0,1.0,Random
965342494,Checkers,0,GAME_OVER,43,42,2,1130,OSLA,-1.0,1.0,Random
-1255858635,Checkers,0,GAME_OVER,45,44,2,1131,OSLA,-1.0,1.0,Random
-1355268224,Checkers,0,GAME_OVER,37,36,2,1132,OSLA,-1.0,1.0,Random
-1557392058,Checkers,0,GAME_OVER,48,47,2,1133,OSLA,-1.0,1.0,Random
149319218,Checkers,0,GAME_OVER,45,44,2,1134,OSLA,-1.0,1.0,Random
-2141470671,Checkers,0,GAME_OVER,37,36,2,1135,OSLA,-1.0,1.0,Random
-1112022837,Checkers,0,GAME_OVER,46,45,2,1136,OSLA,-1.0,1.0,Random
1399308729,Checkers,0,GAME_OVER,41,40,2,1137,OSLA,-1.0,1.0,Random
-879417256,Checkers,0,GAME_OVER,47,46,2,1138,OSLA,-1.0,1.0,Random
1871388739,Checkers,0,GAME_OVER,51,50,2,1139,OSLA,-1.0,1.0,Random
1221868741,Checkers,0,GAME_OVER,45,44,2,1140,OSLA,-1.0,1.0,Random
-226707887,Checkers,0,GAME_OVER,37,36,2,1141,OSLA,-1.0,1.0,Random
-481794513,Checkers,0,GAME_OVER,44,43,2,1142,OSLA,-1.0,1.0,Random
1667352198,Checkers,0,GAME_OVER,40,39,2,1143,OSLA,-1.0,1.0,Random
-1170055652,Checkers,0,GAME_OVER,42,41,2,1144,OSLA,-1.0,1.0,Random
-2042540765,Checkers,0,GAME_OVER,39,38,2,1145,OSLA,-1.0,1.0,Random
1822806693,Checkers,0,GAME_OVER,47,46,2,1146,OSLA,-1.0,1.0,Random
-913640989,Checkers,0,GAME_OVER,39,38,2,1147,OSLA,-1.0,1.0,Random
-839375338,Checkers,0,GAME_OVER,46,45,2,1148,OSLA,-1.0,1.0,Random
1993279638,Checkers,0,GAME_OVER,38,37,2,1149,OSLA,-1.0,1.0,Random
1332023192,Checkers,0,GAME_OVER,44,43,2,1150,OSLA,-1.0,1.0,Random
-1526158354,Checkers,0,GAME_OVER,44,43,2,1151,OSLA,-1.0,1.0,Random
768030165,Checkers,0,GAME_OVER,46,45,2,1152,OSLA,-1.0,1.0,Random
-4522662,Checkers,0,GAME_OVER,42,41,2,1153,OSLA,-1.0,1.0,Random
1735789247,Checkers,0,GAME_OVER,37,36,2,1154,OSLA,-1.0,1.0,Random
2113586671,Checkers,0,GAME_OVER,47,46,2,1155,OSLA,-1.0,1.0,Random
-152655907,Checkers,0,GAME_OVER,49,48,2,1156,OSLA,-1.0,1.0,Random
1175873433,Checkers,0,GAME_OVER,40,39,2,1157,OSLA,-1.0,1.0,Random
222117067,Checkers,0,GAME_OVER,58,57,2,1158,OSLA,-1.0,1.0,Random
-248507587,Checkers,0,GAME_OVER,39,38,2,1159,OSLA,-1.0,1.0,Random
-224371245,Checkers,0,GAME_OVER,34,33,2,1160,OSLA,-1.0,1.0,Random
-691609747,Checkers,0,GAME_OVER,38,37,2,1161,OSLA,-1.0,1.0,Random
322057929,Checkers,0,GAME_OVER,41,40,2,1162,OSLA,-1.0,1.0,Random
803239122,Checkers,0,GAME_OVER,49,48,2,1163,OSLA,-1.0,1.0,Random
593421959,Checkers,0,GAME_OVER,45,44,2,1164,OSLA,-1.0,1.0,Random
-1245126511,Checkers,0,GAME_OVER,43,42,2,1165,OSLA,-1.0,1.0,Random
1024401865,Checkers,0,GAME_OVER,43,42,2,1166,OSLA,-1.0,1.0,Random
1321437724,Checkers,0,GAME_OVER,57,56,2,1167,OSLA,-1.0,1.0,Random
-1348124620,Checkers,0,GAME_OVER,38,37,2,1168,OSLA,-1.0,1.0,Random
283547994,Checkers,0,GAME_OVER,46,45,2,1169,OSLA,-1.0,1.0,Random
-158985020,Checkers,0,GAME_OVER,35,34,2,1170,OSLA,-1.0,1.0,Random
-492758255,Checkers,0,GAME_OVER,50,49,2,1171,OSLA,-1.0,1.0,Random
1833564934,Checkers,0,GAME_OVER,37,36,2,1172,OSLA,-1.0,1.0,Random
-224906009,Checkers,0,GAME_OVER,36,35,2,1173,OSLA,-1.0,1.0,Random
2136695994,Checkers,0,GAME_OVER,35,34,2,1174,OSLA,-1.0,1.0,Random
-2068476027,Checkers,0,GAME_OVER,39,38,2,1175,OSLA,-1.0,1.0,Random
1558413275,Checkers,0,GAME_OVER,64,63,2,1176,OSLA,-1.0,1.0,Random
1264718999,Checkers,0,GAME_OVER,64,63,2,1177,OSLA,-1.0,1.0,Random
521294619,Checkers,0,GAME_OVER,46,45,2,1178,OSLA,-1.0,1.0,Random
1947600831,Checkers,0,GAME_OVER,46,45,2,1179,OSLA,-1.0,1.0,Random
1340833613,Checkers,0,GAME_OVER,38,37,2,1180,OSLA,-1.0,1.0,Random
1415097531,Checkers,0,GAME_OVER,40,39,2,1181,OSLA,-1.0,1.0,Random
491503207,Checkers,0,GAME_OVER,38,37,2,1182,OSLA,-1.0,1.0,Random
2011490889,Checkers,0,GAME_OVER,36,35,2,1183,OSLA,-1.0,1.0,Random
133942512,Checkers,0,GAME_OVER,50,49,2,1184,OSLA,-1.0,1.0,Random
-1548158836,Checkers,0,GAME_OVER,41,40,2,1185,OSLA,-1.0,1.0,Random
-70469352,Checkers,0,GAME_OVER,40,39,2,1186,OSLA,-1.0,1.0,Random
1373698822,Checkers,0,GAME_OVER,46,45,2,1187,OSLA,-1.0,1.0,Random
719792855,Checkers,0,GAME_OVER,40,39,2,1188,OSLA,-1.0,1.0,Random
2013247839,Checkers,0,GAME_OVER,41,40,2,1189,OSLA,-1.0,1.0,Random
-1373820225,Checkers,0,GAME_OVER,36,35,2,1190,OSLA,-1.0,1.0,Random
-1226420342,Checkers,0,GAME_OVER,41,40,2,1191,OSLA,-1.0,1.0,Random
43305309,Checkers,0,GAME_OVER,44,43,2,1192,OSLA,-1.0,1.0,Random
1574499606,Checkers,0,GAME_OVER,48,47,2,1193,OSLA,-1.0,1.0,Random
-1760764052,Checkers,0,GAME_OVER,45,44,2,1194,OSLA,-1.0,1.0,Random
-1264995163,Checkers,0,GAME_OVER,46,45,2,1195,OSLA,-1.0,1.0,Random
-1062371551,Checkers,0,GAME_OVER,34,33,2,1196,OSLA,-1.0,1.0,Random
-1125881895,Checkers,0,GAME_OVER,54,53,2,1197,OSLA,-1.0,1.0,Random
-529553070,Checkers,0,GAME_OVER,39,38,2,1198,OSLA,-1.0,1.0,Random
1307334977,Checkers,0,GAME_OVER,48,47,2,1199,OSLA,-1.0,1.0,Random
-1047134894,Checkers,0,GAME_OVER,38,37,2,1200,OSLA,-1.0,1.0,Random
1306713350,Checkers,0,GAME_OVER,35,34,2,1201,OSLA,-1.0,1.0,Random
-166180472,Checkers,0,GAME_OVER,34,33,2,1202,Random,1.0,-1.0,MCTS_v0
702970291,Checkers,0,GAME_OVER,34,33,2,1203,Random,1.0,-1.0,MCTS_v0
-2093688957,Checkers,0,GAME_OVER,44,43,2,1204,Random,1.0,-1.0,MCTS_v0
15277285,Checkers,0,GAME_OVER,50,49,2,1205,Random,1.0,-1.0,MCTS_v0
-1236454748,Checkers,0,GAME_OVER,47,46,2,1206,Random,1.0,-1.0,MCTS_v0
249439406,Checkers,0,GAME_OVER,39,38,2,1207,Random,1.0,-1.0,MCTS_v0
302495374,Checkers,0,GAME_OVER,43,42,2,1208,Random,1.0,-1.0,MCTS_v0
-741054849,Checkers,0,GAME_OVER,42,41,2,1209,Random,1.0,-1.0,MCTS_v0
-1426144559,Checkers,0,GAME_OVER,49,48,2,1210,Random,1.0,-1.0,MCTS_v0
118065288,Checkers,0,GAME_OVER,44,43,2,1211,Random,1.0,-1.0,MCTS_v0
1705451795,Checkers,0,GAME_OVER,50,49,2,1212,Random,1.0,-1.0,MCTS_v0
-1138379803,Checkers,0,GAME_OVER,34,33,2,1213,Random,1.0,-1.0,MCTS_v0
-792105690,Checkers,0,GAME_OVER,47,46,2,1214,Random,1.0,-1.0,MCTS_v0
251240563,Checkers,0,GAME_OVER,43,42,2,1215,Random,1.0,-1.0,MCTS_v0
616215289,Checkers,0,GAME_OVER,40,39,2,1216,Random,1.0,-1.0,MCTS_v0
286491649,Checkers,0,GAME_OVER,40,39,2,1217,Random,1.0,-1.0,MCTS_v0
-1837327222,Checkers,0,GAME_OVER,42,41,2,1218,Random,1.0,-1.0,MCTS_v0
1731803123,Checkers,0,GAME_OVER,38,37,2,1219,Random,1.0,-1.0,MCTS_v0
416791102,Checkers,0,GAME_OVER,47,46,2,1220,Random,1.0,-1.0,MCTS_v0
216396693,Checkers,0,GAME_OVER,42,41,2,1221,Random,1.0,-1.0,MCTS_v0
-848119213,Checkers,0,GAME_OVER,40,39,2,1222,Random,1.0,-1.0,MCTS_v0
-621865294,Checkers,0,GAME_OVER,39,38,2,1223,Random,1.0,-1.0,MCTS_v0
878598204,Checkers,0,GAME_OVER,42,41,2,1224,Random,1.0,-1.0,MCTS_v0
-1699676377,Checkers,0,GAME_OVER,42,41,2,1225,Random,1.0,-1.0,MCTS_v0
638614319,Checkers,0,GAME_OVER,45,44,2,1226,Random,1.0,-1.0,MCTS_v0
-1286171248,Checkers,0,GAME_OVER,45,44,2,1227,Random,1.0,-1.0,MCTS_v0
1496380205,Checkers,0,GAME_OVER,47,46,2,1228,Random,1.0,-1.0,MCTS_v0
-535007174,Checkers,0,GAME_OVER,34,33,2,1229,Random,1.0,-1.0,MCTS_v0
351376967,Checkers,0,GAME_OVER,39,38,2,1230,Random,1.0,-1.0,MCTS_v0
-1920732930,Checkers,0,GAME_OVER,42,41,2,1231,Random,1.0,-1.0,MCTS_v0
2092088305,Checkers,0,GAME_OVER,42,41,2,1232,Random,1.0,-1.0,MCTS_v0
-2053051970,Checkers,0,GAME_OVER,38,37,2,1233,Random,1.0,-1.0,MCTS_v0
-1794684255,Checkers,0,GAME_OVER,47,46,2,1234,Random,1.0,-1.0,MCTS_v0
-1721045876,Checkers,0,GAME_OVER,45,44,2,1235,Random,1.0,-1.0,MCTS_v0
-1727902706,Checkers,0,GAME_OVER,44,43,2,1236,Random,1.0,-1.0,MCTS_v0
975488968,Checkers,0,GAME_OVER,52,51,2,1237,Random,1.0,-1.0,MCTS_v0
1884247749,Checkers,0,GAME_OVER,49,48,2,1238,Random,1.0,-1.0,MCTS_v0
695442367,Checkers,0,GAME_OVER,41,40,2,1239,Random,1.0,-1.0,MCTS_v0
1999740919,Checkers,0,GAME_OVER,50,49,2,1240,Random,1.0,-1.0,MCTS_v0
-967129467,Checkers,0,GAME_OVER,39,38,2,1241,Random,1.0,-1.0,MCTS_v0
168838819,Checkers,0,GAME_OVER,37,36,2,1242,Random,1.0,-1.0,MCTS_v0
-2108529625,Checkers,0,GAME_OVER,42,41,2,1243,Random,1.0,-1.0,MCTS_v0
-2104692336,Checkers,0,GAME_OVER,41,40,2,1244,Random,1.0,-1.0,MCTS_v0
-1813011348,Checkers,0,GAME_OVER,46,45,2,1245,Random,1.0,-1.0,MCTS_v0
-1930282061,Checkers,0,GAME_OVER,45,44,2,1246,Random,1.0,-1.0,MCTS_v0
2023066801,Checkers,0,GAME_OVER,45,44,2,1247,Random,1.0,-1.0,MCTS_v0
102119153,Checkers,0,GAME_OVER,45,44,2,1248,Random,1.0,-1.0,MCTS_v0
-1548536910,Checkers,0,GAME_OVER,42,41,2,1249,Random,1.0,-1.0,MCTS_v0
1327076190,Checkers,0,GAME_OVER,45,44,2,1250,Random,1.0,-1.0,MCTS_v0
497806905,Checkers,0,GAME_OVER,46,45,2,1251,Random,1.0,-1.0,MCTS_v0
-76330646,Checkers,0,GAME_OVER,41,40,2,1252,Random,1.0,-1.0,MCTS_v0
264015619,Checkers,0,GAME_OVER,43,42,2,1253,Random,1.0,-1.0,MCTS_v0
1893404572,Checkers,0,GAME_OVER,41,40,2,1254,Random,1.0,-1.0,MCTS_v0
-565339805,Checkers,0,GAME_OVER,39,38,2,1255,Random,1.0,-1.0,MCTS_v0
-1175914298,Checkers,0,GAME_OVER,50,49,2,1256,Random,1.0,-1.0,MCTS_v0
-632265362,Checkers,0,GAME_OVER,43,42,2,1257,Random,1.0,-1.0,MCTS_v0
2046256605,Checkers,0,GAME_OVER,41,40,2,1258,Random,1.0,-1.0,MCTS_v0
1768457643,Checkers,0,GAME_OVER,48,47,2,1259,Random,1.0,-1.0,MCTS_v0
-1394766124,Checkers,0,GAME_OVER,44,43,2,1260,Random,1.0,-1.0,MCTS_v0
-1689546336,Checkers,0,GAME_OVER,47,46,2,1261,Random,1.0,-1.0,MCTS_v0
1875269677,Checkers,0,GAME_OVER,54,53,2,1262,Random,1.0,-1.0,MCTS_v0
1044422073,Checkers,0,GAME_OVER,44,43,2,1263,Random,1.0,-1.0,MCTS_v0
-670988510,Checkers,0,GAME_OVER,46,45,2,1264,Random,1.0,-1.0,MCTS_v0
-1153208236,Checkers,0,GAME_OVER,50,49,2,1265,Random,1.0,-1.0,MCTS_v0
1519893650,Checkers,0,GAME_OVER,47,46,2,1266,Random,1.0,-1.0,MCTS_v0
731102457,Checkers,0,GAME_OVER,44,43,2,1267,Random,1.0,-1.0,MCTS_v0
1810202379,Checkers,0,GAME_OVER,41,40,2,1268,Random,1.0,-1.0,MCTS_v0
682666506,Checkers,0,GAME_OVER,44,43,2,1269,Random,1.0,-1.0,MCTS_v0
-468511048,Checkers,0,GAME_OVER,43,42,2,1270,Random,1.0,-1.0,MCTS_v0
2106028651,Checkers,0,GAME_OVER,53,52,2,1271,Random,1.0,-1.0,MCTS_v0
1689297396,Checkers,0,GAME_OVER,45,44,2,1272,Random,1.0,-1.0,MCTS_v0
-1752144906,Checkers,0,GAME_OVER,47,46,2,1273,Random,1.0,-1.0,MCTS_v0
-104552497,Checkers,0,GAME_OVER,46,45,2,1274,Random,1.0,-1.0,MCTS_v0
1311743159,Checkers,0,GAME_OVER,41,40,2,1275,Random,1.0,-1.0,MCTS_v0
-31779374,Checkers,0,GAME_OVER,40,39,2,1276,Random,1.0,-1.0,MCTS_v0
1647512635,Checkers,0,GAME_OVER,40,39,2,1277,Random,1.0,-1.0,MCTS_v0
-1466885964,Checkers,0,GAME_OVER,38,37,2,1278,Random,1.0,-1.0,MCTS_v0
-237358204,Checkers,0,GAME_OVER,55,54,2,1279,Random,1.0,-1.0,MCTS_v0
1476668398,Checkers,0,GAME_OVER,57,56,2,1280,Random,1.0,-1.0,MCTS_v0
2041525592,Checkers,0,GAME_OVER,38,37,2,1281,Random,1.0,-1.0,MCTS_v0
-1783160242,Checkers,0,GAME_OVER,38,37,2,1282,Random,1.0,-1.0,MCTS_v0
-297938423,Checkers,0,GAME_OVER,43,42,2,1283,Random,1.0,-1.0,MCTS_v0
-1640736276,Checkers,0,GAME_OVER,47,46,2,1284,Random,1.0,-1.0,MCTS_v0
-1595788062,Checkers,0,GAME_OVER,34,33,2,1285,Random,1.0,-1.0,MCTS_v0
312006714,Checkers,0,GAME_OVER,41,40,2,1286,Random,1.0,-1.0,MCTS_v0
1198380771,Checkers,0,GAME_OVER,38,37,2,1287,Random,1.0,-1.0,MCTS_v0
1347895049,Checkers,0,GAME_OVER,33,32,2,1288,Random,1.0,-1.0,MCTS_v0
-2058389133,Checkers,0,GAME_OVER,41,40,2,1289,Random,1.0,-1.0,MCTS_v0
805075370,Checkers,0,GAME_OVER,43,42,2,1290,Random,1.0,-1.0,MCTS_v0
944778537,Checkers,0,GAME_OVER,41,40,2,1291,Random,1.0,-1.0,MCTS_v0
1429879203,Checkers,0,GAME_OVER,53,52,2,1292,Random,1.0,-1.0,MCTS_v0
2026556386,Checkers,0,GAME_OVER,44,43,2,1293,Random,1.0,-1.0,MCTS_v0
-166794102,Checkers,0,GAME_OVER,47,46,2,1294,Random,1.0,-1.0,MCTS_v0
58593981,Checkers,0,GAME_OVER,35,34,2,1295,Random,1.0,-1.0,MCTS_v0
-1977593602,Checkers,0,GAME_OVER,38,37,2,1296,Random,1.0,-1.0,MCTS_v0
1424551860,Checkers,0,GAME_OVER,47,46,2,1297,Random,1.0,-1.0,MCTS_v0
-294631709,Checkers,0,GAME_OVER,44,43,2,1298,Random,1.0,-1.0,MCTS_v0
1580888036,Checkers,0,GAME_OVER,46,45,2,1299,Random,1.0,-1.0,MCTS_v0
-1262192828,Checkers,0,GAME_OVER,43,42,2,1300,Random,1.0,-1.0,MCTS_v0
-520792367,Checkers,0,GAME_OVER,38,37,2,1301,Random,1.0,-1.0,MCTS_v0
255134340,Checkers,0,GAME_OVER,48,47,2,1302,Random,1.0,-1.0,MCTS_v0
-826436583,Checkers,0,GAME_OVER,50,49,2,1303,Random,1.0,-1.0,MCTS_v0
-1599117363,Checkers,0,GAME_OVER,42,41,2,1304,Random,1.0,-1.0,MCTS_v0
1407376506,Checkers,0,GAME_OVER,55,54,2,1305,Random,1.0,-1.0,MCTS_v0
1196226270,Checkers,0,GAME_OVER,57,56,2,1306,Random,1.0,-1.0,MCTS_v0
180317213,Checkers,0,GAME_OVER,41,40,2,1307,Random,1.0,-1.0,MCTS_v0
-1089034847,Checkers,0,GAME_OVER,55,54,2,1308,Random,1.0,-1.0,MCTS_v0
-661079174,Checkers,0,GAME_OVER,54,53,2,1309,Random,1.0,-1.0,MCTS_v0
141202736,Checkers,0,GAME_OVER,50,49,2,1310,Random,1.0,-1.0,MCTS_v0
539395410,Checkers,0,GAME_OVER,48,47,2,1311,Random,1.0,-1.0,MCTS_v0
-1613865414,Checkers,0,GAME_OVER,39,38,2,1312,Random,1.0,-1.0,MCTS_v0
1666986907,Checkers,0,GAME_OVER,41,40,2,1313,Random,1.0,-1.0,MCTS_v0
781509347,Checkers,0,GAME_OVER,48,47,2,1314,Random,1.0,-1.0,MCTS_v0
-1185713591,Checkers,0,GAME_OVER,44,43,2,1315,Random,1.0,-1.0,MCTS_v0
-768592755,Checkers,0,GAME_OVER,44,43,2,1316,Random,1.0,-1.0,MCTS_v0
1848283739,Checkers,0,GAME_OVER,39,38,2,1317,Random,1.0,-1.0,MCTS_v0
876527158,Checkers,0,GAME_OVER,47,46,2,1318,Random,1.0,-1.0,MCTS_v0
-1243257703,Checkers,0,GAME_OVER,45,44,2,1319,Random,1.0,-1.0,MCTS_v0
980760651,Checkers,0,GAME_OVER,51,50,2,1320,Random,1.0,-1.0,MCTS_v0
249467615,Checkers,0,GAME_OVER,37,36,2,1321,Random,1.0,-1.0,MCTS_v0
1096153373,Checkers,0,GAME_OVER,39,38,2,1322,Random,1.0,-1.0,MCTS_v0
1095634930,Checkers,0,GAME_OVER,37,36,2,1323,Random,1.0,-1.0,MCTS_v0
992054627,Checkers,0,GAME_OVER,40,39,2,1324,Random,1.0,-1.0,MCTS_v0
943147304,Checkers,0,GAME_OVER,42,41,2,1325,Random,1.0,-1.0,MCTS_v0
-25807258,Checkers,0,GAME_OVER,42,41,2,1326,Random,1.0,-1.0,MCTS_v0
-2024265103,Checkers,0,GAME_OVER,39,38,2,1327,Random,1.0,-1.0,MCTS_v0
-1895528500,Checkers,0,GAME_OVER,40,39,2,1328,Random,1.0,-1.0,MCTS_v0
897977476,Checkers,0,GAME_OVER,40,39,2,1329,Random,1.0,-1.0,MCTS_v0
965342494,Checkers,0,GAME_OVER,44,43,2,1330,Random,1.0,-1.0,MCTS_v0
-1255858635,Checkers,0,GAME_OVER,44,43,2,1331,Random,1.0,-1.0,MCTS_v0
-1355268224,Checkers,0,GAME_OVER,52,51,2,1332,Random,1.0,-1.0,MCTS_v0
-1557392058,Checkers,0,GAME_OVER,42,41,2,1333,Random,1.0,-1.0,MCTS_v0
149319218,Checkers,0,GAME_OVER,41,40,2,1334,Random,1.0,-1.0,MCTS_v0
-2141470671,Checkers,0,GAME_OVER,48,47,2,1335,Random,1.0,-1.0,MCTS_v0
-1112022837,Checkers,0,GAME_OVER,39,38,2,1336,Random,1.0,-1.0,MCTS_v0
1399308729,Checkers,0,GAME_OVER,38,37,2,1337,Random,1.0,-1.0,MCTS_v0
-879417256,Checkers,0,GAME_OVER,43,42,2,1338,Random,1.0,-1.0,MCTS_v0
1871388739,Checkers,0,GAME_OVER,39,38,2,1339,Random,1.0,-1.0,MCTS_v0
1221868741,Checkers,0,GAME_OVER,40,39,2,1340,Random,1.0,-1.0,MCTS_v0
-226707887,Checkers,0,GAME_OVER,38,37,2,1341,Random,1.0,-1.0,MCTS_v0
-481794513,Checkers,0,GAME_OVER,52,51,2,1342,Random,1.0,-1.0,MCTS_v0
1667352198,Checkers,0,GAME_OVER,40,39,2,1343,Random,1.0,-1.0,MCTS_v0
-1170055652,Checkers,0,GAME_OVER,45,44,2,1344,Random,1.0,-1.0,MCTS_v0
-2042540765,Checkers,0,GAME_OVER,51,50,2,1345,Random,1.0,-1.0,MCTS_v0
1822806693,Checkers,0,GAME_OVER,42,41,2,1346,Random,1.0,-1.0,MCTS_v0
-913640989,Checkers,0,GAME_OVER,43,42,2,1347,Random,1.0,-1.0,MCTS_v0
-839375338,Checkers,0,GAME_OVER,38,37,2,1348,Random,1.0,-1.0,MCTS_v0
1993279638,Checkers,0,GAME_OVER,46,45,2,1349,Random,1.0,-1.0,MCTS_v0
1332023192,Checkers,0,GAME_OVER,40,39,2,1350,Random,1.0,-1.0,MCTS_v0
-1526158354,Checkers,0,GAME_OVER,39,38,2,1351,Random,1.0,-1.0,MCTS_v0
768030165,Checkers,0,GAME_OVER,58,57,2,1352,Random,1.0,-1.0,MCTS_v0
-4522662,Checkers,0,GAME_OVER,44,43,2,1353,Random,1.0,-1.0,MCTS_v0
1735789247,Checkers,0,GAME_OVER,42,41,2,1354,Random,1.0,-1.0,MCTS_v0
2113586671,Checkers,0,GAME_OVER,42,41,2,1355,Random,1.0,-1.0,MCTS_v0
-152655907,Checkers,0,GAME_OVER,40,39,2,1356,Random,1.0,-1.0,MCTS_v0
1175873433,Checkers,0,GAME_OVER,40,39,2,1357,Random,1.0,-1.0,MCTS_v0
222117067,Checkers,0,GAME_OVER,51,50,2,1358,Random,1.0,-1.0,MCTS_v0
-248507587,Checkers,0,GAME_OVER,48,47,2,1359,Random,1.0,-1.0,MCTS_v0
-224371245,Checkers,0,GAME_OVER,37,36,2,1360,Random,1.0,-1.0,MCTS_v0
-691609747,Checkers,0,GAME_OVER,38,37,2,1361,Random,1.0,-1.0,MCTS_v0
322057929,Checkers,0,GAME_OVER,47,46,2,1362,Random,1.0,-1.0,MCTS_v0
803239122,Checkers,0,GAME_OVER,44,43,2,1363,Random,1.0,-1.0,MCTS_v0
593421959,Checkers,0,GAME_OVER,45,44,2,1364,Random,1.0,-1.0,MCTS_v0
-1245126511,Checkers,0,GAME_OVER,45,44,2,1365,Random,1.0,-1.0,MCTS_v0
1024401865,Checkers,0,GAME_OVER,49,48,2,1366,Random,1.0,-1.0,MCTS_v0
1321437724,Checkers,0,GAME_OVER,37,36,2,1367,Random,1.0,-1.0,MCTS_v0
-1348124620,Checkers,0,GAME_OVER,56,55,2,1368,Random,1.0,-1.0,MCTS_v0
283547994,Checkers,0,GAME_OVER,47,46,2,1369,Random,1.0,-1.0,MCTS_v0
-158985020,Checkers,0,GAME_OVER,52,51,2,1370,Random,1.0,-1.0,MCTS_v0
-492758255,Checkers,0,GAME_OVER,35,34,2,1371,Random,1.0,-1.0,MCTS_v0
1833564934,Checkers,0,GAME_OVER,47,46,2,1372,Random,1.0,-1.0,MCTS_v0
-224906009,Checkers,0,GAME_OVER,41,40,2,1373,Random,1.0,-1.0,MCTS_v0
2136695994,Checkers,0,GAME_OVER,45,44,2,1374,Random,1.0,-1.0,MCTS_v0
-2068476027,Checkers,0,GAME_OVER,41,40,2,1375,Random,1.0,-1.0,MCTS_v0
1558413275,Checkers,0,GAME_OVER,31,30,2,1376,Random,1.0,-1.0,MCTS_v0
1264718999,Checkers,0,GAME_OVER,38,37,2,1377,Random,1.0,-1.0,MCTS_v0
521294619,Checkers,0,GAME_OVER,37,36,2,1378,Random,1.0,-1.0,MCTS_v0
1947600831,Checkers,0,GAME_OVER,45,44,2,1379,Random,1.0,-1.0,MCTS_v0
1340833613,Checkers,0,GAME_OVER,46,45,2,1380,Random,1.0,-1.0,MCTS_v0
1415097531,Checkers,0,GAME_OVER,42,41,2,1381,Random,1.0,-1.0,MCTS_v0
491503207,Checkers,0,GAME_OVER,46,45,2,1382,Random,1.0,-1.0,MCTS_v0
2011490889,Checkers,0,GAME_OVER,57,56,2,1383,Random,1.0,-1.0,MCTS_v0
133942512,Checkers,0,GAME_OVER,37,36,2,1384,Random,1.0,-1.0,MCTS_v0
-1548158836,Checkers,0,GAME_OVER,42,41,2,1385,Random,1.0,-1.0,MCTS_v0
-70469352,Checkers,0,GAME_OVER,44,43,2,1386,Random,1.0,-1.0,MCTS_v0
1373698822,Checkers,0,GAME_OVER,51,50,2,1387,Random,1.0,-1.0,MCTS_v0
719792855,Checkers,0,GAME_OVER,54,53,2,1388,Random,1.0,-1.0,MCTS_v0
2013247839,Checkers,0,GAME_OVER,39,38,2,1389,Random,1.0,-1.0,MCTS_v0
-1373820225,Checkers,0,GAME_OVER,41,40,2,1390,Random,1.0,-1.0,MCTS_v0
-1226420342,Checkers,0,GAME_OVER,41,40,2,1391,Random,1.0,-1.0,MCTS_v0
43305309,Checkers,0,GAME_OVER,43,42,2,1392,Random,1.0,-1.0,MCTS_v0
1574499606,Checkers,0,GAME_OVER,45,44,2,1393,Random,1.0,-1.0,MCTS_v0
-1760764052,Checkers,0,GAME_OVER,52,51,2,1394,Random,1.0,-1.0,MCTS_v0
-1264995163,Checkers,0,GAME_OVER,37,36,2,1395,Random,1.0,-1.0,MCTS_v0
-1062371551,Checkers,0,GAME_OVER,46,45,2,1396,Random,1.0,-1.0,MCTS_v0
-1125881895,Checkers,0,GAME_OVER,48,47,2,1397,Random,1.0,-1.0,MCTS_v0
-529553070,Checkers,0,GAME_OVER,49,48,2,1398,Random,1.0,-1.0,MCTS_v0
1307334977,Checkers,0,GAME_OVER,45,44,2,1399,Random,1.0,-1.0,MCTS_v0
-1047134894,Checkers,0,GAME_OVER,42,41,2,1400,Random,1.0,-1.0,MCTS_v0
1306713350,Checkers,0,GAME_OVER,42,41,2,1401,Random,1.0,-1.0,MCTS_v0
-166180472,Checkers,0,GAME_OVER,60,59,2,1402,Random,1.0,-1.0,OSLA
702970291,Checkers,0,GAME_OVER,39,38,2,1403,Random,1.0,-1.0,OSLA
-2093688957,Checkers,0,GAME_OVER,39,38,2,1404,Random,1.0,-1.0,OSLA
15277285,Checkers,0,GAME_OVER,50,49,2,1405,Random,1.0,-1.0,OSLA
-1236454748,Checkers,0,GAME_OVER,39,38,2,1406,Random,1.0,-1.0,OSLA
249439406,Checkers,0,GAME_OVER,42,41,2,1407,Random,1.0,-1.0,OSLA
302495374,Checkers,0,GAME_OVER,46,45,2,1408,Random,1.0,-1.0,OSLA
-741054849,Checkers,0,GAME_OVER,47,46,2,1409,Random,1.0,-1.0,OSLA
-1426144559,Checkers,0,GAME_OVER,42,41,2,1410,Random,1.0,-1.0,OSLA
118065288,Checkers,0,GAME_OVER,45,44,2,1411,Random,1.0,-1.0,OSLA
1705451795,Checkers,0,GAME_OVER,46,45,2,1412,Random,1.0,-1.0,OSLA
-1138379803,Checkers,0,GAME_OVER,52,51,2,1413,Random,1.0,-1.0,OSLA
-792105690,Checkers,0,GAME_OVER,42,41,2,1414,Random,1.0,-1.0,OSLA
251240563,Checkers,0,GAME_OVER,33,32,2,1415,Random,1.0,-1.0,OSLA
616215289,Checkers,0,GAME_OVER,28,27,2,1416,Random,1.0,-1.0,OSLA
286491649,Checkers,0,GAME_OVER,49,48,2,1417,Random,1.0,-1.0,OSLA
-1837327222,Checkers,0,GAME_OVER,38,37,2,1418,Random,1.0,-1.0,OSLA
1731803123,Checkers,0,GAME_OVER,76,75,2,1419,Random,1.0,-1.0,OSLA
416791102,Checkers,0,GAME_OVER,42,41,2,1420,Random,1.0,-1.0,OSLA
216396693,Checkers,0,GAME_OVER,35,34,2,1421,Random,1.0,-1.0,OSLA
-848119213,Checkers,0,GAME_OVER,38,37,2,1422,Random,1.0,-1.0,OSLA
-621865294,Checkers,0,GAME_OVER,39,38,2,1423,Random,1.0,-1.0,OSLA
878598204,Checkers,0,GAME_OVER,43,42,2,1424,Random,1.0,-1.0,OSLA
-1699676377,Checkers,0,GAME_OVER,56,55,2,1425,Random,1.0,-1.0,OSLA
638614319,Checkers,0,GAME_OVER,39,38,2,1426,Random,1.0,-1.0,OSLA
-1286171248,Checkers,0,GAME_OVER,41,40,2,1427,Random,1.0,-1.0,OSLA
1496380205,Checkers,0,GAME_OVER,49,48,2,1428,Random,1.0,-1.0,OSLA
-535007174,Checkers,0,GAME_OVER,35,34,2,1429,Random,1.0,-1.0,OSLA
351376967,Checkers,0,GAME_OVER,38,37,2,1430,Random,1.0,-1.0,OSLA
-1920732930,Checkers,0,GAME_OVER,46,45,2,1431,Random,1.0,-1.0,OSLA
2092088305,Checkers,0,GAME_OVER,45,44,2,1432,Random,1.0,-1.0,OSLA
-2053051970,Checkers,0,GAME_OVER,39,38,2,1433,Random,1.0,-1.0,OSLA
-1794684255,Checkers,0,GAME_OVER,52,51,2,1434,Random,1.0,-1.0,OSLA
-1721045876,Checkers,0,GAME_OVER,45,44,2,1435,Random,1.0,-1.0,OSLA
-1727902706,Checkers,0,GAME_OVER,62,61,2,1436,Random,1.0,-1.0,OSLA
975488968,Checkers,0,GAME_OVER,42,41,2,1437,Random,1.0,-1.0,OSLA
1884247749,Checkers,0,GAME_OVER,46,45,2,1438,Random,1.0,-1.0,OSLA
695442367,Checkers,0,GAME_OVER,35,34,2,1439,Random,1.0,-1.0,OSLA
1999740919,Checkers,0,GAME_OVER,42,41,2,1440,Random,1.0,-1.0,OSLA
-967129467,Checkers,0,GAME_OVER,36,35,2,1441,Random,1.0,-1.0,OSLA
168838819,Checkers,0,GAME_OVER,33,32,2,1442,Random,1.0,-1.0,OSLA
-2108529625,Checkers,0,GAME_OVER,53,52,2,1443,Random,1.0,-1.0,OSLA
-2104692336,Checkers,0,GAME_OVER,42,41,2,1444,Random,1.0,-1.0,OSLA
-1813011348,Checkers,0,GAME_OVER,53,52,2,1445,Random,1.0,-1.0,OSLA
-1930282061,Checkers,0,GAME_OVER,44,43,2,1446,Random,1.0,-1.0,OSLA
2023066801,Checkers,0,GAME_OVER,41,40,2,1447,Random,1.0,-1.0,OSLA
102119153,Checkers,0,GAME_OVER,41,40,2,1448,Random,1.0,-1.0,OSLA
-1548536910,Checkers,0,GAME_OVER,46,45,2,1449,Random,1.0,-1.0,OSLA
1327076190,Checkers,0,GAME_OVER,42,41,2,1450,Random,1.0,-1.0,OSLA
497806905,Checkers,0,GAME_OVER,35,34,2,1451,Random,1.0,-1.0,OSLA
-76330646,Checkers,0,GAME_OVER,58,57,2,1452,Random,1.0,-1.0,OSLA
264015619,Checkers,0,GAME_OVER,40,39,2,1453,Random,1.0,-1.0,OSLA
1893404572,Checkers,0,GAME_OVER,66,65,2,1454,Random,1.0,-1.0,OSLA
-565339805,Checkers,0,GAME_OVER,42,41,2,1455,Random,1.0,-1.0,OSLA
-1175914298,Checkers,0,GAME_OVER,44,43,2,1456,Random,1.0,-1.0,OSLA
-632265362,Checkers,0,GAME_OVER,43,42,2,1457,Random,1.0,-1.0,OSLA
2046256605,Checkers,0,GAME_OVER,36,35,2,1458,Random,1.0,-1.0,OSLA
1768457643,Checkers,0,GAME_OVER,40,39,2,1459,Random,1.0,-1.0,OSLA
-1394766124,Checkers,0,GAME_OVER,39,38,2,1460,Random,1.0,-1.0,OSLA
-1689546336,Checkers,0,GAME_OVER,48,47,2,1461,Random,1.0,-1.0,OSLA
1875269677,Checkers,0,GAME_OVER,42,41,2,1462,Random,1.0,-1.0,OSLA
1044422073,Checkers,0,GAME_OVER,49,48,2,1463,Random,1.0,-1.0,OSLA
-670988510,Checkers,0,GAME_OVER,40,39,2,1464,Random,1.0,-1.0,OSLA
-1153208236,Checkers,0,GAME_OVER,44,43,2,1465,Random,1.0,-1.0,OSLA
1519893650,Checkers,0,GAME_OVER,40,39,2,1466,Random,1.0,-1.0,OSLA
731102457,Checkers,0,GAME_OVER,55,54,2,1467,Random,1.0,-1.0,OSLA
1810202379,Checkers,0,GAME_OVER,36,35,2,1468,Random,1.0,-1.0,OSLA
682666506,Checkers,0,GAME_OVER,44,43,2,1469,Random,1.0,-1.0,OSLA
-468511048,Checkers,0,GAME_OVER,42,41,2,1470,Random,1.0,-1.0,OSLA
2106028651,Checkers,0,GAME_OVER,47,46,2,1471,Random,1.0,-1.0,OSLA
1689297396,Checkers,0,GAME_OVER,35,34,2,1472,Random,1.0,-1.0,OSLA
-1752144906,Checkers,0,GAME_OVER,36,35,2,1473,Random,1.0,-1.0,OSLA
-104552497,Checkers,0,GAME_OVER,39,38,2,1474,Random,1.0,-1.0,OSLA
1311743159,Checkers,0,GAME_OVER,61,60,2,1475,Random,1.0,-1.0,OSLA
-31779374,Checkers,0,GAME_OVER,44,43,2,1476,Random,1.0,-1.0,OSLA
1647512635,Checkers,0,GAME_OVER,46,45,2,1477,Random,1.0,-1.0,OSLA
-1466885964,Checkers,0,GAME_OVER,38,37,2,1478,Random,1.0,-1.0,OSLA
-237358204,Checkers,0,GAME_OVER,40,39,2,1479,Random,1.0,-1.0,OSLA
1476668398,Checkers,0,GAME_OVER,48,47,2,1480,Random,1.0,-1.0,OSLA
2041525592,Checkers,0,GAME_OVER,40,39,2,1481,Random,1.0,-1.0,OSLA
-1783160242,Checkers,0,GAME_OVER,49,48,2,1482,Random,1.0,-1.0,OSLA
-297938423,Checkers,0,GAME_OVER,47,46,2,1483,Random,1.0,-1.0,OSLA
-1640736276,Checkers,0,GAME_OVER,47,46,2,1484,Random,1.0,-1.0,OSLA
-1595788062,Checkers,0,GAME_OVER,41,40,2,1485,Random,1.0,-1.0,OSLA
312006714,Checkers,0,GAME_OVER,49,48,2,1486,Random,1.0,-1.0,OSLA
1198380771,Checkers,0,GAME_OVER,34,33,2,1487,Random,1.0,-1.0,OSLA
1347895049,Checkers,0,GAME_OVER,44,43,2,1488,Random,1.0,-1.0,OSLA
-2058389133,Checkers,0,GAME_OVER,42,41,2,1489,Random,1.0,-1.0,OSLA
805075370,Checkers,0,GAME_OVER,36,35,2,1490,Random,1.0,-1.0,OSLA
944778537,Checkers,0,GAME_OVER,41,40,2,1491,Random,1.0,-1.0,OSLA
1429879203,Checkers,0,GAME_OVER,40,39,2,1492,Random,1.0,-1.0,OSLA
2026556386,Checkers,0,GAME_OVER,47,46,2,1493,Random,1.0,-1.0,OSLA
-166794102,Checkers,0,GAME_OVER,46,45,2,1494,Random,1.0,-1.0,OSLA
58593981,Checkers,0,GAME_OVER,46,45,2,1495,Random,1.0,-1.0,OSLA
-1977593602,Checkers,0,GAME_OVER,44,43,2,1496,Random,1.0,-1.0,OSLA
1424551860,Checkers,0,GAME_OVER,40,39,2,1497,Random,1.0,-1.0,OSLA
-294631709,Checkers,0,GAME_OVER,45,44,2,1498,Random,1.0,-1.0,OSLA
1580888036,Checkers,0,GAME_OVER,56,55,2,1499,Random,1.0,-1.0,OSLA
-1262192828,Checkers,0,GAME_OVER,40,39,2,1500,Random,1.0,-1.0,OSLA
-520792367,Checkers,0,GAME_OVER,43,42,2,1501,Random,1.0,-1.0,OSLA
255134340,Checkers,0,GAME_OVER,39,38,2,1502,Random,1.0,-1.0,OSLA
-826436583,Checkers,0,GAME_OVER,37,36,2,1503,Random,1.0,-1.0,OSLA
-1599117363,Checkers,0,GAME_OVER,52,51,2,1504,Random,1.0,-1.0,OSLA
1407376506,Checkers,0,GAME_OVER,37,36,2,1505,Random,1.0,-1.0,OSLA
1196226270,Checkers,0,GAME_OVER,42,41,2,1506,Random,1.0,-1.0,OSLA
180317213,Checkers,0,GAME_OVER,32,31,2,1507,Random,1.0,-1.0,OSLA
-1089034847,Checkers,0,GAME_OVER,36,35,2,1508,Random,1.0,-1.0,OSLA
-661079174,Checkers,0,GAME_OVER,34,33,2,1509,Random,1.0,-1.0,OSLA
141202736,Checkers,0,GAME_OVER,45,44,2,1510,Random,1.0,-1.0,OSLA
539395410,Checkers,0,GAME_OVER,35,34,2,1511,Random,1.0,-1.0,OSLA
-1613865414,Checkers,0,GAME_OVER,46,45,2,1512,Random,1.0,-1.0,OSLA
1666986907,Checkers,0,GAME_OVER,38,37,2,1513,Random,1.0,-1.0,OSLA
781509347,Checkers,0,GAME_OVER,40,39,2,1514,Random,1.0,-1.0,OSLA
-1185713591,Checkers,0,GAME_OVER,47,46,2,1515,Random,1.0,-1.0,OSLA
-768592755,Checkers,0,GAME_OVER,54,53,2,1516,Random,1.0,-1.0,OSLA
1848283739,Checkers,0,GAME_OVER,38,37,2,1517,Random,1.0,-1.0,OSLA
876527158,Checkers,0,GAME_OVER,48,47,2,1518,Random,1.0,-1.0,OSLA
-1243257703,Checkers,0,GAME_OVER,48,47,2,1519,Random,1.0,-1.0,OSLA
980760651,Checkers,0,GAME_OVER,33,32,2,1520,Random,1.0,-1.0,OSLA
249467615,Checkers,0,GAME_OVER,41,40,2,1521,Random,1.0,-1.0,OSLA
1096153373,Checkers,0,GAME_OVER,45,44,2,1522,Random,1.0,-1.0,OSLA
1095634930,Checkers,0,GAME_OVER,45,44,2,1523,Random,1.0,-1.0,OSLA
992054627,Checkers,0,GAME_OVER,39,38,2,1524,Random,1.0,-1.0,OSLA
943147304,Checkers,0,GAME_OVER,35,34,2,1525,Random,1.0,-1.0,OSLA
-25807258,Checkers,0,GAME_OVER,41,40,2,1526,Random,1.0,-1.0,OSLA
-2024265103,Checkers,0,GAME_OVER,39,38,2,1527,Random,1.0,-1.0,OSLA
-1895528500,Checkers,0,GAME_OVER,52,51,2,1528,Random,1.0,-1.0,OSLA
897977476,Checkers,0,GAME_OVER,45,44,2,1529,Random,1.0,-1.0,OSLA
965342494,Checkers,0,GAME_OVER,53,52,2,1530,Random,1.0,-1.0,OSLA
-1255858635,Checkers,0,GAME_OVER,38,37,2,1531,Random,1.0,-1.0,OSLA
-1355268224,Checkers,0,GAME_OVER,43,42,2,1532,Random,1.0,-1.0,OSLA
-1557392058,Checkers,0,GAME_OVER,36,35,2,1533,Random,1.0,-1.0,OSLA
149319218,Checkers,0,GAME_OVER,36,35,2,1534,Random,1.0,-1.0,OSLA
-2141470671,Checkers,0,GAME_OVER,39,38,2,1535,Random,1.0,-1.0,OSLA
-1112022837,Checkers,0,GAME_OVER,39,38,2,1536,Random,1.0,-1.0,OSLA
1399308729,Checkers,0,GAME_OVER,42,41,2,1537,Random,1.0,-1.0,OSLA
-879417256,Checkers,0,GAME_OVER,41,40,2,1538,Random,1.0,-1.0,OSLA
1871388739,Checkers,0,GAME_OVER,44,43,2,1539,Random,1.0,-1.0,OSLA
1221868741,Checkers,0,GAME_OVER,44,43,2,1540,Random,1.0,-1.0,OSLA
-226707887,Checkers,0,GAME_OVER,35,34,2,1541,Random,1.0,-1.0,OSLA
-481794513,Checkers,0,GAME_OVER,36,35,2,1542,Random,1.0,-1.0,OSLA
1667352198,Checkers,0,GAME_OVER,42,41,2,1543,Random,1.0,-1.0,OSLA
-1170055652,Checkers,0,GAME_OVER,42,41,2,1544,Random,1.0,-1.0,OSLA
-2042540765,Checkers,0,GAME_OVER,52,51,2,1545,Random,1.0,-1.0,OSLA
1822806693,Checkers,0,GAME_OVER,33,32,2,1546,Random,1.0,-1.0,OSLA
-913640989,Checkers,0,GAME_OVER,40,39,2,1547,Random,1.0,-1.0,OSLA
-839375338,Checkers,0,GAME_OVER,40,39,2,1548,Random,1.0,-1.0,OSLA
1993279638,Checkers,0,GAME_OVER,39,38,2,1549,Random,1.0,-1.0,OSLA
1332023192,Checkers,0,GAME_OVER,39,38,2,1550,Random,1.0,-1.0,OSLA
-1526158354,Checkers,0,GAME_OVER,48,47,2,1551,Random,1.0,-1.0,OSLA
768030165,Checkers,0,GAME_OVER,43,42,2,1552,Random,1.0,-1.0,OSLA
-4522662,Checkers,0,GAME_OVER,38,37,2,1553,Random,1.0,-1.0,OSLA
1735789247,Checkers,0,GAME_OVER,35,34,2,1554,Random,1.0,-1.0,OSLA
2113586671,Checkers,0,GAME_OVER,55,54,2,1555,Random,1.0,-1.0,OSLA
-152655907,Checkers,0,GAME_OVER,34,33,2,1556,Random,1.0,-1.0,OSLA
1175873433,Checkers,0,GAME_OVER,42,41,2,1557,Random,1.0,-1.0,OSLA
222117067,Checkers,0,GAME_OVER,44,43,2,1558,Random,1.0,-1.0,OSLA
-248507587,Checkers,0,GAME_OVER,52,51,2,1559,Random,1.0,-1.0,OSLA
-224371245,Checkers,0,GAME_OVER,41,40,2,1560,Random,1.0,-1.0,OSLA
-691609747,Checkers,0,GAME_OVER,37,36,2,1561,Random,1.0,-1.0,OSLA
322057929,Checkers,0,GAME_OVER,41,40,2,1562,Random,1.0,-1.0,OSLA
803239122,Checkers,0,GAME_OVER,39,38,2,1563,Random,1.0,-1.0,OSLA
593421959,Checkers,0,GAME_OVER,39,38,2,1564,Random,1.0,-1.0,OSLA
-1245126511,Checkers,0,GAME_OVER,48,47,2,1565,Random,1.0,-1.0,OSLA
1024401865,Checkers,0,GAME_OVER,39,38,2,1566,Random,1.0,-1.0,OSLA
1321437724,Checkers,0,GAME_OVER,40,39,2,1567,Random,1.0,-1.0,OSLA
-1348124620,Checkers,0,GAME_OVER,37,36,2,1568,Random,1.0,-1.0,OSLA
283547994,Checkers,0,GAME_OVER,35,34,2,1569,Random,1.0,-1.0,OSLA
-158985020,Checkers,0,GAME_OVER,41,40,2,1570,Random,1.0,-1.0,OSLA
-492758255,Checkers,0,GAME_OVER,54,53,2,1571,Random,1.0,-1.0,OSLA
1833564934,Checkers,0,GAME_OVER,58,57,2,1572,Random,1.0,-1.0,OSLA
-224906009,Checkers,0,GAME_OVER,43,42,2,1573,Random,1.0,-1.0,OSLA
2136695994,Checkers,0,GAME_OVER,43,42,2,1574,Random,1.0,-1.0,OSLA
-2068476027,Checkers,0,GAME_OVER,61,60,2,1575,Random,1.0,-1.0,OSLA
1558413275,Checkers,0,GAME_OVER,45,44,2,1576,Random,1.0,-1.0,OSLA
1264718999,Checkers,0,GAME_OVER,42,41,2,1577,Random,1.0,-1.0,OSLA
521294619,Checkers,0,GAME_OVER,41,40,2,1578,Random,1.0,-1.0,OSLA
1947600831,Checkers,0,GAME_OVER,42,41,2,1579,Random,1.0,-1.0,OSLA
1340833613,Checkers,0,GAME_OVER,40,39,2,1580,Random,1.0,-1.0,OSLA
1415097531,Checkers,0,GAME_OVER,39,38,2,1581,Random,1.0,-1.0,OSLA
491503207,Checkers,0,GAME_OVER,43,42,2,1582,Random,1.0,-1.0,OSLA
2011490889,Checkers,0,GAME_OVER,42,41,2,1583,Random,1.0,-1.0,OSLA
133942512,Checkers,0,GAME_OVER,41,40,2,1584,Random,1.0,-1.0,OSLA
-1548158836,Checkers,0,GAME_OVER,48,47,2,1585,Random,1.0,-1.0,OSLA
-70469352,Checkers,0,GAME_OVER,39,38,2,1586,Random,1.0,-1.0,OSLA
1373698822,Checkers,0,GAME_OVER,54,53,2,1587,Random,1.0,-1.0,OSLA
719792855,Checkers,0,GAME_OVER,38,37,2,1588,Random,1.0,-1.0,OSLA
2013247839,Checkers,0,GAME_OVER,33,32,2,1589,Random,1.0,-1.0,OSLA
-1373820225,Checkers,0,GAME_OVER,41,40,2,1590,Random,1.0,-1.0,OSLA
-1226420342,Checkers,0,GAME_OVER,58,57,2,1591,Random,1.0,-1.0,OSLA
43305309,Checkers,0,GAME_OVER,42,41,2,1592,Random,1.0,-1.0,OSLA
1574499606,Checkers,0,GAME_OVER,40,39,2,1593,Random,1.0,-1.0,OSLA
-1760764052,Checkers,0,GAME_OVER,40,39,2,1594,Random,1.0,-1.0,OSLA
-1264995163,Checkers,0,GAME_OVER,45,44,2,1595,Random,1.0,-1.0,OSLA
-1062371551,Checkers,0,GAME_OVER,44,43,2,1596,Random,1.0,-1.0,OSLA
-1125881895,Checkers,0,GAME_OVER,39,38,2,1597,Random,1.0,-1.0,OSLA
-529553070,Checkers,0,GAME_OVER,40,39,2,1598,Random,1.0,-1.0,OSLA
1307334977,Checkers,0,GAME_OVER,42,41,2,1599,Random,1.0,-1.0,OSLA
-1047134894,Checkers,0,GAME_OVER,43,42,2,1600,Random,1.0,-1.0,OSLA
1306713350,Checkers,0,GAME_OVER,46,45,2,1601,Random,1.0,-1.0,OSLA
-166180472,Checkers,0,GAME_OVER,35,34,2,1602,Random,1.0,-1.0,Random
702970291,Checkers,0,GAME_OVER,43,42,2,1603,Random,1.0,-1.0,Random
-2093688957,Checkers,0,GAME_OVER,94,93,2,1604,Random,-1.0,1.0,Random
15277285,Checkers,0,GAME_OVER,42,41,2,1605,Random,-1.0,1.0,Random
-1236454748,Checkers,0,GAME_OVER,76,75,2,1606,Random,-1.0,1.0,Random
249439406,Checkers,0,GAME_OVER,45,44,2,1607,Random,1.0,-1.0,Random
302495374,Checkers,0,GAME_OVER,48,47,2,1608,Random,-1.0,1.0,Random
-741054849,Checkers,0,GAME_OVER,58,57,2,1609,Random,1.0,-1.0,Random
-1426144559,Checkers,0,GAME_OVER,40,39,2,1610,Random,1.0,-1.0,Random
118065288,Checkers,0,GAME_OVER,62,61,2,1611,Random,-1.0,1.0,Random
1705451795,Checkers,0,GAME_OVER,47,46,2,1612,Random,-1.0,1.0,Random
-1138379803,Checkers,0,GAME_OVER,35,34,2,1613,Random,-1.0,1.0,Random
-792105690,Checkers,0,GAME_OVER,87,86,2,1614,Random,1.0,-1.0,Random
251240563,Checkers,0,GAME_OVER,48,47,2,1615,Random,-1.0,1.0,Random
616215289,Checkers,0,GAME_OVER,60,59,2,1616,Random,1.0,-1.0,Random
286491649,Checkers,0,GAME_OVER,46,45,2,1617,Random,-1.0,1.0,Random
-1837327222,Checkers,0,GAME_OVER,55,54,2,1618,Random,-1.0,1.0,Random
1731803123,Checkers,0,GAME_OVER,45,44,2,1619,Random,1.0,-1.0,Random
416791102,Checkers,0,GAME_OVER,56,55,2,1620,Random,-1.0,1.0,Random
216396693,Checkers,0,GAME_OVER,70,69,2,1621,Random,-1.0,1.0,Random
-848119213,Checkers,0,GAME_OVER,36,35,2,1622,Random,-1.0,1.0,Random
-621865294,Checkers,0,GAME_OVER,44,43,2,1623,Random,1.0,-1.0,Random
878598204,Checkers,0,GAME_OVER,38,37,2,1624,Random,1.0,-1.0,Random
-1699676377,Checkers,0,GAME_OVER,46,45,2,1625,Random,1.0,-1.0,Random
638614319,Checkers,0,GAME_OVER,60,59,2,1626,Random,-1.0,1.0,Random
-1286171248,Checkers,0,GAME_OVER,52,51,2,1627,Random,-1.0,1.0,Random
1496380205,Checkers,0,GAME_OVER,51,50,2,1628,Random,1.0,-1.0,Random
-535007174,Checkers,0,GAME_OVER,56,55,2,1629,Random,1.0,-1.0,Random
351376967,Checkers,0,GAME_OVER,47,46,2,1630,Random,1.0,-1.0,Random
-1920732930,Checkers,0,GAME_OVER,44,43,2,1631,Random,-1.0,1.0,Random
2092088305,Checkers,0,GAME_OVER,37,36,2,1632,Random,1.0,-1.0,Random
-2053051970,Checkers,0,GAME_OVER,59,58,2,1633,Random,-1.0,1.0,Random
-1794684255,Checkers,0,GAME_OVER,61,60,2,1634,Random,-1.0,1.0,Random
-1721045876,Checkers,0,GAME_OVER,58,57,2,1635,Random,-1.0,1.0,Random
-1727902706,Checkers,0,GAME_OVER,61,60,2,1636,Random,1.0,-1.0,Random
975488968,Checkers,0,GAME_OVER,74,73,2,1637,Random,-1.0,1.0,Random
1884247749,Checkers,0,GAME_OVER,51,50,2,1638,Random,-1.0,1.0,Random
695442367,Checkers,0,GAME_OVER,43,42,2,1639,Random,1.0,-1.0,Random
1999740919,Checkers,0,GAME_OVER,58,57,2,1640,Random,1.0,-1.0,Random
-967129467,Checkers,0,GAME_OVER,73,72,2,1641,Random,1.0,-1.0,Random
168838819,Checkers,0,GAME_OVER,50,49,2,1642,Random,1.0,-1.0,Random
-2108529625,Checkers,0,GAME_OVER,47,46,2,1643,Random,1.0,-1.0,Random
-2104692336,Checkers,0,GAME_OVER,43,42,2,1644,Random,-1.0,1.0,Random
-1813011348,Checkers,0,GAME_OVER,58,57,2,1645,Random,1.0,-1.0,Random
-1930282061,Checkers,0,GAME_OVER,63,62,2,1646,Random,-1.0,1.0,Random
2023066801,Checkers,0,GAME_OVER,51,50,2,1647,Random,1.0,-1.0,Random
102119153,Checkers,0,GAME_OVER,53,52,2,1648,Random,-1.0,1.0,Random
-1548536910,Checkers,0,GAME_OVER,67,66,2,1649,Random,-1.0,1.0,Random
1327076190,Checkers,0,GAME_OVER,54,53,2,1650,Random,1.0,-1.0,Random
497806905,Checkers,0,GAME_OVER,44,43,2,1651,Random,-1.0,1.0,Random
-76330646,Checkers,0,GAME_OVER,54,53,2,1652,Random,-1.0,1.0,Random
264015619,Checkers,0,GAME_OVER,44,43,2,1653,Random,-1.0,1.0,Random
1893404572,Checkers,0,GAME_OVER,59,58,2,1654,Random,-1.0,1.0,Random
-565339805,Checkers,0,GAME_OVER,56,55,2,1655,Random,1.0,-1.0,Random
-1175914298,Checkers,0,GAME_OVER,42,41,2,1656,Random,-1.0,1.0,Random
-632265362,Checkers,0,GAME_OVER,42,41,2,1657,Random,1.0,-1.0,Random
2046256605,Checkers,0,GAME_OVER,44,43,2,1658,Random,1.0,-1.0,Random
1768457643,Checkers,0,GAME_OVER,49,48,2,1659,Random,-1.0,1.0,Random
-1394766124,Checkers,0,GAME_OVER,40,39,2,1660,Random,-1.0,1.0,Random
-1689546336,Checkers,0,GAME_OVER,42,41,2,1661,Random,-1.0,1.0,Random
1875269677,Checkers,0,GAME_OVER,42,41,2,1662,Random,1.0,-1.0,Random
1044422073,Checkers,0,GAME_OVER,58,57,2,1663,Random,-1.0,1.0,Random
-670988510,Checkers,0,GAME_OVER,47,46,2,1664,Random,1.0,-1.0,Random
-1153208236,Checkers,0,GAME_OVER,48,47,2,1665,Random,-1.0,1.0,Random
1519893650,Checkers,0,GAME_OVER,37,36,2,1666,Random,1.0,-1.0,Random
731102457,Checkers,0,GAME_OVER,69,68,2,1667,Random,1.0,-1.0,Random
1810202379,Checkers,0,GAME_OVER,44,43,2,1668,Random,1.0,-1.0,Random
682666506,Checkers,0,GAME_OVER,61,60,2,1669,Random,-1.0,1.0,Random
-468511048,Checkers,0,GAME_OVER,62,61,2,1670,Random,-1.0,1.0,Random
2106028651,Checkers,0,GAME_OVER,58,57,2,1671,Random,-1.0,1.0,Random
1689297396,Checkers,0,GAME_OVER,56,55,2,1672,Random,1.0,-1.0,Random
-1752144906,Checkers,0,GAME_OVER,55,54,2,1673,Random,1.0,-1.0,Random
-104552497,Checkers,0,GAME_OVER,54,53,2,1674,Random,1.0,-1.0,Random
1311743159,Checkers,0,GAME_OVER,31,30,2,1675,Random,1.0,-1.0,Random
-31779374,Checkers,0,GAME_OVER,50,49,2,1676,Random,1.0,-1.0,Random
1647512635,Checkers,0,GAME_OVER,66,65,2,1677,Random,1.0,-1.0,Random
-1466885964,Checkers,0,GAME_OVER,51,50,2,1678,Random,-1.0,1.0,Random
-237358204,Checkers,0,GAME_OVER,45,44,2,1679,Random,1.0,-1.0,Random
1476668398,Checkers,0,GAME_OVER,43,42,2,1680,Random,1.0,-1.0,Random
2041525592,Checkers,0,GAME_OVER,42,41,2,1681,Random,1.0,-1.0,Random
-1783160242,Checkers,0,GAME_OVER,81,80,2,1682,Random,1.0,-1.0,Random
-297938423,Checkers,0,GAME_OVER,91,90,2,1683,Random,-1.0,1.0,Random
-1640736276,Checkers,0,GAME_OVER,64,63,2,1684,Random,-1.0,1.0,Random
-1595788062,Checkers,0,GAME_OVER,42,41,2,1685,Random,1.0,-1.0,Random
312006714,Checkers,0,GAME_OVER,55,54,2,1686,Random,-1.0,1.0,Random
1198380771,Checkers,0,GAME_OVER,46,45,2,1687,Random,1.0,-1.0,Random
1347895049,Checkers,0,GAME_OVER,56,55,2,1688,Random,1.0,-1.0,Random
-2058389133,Checkers,0,GAME_OVER,71,70,2,1689,Random,-1.0,1.0,Random
805075370,Checkers,0,GAME_OVER,46,45,2,1690,Random,1.0,-1.0,Random
944778537,Checkers,0,GAME_OVER,51,50,2,1691,Random,1.0,-1.0,Random
1429879203,Checkers,0,GAME_OVER,61,60,2,1692,Random,-1.0,1.0,Random
2026556386,Checkers,0,GAME_OVER,81,80,2,1693,Random,1.0,-1.0,Random
-166794102,Checkers,0,GAME_OVER,57,56,2,1694,Random,1.0,-1.0,Random
58593981,Checkers,0,GAME_OVER,77,76,2,1695,Random,1.0,-1.0,Random
-1977593602,Checkers,0,GAME_OVER,71,70,2,1696,Random,-1.0,1.0,Random
1424551860,Checkers,0,GAME_OVER,57,56,2,1697,Random,1.0,-1.0,Random
-294631709,Checkers,0,GAME_OVER,56,55,2,1698,Random,-1.0,1.0,Random
1580888036,Checkers,0,GAME_OVER,62,61,2,1699,Random,-1.0,1.0,Random
-1262192828,Checkers,0,GAME_OVER,73,72,2,1700,Random,-1.0,1.0,Random
-520792367,Checkers,0,GAME_OVER,45,44,2,1701,Random,1.0,-1.0,Random
255134340,Checkers,0,GAME_OVER,51,50,2,1702,Random,-1.0,1.0,Random
-826436583,Checkers,0,GAME_OVER,87,86,2,1703,Random,1.0,-1.0,Random
-1599117363,Checkers,0,GAME_OVER,63,62,2,1704,Random,-1.0,1.0,Random
1407376506,Checkers,0,GAME_OVER,46,45,2,1705,Random,-1.0,1.0,Random
1196226270,Checkers,0,GAME_OVER,68,67,2,1706,Random,1.0,-1.0,Random
180317213,Checkers,0,GAME_OVER,66,65,2,1707,Random,-1.0,1.0,Random
-1089034847,Checkers,0,GAME_OVER,40,39,2,1708,Random,-1.0,1.0,Random
-661079174,Checkers,0,GAME_OVER,48,47,2,1709,Random,-1.0,1.0,Random
141202736,Checkers,0,GAME_OVER,69,68,2,1710,Random,1.0,-1.0,Random
539395410,Checkers,0,GAME_OVER,47,46,2,1711,Random,1.0,-1.0,Random
-1613865414,Checkers,0,GAME_OVER,55,54,2,1712,Random,1.0,-1.0,Random
1666986907,Checkers,0,GAME_OVER,33,32,2,1713,Random,1.0,-1.0,Random
781509347,Checkers,0,GAME_OVER,47,46,2,1714,Random,1.0,-1.0,Random
-1185713591,Checkers,0,GAME_OVER,46,45,2,1715,Random,1.0,-1.0,Random
-768592755,Checkers,0,GAME_OVER,69,68,2,1716,Random,1.0,-1.0,Random
1848283739,Checkers,0,GAME_OVER,46,45,2,1717,Random,-1.0,1.0,Random
876527158,Checkers,0,GAME_OVER,48,47,2,1718,Random,-1.0,1.0,Random
-1243257703,Checkers,0,GAME_OVER,49,48,2,1719,Random,-1.0,1.0,Random
980760651,Checkers,0,GAME_OVER,45,44,2,1720,Random,-1.0,1.0,Random
249467615,Checkers,0,GAME_OVER,48,47,2,1721,Random,-1.0,1.0,Random
1096153373,Checkers,0,GAME_OVER,69,68,2,1722,Random,1.0,-1.0,Random
1095634930,Checkers,0,GAME_OVER,44,43,2,1723,Random,-1.0,1.0,Random
992054627,Checkers,0,GAME_OVER,57,56,2,1724,Random,1.0,-1.0,Random
943147304,Checkers,0,GAME_OVER,61,60,2,1725,Random,1.0,-1.0,Random
-25807258,Checkers,0,GAME_OVER,46,45,2,1726,Random,1.0,-1.0,Random
-2024265103,Checkers,0,GAME_OVER,61,60,2,1727,Random,-1.0,1.0,Random
-1895528500,Checkers,0,GAME_OVER,69,68,2,1728,Random,-1.0,1.0,Random
897977476,Checkers,0,GAME_OVER,63,62,2,1729,Random,1.0,-1.0,Random
965342494,Checkers,0,GAME_OVER,41,40,2,1730,Random,-1.0,1.0,Random
-1255858635,Checkers,0,GAME_OVER,39,38,2,1731,Random,-1.0,1.0,Random
-1355268224,Checkers,0,GAME_OVER,40,39,2,1732,Random,-1.0,1.0,Random
-1557392058,Checkers,0,GAME_OVER,44,43,2,1733,Random,-1.0,1.0,Random
149319218,Checkers,0,GAME_OVER,52,51,2,1734,Random,1.0,-1.0,Random
-2141470671,Checkers,0,GAME_OVER,44,43,2,1735,Random,-1.0,1.0,Random
-1112022837,Checkers,0,GAME_OVER,54,53,2,1736,Random,1.0,-1.0,Random
1399308729,Checkers,0,GAME_OVER,43,42,2,1737,Random,1.0,-1.0,Random
-879417256,Checkers,0,GAME_OVER,59,58,2,1738,Random,1.0,-1.0,Random
1871388739,Checkers,0,GAME_OVER,64,63,2,1739,Random,-1.0,1.0,Random
1221868741,Checkers,0,GAME_OVER,44,43,2,1740,Random,-1.0,1.0,Random
-226707887,Checkers,0,GAME_OVER,48,47,2,1741,Random,1.0,-1.0,Random
-481794513,Checkers,0,GAME_OVER,46,45,2,1742,Random,-1.0,1.0,Random
1667352198,Checkers,0,GAME_OVER,80,79,2,1743,Random,-1.0,1.0,Random
-1170055652,Checkers,0,GAME_OVER,60,59,2,1744,Random,-1.0,1.0,Random
-2042540765,Checkers,0,GAME_OVER,54,53,2,1745,Random,1.0,-1.0,Random
1822806693,Checkers,0,GAME_OVER,51,50,2,1746,Random,-1.0,1.0,Random
-913640989,Checkers,0,GAME_OVER,74,73,2,1747,Random,1.0,-1.0,Random
-839375338,Checkers,0,GAME_OVER,45,44,2,1748,Random,1.0,-1.0,Random
1993279638,Checkers,0,GAME_OVER,83,82,2,1749,Random,-1.0,1.0,Random
1332023192,Checkers,0,GAME_OVER,41,40,2,1750,Random,1.0,-1.0,Random
-1526158354,Checkers,0,GAME_OVER,48,47,2,1751,Random,-1.0,1.0,Random
768030165,Checkers,0,GAME_OVER,50,49,2,1752,Random,-1.0,1.0,Random
-4522662,Checkers,0,GAME_OVER,55,54,2,1753,Random,-1.0,1.0,Random
1735789247,Checkers,0,GAME_OVER,70,69,2,1754,Random,-1.0,1.0,Random
2113586671,Checkers,0,GAME_OVER,37,36,2,1755,Random,1.0,-1.0,Random
-152655907,Checkers,0,GAME_OVER,30,29,2,1756,Random,-1.0,1.0,Random
1175873433,Checkers,0,GAME_OVER,85,84,2,1757,Random,1.0,-1.0,Random
222117067,Checkers,0,GAME_OVER,82,81,2,1758,Random,1.0,-1.0,Random
-248507587,Checkers,0,GAME_OVER,78,77,2,1759,Random,1.0,-1.0,Random
-224371245,Checkers,0,GAME_OVER,88,87,2,1760,Random,-1.0,1.0,Random
-691609747,Checkers,0,GAME_OVER,84,83,2,1761,Random,-1.0,1.0,Random
322057929,Checkers,0,GAME_OVER,42,41,2,1762,Random,1.0,-1.0,Random
803239122,Checkers,0,GAME_OVER,53,52,2,1763,Random,1.0,-1.0,Random
593421959,Checkers,0,GAME_OVER,49,48,2,1764,Random,-1.0,1.0,Random
-1245126511,Checkers,0,GAME_OVER,35,34,2,1765,Random,-1.0,1.0,Random
1024401865,Checkers,0,GAME_OVER,33,32,2,1766,Random,1.0,-1.0,Random
1321437724,Checkers,0,GAME_OVER,61,60,2,1767,Random,1.0,-1.0,Random
-1348124620,Checkers,0,GAME_OVER,40,39,2,1768,Random,-1.0,1.0,Random
283547994,Checkers,0,GAME_OVER,39,38,2,1769,Random,-1.0,1.0,Random
-158985020,Checkers,0,GAME_OVER,61,60,2,1770,Random,-1.0,1.0,Random
-492758255,Checkers,0,GAME_OVER,38,37,2,1771,Random,1.0,-1.0,Random
1833564934,Checkers,0,GAME_OVER,43,42,2,1772,Random,1.0,-1.0,Random
-224906009,Checkers,0,GAME_OVER,79,78,2,1773,Random,-1.0,1.0,Random
2136695994,Checkers,0,GAME_OVER,43,42,2,1774,Random,1.0,-1.0,Random
-2068476027,Checkers,0,GAME_OVER,46,45,2,1775,Random,1.0,-1.0,Random
1558413275,Checkers,0,GAME_OVER,58,57,2,1776,Random,1.0,-1.0,Random
1264718999,Checkers,0,GAME_OVER,43,42,2,1777,Random,-1.0,1.0,Random
521294619,Checkers,0,GAME_OVER,51,50,2,1778,Random,1.0,-1.0,Random
1947600831,Checkers,0,GAME_OVER,44,43,2,1779,Random,-1.0,1.0,Random
1340833613,Checkers,0,GAME_OVER,43,42,2,1780,Random,-1.0,1.0,Random
1415097531,Checkers,0,GAME_OVER,37,36,2,1781,Random,-1.0,1.0,Random
491503207,Checkers,0,GAME_OVER,61,60,2,1782,Random,-1.0,1.0,Random
2011490889,Checkers,0,GAME_OVER,47,46,2,1783,Random,1.0,-1.0,Random
133942512,Checkers,0,GAME_OVER,51,50,2,1784,Random,1.0,-1.0,Random
-1548158836,Checkers,0,GAME_OVER,56,55,2,1785,Random,1.0,-1.0,Random
-70469352,Checkers,0,GAME_OVER,50,49,2,1786,Random,-1.0,1.0,Random
1373698822,Checkers,0,GAME_OVER,43,42,2,1787,Random,-1.0,1.0,Random
719792855,Checkers,0,GAME_OVER,54,53,2,1788,Random,-1.0,1.0,Random
2013247839,Checkers,0,GAME_OVER,49,48,2,1789,Random,1.0,-1.0,Random
-1373820225,Checkers,0,GAME_OVER,45,44,2,1790,Random,-1.0,1.0,Random
-1226420342,Checkers,0,GAME_OVER,37,36,2,1791,Random,-1.0,1.0,Random
43305309,Checkers,0,GAME_OVER,46,45,2,1792,Random,-1.0,1.0,Random
1574499606,Checkers,0,GAME_OVER,45,44,2,1793,Random,1.0,-1.0,Random
-1760764052,Checkers,0,GAME_OVER,49,48,2,1794,Random,-1.0,1.0,Random
-1264995163,Checkers,0,GAME_OVER,44,43,2,1795,Random,-1.0,1.0,Random
-1062371551,Checkers,0,GAME_OVER,63,62,2,1796,Random,1.0,-1.0,Random
-1125881895,Checkers,0,GAME_OVER,52,51,2,1797,Random,1.0,-1.0,Random
-529553070,Checkers,0,GAME_OVER,82,81,2,1798,Random,-1.0,1.0,Random
1307334977,Checkers,0,GAME_OVER,54,53,2,1799,Random,1.0,-1.0,Random
-1047134894,Checkers,0,GAME_OVER,53,52,2,1800,Random,-1.0,1.0,Random
1306713350,Checkers,0,GAME_OVER,83,82,2,1801,Random,-1.0,1.0,Random
