GameSeed,GameName,Round,Event,Tick,Turn,PlayerCount,GameID,Player-1 rank,PlayerName-0,Player-1,Player-0,Player-0 rank,PlayerName-1
-166180472,Checkers,0,GAME_OVER,80,79,2,2,1,MCTS_v0,1,2,2,MCTS_v0
702970291,Checkers,0,GAME_OVER,124,123,2,3,1,MCTS_v0,1,1,1,MCTS_v0
-2093688957,Checkers,0,GAME_OVER,82,81,2,4,1,MCTS_v0,1,2,2,MCTS_v0
15277285,Checkers,0,GAME_OVER,108,107,2,5,1,MCTS_v0,1,1,1,MCTS_v0
-1236454748,Checkers,0,GAME_OVER,144,143,2,6,1,MCTS_v0,1,1,1,MCTS_v0
249439406,Checkers,0,GAME_OVER,130,129,2,7,1,MCTS_v0,1,1,1,MCTS_v0
302495374,Checkers,0,GAME_OVER,107,106,2,8,1,MCTS_v0,1,1,1,MCTS_v0
-741054849,Checkers,0,GAME_OVER,55,54,2,9,2,MCTS_v0,2,1,1,MCTS_v0
-1426144559,Checkers,0,GAME_OVER,69,68,2,10,1,MCTS_v0,1,2,2,MCTS_v0
118065288,Checkers,0,GAME_OVER,152,151,2,11,1,MCTS_v0,1,1,1,MCTS_v0
1705451795,Checkers,0,GAME_OVER,58,57,2,12,1,MCTS_v0,1,2,2,MCTS_v0
-1138379803,Checkers,0,GAME_OVER,53,52,2,13,1,MCTS_v0,1,2,2,MCTS_v0
-792105690,Checkers,0,GAME_OVER,47,46,2,14,2,MCTS_v0,2,1,1,MCTS_v0
251240563,Checkers,0,GAME_OVER,61,60,2,15,2,MCTS_v0,2,1,1,MCTS_v0
616215289,Checkers,0,GAME_OVER,66,65,2,16,1,MCTS_v0,1,2,2,MCTS_v0
286491649,Checkers,0,GAME_OVER,91,90,2,17,2,MCTS_v0,2,1,1,MCTS_v0
-1837327222,Checkers,0,GAME_OVER,106,105,2,18,2,MCTS_v0,2,1,1,MCTS_v0
1731803123,Checkers,0,GAME_OVER,150,149,2,19,1,MCTS_v0,1,1,1,MCTS_v0
416791102,Checkers,0,GAME_OVER,50,49,2,20,2,MCTS_v0,2,1,1,MCTS_v0
216396693,Checkers,0,GAME_OVER,169,168,2,21,1,MCTS_v0,1,1,1,MCTS_v0
-848119213,Checkers,0,GAME_OVER,77,76,2,22,1,MCTS_v0,1,2,2,MCTS_v0
-621865294,Checkers,0,GAME_OVER,53,52,2,23,2,MCTS_v0,2,1,1,MCTS_v0
878598204,Checkers,0,GAME_OVER,54,53,2,24,2,MCTS_v0,2,1,1,MCTS_v0
-1699676377,Checkers,0,GAME_OVER,73,72,2,25,2,MCTS_v0,2,1,1,MCTS_v0
638614319,Checkers,0,GAME_OVER,55,54,2,26,2,MCTS_v0,2,1,1,MCTS_v0
-1286171248,Checkers,0,GAME_OVER,50,49,2,27,2,MCTS_v0,2,1,1,MCTS_v0
1496380205,Checkers,0,GAME_OVER,59,58,2,28,1,MCTS_v0,1,2,2,MCTS_v0
-535007174,Checkers,0,GAME_OVER,75,74,2,29,1,MCTS_v0,1,2,2,MCTS_v0
351376967,Checkers,0,GAME_OVER,68,67,2,30,2,MCTS_v0,2,1,1,MCTS_v0
-1920732930,Checkers,0,GAME_OVER,113,112,2,31,1,MCTS_v0,1,1,1,MCTS_v0
2092088305,Checkers,0,GAME_OVER,95,94,2,32,2,MCTS_v0,2,1,1,MCTS_v0
-2053051970,Checkers,0,GAME_OVER,113,112,2,33,2,MCTS_v0,2,1,1,MCTS_v0
-1794684255,Checkers,0,GAME_OVER,131,130,2,34,1,MCTS_v0,1,1,1,MCTS_v0
-1721045876,Checkers,0,GAME_OVER,70,69,2,35,2,MCTS_v0,2,1,1,MCTS_v0
-1727902706,Checkers,0,GAME_OVER,58,57,2,36,2,MCTS_v0,2,1,1,MCTS_v0
975488968,Checkers,0,GAME_OVER,62,61,2,37,1,MCTS_v0,1,2,2,MCTS_v0
1884247749,Checkers,0,GAME_OVER,47,46,2,38,1,MCTS_v0,1,2,2,MCTS_v0
695442367,Checkers,0,GAME_OVER,54,53,2,39,2,MCTS_v0,2,1,1,MCTS_v0
1999740919,Checkers,0,GAME_OVER,59,58,2,40,2,MCTS_v0,2,1,1,MCTS_v0
-967129467,Checkers,0,GAME_OVER,57,56,2,41,2,MCTS_v0,2,1,1,MCTS_v0
168838819,Checkers,0,GAME_OVER,62,61,2,42,1,MCTS_v0,1,2,2,MCTS_v0
-2108529625,Checkers,0,GAME_OVER,141,140,2,43,1,MCTS_v0,1,1,1,MCTS_v0
-2104692336,Checkers,0,GAME_OVER,118,117,2,44,1,MCTS_v0,1,1,1,MCTS_v0
-1813011348,Checkers,0,GAME_OVER,110,109,2,45,1,MCTS_v0,1,1,1,MCTS_v0
-1930282061,Checkers,0,GAME_OVER,70,69,2,46,1,MCTS_v0,1,2,2,MCTS_v0
2023066801,Checkers,0,GAME_OVER,80,79,2,47,2,MCTS_v0,2,1,1,MCTS_v0
102119153,Checkers,0,GAME_OVER,39,38,2,48,2,MCTS_v0,2,1,1,MCTS_v0
-1548536910,Checkers,0,GAME_OVER,83,82,2,49,1,MCTS_v0,1,2,2,MCTS_v0
1327076190,Checkers,0,GAME_OVER,53,52,2,50,2,MCTS_v0,2,1,1,MCTS_v0
497806905,Checkers,0,GAME_OVER,62,61,2,51,1,MCTS_v0,1,2,2,MCTS_v0
-76330646,Checkers,0,GAME_OVER,52,51,2,52,1,MCTS_v0,1,2,2,MCTS_v0
264015619,Checkers,0,GAME_OVER,94,93,2,53,1,MCTS_v0,1,2,2,MCTS_v0
1893404572,Checkers,0,GAME_OVER,51,50,2,54,2,MCTS_v0,2,1,1,MCTS_v0
-565339805,Checkers,0,GAME_OVER,71,70,2,55,2,MCTS_v0,2,1,1,MCTS_v0
-1175914298,Checkers,0,GAME_OVER,99,98,2,56,2,MCTS_v0,2,1,1,MCTS_v0
-632265362,Checkers,0,GAME_OVER,60,59,2,57,1,MCTS_v0,1,2,2,MCTS_v0
2046256605,Checkers,0,GAME_OVER,58,57,2,58,2,MCTS_v0,2,1,1,MCTS_v0
1768457643,Checkers,0,GAME_OVER,58,57,2,59,2,MCTS_v0,2,1,1,MCTS_v0
-1394766124,Checkers,0,GAME_OVER,122,121,2,60,1,MCTS_v0,1,1,1,MCTS_v0
-1689546336,Checkers,0,GAME_OVER,101,100,2,61,2,MCTS_v0,2,1,1,MCTS_v0
1875269677,Checkers,0,GAME_OVER,60,59,2,62,1,MCTS_v0,1,2,2,MCTS_v0
1044422073,Checkers,0,GAME_OVER,52,51,2,63,1,MCTS_v0,1,2,2,MCTS_v0
-670988510,Checkers,0,GAME_OVER,103,102,2,64,1,MCTS_v0,1,1,1,MCTS_v0
-1153208236,Checkers,0,GAME_OVER,107,106,2,65,1,MCTS_v0,1,1,1,MCTS_v0
1519893650,Checkers,0,GAME_OVER,50,49,2,66,2,MCTS_v0,2,1,1,MCTS_v0
731102457,Checkers,0,GAME_OVER,79,78,2,67,1,MCTS_v0,1,2,2,MCTS_v0
1810202379,Checkers,0,GAME_OVER,61,60,2,68,1,MCTS_v0,1,2,2,MCTS_v0
682666506,Checkers,0,GAME_OVER,48,47,2,69,2,MCTS_v0,2,1,1,MCTS_v0
-468511048,Checkers,0,GAME_OVER,48,47,2,70,2,MCTS_v0,2,1,1,MCTS_v0
2106028651,Checkers,0,GAME_OVER,71,70,2,71,1,MCTS_v0,1,2,2,MCTS_v0
1689297396,Checkers,0,GAME_OVER,67,66,2,72,1,MCTS_v0,1,2,2,MCTS_v0
-1752144906,Checkers,0,GAME_OVER,81,80,2,73,2,MCTS_v0,2,1,1,MCTS_v0
-104552497,Checkers,0,GAME_OVER,67,66,2,74,1,MCTS_v0,1,2,2,MCTS_v0
1311743159,Checkers,0,GAME_OVER,54,53,2,75,1,MCTS_v0,1,2,2,MCTS_v0
-31779374,Checkers,0,GAME_OVER,93,92,2,76,2,MCTS_v0,2,1,1,MCTS_v0
1647512635,Checkers,0,GAME_OVER,67,66,2,77,1,MCTS_v0,1,2,2,MCTS_v0
-1466885964,Checkers,0,GAME_OVER,65,64,2,78,2,MCTS_v0,2,1,1,MCTS_v0
-237358204,Checkers,0,GAME_OVER,122,121,2,79,1,MCTS_v0,1,1,1,MCTS_v0
1476668398,Checkers,0,GAME_OVER,60,59,2,80,2,MCTS_v0,2,1,1,MCTS_v0
2041525592,Checkers,0,GAME_OVER,51,50,2,81,2,MCTS_v0,2,1,1,MCTS_v0
-1783160242,Checkers,0,GAME_OVER,135,134,2,82,1,MCTS_v0,1,1,1,MCTS_v0
-297938423,Checkers,0,GAME_OVER,102,101,2,83,1,MCTS_v0,1,2,2,MCTS_v0
-1640736276,Checkers,0,GAME_OVER,66,65,2,84,1,MCTS_v0,1,2,2,MCTS_v0
-1595788062,Checkers,0,GAME_OVER,58,57,2,85,1,MCTS_v0,1,2,2,MCTS_v0
312006714,Checkers,0,GAME_OVER,86,85,2,86,1,MCTS_v0,1,2,2,MCTS_v0
1198380771,Checkers,0,GAME_OVER,48,47,2,87,2,MCTS_v0,2,1,1,MCTS_v0
1347895049,Checkers,0,GAME_OVER,110,109,2,88,1,MCTS_v0,1,1,1,MCTS_v0
-2058389133,Checkers,0,GAME_OVER,55,54,2,89,2,MCTS_v0,2,1,1,MCTS_v0
805075370,Checkers,0,GAME_OVER,52,51,2,90,2,MCTS_v0,2,1,1,MCTS_v0
944778537,Checkers,0,GAME_OVER,158,157,2,91,1,MCTS_v0,1,1,1,MCTS_v0
1429879203,Checkers,0,GAME_OVER,62,61,2,92,1,MCTS_v0,1,2,2,MCTS_v0
2026556386,Checkers,0,GAME_OVER,57,56,2,93,2,MCTS_v0,2,1,1,MCTS_v0
-166794102,Checkers,0,GAME_OVER,88,87,2,94,2,MCTS_v0,2,1,1,MCTS_v0
58593981,Checkers,0,GAME_OVER,63,62,2,95,2,MCTS_v0,2,1,1,MCTS_v0
-1977593602,Checkers,0,GAME_OVER,79,78,2,96,2,MCTS_v0,2,1,1,MCTS_v0
1424551860,Checkers,0,GAME_OVER,175,174,2,97,1,MCTS_v0,1,1,1,MCTS_v0
-294631709,Checkers,0,GAME_OVER,115,114,2,98,1,MCTS_v0,1,1,1,MCTS_v0
1580888036,Checkers,0,GAME_OVER,87,86,2,99,2,MCTS_v0,2,1,1,MCTS_v0
-1262192828,Checkers,0,GAME_OVER,126,125,2,100,1,MCTS_v0,1,2,2,MCTS_v0
-520792367,Checkers,0,GAME_OVER,51,50,2,101,2,MCTS_v0,2,1,1,MCTS_v0
255134340,Checkers,0,GAME_OVER,46,45,2,102,2,MCTS_v0,2,1,1,MCTS_v0
-826436583,Checkers,0,GAME_OVER,67,66,2,103,1,MCTS_v0,1,2,2,MCTS_v0
-1599117363,Checkers,0,GAME_OVER,61,60,2,104,2,MCTS_v0,2,1,1,MCTS_v0
1407376506,Checkers,0,GAME_OVER,113,112,2,105,1,MCTS_v0,1,1,1,MCTS_v0
1196226270,Checkers,0,GAME_OVER,62,61,2,106,2,MCTS_v0,2,1,1,MCTS_v0
180317213,Checkers,0,GAME_OVER,66,65,2,107,2,MCTS_v0,2,1,1,MCTS_v0
-1089034847,Checkers,0,GAME_OVER,106,105,2,108,1,MCTS_v0,1,1,1,MCTS_v0
-661079174,Checkers,0,GAME_OVER,125,124,2,109,1,MCTS_v0,1,1,1,MCTS_v0
141202736,Checkers,0,GAME_OVER,57,56,2,110,1,MCTS_v0,1,2,2,MCTS_v0
539395410,Checkers,0,GAME_OVER,148,147,2,111,1,MCTS_v0,1,1,1,MCTS_v0
-1613865414,Checkers,0,GAME_OVER,68,67,2,112,1,MCTS_v0,1,2,2,MCTS_v0
1666986907,Checkers,0,GAME_OVER,152,151,2,113,1,MCTS_v0,1,1,1,MCTS_v0
781509347,Checkers,0,GAME_OVER,64,63,2,114,1,MCTS_v0,1,2,2,MCTS_v0
-1185713591,Checkers,0,GAME_OVER,108,107,2,115,1,MCTS_v0,1,1,1,MCTS_v0
-768592755,Checkers,0,GAME_OVER,124,123,2,116,1,MCTS_v0,1,1,1,MCTS_v0
1848283739,Checkers,0,GAME_OVER,56,55,2,117,2,MCTS_v0,2,1,1,MCTS_v0
876527158,Checkers,0,GAME_OVER,78,77,2,118,2,MCTS_v0,2,1,1,MCTS_v0
-1243257703,Checkers,0,GAME_OVER,60,59,2,119,1,MCTS_v0,1,2,2,MCTS_v0
980760651,Checkers,0,GAME_OVER,113,112,2,120,1,MCTS_v0,1,1,1,MCTS_v0
249467615,Checkers,0,GAME_OVER,49,48,2,121,1,MCTS_v0,1,2,2,MCTS_v0
1096153373,Checkers,0,GAME_OVER,152,151,2,122,1,MCTS_v0,1,1,1,MCTS_v0
1095634930,Checkers,0,GAME_OVER,62,61,2,123,2,MCTS_v0,2,1,1,MCTS_v0
992054627,Checkers,0,GAME_OVER,76,75,2,124,2,MCTS_v0,2,1,1,MCTS_v0
943147304,Checkers,0,GAME_OVER,59,58,2,125,1,MCTS_v0,1,2,2,MCTS_v0
-25807258,Checkers,0,GAME_OVER,50,49,2,126,1,MCTS_v0,1,2,2,MCTS_v0
-2024265103,Checkers,0,GAME_OVER,64,63,2,127,2,MCTS_v0,2,1,1,MCTS_v0
-1895528500,Checkers,0,GAME_OVER,162,161,2,128,1,MCTS_v0,1,1,1,MCTS_v0
897977476,Checkers,0,GAME_OVER,124,123,2,129,1,MCTS_v0,1,1,1,MCTS_v0
965342494,Checkers,0,GAME_OVER,122,121,2,130,1,MCTS_v0,1,1,1,MCTS_v0
-1255858635,Checkers,0,GAME_OVER,122,121,2,131,1,MCTS_v0,1,1,1,MCTS_v0
-1355268224,Checkers,0,GAME_OVER,185,184,2,132,1,MCTS_v0,1,1,1,MCTS_v0
-1557392058,Checkers,0,GAME_OVER,158,157,2,133,1,MCTS_v0,1,1,1,MCTS_v0
149319218,Checkers,0,GAME_OVER,79,78,2,134,2,MCTS_v0,2,1,1,MCTS_v0
-2141470671,Checkers,0,GAME_OVER,46,45,2,135,1,MCTS_v0,1,2,2,MCTS_v0
-1112022837,Checkers,0,GAME_OVER,47,46,2,136,1,MCTS_v0,1,2,2,MCTS_v0
1399308729,Checkers,0,GAME_OVER,119,118,2,137,1,MCTS_v0,1,1,1,MCTS_v0
-879417256,Checkers,0,GAME_OVER,56,55,2,138,1,MCTS_v0,1,2,2,MCTS_v0
1871388739,Checkers,0,GAME_OVER,57,56,2,139,2,MCTS_v0,2,1,1,MCTS_v0
1221868741,Checkers,0,GAME_OVER,61,60,2,140,1,MCTS_v0,1,2,2,MCTS_v0
-226707887,Checkers,0,GAME_OVER,176,175,2,141,1,MCTS_v0,1,1,1,MCTS_v0
-481794513,Checkers,0,GAME_OVER,122,121,2,142,1,MCTS_v0,1,1,1,MCTS_v0
1667352198,Checkers,0,GAME_OVER,128,127,2,143,2,MCTS_v0,2,1,1,MCTS_v0
-1170055652,Checkers,0,GAME_OVER,50,49,2,144,1,MCTS_v0,1,2,2,MCTS_v0
-2042540765,Checkers,0,GAME_OVER,59,58,2,145,2,MCTS_v0,2,1,1,MCTS_v0
1822806693,Checkers,0,GAME_OVER,95,94,2,146,1,MCTS_v0,1,2,2,MCTS_v0
-913640989,Checkers,0,GAME_OVER,103,102,2,147,2,MCTS_v0,2,1,1,MCTS_v0
-839375338,Checkers,0,GAME_OVER,67,66,2,148,1,MCTS_v0,1,2,2,MCTS_v0
1993279638,Checkers,0,GAME_OVER,116,115,2,149,1,MCTS_v0,1,1,1,MCTS_v0
1332023192,Checkers,0,GAME_OVER,54,53,2,150,1,MCTS_v0,1,2,2,MCTS_v0
-1526158354,Checkers,0,GAME_OVER,67,66,2,151,2,MCTS_v0,2,1,1,MCTS_v0
768030165,Checkers,0,GAME_OVER,100,99,2,152,1,MCTS_v0,1,1,1,MCTS_v0
-4522662,Checkers,0,GAME_OVER,75,74,2,153,2,MCTS_v0,2,1,1,MCTS_v0
1735789247,Checkers,0,GAME_OVER,43,42,2,154,1,MCTS_v0,1,2,2,MCTS_v0
2113586671,Checkers,0,GAME_OVER,93,92,2,155,1,MCTS_v0,1,1,1,MCTS_v0
-152655907,Checkers,0,GAME_OVER,111,110,2,156,1,MCTS_v0,1,2,2,MCTS_v0
1175873433,Checkers,0,GAME_OVER,182,181,2,157,1,MCTS_v0,1,1,1,MCTS_v0
222117067,Checkers,0,GAME_OVER,52,51,2,158,2,MCTS_v0,2,1,1,MCTS_v0
-248507587,Checkers,0,GAME_OVER,66,65,2,159,2,MCTS_v0,2,1,1,MCTS_v0
-224371245,Checkers,0,GAME_OVER,65,64,2,160,2,MCTS_v0,2,1,1,MCTS_v0
-691609747,Checkers,0,GAME_OVER,52,51,2,161,1,MCTS_v0,1,2,2,MCTS_v0
322057929,Checkers,0,GAME_OVER,53,52,2,162,2,MCTS_v0,2,1,1,MCTS_v0
803239122,Checkers,0,GAME_OVER,78,77,2,163,1,MCTS_v0,1,2,2,MCTS_v0
593421959,Checkers,0,GAME_OVER,71,70,2,164,2,MCTS_v0,2,1,1,MCTS_v0
-1245126511,Checkers,0,GAME_OVER,60,59,2,165,2,MCTS_v0,2,1,1,MCTS_v0
1024401865,Checkers,0,GAME_OVER,108,107,2,166,1,MCTS_v0,1,1,1,MCTS_v0
1321437724,Checkers,0,GAME_OVER,103,102,2,167,2,MCTS_v0,2,1,1,MCTS_v0
-1348124620,Checkers,0,GAME_OVER,108,107,2,168,1,MCTS_v0,1,1,1,MCTS_v0
283547994,Checkers,0,GAME_OVER,55,54,2,169,1,MCTS_v0,1,2,2,MCTS_v0
-158985020,Checkers,0,GAME_OVER,62,61,2,170,1,MCTS_v0,1,2,2,MCTS_v0
-492758255,Checkers,0,GAME_OVER,109,108,2,171,1,MCTS_v0,1,1,1,MCTS_v0
1833564934,Checkers,0,GAME_OVER,88,87,2,172,1,MCTS_v0,1,2,2,MCTS_v0
-224906009,Checkers,0,GAME_OVER,182,181,2,173,1,MCTS_v0,1,1,1,MCTS_v0
2136695994,Checkers,0,GAME_OVER,84,83,2,174,2,MCTS_v0,2,1,1,MCTS_v0
-2068476027,Checkers,0,GAME_OVER,139,138,2,175,1,MCTS_v0,1,1,1,MCTS_v0
1558413275,Checkers,0,GAME_OVER,50,49,2,176,1,MCTS_v0,1,2,2,MCTS_v0
1264718999,Checkers,0,GAME_OVER,57,56,2,177,1,MCTS_v0,1,2,2,MCTS_v0
521294619,Checkers,0,GAME_OVER,142,141,2,178,1,MCTS_v0,1,1,1,MCTS_v0
1947600831,Checkers,0,GAME_OVER,82,81,2,179,1,MCTS_v0,1,2,2,MCTS_v0
1340833613,Checkers,0,GAME_OVER,49,48,2,180,1,MCTS_v0,1,2,2,MCTS_v0
1415097531,Checkers,0,GAME_OVER,154,153,2,181,2,MCTS_v0,2,1,1,MCTS_v0
491503207,Checkers,0,GAME_OVER,54,53,2,182,1,MCTS_v0,1,2,2,MCTS_v0
2011490889,Checkers,0,GAME_OVER,45,44,2,183,1,MCTS_v0,1,2,2,MCTS_v0
133942512,Checkers,0,GAME_OVER,154,153,2,184,1,MCTS_v0,1,1,1,MCTS_v0
-1548158836,Checkers,0,GAME_OVER,62,61,2,185,1,MCTS_v0,1,2,2,MCTS_v0
-70469352,Checkers,0,GAME_OVER,60,59,2,186,1,MCTS_v0,1,2,2,MCTS_v0
1373698822,Checkers,0,GAME_OVER,68,67,2,187,2,MCTS_v0,2,1,1,MCTS_v0
719792855,Checkers,0,GAME_OVER,49,48,2,188,1,MCTS_v0,1,2,2,MCTS_v0
2013247839,Checkers,0,GAME_OVER,156,155,2,189,1,MCTS_v0,1,1,1,MCTS_v0
-1373820225,Checkers,0,GAME_OVER,164,163,2,190,1,MCTS_v0,1,1,1,MCTS_v0
-1226420342,Checkers,0,GAME_OVER,62,61,2,191,1,MCTS_v0,1,2,2,MCTS_v0
43305309,Checkers,0,GAME_OVER,56,55,2,192,2,MCTS_v0,2,1,1,MCTS_v0
1574499606,Checkers,0,GAME_OVER,45,44,2,193,2,MCTS_v0,2,1,1,MCTS_v0
-1760764052,Checkers,0,GAME_OVER,76,75,2,194,1,MCTS_v0,1,2,2,MCTS_v0
-1264995163,Checkers,0,GAME_OVER,51,50,2,195,1,MCTS_v0,1,2,2,MCTS_v0
-1062371551,Checkers,0,GAME_OVER,143,142,2,196,1,MCTS_v0,1,2,2,MCTS_v0
-1125881895,Checkers,0,GAME_OVER,136,135,2,197,1,MCTS_v0,1,1,1,MCTS_v0
-529553070,Checkers,0,GAME_OVER,49,48,2,198,1,MCTS_v0,1,2,2,MCTS_v0
1307334977,Checkers,0,GAME_OVER,207,206,2,199,1,MCTS_v0,1,1,1,MCTS_v0
-1047134894,Checkers,0,GAME_OVER,143,142,2,200,1,MCTS_v0,1,1,1,MCTS_v0
1306713350,Checkers,0,GAME_OVER,72,71,2,201,2,MCTS_v0,2,1,1,MCTS_v0
-166180472,Checkers,0,GAME_OVER,56,55,2,202,2,MCTS_v0,2,1,1,OSLA
702970291,Checkers,0,GAME_OVER,92,91,2,203,1,MCTS_v0,1,1,1,OSLA
-2093688957,Checkers,0,GAME_OVER,51,50,2,204,2,MCTS_v0,2,1,1,OSLA
15277285,Checkers,0,GAME_OVER,51,50,2,205,2,MCTS_v0,2,1,1,OSLA
-1236454748,Checkers,0,GAME_OVER,104,103,2,206,2,MCTS_v0,2,1,1,OSLA
249439406,Checkers,0,GAME_OVER,89,88,2,207,2,MCTS_v0,2,1,1,OSLA
302495374,Checkers,0,GAME_OVER,76,75,2,208,2,MCTS_v0,2,1,1,OSLA
-741054849,Checkers,0,GAME_OVER,159,158,2,209,1,MCTS_v0,1,1,1,OSLA
-1426144559,Checkers,0,GAME_OVER,94,93,2,210,2,MCTS_v0,2,1,1,OSLA
118065288,Checkers,0,GAME_OVER,83,82,2,211,2,MCTS_v0,2,1,1,OSLA
1705451795,Checkers,0,GAME_OVER,46,45,2,212,1,MCTS_v0,1,2,2,OSLA
-1138379803,Checkers,0,GAME_OVER,95,94,2,213,2,MCTS_v0,2,1,1,OSLA
-792105690,Checkers,0,GAME_OVER,121,120,2,214,2,MCTS_v0,2,1,1,OSLA
251240563,Checkers,0,GAME_OVER,142,141,2,215,1,MCTS_v0,1,1,1,OSLA
616215289,Checkers,0,GAME_OVER,93,92,2,216,1,MCTS_v0,1,2,2,OSLA
286491649,Checkers,0,GAME_OVER,136,135,2,217,1,MCTS_v0,1,1,1,OSLA
-1837327222,Checkers,0,GAME_OVER,36,35,2,218,1,MCTS_v0,1,2,2,OSLA
1731803123,Checkers,0,GAME_OVER,74,73,2,219,2,MCTS_v0,2,1,1,OSLA
416791102,Checkers,0,GAME_OVER,103,102,2,220,1,MCTS_v0,1,1,1,OSLA
216396693,Checkers,0,GAME_OVER,42,41,2,221,1,MCTS_v0,1,2,2,OSLA
-848119213,Checkers,0,GAME_OVER,132,131,2,222,1,MCTS_v0,1,1,1,OSLA
-621865294,Checkers,0,GAME_OVER,79,78,2,223,2,MCTS_v0,2,1,1,OSLA
878598204,Checkers,0,GAME_OVER,73,72,2,224,2,MCTS_v0,2,1,1,OSLA
-1699676377,Checkers,0,GAME_OVER,51,50,2,225,1,MCTS_v0,1,2,2,OSLA
638614319,Checkers,0,GAME_OVER,39,38,2,226,1,MCTS_v0,1,2,2,OSLA
-1286171248,Checkers,0,GAME_OVER,111,110,2,227,1,MCTS_v0,1,1,1,OSLA
1496380205,Checkers,0,GAME_OVER,92,91,2,228,2,MCTS_v0,2,1,1,OSLA
-535007174,Checkers,0,GAME_OVER,95,94,2,229,1,MCTS_v0,1,1,1,OSLA
351376967,Checkers,0,GAME_OVER,54,53,2,230,2,MCTS_v0,2,1,1,OSLA
-1920732930,Checkers,0,GAME_OVER,83,82,2,231,1,MCTS_v0,1,1,1,OSLA
2092088305,Checkers,0,GAME_OVER,65,64,2,232,2,MCTS_v0,2,1,1,OSLA
-2053051970,Checkers,0,GAME_OVER,70,69,2,233,2,MCTS_v0,2,1,1,OSLA
-1794684255,Checkers,0,GAME_OVER,118,117,2,234,1,MCTS_v0,1,1,1,OSLA
-1721045876,Checkers,0,GAME_OVER,69,68,2,235,2,MCTS_v0,2,1,1,OSLA
-1727902706,Checkers,0,GAME_OVER,61,60,2,236,2,MCTS_v0,2,1,1,OSLA
975488968,Checkers,0,GAME_OVER,101,100,2,237,1,MCTS_v0,1,1,1,OSLA
1884247749,Checkers,0,GAME_OVER,54,53,2,238,2,MCTS_v0,2,1,1,OSLA
695442367,Checkers,0,GAME_OVER,76,75,2,239,2,MCTS_v0,2,1,1,OSLA
1999740919,Checkers,0,GAME_OVER,113,112,2,240,2,MCTS_v0,2,1,1,OSLA
-967129467,Checkers,0,GAME_OVER,95,94,2,241,2,MCTS_v0,2,1,1,OSLA
168838819,Checkers,0,GAME_OVER,57,56,2,242,2,MCTS_v0,2,1,1,OSLA
-2108529625,Checkers,0,GAME_OVER,99,98,2,243,1,MCTS_v0,1,2,2,OSLA
-2104692336,Checkers,0,GAME_OVER,76,75,2,244,2,MCTS_v0,2,1,1,OSLA
-1813011348,Checkers,0,GAME_OVER,64,63,2,245,2,MCTS_v0,2,1,1,OSLA
-1930282061,Checkers,0,GAME_OVER,96,95,2,246,1,MCTS_v0,1,1,1,OSLA
2023066801,Checkers,0,GAME_OVER,43,42,2,247,1,MCTS_v0,1,2,2,OSLA
102119153,Checkers,0,GAME_OVER,87,86,2,248,2,MCTS_v0,2,1,1,OSLA
-1548536910,Checkers,0,GAME_OVER,44,43,2,249,2,MCTS_v0,2,1,1,OSLA
1327076190,Checkers,0,GAME_OVER,70,69,2,250,2,MCTS_v0,2,1,1,OSLA
497806905,Checkers,0,GAME_OVER,40,39,2,251,1,MCTS_v0,1,2,2,OSLA
-76330646,Checkers,0,GAME_OVER,45,44,2,252,2,MCTS_v0,2,1,1,OSLA
264015619,Checkers,0,GAME_OVER,62,61,2,253,2,MCTS_v0,2,1,1,OSLA
1893404572,Checkers,0,GAME_OVER,109,108,2,254,2,MCTS_v0,2,1,1,OSLA
-565339805,Checkers,0,GAME_OVER,70,69,2,255,2,MCTS_v0,2,1,1,OSLA
-1175914298,Checkers,0,GAME_OVER,117,116,2,256,2,MCTS_v0,2,1,1,OSLA
-632265362,Checkers,0,GAME_OVER,51,50,2,257,2,MCTS_v0,2,1,1,OSLA
2046256605,Checkers,0,GAME_OVER,53,52,2,258,2,MCTS_v0,2,1,1,OSLA
1768457643,Checkers,0,GAME_OVER,85,84,2,259,1,MCTS_v0,1,1,1,OSLA
-1394766124,Checkers,0,GAME_OVER,46,45,2,260,2,MCTS_v0,2,1,1,OSLA
-1689546336,Checkers,0,GAME_OVER,77,76,2,261,2,MCTS_v0,2,1,1,OSLA
1875269677,Checkers,0,GAME_OVER,112,111,2,262,2,MCTS_v0,2,1,1,OSLA
1044422073,Checkers,0,GAME_OVER,99,98,2,263,1,MCTS_v0,1,1,1,OSLA
-670988510,Checkers,0,GAME_OVER,123,122,2,264,1,MCTS_v0,1,1,1,OSLA
-1153208236,Checkers,0,GAME_OVER,57,56,2,265,2,MCTS_v0,2,1,1,OSLA
1519893650,Checkers,0,GAME_OVER,49,48,2,266,2,MCTS_v0,2,1,1,OSLA
731102457,Checkers,0,GAME_OVER,101,100,2,267,2,MCTS_v0,2,1,1,OSLA
1810202379,Checkers,0,GAME_OVER,48,47,2,268,2,MCTS_v0,2,1,1,OSLA
682666506,Checkers,0,GAME_OVER,58,57,2,269,1,MCTS_v0,1,2,2,OSLA
-468511048,Checkers,0,GAME_OVER,65,64,2,270,2,MCTS_v0,2,1,1,OSLA
2106028651,Checkers,0,GAME_OVER,70,69,2,271,2,MCTS_v0,2,1,1,OSLA
1689297396,Checkers,0,GAME_OVER,55,54,2,272,1,MCTS_v0,1,2,2,OSLA
-1752144906,Checkers,0,GAME_OVER,43,42,2,273,1,MCTS_v0,1,2,2,OSLA
-104552497,Checkers,0,GAME_OVER,51,50,2,274,2,MCTS_v0,2,1,1,OSLA
1311743159,Checkers,0,GAME_OVER,52,51,2,275,2,MCTS_v0,2,1,1,OSLA
-31779374,Checkers,0,GAME_OVER,47,46,2,276,1,MCTS_v0,1,2,2,OSLA
1647512635,Checkers,0,GAME_OVER,52,51,2,277,2,MCTS_v0,2,1,1,OSLA
-1466885964,Checkers,0,GAME_OVER,80,79,2,278,1,MCTS_v0,1,2,2,OSLA
-237358204,Checkers,0,GAME_OVER,98,97,2,279,2,MCTS_v0,2,1,1,OSLA
1476668398,Checkers,0,GAME_OVER,57,56,2,280,2,MCTS_v0,2,1,1,OSLA
2041525592,Checkers,0,GAME_OVER,76,75,2,281,2,MCTS_v0,2,1,1,OSLA
-1783160242,Checkers,0,GAME_OVER,53,52,2,282,1,MCTS_v0,1,2,2,OSLA
-297938423,Checkers,0,GAME_OVER,71,70,2,283,2,MCTS_v0,2,1,1,OSLA
-1640736276,Checkers,0,GAME_OVER,72,71,2,284,2,MCTS_v0,2,1,1,OSLA
-1595788062,Checkers,0,GAME_OVER,69,68,2,285,2,MCTS_v0,2,1,1,OSLA
312006714,Checkers,0,GAME_OVER,56,55,2,286,2,MCTS_v0,2,1,1,OSLA
1198380771,Checkers,0,GAME_OVER,56,55,2,287,2,MCTS_v0,2,1,1,OSLA
1347895049,Checkers,0,GAME_OVER,61,60,2,288,1,MCTS_v0,1,2,2,OSLA
-2058389133,Checkers,0,GAME_OVER,51,50,2,289,1,MCTS_v0,1,2,2,OSLA
805075370,Checkers,0,GAME_OVER,56,55,2,290,1,MCTS_v0,1,2,2,OSLA
944778537,Checkers,0,GAME_OVER,103,102,2,291,1,MCTS_v0,1,1,1,OSLA
1429879203,Checkers,0,GAME_OVER,111,110,2,292,1,MCTS_v0,1,1,1,OSLA
2026556386,Checkers,0,GAME_OVER,61,60,2,293,1,MCTS_v0,1,2,2,OSLA
-166794102,Checkers,0,GAME_OVER,76,75,2,294,2,MCTS_v0,2,1,1,OSLA
58593981,Checkers,0,GAME_OVER,72,71,2,295,2,MCTS_v0,2,1,1,OSLA
-1977593602,Checkers,0,GAME_OVER,104,103,2,296,1,MCTS_v0,1,2,2,OSLA
1424551860,Checkers,0,GAME_OVER,126,125,2,297,1,MCTS_v0,1,1,1,OSLA
-294631709,Checkers,0,GAME_OVER,52,51,2,298,2,MCTS_v0,2,1,1,OSLA
1580888036,Checkers,0,GAME_OVER,63,62,2,299,2,MCTS_v0,2,1,1,OSLA
-1262192828,Checkers,0,GAME_OVER,45,44,2,300,2,MCTS_v0,2,1,1,OSLA
-520792367,Checkers,0,GAME_OVER,91,90,2,301,2,MCTS_v0,2,1,1,OSLA
255134340,Checkers,0,GAME_OVER,91,90,2,302,1,MCTS_v0,1,1,1,OSLA
-826436583,Checkers,0,GAME_OVER,59,58,2,303,2,MCTS_v0,2,1,1,OSLA
-1599117363,Checkers,0,GAME_OVER,126,125,2,304,1,MCTS_v0,1,1,1,OSLA
1407376506,Checkers,0,GAME_OVER,133,132,2,305,1,MCTS_v0,1,1,1,OSLA
1196226270,Checkers,0,GAME_OVER,51,50,2,306,2,MCTS_v0,2,1,1,OSLA
180317213,Checkers,0,GAME_OVER,52,51,2,307,2,MCTS_v0,2,1,1,OSLA
-1089034847,Checkers,0,GAME_OVER,57,56,2,308,1,MCTS_v0,1,2,2,OSLA
-661079174,Checkers,0,GAME_OVER,140,139,2,309,2,MCTS_v0,2,1,1,OSLA
141202736,Checkers,0,GAME_OVER,49,48,2,310,2,MCTS_v0,2,1,1,OSLA
539395410,Checkers,0,GAME_OVER,53,52,2,311,2,MCTS_v0,2,1,1,OSLA
-1613865414,Checkers,0,GAME_OVER,88,87,2,312,2,MCTS_v0,2,1,1,OSLA
1666986907,Checkers,0,GAME_OVER,47,46,2,313,2,MCTS_v0,2,1,1,OSLA
781509347,Checkers,0,GAME_OVER,67,66,2,314,2,MCTS_v0,2,1,1,OSLA
-1185713591,Checkers,0,GAME_OVER,81,80,2,315,1,MCTS_v0,1,1,1,OSLA
-768592755,Checkers,0,GAME_OVER,61,60,2,316,1,MCTS_v0,1,2,2,OSLA
1848283739,Checkers,0,GAME_OVER,90,89,2,317,2,MCTS_v0,2,1,1,OSLA
876527158,Checkers,0,GAME_OVER,54,53,2,318,2,MCTS_v0,2,1,1,OSLA
-1243257703,Checkers,0,GAME_OVER,51,50,2,319,1,MCTS_v0,1,2,2,OSLA
980760651,Checkers,0,GAME_OVER,59,58,2,320,2,MCTS_v0,2,1,1,OSLA
249467615,Checkers,0,GAME_OVER,116,115,2,321,1,MCTS_v0,1,1,1,OSLA
1096153373,Checkers,0,GAME_OVER,77,76,2,322,2,MCTS_v0,2,1,1,OSLA
1095634930,Checkers,0,GAME_OVER,65,64,2,323,2,MCTS_v0,2,1,1,OSLA
992054627,Checkers,0,GAME_OVER,69,68,2,324,2,MCTS_v0,2,1,1,OSLA
943147304,Checkers,0,GAME_OVER,76,75,2,325,2,MCTS_v0,2,1,1,OSLA
-25807258,Checkers,0,GAME_OVER,76,75,2,326,2,MCTS_v0,2,1,1,OSLA
-2024265103,Checkers,0,GAME_OVER,128,127,2,327,1,MCTS_v0,1,1,1,OSLA
-1895528500,Checkers,0,GAME_OVER,47,46,2,328,2,MCTS_v0,2,1,1,OSLA
897977476,Checkers,0,GAME_OVER,58,57,2,329,2,MCTS_v0,2,1,1,OSLA
965342494,Checkers,0,GAME_OVER,52,51,2,330,1,MCTS_v0,1,2,2,OSLA
-1255858635,Checkers,0,GAME_OVER,126,125,2,331,1,MCTS_v0,1,1,1,OSLA
-1355268224,Checkers,0,GAME_OVER,65,64,2,332,1,MCTS_v0,1,2,2,OSLA
-1557392058,Checkers,0,GAME_OVER,87,86,2,333,2,MCTS_v0,2,1,1,OSLA
149319218,Checkers,0,GAME_OVER,60,59,2,334,1,MCTS_v0,1,2,2,OSLA
-2141470671,Checkers,0,GAME_OVER,101,100,2,335,2,MCTS_v0,2,1,1,OSLA
-1112022837,Checkers,0,GAME_OVER,67,66,2,336,2,MCTS_v0,2,1,1,OSLA
1399308729,Checkers,0,GAME_OVER,75,74,2,337,2,MCTS_v0,2,1,1,OSLA
-879417256,Checkers,0,GAME_OVER,76,75,2,338,2,MCTS_v0,2,1,1,OSLA
1871388739,Checkers,0,GAME_OVER,82,81,2,339,2,MCTS_v0,2,1,1,OSLA
1221868741,Checkers,0,GAME_OVER,77,76,2,340,2,MCTS_v0,2,1,1,OSLA
-226707887,Checkers,0,GAME_OVER,48,47,2,341,1,MCTS_v0,1,2,2,OSLA
-481794513,Checkers,0,GAME_OVER,53,52,2,342,1,MCTS_v0,1,2,2,OSLA
1667352198,Checkers,0,GAME_OVER,67,66,2,343,2,MCTS_v0,2,1,1,OSLA
-1170055652,Checkers,0,GAME_OVER,106,105,2,344,1,MCTS_v0,1,1,1,OSLA
-2042540765,Checkers,0,GAME_OVER,62,61,2,345,2,MCTS_v0,2,1,1,OSLA
1822806693,Checkers,0,GAME_OVER,93,92,2,346,1,MCTS_v0,1,1,1,OSLA
-913640989,Checkers,0,GAME_OVER,75,74,2,347,2,MCTS_v0,2,1,1,OSLA
-839375338,Checkers,0,GAME_OVER,75,74,2,348,2,MCTS_v0,2,1,1,OSLA
1993279638,Checkers,0,GAME_OVER,127,126,2,349,1,MCTS_v0,1,1,1,OSLA
1332023192,Checkers,0,GAME_OVER,155,154,2,350,1,MCTS_v0,1,1,1,OSLA
-1526158354,Checkers,0,GAME_OVER,118,117,2,351,1,MCTS_v0,1,2,2,OSLA
768030165,Checkers,0,GAME_OVER,49,48,2,352,2,MCTS_v0,2,1,1,OSLA
-4522662,Checkers,0,GAME_OVER,53,52,2,353,2,MCTS_v0,2,1,1,OSLA
1735789247,Checkers,0,GAME_OVER,71,70,2,354,2,MCTS_v0,2,1,1,OSLA
2113586671,Checkers,0,GAME_OVER,63,62,2,355,2,MCTS_v0,2,1,1,OSLA
-152655907,Checkers,0,GAME_OVER,99,98,2,356,2,MCTS_v0,2,1,1,OSLA
1175873433,Checkers,0,GAME_OVER,46,45,2,357,1,MCTS_v0,1,2,2,OSLA
222117067,Checkers,0,GAME_OVER,67,66,2,358,2,MCTS_v0,2,1,1,OSLA
-248507587,Checkers,0,GAME_OVER,119,118,2,359,1,MCTS_v0,1,1,1,OSLA
-224371245,Checkers,0,GAME_OVER,72,71,2,360,2,MCTS_v0,2,1,1,OSLA
-691609747,Checkers,0,GAME_OVER,138,137,2,361,2,MCTS_v0,2,1,1,OSLA
322057929,Checkers,0,GAME_OVER,60,59,2,362,2,MCTS_v0,2,1,1,OSLA
803239122,Checkers,0,GAME_OVER,88,87,2,363,2,MCTS_v0,2,1,1,OSLA
593421959,Checkers,0,GAME_OVER,33,32,2,364,2,MCTS_v0,2,1,1,OSLA
-1245126511,Checkers,0,GAME_OVER,46,45,2,365,2,MCTS_v0,2,1,1,OSLA
1024401865,Checkers,0,GAME_OVER,76,75,2,366,2,MCTS_v0,2,1,1,OSLA
1321437724,Checkers,0,GAME_OVER,98,97,2,367,2,MCTS_v0,2,1,1,OSLA
-1348124620,Checkers,0,GAME_OVER,123,122,2,368,1,MCTS_v0,1,1,1,OSLA
283547994,Checkers,0,GAME_OVER,52,51,2,369,1,MCTS_v0,1,2,2,OSLA
-158985020,Checkers,0,GAME_OVER,63,62,2,370,1,MCTS_v0,1,2,2,OSLA
-492758255,Checkers,0,GAME_OVER,49,48,2,371,2,MCTS_v0,2,1,1,OSLA
1833564934,Checkers,0,GAME_OVER,58,57,2,372,2,MCTS_v0,2,1,1,OSLA
-224906009,Checkers,0,GAME_OVER,79,78,2,373,2,MCTS_v0,2,1,1,OSLA
2136695994,Checkers,0,GAME_OVER,64,63,2,374,2,MCTS_v0,2,1,1,OSLA
-2068476027,Checkers,0,GAME_OVER,52,51,2,375,2,MCTS_v0,2,1,1,OSLA
1558413275,Checkers,0,GAME_OVER,89,88,2,376,1,MCTS_v0,1,1,1,OSLA
1264718999,Checkers,0,GAME_OVER,63,62,2,377,2,MCTS_v0,2,1,1,OSLA
521294619,Checkers,0,GAME_OVER,87,86,2,378,2,MCTS_v0,2,1,1,OSLA
1947600831,Checkers,0,GAME_OVER,60,59,2,379,2,MCTS_v0,2,1,1,OSLA
1340833613,Checkers,0,GAME_OVER,48,47,2,380,2,MCTS_v0,2,1,1,OSLA
1415097531,Checkers,0,GAME_OVER,89,88,2,381,2,MCTS_v0,2,1,1,OSLA
491503207,Checkers,0,GAME_OVER,83,82,2,382,1,MCTS_v0,1,1,1,OSLA
2011490889,Checkers,0,GAME_OVER,55,54,2,383,2,MCTS_v0,2,1,1,OSLA
133942512,Checkers,0,GAME_OVER,62,61,2,384,1,MCTS_v0,1,2,2,OSLA
-1548158836,Checkers,0,GAME_OVER,56,55,2,385,2,MCTS_v0,2,1,1,OSLA
-70469352,Checkers,0,GAME_OVER,51,50,2,386,2,MCTS_v0,2,1,1,OSLA
1373698822,Checkers,0,GAME_OVER,85,84,2,387,2,MCTS_v0,2,1,1,OSLA
719792855,Checkers,0,GAME_OVER,63,62,2,388,2,MCTS_v0,2,1,1,OSLA
2013247839,Checkers,0,GAME_OVER,58,57,2,389,2,MCTS_v0,2,1,1,OSLA
-1373820225,Checkers,0,GAME_OVER,64,63,2,390,2,MCTS_v0,2,1,1,OSLA
-1226420342,Checkers,0,GAME_OVER,63,62,2,391,2,MCTS_v0,2,1,1,OSLA
43305309,Checkers,0,GAME_OVER,143,142,2,392,1,MCTS_v0,1,1,1,OSLA
1574499606,Checkers,0,GAME_OVER,88,87,2,393,2,MCTS_v0,2,1,1,OSLA
-1760764052,Checkers,0,GAME_OVER,61,60,2,394,1,MCTS_v0,1,2,2,OSLA
-1264995163,Checkers,0,GAME_OVER,66,65,2,395,2,MCTS_v0,2,1,1,OSLA
-1062371551,Checkers,0,GAME_OVER,64,63,2,396,2,MCTS_v0,2,1,1,OSLA
-1125881895,Checkers,0,GAME_OVER,62,61,2,397,2,MCTS_v0,2,1,1,OSLA
-529553070,Checkers,0,GAME_OVER,56,55,2,398,2,MCTS_v0,2,1,1,OSLA
1307334977,Checkers,0,GAME_OVER,74,73,2,399,2,MCTS_v0,2,1,1,OSLA
-1047134894,Checkers,0,GAME_OVER,115,114,2,400,1,MCTS_v0,1,1,1,OSLA
1306713350,Checkers,0,GAME_OVER,122,121,2,401,1,MCTS_v0,1,1,1,OSLA
-166180472,Checkers,0,GAME_OVER,43,42,2,402,2,MCTS_v0,2,1,1,Random
702970291,Checkers,0,GAME_OVER,54,53,2,403,2,MCTS_v0,2,1,1,Random
-2093688957,Checkers,0,GAME_OVER,31,30,2,404,2,MCTS_v0,2,1,1,Random
15277285,Checkers,0,GAME_OVER,42,41,2,405,2,MCTS_v0,2,1,1,Random
-1236454748,Checkers,0,GAME_OVER,47,46,2,406,2,MCTS_v0,2,1,1,Random
249439406,Checkers,0,GAME_OVER,47,46,2,407,2,MCTS_v0,2,1,1,Random
302495374,Checkers,0,GAME_OVER,40,39,2,408,2,MCTS_v0,2,1,1,Random
-741054849,Checkers,0,GAME_OVER,45,44,2,409,2,MCTS_v0,2,1,1,Random
-1426144559,Checkers,0,GAME_OVER,53,52,2,410,2,MCTS_v0,2,1,1,Random
118065288,Checkers,0,GAME_OVER,42,41,2,411,2,MCTS_v0,2,1,1,Random
1705451795,Checkers,0,GAME_OVER,36,35,2,412,2,MCTS_v0,2,1,1,Random
-1138379803,Checkers,0,GAME_OVER,44,43,2,413,2,MCTS_v0,2,1,1,Random
-792105690,Checkers,0,GAME_OVER,37,36,2,414,2,MCTS_v0,2,1,1,Random
251240563,Checkers,0,GAME_OVER,41,40,2,415,2,MCTS_v0,2,1,1,Random
616215289,Checkers,0,GAME_OVER,67,66,2,416,2,MCTS_v0,2,1,1,Random
286491649,Checkers,0,GAME_OVER,45,44,2,417,2,MCTS_v0,2,1,1,Random
-1837327222,Checkers,0,GAME_OVER,32,31,2,418,2,MCTS_v0,2,1,1,Random
1731803123,Checkers,0,GAME_OVER,44,43,2,419,2,MCTS_v0,2,1,1,Random
416791102,Checkers,0,GAME_OVER,43,42,2,420,2,MCTS_v0,2,1,1,Random
216396693,Checkers,0,GAME_OVER,43,42,2,421,2,MCTS_v0,2,1,1,Random
-848119213,Checkers,0,GAME_OVER,38,37,2,422,2,MCTS_v0,2,1,1,Random
-621865294,Checkers,0,GAME_OVER,42,41,2,423,2,MCTS_v0,2,1,1,Random
878598204,Checkers,0,GAME_OVER,34,33,2,424,2,MCTS_v0,2,1,1,Random
-1699676377,Checkers,0,GAME_OVER,56,55,2,425,2,MCTS_v0,2,1,1,Random
638614319,Checkers,0,GAME_OVER,40,39,2,426,2,MCTS_v0,2,1,1,Random
-1286171248,Checkers,0,GAME_OVER,55,54,2,427,2,MCTS_v0,2,1,1,Random
1496380205,Checkers,0,GAME_OVER,45,44,2,428,2,MCTS_v0,2,1,1,Random
-535007174,Checkers,0,GAME_OVER,40,39,2,429,2,MCTS_v0,2,1,1,Random
351376967,Checkers,0,GAME_OVER,41,40,2,430,2,MCTS_v0,2,1,1,Random
-1920732930,Checkers,0,GAME_OVER,40,39,2,431,2,MCTS_v0,2,1,1,Random
2092088305,Checkers,0,GAME_OVER,43,42,2,432,2,MCTS_v0,2,1,1,Random
-2053051970,Checkers,0,GAME_OVER,43,42,2,433,2,MCTS_v0,2,1,1,Random
-1794684255,Checkers,0,GAME_OVER,47,46,2,434,2,MCTS_v0,2,1,1,Random
-1721045876,Checkers,0,GAME_OVER,43,42,2,435,2,MCTS_v0,2,1,1,Random
-1727902706,Checkers,0,GAME_OVER,37,36,2,436,2,MCTS_v0,2,1,1,Random
975488968,Checkers,0,GAME_OVER,44,43,2,437,2,MCTS_v0,2,1,1,Random
1884247749,Checkers,0,GAME_OVER,48,47,2,438,2,MCTS_v0,2,1,1,Random
695442367,Checkers,0,GAME_OVER,47,46,2,439,2,MCTS_v0,2,1,1,Random
1999740919,Checkers,0,GAME_OVER,48,47,2,440,2,MCTS_v0,2,1,1,Random
-967129467,Checkers,0,GAME_OVER,49,48,2,441,2,MCTS_v0,2,1,1,Random
168838819,Checkers,0,GAME_OVER,51,50,2,442,2,MCTS_v0,2,1,1,Random
-2108529625,Checkers,0,GAME_OVER,44,43,2,443,2,MCTS_v0,2,1,1,Random
-2104692336,Checkers,0,GAME_OVER,43,42,2,444,2,MCTS_v0,2,1,1,Random
-1813011348,Checkers,0,GAME_OVER,42,41,2,445,2,MCTS_v0,2,1,1,Random
-1930282061,Checkers,0,GAME_OVER,45,44,2,446,2,MCTS_v0,2,1,1,Random
2023066801,Checkers,0,GAME_OVER,38,37,2,447,2,MCTS_v0,2,1,1,Random
102119153,Checkers,0,GAME_OVER,37,36,2,448,2,MCTS_v0,2,1,1,Random
-1548536910,Checkers,0,GAME_OVER,39,38,2,449,2,MCTS_v0,2,1,1,Random
1327076190,Checkers,0,GAME_OVER,47,46,2,450,2,MCTS_v0,2,1,1,Random
497806905,Checkers,0,GAME_OVER,43,42,2,451,2,MCTS_v0,2,1,1,Random
-76330646,Checkers,0,GAME_OVER,44,43,2,452,2,MCTS_v0,2,1,1,Random
264015619,Checkers,0,GAME_OVER,42,41,2,453,2,MCTS_v0,2,1,1,Random
1893404572,Checkers,0,GAME_OVER,36,35,2,454,2,MCTS_v0,2,1,1,Random
-565339805,Checkers,0,GAME_OVER,38,37,2,455,2,MCTS_v0,2,1,1,Random
-1175914298,Checkers,0,GAME_OVER,51,50,2,456,2,MCTS_v0,2,1,1,Random
-632265362,Checkers,0,GAME_OVER,50,49,2,457,2,MCTS_v0,2,1,1,Random
2046256605,Checkers,0,GAME_OVER,46,45,2,458,2,MCTS_v0,2,1,1,Random
1768457643,Checkers,0,GAME_OVER,38,37,2,459,2,MCTS_v0,2,1,1,Random
-1394766124,Checkers,0,GAME_OVER,44,43,2,460,2,MCTS_v0,2,1,1,Random
-1689546336,Checkers,0,GAME_OVER,46,45,2,461,2,MCTS_v0,2,1,1,Random
1875269677,Checkers,0,GAME_OVER,49,48,2,462,2,MCTS_v0,2,1,1,Random
1044422073,Checkers,0,GAME_OVER,45,44,2,463,2,MCTS_v0,2,1,1,Random
-670988510,Checkers,0,GAME_OVER,45,44,2,464,2,MCTS_v0,2,1,1,Random
-1153208236,Checkers,0,GAME_OVER,37,36,2,465,2,MCTS_v0,2,1,1,Random
1519893650,Checkers,0,GAME_OVER,42,41,2,466,2,MCTS_v0,2,1,1,Random
731102457,Checkers,0,GAME_OVER,40,39,2,467,2,MCTS_v0,2,1,1,Random
1810202379,Checkers,0,GAME_OVER,42,41,2,468,2,MCTS_v0,2,1,1,Random
682666506,Checkers,0,GAME_OVER,42,41,2,469,2,MCTS_v0,2,1,1,Random
-468511048,Checkers,0,GAME_OVER,44,43,2,470,2,MCTS_v0,2,1,1,Random
2106028651,Checkers,0,GAME_OVER,52,51,2,471,2,MCTS_v0,2,1,1,Random
1689297396,Checkers,0,GAME_OVER,38,37,2,472,2,MCTS_v0,2,1,1,Random
-1752144906,Checkers,0,GAME_OVER,49,48,2,473,2,MCTS_v0,2,1,1,Random
-104552497,Checkers,0,GAME_OVER,50,49,2,474,2,MCTS_v0,2,1,1,Random
1311743159,Checkers,0,GAME_OVER,48,47,2,475,2,MCTS_v0,2,1,1,Random
-31779374,Checkers,0,GAME_OVER,37,36,2,476,2,MCTS_v0,2,1,1,Random
1647512635,Checkers,0,GAME_OVER,38,37,2,477,2,MCTS_v0,2,1,1,Random
-1466885964,Checkers,0,GAME_OVER,46,45,2,478,2,MCTS_v0,2,1,1,Random
-237358204,Checkers,0,GAME_OVER,46,45,2,479,2,MCTS_v0,2,1,1,Random
1476668398,Checkers,0,GAME_OVER,42,41,2,480,2,MCTS_v0,2,1,1,Random
2041525592,Checkers,0,GAME_OVER,43,42,2,481,2,MCTS_v0,2,1,1,Random
-1783160242,Checkers,0,GAME_OVER,45,44,2,482,2,MCTS_v0,2,1,1,Random
-297938423,Checkers,0,GAME_OVER,38,37,2,483,2,MCTS_v0,2,1,1,Random
-1640736276,Checkers,0,GAME_OVER,42,41,2,484,2,MCTS_v0,2,1,1,Random
-1595788062,Checkers,0,GAME_OVER,51,50,2,485,2,MCTS_v0,2,1,1,Random
312006714,Checkers,0,GAME_OVER,36,35,2,486,2,MCTS_v0,2,1,1,Random
1198380771,Checkers,0,GAME_OVER,42,41,2,487,2,MCTS_v0,2,1,1,Random
1347895049,Checkers,0,GAME_OVER,42,41,2,488,2,MCTS_v0,2,1,1,Random
-2058389133,Checkers,0,GAME_OVER,37,36,2,489,2,MCTS_v0,2,1,1,Random
805075370,Checkers,0,GAME_OVER,41,40,2,490,2,MCTS_v0,2,1,1,Random
944778537,Checkers,0,GAME_OVER,35,34,2,491,2,MCTS_v0,2,1,1,Random
1429879203,Checkers,0,GAME_OVER,56,55,2,492,2,MCTS_v0,2,1,1,Random
2026556386,Checkers,0,GAME_OVER,38,37,2,493,2,MCTS_v0,2,1,1,Random
-166794102,Checkers,0,GAME_OVER,35,34,2,494,2,MCTS_v0,2,1,1,Random
58593981,Checkers,0,GAME_OVER,41,40,2,495,2,MCTS_v0,2,1,1,Random
-1977593602,Checkers,0,GAME_OVER,43,42,2,496,2,MCTS_v0,2,1,1,Random
1424551860,Checkers,0,GAME_OVER,42,41,2,497,2,MCTS_v0,2,1,1,Random
-294631709,Checkers,0,GAME_OVER,53,52,2,498,2,MCTS_v0,2,1,1,Random
1580888036,Checkers,0,GAME_OVER,53,52,2,499,2,MCTS_v0,2,1,1,Random
-1262192828,Checkers,0,GAME_OVER,40,39,2,500,2,MCTS_v0,2,1,1,Random
-520792367,Checkers,0,GAME_OVER,41,40,2,501,2,MCTS_v0,2,1,1,Random
255134340,Checkers,0,GAME_OVER,46,45,2,502,2,MCTS_v0,2,1,1,Random
-826436583,Checkers,0,GAME_OVER,38,37,2,503,2,MCTS_v0,2,1,1,Random
-1599117363,Checkers,0,GAME_OVER,45,44,2,504,2,MCTS_v0,2,1,1,Random
1407376506,Checkers,0,GAME_OVER,47,46,2,505,2,MCTS_v0,2,1,1,Random
1196226270,Checkers,0,GAME_OVER,39,38,2,506,2,MCTS_v0,2,1,1,Random
180317213,Checkers,0,GAME_OVER,49,48,2,507,2,MCTS_v0,2,1,1,Random
-1089034847,Checkers,0,GAME_OVER,42,41,2,508,2,MCTS_v0,2,1,1,Random
-661079174,Checkers,0,GAME_OVER,53,52,2,509,2,MCTS_v0,2,1,1,Random
141202736,Checkers,0,GAME_OVER,42,41,2,510,2,MCTS_v0,2,1,1,Random
539395410,Checkers,0,GAME_OVER,41,40,2,511,2,MCTS_v0,2,1,1,Random
-1613865414,Checkers,0,GAME_OVER,52,51,2,512,2,MCTS_v0,2,1,1,Random
1666986907,Checkers,0,GAME_OVER,48,47,2,513,2,MCTS_v0,2,1,1,Random
781509347,Checkers,0,GAME_OVER,35,34,2,514,2,MCTS_v0,2,1,1,Random
-1185713591,Checkers,0,GAME_OVER,37,36,2,515,2,MCTS_v0,2,1,1,Random
-768592755,Checkers,0,GAME_OVER,49,48,2,516,2,MCTS_v0,2,1,1,Random
1848283739,Checkers,0,GAME_OVER,40,39,2,517,2,MCTS_v0,2,1,1,Random
876527158,Checkers,0,GAME_OVER,42,41,2,518,2,MCTS_v0,2,1,1,Random
-1243257703,Checkers,0,GAME_OVER,43,42,2,519,2,MCTS_v0,2,1,1,Random
980760651,Checkers,0,GAME_OVER,40,39,2,520,2,MCTS_v0,2,1,1,Random
249467615,Checkers,0,GAME_OVER,40,39,2,521,2,MCTS_v0,2,1,1,Random
1096153373,Checkers,0,GAME_OVER,42,41,2,522,2,MCTS_v0,2,1,1,Random
1095634930,Checkers,0,GAME_OVER,41,40,2,523,2,MCTS_v0,2,1,1,Random
992054627,Checkers,0,GAME_OVER,39,38,2,524,2,MCTS_v0,2,1,1,Random
943147304,Checkers,0,GAME_OVER,41,40,2,525,2,MCTS_v0,2,1,1,Random
-25807258,Checkers,0,GAME_OVER,53,52,2,526,2,MCTS_v0,2,1,1,Random
-2024265103,Checkers,0,GAME_OVER,43,42,2,527,2,MCTS_v0,2,1,1,Random
-1895528500,Checkers,0,GAME_OVER,41,40,2,528,2,MCTS_v0,2,1,1,Random
897977476,Checkers,0,GAME_OVER,27,26,2,529,2,MCTS_v0,2,1,1,Random
965342494,Checkers,0,GAME_OVER,35,34,2,530,2,MCTS_v0,2,1,1,Random
-1255858635,Checkers,0,GAME_OVER,41,40,2,531,2,MCTS_v0,2,1,1,Random
-1355268224,Checkers,0,GAME_OVER,37,36,2,532,2,MCTS_v0,2,1,1,Random
-1557392058,Checkers,0,GAME_OVER,53,52,2,533,2,MCTS_v0,2,1,1,Random
149319218,Checkers,0,GAME_OVER,47,46,2,534,2,MCTS_v0,2,1,1,Random
-2141470671,Checkers,0,GAME_OVER,42,41,2,535,2,MCTS_v0,2,1,1,Random
-1112022837,Checkers,0,GAME_OVER,49,48,2,536,2,MCTS_v0,2,1,1,Random
1399308729,Checkers,0,GAME_OVER,38,37,2,537,2,MCTS_v0,2,1,1,Random
-879417256,Checkers,0,GAME_OVER,48,47,2,538,2,MCTS_v0,2,1,1,Random
1871388739,Checkers,0,GAME_OVER,45,44,2,539,2,MCTS_v0,2,1,1,Random
1221868741,Checkers,0,GAME_OVER,57,56,2,540,2,MCTS_v0,2,1,1,Random
-226707887,Checkers,0,GAME_OVER,36,35,2,541,2,MCTS_v0,2,1,1,Random
-481794513,Checkers,0,GAME_OVER,42,41,2,542,2,MCTS_v0,2,1,1,Random
1667352198,Checkers,0,GAME_OVER,41,40,2,543,2,MCTS_v0,2,1,1,Random
-1170055652,Checkers,0,GAME_OVER,31,30,2,544,2,MCTS_v0,2,1,1,Random
-2042540765,Checkers,0,GAME_OVER,41,40,2,545,2,MCTS_v0,2,1,1,Random
1822806693,Checkers,0,GAME_OVER,37,36,2,546,2,MCTS_v0,2,1,1,Random
-913640989,Checkers,0,GAME_OVER,42,41,2,547,2,MCTS_v0,2,1,1,Random
-839375338,Checkers,0,GAME_OVER,42,41,2,548,2,MCTS_v0,2,1,1,Random
1993279638,Checkers,0,GAME_OVER,45,44,2,549,2,MCTS_v0,2,1,1,Random
1332023192,Checkers,0,GAME_OVER,34,33,2,550,2,MCTS_v0,2,1,1,Random
-1526158354,Checkers,0,GAME_OVER,54,53,2,551,2,MCTS_v0,2,1,1,Random
768030165,Checkers,0,GAME_OVER,46,45,2,552,2,MCTS_v0,2,1,1,Random
-4522662,Checkers,0,GAME_OVER,43,42,2,553,2,MCTS_v0,2,1,1,Random
1735789247,Checkers,0,GAME_OVER,38,37,2,554,2,MCTS_v0,2,1,1,Random
2113586671,Checkers,0,GAME_OVER,41,40,2,555,2,MCTS_v0,2,1,1,Random
-152655907,Checkers,0,GAME_OVER,53,52,2,556,2,MCTS_v0,2,1,1,Random
1175873433,Checkers,0,GAME_OVER,45,44,2,557,2,MCTS_v0,2,1,1,Random
222117067,Checkers,0,GAME_OVER,42,41,2,558,2,MCTS_v0,2,1,1,Random
-248507587,Checkers,0,GAME_OVER,46,45,2,559,2,MCTS_v0,2,1,1,Random
-224371245,Checkers,0,GAME_OVER,51,50,2,560,2,MCTS_v0,2,1,1,Random
-691609747,Checkers,0,GAME_OVER,43,42,2,561,2,MCTS_v0,2,1,1,Random
322057929,Checkers,0,GAME_OVER,46,45,2,562,2,MCTS_v0,2,1,1,Random
803239122,Checkers,0,GAME_OVER,42,41,2,563,2,MCTS_v0,2,1,1,Random
593421959,Checkers,0,GAME_OVER,40,39,2,564,2,MCTS_v0,2,1,1,Random
-1245126511,Checkers,0,GAME_OVER,30,29,2,565,2,MCTS_v0,2,1,1,Random
1024401865,Checkers,0,GAME_OVER,42,41,2,566,2,MCTS_v0,2,1,1,Random
1321437724,Checkers,0,GAME_OVER,40,39,2,567,2,MCTS_v0,2,1,1,Random
-1348124620,Checkers,0,GAME_OVER,46,45,2,568,2,MCTS_v0,2,1,1,Random
283547994,Checkers,0,GAME_OVER,47,46,2,569,2,MCTS_v0,2,1,1,Random
-158985020,Checkers,0,GAME_OVER,48,47,2,570,2,MCTS_v0,2,1,1,Random
-492758255,Checkers,0,GAME_OVER,38,37,2,571,2,MCTS_v0,2,1,1,Random
1833564934,Checkers,0,GAME_OVER,41,40,2,572,2,MCTS_v0,2,1,1,Random
-224906009,Checkers,0,GAME_OVER,44,43,2,573,2,MCTS_v0,2,1,1,Random
2136695994,Checkers,0,GAME_OVER,42,41,2,574,2,MCTS_v0,2,1,1,Random
-2068476027,Checkers,0,GAME_OVER,33,32,2,575,2,MCTS_v0,2,1,1,Random
1558413275,Checkers,0,GAME_OVER,55,54,2,576,2,MCTS_v0,2,1,1,Random
1264718999,Checkers,0,GAME_OVER,48,47,2,577,2,MCTS_v0,2,1,1,Random
521294619,Checkers,0,GAME_OVER,42,41,2,578,2,MCTS_v0,2,1,1,Random
1947600831,Checkers,0,GAME_OVER,46,45,2,579,2,MCTS_v0,2,1,1,Random
1340833613,Checkers,0,GAME_OVER,39,38,2,580,2,MCTS_v0,2,1,1,Random
1415097531,Checkers,0,GAME_OVER,50,49,2,581,2,MCTS_v0,2,1,1,Random
491503207,Checkers,0,GAME_OVER,44,43,2,582,2,MCTS_v0,2,1,1,Random
2011490889,Checkers,0,GAME_OVER,38,37,2,583,2,MCTS_v0,2,1,1,Random
133942512,Checkers,0,GAME_OVER,35,34,2,584,2,MCTS_v0,2,1,1,Random
-1548158836,Checkers,0,GAME_OVER,38,37,2,585,2,MCTS_v0,2,1,1,Random
-70469352,Checkers,0,GAME_OVER,39,38,2,586,2,MCTS_v0,2,1,1,Random
1373698822,Checkers,0,GAME_OVER,45,44,2,587,2,MCTS_v0,2,1,1,Random
719792855,Checkers,0,GAME_OVER,38,37,2,588,2,MCTS_v0,2,1,1,Random
2013247839,Checkers,0,GAME_OVER,45,44,2,589,2,MCTS_v0,2,1,1,Random
-1373820225,Checkers,0,GAME_OVER,45,44,2,590,2,MCTS_v0,2,1,1,Random
-1226420342,Checkers,0,GAME_OVER,37,36,2,591,2,MCTS_v0,2,1,1,Random
43305309,Checkers,0,GAME_OVER,40,39,2,592,2,MCTS_v0,2,1,1,Random
1574499606,Checkers,0,GAME_OVER,45,44,2,593,2,MCTS_v0,2,1,1,Random
-1760764052,Checkers,0,GAME_OVER,47,46,2,594,2,MCTS_v0,2,1,1,Random
-1264995163,Checkers,0,GAME_OVER,40,39,2,595,2,MCTS_v0,2,1,1,Random
-1062371551,Checkers,0,GAME_OVER,41,40,2,596,2,MCTS_v0,2,1,1,Random
-1125881895,Checkers,0,GAME_OVER,41,40,2,597,2,MCTS_v0,2,1,1,Random
-529553070,Checkers,0,GAME_OVER,42,41,2,598,2,MCTS_v0,2,1,1,Random
1307334977,Checkers,0,GAME_OVER,33,32,2,599,2,MCTS_v0,2,1,1,Random
-1047134894,Checkers,0,GAME_OVER,38,37,2,600,2,MCTS_v0,2,1,1,Random
1306713350,Checkers,0,GAME_OVER,58,57,2,601,2,MCTS_v0,2,1,1,Random
-166180472,Checkers,0,GAME_OVER,55,54,2,602,1,OSLA,1,2,2,MCTS_v0
702970291,Checkers,0,GAME_OVER,76,75,2,603,1,OSLA,1,2,2,MCTS_v0
-2093688957,Checkers,0,GAME_OVER,101,100,2,604,1,OSLA,1,2,2,MCTS_v0
15277285,Checkers,0,GAME_OVER,87,86,2,605,1,OSLA,1,2,2,MCTS_v0
-1236454748,Checkers,0,GAME_OVER,47,46,2,606,2,OSLA,2,1,1,MCTS_v0
249439406,Checkers,0,GAME_OVER,54,53,2,607,1,OSLA,1,2,2,MCTS_v0
302495374,Checkers,0,GAME_OVER,54,53,2,608,1,OSLA,1,2,2,MCTS_v0
-741054849,Checkers,0,GAME_OVER,147,146,2,609,1,OSLA,1,2,2,MCTS_v0
-1426144559,Checkers,0,GAME_OVER,78,77,2,610,1,OSLA,1,2,2,MCTS_v0
118065288,Checkers,0,GAME_OVER,56,55,2,611,1,OSLA,1,2,2,MCTS_v0
1705451795,Checkers,0,GAME_OVER,49,48,2,612,1,OSLA,1,2,2,MCTS_v0
-1138379803,Checkers,0,GAME_OVER,57,56,2,613,1,OSLA,1,2,2,MCTS_v0
-792105690,Checkers,0,GAME_OVER,48,47,2,614,1,OSLA,1,2,2,MCTS_v0
251240563,Checkers,0,GAME_OVER,52,51,2,615,1,OSLA,1,2,2,MCTS_v0
616215289,Checkers,0,GAME_OVER,91,90,2,616,1,OSLA,1,2,2,MCTS_v0
286491649,Checkers,0,GAME_OVER,76,75,2,617,1,OSLA,1,2,2,MCTS_v0
-1837327222,Checkers,0,GAME_OVER,97,96,2,618,1,OSLA,1,2,2,MCTS_v0
1731803123,Checkers,0,GAME_OVER,87,86,2,619,1,OSLA,1,2,2,MCTS_v0
416791102,Checkers,0,GAME_OVER,53,52,2,620,1,OSLA,1,2,2,MCTS_v0
216396693,Checkers,0,GAME_OVER,51,50,2,621,1,OSLA,1,2,2,MCTS_v0
-848119213,Checkers,0,GAME_OVER,56,55,2,622,1,OSLA,1,2,2,MCTS_v0
-621865294,Checkers,0,GAME_OVER,74,73,2,623,1,OSLA,1,2,2,MCTS_v0
878598204,Checkers,0,GAME_OVER,43,42,2,624,1,OSLA,1,2,2,MCTS_v0
-1699676377,Checkers,0,GAME_OVER,51,50,2,625,1,OSLA,1,2,2,MCTS_v0
638614319,Checkers,0,GAME_OVER,60,59,2,626,1,OSLA,1,2,2,MCTS_v0
-1286171248,Checkers,0,GAME_OVER,52,51,2,627,1,OSLA,1,2,2,MCTS_v0
1496380205,Checkers,0,GAME_OVER,63,62,2,628,1,OSLA,1,2,2,MCTS_v0
-535007174,Checkers,0,GAME_OVER,61,60,2,629,1,OSLA,1,2,2,MCTS_v0
351376967,Checkers,0,GAME_OVER,65,64,2,630,1,OSLA,1,2,2,MCTS_v0
-1920732930,Checkers,0,GAME_OVER,58,57,2,631,1,OSLA,1,2,2,MCTS_v0
2092088305,Checkers,0,GAME_OVER,86,85,2,632,1,OSLA,1,2,2,MCTS_v0
-2053051970,Checkers,0,GAME_OVER,70,69,2,633,1,OSLA,1,2,2,MCTS_v0
-1794684255,Checkers,0,GAME_OVER,40,39,2,634,1,OSLA,1,2,2,MCTS_v0
-1721045876,Checkers,0,GAME_OVER,78,77,2,635,1,OSLA,1,2,2,MCTS_v0
-1727902706,Checkers,0,GAME_OVER,47,46,2,636,1,OSLA,1,2,2,MCTS_v0
975488968,Checkers,0,GAME_OVER,54,53,2,637,1,OSLA,1,2,2,MCTS_v0
1884247749,Checkers,0,GAME_OVER,53,52,2,638,1,OSLA,1,2,2,MCTS_v0
695442367,Checkers,0,GAME_OVER,120,119,2,639,1,OSLA,1,1,1,MCTS_v0
1999740919,Checkers,0,GAME_OVER,47,46,2,640,1,OSLA,1,2,2,MCTS_v0
-967129467,Checkers,0,GAME_OVER,51,50,2,641,1,OSLA,1,2,2,MCTS_v0
168838819,Checkers,0,GAME_OVER,42,41,2,642,1,OSLA,1,2,2,MCTS_v0
-2108529625,Checkers,0,GAME_OVER,51,50,2,643,1,OSLA,1,2,2,MCTS_v0
-2104692336,Checkers,0,GAME_OVER,57,56,2,644,1,OSLA,1,2,2,MCTS_v0
-1813011348,Checkers,0,GAME_OVER,61,60,2,645,1,OSLA,1,2,2,MCTS_v0
-1930282061,Checkers,0,GAME_OVER,60,59,2,646,1,OSLA,1,2,2,MCTS_v0
2023066801,Checkers,0,GAME_OVER,57,56,2,647,2,OSLA,2,1,1,MCTS_v0
102119153,Checkers,0,GAME_OVER,56,55,2,648,1,OSLA,1,2,2,MCTS_v0
-1548536910,Checkers,0,GAME_OVER,48,47,2,649,1,OSLA,1,2,2,MCTS_v0
1327076190,Checkers,0,GAME_OVER,55,54,2,650,1,OSLA,1,2,2,MCTS_v0
497806905,Checkers,0,GAME_OVER,67,66,2,651,1,OSLA,1,2,2,MCTS_v0
-76330646,Checkers,0,GAME_OVER,54,53,2,652,1,OSLA,1,2,2,MCTS_v0
264015619,Checkers,0,GAME_OVER,85,84,2,653,1,OSLA,1,2,2,MCTS_v0
1893404572,Checkers,0,GAME_OVER,48,47,2,654,1,OSLA,1,2,2,MCTS_v0
-565339805,Checkers,0,GAME_OVER,70,69,2,655,1,OSLA,1,2,2,MCTS_v0
-1175914298,Checkers,0,GAME_OVER,133,132,2,656,2,OSLA,2,1,1,MCTS_v0
-632265362,Checkers,0,GAME_OVER,49,48,2,657,1,OSLA,1,2,2,MCTS_v0
2046256605,Checkers,0,GAME_OVER,49,48,2,658,1,OSLA,1,2,2,MCTS_v0
1768457643,Checkers,0,GAME_OVER,57,56,2,659,1,OSLA,1,2,2,MCTS_v0
-1394766124,Checkers,0,GAME_OVER,48,47,2,660,1,OSLA,1,2,2,MCTS_v0
-1689546336,Checkers,0,GAME_OVER,68,67,2,661,1,OSLA,1,2,2,MCTS_v0
1875269677,Checkers,0,GAME_OVER,123,122,2,662,1,OSLA,1,1,1,MCTS_v0
1044422073,Checkers,0,GAME_OVER,53,52,2,663,1,OSLA,1,2,2,MCTS_v0
-670988510,Checkers,0,GAME_OVER,43,42,2,664,1,OSLA,1,2,2,MCTS_v0
-1153208236,Checkers,0,GAME_OVER,54,53,2,665,1,OSLA,1,2,2,MCTS_v0
1519893650,Checkers,0,GAME_OVER,175,174,2,666,1,OSLA,1,1,1,MCTS_v0
731102457,Checkers,0,GAME_OVER,47,46,2,667,1,OSLA,1,2,2,MCTS_v0
1810202379,Checkers,0,GAME_OVER,57,56,2,668,1,OSLA,1,2,2,MCTS_v0
682666506,Checkers,0,GAME_OVER,52,51,2,669,1,OSLA,1,2,2,MCTS_v0
-468511048,Checkers,0,GAME_OVER,51,50,2,670,1,OSLA,1,2,2,MCTS_v0
2106028651,Checkers,0,GAME_OVER,49,48,2,671,1,OSLA,1,2,2,MCTS_v0
1689297396,Checkers,0,GAME_OVER,79,78,2,672,1,OSLA,1,2,2,MCTS_v0
-1752144906,Checkers,0,GAME_OVER,57,56,2,673,1,OSLA,1,2,2,MCTS_v0
-104552497,Checkers,0,GAME_OVER,47,46,2,674,1,OSLA,1,2,2,MCTS_v0
1311743159,Checkers,0,GAME_OVER,54,53,2,675,1,OSLA,1,2,2,MCTS_v0
-31779374,Checkers,0,GAME_OVER,45,44,2,676,1,OSLA,1,2,2,MCTS_v0
1647512635,Checkers,0,GAME_OVER,100,99,2,677,1,OSLA,1,1,1,MCTS_v0
-1466885964,Checkers,0,GAME_OVER,52,51,2,678,1,OSLA,1,2,2,MCTS_v0
-237358204,Checkers,0,GAME_OVER,67,66,2,679,1,OSLA,1,2,2,MCTS_v0
1476668398,Checkers,0,GAME_OVER,50,49,2,680,2,OSLA,2,1,1,MCTS_v0
2041525592,Checkers,0,GAME_OVER,55,54,2,681,1,OSLA,1,2,2,MCTS_v0
-1783160242,Checkers,0,GAME_OVER,68,67,2,682,1,OSLA,1,2,2,MCTS_v0
-297938423,Checkers,0,GAME_OVER,56,55,2,683,1,OSLA,1,2,2,MCTS_v0
-1640736276,Checkers,0,GAME_OVER,126,125,2,684,1,OSLA,1,1,1,MCTS_v0
-1595788062,Checkers,0,GAME_OVER,72,71,2,685,1,OSLA,1,2,2,MCTS_v0
312006714,Checkers,0,GAME_OVER,48,47,2,686,1,OSLA,1,2,2,MCTS_v0
1198380771,Checkers,0,GAME_OVER,49,48,2,687,1,OSLA,1,2,2,MCTS_v0
1347895049,Checkers,0,GAME_OVER,60,59,2,688,1,OSLA,1,2,2,MCTS_v0
-2058389133,Checkers,0,GAME_OVER,60,59,2,689,2,OSLA,2,1,1,MCTS_v0
805075370,Checkers,0,GAME_OVER,51,50,2,690,1,OSLA,1,2,2,MCTS_v0
944778537,Checkers,0,GAME_OVER,102,101,2,691,1,OSLA,1,2,2,MCTS_v0
1429879203,Checkers,0,GAME_OVER,49,48,2,692,1,OSLA,1,2,2,MCTS_v0
2026556386,Checkers,0,GAME_OVER,79,78,2,693,1,OSLA,1,2,2,MCTS_v0
-166794102,Checkers,0,GAME_OVER,46,45,2,694,1,OSLA,1,2,2,MCTS_v0
58593981,Checkers,0,GAME_OVER,50,49,2,695,1,OSLA,1,2,2,MCTS_v0
-1977593602,Checkers,0,GAME_OVER,96,95,2,696,1,OSLA,1,1,1,MCTS_v0
1424551860,Checkers,0,GAME_OVER,68,67,2,697,1,OSLA,1,2,2,MCTS_v0
-294631709,Checkers,0,GAME_OVER,133,132,2,698,1,OSLA,1,1,1,MCTS_v0
1580888036,Checkers,0,GAME_OVER,116,115,2,699,1,OSLA,1,2,2,MCTS_v0
-1262192828,Checkers,0,GAME_OVER,48,47,2,700,1,OSLA,1,2,2,MCTS_v0
-520792367,Checkers,0,GAME_OVER,146,145,2,701,1,OSLA,1,1,1,MCTS_v0
255134340,Checkers,0,GAME_OVER,53,52,2,702,1,OSLA,1,2,2,MCTS_v0
-826436583,Checkers,0,GAME_OVER,47,46,2,703,2,OSLA,2,1,1,MCTS_v0
-1599117363,Checkers,0,GAME_OVER,82,81,2,704,1,OSLA,1,2,2,MCTS_v0
1407376506,Checkers,0,GAME_OVER,70,69,2,705,1,OSLA,1,2,2,MCTS_v0
1196226270,Checkers,0,GAME_OVER,81,80,2,706,1,OSLA,1,2,2,MCTS_v0
180317213,Checkers,0,GAME_OVER,119,118,2,707,1,OSLA,1,2,2,MCTS_v0
-1089034847,Checkers,0,GAME_OVER,63,62,2,708,1,OSLA,1,2,2,MCTS_v0
-661079174,Checkers,0,GAME_OVER,58,57,2,709,1,OSLA,1,2,2,MCTS_v0
141202736,Checkers,0,GAME_OVER,65,64,2,710,1,OSLA,1,2,2,MCTS_v0
539395410,Checkers,0,GAME_OVER,53,52,2,711,1,OSLA,1,2,2,MCTS_v0
-1613865414,Checkers,0,GAME_OVER,76,75,2,712,1,OSLA,1,2,2,MCTS_v0
1666986907,Checkers,0,GAME_OVER,92,91,2,713,2,OSLA,2,1,1,MCTS_v0
781509347,Checkers,0,GAME_OVER,59,58,2,714,2,OSLA,2,1,1,MCTS_v0
-1185713591,Checkers,0,GAME_OVER,56,55,2,715,1,OSLA,1,2,2,MCTS_v0
-768592755,Checkers,0,GAME_OVER,50,49,2,716,1,OSLA,1,2,2,MCTS_v0
1848283739,Checkers,0,GAME_OVER,82,81,2,717,1,OSLA,1,2,2,MCTS_v0
876527158,Checkers,0,GAME_OVER,56,55,2,718,1,OSLA,1,2,2,MCTS_v0
-1243257703,Checkers,0,GAME_OVER,61,60,2,719,1,OSLA,1,2,2,MCTS_v0
980760651,Checkers,0,GAME_OVER,142,141,2,720,1,OSLA,1,1,1,MCTS_v0
249467615,Checkers,0,GAME_OVER,108,107,2,721,1,OSLA,1,1,1,MCTS_v0
1096153373,Checkers,0,GAME_OVER,98,97,2,722,1,OSLA,1,2,2,MCTS_v0
1095634930,Checkers,0,GAME_OVER,48,47,2,723,1,OSLA,1,2,2,MCTS_v0
992054627,Checkers,0,GAME_OVER,83,82,2,724,1,OSLA,1,2,2,MCTS_v0
943147304,Checkers,0,GAME_OVER,71,70,2,725,2,OSLA,2,1,1,MCTS_v0
-25807258,Checkers,0,GAME_OVER,125,124,2,726,1,OSLA,1,2,2,MCTS_v0
-2024265103,Checkers,0,GAME_OVER,69,68,2,727,1,OSLA,1,2,2,MCTS_v0
-1895528500,Checkers,0,GAME_OVER,74,73,2,728,1,OSLA,1,2,2,MCTS_v0
897977476,Checkers,0,GAME_OVER,140,139,2,729,1,OSLA,1,1,1,MCTS_v0
965342494,Checkers,0,GAME_OVER,59,58,2,730,1,OSLA,1,2,2,MCTS_v0
-1255858635,Checkers,0,GAME_OVER,89,88,2,731,1,OSLA,1,2,2,MCTS_v0
-1355268224,Checkers,0,GAME_OVER,55,54,2,732,1,OSLA,1,2,2,MCTS_v0
-1557392058,Checkers,0,GAME_OVER,56,55,2,733,1,OSLA,1,2,2,MCTS_v0
149319218,Checkers,0,GAME_OVER,62,61,2,734,1,OSLA,1,2,2,MCTS_v0
-2141470671,Checkers,0,GAME_OVER,73,72,2,735,1,OSLA,1,2,2,MCTS_v0
-1112022837,Checkers,0,GAME_OVER,54,53,2,736,1,OSLA,1,2,2,MCTS_v0
1399308729,Checkers,0,GAME_OVER,53,52,2,737,1,OSLA,1,2,2,MCTS_v0
-879417256,Checkers,0,GAME_OVER,68,67,2,738,1,OSLA,1,2,2,MCTS_v0
1871388739,Checkers,0,GAME_OVER,56,55,2,739,2,OSLA,2,1,1,MCTS_v0
1221868741,Checkers,0,GAME_OVER,55,54,2,740,1,OSLA,1,2,2,MCTS_v0
-226707887,Checkers,0,GAME_OVER,48,47,2,741,1,OSLA,1,2,2,MCTS_v0
-481794513,Checkers,0,GAME_OVER,59,58,2,742,2,OSLA,2,1,1,MCTS_v0
1667352198,Checkers,0,GAME_OVER,75,74,2,743,1,OSLA,1,2,2,MCTS_v0
-1170055652,Checkers,0,GAME_OVER,48,47,2,744,1,OSLA,1,2,2,MCTS_v0
-2042540765,Checkers,0,GAME_OVER,61,60,2,745,1,OSLA,1,2,2,MCTS_v0
1822806693,Checkers,0,GAME_OVER,48,47,2,746,1,OSLA,1,2,2,MCTS_v0
-913640989,Checkers,0,GAME_OVER,58,57,2,747,1,OSLA,1,2,2,MCTS_v0
-839375338,Checkers,0,GAME_OVER,53,52,2,748,1,OSLA,1,2,2,MCTS_v0
1993279638,Checkers,0,GAME_OVER,69,68,2,749,2,OSLA,2,1,1,MCTS_v0
1332023192,Checkers,0,GAME_OVER,63,62,2,750,1,OSLA,1,2,2,MCTS_v0
-1526158354,Checkers,0,GAME_OVER,39,38,2,751,1,OSLA,1,2,2,MCTS_v0
768030165,Checkers,0,GAME_OVER,52,51,2,752,1,OSLA,1,2,2,MCTS_v0
-4522662,Checkers,0,GAME_OVER,59,58,2,753,1,OSLA,1,2,2,MCTS_v0
1735789247,Checkers,0,GAME_OVER,59,58,2,754,1,OSLA,1,2,2,MCTS_v0
2113586671,Checkers,0,GAME_OVER,91,90,2,755,1,OSLA,1,1,1,MCTS_v0
-152655907,Checkers,0,GAME_OVER,46,45,2,756,1,OSLA,1,2,2,MCTS_v0
1175873433,Checkers,0,GAME_OVER,64,63,2,757,1,OSLA,1,2,2,MCTS_v0
222117067,Checkers,0,GAME_OVER,46,45,2,758,1,OSLA,1,2,2,MCTS_v0
-248507587,Checkers,0,GAME_OVER,70,69,2,759,1,OSLA,1,2,2,MCTS_v0
-224371245,Checkers,0,GAME_OVER,48,47,2,760,1,OSLA,1,2,2,MCTS_v0
-691609747,Checkers,0,GAME_OVER,50,49,2,761,1,OSLA,1,2,2,MCTS_v0
322057929,Checkers,0,GAME_OVER,48,47,2,762,1,OSLA,1,2,2,MCTS_v0
803239122,Checkers,0,GAME_OVER,46,45,2,763,1,OSLA,1,2,2,MCTS_v0
593421959,Checkers,0,GAME_OVER,45,44,2,764,1,OSLA,1,2,2,MCTS_v0
-1245126511,Checkers,0,GAME_OVER,54,53,2,765,1,OSLA,1,2,2,MCTS_v0
1024401865,Checkers,0,GAME_OVER,47,46,2,766,1,OSLA,1,2,2,MCTS_v0
1321437724,Checkers,0,GAME_OVER,53,52,2,767,1,OSLA,1,2,2,MCTS_v0
-1348124620,Checkers,0,GAME_OVER,112,111,2,768,1,OSLA,1,1,1,MCTS_v0
283547994,Checkers,0,GAME_OVER,49,48,2,769,1,OSLA,1,2,2,MCTS_v0
-158985020,Checkers,0,GAME_OVER,89,88,2,770,1,OSLA,1,2,2,MCTS_v0
-492758255,Checkers,0,GAME_OVER,53,52,2,771,1,OSLA,1,2,2,MCTS_v0
1833564934,Checkers,0,GAME_OVER,91,90,2,772,1,OSLA,1,2,2,MCTS_v0
-224906009,Checkers,0,GAME_OVER,148,147,2,773,1,OSLA,1,1,1,MCTS_v0
2136695994,Checkers,0,GAME_OVER,59,58,2,774,1,OSLA,1,2,2,MCTS_v0
-2068476027,Checkers,0,GAME_OVER,50,49,2,775,1,OSLA,1,2,2,MCTS_v0
1558413275,Checkers,0,GAME_OVER,76,75,2,776,1,OSLA,1,2,2,MCTS_v0
1264718999,Checkers,0,GAME_OVER,52,51,2,777,1,OSLA,1,2,2,MCTS_v0
521294619,Checkers,0,GAME_OVER,72,71,2,778,1,OSLA,1,2,2,MCTS_v0
1947600831,Checkers,0,GAME_OVER,50,49,2,779,1,OSLA,1,2,2,MCTS_v0
1340833613,Checkers,0,GAME_OVER,61,60,2,780,1,OSLA,1,2,2,MCTS_v0
1415097531,Checkers,0,GAME_OVER,59,58,2,781,1,OSLA,1,2,2,MCTS_v0
491503207,Checkers,0,GAME_OVER,89,88,2,782,1,OSLA,1,2,2,MCTS_v0
2011490889,Checkers,0,GAME_OVER,111,110,2,783,1,OSLA,1,1,1,MCTS_v0
133942512,Checkers,0,GAME_OVER,51,50,2,784,2,OSLA,2,1,1,MCTS_v0
-1548158836,Checkers,0,GAME_OVER,52,51,2,785,2,OSLA,2,1,1,MCTS_v0
-70469352,Checkers,0,GAME_OVER,102,101,2,786,1,OSLA,1,2,2,MCTS_v0
1373698822,Checkers,0,GAME_OVER,47,46,2,787,1,OSLA,1,2,2,MCTS_v0
719792855,Checkers,0,GAME_OVER,49,48,2,788,1,OSLA,1,2,2,MCTS_v0
2013247839,Checkers,0,GAME_OVER,61,60,2,789,1,OSLA,1,2,2,MCTS_v0
-1373820225,Checkers,0,GAME_OVER,54,53,2,790,1,OSLA,1,2,2,MCTS_v0
-1226420342,Checkers,0,GAME_OVER,49,48,2,791,1,OSLA,1,2,2,MCTS_v0
43305309,Checkers,0,GAME_OVER,165,164,2,792,1,OSLA,1,1,1,MCTS_v0
1574499606,Checkers,0,GAME_OVER,49,48,2,793,1,OSLA,1,2,2,MCTS_v0
-1760764052,Checkers,0,GAME_OVER,75,74,2,794,1,OSLA,1,2,2,MCTS_v0
-1264995163,Checkers,0,GAME_OVER,61,60,2,795,1,OSLA,1,2,2,MCTS_v0
-1062371551,Checkers,0,GAME_OVER,69,68,2,796,1,OSLA,1,2,2,MCTS_v0
-1125881895,Checkers,0,GAME_OVER,62,61,2,797,1,OSLA,1,2,2,MCTS_v0
-529553070,Checkers,0,GAME_OVER,43,42,2,798,1,OSLA,1,2,2,MCTS_v0
1307334977,Checkers,0,GAME_OVER,65,64,2,799,1,OSLA,1,2,2,MCTS_v0
-1047134894,Checkers,0,GAME_OVER,62,61,2,800,2,OSLA,2,1,1,MCTS_v0
1306713350,Checkers,0,GAME_OVER,55,54,2,801,1,OSLA,1,2,2,MCTS_v0
-166180472,Checkers,0,GAME_OVER,75,74,2,802,2,OSLA,2,1,1,OSLA
702970291,Checkers,0,GAME_OVER,78,77,2,803,2,OSLA,2,1,1,OSLA
-2093688957,Checkers,0,GAME_OVER,36,35,2,804,2,OSLA,2,1,1,OSLA
15277285,Checkers,0,GAME_OVER,39,38,2,805,2,OSLA,2,1,1,OSLA
-1236454748,Checkers,0,GAME_OVER,39,38,2,806,1,OSLA,1,2,2,OSLA
249439406,Checkers,0,GAME_OVER,41,40,2,807,1,OSLA,1,2,2,OSLA
302495374,Checkers,0,GAME_OVER,41,40,2,808,1,OSLA,1,2,2,OSLA
-741054849,Checkers,0,GAME_OVER,51,50,2,809,1,OSLA,1,2,2,OSLA
-1426144559,Checkers,0,GAME_OVER,50,49,2,810,2,OSLA,2,1,1,OSLA
118065288,Checkers,0,GAME_OVER,45,44,2,811,2,OSLA,2,1,1,OSLA
1705451795,Checkers,0,GAME_OVER,62,61,2,812,1,OSLA,1,2,2,OSLA
-1138379803,Checkers,0,GAME_OVER,70,69,2,813,2,OSLA,2,1,1,OSLA
-792105690,Checkers,0,GAME_OVER,42,41,2,814,1,OSLA,1,2,2,OSLA
251240563,Checkers,0,GAME_OVER,223,222,2,815,1,OSLA,1,1,1,OSLA
616215289,Checkers,0,GAME_OVER,46,45,2,816,2,OSLA,2,1,1,OSLA
286491649,Checkers,0,GAME_OVER,127,126,2,817,2,OSLA,2,1,1,OSLA
-1837327222,Checkers,0,GAME_OVER,41,40,2,818,2,OSLA,2,1,1,OSLA
1731803123,Checkers,0,GAME_OVER,44,43,2,819,1,OSLA,1,2,2,OSLA
416791102,Checkers,0,GAME_OVER,39,38,2,820,2,OSLA,2,1,1,OSLA
216396693,Checkers,0,GAME_OVER,81,80,2,821,1,OSLA,1,1,1,OSLA
-848119213,Checkers,0,GAME_OVER,50,49,2,822,1,OSLA,1,2,2,OSLA
-621865294,Checkers,0,GAME_OVER,98,97,2,823,1,OSLA,1,1,1,OSLA
878598204,Checkers,0,GAME_OVER,100,99,2,824,1,OSLA,1,1,1,OSLA
-1699676377,Checkers,0,GAME_OVER,73,72,2,825,1,OSLA,1,2,2,OSLA
638614319,Checkers,0,GAME_OVER,52,51,2,826,2,OSLA,2,1,1,OSLA
-1286171248,Checkers,0,GAME_OVER,44,43,2,827,1,OSLA,1,2,2,OSLA
1496380205,Checkers,0,GAME_OVER,85,84,2,828,2,OSLA,2,1,1,OSLA
-535007174,Checkers,0,GAME_OVER,74,73,2,829,1,OSLA,1,2,2,OSLA
351376967,Checkers,0,GAME_OVER,45,44,2,830,1,OSLA,1,2,2,OSLA
-1920732930,Checkers,0,GAME_OVER,52,51,2,831,1,OSLA,1,2,2,OSLA
2092088305,Checkers,0,GAME_OVER,91,90,2,832,1,OSLA,1,1,1,OSLA
-2053051970,Checkers,0,GAME_OVER,43,42,2,833,1,OSLA,1,2,2,OSLA
-1794684255,Checkers,0,GAME_OVER,89,88,2,834,1,OSLA,1,1,1,OSLA
-1721045876,Checkers,0,GAME_OVER,105,104,2,835,1,OSLA,1,2,2,OSLA
-1727902706,Checkers,0,GAME_OVER,70,69,2,836,1,OSLA,1,2,2,OSLA
975488968,Checkers,0,GAME_OVER,46,45,2,837,1,OSLA,1,2,2,OSLA
1884247749,Checkers,0,GAME_OVER,111,110,2,838,1,OSLA,1,1,1,OSLA
695442367,Checkers,0,GAME_OVER,70,69,2,839,2,OSLA,2,1,1,OSLA
1999740919,Checkers,0,GAME_OVER,60,59,2,840,1,OSLA,1,2,2,OSLA
-967129467,Checkers,0,GAME_OVER,81,80,2,841,2,OSLA,2,1,1,OSLA
168838819,Checkers,0,GAME_OVER,131,130,2,842,1,OSLA,1,1,1,OSLA
-2108529625,Checkers,0,GAME_OVER,62,61,2,843,1,OSLA,1,2,2,OSLA
-2104692336,Checkers,0,GAME_OVER,41,40,2,844,1,OSLA,1,2,2,OSLA
-1813011348,Checkers,0,GAME_OVER,42,41,2,845,2,OSLA,2,1,1,OSLA
-1930282061,Checkers,0,GAME_OVER,43,42,2,846,2,OSLA,2,1,1,OSLA
2023066801,Checkers,0,GAME_OVER,148,147,2,847,1,OSLA,1,1,1,OSLA
102119153,Checkers,0,GAME_OVER,52,51,2,848,2,OSLA,2,1,1,OSLA
-1548536910,Checkers,0,GAME_OVER,76,75,2,849,2,OSLA,2,1,1,OSLA
1327076190,Checkers,0,GAME_OVER,43,42,2,850,1,OSLA,1,2,2,OSLA
497806905,Checkers,0,GAME_OVER,42,41,2,851,2,OSLA,2,1,1,OSLA
-76330646,Checkers,0,GAME_OVER,46,45,2,852,2,OSLA,2,1,1,OSLA
264015619,Checkers,0,GAME_OVER,44,43,2,853,1,OSLA,1,2,2,OSLA
1893404572,Checkers,0,GAME_OVER,39,38,2,854,2,OSLA,2,1,1,OSLA
-565339805,Checkers,0,GAME_OVER,53,52,2,855,2,OSLA,2,1,1,OSLA
-1175914298,Checkers,0,GAME_OVER,71,70,2,856,1,OSLA,1,2,2,OSLA
-632265362,Checkers,0,GAME_OVER,47,46,2,857,1,OSLA,1,2,2,OSLA
2046256605,Checkers,0,GAME_OVER,51,50,2,858,1,OSLA,1,2,2,OSLA
1768457643,Checkers,0,GAME_OVER,39,38,2,859,2,OSLA,2,1,1,OSLA
-1394766124,Checkers,0,GAME_OVER,27,26,2,860,1,OSLA,1,2,2,OSLA
-1689546336,Checkers,0,GAME_OVER,44,43,2,861,1,OSLA,1,2,2,OSLA
1875269677,Checkers,0,GAME_OVER,99,98,2,862,2,OSLA,2,1,1,OSLA
1044422073,Checkers,0,GAME_OVER,50,49,2,863,1,OSLA,1,2,2,OSLA
-670988510,Checkers,0,GAME_OVER,96,95,2,864,2,OSLA,2,1,1,OSLA
-1153208236,Checkers,0,GAME_OVER,65,64,2,865,1,OSLA,1,2,2,OSLA
1519893650,Checkers,0,GAME_OVER,49,48,2,866,1,OSLA,1,2,2,OSLA
731102457,Checkers,0,GAME_OVER,55,54,2,867,1,OSLA,1,2,2,OSLA
1810202379,Checkers,0,GAME_OVER,54,53,2,868,1,OSLA,1,2,2,OSLA
682666506,Checkers,0,GAME_OVER,38,37,2,869,2,OSLA,2,1,1,OSLA
-468511048,Checkers,0,GAME_OVER,45,44,2,870,2,OSLA,2,1,1,OSLA
2106028651,Checkers,0,GAME_OVER,48,47,2,871,1,OSLA,1,2,2,OSLA
1689297396,Checkers,0,GAME_OVER,44,43,2,872,1,OSLA,1,2,2,OSLA
-1752144906,Checkers,0,GAME_OVER,52,51,2,873,2,OSLA,2,1,1,OSLA
-104552497,Checkers,0,GAME_OVER,43,42,2,874,2,OSLA,2,1,1,OSLA
1311743159,Checkers,0,GAME_OVER,40,39,2,875,1,OSLA,1,2,2,OSLA
-31779374,Checkers,0,GAME_OVER,43,42,2,876,1,OSLA,1,2,2,OSLA
1647512635,Checkers,0,GAME_OVER,50,49,2,877,2,OSLA,2,1,1,OSLA
-1466885964,Checkers,0,GAME_OVER,62,61,2,878,1,OSLA,1,1,1,OSLA
-237358204,Checkers,0,GAME_OVER,50,49,2,879,2,OSLA,2,1,1,OSLA
1476668398,Checkers,0,GAME_OVER,50,49,2,880,1,OSLA,1,2,2,OSLA
2041525592,Checkers,0,GAME_OVER,73,72,2,881,2,OSLA,2,1,1,OSLA
-1783160242,Checkers,0,GAME_OVER,48,47,2,882,2,OSLA,2,1,1,OSLA
-297938423,Checkers,0,GAME_OVER,27,26,2,883,1,OSLA,1,2,2,OSLA
-1640736276,Checkers,0,GAME_OVER,50,49,2,884,2,OSLA,2,1,1,OSLA
-1595788062,Checkers,0,GAME_OVER,47,46,2,885,2,OSLA,2,1,1,OSLA
312006714,Checkers,0,GAME_OVER,61,60,2,886,2,OSLA,2,1,1,OSLA
1198380771,Checkers,0,GAME_OVER,107,106,2,887,1,OSLA,1,1,1,OSLA
1347895049,Checkers,0,GAME_OVER,75,74,2,888,1,OSLA,1,2,2,OSLA
-2058389133,Checkers,0,GAME_OVER,53,52,2,889,1,OSLA,1,2,2,OSLA
805075370,Checkers,0,GAME_OVER,56,55,2,890,1,OSLA,1,2,2,OSLA
944778537,Checkers,0,GAME_OVER,97,96,2,891,2,OSLA,2,1,1,OSLA
1429879203,Checkers,0,GAME_OVER,46,45,2,892,2,OSLA,2,1,1,OSLA
2026556386,Checkers,0,GAME_OVER,81,80,2,893,2,OSLA,2,1,1,OSLA
-166794102,Checkers,0,GAME_OVER,76,75,2,894,1,OSLA,1,1,1,OSLA
58593981,Checkers,0,GAME_OVER,44,43,2,895,2,OSLA,2,1,1,OSLA
-1977593602,Checkers,0,GAME_OVER,41,40,2,896,1,OSLA,1,2,2,OSLA
1424551860,Checkers,0,GAME_OVER,137,136,2,897,1,OSLA,1,1,1,OSLA
-294631709,Checkers,0,GAME_OVER,60,59,2,898,2,OSLA,2,1,1,OSLA
1580888036,Checkers,0,GAME_OVER,41,40,2,899,1,OSLA,1,2,2,OSLA
-1262192828,Checkers,0,GAME_OVER,86,85,2,900,1,OSLA,1,2,2,OSLA
-520792367,Checkers,0,GAME_OVER,86,85,2,901,1,OSLA,1,1,1,OSLA
255134340,Checkers,0,GAME_OVER,35,34,2,902,2,OSLA,2,1,1,OSLA
-826436583,Checkers,0,GAME_OVER,39,38,2,903,1,OSLA,1,2,2,OSLA
-1599117363,Checkers,0,GAME_OVER,79,78,2,904,1,OSLA,1,2,2,OSLA
1407376506,Checkers,0,GAME_OVER,27,26,2,905,1,OSLA,1,2,2,OSLA
1196226270,Checkers,0,GAME_OVER,46,45,2,906,2,OSLA,2,1,1,OSLA
180317213,Checkers,0,GAME_OVER,113,112,2,907,1,OSLA,1,1,1,OSLA
-1089034847,Checkers,0,GAME_OVER,45,44,2,908,1,OSLA,1,2,2,OSLA
-661079174,Checkers,0,GAME_OVER,40,39,2,909,1,OSLA,1,2,2,OSLA
141202736,Checkers,0,GAME_OVER,41,40,2,910,1,OSLA,1,2,2,OSLA
539395410,Checkers,0,GAME_OVER,39,38,2,911,1,OSLA,1,2,2,OSLA
-1613865414,Checkers,0,GAME_OVER,106,105,2,912,1,OSLA,1,2,2,OSLA
1666986907,Checkers,0,GAME_OVER,50,49,2,913,1,OSLA,1,2,2,OSLA
781509347,Checkers,0,GAME_OVER,53,52,2,914,2,OSLA,2,1,1,OSLA
-1185713591,Checkers,0,GAME_OVER,78,77,2,915,1,OSLA,1,2,2,OSLA
-768592755,Checkers,0,GAME_OVER,48,47,2,916,1,OSLA,1,2,2,OSLA
1848283739,Checkers,0,GAME_OVER,52,51,2,917,1,OSLA,1,2,2,OSLA
876527158,Checkers,0,GAME_OVER,137,136,2,918,1,OSLA,1,1,1,OSLA
-1243257703,Checkers,0,GAME_OVER,49,48,2,919,2,OSLA,2,1,1,OSLA
980760651,Checkers,0,GAME_OVER,77,76,2,920,2,OSLA,2,1,1,OSLA
249467615,Checkers,0,GAME_OVER,106,105,2,921,1,OSLA,1,1,1,OSLA
1096153373,Checkers,0,GAME_OVER,47,46,2,922,2,OSLA,2,1,1,OSLA
1095634930,Checkers,0,GAME_OVER,63,62,2,923,2,OSLA,2,1,1,OSLA
992054627,Checkers,0,GAME_OVER,32,31,2,924,2,OSLA,2,1,1,OSLA
943147304,Checkers,0,GAME_OVER,51,50,2,925,2,OSLA,2,1,1,OSLA
-25807258,Checkers,0,GAME_OVER,59,58,2,926,2,OSLA,2,1,1,OSLA
-2024265103,Checkers,0,GAME_OVER,85,84,2,927,1,OSLA,1,1,1,OSLA
-1895528500,Checkers,0,GAME_OVER,97,96,2,928,1,OSLA,1,2,2,OSLA
897977476,Checkers,0,GAME_OVER,56,55,2,929,1,OSLA,1,2,2,OSLA
965342494,Checkers,0,GAME_OVER,70,69,2,930,1,OSLA,1,2,2,OSLA
-1255858635,Checkers,0,GAME_OVER,45,44,2,931,1,OSLA,1,2,2,OSLA
-1355268224,Checkers,0,GAME_OVER,50,49,2,932,1,OSLA,1,2,2,OSLA
-1557392058,Checkers,0,GAME_OVER,66,65,2,933,1,OSLA,1,1,1,OSLA
149319218,Checkers,0,GAME_OVER,50,49,2,934,2,OSLA,2,1,1,OSLA
-2141470671,Checkers,0,GAME_OVER,101,100,2,935,2,OSLA,2,1,1,OSLA
-1112022837,Checkers,0,GAME_OVER,50,49,2,936,2,OSLA,2,1,1,OSLA
1399308729,Checkers,0,GAME_OVER,57,56,2,937,2,OSLA,2,1,1,OSLA
-879417256,Checkers,0,GAME_OVER,45,44,2,938,2,OSLA,2,1,1,OSLA
1871388739,Checkers,0,GAME_OVER,46,45,2,939,1,OSLA,1,2,2,OSLA
1221868741,Checkers,0,GAME_OVER,144,143,2,940,1,OSLA,1,1,1,OSLA
-226707887,Checkers,0,GAME_OVER,47,46,2,941,1,OSLA,1,2,2,OSLA
-481794513,Checkers,0,GAME_OVER,56,55,2,942,2,OSLA,2,1,1,OSLA
1667352198,Checkers,0,GAME_OVER,37,36,2,943,2,OSLA,2,1,1,OSLA
-1170055652,Checkers,0,GAME_OVER,46,45,2,944,2,OSLA,2,1,1,OSLA
-2042540765,Checkers,0,GAME_OVER,64,63,2,945,2,OSLA,2,1,1,OSLA
1822806693,Checkers,0,GAME_OVER,53,52,2,946,1,OSLA,1,2,2,OSLA
-913640989,Checkers,0,GAME_OVER,43,42,2,947,2,OSLA,2,1,1,OSLA
-839375338,Checkers,0,GAME_OVER,48,47,2,948,2,OSLA,2,1,1,OSLA
1993279638,Checkers,0,GAME_OVER,50,49,2,949,1,OSLA,1,2,2,OSLA
1332023192,Checkers,0,GAME_OVER,51,50,2,950,2,OSLA,2,1,1,OSLA
-1526158354,Checkers,0,GAME_OVER,47,46,2,951,1,OSLA,1,2,2,OSLA
768030165,Checkers,0,GAME_OVER,50,49,2,952,2,OSLA,2,1,1,OSLA
-4522662,Checkers,0,GAME_OVER,54,53,2,953,2,OSLA,2,1,1,OSLA
1735789247,Checkers,0,GAME_OVER,44,43,2,954,1,OSLA,1,2,2,OSLA
2113586671,Checkers,0,GAME_OVER,48,47,2,955,1,OSLA,1,2,2,OSLA
-152655907,Checkers,0,GAME_OVER,74,73,2,956,1,OSLA,1,2,2,OSLA
1175873433,Checkers,0,GAME_OVER,40,39,2,957,1,OSLA,1,2,2,OSLA
222117067,Checkers,0,GAME_OVER,87,86,2,958,1,OSLA,1,1,1,OSLA
-248507587,Checkers,0,GAME_OVER,61,60,2,959,2,OSLA,2,1,1,OSLA
-224371245,Checkers,0,GAME_OVER,99,98,2,960,1,OSLA,1,2,2,OSLA
-691609747,Checkers,0,GAME_OVER,83,82,2,961,1,OSLA,1,1,1,OSLA
322057929,Checkers,0,GAME_OVER,39,38,2,962,2,OSLA,2,1,1,OSLA
803239122,Checkers,0,GAME_OVER,64,63,2,963,2,OSLA,2,1,1,OSLA
593421959,Checkers,0,GAME_OVER,52,51,2,964,1,OSLA,1,2,2,OSLA
-1245126511,Checkers,0,GAME_OVER,50,49,2,965,2,OSLA,2,1,1,OSLA
1024401865,Checkers,0,GAME_OVER,86,85,2,966,2,OSLA,2,1,1,OSLA
1321437724,Checkers,0,GAME_OVER,132,131,2,967,1,OSLA,1,1,1,OSLA
-1348124620,Checkers,0,GAME_OVER,31,30,2,968,2,OSLA,2,1,1,OSLA
283547994,Checkers,0,GAME_OVER,47,46,2,969,2,OSLA,2,1,1,OSLA
-158985020,Checkers,0,GAME_OVER,44,43,2,970,1,OSLA,1,2,2,OSLA
-492758255,Checkers,0,GAME_OVER,38,37,2,971,2,OSLA,2,1,1,OSLA
1833564934,Checkers,0,GAME_OVER,86,85,2,972,1,OSLA,1,1,1,OSLA
-224906009,Checkers,0,GAME_OVER,27,26,2,973,1,OSLA,1,2,2,OSLA
2136695994,Checkers,0,GAME_OVER,75,74,2,974,1,OSLA,1,2,2,OSLA
-2068476027,Checkers,0,GAME_OVER,53,52,2,975,2,OSLA,2,1,1,OSLA
1558413275,Checkers,0,GAME_OVER,50,49,2,976,2,OSLA,2,1,1,OSLA
1264718999,Checkers,0,GAME_OVER,44,43,2,977,2,OSLA,2,1,1,OSLA
521294619,Checkers,0,GAME_OVER,53,52,2,978,2,OSLA,2,1,1,OSLA
1947600831,Checkers,0,GAME_OVER,139,138,2,979,1,OSLA,1,1,1,OSLA
1340833613,Checkers,0,GAME_OVER,54,53,2,980,1,OSLA,1,2,2,OSLA
1415097531,Checkers,0,GAME_OVER,45,44,2,981,2,OSLA,2,1,1,OSLA
491503207,Checkers,0,GAME_OVER,87,86,2,982,1,OSLA,1,2,2,OSLA
2011490889,Checkers,0,GAME_OVER,37,36,2,983,1,OSLA,1,2,2,OSLA
133942512,Checkers,0,GAME_OVER,71,70,2,984,1,OSLA,1,1,1,OSLA
-1548158836,Checkers,0,GAME_OVER,48,47,2,985,1,OSLA,1,2,2,OSLA
-70469352,Checkers,0,GAME_OVER,45,44,2,986,2,OSLA,2,1,1,OSLA
1373698822,Checkers,0,GAME_OVER,135,134,2,987,1,OSLA,1,1,1,OSLA
719792855,Checkers,0,GAME_OVER,121,120,2,988,1,OSLA,1,1,1,OSLA
2013247839,Checkers,0,GAME_OVER,76,75,2,989,1,OSLA,1,2,2,OSLA
-1373820225,Checkers,0,GAME_OVER,51,50,2,990,2,OSLA,2,1,1,OSLA
-1226420342,Checkers,0,GAME_OVER,84,83,2,991,1,OSLA,1,1,1,OSLA
43305309,Checkers,0,GAME_OVER,43,42,2,992,1,OSLA,1,2,2,OSLA
1574499606,Checkers,0,GAME_OVER,50,49,2,993,1,OSLA,1,2,2,OSLA
-1760764052,Checkers,0,GAME_OVER,65,64,2,994,1,OSLA,1,2,2,OSLA
-1264995163,Checkers,0,GAME_OVER,56,55,2,995,2,OSLA,2,1,1,OSLA
-1062371551,Checkers,0,GAME_OVER,45,44,2,996,2,OSLA,2,1,1,OSLA
-1125881895,Checkers,0,GAME_OVER,49,48,2,997,1,OSLA,1,2,2,OSLA
-529553070,Checkers,0,GAME_OVER,42,41,2,998,2,OSLA,2,1,1,OSLA
1307334977,Checkers,0,GAME_OVER,55,54,2,999,2,OSLA,2,1,1,OSLA
-1047134894,Checkers,0,GAME_OVER,60,59,2,1000,1,OSLA,1,2,2,OSLA
1306713350,Checkers,0,GAME_OVER,114,113,2,1001,1,OSLA,1,2,2,OSLA
-166180472,Checkers,0,GAME_OVER,49,48,2,1002,2,OSLA,2,1,1,Random
702970291,Checkers,0,GAME_OVER,39,38,2,1003,2,OSLA,2,1,1,Random
-2093688957,Checkers,0,GAME_OVER,50,49,2,1004,2,OSLA,2,1,1,Random
15277285,Checkers,0,GAME_OVER,44,43,2,1005,2,OSLA,2,1,1,Random
-1236454748,Checkers,0,GAME_OVER,45,44,2,1006,2,OSLA,2,1,1,Random
249439406,Checkers,0,GAME_OVER,40,39,2,1007,2,OSLA,2,1,1,Random
302495374,Checkers,0,GAME_OVER,37,36,2,1008,2,OSLA,2,1,1,Random
-741054849,Checkers,0,GAME_OVER,41,40,2,1009,2,OSLA,2,1,1,Random
-1426144559,Checkers,0,GAME_OVER,44,43,2,1010,2,OSLA,2,1,1,Random
118065288,Checkers,0,GAME_OVER,46,45,2,1011,2,OSLA,2,1,1,Random
1705451795,Checkers,0,GAME_OVER,38,37,2,1012,2,OSLA,2,1,1,Random
-1138379803,Checkers,0,GAME_OVER,38,37,2,1013,2,OSLA,2,1,1,Random
-792105690,Checkers,0,GAME_OVER,39,38,2,1014,2,OSLA,2,1,1,Random
251240563,Checkers,0,GAME_OVER,46,45,2,1015,2,OSLA,2,1,1,Random
616215289,Checkers,0,GAME_OVER,52,51,2,1016,2,OSLA,2,1,1,Random
286491649,Checkers,0,GAME_OVER,39,38,2,1017,2,OSLA,2,1,1,Random
-1837327222,Checkers,0,GAME_OVER,43,42,2,1018,2,OSLA,2,1,1,Random
1731803123,Checkers,0,GAME_OVER,35,34,2,1019,2,OSLA,2,1,1,Random
416791102,Checkers,0,GAME_OVER,39,38,2,1020,2,OSLA,2,1,1,Random
216396693,Checkers,0,GAME_OVER,43,42,2,1021,2,OSLA,2,1,1,Random
-848119213,Checkers,0,GAME_OVER,39,38,2,1022,2,OSLA,2,1,1,Random
-621865294,Checkers,0,GAME_OVER,44,43,2,1023,2,OSLA,2,1,1,Random
878598204,Checkers,0,GAME_OVER,41,40,2,1024,2,OSLA,2,1,1,Random
-1699676377,Checkers,0,GAME_OVER,39,38,2,1025,2,OSLA,2,1,1,Random
638614319,Checkers,0,GAME_OVER,50,49,2,1026,2,OSLA,2,1,1,Random
-1286171248,Checkers,0,GAME_OVER,45,44,2,1027,2,OSLA,2,1,1,Random
1496380205,Checkers,0,GAME_OVER,35,34,2,1028,2,OSLA,2,1,1,Random
-535007174,Checkers,0,GAME_OVER,43,42,2,1029,2,OSLA,2,1,1,Random
351376967,Checkers,0,GAME_OVER,43,42,2,1030,2,OSLA,2,1,1,Random
-1920732930,Checkers,0,GAME_OVER,45,44,2,1031,2,OSLA,2,1,1,Random
2092088305,Checkers,0,GAME_OVER,39,38,2,1032,2,OSLA,2,1,1,Random
-2053051970,Checkers,0,GAME_OVER,39,38,2,1033,2,OSLA,2,1,1,Random
-1794684255,Checkers,0,GAME_OVER,45,44,2,1034,2,OSLA,2,1,1,Random
-1721045876,Checkers,0,GAME_OVER,40,39,2,1035,2,OSLA,2,1,1,Random
-1727902706,Checkers,0,GAME_OVER,42,41,2,1036,2,OSLA,2,1,1,Random
975488968,Checkers,0,GAME_OVER,53,52,2,1037,2,OSLA,2,1,1,Random
1884247749,Checkers,0,GAME_OVER,35,34,2,1038,2,OSLA,2,1,1,Random
695442367,Checkers,0,GAME_OVER,43,42,2,1039,2,OSLA,2,1,1,Random
1999740919,Checkers,0,GAME_OVER,34,33,2,1040,2,OSLA,2,1,1,Random
-967129467,Checkers,0,GAME_OVER,38,37,2,1041,2,OSLA,2,1,1,Random
168838819,Checkers,0,GAME_OVER,41,40,2,1042,2,OSLA,2,1,1,Random
-2108529625,Checkers,0,GAME_OVER,34,33,2,1043,2,OSLA,2,1,1,Random
-2104692336,Checkers,0,GAME_OVER,35,34,2,1044,2,OSLA,2,1,1,Random
-1813011348,Checkers,0,GAME_OVER,50,49,2,1045,2,OSLA,2,1,1,Random
-1930282061,Checkers,0,GAME_OVER,45,44,2,1046,2,OSLA,2,1,1,Random
2023066801,Checkers,0,GAME_OVER,41,40,2,1047,2,OSLA,2,1,1,Random
102119153,Checkers,0,GAME_OVER,36,35,2,1048,2,OSLA,2,1,1,Random
-1548536910,Checkers,0,GAME_OVER,40,39,2,1049,2,OSLA,2,1,1,Random
1327076190,Checkers,0,GAME_OVER,41,40,2,1050,2,OSLA,2,1,1,Random
497806905,Checkers,0,GAME_OVER,57,56,2,1051,2,OSLA,2,1,1,Random
-76330646,Checkers,0,GAME_OVER,42,41,2,1052,2,OSLA,2,1,1,Random
264015619,Checkers,0,GAME_OVER,48,47,2,1053,2,OSLA,2,1,1,Random
1893404572,Checkers,0,GAME_OVER,48,47,2,1054,2,OSLA,2,1,1,Random
-565339805,Checkers,0,GAME_OVER,35,34,2,1055,2,OSLA,2,1,1,Random
-1175914298,Checkers,0,GAME_OVER,47,46,2,1056,2,OSLA,2,1,1,Random
-632265362,Checkers,0,GAME_OVER,46,45,2,1057,2,OSLA,2,1,1,Random
2046256605,Checkers,0,GAME_OVER,37,36,2,1058,2,OSLA,2,1,1,Random
1768457643,Checkers,0,GAME_OVER,38,37,2,1059,2,OSLA,2,1,1,Random
-1394766124,Checkers,0,GAME_OVER,45,44,2,1060,2,OSLA,2,1,1,Random
-1689546336,Checkers,0,GAME_OVER,43,42,2,1061,2,OSLA,2,1,1,Random
1875269677,Checkers,0,GAME_OVER,38,37,2,1062,2,OSLA,2,1,1,Random
1044422073,Checkers,0,GAME_OVER,39,38,2,1063,2,OSLA,2,1,1,Random
-670988510,Checkers,0,GAME_OVER,48,47,2,1064,2,OSLA,2,1,1,Random
-1153208236,Checkers,0,GAME_OVER,38,37,2,1065,2,OSLA,2,1,1,Random
1519893650,Checkers,0,GAME_OVER,41,40,2,1066,2,OSLA,2,1,1,Random
731102457,Checkers,0,GAME_OVER,41,40,2,1067,2,OSLA,2,1,1,Random
1810202379,Checkers,0,GAME_OVER,47,46,2,1068,2,OSLA,2,1,1,Random
682666506,Checkers,0,GAME_OVER,40,39,2,1069,2,OSLA,2,1,1,Random
-468511048,Checkers,0,GAME_OVER,42,41,2,1070,2,OSLA,2,1,1,Random
2106028651,Checkers,0,GAME_OVER,45,44,2,1071,2,OSLA,2,1,1,Random
1689297396,Checkers,0,GAME_OVER,43,42,2,1072,2,OSLA,2,1,1,Random
-1752144906,Checkers,0,GAME_OVER,36,35,2,1073,2,OSLA,2,1,1,Random
-104552497,Checkers,0,GAME_OVER,44,43,2,1074,2,OSLA,2,1,1,Random
1311743159,Checkers,0,GAME_OVER,43,42,2,1075,2,OSLA,2,1,1,Random
-31779374,Checkers,0,GAME_OVER,43,42,2,1076,2,OSLA,2,1,1,Random
1647512635,Checkers,0,GAME_OVER,44,43,2,1077,2,OSLA,2,1,1,Random
-1466885964,Checkers,0,GAME_OVER,46,45,2,1078,2,OSLA,2,1,1,Random
-237358204,Checkers,0,GAME_OVER,41,40,2,1079,2,OSLA,2,1,1,Random
1476668398,Checkers,0,GAME_OVER,38,37,2,1080,2,OSLA,2,1,1,Random
2041525592,Checkers,0,GAME_OVER,37,36,2,1081,2,OSLA,2,1,1,Random
-1783160242,Checkers,0,GAME_OVER,40,39,2,1082,2,OSLA,2,1,1,Random
-297938423,Checkers,0,GAME_OVER,37,36,2,1083,2,OSLA,2,1,1,Random
-1640736276,Checkers,0,GAME_OVER,43,42,2,1084,2,OSLA,2,1,1,Random
-1595788062,Checkers,0,GAME_OVER,43,42,2,1085,2,OSLA,2,1,1,Random
312006714,Checkers,0,GAME_OVER,36,35,2,1086,2,OSLA,2,1,1,Random
1198380771,Checkers,0,GAME_OVER,48,47,2,1087,2,OSLA,2,1,1,Random
1347895049,Checkers,0,GAME_OVER,35,34,2,1088,2,OSLA,2,1,1,Random
-2058389133,Checkers,0,GAME_OVER,38,37,2,1089,2,OSLA,2,1,1,Random
805075370,Checkers,0,GAME_OVER,37,36,2,1090,2,OSLA,2,1,1,Random
944778537,Checkers,0,GAME_OVER,39,38,2,1091,2,OSLA,2,1,1,Random
1429879203,Checkers,0,GAME_OVER,35,34,2,1092,2,OSLA,2,1,1,Random
2026556386,Checkers,0,GAME_OVER,39,38,2,1093,2,OSLA,2,1,1,Random
-166794102,Checkers,0,GAME_OVER,39,38,2,1094,2,OSLA,2,1,1,Random
58593981,Checkers,0,GAME_OVER,49,48,2,1095,2,OSLA,2,1,1,Random
-1977593602,Checkers,0,GAME_OVER,39,38,2,1096,2,OSLA,2,1,1,Random
1424551860,Checkers,0,GAME_OVER,53,52,2,1097,2,OSLA,2,1,1,Random
-294631709,Checkers,0,GAME_OVER,39,38,2,1098,2,OSLA,2,1,1,Random
1580888036,Checkers,0,GAME_OVER,37,36,2,1099,2,OSLA,2,1,1,Random
-1262192828,Checkers,0,GAME_OVER,34,33,2,1100,2,OSLA,2,1,1,Random
-520792367,Checkers,0,GAME_OVER,34,33,2,1101,2,OSLA,2,1,1,Random
255134340,Checkers,0,GAME_OVER,33,32,2,1102,2,OSLA,2,1,1,Random
-826436583,Checkers,0,GAME_OVER,43,42,2,1103,2,OSLA,2,1,1,Random
-1599117363,Checkers,0,GAME_OVER,44,43,2,1104,2,OSLA,2,1,1,Random
1407376506,Checkers,0,GAME_OVER,46,45,2,1105,2,OSLA,2,1,1,Random
1196226270,Checkers,0,GAME_OVER,40,39,2,1106,2,OSLA,2,1,1,Random
180317213,Checkers,0,GAME_OVER,44,43,2,1107,2,OSLA,2,1,1,Random
-1089034847,Checkers,0,GAME_OVER,41,40,2,1108,2,OSLA,2,1,1,Random
-661079174,Checkers,0,GAME_OVER,36,35,2,1109,2,OSLA,2,1,1,Random
141202736,Checkers,0,GAME_OVER,31,30,2,1110,2,OSLA,2,1,1,Random
539395410,Checkers,0,GAME_OVER,40,39,2,1111,2,OSLA,2,1,1,Random
-1613865414,Checkers,0,GAME_OVER,44,43,2,1112,2,OSLA,2,1,1,Random
1666986907,Checkers,0,GAME_OVER,49,48,2,1113,2,OSLA,2,1,1,Random
781509347,Checkers,0,GAME_OVER,34,33,2,1114,2,OSLA,2,1,1,Random
-1185713591,Checkers,0,GAME_OVER,54,53,2,1115,2,OSLA,2,1,1,Random
-768592755,Checkers,0,GAME_OVER,36,35,2,1116,2,OSLA,2,1,1,Random
1848283739,Checkers,0,GAME_OVER,44,43,2,1117,2,OSLA,2,1,1,Random
876527158,Checkers,0,GAME_OVER,35,34,2,1118,2,OSLA,2,1,1,Random
-1243257703,Checkers,0,GAME_OVER,39,38,2,1119,2,OSLA,2,1,1,Random
980760651,Checkers,0,GAME_OVER,35,34,2,1120,2,OSLA,2,1,1,Random
249467615,Checkers,0,GAME_OVER,35,34,2,1121,2,OSLA,2,1,1,Random
1096153373,Checkers,0,GAME_OVER,40,39,2,1122,2,OSLA,2,1,1,Random
1095634930,Checkers,0,GAME_OVER,37,36,2,1123,2,OSLA,2,1,1,Random
992054627,Checkers,0,GAME_OVER,40,39,2,1124,2,OSLA,2,1,1,Random
943147304,Checkers,0,GAME_OVER,42,41,2,1125,2,OSLA,2,1,1,Random
-25807258,Checkers,0,GAME_OVER,51,50,2,1126,2,OSLA,2,1,1,Random
-2024265103,Checkers,0,GAME_OVER,50,49,2,1127,2,OSLA,2,1,1,Random
-1895528500,Checkers,0,GAME_OVER,48,47,2,1128,2,OSLA,2,1,1,Random
897977476,Checkers,0,GAME_OVER,42,41,2,1129,2,OSLA,2,1,1,Random
965342494,Checkers,0,GAME_OVER,43,42,2,1130,2,OSLA,2,1,1,Random
-1255858635,Checkers,0,GAME_OVER,45,44,2,1131,2,OSLA,2,1,1,Random
-1355268224,Checkers,0,GAME_OVER,37,36,2,1132,2,OSLA,2,1,1,Random
-1557392058,Checkers,0,GAME_OVER,48,47,2,1133,2,OSLA,2,1,1,Random
149319218,Checkers,0,GAME_OVER,45,44,2,1134,2,OSLA,2,1,1,Random
-2141470671,Checkers,0,GAME_OVER,37,36,2,1135,2,OSLA,2,1,1,Random
-1112022837,Checkers,0,GAME_OVER,46,45,2,1136,2,OSLA,2,1,1,Random
1399308729,Checkers,0,GAME_OVER,41,40,2,1137,2,OSLA,2,1,1,Random
-879417256,Checkers,0,GAME_OVER,47,46,2,1138,2,OSLA,2,1,1,Random
1871388739,Checkers,0,GAME_OVER,51,50,2,1139,2,OSLA,2,1,1,Random
1221868741,Checkers,0,GAME_OVER,45,44,2,1140,2,OSLA,2,1,1,Random
-226707887,Checkers,0,GAME_OVER,37,36,2,1141,2,OSLA,2,1,1,Random
-481794513,Checkers,0,GAME_OVER,44,43,2,1142,2,OSLA,2,1,1,Random
1667352198,Checkers,0,GAME_OVER,40,39,2,1143,2,OSLA,2,1,1,Random
-1170055652,Checkers,0,GAME_OVER,42,41,2,1144,2,OSLA,2,1,1,Random
-2042540765,Checkers,0,GAME_OVER,39,38,2,1145,2,OSLA,2,1,1,Random
1822806693,Checkers,0,GAME_OVER,47,46,2,1146,2,OSLA,2,1,1,Random
-913640989,Checkers,0,GAME_OVER,39,38,2,1147,2,OSLA,2,1,1,Random
-839375338,Checkers,0,GAME_OVER,46,45,2,1148,2,OSLA,2,1,1,Random
1993279638,Checkers,0,GAME_OVER,38,37,2,1149,2,OSLA,2,1,1,Random
1332023192,Checkers,0,GAME_OVER,44,43,2,1150,2,OSLA,2,1,1,Random
-1526158354,Checkers,0,GAME_OVER,44,43,2,1151,2,OSLA,2,1,1,Random
768030165,Checkers,0,GAME_OVER,46,45,2,1152,2,OSLA,2,1,1,Random
-4522662,Checkers,0,GAME_OVER,42,41,2,1153,2,OSLA,2,1,1,Random
1735789247,Checkers,0,GAME_OVER,37,36,2,1154,2,OSLA,2,1,1,Random
2113586671,Checkers,0,GAME_OVER,47,46,2,1155,2,OSLA,2,1,1,Random
-152655907,Checkers,0,GAME_OVER,49,48,2,1156,2,OSLA,2,1,1,Random
1175873433,Checkers,0,GAME_OVER,40,39,2,1157,2,OSLA,2,1,1,Random
222117067,Checkers,0,GAME_OVER,58,57,2,1158,2,OSLA,2,1,1,Random
-248507587,Checkers,0,GAME_OVER,39,38,2,1159,2,OSLA,2,1,1,Random
-224371245,Checkers,0,GAME_OVER,34,33,2,1160,2,OSLA,2,1,1,Random
-691609747,Checkers,0,GAME_OVER,38,37,2,1161,2,OSLA,2,1,1,Random
322057929,Checkers,0,GAME_OVER,41,40,2,1162,2,OSLA,2,1,1,Random
803239122,Checkers,0,GAME_OVER,49,48,2,1163,2,OSLA,2,1,1,Random
593421959,Checkers,0,GAME_OVER,45,44,2,1164,2,OSLA,2,1,1,Random
-1245126511,Checkers,0,GAME_OVER,43,42,2,1165,2,OSLA,2,1,1,Random
1024401865,Checkers,0,GAME_OVER,43,42,2,1166,2,OSLA,2,1,1,Random
1321437724,Checkers,0,GAME_OVER,57,56,2,1167,2,OSLA,2,1,1,Random
-1348124620,Checkers,0,GAME_OVER,38,37,2,1168,2,OSLA,2,1,1,Random
283547994,Checkers,0,GAME_OVER,46,45,2,1169,2,OSLA,2,1,1,Random
-158985020,Checkers,0,GAME_OVER,35,34,2,1170,2,OSLA,2,1,1,Random
-492758255,Checkers,0,GAME_OVER,50,49,2,1171,2,OSLA,2,1,1,Random
1833564934,Checkers,0,GAME_OVER,37,36,2,1172,2,OSLA,2,1,1,Random
-224906009,Checkers,0,GAME_OVER,36,35,2,1173,2,OSLA,2,1,1,Random
2136695994,Checkers,0,GAME_OVER,35,34,2,1174,2,OSLA,2,1,1,Random
-2068476027,Checkers,0,GAME_OVER,39,38,2,1175,2,OSLA,2,1,1,Random
1558413275,Checkers,0,GAME_OVER,64,63,2,1176,2,OSLA,2,1,1,Random
1264718999,Checkers,0,GAME_OVER,64,63,2,1177,2,OSLA,2,1,1,Random
521294619,Checkers,0,GAME_OVER,46,45,2,1178,2,OSLA,2,1,1,Random
1947600831,Checkers,0,GAME_OVER,46,45,2,1179,2,OSLA,2,1,1,Random
1340833613,Checkers,0,GAME_OVER,38,37,2,1180,2,OSLA,2,1,1,Random
1415097531,Checkers,0,GAME_OVER,40,39,2,1181,2,OSLA,2,1,1,Random
491503207,Checkers,0,GAME_OVER,38,37,2,1182,2,OSLA,2,1,1,Random
2011490889,Checkers,0,GAME_OVER,36,35,2,1183,2,OSLA,2,1,1,Random
133942512,Checkers,0,GAME_OVER,50,49,2,1184,2,OSLA,2,1,1,Random
-1548158836,Checkers,0,GAME_OVER,41,40,2,1185,2,OSLA,2,1,1,Random
-70469352,Checkers,0,GAME_OVER,40,39,2,1186,2,OSLA,2,1,1,Random
1373698822,Checkers,0,GAME_OVER,46,45,2,1187,2,OSLA,2,1,1,Random
719792855,Checkers,0,GAME_OVER,40,39,2,1188,2,OSLA,2,1,1,Random
2013247839,Checkers,0,GAME_OVER,41,40,2,1189,2,OSLA,2,1,1,Random
-1373820225,Checkers,0,GAME_OVER,36,35,2,1190,2,OSLA,2,1,1,Random
-1226420342,Checkers,0,GAME_OVER,41,40,2,1191,2,OSLA,2,1,1,Random
43305309,Checkers,0,GAME_OVER,44,43,2,1192,2,OSLA,2,1,1,Random
1574499606,Checkers,0,GAME_OVER,48,47,2,1193,2,OSLA,2,1,1,Random
-1760764052,Checkers,0,GAME_OVER,45,44,2,1194,2,OSLA,2,1,1,Random
-1264995163,Checkers,0,GAME_OVER,46,45,2,1195,2,OSLA,2,1,1,Random
-1062371551,Checkers,0,GAME_OVER,34,33,2,1196,2,OSLA,2,1,1,Random
-1125881895,Checkers,0,GAME_OVER,54,53,2,1197,2,OSLA,2,1,1,Random
-529553070,Checkers,0,GAME_OVER,39,38,2,1198,2,OSLA,2,1,1,Random
1307334977,Checkers,0,GAME_OVER,48,47,2,1199,2,OSLA,2,1,1,Random
-1047134894,Checkers,0,GAME_OVER,38,37,2,1200,2,OSLA,2,1,1,Random
1306713350,Checkers,0,GAME_OVER,35,34,2,1201,2,OSLA,2,1,1,Random
-166180472,Checkers,0,GAME_OVER,34,33,2,1202,1,Random,1,2,2,MCTS_v0
702970291,Checkers,0,GAME_OVER,34,33,2,1203,1,Random,1,2,2,MCTS_v0
-2093688957,Checkers,0,GAME_OVER,44,43,2,1204,1,Random,1,2,2,MCTS_v0
15277285,Checkers,0,GAME_OVER,50,49,2,1205,1,Random,1,2,2,MCTS_v0
-1236454748,Checkers,0,GAME_OVER,47,46,2,1206,1,Random,1,2,2,MCTS_v0
249439406,Checkers,0,GAME_OVER,39,38,2,1207,1,Random,1,2,2,MCTS_v0
302495374,Checkers,0,GAME_OVER,43,42,2,1208,1,Random,1,2,2,MCTS_v0
-741054849,Checkers,0,GAME_OVER,42,41,2,1209,1,Random,1,2,2,MCTS_v0
-1426144559,Checkers,0,GAME_OVER,49,48,2,1210,1,Random,1,2,2,MCTS_v0
118065288,Checkers,0,GAME_OVER,44,43,2,1211,1,Random,1,2,2,MCTS_v0
1705451795,Checkers,0,GAME_OVER,50,49,2,1212,1,Random,1,2,2,MCTS_v0
-1138379803,Checkers,0,GAME_OVER,34,33,2,1213,1,Random,1,2,2,MCTS_v0
-792105690,Checkers,0,GAME_OVER,47,46,2,1214,1,Random,1,2,2,MCTS_v0
251240563,Checkers,0,GAME_OVER,43,42,2,1215,1,Random,1,2,2,MCTS_v0
616215289,Checkers,0,GAME_OVER,40,39,2,1216,1,Random,1,2,2,MCTS_v0
286491649,Checkers,0,GAME_OVER,40,39,2,1217,1,Random,1,2,2,MCTS_v0
-1837327222,Checkers,0,GAME_OVER,42,41,2,1218,1,Random,1,2,2,MCTS_v0
1731803123,Checkers,0,GAME_OVER,38,37,2,1219,1,Random,1,2,2,MCTS_v0
416791102,Checkers,0,GAME_OVER,47,46,2,1220,1,Random,1,2,2,MCTS_v0
216396693,Checkers,0,GAME_OVER,42,41,2,1221,1,Random,1,2,2,MCTS_v0
-848119213,Checkers,0,GAME_OVER,40,39,2,1222,1,Random,1,2,2,MCTS_v0
-621865294,Checkers,0,GAME_OVER,39,38,2,1223,1,Random,1,2,2,MCTS_v0
878598204,Checkers,0,GAME_OVER,42,41,2,1224,1,Random,1,2,2,MCTS_v0
-1699676377,Checkers,0,GAME_OVER,42,41,2,1225,1,Random,1,2,2,MCTS_v0
638614319,Checkers,0,GAME_OVER,45,44,2,1226,1,Random,1,2,2,MCTS_v0
-1286171248,Checkers,0,GAME_OVER,45,44,2,1227,1,Random,1,2,2,MCTS_v0
1496380205,Checkers,0,GAME_OVER,47,46,2,1228,1,Random,1,2,2,MCTS_v0
-535007174,Checkers,0,GAME_OVER,34,33,2,1229,1,Random,1,2,2,MCTS_v0
351376967,Checkers,0,GAME_OVER,39,38,2,1230,1,Random,1,2,2,MCTS_v0
-1920732930,Checkers,0,GAME_OVER,42,41,2,1231,1,Random,1,2,2,MCTS_v0
2092088305,Checkers,0,GAME_OVER,42,41,2,1232,1,Random,1,2,2,MCTS_v0
-2053051970,Checkers,0,GAME_OVER,38,37,2,1233,1,Random,1,2,2,MCTS_v0
-1794684255,Checkers,0,GAME_OVER,47,46,2,1234,1,Random,1,2,2,MCTS_v0
-1721045876,Checkers,0,GAME_OVER,45,44,2,1235,1,Random,1,2,2,MCTS_v0
-1727902706,Checkers,0,GAME_OVER,44,43,2,1236,1,Random,1,2,2,MCTS_v0
975488968,Checkers,0,GAME_OVER,52,51,2,1237,1,Random,1,2,2,MCTS_v0
1884247749,Checkers,0,GAME_OVER,49,48,2,1238,1,Random,1,2,2,MCTS_v0
695442367,Checkers,0,GAME_OVER,41,40,2,1239,1,Random,1,2,2,MCTS_v0
1999740919,Checkers,0,GAME_OVER,50,49,2,1240,1,Random,1,2,2,MCTS_v0
-967129467,Checkers,0,GAME_OVER,39,38,2,1241,1,Random,1,2,2,MCTS_v0
168838819,Checkers,0,GAME_OVER,37,36,2,1242,1,Random,1,2,2,MCTS_v0
-2108529625,Checkers,0,GAME_OVER,42,41,2,1243,1,Random,1,2,2,MCTS_v0
-2104692336,Checkers,0,GAME_OVER,41,40,2,1244,1,Random,1,2,2,MCTS_v0
-1813011348,Checkers,0,GAME_OVER,46,45,2,1245,1,Random,1,2,2,MCTS_v0
-1930282061,Checkers,0,GAME_OVER,45,44,2,1246,1,Random,1,2,2,MCTS_v0
2023066801,Checkers,0,GAME_OVER,45,44,2,1247,1,Random,1,2,2,MCTS_v0
102119153,Checkers,0,GAME_OVER,45,44,2,1248,1,Random,1,2,2,MCTS_v0
-1548536910,Checkers,0,GAME_OVER,42,41,2,1249,1,Random,1,2,2,MCTS_v0
1327076190,Checkers,0,GAME_OVER,45,44,2,1250,1,Random,1,2,2,MCTS_v0
497806905,Checkers,0,GAME_OVER,46,45,2,1251,1,Random,1,2,2,MCTS_v0
-76330646,Checkers,0,GAME_OVER,41,40,2,1252,1,Random,1,2,2,MCTS_v0
264015619,Checkers,0,GAME_OVER,43,42,2,1253,1,Random,1,2,2,MCTS_v0
1893404572,Checkers,0,GAME_OVER,41,40,2,1254,1,Random,1,2,2,MCTS_v0
-565339805,Checkers,0,GAME_OVER,39,38,2,1255,1,Random,1,2,2,MCTS_v0
-1175914298,Checkers,0,GAME_OVER,50,49,2,1256,1,Random,1,2,2,MCTS_v0
-632265362,Checkers,0,GAME_OVER,43,42,2,1257,1,Random,1,2,2,MCTS_v0
2046256605,Checkers,0,GAME_OVER,41,40,2,1258,1,Random,1,2,2,MCTS_v0
1768457643,Checkers,0,GAME_OVER,48,47,2,1259,1,Random,1,2,2,MCTS_v0
-1394766124,Checkers,0,GAME_OVER,44,43,2,1260,1,Random,1,2,2,MCTS_v0
-1689546336,Checkers,0,GAME_OVER,47,46,2,1261,1,Random,1,2,2,MCTS_v0
1875269677,Checkers,0,GAME_OVER,54,53,2,1262,1,Random,1,2,2,MCTS_v0
1044422073,Checkers,0,GAME_OVER,44,43,2,1263,1,Random,1,2,2,MCTS_v0
-670988510,Checkers,0,GAME_OVER,46,45,2,1264,1,Random,1,2,2,MCTS_v0
-1153208236,Checkers,0,GAME_OVER,50,49,2,1265,1,Random,1,2,2,MCTS_v0
1519893650,Checkers,0,GAME_OVER,47,46,2,1266,1,Random,1,2,2,MCTS_v0
731102457,Checkers,0,GAME_OVER,44,43,2,1267,1,Random,1,2,2,MCTS_v0
1810202379,Checkers,0,GAME_OVER,41,40,2,1268,1,Random,1,2,2,MCTS_v0
682666506,Checkers,0,GAME_OVER,44,43,2,1269,1,Random,1,2,2,MCTS_v0
-468511048,Checkers,0,GAME_OVER,43,42,2,1270,1,Random,1,2,2,MCTS_v0
2106028651,Checkers,0,GAME_OVER,53,52,2,1271,1,Random,1,2,2,MCTS_v0
1689297396,Checkers,0,GAME_OVER,45,44,2,1272,1,Random,1,2,2,MCTS_v0
-1752144906,Checkers,0,GAME_OVER,47,46,2,1273,1,Random,1,2,2,MCTS_v0
-104552497,Checkers,0,GAME_OVER,46,45,2,1274,1,Random,1,2,2,MCTS_v0
1311743159,Checkers,0,GAME_OVER,41,40,2,1275,1,Random,1,2,2,MCTS_v0
-31779374,Checkers,0,GAME_OVER,40,39,2,1276,1,Random,1,2,2,MCTS_v0
1647512635,Checkers,0,GAME_OVER,40,39,2,1277,1,Random,1,2,2,MCTS_v0
-1466885964,Checkers,0,GAME_OVER,38,37,2,1278,1,Random,1,2,2,MCTS_v0
-237358204,Checkers,0,GAME_OVER,55,54,2,1279,1,Random,1,2,2,MCTS_v0
1476668398,Checkers,0,GAME_OVER,57,56,2,1280,1,Random,1,2,2,MCTS_v0
2041525592,Checkers,0,GAME_OVER,38,37,2,1281,1,Random,1,2,2,MCTS_v0
-1783160242,Checkers,0,GAME_OVER,38,37,2,1282,1,Random,1,2,2,MCTS_v0
-297938423,Checkers,0,GAME_OVER,43,42,2,1283,1,Random,1,2,2,MCTS_v0
-1640736276,Checkers,0,GAME_OVER,47,46,2,1284,1,Random,1,2,2,MCTS_v0
-1595788062,Checkers,0,GAME_OVER,34,33,2,1285,1,Random,1,2,2,MCTS_v0
312006714,Checkers,0,GAME_OVER,41,40,2,1286,1,Random,1,2,2,MCTS_v0
1198380771,Checkers,0,GAME_OVER,38,37,2,1287,1,Random,1,2,2,MCTS_v0
1347895049,Checkers,0,GAME_OVER,33,32,2,1288,1,Random,1,2,2,MCTS_v0
-2058389133,Checkers,0,GAME_OVER,41,40,2,1289,1,Random,1,2,2,MCTS_v0
805075370,Checkers,0,GAME_OVER,43,42,2,1290,1,Random,1,2,2,MCTS_v0
944778537,Checkers,0,GAME_OVER,41,40,2,1291,1,Random,1,2,2,MCTS_v0
1429879203,Checkers,0,GAME_OVER,53,52,2,1292,1,Random,1,2,2,MCTS_v0
2026556386,Checkers,0,GAME_OVER,44,43,2,1293,1,Random,1,2,2,MCTS_v0
-166794102,Checkers,0,GAME_OVER,47,46,2,1294,1,Random,1,2,2,MCTS_v0
58593981,Checkers,0,GAME_OVER,35,34,2,1295,1,Random,1,2,2,MCTS_v0
-1977593602,Checkers,0,GAME_OVER,38,37,2,1296,1,Random,1,2,2,MCTS_v0
1424551860,Checkers,0,GAME_OVER,47,46,2,1297,1,Random,1,2,2,MCTS_v0
-294631709,Checkers,0,GAME_OVER,44,43,2,1298,1,Random,1,2,2,MCTS_v0
1580888036,Checkers,0,GAME_OVER,46,45,2,1299,1,Random,1,2,2,MCTS_v0
-1262192828,Checkers,0,GAME_OVER,43,42,2,1300,1,Random,1,2,2,MCTS_v0
-520792367,Checkers,0,GAME_OVER,38,37,2,1301,1,Random,1,2,2,MCTS_v0
255134340,Checkers,0,GAME_OVER,48,47,2,1302,1,Random,1,2,2,MCTS_v0
-826436583,Checkers,0,GAME_OVER,50,49,2,1303,1,Random,1,2,2,MCTS_v0
-1599117363,Checkers,0,GAME_OVER,42,41,2,1304,1,Random,1,2,2,MCTS_v0
1407376506,Checkers,0,GAME_OVER,55,54,2,1305,1,Random,1,2,2,MCTS_v0
1196226270,Checkers,0,GAME_OVER,57,56,2,1306,1,Random,1,2,2,MCTS_v0
180317213,Checkers,0,GAME_OVER,41,40,2,1307,1,Random,1,2,2,MCTS_v0
-1089034847,Checkers,0,GAME_OVER,55,54,2,1308,1,Random,1,2,2,MCTS_v0
-661079174,Checkers,0,GAME_OVER,54,53,2,1309,1,Random,1,2,2,MCTS_v0
141202736,Checkers,0,GAME_OVER,50,49,2,1310,1,Random,1,2,2,MCTS_v0
539395410,Checkers,0,GAME_OVER,48,47,2,1311,1,Random,1,2,2,MCTS_v0
-1613865414,Checkers,0,GAME_OVER,39,38,2,1312,1,Random,1,2,2,MCTS_v0
1666986907,Checkers,0,GAME_OVER,41,40,2,1313,1,Random,1,2,2,MCTS_v0
781509347,Checkers,0,GAME_OVER,48,47,2,1314,1,Random,1,2,2,MCTS_v0
-1185713591,Checkers,0,GAME_OVER,44,43,2,1315,1,Random,1,2,2,MCTS_v0
-768592755,Checkers,0,GAME_OVER,44,43,2,1316,1,Random,1,2,2,MCTS_v0
1848283739,Checkers,0,GAME_OVER,39,38,2,1317,1,Random,1,2,2,MCTS_v0
876527158,Checkers,0,GAME_OVER,47,46,2,1318,1,Random,1,2,2,MCTS_v0
-1243257703,Checkers,0,GAME_OVER,45,44,2,1319,1,Random,1,2,2,MCTS_v0
980760651,Checkers,0,GAME_OVER,51,50,2,1320,1,Random,1,2,2,MCTS_v0
249467615,Checkers,0,GAME_OVER,37,36,2,1321,1,Random,1,2,2,MCTS_v0
1096153373,Checkers,0,GAME_OVER,39,38,2,1322,1,Random,1,2,2,MCTS_v0
1095634930,Checkers,0,GAME_OVER,37,36,2,1323,1,Random,1,2,2,MCTS_v0
992054627,Checkers,0,GAME_OVER,40,39,2,1324,1,Random,1,2,2,MCTS_v0
943147304,Checkers,0,GAME_OVER,42,41,2,1325,1,Random,1,2,2,MCTS_v0
-25807258,Checkers,0,GAME_OVER,42,41,2,1326,1,Random,1,2,2,MCTS_v0
-2024265103,Checkers,0,GAME_OVER,39,38,2,1327,1,Random,1,2,2,MCTS_v0
-1895528500,Checkers,0,GAME_OVER,40,39,2,1328,1,Random,1,2,2,MCTS_v0
897977476,Checkers,0,GAME_OVER,40,39,2,1329,1,Random,1,2,2,MCTS_v0
965342494,Checkers,0,GAME_OVER,44,43,2,1330,1,Random,1,2,2,MCTS_v0
-1255858635,Checkers,0,GAME_OVER,44,43,2,1331,1,Random,1,2,2,MCTS_v0
-1355268224,Checkers,0,GAME_OVER,52,51,2,1332,1,Random,1,2,2,MCTS_v0
-1557392058,Checkers,0,GAME_OVER,42,41,2,1333,1,Random,1,2,2,MCTS_v0
149319218,Checkers,0,GAME_OVER,41,40,2,1334,1,Random,1,2,2,MCTS_v0
-2141470671,Checkers,0,GAME_OVER,48,47,2,1335,1,Random,1,2,2,MCTS_v0
-1112022837,Checkers,0,GAME_OVER,39,38,2,1336,1,Random,1,2,2,MCTS_v0
1399308729,Checkers,0,GAME_OVER,38,37,2,1337,1,Random,1,2,2,MCTS_v0
-879417256,Checkers,0,GAME_OVER,43,42,2,1338,1,Random,1,2,2,MCTS_v0
1871388739,Checkers,0,GAME_OVER,39,38,2,1339,1,Random,1,2,2,MCTS_v0
1221868741,Checkers,0,GAME_OVER,40,39,2,1340,1,Random,1,2,2,MCTS_v0
-226707887,Checkers,0,GAME_OVER,38,37,2,1341,1,Random,1,2,2,MCTS_v0
-481794513,Checkers,0,GAME_OVER,52,51,2,1342,1,Random,1,2,2,MCTS_v0
1667352198,Checkers,0,GAME_OVER,40,39,2,1343,1,Random,1,2,2,MCTS_v0
-1170055652,Checkers,0,GAME_OVER,45,44,2,1344,1,Random,1,2,2,MCTS_v0
-2042540765,Checkers,0,GAME_OVER,51,50,2,1345,1,Random,1,2,2,MCTS_v0
1822806693,Checkers,0,GAME_OVER,42,41,2,1346,1,Random,1,2,2,MCTS_v0
-913640989,Checkers,0,GAME_OVER,43,42,2,1347,1,Random,1,2,2,MCTS_v0
-839375338,Checkers,0,GAME_OVER,38,37,2,1348,1,Random,1,2,2,MCTS_v0
1993279638,Checkers,0,GAME_OVER,46,45,2,1349,1,Random,1,2,2,MCTS_v0
1332023192,Checkers,0,GAME_OVER,40,39,2,1350,1,Random,1,2,2,MCTS_v0
-1526158354,Checkers,0,GAME_OVER,39,38,2,1351,1,Random,1,2,2,MCTS_v0
768030165,Checkers,0,GAME_OVER,58,57,2,1352,1,Random,1,2,2,MCTS_v0
-4522662,Checkers,0,GAME_OVER,44,43,2,1353,1,Random,1,2,2,MCTS_v0
1735789247,Checkers,0,GAME_OVER,42,41,2,1354,1,Random,1,2,2,MCTS_v0
2113586671,Checkers,0,GAME_OVER,42,41,2,1355,1,Random,1,2,2,MCTS_v0
-152655907,Checkers,0,GAME_OVER,40,39,2,1356,1,Random,1,2,2,MCTS_v0
1175873433,Checkers,0,GAME_OVER,40,39,2,1357,1,Random,1,2,2,MCTS_v0
222117067,Checkers,0,GAME_OVER,51,50,2,1358,1,Random,1,2,2,MCTS_v0
-248507587,Checkers,0,GAME_OVER,48,47,2,1359,1,Random,1,2,2,MCTS_v0
-224371245,Checkers,0,GAME_OVER,37,36,2,1360,1,Random,1,2,2,MCTS_v0
-691609747,Checkers,0,GAME_OVER,38,37,2,1361,1,Random,1,2,2,MCTS_v0
322057929,Checkers,0,GAME_OVER,47,46,2,1362,1,Random,1,2,2,MCTS_v0
803239122,Checkers,0,GAME_OVER,44,43,2,1363,1,Random,1,2,2,MCTS_v0
593421959,Checkers,0,GAME_OVER,45,44,2,1364,1,Random,1,2,2,MCTS_v0
-1245126511,Checkers,0,GAME_OVER,45,44,2,1365,1,Random,1,2,2,MCTS_v0
1024401865,Checkers,0,GAME_OVER,49,48,2,1366,1,Random,1,2,2,MCTS_v0
1321437724,Checkers,0,GAME_OVER,37,36,2,1367,1,Random,1,2,2,MCTS_v0
-1348124620,Checkers,0,GAME_OVER,56,55,2,1368,1,Random,1,2,2,MCTS_v0
283547994,Checkers,0,GAME_OVER,47,46,2,1369,1,Random,1,2,2,MCTS_v0
-158985020,Checkers,0,GAME_OVER,52,51,2,1370,1,Random,1,2,2,MCTS_v0
-492758255,Checkers,0,GAME_OVER,35,34,2,1371,1,Random,1,2,2,MCTS_v0
1833564934,Checkers,0,GAME_OVER,47,46,2,1372,1,Random,1,2,2,MCTS_v0
-224906009,Checkers,0,GAME_OVER,41,40,2,1373,1,Random,1,2,2,MCTS_v0
2136695994,Checkers,0,GAME_OVER,45,44,2,1374,1,Random,1,2,2,MCTS_v0
-2068476027,Checkers,0,GAME_OVER,41,40,2,1375,1,Random,1,2,2,MCTS_v0
1558413275,Checkers,0,GAME_OVER,31,30,2,1376,1,Random,1,2,2,MCTS_v0
1264718999,Checkers,0,GAME_OVER,38,37,2,1377,1,Random,1,2,2,MCTS_v0
521294619,Checkers,0,GAME_OVER,37,36,2,1378,1,Random,1,2,2,MCTS_v0
1947600831,Checkers,0,GAME_OVER,45,44,2,1379,1,Random,1,2,2,MCTS_v0
1340833613,Checkers,0,GAME_OVER,46,45,2,1380,1,Random,1,2,2,MCTS_v0
1415097531,Checkers,0,GAME_OVER,42,41,2,1381,1,Random,1,2,2,MCTS_v0
491503207,Checkers,0,GAME_OVER,46,45,2,1382,1,Random,1,2,2,MCTS_v0
2011490889,Checkers,0,GAME_OVER,57,56,2,1383,1,Random,1,2,2,MCTS_v0
133942512,Checkers,0,GAME_OVER,37,36,2,1384,1,Random,1,2,2,MCTS_v0
-1548158836,Checkers,0,GAME_OVER,42,41,2,1385,1,Random,1,2,2,MCTS_v0
-70469352,Checkers,0,GAME_OVER,44,43,2,1386,1,Random,1,2,2,MCTS_v0
1373698822,Checkers,0,GAME_OVER,51,50,2,1387,1,Random,1,2,2,MCTS_v0
719792855,Checkers,0,GAME_OVER,54,53,2,1388,1,Random,1,2,2,MCTS_v0
2013247839,Checkers,0,GAME_OVER,39,38,2,1389,1,Random,1,2,2,MCTS_v0
-1373820225,Checkers,0,GAME_OVER,41,40,2,1390,1,Random,1,2,2,MCTS_v0
-1226420342,Checkers,0,GAME_OVER,41,40,2,1391,1,Random,1,2,2,MCTS_v0
43305309,Checkers,0,GAME_OVER,43,42,2,1392,1,Random,1,2,2,MCTS_v0
1574499606,Checkers,0,GAME_OVER,45,44,2,1393,1,Random,1,2,2,MCTS_v0
-1760764052,Checkers,0,GAME_OVER,52,51,2,1394,1,Random,1,2,2,MCTS_v0
-1264995163,Checkers,0,GAME_OVER,37,36,2,1395,1,Random,1,2,2,MCTS_v0
-1062371551,Checkers,0,GAME_OVER,46,45,2,1396,1,Random,1,2,2,MCTS_v0
-1125881895,Checkers,0,GAME_OVER,48,47,2,1397,1,Random,1,2,2,MCTS_v0
-529553070,Checkers,0,GAME_OVER,49,48,2,1398,1,Random,1,2,2,MCTS_v0
1307334977,Checkers,0,GAME_OVER,45,44,2,1399,1,Random,1,2,2,MCTS_v0
-1047134894,Checkers,0,GAME_OVER,42,41,2,1400,1,Random,1,2,2,MCTS_v0
1306713350,Checkers,0,GAME_OVER,42,41,2,1401,1,Random,1,2,2,MCTS_v0
-166180472,Checkers,0,GAME_OVER,60,59,2,1402,1,Random,1,2,2,OSLA
702970291,Checkers,0,GAME_OVER,39,38,2,1403,1,Random,1,2,2,OSLA
-2093688957,Checkers,0,GAME_OVER,39,38,2,1404,1,Random,1,2,2,OSLA
15277285,Checkers,0,GAME_OVER,50,49,2,1405,1,Random,1,2,2,OSLA
-1236454748,Checkers,0,GAME_OVER,39,38,2,1406,1,Random,1,2,2,OSLA
249439406,Checkers,0,GAME_OVER,42,41,2,1407,1,Random,1,2,2,OSLA
302495374,Checkers,0,GAME_OVER,46,45,2,1408,1,Random,1,2,2,OSLA
-741054849,Checkers,0,GAME_OVER,47,46,2,1409,1,Random,1,2,2,OSLA
-1426144559,Checkers,0,GAME_OVER,42,41,2,1410,1,Random,1,2,2,OSLA
118065288,Checkers,0,GAME_OVER,45,44,2,1411,1,Random,1,2,2,OSLA
1705451795,Checkers,0,GAME_OVER,46,45,2,1412,1,Random,1,2,2,OSLA
-1138379803,Checkers,0,GAME_OVER,52,51,2,1413,1,Random,1,2,2,OSLA
-792105690,Checkers,0,GAME_OVER,42,41,2,1414,1,Random,1,2,2,OSLA
251240563,Checkers,0,GAME_OVER,33,32,2,1415,1,Random,1,2,2,OSLA
616215289,Checkers,0,GAME_OVER,28,27,2,1416,1,Random,1,2,2,OSLA
286491649,Checkers,0,GAME_OVER,49,48,2,1417,1,Random,1,2,2,OSLA
-1837327222,Checkers,0,GAME_OVER,38,37,2,1418,1,Random,1,2,2,OSLA
1731803123,Checkers,0,GAME_OVER,76,75,2,1419,1,Random,1,2,2,OSLA
416791102,Checkers,0,GAME_OVER,42,41,2,1420,1,Random,1,2,2,OSLA
216396693,Checkers,0,GAME_OVER,35,34,2,1421,1,Random,1,2,2,OSLA
-848119213,Checkers,0,GAME_OVER,38,37,2,1422,1,Random,1,2,2,OSLA
-621865294,Checkers,0,GAME_OVER,39,38,2,1423,1,Random,1,2,2,OSLA
878598204,Checkers,0,GAME_OVER,43,42,2,1424,1,Random,1,2,2,OSLA
-1699676377,Checkers,0,GAME_OVER,56,55,2,1425,1,Random,1,2,2,OSLA
638614319,Checkers,0,GAME_OVER,39,38,2,1426,1,Random,1,2,2,OSLA
-1286171248,Checkers,0,GAME_OVER,41,40,2,1427,1,Random,1,2,2,OSLA
1496380205,Checkers,0,GAME_OVER,49,48,2,1428,1,Random,1,2,2,OSLA
-535007174,Checkers,0,GAME_OVER,35,34,2,1429,1,Random,1,2,2,OSLA
351376967,Checkers,0,GAME_OVER,38,37,2,1430,1,Random,1,2,2,OSLA
-1920732930,Checkers,0,GAME_OVER,46,45,2,1431,1,Random,1,2,2,OSLA
2092088305,Checkers,0,GAME_OVER,45,44,2,1432,1,Random,1,2,2,OSLA
-2053051970,Checkers,0,GAME_OVER,39,38,2,1433,1,Random,1,2,2,OSLA
-1794684255,Checkers,0,GAME_OVER,52,51,2,1434,1,Random,1,2,2,OSLA
-1721045876,Checkers,0,GAME_OVER,45,44,2,1435,1,Random,1,2,2,OSLA
-1727902706,Checkers,0,GAME_OVER,62,61,2,1436,1,Random,1,2,2,OSLA
975488968,Checkers,0,GAME_OVER,42,41,2,1437,1,Random,1,2,2,OSLA
1884247749,Checkers,0,GAME_OVER,46,45,2,1438,1,Random,1,2,2,OSLA
695442367,Checkers,0,GAME_OVER,35,34,2,1439,1,Random,1,2,2,OSLA
1999740919,Checkers,0,GAME_OVER,42,41,2,1440,1,Random,1,2,2,OSLA
-967129467,Checkers,0,GAME_OVER,36,35,2,1441,1,Random,1,2,2,OSLA
168838819,Checkers,0,GAME_OVER,33,32,2,1442,1,Random,1,2,2,OSLA
-2108529625,Checkers,0,GAME_OVER,53,52,2,1443,1,Random,1,2,2,OSLA
-2104692336,Checkers,0,GAME_OVER,42,41,2,1444,1,Random,1,2,2,OSLA
-1813011348,Checkers,0,GAME_OVER,53,52,2,1445,1,Random,1,2,2,OSLA
-1930282061,Checkers,0,GAME_OVER,44,43,2,1446,1,Random,1,2,2,OSLA
2023066801,Checkers,0,GAME_OVER,41,40,2,1447,1,Random,1,2,2,OSLA
102119153,Checkers,0,GAME_OVER,41,40,2,1448,1,Random,1,2,2,OSLA
-1548536910,Checkers,0,GAME_OVER,46,45,2,1449,1,Random,1,2,2,OSLA
1327076190,Checkers,0,GAME_OVER,42,41,2,1450,1,Random,1,2,2,OSLA
497806905,Checkers,0,GAME_OVER,35,34,2,1451,1,Random,1,2,2,OSLA
-76330646,Checkers,0,GAME_OVER,58,57,2,1452,1,Random,1,2,2,OSLA
264015619,Checkers,0,GAME_OVER,40,39,2,1453,1,Random,1,2,2,OSLA
1893404572,Checkers,0,GAME_OVER,66,65,2,1454,1,Random,1,2,2,OSLA
-565339805,Checkers,0,GAME_OVER,42,41,2,1455,1,Random,1,2,2,OSLA
-1175914298,Checkers,0,GAME_OVER,44,43,2,1456,1,Random,1,2,2,OSLA
-632265362,Checkers,0,GAME_OVER,43,42,2,1457,1,Random,1,2,2,OSLA
2046256605,Checkers,0,GAME_OVER,36,35,2,1458,1,Random,1,2,2,OSLA
1768457643,Checkers,0,GAME_OVER,40,39,2,1459,1,Random,1,2,2,OSLA
-1394766124,Checkers,0,GAME_OVER,39,38,2,1460,1,Random,1,2,2,OSLA
-1689546336,Checkers,0,GAME_OVER,48,47,2,1461,1,Random,1,2,2,OSLA
1875269677,Checkers,0,GAME_OVER,42,41,2,1462,1,Random,1,2,2,OSLA
1044422073,Checkers,0,GAME_OVER,49,48,2,1463,1,Random,1,2,2,OSLA
-670988510,Checkers,0,GAME_OVER,40,39,2,1464,1,Random,1,2,2,OSLA
-1153208236,Checkers,0,GAME_OVER,44,43,2,1465,1,Random,1,2,2,OSLA
1519893650,Checkers,0,GAME_OVER,40,39,2,1466,1,Random,1,2,2,OSLA
731102457,Checkers,0,GAME_OVER,55,54,2,1467,1,Random,1,2,2,OSLA
1810202379,Checkers,0,GAME_OVER,36,35,2,1468,1,Random,1,2,2,OSLA
682666506,Checkers,0,GAME_OVER,44,43,2,1469,1,Random,1,2,2,OSLA
-468511048,Checkers,0,GAME_OVER,42,41,2,1470,1,Random,1,2,2,OSLA
2106028651,Checkers,0,GAME_OVER,47,46,2,1471,1,Random,1,2,2,OSLA
1689297396,Checkers,0,GAME_OVER,35,34,2,1472,1,Random,1,2,2,OSLA
-1752144906,Checkers,0,GAME_OVER,36,35,2,1473,1,Random,1,2,2,OSLA
-104552497,Checkers,0,GAME_OVER,39,38,2,1474,1,Random,1,2,2,OSLA
1311743159,Checkers,0,GAME_OVER,61,60,2,1475,1,Random,1,2,2,OSLA
-31779374,Checkers,0,GAME_OVER,44,43,2,1476,1,Random,1,2,2,OSLA
1647512635,Checkers,0,GAME_OVER,46,45,2,1477,1,Random,1,2,2,OSLA
-1466885964,Checkers,0,GAME_OVER,38,37,2,1478,1,Random,1,2,2,OSLA
-237358204,Checkers,0,GAME_OVER,40,39,2,1479,1,Random,1,2,2,OSLA
1476668398,Checkers,0,GAME_OVER,48,47,2,1480,1,Random,1,2,2,OSLA
2041525592,Checkers,0,GAME_OVER,40,39,2,1481,1,Random,1,2,2,OSLA
-1783160242,Checkers,0,GAME_OVER,49,48,2,1482,1,Random,1,2,2,OSLA
-297938423,Checkers,0,GAME_OVER,47,46,2,1483,1,Random,1,2,2,OSLA
-1640736276,Checkers,0,GAME_OVER,47,46,2,1484,1,Random,1,2,2,OSLA
-1595788062,Checkers,0,GAME_OVER,41,40,2,1485,1,Random,1,2,2,OSLA
312006714,Checkers,0,GAME_OVER,49,48,2,1486,1,Random,1,2,2,OSLA
1198380771,Checkers,0,GAME_OVER,34,33,2,1487,1,Random,1,2,2,OSLA
1347895049,Checkers,0,GAME_OVER,44,43,2,1488,1,Random,1,2,2,OSLA
-2058389133,Checkers,0,GAME_OVER,42,41,2,1489,1,Random,1,2,2,OSLA
805075370,Checkers,0,GAME_OVER,36,35,2,1490,1,Random,1,2,2,OSLA
944778537,Checkers,0,GAME_OVER,41,40,2,1491,1,Random,1,2,2,OSLA
1429879203,Checkers,0,GAME_OVER,40,39,2,1492,1,Random,1,2,2,OSLA
2026556386,Checkers,0,GAME_OVER,47,46,2,1493,1,Random,1,2,2,OSLA
-166794102,Checkers,0,GAME_OVER,46,45,2,1494,1,Random,1,2,2,OSLA
58593981,Checkers,0,GAME_OVER,46,45,2,1495,1,Random,1,2,2,OSLA
-1977593602,Checkers,0,GAME_OVER,44,43,2,1496,1,Random,1,2,2,OSLA
1424551860,Checkers,0,GAME_OVER,40,39,2,1497,1,Random,1,2,2,OSLA
-294631709,Checkers,0,GAME_OVER,45,44,2,1498,1,Random,1,2,2,OSLA
1580888036,Checkers,0,GAME_OVER,56,55,2,1499,1,Random,1,2,2,OSLA
-1262192828,Checkers,0,GAME_OVER,40,39,2,1500,1,Random,1,2,2,OSLA
-520792367,Checkers,0,GAME_OVER,43,42,2,1501,1,Random,1,2,2,OSLA
255134340,Checkers,0,GAME_OVER,39,38,2,1502,1,Random,1,2,2,OSLA
-826436583,Checkers,0,GAME_OVER,37,36,2,1503,1,Random,1,2,2,OSLA
-1599117363,Checkers,0,GAME_OVER,52,51,2,1504,1,Random,1,2,2,OSLA
1407376506,Checkers,0,GAME_OVER,37,36,2,1505,1,Random,1,2,2,OSLA
1196226270,Checkers,0,GAME_OVER,42,41,2,1506,1,Random,1,2,2,OSLA
180317213,Checkers,0,GAME_OVER,32,31,2,1507,1,Random,1,2,2,OSLA
-1089034847,Checkers,0,GAME_OVER,36,35,2,1508,1,Random,1,2,2,OSLA
-661079174,Checkers,0,GAME_OVER,34,33,2,1509,1,Random,1,2,2,OSLA
141202736,Checkers,0,GAME_OVER,45,44,2,1510,1,Random,1,2,2,OSLA
539395410,Checkers,0,GAME_OVER,35,34,2,1511,1,Random,1,2,2,OSLA
-1613865414,Checkers,0,GAME_OVER,46,45,2,1512,1,Random,1,2,2,OSLA
1666986907,Checkers,0,GAME_OVER,38,37,2,1513,1,Random,1,2,2,OSLA
781509347,Checkers,0,GAME_OVER,40,39,2,1514,1,Random,1,2,2,OSLA
-1185713591,Checkers,0,GAME_OVER,47,46,2,1515,1,Random,1,2,2,OSLA
-768592755,Checkers,0,GAME_OVER,54,53,2,1516,1,Random,1,2,2,OSLA
1848283739,Checkers,0,GAME_OVER,38,37,2,1517,1,Random,1,2,2,OSLA
876527158,Checkers,0,GAME_OVER,48,47,2,1518,1,Random,1,2,2,OSLA
-1243257703,Checkers,0,GAME_OVER,48,47,2,1519,1,Random,1,2,2,OSLA
980760651,Checkers,0,GAME_OVER,33,32,2,1520,1,Random,1,2,2,OSLA
249467615,Checkers,0,GAME_OVER,41,40,2,1521,1,Random,1,2,2,OSLA
1096153373,Checkers,0,GAME_OVER,45,44,2,1522,1,Random,1,2,2,OSLA
1095634930,Checkers,0,GAME_OVER,45,44,2,1523,1,Random,1,2,2,OSLA
992054627,Checkers,0,GAME_OVER,39,38,2,1524,1,Random,1,2,2,OSLA
943147304,Checkers,0,GAME_OVER,35,34,2,1525,1,Random,1,2,2,OSLA
-25807258,Checkers,0,GAME_OVER,41,40,2,1526,1,Random,1,2,2,OSLA
-2024265103,Checkers,0,GAME_OVER,39,38,2,1527,1,Random,1,2,2,OSLA
-1895528500,Checkers,0,GAME_OVER,52,51,2,1528,1,Random,1,2,2,OSLA
897977476,Checkers,0,GAME_OVER,45,44,2,1529,1,Random,1,2,2,OSLA
965342494,Checkers,0,GAME_OVER,53,52,2,1530,1,Random,1,2,2,OSLA
-1255858635,Checkers,0,GAME_OVER,38,37,2,1531,1,Random,1,2,2,OSLA
-1355268224,Checkers,0,GAME_OVER,43,42,2,1532,1,Random,1,2,2,OSLA
-1557392058,Checkers,0,GAME_OVER,36,35,2,1533,1,Random,1,2,2,OSLA
149319218,Checkers,0,GAME_OVER,36,35,2,1534,1,Random,1,2,2,OSLA
-2141470671,Checkers,0,GAME_OVER,39,38,2,1535,1,Random,1,2,2,OSLA
-1112022837,Checkers,0,GAME_OVER,39,38,2,1536,1,Random,1,2,2,OSLA
1399308729,Checkers,0,GAME_OVER,42,41,2,1537,1,Random,1,2,2,OSLA
-879417256,Checkers,0,GAME_OVER,41,40,2,1538,1,Random,1,2,2,OSLA
1871388739,Checkers,0,GAME_OVER,44,43,2,1539,1,Random,1,2,2,OSLA
1221868741,Checkers,0,GAME_OVER,44,43,2,1540,1,Random,1,2,2,OSLA
-226707887,Checkers,0,GAME_OVER,35,34,2,1541,1,Random,1,2,2,OSLA
-481794513,Checkers,0,GAME_OVER,36,35,2,1542,1,Random,1,2,2,OSLA
1667352198,Checkers,0,GAME_OVER,42,41,2,1543,1,Random,1,2,2,OSLA
-1170055652,Checkers,0,GAME_OVER,42,41,2,1544,1,Random,1,2,2,OSLA
-2042540765,Checkers,0,GAME_OVER,52,51,2,1545,1,Random,1,2,2,OSLA
1822806693,Checkers,0,GAME_OVER,33,32,2,1546,1,Random,1,2,2,OSLA
-913640989,Checkers,0,GAME_OVER,40,39,2,1547,1,Random,1,2,2,OSLA
-839375338,Checkers,0,GAME_OVER,40,39,2,1548,1,Random,1,2,2,OSLA
1993279638,Checkers,0,GAME_OVER,39,38,2,1549,1,Random,1,2,2,OSLA
1332023192,Checkers,0,GAME_OVER,39,38,2,1550,1,Random,1,2,2,OSLA
-1526158354,Checkers,0,GAME_OVER,48,47,2,1551,1,Random,1,2,2,OSLA
768030165,Checkers,0,GAME_OVER,43,42,2,1552,1,Random,1,2,2,OSLA
-4522662,Checkers,0,GAME_OVER,38,37,2,1553,1,Random,1,2,2,OSLA
1735789247,Checkers,0,GAME_OVER,35,34,2,1554,1,Random,1,2,2,OSLA
2113586671,Checkers,0,GAME_OVER,55,54,2,1555,1,Random,1,2,2,OSLA
-152655907,Checkers,0,GAME_OVER,34,33,2,1556,1,Random,1,2,2,OSLA
1175873433,Checkers,0,GAME_OVER,42,41,2,1557,1,Random,1,2,2,OSLA
222117067,Checkers,0,GAME_OVER,44,43,2,1558,1,Random,1,2,2,OSLA
-248507587,Checkers,0,GAME_OVER,52,51,2,1559,1,Random,1,2,2,OSLA
-224371245,Checkers,0,GAME_OVER,41,40,2,1560,1,Random,1,2,2,OSLA
-691609747,Checkers,0,GAME_OVER,37,36,2,1561,1,Random,1,2,2,OSLA
322057929,Checkers,0,GAME_OVER,41,40,2,1562,1,Random,1,2,2,OSLA
803239122,Checkers,0,GAME_OVER,39,38,2,1563,1,Random,1,2,2,OSLA
593421959,Checkers,0,GAME_OVER,39,38,2,1564,1,Random,1,2,2,OSLA
-1245126511,Checkers,0,GAME_OVER,48,47,2,1565,1,Random,1,2,2,OSLA
1024401865,Checkers,0,GAME_OVER,39,38,2,1566,1,Random,1,2,2,OSLA
1321437724,Checkers,0,GAME_OVER,40,39,2,1567,1,Random,1,2,2,OSLA
-1348124620,Checkers,0,GAME_OVER,37,36,2,1568,1,Random,1,2,2,OSLA
283547994,Checkers,0,GAME_OVER,35,34,2,1569,1,Random,1,2,2,OSLA
-158985020,Checkers,0,GAME_OVER,41,40,2,1570,1,Random,1,2,2,OSLA
-492758255,Checkers,0,GAME_OVER,54,53,2,1571,1,Random,1,2,2,OSLA
1833564934,Checkers,0,GAME_OVER,58,57,2,1572,1,Random,1,2,2,OSLA
-224906009,Checkers,0,GAME_OVER,43,42,2,1573,1,Random,1,2,2,OSLA
2136695994,Checkers,0,GAME_OVER,43,42,2,1574,1,Random,1,2,2,OSLA
-2068476027,Checkers,0,GAME_OVER,61,60,2,1575,1,Random,1,2,2,OSLA
1558413275,Checkers,0,GAME_OVER,45,44,2,1576,1,Random,1,2,2,OSLA
1264718999,Checkers,0,GAME_OVER,42,41,2,1577,1,Random,1,2,2,OSLA
521294619,Checkers,0,GAME_OVER,41,40,2,1578,1,Random,1,2,2,OSLA
1947600831,Checkers,0,GAME_OVER,42,41,2,1579,1,Random,1,2,2,OSLA
1340833613,Checkers,0,GAME_OVER,40,39,2,1580,1,Random,1,2,2,OSLA
1415097531,Checkers,0,GAME_OVER,39,38,2,1581,1,Random,1,2,2,OSLA
491503207,Checkers,0,GAME_OVER,43,42,2,1582,1,Random,1,2,2,OSLA
2011490889,Checkers,0,GAME_OVER,42,41,2,1583,1,Random,1,2,2,OSLA
133942512,Checkers,0,GAME_OVER,41,40,2,1584,1,Random,1,2,2,OSLA
-1548158836,Checkers,0,GAME_OVER,48,47,2,1585,1,Random,1,2,2,OSLA
-70469352,Checkers,0,GAME_OVER,39,38,2,1586,1,Random,1,2,2,OSLA
1373698822,Checkers,0,GAME_OVER,54,53,2,1587,1,Random,1,2,2,OSLA
719792855,Checkers,0,GAME_OVER,38,37,2,1588,1,Random,1,2,2,OSLA
2013247839,Checkers,0,GAME_OVER,33,32,2,1589,1,Random,1,2,2,OSLA
-1373820225,Checkers,0,GAME_OVER,41,40,2,1590,1,Random,1,2,2,OSLA
-1226420342,Checkers,0,GAME_OVER,58,57,2,1591,1,Random,1,2,2,OSLA
43305309,Checkers,0,GAME_OVER,42,41,2,1592,1,Random,1,2,2,OSLA
1574499606,Checkers,0,GAME_OVER,40,39,2,1593,1,Random,1,2,2,OSLA
-1760764052,Checkers,0,GAME_OVER,40,39,2,1594,1,Random,1,2,2,OSLA
-1264995163,Checkers,0,GAME_OVER,45,44,2,1595,1,Random,1,2,2,OSLA
-1062371551,Checkers,0,GAME_OVER,44,43,2,1596,1,Random,1,2,2,OSLA
-1125881895,Checkers,0,GAME_OVER,39,38,2,1597,1,Random,1,2,2,OSLA
-529553070,Checkers,0,GAME_OVER,40,39,2,1598,1,Random,1,2,2,OSLA
1307334977,Checkers,0,GAME_OVER,42,41,2,1599,1,Random,1,2,2,OSLA
-1047134894,Checkers,0,GAME_OVER,43,42,2,1600,1,Random,1,2,2,OSLA
1306713350,Checkers,0,GAME_OVER,46,45,2,1601,1,Random,1,2,2,OSLA
-166180472,Checkers,0,GAME_OVER,35,34,2,1602,1,Random,1,2,2,Random
702970291,Checkers,0,GAME_OVER,43,42,2,1603,1,Random,1,2,2,Random
-2093688957,Checkers,0,GAME_OVER,94,93,2,1604,2,Random,2,1,1,Random
15277285,Checkers,0,GAME_OVER,42,41,2,1605,2,Random,2,1,1,Random
-1236454748,Checkers,0,GAME_OVER,76,75,2,1606,2,Random,2,1,1,Random
249439406,Checkers,0,GAME_OVER,45,44,2,1607,1,Random,1,2,2,Random
302495374,Checkers,0,GAME_OVER,48,47,2,1608,2,Random,2,1,1,Random
-741054849,Checkers,0,GAME_OVER,58,57,2,1609,1,Random,1,2,2,Random
-1426144559,Checkers,0,GAME_OVER,40,39,2,1610,1,Random,1,2,2,Random
118065288,Checkers,0,GAME_OVER,62,61,2,1611,2,Random,2,1,1,Random
1705451795,Checkers,0,GAME_OVER,47,46,2,1612,2,Random,2,1,1,Random
-1138379803,Checkers,0,GAME_OVER,35,34,2,1613,2,Random,2,1,1,Random
-792105690,Checkers,0,GAME_OVER,87,86,2,1614,1,Random,1,2,2,Random
251240563,Checkers,0,GAME_OVER,48,47,2,1615,2,Random,2,1,1,Random
616215289,Checkers,0,GAME_OVER,60,59,2,1616,1,Random,1,2,2,Random
286491649,Checkers,0,GAME_OVER,46,45,2,1617,2,Random,2,1,1,Random
-1837327222,Checkers,0,GAME_OVER,55,54,2,1618,2,Random,2,1,1,Random
1731803123,Checkers,0,GAME_OVER,45,44,2,1619,1,Random,1,2,2,Random
416791102,Checkers,0,GAME_OVER,56,55,2,1620,2,Random,2,1,1,Random
216396693,Checkers,0,GAME_OVER,70,69,2,1621,2,Random,2,1,1,Random
-848119213,Checkers,0,GAME_OVER,36,35,2,1622,2,Random,2,1,1,Random
-621865294,Checkers,0,GAME_OVER,44,43,2,1623,1,Random,1,2,2,Random
878598204,Checkers,0,GAME_OVER,38,37,2,1624,1,Random,1,2,2,Random
-1699676377,Checkers,0,GAME_OVER,46,45,2,1625,1,Random,1,2,2,Random
638614319,Checkers,0,GAME_OVER,60,59,2,1626,2,Random,2,1,1,Random
-1286171248,Checkers,0,GAME_OVER,52,51,2,1627,2,Random,2,1,1,Random
1496380205,Checkers,0,GAME_OVER,51,50,2,1628,1,Random,1,2,2,Random
-535007174,Checkers,0,GAME_OVER,56,55,2,1629,1,Random,1,2,2,Random
351376967,Checkers,0,GAME_OVER,47,46,2,1630,1,Random,1,2,2,Random
-1920732930,Checkers,0,GAME_OVER,44,43,2,1631,2,Random,2,1,1,Random
2092088305,Checkers,0,GAME_OVER,37,36,2,1632,1,Random,1,2,2,Random
-2053051970,Checkers,0,GAME_OVER,59,58,2,1633,2,Random,2,1,1,Random
-1794684255,Checkers,0,GAME_OVER,61,60,2,1634,2,Random,2,1,1,Random
-1721045876,Checkers,0,GAME_OVER,58,57,2,1635,2,Random,2,1,1,Random
-1727902706,Checkers,0,GAME_OVER,61,60,2,1636,1,Random,1,2,2,Random
975488968,Checkers,0,GAME_OVER,74,73,2,1637,2,Random,2,1,1,Random
1884247749,Checkers,0,GAME_OVER,51,50,2,1638,2,Random,2,1,1,Random
695442367,Checkers,0,GAME_OVER,43,42,2,1639,1,Random,1,2,2,Random
1999740919,Checkers,0,GAME_OVER,58,57,2,1640,1,Random,1,2,2,Random
-967129467,Checkers,0,GAME_OVER,73,72,2,1641,1,Random,1,2,2,Random
168838819,Checkers,0,GAME_OVER,50,49,2,1642,1,Random,1,2,2,Random
-2108529625,Checkers,0,GAME_OVER,47,46,2,1643,1,Random,1,2,2,Random
-2104692336,Checkers,0,GAME_OVER,43,42,2,1644,2,Random,2,1,1,Random
-1813011348,Checkers,0,GAME_OVER,58,57,2,1645,1,Random,1,2,2,Random
-1930282061,Checkers,0,GAME_OVER,63,62,2,1646,2,Random,2,1,1,Random
2023066801,Checkers,0,GAME_OVER,51,50,2,1647,1,Random,1,2,2,Random
102119153,Checkers,0,GAME_OVER,53,52,2,1648,2,Random,2,1,1,Random
-1548536910,Checkers,0,GAME_OVER,67,66,2,1649,2,Random,2,1,1,Random
1327076190,Checkers,0,GAME_OVER,54,53,2,1650,1,Random,1,2,2,Random
497806905,Checkers,0,GAME_OVER,44,43,2,1651,2,Random,2,1,1,Random
-76330646,Checkers,0,GAME_OVER,54,53,2,1652,2,Random,2,1,1,Random
264015619,Checkers,0,GAME_OVER,44,43,2,1653,2,Random,2,1,1,Random
1893404572,Checkers,0,GAME_OVER,59,58,2,1654,2,Random,2,1,1,Random
-565339805,Checkers,0,GAME_OVER,56,55,2,1655,1,Random,1,2,2,Random
-1175914298,Checkers,0,GAME_OVER,42,41,2,1656,2,Random,2,1,1,Random
-632265362,Checkers,0,GAME_OVER,42,41,2,1657,1,Random,1,2,2,Random
2046256605,Checkers,0,GAME_OVER,44,43,2,1658,1,Random,1,2,2,Random
1768457643,Checkers,0,GAME_OVER,49,48,2,1659,2,Random,2,1,1,Random
-1394766124,Checkers,0,GAME_OVER,40,39,2,1660,2,Random,2,1,1,Random
-1689546336,Checkers,0,GAME_OVER,42,41,2,1661,2,Random,2,1,1,Random
1875269677,Checkers,0,GAME_OVER,42,41,2,1662,1,Random,1,2,2,Random
1044422073,Checkers,0,GAME_OVER,58,57,2,1663,2,Random,2,1,1,Random
-670988510,Checkers,0,GAME_OVER,47,46,2,1664,1,Random,1,2,2,Random
-1153208236,Checkers,0,GAME_OVER,48,47,2,1665,2,Random,2,1,1,Random
1519893650,Checkers,0,GAME_OVER,37,36,2,1666,1,Random,1,2,2,Random
731102457,Checkers,0,GAME_OVER,69,68,2,1667,1,Random,1,2,2,Random
1810202379,Checkers,0,GAME_OVER,44,43,2,1668,1,Random,1,2,2,Random
682666506,Checkers,0,GAME_OVER,61,60,2,1669,2,Random,2,1,1,Random
-468511048,Checkers,0,GAME_OVER,62,61,2,1670,2,Random,2,1,1,Random
2106028651,Checkers,0,GAME_OVER,58,57,2,1671,2,Random,2,1,1,Random
1689297396,Checkers,0,GAME_OVER,56,55,2,1672,1,Random,1,2,2,Random
-1752144906,Checkers,0,GAME_OVER,55,54,2,1673,1,Random,1,2,2,Random
-104552497,Checkers,0,GAME_OVER,54,53,2,1674,1,Random,1,2,2,Random
1311743159,Checkers,0,GAME_OVER,31,30,2,1675,1,Random,1,2,2,Random
-31779374,Checkers,0,GAME_OVER,50,49,2,1676,1,Random,1,2,2,Random
1647512635,Checkers,0,GAME_OVER,66,65,2,1677,1,Random,1,2,2,Random
-1466885964,Checkers,0,GAME_OVER,51,50,2,1678,2,Random,2,1,1,Random
-237358204,Checkers,0,GAME_OVER,45,44,2,1679,1,Random,1,2,2,Random
1476668398,Checkers,0,GAME_OVER,43,42,2,1680,1,Random,1,2,2,Random
2041525592,Checkers,0,GAME_OVER,42,41,2,1681,1,Random,1,2,2,Random
-1783160242,Checkers,0,GAME_OVER,81,80,2,1682,1,Random,1,2,2,Random
-297938423,Checkers,0,GAME_OVER,91,90,2,1683,2,Random,2,1,1,Random
-1640736276,Checkers,0,GAME_OVER,64,63,2,1684,2,Random,2,1,1,Random
-1595788062,Checkers,0,GAME_OVER,42,41,2,1685,1,Random,1,2,2,Random
312006714,Checkers,0,GAME_OVER,55,54,2,1686,2,Random,2,1,1,Random
1198380771,Checkers,0,GAME_OVER,46,45,2,1687,1,Random,1,2,2,Random
1347895049,Checkers,0,GAME_OVER,56,55,2,1688,1,Random,1,2,2,Random
-2058389133,Checkers,0,GAME_OVER,71,70,2,1689,2,Random,2,1,1,Random
805075370,Checkers,0,GAME_OVER,46,45,2,1690,1,Random,1,2,2,Random
944778537,Checkers,0,GAME_OVER,51,50,2,1691,1,Random,1,2,2,Random
1429879203,Checkers,0,GAME_OVER,61,60,2,1692,2,Random,2,1,1,Random
2026556386,Checkers,0,GAME_OVER,81,80,2,1693,1,Random,1,2,2,Random
-166794102,Checkers,0,GAME_OVER,57,56,2,1694,1,Random,1,2,2,Random
58593981,Checkers,0,GAME_OVER,77,76,2,1695,1,Random,1,2,2,Random
-1977593602,Checkers,0,GAME_OVER,71,70,2,1696,2,Random,2,1,1,Random
1424551860,Checkers,0,GAME_OVER,57,56,2,1697,1,Random,1,2,2,Random
-294631709,Checkers,0,GAME_OVER,56,55,2,1698,2,Random,2,1,1,Random
1580888036,Checkers,0,GAME_OVER,62,61,2,1699,2,Random,2,1,1,Random
-1262192828,Checkers,0,GAME_OVER,73,72,2,1700,2,Random,2,1,1,Random
-520792367,Checkers,0,GAME_OVER,45,44,2,1701,1,Random,1,2,2,Random
255134340,Checkers,0,GAME_OVER,51,50,2,1702,2,Random,2,1,1,Random
-826436583,Checkers,0,GAME_OVER,87,86,2,1703,1,Random,1,2,2,Random
-1599117363,Checkers,0,GAME_OVER,63,62,2,1704,2,Random,2,1,1,Random
1407376506,Checkers,0,GAME_OVER,46,45,2,1705,2,Random,2,1,1,Random
1196226270,Checkers,0,GAME_OVER,68,67,2,1706,1,Random,1,2,2,Random
180317213,Checkers,0,GAME_OVER,66,65,2,1707,2,Random,2,1,1,Random
-1089034847,Checkers,0,GAME_OVER,40,39,2,1708,2,Random,2,1,1,Random
-661079174,Checkers,0,GAME_OVER,48,47,2,1709,2,Random,2,1,1,Random
141202736,Checkers,0,GAME_OVER,69,68,2,1710,1,Random,1,2,2,Random
539395410,Checkers,0,GAME_OVER,47,46,2,1711,1,Random,1,2,2,Random
-1613865414,Checkers,0,GAME_OVER,55,54,2,1712,1,Random,1,2,2,Random
1666986907,Checkers,0,GAME_OVER,33,32,2,1713,1,Random,1,2,2,Random
781509347,Checkers,0,GAME_OVER,47,46,2,1714,1,Random,1,2,2,Random
-1185713591,Checkers,0,GAME_OVER,46,45,2,1715,1,Random,1,2,2,Random
-768592755,Checkers,0,GAME_OVER,69,68,2,1716,1,Random,1,2,2,Random
1848283739,Checkers,0,GAME_OVER,46,45,2,1717,2,Random,2,1,1,Random
876527158,Checkers,0,GAME_OVER,48,47,2,1718,2,Random,2,1,1,Random
-1243257703,Checkers,0,GAME_OVER,49,48,2,1719,2,Random,2,1,1,Random
980760651,Checkers,0,GAME_OVER,45,44,2,1720,2,Random,2,1,1,Random
249467615,Checkers,0,GAME_OVER,48,47,2,1721,2,Random,2,1,1,Random
1096153373,Checkers,0,GAME_OVER,69,68,2,1722,1,Random,1,2,2,Random
1095634930,Checkers,0,GAME_OVER,44,43,2,1723,2,Random,2,1,1,Random
992054627,Checkers,0,GAME_OVER,57,56,2,1724,1,Random,1,2,2,Random
943147304,Checkers,0,GAME_OVER,61,60,2,1725,1,Random,1,2,2,Random
-25807258,Checkers,0,GAME_OVER,46,45,2,1726,1,Random,1,2,2,Random
-2024265103,Checkers,0,GAME_OVER,61,60,2,1727,2,Random,2,1,1,Random
-1895528500,Checkers,0,GAME_OVER,69,68,2,1728,2,Random,2,1,1,Random
897977476,Checkers,0,GAME_OVER,63,62,2,1729,1,Random,1,2,2,Random
965342494,Checkers,0,GAME_OVER,41,40,2,1730,2,Random,2,1,1,Random
-1255858635,Checkers,0,GAME_OVER,39,38,2,1731,2,Random,2,1,1,Random
-1355268224,Checkers,0,GAME_OVER,40,39,2,1732,2,Random,2,1,1,Random
-1557392058,Checkers,0,GAME_OVER,44,43,2,1733,2,Random,2,1,1,Random
149319218,Checkers,0,GAME_OVER,52,51,2,1734,1,Random,1,2,2,Random
-2141470671,Checkers,0,GAME_OVER,44,43,2,1735,2,Random,2,1,1,Random
-1112022837,Checkers,0,GAME_OVER,54,53,2,1736,1,Random,1,2,2,Random
1399308729,Checkers,0,GAME_OVER,43,42,2,1737,1,Random,1,2,2,Random
-879417256,Checkers,0,GAME_OVER,59,58,2,1738,1,Random,1,2,2,Random
1871388739,Checkers,0,GAME_OVER,64,63,2,1739,2,Random,2,1,1,Random
1221868741,Checkers,0,GAME_OVER,44,43,2,1740,2,Random,2,1,1,Random
-226707887,Checkers,0,GAME_OVER,48,47,2,1741,1,Random,1,2,2,Random
-481794513,Checkers,0,GAME_OVER,46,45,2,1742,2,Random,2,1,1,Random
1667352198,Checkers,0,GAME_OVER,80,79,2,1743,2,Random,2,1,1,Random
-1170055652,Checkers,0,GAME_OVER,60,59,2,1744,2,Random,2,1,1,Random
-2042540765,Checkers,0,GAME_OVER,54,53,2,1745,1,Random,1,2,2,Random
1822806693,Checkers,0,GAME_OVER,51,50,2,1746,2,Random,2,1,1,Random
-913640989,Checkers,0,GAME_OVER,74,73,2,1747,1,Random,1,2,2,Random
-839375338,Checkers,0,GAME_OVER,45,44,2,1748,1,Random,1,2,2,Random
1993279638,Checkers,0,GAME_OVER,83,82,2,1749,2,Random,2,1,1,Random
1332023192,Checkers,0,GAME_OVER,41,40,2,1750,1,Random,1,2,2,Random
-1526158354,Checkers,0,GAME_OVER,48,47,2,1751,2,Random,2,1,1,Random
768030165,Checkers,0,GAME_OVER,50,49,2,1752,2,Random,2,1,1,Random
-4522662,Checkers,0,GAME_OVER,55,54,2,1753,2,Random,2,1,1,Random
1735789247,Checkers,0,GAME_OVER,70,69,2,1754,2,Random,2,1,1,Random
2113586671,Checkers,0,GAME_OVER,37,36,2,1755,1,Random,1,2,2,Random
-152655907,Checkers,0,GAME_OVER,30,29,2,1756,2,Random,2,1,1,Random
1175873433,Checkers,0,GAME_OVER,85,84,2,1757,1,Random,1,2,2,Random
222117067,Checkers,0,GAME_OVER,82,81,2,1758,1,Random,1,2,2,Random
-248507587,Checkers,0,GAME_OVER,78,77,2,1759,1,Random,1,2,2,Random
-224371245,Checkers,0,GAME_OVER,88,87,2,1760,2,Random,2,1,1,Random
-691609747,Checkers,0,GAME_OVER,84,83,2,1761,2,Random,2,1,1,Random
322057929,Checkers,0,GAME_OVER,42,41,2,1762,1,Random,1,2,2,Random
803239122,Checkers,0,GAME_OVER,53,52,2,1763,1,Random,1,2,2,Random
593421959,Checkers,0,GAME_OVER,49,48,2,1764,2,Random,2,1,1,Random
-1245126511,Checkers,0,GAME_OVER,35,34,2,1765,2,Random,2,1,1,Random
1024401865,Checkers,0,GAME_OVER,33,32,2,1766,1,Random,1,2,2,Random
1321437724,Checkers,0,GAME_OVER,61,60,2,1767,1,Random,1,2,2,Random
-1348124620,Checkers,0,GAME_OVER,40,39,2,1768,2,Random,2,1,1,Random
283547994,Checkers,0,GAME_OVER,39,38,2,1769,2,Random,2,1,1,Random
-158985020,Checkers,0,GAME_OVER,61,60,2,1770,2,Random,2,1,1,Random
-492758255,Checkers,0,GAME_OVER,38,37,2,1771,1,Random,1,2,2,Random
1833564934,Checkers,0,GAME_OVER,43,42,2,1772,1,Random,1,2,2,Random
-224906009,Checkers,0,GAME_OVER,79,78,2,1773,2,Random,2,1,1,Random
2136695994,Checkers,0,GAME_OVER,43,42,2,1774,1,Random,1,2,2,Random
-2068476027,Checkers,0,GAME_OVER,46,45,2,1775,1,Random,1,2,2,Random
1558413275,Checkers,0,GAME_OVER,58,57,2,1776,1,Random,1,2,2,Random
1264718999,Checkers,0,GAME_OVER,43,42,2,1777,2,Random,2,1,1,Random
521294619,Checkers,0,GAME_OVER,51,50,2,1778,1,Random,1,2,2,Random
1947600831,Checkers,0,GAME_OVER,44,43,2,1779,2,Random,2,1,1,Random
1340833613,Checkers,0,GAME_OVER,43,42,2,1780,2,Random,2,1,1,Random
1415097531,Checkers,0,GAME_OVER,37,36,2,1781,2,Random,2,1,1,Random
491503207,Checkers,0,GAME_OVER,61,60,2,1782,2,Random,2,1,1,Random
2011490889,Checkers,0,GAME_OVER,47,46,2,1783,1,Random,1,2,2,Random
133942512,Checkers,0,GAME_OVER,51,50,2,1784,1,Random,1,2,2,Random
-1548158836,Checkers,0,GAME_OVER,56,55,2,1785,1,Random,1,2,2,Random
-70469352,Checkers,0,GAME_OVER,50,49,2,1786,2,Random,2,1,1,Random
1373698822,Checkers,0,GAME_OVER,43,42,2,1787,2,Random,2,1,1,Random
719792855,Checkers,0,GAME_OVER,54,53,2,1788,2,Random,2,1,1,Random
2013247839,Checkers,0,GAME_OVER,49,48,2,1789,1,Random,1,2,2,Random
-1373820225,Checkers,0,GAME_OVER,45,44,2,1790,2,Random,2,1,1,Random
-1226420342,Checkers,0,GAME_OVER,37,36,2,1791,2,Random,2,1,1,Random
43305309,Checkers,0,GAME_OVER,46,45,2,1792,2,Random,2,1,1,Random
1574499606,Checkers,0,GAME_OVER,45,44,2,1793,1,Random,1,2,2,Random
-1760764052,Checkers,0,GAME_OVER,49,48,2,1794,2,Random,2,1,1,Random
-1264995163,Checkers,0,GAME_OVER,44,43,2,1795,2,Random,2,1,1,Random
-1062371551,Checkers,0,GAME_OVER,63,62,2,1796,1,Random,1,2,2,Random
-1125881895,Checkers,0,GAME_OVER,52,51,2,1797,1,Random,1,2,2,Random
-529553070,Checkers,0,GAME_OVER,82,81,2,1798,2,Random,2,1,1,Random
1307334977,Checkers,0,GAME_OVER,54,53,2,1799,1,Random,1,2,2,Random
-1047134894,Checkers,0,GAME_OVER,53,52,2,1800,2,Random,2,1,1,Random
1306713350,Checkers,0,GAME_OVER,83,82,2,1801,2,Random,2,1,1,Random
