GameSeed,GameName,Round,Event,Tick,Turn,PlayerCount,GameID,PlayerType-1,PlayerType-0
-166180472,Checkers,0,GAME_OVER,80,79,2,2,MCTS_v0,MCTS_v0
702970291,Checkers,0,GAME_OVER,124,123,2,3,MCTS_v0,MCTS_v0
-2093688957,Checkers,0,GAME_OVER,82,81,2,4,MCTS_v0,MCTS_v0
15277285,Checkers,0,GAME_OVER,108,107,2,5,MCTS_v0,MCTS_v0
-1236454748,Checkers,0,GAME_OVER,144,143,2,6,MCTS_v0,MCTS_v0
249439406,Checkers,0,GAME_OVER,130,129,2,7,MCTS_v0,MCTS_v0
302495374,Checkers,0,GAME_OVER,107,106,2,8,MCTS_v0,MCTS_v0
-741054849,Checkers,0,GAME_OVER,55,54,2,9,MCTS_v0,MCTS_v0
-1426144559,Checkers,0,GAME_OVER,69,68,2,10,MCTS_v0,MCTS_v0
118065288,Checkers,0,GAME_OVER,152,151,2,11,MCTS_v0,MCTS_v0
1705451795,Checkers,0,GAME_OVER,58,57,2,12,MCTS_v0,MCTS_v0
-1138379803,Checkers,0,GAME_OVER,53,52,2,13,MCTS_v0,MCTS_v0
-792105690,Checkers,0,GAME_OVER,47,46,2,14,MCTS_v0,MCTS_v0
251240563,Checkers,0,GAME_OVER,61,60,2,15,MCTS_v0,MCTS_v0
616215289,Checkers,0,GAME_OVER,66,65,2,16,MCTS_v0,MCTS_v0
286491649,Checkers,0,GAME_OVER,91,90,2,17,MCTS_v0,MCTS_v0
-1837327222,Checkers,0,GAME_OVER,106,105,2,18,MCTS_v0,MCTS_v0
1731803123,Checkers,0,GAME_OVER,150,149,2,19,MCTS_v0,MCTS_v0
416791102,Checkers,0,GAME_OVER,50,49,2,20,MCTS_v0,MCTS_v0
216396693,Checkers,0,GAME_OVER,169,168,2,21,MCTS_v0,MCTS_v0
-848119213,Checkers,0,GAME_OVER,77,76,2,22,MCTS_v0,MCTS_v0
-621865294,Checkers,0,GAME_OVER,53,52,2,23,MCTS_v0,MCTS_v0
878598204,Checkers,0,GAME_OVER,54,53,2,24,MCTS_v0,MCTS_v0
-1699676377,Checkers,0,GAME_OVER,73,72,2,25,MCTS_v0,MCTS_v0
638614319,Checkers,0,GAME_OVER,55,54,2,26,MCTS_v0,MCTS_v0
-1286171248,Checkers,0,GAME_OVER,50,49,2,27,MCTS_v0,MCTS_v0
1496380205,Checkers,0,GAME_OVER,59,58,2,28,MCTS_v0,MCTS_v0
-535007174,Checkers,0,GAME_OVER,75,74,2,29,MCTS_v0,MCTS_v0
351376967,Checkers,0,GAME_OVER,68,67,2,30,MCTS_v0,MCTS_v0
-1920732930,Checkers,0,GAME_OVER,113,112,2,31,MCTS_v0,MCTS_v0
2092088305,Checkers,0,GAME_OVER,95,94,2,32,MCTS_v0,MCTS_v0
-2053051970,Checkers,0,GAME_OVER,113,112,2,33,MCTS_v0,MCTS_v0
-1794684255,Checkers,0,GAME_OVER,131,130,2,34,MCTS_v0,MCTS_v0
-1721045876,Checkers,0,GAME_OVER,70,69,2,35,MCTS_v0,MCTS_v0
-1727902706,Checkers,0,GAME_OVER,58,57,2,36,MCTS_v0,MCTS_v0
975488968,Checkers,0,GAME_OVER,62,61,2,37,MCTS_v0,MCTS_v0
1884247749,Checkers,0,GAME_OVER,47,46,2,38,MCTS_v0,MCTS_v0
695442367,Checkers,0,GAME_OVER,54,53,2,39,MCTS_v0,MCTS_v0
1999740919,Checkers,0,GAME_OVER,59,58,2,40,MCTS_v0,MCTS_v0
-967129467,Checkers,0,GAME_OVER,57,56,2,41,MCTS_v0,MCTS_v0
168838819,Checkers,0,GAME_OVER,62,61,2,42,MCTS_v0,MCTS_v0
-2108529625,Checkers,0,GAME_OVER,141,140,2,43,MCTS_v0,MCTS_v0
-2104692336,Checkers,0,GAME_OVER,118,117,2,44,MCTS_v0,MCTS_v0
-1813011348,Checkers,0,GAME_OVER,110,109,2,45,MCTS_v0,MCTS_v0
-1930282061,Checkers,0,GAME_OVER,70,69,2,46,MCTS_v0,MCTS_v0
2023066801,Checkers,0,GAME_OVER,80,79,2,47,MCTS_v0,MCTS_v0
102119153,Checkers,0,GAME_OVER,39,38,2,48,MCTS_v0,MCTS_v0
-1548536910,Checkers,0,GAME_OVER,83,82,2,49,MCTS_v0,MCTS_v0
1327076190,Checkers,0,GAME_OVER,53,52,2,50,MCTS_v0,MCTS_v0
497806905,Checkers,0,GAME_OVER,62,61,2,51,MCTS_v0,MCTS_v0
-76330646,Checkers,0,GAME_OVER,52,51,2,52,MCTS_v0,MCTS_v0
264015619,Checkers,0,GAME_OVER,94,93,2,53,MCTS_v0,MCTS_v0
1893404572,Checkers,0,GAME_OVER,51,50,2,54,MCTS_v0,MCTS_v0
-565339805,Checkers,0,GAME_OVER,71,70,2,55,MCTS_v0,MCTS_v0
-1175914298,Checkers,0,GAME_OVER,99,98,2,56,MCTS_v0,MCTS_v0
-632265362,Checkers,0,GAME_OVER,60,59,2,57,MCTS_v0,MCTS_v0
2046256605,Checkers,0,GAME_OVER,58,57,2,58,MCTS_v0,MCTS_v0
1768457643,Checkers,0,GAME_OVER,58,57,2,59,MCTS_v0,MCTS_v0
-1394766124,Checkers,0,GAME_OVER,122,121,2,60,MCTS_v0,MCTS_v0
-1689546336,Checkers,0,GAME_OVER,101,100,2,61,MCTS_v0,MCTS_v0
1875269677,Checkers,0,GAME_OVER,60,59,2,62,MCTS_v0,MCTS_v0
1044422073,Checkers,0,GAME_OVER,52,51,2,63,MCTS_v0,MCTS_v0
-670988510,Checkers,0,GAME_OVER,103,102,2,64,MCTS_v0,MCTS_v0
-1153208236,Checkers,0,GAME_OVER,107,106,2,65,MCTS_v0,MCTS_v0
1519893650,Checkers,0,GAME_OVER,50,49,2,66,MCTS_v0,MCTS_v0
731102457,Checkers,0,GAME_OVER,79,78,2,67,MCTS_v0,MCTS_v0
1810202379,Checkers,0,GAME_OVER,61,60,2,68,MCTS_v0,MCTS_v0
682666506,Checkers,0,GAME_OVER,48,47,2,69,MCTS_v0,MCTS_v0
-468511048,Checkers,0,GAME_OVER,48,47,2,70,MCTS_v0,MCTS_v0
2106028651,Checkers,0,GAME_OVER,71,70,2,71,MCTS_v0,MCTS_v0
1689297396,Checkers,0,GAME_OVER,67,66,2,72,MCTS_v0,MCTS_v0
-1752144906,Checkers,0,GAME_OVER,81,80,2,73,MCTS_v0,MCTS_v0
-104552497,Checkers,0,GAME_OVER,67,66,2,74,MCTS_v0,MCTS_v0
1311743159,Checkers,0,GAME_OVER,54,53,2,75,MCTS_v0,MCTS_v0
-31779374,Checkers,0,GAME_OVER,93,92,2,76,MCTS_v0,MCTS_v0
1647512635,Checkers,0,GAME_OVER,67,66,2,77,MCTS_v0,MCTS_v0
-1466885964,Checkers,0,GAME_OVER,65,64,2,78,MCTS_v0,MCTS_v0
-237358204,Checkers,0,GAME_OVER,122,121,2,79,MCTS_v0,MCTS_v0
1476668398,Checkers,0,GAME_OVER,60,59,2,80,MCTS_v0,MCTS_v0
2041525592,Checkers,0,GAME_OVER,51,50,2,81,MCTS_v0,MCTS_v0
-1783160242,Checkers,0,GAME_OVER,135,134,2,82,MCTS_v0,MCTS_v0
-297938423,Checkers,0,GAME_OVER,102,101,2,83,MCTS_v0,MCTS_v0
-1640736276,Checkers,0,GAME_OVER,66,65,2,84,MCTS_v0,MCTS_v0
-1595788062,Checkers,0,GAME_OVER,58,57,2,85,MCTS_v0,MCTS_v0
312006714,Checkers,0,GAME_OVER,86,85,2,86,MCTS_v0,MCTS_v0
1198380771,Checkers,0,GAME_OVER,48,47,2,87,MCTS_v0,MCTS_v0
1347895049,Checkers,0,GAME_OVER,110,109,2,88,MCTS_v0,MCTS_v0
-2058389133,Checkers,0,GAME_OVER,55,54,2,89,MCTS_v0,MCTS_v0
805075370,Checkers,0,GAME_OVER,52,51,2,90,MCTS_v0,MCTS_v0
944778537,Checkers,0,GAME_OVER,158,157,2,91,MCTS_v0,MCTS_v0
1429879203,Checkers,0,GAME_OVER,62,61,2,92,MCTS_v0,MCTS_v0
2026556386,Checkers,0,GAME_OVER,57,56,2,93,MCTS_v0,MCTS_v0
-166794102,Checkers,0,GAME_OVER,88,87,2,94,MCTS_v0,MCTS_v0
58593981,Checkers,0,GAME_OVER,63,62,2,95,MCTS_v0,MCTS_v0
-1977593602,Checkers,0,GAME_OVER,79,78,2,96,MCTS_v0,MCTS_v0
1424551860,Checkers,0,GAME_OVER,175,174,2,97,MCTS_v0,MCTS_v0
-294631709,Checkers,0,GAME_OVER,115,114,2,98,MCTS_v0,MCTS_v0
1580888036,Checkers,0,GAME_OVER,87,86,2,99,MCTS_v0,MCTS_v0
-1262192828,Checkers,0,GAME_OVER,126,125,2,100,MCTS_v0,MCTS_v0
-520792367,Checkers,0,GAME_OVER,51,50,2,101,MCTS_v0,MCTS_v0
255134340,Checkers,0,GAME_OVER,46,45,2,102,MCTS_v0,MCTS_v0
-826436583,Checkers,0,GAME_OVER,67,66,2,103,MCTS_v0,MCTS_v0
-1599117363,Checkers,0,GAME_OVER,61,60,2,104,MCTS_v0,MCTS_v0
1407376506,Checkers,0,GAME_OVER,113,112,2,105,MCTS_v0,MCTS_v0
1196226270,Checkers,0,GAME_OVER,62,61,2,106,MCTS_v0,MCTS_v0
180317213,Checkers,0,GAME_OVER,66,65,2,107,MCTS_v0,MCTS_v0
-1089034847,Checkers,0,GAME_OVER,106,105,2,108,MCTS_v0,MCTS_v0
-661079174,Checkers,0,GAME_OVER,125,124,2,109,MCTS_v0,MCTS_v0
141202736,Checkers,0,GAME_OVER,57,56,2,110,MCTS_v0,MCTS_v0
539395410,Checkers,0,GAME_OVER,148,147,2,111,MCTS_v0,MCTS_v0
-1613865414,Checkers,0,GAME_OVER,68,67,2,112,MCTS_v0,MCTS_v0
1666986907,Checkers,0,GAME_OVER,152,151,2,113,MCTS_v0,MCTS_v0
781509347,Checkers,0,GAME_OVER,64,63,2,114,MCTS_v0,MCTS_v0
-1185713591,Checkers,0,GAME_OVER,108,107,2,115,MCTS_v0,MCTS_v0
-768592755,Checkers,0,GAME_OVER,124,123,2,116,MCTS_v0,MCTS_v0
1848283739,Checkers,0,GAME_OVER,56,55,2,117,MCTS_v0,MCTS_v0
876527158,Checkers,0,GAME_OVER,78,77,2,118,MCTS_v0,MCTS_v0
-1243257703,Checkers,0,GAME_OVER,60,59,2,119,MCTS_v0,MCTS_v0
980760651,Checkers,0,GAME_OVER,113,112,2,120,MCTS_v0,MCTS_v0
249467615,Checkers,0,GAME_OVER,49,48,2,121,MCTS_v0,MCTS_v0
1096153373,Checkers,0,GAME_OVER,152,151,2,122,MCTS_v0,MCTS_v0
1095634930,Checkers,0,GAME_OVER,62,61,2,123,MCTS_v0,MCTS_v0
992054627,Checkers,0,GAME_OVER,76,75,2,124,MCTS_v0,MCTS_v0
943147304,Checkers,0,GAME_OVER,59,58,2,125,MCTS_v0,MCTS_v0
-25807258,Checkers,0,GAME_OVER,50,49,2,126,MCTS_v0,MCTS_v0
-2024265103,Checkers,0,GAME_OVER,64,63,2,127,MCTS_v0,MCTS_v0
-1895528500,Checkers,0,GAME_OVER,162,161,2,128,MCTS_v0,MCTS_v0
897977476,Checkers,0,GAME_OVER,124,123,2,129,MCTS_v0,MCTS_v0
965342494,Checkers,0,GAME_OVER,122,121,2,130,MCTS_v0,MCTS_v0
-1255858635,Checkers,0,GAME_OVER,122,121,2,131,MCTS_v0,MCTS_v0
-1355268224,Checkers,0,GAME_OVER,185,184,2,132,MCTS_v0,MCTS_v0
-1557392058,Checkers,0,GAME_OVER,158,157,2,133,MCTS_v0,MCTS_v0
149319218,Checkers,0,GAME_OVER,79,78,2,134,MCTS_v0,MCTS_v0
-2141470671,Checkers,0,GAME_OVER,46,45,2,135,MCTS_v0,MCTS_v0
-1112022837,Checkers,0,GAME_OVER,47,46,2,136,MCTS_v0,MCTS_v0
1399308729,Checkers,0,GAME_OVER,119,118,2,137,MCTS_v0,MCTS_v0
-879417256,Checkers,0,GAME_OVER,56,55,2,138,MCTS_v0,MCTS_v0
1871388739,Checkers,0,GAME_OVER,57,56,2,139,MCTS_v0,MCTS_v0
1221868741,Checkers,0,GAME_OVER,61,60,2,140,MCTS_v0,MCTS_v0
-226707887,Checkers,0,GAME_OVER,176,175,2,141,MCTS_v0,MCTS_v0
-481794513,Checkers,0,GAME_OVER,122,121,2,142,MCTS_v0,MCTS_v0
1667352198,Checkers,0,GAME_OVER,128,127,2,143,MCTS_v0,MCTS_v0
-1170055652,Checkers,0,GAME_OVER,50,49,2,144,MCTS_v0,MCTS_v0
-2042540765,Checkers,0,GAME_OVER,59,58,2,145,MCTS_v0,MCTS_v0
1822806693,Checkers,0,GAME_OVER,95,94,2,146,MCTS_v0,MCTS_v0
-913640989,Checkers,0,GAME_OVER,103,102,2,147,MCTS_v0,MCTS_v0
-839375338,Checkers,0,GAME_OVER,67,66,2,148,MCTS_v0,MCTS_v0
1993279638,Checkers,0,GAME_OVER,116,115,2,149,MCTS_v0,MCTS_v0
1332023192,Checkers,0,GAME_OVER,54,53,2,150,MCTS_v0,MCTS_v0
-1526158354,Checkers,0,GAME_OVER,67,66,2,151,MCTS_v0,MCTS_v0
768030165,Checkers,0,GAME_OVER,100,99,2,152,MCTS_v0,MCTS_v0
-4522662,Checkers,0,GAME_OVER,75,74,2,153,MCTS_v0,MCTS_v0
1735789247,Checkers,0,GAME_OVER,43,42,2,154,MCTS_v0,MCTS_v0
2113586671,Checkers,0,GAME_OVER,93,92,2,155,MCTS_v0,MCTS_v0
-152655907,Checkers,0,GAME_OVER,111,110,2,156,MCTS_v0,MCTS_v0
1175873433,Checkers,0,GAME_OVER,182,181,2,157,MCTS_v0,MCTS_v0
222117067,Checkers,0,GAME_OVER,52,51,2,158,MCTS_v0,MCTS_v0
-248507587,Checkers,0,GAME_OVER,66,65,2,159,MCTS_v0,MCTS_v0
-224371245,Checkers,0,GAME_OVER,65,64,2,160,MCTS_v0,MCTS_v0
-691609747,Checkers,0,GAME_OVER,52,51,2,161,MCTS_v0,MCTS_v0
322057929,Checkers,0,GAME_OVER,53,52,2,162,MCTS_v0,MCTS_v0
803239122,Checkers,0,GAME_OVER,78,77,2,163,MCTS_v0,MCTS_v0
593421959,Checkers,0,GAME_OVER,71,70,2,164,MCTS_v0,MCTS_v0
-1245126511,Checkers,0,GAME_OVER,60,59,2,165,MCTS_v0,MCTS_v0
1024401865,Checkers,0,GAME_OVER,108,107,2,166,MCTS_v0,MCTS_v0
1321437724,Checkers,0,GAME_OVER,103,102,2,167,MCTS_v0,MCTS_v0
-1348124620,Checkers,0,GAME_OVER,108,107,2,168,MCTS_v0,MCTS_v0
283547994,Checkers,0,GAME_OVER,55,54,2,169,MCTS_v0,MCTS_v0
-158985020,Checkers,0,GAME_OVER,62,61,2,170,MCTS_v0,MCTS_v0
-492758255,Checkers,0,GAME_OVER,109,108,2,171,MCTS_v0,MCTS_v0
1833564934,Checkers,0,GAME_OVER,88,87,2,172,MCTS_v0,MCTS_v0
-224906009,Checkers,0,GAME_OVER,182,181,2,173,MCTS_v0,MCTS_v0
2136695994,Checkers,0,GAME_OVER,84,83,2,174,MCTS_v0,MCTS_v0
-2068476027,Checkers,0,GAME_OVER,139,138,2,175,MCTS_v0,MCTS_v0
1558413275,Checkers,0,GAME_OVER,50,49,2,176,MCTS_v0,MCTS_v0
1264718999,Checkers,0,GAME_OVER,57,56,2,177,MCTS_v0,MCTS_v0
521294619,Checkers,0,GAME_OVER,142,141,2,178,MCTS_v0,MCTS_v0
1947600831,Checkers,0,GAME_OVER,82,81,2,179,MCTS_v0,MCTS_v0
1340833613,Checkers,0,GAME_OVER,49,48,2,180,MCTS_v0,MCTS_v0
1415097531,Checkers,0,GAME_OVER,154,153,2,181,MCTS_v0,MCTS_v0
491503207,Checkers,0,GAME_OVER,54,53,2,182,MCTS_v0,MCTS_v0
2011490889,Checkers,0,GAME_OVER,45,44,2,183,MCTS_v0,MCTS_v0
133942512,Checkers,0,GAME_OVER,154,153,2,184,MCTS_v0,MCTS_v0
-1548158836,Checkers,0,GAME_OVER,62,61,2,185,MCTS_v0,MCTS_v0
-70469352,Checkers,0,GAME_OVER,60,59,2,186,MCTS_v0,MCTS_v0
1373698822,Checkers,0,GAME_OVER,68,67,2,187,MCTS_v0,MCTS_v0
719792855,Checkers,0,GAME_OVER,49,48,2,188,MCTS_v0,MCTS_v0
2013247839,Checkers,0,GAME_OVER,156,155,2,189,MCTS_v0,MCTS_v0
-1373820225,Checkers,0,GAME_OVER,164,163,2,190,MCTS_v0,MCTS_v0
-1226420342,Checkers,0,GAME_OVER,62,61,2,191,MCTS_v0,MCTS_v0
43305309,Checkers,0,GAME_OVER,56,55,2,192,MCTS_v0,MCTS_v0
1574499606,Checkers,0,GAME_OVER,45,44,2,193,MCTS_v0,MCTS_v0
-1760764052,Checkers,0,GAME_OVER,76,75,2,194,MCTS_v0,MCTS_v0
-1264995163,Checkers,0,GAME_OVER,51,50,2,195,MCTS_v0,MCTS_v0
-1062371551,Checkers,0,GAME_OVER,143,142,2,196,MCTS_v0,MCTS_v0
-1125881895,Checkers,0,GAME_OVER,136,135,2,197,MCTS_v0,MCTS_v0
-529553070,Checkers,0,GAME_OVER,49,48,2,198,MCTS_v0,MCTS_v0
1307334977,Checkers,0,GAME_OVER,207,206,2,199,MCTS_v0,MCTS_v0
-1047134894,Checkers,0,GAME_OVER,143,142,2,200,MCTS_v0,MCTS_v0
1306713350,Checkers,0,GAME_OVER,72,71,2,201,MCTS_v0,MCTS_v0
-166180472,Checkers,0,GAME_OVER,56,55,2,202,OSLA,MCTS_v0
702970291,Checkers,0,GAME_OVER,92,91,2,203,OSLA,MCTS_v0
-2093688957,Checkers,0,GAME_OVER,51,50,2,204,OSLA,MCTS_v0
15277285,Checkers,0,GAME_OVER,51,50,2,205,OSLA,MCTS_v0
-1236454748,Checkers,0,GAME_OVER,104,103,2,206,OSLA,MCTS_v0
249439406,Checkers,0,GAME_OVER,89,88,2,207,OSLA,MCTS_v0
302495374,Checkers,0,GAME_OVER,76,75,2,208,OSLA,MCTS_v0
-741054849,Checkers,0,GAME_OVER,159,158,2,209,OSLA,MCTS_v0
-1426144559,Checkers,0,GAME_OVER,94,93,2,210,OSLA,MCTS_v0
118065288,Checkers,0,GAME_OVER,83,82,2,211,OSLA,MCTS_v0
1705451795,Checkers,0,GAME_OVER,46,45,2,212,OSLA,MCTS_v0
-1138379803,Checkers,0,GAME_OVER,95,94,2,213,OSLA,MCTS_v0
-792105690,Checkers,0,GAME_OVER,121,120,2,214,OSLA,MCTS_v0
251240563,Checkers,0,GAME_OVER,142,141,2,215,OSLA,MCTS_v0
616215289,Checkers,0,GAME_OVER,93,92,2,216,OSLA,MCTS_v0
286491649,Checkers,0,GAME_OVER,136,135,2,217,OSLA,MCTS_v0
-1837327222,Checkers,0,GAME_OVER,36,35,2,218,OSLA,MCTS_v0
1731803123,Checkers,0,GAME_OVER,74,73,2,219,OSLA,MCTS_v0
416791102,Checkers,0,GAME_OVER,103,102,2,220,OSLA,MCTS_v0
216396693,Checkers,0,GAME_OVER,42,41,2,221,OSLA,MCTS_v0
-848119213,Checkers,0,GAME_OVER,132,131,2,222,OSLA,MCTS_v0
-621865294,Checkers,0,GAME_OVER,79,78,2,223,OSLA,MCTS_v0
878598204,Checkers,0,GAME_OVER,73,72,2,224,OSLA,MCTS_v0
-1699676377,Checkers,0,GAME_OVER,51,50,2,225,OSLA,MCTS_v0
638614319,Checkers,0,GAME_OVER,39,38,2,226,OSLA,MCTS_v0
-1286171248,Checkers,0,GAME_OVER,111,110,2,227,OSLA,MCTS_v0
1496380205,Checkers,0,GAME_OVER,92,91,2,228,OSLA,MCTS_v0
-535007174,Checkers,0,GAME_OVER,95,94,2,229,OSLA,MCTS_v0
351376967,Checkers,0,GAME_OVER,54,53,2,230,OSLA,MCTS_v0
-1920732930,Checkers,0,GAME_OVER,83,82,2,231,OSLA,MCTS_v0
2092088305,Checkers,0,GAME_OVER,65,64,2,232,OSLA,MCTS_v0
-2053051970,Checkers,0,GAME_OVER,70,69,2,233,OSLA,MCTS_v0
-1794684255,Checkers,0,GAME_OVER,118,117,2,234,OSLA,MCTS_v0
-1721045876,Checkers,0,GAME_OVER,69,68,2,235,OSLA,MCTS_v0
-1727902706,Checkers,0,GAME_OVER,61,60,2,236,OSLA,MCTS_v0
975488968,Checkers,0,GAME_OVER,101,100,2,237,OSLA,MCTS_v0
1884247749,Checkers,0,GAME_OVER,54,53,2,238,OSLA,MCTS_v0
695442367,Checkers,0,GAME_OVER,76,75,2,239,OSLA,MCTS_v0
1999740919,Checkers,0,GAME_OVER,113,112,2,240,OSLA,MCTS_v0
-967129467,Checkers,0,GAME_OVER,95,94,2,241,OSLA,MCTS_v0
168838819,Checkers,0,GAME_OVER,57,56,2,242,OSLA,MCTS_v0
-2108529625,Checkers,0,GAME_OVER,99,98,2,243,OSLA,MCTS_v0
-2104692336,Checkers,0,GAME_OVER,76,75,2,244,OSLA,MCTS_v0
-1813011348,Checkers,0,GAME_OVER,64,63,2,245,OSLA,MCTS_v0
-1930282061,Checkers,0,GAME_OVER,96,95,2,246,OSLA,MCTS_v0
2023066801,Checkers,0,GAME_OVER,43,42,2,247,OSLA,MCTS_v0
102119153,Checkers,0,GAME_OVER,87,86,2,248,OSLA,MCTS_v0
-1548536910,Checkers,0,GAME_OVER,44,43,2,249,OSLA,MCTS_v0
1327076190,Checkers,0,GAME_OVER,70,69,2,250,OSLA,MCTS_v0
497806905,Checkers,0,GAME_OVER,40,39,2,251,OSLA,MCTS_v0
-76330646,Checkers,0,GAME_OVER,45,44,2,252,OSLA,MCTS_v0
264015619,Checkers,0,GAME_OVER,62,61,2,253,OSLA,MCTS_v0
1893404572,Checkers,0,GAME_OVER,109,108,2,254,OSLA,MCTS_v0
-565339805,Checkers,0,GAME_OVER,70,69,2,255,OSLA,MCTS_v0
-1175914298,Checkers,0,GAME_OVER,117,116,2,256,OSLA,MCTS_v0
-632265362,Checkers,0,GAME_OVER,51,50,2,257,OSLA,MCTS_v0
2046256605,Checkers,0,GAME_OVER,53,52,2,258,OSLA,MCTS_v0
1768457643,Checkers,0,GAME_OVER,85,84,2,259,OSLA,MCTS_v0
-1394766124,Checkers,0,GAME_OVER,46,45,2,260,OSLA,MCTS_v0
-1689546336,Checkers,0,GAME_OVER,77,76,2,261,OSLA,MCTS_v0
1875269677,Checkers,0,GAME_OVER,112,111,2,262,OSLA,MCTS_v0
1044422073,Checkers,0,GAME_OVER,99,98,2,263,OSLA,MCTS_v0
-670988510,Checkers,0,GAME_OVER,123,122,2,264,OSLA,MCTS_v0
-1153208236,Checkers,0,GAME_OVER,57,56,2,265,OSLA,MCTS_v0
1519893650,Checkers,0,GAME_OVER,49,48,2,266,OSLA,MCTS_v0
731102457,Checkers,0,GAME_OVER,101,100,2,267,OSLA,MCTS_v0
1810202379,Checkers,0,GAME_OVER,48,47,2,268,OSLA,MCTS_v0
682666506,Checkers,0,GAME_OVER,58,57,2,269,OSLA,MCTS_v0
-468511048,Checkers,0,GAME_OVER,65,64,2,270,OSLA,MCTS_v0
2106028651,Checkers,0,GAME_OVER,70,69,2,271,OSLA,MCTS_v0
1689297396,Checkers,0,GAME_OVER,55,54,2,272,OSLA,MCTS_v0
-1752144906,Checkers,0,GAME_OVER,43,42,2,273,OSLA,MCTS_v0
-104552497,Checkers,0,GAME_OVER,51,50,2,274,OSLA,MCTS_v0
1311743159,Checkers,0,GAME_OVER,52,51,2,275,OSLA,MCTS_v0
-31779374,Checkers,0,GAME_OVER,47,46,2,276,OSLA,MCTS_v0
1647512635,Checkers,0,GAME_OVER,52,51,2,277,OSLA,MCTS_v0
-1466885964,Checkers,0,GAME_OVER,80,79,2,278,OSLA,MCTS_v0
-237358204,Checkers,0,GAME_OVER,98,97,2,279,OSLA,MCTS_v0
1476668398,Checkers,0,GAME_OVER,57,56,2,280,OSLA,MCTS_v0
2041525592,Checkers,0,GAME_OVER,76,75,2,281,OSLA,MCTS_v0
-1783160242,Checkers,0,GAME_OVER,53,52,2,282,OSLA,MCTS_v0
-297938423,Checkers,0,GAME_OVER,71,70,2,283,OSLA,MCTS_v0
-1640736276,Checkers,0,GAME_OVER,72,71,2,284,OSLA,MCTS_v0
-1595788062,Checkers,0,GAME_OVER,69,68,2,285,OSLA,MCTS_v0
312006714,Checkers,0,GAME_OVER,56,55,2,286,OSLA,MCTS_v0
1198380771,Checkers,0,GAME_OVER,56,55,2,287,OSLA,MCTS_v0
1347895049,Checkers,0,GAME_OVER,61,60,2,288,OSLA,MCTS_v0
-2058389133,Checkers,0,GAME_OVER,51,50,2,289,OSLA,MCTS_v0
805075370,Checkers,0,GAME_OVER,56,55,2,290,OSLA,MCTS_v0
944778537,Checkers,0,GAME_OVER,103,102,2,291,OSLA,MCTS_v0
1429879203,Checkers,0,GAME_OVER,111,110,2,292,OSLA,MCTS_v0
2026556386,Checkers,0,GAME_OVER,61,60,2,293,OSLA,MCTS_v0
-166794102,Checkers,0,GAME_OVER,76,75,2,294,OSLA,MCTS_v0
58593981,Checkers,0,GAME_OVER,72,71,2,295,OSLA,MCTS_v0
-1977593602,Checkers,0,GAME_OVER,104,103,2,296,OSLA,MCTS_v0
1424551860,Checkers,0,GAME_OVER,126,125,2,297,OSLA,MCTS_v0
-294631709,Checkers,0,GAME_OVER,52,51,2,298,OSLA,MCTS_v0
1580888036,Checkers,0,GAME_OVER,63,62,2,299,OSLA,MCTS_v0
-1262192828,Checkers,0,GAME_OVER,45,44,2,300,OSLA,MCTS_v0
-520792367,Checkers,0,GAME_OVER,91,90,2,301,OSLA,MCTS_v0
255134340,Checkers,0,GAME_OVER,91,90,2,302,OSLA,MCTS_v0
-826436583,Checkers,0,GAME_OVER,59,58,2,303,OSLA,MCTS_v0
-1599117363,Checkers,0,GAME_OVER,126,125,2,304,OSLA,MCTS_v0
1407376506,Checkers,0,GAME_OVER,133,132,2,305,OSLA,MCTS_v0
1196226270,Checkers,0,GAME_OVER,51,50,2,306,OSLA,MCTS_v0
180317213,Checkers,0,GAME_OVER,52,51,2,307,OSLA,MCTS_v0
-1089034847,Checkers,0,GAME_OVER,57,56,2,308,OSLA,MCTS_v0
-661079174,Checkers,0,GAME_OVER,140,139,2,309,OSLA,MCTS_v0
141202736,Checkers,0,GAME_OVER,49,48,2,310,OSLA,MCTS_v0
539395410,Checkers,0,GAME_OVER,53,52,2,311,OSLA,MCTS_v0
-1613865414,Checkers,0,GAME_OVER,88,87,2,312,OSLA,MCTS_v0
1666986907,Checkers,0,GAME_OVER,47,46,2,313,OSLA,MCTS_v0
781509347,Checkers,0,GAME_OVER,67,66,2,314,OSLA,MCTS_v0
-1185713591,Checkers,0,GAME_OVER,81,80,2,315,OSLA,MCTS_v0
-768592755,Checkers,0,GAME_OVER,61,60,2,316,OSLA,MCTS_v0
1848283739,Checkers,0,GAME_OVER,90,89,2,317,OSLA,MCTS_v0
876527158,Checkers,0,GAME_OVER,54,53,2,318,OSLA,MCTS_v0
-1243257703,Checkers,0,GAME_OVER,51,50,2,319,OSLA,MCTS_v0
980760651,Checkers,0,GAME_OVER,59,58,2,320,OSLA,MCTS_v0
249467615,Checkers,0,GAME_OVER,116,115,2,321,OSLA,MCTS_v0
1096153373,Checkers,0,GAME_OVER,77,76,2,322,OSLA,MCTS_v0
1095634930,Checkers,0,GAME_OVER,65,64,2,323,OSLA,MCTS_v0
992054627,Checkers,0,GAME_OVER,69,68,2,324,OSLA,MCTS_v0
943147304,Checkers,0,GAME_OVER,76,75,2,325,OSLA,MCTS_v0
-25807258,Checkers,0,GAME_OVER,76,75,2,326,OSLA,MCTS_v0
-2024265103,Checkers,0,GAME_OVER,128,127,2,327,OSLA,MCTS_v0
-1895528500,Checkers,0,GAME_OVER,47,46,2,328,OSLA,MCTS_v0
897977476,Checkers,0,GAME_OVER,58,57,2,329,OSLA,MCTS_v0
965342494,Checkers,0,GAME_OVER,52,51,2,330,OSLA,MCTS_v0
-1255858635,Checkers,0,GAME_OVER,126,125,2,331,OSLA,MCTS_v0
-1355268224,Checkers,0,GAME_OVER,65,64,2,332,OSLA,MCTS_v0
-1557392058,Checkers,0,GAME_OVER,87,86,2,333,OSLA,MCTS_v0
149319218,Checkers,0,GAME_OVER,60,59,2,334,OSLA,MCTS_v0
-2141470671,Checkers,0,GAME_OVER,101,100,2,335,OSLA,MCTS_v0
-1112022837,Checkers,0,GAME_OVER,67,66,2,336,OSLA,MCTS_v0
1399308729,Checkers,0,GAME_OVER,75,74,2,337,OSLA,MCTS_v0
-879417256,Checkers,0,GAME_OVER,76,75,2,338,OSLA,MCTS_v0
1871388739,Checkers,0,GAME_OVER,82,81,2,339,OSLA,MCTS_v0
1221868741,Checkers,0,GAME_OVER,77,76,2,340,OSLA,MCTS_v0
-226707887,Checkers,0,GAME_OVER,48,47,2,341,OSLA,MCTS_v0
-481794513,Checkers,0,GAME_OVER,53,52,2,342,OSLA,MCTS_v0
1667352198,Checkers,0,GAME_OVER,67,66,2,343,OSLA,MCTS_v0
-1170055652,Checkers,0,GAME_OVER,106,105,2,344,OSLA,MCTS_v0
-2042540765,Checkers,0,GAME_OVER,62,61,2,345,OSLA,MCTS_v0
1822806693,Checkers,0,GAME_OVER,93,92,2,346,OSLA,MCTS_v0
-913640989,Checkers,0,GAME_OVER,75,74,2,347,OSLA,MCTS_v0
-839375338,Checkers,0,GAME_OVER,75,74,2,348,OSLA,MCTS_v0
1993279638,Checkers,0,GAME_OVER,127,126,2,349,OSLA,MCTS_v0
1332023192,Checkers,0,GAME_OVER,155,154,2,350,OSLA,MCTS_v0
-1526158354,Checkers,0,GAME_OVER,118,117,2,351,OSLA,MCTS_v0
768030165,Checkers,0,GAME_OVER,49,48,2,352,OSLA,MCTS_v0
-4522662,Checkers,0,GAME_OVER,53,52,2,353,OSLA,MCTS_v0
1735789247,Checkers,0,GAME_OVER,71,70,2,354,OSLA,MCTS_v0
2113586671,Checkers,0,GAME_OVER,63,62,2,355,OSLA,MCTS_v0
-152655907,Checkers,0,GAME_OVER,99,98,2,356,OSLA,MCTS_v0
1175873433,Checkers,0,GAME_OVER,46,45,2,357,OSLA,MCTS_v0
222117067,Checkers,0,GAME_OVER,67,66,2,358,OSLA,MCTS_v0
-248507587,Checkers,0,GAME_OVER,119,118,2,359,OSLA,MCTS_v0
-224371245,Checkers,0,GAME_OVER,72,71,2,360,OSLA,MCTS_v0
-691609747,Checkers,0,GAME_OVER,138,137,2,361,OSLA,MCTS_v0
322057929,Checkers,0,GAME_OVER,60,59,2,362,OSLA,MCTS_v0
803239122,Checkers,0,GAME_OVER,88,87,2,363,OSLA,MCTS_v0
593421959,Checkers,0,GAME_OVER,33,32,2,364,OSLA,MCTS_v0
-1245126511,Checkers,0,GAME_OVER,46,45,2,365,OSLA,MCTS_v0
1024401865,Checkers,0,GAME_OVER,76,75,2,366,OSLA,MCTS_v0
1321437724,Checkers,0,GAME_OVER,98,97,2,367,OSLA,MCTS_v0
-1348124620,Checkers,0,GAME_OVER,123,122,2,368,OSLA,MCTS_v0
283547994,Checkers,0,GAME_OVER,52,51,2,369,OSLA,MCTS_v0
-158985020,Checkers,0,GAME_OVER,63,62,2,370,OSLA,MCTS_v0
-492758255,Checkers,0,GAME_OVER,49,48,2,371,OSLA,MCTS_v0
1833564934,Checkers,0,GAME_OVER,58,57,2,372,OSLA,MCTS_v0
-224906009,Checkers,0,GAME_OVER,79,78,2,373,OSLA,MCTS_v0
2136695994,Checkers,0,GAME_OVER,64,63,2,374,OSLA,MCTS_v0
-2068476027,Checkers,0,GAME_OVER,52,51,2,375,OSLA,MCTS_v0
1558413275,Checkers,0,GAME_OVER,89,88,2,376,OSLA,MCTS_v0
1264718999,Checkers,0,GAME_OVER,63,62,2,377,OSLA,MCTS_v0
521294619,Checkers,0,GAME_OVER,87,86,2,378,OSLA,MCTS_v0
1947600831,Checkers,0,GAME_OVER,60,59,2,379,OSLA,MCTS_v0
1340833613,Checkers,0,GAME_OVER,48,47,2,380,OSLA,MCTS_v0
1415097531,Checkers,0,GAME_OVER,89,88,2,381,OSLA,MCTS_v0
491503207,Checkers,0,GAME_OVER,83,82,2,382,OSLA,MCTS_v0
2011490889,Checkers,0,GAME_OVER,55,54,2,383,OSLA,MCTS_v0
133942512,Checkers,0,GAME_OVER,62,61,2,384,OSLA,MCTS_v0
-1548158836,Checkers,0,GAME_OVER,56,55,2,385,OSLA,MCTS_v0
-70469352,Checkers,0,GAME_OVER,51,50,2,386,OSLA,MCTS_v0
1373698822,Checkers,0,GAME_OVER,85,84,2,387,OSLA,MCTS_v0
719792855,Checkers,0,GAME_OVER,63,62,2,388,OSLA,MCTS_v0
2013247839,Checkers,0,GAME_OVER,58,57,2,389,OSLA,MCTS_v0
-1373820225,Checkers,0,GAME_OVER,64,63,2,390,OSLA,MCTS_v0
-1226420342,Checkers,0,GAME_OVER,63,62,2,391,OSLA,MCTS_v0
43305309,Checkers,0,GAME_OVER,143,142,2,392,OSLA,MCTS_v0
1574499606,Checkers,0,GAME_OVER,88,87,2,393,OSLA,MCTS_v0
-1760764052,Checkers,0,GAME_OVER,61,60,2,394,OSLA,MCTS_v0
-1264995163,Checkers,0,GAME_OVER,66,65,2,395,OSLA,MCTS_v0
-1062371551,Checkers,0,GAME_OVER,64,63,2,396,OSLA,MCTS_v0
-1125881895,Checkers,0,GAME_OVER,62,61,2,397,OSLA,MCTS_v0
-529553070,Checkers,0,GAME_OVER,56,55,2,398,OSLA,MCTS_v0
1307334977,Checkers,0,GAME_OVER,74,73,2,399,OSLA,MCTS_v0
-1047134894,Checkers,0,GAME_OVER,115,114,2,400,OSLA,MCTS_v0
1306713350,Checkers,0,GAME_OVER,122,121,2,401,OSLA,MCTS_v0
-166180472,Checkers,0,GAME_OVER,43,42,2,402,Random,MCTS_v0
702970291,Checkers,0,GAME_OVER,54,53,2,403,Random,MCTS_v0
-2093688957,Checkers,0,GAME_OVER,31,30,2,404,Random,MCTS_v0
15277285,Checkers,0,GAME_OVER,42,41,2,405,Random,MCTS_v0
-1236454748,Checkers,0,GAME_OVER,47,46,2,406,Random,MCTS_v0
249439406,Checkers,0,GAME_OVER,47,46,2,407,Random,MCTS_v0
302495374,Checkers,0,GAME_OVER,40,39,2,408,Random,MCTS_v0
-741054849,Checkers,0,GAME_OVER,45,44,2,409,Random,MCTS_v0
-1426144559,Checkers,0,GAME_OVER,53,52,2,410,Random,MCTS_v0
118065288,Checkers,0,GAME_OVER,42,41,2,411,Random,MCTS_v0
1705451795,Checkers,0,GAME_OVER,36,35,2,412,Random,MCTS_v0
-1138379803,Checkers,0,GAME_OVER,44,43,2,413,Random,MCTS_v0
-792105690,Checkers,0,GAME_OVER,37,36,2,414,Random,MCTS_v0
251240563,Checkers,0,GAME_OVER,41,40,2,415,Random,MCTS_v0
616215289,Checkers,0,GAME_OVER,67,66,2,416,Random,MCTS_v0
286491649,Checkers,0,GAME_OVER,45,44,2,417,Random,MCTS_v0
-1837327222,Checkers,0,GAME_OVER,32,31,2,418,Random,MCTS_v0
1731803123,Checkers,0,GAME_OVER,44,43,2,419,Random,MCTS_v0
416791102,Checkers,0,GAME_OVER,43,42,2,420,Random,MCTS_v0
216396693,Checkers,0,GAME_OVER,43,42,2,421,Random,MCTS_v0
-848119213,Checkers,0,GAME_OVER,38,37,2,422,Random,MCTS_v0
-621865294,Checkers,0,GAME_OVER,42,41,2,423,Random,MCTS_v0
878598204,Checkers,0,GAME_OVER,34,33,2,424,Random,MCTS_v0
-1699676377,Checkers,0,GAME_OVER,56,55,2,425,Random,MCTS_v0
638614319,Checkers,0,GAME_OVER,40,39,2,426,Random,MCTS_v0
-1286171248,Checkers,0,GAME_OVER,55,54,2,427,Random,MCTS_v0
1496380205,Checkers,0,GAME_OVER,45,44,2,428,Random,MCTS_v0
-535007174,Checkers,0,GAME_OVER,40,39,2,429,Random,MCTS_v0
351376967,Checkers,0,GAME_OVER,41,40,2,430,Random,MCTS_v0
-1920732930,Checkers,0,GAME_OVER,40,39,2,431,Random,MCTS_v0
2092088305,Checkers,0,GAME_OVER,43,42,2,432,Random,MCTS_v0
-2053051970,Checkers,0,GAME_OVER,43,42,2,433,Random,MCTS_v0
-1794684255,Checkers,0,GAME_OVER,47,46,2,434,Random,MCTS_v0
-1721045876,Checkers,0,GAME_OVER,43,42,2,435,Random,MCTS_v0
-1727902706,Checkers,0,GAME_OVER,37,36,2,436,Random,MCTS_v0
975488968,Checkers,0,GAME_OVER,44,43,2,437,Random,MCTS_v0
1884247749,Checkers,0,GAME_OVER,48,47,2,438,Random,MCTS_v0
695442367,Checkers,0,GAME_OVER,47,46,2,439,Random,MCTS_v0
1999740919,Checkers,0,GAME_OVER,48,47,2,440,Random,MCTS_v0
-967129467,Checkers,0,GAME_OVER,49,48,2,441,Random,MCTS_v0
168838819,Checkers,0,GAME_OVER,51,50,2,442,Random,MCTS_v0
-2108529625,Checkers,0,GAME_OVER,44,43,2,443,Random,MCTS_v0
-2104692336,Checkers,0,GAME_OVER,43,42,2,444,Random,MCTS_v0
-1813011348,Checkers,0,GAME_OVER,42,41,2,445,Random,MCTS_v0
-1930282061,Checkers,0,GAME_OVER,45,44,2,446,Random,MCTS_v0
2023066801,Checkers,0,GAME_OVER,38,37,2,447,Random,MCTS_v0
102119153,Checkers,0,GAME_OVER,37,36,2,448,Random,MCTS_v0
-1548536910,Checkers,0,GAME_OVER,39,38,2,449,Random,MCTS_v0
1327076190,Checkers,0,GAME_OVER,47,46,2,450,Random,MCTS_v0
497806905,Checkers,0,GAME_OVER,43,42,2,451,Random,MCTS_v0
-76330646,Checkers,0,GAME_OVER,44,43,2,452,Random,MCTS_v0
264015619,Checkers,0,GAME_OVER,42,41,2,453,Random,MCTS_v0
1893404572,Checkers,0,GAME_OVER,36,35,2,454,Random,MCTS_v0
-565339805,Checkers,0,GAME_OVER,38,37,2,455,Random,MCTS_v0
-1175914298,Checkers,0,GAME_OVER,51,50,2,456,Random,MCTS_v0
-632265362,Checkers,0,GAME_OVER,50,49,2,457,Random,MCTS_v0
2046256605,Checkers,0,GAME_OVER,46,45,2,458,Random,MCTS_v0
1768457643,Checkers,0,GAME_OVER,38,37,2,459,Random,MCTS_v0
-1394766124,Checkers,0,GAME_OVER,44,43,2,460,Random,MCTS_v0
-1689546336,Checkers,0,GAME_OVER,46,45,2,461,Random,MCTS_v0
1875269677,Checkers,0,GAME_OVER,49,48,2,462,Random,MCTS_v0
1044422073,Checkers,0,GAME_OVER,45,44,2,463,Random,MCTS_v0
-670988510,Checkers,0,GAME_OVER,45,44,2,464,Random,MCTS_v0
-1153208236,Checkers,0,GAME_OVER,37,36,2,465,Random,MCTS_v0
1519893650,Checkers,0,GAME_OVER,42,41,2,466,Random,MCTS_v0
731102457,Checkers,0,GAME_OVER,40,39,2,467,Random,MCTS_v0
1810202379,Checkers,0,GAME_OVER,42,41,2,468,Random,MCTS_v0
682666506,Checkers,0,GAME_OVER,42,41,2,469,Random,MCTS_v0
-468511048,Checkers,0,GAME_OVER,44,43,2,470,Random,MCTS_v0
2106028651,Checkers,0,GAME_OVER,52,51,2,471,Random,MCTS_v0
1689297396,Checkers,0,GAME_OVER,38,37,2,472,Random,MCTS_v0
-1752144906,Checkers,0,GAME_OVER,49,48,2,473,Random,MCTS_v0
-104552497,Checkers,0,GAME_OVER,50,49,2,474,Random,MCTS_v0
1311743159,Checkers,0,GAME_OVER,48,47,2,475,Random,MCTS_v0
-31779374,Checkers,0,GAME_OVER,37,36,2,476,Random,MCTS_v0
1647512635,Checkers,0,GAME_OVER,38,37,2,477,Random,MCTS_v0
-1466885964,Checkers,0,GAME_OVER,46,45,2,478,Random,MCTS_v0
-237358204,Checkers,0,GAME_OVER,46,45,2,479,Random,MCTS_v0
1476668398,Checkers,0,GAME_OVER,42,41,2,480,Random,MCTS_v0
2041525592,Checkers,0,GAME_OVER,43,42,2,481,Random,MCTS_v0
-1783160242,Checkers,0,GAME_OVER,45,44,2,482,Random,MCTS_v0
-297938423,Checkers,0,GAME_OVER,38,37,2,483,Random,MCTS_v0
-1640736276,Checkers,0,GAME_OVER,42,41,2,484,Random,MCTS_v0
-1595788062,Checkers,0,GAME_OVER,51,50,2,485,Random,MCTS_v0
312006714,Checkers,0,GAME_OVER,36,35,2,486,Random,MCTS_v0
1198380771,Checkers,0,GAME_OVER,42,41,2,487,Random,MCTS_v0
1347895049,Checkers,0,GAME_OVER,42,41,2,488,Random,MCTS_v0
-2058389133,Checkers,0,GAME_OVER,37,36,2,489,Random,MCTS_v0
805075370,Checkers,0,GAME_OVER,41,40,2,490,Random,MCTS_v0
944778537,Checkers,0,GAME_OVER,35,34,2,491,Random,MCTS_v0
1429879203,Checkers,0,GAME_OVER,56,55,2,492,Random,MCTS_v0
2026556386,Checkers,0,GAME_OVER,38,37,2,493,Random,MCTS_v0
-166794102,Checkers,0,GAME_OVER,35,34,2,494,Random,MCTS_v0
58593981,Checkers,0,GAME_OVER,41,40,2,495,Random,MCTS_v0
-1977593602,Checkers,0,GAME_OVER,43,42,2,496,Random,MCTS_v0
1424551860,Checkers,0,GAME_OVER,42,41,2,497,Random,MCTS_v0
-294631709,Checkers,0,GAME_OVER,53,52,2,498,Random,MCTS_v0
1580888036,Checkers,0,GAME_OVER,53,52,2,499,Random,MCTS_v0
-1262192828,Checkers,0,GAME_OVER,40,39,2,500,Random,MCTS_v0
-520792367,Checkers,0,GAME_OVER,41,40,2,501,Random,MCTS_v0
255134340,Checkers,0,GAME_OVER,46,45,2,502,Random,MCTS_v0
-826436583,Checkers,0,GAME_OVER,38,37,2,503,Random,MCTS_v0
-1599117363,Checkers,0,GAME_OVER,45,44,2,504,Random,MCTS_v0
1407376506,Checkers,0,GAME_OVER,47,46,2,505,Random,MCTS_v0
1196226270,Checkers,0,GAME_OVER,39,38,2,506,Random,MCTS_v0
180317213,Checkers,0,GAME_OVER,49,48,2,507,Random,MCTS_v0
-1089034847,Checkers,0,GAME_OVER,42,41,2,508,Random,MCTS_v0
-661079174,Checkers,0,GAME_OVER,53,52,2,509,Random,MCTS_v0
141202736,Checkers,0,GAME_OVER,42,41,2,510,Random,MCTS_v0
539395410,Checkers,0,GAME_OVER,41,40,2,511,Random,MCTS_v0
-1613865414,Checkers,0,GAME_OVER,52,51,2,512,Random,MCTS_v0
1666986907,Checkers,0,GAME_OVER,48,47,2,513,Random,MCTS_v0
781509347,Checkers,0,GAME_OVER,35,34,2,514,Random,MCTS_v0
-1185713591,Checkers,0,GAME_OVER,37,36,2,515,Random,MCTS_v0
-768592755,Checkers,0,GAME_OVER,49,48,2,516,Random,MCTS_v0
1848283739,Checkers,0,GAME_OVER,40,39,2,517,Random,MCTS_v0
876527158,Checkers,0,GAME_OVER,42,41,2,518,Random,MCTS_v0
-1243257703,Checkers,0,GAME_OVER,43,42,2,519,Random,MCTS_v0
980760651,Checkers,0,GAME_OVER,40,39,2,520,Random,MCTS_v0
249467615,Checkers,0,GAME_OVER,40,39,2,521,Random,MCTS_v0
1096153373,Checkers,0,GAME_OVER,42,41,2,522,Random,MCTS_v0
1095634930,Checkers,0,GAME_OVER,41,40,2,523,Random,MCTS_v0
992054627,Checkers,0,GAME_OVER,39,38,2,524,Random,MCTS_v0
943147304,Checkers,0,GAME_OVER,41,40,2,525,Random,MCTS_v0
-25807258,Checkers,0,GAME_OVER,53,52,2,526,Random,MCTS_v0
-2024265103,Checkers,0,GAME_OVER,43,42,2,527,Random,MCTS_v0
-1895528500,Checkers,0,GAME_OVER,41,40,2,528,Random,MCTS_v0
897977476,Checkers,0,GAME_OVER,27,26,2,529,Random,MCTS_v0
965342494,Checkers,0,GAME_OVER,35,34,2,530,Random,MCTS_v0
-1255858635,Checkers,0,GAME_OVER,41,40,2,531,Random,MCTS_v0
-1355268224,Checkers,0,GAME_OVER,37,36,2,532,Random,MCTS_v0
-1557392058,Checkers,0,GAME_OVER,53,52,2,533,Random,MCTS_v0
149319218,Checkers,0,GAME_OVER,47,46,2,534,Random,MCTS_v0
-2141470671,Checkers,0,GAME_OVER,42,41,2,535,Random,MCTS_v0
-1112022837,Checkers,0,GAME_OVER,49,48,2,536,Random,MCTS_v0
1399308729,Checkers,0,GAME_OVER,38,37,2,537,Random,MCTS_v0
-879417256,Checkers,0,GAME_OVER,48,47,2,538,Random,MCTS_v0
1871388739,Checkers,0,GAME_OVER,45,44,2,539,Random,MCTS_v0
1221868741,Checkers,0,GAME_OVER,57,56,2,540,Random,MCTS_v0
-226707887,Checkers,0,GAME_OVER,36,35,2,541,Random,MCTS_v0
-481794513,Checkers,0,GAME_OVER,42,41,2,542,Random,MCTS_v0
1667352198,Checkers,0,GAME_OVER,41,40,2,543,Random,MCTS_v0
-1170055652,Checkers,0,GAME_OVER,31,30,2,544,Random,MCTS_v0
-2042540765,Checkers,0,GAME_OVER,41,40,2,545,Random,MCTS_v0
1822806693,Checkers,0,GAME_OVER,37,36,2,546,Random,MCTS_v0
-913640989,Checkers,0,GAME_OVER,42,41,2,547,Random,MCTS_v0
-839375338,Checkers,0,GAME_OVER,42,41,2,548,Random,MCTS_v0
1993279638,Checkers,0,GAME_OVER,45,44,2,549,Random,MCTS_v0
1332023192,Checkers,0,GAME_OVER,34,33,2,550,Random,MCTS_v0
-1526158354,Checkers,0,GAME_OVER,54,53,2,551,Random,MCTS_v0
768030165,Checkers,0,GAME_OVER,46,45,2,552,Random,MCTS_v0
-4522662,Checkers,0,GAME_OVER,43,42,2,553,Random,MCTS_v0
1735789247,Checkers,0,GAME_OVER,38,37,2,554,Random,MCTS_v0
2113586671,Checkers,0,GAME_OVER,41,40,2,555,Random,MCTS_v0
-152655907,Checkers,0,GAME_OVER,53,52,2,556,Random,MCTS_v0
1175873433,Checkers,0,GAME_OVER,45,44,2,557,Random,MCTS_v0
222117067,Checkers,0,GAME_OVER,42,41,2,558,Random,MCTS_v0
-248507587,Checkers,0,GAME_OVER,46,45,2,559,Random,MCTS_v0
-224371245,Checkers,0,GAME_OVER,51,50,2,560,Random,MCTS_v0
-691609747,Checkers,0,GAME_OVER,43,42,2,561,Random,MCTS_v0
322057929,Checkers,0,GAME_OVER,46,45,2,562,Random,MCTS_v0
803239122,Checkers,0,GAME_OVER,42,41,2,563,Random,MCTS_v0
593421959,Checkers,0,GAME_OVER,40,39,2,564,Random,MCTS_v0
-1245126511,Checkers,0,GAME_OVER,30,29,2,565,Random,MCTS_v0
1024401865,Checkers,0,GAME_OVER,42,41,2,566,Random,MCTS_v0
1321437724,Checkers,0,GAME_OVER,40,39,2,567,Random,MCTS_v0
-1348124620,Checkers,0,GAME_OVER,46,45,2,568,Random,MCTS_v0
283547994,Checkers,0,GAME_OVER,47,46,2,569,Random,MCTS_v0
-158985020,Checkers,0,GAME_OVER,48,47,2,570,Random,MCTS_v0
-492758255,Checkers,0,GAME_OVER,38,37,2,571,Random,MCTS_v0
1833564934,Checkers,0,GAME_OVER,41,40,2,572,Random,MCTS_v0
-224906009,Checkers,0,GAME_OVER,44,43,2,573,Random,MCTS_v0
2136695994,Checkers,0,GAME_OVER,42,41,2,574,Random,MCTS_v0
-2068476027,Checkers,0,GAME_OVER,33,32,2,575,Random,MCTS_v0
1558413275,Checkers,0,GAME_OVER,55,54,2,576,Random,MCTS_v0
1264718999,Checkers,0,GAME_OVER,48,47,2,577,Random,MCTS_v0
521294619,Checkers,0,GAME_OVER,42,41,2,578,Random,MCTS_v0
1947600831,Checkers,0,GAME_OVER,46,45,2,579,Random,MCTS_v0
1340833613,Checkers,0,GAME_OVER,39,38,2,580,Random,MCTS_v0
1415097531,Checkers,0,GAME_OVER,50,49,2,581,Random,MCTS_v0
491503207,Checkers,0,GAME_OVER,44,43,2,582,Random,MCTS_v0
2011490889,Checkers,0,GAME_OVER,38,37,2,583,Random,MCTS_v0
133942512,Checkers,0,GAME_OVER,35,34,2,584,Random,MCTS_v0
-1548158836,Checkers,0,GAME_OVER,38,37,2,585,Random,MCTS_v0
-70469352,Checkers,0,GAME_OVER,39,38,2,586,Random,MCTS_v0
1373698822,Checkers,0,GAME_OVER,45,44,2,587,Random,MCTS_v0
719792855,Checkers,0,GAME_OVER,38,37,2,588,Random,MCTS_v0
2013247839,Checkers,0,GAME_OVER,45,44,2,589,Random,MCTS_v0
-1373820225,Checkers,0,GAME_OVER,45,44,2,590,Random,MCTS_v0
-1226420342,Checkers,0,GAME_OVER,37,36,2,591,Random,MCTS_v0
43305309,Checkers,0,GAME_OVER,40,39,2,592,Random,MCTS_v0
1574499606,Checkers,0,GAME_OVER,45,44,2,593,Random,MCTS_v0
-1760764052,Checkers,0,GAME_OVER,47,46,2,594,Random,MCTS_v0
-1264995163,Checkers,0,GAME_OVER,40,39,2,595,Random,MCTS_v0
-1062371551,Checkers,0,GAME_OVER,41,40,2,596,Random,MCTS_v0
-1125881895,Checkers,0,GAME_OVER,41,40,2,597,Random,MCTS_v0
-529553070,Checkers,0,GAME_OVER,42,41,2,598,Random,MCTS_v0
1307334977,Checkers,0,GAME_OVER,33,32,2,599,Random,MCTS_v0
-1047134894,Checkers,0,GAME_OVER,38,37,2,600,Random,MCTS_v0
1306713350,Checkers,0,GAME_OVER,58,57,2,601,Random,MCTS_v0
-166180472,Checkers,0,GAME_OVER,55,54,2,602,MCTS_v0,OSLA
702970291,Checkers,0,GAME_OVER,76,75,2,603,MCTS_v0,OSLA
-2093688957,Checkers,0,GAME_OVER,101,100,2,604,MCTS_v0,OSLA
15277285,Checkers,0,GAME_OVER,87,86,2,605,MCTS_v0,OSLA
-1236454748,Checkers,0,GAME_OVER,47,46,2,606,MCTS_v0,OSLA
249439406,Checkers,0,GAME_OVER,54,53,2,607,MCTS_v0,OSLA
302495374,Checkers,0,GAME_OVER,54,53,2,608,MCTS_v0,OSLA
-741054849,Checkers,0,GAME_OVER,147,146,2,609,MCTS_v0,OSLA
-1426144559,Checkers,0,GAME_OVER,78,77,2,610,MCTS_v0,OSLA
118065288,Checkers,0,GAME_OVER,56,55,2,611,MCTS_v0,OSLA
1705451795,Checkers,0,GAME_OVER,49,48,2,612,MCTS_v0,OSLA
-1138379803,Checkers,0,GAME_OVER,57,56,2,613,MCTS_v0,OSLA
-792105690,Checkers,0,GAME_OVER,48,47,2,614,MCTS_v0,OSLA
251240563,Checkers,0,GAME_OVER,52,51,2,615,MCTS_v0,OSLA
616215289,Checkers,0,GAME_OVER,91,90,2,616,MCTS_v0,OSLA
286491649,Checkers,0,GAME_OVER,76,75,2,617,MCTS_v0,OSLA
-1837327222,Checkers,0,GAME_OVER,97,96,2,618,MCTS_v0,OSLA
1731803123,Checkers,0,GAME_OVER,87,86,2,619,MCTS_v0,OSLA
416791102,Checkers,0,GAME_OVER,53,52,2,620,MCTS_v0,OSLA
216396693,Checkers,0,GAME_OVER,51,50,2,621,MCTS_v0,OSLA
-848119213,Checkers,0,GAME_OVER,56,55,2,622,MCTS_v0,OSLA
-621865294,Checkers,0,GAME_OVER,74,73,2,623,MCTS_v0,OSLA
878598204,Checkers,0,GAME_OVER,43,42,2,624,MCTS_v0,OSLA
-1699676377,Checkers,0,GAME_OVER,51,50,2,625,MCTS_v0,OSLA
638614319,Checkers,0,GAME_OVER,60,59,2,626,MCTS_v0,OSLA
-1286171248,Checkers,0,GAME_OVER,52,51,2,627,MCTS_v0,OSLA
1496380205,Checkers,0,GAME_OVER,63,62,2,628,MCTS_v0,OSLA
-535007174,Checkers,0,GAME_OVER,61,60,2,629,MCTS_v0,OSLA
351376967,Checkers,0,GAME_OVER,65,64,2,630,MCTS_v0,OSLA
-1920732930,Checkers,0,GAME_OVER,58,57,2,631,MCTS_v0,OSLA
2092088305,Checkers,0,GAME_OVER,86,85,2,632,MCTS_v0,OSLA
-2053051970,Checkers,0,GAME_OVER,70,69,2,633,MCTS_v0,OSLA
-1794684255,Checkers,0,GAME_OVER,40,39,2,634,MCTS_v0,OSLA
-1721045876,Checkers,0,GAME_OVER,78,77,2,635,MCTS_v0,OSLA
-1727902706,Checkers,0,GAME_OVER,47,46,2,636,MCTS_v0,OSLA
975488968,Checkers,0,GAME_OVER,54,53,2,637,MCTS_v0,OSLA
1884247749,Checkers,0,GAME_OVER,53,52,2,638,MCTS_v0,OSLA
695442367,Checkers,0,GAME_OVER,120,119,2,639,MCTS_v0,OSLA
1999740919,Checkers,0,GAME_OVER,47,46,2,640,MCTS_v0,OSLA
-967129467,Checkers,0,GAME_OVER,51,50,2,641,MCTS_v0,OSLA
168838819,Checkers,0,GAME_OVER,42,41,2,642,MCTS_v0,OSLA
-2108529625,Checkers,0,GAME_OVER,51,50,2,643,MCTS_v0,OSLA
-2104692336,Checkers,0,GAME_OVER,57,56,2,644,MCTS_v0,OSLA
-1813011348,Checkers,0,GAME_OVER,61,60,2,645,MCTS_v0,OSLA
-1930282061,Checkers,0,GAME_OVER,60,59,2,646,MCTS_v0,OSLA
2023066801,Checkers,0,GAME_OVER,57,56,2,647,MCTS_v0,OSLA
102119153,Checkers,0,GAME_OVER,56,55,2,648,MCTS_v0,OSLA
-1548536910,Checkers,0,GAME_OVER,48,47,2,649,MCTS_v0,OSLA
1327076190,Checkers,0,GAME_OVER,55,54,2,650,MCTS_v0,OSLA
497806905,Checkers,0,GAME_OVER,67,66,2,651,MCTS_v0,OSLA
-76330646,Checkers,0,GAME_OVER,54,53,2,652,MCTS_v0,OSLA
264015619,Checkers,0,GAME_OVER,85,84,2,653,MCTS_v0,OSLA
1893404572,Checkers,0,GAME_OVER,48,47,2,654,MCTS_v0,OSLA
-565339805,Checkers,0,GAME_OVER,70,69,2,655,MCTS_v0,OSLA
-1175914298,Checkers,0,GAME_OVER,133,132,2,656,MCTS_v0,OSLA
-632265362,Checkers,0,GAME_OVER,49,48,2,657,MCTS_v0,OSLA
2046256605,Checkers,0,GAME_OVER,49,48,2,658,MCTS_v0,OSLA
1768457643,Checkers,0,GAME_OVER,57,56,2,659,MCTS_v0,OSLA
-1394766124,Checkers,0,GAME_OVER,48,47,2,660,MCTS_v0,OSLA
-1689546336,Checkers,0,GAME_OVER,68,67,2,661,MCTS_v0,OSLA
1875269677,Checkers,0,GAME_OVER,123,122,2,662,MCTS_v0,OSLA
1044422073,Checkers,0,GAME_OVER,53,52,2,663,MCTS_v0,OSLA
-670988510,Checkers,0,GAME_OVER,43,42,2,664,MCTS_v0,OSLA
-1153208236,Checkers,0,GAME_OVER,54,53,2,665,MCTS_v0,OSLA
1519893650,Checkers,0,GAME_OVER,175,174,2,666,MCTS_v0,OSLA
731102457,Checkers,0,GAME_OVER,47,46,2,667,MCTS_v0,OSLA
1810202379,Checkers,0,GAME_OVER,57,56,2,668,MCTS_v0,OSLA
682666506,Checkers,0,GAME_OVER,52,51,2,669,MCTS_v0,OSLA
-468511048,Checkers,0,GAME_OVER,51,50,2,670,MCTS_v0,OSLA
2106028651,Checkers,0,GAME_OVER,49,48,2,671,MCTS_v0,OSLA
1689297396,Checkers,0,GAME_OVER,79,78,2,672,MCTS_v0,OSLA
-1752144906,Checkers,0,GAME_OVER,57,56,2,673,MCTS_v0,OSLA
-104552497,Checkers,0,GAME_OVER,47,46,2,674,MCTS_v0,OSLA
1311743159,Checkers,0,GAME_OVER,54,53,2,675,MCTS_v0,OSLA
-31779374,Checkers,0,GAME_OVER,45,44,2,676,MCTS_v0,OSLA
1647512635,Checkers,0,GAME_OVER,100,99,2,677,MCTS_v0,OSLA
-1466885964,Checkers,0,GAME_OVER,52,51,2,678,MCTS_v0,OSLA
-237358204,Checkers,0,GAME_OVER,67,66,2,679,MCTS_v0,OSLA
1476668398,Checkers,0,GAME_OVER,50,49,2,680,MCTS_v0,OSLA
2041525592,Checkers,0,GAME_OVER,55,54,2,681,MCTS_v0,OSLA
-1783160242,Checkers,0,GAME_OVER,68,67,2,682,MCTS_v0,OSLA
-297938423,Checkers,0,GAME_OVER,56,55,2,683,MCTS_v0,OSLA
-1640736276,Checkers,0,GAME_OVER,126,125,2,684,MCTS_v0,OSLA
-1595788062,Checkers,0,GAME_OVER,72,71,2,685,MCTS_v0,OSLA
312006714,Checkers,0,GAME_OVER,48,47,2,686,MCTS_v0,OSLA
1198380771,Checkers,0,GAME_OVER,49,48,2,687,MCTS_v0,OSLA
1347895049,Checkers,0,GAME_OVER,60,59,2,688,MCTS_v0,OSLA
-2058389133,Checkers,0,GAME_OVER,60,59,2,689,MCTS_v0,OSLA
805075370,Checkers,0,GAME_OVER,51,50,2,690,MCTS_v0,OSLA
944778537,Checkers,0,GAME_OVER,102,101,2,691,MCTS_v0,OSLA
1429879203,Checkers,0,GAME_OVER,49,48,2,692,MCTS_v0,OSLA
2026556386,Checkers,0,GAME_OVER,79,78,2,693,MCTS_v0,OSLA
-166794102,Checkers,0,GAME_OVER,46,45,2,694,MCTS_v0,OSLA
58593981,Checkers,0,GAME_OVER,50,49,2,695,MCTS_v0,OSLA
-1977593602,Checkers,0,GAME_OVER,96,95,2,696,MCTS_v0,OSLA
1424551860,Checkers,0,GAME_OVER,68,67,2,697,MCTS_v0,OSLA
-294631709,Checkers,0,GAME_OVER,133,132,2,698,MCTS_v0,OSLA
1580888036,Checkers,0,GAME_OVER,116,115,2,699,MCTS_v0,OSLA
-1262192828,Checkers,0,GAME_OVER,48,47,2,700,MCTS_v0,OSLA
-520792367,Checkers,0,GAME_OVER,146,145,2,701,MCTS_v0,OSLA
255134340,Checkers,0,GAME_OVER,53,52,2,702,MCTS_v0,OSLA
-826436583,Checkers,0,GAME_OVER,47,46,2,703,MCTS_v0,OSLA
-1599117363,Checkers,0,GAME_OVER,82,81,2,704,MCTS_v0,OSLA
1407376506,Checkers,0,GAME_OVER,70,69,2,705,MCTS_v0,OSLA
1196226270,Checkers,0,GAME_OVER,81,80,2,706,MCTS_v0,OSLA
180317213,Checkers,0,GAME_OVER,119,118,2,707,MCTS_v0,OSLA
-1089034847,Checkers,0,GAME_OVER,63,62,2,708,MCTS_v0,OSLA
-661079174,Checkers,0,GAME_OVER,58,57,2,709,MCTS_v0,OSLA
141202736,Checkers,0,GAME_OVER,65,64,2,710,MCTS_v0,OSLA
539395410,Checkers,0,GAME_OVER,53,52,2,711,MCTS_v0,OSLA
-1613865414,Checkers,0,GAME_OVER,76,75,2,712,MCTS_v0,OSLA
1666986907,Checkers,0,GAME_OVER,92,91,2,713,MCTS_v0,OSLA
781509347,Checkers,0,GAME_OVER,59,58,2,714,MCTS_v0,OSLA
-1185713591,Checkers,0,GAME_OVER,56,55,2,715,MCTS_v0,OSLA
-768592755,Checkers,0,GAME_OVER,50,49,2,716,MCTS_v0,OSLA
1848283739,Checkers,0,GAME_OVER,82,81,2,717,MCTS_v0,OSLA
876527158,Checkers,0,GAME_OVER,56,55,2,718,MCTS_v0,OSLA
-1243257703,Checkers,0,GAME_OVER,61,60,2,719,MCTS_v0,OSLA
980760651,Checkers,0,GAME_OVER,142,141,2,720,MCTS_v0,OSLA
249467615,Checkers,0,GAME_OVER,108,107,2,721,MCTS_v0,OSLA
1096153373,Checkers,0,GAME_OVER,98,97,2,722,MCTS_v0,OSLA
1095634930,Checkers,0,GAME_OVER,48,47,2,723,MCTS_v0,OSLA
992054627,Checkers,0,GAME_OVER,83,82,2,724,MCTS_v0,OSLA
943147304,Checkers,0,GAME_OVER,71,70,2,725,MCTS_v0,OSLA
-25807258,Checkers,0,GAME_OVER,125,124,2,726,MCTS_v0,OSLA
-2024265103,Checkers,0,GAME_OVER,69,68,2,727,MCTS_v0,OSLA
-1895528500,Checkers,0,GAME_OVER,74,73,2,728,MCTS_v0,OSLA
897977476,Checkers,0,GAME_OVER,140,139,2,729,MCTS_v0,OSLA
965342494,Checkers,0,GAME_OVER,59,58,2,730,MCTS_v0,OSLA
-1255858635,Checkers,0,GAME_OVER,89,88,2,731,MCTS_v0,OSLA
-1355268224,Checkers,0,GAME_OVER,55,54,2,732,MCTS_v0,OSLA
-1557392058,Checkers,0,GAME_OVER,56,55,2,733,MCTS_v0,OSLA
149319218,Checkers,0,GAME_OVER,62,61,2,734,MCTS_v0,OSLA
-2141470671,Checkers,0,GAME_OVER,73,72,2,735,MCTS_v0,OSLA
-1112022837,Checkers,0,GAME_OVER,54,53,2,736,MCTS_v0,OSLA
1399308729,Checkers,0,GAME_OVER,53,52,2,737,MCTS_v0,OSLA
-879417256,Checkers,0,GAME_OVER,68,67,2,738,MCTS_v0,OSLA
1871388739,Checkers,0,GAME_OVER,56,55,2,739,MCTS_v0,OSLA
1221868741,Checkers,0,GAME_OVER,55,54,2,740,MCTS_v0,OSLA
-226707887,Checkers,0,GAME_OVER,48,47,2,741,MCTS_v0,OSLA
-481794513,Checkers,0,GAME_OVER,59,58,2,742,MCTS_v0,OSLA
1667352198,Checkers,0,GAME_OVER,75,74,2,743,MCTS_v0,OSLA
-1170055652,Checkers,0,GAME_OVER,48,47,2,744,MCTS_v0,OSLA
-2042540765,Checkers,0,GAME_OVER,61,60,2,745,MCTS_v0,OSLA
1822806693,Checkers,0,GAME_OVER,48,47,2,746,MCTS_v0,OSLA
-913640989,Checkers,0,GAME_OVER,58,57,2,747,MCTS_v0,OSLA
-839375338,Checkers,0,GAME_OVER,53,52,2,748,MCTS_v0,OSLA
1993279638,Checkers,0,GAME_OVER,69,68,2,749,MCTS_v0,OSLA
1332023192,Checkers,0,GAME_OVER,63,62,2,750,MCTS_v0,OSLA
-1526158354,Checkers,0,GAME_OVER,39,38,2,751,MCTS_v0,OSLA
768030165,Checkers,0,GAME_OVER,52,51,2,752,MCTS_v0,OSLA
-4522662,Checkers,0,GAME_OVER,59,58,2,753,MCTS_v0,OSLA
1735789247,Checkers,0,GAME_OVER,59,58,2,754,MCTS_v0,OSLA
2113586671,Checkers,0,GAME_OVER,91,90,2,755,MCTS_v0,OSLA
-152655907,Checkers,0,GAME_OVER,46,45,2,756,MCTS_v0,OSLA
1175873433,Checkers,0,GAME_OVER,64,63,2,757,MCTS_v0,OSLA
222117067,Checkers,0,GAME_OVER,46,45,2,758,MCTS_v0,OSLA
-248507587,Checkers,0,GAME_OVER,70,69,2,759,MCTS_v0,OSLA
-224371245,Checkers,0,GAME_OVER,48,47,2,760,MCTS_v0,OSLA
-691609747,Checkers,0,GAME_OVER,50,49,2,761,MCTS_v0,OSLA
322057929,Checkers,0,GAME_OVER,48,47,2,762,MCTS_v0,OSLA
803239122,Checkers,0,GAME_OVER,46,45,2,763,MCTS_v0,OSLA
593421959,Checkers,0,GAME_OVER,45,44,2,764,MCTS_v0,OSLA
-1245126511,Checkers,0,GAME_OVER,54,53,2,765,MCTS_v0,OSLA
1024401865,Checkers,0,GAME_OVER,47,46,2,766,MCTS_v0,OSLA
1321437724,Checkers,0,GAME_OVER,53,52,2,767,MCTS_v0,OSLA
-1348124620,Checkers,0,GAME_OVER,112,111,2,768,MCTS_v0,OSLA
283547994,Checkers,0,GAME_OVER,49,48,2,769,MCTS_v0,OSLA
-158985020,Checkers,0,GAME_OVER,89,88,2,770,MCTS_v0,OSLA
-492758255,Checkers,0,GAME_OVER,53,52,2,771,MCTS_v0,OSLA
1833564934,Checkers,0,GAME_OVER,91,90,2,772,MCTS_v0,OSLA
-224906009,Checkers,0,GAME_OVER,148,147,2,773,MCTS_v0,OSLA
2136695994,Checkers,0,GAME_OVER,59,58,2,774,MCTS_v0,OSLA
-2068476027,Checkers,0,GAME_OVER,50,49,2,775,MCTS_v0,OSLA
1558413275,Checkers,0,GAME_OVER,76,75,2,776,MCTS_v0,OSLA
1264718999,Checkers,0,GAME_OVER,52,51,2,777,MCTS_v0,OSLA
521294619,Checkers,0,GAME_OVER,72,71,2,778,MCTS_v0,OSLA
1947600831,Checkers,0,GAME_OVER,50,49,2,779,MCTS_v0,OSLA
1340833613,Checkers,0,GAME_OVER,61,60,2,780,MCTS_v0,OSLA
1415097531,Checkers,0,GAME_OVER,59,58,2,781,MCTS_v0,OSLA
491503207,Checkers,0,GAME_OVER,89,88,2,782,MCTS_v0,OSLA
2011490889,Checkers,0,GAME_OVER,111,110,2,783,MCTS_v0,OSLA
133942512,Checkers,0,GAME_OVER,51,50,2,784,MCTS_v0,OSLA
-1548158836,Checkers,0,GAME_OVER,52,51,2,785,MCTS_v0,OSLA
-70469352,Checkers,0,GAME_OVER,102,101,2,786,MCTS_v0,OSLA
1373698822,Checkers,0,GAME_OVER,47,46,2,787,MCTS_v0,OSLA
719792855,Checkers,0,GAME_OVER,49,48,2,788,MCTS_v0,OSLA
2013247839,Checkers,0,GAME_OVER,61,60,2,789,MCTS_v0,OSLA
-1373820225,Checkers,0,GAME_OVER,54,53,2,790,MCTS_v0,OSLA
-1226420342,Checkers,0,GAME_OVER,49,48,2,791,MCTS_v0,OSLA
43305309,Checkers,0,GAME_OVER,165,164,2,792,MCTS_v0,OSLA
1574499606,Checkers,0,GAME_OVER,49,48,2,793,MCTS_v0,OSLA
-1760764052,Checkers,0,GAME_OVER,75,74,2,794,MCTS_v0,OSLA
-1264995163,Checkers,0,GAME_OVER,61,60,2,795,MCTS_v0,OSLA
-1062371551,Checkers,0,GAME_OVER,69,68,2,796,MCTS_v0,OSLA
-1125881895,Checkers,0,GAME_OVER,62,61,2,797,MCTS_v0,OSLA
-529553070,Checkers,0,GAME_OVER,43,42,2,798,MCTS_v0,OSLA
1307334977,Checkers,0,GAME_OVER,65,64,2,799,MCTS_v0,OSLA
-1047134894,Checkers,0,GAME_OVER,62,61,2,800,MCTS_v0,OSLA
1306713350,Checkers,0,GAME_OVER,55,54,2,801,MCTS_v0,OSLA
-166180472,Checkers,0,GAME_OVER,75,74,2,802,OSLA,OSLA
702970291,Checkers,0,GAME_OVER,78,77,2,803,OSLA,OSLA
-2093688957,Checkers,0,GAME_OVER,36,35,2,804,OSLA,OSLA
15277285,Checkers,0,GAME_OVER,39,38,2,805,OSLA,OSLA
-1236454748,Checkers,0,GAME_OVER,39,38,2,806,OSLA,OSLA
249439406,Checkers,0,GAME_OVER,41,40,2,807,OSLA,OSLA
302495374,Checkers,0,GAME_OVER,41,40,2,808,OSLA,OSLA
-741054849,Checkers,0,GAME_OVER,51,50,2,809,OSLA,OSLA
-1426144559,Checkers,0,GAME_OVER,50,49,2,810,OSLA,OSLA
118065288,Checkers,0,GAME_OVER,45,44,2,811,OSLA,OSLA
1705451795,Checkers,0,GAME_OVER,62,61,2,812,OSLA,OSLA
-1138379803,Checkers,0,GAME_OVER,70,69,2,813,OSLA,OSLA
-792105690,Checkers,0,GAME_OVER,42,41,2,814,OSLA,OSLA
251240563,Checkers,0,GAME_OVER,223,222,2,815,OSLA,OSLA
616215289,Checkers,0,GAME_OVER,46,45,2,816,OSLA,OSLA
286491649,Checkers,0,GAME_OVER,127,126,2,817,OSLA,OSLA
-1837327222,Checkers,0,GAME_OVER,41,40,2,818,OSLA,OSLA
1731803123,Checkers,0,GAME_OVER,44,43,2,819,OSLA,OSLA
416791102,Checkers,0,GAME_OVER,39,38,2,820,OSLA,OSLA
216396693,Checkers,0,GAME_OVER,81,80,2,821,OSLA,OSLA
-848119213,Checkers,0,GAME_OVER,50,49,2,822,OSLA,OSLA
-621865294,Checkers,0,GAME_OVER,98,97,2,823,OSLA,OSLA
878598204,Checkers,0,GAME_OVER,100,99,2,824,OSLA,OSLA
-1699676377,Checkers,0,GAME_OVER,73,72,2,825,OSLA,OSLA
638614319,Checkers,0,GAME_OVER,52,51,2,826,OSLA,OSLA
-1286171248,Checkers,0,GAME_OVER,44,43,2,827,OSLA,OSLA
1496380205,Checkers,0,GAME_OVER,85,84,2,828,OSLA,OSLA
-535007174,Checkers,0,GAME_OVER,74,73,2,829,OSLA,OSLA
351376967,Checkers,0,GAME_OVER,45,44,2,830,OSLA,OSLA
-1920732930,Checkers,0,GAME_OVER,52,51,2,831,OSLA,OSLA
2092088305,Checkers,0,GAME_OVER,91,90,2,832,OSLA,OSLA
-2053051970,Checkers,0,GAME_OVER,43,42,2,833,OSLA,OSLA
-1794684255,Checkers,0,GAME_OVER,89,88,2,834,OSLA,OSLA
-1721045876,Checkers,0,GAME_OVER,105,104,2,835,OSLA,OSLA
-1727902706,Checkers,0,GAME_OVER,70,69,2,836,OSLA,OSLA
975488968,Checkers,0,GAME_OVER,46,45,2,837,OSLA,OSLA
1884247749,Checkers,0,GAME_OVER,111,110,2,838,OSLA,OSLA
695442367,Checkers,0,GAME_OVER,70,69,2,839,OSLA,OSLA
1999740919,Checkers,0,GAME_OVER,60,59,2,840,OSLA,OSLA
-967129467,Checkers,0,GAME_OVER,81,80,2,841,OSLA,OSLA
168838819,Checkers,0,GAME_OVER,131,130,2,842,OSLA,OSLA
-2108529625,Checkers,0,GAME_OVER,62,61,2,843,OSLA,OSLA
-2104692336,Checkers,0,GAME_OVER,41,40,2,844,OSLA,OSLA
-1813011348,Checkers,0,GAME_OVER,42,41,2,845,OSLA,OSLA
-1930282061,Checkers,0,GAME_OVER,43,42,2,846,OSLA,OSLA
2023066801,Checkers,0,GAME_OVER,148,147,2,847,OSLA,OSLA
102119153,Checkers,0,GAME_OVER,52,51,2,848,OSLA,OSLA
-1548536910,Checkers,0,GAME_OVER,76,75,2,849,OSLA,OSLA
1327076190,Checkers,0,GAME_OVER,43,42,2,850,OSLA,OSLA
497806905,Checkers,0,GAME_OVER,42,41,2,851,OSLA,OSLA
-76330646,Checkers,0,GAME_OVER,46,45,2,852,OSLA,OSLA
264015619,Checkers,0,GAME_OVER,44,43,2,853,OSLA,OSLA
1893404572,Checkers,0,GAME_OVER,39,38,2,854,OSLA,OSLA
-565339805,Checkers,0,GAME_OVER,53,52,2,855,OSLA,OSLA
-1175914298,Checkers,0,GAME_OVER,71,70,2,856,OSLA,OSLA
-632265362,Checkers,0,GAME_OVER,47,46,2,857,OSLA,OSLA
2046256605,Checkers,0,GAME_OVER,51,50,2,858,OSLA,OSLA
1768457643,Checkers,0,GAME_OVER,39,38,2,859,OSLA,OSLA
-1394766124,Checkers,0,GAME_OVER,27,26,2,860,OSLA,OSLA
-1689546336,Checkers,0,GAME_OVER,44,43,2,861,OSLA,OSLA
1875269677,Checkers,0,GAME_OVER,99,98,2,862,OSLA,OSLA
1044422073,Checkers,0,GAME_OVER,50,49,2,863,OSLA,OSLA
-670988510,Checkers,0,GAME_OVER,96,95,2,864,OSLA,OSLA
-1153208236,Checkers,0,GAME_OVER,65,64,2,865,OSLA,OSLA
1519893650,Checkers,0,GAME_OVER,49,48,2,866,OSLA,OSLA
731102457,Checkers,0,GAME_OVER,55,54,2,867,OSLA,OSLA
1810202379,Checkers,0,GAME_OVER,54,53,2,868,OSLA,OSLA
682666506,Checkers,0,GAME_OVER,38,37,2,869,OSLA,OSLA
-468511048,Checkers,0,GAME_OVER,45,44,2,870,OSLA,OSLA
2106028651,Checkers,0,GAME_OVER,48,47,2,871,OSLA,OSLA
1689297396,Checkers,0,GAME_OVER,44,43,2,872,OSLA,OSLA
-1752144906,Checkers,0,GAME_OVER,52,51,2,873,OSLA,OSLA
-104552497,Checkers,0,GAME_OVER,43,42,2,874,OSLA,OSLA
1311743159,Checkers,0,GAME_OVER,40,39,2,875,OSLA,OSLA
-31779374,Checkers,0,GAME_OVER,43,42,2,876,OSLA,OSLA
1647512635,Checkers,0,GAME_OVER,50,49,2,877,OSLA,OSLA
-1466885964,Checkers,0,GAME_OVER,62,61,2,878,OSLA,OSLA
-237358204,Checkers,0,GAME_OVER,50,49,2,879,OSLA,OSLA
1476668398,Checkers,0,GAME_OVER,50,49,2,880,OSLA,OSLA
2041525592,Checkers,0,GAME_OVER,73,72,2,881,OSLA,OSLA
-1783160242,Checkers,0,GAME_OVER,48,47,2,882,OSLA,OSLA
-297938423,Checkers,0,GAME_OVER,27,26,2,883,OSLA,OSLA
-1640736276,Checkers,0,GAME_OVER,50,49,2,884,OSLA,OSLA
-1595788062,Checkers,0,GAME_OVER,47,46,2,885,OSLA,OSLA
312006714,Checkers,0,GAME_OVER,61,60,2,886,OSLA,OSLA
1198380771,Checkers,0,GAME_OVER,107,106,2,887,OSLA,OSLA
1347895049,Checkers,0,GAME_OVER,75,74,2,888,OSLA,OSLA
-2058389133,Checkers,0,GAME_OVER,53,52,2,889,OSLA,OSLA
805075370,Checkers,0,GAME_OVER,56,55,2,890,OSLA,OSLA
944778537,Checkers,0,GAME_OVER,97,96,2,891,OSLA,OSLA
1429879203,Checkers,0,GAME_OVER,46,45,2,892,OSLA,OSLA
2026556386,Checkers,0,GAME_OVER,81,80,2,893,OSLA,OSLA
-166794102,Checkers,0,GAME_OVER,76,75,2,894,OSLA,OSLA
58593981,Checkers,0,GAME_OVER,44,43,2,895,OSLA,OSLA
-1977593602,Checkers,0,GAME_OVER,41,40,2,896,OSLA,OSLA
1424551860,Checkers,0,GAME_OVER,137,136,2,897,OSLA,OSLA
-294631709,Checkers,0,GAME_OVER,60,59,2,898,OSLA,OSLA
1580888036,Checkers,0,GAME_OVER,41,40,2,899,OSLA,OSLA
-1262192828,Checkers,0,GAME_OVER,86,85,2,900,OSLA,OSLA
-520792367,Checkers,0,GAME_OVER,86,85,2,901,OSLA,OSLA
255134340,Checkers,0,GAME_OVER,35,34,2,902,OSLA,OSLA
-826436583,Checkers,0,GAME_OVER,39,38,2,903,OSLA,OSLA
-1599117363,Checkers,0,GAME_OVER,79,78,2,904,OSLA,OSLA
1407376506,Checkers,0,GAME_OVER,27,26,2,905,OSLA,OSLA
1196226270,Checkers,0,GAME_OVER,46,45,2,906,OSLA,OSLA
180317213,Checkers,0,GAME_OVER,113,112,2,907,OSLA,OSLA
-1089034847,Checkers,0,GAME_OVER,45,44,2,908,OSLA,OSLA
-661079174,Checkers,0,GAME_OVER,40,39,2,909,OSLA,OSLA
141202736,Checkers,0,GAME_OVER,41,40,2,910,OSLA,OSLA
539395410,Checkers,0,GAME_OVER,39,38,2,911,OSLA,OSLA
-1613865414,Checkers,0,GAME_OVER,106,105,2,912,OSLA,OSLA
1666986907,Checkers,0,GAME_OVER,50,49,2,913,OSLA,OSLA
781509347,Checkers,0,GAME_OVER,53,52,2,914,OSLA,OSLA
-1185713591,Checkers,0,GAME_OVER,78,77,2,915,OSLA,OSLA
-768592755,Checkers,0,GAME_OVER,48,47,2,916,OSLA,OSLA
1848283739,Checkers,0,GAME_OVER,52,51,2,917,OSLA,OSLA
876527158,Checkers,0,GAME_OVER,137,136,2,918,OSLA,OSLA
-1243257703,Checkers,0,GAME_OVER,49,48,2,919,OSLA,OSLA
980760651,Checkers,0,GAME_OVER,77,76,2,920,OSLA,OSLA
249467615,Checkers,0,GAME_OVER,106,105,2,921,OSLA,OSLA
1096153373,Checkers,0,GAME_OVER,47,46,2,922,OSLA,OSLA
1095634930,Checkers,0,GAME_OVER,63,62,2,923,OSLA,OSLA
992054627,Checkers,0,GAME_OVER,32,31,2,924,OSLA,OSLA
943147304,Checkers,0,GAME_OVER,51,50,2,925,OSLA,OSLA
-25807258,Checkers,0,GAME_OVER,59,58,2,926,OSLA,OSLA
-2024265103,Checkers,0,GAME_OVER,85,84,2,927,OSLA,OSLA
-1895528500,Checkers,0,GAME_OVER,97,96,2,928,OSLA,OSLA
897977476,Checkers,0,GAME_OVER,56,55,2,929,OSLA,OSLA
965342494,Checkers,0,GAME_OVER,70,69,2,930,OSLA,OSLA
-1255858635,Checkers,0,GAME_OVER,45,44,2,931,OSLA,OSLA
-1355268224,Checkers,0,GAME_OVER,50,49,2,932,OSLA,OSLA
-1557392058,Checkers,0,GAME_OVER,66,65,2,933,OSLA,OSLA
149319218,Checkers,0,GAME_OVER,50,49,2,934,OSLA,OSLA
-2141470671,Checkers,0,GAME_OVER,101,100,2,935,OSLA,OSLA
-1112022837,Checkers,0,GAME_OVER,50,49,2,936,OSLA,OSLA
1399308729,Checkers,0,GAME_OVER,57,56,2,937,OSLA,OSLA
-879417256,Checkers,0,GAME_OVER,45,44,2,938,OSLA,OSLA
1871388739,Checkers,0,GAME_OVER,46,45,2,939,OSLA,OSLA
1221868741,Checkers,0,GAME_OVER,144,143,2,940,OSLA,OSLA
-226707887,Checkers,0,GAME_OVER,47,46,2,941,OSLA,OSLA
-481794513,Checkers,0,GAME_OVER,56,55,2,942,OSLA,OSLA
1667352198,Checkers,0,GAME_OVER,37,36,2,943,OSLA,OSLA
-1170055652,Checkers,0,GAME_OVER,46,45,2,944,OSLA,OSLA
-2042540765,Checkers,0,GAME_OVER,64,63,2,945,OSLA,OSLA
1822806693,Checkers,0,GAME_OVER,53,52,2,946,OSLA,OSLA
-913640989,Checkers,0,GAME_OVER,43,42,2,947,OSLA,OSLA
-839375338,Checkers,0,GAME_OVER,48,47,2,948,OSLA,OSLA
1993279638,Checkers,0,GAME_OVER,50,49,2,949,OSLA,OSLA
1332023192,Checkers,0,GAME_OVER,51,50,2,950,OSLA,OSLA
-1526158354,Checkers,0,GAME_OVER,47,46,2,951,OSLA,OSLA
768030165,Checkers,0,GAME_OVER,50,49,2,952,OSLA,OSLA
-4522662,Checkers,0,GAME_OVER,54,53,2,953,OSLA,OSLA
1735789247,Checkers,0,GAME_OVER,44,43,2,954,OSLA,OSLA
2113586671,Checkers,0,GAME_OVER,48,47,2,955,OSLA,OSLA
-152655907,Checkers,0,GAME_OVER,74,73,2,956,OSLA,OSLA
1175873433,Checkers,0,GAME_OVER,40,39,2,957,OSLA,OSLA
222117067,Checkers,0,GAME_OVER,87,86,2,958,OSLA,OSLA
-248507587,Checkers,0,GAME_OVER,61,60,2,959,OSLA,OSLA
-224371245,Checkers,0,GAME_OVER,99,98,2,960,OSLA,OSLA
-691609747,Checkers,0,GAME_OVER,83,82,2,961,OSLA,OSLA
322057929,Checkers,0,GAME_OVER,39,38,2,962,OSLA,OSLA
803239122,Checkers,0,GAME_OVER,64,63,2,963,OSLA,OSLA
593421959,Checkers,0,GAME_OVER,52,51,2,964,OSLA,OSLA
-1245126511,Checkers,0,GAME_OVER,50,49,2,965,OSLA,OSLA
1024401865,Checkers,0,GAME_OVER,86,85,2,966,OSLA,OSLA
1321437724,Checkers,0,GAME_OVER,132,131,2,967,OSLA,OSLA
-1348124620,Checkers,0,GAME_OVER,31,30,2,968,OSLA,OSLA
283547994,Checkers,0,GAME_OVER,47,46,2,969,OSLA,OSLA
-158985020,Checkers,0,GAME_OVER,44,43,2,970,OSLA,OSLA
-492758255,Checkers,0,GAME_OVER,38,37,2,971,OSLA,OSLA
1833564934,Checkers,0,GAME_OVER,86,85,2,972,OSLA,OSLA
-224906009,Checkers,0,GAME_OVER,27,26,2,973,OSLA,OSLA
2136695994,Checkers,0,GAME_OVER,75,74,2,974,OSLA,OSLA
-2068476027,Checkers,0,GAME_OVER,53,52,2,975,OSLA,OSLA
1558413275,Checkers,0,GAME_OVER,50,49,2,976,OSLA,OSLA
1264718999,Checkers,0,GAME_OVER,44,43,2,977,OSLA,OSLA
521294619,Checkers,0,GAME_OVER,53,52,2,978,OSLA,OSLA
1947600831,Checkers,0,GAME_OVER,139,138,2,979,OSLA,OSLA
1340833613,Checkers,0,GAME_OVER,54,53,2,980,OSLA,OSLA
1415097531,Checkers,0,GAME_OVER,45,44,2,981,OSLA,OSLA
491503207,Checkers,0,GAME_OVER,87,86,2,982,OSLA,OSLA
2011490889,Checkers,0,GAME_OVER,37,36,2,983,OSLA,OSLA
133942512,Checkers,0,GAME_OVER,71,70,2,984,OSLA,OSLA
-1548158836,Checkers,0,GAME_OVER,48,47,2,985,OSLA,OSLA
-70469352,Checkers,0,GAME_OVER,45,44,2,986,OSLA,OSLA
1373698822,Checkers,0,GAME_OVER,135,134,2,987,OSLA,OSLA
719792855,Checkers,0,GAME_OVER,121,120,2,988,OSLA,OSLA
2013247839,Checkers,0,GAME_OVER,76,75,2,989,OSLA,OSLA
-1373820225,Checkers,0,GAME_OVER,51,50,2,990,OSLA,OSLA
-1226420342,Checkers,0,GAME_OVER,84,83,2,991,OSLA,OSLA
43305309,Checkers,0,GAME_OVER,43,42,2,992,OSLA,OSLA
1574499606,Checkers,0,GAME_OVER,50,49,2,993,OSLA,OSLA
-1760764052,Checkers,0,GAME_OVER,65,64,2,994,OSLA,OSLA
-1264995163,Checkers,0,GAME_OVER,56,55,2,995,OSLA,OSLA
-1062371551,Checkers,0,GAME_OVER,45,44,2,996,OSLA,OSLA
-1125881895,Checkers,0,GAME_OVER,49,48,2,997,OSLA,OSLA
-529553070,Checkers,0,GAME_OVER,42,41,2,998,OSLA,OSLA
1307334977,Checkers,0,GAME_OVER,55,54,2,999,OSLA,OSLA
-1047134894,Checkers,0,GAME_OVER,60,59,2,1000,OSLA,OSLA
1306713350,Checkers,0,GAME_OVER,114,113,2,1001,OSLA,OSLA
-166180472,Checkers,0,GAME_OVER,49,48,2,1002,Random,OSLA
702970291,Checkers,0,GAME_OVER,39,38,2,1003,Random,OSLA
-2093688957,Checkers,0,GAME_OVER,50,49,2,1004,Random,OSLA
15277285,Checkers,0,GAME_OVER,44,43,2,1005,Random,OSLA
-1236454748,Checkers,0,GAME_OVER,45,44,2,1006,Random,OSLA
249439406,Checkers,0,GAME_OVER,40,39,2,1007,Random,OSLA
302495374,Checkers,0,GAME_OVER,37,36,2,1008,Random,OSLA
-741054849,Checkers,0,GAME_OVER,41,40,2,1009,Random,OSLA
-1426144559,Checkers,0,GAME_OVER,44,43,2,1010,Random,OSLA
118065288,Checkers,0,GAME_OVER,46,45,2,1011,Random,OSLA
1705451795,Checkers,0,GAME_OVER,38,37,2,1012,Random,OSLA
-1138379803,Checkers,0,GAME_OVER,38,37,2,1013,Random,OSLA
-792105690,Checkers,0,GAME_OVER,39,38,2,1014,Random,OSLA
251240563,Checkers,0,GAME_OVER,46,45,2,1015,Random,OSLA
616215289,Checkers,0,GAME_OVER,52,51,2,1016,Random,OSLA
286491649,Checkers,0,GAME_OVER,39,38,2,1017,Random,OSLA
-1837327222,Checkers,0,GAME_OVER,43,42,2,1018,Random,OSLA
1731803123,Checkers,0,GAME_OVER,35,34,2,1019,Random,OSLA
416791102,Checkers,0,GAME_OVER,39,38,2,1020,Random,OSLA
216396693,Checkers,0,GAME_OVER,43,42,2,1021,Random,OSLA
-848119213,Checkers,0,GAME_OVER,39,38,2,1022,Random,OSLA
-621865294,Checkers,0,GAME_OVER,44,43,2,1023,Random,OSLA
878598204,Checkers,0,GAME_OVER,41,40,2,1024,Random,OSLA
-1699676377,Checkers,0,GAME_OVER,39,38,2,1025,Random,OSLA
638614319,Checkers,0,GAME_OVER,50,49,2,1026,Random,OSLA
-1286171248,Checkers,0,GAME_OVER,45,44,2,1027,Random,OSLA
1496380205,Checkers,0,GAME_OVER,35,34,2,1028,Random,OSLA
-535007174,Checkers,0,GAME_OVER,43,42,2,1029,Random,OSLA
351376967,Checkers,0,GAME_OVER,43,42,2,1030,Random,OSLA
-1920732930,Checkers,0,GAME_OVER,45,44,2,1031,Random,OSLA
2092088305,Checkers,0,GAME_OVER,39,38,2,1032,Random,OSLA
-2053051970,Checkers,0,GAME_OVER,39,38,2,1033,Random,OSLA
-1794684255,Checkers,0,GAME_OVER,45,44,2,1034,Random,OSLA
-1721045876,Checkers,0,GAME_OVER,40,39,2,1035,Random,OSLA
-1727902706,Checkers,0,GAME_OVER,42,41,2,1036,Random,OSLA
975488968,Checkers,0,GAME_OVER,53,52,2,1037,Random,OSLA
1884247749,Checkers,0,GAME_OVER,35,34,2,1038,Random,OSLA
695442367,Checkers,0,GAME_OVER,43,42,2,1039,Random,OSLA
1999740919,Checkers,0,GAME_OVER,34,33,2,1040,Random,OSLA
-967129467,Checkers,0,GAME_OVER,38,37,2,1041,Random,OSLA
168838819,Checkers,0,GAME_OVER,41,40,2,1042,Random,OSLA
-2108529625,Checkers,0,GAME_OVER,34,33,2,1043,Random,OSLA
-2104692336,Checkers,0,GAME_OVER,35,34,2,1044,Random,OSLA
-1813011348,Checkers,0,GAME_OVER,50,49,2,1045,Random,OSLA
-1930282061,Checkers,0,GAME_OVER,45,44,2,1046,Random,OSLA
2023066801,Checkers,0,GAME_OVER,41,40,2,1047,Random,OSLA
102119153,Checkers,0,GAME_OVER,36,35,2,1048,Random,OSLA
-1548536910,Checkers,0,GAME_OVER,40,39,2,1049,Random,OSLA
1327076190,Checkers,0,GAME_OVER,41,40,2,1050,Random,OSLA
497806905,Checkers,0,GAME_OVER,57,56,2,1051,Random,OSLA
-76330646,Checkers,0,GAME_OVER,42,41,2,1052,Random,OSLA
264015619,Checkers,0,GAME_OVER,48,47,2,1053,Random,OSLA
1893404572,Checkers,0,GAME_OVER,48,47,2,1054,Random,OSLA
-565339805,Checkers,0,GAME_OVER,35,34,2,1055,Random,OSLA
-1175914298,Checkers,0,GAME_OVER,47,46,2,1056,Random,OSLA
-632265362,Checkers,0,GAME_OVER,46,45,2,1057,Random,OSLA
2046256605,Checkers,0,GAME_OVER,37,36,2,1058,Random,OSLA
1768457643,Checkers,0,GAME_OVER,38,37,2,1059,Random,OSLA
-1394766124,Checkers,0,GAME_OVER,45,44,2,1060,Random,OSLA
-1689546336,Checkers,0,GAME_OVER,43,42,2,1061,Random,OSLA
1875269677,Checkers,0,GAME_OVER,38,37,2,1062,Random,OSLA
1044422073,Checkers,0,GAME_OVER,39,38,2,1063,Random,OSLA
-670988510,Checkers,0,GAME_OVER,48,47,2,1064,Random,OSLA
-1153208236,Checkers,0,GAME_OVER,38,37,2,1065,Random,OSLA
1519893650,Checkers,0,GAME_OVER,41,40,2,1066,Random,OSLA
731102457,Checkers,0,GAME_OVER,41,40,2,1067,Random,OSLA
1810202379,Checkers,0,GAME_OVER,47,46,2,1068,Random,OSLA
682666506,Checkers,0,GAME_OVER,40,39,2,1069,Random,OSLA
-468511048,Checkers,0,GAME_OVER,42,41,2,1070,Random,OSLA
2106028651,Checkers,0,GAME_OVER,45,44,2,1071,Random,OSLA
1689297396,Checkers,0,GAME_OVER,43,42,2,1072,Random,OSLA
-1752144906,Checkers,0,GAME_OVER,36,35,2,1073,Random,OSLA
-104552497,Checkers,0,GAME_OVER,44,43,2,1074,Random,OSLA
1311743159,Checkers,0,GAME_OVER,43,42,2,1075,Random,OSLA
-31779374,Checkers,0,GAME_OVER,43,42,2,1076,Random,OSLA
1647512635,Checkers,0,GAME_OVER,44,43,2,1077,Random,OSLA
-1466885964,Checkers,0,GAME_OVER,46,45,2,1078,Random,OSLA
-237358204,Checkers,0,GAME_OVER,41,40,2,1079,Random,OSLA
1476668398,Checkers,0,GAME_OVER,38,37,2,1080,Random,OSLA
2041525592,Checkers,0,GAME_OVER,37,36,2,1081,Random,OSLA
-1783160242,Checkers,0,GAME_OVER,40,39,2,1082,Random,OSLA
-297938423,Checkers,0,GAME_OVER,37,36,2,1083,Random,OSLA
-1640736276,Checkers,0,GAME_OVER,43,42,2,1084,Random,OSLA
-1595788062,Checkers,0,GAME_OVER,43,42,2,1085,Random,OSLA
312006714,Checkers,0,GAME_OVER,36,35,2,1086,Random,OSLA
1198380771,Checkers,0,GAME_OVER,48,47,2,1087,Random,OSLA
1347895049,Checkers,0,GAME_OVER,35,34,2,1088,Random,OSLA
-2058389133,Checkers,0,GAME_OVER,38,37,2,1089,Random,OSLA
805075370,Checkers,0,GAME_OVER,37,36,2,1090,Random,OSLA
944778537,Checkers,0,GAME_OVER,39,38,2,1091,Random,OSLA
1429879203,Checkers,0,GAME_OVER,35,34,2,1092,Random,OSLA
2026556386,Checkers,0,GAME_OVER,39,38,2,1093,Random,OSLA
-166794102,Checkers,0,GAME_OVER,39,38,2,1094,Random,OSLA
58593981,Checkers,0,GAME_OVER,49,48,2,1095,Random,OSLA
-1977593602,Checkers,0,GAME_OVER,39,38,2,1096,Random,OSLA
1424551860,Checkers,0,GAME_OVER,53,52,2,1097,Random,OSLA
-294631709,Checkers,0,GAME_OVER,39,38,2,1098,Random,OSLA
1580888036,Checkers,0,GAME_OVER,37,36,2,1099,Random,OSLA
-1262192828,Checkers,0,GAME_OVER,34,33,2,1100,Random,OSLA
-520792367,Checkers,0,GAME_OVER,34,33,2,1101,Random,OSLA
255134340,Checkers,0,GAME_OVER,33,32,2,1102,Random,OSLA
-826436583,Checkers,0,GAME_OVER,43,42,2,1103,Random,OSLA
-1599117363,Checkers,0,GAME_OVER,44,43,2,1104,Random,OSLA
1407376506,Checkers,0,GAME_OVER,46,45,2,1105,Random,OSLA
1196226270,Checkers,0,GAME_OVER,40,39,2,1106,Random,OSLA
180317213,Checkers,0,GAME_OVER,44,43,2,1107,Random,OSLA
-1089034847,Checkers,0,GAME_OVER,41,40,2,1108,Random,OSLA
-661079174,Checkers,0,GAME_OVER,36,35,2,1109,Random,OSLA
141202736,Checkers,0,GAME_OVER,31,30,2,1110,Random,OSLA
539395410,Checkers,0,GAME_OVER,40,39,2,1111,Random,OSLA
-1613865414,Checkers,0,GAME_OVER,44,43,2,1112,Random,OSLA
1666986907,Checkers,0,GAME_OVER,49,48,2,1113,Random,OSLA
781509347,Checkers,0,GAME_OVER,34,33,2,1114,Random,OSLA
-1185713591,Checkers,0,GAME_OVER,54,53,2,1115,Random,OSLA
-768592755,Checkers,0,GAME_OVER,36,35,2,1116,Random,OSLA
1848283739,Checkers,0,GAME_OVER,44,43,2,1117,Random,OSLA
876527158,Checkers,0,GAME_OVER,35,34,2,1118,Random,OSLA
-1243257703,Checkers,0,GAME_OVER,39,38,2,1119,Random,OSLA
980760651,Checkers,0,GAME_OVER,35,34,2,1120,Random,OSLA
249467615,Checkers,0,GAME_OVER,35,34,2,1121,Random,OSLA
1096153373,Checkers,0,GAME_OVER,40,39,2,1122,Random,OSLA
1095634930,Checkers,0,GAME_OVER,37,36,2,1123,Random,OSLA
992054627,Checkers,0,GAME_OVER,40,39,2,1124,Random,OSLA
943147304,Checkers,0,GAME_OVER,42,41,2,1125,Random,OSLA
-25807258,Checkers,0,GAME_OVER,51,50,2,1126,Random,OSLA
-2024265103,Checkers,0,GAME_OVER,50,49,2,1127,Random,OSLA
-1895528500,Checkers,0,GAME_OVER,48,47,2,1128,Random,OSLA
897977476,Checkers,0,GAME_OVER,42,41,2,1129,Random,OSLA
965342494,Checkers,0,GAME_OVER,43,42,2,1130,Random,OSLA
-1255858635,Checkers,0,GAME_OVER,45,44,2,1131,Random,OSLA
-1355268224,Checkers,0,GAME_OVER,37,36,2,1132,Random,OSLA
-1557392058,Checkers,0,GAME_OVER,48,47,2,1133,Random,OSLA
149319218,Checkers,0,GAME_OVER,45,44,2,1134,Random,OSLA
-2141470671,Checkers,0,GAME_OVER,37,36,2,1135,Random,OSLA
-1112022837,Checkers,0,GAME_OVER,46,45,2,1136,Random,OSLA
1399308729,Checkers,0,GAME_OVER,41,40,2,1137,Random,OSLA
-879417256,Checkers,0,GAME_OVER,47,46,2,1138,Random,OSLA
1871388739,Checkers,0,GAME_OVER,51,50,2,1139,Random,OSLA
1221868741,Checkers,0,GAME_OVER,45,44,2,1140,Random,OSLA
-226707887,Checkers,0,GAME_OVER,37,36,2,1141,Random,OSLA
-481794513,Checkers,0,GAME_OVER,44,43,2,1142,Random,OSLA
1667352198,Checkers,0,GAME_OVER,40,39,2,1143,Random,OSLA
-1170055652,Checkers,0,GAME_OVER,42,41,2,1144,Random,OSLA
-2042540765,Checkers,0,GAME_OVER,39,38,2,1145,Random,OSLA
1822806693,Checkers,0,GAME_OVER,47,46,2,1146,Random,OSLA
-913640989,Checkers,0,GAME_OVER,39,38,2,1147,Random,OSLA
-839375338,Checkers,0,GAME_OVER,46,45,2,1148,Random,OSLA
1993279638,Checkers,0,GAME_OVER,38,37,2,1149,Random,OSLA
1332023192,Checkers,0,GAME_OVER,44,43,2,1150,Random,OSLA
-1526158354,Checkers,0,GAME_OVER,44,43,2,1151,Random,OSLA
768030165,Checkers,0,GAME_OVER,46,45,2,1152,Random,OSLA
-4522662,Checkers,0,GAME_OVER,42,41,2,1153,Random,OSLA
1735789247,Checkers,0,GAME_OVER,37,36,2,1154,Random,OSLA
2113586671,Checkers,0,GAME_OVER,47,46,2,1155,Random,OSLA
-152655907,Checkers,0,GAME_OVER,49,48,2,1156,Random,OSLA
1175873433,Checkers,0,GAME_OVER,40,39,2,1157,Random,OSLA
222117067,Checkers,0,GAME_OVER,58,57,2,1158,Random,OSLA
-248507587,Checkers,0,GAME_OVER,39,38,2,1159,Random,OSLA
-224371245,Checkers,0,GAME_OVER,34,33,2,1160,Random,OSLA
-691609747,Checkers,0,GAME_OVER,38,37,2,1161,Random,OSLA
322057929,Checkers,0,GAME_OVER,41,40,2,1162,Random,OSLA
803239122,Checkers,0,GAME_OVER,49,48,2,1163,Random,OSLA
593421959,Checkers,0,GAME_OVER,45,44,2,1164,Random,OSLA
-1245126511,Checkers,0,GAME_OVER,43,42,2,1165,Random,OSLA
1024401865,Checkers,0,GAME_OVER,43,42,2,1166,Random,OSLA
1321437724,Checkers,0,GAME_OVER,57,56,2,1167,Random,OSLA
-1348124620,Checkers,0,GAME_OVER,38,37,2,1168,Random,OSLA
283547994,Checkers,0,GAME_OVER,46,45,2,1169,Random,OSLA
-158985020,Checkers,0,GAME_OVER,35,34,2,1170,Random,OSLA
-492758255,Checkers,0,GAME_OVER,50,49,2,1171,Random,OSLA
1833564934,Checkers,0,GAME_OVER,37,36,2,1172,Random,OSLA
-224906009,Checkers,0,GAME_OVER,36,35,2,1173,Random,OSLA
2136695994,Checkers,0,GAME_OVER,35,34,2,1174,Random,OSLA
-2068476027,Checkers,0,GAME_OVER,39,38,2,1175,Random,OSLA
1558413275,Checkers,0,GAME_OVER,64,63,2,1176,Random,OSLA
1264718999,Checkers,0,GAME_OVER,64,63,2,1177,Random,OSLA
521294619,Checkers,0,GAME_OVER,46,45,2,1178,Random,OSLA
1947600831,Checkers,0,GAME_OVER,46,45,2,1179,Random,OSLA
1340833613,Checkers,0,GAME_OVER,38,37,2,1180,Random,OSLA
1415097531,Checkers,0,GAME_OVER,40,39,2,1181,Random,OSLA
491503207,Checkers,0,GAME_OVER,38,37,2,1182,Random,OSLA
2011490889,Checkers,0,GAME_OVER,36,35,2,1183,Random,OSLA
133942512,Checkers,0,GAME_OVER,50,49,2,1184,Random,OSLA
-1548158836,Checkers,0,GAME_OVER,41,40,2,1185,Random,OSLA
-70469352,Checkers,0,GAME_OVER,40,39,2,1186,Random,OSLA
1373698822,Checkers,0,GAME_OVER,46,45,2,1187,Random,OSLA
719792855,Checkers,0,GAME_OVER,40,39,2,1188,Random,OSLA
2013247839,Checkers,0,GAME_OVER,41,40,2,1189,Random,OSLA
-1373820225,Checkers,0,GAME_OVER,36,35,2,1190,Random,OSLA
-1226420342,Checkers,0,GAME_OVER,41,40,2,1191,Random,OSLA
43305309,Checkers,0,GAME_OVER,44,43,2,1192,Random,OSLA
1574499606,Checkers,0,GAME_OVER,48,47,2,1193,Random,OSLA
-1760764052,Checkers,0,GAME_OVER,45,44,2,1194,Random,OSLA
-1264995163,Checkers,0,GAME_OVER,46,45,2,1195,Random,OSLA
-1062371551,Checkers,0,GAME_OVER,34,33,2,1196,Random,OSLA
-1125881895,Checkers,0,GAME_OVER,54,53,2,1197,Random,OSLA
-529553070,Checkers,0,GAME_OVER,39,38,2,1198,Random,OSLA
1307334977,Checkers,0,GAME_OVER,48,47,2,1199,Random,OSLA
-1047134894,Checkers,0,GAME_OVER,38,37,2,1200,Random,OSLA
1306713350,Checkers,0,GAME_OVER,35,34,2,1201,Random,OSLA
-166180472,Checkers,0,GAME_OVER,34,33,2,1202,MCTS_v0,Random
702970291,Checkers,0,GAME_OVER,34,33,2,1203,MCTS_v0,Random
-2093688957,Checkers,0,GAME_OVER,44,43,2,1204,MCTS_v0,Random
15277285,Checkers,0,GAME_OVER,50,49,2,1205,MCTS_v0,Random
-1236454748,Checkers,0,GAME_OVER,47,46,2,1206,MCTS_v0,Random
249439406,Checkers,0,GAME_OVER,39,38,2,1207,MCTS_v0,Random
302495374,Checkers,0,GAME_OVER,43,42,2,1208,MCTS_v0,Random
-741054849,Checkers,0,GAME_OVER,42,41,2,1209,MCTS_v0,Random
-1426144559,Checkers,0,GAME_OVER,49,48,2,1210,MCTS_v0,Random
118065288,Checkers,0,GAME_OVER,44,43,2,1211,MCTS_v0,Random
1705451795,Checkers,0,GAME_OVER,50,49,2,1212,MCTS_v0,Random
-1138379803,Checkers,0,GAME_OVER,34,33,2,1213,MCTS_v0,Random
-792105690,Checkers,0,GAME_OVER,47,46,2,1214,MCTS_v0,Random
251240563,Checkers,0,GAME_OVER,43,42,2,1215,MCTS_v0,Random
616215289,Checkers,0,GAME_OVER,40,39,2,1216,MCTS_v0,Random
286491649,Checkers,0,GAME_OVER,40,39,2,1217,MCTS_v0,Random
-1837327222,Checkers,0,GAME_OVER,42,41,2,1218,MCTS_v0,Random
1731803123,Checkers,0,GAME_OVER,38,37,2,1219,MCTS_v0,Random
416791102,Checkers,0,GAME_OVER,47,46,2,1220,MCTS_v0,Random
216396693,Checkers,0,GAME_OVER,42,41,2,1221,MCTS_v0,Random
-848119213,Checkers,0,GAME_OVER,40,39,2,1222,MCTS_v0,Random
-621865294,Checkers,0,GAME_OVER,39,38,2,1223,MCTS_v0,Random
878598204,Checkers,0,GAME_OVER,42,41,2,1224,MCTS_v0,Random
-1699676377,Checkers,0,GAME_OVER,42,41,2,1225,MCTS_v0,Random
638614319,Checkers,0,GAME_OVER,45,44,2,1226,MCTS_v0,Random
-1286171248,Checkers,0,GAME_OVER,45,44,2,1227,MCTS_v0,Random
1496380205,Checkers,0,GAME_OVER,47,46,2,1228,MCTS_v0,Random
-535007174,Checkers,0,GAME_OVER,34,33,2,1229,MCTS_v0,Random
351376967,Checkers,0,GAME_OVER,39,38,2,1230,MCTS_v0,Random
-1920732930,Checkers,0,GAME_OVER,42,41,2,1231,MCTS_v0,Random
2092088305,Checkers,0,GAME_OVER,42,41,2,1232,MCTS_v0,Random
-2053051970,Checkers,0,GAME_OVER,38,37,2,1233,MCTS_v0,Random
-1794684255,Checkers,0,GAME_OVER,47,46,2,1234,MCTS_v0,Random
-1721045876,Checkers,0,GAME_OVER,45,44,2,1235,MCTS_v0,Random
-1727902706,Checkers,0,GAME_OVER,44,43,2,1236,MCTS_v0,Random
975488968,Checkers,0,GAME_OVER,52,51,2,1237,MCTS_v0,Random
1884247749,Checkers,0,GAME_OVER,49,48,2,1238,MCTS_v0,Random
695442367,Checkers,0,GAME_OVER,41,40,2,1239,MCTS_v0,Random
1999740919,Checkers,0,GAME_OVER,50,49,2,1240,MCTS_v0,Random
-967129467,Checkers,0,GAME_OVER,39,38,2,1241,MCTS_v0,Random
168838819,Checkers,0,GAME_OVER,37,36,2,1242,MCTS_v0,Random
-2108529625,Checkers,0,GAME_OVER,42,41,2,1243,MCTS_v0,Random
-2104692336,Checkers,0,GAME_OVER,41,40,2,1244,MCTS_v0,Random
-1813011348,Checkers,0,GAME_OVER,46,45,2,1245,MCTS_v0,Random
-1930282061,Checkers,0,GAME_OVER,45,44,2,1246,MCTS_v0,Random
2023066801,Checkers,0,GAME_OVER,45,44,2,1247,MCTS_v0,Random
102119153,Checkers,0,GAME_OVER,45,44,2,1248,MCTS_v0,Random
-1548536910,Checkers,0,GAME_OVER,42,41,2,1249,MCTS_v0,Random
1327076190,Checkers,0,GAME_OVER,45,44,2,1250,MCTS_v0,Random
497806905,Checkers,0,GAME_OVER,46,45,2,1251,MCTS_v0,Random
-76330646,Checkers,0,GAME_OVER,41,40,2,1252,MCTS_v0,Random
264015619,Checkers,0,GAME_OVER,43,42,2,1253,MCTS_v0,Random
1893404572,Checkers,0,GAME_OVER,41,40,2,1254,MCTS_v0,Random
-565339805,Checkers,0,GAME_OVER,39,38,2,1255,MCTS_v0,Random
-1175914298,Checkers,0,GAME_OVER,50,49,2,1256,MCTS_v0,Random
-632265362,Checkers,0,GAME_OVER,43,42,2,1257,MCTS_v0,Random
2046256605,Checkers,0,GAME_OVER,41,40,2,1258,MCTS_v0,Random
1768457643,Checkers,0,GAME_OVER,48,47,2,1259,MCTS_v0,Random
-1394766124,Checkers,0,GAME_OVER,44,43,2,1260,MCTS_v0,Random
-1689546336,Checkers,0,GAME_OVER,47,46,2,1261,MCTS_v0,Random
1875269677,Checkers,0,GAME_OVER,54,53,2,1262,MCTS_v0,Random
1044422073,Checkers,0,GAME_OVER,44,43,2,1263,MCTS_v0,Random
-670988510,Checkers,0,GAME_OVER,46,45,2,1264,MCTS_v0,Random
-1153208236,Checkers,0,GAME_OVER,50,49,2,1265,MCTS_v0,Random
1519893650,Checkers,0,GAME_OVER,47,46,2,1266,MCTS_v0,Random
731102457,Checkers,0,GAME_OVER,44,43,2,1267,MCTS_v0,Random
1810202379,Checkers,0,GAME_OVER,41,40,2,1268,MCTS_v0,Random
682666506,Checkers,0,GAME_OVER,44,43,2,1269,MCTS_v0,Random
-468511048,Checkers,0,GAME_OVER,43,42,2,1270,MCTS_v0,Random
2106028651,Checkers,0,GAME_OVER,53,52,2,1271,MCTS_v0,Random
1689297396,Checkers,0,GAME_OVER,45,44,2,1272,MCTS_v0,Random
-1752144906,Checkers,0,GAME_OVER,47,46,2,1273,MCTS_v0,Random
-104552497,Checkers,0,GAME_OVER,46,45,2,1274,MCTS_v0,Random
1311743159,Checkers,0,GAME_OVER,41,40,2,1275,MCTS_v0,Random
-31779374,Checkers,0,GAME_OVER,40,39,2,1276,MCTS_v0,Random
1647512635,Checkers,0,GAME_OVER,40,39,2,1277,MCTS_v0,Random
-1466885964,Checkers,0,GAME_OVER,38,37,2,1278,MCTS_v0,Random
-237358204,Checkers,0,GAME_OVER,55,54,2,1279,MCTS_v0,Random
1476668398,Checkers,0,GAME_OVER,57,56,2,1280,MCTS_v0,Random
2041525592,Checkers,0,GAME_OVER,38,37,2,1281,MCTS_v0,Random
-1783160242,Checkers,0,GAME_OVER,38,37,2,1282,MCTS_v0,Random
-297938423,Checkers,0,GAME_OVER,43,42,2,1283,MCTS_v0,Random
-1640736276,Checkers,0,GAME_OVER,47,46,2,1284,MCTS_v0,Random
-1595788062,Checkers,0,GAME_OVER,34,33,2,1285,MCTS_v0,Random
312006714,Checkers,0,GAME_OVER,41,40,2,1286,MCTS_v0,Random
1198380771,Checkers,0,GAME_OVER,38,37,2,1287,MCTS_v0,Random
1347895049,Checkers,0,GAME_OVER,33,32,2,1288,MCTS_v0,Random
-2058389133,Checkers,0,GAME_OVER,41,40,2,1289,MCTS_v0,Random
805075370,Checkers,0,GAME_OVER,43,42,2,1290,MCTS_v0,Random
944778537,Checkers,0,GAME_OVER,41,40,2,1291,MCTS_v0,Random
1429879203,Checkers,0,GAME_OVER,53,52,2,1292,MCTS_v0,Random
2026556386,Checkers,0,GAME_OVER,44,43,2,1293,MCTS_v0,Random
-166794102,Checkers,0,GAME_OVER,47,46,2,1294,MCTS_v0,Random
58593981,Checkers,0,GAME_OVER,35,34,2,1295,MCTS_v0,Random
-1977593602,Checkers,0,GAME_OVER,38,37,2,1296,MCTS_v0,Random
1424551860,Checkers,0,GAME_OVER,47,46,2,1297,MCTS_v0,Random
-294631709,Checkers,0,GAME_OVER,44,43,2,1298,MCTS_v0,Random
1580888036,Checkers,0,GAME_OVER,46,45,2,1299,MCTS_v0,Random
-1262192828,Checkers,0,GAME_OVER,43,42,2,1300,MCTS_v0,Random
-520792367,Checkers,0,GAME_OVER,38,37,2,1301,MCTS_v0,Random
255134340,Checkers,0,GAME_OVER,48,47,2,1302,MCTS_v0,Random
-826436583,Checkers,0,GAME_OVER,50,49,2,1303,MCTS_v0,Random
-1599117363,Checkers,0,GAME_OVER,42,41,2,1304,MCTS_v0,Random
1407376506,Checkers,0,GAME_OVER,55,54,2,1305,MCTS_v0,Random
1196226270,Checkers,0,GAME_OVER,57,56,2,1306,MCTS_v0,Random
180317213,Checkers,0,GAME_OVER,41,40,2,1307,MCTS_v0,Random
-1089034847,Checkers,0,GAME_OVER,55,54,2,1308,MCTS_v0,Random
-661079174,Checkers,0,GAME_OVER,54,53,2,1309,MCTS_v0,Random
141202736,Checkers,0,GAME_OVER,50,49,2,1310,MCTS_v0,Random
539395410,Checkers,0,GAME_OVER,48,47,2,1311,MCTS_v0,Random
-1613865414,Checkers,0,GAME_OVER,39,38,2,1312,MCTS_v0,Random
1666986907,Checkers,0,GAME_OVER,41,40,2,1313,MCTS_v0,Random
781509347,Checkers,0,GAME_OVER,48,47,2,1314,MCTS_v0,Random
-1185713591,Checkers,0,GAME_OVER,44,43,2,1315,MCTS_v0,Random
-768592755,Checkers,0,GAME_OVER,44,43,2,1316,MCTS_v0,Random
1848283739,Checkers,0,GAME_OVER,39,38,2,1317,MCTS_v0,Random
876527158,Checkers,0,GAME_OVER,47,46,2,1318,MCTS_v0,Random
-1243257703,Checkers,0,GAME_OVER,45,44,2,1319,MCTS_v0,Random
980760651,Checkers,0,GAME_OVER,51,50,2,1320,MCTS_v0,Random
249467615,Checkers,0,GAME_OVER,37,36,2,1321,MCTS_v0,Random
1096153373,Checkers,0,GAME_OVER,39,38,2,1322,MCTS_v0,Random
1095634930,Checkers,0,GAME_OVER,37,36,2,1323,MCTS_v0,Random
992054627,Checkers,0,GAME_OVER,40,39,2,1324,MCTS_v0,Random
943147304,Checkers,0,GAME_OVER,42,41,2,1325,MCTS_v0,Random
-25807258,Checkers,0,GAME_OVER,42,41,2,1326,MCTS_v0,Random
-2024265103,Checkers,0,GAME_OVER,39,38,2,1327,MCTS_v0,Random
-1895528500,Checkers,0,GAME_OVER,40,39,2,1328,MCTS_v0,Random
897977476,Checkers,0,GAME_OVER,40,39,2,1329,MCTS_v0,Random
965342494,Checkers,0,GAME_OVER,44,43,2,1330,MCTS_v0,Random
-1255858635,Checkers,0,GAME_OVER,44,43,2,1331,MCTS_v0,Random
-1355268224,Checkers,0,GAME_OVER,52,51,2,1332,MCTS_v0,Random
-1557392058,Checkers,0,GAME_OVER,42,41,2,1333,MCTS_v0,Random
149319218,Checkers,0,GAME_OVER,41,40,2,1334,MCTS_v0,Random
-2141470671,Checkers,0,GAME_OVER,48,47,2,1335,MCTS_v0,Random
-1112022837,Checkers,0,GAME_OVER,39,38,2,1336,MCTS_v0,Random
1399308729,Checkers,0,GAME_OVER,38,37,2,1337,MCTS_v0,Random
-879417256,Checkers,0,GAME_OVER,43,42,2,1338,MCTS_v0,Random
1871388739,Checkers,0,GAME_OVER,39,38,2,1339,MCTS_v0,Random
1221868741,Checkers,0,GAME_OVER,40,39,2,1340,MCTS_v0,Random
-226707887,Checkers,0,GAME_OVER,38,37,2,1341,MCTS_v0,Random
-481794513,Checkers,0,GAME_OVER,52,51,2,1342,MCTS_v0,Random
1667352198,Checkers,0,GAME_OVER,40,39,2,1343,MCTS_v0,Random
-1170055652,Checkers,0,GAME_OVER,45,44,2,1344,MCTS_v0,Random
-2042540765,Checkers,0,GAME_OVER,51,50,2,1345,MCTS_v0,Random
1822806693,Checkers,0,GAME_OVER,42,41,2,1346,MCTS_v0,Random
-913640989,Checkers,0,GAME_OVER,43,42,2,1347,MCTS_v0,Random
-839375338,Checkers,0,GAME_OVER,38,37,2,1348,MCTS_v0,Random
1993279638,Checkers,0,GAME_OVER,46,45,2,1349,MCTS_v0,Random
1332023192,Checkers,0,GAME_OVER,40,39,2,1350,MCTS_v0,Random
-1526158354,Checkers,0,GAME_OVER,39,38,2,1351,MCTS_v0,Random
768030165,Checkers,0,GAME_OVER,58,57,2,1352,MCTS_v0,Random
-4522662,Checkers,0,GAME_OVER,44,43,2,1353,MCTS_v0,Random
1735789247,Checkers,0,GAME_OVER,42,41,2,1354,MCTS_v0,Random
2113586671,Checkers,0,GAME_OVER,42,41,2,1355,MCTS_v0,Random
-152655907,Checkers,0,GAME_OVER,40,39,2,1356,MCTS_v0,Random
1175873433,Checkers,0,GAME_OVER,40,39,2,1357,MCTS_v0,Random
222117067,Checkers,0,GAME_OVER,51,50,2,1358,MCTS_v0,Random
-248507587,Checkers,0,GAME_OVER,48,47,2,1359,MCTS_v0,Random
-224371245,Checkers,0,GAME_OVER,37,36,2,1360,MCTS_v0,Random
-691609747,Checkers,0,GAME_OVER,38,37,2,1361,MCTS_v0,Random
322057929,Checkers,0,GAME_OVER,47,46,2,1362,MCTS_v0,Random
803239122,Checkers,0,GAME_OVER,44,43,2,1363,MCTS_v0,Random
593421959,Checkers,0,GAME_OVER,45,44,2,1364,MCTS_v0,Random
-1245126511,Checkers,0,GAME_OVER,45,44,2,1365,MCTS_v0,Random
1024401865,Checkers,0,GAME_OVER,49,48,2,1366,MCTS_v0,Random
1321437724,Checkers,0,GAME_OVER,37,36,2,1367,MCTS_v0,Random
-1348124620,Checkers,0,GAME_OVER,56,55,2,1368,MCTS_v0,Random
283547994,Checkers,0,GAME_OVER,47,46,2,1369,MCTS_v0,Random
-158985020,Checkers,0,GAME_OVER,52,51,2,1370,MCTS_v0,Random
-492758255,Checkers,0,GAME_OVER,35,34,2,1371,MCTS_v0,Random
1833564934,Checkers,0,GAME_OVER,47,46,2,1372,MCTS_v0,Random
-224906009,Checkers,0,GAME_OVER,41,40,2,1373,MCTS_v0,Random
2136695994,Checkers,0,GAME_OVER,45,44,2,1374,MCTS_v0,Random
-2068476027,Checkers,0,GAME_OVER,41,40,2,1375,MCTS_v0,Random
1558413275,Checkers,0,GAME_OVER,31,30,2,1376,MCTS_v0,Random
1264718999,Checkers,0,GAME_OVER,38,37,2,1377,MCTS_v0,Random
521294619,Checkers,0,GAME_OVER,37,36,2,1378,MCTS_v0,Random
1947600831,Checkers,0,GAME_OVER,45,44,2,1379,MCTS_v0,Random
1340833613,Checkers,0,GAME_OVER,46,45,2,1380,MCTS_v0,Random
1415097531,Checkers,0,GAME_OVER,42,41,2,1381,MCTS_v0,Random
491503207,Checkers,0,GAME_OVER,46,45,2,1382,MCTS_v0,Random
2011490889,Checkers,0,GAME_OVER,57,56,2,1383,MCTS_v0,Random
133942512,Checkers,0,GAME_OVER,37,36,2,1384,MCTS_v0,Random
-1548158836,Checkers,0,GAME_OVER,42,41,2,1385,MCTS_v0,Random
-70469352,Checkers,0,GAME_OVER,44,43,2,1386,MCTS_v0,Random
1373698822,Checkers,0,GAME_OVER,51,50,2,1387,MCTS_v0,Random
719792855,Checkers,0,GAME_OVER,54,53,2,1388,MCTS_v0,Random
2013247839,Checkers,0,GAME_OVER,39,38,2,1389,MCTS_v0,Random
-1373820225,Checkers,0,GAME_OVER,41,40,2,1390,MCTS_v0,Random
-1226420342,Checkers,0,GAME_OVER,41,40,2,1391,MCTS_v0,Random
43305309,Checkers,0,GAME_OVER,43,42,2,1392,MCTS_v0,Random
1574499606,Checkers,0,GAME_OVER,45,44,2,1393,MCTS_v0,Random
-1760764052,Checkers,0,GAME_OVER,52,51,2,1394,MCTS_v0,Random
-1264995163,Checkers,0,GAME_OVER,37,36,2,1395,MCTS_v0,Random
-1062371551,Checkers,0,GAME_OVER,46,45,2,1396,MCTS_v0,Random
-1125881895,Checkers,0,GAME_OVER,48,47,2,1397,MCTS_v0,Random
-529553070,Checkers,0,GAME_OVER,49,48,2,1398,MCTS_v0,Random
1307334977,Checkers,0,GAME_OVER,45,44,2,1399,MCTS_v0,Random
-1047134894,Checkers,0,GAME_OVER,42,41,2,1400,MCTS_v0,Random
1306713350,Checkers,0,GAME_OVER,42,41,2,1401,MCTS_v0,Random
-166180472,Checkers,0,GAME_OVER,60,59,2,1402,OSLA,Random
702970291,Checkers,0,GAME_OVER,39,38,2,1403,OSLA,Random
-2093688957,Checkers,0,GAME_OVER,39,38,2,1404,OSLA,Random
15277285,Checkers,0,GAME_OVER,50,49,2,1405,OSLA,Random
-1236454748,Checkers,0,GAME_OVER,39,38,2,1406,OSLA,Random
249439406,Checkers,0,GAME_OVER,42,41,2,1407,OSLA,Random
302495374,Checkers,0,GAME_OVER,46,45,2,1408,OSLA,Random
-741054849,Checkers,0,GAME_OVER,47,46,2,1409,OSLA,Random
-1426144559,Checkers,0,GAME_OVER,42,41,2,1410,OSLA,Random
118065288,Checkers,0,GAME_OVER,45,44,2,1411,OSLA,Random
1705451795,Checkers,0,GAME_OVER,46,45,2,1412,OSLA,Random
-1138379803,Checkers,0,GAME_OVER,52,51,2,1413,OSLA,Random
-792105690,Checkers,0,GAME_OVER,42,41,2,1414,OSLA,Random
251240563,Checkers,0,GAME_OVER,33,32,2,1415,OSLA,Random
616215289,Checkers,0,GAME_OVER,28,27,2,1416,OSLA,Random
286491649,Checkers,0,GAME_OVER,49,48,2,1417,OSLA,Random
-1837327222,Checkers,0,GAME_OVER,38,37,2,1418,OSLA,Random
1731803123,Checkers,0,GAME_OVER,76,75,2,1419,OSLA,Random
416791102,Checkers,0,GAME_OVER,42,41,2,1420,OSLA,Random
216396693,Checkers,0,GAME_OVER,35,34,2,1421,OSLA,Random
-848119213,Checkers,0,GAME_OVER,38,37,2,1422,OSLA,Random
-621865294,Checkers,0,GAME_OVER,39,38,2,1423,OSLA,Random
878598204,Checkers,0,GAME_OVER,43,42,2,1424,OSLA,Random
-1699676377,Checkers,0,GAME_OVER,56,55,2,1425,OSLA,Random
638614319,Checkers,0,GAME_OVER,39,38,2,1426,OSLA,Random
-1286171248,Checkers,0,GAME_OVER,41,40,2,1427,OSLA,Random
1496380205,Checkers,0,GAME_OVER,49,48,2,1428,OSLA,Random
-535007174,Checkers,0,GAME_OVER,35,34,2,1429,OSLA,Random
351376967,Checkers,0,GAME_OVER,38,37,2,1430,OSLA,Random
-1920732930,Checkers,0,GAME_OVER,46,45,2,1431,OSLA,Random
2092088305,Checkers,0,GAME_OVER,45,44,2,1432,OSLA,Random
-2053051970,Checkers,0,GAME_OVER,39,38,2,1433,OSLA,Random
-1794684255,Checkers,0,GAME_OVER,52,51,2,1434,OSLA,Random
-1721045876,Checkers,0,GAME_OVER,45,44,2,1435,OSLA,Random
-1727902706,Checkers,0,GAME_OVER,62,61,2,1436,OSLA,Random
975488968,Checkers,0,GAME_OVER,42,41,2,1437,OSLA,Random
1884247749,Checkers,0,GAME_OVER,46,45,2,1438,OSLA,Random
695442367,Checkers,0,GAME_OVER,35,34,2,1439,OSLA,Random
1999740919,Checkers,0,GAME_OVER,42,41,2,1440,OSLA,Random
-967129467,Checkers,0,GAME_OVER,36,35,2,1441,OSLA,Random
168838819,Checkers,0,GAME_OVER,33,32,2,1442,OSLA,Random
-2108529625,Checkers,0,GAME_OVER,53,52,2,1443,OSLA,Random
-2104692336,Checkers,0,GAME_OVER,42,41,2,1444,OSLA,Random
-1813011348,Checkers,0,GAME_OVER,53,52,2,1445,OSLA,Random
-1930282061,Checkers,0,GAME_OVER,44,43,2,1446,OSLA,Random
2023066801,Checkers,0,GAME_OVER,41,40,2,1447,OSLA,Random
102119153,Checkers,0,GAME_OVER,41,40,2,1448,OSLA,Random
-1548536910,Checkers,0,GAME_OVER,46,45,2,1449,OSLA,Random
1327076190,Checkers,0,GAME_OVER,42,41,2,1450,OSLA,Random
497806905,Checkers,0,GAME_OVER,35,34,2,1451,OSLA,Random
-76330646,Checkers,0,GAME_OVER,58,57,2,1452,OSLA,Random
264015619,Checkers,0,GAME_OVER,40,39,2,1453,OSLA,Random
1893404572,Checkers,0,GAME_OVER,66,65,2,1454,OSLA,Random
-565339805,Checkers,0,GAME_OVER,42,41,2,1455,OSLA,Random
-1175914298,Checkers,0,GAME_OVER,44,43,2,1456,OSLA,Random
-632265362,Checkers,0,GAME_OVER,43,42,2,1457,OSLA,Random
2046256605,Checkers,0,GAME_OVER,36,35,2,1458,OSLA,Random
1768457643,Checkers,0,GAME_OVER,40,39,2,1459,OSLA,Random
-1394766124,Checkers,0,GAME_OVER,39,38,2,1460,OSLA,Random
-1689546336,Checkers,0,GAME_OVER,48,47,2,1461,OSLA,Random
1875269677,Checkers,0,GAME_OVER,42,41,2,1462,OSLA,Random
1044422073,Checkers,0,GAME_OVER,49,48,2,1463,OSLA,Random
-670988510,Checkers,0,GAME_OVER,40,39,2,1464,OSLA,Random
-1153208236,Checkers,0,GAME_OVER,44,43,2,1465,OSLA,Random
1519893650,Checkers,0,GAME_OVER,40,39,2,1466,OSLA,Random
731102457,Checkers,0,GAME_OVER,55,54,2,1467,OSLA,Random
1810202379,Checkers,0,GAME_OVER,36,35,2,1468,OSLA,Random
682666506,Checkers,0,GAME_OVER,44,43,2,1469,OSLA,Random
-468511048,Checkers,0,GAME_OVER,42,41,2,1470,OSLA,Random
2106028651,Checkers,0,GAME_OVER,47,46,2,1471,OSLA,Random
1689297396,Checkers,0,GAME_OVER,35,34,2,1472,OSLA,Random
-1752144906,Checkers,0,GAME_OVER,36,35,2,1473,OSLA,Random
-104552497,Checkers,0,GAME_OVER,39,38,2,1474,OSLA,Random
1311743159,Checkers,0,GAME_OVER,61,60,2,1475,OSLA,Random
-31779374,Checkers,0,GAME_OVER,44,43,2,1476,OSLA,Random
1647512635,Checkers,0,GAME_OVER,46,45,2,1477,OSLA,Random
-1466885964,Checkers,0,GAME_OVER,38,37,2,1478,OSLA,Random
-237358204,Checkers,0,GAME_OVER,40,39,2,1479,OSLA,Random
1476668398,Checkers,0,GAME_OVER,48,47,2,1480,OSLA,Random
2041525592,Checkers,0,GAME_OVER,40,39,2,1481,OSLA,Random
-1783160242,Checkers,0,GAME_OVER,49,48,2,1482,OSLA,Random
-297938423,Checkers,0,GAME_OVER,47,46,2,1483,OSLA,Random
-1640736276,Checkers,0,GAME_OVER,47,46,2,1484,OSLA,Random
-1595788062,Checkers,0,GAME_OVER,41,40,2,1485,OSLA,Random
312006714,Checkers,0,GAME_OVER,49,48,2,1486,OSLA,Random
1198380771,Checkers,0,GAME_OVER,34,33,2,1487,OSLA,Random
1347895049,Checkers,0,GAME_OVER,44,43,2,1488,OSLA,Random
-2058389133,Checkers,0,GAME_OVER,42,41,2,1489,OSLA,Random
805075370,Checkers,0,GAME_OVER,36,35,2,1490,OSLA,Random
944778537,Checkers,0,GAME_OVER,41,40,2,1491,OSLA,Random
1429879203,Checkers,0,GAME_OVER,40,39,2,1492,OSLA,Random
2026556386,Checkers,0,GAME_OVER,47,46,2,1493,OSLA,Random
-166794102,Checkers,0,GAME_OVER,46,45,2,1494,OSLA,Random
58593981,Checkers,0,GAME_OVER,46,45,2,1495,OSLA,Random
-1977593602,Checkers,0,GAME_OVER,44,43,2,1496,OSLA,Random
1424551860,Checkers,0,GAME_OVER,40,39,2,1497,OSLA,Random
-294631709,Checkers,0,GAME_OVER,45,44,2,1498,OSLA,Random
1580888036,Checkers,0,GAME_OVER,56,55,2,1499,OSLA,Random
-1262192828,Checkers,0,GAME_OVER,40,39,2,1500,OSLA,Random
-520792367,Checkers,0,GAME_OVER,43,42,2,1501,OSLA,Random
255134340,Checkers,0,GAME_OVER,39,38,2,1502,OSLA,Random
-826436583,Checkers,0,GAME_OVER,37,36,2,1503,OSLA,Random
-1599117363,Checkers,0,GAME_OVER,52,51,2,1504,OSLA,Random
1407376506,Checkers,0,GAME_OVER,37,36,2,1505,OSLA,Random
1196226270,Checkers,0,GAME_OVER,42,41,2,1506,OSLA,Random
180317213,Checkers,0,GAME_OVER,32,31,2,1507,OSLA,Random
-1089034847,Checkers,0,GAME_OVER,36,35,2,1508,OSLA,Random
-661079174,Checkers,0,GAME_OVER,34,33,2,1509,OSLA,Random
141202736,Checkers,0,GAME_OVER,45,44,2,1510,OSLA,Random
539395410,Checkers,0,GAME_OVER,35,34,2,1511,OSLA,Random
-1613865414,Checkers,0,GAME_OVER,46,45,2,1512,OSLA,Random
1666986907,Checkers,0,GAME_OVER,38,37,2,1513,OSLA,Random
781509347,Checkers,0,GAME_OVER,40,39,2,1514,OSLA,Random
-1185713591,Checkers,0,GAME_OVER,47,46,2,1515,OSLA,Random
-768592755,Checkers,0,GAME_OVER,54,53,2,1516,OSLA,Random
1848283739,Checkers,0,GAME_OVER,38,37,2,1517,OSLA,Random
876527158,Checkers,0,GAME_OVER,48,47,2,1518,OSLA,Random
-1243257703,Checkers,0,GAME_OVER,48,47,2,1519,OSLA,Random
980760651,Checkers,0,GAME_OVER,33,32,2,1520,OSLA,Random
249467615,Checkers,0,GAME_OVER,41,40,2,1521,OSLA,Random
1096153373,Checkers,0,GAME_OVER,45,44,2,1522,OSLA,Random
1095634930,Checkers,0,GAME_OVER,45,44,2,1523,OSLA,Random
992054627,Checkers,0,GAME_OVER,39,38,2,1524,OSLA,Random
943147304,Checkers,0,GAME_OVER,35,34,2,1525,OSLA,Random
-25807258,Checkers,0,GAME_OVER,41,40,2,1526,OSLA,Random
-2024265103,Checkers,0,GAME_OVER,39,38,2,1527,OSLA,Random
-1895528500,Checkers,0,GAME_OVER,52,51,2,1528,OSLA,Random
897977476,Checkers,0,GAME_OVER,45,44,2,1529,OSLA,Random
965342494,Checkers,0,GAME_OVER,53,52,2,1530,OSLA,Random
-1255858635,Checkers,0,GAME_OVER,38,37,2,1531,OSLA,Random
-1355268224,Checkers,0,GAME_OVER,43,42,2,1532,OSLA,Random
-1557392058,Checkers,0,GAME_OVER,36,35,2,1533,OSLA,Random
149319218,Checkers,0,GAME_OVER,36,35,2,1534,OSLA,Random
-2141470671,Checkers,0,GAME_OVER,39,38,2,1535,OSLA,Random
-1112022837,Checkers,0,GAME_OVER,39,38,2,1536,OSLA,Random
1399308729,Checkers,0,GAME_OVER,42,41,2,1537,OSLA,Random
-879417256,Checkers,0,GAME_OVER,41,40,2,1538,OSLA,Random
1871388739,Checkers,0,GAME_OVER,44,43,2,1539,OSLA,Random
1221868741,Checkers,0,GAME_OVER,44,43,2,1540,OSLA,Random
-226707887,Checkers,0,GAME_OVER,35,34,2,1541,OSLA,Random
-481794513,Checkers,0,GAME_OVER,36,35,2,1542,OSLA,Random
1667352198,Checkers,0,GAME_OVER,42,41,2,1543,OSLA,Random
-1170055652,Checkers,0,GAME_OVER,42,41,2,1544,OSLA,Random
-2042540765,Checkers,0,GAME_OVER,52,51,2,1545,OSLA,Random
1822806693,Checkers,0,GAME_OVER,33,32,2,1546,OSLA,Random
-913640989,Checkers,0,GAME_OVER,40,39,2,1547,OSLA,Random
-839375338,Checkers,0,GAME_OVER,40,39,2,1548,OSLA,Random
1993279638,Checkers,0,GAME_OVER,39,38,2,1549,OSLA,Random
1332023192,Checkers,0,GAME_OVER,39,38,2,1550,OSLA,Random
-1526158354,Checkers,0,GAME_OVER,48,47,2,1551,OSLA,Random
768030165,Checkers,0,GAME_OVER,43,42,2,1552,OSLA,Random
-4522662,Checkers,0,GAME_OVER,38,37,2,1553,OSLA,Random
1735789247,Checkers,0,GAME_OVER,35,34,2,1554,OSLA,Random
2113586671,Checkers,0,GAME_OVER,55,54,2,1555,OSLA,Random
-152655907,Checkers,0,GAME_OVER,34,33,2,1556,OSLA,Random
1175873433,Checkers,0,GAME_OVER,42,41,2,1557,OSLA,Random
222117067,Checkers,0,GAME_OVER,44,43,2,1558,OSLA,Random
-248507587,Checkers,0,GAME_OVER,52,51,2,1559,OSLA,Random
-224371245,Checkers,0,GAME_OVER,41,40,2,1560,OSLA,Random
-691609747,Checkers,0,GAME_OVER,37,36,2,1561,OSLA,Random
322057929,Checkers,0,GAME_OVER,41,40,2,1562,OSLA,Random
803239122,Checkers,0,GAME_OVER,39,38,2,1563,OSLA,Random
593421959,Checkers,0,GAME_OVER,39,38,2,1564,OSLA,Random
-1245126511,Checkers,0,GAME_OVER,48,47,2,1565,OSLA,Random
1024401865,Checkers,0,GAME_OVER,39,38,2,1566,OSLA,Random
1321437724,Checkers,0,GAME_OVER,40,39,2,1567,OSLA,Random
-1348124620,Checkers,0,GAME_OVER,37,36,2,1568,OSLA,Random
283547994,Checkers,0,GAME_OVER,35,34,2,1569,OSLA,Random
-158985020,Checkers,0,GAME_OVER,41,40,2,1570,OSLA,Random
-492758255,Checkers,0,GAME_OVER,54,53,2,1571,OSLA,Random
1833564934,Checkers,0,GAME_OVER,58,57,2,1572,OSLA,Random
-224906009,Checkers,0,GAME_OVER,43,42,2,1573,OSLA,Random
2136695994,Checkers,0,GAME_OVER,43,42,2,1574,OSLA,Random
-2068476027,Checkers,0,GAME_OVER,61,60,2,1575,OSLA,Random
1558413275,Checkers,0,GAME_OVER,45,44,2,1576,OSLA,Random
1264718999,Checkers,0,GAME_OVER,42,41,2,1577,OSLA,Random
521294619,Checkers,0,GAME_OVER,41,40,2,1578,OSLA,Random
1947600831,Checkers,0,GAME_OVER,42,41,2,1579,OSLA,Random
1340833613,Checkers,0,GAME_OVER,40,39,2,1580,OSLA,Random
1415097531,Checkers,0,GAME_OVER,39,38,2,1581,OSLA,Random
491503207,Checkers,0,GAME_OVER,43,42,2,1582,OSLA,Random
2011490889,Checkers,0,GAME_OVER,42,41,2,1583,OSLA,Random
133942512,Checkers,0,GAME_OVER,41,40,2,1584,OSLA,Random
-1548158836,Checkers,0,GAME_OVER,48,47,2,1585,OSLA,Random
-70469352,Checkers,0,GAME_OVER,39,38,2,1586,OSLA,Random
1373698822,Checkers,0,GAME_OVER,54,53,2,1587,OSLA,Random
719792855,Checkers,0,GAME_OVER,38,37,2,1588,OSLA,Random
2013247839,Checkers,0,GAME_OVER,33,32,2,1589,OSLA,Random
-1373820225,Checkers,0,GAME_OVER,41,40,2,1590,OSLA,Random
-1226420342,Checkers,0,GAME_OVER,58,57,2,1591,OSLA,Random
43305309,Checkers,0,GAME_OVER,42,41,2,1592,OSLA,Random
1574499606,Checkers,0,GAME_OVER,40,39,2,1593,OSLA,Random
-1760764052,Checkers,0,GAME_OVER,40,39,2,1594,OSLA,Random
-1264995163,Checkers,0,GAME_OVER,45,44,2,1595,OSLA,Random
-1062371551,Checkers,0,GAME_OVER,44,43,2,1596,OSLA,Random
-1125881895,Checkers,0,GAME_OVER,39,38,2,1597,OSLA,Random
-529553070,Checkers,0,GAME_OVER,40,39,2,1598,OSLA,Random
1307334977,Checkers,0,GAME_OVER,42,41,2,1599,OSLA,Random
-1047134894,Checkers,0,GAME_OVER,43,42,2,1600,OSLA,Random
1306713350,Checkers,0,GAME_OVER,46,45,2,1601,OSLA,Random
-166180472,Checkers,0,GAME_OVER,35,34,2,1602,Random,Random
702970291,Checkers,0,GAME_OVER,43,42,2,1603,Random,Random
-2093688957,Checkers,0,GAME_OVER,94,93,2,1604,Random,Random
15277285,Checkers,0,GAME_OVER,42,41,2,1605,Random,Random
-1236454748,Checkers,0,GAME_OVER,76,75,2,1606,Random,Random
249439406,Checkers,0,GAME_OVER,45,44,2,1607,Random,Random
302495374,Checkers,0,GAME_OVER,48,47,2,1608,Random,Random
-741054849,Checkers,0,GAME_OVER,58,57,2,1609,Random,Random
-1426144559,Checkers,0,GAME_OVER,40,39,2,1610,Random,Random
118065288,Checkers,0,GAME_OVER,62,61,2,1611,Random,Random
1705451795,Checkers,0,GAME_OVER,47,46,2,1612,Random,Random
-1138379803,Checkers,0,GAME_OVER,35,34,2,1613,Random,Random
-792105690,Checkers,0,GAME_OVER,87,86,2,1614,Random,Random
251240563,Checkers,0,GAME_OVER,48,47,2,1615,Random,Random
616215289,Checkers,0,GAME_OVER,60,59,2,1616,Random,Random
286491649,Checkers,0,GAME_OVER,46,45,2,1617,Random,Random
-1837327222,Checkers,0,GAME_OVER,55,54,2,1618,Random,Random
1731803123,Checkers,0,GAME_OVER,45,44,2,1619,Random,Random
416791102,Checkers,0,GAME_OVER,56,55,2,1620,Random,Random
216396693,Checkers,0,GAME_OVER,70,69,2,1621,Random,Random
-848119213,Checkers,0,GAME_OVER,36,35,2,1622,Random,Random
-621865294,Checkers,0,GAME_OVER,44,43,2,1623,Random,Random
878598204,Checkers,0,GAME_OVER,38,37,2,1624,Random,Random
-1699676377,Checkers,0,GAME_OVER,46,45,2,1625,Random,Random
638614319,Checkers,0,GAME_OVER,60,59,2,1626,Random,Random
-1286171248,Checkers,0,GAME_OVER,52,51,2,1627,Random,Random
1496380205,Checkers,0,GAME_OVER,51,50,2,1628,Random,Random
-535007174,Checkers,0,GAME_OVER,56,55,2,1629,Random,Random
351376967,Checkers,0,GAME_OVER,47,46,2,1630,Random,Random
-1920732930,Checkers,0,GAME_OVER,44,43,2,1631,Random,Random
2092088305,Checkers,0,GAME_OVER,37,36,2,1632,Random,Random
-2053051970,Checkers,0,GAME_OVER,59,58,2,1633,Random,Random
-1794684255,Checkers,0,GAME_OVER,61,60,2,1634,Random,Random
-1721045876,Checkers,0,GAME_OVER,58,57,2,1635,Random,Random
-1727902706,Checkers,0,GAME_OVER,61,60,2,1636,Random,Random
975488968,Checkers,0,GAME_OVER,74,73,2,1637,Random,Random
1884247749,Checkers,0,GAME_OVER,51,50,2,1638,Random,Random
695442367,Checkers,0,GAME_OVER,43,42,2,1639,Random,Random
1999740919,Checkers,0,GAME_OVER,58,57,2,1640,Random,Random
-967129467,Checkers,0,GAME_OVER,73,72,2,1641,Random,Random
168838819,Checkers,0,GAME_OVER,50,49,2,1642,Random,Random
-2108529625,Checkers,0,GAME_OVER,47,46,2,1643,Random,Random
-2104692336,Checkers,0,GAME_OVER,43,42,2,1644,Random,Random
-1813011348,Checkers,0,GAME_OVER,58,57,2,1645,Random,Random
-1930282061,Checkers,0,GAME_OVER,63,62,2,1646,Random,Random
2023066801,Checkers,0,GAME_OVER,51,50,2,1647,Random,Random
102119153,Checkers,0,GAME_OVER,53,52,2,1648,Random,Random
-1548536910,Checkers,0,GAME_OVER,67,66,2,1649,Random,Random
1327076190,Checkers,0,GAME_OVER,54,53,2,1650,Random,Random
497806905,Checkers,0,GAME_OVER,44,43,2,1651,Random,Random
-76330646,Checkers,0,GAME_OVER,54,53,2,1652,Random,Random
264015619,Checkers,0,GAME_OVER,44,43,2,1653,Random,Random
1893404572,Checkers,0,GAME_OVER,59,58,2,1654,Random,Random
-565339805,Checkers,0,GAME_OVER,56,55,2,1655,Random,Random
-1175914298,Checkers,0,GAME_OVER,42,41,2,1656,Random,Random
-632265362,Checkers,0,GAME_OVER,42,41,2,1657,Random,Random
2046256605,Checkers,0,GAME_OVER,44,43,2,1658,Random,Random
1768457643,Checkers,0,GAME_OVER,49,48,2,1659,Random,Random
-1394766124,Checkers,0,GAME_OVER,40,39,2,1660,Random,Random
-1689546336,Checkers,0,GAME_OVER,42,41,2,1661,Random,Random
1875269677,Checkers,0,GAME_OVER,42,41,2,1662,Random,Random
1044422073,Checkers,0,GAME_OVER,58,57,2,1663,Random,Random
-670988510,Checkers,0,GAME_OVER,47,46,2,1664,Random,Random
-1153208236,Checkers,0,GAME_OVER,48,47,2,1665,Random,Random
1519893650,Checkers,0,GAME_OVER,37,36,2,1666,Random,Random
731102457,Checkers,0,GAME_OVER,69,68,2,1667,Random,Random
1810202379,Checkers,0,GAME_OVER,44,43,2,1668,Random,Random
682666506,Checkers,0,GAME_OVER,61,60,2,1669,Random,Random
-468511048,Checkers,0,GAME_OVER,62,61,2,1670,Random,Random
2106028651,Checkers,0,GAME_OVER,58,57,2,1671,Random,Random
1689297396,Checkers,0,GAME_OVER,56,55,2,1672,Random,Random
-1752144906,Checkers,0,GAME_OVER,55,54,2,1673,Random,Random
-104552497,Checkers,0,GAME_OVER,54,53,2,1674,Random,Random
1311743159,Checkers,0,GAME_OVER,31,30,2,1675,Random,Random
-31779374,Checkers,0,GAME_OVER,50,49,2,1676,Random,Random
1647512635,Checkers,0,GAME_OVER,66,65,2,1677,Random,Random
-1466885964,Checkers,0,GAME_OVER,51,50,2,1678,Random,Random
-237358204,Checkers,0,GAME_OVER,45,44,2,1679,Random,Random
1476668398,Checkers,0,GAME_OVER,43,42,2,1680,Random,Random
2041525592,Checkers,0,GAME_OVER,42,41,2,1681,Random,Random
-1783160242,Checkers,0,GAME_OVER,81,80,2,1682,Random,Random
-297938423,Checkers,0,GAME_OVER,91,90,2,1683,Random,Random
-1640736276,Checkers,0,GAME_OVER,64,63,2,1684,Random,Random
-1595788062,Checkers,0,GAME_OVER,42,41,2,1685,Random,Random
312006714,Checkers,0,GAME_OVER,55,54,2,1686,Random,Random
1198380771,Checkers,0,GAME_OVER,46,45,2,1687,Random,Random
1347895049,Checkers,0,GAME_OVER,56,55,2,1688,Random,Random
-2058389133,Checkers,0,GAME_OVER,71,70,2,1689,Random,Random
805075370,Checkers,0,GAME_OVER,46,45,2,1690,Random,Random
944778537,Checkers,0,GAME_OVER,51,50,2,1691,Random,Random
1429879203,Checkers,0,GAME_OVER,61,60,2,1692,Random,Random
2026556386,Checkers,0,GAME_OVER,81,80,2,1693,Random,Random
-166794102,Checkers,0,GAME_OVER,57,56,2,1694,Random,Random
58593981,Checkers,0,GAME_OVER,77,76,2,1695,Random,Random
-1977593602,Checkers,0,GAME_OVER,71,70,2,1696,Random,Random
1424551860,Checkers,0,GAME_OVER,57,56,2,1697,Random,Random
-294631709,Checkers,0,GAME_OVER,56,55,2,1698,Random,Random
1580888036,Checkers,0,GAME_OVER,62,61,2,1699,Random,Random
-1262192828,Checkers,0,GAME_OVER,73,72,2,1700,Random,Random
-520792367,Checkers,0,GAME_OVER,45,44,2,1701,Random,Random
255134340,Checkers,0,GAME_OVER,51,50,2,1702,Random,Random
-826436583,Checkers,0,GAME_OVER,87,86,2,1703,Random,Random
-1599117363,Checkers,0,GAME_OVER,63,62,2,1704,Random,Random
1407376506,Checkers,0,GAME_OVER,46,45,2,1705,Random,Random
1196226270,Checkers,0,GAME_OVER,68,67,2,1706,Random,Random
180317213,Checkers,0,GAME_OVER,66,65,2,1707,Random,Random
-1089034847,Checkers,0,GAME_OVER,40,39,2,1708,Random,Random
-661079174,Checkers,0,GAME_OVER,48,47,2,1709,Random,Random
141202736,Checkers,0,GAME_OVER,69,68,2,1710,Random,Random
539395410,Checkers,0,GAME_OVER,47,46,2,1711,Random,Random
-1613865414,Checkers,0,GAME_OVER,55,54,2,1712,Random,Random
1666986907,Checkers,0,GAME_OVER,33,32,2,1713,Random,Random
781509347,Checkers,0,GAME_OVER,47,46,2,1714,Random,Random
-1185713591,Checkers,0,GAME_OVER,46,45,2,1715,Random,Random
-768592755,Checkers,0,GAME_OVER,69,68,2,1716,Random,Random
1848283739,Checkers,0,GAME_OVER,46,45,2,1717,Random,Random
876527158,Checkers,0,GAME_OVER,48,47,2,1718,Random,Random
-1243257703,Checkers,0,GAME_OVER,49,48,2,1719,Random,Random
980760651,Checkers,0,GAME_OVER,45,44,2,1720,Random,Random
249467615,Checkers,0,GAME_OVER,48,47,2,1721,Random,Random
1096153373,Checkers,0,GAME_OVER,69,68,2,1722,Random,Random
1095634930,Checkers,0,GAME_OVER,44,43,2,1723,Random,Random
992054627,Checkers,0,GAME_OVER,57,56,2,1724,Random,Random
943147304,Checkers,0,GAME_OVER,61,60,2,1725,Random,Random
-25807258,Checkers,0,GAME_OVER,46,45,2,1726,Random,Random
-2024265103,Checkers,0,GAME_OVER,61,60,2,1727,Random,Random
-1895528500,Checkers,0,GAME_OVER,69,68,2,1728,Random,Random
897977476,Checkers,0,GAME_OVER,63,62,2,1729,Random,Random
965342494,Checkers,0,GAME_OVER,41,40,2,1730,Random,Random
-1255858635,Checkers,0,GAME_OVER,39,38,2,1731,Random,Random
-1355268224,Checkers,0,GAME_OVER,40,39,2,1732,Random,Random
-1557392058,Checkers,0,GAME_OVER,44,43,2,1733,Random,Random
149319218,Checkers,0,GAME_OVER,52,51,2,1734,Random,Random
-2141470671,Checkers,0,GAME_OVER,44,43,2,1735,Random,Random
-1112022837,Checkers,0,GAME_OVER,54,53,2,1736,Random,Random
1399308729,Checkers,0,GAME_OVER,43,42,2,1737,Random,Random
-879417256,Checkers,0,GAME_OVER,59,58,2,1738,Random,Random
1871388739,Checkers,0,GAME_OVER,64,63,2,1739,Random,Random
1221868741,Checkers,0,GAME_OVER,44,43,2,1740,Random,Random
-226707887,Checkers,0,GAME_OVER,48,47,2,1741,Random,Random
-481794513,Checkers,0,GAME_OVER,46,45,2,1742,Random,Random
1667352198,Checkers,0,GAME_OVER,80,79,2,1743,Random,Random
-1170055652,Checkers,0,GAME_OVER,60,59,2,1744,Random,Random
-2042540765,Checkers,0,GAME_OVER,54,53,2,1745,Random,Random
1822806693,Checkers,0,GAME_OVER,51,50,2,1746,Random,Random
-913640989,Checkers,0,GAME_OVER,74,73,2,1747,Random,Random
-839375338,Checkers,0,GAME_OVER,45,44,2,1748,Random,Random
1993279638,Checkers,0,GAME_OVER,83,82,2,1749,Random,Random
1332023192,Checkers,0,GAME_OVER,41,40,2,1750,Random,Random
-1526158354,Checkers,0,GAME_OVER,48,47,2,1751,Random,Random
768030165,Checkers,0,GAME_OVER,50,49,2,1752,Random,Random
-4522662,Checkers,0,GAME_OVER,55,54,2,1753,Random,Random
1735789247,Checkers,0,GAME_OVER,70,69,2,1754,Random,Random
2113586671,Checkers,0,GAME_OVER,37,36,2,1755,Random,Random
-152655907,Checkers,0,GAME_OVER,30,29,2,1756,Random,Random
1175873433,Checkers,0,GAME_OVER,85,84,2,1757,Random,Random
222117067,Checkers,0,GAME_OVER,82,81,2,1758,Random,Random
-248507587,Checkers,0,GAME_OVER,78,77,2,1759,Random,Random
-224371245,Checkers,0,GAME_OVER,88,87,2,1760,Random,Random
-691609747,Checkers,0,GAME_OVER,84,83,2,1761,Random,Random
322057929,Checkers,0,GAME_OVER,42,41,2,1762,Random,Random
803239122,Checkers,0,GAME_OVER,53,52,2,1763,Random,Random
593421959,Checkers,0,GAME_OVER,49,48,2,1764,Random,Random
-1245126511,Checkers,0,GAME_OVER,35,34,2,1765,Random,Random
1024401865,Checkers,0,GAME_OVER,33,32,2,1766,Random,Random
1321437724,Checkers,0,GAME_OVER,61,60,2,1767,Random,Random
-1348124620,Checkers,0,GAME_OVER,40,39,2,1768,Random,Random
283547994,Checkers,0,GAME_OVER,39,38,2,1769,Random,Random
-158985020,Checkers,0,GAME_OVER,61,60,2,1770,Random,Random
-492758255,Checkers,0,GAME_OVER,38,37,2,1771,Random,Random
1833564934,Checkers,0,GAME_OVER,43,42,2,1772,Random,Random
-224906009,Checkers,0,GAME_OVER,79,78,2,1773,Random,Random
2136695994,Checkers,0,GAME_OVER,43,42,2,1774,Random,Random
-2068476027,Checkers,0,GAME_OVER,46,45,2,1775,Random,Random
1558413275,Checkers,0,GAME_OVER,58,57,2,1776,Random,Random
1264718999,Checkers,0,GAME_OVER,43,42,2,1777,Random,Random
521294619,Checkers,0,GAME_OVER,51,50,2,1778,Random,Random
1947600831,Checkers,0,GAME_OVER,44,43,2,1779,Random,Random
1340833613,Checkers,0,GAME_OVER,43,42,2,1780,Random,Random
1415097531,Checkers,0,GAME_OVER,37,36,2,1781,Random,Random
491503207,Checkers,0,GAME_OVER,61,60,2,1782,Random,Random
2011490889,Checkers,0,GAME_OVER,47,46,2,1783,Random,Random
133942512,Checkers,0,GAME_OVER,51,50,2,1784,Random,Random
-1548158836,Checkers,0,GAME_OVER,56,55,2,1785,Random,Random
-70469352,Checkers,0,GAME_OVER,50,49,2,1786,Random,Random
1373698822,Checkers,0,GAME_OVER,43,42,2,1787,Random,Random
719792855,Checkers,0,GAME_OVER,54,53,2,1788,Random,Random
2013247839,Checkers,0,GAME_OVER,49,48,2,1789,Random,Random
-1373820225,Checkers,0,GAME_OVER,45,44,2,1790,Random,Random
-1226420342,Checkers,0,GAME_OVER,37,36,2,1791,Random,Random
43305309,Checkers,0,GAME_OVER,46,45,2,1792,Random,Random
1574499606,Checkers,0,GAME_OVER,45,44,2,1793,Random,Random
-1760764052,Checkers,0,GAME_OVER,49,48,2,1794,Random,Random
-1264995163,Checkers,0,GAME_OVER,44,43,2,1795,Random,Random
-1062371551,Checkers,0,GAME_OVER,63,62,2,1796,Random,Random
-1125881895,Checkers,0,GAME_OVER,52,51,2,1797,Random,Random
-529553070,Checkers,0,GAME_OVER,82,81,2,1798,Random,Random
1307334977,Checkers,0,GAME_OVER,54,53,2,1799,Random,Random
-1047134894,Checkers,0,GAME_OVER,53,52,2,1800,Random,Random
1306713350,Checkers,0,GAME_OVER,83,82,2,1801,Random,Random
