GameSeed,GameName,Round,Event,Tick,Turn,PlayerCount,GameID,PlayerName-0,Player-1,Player-0,PlayerName-1
1017260225,Checkers,0,GAME_OVER,154,153,2,2,MCTS_CheckersHeuristic,0.0,0.0,MCTS_CheckersHeuristic
-998926163,Checkers,0,GAME_OVER,54,53,2,3,MCTS_CheckersHeuristic,1.0,-1.0,MCTS_CheckersHeuristic
-1283026673,Checkers,0,GAME_OVER,155,154,2,4,MCTS_CheckersHeuristic,0.0,0.0,MCTS_CheckersHeuristic
-914035881,Checkers,0,GAME_OVER,53,52,2,5,MCTS_CheckersHeuristic,1.0,-1.0,MCTS_CheckersHeuristic
1392166865,Checkers,0,GAME_OVER,136,135,2,6,MCTS_CheckersHeuristic,0.0,0.0,MCTS_CheckersHeuristic
-984713997,Checkers,0,GAME_OVER,60,59,2,7,MCTS_CheckersHeuristic,-1.0,1.0,MCTS_CheckersHeuristic
1401968321,Checkers,0,GAME_OVER,68,67,2,8,MCTS_CheckersHeuristic,-1.0,1.0,MCTS_CheckersHeuristic
1375112552,Checkers,0,GAME_OVER,58,57,2,9,MCTS_CheckersHeuristic,1.0,-1.0,MCTS_CheckersHeuristic
-1262434534,Checkers,0,GAME_OVER,120,119,2,10,MCTS_CheckersHeuristic,1.0,-1.0,MCTS_CheckersHeuristic
-1381155222,Checkers,0,GAME_OVER,62,61,2,11,MCTS_CheckersHeuristic,1.0,-1.0,MCTS_CheckersHeuristic
-1480604482,Checkers,0,GAME_OVER,69,68,2,12,MCTS_CheckersHeuristic,-1.0,1.0,MCTS_CheckersHeuristic
-840827977,Checkers,0,GAME_OVER,68,67,2,13,MCTS_CheckersHeuristic,-1.0,1.0,MCTS_CheckersHeuristic
-1651020227,Checkers,0,GAME_OVER,62,61,2,14,MCTS_CheckersHeuristic,-1.0,1.0,MCTS_CheckersHeuristic
-1337418593,Checkers,0,GAME_OVER,87,86,2,15,MCTS_CheckersHeuristic,-1.0,1.0,MCTS_CheckersHeuristic
626067167,Checkers,0,GAME_OVER,117,116,2,16,MCTS_CheckersHeuristic,0.0,0.0,MCTS_CheckersHeuristic
43972217,Checkers,0,GAME_OVER,149,148,2,17,MCTS_CheckersHeuristic,0.0,0.0,MCTS_CheckersHeuristic
652653912,Checkers,0,GAME_OVER,50,49,2,18,MCTS_CheckersHeuristic,1.0,-1.0,MCTS_CheckersHeuristic
-1273109515,Checkers,0,GAME_OVER,62,61,2,19,MCTS_CheckersHeuristic,1.0,-1.0,MCTS_CheckersHeuristic
638161115,Checkers,0,GAME_OVER,59,58,2,20,MCTS_CheckersHeuristic,1.0,-1.0,MCTS_CheckersHeuristic
1977248622,Checkers,0,GAME_OVER,54,53,2,21,MCTS_CheckersHeuristic,-1.0,1.0,MCTS_CheckersHeuristic
1877723035,Checkers,0,GAME_OVER,65,64,2,22,MCTS_CheckersHeuristic,1.0,-1.0,MCTS_CheckersHeuristic
-247880027,Checkers,0,GAME_OVER,76,75,2,23,MCTS_CheckersHeuristic,-1.0,1.0,MCTS_CheckersHeuristic
60257536,Checkers,0,GAME_OVER,87,86,2,24,MCTS_CheckersHeuristic,1.0,-1.0,MCTS_CheckersHeuristic
-1023141750,Checkers,0,GAME_OVER,86,85,2,25,MCTS_CheckersHeuristic,1.0,-1.0,MCTS_CheckersHeuristic
-1531536613,Checkers,0,GAME_OVER,69,68,2,26,MCTS_CheckersHeuristic,1.0,-1.0,MCTS_CheckersHeuristic
-1870015994,Checkers,0,GAME_OVER,120,119,2,27,MCTS_CheckersHeuristic,0.0,0.0,MCTS_CheckersHeuristic
-587009505,Checkers,0,GAME_OVER,106,105,2,28,MCTS_CheckersHeuristic,1.0,-1.0,MCTS_CheckersHeuristic
656487640,Checkers,0,GAME_OVER,62,61,2,29,MCTS_CheckersHeuristic,-1.0,1.0,MCTS_CheckersHeuristic
885567973,Checkers,0,GAME_OVER,55,54,2,30,MCTS_CheckersHeuristic,1.0,-1.0,MCTS_CheckersHeuristic
-446833650,Checkers,0,GAME_OVER,53,52,2,31,MCTS_CheckersHeuristic,1.0,-1.0,MCTS_CheckersHeuristic
-1462342457,Checkers,0,GAME_OVER,109,108,2,32,MCTS_CheckersHeuristic,0.0,0.0,MCTS_CheckersHeuristic
-106544229,Checkers,0,GAME_OVER,58,57,2,33,MCTS_CheckersHeuristic,1.0,-1.0,MCTS_CheckersHeuristic
-659138474,Checkers,0,GAME_OVER,64,63,2,34,MCTS_CheckersHeuristic,1.0,-1.0,MCTS_CheckersHeuristic
-25311976,Checkers,0,GAME_OVER,95,94,2,35,MCTS_CheckersHeuristic,0.0,0.0,MCTS_CheckersHeuristic
1076905910,Checkers,0,GAME_OVER,126,125,2,36,MCTS_CheckersHeuristic,0.0,0.0,MCTS_CheckersHeuristic
-1904708170,Checkers,0,GAME_OVER,73,72,2,37,MCTS_CheckersHeuristic,-1.0,1.0,MCTS_CheckersHeuristic
-1972570966,Checkers,0,GAME_OVER,156,155,2,38,MCTS_CheckersHeuristic,0.0,0.0,MCTS_CheckersHeuristic
1007219174,Checkers,0,GAME_OVER,60,59,2,39,MCTS_CheckersHeuristic,1.0,-1.0,MCTS_CheckersHeuristic
-634040436,Checkers,0,GAME_OVER,81,80,2,40,MCTS_CheckersHeuristic,1.0,-1.0,MCTS_CheckersHeuristic
-195478195,Checkers,0,GAME_OVER,58,57,2,41,MCTS_CheckersHeuristic,1.0,-1.0,MCTS_CheckersHeuristic
-1831453742,Checkers,0,GAME_OVER,87,86,2,42,MCTS_CheckersHeuristic,1.0,-1.0,MCTS_CheckersHeuristic
1255809514,Checkers,0,GAME_OVER,128,127,2,43,MCTS_CheckersHeuristic,0.0,0.0,MCTS_CheckersHeuristic
-476992062,Checkers,0,GAME_OVER,128,127,2,44,MCTS_CheckersHeuristic,0.0,0.0,MCTS_CheckersHeuristic
570750891,Checkers,0,GAME_OVER,62,61,2,45,MCTS_CheckersHeuristic,1.0,-1.0,MCTS_CheckersHeuristic
-1564909687,Checkers,0,GAME_OVER,58,57,2,46,MCTS_CheckersHeuristic,-1.0,1.0,MCTS_CheckersHeuristic
-566360639,Checkers,0,GAME_OVER,110,109,2,47,MCTS_CheckersHeuristic,0.0,0.0,MCTS_CheckersHeuristic
1445041881,Checkers,0,GAME_OVER,77,76,2,48,MCTS_CheckersHeuristic,-1.0,1.0,MCTS_CheckersHeuristic
-2055745179,Checkers,0,GAME_OVER,47,46,2,49,MCTS_CheckersHeuristic,-1.0,1.0,MCTS_CheckersHeuristic
1094224296,Checkers,0,GAME_OVER,119,118,2,50,MCTS_CheckersHeuristic,0.0,0.0,MCTS_CheckersHeuristic
27146751,Checkers,0,GAME_OVER,57,56,2,51,MCTS_CheckersHeuristic,1.0,-1.0,MCTS_CheckersHeuristic
1085941718,Checkers,0,GAME_OVER,106,105,2,52,MCTS_CheckersHeuristic,1.0,-1.0,MCTS_CheckersHeuristic
173689024,Checkers,0,GAME_OVER,68,67,2,53,MCTS_CheckersHeuristic,1.0,-1.0,MCTS_CheckersHeuristic
-245745479,Checkers,0,GAME_OVER,60,59,2,54,MCTS_CheckersHeuristic,1.0,-1.0,MCTS_CheckersHeuristic
765110833,Checkers,0,GAME_OVER,52,51,2,55,MCTS_CheckersHeuristic,1.0,-1.0,MCTS_CheckersHeuristic
1369319149,Checkers,0,GAME_OVER,90,89,2,56,MCTS_CheckersHeuristic,1.0,-1.0,MCTS_CheckersHeuristic
-1329008049,Checkers,0,GAME_OVER,125,124,2,57,MCTS_CheckersHeuristic,0.0,0.0,MCTS_CheckersHeuristic
1593004491,Checkers,0,GAME_OVER,116,115,2,58,MCTS_CheckersHeuristic,0.0,0.0,MCTS_CheckersHeuristic
-81289185,Checkers,0,GAME_OVER,147,146,2,59,MCTS_CheckersHeuristic,0.0,0.0,MCTS_CheckersHeuristic
649173883,Checkers,0,GAME_OVER,47,46,2,60,MCTS_CheckersHeuristic,-1.0,1.0,MCTS_CheckersHeuristic
-1161731104,Checkers,0,GAME_OVER,60,59,2,61,MCTS_CheckersHeuristic,1.0,-1.0,MCTS_CheckersHeuristic
-750781564,Checkers,0,GAME_OVER,91,90,2,62,MCTS_CheckersHeuristic,1.0,-1.0,MCTS_CheckersHeuristic
1810301777,Checkers,0,GAME_OVER,117,116,2,63,MCTS_CheckersHeuristic,0.0,0.0,MCTS_CheckersHeuristic
1346007353,Checkers,0,GAME_OVER,103,102,2,64,MCTS_CheckersHeuristic,0.0,0.0,MCTS_CheckersHeuristic
1991797145,Checkers,0,GAME_OVER,58,57,2,65,MCTS_CheckersHeuristic,1.0,-1.0,MCTS_CheckersHeuristic
-1614375300,Checkers,0,GAME_OVER,56,55,2,66,MCTS_CheckersHeuristic,1.0,-1.0,MCTS_CheckersHeuristic
492276948,Checkers,0,GAME_OVER,109,108,2,67,MCTS_CheckersHeuristic,0.0,0.0,MCTS_CheckersHeuristic
892050094,Checkers,0,GAME_OVER,65,64,2,68,MCTS_CheckersHeuristic,1.0,-1.0,MCTS_CheckersHeuristic
1333520733,Checkers,0,GAME_OVER,107,106,2,69,MCTS_CheckersHeuristic,0.0,0.0,MCTS_CheckersHeuristic
738289352,Checkers,0,GAME_OVER,94,93,2,70,MCTS_CheckersHeuristic,0.0,0.0,MCTS_CheckersHeuristic
886895421,Checkers,0,GAME_OVER,108,107,2,71,MCTS_CheckersHeuristic,0.0,0.0,MCTS_CheckersHeuristic
-170170651,Checkers,0,GAME_OVER,131,130,2,72,MCTS_CheckersHeuristic,-1.0,1.0,MCTS_CheckersHeuristic
1053104243,Checkers,0,GAME_OVER,125,124,2,73,MCTS_CheckersHeuristic,0.0,0.0,MCTS_CheckersHeuristic
-989805868,Checkers,0,GAME_OVER,62,61,2,74,MCTS_CheckersHeuristic,-1.0,1.0,MCTS_CheckersHeuristic
-2125442322,Checkers,0,GAME_OVER,54,53,2,75,MCTS_CheckersHeuristic,-1.0,1.0,MCTS_CheckersHeuristic
-1965228448,Checkers,0,GAME_OVER,117,116,2,76,MCTS_CheckersHeuristic,0.0,0.0,MCTS_CheckersHeuristic
520480617,Checkers,0,GAME_OVER,107,106,2,77,MCTS_CheckersHeuristic,0.0,0.0,MCTS_CheckersHeuristic
788585333,Checkers,0,GAME_OVER,95,94,2,78,MCTS_CheckersHeuristic,0.0,0.0,MCTS_CheckersHeuristic
-738699625,Checkers,0,GAME_OVER,58,57,2,79,MCTS_CheckersHeuristic,-1.0,1.0,MCTS_CheckersHeuristic
1824537420,Checkers,0,GAME_OVER,52,51,2,80,MCTS_CheckersHeuristic,1.0,-1.0,MCTS_CheckersHeuristic
-599341002,Checkers,0,GAME_OVER,51,50,2,81,MCTS_CheckersHeuristic,1.0,-1.0,MCTS_CheckersHeuristic
-1794412227,Checkers,0,GAME_OVER,61,60,2,82,MCTS_CheckersHeuristic,1.0,-1.0,MCTS_CheckersHeuristic
1388110847,Checkers,0,GAME_OVER,151,150,2,83,MCTS_CheckersHeuristic,0.0,0.0,MCTS_CheckersHeuristic
1039814901,Checkers,0,GAME_OVER,149,148,2,84,MCTS_CheckersHeuristic,0.0,0.0,MCTS_CheckersHeuristic
-912772450,Checkers,0,GAME_OVER,68,67,2,85,MCTS_CheckersHeuristic,1.0,-1.0,MCTS_CheckersHeuristic
-1418786031,Checkers,0,GAME_OVER,51,50,2,86,MCTS_CheckersHeuristic,-1.0,1.0,MCTS_CheckersHeuristic
-396209916,Checkers,0,GAME_OVER,72,71,2,87,MCTS_CheckersHeuristic,1.0,-1.0,MCTS_CheckersHeuristic
493680251,Checkers,0,GAME_OVER,51,50,2,88,MCTS_CheckersHeuristic,-1.0,1.0,MCTS_CheckersHeuristic
-1427272998,Checkers,0,GAME_OVER,70,69,2,89,MCTS_CheckersHeuristic,1.0,-1.0,MCTS_CheckersHeuristic
1683653113,Checkers,0,GAME_OVER,118,117,2,90,MCTS_CheckersHeuristic,0.0,0.0,MCTS_CheckersHeuristic
-1445698336,Checkers,0,GAME_OVER,53,52,2,91,MCTS_CheckersHeuristic,-1.0,1.0,MCTS_CheckersHeuristic
1294534854,Checkers,0,GAME_OVER,63,62,2,92,MCTS_CheckersHeuristic,1.0,-1.0,MCTS_CheckersHeuristic
2020429431,Checkers,0,GAME_OVER,83,82,2,93,MCTS_CheckersHeuristic,1.0,-1.0,MCTS_CheckersHeuristic
998569527,Checkers,0,GAME_OVER,77,76,2,94,MCTS_CheckersHeuristic,1.0,-1.0,MCTS_CheckersHeuristic
961128877,Checkers,0,GAME_OVER,76,75,2,95,MCTS_CheckersHeuristic,1.0,-1.0,MCTS_CheckersHeuristic
-1050355786,Checkers,0,GAME_OVER,58,57,2,96,MCTS_CheckersHeuristic,1.0,-1.0,MCTS_CheckersHeuristic
-895702146,Checkers,0,GAME_OVER,136,135,2,97,MCTS_CheckersHeuristic,0.0,0.0,MCTS_CheckersHeuristic
-71859814,Checkers,0,GAME_OVER,59,58,2,98,MCTS_CheckersHeuristic,-1.0,1.0,MCTS_CheckersHeuristic
-712256982,Checkers,0,GAME_OVER,60,59,2,99,MCTS_CheckersHeuristic,1.0,-1.0,MCTS_CheckersHeuristic
1986892447,Checkers,0,GAME_OVER,89,88,2,100,MCTS_CheckersHeuristic,1.0,-1.0,MCTS_CheckersHeuristic
-326441516,Checkers,0,GAME_OVER,115,114,2,101,MCTS_CheckersHeuristic,0.0,0.0,MCTS_CheckersHeuristic
-1467008237,Checkers,0,GAME_OVER,66,65,2,102,MCTS_CheckersHeuristic,1.0,-1.0,MCTS_CheckersHeuristic
-717604929,Checkers,0,GAME_OVER,77,76,2,103,MCTS_CheckersHeuristic,-1.0,1.0,MCTS_CheckersHeuristic
1289652212,Checkers,0,GAME_OVER,55,54,2,104,MCTS_CheckersHeuristic,1.0,-1.0,MCTS_CheckersHeuristic
344141539,Checkers,0,GAME_OVER,59,58,2,105,MCTS_CheckersHeuristic,-1.0,1.0,MCTS_CheckersHeuristic
1831034760,Checkers,0,GAME_OVER,129,128,2,106,MCTS_CheckersHeuristic,0.0,0.0,MCTS_CheckersHeuristic
128431294,Checkers,0,GAME_OVER,68,67,2,107,MCTS_CheckersHeuristic,1.0,-1.0,MCTS_CheckersHeuristic
-924832703,Checkers,0,GAME_OVER,89,88,2,108,MCTS_CheckersHeuristic,1.0,-1.0,MCTS_CheckersHeuristic
1930548090,Checkers,0,GAME_OVER,62,61,2,109,MCTS_CheckersHeuristic,1.0,-1.0,MCTS_CheckersHeuristic
-1364937752,Checkers,0,GAME_OVER,111,110,2,110,MCTS_CheckersHeuristic,1.0,-1.0,MCTS_CheckersHeuristic
-1757061397,Checkers,0,GAME_OVER,116,115,2,111,MCTS_CheckersHeuristic,-1.0,1.0,MCTS_CheckersHeuristic
-958653346,Checkers,0,GAME_OVER,75,74,2,112,MCTS_CheckersHeuristic,1.0,-1.0,MCTS_CheckersHeuristic
-40639503,Checkers,0,GAME_OVER,89,88,2,113,MCTS_CheckersHeuristic,0.0,0.0,MCTS_CheckersHeuristic
-1782025089,Checkers,0,GAME_OVER,106,105,2,114,MCTS_CheckersHeuristic,-1.0,1.0,MCTS_CheckersHeuristic
413132350,Checkers,0,GAME_OVER,103,102,2,115,MCTS_CheckersHeuristic,-1.0,1.0,MCTS_CheckersHeuristic
-718106911,Checkers,0,GAME_OVER,122,121,2,116,MCTS_CheckersHeuristic,0.0,0.0,MCTS_CheckersHeuristic
-749290863,Checkers,0,GAME_OVER,59,58,2,117,MCTS_CheckersHeuristic,-1.0,1.0,MCTS_CheckersHeuristic
203580810,Checkers,0,GAME_OVER,85,84,2,118,MCTS_CheckersHeuristic,-1.0,1.0,MCTS_CheckersHeuristic
-183657498,Checkers,0,GAME_OVER,103,102,2,119,MCTS_CheckersHeuristic,0.0,0.0,MCTS_CheckersHeuristic
-363796268,Checkers,0,GAME_OVER,64,63,2,120,MCTS_CheckersHeuristic,1.0,-1.0,MCTS_CheckersHeuristic
1019151410,Checkers,0,GAME_OVER,59,58,2,121,MCTS_CheckersHeuristic,-1.0,1.0,MCTS_CheckersHeuristic
-1598629618,Checkers,0,GAME_OVER,47,46,2,122,MCTS_CheckersHeuristic,-1.0,1.0,MCTS_CheckersHeuristic
629630353,Checkers,0,GAME_OVER,42,41,2,123,MCTS_CheckersHeuristic,-1.0,1.0,MCTS_CheckersHeuristic
407923111,Checkers,0,GAME_OVER,90,89,2,124,MCTS_CheckersHeuristic,1.0,-1.0,MCTS_CheckersHeuristic
-783995100,Checkers,0,GAME_OVER,46,45,2,125,MCTS_CheckersHeuristic,1.0,-1.0,MCTS_CheckersHeuristic
1917238756,Checkers,0,GAME_OVER,51,50,2,126,MCTS_CheckersHeuristic,1.0,-1.0,MCTS_CheckersHeuristic
-1996021526,Checkers,0,GAME_OVER,52,51,2,127,MCTS_CheckersHeuristic,1.0,-1.0,MCTS_CheckersHeuristic
1446978152,Checkers,0,GAME_OVER,63,62,2,128,MCTS_CheckersHeuristic,1.0,-1.0,MCTS_CheckersHeuristic
-1248893870,Checkers,0,GAME_OVER,124,123,2,129,MCTS_CheckersHeuristic,0.0,0.0,MCTS_CheckersHeuristic
-614134760,Checkers,0,GAME_OVER,57,56,2,130,MCTS_CheckersHeuristic,-1.0,1.0,MCTS_CheckersHeuristic
510278499,Checkers,0,GAME_OVER,104,103,2,131,MCTS_CheckersHeuristic,0.0,0.0,MCTS_CheckersHeuristic
-1700484048,Checkers,0,GAME_OVER,115,114,2,132,MCTS_CheckersHeuristic,0.0,0.0,MCTS_CheckersHeuristic
-321950044,Checkers,0,GAME_OVER,79,78,2,133,MCTS_CheckersHeuristic,-1.0,1.0,MCTS_CheckersHeuristic
2105942644,Checkers,0,GAME_OVER,155,154,2,134,MCTS_CheckersHeuristic,-1.0,1.0,MCTS_CheckersHeuristic
612336180,Checkers,0,GAME_OVER,55,54,2,135,MCTS_CheckersHeuristic,-1.0,1.0,MCTS_CheckersHeuristic
636965344,Checkers,0,GAME_OVER,51,50,2,136,MCTS_CheckersHeuristic,1.0,-1.0,MCTS_CheckersHeuristic
-636668763,Checkers,0,GAME_OVER,63,62,2,137,MCTS_CheckersHeuristic,-1.0,1.0,MCTS_CheckersHeuristic
-1842419369,Checkers,0,GAME_OVER,56,55,2,138,MCTS_CheckersHeuristic,-1.0,1.0,MCTS_CheckersHeuristic
-137138526,Checkers,0,GAME_OVER,97,96,2,139,MCTS_CheckersHeuristic,0.0,0.0,MCTS_CheckersHeuristic
-976379635,Checkers,0,GAME_OVER,125,124,2,140,MCTS_CheckersHeuristic,0.0,0.0,MCTS_CheckersHeuristic
-1653823386,Checkers,0,GAME_OVER,84,83,2,141,MCTS_CheckersHeuristic,-1.0,1.0,MCTS_CheckersHeuristic
1433587402,Checkers,0,GAME_OVER,60,59,2,142,MCTS_CheckersHeuristic,1.0,-1.0,MCTS_CheckersHeuristic
1430155908,Checkers,0,GAME_OVER,150,149,2,143,MCTS_CheckersHeuristic,0.0,0.0,MCTS_CheckersHeuristic
98801208,Checkers,0,GAME_OVER,120,119,2,144,MCTS_CheckersHeuristic,0.0,0.0,MCTS_CheckersHeuristic
1896370593,Checkers,0,GAME_OVER,178,177,2,145,MCTS_CheckersHeuristic,0.0,0.0,MCTS_CheckersHeuristic
2018308052,Checkers,0,GAME_OVER,92,91,2,146,MCTS_CheckersHeuristic,0.0,0.0,MCTS_CheckersHeuristic
376244482,Checkers,0,GAME_OVER,47,46,2,147,MCTS_CheckersHeuristic,1.0,-1.0,MCTS_CheckersHeuristic
566876226,Checkers,0,GAME_OVER,54,53,2,148,MCTS_CheckersHeuristic,-1.0,1.0,MCTS_CheckersHeuristic
1726469664,Checkers,0,GAME_OVER,57,56,2,149,MCTS_CheckersHeuristic,-1.0,1.0,MCTS_CheckersHeuristic
-179174643,Checkers,0,GAME_OVER,50,49,2,150,MCTS_CheckersHeuristic,-1.0,1.0,MCTS_CheckersHeuristic
852594592,Checkers,0,GAME_OVER,68,67,2,151,MCTS_CheckersHeuristic,1.0,-1.0,MCTS_CheckersHeuristic
1015592734,Checkers,0,GAME_OVER,54,53,2,152,MCTS_CheckersHeuristic,1.0,-1.0,MCTS_CheckersHeuristic
1881941087,Checkers,0,GAME_OVER,53,52,2,153,MCTS_CheckersHeuristic,1.0,-1.0,MCTS_CheckersHeuristic
1409144944,Checkers,0,GAME_OVER,60,59,2,154,MCTS_CheckersHeuristic,-1.0,1.0,MCTS_CheckersHeuristic
-1209259142,Checkers,0,GAME_OVER,56,55,2,155,MCTS_CheckersHeuristic,-1.0,1.0,MCTS_CheckersHeuristic
31973832,Checkers,0,GAME_OVER,75,74,2,156,MCTS_CheckersHeuristic,-1.0,1.0,MCTS_CheckersHeuristic
-889117584,Checkers,0,GAME_OVER,115,114,2,157,MCTS_CheckersHeuristic,0.0,0.0,MCTS_CheckersHeuristic
1740145269,Checkers,0,GAME_OVER,109,108,2,158,MCTS_CheckersHeuristic,0.0,0.0,MCTS_CheckersHeuristic
-137019695,Checkers,0,GAME_OVER,108,107,2,159,MCTS_CheckersHeuristic,0.0,0.0,MCTS_CheckersHeuristic
-1431894155,Checkers,0,GAME_OVER,59,58,2,160,MCTS_CheckersHeuristic,-1.0,1.0,MCTS_CheckersHeuristic
1669272350,Checkers,0,GAME_OVER,57,56,2,161,MCTS_CheckersHeuristic,1.0,-1.0,MCTS_CheckersHeuristic
1155300447,Checkers,0,GAME_OVER,65,64,2,162,MCTS_CheckersHeuristic,-1.0,1.0,MCTS_CheckersHeuristic
-1866779963,Checkers,0,GAME_OVER,43,42,2,163,MCTS_CheckersHeuristic,1.0,-1.0,MCTS_CheckersHeuristic
688052235,Checkers,0,GAME_OVER,67,66,2,164,MCTS_CheckersHeuristic,1.0,-1.0,MCTS_CheckersHeuristic
1235479381,Checkers,0,GAME_OVER,111,110,2,165,MCTS_CheckersHeuristic,-1.0,1.0,MCTS_CheckersHeuristic
1892180434,Checkers,0,GAME_OVER,63,62,2,166,MCTS_CheckersHeuristic,1.0,-1.0,MCTS_CheckersHeuristic
1674352996,Checkers,0,GAME_OVER,80,79,2,167,MCTS_CheckersHeuristic,-1.0,1.0,MCTS_CheckersHeuristic
2024085458,Checkers,0,GAME_OVER,150,149,2,168,MCTS_CheckersHeuristic,0.0,0.0,MCTS_CheckersHeuristic
-1372618303,Checkers,0,GAME_OVER,55,54,2,169,MCTS_CheckersHeuristic,1.0,-1.0,MCTS_CheckersHeuristic
-6550616,Checkers,0,GAME_OVER,60,59,2,170,MCTS_CheckersHeuristic,1.0,-1.0,MCTS_CheckersHeuristic
-1844188190,Checkers,0,GAME_OVER,50,49,2,171,MCTS_CheckersHeuristic,-1.0,1.0,MCTS_CheckersHeuristic
332773996,Checkers,0,GAME_OVER,81,80,2,172,MCTS_CheckersHeuristic,1.0,-1.0,MCTS_CheckersHeuristic
1471362740,Checkers,0,GAME_OVER,73,72,2,173,MCTS_CheckersHeuristic,-1.0,1.0,MCTS_CheckersHeuristic
1005200900,Checkers,0,GAME_OVER,57,56,2,174,MCTS_CheckersHeuristic,-1.0,1.0,MCTS_CheckersHeuristic
576350506,Checkers,0,GAME_OVER,113,112,2,175,MCTS_CheckersHeuristic,0.0,0.0,MCTS_CheckersHeuristic
44972290,Checkers,0,GAME_OVER,52,51,2,176,MCTS_CheckersHeuristic,-1.0,1.0,MCTS_CheckersHeuristic
-892313012,Checkers,0,GAME_OVER,51,50,2,177,MCTS_CheckersHeuristic,-1.0,1.0,MCTS_CheckersHeuristic
-945515610,Checkers,0,GAME_OVER,50,49,2,178,MCTS_CheckersHeuristic,1.0,-1.0,MCTS_CheckersHeuristic
-797189995,Checkers,0,GAME_OVER,46,45,2,179,MCTS_CheckersHeuristic,-1.0,1.0,MCTS_CheckersHeuristic
-412117056,Checkers,0,GAME_OVER,57,56,2,180,MCTS_CheckersHeuristic,-1.0,1.0,MCTS_CheckersHeuristic
1924062932,Checkers,0,GAME_OVER,128,127,2,181,MCTS_CheckersHeuristic,0.0,0.0,MCTS_CheckersHeuristic
-1558498688,Checkers,0,GAME_OVER,53,52,2,182,MCTS_CheckersHeuristic,1.0,-1.0,MCTS_CheckersHeuristic
2095920376,Checkers,0,GAME_OVER,54,53,2,183,MCTS_CheckersHeuristic,1.0,-1.0,MCTS_CheckersHeuristic
-1741762942,Checkers,0,GAME_OVER,139,138,2,184,MCTS_CheckersHeuristic,0.0,0.0,MCTS_CheckersHeuristic
-1821944470,Checkers,0,GAME_OVER,54,53,2,185,MCTS_CheckersHeuristic,-1.0,1.0,MCTS_CheckersHeuristic
-1001794166,Checkers,0,GAME_OVER,73,72,2,186,MCTS_CheckersHeuristic,1.0,-1.0,MCTS_CheckersHeuristic
-824933404,Checkers,0,GAME_OVER,63,62,2,187,MCTS_CheckersHeuristic,1.0,-1.0,MCTS_CheckersHeuristic
-116225841,Checkers,0,GAME_OVER,50,49,2,188,MCTS_CheckersHeuristic,1.0,-1.0,MCTS_CheckersHeuristic
1035153634,Checkers,0,GAME_OVER,59,58,2,189,MCTS_CheckersHeuristic,-1.0,1.0,MCTS_CheckersHeuristic
-1892972590,Checkers,0,GAME_OVER,66,65,2,190,MCTS_CheckersHeuristic,-1.0,1.0,MCTS_CheckersHeuristic
1815108904,Checkers,0,GAME_OVER,64,63,2,191,MCTS_CheckersHeuristic,1.0,-1.0,MCTS_CheckersHeuristic
-828870395,Checkers,0,GAME_OVER,75,74,2,192,MCTS_CheckersHeuristic,1.0,-1.0,MCTS_CheckersHeuristic
-2081531158,Checkers,0,GAME_OVER,103,102,2,193,MCTS_CheckersHeuristic,0.0,0.0,MCTS_CheckersHeuristic
-1936298794,Checkers,0,GAME_OVER,120,119,2,194,MCTS_CheckersHeuristic,0.0,0.0,MCTS_CheckersHeuristic
108127898,Checkers,0,GAME_OVER,56,55,2,195,MCTS_CheckersHeuristic,-1.0,1.0,MCTS_CheckersHeuristic
-2079884586,Checkers,0,GAME_OVER,111,110,2,196,MCTS_CheckersHeuristic,0.0,0.0,MCTS_CheckersHeuristic
-493541522,Checkers,0,GAME_OVER,113,112,2,197,MCTS_CheckersHeuristic,0.0,0.0,MCTS_CheckersHeuristic
-1048260075,Checkers,0,GAME_OVER,97,96,2,198,MCTS_CheckersHeuristic,1.0,-1.0,MCTS_CheckersHeuristic
-1227601898,Checkers,0,GAME_OVER,65,64,2,199,MCTS_CheckersHeuristic,-1.0,1.0,MCTS_CheckersHeuristic
2056773874,Checkers,0,GAME_OVER,55,54,2,200,MCTS_CheckersHeuristic,-1.0,1.0,MCTS_CheckersHeuristic
-601157059,Checkers,0,GAME_OVER,71,70,2,201,MCTS_CheckersHeuristic,1.0,-1.0,MCTS_CheckersHeuristic
1017260225,Checkers,0,GAME_OVER,78,77,2,202,MCTS_CheckersHeuristic,-1.0,1.0,OSLA
-998926163,Checkers,0,GAME_OVER,126,125,2,203,MCTS_CheckersHeuristic,-1.0,1.0,OSLA
-1283026673,Checkers,0,GAME_OVER,107,106,2,204,MCTS_CheckersHeuristic,-1.0,1.0,OSLA
-914035881,Checkers,0,GAME_OVER,58,57,2,205,MCTS_CheckersHeuristic,-1.0,1.0,OSLA
1392166865,Checkers,0,GAME_OVER,93,92,2,206,MCTS_CheckersHeuristic,-1.0,1.0,OSLA
-984713997,Checkers,0,GAME_OVER,49,48,2,207,MCTS_CheckersHeuristic,-1.0,1.0,OSLA
1401968321,Checkers,0,GAME_OVER,61,60,2,208,MCTS_CheckersHeuristic,-1.0,1.0,OSLA
1375112552,Checkers,0,GAME_OVER,55,54,2,209,MCTS_CheckersHeuristic,1.0,-1.0,OSLA
-1262434534,Checkers,0,GAME_OVER,47,46,2,210,MCTS_CheckersHeuristic,-1.0,1.0,OSLA
-1381155222,Checkers,0,GAME_OVER,50,49,2,211,MCTS_CheckersHeuristic,-1.0,1.0,OSLA
-1480604482,Checkers,0,GAME_OVER,46,45,2,212,MCTS_CheckersHeuristic,-1.0,1.0,OSLA
-840827977,Checkers,0,GAME_OVER,72,71,2,213,MCTS_CheckersHeuristic,-1.0,1.0,OSLA
-1651020227,Checkers,0,GAME_OVER,68,67,2,214,MCTS_CheckersHeuristic,-1.0,1.0,OSLA
-1337418593,Checkers,0,GAME_OVER,79,78,2,215,MCTS_CheckersHeuristic,-1.0,1.0,OSLA
626067167,Checkers,0,GAME_OVER,55,54,2,216,MCTS_CheckersHeuristic,-1.0,1.0,OSLA
43972217,Checkers,0,GAME_OVER,40,39,2,217,MCTS_CheckersHeuristic,-1.0,1.0,OSLA
652653912,Checkers,0,GAME_OVER,52,51,2,218,MCTS_CheckersHeuristic,-1.0,1.0,OSLA
-1273109515,Checkers,0,GAME_OVER,58,57,2,219,MCTS_CheckersHeuristic,-1.0,1.0,OSLA
638161115,Checkers,0,GAME_OVER,48,47,2,220,MCTS_CheckersHeuristic,-1.0,1.0,OSLA
1977248622,Checkers,0,GAME_OVER,53,52,2,221,MCTS_CheckersHeuristic,-1.0,1.0,OSLA
1877723035,Checkers,0,GAME_OVER,65,64,2,222,MCTS_CheckersHeuristic,-1.0,1.0,OSLA
-247880027,Checkers,0,GAME_OVER,53,52,2,223,MCTS_CheckersHeuristic,-1.0,1.0,OSLA
60257536,Checkers,0,GAME_OVER,90,89,2,224,MCTS_CheckersHeuristic,0.0,0.0,OSLA
-1023141750,Checkers,0,GAME_OVER,60,59,2,225,MCTS_CheckersHeuristic,1.0,-1.0,OSLA
-1531536613,Checkers,0,GAME_OVER,119,118,2,226,MCTS_CheckersHeuristic,0.0,0.0,OSLA
-1870015994,Checkers,0,GAME_OVER,113,112,2,227,MCTS_CheckersHeuristic,0.0,0.0,OSLA
-587009505,Checkers,0,GAME_OVER,59,58,2,228,MCTS_CheckersHeuristic,-1.0,1.0,OSLA
656487640,Checkers,0,GAME_OVER,57,56,2,229,MCTS_CheckersHeuristic,-1.0,1.0,OSLA
885567973,Checkers,0,GAME_OVER,87,86,2,230,MCTS_CheckersHeuristic,-1.0,1.0,OSLA
-446833650,Checkers,0,GAME_OVER,57,56,2,231,MCTS_CheckersHeuristic,-1.0,1.0,OSLA
-1462342457,Checkers,0,GAME_OVER,38,37,2,232,MCTS_CheckersHeuristic,-1.0,1.0,OSLA
-106544229,Checkers,0,GAME_OVER,69,68,2,233,MCTS_CheckersHeuristic,1.0,-1.0,OSLA
-659138474,Checkers,0,GAME_OVER,38,37,2,234,MCTS_CheckersHeuristic,-1.0,1.0,OSLA
-25311976,Checkers,0,GAME_OVER,65,64,2,235,MCTS_CheckersHeuristic,-1.0,1.0,OSLA
1076905910,Checkers,0,GAME_OVER,51,50,2,236,MCTS_CheckersHeuristic,-1.0,1.0,OSLA
-1904708170,Checkers,0,GAME_OVER,49,48,2,237,MCTS_CheckersHeuristic,-1.0,1.0,OSLA
-1972570966,Checkers,0,GAME_OVER,77,76,2,238,MCTS_CheckersHeuristic,-1.0,1.0,OSLA
1007219174,Checkers,0,GAME_OVER,63,62,2,239,MCTS_CheckersHeuristic,-1.0,1.0,OSLA
-634040436,Checkers,0,GAME_OVER,50,49,2,240,MCTS_CheckersHeuristic,-1.0,1.0,OSLA
-195478195,Checkers,0,GAME_OVER,43,42,2,241,MCTS_CheckersHeuristic,-1.0,1.0,OSLA
-1831453742,Checkers,0,GAME_OVER,47,46,2,242,MCTS_CheckersHeuristic,-1.0,1.0,OSLA
1255809514,Checkers,0,GAME_OVER,59,58,2,243,MCTS_CheckersHeuristic,-1.0,1.0,OSLA
-476992062,Checkers,0,GAME_OVER,71,70,2,244,MCTS_CheckersHeuristic,-1.0,1.0,OSLA
570750891,Checkers,0,GAME_OVER,53,52,2,245,MCTS_CheckersHeuristic,-1.0,1.0,OSLA
-1564909687,Checkers,0,GAME_OVER,69,68,2,246,MCTS_CheckersHeuristic,-1.0,1.0,OSLA
-566360639,Checkers,0,GAME_OVER,52,51,2,247,MCTS_CheckersHeuristic,-1.0,1.0,OSLA
1445041881,Checkers,0,GAME_OVER,53,52,2,248,MCTS_CheckersHeuristic,-1.0,1.0,OSLA
-2055745179,Checkers,0,GAME_OVER,129,128,2,249,MCTS_CheckersHeuristic,0.0,0.0,OSLA
1094224296,Checkers,0,GAME_OVER,77,76,2,250,MCTS_CheckersHeuristic,-1.0,1.0,OSLA
27146751,Checkers,0,GAME_OVER,54,53,2,251,MCTS_CheckersHeuristic,-1.0,1.0,OSLA
1085941718,Checkers,0,GAME_OVER,46,45,2,252,MCTS_CheckersHeuristic,-1.0,1.0,OSLA
173689024,Checkers,0,GAME_OVER,60,59,2,253,MCTS_CheckersHeuristic,-1.0,1.0,OSLA
-245745479,Checkers,0,GAME_OVER,62,61,2,254,MCTS_CheckersHeuristic,-1.0,1.0,OSLA
765110833,Checkers,0,GAME_OVER,42,41,2,255,MCTS_CheckersHeuristic,-1.0,1.0,OSLA
1369319149,Checkers,0,GAME_OVER,75,74,2,256,MCTS_CheckersHeuristic,-1.0,1.0,OSLA
-1329008049,Checkers,0,GAME_OVER,85,84,2,257,MCTS_CheckersHeuristic,-1.0,1.0,OSLA
1593004491,Checkers,0,GAME_OVER,76,75,2,258,MCTS_CheckersHeuristic,-1.0,1.0,OSLA
-81289185,Checkers,0,GAME_OVER,62,61,2,259,MCTS_CheckersHeuristic,-1.0,1.0,OSLA
649173883,Checkers,0,GAME_OVER,48,47,2,260,MCTS_CheckersHeuristic,-1.0,1.0,OSLA
-1161731104,Checkers,0,GAME_OVER,48,47,2,261,MCTS_CheckersHeuristic,-1.0,1.0,OSLA
-750781564,Checkers,0,GAME_OVER,55,54,2,262,MCTS_CheckersHeuristic,-1.0,1.0,OSLA
1810301777,Checkers,0,GAME_OVER,62,61,2,263,MCTS_CheckersHeuristic,-1.0,1.0,OSLA
1346007353,Checkers,0,GAME_OVER,55,54,2,264,MCTS_CheckersHeuristic,-1.0,1.0,OSLA
1991797145,Checkers,0,GAME_OVER,73,72,2,265,MCTS_CheckersHeuristic,-1.0,1.0,OSLA
-1614375300,Checkers,0,GAME_OVER,47,46,2,266,MCTS_CheckersHeuristic,-1.0,1.0,OSLA
492276948,Checkers,0,GAME_OVER,67,66,2,267,MCTS_CheckersHeuristic,-1.0,1.0,OSLA
892050094,Checkers,0,GAME_OVER,61,60,2,268,MCTS_CheckersHeuristic,-1.0,1.0,OSLA
1333520733,Checkers,0,GAME_OVER,70,69,2,269,MCTS_CheckersHeuristic,-1.0,1.0,OSLA
738289352,Checkers,0,GAME_OVER,80,79,2,270,MCTS_CheckersHeuristic,-1.0,1.0,OSLA
886895421,Checkers,0,GAME_OVER,61,60,2,271,MCTS_CheckersHeuristic,-1.0,1.0,OSLA
-170170651,Checkers,0,GAME_OVER,64,63,2,272,MCTS_CheckersHeuristic,-1.0,1.0,OSLA
1053104243,Checkers,0,GAME_OVER,104,103,2,273,MCTS_CheckersHeuristic,0.0,0.0,OSLA
-989805868,Checkers,0,GAME_OVER,55,54,2,274,MCTS_CheckersHeuristic,-1.0,1.0,OSLA
-2125442322,Checkers,0,GAME_OVER,50,49,2,275,MCTS_CheckersHeuristic,1.0,-1.0,OSLA
-1965228448,Checkers,0,GAME_OVER,48,47,2,276,MCTS_CheckersHeuristic,-1.0,1.0,OSLA
520480617,Checkers,0,GAME_OVER,59,58,2,277,MCTS_CheckersHeuristic,1.0,-1.0,OSLA
788585333,Checkers,0,GAME_OVER,124,123,2,278,MCTS_CheckersHeuristic,0.0,0.0,OSLA
-738699625,Checkers,0,GAME_OVER,54,53,2,279,MCTS_CheckersHeuristic,-1.0,1.0,OSLA
1824537420,Checkers,0,GAME_OVER,53,52,2,280,MCTS_CheckersHeuristic,-1.0,1.0,OSLA
-599341002,Checkers,0,GAME_OVER,57,56,2,281,MCTS_CheckersHeuristic,1.0,-1.0,OSLA
-1794412227,Checkers,0,GAME_OVER,56,55,2,282,MCTS_CheckersHeuristic,-1.0,1.0,OSLA
1388110847,Checkers,0,GAME_OVER,61,60,2,283,MCTS_CheckersHeuristic,-1.0,1.0,OSLA
1039814901,Checkers,0,GAME_OVER,81,80,2,284,MCTS_CheckersHeuristic,-1.0,1.0,OSLA
-912772450,Checkers,0,GAME_OVER,67,66,2,285,MCTS_CheckersHeuristic,-1.0,1.0,OSLA
-1418786031,Checkers,0,GAME_OVER,52,51,2,286,MCTS_CheckersHeuristic,-1.0,1.0,OSLA
-396209916,Checkers,0,GAME_OVER,87,86,2,287,MCTS_CheckersHeuristic,0.0,0.0,OSLA
493680251,Checkers,0,GAME_OVER,131,130,2,288,MCTS_CheckersHeuristic,0.0,0.0,OSLA
-1427272998,Checkers,0,GAME_OVER,58,57,2,289,MCTS_CheckersHeuristic,-1.0,1.0,OSLA
1683653113,Checkers,0,GAME_OVER,51,50,2,290,MCTS_CheckersHeuristic,-1.0,1.0,OSLA
-1445698336,Checkers,0,GAME_OVER,76,75,2,291,MCTS_CheckersHeuristic,-1.0,1.0,OSLA
1294534854,Checkers,0,GAME_OVER,50,49,2,292,MCTS_CheckersHeuristic,-1.0,1.0,OSLA
2020429431,Checkers,0,GAME_OVER,59,58,2,293,MCTS_CheckersHeuristic,-1.0,1.0,OSLA
998569527,Checkers,0,GAME_OVER,68,67,2,294,MCTS_CheckersHeuristic,-1.0,1.0,OSLA
961128877,Checkers,0,GAME_OVER,56,55,2,295,MCTS_CheckersHeuristic,-1.0,1.0,OSLA
-1050355786,Checkers,0,GAME_OVER,67,66,2,296,MCTS_CheckersHeuristic,-1.0,1.0,OSLA
-895702146,Checkers,0,GAME_OVER,46,45,2,297,MCTS_CheckersHeuristic,-1.0,1.0,OSLA
-71859814,Checkers,0,GAME_OVER,50,49,2,298,MCTS_CheckersHeuristic,-1.0,1.0,OSLA
-712256982,Checkers,0,GAME_OVER,59,58,2,299,MCTS_CheckersHeuristic,1.0,-1.0,OSLA
1986892447,Checkers,0,GAME_OVER,58,57,2,300,MCTS_CheckersHeuristic,-1.0,1.0,OSLA
-326441516,Checkers,0,GAME_OVER,59,58,2,301,MCTS_CheckersHeuristic,-1.0,1.0,OSLA
-1467008237,Checkers,0,GAME_OVER,56,55,2,302,MCTS_CheckersHeuristic,-1.0,1.0,OSLA
-717604929,Checkers,0,GAME_OVER,51,50,2,303,MCTS_CheckersHeuristic,1.0,-1.0,OSLA
1289652212,Checkers,0,GAME_OVER,60,59,2,304,MCTS_CheckersHeuristic,-1.0,1.0,OSLA
344141539,Checkers,0,GAME_OVER,66,65,2,305,MCTS_CheckersHeuristic,-1.0,1.0,OSLA
1831034760,Checkers,0,GAME_OVER,64,63,2,306,MCTS_CheckersHeuristic,-1.0,1.0,OSLA
128431294,Checkers,0,GAME_OVER,46,45,2,307,MCTS_CheckersHeuristic,-1.0,1.0,OSLA
-924832703,Checkers,0,GAME_OVER,85,84,2,308,MCTS_CheckersHeuristic,-1.0,1.0,OSLA
1930548090,Checkers,0,GAME_OVER,49,48,2,309,MCTS_CheckersHeuristic,-1.0,1.0,OSLA
-1364937752,Checkers,0,GAME_OVER,57,56,2,310,MCTS_CheckersHeuristic,-1.0,1.0,OSLA
-1757061397,Checkers,0,GAME_OVER,75,74,2,311,MCTS_CheckersHeuristic,-1.0,1.0,OSLA
-958653346,Checkers,0,GAME_OVER,63,62,2,312,MCTS_CheckersHeuristic,-1.0,1.0,OSLA
-40639503,Checkers,0,GAME_OVER,68,67,2,313,MCTS_CheckersHeuristic,-1.0,1.0,OSLA
-1782025089,Checkers,0,GAME_OVER,47,46,2,314,MCTS_CheckersHeuristic,-1.0,1.0,OSLA
413132350,Checkers,0,GAME_OVER,58,57,2,315,MCTS_CheckersHeuristic,-1.0,1.0,OSLA
-718106911,Checkers,0,GAME_OVER,112,111,2,316,MCTS_CheckersHeuristic,0.0,0.0,OSLA
-749290863,Checkers,0,GAME_OVER,68,67,2,317,MCTS_CheckersHeuristic,-1.0,1.0,OSLA
203580810,Checkers,0,GAME_OVER,55,54,2,318,MCTS_CheckersHeuristic,1.0,-1.0,OSLA
-183657498,Checkers,0,GAME_OVER,71,70,2,319,MCTS_CheckersHeuristic,-1.0,1.0,OSLA
-363796268,Checkers,0,GAME_OVER,53,52,2,320,MCTS_CheckersHeuristic,1.0,-1.0,OSLA
1019151410,Checkers,0,GAME_OVER,110,109,2,321,MCTS_CheckersHeuristic,0.0,0.0,OSLA
-1598629618,Checkers,0,GAME_OVER,61,60,2,322,MCTS_CheckersHeuristic,-1.0,1.0,OSLA
629630353,Checkers,0,GAME_OVER,134,133,2,323,MCTS_CheckersHeuristic,-1.0,1.0,OSLA
407923111,Checkers,0,GAME_OVER,46,45,2,324,MCTS_CheckersHeuristic,-1.0,1.0,OSLA
-783995100,Checkers,0,GAME_OVER,54,53,2,325,MCTS_CheckersHeuristic,1.0,-1.0,OSLA
1917238756,Checkers,0,GAME_OVER,95,94,2,326,MCTS_CheckersHeuristic,1.0,-1.0,OSLA
-1996021526,Checkers,0,GAME_OVER,51,50,2,327,MCTS_CheckersHeuristic,-1.0,1.0,OSLA
1446978152,Checkers,0,GAME_OVER,135,134,2,328,MCTS_CheckersHeuristic,0.0,0.0,OSLA
-1248893870,Checkers,0,GAME_OVER,53,52,2,329,MCTS_CheckersHeuristic,-1.0,1.0,OSLA
-614134760,Checkers,0,GAME_OVER,70,69,2,330,MCTS_CheckersHeuristic,1.0,-1.0,OSLA
510278499,Checkers,0,GAME_OVER,69,68,2,331,MCTS_CheckersHeuristic,-1.0,1.0,OSLA
-1700484048,Checkers,0,GAME_OVER,58,57,2,332,MCTS_CheckersHeuristic,-1.0,1.0,OSLA
-321950044,Checkers,0,GAME_OVER,61,60,2,333,MCTS_CheckersHeuristic,-1.0,1.0,OSLA
2105942644,Checkers,0,GAME_OVER,113,112,2,334,MCTS_CheckersHeuristic,0.0,0.0,OSLA
612336180,Checkers,0,GAME_OVER,69,68,2,335,MCTS_CheckersHeuristic,-1.0,1.0,OSLA
636965344,Checkers,0,GAME_OVER,42,41,2,336,MCTS_CheckersHeuristic,-1.0,1.0,OSLA
-636668763,Checkers,0,GAME_OVER,88,87,2,337,MCTS_CheckersHeuristic,-1.0,1.0,OSLA
-1842419369,Checkers,0,GAME_OVER,52,51,2,338,MCTS_CheckersHeuristic,-1.0,1.0,OSLA
-137138526,Checkers,0,GAME_OVER,62,61,2,339,MCTS_CheckersHeuristic,-1.0,1.0,OSLA
-976379635,Checkers,0,GAME_OVER,55,54,2,340,MCTS_CheckersHeuristic,-1.0,1.0,OSLA
-1653823386,Checkers,0,GAME_OVER,63,62,2,341,MCTS_CheckersHeuristic,-1.0,1.0,OSLA
1433587402,Checkers,0,GAME_OVER,140,139,2,342,MCTS_CheckersHeuristic,0.0,0.0,OSLA
1430155908,Checkers,0,GAME_OVER,105,104,2,343,MCTS_CheckersHeuristic,0.0,0.0,OSLA
98801208,Checkers,0,GAME_OVER,55,54,2,344,MCTS_CheckersHeuristic,-1.0,1.0,OSLA
1896370593,Checkers,0,GAME_OVER,55,54,2,345,MCTS_CheckersHeuristic,-1.0,1.0,OSLA
2018308052,Checkers,0,GAME_OVER,61,60,2,346,MCTS_CheckersHeuristic,-1.0,1.0,OSLA
376244482,Checkers,0,GAME_OVER,74,73,2,347,MCTS_CheckersHeuristic,-1.0,1.0,OSLA
566876226,Checkers,0,GAME_OVER,68,67,2,348,MCTS_CheckersHeuristic,-1.0,1.0,OSLA
1726469664,Checkers,0,GAME_OVER,62,61,2,349,MCTS_CheckersHeuristic,-1.0,1.0,OSLA
-179174643,Checkers,0,GAME_OVER,89,88,2,350,MCTS_CheckersHeuristic,-1.0,1.0,OSLA
852594592,Checkers,0,GAME_OVER,57,56,2,351,MCTS_CheckersHeuristic,-1.0,1.0,OSLA
1015592734,Checkers,0,GAME_OVER,49,48,2,352,MCTS_CheckersHeuristic,-1.0,1.0,OSLA
1881941087,Checkers,0,GAME_OVER,69,68,2,353,MCTS_CheckersHeuristic,-1.0,1.0,OSLA
1409144944,Checkers,0,GAME_OVER,54,53,2,354,MCTS_CheckersHeuristic,-1.0,1.0,OSLA
-1209259142,Checkers,0,GAME_OVER,46,45,2,355,MCTS_CheckersHeuristic,-1.0,1.0,OSLA
31973832,Checkers,0,GAME_OVER,52,51,2,356,MCTS_CheckersHeuristic,-1.0,1.0,OSLA
-889117584,Checkers,0,GAME_OVER,66,65,2,357,MCTS_CheckersHeuristic,-1.0,1.0,OSLA
1740145269,Checkers,0,GAME_OVER,43,42,2,358,MCTS_CheckersHeuristic,-1.0,1.0,OSLA
-137019695,Checkers,0,GAME_OVER,67,66,2,359,MCTS_CheckersHeuristic,-1.0,1.0,OSLA
-1431894155,Checkers,0,GAME_OVER,50,49,2,360,MCTS_CheckersHeuristic,-1.0,1.0,OSLA
1669272350,Checkers,0,GAME_OVER,62,61,2,361,MCTS_CheckersHeuristic,-1.0,1.0,OSLA
1155300447,Checkers,0,GAME_OVER,47,46,2,362,MCTS_CheckersHeuristic,1.0,-1.0,OSLA
-1866779963,Checkers,0,GAME_OVER,84,83,2,363,MCTS_CheckersHeuristic,-1.0,1.0,OSLA
688052235,Checkers,0,GAME_OVER,53,52,2,364,MCTS_CheckersHeuristic,-1.0,1.0,OSLA
1235479381,Checkers,0,GAME_OVER,53,52,2,365,MCTS_CheckersHeuristic,1.0,-1.0,OSLA
1892180434,Checkers,0,GAME_OVER,58,57,2,366,MCTS_CheckersHeuristic,-1.0,1.0,OSLA
1674352996,Checkers,0,GAME_OVER,59,58,2,367,MCTS_CheckersHeuristic,-1.0,1.0,OSLA
2024085458,Checkers,0,GAME_OVER,43,42,2,368,MCTS_CheckersHeuristic,-1.0,1.0,OSLA
-1372618303,Checkers,0,GAME_OVER,46,45,2,369,MCTS_CheckersHeuristic,-1.0,1.0,OSLA
-6550616,Checkers,0,GAME_OVER,65,64,2,370,MCTS_CheckersHeuristic,-1.0,1.0,OSLA
-1844188190,Checkers,0,GAME_OVER,80,79,2,371,MCTS_CheckersHeuristic,1.0,-1.0,OSLA
332773996,Checkers,0,GAME_OVER,83,82,2,372,MCTS_CheckersHeuristic,-1.0,1.0,OSLA
1471362740,Checkers,0,GAME_OVER,53,52,2,373,MCTS_CheckersHeuristic,-1.0,1.0,OSLA
1005200900,Checkers,0,GAME_OVER,72,71,2,374,MCTS_CheckersHeuristic,-1.0,1.0,OSLA
576350506,Checkers,0,GAME_OVER,68,67,2,375,MCTS_CheckersHeuristic,-1.0,1.0,OSLA
44972290,Checkers,0,GAME_OVER,78,77,2,376,MCTS_CheckersHeuristic,-1.0,1.0,OSLA
-892313012,Checkers,0,GAME_OVER,42,41,2,377,MCTS_CheckersHeuristic,-1.0,1.0,OSLA
-945515610,Checkers,0,GAME_OVER,53,52,2,378,MCTS_CheckersHeuristic,-1.0,1.0,OSLA
-797189995,Checkers,0,GAME_OVER,71,70,2,379,MCTS_CheckersHeuristic,-1.0,1.0,OSLA
-412117056,Checkers,0,GAME_OVER,57,56,2,380,MCTS_CheckersHeuristic,-1.0,1.0,OSLA
1924062932,Checkers,0,GAME_OVER,52,51,2,381,MCTS_CheckersHeuristic,-1.0,1.0,OSLA
-1558498688,Checkers,0,GAME_OVER,81,80,2,382,MCTS_CheckersHeuristic,-1.0,1.0,OSLA
2095920376,Checkers,0,GAME_OVER,127,126,2,383,MCTS_CheckersHeuristic,0.0,0.0,OSLA
-1741762942,Checkers,0,GAME_OVER,58,57,2,384,MCTS_CheckersHeuristic,1.0,-1.0,OSLA
-1821944470,Checkers,0,GAME_OVER,58,57,2,385,MCTS_CheckersHeuristic,-1.0,1.0,OSLA
-1001794166,Checkers,0,GAME_OVER,51,50,2,386,MCTS_CheckersHeuristic,-1.0,1.0,OSLA
-824933404,Checkers,0,GAME_OVER,127,126,2,387,MCTS_CheckersHeuristic,-1.0,1.0,OSLA
-116225841,Checkers,0,GAME_OVER,36,35,2,388,MCTS_CheckersHeuristic,-1.0,1.0,OSLA
1035153634,Checkers,0,GAME_OVER,52,51,2,389,MCTS_CheckersHeuristic,-1.0,1.0,OSLA
-1892972590,Checkers,0,GAME_OVER,64,63,2,390,MCTS_CheckersHeuristic,-1.0,1.0,OSLA
1815108904,Checkers,0,GAME_OVER,79,78,2,391,MCTS_CheckersHeuristic,0.0,0.0,OSLA
-828870395,Checkers,0,GAME_OVER,107,106,2,392,MCTS_CheckersHeuristic,-1.0,1.0,OSLA
-2081531158,Checkers,0,GAME_OVER,53,52,2,393,MCTS_CheckersHeuristic,-1.0,1.0,OSLA
-1936298794,Checkers,0,GAME_OVER,64,63,2,394,MCTS_CheckersHeuristic,-1.0,1.0,OSLA
108127898,Checkers,0,GAME_OVER,52,51,2,395,MCTS_CheckersHeuristic,-1.0,1.0,OSLA
-2079884586,Checkers,0,GAME_OVER,74,73,2,396,MCTS_CheckersHeuristic,-1.0,1.0,OSLA
-493541522,Checkers,0,GAME_OVER,67,66,2,397,MCTS_CheckersHeuristic,-1.0,1.0,OSLA
-1048260075,Checkers,0,GAME_OVER,72,71,2,398,MCTS_CheckersHeuristic,1.0,-1.0,OSLA
-1227601898,Checkers,0,GAME_OVER,54,53,2,399,MCTS_CheckersHeuristic,-1.0,1.0,OSLA
2056773874,Checkers,0,GAME_OVER,71,70,2,400,MCTS_CheckersHeuristic,-1.0,1.0,OSLA
-601157059,Checkers,0,GAME_OVER,76,75,2,401,MCTS_CheckersHeuristic,-1.0,1.0,OSLA
1017260225,Checkers,0,GAME_OVER,56,55,2,402,MCTS_CheckersHeuristic,-1.0,1.0,RandomPlayerConfig
-998926163,Checkers,0,GAME_OVER,46,45,2,403,MCTS_CheckersHeuristic,-1.0,1.0,RandomPlayerConfig
-1283026673,Checkers,0,GAME_OVER,43,42,2,404,MCTS_CheckersHeuristic,-1.0,1.0,RandomPlayerConfig
-914035881,Checkers,0,GAME_OVER,33,32,2,405,MCTS_CheckersHeuristic,-1.0,1.0,RandomPlayerConfig
1392166865,Checkers,0,GAME_OVER,48,47,2,406,MCTS_CheckersHeuristic,-1.0,1.0,RandomPlayerConfig
-984713997,Checkers,0,GAME_OVER,36,35,2,407,MCTS_CheckersHeuristic,-1.0,1.0,RandomPlayerConfig
1401968321,Checkers,0,GAME_OVER,40,39,2,408,MCTS_CheckersHeuristic,-1.0,1.0,RandomPlayerConfig
1375112552,Checkers,0,GAME_OVER,40,39,2,409,MCTS_CheckersHeuristic,-1.0,1.0,RandomPlayerConfig
-1262434534,Checkers,0,GAME_OVER,42,41,2,410,MCTS_CheckersHeuristic,-1.0,1.0,RandomPlayerConfig
-1381155222,Checkers,0,GAME_OVER,50,49,2,411,MCTS_CheckersHeuristic,-1.0,1.0,RandomPlayerConfig
-1480604482,Checkers,0,GAME_OVER,45,44,2,412,MCTS_CheckersHeuristic,-1.0,1.0,RandomPlayerConfig
-840827977,Checkers,0,GAME_OVER,47,46,2,413,MCTS_CheckersHeuristic,-1.0,1.0,RandomPlayerConfig
-1651020227,Checkers,0,GAME_OVER,41,40,2,414,MCTS_CheckersHeuristic,-1.0,1.0,RandomPlayerConfig
-1337418593,Checkers,0,GAME_OVER,49,48,2,415,MCTS_CheckersHeuristic,-1.0,1.0,RandomPlayerConfig
626067167,Checkers,0,GAME_OVER,44,43,2,416,MCTS_CheckersHeuristic,-1.0,1.0,RandomPlayerConfig
43972217,Checkers,0,GAME_OVER,45,44,2,417,MCTS_CheckersHeuristic,-1.0,1.0,RandomPlayerConfig
652653912,Checkers,0,GAME_OVER,39,38,2,418,MCTS_CheckersHeuristic,-1.0,1.0,RandomPlayerConfig
-1273109515,Checkers,0,GAME_OVER,37,36,2,419,MCTS_CheckersHeuristic,-1.0,1.0,RandomPlayerConfig
638161115,Checkers,0,GAME_OVER,51,50,2,420,MCTS_CheckersHeuristic,-1.0,1.0,RandomPlayerConfig
1977248622,Checkers,0,GAME_OVER,41,40,2,421,MCTS_CheckersHeuristic,-1.0,1.0,RandomPlayerConfig
1877723035,Checkers,0,GAME_OVER,43,42,2,422,MCTS_CheckersHeuristic,-1.0,1.0,RandomPlayerConfig
-247880027,Checkers,0,GAME_OVER,43,42,2,423,MCTS_CheckersHeuristic,-1.0,1.0,RandomPlayerConfig
60257536,Checkers,0,GAME_OVER,40,39,2,424,MCTS_CheckersHeuristic,-1.0,1.0,RandomPlayerConfig
-1023141750,Checkers,0,GAME_OVER,49,48,2,425,MCTS_CheckersHeuristic,-1.0,1.0,RandomPlayerConfig
-1531536613,Checkers,0,GAME_OVER,37,36,2,426,MCTS_CheckersHeuristic,-1.0,1.0,RandomPlayerConfig
-1870015994,Checkers,0,GAME_OVER,46,45,2,427,MCTS_CheckersHeuristic,-1.0,1.0,RandomPlayerConfig
-587009505,Checkers,0,GAME_OVER,46,45,2,428,MCTS_CheckersHeuristic,-1.0,1.0,RandomPlayerConfig
656487640,Checkers,0,GAME_OVER,45,44,2,429,MCTS_CheckersHeuristic,-1.0,1.0,RandomPlayerConfig
885567973,Checkers,0,GAME_OVER,39,38,2,430,MCTS_CheckersHeuristic,-1.0,1.0,RandomPlayerConfig
-446833650,Checkers,0,GAME_OVER,43,42,2,431,MCTS_CheckersHeuristic,-1.0,1.0,RandomPlayerConfig
-1462342457,Checkers,0,GAME_OVER,43,42,2,432,MCTS_CheckersHeuristic,-1.0,1.0,RandomPlayerConfig
-106544229,Checkers,0,GAME_OVER,39,38,2,433,MCTS_CheckersHeuristic,-1.0,1.0,RandomPlayerConfig
-659138474,Checkers,0,GAME_OVER,45,44,2,434,MCTS_CheckersHeuristic,-1.0,1.0,RandomPlayerConfig
-25311976,Checkers,0,GAME_OVER,42,41,2,435,MCTS_CheckersHeuristic,-1.0,1.0,RandomPlayerConfig
1076905910,Checkers,0,GAME_OVER,46,45,2,436,MCTS_CheckersHeuristic,-1.0,1.0,RandomPlayerConfig
-1904708170,Checkers,0,GAME_OVER,36,35,2,437,MCTS_CheckersHeuristic,-1.0,1.0,RandomPlayerConfig
-1972570966,Checkers,0,GAME_OVER,42,41,2,438,MCTS_CheckersHeuristic,-1.0,1.0,RandomPlayerConfig
1007219174,Checkers,0,GAME_OVER,45,44,2,439,MCTS_CheckersHeuristic,-1.0,1.0,RandomPlayerConfig
-634040436,Checkers,0,GAME_OVER,54,53,2,440,MCTS_CheckersHeuristic,-1.0,1.0,RandomPlayerConfig
-195478195,Checkers,0,GAME_OVER,36,35,2,441,MCTS_CheckersHeuristic,-1.0,1.0,RandomPlayerConfig
-1831453742,Checkers,0,GAME_OVER,45,44,2,442,MCTS_CheckersHeuristic,-1.0,1.0,RandomPlayerConfig
1255809514,Checkers,0,GAME_OVER,40,39,2,443,MCTS_CheckersHeuristic,-1.0,1.0,RandomPlayerConfig
-476992062,Checkers,0,GAME_OVER,50,49,2,444,MCTS_CheckersHeuristic,-1.0,1.0,RandomPlayerConfig
570750891,Checkers,0,GAME_OVER,53,52,2,445,MCTS_CheckersHeuristic,-1.0,1.0,RandomPlayerConfig
-1564909687,Checkers,0,GAME_OVER,62,61,2,446,MCTS_CheckersHeuristic,-1.0,1.0,RandomPlayerConfig
-566360639,Checkers,0,GAME_OVER,40,39,2,447,MCTS_CheckersHeuristic,-1.0,1.0,RandomPlayerConfig
1445041881,Checkers,0,GAME_OVER,40,39,2,448,MCTS_CheckersHeuristic,-1.0,1.0,RandomPlayerConfig
-2055745179,Checkers,0,GAME_OVER,43,42,2,449,MCTS_CheckersHeuristic,-1.0,1.0,RandomPlayerConfig
1094224296,Checkers,0,GAME_OVER,56,55,2,450,MCTS_CheckersHeuristic,-1.0,1.0,RandomPlayerConfig
27146751,Checkers,0,GAME_OVER,40,39,2,451,MCTS_CheckersHeuristic,-1.0,1.0,RandomPlayerConfig
1085941718,Checkers,0,GAME_OVER,52,51,2,452,MCTS_CheckersHeuristic,-1.0,1.0,RandomPlayerConfig
173689024,Checkers,0,GAME_OVER,39,38,2,453,MCTS_CheckersHeuristic,-1.0,1.0,RandomPlayerConfig
-245745479,Checkers,0,GAME_OVER,51,50,2,454,MCTS_CheckersHeuristic,-1.0,1.0,RandomPlayerConfig
765110833,Checkers,0,GAME_OVER,49,48,2,455,MCTS_CheckersHeuristic,-1.0,1.0,RandomPlayerConfig
1369319149,Checkers,0,GAME_OVER,43,42,2,456,MCTS_CheckersHeuristic,-1.0,1.0,RandomPlayerConfig
-1329008049,Checkers,0,GAME_OVER,49,48,2,457,MCTS_CheckersHeuristic,-1.0,1.0,RandomPlayerConfig
1593004491,Checkers,0,GAME_OVER,42,41,2,458,MCTS_CheckersHeuristic,-1.0,1.0,RandomPlayerConfig
-81289185,Checkers,0,GAME_OVER,41,40,2,459,MCTS_CheckersHeuristic,-1.0,1.0,RandomPlayerConfig
649173883,Checkers,0,GAME_OVER,41,40,2,460,MCTS_CheckersHeuristic,-1.0,1.0,RandomPlayerConfig
-1161731104,Checkers,0,GAME_OVER,43,42,2,461,MCTS_CheckersHeuristic,-1.0,1.0,RandomPlayerConfig
-750781564,Checkers,0,GAME_OVER,41,40,2,462,MCTS_CheckersHeuristic,-1.0,1.0,RandomPlayerConfig
1810301777,Checkers,0,GAME_OVER,53,52,2,463,MCTS_CheckersHeuristic,-1.0,1.0,RandomPlayerConfig
1346007353,Checkers,0,GAME_OVER,37,36,2,464,MCTS_CheckersHeuristic,-1.0,1.0,RandomPlayerConfig
1991797145,Checkers,0,GAME_OVER,40,39,2,465,MCTS_CheckersHeuristic,-1.0,1.0,RandomPlayerConfig
-1614375300,Checkers,0,GAME_OVER,47,46,2,466,MCTS_CheckersHeuristic,-1.0,1.0,RandomPlayerConfig
492276948,Checkers,0,GAME_OVER,48,47,2,467,MCTS_CheckersHeuristic,-1.0,1.0,RandomPlayerConfig
892050094,Checkers,0,GAME_OVER,37,36,2,468,MCTS_CheckersHeuristic,-1.0,1.0,RandomPlayerConfig
1333520733,Checkers,0,GAME_OVER,43,42,2,469,MCTS_CheckersHeuristic,-1.0,1.0,RandomPlayerConfig
738289352,Checkers,0,GAME_OVER,44,43,2,470,MCTS_CheckersHeuristic,-1.0,1.0,RandomPlayerConfig
886895421,Checkers,0,GAME_OVER,44,43,2,471,MCTS_CheckersHeuristic,-1.0,1.0,RandomPlayerConfig
-170170651,Checkers,0,GAME_OVER,46,45,2,472,MCTS_CheckersHeuristic,-1.0,1.0,RandomPlayerConfig
1053104243,Checkers,0,GAME_OVER,40,39,2,473,MCTS_CheckersHeuristic,-1.0,1.0,RandomPlayerConfig
-989805868,Checkers,0,GAME_OVER,51,50,2,474,MCTS_CheckersHeuristic,-1.0,1.0,RandomPlayerConfig
-2125442322,Checkers,0,GAME_OVER,33,32,2,475,MCTS_CheckersHeuristic,-1.0,1.0,RandomPlayerConfig
-1965228448,Checkers,0,GAME_OVER,35,34,2,476,MCTS_CheckersHeuristic,-1.0,1.0,RandomPlayerConfig
520480617,Checkers,0,GAME_OVER,47,46,2,477,MCTS_CheckersHeuristic,-1.0,1.0,RandomPlayerConfig
788585333,Checkers,0,GAME_OVER,35,34,2,478,MCTS_CheckersHeuristic,-1.0,1.0,RandomPlayerConfig
-738699625,Checkers,0,GAME_OVER,46,45,2,479,MCTS_CheckersHeuristic,-1.0,1.0,RandomPlayerConfig
1824537420,Checkers,0,GAME_OVER,44,43,2,480,MCTS_CheckersHeuristic,-1.0,1.0,RandomPlayerConfig
-599341002,Checkers,0,GAME_OVER,42,41,2,481,MCTS_CheckersHeuristic,-1.0,1.0,RandomPlayerConfig
-1794412227,Checkers,0,GAME_OVER,46,45,2,482,MCTS_CheckersHeuristic,-1.0,1.0,RandomPlayerConfig
1388110847,Checkers,0,GAME_OVER,42,41,2,483,MCTS_CheckersHeuristic,-1.0,1.0,RandomPlayerConfig
1039814901,Checkers,0,GAME_OVER,44,43,2,484,MCTS_CheckersHeuristic,-1.0,1.0,RandomPlayerConfig
-912772450,Checkers,0,GAME_OVER,53,52,2,485,MCTS_CheckersHeuristic,-1.0,1.0,RandomPlayerConfig
-1418786031,Checkers,0,GAME_OVER,40,39,2,486,MCTS_CheckersHeuristic,-1.0,1.0,RandomPlayerConfig
-396209916,Checkers,0,GAME_OVER,48,47,2,487,MCTS_CheckersHeuristic,-1.0,1.0,RandomPlayerConfig
493680251,Checkers,0,GAME_OVER,46,45,2,488,MCTS_CheckersHeuristic,-1.0,1.0,RandomPlayerConfig
-1427272998,Checkers,0,GAME_OVER,47,46,2,489,MCTS_CheckersHeuristic,-1.0,1.0,RandomPlayerConfig
1683653113,Checkers,0,GAME_OVER,45,44,2,490,MCTS_CheckersHeuristic,-1.0,1.0,RandomPlayerConfig
-1445698336,Checkers,0,GAME_OVER,39,38,2,491,MCTS_CheckersHeuristic,-1.0,1.0,RandomPlayerConfig
1294534854,Checkers,0,GAME_OVER,49,48,2,492,MCTS_CheckersHeuristic,-1.0,1.0,RandomPlayerConfig
2020429431,Checkers,0,GAME_OVER,36,35,2,493,MCTS_CheckersHeuristic,-1.0,1.0,RandomPlayerConfig
998569527,Checkers,0,GAME_OVER,43,42,2,494,MCTS_CheckersHeuristic,-1.0,1.0,RandomPlayerConfig
961128877,Checkers,0,GAME_OVER,39,38,2,495,MCTS_CheckersHeuristic,-1.0,1.0,RandomPlayerConfig
-1050355786,Checkers,0,GAME_OVER,39,38,2,496,MCTS_CheckersHeuristic,-1.0,1.0,RandomPlayerConfig
-895702146,Checkers,0,GAME_OVER,42,41,2,497,MCTS_CheckersHeuristic,-1.0,1.0,RandomPlayerConfig
-71859814,Checkers,0,GAME_OVER,36,35,2,498,MCTS_CheckersHeuristic,-1.0,1.0,RandomPlayerConfig
-712256982,Checkers,0,GAME_OVER,47,46,2,499,MCTS_CheckersHeuristic,-1.0,1.0,RandomPlayerConfig
1986892447,Checkers,0,GAME_OVER,40,39,2,500,MCTS_CheckersHeuristic,-1.0,1.0,RandomPlayerConfig
-326441516,Checkers,0,GAME_OVER,43,42,2,501,MCTS_CheckersHeuristic,-1.0,1.0,RandomPlayerConfig
-1467008237,Checkers,0,GAME_OVER,35,34,2,502,MCTS_CheckersHeuristic,-1.0,1.0,RandomPlayerConfig
-717604929,Checkers,0,GAME_OVER,46,45,2,503,MCTS_CheckersHeuristic,-1.0,1.0,RandomPlayerConfig
1289652212,Checkers,0,GAME_OVER,52,51,2,504,MCTS_CheckersHeuristic,-1.0,1.0,RandomPlayerConfig
344141539,Checkers,0,GAME_OVER,47,46,2,505,MCTS_CheckersHeuristic,-1.0,1.0,RandomPlayerConfig
1831034760,Checkers,0,GAME_OVER,39,38,2,506,MCTS_CheckersHeuristic,-1.0,1.0,RandomPlayerConfig
128431294,Checkers,0,GAME_OVER,44,43,2,507,MCTS_CheckersHeuristic,-1.0,1.0,RandomPlayerConfig
-924832703,Checkers,0,GAME_OVER,43,42,2,508,MCTS_CheckersHeuristic,-1.0,1.0,RandomPlayerConfig
1930548090,Checkers,0,GAME_OVER,50,49,2,509,MCTS_CheckersHeuristic,-1.0,1.0,RandomPlayerConfig
-1364937752,Checkers,0,GAME_OVER,48,47,2,510,MCTS_CheckersHeuristic,-1.0,1.0,RandomPlayerConfig
-1757061397,Checkers,0,GAME_OVER,45,44,2,511,MCTS_CheckersHeuristic,-1.0,1.0,RandomPlayerConfig
-958653346,Checkers,0,GAME_OVER,38,37,2,512,MCTS_CheckersHeuristic,-1.0,1.0,RandomPlayerConfig
-40639503,Checkers,0,GAME_OVER,42,41,2,513,MCTS_CheckersHeuristic,-1.0,1.0,RandomPlayerConfig
-1782025089,Checkers,0,GAME_OVER,39,38,2,514,MCTS_CheckersHeuristic,-1.0,1.0,RandomPlayerConfig
413132350,Checkers,0,GAME_OVER,48,47,2,515,MCTS_CheckersHeuristic,-1.0,1.0,RandomPlayerConfig
-718106911,Checkers,0,GAME_OVER,51,50,2,516,MCTS_CheckersHeuristic,-1.0,1.0,RandomPlayerConfig
-749290863,Checkers,0,GAME_OVER,45,44,2,517,MCTS_CheckersHeuristic,-1.0,1.0,RandomPlayerConfig
203580810,Checkers,0,GAME_OVER,48,47,2,518,MCTS_CheckersHeuristic,-1.0,1.0,RandomPlayerConfig
-183657498,Checkers,0,GAME_OVER,38,37,2,519,MCTS_CheckersHeuristic,-1.0,1.0,RandomPlayerConfig
-363796268,Checkers,0,GAME_OVER,46,45,2,520,MCTS_CheckersHeuristic,-1.0,1.0,RandomPlayerConfig
1019151410,Checkers,0,GAME_OVER,51,50,2,521,MCTS_CheckersHeuristic,-1.0,1.0,RandomPlayerConfig
-1598629618,Checkers,0,GAME_OVER,43,42,2,522,MCTS_CheckersHeuristic,-1.0,1.0,RandomPlayerConfig
629630353,Checkers,0,GAME_OVER,37,36,2,523,MCTS_CheckersHeuristic,-1.0,1.0,RandomPlayerConfig
407923111,Checkers,0,GAME_OVER,44,43,2,524,MCTS_CheckersHeuristic,-1.0,1.0,RandomPlayerConfig
-783995100,Checkers,0,GAME_OVER,39,38,2,525,MCTS_CheckersHeuristic,-1.0,1.0,RandomPlayerConfig
1917238756,Checkers,0,GAME_OVER,36,35,2,526,MCTS_CheckersHeuristic,-1.0,1.0,RandomPlayerConfig
-1996021526,Checkers,0,GAME_OVER,36,35,2,527,MCTS_CheckersHeuristic,-1.0,1.0,RandomPlayerConfig
1446978152,Checkers,0,GAME_OVER,47,46,2,528,MCTS_CheckersHeuristic,-1.0,1.0,RandomPlayerConfig
-1248893870,Checkers,0,GAME_OVER,49,48,2,529,MCTS_CheckersHeuristic,-1.0,1.0,RandomPlayerConfig
-614134760,Checkers,0,GAME_OVER,37,36,2,530,MCTS_CheckersHeuristic,-1.0,1.0,RandomPlayerConfig
510278499,Checkers,0,GAME_OVER,37,36,2,531,MCTS_CheckersHeuristic,-1.0,1.0,RandomPlayerConfig
-1700484048,Checkers,0,GAME_OVER,50,49,2,532,MCTS_CheckersHeuristic,-1.0,1.0,RandomPlayerConfig
-321950044,Checkers,0,GAME_OVER,34,33,2,533,MCTS_CheckersHeuristic,-1.0,1.0,RandomPlayerConfig
2105942644,Checkers,0,GAME_OVER,49,48,2,534,MCTS_CheckersHeuristic,-1.0,1.0,RandomPlayerConfig
612336180,Checkers,0,GAME_OVER,47,46,2,535,MCTS_CheckersHeuristic,-1.0,1.0,RandomPlayerConfig
636965344,Checkers,0,GAME_OVER,41,40,2,536,MCTS_CheckersHeuristic,-1.0,1.0,RandomPlayerConfig
-636668763,Checkers,0,GAME_OVER,44,43,2,537,MCTS_CheckersHeuristic,-1.0,1.0,RandomPlayerConfig
-1842419369,Checkers,0,GAME_OVER,46,45,2,538,MCTS_CheckersHeuristic,-1.0,1.0,RandomPlayerConfig
-137138526,Checkers,0,GAME_OVER,34,33,2,539,MCTS_CheckersHeuristic,-1.0,1.0,RandomPlayerConfig
-976379635,Checkers,0,GAME_OVER,45,44,2,540,MCTS_CheckersHeuristic,-1.0,1.0,RandomPlayerConfig
-1653823386,Checkers,0,GAME_OVER,48,47,2,541,MCTS_CheckersHeuristic,-1.0,1.0,RandomPlayerConfig
1433587402,Checkers,0,GAME_OVER,34,33,2,542,MCTS_CheckersHeuristic,-1.0,1.0,RandomPlayerConfig
1430155908,Checkers,0,GAME_OVER,42,41,2,543,MCTS_CheckersHeuristic,-1.0,1.0,RandomPlayerConfig
98801208,Checkers,0,GAME_OVER,42,41,2,544,MCTS_CheckersHeuristic,-1.0,1.0,RandomPlayerConfig
1896370593,Checkers,0,GAME_OVER,40,39,2,545,MCTS_CheckersHeuristic,-1.0,1.0,RandomPlayerConfig
2018308052,Checkers,0,GAME_OVER,41,40,2,546,MCTS_CheckersHeuristic,-1.0,1.0,RandomPlayerConfig
376244482,Checkers,0,GAME_OVER,39,38,2,547,MCTS_CheckersHeuristic,-1.0,1.0,RandomPlayerConfig
566876226,Checkers,0,GAME_OVER,39,38,2,548,MCTS_CheckersHeuristic,-1.0,1.0,RandomPlayerConfig
1726469664,Checkers,0,GAME_OVER,37,36,2,549,MCTS_CheckersHeuristic,-1.0,1.0,RandomPlayerConfig
-179174643,Checkers,0,GAME_OVER,45,44,2,550,MCTS_CheckersHeuristic,-1.0,1.0,RandomPlayerConfig
852594592,Checkers,0,GAME_OVER,41,40,2,551,MCTS_CheckersHeuristic,-1.0,1.0,RandomPlayerConfig
1015592734,Checkers,0,GAME_OVER,35,34,2,552,MCTS_CheckersHeuristic,-1.0,1.0,RandomPlayerConfig
1881941087,Checkers,0,GAME_OVER,45,44,2,553,MCTS_CheckersHeuristic,-1.0,1.0,RandomPlayerConfig
1409144944,Checkers,0,GAME_OVER,44,43,2,554,MCTS_CheckersHeuristic,-1.0,1.0,RandomPlayerConfig
-1209259142,Checkers,0,GAME_OVER,34,33,2,555,MCTS_CheckersHeuristic,-1.0,1.0,RandomPlayerConfig
31973832,Checkers,0,GAME_OVER,45,44,2,556,MCTS_CheckersHeuristic,-1.0,1.0,RandomPlayerConfig
-889117584,Checkers,0,GAME_OVER,49,48,2,557,MCTS_CheckersHeuristic,-1.0,1.0,RandomPlayerConfig
1740145269,Checkers,0,GAME_OVER,50,49,2,558,MCTS_CheckersHeuristic,-1.0,1.0,RandomPlayerConfig
-137019695,Checkers,0,GAME_OVER,39,38,2,559,MCTS_CheckersHeuristic,-1.0,1.0,RandomPlayerConfig
-1431894155,Checkers,0,GAME_OVER,41,40,2,560,MCTS_CheckersHeuristic,-1.0,1.0,RandomPlayerConfig
1669272350,Checkers,0,GAME_OVER,48,47,2,561,MCTS_CheckersHeuristic,-1.0,1.0,RandomPlayerConfig
1155300447,Checkers,0,GAME_OVER,46,45,2,562,MCTS_CheckersHeuristic,-1.0,1.0,RandomPlayerConfig
-1866779963,Checkers,0,GAME_OVER,49,48,2,563,MCTS_CheckersHeuristic,-1.0,1.0,RandomPlayerConfig
688052235,Checkers,0,GAME_OVER,44,43,2,564,MCTS_CheckersHeuristic,-1.0,1.0,RandomPlayerConfig
1235479381,Checkers,0,GAME_OVER,43,42,2,565,MCTS_CheckersHeuristic,-1.0,1.0,RandomPlayerConfig
1892180434,Checkers,0,GAME_OVER,47,46,2,566,MCTS_CheckersHeuristic,-1.0,1.0,RandomPlayerConfig
1674352996,Checkers,0,GAME_OVER,41,40,2,567,MCTS_CheckersHeuristic,-1.0,1.0,RandomPlayerConfig
2024085458,Checkers,0,GAME_OVER,43,42,2,568,MCTS_CheckersHeuristic,-1.0,1.0,RandomPlayerConfig
-1372618303,Checkers,0,GAME_OVER,47,46,2,569,MCTS_CheckersHeuristic,-1.0,1.0,RandomPlayerConfig
-6550616,Checkers,0,GAME_OVER,45,44,2,570,MCTS_CheckersHeuristic,-1.0,1.0,RandomPlayerConfig
-1844188190,Checkers,0,GAME_OVER,47,46,2,571,MCTS_CheckersHeuristic,-1.0,1.0,RandomPlayerConfig
332773996,Checkers,0,GAME_OVER,35,34,2,572,MCTS_CheckersHeuristic,-1.0,1.0,RandomPlayerConfig
1471362740,Checkers,0,GAME_OVER,40,39,2,573,MCTS_CheckersHeuristic,-1.0,1.0,RandomPlayerConfig
1005200900,Checkers,0,GAME_OVER,49,48,2,574,MCTS_CheckersHeuristic,-1.0,1.0,RandomPlayerConfig
576350506,Checkers,0,GAME_OVER,39,38,2,575,MCTS_CheckersHeuristic,-1.0,1.0,RandomPlayerConfig
44972290,Checkers,0,GAME_OVER,48,47,2,576,MCTS_CheckersHeuristic,-1.0,1.0,RandomPlayerConfig
-892313012,Checkers,0,GAME_OVER,46,45,2,577,MCTS_CheckersHeuristic,-1.0,1.0,RandomPlayerConfig
-945515610,Checkers,0,GAME_OVER,41,40,2,578,MCTS_CheckersHeuristic,-1.0,1.0,RandomPlayerConfig
-797189995,Checkers,0,GAME_OVER,43,42,2,579,MCTS_CheckersHeuristic,-1.0,1.0,RandomPlayerConfig
-412117056,Checkers,0,GAME_OVER,44,43,2,580,MCTS_CheckersHeuristic,-1.0,1.0,RandomPlayerConfig
1924062932,Checkers,0,GAME_OVER,50,49,2,581,MCTS_CheckersHeuristic,-1.0,1.0,RandomPlayerConfig
-1558498688,Checkers,0,GAME_OVER,40,39,2,582,MCTS_CheckersHeuristic,-1.0,1.0,RandomPlayerConfig
2095920376,Checkers,0,GAME_OVER,42,41,2,583,MCTS_CheckersHeuristic,-1.0,1.0,RandomPlayerConfig
-1741762942,Checkers,0,GAME_OVER,55,54,2,584,MCTS_CheckersHeuristic,-1.0,1.0,RandomPlayerConfig
-1821944470,Checkers,0,GAME_OVER,49,48,2,585,MCTS_CheckersHeuristic,-1.0,1.0,RandomPlayerConfig
-1001794166,Checkers,0,GAME_OVER,38,37,2,586,MCTS_CheckersHeuristic,-1.0,1.0,RandomPlayerConfig
-824933404,Checkers,0,GAME_OVER,40,39,2,587,MCTS_CheckersHeuristic,-1.0,1.0,RandomPlayerConfig
-116225841,Checkers,0,GAME_OVER,47,46,2,588,MCTS_CheckersHeuristic,-1.0,1.0,RandomPlayerConfig
1035153634,Checkers,0,GAME_OVER,43,42,2,589,MCTS_CheckersHeuristic,-1.0,1.0,RandomPlayerConfig
-1892972590,Checkers,0,GAME_OVER,40,39,2,590,MCTS_CheckersHeuristic,-1.0,1.0,RandomPlayerConfig
1815108904,Checkers,0,GAME_OVER,41,40,2,591,MCTS_CheckersHeuristic,-1.0,1.0,RandomPlayerConfig
-828870395,Checkers,0,GAME_OVER,52,51,2,592,MCTS_CheckersHeuristic,-1.0,1.0,RandomPlayerConfig
-2081531158,Checkers,0,GAME_OVER,44,43,2,593,MCTS_CheckersHeuristic,-1.0,1.0,RandomPlayerConfig
-1936298794,Checkers,0,GAME_OVER,39,38,2,594,MCTS_CheckersHeuristic,-1.0,1.0,RandomPlayerConfig
108127898,Checkers,0,GAME_OVER,38,37,2,595,MCTS_CheckersHeuristic,-1.0,1.0,RandomPlayerConfig
-2079884586,Checkers,0,GAME_OVER,48,47,2,596,MCTS_CheckersHeuristic,-1.0,1.0,RandomPlayerConfig
-493541522,Checkers,0,GAME_OVER,40,39,2,597,MCTS_CheckersHeuristic,-1.0,1.0,RandomPlayerConfig
-1048260075,Checkers,0,GAME_OVER,42,41,2,598,MCTS_CheckersHeuristic,-1.0,1.0,RandomPlayerConfig
-1227601898,Checkers,0,GAME_OVER,42,41,2,599,MCTS_CheckersHeuristic,-1.0,1.0,RandomPlayerConfig
2056773874,Checkers,0,GAME_OVER,44,43,2,600,MCTS_CheckersHeuristic,-1.0,1.0,RandomPlayerConfig
-601157059,Checkers,0,GAME_OVER,55,54,2,601,MCTS_CheckersHeuristic,-1.0,1.0,RandomPlayerConfig
1017260225,Checkers,0,GAME_OVER,73,72,2,602,OSLA,1.0,-1.0,MCTS_CheckersHeuristic
-998926163,Checkers,0,GAME_OVER,77,76,2,603,OSLA,1.0,-1.0,MCTS_CheckersHeuristic
-1283026673,Checkers,0,GAME_OVER,53,52,2,604,OSLA,1.0,-1.0,MCTS_CheckersHeuristic
-914035881,Checkers,0,GAME_OVER,57,56,2,605,OSLA,1.0,-1.0,MCTS_CheckersHeuristic
1392166865,Checkers,0,GAME_OVER,57,56,2,606,OSLA,1.0,-1.0,MCTS_CheckersHeuristic
-984713997,Checkers,0,GAME_OVER,45,44,2,607,OSLA,1.0,-1.0,MCTS_CheckersHeuristic
1401968321,Checkers,0,GAME_OVER,62,61,2,608,OSLA,1.0,-1.0,MCTS_CheckersHeuristic
1375112552,Checkers,0,GAME_OVER,87,86,2,609,OSLA,1.0,-1.0,MCTS_CheckersHeuristic
-1262434534,Checkers,0,GAME_OVER,69,68,2,610,OSLA,1.0,-1.0,MCTS_CheckersHeuristic
-1381155222,Checkers,0,GAME_OVER,52,51,2,611,OSLA,1.0,-1.0,MCTS_CheckersHeuristic
-1480604482,Checkers,0,GAME_OVER,96,95,2,612,OSLA,1.0,-1.0,MCTS_CheckersHeuristic
-840827977,Checkers,0,GAME_OVER,60,59,2,613,OSLA,1.0,-1.0,MCTS_CheckersHeuristic
-1651020227,Checkers,0,GAME_OVER,98,97,2,614,OSLA,0.0,0.0,MCTS_CheckersHeuristic
-1337418593,Checkers,0,GAME_OVER,49,48,2,615,OSLA,1.0,-1.0,MCTS_CheckersHeuristic
626067167,Checkers,0,GAME_OVER,72,71,2,616,OSLA,1.0,-1.0,MCTS_CheckersHeuristic
43972217,Checkers,0,GAME_OVER,60,59,2,617,OSLA,1.0,-1.0,MCTS_CheckersHeuristic
652653912,Checkers,0,GAME_OVER,63,62,2,618,OSLA,1.0,-1.0,MCTS_CheckersHeuristic
-1273109515,Checkers,0,GAME_OVER,58,57,2,619,OSLA,1.0,-1.0,MCTS_CheckersHeuristic
638161115,Checkers,0,GAME_OVER,60,59,2,620,OSLA,1.0,-1.0,MCTS_CheckersHeuristic
1977248622,Checkers,0,GAME_OVER,62,61,2,621,OSLA,1.0,-1.0,MCTS_CheckersHeuristic
1877723035,Checkers,0,GAME_OVER,48,47,2,622,OSLA,1.0,-1.0,MCTS_CheckersHeuristic
-247880027,Checkers,0,GAME_OVER,156,155,2,623,OSLA,0.0,0.0,MCTS_CheckersHeuristic
60257536,Checkers,0,GAME_OVER,44,43,2,624,OSLA,1.0,-1.0,MCTS_CheckersHeuristic
-1023141750,Checkers,0,GAME_OVER,56,55,2,625,OSLA,1.0,-1.0,MCTS_CheckersHeuristic
-1531536613,Checkers,0,GAME_OVER,51,50,2,626,OSLA,1.0,-1.0,MCTS_CheckersHeuristic
-1870015994,Checkers,0,GAME_OVER,53,52,2,627,OSLA,1.0,-1.0,MCTS_CheckersHeuristic
-587009505,Checkers,0,GAME_OVER,61,60,2,628,OSLA,1.0,-1.0,MCTS_CheckersHeuristic
656487640,Checkers,0,GAME_OVER,61,60,2,629,OSLA,1.0,-1.0,MCTS_CheckersHeuristic
885567973,Checkers,0,GAME_OVER,77,76,2,630,OSLA,1.0,-1.0,MCTS_CheckersHeuristic
-446833650,Checkers,0,GAME_OVER,46,45,2,631,OSLA,1.0,-1.0,MCTS_CheckersHeuristic
-1462342457,Checkers,0,GAME_OVER,76,75,2,632,OSLA,1.0,-1.0,MCTS_CheckersHeuristic
-106544229,Checkers,0,GAME_OVER,70,69,2,633,OSLA,1.0,-1.0,MCTS_CheckersHeuristic
-659138474,Checkers,0,GAME_OVER,71,70,2,634,OSLA,1.0,-1.0,MCTS_CheckersHeuristic
-25311976,Checkers,0,GAME_OVER,79,78,2,635,OSLA,1.0,-1.0,MCTS_CheckersHeuristic
1076905910,Checkers,0,GAME_OVER,68,67,2,636,OSLA,1.0,-1.0,MCTS_CheckersHeuristic
-1904708170,Checkers,0,GAME_OVER,54,53,2,637,OSLA,-1.0,1.0,MCTS_CheckersHeuristic
-1972570966,Checkers,0,GAME_OVER,52,51,2,638,OSLA,1.0,-1.0,MCTS_CheckersHeuristic
1007219174,Checkers,0,GAME_OVER,128,127,2,639,OSLA,1.0,-1.0,MCTS_CheckersHeuristic
-634040436,Checkers,0,GAME_OVER,80,79,2,640,OSLA,1.0,-1.0,MCTS_CheckersHeuristic
-195478195,Checkers,0,GAME_OVER,60,59,2,641,OSLA,1.0,-1.0,MCTS_CheckersHeuristic
-1831453742,Checkers,0,GAME_OVER,55,54,2,642,OSLA,1.0,-1.0,MCTS_CheckersHeuristic
1255809514,Checkers,0,GAME_OVER,52,51,2,643,OSLA,1.0,-1.0,MCTS_CheckersHeuristic
-476992062,Checkers,0,GAME_OVER,79,78,2,644,OSLA,1.0,-1.0,MCTS_CheckersHeuristic
570750891,Checkers,0,GAME_OVER,72,71,2,645,OSLA,1.0,-1.0,MCTS_CheckersHeuristic
-1564909687,Checkers,0,GAME_OVER,132,131,2,646,OSLA,0.0,0.0,MCTS_CheckersHeuristic
-566360639,Checkers,0,GAME_OVER,57,56,2,647,OSLA,1.0,-1.0,MCTS_CheckersHeuristic
1445041881,Checkers,0,GAME_OVER,47,46,2,648,OSLA,-1.0,1.0,MCTS_CheckersHeuristic
-2055745179,Checkers,0,GAME_OVER,127,126,2,649,OSLA,0.0,0.0,MCTS_CheckersHeuristic
1094224296,Checkers,0,GAME_OVER,101,100,2,650,OSLA,1.0,-1.0,MCTS_CheckersHeuristic
27146751,Checkers,0,GAME_OVER,82,81,2,651,OSLA,1.0,-1.0,MCTS_CheckersHeuristic
1085941718,Checkers,0,GAME_OVER,56,55,2,652,OSLA,1.0,-1.0,MCTS_CheckersHeuristic
173689024,Checkers,0,GAME_OVER,90,89,2,653,OSLA,1.0,-1.0,MCTS_CheckersHeuristic
-245745479,Checkers,0,GAME_OVER,72,71,2,654,OSLA,1.0,-1.0,MCTS_CheckersHeuristic
765110833,Checkers,0,GAME_OVER,48,47,2,655,OSLA,1.0,-1.0,MCTS_CheckersHeuristic
1369319149,Checkers,0,GAME_OVER,66,65,2,656,OSLA,1.0,-1.0,MCTS_CheckersHeuristic
-1329008049,Checkers,0,GAME_OVER,67,66,2,657,OSLA,1.0,-1.0,MCTS_CheckersHeuristic
1593004491,Checkers,0,GAME_OVER,66,65,2,658,OSLA,1.0,-1.0,MCTS_CheckersHeuristic
-81289185,Checkers,0,GAME_OVER,48,47,2,659,OSLA,1.0,-1.0,MCTS_CheckersHeuristic
649173883,Checkers,0,GAME_OVER,80,79,2,660,OSLA,1.0,-1.0,MCTS_CheckersHeuristic
-1161731104,Checkers,0,GAME_OVER,111,110,2,661,OSLA,1.0,-1.0,MCTS_CheckersHeuristic
-750781564,Checkers,0,GAME_OVER,60,59,2,662,OSLA,1.0,-1.0,MCTS_CheckersHeuristic
1810301777,Checkers,0,GAME_OVER,49,48,2,663,OSLA,-1.0,1.0,MCTS_CheckersHeuristic
1346007353,Checkers,0,GAME_OVER,48,47,2,664,OSLA,1.0,-1.0,MCTS_CheckersHeuristic
1991797145,Checkers,0,GAME_OVER,60,59,2,665,OSLA,1.0,-1.0,MCTS_CheckersHeuristic
-1614375300,Checkers,0,GAME_OVER,44,43,2,666,OSLA,1.0,-1.0,MCTS_CheckersHeuristic
492276948,Checkers,0,GAME_OVER,87,86,2,667,OSLA,0.0,0.0,MCTS_CheckersHeuristic
892050094,Checkers,0,GAME_OVER,50,49,2,668,OSLA,1.0,-1.0,MCTS_CheckersHeuristic
1333520733,Checkers,0,GAME_OVER,46,45,2,669,OSLA,1.0,-1.0,MCTS_CheckersHeuristic
738289352,Checkers,0,GAME_OVER,55,54,2,670,OSLA,1.0,-1.0,MCTS_CheckersHeuristic
886895421,Checkers,0,GAME_OVER,67,66,2,671,OSLA,1.0,-1.0,MCTS_CheckersHeuristic
-170170651,Checkers,0,GAME_OVER,52,51,2,672,OSLA,1.0,-1.0,MCTS_CheckersHeuristic
1053104243,Checkers,0,GAME_OVER,59,58,2,673,OSLA,1.0,-1.0,MCTS_CheckersHeuristic
-989805868,Checkers,0,GAME_OVER,45,44,2,674,OSLA,1.0,-1.0,MCTS_CheckersHeuristic
-2125442322,Checkers,0,GAME_OVER,56,55,2,675,OSLA,-1.0,1.0,MCTS_CheckersHeuristic
-1965228448,Checkers,0,GAME_OVER,48,47,2,676,OSLA,1.0,-1.0,MCTS_CheckersHeuristic
520480617,Checkers,0,GAME_OVER,58,57,2,677,OSLA,1.0,-1.0,MCTS_CheckersHeuristic
788585333,Checkers,0,GAME_OVER,64,63,2,678,OSLA,1.0,-1.0,MCTS_CheckersHeuristic
-738699625,Checkers,0,GAME_OVER,57,56,2,679,OSLA,-1.0,1.0,MCTS_CheckersHeuristic
1824537420,Checkers,0,GAME_OVER,92,91,2,680,OSLA,1.0,-1.0,MCTS_CheckersHeuristic
-599341002,Checkers,0,GAME_OVER,69,68,2,681,OSLA,1.0,-1.0,MCTS_CheckersHeuristic
-1794412227,Checkers,0,GAME_OVER,81,80,2,682,OSLA,1.0,-1.0,MCTS_CheckersHeuristic
1388110847,Checkers,0,GAME_OVER,58,57,2,683,OSLA,1.0,-1.0,MCTS_CheckersHeuristic
1039814901,Checkers,0,GAME_OVER,64,63,2,684,OSLA,1.0,-1.0,MCTS_CheckersHeuristic
-912772450,Checkers,0,GAME_OVER,85,84,2,685,OSLA,1.0,-1.0,MCTS_CheckersHeuristic
-1418786031,Checkers,0,GAME_OVER,56,55,2,686,OSLA,1.0,-1.0,MCTS_CheckersHeuristic
-396209916,Checkers,0,GAME_OVER,65,64,2,687,OSLA,1.0,-1.0,MCTS_CheckersHeuristic
493680251,Checkers,0,GAME_OVER,76,75,2,688,OSLA,1.0,-1.0,MCTS_CheckersHeuristic
-1427272998,Checkers,0,GAME_OVER,201,200,2,689,OSLA,0.0,0.0,MCTS_CheckersHeuristic
1683653113,Checkers,0,GAME_OVER,50,49,2,690,OSLA,1.0,-1.0,MCTS_CheckersHeuristic
-1445698336,Checkers,0,GAME_OVER,73,72,2,691,OSLA,1.0,-1.0,MCTS_CheckersHeuristic
1294534854,Checkers,0,GAME_OVER,49,48,2,692,OSLA,1.0,-1.0,MCTS_CheckersHeuristic
2020429431,Checkers,0,GAME_OVER,53,52,2,693,OSLA,1.0,-1.0,MCTS_CheckersHeuristic
998569527,Checkers,0,GAME_OVER,77,76,2,694,OSLA,1.0,-1.0,MCTS_CheckersHeuristic
961128877,Checkers,0,GAME_OVER,52,51,2,695,OSLA,1.0,-1.0,MCTS_CheckersHeuristic
-1050355786,Checkers,0,GAME_OVER,88,87,2,696,OSLA,1.0,-1.0,MCTS_CheckersHeuristic
-895702146,Checkers,0,GAME_OVER,43,42,2,697,OSLA,1.0,-1.0,MCTS_CheckersHeuristic
-71859814,Checkers,0,GAME_OVER,82,81,2,698,OSLA,1.0,-1.0,MCTS_CheckersHeuristic
-712256982,Checkers,0,GAME_OVER,121,120,2,699,OSLA,0.0,0.0,MCTS_CheckersHeuristic
1986892447,Checkers,0,GAME_OVER,69,68,2,700,OSLA,1.0,-1.0,MCTS_CheckersHeuristic
-326441516,Checkers,0,GAME_OVER,42,41,2,701,OSLA,1.0,-1.0,MCTS_CheckersHeuristic
-1467008237,Checkers,0,GAME_OVER,59,58,2,702,OSLA,1.0,-1.0,MCTS_CheckersHeuristic
-717604929,Checkers,0,GAME_OVER,52,51,2,703,OSLA,1.0,-1.0,MCTS_CheckersHeuristic
1289652212,Checkers,0,GAME_OVER,61,60,2,704,OSLA,1.0,-1.0,MCTS_CheckersHeuristic
344141539,Checkers,0,GAME_OVER,96,95,2,705,OSLA,0.0,0.0,MCTS_CheckersHeuristic
1831034760,Checkers,0,GAME_OVER,59,58,2,706,OSLA,1.0,-1.0,MCTS_CheckersHeuristic
128431294,Checkers,0,GAME_OVER,95,94,2,707,OSLA,1.0,-1.0,MCTS_CheckersHeuristic
-924832703,Checkers,0,GAME_OVER,86,85,2,708,OSLA,1.0,-1.0,MCTS_CheckersHeuristic
1930548090,Checkers,0,GAME_OVER,113,112,2,709,OSLA,0.0,0.0,MCTS_CheckersHeuristic
-1364937752,Checkers,0,GAME_OVER,79,78,2,710,OSLA,1.0,-1.0,MCTS_CheckersHeuristic
-1757061397,Checkers,0,GAME_OVER,48,47,2,711,OSLA,1.0,-1.0,MCTS_CheckersHeuristic
-958653346,Checkers,0,GAME_OVER,56,55,2,712,OSLA,1.0,-1.0,MCTS_CheckersHeuristic
-40639503,Checkers,0,GAME_OVER,48,47,2,713,OSLA,1.0,-1.0,MCTS_CheckersHeuristic
-1782025089,Checkers,0,GAME_OVER,47,46,2,714,OSLA,1.0,-1.0,MCTS_CheckersHeuristic
413132350,Checkers,0,GAME_OVER,57,56,2,715,OSLA,1.0,-1.0,MCTS_CheckersHeuristic
-718106911,Checkers,0,GAME_OVER,50,49,2,716,OSLA,1.0,-1.0,MCTS_CheckersHeuristic
-749290863,Checkers,0,GAME_OVER,56,55,2,717,OSLA,-1.0,1.0,MCTS_CheckersHeuristic
203580810,Checkers,0,GAME_OVER,70,69,2,718,OSLA,1.0,-1.0,MCTS_CheckersHeuristic
-183657498,Checkers,0,GAME_OVER,60,59,2,719,OSLA,1.0,-1.0,MCTS_CheckersHeuristic
-363796268,Checkers,0,GAME_OVER,67,66,2,720,OSLA,1.0,-1.0,MCTS_CheckersHeuristic
1019151410,Checkers,0,GAME_OVER,51,50,2,721,OSLA,1.0,-1.0,MCTS_CheckersHeuristic
-1598629618,Checkers,0,GAME_OVER,56,55,2,722,OSLA,1.0,-1.0,MCTS_CheckersHeuristic
629630353,Checkers,0,GAME_OVER,48,47,2,723,OSLA,1.0,-1.0,MCTS_CheckersHeuristic
407923111,Checkers,0,GAME_OVER,44,43,2,724,OSLA,1.0,-1.0,MCTS_CheckersHeuristic
-783995100,Checkers,0,GAME_OVER,42,41,2,725,OSLA,1.0,-1.0,MCTS_CheckersHeuristic
1917238756,Checkers,0,GAME_OVER,69,68,2,726,OSLA,1.0,-1.0,MCTS_CheckersHeuristic
-1996021526,Checkers,0,GAME_OVER,77,76,2,727,OSLA,1.0,-1.0,MCTS_CheckersHeuristic
1446978152,Checkers,0,GAME_OVER,59,58,2,728,OSLA,1.0,-1.0,MCTS_CheckersHeuristic
-1248893870,Checkers,0,GAME_OVER,66,65,2,729,OSLA,1.0,-1.0,MCTS_CheckersHeuristic
-614134760,Checkers,0,GAME_OVER,38,37,2,730,OSLA,1.0,-1.0,MCTS_CheckersHeuristic
510278499,Checkers,0,GAME_OVER,62,61,2,731,OSLA,1.0,-1.0,MCTS_CheckersHeuristic
-1700484048,Checkers,0,GAME_OVER,57,56,2,732,OSLA,1.0,-1.0,MCTS_CheckersHeuristic
-321950044,Checkers,0,GAME_OVER,51,50,2,733,OSLA,1.0,-1.0,MCTS_CheckersHeuristic
2105942644,Checkers,0,GAME_OVER,58,57,2,734,OSLA,-1.0,1.0,MCTS_CheckersHeuristic
612336180,Checkers,0,GAME_OVER,55,54,2,735,OSLA,1.0,-1.0,MCTS_CheckersHeuristic
636965344,Checkers,0,GAME_OVER,54,53,2,736,OSLA,1.0,-1.0,MCTS_CheckersHeuristic
-636668763,Checkers,0,GAME_OVER,61,60,2,737,OSLA,1.0,-1.0,MCTS_CheckersHeuristic
-1842419369,Checkers,0,GAME_OVER,72,71,2,738,OSLA,1.0,-1.0,MCTS_CheckersHeuristic
-137138526,Checkers,0,GAME_OVER,152,151,2,739,OSLA,0.0,0.0,MCTS_CheckersHeuristic
-976379635,Checkers,0,GAME_OVER,59,58,2,740,OSLA,1.0,-1.0,MCTS_CheckersHeuristic
-1653823386,Checkers,0,GAME_OVER,75,74,2,741,OSLA,0.0,0.0,MCTS_CheckersHeuristic
1433587402,Checkers,0,GAME_OVER,61,60,2,742,OSLA,1.0,-1.0,MCTS_CheckersHeuristic
1430155908,Checkers,0,GAME_OVER,50,49,2,743,OSLA,1.0,-1.0,MCTS_CheckersHeuristic
98801208,Checkers,0,GAME_OVER,45,44,2,744,OSLA,1.0,-1.0,MCTS_CheckersHeuristic
1896370593,Checkers,0,GAME_OVER,44,43,2,745,OSLA,1.0,-1.0,MCTS_CheckersHeuristic
2018308052,Checkers,0,GAME_OVER,67,66,2,746,OSLA,1.0,-1.0,MCTS_CheckersHeuristic
376244482,Checkers,0,GAME_OVER,61,60,2,747,OSLA,-1.0,1.0,MCTS_CheckersHeuristic
566876226,Checkers,0,GAME_OVER,146,145,2,748,OSLA,0.0,0.0,MCTS_CheckersHeuristic
1726469664,Checkers,0,GAME_OVER,114,113,2,749,OSLA,1.0,-1.0,MCTS_CheckersHeuristic
-179174643,Checkers,0,GAME_OVER,59,58,2,750,OSLA,1.0,-1.0,MCTS_CheckersHeuristic
852594592,Checkers,0,GAME_OVER,90,89,2,751,OSLA,0.0,0.0,MCTS_CheckersHeuristic
1015592734,Checkers,0,GAME_OVER,60,59,2,752,OSLA,1.0,-1.0,MCTS_CheckersHeuristic
1881941087,Checkers,0,GAME_OVER,52,51,2,753,OSLA,1.0,-1.0,MCTS_CheckersHeuristic
1409144944,Checkers,0,GAME_OVER,58,57,2,754,OSLA,1.0,-1.0,MCTS_CheckersHeuristic
-1209259142,Checkers,0,GAME_OVER,51,50,2,755,OSLA,1.0,-1.0,MCTS_CheckersHeuristic
31973832,Checkers,0,GAME_OVER,65,64,2,756,OSLA,1.0,-1.0,MCTS_CheckersHeuristic
-889117584,Checkers,0,GAME_OVER,65,64,2,757,OSLA,1.0,-1.0,MCTS_CheckersHeuristic
1740145269,Checkers,0,GAME_OVER,78,77,2,758,OSLA,1.0,-1.0,MCTS_CheckersHeuristic
-137019695,Checkers,0,GAME_OVER,101,100,2,759,OSLA,1.0,-1.0,MCTS_CheckersHeuristic
-1431894155,Checkers,0,GAME_OVER,53,52,2,760,OSLA,1.0,-1.0,MCTS_CheckersHeuristic
1669272350,Checkers,0,GAME_OVER,74,73,2,761,OSLA,1.0,-1.0,MCTS_CheckersHeuristic
1155300447,Checkers,0,GAME_OVER,65,64,2,762,OSLA,1.0,-1.0,MCTS_CheckersHeuristic
-1866779963,Checkers,0,GAME_OVER,103,102,2,763,OSLA,0.0,0.0,MCTS_CheckersHeuristic
688052235,Checkers,0,GAME_OVER,90,89,2,764,OSLA,1.0,-1.0,MCTS_CheckersHeuristic
1235479381,Checkers,0,GAME_OVER,104,103,2,765,OSLA,0.0,0.0,MCTS_CheckersHeuristic
1892180434,Checkers,0,GAME_OVER,60,59,2,766,OSLA,-1.0,1.0,MCTS_CheckersHeuristic
1674352996,Checkers,0,GAME_OVER,50,49,2,767,OSLA,1.0,-1.0,MCTS_CheckersHeuristic
2024085458,Checkers,0,GAME_OVER,70,69,2,768,OSLA,1.0,-1.0,MCTS_CheckersHeuristic
-1372618303,Checkers,0,GAME_OVER,93,92,2,769,OSLA,1.0,-1.0,MCTS_CheckersHeuristic
-6550616,Checkers,0,GAME_OVER,111,110,2,770,OSLA,0.0,0.0,MCTS_CheckersHeuristic
-1844188190,Checkers,0,GAME_OVER,90,89,2,771,OSLA,0.0,0.0,MCTS_CheckersHeuristic
332773996,Checkers,0,GAME_OVER,52,51,2,772,OSLA,1.0,-1.0,MCTS_CheckersHeuristic
1471362740,Checkers,0,GAME_OVER,85,84,2,773,OSLA,1.0,-1.0,MCTS_CheckersHeuristic
1005200900,Checkers,0,GAME_OVER,62,61,2,774,OSLA,1.0,-1.0,MCTS_CheckersHeuristic
576350506,Checkers,0,GAME_OVER,51,50,2,775,OSLA,1.0,-1.0,MCTS_CheckersHeuristic
44972290,Checkers,0,GAME_OVER,86,85,2,776,OSLA,1.0,-1.0,MCTS_CheckersHeuristic
-892313012,Checkers,0,GAME_OVER,74,73,2,777,OSLA,1.0,-1.0,MCTS_CheckersHeuristic
-945515610,Checkers,0,GAME_OVER,107,106,2,778,OSLA,1.0,-1.0,MCTS_CheckersHeuristic
-797189995,Checkers,0,GAME_OVER,57,56,2,779,OSLA,1.0,-1.0,MCTS_CheckersHeuristic
-412117056,Checkers,0,GAME_OVER,53,52,2,780,OSLA,1.0,-1.0,MCTS_CheckersHeuristic
1924062932,Checkers,0,GAME_OVER,75,74,2,781,OSLA,1.0,-1.0,MCTS_CheckersHeuristic
-1558498688,Checkers,0,GAME_OVER,52,51,2,782,OSLA,1.0,-1.0,MCTS_CheckersHeuristic
2095920376,Checkers,0,GAME_OVER,52,51,2,783,OSLA,1.0,-1.0,MCTS_CheckersHeuristic
-1741762942,Checkers,0,GAME_OVER,69,68,2,784,OSLA,1.0,-1.0,MCTS_CheckersHeuristic
-1821944470,Checkers,0,GAME_OVER,50,49,2,785,OSLA,1.0,-1.0,MCTS_CheckersHeuristic
-1001794166,Checkers,0,GAME_OVER,55,54,2,786,OSLA,1.0,-1.0,MCTS_CheckersHeuristic
-824933404,Checkers,0,GAME_OVER,49,48,2,787,OSLA,1.0,-1.0,MCTS_CheckersHeuristic
-116225841,Checkers,0,GAME_OVER,57,56,2,788,OSLA,1.0,-1.0,MCTS_CheckersHeuristic
1035153634,Checkers,0,GAME_OVER,83,82,2,789,OSLA,1.0,-1.0,MCTS_CheckersHeuristic
-1892972590,Checkers,0,GAME_OVER,88,87,2,790,OSLA,0.0,0.0,MCTS_CheckersHeuristic
1815108904,Checkers,0,GAME_OVER,57,56,2,791,OSLA,1.0,-1.0,MCTS_CheckersHeuristic
-828870395,Checkers,0,GAME_OVER,60,59,2,792,OSLA,1.0,-1.0,MCTS_CheckersHeuristic
-2081531158,Checkers,0,GAME_OVER,61,60,2,793,OSLA,1.0,-1.0,MCTS_CheckersHeuristic
-1936298794,Checkers,0,GAME_OVER,59,58,2,794,OSLA,1.0,-1.0,MCTS_CheckersHeuristic
108127898,Checkers,0,GAME_OVER,79,78,2,795,OSLA,1.0,-1.0,MCTS_CheckersHeuristic
-2079884586,Checkers,0,GAME_OVER,67,66,2,796,OSLA,1.0,-1.0,MCTS_CheckersHeuristic
-493541522,Checkers,0,GAME_OVER,54,53,2,797,OSLA,1.0,-1.0,MCTS_CheckersHeuristic
-1048260075,Checkers,0,GAME_OVER,85,84,2,798,OSLA,1.0,-1.0,MCTS_CheckersHeuristic
-1227601898,Checkers,0,GAME_OVER,50,49,2,799,OSLA,1.0,-1.0,MCTS_CheckersHeuristic
2056773874,Checkers,0,GAME_OVER,47,46,2,800,OSLA,1.0,-1.0,MCTS_CheckersHeuristic
-601157059,Checkers,0,GAME_OVER,80,79,2,801,OSLA,1.0,-1.0,MCTS_CheckersHeuristic
1017260225,Checkers,0,GAME_OVER,45,44,2,802,OSLA,-1.0,1.0,OSLA
-998926163,Checkers,0,GAME_OVER,77,76,2,803,OSLA,-1.0,1.0,OSLA
-1283026673,Checkers,0,GAME_OVER,45,44,2,804,OSLA,1.0,-1.0,OSLA
-914035881,Checkers,0,GAME_OVER,38,37,2,805,OSLA,1.0,-1.0,OSLA
1392166865,Checkers,0,GAME_OVER,45,44,2,806,OSLA,1.0,-1.0,OSLA
-984713997,Checkers,0,GAME_OVER,130,129,2,807,OSLA,0.0,0.0,OSLA
1401968321,Checkers,0,GAME_OVER,48,47,2,808,OSLA,1.0,-1.0,OSLA
1375112552,Checkers,0,GAME_OVER,112,111,2,809,OSLA,0.0,0.0,OSLA
-1262434534,Checkers,0,GAME_OVER,45,44,2,810,OSLA,1.0,-1.0,OSLA
-1381155222,Checkers,0,GAME_OVER,56,55,2,811,OSLA,-1.0,1.0,OSLA
-1480604482,Checkers,0,GAME_OVER,78,77,2,812,OSLA,1.0,-1.0,OSLA
-840827977,Checkers,0,GAME_OVER,45,44,2,813,OSLA,-1.0,1.0,OSLA
-1651020227,Checkers,0,GAME_OVER,43,42,2,814,OSLA,1.0,-1.0,OSLA
-1337418593,Checkers,0,GAME_OVER,77,76,2,815,OSLA,-1.0,1.0,OSLA
626067167,Checkers,0,GAME_OVER,50,49,2,816,OSLA,-1.0,1.0,OSLA
43972217,Checkers,0,GAME_OVER,62,61,2,817,OSLA,-1.0,1.0,OSLA
652653912,Checkers,0,GAME_OVER,136,135,2,818,OSLA,0.0,0.0,OSLA
-1273109515,Checkers,0,GAME_OVER,149,148,2,819,OSLA,0.0,0.0,OSLA
638161115,Checkers,0,GAME_OVER,47,46,2,820,OSLA,-1.0,1.0,OSLA
1977248622,Checkers,0,GAME_OVER,42,41,2,821,OSLA,-1.0,1.0,OSLA
1877723035,Checkers,0,GAME_OVER,44,43,2,822,OSLA,1.0,-1.0,OSLA
-247880027,Checkers,0,GAME_OVER,45,44,2,823,OSLA,-1.0,1.0,OSLA
60257536,Checkers,0,GAME_OVER,47,46,2,824,OSLA,-1.0,1.0,OSLA
-1023141750,Checkers,0,GAME_OVER,134,133,2,825,OSLA,0.0,0.0,OSLA
-1531536613,Checkers,0,GAME_OVER,104,103,2,826,OSLA,0.0,0.0,OSLA
-1870015994,Checkers,0,GAME_OVER,39,38,2,827,OSLA,-1.0,1.0,OSLA
-587009505,Checkers,0,GAME_OVER,43,42,2,828,OSLA,-1.0,1.0,OSLA
656487640,Checkers,0,GAME_OVER,50,49,2,829,OSLA,1.0,-1.0,OSLA
885567973,Checkers,0,GAME_OVER,45,44,2,830,OSLA,-1.0,1.0,OSLA
-446833650,Checkers,0,GAME_OVER,43,42,2,831,OSLA,-1.0,1.0,OSLA
-1462342457,Checkers,0,GAME_OVER,90,89,2,832,OSLA,0.0,0.0,OSLA
-106544229,Checkers,0,GAME_OVER,69,68,2,833,OSLA,1.0,-1.0,OSLA
-659138474,Checkers,0,GAME_OVER,96,95,2,834,OSLA,0.0,0.0,OSLA
-25311976,Checkers,0,GAME_OVER,31,30,2,835,OSLA,1.0,-1.0,OSLA
1076905910,Checkers,0,GAME_OVER,44,43,2,836,OSLA,-1.0,1.0,OSLA
-1904708170,Checkers,0,GAME_OVER,41,40,2,837,OSLA,-1.0,1.0,OSLA
-1972570966,Checkers,0,GAME_OVER,106,105,2,838,OSLA,0.0,0.0,OSLA
1007219174,Checkers,0,GAME_OVER,62,61,2,839,OSLA,-1.0,1.0,OSLA
-634040436,Checkers,0,GAME_OVER,63,62,2,840,OSLA,1.0,-1.0,OSLA
-195478195,Checkers,0,GAME_OVER,47,46,2,841,OSLA,-1.0,1.0,OSLA
-1831453742,Checkers,0,GAME_OVER,72,71,2,842,OSLA,1.0,-1.0,OSLA
1255809514,Checkers,0,GAME_OVER,54,53,2,843,OSLA,1.0,-1.0,OSLA
-476992062,Checkers,0,GAME_OVER,43,42,2,844,OSLA,-1.0,1.0,OSLA
570750891,Checkers,0,GAME_OVER,87,86,2,845,OSLA,0.0,0.0,OSLA
-1564909687,Checkers,0,GAME_OVER,87,86,2,846,OSLA,0.0,0.0,OSLA
-566360639,Checkers,0,GAME_OVER,91,90,2,847,OSLA,0.0,0.0,OSLA
1445041881,Checkers,0,GAME_OVER,88,87,2,848,OSLA,0.0,0.0,OSLA
-2055745179,Checkers,0,GAME_OVER,44,43,2,849,OSLA,-1.0,1.0,OSLA
1094224296,Checkers,0,GAME_OVER,38,37,2,850,OSLA,-1.0,1.0,OSLA
27146751,Checkers,0,GAME_OVER,45,44,2,851,OSLA,1.0,-1.0,OSLA
1085941718,Checkers,0,GAME_OVER,58,57,2,852,OSLA,1.0,-1.0,OSLA
173689024,Checkers,0,GAME_OVER,66,65,2,853,OSLA,-1.0,1.0,OSLA
-245745479,Checkers,0,GAME_OVER,140,139,2,854,OSLA,0.0,0.0,OSLA
765110833,Checkers,0,GAME_OVER,40,39,2,855,OSLA,1.0,-1.0,OSLA
1369319149,Checkers,0,GAME_OVER,47,46,2,856,OSLA,-1.0,1.0,OSLA
-1329008049,Checkers,0,GAME_OVER,38,37,2,857,OSLA,-1.0,1.0,OSLA
1593004491,Checkers,0,GAME_OVER,101,100,2,858,OSLA,0.0,0.0,OSLA
-81289185,Checkers,0,GAME_OVER,61,60,2,859,OSLA,-1.0,1.0,OSLA
649173883,Checkers,0,GAME_OVER,87,86,2,860,OSLA,1.0,-1.0,OSLA
-1161731104,Checkers,0,GAME_OVER,88,87,2,861,OSLA,0.0,0.0,OSLA
-750781564,Checkers,0,GAME_OVER,48,47,2,862,OSLA,-1.0,1.0,OSLA
1810301777,Checkers,0,GAME_OVER,108,107,2,863,OSLA,0.0,0.0,OSLA
1346007353,Checkers,0,GAME_OVER,44,43,2,864,OSLA,-1.0,1.0,OSLA
1991797145,Checkers,0,GAME_OVER,44,43,2,865,OSLA,1.0,-1.0,OSLA
-1614375300,Checkers,0,GAME_OVER,54,53,2,866,OSLA,-1.0,1.0,OSLA
492276948,Checkers,0,GAME_OVER,49,48,2,867,OSLA,-1.0,1.0,OSLA
892050094,Checkers,0,GAME_OVER,51,50,2,868,OSLA,1.0,-1.0,OSLA
1333520733,Checkers,0,GAME_OVER,53,52,2,869,OSLA,1.0,-1.0,OSLA
738289352,Checkers,0,GAME_OVER,49,48,2,870,OSLA,-1.0,1.0,OSLA
886895421,Checkers,0,GAME_OVER,52,51,2,871,OSLA,-1.0,1.0,OSLA
-170170651,Checkers,0,GAME_OVER,49,48,2,872,OSLA,-1.0,1.0,OSLA
1053104243,Checkers,0,GAME_OVER,121,120,2,873,OSLA,0.0,0.0,OSLA
-989805868,Checkers,0,GAME_OVER,49,48,2,874,OSLA,-1.0,1.0,OSLA
-2125442322,Checkers,0,GAME_OVER,72,71,2,875,OSLA,1.0,-1.0,OSLA
-1965228448,Checkers,0,GAME_OVER,47,46,2,876,OSLA,-1.0,1.0,OSLA
520480617,Checkers,0,GAME_OVER,92,91,2,877,OSLA,0.0,0.0,OSLA
788585333,Checkers,0,GAME_OVER,39,38,2,878,OSLA,-1.0,1.0,OSLA
-738699625,Checkers,0,GAME_OVER,44,43,2,879,OSLA,1.0,-1.0,OSLA
1824537420,Checkers,0,GAME_OVER,58,57,2,880,OSLA,-1.0,1.0,OSLA
-599341002,Checkers,0,GAME_OVER,49,48,2,881,OSLA,-1.0,1.0,OSLA
-1794412227,Checkers,0,GAME_OVER,57,56,2,882,OSLA,-1.0,1.0,OSLA
1388110847,Checkers,0,GAME_OVER,171,170,2,883,OSLA,0.0,0.0,OSLA
1039814901,Checkers,0,GAME_OVER,56,55,2,884,OSLA,-1.0,1.0,OSLA
-912772450,Checkers,0,GAME_OVER,47,46,2,885,OSLA,-1.0,1.0,OSLA
-1418786031,Checkers,0,GAME_OVER,61,60,2,886,OSLA,1.0,-1.0,OSLA
-396209916,Checkers,0,GAME_OVER,51,50,2,887,OSLA,-1.0,1.0,OSLA
493680251,Checkers,0,GAME_OVER,44,43,2,888,OSLA,1.0,-1.0,OSLA
-1427272998,Checkers,0,GAME_OVER,41,40,2,889,OSLA,1.0,-1.0,OSLA
1683653113,Checkers,0,GAME_OVER,82,81,2,890,OSLA,-1.0,1.0,OSLA
-1445698336,Checkers,0,GAME_OVER,49,48,2,891,OSLA,1.0,-1.0,OSLA
1294534854,Checkers,0,GAME_OVER,33,32,2,892,OSLA,-1.0,1.0,OSLA
2020429431,Checkers,0,GAME_OVER,39,38,2,893,OSLA,-1.0,1.0,OSLA
998569527,Checkers,0,GAME_OVER,96,95,2,894,OSLA,0.0,0.0,OSLA
961128877,Checkers,0,GAME_OVER,42,41,2,895,OSLA,1.0,-1.0,OSLA
-1050355786,Checkers,0,GAME_OVER,48,47,2,896,OSLA,-1.0,1.0,OSLA
-895702146,Checkers,0,GAME_OVER,27,26,2,897,OSLA,1.0,-1.0,OSLA
-71859814,Checkers,0,GAME_OVER,74,73,2,898,OSLA,1.0,-1.0,OSLA
-712256982,Checkers,0,GAME_OVER,120,119,2,899,OSLA,0.0,0.0,OSLA
1986892447,Checkers,0,GAME_OVER,48,47,2,900,OSLA,-1.0,1.0,OSLA
-326441516,Checkers,0,GAME_OVER,34,33,2,901,OSLA,-1.0,1.0,OSLA
-1467008237,Checkers,0,GAME_OVER,67,66,2,902,OSLA,0.0,0.0,OSLA
-717604929,Checkers,0,GAME_OVER,49,48,2,903,OSLA,-1.0,1.0,OSLA
1289652212,Checkers,0,GAME_OVER,38,37,2,904,OSLA,-1.0,1.0,OSLA
344141539,Checkers,0,GAME_OVER,61,60,2,905,OSLA,-1.0,1.0,OSLA
1831034760,Checkers,0,GAME_OVER,46,45,2,906,OSLA,-1.0,1.0,OSLA
128431294,Checkers,0,GAME_OVER,52,51,2,907,OSLA,-1.0,1.0,OSLA
-924832703,Checkers,0,GAME_OVER,46,45,2,908,OSLA,1.0,-1.0,OSLA
1930548090,Checkers,0,GAME_OVER,50,49,2,909,OSLA,-1.0,1.0,OSLA
-1364937752,Checkers,0,GAME_OVER,44,43,2,910,OSLA,1.0,-1.0,OSLA
-1757061397,Checkers,0,GAME_OVER,117,116,2,911,OSLA,1.0,-1.0,OSLA
-958653346,Checkers,0,GAME_OVER,41,40,2,912,OSLA,-1.0,1.0,OSLA
-40639503,Checkers,0,GAME_OVER,49,48,2,913,OSLA,1.0,-1.0,OSLA
-1782025089,Checkers,0,GAME_OVER,59,58,2,914,OSLA,1.0,-1.0,OSLA
413132350,Checkers,0,GAME_OVER,27,26,2,915,OSLA,1.0,-1.0,OSLA
-718106911,Checkers,0,GAME_OVER,48,47,2,916,OSLA,-1.0,1.0,OSLA
-749290863,Checkers,0,GAME_OVER,40,39,2,917,OSLA,-1.0,1.0,OSLA
203580810,Checkers,0,GAME_OVER,180,179,2,918,OSLA,-1.0,1.0,OSLA
-183657498,Checkers,0,GAME_OVER,49,48,2,919,OSLA,1.0,-1.0,OSLA
-363796268,Checkers,0,GAME_OVER,46,45,2,920,OSLA,-1.0,1.0,OSLA
1019151410,Checkers,0,GAME_OVER,49,48,2,921,OSLA,-1.0,1.0,OSLA
-1598629618,Checkers,0,GAME_OVER,51,50,2,922,OSLA,-1.0,1.0,OSLA
629630353,Checkers,0,GAME_OVER,45,44,2,923,OSLA,-1.0,1.0,OSLA
407923111,Checkers,0,GAME_OVER,47,46,2,924,OSLA,1.0,-1.0,OSLA
-783995100,Checkers,0,GAME_OVER,25,24,2,925,OSLA,1.0,-1.0,OSLA
1917238756,Checkers,0,GAME_OVER,39,38,2,926,OSLA,-1.0,1.0,OSLA
-1996021526,Checkers,0,GAME_OVER,67,66,2,927,OSLA,-1.0,1.0,OSLA
1446978152,Checkers,0,GAME_OVER,188,187,2,928,OSLA,0.0,0.0,OSLA
-1248893870,Checkers,0,GAME_OVER,101,100,2,929,OSLA,0.0,0.0,OSLA
-614134760,Checkers,0,GAME_OVER,43,42,2,930,OSLA,-1.0,1.0,OSLA
510278499,Checkers,0,GAME_OVER,51,50,2,931,OSLA,-1.0,1.0,OSLA
-1700484048,Checkers,0,GAME_OVER,35,34,2,932,OSLA,-1.0,1.0,OSLA
-321950044,Checkers,0,GAME_OVER,62,61,2,933,OSLA,-1.0,1.0,OSLA
2105942644,Checkers,0,GAME_OVER,99,98,2,934,OSLA,1.0,-1.0,OSLA
612336180,Checkers,0,GAME_OVER,85,84,2,935,OSLA,0.0,0.0,OSLA
636965344,Checkers,0,GAME_OVER,46,45,2,936,OSLA,1.0,-1.0,OSLA
-636668763,Checkers,0,GAME_OVER,119,118,2,937,OSLA,0.0,0.0,OSLA
-1842419369,Checkers,0,GAME_OVER,55,54,2,938,OSLA,1.0,-1.0,OSLA
-137138526,Checkers,0,GAME_OVER,45,44,2,939,OSLA,-1.0,1.0,OSLA
-976379635,Checkers,0,GAME_OVER,41,40,2,940,OSLA,1.0,-1.0,OSLA
-1653823386,Checkers,0,GAME_OVER,48,47,2,941,OSLA,-1.0,1.0,OSLA
1433587402,Checkers,0,GAME_OVER,52,51,2,942,OSLA,1.0,-1.0,OSLA
1430155908,Checkers,0,GAME_OVER,44,43,2,943,OSLA,-1.0,1.0,OSLA
98801208,Checkers,0,GAME_OVER,58,57,2,944,OSLA,1.0,-1.0,OSLA
1896370593,Checkers,0,GAME_OVER,50,49,2,945,OSLA,1.0,-1.0,OSLA
2018308052,Checkers,0,GAME_OVER,52,51,2,946,OSLA,-1.0,1.0,OSLA
376244482,Checkers,0,GAME_OVER,69,68,2,947,OSLA,1.0,-1.0,OSLA
566876226,Checkers,0,GAME_OVER,41,40,2,948,OSLA,1.0,-1.0,OSLA
1726469664,Checkers,0,GAME_OVER,48,47,2,949,OSLA,1.0,-1.0,OSLA
-179174643,Checkers,0,GAME_OVER,63,62,2,950,OSLA,1.0,-1.0,OSLA
852594592,Checkers,0,GAME_OVER,146,145,2,951,OSLA,0.0,0.0,OSLA
1015592734,Checkers,0,GAME_OVER,39,38,2,952,OSLA,-1.0,1.0,OSLA
1881941087,Checkers,0,GAME_OVER,47,46,2,953,OSLA,1.0,-1.0,OSLA
1409144944,Checkers,0,GAME_OVER,60,59,2,954,OSLA,1.0,-1.0,OSLA
-1209259142,Checkers,0,GAME_OVER,93,92,2,955,OSLA,0.0,0.0,OSLA
31973832,Checkers,0,GAME_OVER,53,52,2,956,OSLA,-1.0,1.0,OSLA
-889117584,Checkers,0,GAME_OVER,42,41,2,957,OSLA,-1.0,1.0,OSLA
1740145269,Checkers,0,GAME_OVER,39,38,2,958,OSLA,-1.0,1.0,OSLA
-137019695,Checkers,0,GAME_OVER,39,38,2,959,OSLA,-1.0,1.0,OSLA
-1431894155,Checkers,0,GAME_OVER,40,39,2,960,OSLA,-1.0,1.0,OSLA
1669272350,Checkers,0,GAME_OVER,27,26,2,961,OSLA,1.0,-1.0,OSLA
1155300447,Checkers,0,GAME_OVER,52,51,2,962,OSLA,-1.0,1.0,OSLA
-1866779963,Checkers,0,GAME_OVER,43,42,2,963,OSLA,-1.0,1.0,OSLA
688052235,Checkers,0,GAME_OVER,90,89,2,964,OSLA,-1.0,1.0,OSLA
1235479381,Checkers,0,GAME_OVER,54,53,2,965,OSLA,-1.0,1.0,OSLA
1892180434,Checkers,0,GAME_OVER,56,55,2,966,OSLA,1.0,-1.0,OSLA
1674352996,Checkers,0,GAME_OVER,56,55,2,967,OSLA,1.0,-1.0,OSLA
2024085458,Checkers,0,GAME_OVER,54,53,2,968,OSLA,-1.0,1.0,OSLA
-1372618303,Checkers,0,GAME_OVER,27,26,2,969,OSLA,1.0,-1.0,OSLA
-6550616,Checkers,0,GAME_OVER,52,51,2,970,OSLA,1.0,-1.0,OSLA
-1844188190,Checkers,0,GAME_OVER,38,37,2,971,OSLA,1.0,-1.0,OSLA
332773996,Checkers,0,GAME_OVER,175,174,2,972,OSLA,0.0,0.0,OSLA
1471362740,Checkers,0,GAME_OVER,50,49,2,973,OSLA,-1.0,1.0,OSLA
1005200900,Checkers,0,GAME_OVER,39,38,2,974,OSLA,-1.0,1.0,OSLA
576350506,Checkers,0,GAME_OVER,52,51,2,975,OSLA,-1.0,1.0,OSLA
44972290,Checkers,0,GAME_OVER,43,42,2,976,OSLA,1.0,-1.0,OSLA
-892313012,Checkers,0,GAME_OVER,45,44,2,977,OSLA,-1.0,1.0,OSLA
-945515610,Checkers,0,GAME_OVER,50,49,2,978,OSLA,1.0,-1.0,OSLA
-797189995,Checkers,0,GAME_OVER,104,103,2,979,OSLA,-1.0,1.0,OSLA
-412117056,Checkers,0,GAME_OVER,44,43,2,980,OSLA,-1.0,1.0,OSLA
1924062932,Checkers,0,GAME_OVER,48,47,2,981,OSLA,-1.0,1.0,OSLA
-1558498688,Checkers,0,GAME_OVER,44,43,2,982,OSLA,1.0,-1.0,OSLA
2095920376,Checkers,0,GAME_OVER,108,107,2,983,OSLA,1.0,-1.0,OSLA
-1741762942,Checkers,0,GAME_OVER,51,50,2,984,OSLA,-1.0,1.0,OSLA
-1821944470,Checkers,0,GAME_OVER,47,46,2,985,OSLA,1.0,-1.0,OSLA
-1001794166,Checkers,0,GAME_OVER,56,55,2,986,OSLA,1.0,-1.0,OSLA
-824933404,Checkers,0,GAME_OVER,31,30,2,987,OSLA,1.0,-1.0,OSLA
-116225841,Checkers,0,GAME_OVER,86,85,2,988,OSLA,0.0,0.0,OSLA
1035153634,Checkers,0,GAME_OVER,42,41,2,989,OSLA,-1.0,1.0,OSLA
-1892972590,Checkers,0,GAME_OVER,51,50,2,990,OSLA,-1.0,1.0,OSLA
1815108904,Checkers,0,GAME_OVER,45,44,2,991,OSLA,-1.0,1.0,OSLA
-828870395,Checkers,0,GAME_OVER,49,48,2,992,OSLA,-1.0,1.0,OSLA
-2081531158,Checkers,0,GAME_OVER,67,66,2,993,OSLA,1.0,-1.0,OSLA
-1936298794,Checkers,0,GAME_OVER,119,118,2,994,OSLA,0.0,0.0,OSLA
108127898,Checkers,0,GAME_OVER,136,135,2,995,OSLA,1.0,-1.0,OSLA
-2079884586,Checkers,0,GAME_OVER,80,79,2,996,OSLA,1.0,-1.0,OSLA
-493541522,Checkers,0,GAME_OVER,61,60,2,997,OSLA,1.0,-1.0,OSLA
-1048260075,Checkers,0,GAME_OVER,52,51,2,998,OSLA,1.0,-1.0,OSLA
-1227601898,Checkers,0,GAME_OVER,57,56,2,999,OSLA,-1.0,1.0,OSLA
2056773874,Checkers,0,GAME_OVER,69,68,2,1000,OSLA,1.0,-1.0,OSLA
-601157059,Checkers,0,GAME_OVER,122,121,2,1001,OSLA,0.0,0.0,OSLA
1017260225,Checkers,0,GAME_OVER,42,41,2,1002,OSLA,-1.0,1.0,RandomPlayerConfig
-998926163,Checkers,0,GAME_OVER,35,34,2,1003,OSLA,-1.0,1.0,RandomPlayerConfig
-1283026673,Checkers,0,GAME_OVER,39,38,2,1004,OSLA,-1.0,1.0,RandomPlayerConfig
-914035881,Checkers,0,GAME_OVER,54,53,2,1005,OSLA,-1.0,1.0,RandomPlayerConfig
1392166865,Checkers,0,GAME_OVER,38,37,2,1006,OSLA,-1.0,1.0,RandomPlayerConfig
-984713997,Checkers,0,GAME_OVER,29,28,2,1007,OSLA,-1.0,1.0,RandomPlayerConfig
1401968321,Checkers,0,GAME_OVER,39,38,2,1008,OSLA,-1.0,1.0,RandomPlayerConfig
1375112552,Checkers,0,GAME_OVER,38,37,2,1009,OSLA,-1.0,1.0,RandomPlayerConfig
-1262434534,Checkers,0,GAME_OVER,37,36,2,1010,OSLA,-1.0,1.0,RandomPlayerConfig
-1381155222,Checkers,0,GAME_OVER,40,39,2,1011,OSLA,-1.0,1.0,RandomPlayerConfig
-1480604482,Checkers,0,GAME_OVER,60,59,2,1012,OSLA,-1.0,1.0,RandomPlayerConfig
-840827977,Checkers,0,GAME_OVER,36,35,2,1013,OSLA,-1.0,1.0,RandomPlayerConfig
-1651020227,Checkers,0,GAME_OVER,46,45,2,1014,OSLA,-1.0,1.0,RandomPlayerConfig
-1337418593,Checkers,0,GAME_OVER,39,38,2,1015,OSLA,-1.0,1.0,RandomPlayerConfig
626067167,Checkers,0,GAME_OVER,58,57,2,1016,OSLA,-1.0,1.0,RandomPlayerConfig
43972217,Checkers,0,GAME_OVER,70,69,2,1017,OSLA,-1.0,1.0,RandomPlayerConfig
652653912,Checkers,0,GAME_OVER,44,43,2,1018,OSLA,-1.0,1.0,RandomPlayerConfig
-1273109515,Checkers,0,GAME_OVER,43,42,2,1019,OSLA,-1.0,1.0,RandomPlayerConfig
638161115,Checkers,0,GAME_OVER,48,47,2,1020,OSLA,-1.0,1.0,RandomPlayerConfig
1977248622,Checkers,0,GAME_OVER,38,37,2,1021,OSLA,-1.0,1.0,RandomPlayerConfig
1877723035,Checkers,0,GAME_OVER,35,34,2,1022,OSLA,-1.0,1.0,RandomPlayerConfig
-247880027,Checkers,0,GAME_OVER,34,33,2,1023,OSLA,-1.0,1.0,RandomPlayerConfig
60257536,Checkers,0,GAME_OVER,34,33,2,1024,OSLA,-1.0,1.0,RandomPlayerConfig
-1023141750,Checkers,0,GAME_OVER,40,39,2,1025,OSLA,-1.0,1.0,RandomPlayerConfig
-1531536613,Checkers,0,GAME_OVER,49,48,2,1026,OSLA,-1.0,1.0,RandomPlayerConfig
-1870015994,Checkers,0,GAME_OVER,46,45,2,1027,OSLA,-1.0,1.0,RandomPlayerConfig
-587009505,Checkers,0,GAME_OVER,50,49,2,1028,OSLA,-1.0,1.0,RandomPlayerConfig
656487640,Checkers,0,GAME_OVER,46,45,2,1029,OSLA,-1.0,1.0,RandomPlayerConfig
885567973,Checkers,0,GAME_OVER,38,37,2,1030,OSLA,-1.0,1.0,RandomPlayerConfig
-446833650,Checkers,0,GAME_OVER,41,40,2,1031,OSLA,-1.0,1.0,RandomPlayerConfig
-1462342457,Checkers,0,GAME_OVER,36,35,2,1032,OSLA,-1.0,1.0,RandomPlayerConfig
-106544229,Checkers,0,GAME_OVER,41,40,2,1033,OSLA,-1.0,1.0,RandomPlayerConfig
-659138474,Checkers,0,GAME_OVER,42,41,2,1034,OSLA,-1.0,1.0,RandomPlayerConfig
-25311976,Checkers,0,GAME_OVER,38,37,2,1035,OSLA,-1.0,1.0,RandomPlayerConfig
1076905910,Checkers,0,GAME_OVER,39,38,2,1036,OSLA,-1.0,1.0,RandomPlayerConfig
-1904708170,Checkers,0,GAME_OVER,40,39,2,1037,OSLA,-1.0,1.0,RandomPlayerConfig
-1972570966,Checkers,0,GAME_OVER,48,47,2,1038,OSLA,-1.0,1.0,RandomPlayerConfig
1007219174,Checkers,0,GAME_OVER,33,32,2,1039,OSLA,-1.0,1.0,RandomPlayerConfig
-634040436,Checkers,0,GAME_OVER,51,50,2,1040,OSLA,-1.0,1.0,RandomPlayerConfig
-195478195,Checkers,0,GAME_OVER,39,38,2,1041,OSLA,-1.0,1.0,RandomPlayerConfig
-1831453742,Checkers,0,GAME_OVER,40,39,2,1042,OSLA,-1.0,1.0,RandomPlayerConfig
1255809514,Checkers,0,GAME_OVER,38,37,2,1043,OSLA,-1.0,1.0,RandomPlayerConfig
-476992062,Checkers,0,GAME_OVER,41,40,2,1044,OSLA,-1.0,1.0,RandomPlayerConfig
570750891,Checkers,0,GAME_OVER,41,40,2,1045,OSLA,-1.0,1.0,RandomPlayerConfig
-1564909687,Checkers,0,GAME_OVER,51,50,2,1046,OSLA,-1.0,1.0,RandomPlayerConfig
-566360639,Checkers,0,GAME_OVER,50,49,2,1047,OSLA,-1.0,1.0,RandomPlayerConfig
1445041881,Checkers,0,GAME_OVER,42,41,2,1048,OSLA,-1.0,1.0,RandomPlayerConfig
-2055745179,Checkers,0,GAME_OVER,31,30,2,1049,OSLA,-1.0,1.0,RandomPlayerConfig
1094224296,Checkers,0,GAME_OVER,37,36,2,1050,OSLA,-1.0,1.0,RandomPlayerConfig
27146751,Checkers,0,GAME_OVER,39,38,2,1051,OSLA,-1.0,1.0,RandomPlayerConfig
1085941718,Checkers,0,GAME_OVER,39,38,2,1052,OSLA,-1.0,1.0,RandomPlayerConfig
173689024,Checkers,0,GAME_OVER,38,37,2,1053,OSLA,-1.0,1.0,RandomPlayerConfig
-245745479,Checkers,0,GAME_OVER,46,45,2,1054,OSLA,-1.0,1.0,RandomPlayerConfig
765110833,Checkers,0,GAME_OVER,44,43,2,1055,OSLA,-1.0,1.0,RandomPlayerConfig
1369319149,Checkers,0,GAME_OVER,41,40,2,1056,OSLA,-1.0,1.0,RandomPlayerConfig
-1329008049,Checkers,0,GAME_OVER,46,45,2,1057,OSLA,-1.0,1.0,RandomPlayerConfig
1593004491,Checkers,0,GAME_OVER,36,35,2,1058,OSLA,-1.0,1.0,RandomPlayerConfig
-81289185,Checkers,0,GAME_OVER,34,33,2,1059,OSLA,-1.0,1.0,RandomPlayerConfig
649173883,Checkers,0,GAME_OVER,44,43,2,1060,OSLA,-1.0,1.0,RandomPlayerConfig
-1161731104,Checkers,0,GAME_OVER,45,44,2,1061,OSLA,-1.0,1.0,RandomPlayerConfig
-750781564,Checkers,0,GAME_OVER,44,43,2,1062,OSLA,-1.0,1.0,RandomPlayerConfig
1810301777,Checkers,0,GAME_OVER,40,39,2,1063,OSLA,-1.0,1.0,RandomPlayerConfig
1346007353,Checkers,0,GAME_OVER,46,45,2,1064,OSLA,-1.0,1.0,RandomPlayerConfig
1991797145,Checkers,0,GAME_OVER,40,39,2,1065,OSLA,-1.0,1.0,RandomPlayerConfig
-1614375300,Checkers,0,GAME_OVER,38,37,2,1066,OSLA,-1.0,1.0,RandomPlayerConfig
492276948,Checkers,0,GAME_OVER,54,53,2,1067,OSLA,-1.0,1.0,RandomPlayerConfig
892050094,Checkers,0,GAME_OVER,43,42,2,1068,OSLA,-1.0,1.0,RandomPlayerConfig
1333520733,Checkers,0,GAME_OVER,50,49,2,1069,OSLA,-1.0,1.0,RandomPlayerConfig
738289352,Checkers,0,GAME_OVER,32,31,2,1070,OSLA,-1.0,1.0,RandomPlayerConfig
886895421,Checkers,0,GAME_OVER,44,43,2,1071,OSLA,-1.0,1.0,RandomPlayerConfig
-170170651,Checkers,0,GAME_OVER,34,33,2,1072,OSLA,-1.0,1.0,RandomPlayerConfig
1053104243,Checkers,0,GAME_OVER,40,39,2,1073,OSLA,-1.0,1.0,RandomPlayerConfig
-989805868,Checkers,0,GAME_OVER,42,41,2,1074,OSLA,-1.0,1.0,RandomPlayerConfig
-2125442322,Checkers,0,GAME_OVER,56,55,2,1075,OSLA,-1.0,1.0,RandomPlayerConfig
-1965228448,Checkers,0,GAME_OVER,54,53,2,1076,OSLA,-1.0,1.0,RandomPlayerConfig
520480617,Checkers,0,GAME_OVER,32,31,2,1077,OSLA,-1.0,1.0,RandomPlayerConfig
788585333,Checkers,0,GAME_OVER,37,36,2,1078,OSLA,-1.0,1.0,RandomPlayerConfig
-738699625,Checkers,0,GAME_OVER,33,32,2,1079,OSLA,-1.0,1.0,RandomPlayerConfig
1824537420,Checkers,0,GAME_OVER,44,43,2,1080,OSLA,-1.0,1.0,RandomPlayerConfig
-599341002,Checkers,0,GAME_OVER,43,42,2,1081,OSLA,-1.0,1.0,RandomPlayerConfig
-1794412227,Checkers,0,GAME_OVER,43,42,2,1082,OSLA,-1.0,1.0,RandomPlayerConfig
1388110847,Checkers,0,GAME_OVER,57,56,2,1083,OSLA,-1.0,1.0,RandomPlayerConfig
1039814901,Checkers,0,GAME_OVER,41,40,2,1084,OSLA,-1.0,1.0,RandomPlayerConfig
-912772450,Checkers,0,GAME_OVER,43,42,2,1085,OSLA,-1.0,1.0,RandomPlayerConfig
-1418786031,Checkers,0,GAME_OVER,47,46,2,1086,OSLA,-1.0,1.0,RandomPlayerConfig
-396209916,Checkers,0,GAME_OVER,38,37,2,1087,OSLA,-1.0,1.0,RandomPlayerConfig
493680251,Checkers,0,GAME_OVER,41,40,2,1088,OSLA,-1.0,1.0,RandomPlayerConfig
-1427272998,Checkers,0,GAME_OVER,42,41,2,1089,OSLA,-1.0,1.0,RandomPlayerConfig
1683653113,Checkers,0,GAME_OVER,44,43,2,1090,OSLA,-1.0,1.0,RandomPlayerConfig
-1445698336,Checkers,0,GAME_OVER,39,38,2,1091,OSLA,-1.0,1.0,RandomPlayerConfig
1294534854,Checkers,0,GAME_OVER,43,42,2,1092,OSLA,-1.0,1.0,RandomPlayerConfig
2020429431,Checkers,0,GAME_OVER,39,38,2,1093,OSLA,-1.0,1.0,RandomPlayerConfig
998569527,Checkers,0,GAME_OVER,45,44,2,1094,OSLA,-1.0,1.0,RandomPlayerConfig
961128877,Checkers,0,GAME_OVER,38,37,2,1095,OSLA,-1.0,1.0,RandomPlayerConfig
-1050355786,Checkers,0,GAME_OVER,40,39,2,1096,OSLA,-1.0,1.0,RandomPlayerConfig
-895702146,Checkers,0,GAME_OVER,37,36,2,1097,OSLA,-1.0,1.0,RandomPlayerConfig
-71859814,Checkers,0,GAME_OVER,40,39,2,1098,OSLA,-1.0,1.0,RandomPlayerConfig
-712256982,Checkers,0,GAME_OVER,35,34,2,1099,OSLA,-1.0,1.0,RandomPlayerConfig
1986892447,Checkers,0,GAME_OVER,45,44,2,1100,OSLA,-1.0,1.0,RandomPlayerConfig
-326441516,Checkers,0,GAME_OVER,46,45,2,1101,OSLA,-1.0,1.0,RandomPlayerConfig
-1467008237,Checkers,0,GAME_OVER,44,43,2,1102,OSLA,-1.0,1.0,RandomPlayerConfig
-717604929,Checkers,0,GAME_OVER,41,40,2,1103,OSLA,-1.0,1.0,RandomPlayerConfig
1289652212,Checkers,0,GAME_OVER,38,37,2,1104,OSLA,-1.0,1.0,RandomPlayerConfig
344141539,Checkers,0,GAME_OVER,42,41,2,1105,OSLA,-1.0,1.0,RandomPlayerConfig
1831034760,Checkers,0,GAME_OVER,38,37,2,1106,OSLA,-1.0,1.0,RandomPlayerConfig
128431294,Checkers,0,GAME_OVER,50,49,2,1107,OSLA,-1.0,1.0,RandomPlayerConfig
-924832703,Checkers,0,GAME_OVER,41,40,2,1108,OSLA,-1.0,1.0,RandomPlayerConfig
1930548090,Checkers,0,GAME_OVER,35,34,2,1109,OSLA,-1.0,1.0,RandomPlayerConfig
-1364937752,Checkers,0,GAME_OVER,46,45,2,1110,OSLA,-1.0,1.0,RandomPlayerConfig
-1757061397,Checkers,0,GAME_OVER,43,42,2,1111,OSLA,-1.0,1.0,RandomPlayerConfig
-958653346,Checkers,0,GAME_OVER,40,39,2,1112,OSLA,-1.0,1.0,RandomPlayerConfig
-40639503,Checkers,0,GAME_OVER,44,43,2,1113,OSLA,-1.0,1.0,RandomPlayerConfig
-1782025089,Checkers,0,GAME_OVER,54,53,2,1114,OSLA,-1.0,1.0,RandomPlayerConfig
413132350,Checkers,0,GAME_OVER,35,34,2,1115,OSLA,-1.0,1.0,RandomPlayerConfig
-718106911,Checkers,0,GAME_OVER,42,41,2,1116,OSLA,-1.0,1.0,RandomPlayerConfig
-749290863,Checkers,0,GAME_OVER,53,52,2,1117,OSLA,-1.0,1.0,RandomPlayerConfig
203580810,Checkers,0,GAME_OVER,43,42,2,1118,OSLA,-1.0,1.0,RandomPlayerConfig
-183657498,Checkers,0,GAME_OVER,37,36,2,1119,OSLA,-1.0,1.0,RandomPlayerConfig
-363796268,Checkers,0,GAME_OVER,45,44,2,1120,OSLA,-1.0,1.0,RandomPlayerConfig
1019151410,Checkers,0,GAME_OVER,45,44,2,1121,OSLA,-1.0,1.0,RandomPlayerConfig
-1598629618,Checkers,0,GAME_OVER,40,39,2,1122,OSLA,-1.0,1.0,RandomPlayerConfig
629630353,Checkers,0,GAME_OVER,47,46,2,1123,OSLA,-1.0,1.0,RandomPlayerConfig
407923111,Checkers,0,GAME_OVER,44,43,2,1124,OSLA,-1.0,1.0,RandomPlayerConfig
-783995100,Checkers,0,GAME_OVER,38,37,2,1125,OSLA,-1.0,1.0,RandomPlayerConfig
1917238756,Checkers,0,GAME_OVER,34,33,2,1126,OSLA,-1.0,1.0,RandomPlayerConfig
-1996021526,Checkers,0,GAME_OVER,52,51,2,1127,OSLA,-1.0,1.0,RandomPlayerConfig
1446978152,Checkers,0,GAME_OVER,49,48,2,1128,OSLA,-1.0,1.0,RandomPlayerConfig
-1248893870,Checkers,0,GAME_OVER,41,40,2,1129,OSLA,-1.0,1.0,RandomPlayerConfig
-614134760,Checkers,0,GAME_OVER,45,44,2,1130,OSLA,-1.0,1.0,RandomPlayerConfig
510278499,Checkers,0,GAME_OVER,46,45,2,1131,OSLA,-1.0,1.0,RandomPlayerConfig
-1700484048,Checkers,0,GAME_OVER,43,42,2,1132,OSLA,-1.0,1.0,RandomPlayerConfig
-321950044,Checkers,0,GAME_OVER,35,34,2,1133,OSLA,-1.0,1.0,RandomPlayerConfig
2105942644,Checkers,0,GAME_OVER,59,58,2,1134,OSLA,-1.0,1.0,RandomPlayerConfig
612336180,Checkers,0,GAME_OVER,34,33,2,1135,OSLA,-1.0,1.0,RandomPlayerConfig
636965344,Checkers,0,GAME_OVER,39,38,2,1136,OSLA,-1.0,1.0,RandomPlayerConfig
-636668763,Checkers,0,GAME_OVER,37,36,2,1137,OSLA,-1.0,1.0,RandomPlayerConfig
-1842419369,Checkers,0,GAME_OVER,39,38,2,1138,OSLA,-1.0,1.0,RandomPlayerConfig
-137138526,Checkers,0,GAME_OVER,42,41,2,1139,OSLA,-1.0,1.0,RandomPlayerConfig
-976379635,Checkers,0,GAME_OVER,39,38,2,1140,OSLA,-1.0,1.0,RandomPlayerConfig
-1653823386,Checkers,0,GAME_OVER,44,43,2,1141,OSLA,-1.0,1.0,RandomPlayerConfig
1433587402,Checkers,0,GAME_OVER,42,41,2,1142,OSLA,-1.0,1.0,RandomPlayerConfig
1430155908,Checkers,0,GAME_OVER,41,40,2,1143,OSLA,-1.0,1.0,RandomPlayerConfig
98801208,Checkers,0,GAME_OVER,36,35,2,1144,OSLA,-1.0,1.0,RandomPlayerConfig
1896370593,Checkers,0,GAME_OVER,44,43,2,1145,OSLA,-1.0,1.0,RandomPlayerConfig
2018308052,Checkers,0,GAME_OVER,37,36,2,1146,OSLA,-1.0,1.0,RandomPlayerConfig
376244482,Checkers,0,GAME_OVER,45,44,2,1147,OSLA,-1.0,1.0,RandomPlayerConfig
566876226,Checkers,0,GAME_OVER,52,51,2,1148,OSLA,-1.0,1.0,RandomPlayerConfig
1726469664,Checkers,0,GAME_OVER,41,40,2,1149,OSLA,-1.0,1.0,RandomPlayerConfig
-179174643,Checkers,0,GAME_OVER,61,60,2,1150,OSLA,-1.0,1.0,RandomPlayerConfig
852594592,Checkers,0,GAME_OVER,45,44,2,1151,OSLA,-1.0,1.0,RandomPlayerConfig
1015592734,Checkers,0,GAME_OVER,40,39,2,1152,OSLA,-1.0,1.0,RandomPlayerConfig
1881941087,Checkers,0,GAME_OVER,42,41,2,1153,OSLA,-1.0,1.0,RandomPlayerConfig
1409144944,Checkers,0,GAME_OVER,51,50,2,1154,OSLA,-1.0,1.0,RandomPlayerConfig
-1209259142,Checkers,0,GAME_OVER,47,46,2,1155,OSLA,-1.0,1.0,RandomPlayerConfig
31973832,Checkers,0,GAME_OVER,36,35,2,1156,OSLA,-1.0,1.0,RandomPlayerConfig
-889117584,Checkers,0,GAME_OVER,36,35,2,1157,OSLA,-1.0,1.0,RandomPlayerConfig
1740145269,Checkers,0,GAME_OVER,42,41,2,1158,OSLA,-1.0,1.0,RandomPlayerConfig
-137019695,Checkers,0,GAME_OVER,45,44,2,1159,OSLA,-1.0,1.0,RandomPlayerConfig
-1431894155,Checkers,0,GAME_OVER,49,48,2,1160,OSLA,-1.0,1.0,RandomPlayerConfig
1669272350,Checkers,0,GAME_OVER,44,43,2,1161,OSLA,-1.0,1.0,RandomPlayerConfig
1155300447,Checkers,0,GAME_OVER,42,41,2,1162,OSLA,-1.0,1.0,RandomPlayerConfig
-1866779963,Checkers,0,GAME_OVER,60,59,2,1163,OSLA,-1.0,1.0,RandomPlayerConfig
688052235,Checkers,0,GAME_OVER,37,36,2,1164,OSLA,-1.0,1.0,RandomPlayerConfig
1235479381,Checkers,0,GAME_OVER,50,49,2,1165,OSLA,-1.0,1.0,RandomPlayerConfig
1892180434,Checkers,0,GAME_OVER,46,45,2,1166,OSLA,-1.0,1.0,RandomPlayerConfig
1674352996,Checkers,0,GAME_OVER,42,41,2,1167,OSLA,-1.0,1.0,RandomPlayerConfig
2024085458,Checkers,0,GAME_OVER,47,46,2,1168,OSLA,-1.0,1.0,RandomPlayerConfig
-1372618303,Checkers,0,GAME_OVER,41,40,2,1169,OSLA,-1.0,1.0,RandomPlayerConfig
-6550616,Checkers,0,GAME_OVER,43,42,2,1170,OSLA,-1.0,1.0,RandomPlayerConfig
-1844188190,Checkers,0,GAME_OVER,42,41,2,1171,OSLA,-1.0,1.0,RandomPlayerConfig
332773996,Checkers,0,GAME_OVER,38,37,2,1172,OSLA,-1.0,1.0,RandomPlayerConfig
1471362740,Checkers,0,GAME_OVER,43,42,2,1173,OSLA,-1.0,1.0,RandomPlayerConfig
1005200900,Checkers,0,GAME_OVER,53,52,2,1174,OSLA,-1.0,1.0,RandomPlayerConfig
576350506,Checkers,0,GAME_OVER,37,36,2,1175,OSLA,-1.0,1.0,RandomPlayerConfig
44972290,Checkers,0,GAME_OVER,41,40,2,1176,OSLA,-1.0,1.0,RandomPlayerConfig
-892313012,Checkers,0,GAME_OVER,32,31,2,1177,OSLA,-1.0,1.0,RandomPlayerConfig
-945515610,Checkers,0,GAME_OVER,37,36,2,1178,OSLA,-1.0,1.0,RandomPlayerConfig
-797189995,Checkers,0,GAME_OVER,42,41,2,1179,OSLA,-1.0,1.0,RandomPlayerConfig
-412117056,Checkers,0,GAME_OVER,37,36,2,1180,OSLA,-1.0,1.0,RandomPlayerConfig
1924062932,Checkers,0,GAME_OVER,45,44,2,1181,OSLA,-1.0,1.0,RandomPlayerConfig
-1558498688,Checkers,0,GAME_OVER,75,74,2,1182,OSLA,-1.0,1.0,RandomPlayerConfig
2095920376,Checkers,0,GAME_OVER,38,37,2,1183,OSLA,-1.0,1.0,RandomPlayerConfig
-1741762942,Checkers,0,GAME_OVER,40,39,2,1184,OSLA,-1.0,1.0,RandomPlayerConfig
-1821944470,Checkers,0,GAME_OVER,45,44,2,1185,OSLA,-1.0,1.0,RandomPlayerConfig
-1001794166,Checkers,0,GAME_OVER,36,35,2,1186,OSLA,-1.0,1.0,RandomPlayerConfig
-824933404,Checkers,0,GAME_OVER,48,47,2,1187,OSLA,-1.0,1.0,RandomPlayerConfig
-116225841,Checkers,0,GAME_OVER,40,39,2,1188,OSLA,-1.0,1.0,RandomPlayerConfig
1035153634,Checkers,0,GAME_OVER,43,42,2,1189,OSLA,-1.0,1.0,RandomPlayerConfig
-1892972590,Checkers,0,GAME_OVER,44,43,2,1190,OSLA,-1.0,1.0,RandomPlayerConfig
1815108904,Checkers,0,GAME_OVER,40,39,2,1191,OSLA,-1.0,1.0,RandomPlayerConfig
-828870395,Checkers,0,GAME_OVER,56,55,2,1192,OSLA,-1.0,1.0,RandomPlayerConfig
-2081531158,Checkers,0,GAME_OVER,43,42,2,1193,OSLA,-1.0,1.0,RandomPlayerConfig
-1936298794,Checkers,0,GAME_OVER,35,34,2,1194,OSLA,-1.0,1.0,RandomPlayerConfig
108127898,Checkers,0,GAME_OVER,33,32,2,1195,OSLA,-1.0,1.0,RandomPlayerConfig
-2079884586,Checkers,0,GAME_OVER,44,43,2,1196,OSLA,-1.0,1.0,RandomPlayerConfig
-493541522,Checkers,0,GAME_OVER,45,44,2,1197,OSLA,-1.0,1.0,RandomPlayerConfig
-1048260075,Checkers,0,GAME_OVER,40,39,2,1198,OSLA,-1.0,1.0,RandomPlayerConfig
-1227601898,Checkers,0,GAME_OVER,39,38,2,1199,OSLA,-1.0,1.0,RandomPlayerConfig
2056773874,Checkers,0,GAME_OVER,39,38,2,1200,OSLA,-1.0,1.0,RandomPlayerConfig
-601157059,Checkers,0,GAME_OVER,42,41,2,1201,OSLA,-1.0,1.0,RandomPlayerConfig
1017260225,Checkers,0,GAME_OVER,40,39,2,1202,RandomPlayerConfig,1.0,-1.0,MCTS_CheckersHeuristic
-998926163,Checkers,0,GAME_OVER,47,46,2,1203,RandomPlayerConfig,1.0,-1.0,MCTS_CheckersHeuristic
-1283026673,Checkers,0,GAME_OVER,51,50,2,1204,RandomPlayerConfig,1.0,-1.0,MCTS_CheckersHeuristic
-914035881,Checkers,0,GAME_OVER,47,46,2,1205,RandomPlayerConfig,1.0,-1.0,MCTS_CheckersHeuristic
1392166865,Checkers,0,GAME_OVER,45,44,2,1206,RandomPlayerConfig,1.0,-1.0,MCTS_CheckersHeuristic
-984713997,Checkers,0,GAME_OVER,41,40,2,1207,RandomPlayerConfig,1.0,-1.0,MCTS_CheckersHeuristic
1401968321,Checkers,0,GAME_OVER,43,42,2,1208,RandomPlayerConfig,1.0,-1.0,MCTS_CheckersHeuristic
1375112552,Checkers,0,GAME_OVER,36,35,2,1209,RandomPlayerConfig,1.0,-1.0,MCTS_CheckersHeuristic
-1262434534,Checkers,0,GAME_OVER,40,39,2,1210,RandomPlayerConfig,1.0,-1.0,MCTS_CheckersHeuristic
-1381155222,Checkers,0,GAME_OVER,41,40,2,1211,RandomPlayerConfig,1.0,-1.0,MCTS_CheckersHeuristic
-1480604482,Checkers,0,GAME_OVER,45,44,2,1212,RandomPlayerConfig,1.0,-1.0,MCTS_CheckersHeuristic
-840827977,Checkers,0,GAME_OVER,49,48,2,1213,RandomPlayerConfig,1.0,-1.0,MCTS_CheckersHeuristic
-1651020227,Checkers,0,GAME_OVER,48,47,2,1214,RandomPlayerConfig,1.0,-1.0,MCTS_CheckersHeuristic
-1337418593,Checkers,0,GAME_OVER,50,49,2,1215,RandomPlayerConfig,1.0,-1.0,MCTS_CheckersHeuristic
626067167,Checkers,0,GAME_OVER,39,38,2,1216,RandomPlayerConfig,1.0,-1.0,MCTS_CheckersHeuristic
43972217,Checkers,0,GAME_OVER,42,41,2,1217,RandomPlayerConfig,1.0,-1.0,MCTS_CheckersHeuristic
652653912,Checkers,0,GAME_OVER,47,46,2,1218,RandomPlayerConfig,1.0,-1.0,MCTS_CheckersHeuristic
-1273109515,Checkers,0,GAME_OVER,46,45,2,1219,RandomPlayerConfig,1.0,-1.0,MCTS_CheckersHeuristic
638161115,Checkers,0,GAME_OVER,47,46,2,1220,RandomPlayerConfig,1.0,-1.0,MCTS_CheckersHeuristic
1977248622,Checkers,0,GAME_OVER,39,38,2,1221,RandomPlayerConfig,1.0,-1.0,MCTS_CheckersHeuristic
1877723035,Checkers,0,GAME_OVER,52,51,2,1222,RandomPlayerConfig,1.0,-1.0,MCTS_CheckersHeuristic
-247880027,Checkers,0,GAME_OVER,48,47,2,1223,RandomPlayerConfig,1.0,-1.0,MCTS_CheckersHeuristic
60257536,Checkers,0,GAME_OVER,42,41,2,1224,RandomPlayerConfig,1.0,-1.0,MCTS_CheckersHeuristic
-1023141750,Checkers,0,GAME_OVER,44,43,2,1225,RandomPlayerConfig,1.0,-1.0,MCTS_CheckersHeuristic
-1531536613,Checkers,0,GAME_OVER,47,46,2,1226,RandomPlayerConfig,1.0,-1.0,MCTS_CheckersHeuristic
-1870015994,Checkers,0,GAME_OVER,42,41,2,1227,RandomPlayerConfig,1.0,-1.0,MCTS_CheckersHeuristic
-587009505,Checkers,0,GAME_OVER,55,54,2,1228,RandomPlayerConfig,1.0,-1.0,MCTS_CheckersHeuristic
656487640,Checkers,0,GAME_OVER,42,41,2,1229,RandomPlayerConfig,1.0,-1.0,MCTS_CheckersHeuristic
885567973,Checkers,0,GAME_OVER,39,38,2,1230,RandomPlayerConfig,1.0,-1.0,MCTS_CheckersHeuristic
-446833650,Checkers,0,GAME_OVER,35,34,2,1231,RandomPlayerConfig,1.0,-1.0,MCTS_CheckersHeuristic
-1462342457,Checkers,0,GAME_OVER,43,42,2,1232,RandomPlayerConfig,1.0,-1.0,MCTS_CheckersHeuristic
-106544229,Checkers,0,GAME_OVER,55,54,2,1233,RandomPlayerConfig,1.0,-1.0,MCTS_CheckersHeuristic
-659138474,Checkers,0,GAME_OVER,36,35,2,1234,RandomPlayerConfig,1.0,-1.0,MCTS_CheckersHeuristic
-25311976,Checkers,0,GAME_OVER,53,52,2,1235,RandomPlayerConfig,1.0,-1.0,MCTS_CheckersHeuristic
1076905910,Checkers,0,GAME_OVER,41,40,2,1236,RandomPlayerConfig,1.0,-1.0,MCTS_CheckersHeuristic
-1904708170,Checkers,0,GAME_OVER,44,43,2,1237,RandomPlayerConfig,1.0,-1.0,MCTS_CheckersHeuristic
-1972570966,Checkers,0,GAME_OVER,42,41,2,1238,RandomPlayerConfig,1.0,-1.0,MCTS_CheckersHeuristic
1007219174,Checkers,0,GAME_OVER,44,43,2,1239,RandomPlayerConfig,1.0,-1.0,MCTS_CheckersHeuristic
-634040436,Checkers,0,GAME_OVER,44,43,2,1240,RandomPlayerConfig,1.0,-1.0,MCTS_CheckersHeuristic
-195478195,Checkers,0,GAME_OVER,29,28,2,1241,RandomPlayerConfig,1.0,-1.0,MCTS_CheckersHeuristic
-1831453742,Checkers,0,GAME_OVER,36,35,2,1242,RandomPlayerConfig,1.0,-1.0,MCTS_CheckersHeuristic
1255809514,Checkers,0,GAME_OVER,44,43,2,1243,RandomPlayerConfig,1.0,-1.0,MCTS_CheckersHeuristic
-476992062,Checkers,0,GAME_OVER,40,39,2,1244,RandomPlayerConfig,1.0,-1.0,MCTS_CheckersHeuristic
570750891,Checkers,0,GAME_OVER,46,45,2,1245,RandomPlayerConfig,1.0,-1.0,MCTS_CheckersHeuristic
-1564909687,Checkers,0,GAME_OVER,44,43,2,1246,RandomPlayerConfig,1.0,-1.0,MCTS_CheckersHeuristic
-566360639,Checkers,0,GAME_OVER,43,42,2,1247,RandomPlayerConfig,1.0,-1.0,MCTS_CheckersHeuristic
1445041881,Checkers,0,GAME_OVER,42,41,2,1248,RandomPlayerConfig,1.0,-1.0,MCTS_CheckersHeuristic
-2055745179,Checkers,0,GAME_OVER,39,38,2,1249,RandomPlayerConfig,1.0,-1.0,MCTS_CheckersHeuristic
1094224296,Checkers,0,GAME_OVER,42,41,2,1250,RandomPlayerConfig,1.0,-1.0,MCTS_CheckersHeuristic
27146751,Checkers,0,GAME_OVER,42,41,2,1251,RandomPlayerConfig,1.0,-1.0,MCTS_CheckersHeuristic
1085941718,Checkers,0,GAME_OVER,35,34,2,1252,RandomPlayerConfig,1.0,-1.0,MCTS_CheckersHeuristic
173689024,Checkers,0,GAME_OVER,39,38,2,1253,RandomPlayerConfig,1.0,-1.0,MCTS_CheckersHeuristic
-245745479,Checkers,0,GAME_OVER,35,34,2,1254,RandomPlayerConfig,1.0,-1.0,MCTS_CheckersHeuristic
765110833,Checkers,0,GAME_OVER,49,48,2,1255,RandomPlayerConfig,1.0,-1.0,MCTS_CheckersHeuristic
1369319149,Checkers,0,GAME_OVER,41,40,2,1256,RandomPlayerConfig,1.0,-1.0,MCTS_CheckersHeuristic
-1329008049,Checkers,0,GAME_OVER,42,41,2,1257,RandomPlayerConfig,1.0,-1.0,MCTS_CheckersHeuristic
1593004491,Checkers,0,GAME_OVER,45,44,2,1258,RandomPlayerConfig,1.0,-1.0,MCTS_CheckersHeuristic
-81289185,Checkers,0,GAME_OVER,39,38,2,1259,RandomPlayerConfig,1.0,-1.0,MCTS_CheckersHeuristic
649173883,Checkers,0,GAME_OVER,49,48,2,1260,RandomPlayerConfig,1.0,-1.0,MCTS_CheckersHeuristic
-1161731104,Checkers,0,GAME_OVER,41,40,2,1261,RandomPlayerConfig,1.0,-1.0,MCTS_CheckersHeuristic
-750781564,Checkers,0,GAME_OVER,42,41,2,1262,RandomPlayerConfig,1.0,-1.0,MCTS_CheckersHeuristic
1810301777,Checkers,0,GAME_OVER,39,38,2,1263,RandomPlayerConfig,1.0,-1.0,MCTS_CheckersHeuristic
1346007353,Checkers,0,GAME_OVER,49,48,2,1264,RandomPlayerConfig,1.0,-1.0,MCTS_CheckersHeuristic
1991797145,Checkers,0,GAME_OVER,46,45,2,1265,RandomPlayerConfig,1.0,-1.0,MCTS_CheckersHeuristic
-1614375300,Checkers,0,GAME_OVER,50,49,2,1266,RandomPlayerConfig,1.0,-1.0,MCTS_CheckersHeuristic
492276948,Checkers,0,GAME_OVER,35,34,2,1267,RandomPlayerConfig,1.0,-1.0,MCTS_CheckersHeuristic
892050094,Checkers,0,GAME_OVER,32,31,2,1268,RandomPlayerConfig,1.0,-1.0,MCTS_CheckersHeuristic
1333520733,Checkers,0,GAME_OVER,37,36,2,1269,RandomPlayerConfig,1.0,-1.0,MCTS_CheckersHeuristic
738289352,Checkers,0,GAME_OVER,38,37,2,1270,RandomPlayerConfig,1.0,-1.0,MCTS_CheckersHeuristic
886895421,Checkers,0,GAME_OVER,40,39,2,1271,RandomPlayerConfig,1.0,-1.0,MCTS_CheckersHeuristic
-170170651,Checkers,0,GAME_OVER,46,45,2,1272,RandomPlayerConfig,1.0,-1.0,MCTS_CheckersHeuristic
1053104243,Checkers,0,GAME_OVER,33,32,2,1273,RandomPlayerConfig,1.0,-1.0,MCTS_CheckersHeuristic
-989805868,Checkers,0,GAME_OVER,42,41,2,1274,RandomPlayerConfig,1.0,-1.0,MCTS_CheckersHeuristic
-2125442322,Checkers,0,GAME_OVER,54,53,2,1275,RandomPlayerConfig,1.0,-1.0,MCTS_CheckersHeuristic
-1965228448,Checkers,0,GAME_OVER,62,61,2,1276,RandomPlayerConfig,1.0,-1.0,MCTS_CheckersHeuristic
520480617,Checkers,0,GAME_OVER,51,50,2,1277,RandomPlayerConfig,1.0,-1.0,MCTS_CheckersHeuristic
788585333,Checkers,0,GAME_OVER,42,41,2,1278,RandomPlayerConfig,1.0,-1.0,MCTS_CheckersHeuristic
-738699625,Checkers,0,GAME_OVER,43,42,2,1279,RandomPlayerConfig,1.0,-1.0,MCTS_CheckersHeuristic
1824537420,Checkers,0,GAME_OVER,37,36,2,1280,RandomPlayerConfig,1.0,-1.0,MCTS_CheckersHeuristic
-599341002,Checkers,0,GAME_OVER,41,40,2,1281,RandomPlayerConfig,1.0,-1.0,MCTS_CheckersHeuristic
-1794412227,Checkers,0,GAME_OVER,40,39,2,1282,RandomPlayerConfig,1.0,-1.0,MCTS_CheckersHeuristic
1388110847,Checkers,0,GAME_OVER,42,41,2,1283,RandomPlayerConfig,1.0,-1.0,MCTS_CheckersHeuristic
1039814901,Checkers,0,GAME_OVER,45,44,2,1284,RandomPlayerConfig,1.0,-1.0,MCTS_CheckersHeuristic
-912772450,Checkers,0,GAME_OVER,46,45,2,1285,RandomPlayerConfig,1.0,-1.0,MCTS_CheckersHeuristic
-1418786031,Checkers,0,GAME_OVER,59,58,2,1286,RandomPlayerConfig,1.0,-1.0,MCTS_CheckersHeuristic
-396209916,Checkers,0,GAME_OVER,41,40,2,1287,RandomPlayerConfig,1.0,-1.0,MCTS_CheckersHeuristic
493680251,Checkers,0,GAME_OVER,44,43,2,1288,RandomPlayerConfig,1.0,-1.0,MCTS_CheckersHeuristic
-1427272998,Checkers,0,GAME_OVER,39,38,2,1289,RandomPlayerConfig,1.0,-1.0,MCTS_CheckersHeuristic
1683653113,Checkers,0,GAME_OVER,53,52,2,1290,RandomPlayerConfig,1.0,-1.0,MCTS_CheckersHeuristic
-1445698336,Checkers,0,GAME_OVER,46,45,2,1291,RandomPlayerConfig,1.0,-1.0,MCTS_CheckersHeuristic
1294534854,Checkers,0,GAME_OVER,31,30,2,1292,RandomPlayerConfig,1.0,-1.0,MCTS_CheckersHeuristic
2020429431,Checkers,0,GAME_OVER,48,47,2,1293,RandomPlayerConfig,1.0,-1.0,MCTS_CheckersHeuristic
998569527,Checkers,0,GAME_OVER,41,40,2,1294,RandomPlayerConfig,1.0,-1.0,MCTS_CheckersHeuristic
961128877,Checkers,0,GAME_OVER,43,42,2,1295,RandomPlayerConfig,1.0,-1.0,MCTS_CheckersHeuristic
-1050355786,Checkers,0,GAME_OVER,41,40,2,1296,RandomPlayerConfig,1.0,-1.0,MCTS_CheckersHeuristic
-895702146,Checkers,0,GAME_OVER,43,42,2,1297,RandomPlayerConfig,1.0,-1.0,MCTS_CheckersHeuristic
-71859814,Checkers,0,GAME_OVER,43,42,2,1298,RandomPlayerConfig,1.0,-1.0,MCTS_CheckersHeuristic
-712256982,Checkers,0,GAME_OVER,44,43,2,1299,RandomPlayerConfig,1.0,-1.0,MCTS_CheckersHeuristic
1986892447,Checkers,0,GAME_OVER,41,40,2,1300,RandomPlayerConfig,1.0,-1.0,MCTS_CheckersHeuristic
-326441516,Checkers,0,GAME_OVER,41,40,2,1301,RandomPlayerConfig,1.0,-1.0,MCTS_CheckersHeuristic
-1467008237,Checkers,0,GAME_OVER,45,44,2,1302,RandomPlayerConfig,1.0,-1.0,MCTS_CheckersHeuristic
-717604929,Checkers,0,GAME_OVER,35,34,2,1303,RandomPlayerConfig,1.0,-1.0,MCTS_CheckersHeuristic
1289652212,Checkers,0,GAME_OVER,48,47,2,1304,RandomPlayerConfig,1.0,-1.0,MCTS_CheckersHeuristic
344141539,Checkers,0,GAME_OVER,36,35,2,1305,RandomPlayerConfig,1.0,-1.0,MCTS_CheckersHeuristic
1831034760,Checkers,0,GAME_OVER,45,44,2,1306,RandomPlayerConfig,1.0,-1.0,MCTS_CheckersHeuristic
128431294,Checkers,0,GAME_OVER,42,41,2,1307,RandomPlayerConfig,1.0,-1.0,MCTS_CheckersHeuristic
-924832703,Checkers,0,GAME_OVER,37,36,2,1308,RandomPlayerConfig,1.0,-1.0,MCTS_CheckersHeuristic
1930548090,Checkers,0,GAME_OVER,40,39,2,1309,RandomPlayerConfig,1.0,-1.0,MCTS_CheckersHeuristic
-1364937752,Checkers,0,GAME_OVER,41,40,2,1310,RandomPlayerConfig,1.0,-1.0,MCTS_CheckersHeuristic
-1757061397,Checkers,0,GAME_OVER,45,44,2,1311,RandomPlayerConfig,1.0,-1.0,MCTS_CheckersHeuristic
-958653346,Checkers,0,GAME_OVER,39,38,2,1312,RandomPlayerConfig,1.0,-1.0,MCTS_CheckersHeuristic
-40639503,Checkers,0,GAME_OVER,40,39,2,1313,RandomPlayerConfig,1.0,-1.0,MCTS_CheckersHeuristic
-1782025089,Checkers,0,GAME_OVER,44,43,2,1314,RandomPlayerConfig,1.0,-1.0,MCTS_CheckersHeuristic
413132350,Checkers,0,GAME_OVER,38,37,2,1315,RandomPlayerConfig,1.0,-1.0,MCTS_CheckersHeuristic
-718106911,Checkers,0,GAME_OVER,49,48,2,1316,RandomPlayerConfig,1.0,-1.0,MCTS_CheckersHeuristic
-749290863,Checkers,0,GAME_OVER,43,42,2,1317,RandomPlayerConfig,1.0,-1.0,MCTS_CheckersHeuristic
203580810,Checkers,0,GAME_OVER,44,43,2,1318,RandomPlayerConfig,1.0,-1.0,MCTS_CheckersHeuristic
-183657498,Checkers,0,GAME_OVER,40,39,2,1319,RandomPlayerConfig,1.0,-1.0,MCTS_CheckersHeuristic
-363796268,Checkers,0,GAME_OVER,46,45,2,1320,RandomPlayerConfig,1.0,-1.0,MCTS_CheckersHeuristic
1019151410,Checkers,0,GAME_OVER,39,38,2,1321,RandomPlayerConfig,1.0,-1.0,MCTS_CheckersHeuristic
-1598629618,Checkers,0,GAME_OVER,47,46,2,1322,RandomPlayerConfig,1.0,-1.0,MCTS_CheckersHeuristic
629630353,Checkers,0,GAME_OVER,33,32,2,1323,RandomPlayerConfig,1.0,-1.0,MCTS_CheckersHeuristic
407923111,Checkers,0,GAME_OVER,41,40,2,1324,RandomPlayerConfig,1.0,-1.0,MCTS_CheckersHeuristic
-783995100,Checkers,0,GAME_OVER,45,44,2,1325,RandomPlayerConfig,1.0,-1.0,MCTS_CheckersHeuristic
1917238756,Checkers,0,GAME_OVER,46,45,2,1326,RandomPlayerConfig,1.0,-1.0,MCTS_CheckersHeuristic
-1996021526,Checkers,0,GAME_OVER,50,49,2,1327,RandomPlayerConfig,1.0,-1.0,MCTS_CheckersHeuristic
1446978152,Checkers,0,GAME_OVER,48,47,2,1328,RandomPlayerConfig,1.0,-1.0,MCTS_CheckersHeuristic
-1248893870,Checkers,0,GAME_OVER,40,39,2,1329,RandomPlayerConfig,1.0,-1.0,MCTS_CheckersHeuristic
-614134760,Checkers,0,GAME_OVER,36,35,2,1330,RandomPlayerConfig,1.0,-1.0,MCTS_CheckersHeuristic
510278499,Checkers,0,GAME_OVER,35,34,2,1331,RandomPlayerConfig,1.0,-1.0,MCTS_CheckersHeuristic
-1700484048,Checkers,0,GAME_OVER,45,44,2,1332,RandomPlayerConfig,1.0,-1.0,MCTS_CheckersHeuristic
-321950044,Checkers,0,GAME_OVER,41,40,2,1333,RandomPlayerConfig,1.0,-1.0,MCTS_CheckersHeuristic
2105942644,Checkers,0,GAME_OVER,43,42,2,1334,RandomPlayerConfig,1.0,-1.0,MCTS_CheckersHeuristic
612336180,Checkers,0,GAME_OVER,48,47,2,1335,RandomPlayerConfig,1.0,-1.0,MCTS_CheckersHeuristic
636965344,Checkers,0,GAME_OVER,49,48,2,1336,RandomPlayerConfig,1.0,-1.0,MCTS_CheckersHeuristic
-636668763,Checkers,0,GAME_OVER,44,43,2,1337,RandomPlayerConfig,1.0,-1.0,MCTS_CheckersHeuristic
-1842419369,Checkers,0,GAME_OVER,43,42,2,1338,RandomPlayerConfig,1.0,-1.0,MCTS_CheckersHeuristic
-137138526,Checkers,0,GAME_OVER,41,40,2,1339,RandomPlayerConfig,1.0,-1.0,MCTS_CheckersHeuristic
-976379635,Checkers,0,GAME_OVER,48,47,2,1340,RandomPlayerConfig,1.0,-1.0,MCTS_CheckersHeuristic
-1653823386,Checkers,0,GAME_OVER,43,42,2,1341,RandomPlayerConfig,1.0,-1.0,MCTS_CheckersHeuristic
1433587402,Checkers,0,GAME_OVER,46,45,2,1342,RandomPlayerConfig,1.0,-1.0,MCTS_CheckersHeuristic
1430155908,Checkers,0,GAME_OVER,42,41,2,1343,RandomPlayerConfig,1.0,-1.0,MCTS_CheckersHeuristic
98801208,Checkers,0,GAME_OVER,45,44,2,1344,RandomPlayerConfig,1.0,-1.0,MCTS_CheckersHeuristic
1896370593,Checkers,0,GAME_OVER,34,33,2,1345,RandomPlayerConfig,1.0,-1.0,MCTS_CheckersHeuristic
2018308052,Checkers,0,GAME_OVER,44,43,2,1346,RandomPlayerConfig,1.0,-1.0,MCTS_CheckersHeuristic
376244482,Checkers,0,GAME_OVER,42,41,2,1347,RandomPlayerConfig,1.0,-1.0,MCTS_CheckersHeuristic
566876226,Checkers,0,GAME_OVER,49,48,2,1348,RandomPlayerConfig,1.0,-1.0,MCTS_CheckersHeuristic
1726469664,Checkers,0,GAME_OVER,42,41,2,1349,RandomPlayerConfig,1.0,-1.0,MCTS_CheckersHeuristic
-179174643,Checkers,0,GAME_OVER,38,37,2,1350,RandomPlayerConfig,1.0,-1.0,MCTS_CheckersHeuristic
852594592,Checkers,0,GAME_OVER,39,38,2,1351,RandomPlayerConfig,1.0,-1.0,MCTS_CheckersHeuristic
1015592734,Checkers,0,GAME_OVER,38,37,2,1352,RandomPlayerConfig,1.0,-1.0,MCTS_CheckersHeuristic
1881941087,Checkers,0,GAME_OVER,49,48,2,1353,RandomPlayerConfig,1.0,-1.0,MCTS_CheckersHeuristic
1409144944,Checkers,0,GAME_OVER,43,42,2,1354,RandomPlayerConfig,1.0,-1.0,MCTS_CheckersHeuristic
-1209259142,Checkers,0,GAME_OVER,41,40,2,1355,RandomPlayerConfig,1.0,-1.0,MCTS_CheckersHeuristic
31973832,Checkers,0,GAME_OVER,51,50,2,1356,RandomPlayerConfig,1.0,-1.0,MCTS_CheckersHeuristic
-889117584,Checkers,0,GAME_OVER,42,41,2,1357,RandomPlayerConfig,1.0,-1.0,MCTS_CheckersHeuristic
1740145269,Checkers,0,GAME_OVER,46,45,2,1358,RandomPlayerConfig,1.0,-1.0,MCTS_CheckersHeuristic
-137019695,Checkers,0,GAME_OVER,46,45,2,1359,RandomPlayerConfig,1.0,-1.0,MCTS_CheckersHeuristic
-1431894155,Checkers,0,GAME_OVER,48,47,2,1360,RandomPlayerConfig,1.0,-1.0,MCTS_CheckersHeuristic
1669272350,Checkers,0,GAME_OVER,36,35,2,1361,RandomPlayerConfig,1.0,-1.0,MCTS_CheckersHeuristic
1155300447,Checkers,0,GAME_OVER,41,40,2,1362,RandomPlayerConfig,1.0,-1.0,MCTS_CheckersHeuristic
-1866779963,Checkers,0,GAME_OVER,42,41,2,1363,RandomPlayerConfig,1.0,-1.0,MCTS_CheckersHeuristic
688052235,Checkers,0,GAME_OVER,41,40,2,1364,RandomPlayerConfig,1.0,-1.0,MCTS_CheckersHeuristic
1235479381,Checkers,0,GAME_OVER,49,48,2,1365,RandomPlayerConfig,1.0,-1.0,MCTS_CheckersHeuristic
1892180434,Checkers,0,GAME_OVER,45,44,2,1366,RandomPlayerConfig,1.0,-1.0,MCTS_CheckersHeuristic
1674352996,Checkers,0,GAME_OVER,41,40,2,1367,RandomPlayerConfig,1.0,-1.0,MCTS_CheckersHeuristic
2024085458,Checkers,0,GAME_OVER,38,37,2,1368,RandomPlayerConfig,1.0,-1.0,MCTS_CheckersHeuristic
-1372618303,Checkers,0,GAME_OVER,45,44,2,1369,RandomPlayerConfig,1.0,-1.0,MCTS_CheckersHeuristic
-6550616,Checkers,0,GAME_OVER,39,38,2,1370,RandomPlayerConfig,1.0,-1.0,MCTS_CheckersHeuristic
-1844188190,Checkers,0,GAME_OVER,41,40,2,1371,RandomPlayerConfig,1.0,-1.0,MCTS_CheckersHeuristic
332773996,Checkers,0,GAME_OVER,40,39,2,1372,RandomPlayerConfig,1.0,-1.0,MCTS_CheckersHeuristic
1471362740,Checkers,0,GAME_OVER,41,40,2,1373,RandomPlayerConfig,1.0,-1.0,MCTS_CheckersHeuristic
1005200900,Checkers,0,GAME_OVER,45,44,2,1374,RandomPlayerConfig,1.0,-1.0,MCTS_CheckersHeuristic
576350506,Checkers,0,GAME_OVER,33,32,2,1375,RandomPlayerConfig,1.0,-1.0,MCTS_CheckersHeuristic
44972290,Checkers,0,GAME_OVER,45,44,2,1376,RandomPlayerConfig,1.0,-1.0,MCTS_CheckersHeuristic
-892313012,Checkers,0,GAME_OVER,30,29,2,1377,RandomPlayerConfig,1.0,-1.0,MCTS_CheckersHeuristic
-945515610,Checkers,0,GAME_OVER,41,40,2,1378,RandomPlayerConfig,1.0,-1.0,MCTS_CheckersHeuristic
-797189995,Checkers,0,GAME_OVER,41,40,2,1379,RandomPlayerConfig,1.0,-1.0,MCTS_CheckersHeuristic
-412117056,Checkers,0,GAME_OVER,44,43,2,1380,RandomPlayerConfig,1.0,-1.0,MCTS_CheckersHeuristic
1924062932,Checkers,0,GAME_OVER,46,45,2,1381,RandomPlayerConfig,1.0,-1.0,MCTS_CheckersHeuristic
-1558498688,Checkers,0,GAME_OVER,36,35,2,1382,RandomPlayerConfig,1.0,-1.0,MCTS_CheckersHeuristic
2095920376,Checkers,0,GAME_OVER,45,44,2,1383,RandomPlayerConfig,1.0,-1.0,MCTS_CheckersHeuristic
-1741762942,Checkers,0,GAME_OVER,53,52,2,1384,RandomPlayerConfig,1.0,-1.0,MCTS_CheckersHeuristic
-1821944470,Checkers,0,GAME_OVER,49,48,2,1385,RandomPlayerConfig,1.0,-1.0,MCTS_CheckersHeuristic
-1001794166,Checkers,0,GAME_OVER,41,40,2,1386,RandomPlayerConfig,1.0,-1.0,MCTS_CheckersHeuristic
-824933404,Checkers,0,GAME_OVER,41,40,2,1387,RandomPlayerConfig,1.0,-1.0,MCTS_CheckersHeuristic
-116225841,Checkers,0,GAME_OVER,46,45,2,1388,RandomPlayerConfig,1.0,-1.0,MCTS_CheckersHeuristic
1035153634,Checkers,0,GAME_OVER,44,43,2,1389,RandomPlayerConfig,1.0,-1.0,MCTS_CheckersHeuristic
-1892972590,Checkers,0,GAME_OVER,34,33,2,1390,RandomPlayerConfig,1.0,-1.0,MCTS_CheckersHeuristic
1815108904,Checkers,0,GAME_OVER,38,37,2,1391,RandomPlayerConfig,1.0,-1.0,MCTS_CheckersHeuristic
-828870395,Checkers,0,GAME_OVER,54,53,2,1392,RandomPlayerConfig,1.0,-1.0,MCTS_CheckersHeuristic
-2081531158,Checkers,0,GAME_OVER,37,36,2,1393,RandomPlayerConfig,1.0,-1.0,MCTS_CheckersHeuristic
-1936298794,Checkers,0,GAME_OVER,43,42,2,1394,RandomPlayerConfig,1.0,-1.0,MCTS_CheckersHeuristic
108127898,Checkers,0,GAME_OVER,44,43,2,1395,RandomPlayerConfig,1.0,-1.0,MCTS_CheckersHeuristic
-2079884586,Checkers,0,GAME_OVER,45,44,2,1396,RandomPlayerConfig,1.0,-1.0,MCTS_CheckersHeuristic
-493541522,Checkers,0,GAME_OVER,47,46,2,1397,RandomPlayerConfig,1.0,-1.0,MCTS_CheckersHeuristic
-1048260075,Checkers,0,GAME_OVER,44,43,2,1398,RandomPlayerConfig,1.0,-1.0,MCTS_CheckersHeuristic
-1227601898,Checkers,0,GAME_OVER,51,50,2,1399,RandomPlayerConfig,1.0,-1.0,MCTS_CheckersHeuristic
2056773874,Checkers,0,GAME_OVER,35,34,2,1400,RandomPlayerConfig,1.0,-1.0,MCTS_CheckersHeuristic
-601157059,Checkers,0,GAME_OVER,41,40,2,1401,RandomPlayerConfig,1.0,-1.0,MCTS_CheckersHeuristic
1017260225,Checkers,0,GAME_OVER,37,36,2,1402,RandomPlayerConfig,1.0,-1.0,OSLA
-998926163,Checkers,0,GAME_OVER,47,46,2,1403,RandomPlayerConfig,1.0,-1.0,OSLA
-1283026673,Checkers,0,GAME_OVER,38,37,2,1404,RandomPlayerConfig,1.0,-1.0,OSLA
-914035881,Checkers,0,GAME_OVER,36,35,2,1405,RandomPlayerConfig,1.0,-1.0,OSLA
1392166865,Checkers,0,GAME_OVER,43,42,2,1406,RandomPlayerConfig,1.0,-1.0,OSLA
-984713997,Checkers,0,GAME_OVER,33,32,2,1407,RandomPlayerConfig,1.0,-1.0,OSLA
1401968321,Checkers,0,GAME_OVER,39,38,2,1408,RandomPlayerConfig,1.0,-1.0,OSLA
1375112552,Checkers,0,GAME_OVER,41,40,2,1409,RandomPlayerConfig,1.0,-1.0,OSLA
-1262434534,Checkers,0,GAME_OVER,42,41,2,1410,RandomPlayerConfig,1.0,-1.0,OSLA
-1381155222,Checkers,0,GAME_OVER,41,40,2,1411,RandomPlayerConfig,1.0,-1.0,OSLA
-1480604482,Checkers,0,GAME_OVER,34,33,2,1412,RandomPlayerConfig,1.0,-1.0,OSLA
-840827977,Checkers,0,GAME_OVER,37,36,2,1413,RandomPlayerConfig,1.0,-1.0,OSLA
-1651020227,Checkers,0,GAME_OVER,47,46,2,1414,RandomPlayerConfig,1.0,-1.0,OSLA
-1337418593,Checkers,0,GAME_OVER,47,46,2,1415,RandomPlayerConfig,1.0,-1.0,OSLA
626067167,Checkers,0,GAME_OVER,46,45,2,1416,RandomPlayerConfig,1.0,-1.0,OSLA
43972217,Checkers,0,GAME_OVER,45,44,2,1417,RandomPlayerConfig,1.0,-1.0,OSLA
652653912,Checkers,0,GAME_OVER,46,45,2,1418,RandomPlayerConfig,1.0,-1.0,OSLA
-1273109515,Checkers,0,GAME_OVER,46,45,2,1419,RandomPlayerConfig,1.0,-1.0,OSLA
638161115,Checkers,0,GAME_OVER,38,37,2,1420,RandomPlayerConfig,1.0,-1.0,OSLA
1977248622,Checkers,0,GAME_OVER,41,40,2,1421,RandomPlayerConfig,1.0,-1.0,OSLA
1877723035,Checkers,0,GAME_OVER,41,40,2,1422,RandomPlayerConfig,1.0,-1.0,OSLA
-247880027,Checkers,0,GAME_OVER,41,40,2,1423,RandomPlayerConfig,1.0,-1.0,OSLA
60257536,Checkers,0,GAME_OVER,49,48,2,1424,RandomPlayerConfig,1.0,-1.0,OSLA
-1023141750,Checkers,0,GAME_OVER,38,37,2,1425,RandomPlayerConfig,1.0,-1.0,OSLA
-1531536613,Checkers,0,GAME_OVER,48,47,2,1426,RandomPlayerConfig,1.0,-1.0,OSLA
-1870015994,Checkers,0,GAME_OVER,40,39,2,1427,RandomPlayerConfig,1.0,-1.0,OSLA
-587009505,Checkers,0,GAME_OVER,51,50,2,1428,RandomPlayerConfig,1.0,-1.0,OSLA
656487640,Checkers,0,GAME_OVER,45,44,2,1429,RandomPlayerConfig,1.0,-1.0,OSLA
885567973,Checkers,0,GAME_OVER,44,43,2,1430,RandomPlayerConfig,1.0,-1.0,OSLA
-446833650,Checkers,0,GAME_OVER,54,53,2,1431,RandomPlayerConfig,1.0,-1.0,OSLA
-1462342457,Checkers,0,GAME_OVER,35,34,2,1432,RandomPlayerConfig,1.0,-1.0,OSLA
-106544229,Checkers,0,GAME_OVER,45,44,2,1433,RandomPlayerConfig,1.0,-1.0,OSLA
-659138474,Checkers,0,GAME_OVER,44,43,2,1434,RandomPlayerConfig,1.0,-1.0,OSLA
-25311976,Checkers,0,GAME_OVER,37,36,2,1435,RandomPlayerConfig,1.0,-1.0,OSLA
1076905910,Checkers,0,GAME_OVER,46,45,2,1436,RandomPlayerConfig,1.0,-1.0,OSLA
-1904708170,Checkers,0,GAME_OVER,43,42,2,1437,RandomPlayerConfig,1.0,-1.0,OSLA
-1972570966,Checkers,0,GAME_OVER,39,38,2,1438,RandomPlayerConfig,1.0,-1.0,OSLA
1007219174,Checkers,0,GAME_OVER,38,37,2,1439,RandomPlayerConfig,1.0,-1.0,OSLA
-634040436,Checkers,0,GAME_OVER,41,40,2,1440,RandomPlayerConfig,1.0,-1.0,OSLA
-195478195,Checkers,0,GAME_OVER,78,77,2,1441,RandomPlayerConfig,1.0,-1.0,OSLA
-1831453742,Checkers,0,GAME_OVER,29,28,2,1442,RandomPlayerConfig,1.0,-1.0,OSLA
1255809514,Checkers,0,GAME_OVER,39,38,2,1443,RandomPlayerConfig,1.0,-1.0,OSLA
-476992062,Checkers,0,GAME_OVER,40,39,2,1444,RandomPlayerConfig,1.0,-1.0,OSLA
570750891,Checkers,0,GAME_OVER,46,45,2,1445,RandomPlayerConfig,1.0,-1.0,OSLA
-1564909687,Checkers,0,GAME_OVER,45,44,2,1446,RandomPlayerConfig,1.0,-1.0,OSLA
-566360639,Checkers,0,GAME_OVER,43,42,2,1447,RandomPlayerConfig,1.0,-1.0,OSLA
1445041881,Checkers,0,GAME_OVER,43,42,2,1448,RandomPlayerConfig,1.0,-1.0,OSLA
-2055745179,Checkers,0,GAME_OVER,35,34,2,1449,RandomPlayerConfig,1.0,-1.0,OSLA
1094224296,Checkers,0,GAME_OVER,32,31,2,1450,RandomPlayerConfig,1.0,-1.0,OSLA
27146751,Checkers,0,GAME_OVER,51,50,2,1451,RandomPlayerConfig,1.0,-1.0,OSLA
1085941718,Checkers,0,GAME_OVER,37,36,2,1452,RandomPlayerConfig,1.0,-1.0,OSLA
173689024,Checkers,0,GAME_OVER,45,44,2,1453,RandomPlayerConfig,1.0,-1.0,OSLA
-245745479,Checkers,0,GAME_OVER,42,41,2,1454,RandomPlayerConfig,1.0,-1.0,OSLA
765110833,Checkers,0,GAME_OVER,51,50,2,1455,RandomPlayerConfig,1.0,-1.0,OSLA
1369319149,Checkers,0,GAME_OVER,29,28,2,1456,RandomPlayerConfig,1.0,-1.0,OSLA
-1329008049,Checkers,0,GAME_OVER,43,42,2,1457,RandomPlayerConfig,1.0,-1.0,OSLA
1593004491,Checkers,0,GAME_OVER,45,44,2,1458,RandomPlayerConfig,1.0,-1.0,OSLA
-81289185,Checkers,0,GAME_OVER,43,42,2,1459,RandomPlayerConfig,1.0,-1.0,OSLA
649173883,Checkers,0,GAME_OVER,41,40,2,1460,RandomPlayerConfig,1.0,-1.0,OSLA
-1161731104,Checkers,0,GAME_OVER,38,37,2,1461,RandomPlayerConfig,1.0,-1.0,OSLA
-750781564,Checkers,0,GAME_OVER,42,41,2,1462,RandomPlayerConfig,1.0,-1.0,OSLA
1810301777,Checkers,0,GAME_OVER,42,41,2,1463,RandomPlayerConfig,1.0,-1.0,OSLA
1346007353,Checkers,0,GAME_OVER,40,39,2,1464,RandomPlayerConfig,1.0,-1.0,OSLA
1991797145,Checkers,0,GAME_OVER,39,38,2,1465,RandomPlayerConfig,1.0,-1.0,OSLA
-1614375300,Checkers,0,GAME_OVER,42,41,2,1466,RandomPlayerConfig,1.0,-1.0,OSLA
492276948,Checkers,0,GAME_OVER,42,41,2,1467,RandomPlayerConfig,1.0,-1.0,OSLA
892050094,Checkers,0,GAME_OVER,51,50,2,1468,RandomPlayerConfig,1.0,-1.0,OSLA
1333520733,Checkers,0,GAME_OVER,39,38,2,1469,RandomPlayerConfig,1.0,-1.0,OSLA
738289352,Checkers,0,GAME_OVER,38,37,2,1470,RandomPlayerConfig,1.0,-1.0,OSLA
886895421,Checkers,0,GAME_OVER,41,40,2,1471,RandomPlayerConfig,1.0,-1.0,OSLA
-170170651,Checkers,0,GAME_OVER,41,40,2,1472,RandomPlayerConfig,1.0,-1.0,OSLA
1053104243,Checkers,0,GAME_OVER,36,35,2,1473,RandomPlayerConfig,1.0,-1.0,OSLA
-989805868,Checkers,0,GAME_OVER,46,45,2,1474,RandomPlayerConfig,1.0,-1.0,OSLA
-2125442322,Checkers,0,GAME_OVER,36,35,2,1475,RandomPlayerConfig,1.0,-1.0,OSLA
-1965228448,Checkers,0,GAME_OVER,46,45,2,1476,RandomPlayerConfig,1.0,-1.0,OSLA
520480617,Checkers,0,GAME_OVER,41,40,2,1477,RandomPlayerConfig,1.0,-1.0,OSLA
788585333,Checkers,0,GAME_OVER,39,38,2,1478,RandomPlayerConfig,1.0,-1.0,OSLA
-738699625,Checkers,0,GAME_OVER,59,58,2,1479,RandomPlayerConfig,1.0,-1.0,OSLA
1824537420,Checkers,0,GAME_OVER,54,53,2,1480,RandomPlayerConfig,1.0,-1.0,OSLA
-599341002,Checkers,0,GAME_OVER,49,48,2,1481,RandomPlayerConfig,1.0,-1.0,OSLA
-1794412227,Checkers,0,GAME_OVER,44,43,2,1482,RandomPlayerConfig,1.0,-1.0,OSLA
1388110847,Checkers,0,GAME_OVER,36,35,2,1483,RandomPlayerConfig,1.0,-1.0,OSLA
1039814901,Checkers,0,GAME_OVER,41,40,2,1484,RandomPlayerConfig,1.0,-1.0,OSLA
-912772450,Checkers,0,GAME_OVER,44,43,2,1485,RandomPlayerConfig,1.0,-1.0,OSLA
-1418786031,Checkers,0,GAME_OVER,42,41,2,1486,RandomPlayerConfig,1.0,-1.0,OSLA
-396209916,Checkers,0,GAME_OVER,38,37,2,1487,RandomPlayerConfig,1.0,-1.0,OSLA
493680251,Checkers,0,GAME_OVER,36,35,2,1488,RandomPlayerConfig,1.0,-1.0,OSLA
-1427272998,Checkers,0,GAME_OVER,54,53,2,1489,RandomPlayerConfig,1.0,-1.0,OSLA
1683653113,Checkers,0,GAME_OVER,33,32,2,1490,RandomPlayerConfig,1.0,-1.0,OSLA
-1445698336,Checkers,0,GAME_OVER,39,38,2,1491,RandomPlayerConfig,1.0,-1.0,OSLA
1294534854,Checkers,0,GAME_OVER,36,35,2,1492,RandomPlayerConfig,1.0,-1.0,OSLA
2020429431,Checkers,0,GAME_OVER,39,38,2,1493,RandomPlayerConfig,1.0,-1.0,OSLA
998569527,Checkers,0,GAME_OVER,42,41,2,1494,RandomPlayerConfig,1.0,-1.0,OSLA
961128877,Checkers,0,GAME_OVER,43,42,2,1495,RandomPlayerConfig,1.0,-1.0,OSLA
-1050355786,Checkers,0,GAME_OVER,37,36,2,1496,RandomPlayerConfig,1.0,-1.0,OSLA
-895702146,Checkers,0,GAME_OVER,43,42,2,1497,RandomPlayerConfig,1.0,-1.0,OSLA
-71859814,Checkers,0,GAME_OVER,41,40,2,1498,RandomPlayerConfig,1.0,-1.0,OSLA
-712256982,Checkers,0,GAME_OVER,44,43,2,1499,RandomPlayerConfig,1.0,-1.0,OSLA
1986892447,Checkers,0,GAME_OVER,42,41,2,1500,RandomPlayerConfig,1.0,-1.0,OSLA
-326441516,Checkers,0,GAME_OVER,36,35,2,1501,RandomPlayerConfig,1.0,-1.0,OSLA
-1467008237,Checkers,0,GAME_OVER,48,47,2,1502,RandomPlayerConfig,1.0,-1.0,OSLA
-717604929,Checkers,0,GAME_OVER,37,36,2,1503,RandomPlayerConfig,1.0,-1.0,OSLA
1289652212,Checkers,0,GAME_OVER,39,38,2,1504,RandomPlayerConfig,1.0,-1.0,OSLA
344141539,Checkers,0,GAME_OVER,40,39,2,1505,RandomPlayerConfig,1.0,-1.0,OSLA
1831034760,Checkers,0,GAME_OVER,45,44,2,1506,RandomPlayerConfig,1.0,-1.0,OSLA
128431294,Checkers,0,GAME_OVER,34,33,2,1507,RandomPlayerConfig,1.0,-1.0,OSLA
-924832703,Checkers,0,GAME_OVER,44,43,2,1508,RandomPlayerConfig,1.0,-1.0,OSLA
1930548090,Checkers,0,GAME_OVER,49,48,2,1509,RandomPlayerConfig,1.0,-1.0,OSLA
-1364937752,Checkers,0,GAME_OVER,47,46,2,1510,RandomPlayerConfig,1.0,-1.0,OSLA
-1757061397,Checkers,0,GAME_OVER,39,38,2,1511,RandomPlayerConfig,1.0,-1.0,OSLA
-958653346,Checkers,0,GAME_OVER,48,47,2,1512,RandomPlayerConfig,1.0,-1.0,OSLA
-40639503,Checkers,0,GAME_OVER,49,48,2,1513,RandomPlayerConfig,1.0,-1.0,OSLA
-1782025089,Checkers,0,GAME_OVER,44,43,2,1514,RandomPlayerConfig,1.0,-1.0,OSLA
413132350,Checkers,0,GAME_OVER,38,37,2,1515,RandomPlayerConfig,1.0,-1.0,OSLA
-718106911,Checkers,0,GAME_OVER,49,48,2,1516,RandomPlayerConfig,1.0,-1.0,OSLA
-749290863,Checkers,0,GAME_OVER,49,48,2,1517,RandomPlayerConfig,1.0,-1.0,OSLA
203580810,Checkers,0,GAME_OVER,45,44,2,1518,RandomPlayerConfig,1.0,-1.0,OSLA
-183657498,Checkers,0,GAME_OVER,49,48,2,1519,RandomPlayerConfig,1.0,-1.0,OSLA
-363796268,Checkers,0,GAME_OVER,41,40,2,1520,RandomPlayerConfig,1.0,-1.0,OSLA
1019151410,Checkers,0,GAME_OVER,40,39,2,1521,RandomPlayerConfig,1.0,-1.0,OSLA
-1598629618,Checkers,0,GAME_OVER,40,39,2,1522,RandomPlayerConfig,1.0,-1.0,OSLA
629630353,Checkers,0,GAME_OVER,48,47,2,1523,RandomPlayerConfig,1.0,-1.0,OSLA
407923111,Checkers,0,GAME_OVER,37,36,2,1524,RandomPlayerConfig,1.0,-1.0,OSLA
-783995100,Checkers,0,GAME_OVER,47,46,2,1525,RandomPlayerConfig,1.0,-1.0,OSLA
1917238756,Checkers,0,GAME_OVER,46,45,2,1526,RandomPlayerConfig,1.0,-1.0,OSLA
-1996021526,Checkers,0,GAME_OVER,40,39,2,1527,RandomPlayerConfig,1.0,-1.0,OSLA
1446978152,Checkers,0,GAME_OVER,45,44,2,1528,RandomPlayerConfig,1.0,-1.0,OSLA
-1248893870,Checkers,0,GAME_OVER,44,43,2,1529,RandomPlayerConfig,1.0,-1.0,OSLA
-614134760,Checkers,0,GAME_OVER,30,29,2,1530,RandomPlayerConfig,1.0,-1.0,OSLA
510278499,Checkers,0,GAME_OVER,34,33,2,1531,RandomPlayerConfig,1.0,-1.0,OSLA
-1700484048,Checkers,0,GAME_OVER,37,36,2,1532,RandomPlayerConfig,1.0,-1.0,OSLA
-321950044,Checkers,0,GAME_OVER,37,36,2,1533,RandomPlayerConfig,1.0,-1.0,OSLA
2105942644,Checkers,0,GAME_OVER,36,35,2,1534,RandomPlayerConfig,1.0,-1.0,OSLA
612336180,Checkers,0,GAME_OVER,34,33,2,1535,RandomPlayerConfig,1.0,-1.0,OSLA
636965344,Checkers,0,GAME_OVER,45,44,2,1536,RandomPlayerConfig,1.0,-1.0,OSLA
-636668763,Checkers,0,GAME_OVER,44,43,2,1537,RandomPlayerConfig,1.0,-1.0,OSLA
-1842419369,Checkers,0,GAME_OVER,37,36,2,1538,RandomPlayerConfig,1.0,-1.0,OSLA
-137138526,Checkers,0,GAME_OVER,38,37,2,1539,RandomPlayerConfig,1.0,-1.0,OSLA
-976379635,Checkers,0,GAME_OVER,39,38,2,1540,RandomPlayerConfig,1.0,-1.0,OSLA
-1653823386,Checkers,0,GAME_OVER,49,48,2,1541,RandomPlayerConfig,1.0,-1.0,OSLA
1433587402,Checkers,0,GAME_OVER,38,37,2,1542,RandomPlayerConfig,1.0,-1.0,OSLA
1430155908,Checkers,0,GAME_OVER,38,37,2,1543,RandomPlayerConfig,1.0,-1.0,OSLA
98801208,Checkers,0,GAME_OVER,38,37,2,1544,RandomPlayerConfig,1.0,-1.0,OSLA
1896370593,Checkers,0,GAME_OVER,44,43,2,1545,RandomPlayerConfig,1.0,-1.0,OSLA
2018308052,Checkers,0,GAME_OVER,39,38,2,1546,RandomPlayerConfig,1.0,-1.0,OSLA
376244482,Checkers,0,GAME_OVER,47,46,2,1547,RandomPlayerConfig,1.0,-1.0,OSLA
566876226,Checkers,0,GAME_OVER,43,42,2,1548,RandomPlayerConfig,1.0,-1.0,OSLA
1726469664,Checkers,0,GAME_OVER,36,35,2,1549,RandomPlayerConfig,1.0,-1.0,OSLA
-179174643,Checkers,0,GAME_OVER,39,38,2,1550,RandomPlayerConfig,1.0,-1.0,OSLA
852594592,Checkers,0,GAME_OVER,47,46,2,1551,RandomPlayerConfig,1.0,-1.0,OSLA
1015592734,Checkers,0,GAME_OVER,60,59,2,1552,RandomPlayerConfig,1.0,-1.0,OSLA
1881941087,Checkers,0,GAME_OVER,35,34,2,1553,RandomPlayerConfig,1.0,-1.0,OSLA
1409144944,Checkers,0,GAME_OVER,43,42,2,1554,RandomPlayerConfig,1.0,-1.0,OSLA
-1209259142,Checkers,0,GAME_OVER,47,46,2,1555,RandomPlayerConfig,1.0,-1.0,OSLA
31973832,Checkers,0,GAME_OVER,41,40,2,1556,RandomPlayerConfig,1.0,-1.0,OSLA
-889117584,Checkers,0,GAME_OVER,38,37,2,1557,RandomPlayerConfig,1.0,-1.0,OSLA
1740145269,Checkers,0,GAME_OVER,43,42,2,1558,RandomPlayerConfig,1.0,-1.0,OSLA
-137019695,Checkers,0,GAME_OVER,38,37,2,1559,RandomPlayerConfig,1.0,-1.0,OSLA
-1431894155,Checkers,0,GAME_OVER,43,42,2,1560,RandomPlayerConfig,1.0,-1.0,OSLA
1669272350,Checkers,0,GAME_OVER,59,58,2,1561,RandomPlayerConfig,1.0,-1.0,OSLA
1155300447,Checkers,0,GAME_OVER,33,32,2,1562,RandomPlayerConfig,1.0,-1.0,OSLA
-1866779963,Checkers,0,GAME_OVER,36,35,2,1563,RandomPlayerConfig,1.0,-1.0,OSLA
688052235,Checkers,0,GAME_OVER,41,40,2,1564,RandomPlayerConfig,1.0,-1.0,OSLA
1235479381,Checkers,0,GAME_OVER,42,41,2,1565,RandomPlayerConfig,1.0,-1.0,OSLA
1892180434,Checkers,0,GAME_OVER,33,32,2,1566,RandomPlayerConfig,1.0,-1.0,OSLA
1674352996,Checkers,0,GAME_OVER,39,38,2,1567,RandomPlayerConfig,1.0,-1.0,OSLA
2024085458,Checkers,0,GAME_OVER,43,42,2,1568,RandomPlayerConfig,1.0,-1.0,OSLA
-1372618303,Checkers,0,GAME_OVER,42,41,2,1569,RandomPlayerConfig,1.0,-1.0,OSLA
-6550616,Checkers,0,GAME_OVER,38,37,2,1570,RandomPlayerConfig,1.0,-1.0,OSLA
-1844188190,Checkers,0,GAME_OVER,41,40,2,1571,RandomPlayerConfig,1.0,-1.0,OSLA
332773996,Checkers,0,GAME_OVER,43,42,2,1572,RandomPlayerConfig,1.0,-1.0,OSLA
1471362740,Checkers,0,GAME_OVER,47,46,2,1573,RandomPlayerConfig,1.0,-1.0,OSLA
1005200900,Checkers,0,GAME_OVER,43,42,2,1574,RandomPlayerConfig,1.0,-1.0,OSLA
576350506,Checkers,0,GAME_OVER,39,38,2,1575,RandomPlayerConfig,1.0,-1.0,OSLA
44972290,Checkers,0,GAME_OVER,42,41,2,1576,RandomPlayerConfig,1.0,-1.0,OSLA
-892313012,Checkers,0,GAME_OVER,43,42,2,1577,RandomPlayerConfig,1.0,-1.0,OSLA
-945515610,Checkers,0,GAME_OVER,48,47,2,1578,RandomPlayerConfig,1.0,-1.0,OSLA
-797189995,Checkers,0,GAME_OVER,38,37,2,1579,RandomPlayerConfig,1.0,-1.0,OSLA
-412117056,Checkers,0,GAME_OVER,46,45,2,1580,RandomPlayerConfig,1.0,-1.0,OSLA
1924062932,Checkers,0,GAME_OVER,35,34,2,1581,RandomPlayerConfig,1.0,-1.0,OSLA
-1558498688,Checkers,0,GAME_OVER,35,34,2,1582,RandomPlayerConfig,1.0,-1.0,OSLA
2095920376,Checkers,0,GAME_OVER,47,46,2,1583,RandomPlayerConfig,1.0,-1.0,OSLA
-1741762942,Checkers,0,GAME_OVER,49,48,2,1584,RandomPlayerConfig,1.0,-1.0,OSLA
-1821944470,Checkers,0,GAME_OVER,42,41,2,1585,RandomPlayerConfig,1.0,-1.0,OSLA
-1001794166,Checkers,0,GAME_OVER,36,35,2,1586,RandomPlayerConfig,1.0,-1.0,OSLA
-824933404,Checkers,0,GAME_OVER,38,37,2,1587,RandomPlayerConfig,1.0,-1.0,OSLA
-116225841,Checkers,0,GAME_OVER,44,43,2,1588,RandomPlayerConfig,1.0,-1.0,OSLA
1035153634,Checkers,0,GAME_OVER,52,51,2,1589,RandomPlayerConfig,1.0,-1.0,OSLA
-1892972590,Checkers,0,GAME_OVER,36,35,2,1590,RandomPlayerConfig,1.0,-1.0,OSLA
1815108904,Checkers,0,GAME_OVER,42,41,2,1591,RandomPlayerConfig,1.0,-1.0,OSLA
-828870395,Checkers,0,GAME_OVER,50,49,2,1592,RandomPlayerConfig,1.0,-1.0,OSLA
-2081531158,Checkers,0,GAME_OVER,42,41,2,1593,RandomPlayerConfig,1.0,-1.0,OSLA
-1936298794,Checkers,0,GAME_OVER,43,42,2,1594,RandomPlayerConfig,1.0,-1.0,OSLA
108127898,Checkers,0,GAME_OVER,44,43,2,1595,RandomPlayerConfig,1.0,-1.0,OSLA
-2079884586,Checkers,0,GAME_OVER,49,48,2,1596,RandomPlayerConfig,1.0,-1.0,OSLA
-493541522,Checkers,0,GAME_OVER,35,34,2,1597,RandomPlayerConfig,1.0,-1.0,OSLA
-1048260075,Checkers,0,GAME_OVER,52,51,2,1598,RandomPlayerConfig,1.0,-1.0,OSLA
-1227601898,Checkers,0,GAME_OVER,38,37,2,1599,RandomPlayerConfig,1.0,-1.0,OSLA
2056773874,Checkers,0,GAME_OVER,40,39,2,1600,RandomPlayerConfig,1.0,-1.0,OSLA
-601157059,Checkers,0,GAME_OVER,41,40,2,1601,RandomPlayerConfig,1.0,-1.0,OSLA
1017260225,Checkers,0,GAME_OVER,53,52,2,1602,RandomPlayerConfig,1.0,-1.0,RandomPlayerConfig
-998926163,Checkers,0,GAME_OVER,51,50,2,1603,RandomPlayerConfig,1.0,-1.0,RandomPlayerConfig
-1283026673,Checkers,0,GAME_OVER,70,69,2,1604,RandomPlayerConfig,1.0,-1.0,RandomPlayerConfig
-914035881,Checkers,0,GAME_OVER,44,43,2,1605,RandomPlayerConfig,-1.0,1.0,RandomPlayerConfig
1392166865,Checkers,0,GAME_OVER,80,79,2,1606,RandomPlayerConfig,-1.0,1.0,RandomPlayerConfig
-984713997,Checkers,0,GAME_OVER,71,70,2,1607,RandomPlayerConfig,-1.0,1.0,RandomPlayerConfig
1401968321,Checkers,0,GAME_OVER,44,43,2,1608,RandomPlayerConfig,-1.0,1.0,RandomPlayerConfig
1375112552,Checkers,0,GAME_OVER,47,46,2,1609,RandomPlayerConfig,1.0,-1.0,RandomPlayerConfig
-1262434534,Checkers,0,GAME_OVER,67,66,2,1610,RandomPlayerConfig,1.0,-1.0,RandomPlayerConfig
-1381155222,Checkers,0,GAME_OVER,82,81,2,1611,RandomPlayerConfig,1.0,-1.0,RandomPlayerConfig
-1480604482,Checkers,0,GAME_OVER,46,45,2,1612,RandomPlayerConfig,-1.0,1.0,RandomPlayerConfig
-840827977,Checkers,0,GAME_OVER,63,62,2,1613,RandomPlayerConfig,-1.0,1.0,RandomPlayerConfig
-1651020227,Checkers,0,GAME_OVER,45,44,2,1614,RandomPlayerConfig,-1.0,1.0,RandomPlayerConfig
-1337418593,Checkers,0,GAME_OVER,39,38,2,1615,RandomPlayerConfig,1.0,-1.0,RandomPlayerConfig
626067167,Checkers,0,GAME_OVER,51,50,2,1616,RandomPlayerConfig,1.0,-1.0,RandomPlayerConfig
43972217,Checkers,0,GAME_OVER,50,49,2,1617,RandomPlayerConfig,1.0,-1.0,RandomPlayerConfig
652653912,Checkers,0,GAME_OVER,62,61,2,1618,RandomPlayerConfig,1.0,-1.0,RandomPlayerConfig
-1273109515,Checkers,0,GAME_OVER,67,66,2,1619,RandomPlayerConfig,1.0,-1.0,RandomPlayerConfig
638161115,Checkers,0,GAME_OVER,60,59,2,1620,RandomPlayerConfig,-1.0,1.0,RandomPlayerConfig
1977248622,Checkers,0,GAME_OVER,64,63,2,1621,RandomPlayerConfig,1.0,-1.0,RandomPlayerConfig
1877723035,Checkers,0,GAME_OVER,40,39,2,1622,RandomPlayerConfig,1.0,-1.0,RandomPlayerConfig
-247880027,Checkers,0,GAME_OVER,50,49,2,1623,RandomPlayerConfig,-1.0,1.0,RandomPlayerConfig
60257536,Checkers,0,GAME_OVER,43,42,2,1624,RandomPlayerConfig,1.0,-1.0,RandomPlayerConfig
-1023141750,Checkers,0,GAME_OVER,42,41,2,1625,RandomPlayerConfig,1.0,-1.0,RandomPlayerConfig
-1531536613,Checkers,0,GAME_OVER,38,37,2,1626,RandomPlayerConfig,-1.0,1.0,RandomPlayerConfig
-1870015994,Checkers,0,GAME_OVER,79,78,2,1627,RandomPlayerConfig,-1.0,1.0,RandomPlayerConfig
-587009505,Checkers,0,GAME_OVER,49,48,2,1628,RandomPlayerConfig,-1.0,1.0,RandomPlayerConfig
656487640,Checkers,0,GAME_OVER,64,63,2,1629,RandomPlayerConfig,1.0,-1.0,RandomPlayerConfig
885567973,Checkers,0,GAME_OVER,46,45,2,1630,RandomPlayerConfig,-1.0,1.0,RandomPlayerConfig
-446833650,Checkers,0,GAME_OVER,52,51,2,1631,RandomPlayerConfig,1.0,-1.0,RandomPlayerConfig
-1462342457,Checkers,0,GAME_OVER,67,66,2,1632,RandomPlayerConfig,-1.0,1.0,RandomPlayerConfig
-106544229,Checkers,0,GAME_OVER,54,53,2,1633,RandomPlayerConfig,1.0,-1.0,RandomPlayerConfig
-659138474,Checkers,0,GAME_OVER,33,32,2,1634,RandomPlayerConfig,1.0,-1.0,RandomPlayerConfig
-25311976,Checkers,0,GAME_OVER,53,52,2,1635,RandomPlayerConfig,1.0,-1.0,RandomPlayerConfig
1076905910,Checkers,0,GAME_OVER,47,46,2,1636,RandomPlayerConfig,1.0,-1.0,RandomPlayerConfig
-1904708170,Checkers,0,GAME_OVER,46,45,2,1637,RandomPlayerConfig,-1.0,1.0,RandomPlayerConfig
-1972570966,Checkers,0,GAME_OVER,63,62,2,1638,RandomPlayerConfig,-1.0,1.0,RandomPlayerConfig
1007219174,Checkers,0,GAME_OVER,45,44,2,1639,RandomPlayerConfig,-1.0,1.0,RandomPlayerConfig
-634040436,Checkers,0,GAME_OVER,48,47,2,1640,RandomPlayerConfig,1.0,-1.0,RandomPlayerConfig
-195478195,Checkers,0,GAME_OVER,47,46,2,1641,RandomPlayerConfig,1.0,-1.0,RandomPlayerConfig
-1831453742,Checkers,0,GAME_OVER,40,39,2,1642,RandomPlayerConfig,-1.0,1.0,RandomPlayerConfig
1255809514,Checkers,0,GAME_OVER,44,43,2,1643,RandomPlayerConfig,1.0,-1.0,RandomPlayerConfig
-476992062,Checkers,0,GAME_OVER,59,58,2,1644,RandomPlayerConfig,-1.0,1.0,RandomPlayerConfig
570750891,Checkers,0,GAME_OVER,43,42,2,1645,RandomPlayerConfig,1.0,-1.0,RandomPlayerConfig
-1564909687,Checkers,0,GAME_OVER,46,45,2,1646,RandomPlayerConfig,-1.0,1.0,RandomPlayerConfig
-566360639,Checkers,0,GAME_OVER,51,50,2,1647,RandomPlayerConfig,-1.0,1.0,RandomPlayerConfig
1445041881,Checkers,0,GAME_OVER,46,45,2,1648,RandomPlayerConfig,1.0,-1.0,RandomPlayerConfig
-2055745179,Checkers,0,GAME_OVER,46,45,2,1649,RandomPlayerConfig,-1.0,1.0,RandomPlayerConfig
1094224296,Checkers,0,GAME_OVER,73,72,2,1650,RandomPlayerConfig,1.0,-1.0,RandomPlayerConfig
27146751,Checkers,0,GAME_OVER,55,54,2,1651,RandomPlayerConfig,-1.0,1.0,RandomPlayerConfig
1085941718,Checkers,0,GAME_OVER,37,36,2,1652,RandomPlayerConfig,1.0,-1.0,RandomPlayerConfig
173689024,Checkers,0,GAME_OVER,44,43,2,1653,RandomPlayerConfig,-1.0,1.0,RandomPlayerConfig
-245745479,Checkers,0,GAME_OVER,73,72,2,1654,RandomPlayerConfig,1.0,-1.0,RandomPlayerConfig
765110833,Checkers,0,GAME_OVER,40,39,2,1655,RandomPlayerConfig,-1.0,1.0,RandomPlayerConfig
1369319149,Checkers,0,GAME_OVER,63,62,2,1656,RandomPlayerConfig,-1.0,1.0,RandomPlayerConfig
-1329008049,Checkers,0,GAME_OVER,51,50,2,1657,RandomPlayerConfig,-1.0,1.0,RandomPlayerConfig
1593004491,Checkers,0,GAME_OVER,80,79,2,1658,RandomPlayerConfig,1.0,-1.0,RandomPlayerConfig
-81289185,Checkers,0,GAME_OVER,45,44,2,1659,RandomPlayerConfig,1.0,-1.0,RandomPlayerConfig
649173883,Checkers,0,GAME_OVER,44,43,2,1660,RandomPlayerConfig,1.0,-1.0,RandomPlayerConfig
-1161731104,Checkers,0,GAME_OVER,39,38,2,1661,RandomPlayerConfig,1.0,-1.0,RandomPlayerConfig
-750781564,Checkers,0,GAME_OVER,63,62,2,1662,RandomPlayerConfig,1.0,-1.0,RandomPlayerConfig
1810301777,Checkers,0,GAME_OVER,46,45,2,1663,RandomPlayerConfig,-1.0,1.0,RandomPlayerConfig
1346007353,Checkers,0,GAME_OVER,45,44,2,1664,RandomPlayerConfig,1.0,-1.0,RandomPlayerConfig
1991797145,Checkers,0,GAME_OVER,34,33,2,1665,RandomPlayerConfig,-1.0,1.0,RandomPlayerConfig
-1614375300,Checkers,0,GAME_OVER,53,52,2,1666,RandomPlayerConfig,-1.0,1.0,RandomPlayerConfig
492276948,Checkers,0,GAME_OVER,45,44,2,1667,RandomPlayerConfig,-1.0,1.0,RandomPlayerConfig
892050094,Checkers,0,GAME_OVER,45,44,2,1668,RandomPlayerConfig,-1.0,1.0,RandomPlayerConfig
1333520733,Checkers,0,GAME_OVER,66,65,2,1669,RandomPlayerConfig,1.0,-1.0,RandomPlayerConfig
738289352,Checkers,0,GAME_OVER,66,65,2,1670,RandomPlayerConfig,1.0,-1.0,RandomPlayerConfig
886895421,Checkers,0,GAME_OVER,62,61,2,1671,RandomPlayerConfig,-1.0,1.0,RandomPlayerConfig
-170170651,Checkers,0,GAME_OVER,54,53,2,1672,RandomPlayerConfig,1.0,-1.0,RandomPlayerConfig
1053104243,Checkers,0,GAME_OVER,38,37,2,1673,RandomPlayerConfig,1.0,-1.0,RandomPlayerConfig
-989805868,Checkers,0,GAME_OVER,40,39,2,1674,RandomPlayerConfig,1.0,-1.0,RandomPlayerConfig
-2125442322,Checkers,0,GAME_OVER,71,70,2,1675,RandomPlayerConfig,-1.0,1.0,RandomPlayerConfig
-1965228448,Checkers,0,GAME_OVER,53,52,2,1676,RandomPlayerConfig,-1.0,1.0,RandomPlayerConfig
520480617,Checkers,0,GAME_OVER,62,61,2,1677,RandomPlayerConfig,1.0,-1.0,RandomPlayerConfig
788585333,Checkers,0,GAME_OVER,49,48,2,1678,RandomPlayerConfig,1.0,-1.0,RandomPlayerConfig
-738699625,Checkers,0,GAME_OVER,44,43,2,1679,RandomPlayerConfig,1.0,-1.0,RandomPlayerConfig
1824537420,Checkers,0,GAME_OVER,44,43,2,1680,RandomPlayerConfig,-1.0,1.0,RandomPlayerConfig
-599341002,Checkers,0,GAME_OVER,38,37,2,1681,RandomPlayerConfig,-1.0,1.0,RandomPlayerConfig
-1794412227,Checkers,0,GAME_OVER,40,39,2,1682,RandomPlayerConfig,-1.0,1.0,RandomPlayerConfig
1388110847,Checkers,0,GAME_OVER,41,40,2,1683,RandomPlayerConfig,1.0,-1.0,RandomPlayerConfig
1039814901,Checkers,0,GAME_OVER,50,49,2,1684,RandomPlayerConfig,-1.0,1.0,RandomPlayerConfig
-912772450,Checkers,0,GAME_OVER,51,50,2,1685,RandomPlayerConfig,-1.0,1.0,RandomPlayerConfig
-1418786031,Checkers,0,GAME_OVER,47,46,2,1686,RandomPlayerConfig,1.0,-1.0,RandomPlayerConfig
-396209916,Checkers,0,GAME_OVER,43,42,2,1687,RandomPlayerConfig,1.0,-1.0,RandomPlayerConfig
493680251,Checkers,0,GAME_OVER,69,68,2,1688,RandomPlayerConfig,-1.0,1.0,RandomPlayerConfig
-1427272998,Checkers,0,GAME_OVER,49,48,2,1689,RandomPlayerConfig,-1.0,1.0,RandomPlayerConfig
1683653113,Checkers,0,GAME_OVER,39,38,2,1690,RandomPlayerConfig,1.0,-1.0,RandomPlayerConfig
-1445698336,Checkers,0,GAME_OVER,50,49,2,1691,RandomPlayerConfig,-1.0,1.0,RandomPlayerConfig
1294534854,Checkers,0,GAME_OVER,45,44,2,1692,RandomPlayerConfig,1.0,-1.0,RandomPlayerConfig
2020429431,Checkers,0,GAME_OVER,59,58,2,1693,RandomPlayerConfig,-1.0,1.0,RandomPlayerConfig
998569527,Checkers,0,GAME_OVER,56,55,2,1694,RandomPlayerConfig,-1.0,1.0,RandomPlayerConfig
961128877,Checkers,0,GAME_OVER,52,51,2,1695,RandomPlayerConfig,1.0,-1.0,RandomPlayerConfig
-1050355786,Checkers,0,GAME_OVER,34,33,2,1696,RandomPlayerConfig,-1.0,1.0,RandomPlayerConfig
-895702146,Checkers,0,GAME_OVER,64,63,2,1697,RandomPlayerConfig,1.0,-1.0,RandomPlayerConfig
-71859814,Checkers,0,GAME_OVER,57,56,2,1698,RandomPlayerConfig,1.0,-1.0,RandomPlayerConfig
-712256982,Checkers,0,GAME_OVER,73,72,2,1699,RandomPlayerConfig,-1.0,1.0,RandomPlayerConfig
1986892447,Checkers,0,GAME_OVER,50,49,2,1700,RandomPlayerConfig,-1.0,1.0,RandomPlayerConfig
-326441516,Checkers,0,GAME_OVER,40,39,2,1701,RandomPlayerConfig,1.0,-1.0,RandomPlayerConfig
-1467008237,Checkers,0,GAME_OVER,41,40,2,1702,RandomPlayerConfig,1.0,-1.0,RandomPlayerConfig
-717604929,Checkers,0,GAME_OVER,44,43,2,1703,RandomPlayerConfig,1.0,-1.0,RandomPlayerConfig
1289652212,Checkers,0,GAME_OVER,81,80,2,1704,RandomPlayerConfig,-1.0,1.0,RandomPlayerConfig
344141539,Checkers,0,GAME_OVER,50,49,2,1705,RandomPlayerConfig,-1.0,1.0,RandomPlayerConfig
1831034760,Checkers,0,GAME_OVER,68,67,2,1706,RandomPlayerConfig,1.0,-1.0,RandomPlayerConfig
128431294,Checkers,0,GAME_OVER,58,57,2,1707,RandomPlayerConfig,1.0,-1.0,RandomPlayerConfig
-924832703,Checkers,0,GAME_OVER,54,53,2,1708,RandomPlayerConfig,-1.0,1.0,RandomPlayerConfig
1930548090,Checkers,0,GAME_OVER,52,51,2,1709,RandomPlayerConfig,-1.0,1.0,RandomPlayerConfig
-1364937752,Checkers,0,GAME_OVER,49,48,2,1710,RandomPlayerConfig,1.0,-1.0,RandomPlayerConfig
-1757061397,Checkers,0,GAME_OVER,50,49,2,1711,RandomPlayerConfig,1.0,-1.0,RandomPlayerConfig
-958653346,Checkers,0,GAME_OVER,48,47,2,1712,RandomPlayerConfig,1.0,-1.0,RandomPlayerConfig
-40639503,Checkers,0,GAME_OVER,65,64,2,1713,RandomPlayerConfig,1.0,-1.0,RandomPlayerConfig
-1782025089,Checkers,0,GAME_OVER,70,69,2,1714,RandomPlayerConfig,-1.0,1.0,RandomPlayerConfig
413132350,Checkers,0,GAME_OVER,81,80,2,1715,RandomPlayerConfig,1.0,-1.0,RandomPlayerConfig
-718106911,Checkers,0,GAME_OVER,63,62,2,1716,RandomPlayerConfig,-1.0,1.0,RandomPlayerConfig
-749290863,Checkers,0,GAME_OVER,35,34,2,1717,RandomPlayerConfig,-1.0,1.0,RandomPlayerConfig
203580810,Checkers,0,GAME_OVER,73,72,2,1718,RandomPlayerConfig,-1.0,1.0,RandomPlayerConfig
-183657498,Checkers,0,GAME_OVER,61,60,2,1719,RandomPlayerConfig,1.0,-1.0,RandomPlayerConfig
-363796268,Checkers,0,GAME_OVER,64,63,2,1720,RandomPlayerConfig,1.0,-1.0,RandomPlayerConfig
1019151410,Checkers,0,GAME_OVER,48,47,2,1721,RandomPlayerConfig,-1.0,1.0,RandomPlayerConfig
-1598629618,Checkers,0,GAME_OVER,38,37,2,1722,RandomPlayerConfig,1.0,-1.0,RandomPlayerConfig
629630353,Checkers,0,GAME_OVER,36,35,2,1723,RandomPlayerConfig,-1.0,1.0,RandomPlayerConfig
407923111,Checkers,0,GAME_OVER,44,43,2,1724,RandomPlayerConfig,1.0,-1.0,RandomPlayerConfig
-783995100,Checkers,0,GAME_OVER,73,72,2,1725,RandomPlayerConfig,1.0,-1.0,RandomPlayerConfig
1917238756,Checkers,0,GAME_OVER,40,39,2,1726,RandomPlayerConfig,1.0,-1.0,RandomPlayerConfig
-1996021526,Checkers,0,GAME_OVER,49,48,2,1727,RandomPlayerConfig,1.0,-1.0,RandomPlayerConfig
1446978152,Checkers,0,GAME_OVER,45,44,2,1728,RandomPlayerConfig,-1.0,1.0,RandomPlayerConfig
-1248893870,Checkers,0,GAME_OVER,39,38,2,1729,RandomPlayerConfig,1.0,-1.0,RandomPlayerConfig
-614134760,Checkers,0,GAME_OVER,60,59,2,1730,RandomPlayerConfig,1.0,-1.0,RandomPlayerConfig
510278499,Checkers,0,GAME_OVER,39,38,2,1731,RandomPlayerConfig,1.0,-1.0,RandomPlayerConfig
-1700484048,Checkers,0,GAME_OVER,40,39,2,1732,RandomPlayerConfig,1.0,-1.0,RandomPlayerConfig
-321950044,Checkers,0,GAME_OVER,59,58,2,1733,RandomPlayerConfig,-1.0,1.0,RandomPlayerConfig
2105942644,Checkers,0,GAME_OVER,36,35,2,1734,RandomPlayerConfig,-1.0,1.0,RandomPlayerConfig
612336180,Checkers,0,GAME_OVER,70,69,2,1735,RandomPlayerConfig,-1.0,1.0,RandomPlayerConfig
636965344,Checkers,0,GAME_OVER,37,36,2,1736,RandomPlayerConfig,1.0,-1.0,RandomPlayerConfig
-636668763,Checkers,0,GAME_OVER,38,37,2,1737,RandomPlayerConfig,1.0,-1.0,RandomPlayerConfig
-1842419369,Checkers,0,GAME_OVER,68,67,2,1738,RandomPlayerConfig,1.0,-1.0,RandomPlayerConfig
-137138526,Checkers,0,GAME_OVER,49,48,2,1739,RandomPlayerConfig,-1.0,1.0,RandomPlayerConfig
-976379635,Checkers,0,GAME_OVER,74,73,2,1740,RandomPlayerConfig,-1.0,1.0,RandomPlayerConfig
-1653823386,Checkers,0,GAME_OVER,52,51,2,1741,RandomPlayerConfig,-1.0,1.0,RandomPlayerConfig
1433587402,Checkers,0,GAME_OVER,44,43,2,1742,RandomPlayerConfig,1.0,-1.0,RandomPlayerConfig
1430155908,Checkers,0,GAME_OVER,66,65,2,1743,RandomPlayerConfig,1.0,-1.0,RandomPlayerConfig
98801208,Checkers,0,GAME_OVER,50,49,2,1744,RandomPlayerConfig,-1.0,1.0,RandomPlayerConfig
1896370593,Checkers,0,GAME_OVER,66,65,2,1745,RandomPlayerConfig,-1.0,1.0,RandomPlayerConfig
2018308052,Checkers,0,GAME_OVER,64,63,2,1746,RandomPlayerConfig,-1.0,1.0,RandomPlayerConfig
376244482,Checkers,0,GAME_OVER,67,66,2,1747,RandomPlayerConfig,1.0,-1.0,RandomPlayerConfig
566876226,Checkers,0,GAME_OVER,51,50,2,1748,RandomPlayerConfig,-1.0,1.0,RandomPlayerConfig
1726469664,Checkers,0,GAME_OVER,42,41,2,1749,RandomPlayerConfig,1.0,-1.0,RandomPlayerConfig
-179174643,Checkers,0,GAME_OVER,42,41,2,1750,RandomPlayerConfig,-1.0,1.0,RandomPlayerConfig
852594592,Checkers,0,GAME_OVER,55,54,2,1751,RandomPlayerConfig,-1.0,1.0,RandomPlayerConfig
1015592734,Checkers,0,GAME_OVER,50,49,2,1752,RandomPlayerConfig,-1.0,1.0,RandomPlayerConfig
1881941087,Checkers,0,GAME_OVER,49,48,2,1753,RandomPlayerConfig,1.0,-1.0,RandomPlayerConfig
1409144944,Checkers,0,GAME_OVER,42,41,2,1754,RandomPlayerConfig,1.0,-1.0,RandomPlayerConfig
-1209259142,Checkers,0,GAME_OVER,55,54,2,1755,RandomPlayerConfig,-1.0,1.0,RandomPlayerConfig
31973832,Checkers,0,GAME_OVER,48,47,2,1756,RandomPlayerConfig,1.0,-1.0,RandomPlayerConfig
-889117584,Checkers,0,GAME_OVER,47,46,2,1757,RandomPlayerConfig,-1.0,1.0,RandomPlayerConfig
1740145269,Checkers,0,GAME_OVER,53,52,2,1758,RandomPlayerConfig,1.0,-1.0,RandomPlayerConfig
-137019695,Checkers,0,GAME_OVER,44,43,2,1759,RandomPlayerConfig,1.0,-1.0,RandomPlayerConfig
-1431894155,Checkers,0,GAME_OVER,62,61,2,1760,RandomPlayerConfig,-1.0,1.0,RandomPlayerConfig
1669272350,Checkers,0,GAME_OVER,46,45,2,1761,RandomPlayerConfig,1.0,-1.0,RandomPlayerConfig
1155300447,Checkers,0,GAME_OVER,57,56,2,1762,RandomPlayerConfig,1.0,-1.0,RandomPlayerConfig
-1866779963,Checkers,0,GAME_OVER,45,44,2,1763,RandomPlayerConfig,-1.0,1.0,RandomPlayerConfig
688052235,Checkers,0,GAME_OVER,53,52,2,1764,RandomPlayerConfig,1.0,-1.0,RandomPlayerConfig
1235479381,Checkers,0,GAME_OVER,60,59,2,1765,RandomPlayerConfig,1.0,-1.0,RandomPlayerConfig
1892180434,Checkers,0,GAME_OVER,43,42,2,1766,RandomPlayerConfig,1.0,-1.0,RandomPlayerConfig
1674352996,Checkers,0,GAME_OVER,53,52,2,1767,RandomPlayerConfig,-1.0,1.0,RandomPlayerConfig
2024085458,Checkers,0,GAME_OVER,49,48,2,1768,RandomPlayerConfig,-1.0,1.0,RandomPlayerConfig
-1372618303,Checkers,0,GAME_OVER,39,38,2,1769,RandomPlayerConfig,-1.0,1.0,RandomPlayerConfig
-6550616,Checkers,0,GAME_OVER,49,48,2,1770,RandomPlayerConfig,1.0,-1.0,RandomPlayerConfig
-1844188190,Checkers,0,GAME_OVER,38,37,2,1771,RandomPlayerConfig,1.0,-1.0,RandomPlayerConfig
332773996,Checkers,0,GAME_OVER,67,66,2,1772,RandomPlayerConfig,1.0,-1.0,RandomPlayerConfig
1471362740,Checkers,0,GAME_OVER,51,50,2,1773,RandomPlayerConfig,1.0,-1.0,RandomPlayerConfig
1005200900,Checkers,0,GAME_OVER,76,75,2,1774,RandomPlayerConfig,1.0,-1.0,RandomPlayerConfig
576350506,Checkers,0,GAME_OVER,51,50,2,1775,RandomPlayerConfig,1.0,-1.0,RandomPlayerConfig
44972290,Checkers,0,GAME_OVER,48,47,2,1776,RandomPlayerConfig,1.0,-1.0,RandomPlayerConfig
-892313012,Checkers,0,GAME_OVER,45,44,2,1777,RandomPlayerConfig,1.0,-1.0,RandomPlayerConfig
-945515610,Checkers,0,GAME_OVER,52,51,2,1778,RandomPlayerConfig,1.0,-1.0,RandomPlayerConfig
-797189995,Checkers,0,GAME_OVER,39,38,2,1779,RandomPlayerConfig,-1.0,1.0,RandomPlayerConfig
-412117056,Checkers,0,GAME_OVER,75,74,2,1780,RandomPlayerConfig,1.0,-1.0,RandomPlayerConfig
1924062932,Checkers,0,GAME_OVER,76,75,2,1781,RandomPlayerConfig,1.0,-1.0,RandomPlayerConfig
-1558498688,Checkers,0,GAME_OVER,52,51,2,1782,RandomPlayerConfig,-1.0,1.0,RandomPlayerConfig
2095920376,Checkers,0,GAME_OVER,36,35,2,1783,RandomPlayerConfig,-1.0,1.0,RandomPlayerConfig
-1741762942,Checkers,0,GAME_OVER,69,68,2,1784,RandomPlayerConfig,-1.0,1.0,RandomPlayerConfig
-1821944470,Checkers,0,GAME_OVER,84,83,2,1785,RandomPlayerConfig,1.0,-1.0,RandomPlayerConfig
-1001794166,Checkers,0,GAME_OVER,38,37,2,1786,RandomPlayerConfig,-1.0,1.0,RandomPlayerConfig
-824933404,Checkers,0,GAME_OVER,57,56,2,1787,RandomPlayerConfig,-1.0,1.0,RandomPlayerConfig
-116225841,Checkers,0,GAME_OVER,41,40,2,1788,RandomPlayerConfig,1.0,-1.0,RandomPlayerConfig
1035153634,Checkers,0,GAME_OVER,63,62,2,1789,RandomPlayerConfig,-1.0,1.0,RandomPlayerConfig
-1892972590,Checkers,0,GAME_OVER,107,106,2,1790,RandomPlayerConfig,1.0,-1.0,RandomPlayerConfig
1815108904,Checkers,0,GAME_OVER,32,31,2,1791,RandomPlayerConfig,1.0,-1.0,RandomPlayerConfig
-828870395,Checkers,0,GAME_OVER,49,48,2,1792,RandomPlayerConfig,1.0,-1.0,RandomPlayerConfig
-2081531158,Checkers,0,GAME_OVER,41,40,2,1793,RandomPlayerConfig,-1.0,1.0,RandomPlayerConfig
-1936298794,Checkers,0,GAME_OVER,82,81,2,1794,RandomPlayerConfig,-1.0,1.0,RandomPlayerConfig
108127898,Checkers,0,GAME_OVER,46,45,2,1795,RandomPlayerConfig,1.0,-1.0,RandomPlayerConfig
-2079884586,Checkers,0,GAME_OVER,40,39,2,1796,RandomPlayerConfig,-1.0,1.0,RandomPlayerConfig
-493541522,Checkers,0,GAME_OVER,60,59,2,1797,RandomPlayerConfig,1.0,-1.0,RandomPlayerConfig
-1048260075,Checkers,0,GAME_OVER,68,67,2,1798,RandomPlayerConfig,1.0,-1.0,RandomPlayerConfig
-1227601898,Checkers,0,GAME_OVER,47,46,2,1799,RandomPlayerConfig,-1.0,1.0,RandomPlayerConfig
2056773874,Checkers,0,GAME_OVER,47,46,2,1800,RandomPlayerConfig,1.0,-1.0,RandomPlayerConfig
-601157059,Checkers,0,GAME_OVER,75,74,2,1801,RandomPlayerConfig,-1.0,1.0,RandomPlayerConfig
