GameSeed,GameName,Round,Event,Tick,Turn,PlayerCount,GameID,Player-1 rank,PlayerName-0,Player-1,Player-0,Player-0 rank,PlayerName-1
1017260225,Checkers,0,GAME_OVER,154,153,2,2,1,MCTS_CheckersHeuristic,1,1,1,MCTS_CheckersHeuristic
-998926163,Checkers,0,GAME_OVER,54,53,2,3,1,MCTS_CheckersHeuristic,1,2,2,MCTS_CheckersHeuristic
-1283026673,Checkers,0,GAME_OVER,155,154,2,4,1,MCTS_CheckersHeuristic,1,1,1,MCTS_CheckersHeuristic
-914035881,Checkers,0,GAME_OVER,53,52,2,5,1,MCTS_CheckersHeuristic,1,2,2,MCTS_CheckersHeuristic
1392166865,Checkers,0,GAME_OVER,136,135,2,6,1,MCTS_CheckersHeuristic,1,1,1,MCTS_CheckersHeuristic
-984713997,Checkers,0,GAME_OVER,60,59,2,7,2,MCTS_CheckersHeuristic,2,1,1,MCTS_CheckersHeuristic
1401968321,Checkers,0,GAME_OVER,68,67,2,8,2,MCTS_CheckersHeuristic,2,1,1,MCTS_CheckersHeuristic
1375112552,Checkers,0,GAME_OVER,58,57,2,9,1,MCTS_CheckersHeuristic,1,2,2,MCTS_CheckersHeuristic
-1262434534,Checkers,0,GAME_OVER,120,119,2,10,1,MCTS_CheckersHeuristic,1,2,2,MCTS_CheckersHeuristic
-1381155222,Checkers,0,GAME_OVER,62,61,2,11,1,MCTS_CheckersHeuristic,1,2,2,MCTS_CheckersHeuristic
-1480604482,Checkers,0,GAME_OVER,69,68,2,12,2,MCTS_CheckersHeuristic,2,1,1,MCTS_CheckersHeuristic
-840827977,Checkers,0,GAME_OVER,68,67,2,13,2,MCTS_CheckersHeuristic,2,1,1,MCTS_CheckersHeuristic
-1651020227,Checkers,0,GAME_OVER,62,61,2,14,2,MCTS_CheckersHeuristic,2,1,1,MCTS_CheckersHeuristic
-1337418593,Checkers,0,GAME_OVER,87,86,2,15,2,MCTS_CheckersHeuristic,2,1,1,MCTS_CheckersHeuristic
626067167,Checkers,0,GAME_OVER,117,116,2,16,1,MCTS_CheckersHeuristic,1,1,1,MCTS_CheckersHeuristic
43972217,Checkers,0,GAME_OVER,149,148,2,17,1,MCTS_CheckersHeuristic,1,1,1,MCTS_CheckersHeuristic
652653912,Checkers,0,GAME_OVER,50,49,2,18,1,MCTS_CheckersHeuristic,1,2,2,MCTS_CheckersHeuristic
-1273109515,Checkers,0,GAME_OVER,62,61,2,19,1,MCTS_CheckersHeuristic,1,2,2,MCTS_CheckersHeuristic
638161115,Checkers,0,GAME_OVER,59,58,2,20,1,MCTS_CheckersHeuristic,1,2,2,MCTS_CheckersHeuristic
1977248622,Checkers,0,GAME_OVER,54,53,2,21,2,MCTS_CheckersHeuristic,2,1,1,MCTS_CheckersHeuristic
1877723035,Checkers,0,GAME_OVER,65,64,2,22,1,MCTS_CheckersHeuristic,1,2,2,MCTS_CheckersHeuristic
-247880027,Checkers,0,GAME_OVER,76,75,2,23,2,MCTS_CheckersHeuristic,2,1,1,MCTS_CheckersHeuristic
60257536,Checkers,0,GAME_OVER,87,86,2,24,1,MCTS_CheckersHeuristic,1,2,2,MCTS_CheckersHeuristic
-1023141750,Checkers,0,GAME_OVER,86,85,2,25,1,MCTS_CheckersHeuristic,1,2,2,MCTS_CheckersHeuristic
-1531536613,Checkers,0,GAME_OVER,69,68,2,26,1,MCTS_CheckersHeuristic,1,2,2,MCTS_CheckersHeuristic
-1870015994,Checkers,0,GAME_OVER,120,119,2,27,1,MCTS_CheckersHeuristic,1,1,1,MCTS_CheckersHeuristic
-587009505,Checkers,0,GAME_OVER,106,105,2,28,1,MCTS_CheckersHeuristic,1,2,2,MCTS_CheckersHeuristic
656487640,Checkers,0,GAME_OVER,62,61,2,29,2,MCTS_CheckersHeuristic,2,1,1,MCTS_CheckersHeuristic
885567973,Checkers,0,GAME_OVER,55,54,2,30,1,MCTS_CheckersHeuristic,1,2,2,MCTS_CheckersHeuristic
-446833650,Checkers,0,GAME_OVER,53,52,2,31,1,MCTS_CheckersHeuristic,1,2,2,MCTS_CheckersHeuristic
-1462342457,Checkers,0,GAME_OVER,109,108,2,32,1,MCTS_CheckersHeuristic,1,1,1,MCTS_CheckersHeuristic
-106544229,Checkers,0,GAME_OVER,58,57,2,33,1,MCTS_CheckersHeuristic,1,2,2,MCTS_CheckersHeuristic
-659138474,Checkers,0,GAME_OVER,64,63,2,34,1,MCTS_CheckersHeuristic,1,2,2,MCTS_CheckersHeuristic
-25311976,Checkers,0,GAME_OVER,95,94,2,35,1,MCTS_CheckersHeuristic,1,1,1,MCTS_CheckersHeuristic
1076905910,Checkers,0,GAME_OVER,126,125,2,36,1,MCTS_CheckersHeuristic,1,1,1,MCTS_CheckersHeuristic
-1904708170,Checkers,0,GAME_OVER,73,72,2,37,2,MCTS_CheckersHeuristic,2,1,1,MCTS_CheckersHeuristic
-1972570966,Checkers,0,GAME_OVER,156,155,2,38,1,MCTS_CheckersHeuristic,1,1,1,MCTS_CheckersHeuristic
1007219174,Checkers,0,GAME_OVER,60,59,2,39,1,MCTS_CheckersHeuristic,1,2,2,MCTS_CheckersHeuristic
-634040436,Checkers,0,GAME_OVER,81,80,2,40,1,MCTS_CheckersHeuristic,1,2,2,MCTS_CheckersHeuristic
-195478195,Checkers,0,GAME_OVER,58,57,2,41,1,MCTS_CheckersHeuristic,1,2,2,MCTS_CheckersHeuristic
-1831453742,Checkers,0,GAME_OVER,87,86,2,42,1,MCTS_CheckersHeuristic,1,2,2,MCTS_CheckersHeuristic
1255809514,Checkers,0,GAME_OVER,128,127,2,43,1,MCTS_CheckersHeuristic,1,1,1,MCTS_CheckersHeuristic
-476992062,Checkers,0,GAME_OVER,128,127,2,44,1,MCTS_CheckersHeuristic,1,1,1,MCTS_CheckersHeuristic
570750891,Checkers,0,GAME_OVER,62,61,2,45,1,MCTS_CheckersHeuristic,1,2,2,MCTS_CheckersHeuristic
-1564909687,Checkers,0,GAME_OVER,58,57,2,46,2,MCTS_CheckersHeuristic,2,1,1,MCTS_CheckersHeuristic
-566360639,Checkers,0,GAME_OVER,110,109,2,47,1,MCTS_CheckersHeuristic,1,1,1,MCTS_CheckersHeuristic
1445041881,Checkers,0,GAME_OVER,77,76,2,48,2,MCTS_CheckersHeuristic,2,1,1,MCTS_CheckersHeuristic
-2055745179,Checkers,0,GAME_OVER,47,46,2,49,2,MCTS_CheckersHeuristic,2,1,1,MCTS_CheckersHeuristic
1094224296,Checkers,0,GAME_OVER,119,118,2,50,1,MCTS_CheckersHeuristic,1,1,1,MCTS_CheckersHeuristic
27146751,Checkers,0,GAME_OVER,57,56,2,51,1,MCTS_CheckersHeuristic,1,2,2,MCTS_CheckersHeuristic
1085941718,Checkers,0,GAME_OVER,106,105,2,52,1,MCTS_CheckersHeuristic,1,2,2,MCTS_CheckersHeuristic
173689024,Checkers,0,GAME_OVER,68,67,2,53,1,MCTS_CheckersHeuristic,1,2,2,MCTS_CheckersHeuristic
-245745479,Checkers,0,GAME_OVER,60,59,2,54,1,MCTS_CheckersHeuristic,1,2,2,MCTS_CheckersHeuristic
765110833,Checkers,0,GAME_OVER,52,51,2,55,1,MCTS_CheckersHeuristic,1,2,2,MCTS_CheckersHeuristic
1369319149,Checkers,0,GAME_OVER,90,89,2,56,1,MCTS_CheckersHeuristic,1,2,2,MCTS_CheckersHeuristic
-1329008049,Checkers,0,GAME_OVER,125,124,2,57,1,MCTS_CheckersHeuristic,1,1,1,MCTS_CheckersHeuristic
1593004491,Checkers,0,GAME_OVER,116,115,2,58,1,MCTS_CheckersHeuristic,1,1,1,MCTS_CheckersHeuristic
-81289185,Checkers,0,GAME_OVER,147,146,2,59,1,MCTS_CheckersHeuristic,1,1,1,MCTS_CheckersHeuristic
649173883,Checkers,0,GAME_OVER,47,46,2,60,2,MCTS_CheckersHeuristic,2,1,1,MCTS_CheckersHeuristic
-1161731104,Checkers,0,GAME_OVER,60,59,2,61,1,MCTS_CheckersHeuristic,1,2,2,MCTS_CheckersHeuristic
-750781564,Checkers,0,GAME_OVER,91,90,2,62,1,MCTS_CheckersHeuristic,1,2,2,MCTS_CheckersHeuristic
1810301777,Checkers,0,GAME_OVER,117,116,2,63,1,MCTS_CheckersHeuristic,1,1,1,MCTS_CheckersHeuristic
1346007353,Checkers,0,GAME_OVER,103,102,2,64,1,MCTS_CheckersHeuristic,1,1,1,MCTS_CheckersHeuristic
1991797145,Checkers,0,GAME_OVER,58,57,2,65,1,MCTS_CheckersHeuristic,1,2,2,MCTS_CheckersHeuristic
-1614375300,Checkers,0,GAME_OVER,56,55,2,66,1,MCTS_CheckersHeuristic,1,2,2,MCTS_CheckersHeuristic
492276948,Checkers,0,GAME_OVER,109,108,2,67,1,MCTS_CheckersHeuristic,1,1,1,MCTS_CheckersHeuristic
892050094,Checkers,0,GAME_OVER,65,64,2,68,1,MCTS_CheckersHeuristic,1,2,2,MCTS_CheckersHeuristic
1333520733,Checkers,0,GAME_OVER,107,106,2,69,1,MCTS_CheckersHeuristic,1,1,1,MCTS_CheckersHeuristic
738289352,Checkers,0,GAME_OVER,94,93,2,70,1,MCTS_CheckersHeuristic,1,1,1,MCTS_CheckersHeuristic
886895421,Checkers,0,GAME_OVER,108,107,2,71,1,MCTS_CheckersHeuristic,1,1,1,MCTS_CheckersHeuristic
-170170651,Checkers,0,GAME_OVER,131,130,2,72,2,MCTS_CheckersHeuristic,2,1,1,MCTS_CheckersHeuristic
1053104243,Checkers,0,GAME_OVER,125,124,2,73,1,MCTS_CheckersHeuristic,1,1,1,MCTS_CheckersHeuristic
-989805868,Checkers,0,GAME_OVER,62,61,2,74,2,MCTS_CheckersHeuristic,2,1,1,MCTS_CheckersHeuristic
-2125442322,Checkers,0,GAME_OVER,54,53,2,75,2,MCTS_CheckersHeuristic,2,1,1,MCTS_CheckersHeuristic
-1965228448,Checkers,0,GAME_OVER,117,116,2,76,1,MCTS_CheckersHeuristic,1,1,1,MCTS_CheckersHeuristic
520480617,Checkers,0,GAME_OVER,107,106,2,77,1,MCTS_CheckersHeuristic,1,1,1,MCTS_CheckersHeuristic
788585333,Checkers,0,GAME_OVER,95,94,2,78,1,MCTS_CheckersHeuristic,1,1,1,MCTS_CheckersHeuristic
-738699625,Checkers,0,GAME_OVER,58,57,2,79,2,MCTS_CheckersHeuristic,2,1,1,MCTS_CheckersHeuristic
1824537420,Checkers,0,GAME_OVER,52,51,2,80,1,MCTS_CheckersHeuristic,1,2,2,MCTS_CheckersHeuristic
-599341002,Checkers,0,GAME_OVER,51,50,2,81,1,MCTS_CheckersHeuristic,1,2,2,MCTS_CheckersHeuristic
-1794412227,Checkers,0,GAME_OVER,61,60,2,82,1,MCTS_CheckersHeuristic,1,2,2,MCTS_CheckersHeuristic
1388110847,Checkers,0,GAME_OVER,151,150,2,83,1,MCTS_CheckersHeuristic,1,1,1,MCTS_CheckersHeuristic
1039814901,Checkers,0,GAME_OVER,149,148,2,84,1,MCTS_CheckersHeuristic,1,1,1,MCTS_CheckersHeuristic
-912772450,Checkers,0,GAME_OVER,68,67,2,85,1,MCTS_CheckersHeuristic,1,2,2,MCTS_CheckersHeuristic
-1418786031,Checkers,0,GAME_OVER,51,50,2,86,2,MCTS_CheckersHeuristic,2,1,1,MCTS_CheckersHeuristic
-396209916,Checkers,0,GAME_OVER,72,71,2,87,1,MCTS_CheckersHeuristic,1,2,2,MCTS_CheckersHeuristic
493680251,Checkers,0,GAME_OVER,51,50,2,88,2,MCTS_CheckersHeuristic,2,1,1,MCTS_CheckersHeuristic
-1427272998,Checkers,0,GAME_OVER,70,69,2,89,1,MCTS_CheckersHeuristic,1,2,2,MCTS_CheckersHeuristic
1683653113,Checkers,0,GAME_OVER,118,117,2,90,1,MCTS_CheckersHeuristic,1,1,1,MCTS_CheckersHeuristic
-1445698336,Checkers,0,GAME_OVER,53,52,2,91,2,MCTS_CheckersHeuristic,2,1,1,MCTS_CheckersHeuristic
1294534854,Checkers,0,GAME_OVER,63,62,2,92,1,MCTS_CheckersHeuristic,1,2,2,MCTS_CheckersHeuristic
2020429431,Checkers,0,GAME_OVER,83,82,2,93,1,MCTS_CheckersHeuristic,1,2,2,MCTS_CheckersHeuristic
998569527,Checkers,0,GAME_OVER,77,76,2,94,1,MCTS_CheckersHeuristic,1,2,2,MCTS_CheckersHeuristic
961128877,Checkers,0,GAME_OVER,76,75,2,95,1,MCTS_CheckersHeuristic,1,2,2,MCTS_CheckersHeuristic
-1050355786,Checkers,0,GAME_OVER,58,57,2,96,1,MCTS_CheckersHeuristic,1,2,2,MCTS_CheckersHeuristic
-895702146,Checkers,0,GAME_OVER,136,135,2,97,1,MCTS_CheckersHeuristic,1,1,1,MCTS_CheckersHeuristic
-71859814,Checkers,0,GAME_OVER,59,58,2,98,2,MCTS_CheckersHeuristic,2,1,1,MCTS_CheckersHeuristic
-712256982,Checkers,0,GAME_OVER,60,59,2,99,1,MCTS_CheckersHeuristic,1,2,2,MCTS_CheckersHeuristic
1986892447,Checkers,0,GAME_OVER,89,88,2,100,1,MCTS_CheckersHeuristic,1,2,2,MCTS_CheckersHeuristic
-326441516,Checkers,0,GAME_OVER,115,114,2,101,1,MCTS_CheckersHeuristic,1,1,1,MCTS_CheckersHeuristic
-1467008237,Checkers,0,GAME_OVER,66,65,2,102,1,MCTS_CheckersHeuristic,1,2,2,MCTS_CheckersHeuristic
-717604929,Checkers,0,GAME_OVER,77,76,2,103,2,MCTS_CheckersHeuristic,2,1,1,MCTS_CheckersHeuristic
1289652212,Checkers,0,GAME_OVER,55,54,2,104,1,MCTS_CheckersHeuristic,1,2,2,MCTS_CheckersHeuristic
344141539,Checkers,0,GAME_OVER,59,58,2,105,2,MCTS_CheckersHeuristic,2,1,1,MCTS_CheckersHeuristic
1831034760,Checkers,0,GAME_OVER,129,128,2,106,1,MCTS_CheckersHeuristic,1,1,1,MCTS_CheckersHeuristic
128431294,Checkers,0,GAME_OVER,68,67,2,107,1,MCTS_CheckersHeuristic,1,2,2,MCTS_CheckersHeuristic
-924832703,Checkers,0,GAME_OVER,89,88,2,108,1,MCTS_CheckersHeuristic,1,2,2,MCTS_CheckersHeuristic
1930548090,Checkers,0,GAME_OVER,62,61,2,109,1,MCTS_CheckersHeuristic,1,2,2,MCTS_CheckersHeuristic
-1364937752,Checkers,0,GAME_OVER,111,110,2,110,1,MCTS_CheckersHeuristic,1,2,2,MCTS_CheckersHeuristic
-1757061397,Checkers,0,GAME_OVER,116,115,2,111,2,MCTS_CheckersHeuristic,2,1,1,MCTS_CheckersHeuristic
-958653346,Checkers,0,GAME_OVER,75,74,2,112,1,MCTS_CheckersHeuristic,1,2,2,MCTS_CheckersHeuristic
-40639503,Checkers,0,GAME_OVER,89,88,2,113,1,MCTS_CheckersHeuristic,1,1,1,MCTS_CheckersHeuristic
-1782025089,Checkers,0,GAME_OVER,106,105,2,114,2,MCTS_CheckersHeuristic,2,1,1,MCTS_CheckersHeuristic
413132350,Checkers,0,GAME_OVER,103,102,2,115,2,MCTS_CheckersHeuristic,2,1,1,MCTS_CheckersHeuristic
-718106911,Checkers,0,GAME_OVER,122,121,2,116,1,MCTS_CheckersHeuristic,1,1,1,MCTS_CheckersHeuristic
-749290863,Checkers,0,GAME_OVER,59,58,2,117,2,MCTS_CheckersHeuristic,2,1,1,MCTS_CheckersHeuristic
203580810,Checkers,0,GAME_OVER,85,84,2,118,2,MCTS_CheckersHeuristic,2,1,1,MCTS_CheckersHeuristic
-183657498,Checkers,0,GAME_OVER,103,102,2,119,1,MCTS_CheckersHeuristic,1,1,1,MCTS_CheckersHeuristic
-363796268,Checkers,0,GAME_OVER,64,63,2,120,1,MCTS_CheckersHeuristic,1,2,2,MCTS_CheckersHeuristic
1019151410,Checkers,0,GAME_OVER,59,58,2,121,2,MCTS_CheckersHeuristic,2,1,1,MCTS_CheckersHeuristic
-1598629618,Checkers,0,GAME_OVER,47,46,2,122,2,MCTS_CheckersHeuristic,2,1,1,MCTS_CheckersHeuristic
629630353,Checkers,0,GAME_OVER,42,41,2,123,2,MCTS_CheckersHeuristic,2,1,1,MCTS_CheckersHeuristic
407923111,Checkers,0,GAME_OVER,90,89,2,124,1,MCTS_CheckersHeuristic,1,2,2,MCTS_CheckersHeuristic
-783995100,Checkers,0,GAME_OVER,46,45,2,125,1,MCTS_CheckersHeuristic,1,2,2,MCTS_CheckersHeuristic
1917238756,Checkers,0,GAME_OVER,51,50,2,126,1,MCTS_CheckersHeuristic,1,2,2,MCTS_CheckersHeuristic
-1996021526,Checkers,0,GAME_OVER,52,51,2,127,1,MCTS_CheckersHeuristic,1,2,2,MCTS_CheckersHeuristic
1446978152,Checkers,0,GAME_OVER,63,62,2,128,1,MCTS_CheckersHeuristic,1,2,2,MCTS_CheckersHeuristic
-1248893870,Checkers,0,GAME_OVER,124,123,2,129,1,MCTS_CheckersHeuristic,1,1,1,MCTS_CheckersHeuristic
-614134760,Checkers,0,GAME_OVER,57,56,2,130,2,MCTS_CheckersHeuristic,2,1,1,MCTS_CheckersHeuristic
510278499,Checkers,0,GAME_OVER,104,103,2,131,1,MCTS_CheckersHeuristic,1,1,1,MCTS_CheckersHeuristic
-1700484048,Checkers,0,GAME_OVER,115,114,2,132,1,MCTS_CheckersHeuristic,1,1,1,MCTS_CheckersHeuristic
-321950044,Checkers,0,GAME_OVER,79,78,2,133,2,MCTS_CheckersHeuristic,2,1,1,MCTS_CheckersHeuristic
2105942644,Checkers,0,GAME_OVER,155,154,2,134,2,MCTS_CheckersHeuristic,2,1,1,MCTS_CheckersHeuristic
612336180,Checkers,0,GAME_OVER,55,54,2,135,2,MCTS_CheckersHeuristic,2,1,1,MCTS_CheckersHeuristic
636965344,Checkers,0,GAME_OVER,51,50,2,136,1,MCTS_CheckersHeuristic,1,2,2,MCTS_CheckersHeuristic
-636668763,Checkers,0,GAME_OVER,63,62,2,137,2,MCTS_CheckersHeuristic,2,1,1,MCTS_CheckersHeuristic
-1842419369,Checkers,0,GAME_OVER,56,55,2,138,2,MCTS_CheckersHeuristic,2,1,1,MCTS_CheckersHeuristic
-137138526,Checkers,0,GAME_OVER,97,96,2,139,1,MCTS_CheckersHeuristic,1,1,1,MCTS_CheckersHeuristic
-976379635,Checkers,0,GAME_OVER,125,124,2,140,1,MCTS_CheckersHeuristic,1,1,1,MCTS_CheckersHeuristic
-1653823386,Checkers,0,GAME_OVER,84,83,2,141,2,MCTS_CheckersHeuristic,2,1,1,MCTS_CheckersHeuristic
1433587402,Checkers,0,GAME_OVER,60,59,2,142,1,MCTS_CheckersHeuristic,1,2,2,MCTS_CheckersHeuristic
1430155908,Checkers,0,GAME_OVER,150,149,2,143,1,MCTS_CheckersHeuristic,1,1,1,MCTS_CheckersHeuristic
98801208,Checkers,0,GAME_OVER,120,119,2,144,1,MCTS_CheckersHeuristic,1,1,1,MCTS_CheckersHeuristic
1896370593,Checkers,0,GAME_OVER,178,177,2,145,1,MCTS_CheckersHeuristic,1,1,1,MCTS_CheckersHeuristic
2018308052,Checkers,0,GAME_OVER,92,91,2,146,1,MCTS_CheckersHeuristic,1,1,1,MCTS_CheckersHeuristic
376244482,Checkers,0,GAME_OVER,47,46,2,147,1,MCTS_CheckersHeuristic,1,2,2,MCTS_CheckersHeuristic
566876226,Checkers,0,GAME_OVER,54,53,2,148,2,MCTS_CheckersHeuristic,2,1,1,MCTS_CheckersHeuristic
1726469664,Checkers,0,GAME_OVER,57,56,2,149,2,MCTS_CheckersHeuristic,2,1,1,MCTS_CheckersHeuristic
-179174643,Checkers,0,GAME_OVER,50,49,2,150,2,MCTS_CheckersHeuristic,2,1,1,MCTS_CheckersHeuristic
852594592,Checkers,0,GAME_OVER,68,67,2,151,1,MCTS_CheckersHeuristic,1,2,2,MCTS_CheckersHeuristic
1015592734,Checkers,0,GAME_OVER,54,53,2,152,1,MCTS_CheckersHeuristic,1,2,2,MCTS_CheckersHeuristic
1881941087,Checkers,0,GAME_OVER,53,52,2,153,1,MCTS_CheckersHeuristic,1,2,2,MCTS_CheckersHeuristic
1409144944,Checkers,0,GAME_OVER,60,59,2,154,2,MCTS_CheckersHeuristic,2,1,1,MCTS_CheckersHeuristic
-1209259142,Checkers,0,GAME_OVER,56,55,2,155,2,MCTS_CheckersHeuristic,2,1,1,MCTS_CheckersHeuristic
31973832,Checkers,0,GAME_OVER,75,74,2,156,2,MCTS_CheckersHeuristic,2,1,1,MCTS_CheckersHeuristic
-889117584,Checkers,0,GAME_OVER,115,114,2,157,1,MCTS_CheckersHeuristic,1,1,1,MCTS_CheckersHeuristic
1740145269,Checkers,0,GAME_OVER,109,108,2,158,1,MCTS_CheckersHeuristic,1,1,1,MCTS_CheckersHeuristic
-137019695,Checkers,0,GAME_OVER,108,107,2,159,1,MCTS_CheckersHeuristic,1,1,1,MCTS_CheckersHeuristic
-1431894155,Checkers,0,GAME_OVER,59,58,2,160,2,MCTS_CheckersHeuristic,2,1,1,MCTS_CheckersHeuristic
1669272350,Checkers,0,GAME_OVER,57,56,2,161,1,MCTS_CheckersHeuristic,1,2,2,MCTS_CheckersHeuristic
1155300447,Checkers,0,GAME_OVER,65,64,2,162,2,MCTS_CheckersHeuristic,2,1,1,MCTS_CheckersHeuristic
-1866779963,Checkers,0,GAME_OVER,43,42,2,163,1,MCTS_CheckersHeuristic,1,2,2,MCTS_CheckersHeuristic
688052235,Checkers,0,GAME_OVER,67,66,2,164,1,MCTS_CheckersHeuristic,1,2,2,MCTS_CheckersHeuristic
1235479381,Checkers,0,GAME_OVER,111,110,2,165,2,MCTS_CheckersHeuristic,2,1,1,MCTS_CheckersHeuristic
1892180434,Checkers,0,GAME_OVER,63,62,2,166,1,MCTS_CheckersHeuristic,1,2,2,MCTS_CheckersHeuristic
1674352996,Checkers,0,GAME_OVER,80,79,2,167,2,MCTS_CheckersHeuristic,2,1,1,MCTS_CheckersHeuristic
2024085458,Checkers,0,GAME_OVER,150,149,2,168,1,MCTS_CheckersHeuristic,1,1,1,MCTS_CheckersHeuristic
-1372618303,Checkers,0,GAME_OVER,55,54,2,169,1,MCTS_CheckersHeuristic,1,2,2,MCTS_CheckersHeuristic
-6550616,Checkers,0,GAME_OVER,60,59,2,170,1,MCTS_CheckersHeuristic,1,2,2,MCTS_CheckersHeuristic
-1844188190,Checkers,0,GAME_OVER,50,49,2,171,2,MCTS_CheckersHeuristic,2,1,1,MCTS_CheckersHeuristic
332773996,Checkers,0,GAME_OVER,81,80,2,172,1,MCTS_CheckersHeuristic,1,2,2,MCTS_CheckersHeuristic
1471362740,Checkers,0,GAME_OVER,73,72,2,173,2,MCTS_CheckersHeuristic,2,1,1,MCTS_CheckersHeuristic
1005200900,Checkers,0,GAME_OVER,57,56,2,174,2,MCTS_CheckersHeuristic,2,1,1,MCTS_CheckersHeuristic
576350506,Checkers,0,GAME_OVER,113,112,2,175,1,MCTS_CheckersHeuristic,1,1,1,MCTS_CheckersHeuristic
44972290,Checkers,0,GAME_OVER,52,51,2,176,2,MCTS_CheckersHeuristic,2,1,1,MCTS_CheckersHeuristic
-892313012,Checkers,0,GAME_OVER,51,50,2,177,2,MCTS_CheckersHeuristic,2,1,1,MCTS_CheckersHeuristic
-945515610,Checkers,0,GAME_OVER,50,49,2,178,1,MCTS_CheckersHeuristic,1,2,2,MCTS_CheckersHeuristic
-797189995,Checkers,0,GAME_OVER,46,45,2,179,2,MCTS_CheckersHeuristic,2,1,1,MCTS_CheckersHeuristic
-412117056,Checkers,0,GAME_OVER,57,56,2,180,2,MCTS_CheckersHeuristic,2,1,1,MCTS_CheckersHeuristic
1924062932,Checkers,0,GAME_OVER,128,127,2,181,1,MCTS_CheckersHeuristic,1,1,1,MCTS_CheckersHeuristic
-1558498688,Checkers,0,GAME_OVER,53,52,2,182,1,MCTS_CheckersHeuristic,1,2,2,MCTS_CheckersHeuristic
2095920376,Checkers,0,GAME_OVER,54,53,2,183,1,MCTS_CheckersHeuristic,1,2,2,MCTS_CheckersHeuristic
-1741762942,Checkers,0,GAME_OVER,139,138,2,184,1,MCTS_CheckersHeuristic,1,1,1,MCTS_CheckersHeuristic
-1821944470,Checkers,0,GAME_OVER,54,53,2,185,2,MCTS_CheckersHeuristic,2,1,1,MCTS_CheckersHeuristic
-1001794166,Checkers,0,GAME_OVER,73,72,2,186,1,MCTS_CheckersHeuristic,1,2,2,MCTS_CheckersHeuristic
-824933404,Checkers,0,GAME_OVER,63,62,2,187,1,MCTS_CheckersHeuristic,1,2,2,MCTS_CheckersHeuristic
-116225841,Checkers,0,GAME_OVER,50,49,2,188,1,MCTS_CheckersHeuristic,1,2,2,MCTS_CheckersHeuristic
1035153634,Checkers,0,GAME_OVER,59,58,2,189,2,MCTS_CheckersHeuristic,2,1,1,MCTS_CheckersHeuristic
-1892972590,Checkers,0,GAME_OVER,66,65,2,190,2,MCTS_CheckersHeuristic,2,1,1,MCTS_CheckersHeuristic
1815108904,Checkers,0,GAME_OVER,64,63,2,191,1,MCTS_CheckersHeuristic,1,2,2,MCTS_CheckersHeuristic
-828870395,Checkers,0,GAME_OVER,75,74,2,192,1,MCTS_CheckersHeuristic,1,2,2,MCTS_CheckersHeuristic
-2081531158,Checkers,0,GAME_OVER,103,102,2,193,1,MCTS_CheckersHeuristic,1,1,1,MCTS_CheckersHeuristic
-1936298794,Checkers,0,GAME_OVER,120,119,2,194,1,MCTS_CheckersHeuristic,1,1,1,MCTS_CheckersHeuristic
108127898,Checkers,0,GAME_OVER,56,55,2,195,2,MCTS_CheckersHeuristic,2,1,1,MCTS_CheckersHeuristic
-2079884586,Checkers,0,GAME_OVER,111,110,2,196,1,MCTS_CheckersHeuristic,1,1,1,MCTS_CheckersHeuristic
-493541522,Checkers,0,GAME_OVER,113,112,2,197,1,MCTS_CheckersHeuristic,1,1,1,MCTS_CheckersHeuristic
-1048260075,Checkers,0,GAME_OVER,97,96,2,198,1,MCTS_CheckersHeuristic,1,2,2,MCTS_CheckersHeuristic
-1227601898,Checkers,0,GAME_OVER,65,64,2,199,2,MCTS_CheckersHeuristic,2,1,1,MCTS_CheckersHeuristic
2056773874,Checkers,0,GAME_OVER,55,54,2,200,2,MCTS_CheckersHeuristic,2,1,1,MCTS_CheckersHeuristic
-601157059,Checkers,0,GAME_OVER,71,70,2,201,1,MCTS_CheckersHeuristic,1,2,2,MCTS_CheckersHeuristic
1017260225,Checkers,0,GAME_OVER,78,77,2,202,2,MCTS_CheckersHeuristic,2,1,1,OSLA
-998926163,Checkers,0,GAME_OVER,126,125,2,203,2,MCTS_CheckersHeuristic,2,1,1,OSLA
-1283026673,Checkers,0,GAME_OVER,107,106,2,204,2,MCTS_CheckersHeuristic,2,1,1,OSLA
-914035881,Checkers,0,GAME_OVER,58,57,2,205,2,MCTS_CheckersHeuristic,2,1,1,OSLA
1392166865,Checkers,0,GAME_OVER,93,92,2,206,2,MCTS_CheckersHeuristic,2,1,1,OSLA
-984713997,Checkers,0,GAME_OVER,49,48,2,207,2,MCTS_CheckersHeuristic,2,1,1,OSLA
1401968321,Checkers,0,GAME_OVER,61,60,2,208,2,MCTS_CheckersHeuristic,2,1,1,OSLA
1375112552,Checkers,0,GAME_OVER,55,54,2,209,1,MCTS_CheckersHeuristic,1,2,2,OSLA
-1262434534,Checkers,0,GAME_OVER,47,46,2,210,2,MCTS_CheckersHeuristic,2,1,1,OSLA
-1381155222,Checkers,0,GAME_OVER,50,49,2,211,2,MCTS_CheckersHeuristic,2,1,1,OSLA
-1480604482,Checkers,0,GAME_OVER,46,45,2,212,2,MCTS_CheckersHeuristic,2,1,1,OSLA
-840827977,Checkers,0,GAME_OVER,72,71,2,213,2,MCTS_CheckersHeuristic,2,1,1,OSLA
-1651020227,Checkers,0,GAME_OVER,68,67,2,214,2,MCTS_CheckersHeuristic,2,1,1,OSLA
-1337418593,Checkers,0,GAME_OVER,79,78,2,215,2,MCTS_CheckersHeuristic,2,1,1,OSLA
626067167,Checkers,0,GAME_OVER,55,54,2,216,2,MCTS_CheckersHeuristic,2,1,1,OSLA
43972217,Checkers,0,GAME_OVER,40,39,2,217,2,MCTS_CheckersHeuristic,2,1,1,OSLA
652653912,Checkers,0,GAME_OVER,52,51,2,218,2,MCTS_CheckersHeuristic,2,1,1,OSLA
-1273109515,Checkers,0,GAME_OVER,58,57,2,219,2,MCTS_CheckersHeuristic,2,1,1,OSLA
638161115,Checkers,0,GAME_OVER,48,47,2,220,2,MCTS_CheckersHeuristic,2,1,1,OSLA
1977248622,Checkers,0,GAME_OVER,53,52,2,221,2,MCTS_CheckersHeuristic,2,1,1,OSLA
1877723035,Checkers,0,GAME_OVER,65,64,2,222,2,MCTS_CheckersHeuristic,2,1,1,OSLA
-247880027,Checkers,0,GAME_OVER,53,52,2,223,2,MCTS_CheckersHeuristic,2,1,1,OSLA
60257536,Checkers,0,GAME_OVER,90,89,2,224,1,MCTS_CheckersHeuristic,1,1,1,OSLA
-1023141750,Checkers,0,GAME_OVER,60,59,2,225,1,MCTS_CheckersHeuristic,1,2,2,OSLA
-1531536613,Checkers,0,GAME_OVER,119,118,2,226,1,MCTS_CheckersHeuristic,1,1,1,OSLA
-1870015994,Checkers,0,GAME_OVER,113,112,2,227,1,MCTS_CheckersHeuristic,1,1,1,OSLA
-587009505,Checkers,0,GAME_OVER,59,58,2,228,2,MCTS_CheckersHeuristic,2,1,1,OSLA
656487640,Checkers,0,GAME_OVER,57,56,2,229,2,MCTS_CheckersHeuristic,2,1,1,OSLA
885567973,Checkers,0,GAME_OVER,87,86,2,230,2,MCTS_CheckersHeuristic,2,1,1,OSLA
-446833650,Checkers,0,GAME_OVER,57,56,2,231,2,MCTS_CheckersHeuristic,2,1,1,OSLA
-1462342457,Checkers,0,GAME_OVER,38,37,2,232,2,MCTS_CheckersHeuristic,2,1,1,OSLA
-106544229,Checkers,0,GAME_OVER,69,68,2,233,1,MCTS_CheckersHeuristic,1,2,2,OSLA
-659138474,Checkers,0,GAME_OVER,38,37,2,234,2,MCTS_CheckersHeuristic,2,1,1,OSLA
-25311976,Checkers,0,GAME_OVER,65,64,2,235,2,MCTS_CheckersHeuristic,2,1,1,OSLA
1076905910,Checkers,0,GAME_OVER,51,50,2,236,2,MCTS_CheckersHeuristic,2,1,1,OSLA
-1904708170,Checkers,0,GAME_OVER,49,48,2,237,2,MCTS_CheckersHeuristic,2,1,1,OSLA
-1972570966,Checkers,0,GAME_OVER,77,76,2,238,2,MCTS_CheckersHeuristic,2,1,1,OSLA
1007219174,Checkers,0,GAME_OVER,63,62,2,239,2,MCTS_CheckersHeuristic,2,1,1,OSLA
-634040436,Checkers,0,GAME_OVER,50,49,2,240,2,MCTS_CheckersHeuristic,2,1,1,OSLA
-195478195,Checkers,0,GAME_OVER,43,42,2,241,2,MCTS_CheckersHeuristic,2,1,1,OSLA
-1831453742,Checkers,0,GAME_OVER,47,46,2,242,2,MCTS_CheckersHeuristic,2,1,1,OSLA
1255809514,Checkers,0,GAME_OVER,59,58,2,243,2,MCTS_CheckersHeuristic,2,1,1,OSLA
-476992062,Checkers,0,GAME_OVER,71,70,2,244,2,MCTS_CheckersHeuristic,2,1,1,OSLA
570750891,Checkers,0,GAME_OVER,53,52,2,245,2,MCTS_CheckersHeuristic,2,1,1,OSLA
-1564909687,Checkers,0,GAME_OVER,69,68,2,246,2,MCTS_CheckersHeuristic,2,1,1,OSLA
-566360639,Checkers,0,GAME_OVER,52,51,2,247,2,MCTS_CheckersHeuristic,2,1,1,OSLA
1445041881,Checkers,0,GAME_OVER,53,52,2,248,2,MCTS_CheckersHeuristic,2,1,1,OSLA
-2055745179,Checkers,0,GAME_OVER,129,128,2,249,1,MCTS_CheckersHeuristic,1,1,1,OSLA
1094224296,Checkers,0,GAME_OVER,77,76,2,250,2,MCTS_CheckersHeuristic,2,1,1,OSLA
27146751,Checkers,0,GAME_OVER,54,53,2,251,2,MCTS_CheckersHeuristic,2,1,1,OSLA
1085941718,Checkers,0,GAME_OVER,46,45,2,252,2,MCTS_CheckersHeuristic,2,1,1,OSLA
173689024,Checkers,0,GAME_OVER,60,59,2,253,2,MCTS_CheckersHeuristic,2,1,1,OSLA
-245745479,Checkers,0,GAME_OVER,62,61,2,254,2,MCTS_CheckersHeuristic,2,1,1,OSLA
765110833,Checkers,0,GAME_OVER,42,41,2,255,2,MCTS_CheckersHeuristic,2,1,1,OSLA
1369319149,Checkers,0,GAME_OVER,75,74,2,256,2,MCTS_CheckersHeuristic,2,1,1,OSLA
-1329008049,Checkers,0,GAME_OVER,85,84,2,257,2,MCTS_CheckersHeuristic,2,1,1,OSLA
1593004491,Checkers,0,GAME_OVER,76,75,2,258,2,MCTS_CheckersHeuristic,2,1,1,OSLA
-81289185,Checkers,0,GAME_OVER,62,61,2,259,2,MCTS_CheckersHeuristic,2,1,1,OSLA
649173883,Checkers,0,GAME_OVER,48,47,2,260,2,MCTS_CheckersHeuristic,2,1,1,OSLA
-1161731104,Checkers,0,GAME_OVER,48,47,2,261,2,MCTS_CheckersHeuristic,2,1,1,OSLA
-750781564,Checkers,0,GAME_OVER,55,54,2,262,2,MCTS_CheckersHeuristic,2,1,1,OSLA
1810301777,Checkers,0,GAME_OVER,62,61,2,263,2,MCTS_CheckersHeuristic,2,1,1,OSLA
1346007353,Checkers,0,GAME_OVER,55,54,2,264,2,MCTS_CheckersHeuristic,2,1,1,OSLA
1991797145,Checkers,0,GAME_OVER,73,72,2,265,2,MCTS_CheckersHeuristic,2,1,1,OSLA
-1614375300,Checkers,0,GAME_OVER,47,46,2,266,2,MCTS_CheckersHeuristic,2,1,1,OSLA
492276948,Checkers,0,GAME_OVER,67,66,2,267,2,MCTS_CheckersHeuristic,2,1,1,OSLA
892050094,Checkers,0,GAME_OVER,61,60,2,268,2,MCTS_CheckersHeuristic,2,1,1,OSLA
1333520733,Checkers,0,GAME_OVER,70,69,2,269,2,MCTS_CheckersHeuristic,2,1,1,OSLA
738289352,Checkers,0,GAME_OVER,80,79,2,270,2,MCTS_CheckersHeuristic,2,1,1,OSLA
886895421,Checkers,0,GAME_OVER,61,60,2,271,2,MCTS_CheckersHeuristic,2,1,1,OSLA
-170170651,Checkers,0,GAME_OVER,64,63,2,272,2,MCTS_CheckersHeuristic,2,1,1,OSLA
1053104243,Checkers,0,GAME_OVER,104,103,2,273,1,MCTS_CheckersHeuristic,1,1,1,OSLA
-989805868,Checkers,0,GAME_OVER,55,54,2,274,2,MCTS_CheckersHeuristic,2,1,1,OSLA
-2125442322,Checkers,0,GAME_OVER,50,49,2,275,1,MCTS_CheckersHeuristic,1,2,2,OSLA
-1965228448,Checkers,0,GAME_OVER,48,47,2,276,2,MCTS_CheckersHeuristic,2,1,1,OSLA
520480617,Checkers,0,GAME_OVER,59,58,2,277,1,MCTS_CheckersHeuristic,1,2,2,OSLA
788585333,Checkers,0,GAME_OVER,124,123,2,278,1,MCTS_CheckersHeuristic,1,1,1,OSLA
-738699625,Checkers,0,GAME_OVER,54,53,2,279,2,MCTS_CheckersHeuristic,2,1,1,OSLA
1824537420,Checkers,0,GAME_OVER,53,52,2,280,2,MCTS_CheckersHeuristic,2,1,1,OSLA
-599341002,Checkers,0,GAME_OVER,57,56,2,281,1,MCTS_CheckersHeuristic,1,2,2,OSLA
-1794412227,Checkers,0,GAME_OVER,56,55,2,282,2,MCTS_CheckersHeuristic,2,1,1,OSLA
1388110847,Checkers,0,GAME_OVER,61,60,2,283,2,MCTS_CheckersHeuristic,2,1,1,OSLA
1039814901,Checkers,0,GAME_OVER,81,80,2,284,2,MCTS_CheckersHeuristic,2,1,1,OSLA
-912772450,Checkers,0,GAME_OVER,67,66,2,285,2,MCTS_CheckersHeuristic,2,1,1,OSLA
-1418786031,Checkers,0,GAME_OVER,52,51,2,286,2,MCTS_CheckersHeuristic,2,1,1,OSLA
-396209916,Checkers,0,GAME_OVER,87,86,2,287,1,MCTS_CheckersHeuristic,1,1,1,OSLA
493680251,Checkers,0,GAME_OVER,131,130,2,288,1,MCTS_CheckersHeuristic,1,1,1,OSLA
-1427272998,Checkers,0,GAME_OVER,58,57,2,289,2,MCTS_CheckersHeuristic,2,1,1,OSLA
1683653113,Checkers,0,GAME_OVER,51,50,2,290,2,MCTS_CheckersHeuristic,2,1,1,OSLA
-1445698336,Checkers,0,GAME_OVER,76,75,2,291,2,MCTS_CheckersHeuristic,2,1,1,OSLA
1294534854,Checkers,0,GAME_OVER,50,49,2,292,2,MCTS_CheckersHeuristic,2,1,1,OSLA
2020429431,Checkers,0,GAME_OVER,59,58,2,293,2,MCTS_CheckersHeuristic,2,1,1,OSLA
998569527,Checkers,0,GAME_OVER,68,67,2,294,2,MCTS_CheckersHeuristic,2,1,1,OSLA
961128877,Checkers,0,GAME_OVER,56,55,2,295,2,MCTS_CheckersHeuristic,2,1,1,OSLA
-1050355786,Checkers,0,GAME_OVER,67,66,2,296,2,MCTS_CheckersHeuristic,2,1,1,OSLA
-895702146,Checkers,0,GAME_OVER,46,45,2,297,2,MCTS_CheckersHeuristic,2,1,1,OSLA
-71859814,Checkers,0,GAME_OVER,50,49,2,298,2,MCTS_CheckersHeuristic,2,1,1,OSLA
-712256982,Checkers,0,GAME_OVER,59,58,2,299,1,MCTS_CheckersHeuristic,1,2,2,OSLA
1986892447,Checkers,0,GAME_OVER,58,57,2,300,2,MCTS_CheckersHeuristic,2,1,1,OSLA
-326441516,Checkers,0,GAME_OVER,59,58,2,301,2,MCTS_CheckersHeuristic,2,1,1,OSLA
-1467008237,Checkers,0,GAME_OVER,56,55,2,302,2,MCTS_CheckersHeuristic,2,1,1,OSLA
-717604929,Checkers,0,GAME_OVER,51,50,2,303,1,MCTS_CheckersHeuristic,1,2,2,OSLA
1289652212,Checkers,0,GAME_OVER,60,59,2,304,2,MCTS_CheckersHeuristic,2,1,1,OSLA
344141539,Checkers,0,GAME_OVER,66,65,2,305,2,MCTS_CheckersHeuristic,2,1,1,OSLA
1831034760,Checkers,0,GAME_OVER,64,63,2,306,2,MCTS_CheckersHeuristic,2,1,1,OSLA
128431294,Checkers,0,GAME_OVER,46,45,2,307,2,MCTS_CheckersHeuristic,2,1,1,OSLA
-924832703,Checkers,0,GAME_OVER,85,84,2,308,2,MCTS_CheckersHeuristic,2,1,1,OSLA
1930548090,Checkers,0,GAME_OVER,49,48,2,309,2,MCTS_CheckersHeuristic,2,1,1,OSLA
-1364937752,Checkers,0,GAME_OVER,57,56,2,310,2,MCTS_CheckersHeuristic,2,1,1,OSLA
-1757061397,Checkers,0,GAME_OVER,75,74,2,311,2,MCTS_CheckersHeuristic,2,1,1,OSLA
-958653346,Checkers,0,GAME_OVER,63,62,2,312,2,MCTS_CheckersHeuristic,2,1,1,OSLA
-40639503,Checkers,0,GAME_OVER,68,67,2,313,2,MCTS_CheckersHeuristic,2,1,1,OSLA
-1782025089,Checkers,0,GAME_OVER,47,46,2,314,2,MCTS_CheckersHeuristic,2,1,1,OSLA
413132350,Checkers,0,GAME_OVER,58,57,2,315,2,MCTS_CheckersHeuristic,2,1,1,OSLA
-718106911,Checkers,0,GAME_OVER,112,111,2,316,1,MCTS_CheckersHeuristic,1,1,1,OSLA
-749290863,Checkers,0,GAME_OVER,68,67,2,317,2,MCTS_CheckersHeuristic,2,1,1,OSLA
203580810,Checkers,0,GAME_OVER,55,54,2,318,1,MCTS_CheckersHeuristic,1,2,2,OSLA
-183657498,Checkers,0,GAME_OVER,71,70,2,319,2,MCTS_CheckersHeuristic,2,1,1,OSLA
-363796268,Checkers,0,GAME_OVER,53,52,2,320,1,MCTS_CheckersHeuristic,1,2,2,OSLA
1019151410,Checkers,0,GAME_OVER,110,109,2,321,1,MCTS_CheckersHeuristic,1,1,1,OSLA
-1598629618,Checkers,0,GAME_OVER,61,60,2,322,2,MCTS_CheckersHeuristic,2,1,1,OSLA
629630353,Checkers,0,GAME_OVER,134,133,2,323,2,MCTS_CheckersHeuristic,2,1,1,OSLA
407923111,Checkers,0,GAME_OVER,46,45,2,324,2,MCTS_CheckersHeuristic,2,1,1,OSLA
-783995100,Checkers,0,GAME_OVER,54,53,2,325,1,MCTS_CheckersHeuristic,1,2,2,OSLA
1917238756,Checkers,0,GAME_OVER,95,94,2,326,1,MCTS_CheckersHeuristic,1,2,2,OSLA
-1996021526,Checkers,0,GAME_OVER,51,50,2,327,2,MCTS_CheckersHeuristic,2,1,1,OSLA
1446978152,Checkers,0,GAME_OVER,135,134,2,328,1,MCTS_CheckersHeuristic,1,1,1,OSLA
-1248893870,Checkers,0,GAME_OVER,53,52,2,329,2,MCTS_CheckersHeuristic,2,1,1,OSLA
-614134760,Checkers,0,GAME_OVER,70,69,2,330,1,MCTS_CheckersHeuristic,1,2,2,OSLA
510278499,Checkers,0,GAME_OVER,69,68,2,331,2,MCTS_CheckersHeuristic,2,1,1,OSLA
-1700484048,Checkers,0,GAME_OVER,58,57,2,332,2,MCTS_CheckersHeuristic,2,1,1,OSLA
-321950044,Checkers,0,GAME_OVER,61,60,2,333,2,MCTS_CheckersHeuristic,2,1,1,OSLA
2105942644,Checkers,0,GAME_OVER,113,112,2,334,1,MCTS_CheckersHeuristic,1,1,1,OSLA
612336180,Checkers,0,GAME_OVER,69,68,2,335,2,MCTS_CheckersHeuristic,2,1,1,OSLA
636965344,Checkers,0,GAME_OVER,42,41,2,336,2,MCTS_CheckersHeuristic,2,1,1,OSLA
-636668763,Checkers,0,GAME_OVER,88,87,2,337,2,MCTS_CheckersHeuristic,2,1,1,OSLA
-1842419369,Checkers,0,GAME_OVER,52,51,2,338,2,MCTS_CheckersHeuristic,2,1,1,OSLA
-137138526,Checkers,0,GAME_OVER,62,61,2,339,2,MCTS_CheckersHeuristic,2,1,1,OSLA
-976379635,Checkers,0,GAME_OVER,55,54,2,340,2,MCTS_CheckersHeuristic,2,1,1,OSLA
-1653823386,Checkers,0,GAME_OVER,63,62,2,341,2,MCTS_CheckersHeuristic,2,1,1,OSLA
1433587402,Checkers,0,GAME_OVER,140,139,2,342,1,MCTS_CheckersHeuristic,1,1,1,OSLA
1430155908,Checkers,0,GAME_OVER,105,104,2,343,1,MCTS_CheckersHeuristic,1,1,1,OSLA
98801208,Checkers,0,GAME_OVER,55,54,2,344,2,MCTS_CheckersHeuristic,2,1,1,OSLA
1896370593,Checkers,0,GAME_OVER,55,54,2,345,2,MCTS_CheckersHeuristic,2,1,1,OSLA
2018308052,Checkers,0,GAME_OVER,61,60,2,346,2,MCTS_CheckersHeuristic,2,1,1,OSLA
376244482,Checkers,0,GAME_OVER,74,73,2,347,2,MCTS_CheckersHeuristic,2,1,1,OSLA
566876226,Checkers,0,GAME_OVER,68,67,2,348,2,MCTS_CheckersHeuristic,2,1,1,OSLA
1726469664,Checkers,0,GAME_OVER,62,61,2,349,2,MCTS_CheckersHeuristic,2,1,1,OSLA
-179174643,Checkers,0,GAME_OVER,89,88,2,350,2,MCTS_CheckersHeuristic,2,1,1,OSLA
852594592,Checkers,0,GAME_OVER,57,56,2,351,2,MCTS_CheckersHeuristic,2,1,1,OSLA
1015592734,Checkers,0,GAME_OVER,49,48,2,352,2,MCTS_CheckersHeuristic,2,1,1,OSLA
1881941087,Checkers,0,GAME_OVER,69,68,2,353,2,MCTS_CheckersHeuristic,2,1,1,OSLA
1409144944,Checkers,0,GAME_OVER,54,53,2,354,2,MCTS_CheckersHeuristic,2,1,1,OSLA
-1209259142,Checkers,0,GAME_OVER,46,45,2,355,2,MCTS_CheckersHeuristic,2,1,1,OSLA
31973832,Checkers,0,GAME_OVER,52,51,2,356,2,MCTS_CheckersHeuristic,2,1,1,OSLA
-889117584,Checkers,0,GAME_OVER,66,65,2,357,2,MCTS_CheckersHeuristic,2,1,1,OSLA
1740145269,Checkers,0,GAME_OVER,43,42,2,358,2,MCTS_CheckersHeuristic,2,1,1,OSLA
-137019695,Checkers,0,GAME_OVER,67,66,2,359,2,MCTS_CheckersHeuristic,2,1,1,OSLA
-1431894155,Checkers,0,GAME_OVER,50,49,2,360,2,MCTS_CheckersHeuristic,2,1,1,OSLA
1669272350,Checkers,0,GAME_OVER,62,61,2,361,2,MCTS_CheckersHeuristic,2,1,1,OSLA
1155300447,Checkers,0,GAME_OVER,47,46,2,362,1,MCTS_CheckersHeuristic,1,2,2,OSLA
-1866779963,Checkers,0,GAME_OVER,84,83,2,363,2,MCTS_CheckersHeuristic,2,1,1,OSLA
688052235,Checkers,0,GAME_OVER,53,52,2,364,2,MCTS_CheckersHeuristic,2,1,1,OSLA
1235479381,Checkers,0,GAME_OVER,53,52,2,365,1,MCTS_CheckersHeuristic,1,2,2,OSLA
1892180434,Checkers,0,GAME_OVER,58,57,2,366,2,MCTS_CheckersHeuristic,2,1,1,OSLA
1674352996,Checkers,0,GAME_OVER,59,58,2,367,2,MCTS_CheckersHeuristic,2,1,1,OSLA
2024085458,Checkers,0,GAME_OVER,43,42,2,368,2,MCTS_CheckersHeuristic,2,1,1,OSLA
-1372618303,Checkers,0,GAME_OVER,46,45,2,369,2,MCTS_CheckersHeuristic,2,1,1,OSLA
-6550616,Checkers,0,GAME_OVER,65,64,2,370,2,MCTS_CheckersHeuristic,2,1,1,OSLA
-1844188190,Checkers,0,GAME_OVER,80,79,2,371,1,MCTS_CheckersHeuristic,1,2,2,OSLA
332773996,Checkers,0,GAME_OVER,83,82,2,372,2,MCTS_CheckersHeuristic,2,1,1,OSLA
1471362740,Checkers,0,GAME_OVER,53,52,2,373,2,MCTS_CheckersHeuristic,2,1,1,OSLA
1005200900,Checkers,0,GAME_OVER,72,71,2,374,2,MCTS_CheckersHeuristic,2,1,1,OSLA
576350506,Checkers,0,GAME_OVER,68,67,2,375,2,MCTS_CheckersHeuristic,2,1,1,OSLA
44972290,Checkers,0,GAME_OVER,78,77,2,376,2,MCTS_CheckersHeuristic,2,1,1,OSLA
-892313012,Checkers,0,GAME_OVER,42,41,2,377,2,MCTS_CheckersHeuristic,2,1,1,OSLA
-945515610,Checkers,0,GAME_OVER,53,52,2,378,2,MCTS_CheckersHeuristic,2,1,1,OSLA
-797189995,Checkers,0,GAME_OVER,71,70,2,379,2,MCTS_CheckersHeuristic,2,1,1,OSLA
-412117056,Checkers,0,GAME_OVER,57,56,2,380,2,MCTS_CheckersHeuristic,2,1,1,OSLA
1924062932,Checkers,0,GAME_OVER,52,51,2,381,2,MCTS_CheckersHeuristic,2,1,1,OSLA
-1558498688,Checkers,0,GAME_OVER,81,80,2,382,2,MCTS_CheckersHeuristic,2,1,1,OSLA
2095920376,Checkers,0,GAME_OVER,127,126,2,383,1,MCTS_CheckersHeuristic,1,1,1,OSLA
-1741762942,Checkers,0,GAME_OVER,58,57,2,384,1,MCTS_CheckersHeuristic,1,2,2,OSLA
-1821944470,Checkers,0,GAME_OVER,58,57,2,385,2,MCTS_CheckersHeuristic,2,1,1,OSLA
-1001794166,Checkers,0,GAME_OVER,51,50,2,386,2,MCTS_CheckersHeuristic,2,1,1,OSLA
-824933404,Checkers,0,GAME_OVER,127,126,2,387,2,MCTS_CheckersHeuristic,2,1,1,OSLA
-116225841,Checkers,0,GAME_OVER,36,35,2,388,2,MCTS_CheckersHeuristic,2,1,1,OSLA
1035153634,Checkers,0,GAME_OVER,52,51,2,389,2,MCTS_CheckersHeuristic,2,1,1,OSLA
-1892972590,Checkers,0,GAME_OVER,64,63,2,390,2,MCTS_CheckersHeuristic,2,1,1,OSLA
1815108904,Checkers,0,GAME_OVER,79,78,2,391,1,MCTS_CheckersHeuristic,1,1,1,OSLA
-828870395,Checkers,0,GAME_OVER,107,106,2,392,2,MCTS_CheckersHeuristic,2,1,1,OSLA
-2081531158,Checkers,0,GAME_OVER,53,52,2,393,2,MCTS_CheckersHeuristic,2,1,1,OSLA
-1936298794,Checkers,0,GAME_OVER,64,63,2,394,2,MCTS_CheckersHeuristic,2,1,1,OSLA
108127898,Checkers,0,GAME_OVER,52,51,2,395,2,MCTS_CheckersHeuristic,2,1,1,OSLA
-2079884586,Checkers,0,GAME_OVER,74,73,2,396,2,MCTS_CheckersHeuristic,2,1,1,OSLA
-493541522,Checkers,0,GAME_OVER,67,66,2,397,2,MCTS_CheckersHeuristic,2,1,1,OSLA
-1048260075,Checkers,0,GAME_OVER,72,71,2,398,1,MCTS_CheckersHeuristic,1,2,2,OSLA
-1227601898,Checkers,0,GAME_OVER,54,53,2,399,2,MCTS_CheckersHeuristic,2,1,1,OSLA
2056773874,Checkers,0,GAME_OVER,71,70,2,400,2,MCTS_CheckersHeuristic,2,1,1,OSLA
-601157059,Checkers,0,GAME_OVER,76,75,2,401,2,MCTS_CheckersHeuristic,2,1,1,OSLA
1017260225,Checkers,0,GAME_OVER,56,55,2,402,2,MCTS_CheckersHeuristic,2,1,1,RandomPlayerConfig
-998926163,Checkers,0,GAME_OVER,46,45,2,403,2,MCTS_CheckersHeuristic,2,1,1,RandomPlayerConfig
-1283026673,Checkers,0,GAME_OVER,43,42,2,404,2,MCTS_CheckersHeuristic,2,1,1,RandomPlayerConfig
-914035881,Checkers,0,GAME_OVER,33,32,2,405,2,MCTS_CheckersHeuristic,2,1,1,RandomPlayerConfig
1392166865,Checkers,0,GAME_OVER,48,47,2,406,2,MCTS_CheckersHeuristic,2,1,1,RandomPlayerConfig
-984713997,Checkers,0,GAME_OVER,36,35,2,407,2,MCTS_CheckersHeuristic,2,1,1,RandomPlayerConfig
1401968321,Checkers,0,GAME_OVER,40,39,2,408,2,MCTS_CheckersHeuristic,2,1,1,RandomPlayerConfig
1375112552,Checkers,0,GAME_OVER,40,39,2,409,2,MCTS_CheckersHeuristic,2,1,1,RandomPlayerConfig
-1262434534,Checkers,0,GAME_OVER,42,41,2,410,2,MCTS_CheckersHeuristic,2,1,1,RandomPlayerConfig
-1381155222,Checkers,0,GAME_OVER,50,49,2,411,2,MCTS_CheckersHeuristic,2,1,1,RandomPlayerConfig
-1480604482,Checkers,0,GAME_OVER,45,44,2,412,2,MCTS_CheckersHeuristic,2,1,1,RandomPlayerConfig
-840827977,Checkers,0,GAME_OVER,47,46,2,413,2,MCTS_CheckersHeuristic,2,1,1,RandomPlayerConfig
-1651020227,Checkers,0,GAME_OVER,41,40,2,414,2,MCTS_CheckersHeuristic,2,1,1,RandomPlayerConfig
-1337418593,Checkers,0,GAME_OVER,49,48,2,415,2,MCTS_CheckersHeuristic,2,1,1,RandomPlayerConfig
626067167,Checkers,0,GAME_OVER,44,43,2,416,2,MCTS_CheckersHeuristic,2,1,1,RandomPlayerConfig
43972217,Checkers,0,GAME_OVER,45,44,2,417,2,MCTS_CheckersHeuristic,2,1,1,RandomPlayerConfig
652653912,Checkers,0,GAME_OVER,39,38,2,418,2,MCTS_CheckersHeuristic,2,1,1,RandomPlayerConfig
-1273109515,Checkers,0,GAME_OVER,37,36,2,419,2,MCTS_CheckersHeuristic,2,1,1,RandomPlayerConfig
638161115,Checkers,0,GAME_OVER,51,50,2,420,2,MCTS_CheckersHeuristic,2,1,1,RandomPlayerConfig
1977248622,Checkers,0,GAME_OVER,41,40,2,421,2,MCTS_CheckersHeuristic,2,1,1,RandomPlayerConfig
1877723035,Checkers,0,GAME_OVER,43,42,2,422,2,MCTS_CheckersHeuristic,2,1,1,RandomPlayerConfig
-247880027,Checkers,0,GAME_OVER,43,42,2,423,2,MCTS_CheckersHeuristic,2,1,1,RandomPlayerConfig
60257536,Checkers,0,GAME_OVER,40,39,2,424,2,MCTS_CheckersHeuristic,2,1,1,RandomPlayerConfig
-1023141750,Checkers,0,GAME_OVER,49,48,2,425,2,MCTS_CheckersHeuristic,2,1,1,RandomPlayerConfig
-1531536613,Checkers,0,GAME_OVER,37,36,2,426,2,MCTS_CheckersHeuristic,2,1,1,RandomPlayerConfig
-1870015994,Checkers,0,GAME_OVER,46,45,2,427,2,MCTS_CheckersHeuristic,2,1,1,RandomPlayerConfig
-587009505,Checkers,0,GAME_OVER,46,45,2,428,2,MCTS_CheckersHeuristic,2,1,1,RandomPlayerConfig
656487640,Checkers,0,GAME_OVER,45,44,2,429,2,MCTS_CheckersHeuristic,2,1,1,RandomPlayerConfig
885567973,Checkers,0,GAME_OVER,39,38,2,430,2,MCTS_CheckersHeuristic,2,1,1,RandomPlayerConfig
-446833650,Checkers,0,GAME_OVER,43,42,2,431,2,MCTS_CheckersHeuristic,2,1,1,RandomPlayerConfig
-1462342457,Checkers,0,GAME_OVER,43,42,2,432,2,MCTS_CheckersHeuristic,2,1,1,RandomPlayerConfig
-106544229,Checkers,0,GAME_OVER,39,38,2,433,2,MCTS_CheckersHeuristic,2,1,1,RandomPlayerConfig
-659138474,Checkers,0,GAME_OVER,45,44,2,434,2,MCTS_CheckersHeuristic,2,1,1,RandomPlayerConfig
-25311976,Checkers,0,GAME_OVER,42,41,2,435,2,MCTS_CheckersHeuristic,2,1,1,RandomPlayerConfig
1076905910,Checkers,0,GAME_OVER,46,45,2,436,2,MCTS_CheckersHeuristic,2,1,1,RandomPlayerConfig
-1904708170,Checkers,0,GAME_OVER,36,35,2,437,2,MCTS_CheckersHeuristic,2,1,1,RandomPlayerConfig
-1972570966,Checkers,0,GAME_OVER,42,41,2,438,2,MCTS_CheckersHeuristic,2,1,1,RandomPlayerConfig
1007219174,Checkers,0,GAME_OVER,45,44,2,439,2,MCTS_CheckersHeuristic,2,1,1,RandomPlayerConfig
-634040436,Checkers,0,GAME_OVER,54,53,2,440,2,MCTS_CheckersHeuristic,2,1,1,RandomPlayerConfig
-195478195,Checkers,0,GAME_OVER,36,35,2,441,2,MCTS_CheckersHeuristic,2,1,1,RandomPlayerConfig
-1831453742,Checkers,0,GAME_OVER,45,44,2,442,2,MCTS_CheckersHeuristic,2,1,1,RandomPlayerConfig
1255809514,Checkers,0,GAME_OVER,40,39,2,443,2,MCTS_CheckersHeuristic,2,1,1,RandomPlayerConfig
-476992062,Checkers,0,GAME_OVER,50,49,2,444,2,MCTS_CheckersHeuristic,2,1,1,RandomPlayerConfig
570750891,Checkers,0,GAME_OVER,53,52,2,445,2,MCTS_CheckersHeuristic,2,1,1,RandomPlayerConfig
-1564909687,Checkers,0,GAME_OVER,62,61,2,446,2,MCTS_CheckersHeuristic,2,1,1,RandomPlayerConfig
-566360639,Checkers,0,GAME_OVER,40,39,2,447,2,MCTS_CheckersHeuristic,2,1,1,RandomPlayerConfig
1445041881,Checkers,0,GAME_OVER,40,39,2,448,2,MCTS_CheckersHeuristic,2,1,1,RandomPlayerConfig
-2055745179,Checkers,0,GAME_OVER,43,42,2,449,2,MCTS_CheckersHeuristic,2,1,1,RandomPlayerConfig
1094224296,Checkers,0,GAME_OVER,56,55,2,450,2,MCTS_CheckersHeuristic,2,1,1,RandomPlayerConfig
27146751,Checkers,0,GAME_OVER,40,39,2,451,2,MCTS_CheckersHeuristic,2,1,1,RandomPlayerConfig
1085941718,Checkers,0,GAME_OVER,52,51,2,452,2,MCTS_CheckersHeuristic,2,1,1,RandomPlayerConfig
173689024,Checkers,0,GAME_OVER,39,38,2,453,2,MCTS_CheckersHeuristic,2,1,1,RandomPlayerConfig
-245745479,Checkers,0,GAME_OVER,51,50,2,454,2,MCTS_CheckersHeuristic,2,1,1,RandomPlayerConfig
765110833,Checkers,0,GAME_OVER,49,48,2,455,2,MCTS_CheckersHeuristic,2,1,1,RandomPlayerConfig
1369319149,Checkers,0,GAME_OVER,43,42,2,456,2,MCTS_CheckersHeuristic,2,1,1,RandomPlayerConfig
-1329008049,Checkers,0,GAME_OVER,49,48,2,457,2,MCTS_CheckersHeuristic,2,1,1,RandomPlayerConfig
1593004491,Checkers,0,GAME_OVER,42,41,2,458,2,MCTS_CheckersHeuristic,2,1,1,RandomPlayerConfig
-81289185,Checkers,0,GAME_OVER,41,40,2,459,2,MCTS_CheckersHeuristic,2,1,1,RandomPlayerConfig
649173883,Checkers,0,GAME_OVER,41,40,2,460,2,MCTS_CheckersHeuristic,2,1,1,RandomPlayerConfig
-1161731104,Checkers,0,GAME_OVER,43,42,2,461,2,MCTS_CheckersHeuristic,2,1,1,RandomPlayerConfig
-750781564,Checkers,0,GAME_OVER,41,40,2,462,2,MCTS_CheckersHeuristic,2,1,1,RandomPlayerConfig
1810301777,Checkers,0,GAME_OVER,53,52,2,463,2,MCTS_CheckersHeuristic,2,1,1,RandomPlayerConfig
1346007353,Checkers,0,GAME_OVER,37,36,2,464,2,MCTS_CheckersHeuristic,2,1,1,RandomPlayerConfig
1991797145,Checkers,0,GAME_OVER,40,39,2,465,2,MCTS_CheckersHeuristic,2,1,1,RandomPlayerConfig
-1614375300,Checkers,0,GAME_OVER,47,46,2,466,2,MCTS_CheckersHeuristic,2,1,1,RandomPlayerConfig
492276948,Checkers,0,GAME_OVER,48,47,2,467,2,MCTS_CheckersHeuristic,2,1,1,RandomPlayerConfig
892050094,Checkers,0,GAME_OVER,37,36,2,468,2,MCTS_CheckersHeuristic,2,1,1,RandomPlayerConfig
1333520733,Checkers,0,GAME_OVER,43,42,2,469,2,MCTS_CheckersHeuristic,2,1,1,RandomPlayerConfig
738289352,Checkers,0,GAME_OVER,44,43,2,470,2,MCTS_CheckersHeuristic,2,1,1,RandomPlayerConfig
886895421,Checkers,0,GAME_OVER,44,43,2,471,2,MCTS_CheckersHeuristic,2,1,1,RandomPlayerConfig
-170170651,Checkers,0,GAME_OVER,46,45,2,472,2,MCTS_CheckersHeuristic,2,1,1,RandomPlayerConfig
1053104243,Checkers,0,GAME_OVER,40,39,2,473,2,MCTS_CheckersHeuristic,2,1,1,RandomPlayerConfig
-989805868,Checkers,0,GAME_OVER,51,50,2,474,2,MCTS_CheckersHeuristic,2,1,1,RandomPlayerConfig
-2125442322,Checkers,0,GAME_OVER,33,32,2,475,2,MCTS_CheckersHeuristic,2,1,1,RandomPlayerConfig
-1965228448,Checkers,0,GAME_OVER,35,34,2,476,2,MCTS_CheckersHeuristic,2,1,1,RandomPlayerConfig
520480617,Checkers,0,GAME_OVER,47,46,2,477,2,MCTS_CheckersHeuristic,2,1,1,RandomPlayerConfig
788585333,Checkers,0,GAME_OVER,35,34,2,478,2,MCTS_CheckersHeuristic,2,1,1,RandomPlayerConfig
-738699625,Checkers,0,GAME_OVER,46,45,2,479,2,MCTS_CheckersHeuristic,2,1,1,RandomPlayerConfig
1824537420,Checkers,0,GAME_OVER,44,43,2,480,2,MCTS_CheckersHeuristic,2,1,1,RandomPlayerConfig
-599341002,Checkers,0,GAME_OVER,42,41,2,481,2,MCTS_CheckersHeuristic,2,1,1,RandomPlayerConfig
-1794412227,Checkers,0,GAME_OVER,46,45,2,482,2,MCTS_CheckersHeuristic,2,1,1,RandomPlayerConfig
1388110847,Checkers,0,GAME_OVER,42,41,2,483,2,MCTS_CheckersHeuristic,2,1,1,RandomPlayerConfig
1039814901,Checkers,0,GAME_OVER,44,43,2,484,2,MCTS_CheckersHeuristic,2,1,1,RandomPlayerConfig
-912772450,Checkers,0,GAME_OVER,53,52,2,485,2,MCTS_CheckersHeuristic,2,1,1,RandomPlayerConfig
-1418786031,Checkers,0,GAME_OVER,40,39,2,486,2,MCTS_CheckersHeuristic,2,1,1,RandomPlayerConfig
-396209916,Checkers,0,GAME_OVER,48,47,2,487,2,MCTS_CheckersHeuristic,2,1,1,RandomPlayerConfig
493680251,Checkers,0,GAME_OVER,46,45,2,488,2,MCTS_CheckersHeuristic,2,1,1,RandomPlayerConfig
-1427272998,Checkers,0,GAME_OVER,47,46,2,489,2,MCTS_CheckersHeuristic,2,1,1,RandomPlayerConfig
1683653113,Checkers,0,GAME_OVER,45,44,2,490,2,MCTS_CheckersHeuristic,2,1,1,RandomPlayerConfig
-1445698336,Checkers,0,GAME_OVER,39,38,2,491,2,MCTS_CheckersHeuristic,2,1,1,RandomPlayerConfig
1294534854,Checkers,0,GAME_OVER,49,48,2,492,2,MCTS_CheckersHeuristic,2,1,1,RandomPlayerConfig
2020429431,Checkers,0,GAME_OVER,36,35,2,493,2,MCTS_CheckersHeuristic,2,1,1,RandomPlayerConfig
998569527,Checkers,0,GAME_OVER,43,42,2,494,2,MCTS_CheckersHeuristic,2,1,1,RandomPlayerConfig
961128877,Checkers,0,GAME_OVER,39,38,2,495,2,MCTS_CheckersHeuristic,2,1,1,RandomPlayerConfig
-1050355786,Checkers,0,GAME_OVER,39,38,2,496,2,MCTS_CheckersHeuristic,2,1,1,RandomPlayerConfig
-895702146,Checkers,0,GAME_OVER,42,41,2,497,2,MCTS_CheckersHeuristic,2,1,1,RandomPlayerConfig
-71859814,Checkers,0,GAME_OVER,36,35,2,498,2,MCTS_CheckersHeuristic,2,1,1,RandomPlayerConfig
-712256982,Checkers,0,GAME_OVER,47,46,2,499,2,MCTS_CheckersHeuristic,2,1,1,RandomPlayerConfig
1986892447,Checkers,0,GAME_OVER,40,39,2,500,2,MCTS_CheckersHeuristic,2,1,1,RandomPlayerConfig
-326441516,Checkers,0,GAME_OVER,43,42,2,501,2,MCTS_CheckersHeuristic,2,1,1,RandomPlayerConfig
-1467008237,Checkers,0,GAME_OVER,35,34,2,502,2,MCTS_CheckersHeuristic,2,1,1,RandomPlayerConfig
-717604929,Checkers,0,GAME_OVER,46,45,2,503,2,MCTS_CheckersHeuristic,2,1,1,RandomPlayerConfig
1289652212,Checkers,0,GAME_OVER,52,51,2,504,2,MCTS_CheckersHeuristic,2,1,1,RandomPlayerConfig
344141539,Checkers,0,GAME_OVER,47,46,2,505,2,MCTS_CheckersHeuristic,2,1,1,RandomPlayerConfig
1831034760,Checkers,0,GAME_OVER,39,38,2,506,2,MCTS_CheckersHeuristic,2,1,1,RandomPlayerConfig
128431294,Checkers,0,GAME_OVER,44,43,2,507,2,MCTS_CheckersHeuristic,2,1,1,RandomPlayerConfig
-924832703,Checkers,0,GAME_OVER,43,42,2,508,2,MCTS_CheckersHeuristic,2,1,1,RandomPlayerConfig
1930548090,Checkers,0,GAME_OVER,50,49,2,509,2,MCTS_CheckersHeuristic,2,1,1,RandomPlayerConfig
-1364937752,Checkers,0,GAME_OVER,48,47,2,510,2,MCTS_CheckersHeuristic,2,1,1,RandomPlayerConfig
-1757061397,Checkers,0,GAME_OVER,45,44,2,511,2,MCTS_CheckersHeuristic,2,1,1,RandomPlayerConfig
-958653346,Checkers,0,GAME_OVER,38,37,2,512,2,MCTS_CheckersHeuristic,2,1,1,RandomPlayerConfig
-40639503,Checkers,0,GAME_OVER,42,41,2,513,2,MCTS_CheckersHeuristic,2,1,1,RandomPlayerConfig
-1782025089,Checkers,0,GAME_OVER,39,38,2,514,2,MCTS_CheckersHeuristic,2,1,1,RandomPlayerConfig
413132350,Checkers,0,GAME_OVER,48,47,2,515,2,MCTS_CheckersHeuristic,2,1,1,RandomPlayerConfig
-718106911,Checkers,0,GAME_OVER,51,50,2,516,2,MCTS_CheckersHeuristic,2,1,1,RandomPlayerConfig
-749290863,Checkers,0,GAME_OVER,45,44,2,517,2,MCTS_CheckersHeuristic,2,1,1,RandomPlayerConfig
203580810,Checkers,0,GAME_OVER,48,47,2,518,2,MCTS_CheckersHeuristic,2,1,1,RandomPlayerConfig
-183657498,Checkers,0,GAME_OVER,38,37,2,519,2,MCTS_CheckersHeuristic,2,1,1,RandomPlayerConfig
-363796268,Checkers,0,GAME_OVER,46,45,2,520,2,MCTS_CheckersHeuristic,2,1,1,RandomPlayerConfig
1019151410,Checkers,0,GAME_OVER,51,50,2,521,2,MCTS_CheckersHeuristic,2,1,1,RandomPlayerConfig
-1598629618,Checkers,0,GAME_OVER,43,42,2,522,2,MCTS_CheckersHeuristic,2,1,1,RandomPlayerConfig
629630353,Checkers,0,GAME_OVER,37,36,2,523,2,MCTS_CheckersHeuristic,2,1,1,RandomPlayerConfig
407923111,Checkers,0,GAME_OVER,44,43,2,524,2,MCTS_CheckersHeuristic,2,1,1,RandomPlayerConfig
-783995100,Checkers,0,GAME_OVER,39,38,2,525,2,MCTS_CheckersHeuristic,2,1,1,RandomPlayerConfig
1917238756,Checkers,0,GAME_OVER,36,35,2,526,2,MCTS_CheckersHeuristic,2,1,1,RandomPlayerConfig
-1996021526,Checkers,0,GAME_OVER,36,35,2,527,2,MCTS_CheckersHeuristic,2,1,1,RandomPlayerConfig
1446978152,Checkers,0,GAME_OVER,47,46,2,528,2,MCTS_CheckersHeuristic,2,1,1,RandomPlayerConfig
-1248893870,Checkers,0,GAME_OVER,49,48,2,529,2,MCTS_CheckersHeuristic,2,1,1,RandomPlayerConfig
-614134760,Checkers,0,GAME_OVER,37,36,2,530,2,MCTS_CheckersHeuristic,2,1,1,RandomPlayerConfig
510278499,Checkers,0,GAME_OVER,37,36,2,531,2,MCTS_CheckersHeuristic,2,1,1,RandomPlayerConfig
-1700484048,Checkers,0,GAME_OVER,50,49,2,532,2,MCTS_CheckersHeuristic,2,1,1,RandomPlayerConfig
-321950044,Checkers,0,GAME_OVER,34,33,2,533,2,MCTS_CheckersHeuristic,2,1,1,RandomPlayerConfig
2105942644,Checkers,0,GAME_OVER,49,48,2,534,2,MCTS_CheckersHeuristic,2,1,1,RandomPlayerConfig
612336180,Checkers,0,GAME_OVER,47,46,2,535,2,MCTS_CheckersHeuristic,2,1,1,RandomPlayerConfig
636965344,Checkers,0,GAME_OVER,41,40,2,536,2,MCTS_CheckersHeuristic,2,1,1,RandomPlayerConfig
-636668763,Checkers,0,GAME_OVER,44,43,2,537,2,MCTS_CheckersHeuristic,2,1,1,RandomPlayerConfig
-1842419369,Checkers,0,GAME_OVER,46,45,2,538,2,MCTS_CheckersHeuristic,2,1,1,RandomPlayerConfig
-137138526,Checkers,0,GAME_OVER,34,33,2,539,2,MCTS_CheckersHeuristic,2,1,1,RandomPlayerConfig
-976379635,Checkers,0,GAME_OVER,45,44,2,540,2,MCTS_CheckersHeuristic,2,1,1,RandomPlayerConfig
-1653823386,Checkers,0,GAME_OVER,48,47,2,541,2,MCTS_CheckersHeuristic,2,1,1,RandomPlayerConfig
1433587402,Checkers,0,GAME_OVER,34,33,2,542,2,MCTS_CheckersHeuristic,2,1,1,RandomPlayerConfig
1430155908,Checkers,0,GAME_OVER,42,41,2,543,2,MCTS_CheckersHeuristic,2,1,1,RandomPlayerConfig
98801208,Checkers,0,GAME_OVER,42,41,2,544,2,MCTS_CheckersHeuristic,2,1,1,RandomPlayerConfig
1896370593,Checkers,0,GAME_OVER,40,39,2,545,2,MCTS_CheckersHeuristic,2,1,1,RandomPlayerConfig
2018308052,Checkers,0,GAME_OVER,41,40,2,546,2,MCTS_CheckersHeuristic,2,1,1,RandomPlayerConfig
376244482,Checkers,0,GAME_OVER,39,38,2,547,2,MCTS_CheckersHeuristic,2,1,1,RandomPlayerConfig
566876226,Checkers,0,GAME_OVER,39,38,2,548,2,MCTS_CheckersHeuristic,2,1,1,RandomPlayerConfig
1726469664,Checkers,0,GAME_OVER,37,36,2,549,2,MCTS_CheckersHeuristic,2,1,1,RandomPlayerConfig
-179174643,Checkers,0,GAME_OVER,45,44,2,550,2,MCTS_CheckersHeuristic,2,1,1,RandomPlayerConfig
852594592,Checkers,0,GAME_OVER,41,40,2,551,2,MCTS_CheckersHeuristic,2,1,1,RandomPlayerConfig
1015592734,Checkers,0,GAME_OVER,35,34,2,552,2,MCTS_CheckersHeuristic,2,1,1,RandomPlayerConfig
1881941087,Checkers,0,GAME_OVER,45,44,2,553,2,MCTS_CheckersHeuristic,2,1,1,RandomPlayerConfig
1409144944,Checkers,0,GAME_OVER,44,43,2,554,2,MCTS_CheckersHeuristic,2,1,1,RandomPlayerConfig
-1209259142,Checkers,0,GAME_OVER,34,33,2,555,2,MCTS_CheckersHeuristic,2,1,1,RandomPlayerConfig
31973832,Checkers,0,GAME_OVER,45,44,2,556,2,MCTS_CheckersHeuristic,2,1,1,RandomPlayerConfig
-889117584,Checkers,0,GAME_OVER,49,48,2,557,2,MCTS_CheckersHeuristic,2,1,1,RandomPlayerConfig
1740145269,Checkers,0,GAME_OVER,50,49,2,558,2,MCTS_CheckersHeuristic,2,1,1,RandomPlayerConfig
-137019695,Checkers,0,GAME_OVER,39,38,2,559,2,MCTS_CheckersHeuristic,2,1,1,RandomPlayerConfig
-1431894155,Checkers,0,GAME_OVER,41,40,2,560,2,MCTS_CheckersHeuristic,2,1,1,RandomPlayerConfig
1669272350,Checkers,0,GAME_OVER,48,47,2,561,2,MCTS_CheckersHeuristic,2,1,1,RandomPlayerConfig
1155300447,Checkers,0,GAME_OVER,46,45,2,562,2,MCTS_CheckersHeuristic,2,1,1,RandomPlayerConfig
-1866779963,Checkers,0,GAME_OVER,49,48,2,563,2,MCTS_CheckersHeuristic,2,1,1,RandomPlayerConfig
688052235,Checkers,0,GAME_OVER,44,43,2,564,2,MCTS_CheckersHeuristic,2,1,1,RandomPlayerConfig
1235479381,Checkers,0,GAME_OVER,43,42,2,565,2,MCTS_CheckersHeuristic,2,1,1,RandomPlayerConfig
1892180434,Checkers,0,GAME_OVER,47,46,2,566,2,MCTS_CheckersHeuristic,2,1,1,RandomPlayerConfig
1674352996,Checkers,0,GAME_OVER,41,40,2,567,2,MCTS_CheckersHeuristic,2,1,1,RandomPlayerConfig
2024085458,Checkers,0,GAME_OVER,43,42,2,568,2,MCTS_CheckersHeuristic,2,1,1,RandomPlayerConfig
-1372618303,Checkers,0,GAME_OVER,47,46,2,569,2,MCTS_CheckersHeuristic,2,1,1,RandomPlayerConfig
-6550616,Checkers,0,GAME_OVER,45,44,2,570,2,MCTS_CheckersHeuristic,2,1,1,RandomPlayerConfig
-1844188190,Checkers,0,GAME_OVER,47,46,2,571,2,MCTS_CheckersHeuristic,2,1,1,RandomPlayerConfig
332773996,Checkers,0,GAME_OVER,35,34,2,572,2,MCTS_CheckersHeuristic,2,1,1,RandomPlayerConfig
1471362740,Checkers,0,GAME_OVER,40,39,2,573,2,MCTS_CheckersHeuristic,2,1,1,RandomPlayerConfig
1005200900,Checkers,0,GAME_OVER,49,48,2,574,2,MCTS_CheckersHeuristic,2,1,1,RandomPlayerConfig
576350506,Checkers,0,GAME_OVER,39,38,2,575,2,MCTS_CheckersHeuristic,2,1,1,RandomPlayerConfig
44972290,Checkers,0,GAME_OVER,48,47,2,576,2,MCTS_CheckersHeuristic,2,1,1,RandomPlayerConfig
-892313012,Checkers,0,GAME_OVER,46,45,2,577,2,MCTS_CheckersHeuristic,2,1,1,RandomPlayerConfig
-945515610,Checkers,0,GAME_OVER,41,40,2,578,2,MCTS_CheckersHeuristic,2,1,1,RandomPlayerConfig
-797189995,Checkers,0,GAME_OVER,43,42,2,579,2,MCTS_CheckersHeuristic,2,1,1,RandomPlayerConfig
-412117056,Checkers,0,GAME_OVER,44,43,2,580,2,MCTS_CheckersHeuristic,2,1,1,RandomPlayerConfig
1924062932,Checkers,0,GAME_OVER,50,49,2,581,2,MCTS_CheckersHeuristic,2,1,1,RandomPlayerConfig
-1558498688,Checkers,0,GAME_OVER,40,39,2,582,2,MCTS_CheckersHeuristic,2,1,1,RandomPlayerConfig
2095920376,Checkers,0,GAME_OVER,42,41,2,583,2,MCTS_CheckersHeuristic,2,1,1,RandomPlayerConfig
-1741762942,Checkers,0,GAME_OVER,55,54,2,584,2,MCTS_CheckersHeuristic,2,1,1,RandomPlayerConfig
-1821944470,Checkers,0,GAME_OVER,49,48,2,585,2,MCTS_CheckersHeuristic,2,1,1,RandomPlayerConfig
-1001794166,Checkers,0,GAME_OVER,38,37,2,586,2,MCTS_CheckersHeuristic,2,1,1,RandomPlayerConfig
-824933404,Checkers,0,GAME_OVER,40,39,2,587,2,MCTS_CheckersHeuristic,2,1,1,RandomPlayerConfig
-116225841,Checkers,0,GAME_OVER,47,46,2,588,2,MCTS_CheckersHeuristic,2,1,1,RandomPlayerConfig
1035153634,Checkers,0,GAME_OVER,43,42,2,589,2,MCTS_CheckersHeuristic,2,1,1,RandomPlayerConfig
-1892972590,Checkers,0,GAME_OVER,40,39,2,590,2,MCTS_CheckersHeuristic,2,1,1,RandomPlayerConfig
1815108904,Checkers,0,GAME_OVER,41,40,2,591,2,MCTS_CheckersHeuristic,2,1,1,RandomPlayerConfig
-828870395,Checkers,0,GAME_OVER,52,51,2,592,2,MCTS_CheckersHeuristic,2,1,1,RandomPlayerConfig
-2081531158,Checkers,0,GAME_OVER,44,43,2,593,2,MCTS_CheckersHeuristic,2,1,1,RandomPlayerConfig
-1936298794,Checkers,0,GAME_OVER,39,38,2,594,2,MCTS_CheckersHeuristic,2,1,1,RandomPlayerConfig
108127898,Checkers,0,GAME_OVER,38,37,2,595,2,MCTS_CheckersHeuristic,2,1,1,RandomPlayerConfig
-2079884586,Checkers,0,GAME_OVER,48,47,2,596,2,MCTS_CheckersHeuristic,2,1,1,RandomPlayerConfig
-493541522,Checkers,0,GAME_OVER,40,39,2,597,2,MCTS_CheckersHeuristic,2,1,1,RandomPlayerConfig
-1048260075,Checkers,0,GAME_OVER,42,41,2,598,2,MCTS_CheckersHeuristic,2,1,1,RandomPlayerConfig
-1227601898,Checkers,0,GAME_OVER,42,41,2,599,2,MCTS_CheckersHeuristic,2,1,1,RandomPlayerConfig
2056773874,Checkers,0,GAME_OVER,44,43,2,600,2,MCTS_CheckersHeuristic,2,1,1,RandomPlayerConfig
-601157059,Checkers,0,GAME_OVER,55,54,2,601,2,MCTS_CheckersHeuristic,2,1,1,RandomPlayerConfig
1017260225,Checkers,0,GAME_OVER,73,72,2,602,1,OSLA,1,2,2,MCTS_CheckersHeuristic
-998926163,Checkers,0,GAME_OVER,77,76,2,603,1,OSLA,1,2,2,MCTS_CheckersHeuristic
-1283026673,Checkers,0,GAME_OVER,53,52,2,604,1,OSLA,1,2,2,MCTS_CheckersHeuristic
-914035881,Checkers,0,GAME_OVER,57,56,2,605,1,OSLA,1,2,2,MCTS_CheckersHeuristic
1392166865,Checkers,0,GAME_OVER,57,56,2,606,1,OSLA,1,2,2,MCTS_CheckersHeuristic
-984713997,Checkers,0,GAME_OVER,45,44,2,607,1,OSLA,1,2,2,MCTS_CheckersHeuristic
1401968321,Checkers,0,GAME_OVER,62,61,2,608,1,OSLA,1,2,2,MCTS_CheckersHeuristic
1375112552,Checkers,0,GAME_OVER,87,86,2,609,1,OSLA,1,2,2,MCTS_CheckersHeuristic
-1262434534,Checkers,0,GAME_OVER,69,68,2,610,1,OSLA,1,2,2,MCTS_CheckersHeuristic
-1381155222,Checkers,0,GAME_OVER,52,51,2,611,1,OSLA,1,2,2,MCTS_CheckersHeuristic
-1480604482,Checkers,0,GAME_OVER,96,95,2,612,1,OSLA,1,2,2,MCTS_CheckersHeuristic
-840827977,Checkers,0,GAME_OVER,60,59,2,613,1,OSLA,1,2,2,MCTS_CheckersHeuristic
-1651020227,Checkers,0,GAME_OVER,98,97,2,614,1,OSLA,1,1,1,MCTS_CheckersHeuristic
-1337418593,Checkers,0,GAME_OVER,49,48,2,615,1,OSLA,1,2,2,MCTS_CheckersHeuristic
626067167,Checkers,0,GAME_OVER,72,71,2,616,1,OSLA,1,2,2,MCTS_CheckersHeuristic
43972217,Checkers,0,GAME_OVER,60,59,2,617,1,OSLA,1,2,2,MCTS_CheckersHeuristic
652653912,Checkers,0,GAME_OVER,63,62,2,618,1,OSLA,1,2,2,MCTS_CheckersHeuristic
-1273109515,Checkers,0,GAME_OVER,58,57,2,619,1,OSLA,1,2,2,MCTS_CheckersHeuristic
638161115,Checkers,0,GAME_OVER,60,59,2,620,1,OSLA,1,2,2,MCTS_CheckersHeuristic
1977248622,Checkers,0,GAME_OVER,62,61,2,621,1,OSLA,1,2,2,MCTS_CheckersHeuristic
1877723035,Checkers,0,GAME_OVER,48,47,2,622,1,OSLA,1,2,2,MCTS_CheckersHeuristic
-247880027,Checkers,0,GAME_OVER,156,155,2,623,1,OSLA,1,1,1,MCTS_CheckersHeuristic
60257536,Checkers,0,GAME_OVER,44,43,2,624,1,OSLA,1,2,2,MCTS_CheckersHeuristic
-1023141750,Checkers,0,GAME_OVER,56,55,2,625,1,OSLA,1,2,2,MCTS_CheckersHeuristic
-1531536613,Checkers,0,GAME_OVER,51,50,2,626,1,OSLA,1,2,2,MCTS_CheckersHeuristic
-1870015994,Checkers,0,GAME_OVER,53,52,2,627,1,OSLA,1,2,2,MCTS_CheckersHeuristic
-587009505,Checkers,0,GAME_OVER,61,60,2,628,1,OSLA,1,2,2,MCTS_CheckersHeuristic
656487640,Checkers,0,GAME_OVER,61,60,2,629,1,OSLA,1,2,2,MCTS_CheckersHeuristic
885567973,Checkers,0,GAME_OVER,77,76,2,630,1,OSLA,1,2,2,MCTS_CheckersHeuristic
-446833650,Checkers,0,GAME_OVER,46,45,2,631,1,OSLA,1,2,2,MCTS_CheckersHeuristic
-1462342457,Checkers,0,GAME_OVER,76,75,2,632,1,OSLA,1,2,2,MCTS_CheckersHeuristic
-106544229,Checkers,0,GAME_OVER,70,69,2,633,1,OSLA,1,2,2,MCTS_CheckersHeuristic
-659138474,Checkers,0,GAME_OVER,71,70,2,634,1,OSLA,1,2,2,MCTS_CheckersHeuristic
-25311976,Checkers,0,GAME_OVER,79,78,2,635,1,OSLA,1,2,2,MCTS_CheckersHeuristic
1076905910,Checkers,0,GAME_OVER,68,67,2,636,1,OSLA,1,2,2,MCTS_CheckersHeuristic
-1904708170,Checkers,0,GAME_OVER,54,53,2,637,2,OSLA,2,1,1,MCTS_CheckersHeuristic
-1972570966,Checkers,0,GAME_OVER,52,51,2,638,1,OSLA,1,2,2,MCTS_CheckersHeuristic
1007219174,Checkers,0,GAME_OVER,128,127,2,639,1,OSLA,1,2,2,MCTS_CheckersHeuristic
-634040436,Checkers,0,GAME_OVER,80,79,2,640,1,OSLA,1,2,2,MCTS_CheckersHeuristic
-195478195,Checkers,0,GAME_OVER,60,59,2,641,1,OSLA,1,2,2,MCTS_CheckersHeuristic
-1831453742,Checkers,0,GAME_OVER,55,54,2,642,1,OSLA,1,2,2,MCTS_CheckersHeuristic
1255809514,Checkers,0,GAME_OVER,52,51,2,643,1,OSLA,1,2,2,MCTS_CheckersHeuristic
-476992062,Checkers,0,GAME_OVER,79,78,2,644,1,OSLA,1,2,2,MCTS_CheckersHeuristic
570750891,Checkers,0,GAME_OVER,72,71,2,645,1,OSLA,1,2,2,MCTS_CheckersHeuristic
-1564909687,Checkers,0,GAME_OVER,132,131,2,646,1,OSLA,1,1,1,MCTS_CheckersHeuristic
-566360639,Checkers,0,GAME_OVER,57,56,2,647,1,OSLA,1,2,2,MCTS_CheckersHeuristic
1445041881,Checkers,0,GAME_OVER,47,46,2,648,2,OSLA,2,1,1,MCTS_CheckersHeuristic
-2055745179,Checkers,0,GAME_OVER,127,126,2,649,1,OSLA,1,1,1,MCTS_CheckersHeuristic
1094224296,Checkers,0,GAME_OVER,101,100,2,650,1,OSLA,1,2,2,MCTS_CheckersHeuristic
27146751,Checkers,0,GAME_OVER,82,81,2,651,1,OSLA,1,2,2,MCTS_CheckersHeuristic
1085941718,Checkers,0,GAME_OVER,56,55,2,652,1,OSLA,1,2,2,MCTS_CheckersHeuristic
173689024,Checkers,0,GAME_OVER,90,89,2,653,1,OSLA,1,2,2,MCTS_CheckersHeuristic
-245745479,Checkers,0,GAME_OVER,72,71,2,654,1,OSLA,1,2,2,MCTS_CheckersHeuristic
765110833,Checkers,0,GAME_OVER,48,47,2,655,1,OSLA,1,2,2,MCTS_CheckersHeuristic
1369319149,Checkers,0,GAME_OVER,66,65,2,656,1,OSLA,1,2,2,MCTS_CheckersHeuristic
-1329008049,Checkers,0,GAME_OVER,67,66,2,657,1,OSLA,1,2,2,MCTS_CheckersHeuristic
1593004491,Checkers,0,GAME_OVER,66,65,2,658,1,OSLA,1,2,2,MCTS_CheckersHeuristic
-81289185,Checkers,0,GAME_OVER,48,47,2,659,1,OSLA,1,2,2,MCTS_CheckersHeuristic
649173883,Checkers,0,GAME_OVER,80,79,2,660,1,OSLA,1,2,2,MCTS_CheckersHeuristic
-1161731104,Checkers,0,GAME_OVER,111,110,2,661,1,OSLA,1,2,2,MCTS_CheckersHeuristic
-750781564,Checkers,0,GAME_OVER,60,59,2,662,1,OSLA,1,2,2,MCTS_CheckersHeuristic
1810301777,Checkers,0,GAME_OVER,49,48,2,663,2,OSLA,2,1,1,MCTS_CheckersHeuristic
1346007353,Checkers,0,GAME_OVER,48,47,2,664,1,OSLA,1,2,2,MCTS_CheckersHeuristic
1991797145,Checkers,0,GAME_OVER,60,59,2,665,1,OSLA,1,2,2,MCTS_CheckersHeuristic
-1614375300,Checkers,0,GAME_OVER,44,43,2,666,1,OSLA,1,2,2,MCTS_CheckersHeuristic
492276948,Checkers,0,GAME_OVER,87,86,2,667,1,OSLA,1,1,1,MCTS_CheckersHeuristic
892050094,Checkers,0,GAME_OVER,50,49,2,668,1,OSLA,1,2,2,MCTS_CheckersHeuristic
1333520733,Checkers,0,GAME_OVER,46,45,2,669,1,OSLA,1,2,2,MCTS_CheckersHeuristic
738289352,Checkers,0,GAME_OVER,55,54,2,670,1,OSLA,1,2,2,MCTS_CheckersHeuristic
886895421,Checkers,0,GAME_OVER,67,66,2,671,1,OSLA,1,2,2,MCTS_CheckersHeuristic
-170170651,Checkers,0,GAME_OVER,52,51,2,672,1,OSLA,1,2,2,MCTS_CheckersHeuristic
1053104243,Checkers,0,GAME_OVER,59,58,2,673,1,OSLA,1,2,2,MCTS_CheckersHeuristic
-989805868,Checkers,0,GAME_OVER,45,44,2,674,1,OSLA,1,2,2,MCTS_CheckersHeuristic
-2125442322,Checkers,0,GAME_OVER,56,55,2,675,2,OSLA,2,1,1,MCTS_CheckersHeuristic
-1965228448,Checkers,0,GAME_OVER,48,47,2,676,1,OSLA,1,2,2,MCTS_CheckersHeuristic
520480617,Checkers,0,GAME_OVER,58,57,2,677,1,OSLA,1,2,2,MCTS_CheckersHeuristic
788585333,Checkers,0,GAME_OVER,64,63,2,678,1,OSLA,1,2,2,MCTS_CheckersHeuristic
-738699625,Checkers,0,GAME_OVER,57,56,2,679,2,OSLA,2,1,1,MCTS_CheckersHeuristic
1824537420,Checkers,0,GAME_OVER,92,91,2,680,1,OSLA,1,2,2,MCTS_CheckersHeuristic
-599341002,Checkers,0,GAME_OVER,69,68,2,681,1,OSLA,1,2,2,MCTS_CheckersHeuristic
-1794412227,Checkers,0,GAME_OVER,81,80,2,682,1,OSLA,1,2,2,MCTS_CheckersHeuristic
1388110847,Checkers,0,GAME_OVER,58,57,2,683,1,OSLA,1,2,2,MCTS_CheckersHeuristic
1039814901,Checkers,0,GAME_OVER,64,63,2,684,1,OSLA,1,2,2,MCTS_CheckersHeuristic
-912772450,Checkers,0,GAME_OVER,85,84,2,685,1,OSLA,1,2,2,MCTS_CheckersHeuristic
-1418786031,Checkers,0,GAME_OVER,56,55,2,686,1,OSLA,1,2,2,MCTS_CheckersHeuristic
-396209916,Checkers,0,GAME_OVER,65,64,2,687,1,OSLA,1,2,2,MCTS_CheckersHeuristic
493680251,Checkers,0,GAME_OVER,76,75,2,688,1,OSLA,1,2,2,MCTS_CheckersHeuristic
-1427272998,Checkers,0,GAME_OVER,201,200,2,689,1,OSLA,1,1,1,MCTS_CheckersHeuristic
1683653113,Checkers,0,GAME_OVER,50,49,2,690,1,OSLA,1,2,2,MCTS_CheckersHeuristic
-1445698336,Checkers,0,GAME_OVER,73,72,2,691,1,OSLA,1,2,2,MCTS_CheckersHeuristic
1294534854,Checkers,0,GAME_OVER,49,48,2,692,1,OSLA,1,2,2,MCTS_CheckersHeuristic
2020429431,Checkers,0,GAME_OVER,53,52,2,693,1,OSLA,1,2,2,MCTS_CheckersHeuristic
998569527,Checkers,0,GAME_OVER,77,76,2,694,1,OSLA,1,2,2,MCTS_CheckersHeuristic
961128877,Checkers,0,GAME_OVER,52,51,2,695,1,OSLA,1,2,2,MCTS_CheckersHeuristic
-1050355786,Checkers,0,GAME_OVER,88,87,2,696,1,OSLA,1,2,2,MCTS_CheckersHeuristic
-895702146,Checkers,0,GAME_OVER,43,42,2,697,1,OSLA,1,2,2,MCTS_CheckersHeuristic
-71859814,Checkers,0,GAME_OVER,82,81,2,698,1,OSLA,1,2,2,MCTS_CheckersHeuristic
-712256982,Checkers,0,GAME_OVER,121,120,2,699,1,OSLA,1,1,1,MCTS_CheckersHeuristic
1986892447,Checkers,0,GAME_OVER,69,68,2,700,1,OSLA,1,2,2,MCTS_CheckersHeuristic
-326441516,Checkers,0,GAME_OVER,42,41,2,701,1,OSLA,1,2,2,MCTS_CheckersHeuristic
-1467008237,Checkers,0,GAME_OVER,59,58,2,702,1,OSLA,1,2,2,MCTS_CheckersHeuristic
-717604929,Checkers,0,GAME_OVER,52,51,2,703,1,OSLA,1,2,2,MCTS_CheckersHeuristic
1289652212,Checkers,0,GAME_OVER,61,60,2,704,1,OSLA,1,2,2,MCTS_CheckersHeuristic
344141539,Checkers,0,GAME_OVER,96,95,2,705,1,OSLA,1,1,1,MCTS_CheckersHeuristic
1831034760,Checkers,0,GAME_OVER,59,58,2,706,1,OSLA,1,2,2,MCTS_CheckersHeuristic
128431294,Checkers,0,GAME_OVER,95,94,2,707,1,OSLA,1,2,2,MCTS_CheckersHeuristic
-924832703,Checkers,0,GAME_OVER,86,85,2,708,1,OSLA,1,2,2,MCTS_CheckersHeuristic
1930548090,Checkers,0,GAME_OVER,113,112,2,709,1,OSLA,1,1,1,MCTS_CheckersHeuristic
-1364937752,Checkers,0,GAME_OVER,79,78,2,710,1,OSLA,1,2,2,MCTS_CheckersHeuristic
-1757061397,Checkers,0,GAME_OVER,48,47,2,711,1,OSLA,1,2,2,MCTS_CheckersHeuristic
-958653346,Checkers,0,GAME_OVER,56,55,2,712,1,OSLA,1,2,2,MCTS_CheckersHeuristic
-40639503,Checkers,0,GAME_OVER,48,47,2,713,1,OSLA,1,2,2,MCTS_CheckersHeuristic
-1782025089,Checkers,0,GAME_OVER,47,46,2,714,1,OSLA,1,2,2,MCTS_CheckersHeuristic
413132350,Checkers,0,GAME_OVER,57,56,2,715,1,OSLA,1,2,2,MCTS_CheckersHeuristic
-718106911,Checkers,0,GAME_OVER,50,49,2,716,1,OSLA,1,2,2,MCTS_CheckersHeuristic
-749290863,Checkers,0,GAME_OVER,56,55,2,717,2,OSLA,2,1,1,MCTS_CheckersHeuristic
203580810,Checkers,0,GAME_OVER,70,69,2,718,1,OSLA,1,2,2,MCTS_CheckersHeuristic
-183657498,Checkers,0,GAME_OVER,60,59,2,719,1,OSLA,1,2,2,MCTS_CheckersHeuristic
-363796268,Checkers,0,GAME_OVER,67,66,2,720,1,OSLA,1,2,2,MCTS_CheckersHeuristic
1019151410,Checkers,0,GAME_OVER,51,50,2,721,1,OSLA,1,2,2,MCTS_CheckersHeuristic
-1598629618,Checkers,0,GAME_OVER,56,55,2,722,1,OSLA,1,2,2,MCTS_CheckersHeuristic
629630353,Checkers,0,GAME_OVER,48,47,2,723,1,OSLA,1,2,2,MCTS_CheckersHeuristic
407923111,Checkers,0,GAME_OVER,44,43,2,724,1,OSLA,1,2,2,MCTS_CheckersHeuristic
-783995100,Checkers,0,GAME_OVER,42,41,2,725,1,OSLA,1,2,2,MCTS_CheckersHeuristic
1917238756,Checkers,0,GAME_OVER,69,68,2,726,1,OSLA,1,2,2,MCTS_CheckersHeuristic
-1996021526,Checkers,0,GAME_OVER,77,76,2,727,1,OSLA,1,2,2,MCTS_CheckersHeuristic
1446978152,Checkers,0,GAME_OVER,59,58,2,728,1,OSLA,1,2,2,MCTS_CheckersHeuristic
-1248893870,Checkers,0,GAME_OVER,66,65,2,729,1,OSLA,1,2,2,MCTS_CheckersHeuristic
-614134760,Checkers,0,GAME_OVER,38,37,2,730,1,OSLA,1,2,2,MCTS_CheckersHeuristic
510278499,Checkers,0,GAME_OVER,62,61,2,731,1,OSLA,1,2,2,MCTS_CheckersHeuristic
-1700484048,Checkers,0,GAME_OVER,57,56,2,732,1,OSLA,1,2,2,MCTS_CheckersHeuristic
-321950044,Checkers,0,GAME_OVER,51,50,2,733,1,OSLA,1,2,2,MCTS_CheckersHeuristic
2105942644,Checkers,0,GAME_OVER,58,57,2,734,2,OSLA,2,1,1,MCTS_CheckersHeuristic
612336180,Checkers,0,GAME_OVER,55,54,2,735,1,OSLA,1,2,2,MCTS_CheckersHeuristic
636965344,Checkers,0,GAME_OVER,54,53,2,736,1,OSLA,1,2,2,MCTS_CheckersHeuristic
-636668763,Checkers,0,GAME_OVER,61,60,2,737,1,OSLA,1,2,2,MCTS_CheckersHeuristic
-1842419369,Checkers,0,GAME_OVER,72,71,2,738,1,OSLA,1,2,2,MCTS_CheckersHeuristic
-137138526,Checkers,0,GAME_OVER,152,151,2,739,1,OSLA,1,1,1,MCTS_CheckersHeuristic
-976379635,Checkers,0,GAME_OVER,59,58,2,740,1,OSLA,1,2,2,MCTS_CheckersHeuristic
-1653823386,Checkers,0,GAME_OVER,75,74,2,741,1,OSLA,1,1,1,MCTS_CheckersHeuristic
1433587402,Checkers,0,GAME_OVER,61,60,2,742,1,OSLA,1,2,2,MCTS_CheckersHeuristic
1430155908,Checkers,0,GAME_OVER,50,49,2,743,1,OSLA,1,2,2,MCTS_CheckersHeuristic
98801208,Checkers,0,GAME_OVER,45,44,2,744,1,OSLA,1,2,2,MCTS_CheckersHeuristic
1896370593,Checkers,0,GAME_OVER,44,43,2,745,1,OSLA,1,2,2,MCTS_CheckersHeuristic
2018308052,Checkers,0,GAME_OVER,67,66,2,746,1,OSLA,1,2,2,MCTS_CheckersHeuristic
376244482,Checkers,0,GAME_OVER,61,60,2,747,2,OSLA,2,1,1,MCTS_CheckersHeuristic
566876226,Checkers,0,GAME_OVER,146,145,2,748,1,OSLA,1,1,1,MCTS_CheckersHeuristic
1726469664,Checkers,0,GAME_OVER,114,113,2,749,1,OSLA,1,2,2,MCTS_CheckersHeuristic
-179174643,Checkers,0,GAME_OVER,59,58,2,750,1,OSLA,1,2,2,MCTS_CheckersHeuristic
852594592,Checkers,0,GAME_OVER,90,89,2,751,1,OSLA,1,1,1,MCTS_CheckersHeuristic
1015592734,Checkers,0,GAME_OVER,60,59,2,752,1,OSLA,1,2,2,MCTS_CheckersHeuristic
1881941087,Checkers,0,GAME_OVER,52,51,2,753,1,OSLA,1,2,2,MCTS_CheckersHeuristic
1409144944,Checkers,0,GAME_OVER,58,57,2,754,1,OSLA,1,2,2,MCTS_CheckersHeuristic
-1209259142,Checkers,0,GAME_OVER,51,50,2,755,1,OSLA,1,2,2,MCTS_CheckersHeuristic
31973832,Checkers,0,GAME_OVER,65,64,2,756,1,OSLA,1,2,2,MCTS_CheckersHeuristic
-889117584,Checkers,0,GAME_OVER,65,64,2,757,1,OSLA,1,2,2,MCTS_CheckersHeuristic
1740145269,Checkers,0,GAME_OVER,78,77,2,758,1,OSLA,1,2,2,MCTS_CheckersHeuristic
-137019695,Checkers,0,GAME_OVER,101,100,2,759,1,OSLA,1,2,2,MCTS_CheckersHeuristic
-1431894155,Checkers,0,GAME_OVER,53,52,2,760,1,OSLA,1,2,2,MCTS_CheckersHeuristic
1669272350,Checkers,0,GAME_OVER,74,73,2,761,1,OSLA,1,2,2,MCTS_CheckersHeuristic
1155300447,Checkers,0,GAME_OVER,65,64,2,762,1,OSLA,1,2,2,MCTS_CheckersHeuristic
-1866779963,Checkers,0,GAME_OVER,103,102,2,763,1,OSLA,1,1,1,MCTS_CheckersHeuristic
688052235,Checkers,0,GAME_OVER,90,89,2,764,1,OSLA,1,2,2,MCTS_CheckersHeuristic
1235479381,Checkers,0,GAME_OVER,104,103,2,765,1,OSLA,1,1,1,MCTS_CheckersHeuristic
1892180434,Checkers,0,GAME_OVER,60,59,2,766,2,OSLA,2,1,1,MCTS_CheckersHeuristic
1674352996,Checkers,0,GAME_OVER,50,49,2,767,1,OSLA,1,2,2,MCTS_CheckersHeuristic
2024085458,Checkers,0,GAME_OVER,70,69,2,768,1,OSLA,1,2,2,MCTS_CheckersHeuristic
-1372618303,Checkers,0,GAME_OVER,93,92,2,769,1,OSLA,1,2,2,MCTS_CheckersHeuristic
-6550616,Checkers,0,GAME_OVER,111,110,2,770,1,OSLA,1,1,1,MCTS_CheckersHeuristic
-1844188190,Checkers,0,GAME_OVER,90,89,2,771,1,OSLA,1,1,1,MCTS_CheckersHeuristic
332773996,Checkers,0,GAME_OVER,52,51,2,772,1,OSLA,1,2,2,MCTS_CheckersHeuristic
1471362740,Checkers,0,GAME_OVER,85,84,2,773,1,OSLA,1,2,2,MCTS_CheckersHeuristic
1005200900,Checkers,0,GAME_OVER,62,61,2,774,1,OSLA,1,2,2,MCTS_CheckersHeuristic
576350506,Checkers,0,GAME_OVER,51,50,2,775,1,OSLA,1,2,2,MCTS_CheckersHeuristic
44972290,Checkers,0,GAME_OVER,86,85,2,776,1,OSLA,1,2,2,MCTS_CheckersHeuristic
-892313012,Checkers,0,GAME_OVER,74,73,2,777,1,OSLA,1,2,2,MCTS_CheckersHeuristic
-945515610,Checkers,0,GAME_OVER,107,106,2,778,1,OSLA,1,2,2,MCTS_CheckersHeuristic
-797189995,Checkers,0,GAME_OVER,57,56,2,779,1,OSLA,1,2,2,MCTS_CheckersHeuristic
-412117056,Checkers,0,GAME_OVER,53,52,2,780,1,OSLA,1,2,2,MCTS_CheckersHeuristic
1924062932,Checkers,0,GAME_OVER,75,74,2,781,1,OSLA,1,2,2,MCTS_CheckersHeuristic
-1558498688,Checkers,0,GAME_OVER,52,51,2,782,1,OSLA,1,2,2,MCTS_CheckersHeuristic
2095920376,Checkers,0,GAME_OVER,52,51,2,783,1,OSLA,1,2,2,MCTS_CheckersHeuristic
-1741762942,Checkers,0,GAME_OVER,69,68,2,784,1,OSLA,1,2,2,MCTS_CheckersHeuristic
-1821944470,Checkers,0,GAME_OVER,50,49,2,785,1,OSLA,1,2,2,MCTS_CheckersHeuristic
-1001794166,Checkers,0,GAME_OVER,55,54,2,786,1,OSLA,1,2,2,MCTS_CheckersHeuristic
-824933404,Checkers,0,GAME_OVER,49,48,2,787,1,OSLA,1,2,2,MCTS_CheckersHeuristic
-116225841,Checkers,0,GAME_OVER,57,56,2,788,1,OSLA,1,2,2,MCTS_CheckersHeuristic
1035153634,Checkers,0,GAME_OVER,83,82,2,789,1,OSLA,1,2,2,MCTS_CheckersHeuristic
-1892972590,Checkers,0,GAME_OVER,88,87,2,790,1,OSLA,1,1,1,MCTS_CheckersHeuristic
1815108904,Checkers,0,GAME_OVER,57,56,2,791,1,OSLA,1,2,2,MCTS_CheckersHeuristic
-828870395,Checkers,0,GAME_OVER,60,59,2,792,1,OSLA,1,2,2,MCTS_CheckersHeuristic
-2081531158,Checkers,0,GAME_OVER,61,60,2,793,1,OSLA,1,2,2,MCTS_CheckersHeuristic
-1936298794,Checkers,0,GAME_OVER,59,58,2,794,1,OSLA,1,2,2,MCTS_CheckersHeuristic
108127898,Checkers,0,GAME_OVER,79,78,2,795,1,OSLA,1,2,2,MCTS_CheckersHeuristic
-2079884586,Checkers,0,GAME_OVER,67,66,2,796,1,OSLA,1,2,2,MCTS_CheckersHeuristic
-493541522,Checkers,0,GAME_OVER,54,53,2,797,1,OSLA,1,2,2,MCTS_CheckersHeuristic
-1048260075,Checkers,0,GAME_OVER,85,84,2,798,1,OSLA,1,2,2,MCTS_CheckersHeuristic
-1227601898,Checkers,0,GAME_OVER,50,49,2,799,1,OSLA,1,2,2,MCTS_CheckersHeuristic
2056773874,Checkers,0,GAME_OVER,47,46,2,800,1,OSLA,1,2,2,MCTS_CheckersHeuristic
-601157059,Checkers,0,GAME_OVER,80,79,2,801,1,OSLA,1,2,2,MCTS_CheckersHeuristic
1017260225,Checkers,0,GAME_OVER,45,44,2,802,2,OSLA,2,1,1,OSLA
-998926163,Checkers,0,GAME_OVER,77,76,2,803,2,OSLA,2,1,1,OSLA
-1283026673,Checkers,0,GAME_OVER,45,44,2,804,1,OSLA,1,2,2,OSLA
-914035881,Checkers,0,GAME_OVER,38,37,2,805,1,OSLA,1,2,2,OSLA
1392166865,Checkers,0,GAME_OVER,45,44,2,806,1,OSLA,1,2,2,OSLA
-984713997,Checkers,0,GAME_OVER,130,129,2,807,1,OSLA,1,1,1,OSLA
1401968321,Checkers,0,GAME_OVER,48,47,2,808,1,OSLA,1,2,2,OSLA
1375112552,Checkers,0,GAME_OVER,112,111,2,809,1,OSLA,1,1,1,OSLA
-1262434534,Checkers,0,GAME_OVER,45,44,2,810,1,OSLA,1,2,2,OSLA
-1381155222,Checkers,0,GAME_OVER,56,55,2,811,2,OSLA,2,1,1,OSLA
-1480604482,Checkers,0,GAME_OVER,78,77,2,812,1,OSLA,1,2,2,OSLA
-840827977,Checkers,0,GAME_OVER,45,44,2,813,2,OSLA,2,1,1,OSLA
-1651020227,Checkers,0,GAME_OVER,43,42,2,814,1,OSLA,1,2,2,OSLA
-1337418593,Checkers,0,GAME_OVER,77,76,2,815,2,OSLA,2,1,1,OSLA
626067167,Checkers,0,GAME_OVER,50,49,2,816,2,OSLA,2,1,1,OSLA
43972217,Checkers,0,GAME_OVER,62,61,2,817,2,OSLA,2,1,1,OSLA
652653912,Checkers,0,GAME_OVER,136,135,2,818,1,OSLA,1,1,1,OSLA
-1273109515,Checkers,0,GAME_OVER,149,148,2,819,1,OSLA,1,1,1,OSLA
638161115,Checkers,0,GAME_OVER,47,46,2,820,2,OSLA,2,1,1,OSLA
1977248622,Checkers,0,GAME_OVER,42,41,2,821,2,OSLA,2,1,1,OSLA
1877723035,Checkers,0,GAME_OVER,44,43,2,822,1,OSLA,1,2,2,OSLA
-247880027,Checkers,0,GAME_OVER,45,44,2,823,2,OSLA,2,1,1,OSLA
60257536,Checkers,0,GAME_OVER,47,46,2,824,2,OSLA,2,1,1,OSLA
-1023141750,Checkers,0,GAME_OVER,134,133,2,825,1,OSLA,1,1,1,OSLA
-1531536613,Checkers,0,GAME_OVER,104,103,2,826,1,OSLA,1,1,1,OSLA
-1870015994,Checkers,0,GAME_OVER,39,38,2,827,2,OSLA,2,1,1,OSLA
-587009505,Checkers,0,GAME_OVER,43,42,2,828,2,OSLA,2,1,1,OSLA
656487640,Checkers,0,GAME_OVER,50,49,2,829,1,OSLA,1,2,2,OSLA
885567973,Checkers,0,GAME_OVER,45,44,2,830,2,OSLA,2,1,1,OSLA
-446833650,Checkers,0,GAME_OVER,43,42,2,831,2,OSLA,2,1,1,OSLA
-1462342457,Checkers,0,GAME_OVER,90,89,2,832,1,OSLA,1,1,1,OSLA
-106544229,Checkers,0,GAME_OVER,69,68,2,833,1,OSLA,1,2,2,OSLA
-659138474,Checkers,0,GAME_OVER,96,95,2,834,1,OSLA,1,1,1,OSLA
-25311976,Checkers,0,GAME_OVER,31,30,2,835,1,OSLA,1,2,2,OSLA
1076905910,Checkers,0,GAME_OVER,44,43,2,836,2,OSLA,2,1,1,OSLA
-1904708170,Checkers,0,GAME_OVER,41,40,2,837,2,OSLA,2,1,1,OSLA
-1972570966,Checkers,0,GAME_OVER,106,105,2,838,1,OSLA,1,1,1,OSLA
1007219174,Checkers,0,GAME_OVER,62,61,2,839,2,OSLA,2,1,1,OSLA
-634040436,Checkers,0,GAME_OVER,63,62,2,840,1,OSLA,1,2,2,OSLA
-195478195,Checkers,0,GAME_OVER,47,46,2,841,2,OSLA,2,1,1,OSLA
-1831453742,Checkers,0,GAME_OVER,72,71,2,842,1,OSLA,1,2,2,OSLA
1255809514,Checkers,0,GAME_OVER,54,53,2,843,1,OSLA,1,2,2,OSLA
-476992062,Checkers,0,GAME_OVER,43,42,2,844,2,OSLA,2,1,1,OSLA
570750891,Checkers,0,GAME_OVER,87,86,2,845,1,OSLA,1,1,1,OSLA
-1564909687,Checkers,0,GAME_OVER,87,86,2,846,1,OSLA,1,1,1,OSLA
-566360639,Checkers,0,GAME_OVER,91,90,2,847,1,OSLA,1,1,1,OSLA
1445041881,Checkers,0,GAME_OVER,88,87,2,848,1,OSLA,1,1,1,OSLA
-2055745179,Checkers,0,GAME_OVER,44,43,2,849,2,OSLA,2,1,1,OSLA
1094224296,Checkers,0,GAME_OVER,38,37,2,850,2,OSLA,2,1,1,OSLA
27146751,Checkers,0,GAME_OVER,45,44,2,851,1,OSLA,1,2,2,OSLA
1085941718,Checkers,0,GAME_OVER,58,57,2,852,1,OSLA,1,2,2,OSLA
173689024,Checkers,0,GAME_OVER,66,65,2,853,2,OSLA,2,1,1,OSLA
-245745479,Checkers,0,GAME_OVER,140,139,2,854,1,OSLA,1,1,1,OSLA
765110833,Checkers,0,GAME_OVER,40,39,2,855,1,OSLA,1,2,2,OSLA
1369319149,Checkers,0,GAME_OVER,47,46,2,856,2,OSLA,2,1,1,OSLA
-1329008049,Checkers,0,GAME_OVER,38,37,2,857,2,OSLA,2,1,1,OSLA
1593004491,Checkers,0,GAME_OVER,101,100,2,858,1,OSLA,1,1,1,OSLA
-81289185,Checkers,0,GAME_OVER,61,60,2,859,2,OSLA,2,1,1,OSLA
649173883,Checkers,0,GAME_OVER,87,86,2,860,1,OSLA,1,2,2,OSLA
-1161731104,Checkers,0,GAME_OVER,88,87,2,861,1,OSLA,1,1,1,OSLA
-750781564,Checkers,0,GAME_OVER,48,47,2,862,2,OSLA,2,1,1,OSLA
1810301777,Checkers,0,GAME_OVER,108,107,2,863,1,OSLA,1,1,1,OSLA
1346007353,Checkers,0,GAME_OVER,44,43,2,864,2,OSLA,2,1,1,OSLA
1991797145,Checkers,0,GAME_OVER,44,43,2,865,1,OSLA,1,2,2,OSLA
-1614375300,Checkers,0,GAME_OVER,54,53,2,866,2,OSLA,2,1,1,OSLA
492276948,Checkers,0,GAME_OVER,49,48,2,867,2,OSLA,2,1,1,OSLA
892050094,Checkers,0,GAME_OVER,51,50,2,868,1,OSLA,1,2,2,OSLA
1333520733,Checkers,0,GAME_OVER,53,52,2,869,1,OSLA,1,2,2,OSLA
738289352,Checkers,0,GAME_OVER,49,48,2,870,2,OSLA,2,1,1,OSLA
886895421,Checkers,0,GAME_OVER,52,51,2,871,2,OSLA,2,1,1,OSLA
-170170651,Checkers,0,GAME_OVER,49,48,2,872,2,OSLA,2,1,1,OSLA
1053104243,Checkers,0,GAME_OVER,121,120,2,873,1,OSLA,1,1,1,OSLA
-989805868,Checkers,0,GAME_OVER,49,48,2,874,2,OSLA,2,1,1,OSLA
-2125442322,Checkers,0,GAME_OVER,72,71,2,875,1,OSLA,1,2,2,OSLA
-1965228448,Checkers,0,GAME_OVER,47,46,2,876,2,OSLA,2,1,1,OSLA
520480617,Checkers,0,GAME_OVER,92,91,2,877,1,OSLA,1,1,1,OSLA
788585333,Checkers,0,GAME_OVER,39,38,2,878,2,OSLA,2,1,1,OSLA
-738699625,Checkers,0,GAME_OVER,44,43,2,879,1,OSLA,1,2,2,OSLA
1824537420,Checkers,0,GAME_OVER,58,57,2,880,2,OSLA,2,1,1,OSLA
-599341002,Checkers,0,GAME_OVER,49,48,2,881,2,OSLA,2,1,1,OSLA
-1794412227,Checkers,0,GAME_OVER,57,56,2,882,2,OSLA,2,1,1,OSLA
1388110847,Checkers,0,GAME_OVER,171,170,2,883,1,OSLA,1,1,1,OSLA
1039814901,Checkers,0,GAME_OVER,56,55,2,884,2,OSLA,2,1,1,OSLA
-912772450,Checkers,0,GAME_OVER,47,46,2,885,2,OSLA,2,1,1,OSLA
-1418786031,Checkers,0,GAME_OVER,61,60,2,886,1,OSLA,1,2,2,OSLA
-396209916,Checkers,0,GAME_OVER,51,50,2,887,2,OSLA,2,1,1,OSLA
493680251,Checkers,0,GAME_OVER,44,43,2,888,1,OSLA,1,2,2,OSLA
-1427272998,Checkers,0,GAME_OVER,41,40,2,889,1,OSLA,1,2,2,OSLA
1683653113,Checkers,0,GAME_OVER,82,81,2,890,2,OSLA,2,1,1,OSLA
-1445698336,Checkers,0,GAME_OVER,49,48,2,891,1,OSLA,1,2,2,OSLA
1294534854,Checkers,0,GAME_OVER,33,32,2,892,2,OSLA,2,1,1,OSLA
2020429431,Checkers,0,GAME_OVER,39,38,2,893,2,OSLA,2,1,1,OSLA
998569527,Checkers,0,GAME_OVER,96,95,2,894,1,OSLA,1,1,1,OSLA
961128877,Checkers,0,GAME_OVER,42,41,2,895,1,OSLA,1,2,2,OSLA
-1050355786,Checkers,0,GAME_OVER,48,47,2,896,2,OSLA,2,1,1,OSLA
-895702146,Checkers,0,GAME_OVER,27,26,2,897,1,OSLA,1,2,2,OSLA
-71859814,Checkers,0,GAME_OVER,74,73,2,898,1,OSLA,1,2,2,OSLA
-712256982,Checkers,0,GAME_OVER,120,119,2,899,1,OSLA,1,1,1,OSLA
1986892447,Checkers,0,GAME_OVER,48,47,2,900,2,OSLA,2,1,1,OSLA
-326441516,Checkers,0,GAME_OVER,34,33,2,901,2,OSLA,2,1,1,OSLA
-1467008237,Checkers,0,GAME_OVER,67,66,2,902,1,OSLA,1,1,1,OSLA
-717604929,Checkers,0,GAME_OVER,49,48,2,903,2,OSLA,2,1,1,OSLA
1289652212,Checkers,0,GAME_OVER,38,37,2,904,2,OSLA,2,1,1,OSLA
344141539,Checkers,0,GAME_OVER,61,60,2,905,2,OSLA,2,1,1,OSLA
1831034760,Checkers,0,GAME_OVER,46,45,2,906,2,OSLA,2,1,1,OSLA
128431294,Checkers,0,GAME_OVER,52,51,2,907,2,OSLA,2,1,1,OSLA
-924832703,Checkers,0,GAME_OVER,46,45,2,908,1,OSLA,1,2,2,OSLA
1930548090,Checkers,0,GAME_OVER,50,49,2,909,2,OSLA,2,1,1,OSLA
-1364937752,Checkers,0,GAME_OVER,44,43,2,910,1,OSLA,1,2,2,OSLA
-1757061397,Checkers,0,GAME_OVER,117,116,2,911,1,OSLA,1,2,2,OSLA
-958653346,Checkers,0,GAME_OVER,41,40,2,912,2,OSLA,2,1,1,OSLA
-40639503,Checkers,0,GAME_OVER,49,48,2,913,1,OSLA,1,2,2,OSLA
-1782025089,Checkers,0,GAME_OVER,59,58,2,914,1,OSLA,1,2,2,OSLA
413132350,Checkers,0,GAME_OVER,27,26,2,915,1,OSLA,1,2,2,OSLA
-718106911,Checkers,0,GAME_OVER,48,47,2,916,2,OSLA,2,1,1,OSLA
-749290863,Checkers,0,GAME_OVER,40,39,2,917,2,OSLA,2,1,1,OSLA
203580810,Checkers,0,GAME_OVER,180,179,2,918,2,OSLA,2,1,1,OSLA
-183657498,Checkers,0,GAME_OVER,49,48,2,919,1,OSLA,1,2,2,OSLA
-363796268,Checkers,0,GAME_OVER,46,45,2,920,2,OSLA,2,1,1,OSLA
1019151410,Checkers,0,GAME_OVER,49,48,2,921,2,OSLA,2,1,1,OSLA
-1598629618,Checkers,0,GAME_OVER,51,50,2,922,2,OSLA,2,1,1,OSLA
629630353,Checkers,0,GAME_OVER,45,44,2,923,2,OSLA,2,1,1,OSLA
407923111,Checkers,0,GAME_OVER,47,46,2,924,1,OSLA,1,2,2,OSLA
-783995100,Checkers,0,GAME_OVER,25,24,2,925,1,OSLA,1,2,2,OSLA
1917238756,Checkers,0,GAME_OVER,39,38,2,926,2,OSLA,2,1,1,OSLA
-1996021526,Checkers,0,GAME_OVER,67,66,2,927,2,OSLA,2,1,1,OSLA
1446978152,Checkers,0,GAME_OVER,188,187,2,928,1,OSLA,1,1,1,OSLA
-1248893870,Checkers,0,GAME_OVER,101,100,2,929,1,OSLA,1,1,1,OSLA
-614134760,Checkers,0,GAME_OVER,43,42,2,930,2,OSLA,2,1,1,OSLA
510278499,Checkers,0,GAME_OVER,51,50,2,931,2,OSLA,2,1,1,OSLA
-1700484048,Checkers,0,GAME_OVER,35,34,2,932,2,OSLA,2,1,1,OSLA
-321950044,Checkers,0,GAME_OVER,62,61,2,933,2,OSLA,2,1,1,OSLA
2105942644,Checkers,0,GAME_OVER,99,98,2,934,1,OSLA,1,2,2,OSLA
612336180,Checkers,0,GAME_OVER,85,84,2,935,1,OSLA,1,1,1,OSLA
636965344,Checkers,0,GAME_OVER,46,45,2,936,1,OSLA,1,2,2,OSLA
-636668763,Checkers,0,GAME_OVER,119,118,2,937,1,OSLA,1,1,1,OSLA
-1842419369,Checkers,0,GAME_OVER,55,54,2,938,1,OSLA,1,2,2,OSLA
-137138526,Checkers,0,GAME_OVER,45,44,2,939,2,OSLA,2,1,1,OSLA
-976379635,Checkers,0,GAME_OVER,41,40,2,940,1,OSLA,1,2,2,OSLA
-1653823386,Checkers,0,GAME_OVER,48,47,2,941,2,OSLA,2,1,1,OSLA
1433587402,Checkers,0,GAME_OVER,52,51,2,942,1,OSLA,1,2,2,OSLA
1430155908,Checkers,0,GAME_OVER,44,43,2,943,2,OSLA,2,1,1,OSLA
98801208,Checkers,0,GAME_OVER,58,57,2,944,1,OSLA,1,2,2,OSLA
1896370593,Checkers,0,GAME_OVER,50,49,2,945,1,OSLA,1,2,2,OSLA
2018308052,Checkers,0,GAME_OVER,52,51,2,946,2,OSLA,2,1,1,OSLA
376244482,Checkers,0,GAME_OVER,69,68,2,947,1,OSLA,1,2,2,OSLA
566876226,Checkers,0,GAME_OVER,41,40,2,948,1,OSLA,1,2,2,OSLA
1726469664,Checkers,0,GAME_OVER,48,47,2,949,1,OSLA,1,2,2,OSLA
-179174643,Checkers,0,GAME_OVER,63,62,2,950,1,OSLA,1,2,2,OSLA
852594592,Checkers,0,GAME_OVER,146,145,2,951,1,OSLA,1,1,1,OSLA
1015592734,Checkers,0,GAME_OVER,39,38,2,952,2,OSLA,2,1,1,OSLA
1881941087,Checkers,0,GAME_OVER,47,46,2,953,1,OSLA,1,2,2,OSLA
1409144944,Checkers,0,GAME_OVER,60,59,2,954,1,OSLA,1,2,2,OSLA
-1209259142,Checkers,0,GAME_OVER,93,92,2,955,1,OSLA,1,1,1,OSLA
31973832,Checkers,0,GAME_OVER,53,52,2,956,2,OSLA,2,1,1,OSLA
-889117584,Checkers,0,GAME_OVER,42,41,2,957,2,OSLA,2,1,1,OSLA
1740145269,Checkers,0,GAME_OVER,39,38,2,958,2,OSLA,2,1,1,OSLA
-137019695,Checkers,0,GAME_OVER,39,38,2,959,2,OSLA,2,1,1,OSLA
-1431894155,Checkers,0,GAME_OVER,40,39,2,960,2,OSLA,2,1,1,OSLA
1669272350,Checkers,0,GAME_OVER,27,26,2,961,1,OSLA,1,2,2,OSLA
1155300447,Checkers,0,GAME_OVER,52,51,2,962,2,OSLA,2,1,1,OSLA
-1866779963,Checkers,0,GAME_OVER,43,42,2,963,2,OSLA,2,1,1,OSLA
688052235,Checkers,0,GAME_OVER,90,89,2,964,2,OSLA,2,1,1,OSLA
1235479381,Checkers,0,GAME_OVER,54,53,2,965,2,OSLA,2,1,1,OSLA
1892180434,Checkers,0,GAME_OVER,56,55,2,966,1,OSLA,1,2,2,OSLA
1674352996,Checkers,0,GAME_OVER,56,55,2,967,1,OSLA,1,2,2,OSLA
2024085458,Checkers,0,GAME_OVER,54,53,2,968,2,OSLA,2,1,1,OSLA
-1372618303,Checkers,0,GAME_OVER,27,26,2,969,1,OSLA,1,2,2,OSLA
-6550616,Checkers,0,GAME_OVER,52,51,2,970,1,OSLA,1,2,2,OSLA
-1844188190,Checkers,0,GAME_OVER,38,37,2,971,1,OSLA,1,2,2,OSLA
332773996,Checkers,0,GAME_OVER,175,174,2,972,1,OSLA,1,1,1,OSLA
1471362740,Checkers,0,GAME_OVER,50,49,2,973,2,OSLA,2,1,1,OSLA
1005200900,Checkers,0,GAME_OVER,39,38,2,974,2,OSLA,2,1,1,OSLA
576350506,Checkers,0,GAME_OVER,52,51,2,975,2,OSLA,2,1,1,OSLA
44972290,Checkers,0,GAME_OVER,43,42,2,976,1,OSLA,1,2,2,OSLA
-892313012,Checkers,0,GAME_OVER,45,44,2,977,2,OSLA,2,1,1,OSLA
-945515610,Checkers,0,GAME_OVER,50,49,2,978,1,OSLA,1,2,2,OSLA
-797189995,Checkers,0,GAME_OVER,104,103,2,979,2,OSLA,2,1,1,OSLA
-412117056,Checkers,0,GAME_OVER,44,43,2,980,2,OSLA,2,1,1,OSLA
1924062932,Checkers,0,GAME_OVER,48,47,2,981,2,OSLA,2,1,1,OSLA
-1558498688,Checkers,0,GAME_OVER,44,43,2,982,1,OSLA,1,2,2,OSLA
2095920376,Checkers,0,GAME_OVER,108,107,2,983,1,OSLA,1,2,2,OSLA
-1741762942,Checkers,0,GAME_OVER,51,50,2,984,2,OSLA,2,1,1,OSLA
-1821944470,Checkers,0,GAME_OVER,47,46,2,985,1,OSLA,1,2,2,OSLA
-1001794166,Checkers,0,GAME_OVER,56,55,2,986,1,OSLA,1,2,2,OSLA
-824933404,Checkers,0,GAME_OVER,31,30,2,987,1,OSLA,1,2,2,OSLA
-116225841,Checkers,0,GAME_OVER,86,85,2,988,1,OSLA,1,1,1,OSLA
1035153634,Checkers,0,GAME_OVER,42,41,2,989,2,OSLA,2,1,1,OSLA
-1892972590,Checkers,0,GAME_OVER,51,50,2,990,2,OSLA,2,1,1,OSLA
1815108904,Checkers,0,GAME_OVER,45,44,2,991,2,OSLA,2,1,1,OSLA
-828870395,Checkers,0,GAME_OVER,49,48,2,992,2,OSLA,2,1,1,OSLA
-2081531158,Checkers,0,GAME_OVER,67,66,2,993,1,OSLA,1,2,2,OSLA
-1936298794,Checkers,0,GAME_OVER,119,118,2,994,1,OSLA,1,1,1,OSLA
108127898,Checkers,0,GAME_OVER,136,135,2,995,1,OSLA,1,2,2,OSLA
-2079884586,Checkers,0,GAME_OVER,80,79,2,996,1,OSLA,1,2,2,OSLA
-493541522,Checkers,0,GAME_OVER,61,60,2,997,1,OSLA,1,2,2,OSLA
-1048260075,Checkers,0,GAME_OVER,52,51,2,998,1,OSLA,1,2,2,OSLA
-1227601898,Checkers,0,GAME_OVER,57,56,2,999,2,OSLA,2,1,1,OSLA
2056773874,Checkers,0,GAME_OVER,69,68,2,1000,1,OSLA,1,2,2,OSLA
-601157059,Checkers,0,GAME_OVER,122,121,2,1001,1,OSLA,1,1,1,OSLA
1017260225,Checkers,0,GAME_OVER,42,41,2,1002,2,OSLA,2,1,1,RandomPlayerConfig
-998926163,Checkers,0,GAME_OVER,35,34,2,1003,2,OSLA,2,1,1,RandomPlayerConfig
-1283026673,Checkers,0,GAME_OVER,39,38,2,1004,2,OSLA,2,1,1,RandomPlayerConfig
-914035881,Checkers,0,GAME_OVER,54,53,2,1005,2,OSLA,2,1,1,RandomPlayerConfig
1392166865,Checkers,0,GAME_OVER,38,37,2,1006,2,OSLA,2,1,1,RandomPlayerConfig
-984713997,Checkers,0,GAME_OVER,29,28,2,1007,2,OSLA,2,1,1,RandomPlayerConfig
1401968321,Checkers,0,GAME_OVER,39,38,2,1008,2,OSLA,2,1,1,RandomPlayerConfig
1375112552,Checkers,0,GAME_OVER,38,37,2,1009,2,OSLA,2,1,1,RandomPlayerConfig
-1262434534,Checkers,0,GAME_OVER,37,36,2,1010,2,OSLA,2,1,1,RandomPlayerConfig
-1381155222,Checkers,0,GAME_OVER,40,39,2,1011,2,OSLA,2,1,1,RandomPlayerConfig
-1480604482,Checkers,0,GAME_OVER,60,59,2,1012,2,OSLA,2,1,1,RandomPlayerConfig
-840827977,Checkers,0,GAME_OVER,36,35,2,1013,2,OSLA,2,1,1,RandomPlayerConfig
-1651020227,Checkers,0,GAME_OVER,46,45,2,1014,2,OSLA,2,1,1,RandomPlayerConfig
-1337418593,Checkers,0,GAME_OVER,39,38,2,1015,2,OSLA,2,1,1,RandomPlayerConfig
626067167,Checkers,0,GAME_OVER,58,57,2,1016,2,OSLA,2,1,1,RandomPlayerConfig
43972217,Checkers,0,GAME_OVER,70,69,2,1017,2,OSLA,2,1,1,RandomPlayerConfig
652653912,Checkers,0,GAME_OVER,44,43,2,1018,2,OSLA,2,1,1,RandomPlayerConfig
-1273109515,Checkers,0,GAME_OVER,43,42,2,1019,2,OSLA,2,1,1,RandomPlayerConfig
638161115,Checkers,0,GAME_OVER,48,47,2,1020,2,OSLA,2,1,1,RandomPlayerConfig
1977248622,Checkers,0,GAME_OVER,38,37,2,1021,2,OSLA,2,1,1,RandomPlayerConfig
1877723035,Checkers,0,GAME_OVER,35,34,2,1022,2,OSLA,2,1,1,RandomPlayerConfig
-247880027,Checkers,0,GAME_OVER,34,33,2,1023,2,OSLA,2,1,1,RandomPlayerConfig
60257536,Checkers,0,GAME_OVER,34,33,2,1024,2,OSLA,2,1,1,RandomPlayerConfig
-1023141750,Checkers,0,GAME_OVER,40,39,2,1025,2,OSLA,2,1,1,RandomPlayerConfig
-1531536613,Checkers,0,GAME_OVER,49,48,2,1026,2,OSLA,2,1,1,RandomPlayerConfig
-1870015994,Checkers,0,GAME_OVER,46,45,2,1027,2,OSLA,2,1,1,RandomPlayerConfig
-587009505,Checkers,0,GAME_OVER,50,49,2,1028,2,OSLA,2,1,1,RandomPlayerConfig
656487640,Checkers,0,GAME_OVER,46,45,2,1029,2,OSLA,2,1,1,RandomPlayerConfig
885567973,Checkers,0,GAME_OVER,38,37,2,1030,2,OSLA,2,1,1,RandomPlayerConfig
-446833650,Checkers,0,GAME_OVER,41,40,2,1031,2,OSLA,2,1,1,RandomPlayerConfig
-1462342457,Checkers,0,GAME_OVER,36,35,2,1032,2,OSLA,2,1,1,RandomPlayerConfig
-106544229,Checkers,0,GAME_OVER,41,40,2,1033,2,OSLA,2,1,1,RandomPlayerConfig
-659138474,Checkers,0,GAME_OVER,42,41,2,1034,2,OSLA,2,1,1,RandomPlayerConfig
-25311976,Checkers,0,GAME_OVER,38,37,2,1035,2,OSLA,2,1,1,RandomPlayerConfig
1076905910,Checkers,0,GAME_OVER,39,38,2,1036,2,OSLA,2,1,1,RandomPlayerConfig
-1904708170,Checkers,0,GAME_OVER,40,39,2,1037,2,OSLA,2,1,1,RandomPlayerConfig
-1972570966,Checkers,0,GAME_OVER,48,47,2,1038,2,OSLA,2,1,1,RandomPlayerConfig
1007219174,Checkers,0,GAME_OVER,33,32,2,1039,2,OSLA,2,1,1,RandomPlayerConfig
-634040436,Checkers,0,GAME_OVER,51,50,2,1040,2,OSLA,2,1,1,RandomPlayerConfig
-195478195,Checkers,0,GAME_OVER,39,38,2,1041,2,OSLA,2,1,1,RandomPlayerConfig
-1831453742,Checkers,0,GAME_OVER,40,39,2,1042,2,OSLA,2,1,1,RandomPlayerConfig
1255809514,Checkers,0,GAME_OVER,38,37,2,1043,2,OSLA,2,1,1,RandomPlayerConfig
-476992062,Checkers,0,GAME_OVER,41,40,2,1044,2,OSLA,2,1,1,RandomPlayerConfig
570750891,Checkers,0,GAME_OVER,41,40,2,1045,2,OSLA,2,1,1,RandomPlayerConfig
-1564909687,Checkers,0,GAME_OVER,51,50,2,1046,2,OSLA,2,1,1,RandomPlayerConfig
-566360639,Checkers,0,GAME_OVER,50,49,2,1047,2,OSLA,2,1,1,RandomPlayerConfig
1445041881,Checkers,0,GAME_OVER,42,41,2,1048,2,OSLA,2,1,1,RandomPlayerConfig
-2055745179,Checkers,0,GAME_OVER,31,30,2,1049,2,OSLA,2,1,1,RandomPlayerConfig
1094224296,Checkers,0,GAME_OVER,37,36,2,1050,2,OSLA,2,1,1,RandomPlayerConfig
27146751,Checkers,0,GAME_OVER,39,38,2,1051,2,OSLA,2,1,1,RandomPlayerConfig
1085941718,Checkers,0,GAME_OVER,39,38,2,1052,2,OSLA,2,1,1,RandomPlayerConfig
173689024,Checkers,0,GAME_OVER,38,37,2,1053,2,OSLA,2,1,1,RandomPlayerConfig
-245745479,Checkers,0,GAME_OVER,46,45,2,1054,2,OSLA,2,1,1,RandomPlayerConfig
765110833,Checkers,0,GAME_OVER,44,43,2,1055,2,OSLA,2,1,1,RandomPlayerConfig
1369319149,Checkers,0,GAME_OVER,41,40,2,1056,2,OSLA,2,1,1,RandomPlayerConfig
-1329008049,Checkers,0,GAME_OVER,46,45,2,1057,2,OSLA,2,1,1,RandomPlayerConfig
1593004491,Checkers,0,GAME_OVER,36,35,2,1058,2,OSLA,2,1,1,RandomPlayerConfig
-81289185,Checkers,0,GAME_OVER,34,33,2,1059,2,OSLA,2,1,1,RandomPlayerConfig
649173883,Checkers,0,GAME_OVER,44,43,2,1060,2,OSLA,2,1,1,RandomPlayerConfig
-1161731104,Checkers,0,GAME_OVER,45,44,2,1061,2,OSLA,2,1,1,RandomPlayerConfig
-750781564,Checkers,0,GAME_OVER,44,43,2,1062,2,OSLA,2,1,1,RandomPlayerConfig
1810301777,Checkers,0,GAME_OVER,40,39,2,1063,2,OSLA,2,1,1,RandomPlayerConfig
1346007353,Checkers,0,GAME_OVER,46,45,2,1064,2,OSLA,2,1,1,RandomPlayerConfig
1991797145,Checkers,0,GAME_OVER,40,39,2,1065,2,OSLA,2,1,1,RandomPlayerConfig
-1614375300,Checkers,0,GAME_OVER,38,37,2,1066,2,OSLA,2,1,1,RandomPlayerConfig
492276948,Checkers,0,GAME_OVER,54,53,2,1067,2,OSLA,2,1,1,RandomPlayerConfig
892050094,Checkers,0,GAME_OVER,43,42,2,1068,2,OSLA,2,1,1,RandomPlayerConfig
1333520733,Checkers,0,GAME_OVER,50,49,2,1069,2,OSLA,2,1,1,RandomPlayerConfig
738289352,Checkers,0,GAME_OVER,32,31,2,1070,2,OSLA,2,1,1,RandomPlayerConfig
886895421,Checkers,0,GAME_OVER,44,43,2,1071,2,OSLA,2,1,1,RandomPlayerConfig
-170170651,Checkers,0,GAME_OVER,34,33,2,1072,2,OSLA,2,1,1,RandomPlayerConfig
1053104243,Checkers,0,GAME_OVER,40,39,2,1073,2,OSLA,2,1,1,RandomPlayerConfig
-989805868,Checkers,0,GAME_OVER,42,41,2,1074,2,OSLA,2,1,1,RandomPlayerConfig
-2125442322,Checkers,0,GAME_OVER,56,55,2,1075,2,OSLA,2,1,1,RandomPlayerConfig
-1965228448,Checkers,0,GAME_OVER,54,53,2,1076,2,OSLA,2,1,1,RandomPlayerConfig
520480617,Checkers,0,GAME_OVER,32,31,2,1077,2,OSLA,2,1,1,RandomPlayerConfig
788585333,Checkers,0,GAME_OVER,37,36,2,1078,2,OSLA,2,1,1,RandomPlayerConfig
-738699625,Checkers,0,GAME_OVER,33,32,2,1079,2,OSLA,2,1,1,RandomPlayerConfig
1824537420,Checkers,0,GAME_OVER,44,43,2,1080,2,OSLA,2,1,1,RandomPlayerConfig
-599341002,Checkers,0,GAME_OVER,43,42,2,1081,2,OSLA,2,1,1,RandomPlayerConfig
-1794412227,Checkers,0,GAME_OVER,43,42,2,1082,2,OSLA,2,1,1,RandomPlayerConfig
1388110847,Checkers,0,GAME_OVER,57,56,2,1083,2,OSLA,2,1,1,RandomPlayerConfig
1039814901,Checkers,0,GAME_OVER,41,40,2,1084,2,OSLA,2,1,1,RandomPlayerConfig
-912772450,Checkers,0,GAME_OVER,43,42,2,1085,2,OSLA,2,1,1,RandomPlayerConfig
-1418786031,Checkers,0,GAME_OVER,47,46,2,1086,2,OSLA,2,1,1,RandomPlayerConfig
-396209916,Checkers,0,GAME_OVER,38,37,2,1087,2,OSLA,2,1,1,RandomPlayerConfig
493680251,Checkers,0,GAME_OVER,41,40,2,1088,2,OSLA,2,1,1,RandomPlayerConfig
-1427272998,Checkers,0,GAME_OVER,42,41,2,1089,2,OSLA,2,1,1,RandomPlayerConfig
1683653113,Checkers,0,GAME_OVER,44,43,2,1090,2,OSLA,2,1,1,RandomPlayerConfig
-1445698336,Checkers,0,GAME_OVER,39,38,2,1091,2,OSLA,2,1,1,RandomPlayerConfig
1294534854,Checkers,0,GAME_OVER,43,42,2,1092,2,OSLA,2,1,1,RandomPlayerConfig
2020429431,Checkers,0,GAME_OVER,39,38,2,1093,2,OSLA,2,1,1,RandomPlayerConfig
998569527,Checkers,0,GAME_OVER,45,44,2,1094,2,OSLA,2,1,1,RandomPlayerConfig
961128877,Checkers,0,GAME_OVER,38,37,2,1095,2,OSLA,2,1,1,RandomPlayerConfig
-1050355786,Checkers,0,GAME_OVER,40,39,2,1096,2,OSLA,2,1,1,RandomPlayerConfig
-895702146,Checkers,0,GAME_OVER,37,36,2,1097,2,OSLA,2,1,1,RandomPlayerConfig
-71859814,Checkers,0,GAME_OVER,40,39,2,1098,2,OSLA,2,1,1,RandomPlayerConfig
-712256982,Checkers,0,GAME_OVER,35,34,2,1099,2,OSLA,2,1,1,RandomPlayerConfig
1986892447,Checkers,0,GAME_OVER,45,44,2,1100,2,OSLA,2,1,1,RandomPlayerConfig
-326441516,Checkers,0,GAME_OVER,46,45,2,1101,2,OSLA,2,1,1,RandomPlayerConfig
-1467008237,Checkers,0,GAME_OVER,44,43,2,1102,2,OSLA,2,1,1,RandomPlayerConfig
-717604929,Checkers,0,GAME_OVER,41,40,2,1103,2,OSLA,2,1,1,RandomPlayerConfig
1289652212,Checkers,0,GAME_OVER,38,37,2,1104,2,OSLA,2,1,1,RandomPlayerConfig
344141539,Checkers,0,GAME_OVER,42,41,2,1105,2,OSLA,2,1,1,RandomPlayerConfig
1831034760,Checkers,0,GAME_OVER,38,37,2,1106,2,OSLA,2,1,1,RandomPlayerConfig
128431294,Checkers,0,GAME_OVER,50,49,2,1107,2,OSLA,2,1,1,RandomPlayerConfig
-924832703,Checkers,0,GAME_OVER,41,40,2,1108,2,OSLA,2,1,1,RandomPlayerConfig
1930548090,Checkers,0,GAME_OVER,35,34,2,1109,2,OSLA,2,1,1,RandomPlayerConfig
-1364937752,Checkers,0,GAME_OVER,46,45,2,1110,2,OSLA,2,1,1,RandomPlayerConfig
-1757061397,Checkers,0,GAME_OVER,43,42,2,1111,2,OSLA,2,1,1,RandomPlayerConfig
-958653346,Checkers,0,GAME_OVER,40,39,2,1112,2,OSLA,2,1,1,RandomPlayerConfig
-40639503,Checkers,0,GAME_OVER,44,43,2,1113,2,OSLA,2,1,1,RandomPlayerConfig
-1782025089,Checkers,0,GAME_OVER,54,53,2,1114,2,OSLA,2,1,1,RandomPlayerConfig
413132350,Checkers,0,GAME_OVER,35,34,2,1115,2,OSLA,2,1,1,RandomPlayerConfig
-718106911,Checkers,0,GAME_OVER,42,41,2,1116,2,OSLA,2,1,1,RandomPlayerConfig
-749290863,Checkers,0,GAME_OVER,53,52,2,1117,2,OSLA,2,1,1,RandomPlayerConfig
203580810,Checkers,0,GAME_OVER,43,42,2,1118,2,OSLA,2,1,1,RandomPlayerConfig
-183657498,Checkers,0,GAME_OVER,37,36,2,1119,2,OSLA,2,1,1,RandomPlayerConfig
-363796268,Checkers,0,GAME_OVER,45,44,2,1120,2,OSLA,2,1,1,RandomPlayerConfig
1019151410,Checkers,0,GAME_OVER,45,44,2,1121,2,OSLA,2,1,1,RandomPlayerConfig
-1598629618,Checkers,0,GAME_OVER,40,39,2,1122,2,OSLA,2,1,1,RandomPlayerConfig
629630353,Checkers,0,GAME_OVER,47,46,2,1123,2,OSLA,2,1,1,RandomPlayerConfig
407923111,Checkers,0,GAME_OVER,44,43,2,1124,2,OSLA,2,1,1,RandomPlayerConfig
-783995100,Checkers,0,GAME_OVER,38,37,2,1125,2,OSLA,2,1,1,RandomPlayerConfig
1917238756,Checkers,0,GAME_OVER,34,33,2,1126,2,OSLA,2,1,1,RandomPlayerConfig
-1996021526,Checkers,0,GAME_OVER,52,51,2,1127,2,OSLA,2,1,1,RandomPlayerConfig
1446978152,Checkers,0,GAME_OVER,49,48,2,1128,2,OSLA,2,1,1,RandomPlayerConfig
-1248893870,Checkers,0,GAME_OVER,41,40,2,1129,2,OSLA,2,1,1,RandomPlayerConfig
-614134760,Checkers,0,GAME_OVER,45,44,2,1130,2,OSLA,2,1,1,RandomPlayerConfig
510278499,Checkers,0,GAME_OVER,46,45,2,1131,2,OSLA,2,1,1,RandomPlayerConfig
-1700484048,Checkers,0,GAME_OVER,43,42,2,1132,2,OSLA,2,1,1,RandomPlayerConfig
-321950044,Checkers,0,GAME_OVER,35,34,2,1133,2,OSLA,2,1,1,RandomPlayerConfig
2105942644,Checkers,0,GAME_OVER,59,58,2,1134,2,OSLA,2,1,1,RandomPlayerConfig
612336180,Checkers,0,GAME_OVER,34,33,2,1135,2,OSLA,2,1,1,RandomPlayerConfig
636965344,Checkers,0,GAME_OVER,39,38,2,1136,2,OSLA,2,1,1,RandomPlayerConfig
-636668763,Checkers,0,GAME_OVER,37,36,2,1137,2,OSLA,2,1,1,RandomPlayerConfig
-1842419369,Checkers,0,GAME_OVER,39,38,2,1138,2,OSLA,2,1,1,RandomPlayerConfig
-137138526,Checkers,0,GAME_OVER,42,41,2,1139,2,OSLA,2,1,1,RandomPlayerConfig
-976379635,Checkers,0,GAME_OVER,39,38,2,1140,2,OSLA,2,1,1,RandomPlayerConfig
-1653823386,Checkers,0,GAME_OVER,44,43,2,1141,2,OSLA,2,1,1,RandomPlayerConfig
1433587402,Checkers,0,GAME_OVER,42,41,2,1142,2,OSLA,2,1,1,RandomPlayerConfig
1430155908,Checkers,0,GAME_OVER,41,40,2,1143,2,OSLA,2,1,1,RandomPlayerConfig
98801208,Checkers,0,GAME_OVER,36,35,2,1144,2,OSLA,2,1,1,RandomPlayerConfig
1896370593,Checkers,0,GAME_OVER,44,43,2,1145,2,OSLA,2,1,1,RandomPlayerConfig
2018308052,Checkers,0,GAME_OVER,37,36,2,1146,2,OSLA,2,1,1,RandomPlayerConfig
376244482,Checkers,0,GAME_OVER,45,44,2,1147,2,OSLA,2,1,1,RandomPlayerConfig
566876226,Checkers,0,GAME_OVER,52,51,2,1148,2,OSLA,2,1,1,RandomPlayerConfig
1726469664,Checkers,0,GAME_OVER,41,40,2,1149,2,OSLA,2,1,1,RandomPlayerConfig
-179174643,Checkers,0,GAME_OVER,61,60,2,1150,2,OSLA,2,1,1,RandomPlayerConfig
852594592,Checkers,0,GAME_OVER,45,44,2,1151,2,OSLA,2,1,1,RandomPlayerConfig
1015592734,Checkers,0,GAME_OVER,40,39,2,1152,2,OSLA,2,1,1,RandomPlayerConfig
1881941087,Checkers,0,GAME_OVER,42,41,2,1153,2,OSLA,2,1,1,RandomPlayerConfig
1409144944,Checkers,0,GAME_OVER,51,50,2,1154,2,OSLA,2,1,1,RandomPlayerConfig
-1209259142,Checkers,0,GAME_OVER,47,46,2,1155,2,OSLA,2,1,1,RandomPlayerConfig
31973832,Checkers,0,GAME_OVER,36,35,2,1156,2,OSLA,2,1,1,RandomPlayerConfig
-889117584,Checkers,0,GAME_OVER,36,35,2,1157,2,OSLA,2,1,1,RandomPlayerConfig
1740145269,Checkers,0,GAME_OVER,42,41,2,1158,2,OSLA,2,1,1,RandomPlayerConfig
-137019695,Checkers,0,GAME_OVER,45,44,2,1159,2,OSLA,2,1,1,RandomPlayerConfig
-1431894155,Checkers,0,GAME_OVER,49,48,2,1160,2,OSLA,2,1,1,RandomPlayerConfig
1669272350,Checkers,0,GAME_OVER,44,43,2,1161,2,OSLA,2,1,1,RandomPlayerConfig
1155300447,Checkers,0,GAME_OVER,42,41,2,1162,2,OSLA,2,1,1,RandomPlayerConfig
-1866779963,Checkers,0,GAME_OVER,60,59,2,1163,2,OSLA,2,1,1,RandomPlayerConfig
688052235,Checkers,0,GAME_OVER,37,36,2,1164,2,OSLA,2,1,1,RandomPlayerConfig
1235479381,Checkers,0,GAME_OVER,50,49,2,1165,2,OSLA,2,1,1,RandomPlayerConfig
1892180434,Checkers,0,GAME_OVER,46,45,2,1166,2,OSLA,2,1,1,RandomPlayerConfig
1674352996,Checkers,0,GAME_OVER,42,41,2,1167,2,OSLA,2,1,1,RandomPlayerConfig
2024085458,Checkers,0,GAME_OVER,47,46,2,1168,2,OSLA,2,1,1,RandomPlayerConfig
-1372618303,Checkers,0,GAME_OVER,41,40,2,1169,2,OSLA,2,1,1,RandomPlayerConfig
-6550616,Checkers,0,GAME_OVER,43,42,2,1170,2,OSLA,2,1,1,RandomPlayerConfig
-1844188190,Checkers,0,GAME_OVER,42,41,2,1171,2,OSLA,2,1,1,RandomPlayerConfig
332773996,Checkers,0,GAME_OVER,38,37,2,1172,2,OSLA,2,1,1,RandomPlayerConfig
1471362740,Checkers,0,GAME_OVER,43,42,2,1173,2,OSLA,2,1,1,RandomPlayerConfig
1005200900,Checkers,0,GAME_OVER,53,52,2,1174,2,OSLA,2,1,1,RandomPlayerConfig
576350506,Checkers,0,GAME_OVER,37,36,2,1175,2,OSLA,2,1,1,RandomPlayerConfig
44972290,Checkers,0,GAME_OVER,41,40,2,1176,2,OSLA,2,1,1,RandomPlayerConfig
-892313012,Checkers,0,GAME_OVER,32,31,2,1177,2,OSLA,2,1,1,RandomPlayerConfig
-945515610,Checkers,0,GAME_OVER,37,36,2,1178,2,OSLA,2,1,1,RandomPlayerConfig
-797189995,Checkers,0,GAME_OVER,42,41,2,1179,2,OSLA,2,1,1,RandomPlayerConfig
-412117056,Checkers,0,GAME_OVER,37,36,2,1180,2,OSLA,2,1,1,RandomPlayerConfig
1924062932,Checkers,0,GAME_OVER,45,44,2,1181,2,OSLA,2,1,1,RandomPlayerConfig
-1558498688,Checkers,0,GAME_OVER,75,74,2,1182,2,OSLA,2,1,1,RandomPlayerConfig
2095920376,Checkers,0,GAME_OVER,38,37,2,1183,2,OSLA,2,1,1,RandomPlayerConfig
-1741762942,Checkers,0,GAME_OVER,40,39,2,1184,2,OSLA,2,1,1,RandomPlayerConfig
-1821944470,Checkers,0,GAME_OVER,45,44,2,1185,2,OSLA,2,1,1,RandomPlayerConfig
-1001794166,Checkers,0,GAME_OVER,36,35,2,1186,2,OSLA,2,1,1,RandomPlayerConfig
-824933404,Checkers,0,GAME_OVER,48,47,2,1187,2,OSLA,2,1,1,RandomPlayerConfig
-116225841,Checkers,0,GAME_OVER,40,39,2,1188,2,OSLA,2,1,1,RandomPlayerConfig
1035153634,Checkers,0,GAME_OVER,43,42,2,1189,2,OSLA,2,1,1,RandomPlayerConfig
-1892972590,Checkers,0,GAME_OVER,44,43,2,1190,2,OSLA,2,1,1,RandomPlayerConfig
1815108904,Checkers,0,GAME_OVER,40,39,2,1191,2,OSLA,2,1,1,RandomPlayerConfig
-828870395,Checkers,0,GAME_OVER,56,55,2,1192,2,OSLA,2,1,1,RandomPlayerConfig
-2081531158,Checkers,0,GAME_OVER,43,42,2,1193,2,OSLA,2,1,1,RandomPlayerConfig
-1936298794,Checkers,0,GAME_OVER,35,34,2,1194,2,OSLA,2,1,1,RandomPlayerConfig
108127898,Checkers,0,GAME_OVER,33,32,2,1195,2,OSLA,2,1,1,RandomPlayerConfig
-2079884586,Checkers,0,GAME_OVER,44,43,2,1196,2,OSLA,2,1,1,RandomPlayerConfig
-493541522,Checkers,0,GAME_OVER,45,44,2,1197,2,OSLA,2,1,1,RandomPlayerConfig
-1048260075,Checkers,0,GAME_OVER,40,39,2,1198,2,OSLA,2,1,1,RandomPlayerConfig
-1227601898,Checkers,0,GAME_OVER,39,38,2,1199,2,OSLA,2,1,1,RandomPlayerConfig
2056773874,Checkers,0,GAME_OVER,39,38,2,1200,2,OSLA,2,1,1,RandomPlayerConfig
-601157059,Checkers,0,GAME_OVER,42,41,2,1201,2,OSLA,2,1,1,RandomPlayerConfig
1017260225,Checkers,0,GAME_OVER,40,39,2,1202,1,RandomPlayerConfig,1,2,2,MCTS_CheckersHeuristic
-998926163,Checkers,0,GAME_OVER,47,46,2,1203,1,RandomPlayerConfig,1,2,2,MCTS_CheckersHeuristic
-1283026673,Checkers,0,GAME_OVER,51,50,2,1204,1,RandomPlayerConfig,1,2,2,MCTS_CheckersHeuristic
-914035881,Checkers,0,GAME_OVER,47,46,2,1205,1,RandomPlayerConfig,1,2,2,MCTS_CheckersHeuristic
1392166865,Checkers,0,GAME_OVER,45,44,2,1206,1,RandomPlayerConfig,1,2,2,MCTS_CheckersHeuristic
-984713997,Checkers,0,GAME_OVER,41,40,2,1207,1,RandomPlayerConfig,1,2,2,MCTS_CheckersHeuristic
1401968321,Checkers,0,GAME_OVER,43,42,2,1208,1,RandomPlayerConfig,1,2,2,MCTS_CheckersHeuristic
1375112552,Checkers,0,GAME_OVER,36,35,2,1209,1,RandomPlayerConfig,1,2,2,MCTS_CheckersHeuristic
-1262434534,Checkers,0,GAME_OVER,40,39,2,1210,1,RandomPlayerConfig,1,2,2,MCTS_CheckersHeuristic
-1381155222,Checkers,0,GAME_OVER,41,40,2,1211,1,RandomPlayerConfig,1,2,2,MCTS_CheckersHeuristic
-1480604482,Checkers,0,GAME_OVER,45,44,2,1212,1,RandomPlayerConfig,1,2,2,MCTS_CheckersHeuristic
-840827977,Checkers,0,GAME_OVER,49,48,2,1213,1,RandomPlayerConfig,1,2,2,MCTS_CheckersHeuristic
-1651020227,Checkers,0,GAME_OVER,48,47,2,1214,1,RandomPlayerConfig,1,2,2,MCTS_CheckersHeuristic
-1337418593,Checkers,0,GAME_OVER,50,49,2,1215,1,RandomPlayerConfig,1,2,2,MCTS_CheckersHeuristic
626067167,Checkers,0,GAME_OVER,39,38,2,1216,1,RandomPlayerConfig,1,2,2,MCTS_CheckersHeuristic
43972217,Checkers,0,GAME_OVER,42,41,2,1217,1,RandomPlayerConfig,1,2,2,MCTS_CheckersHeuristic
652653912,Checkers,0,GAME_OVER,47,46,2,1218,1,RandomPlayerConfig,1,2,2,MCTS_CheckersHeuristic
-1273109515,Checkers,0,GAME_OVER,46,45,2,1219,1,RandomPlayerConfig,1,2,2,MCTS_CheckersHeuristic
638161115,Checkers,0,GAME_OVER,47,46,2,1220,1,RandomPlayerConfig,1,2,2,MCTS_CheckersHeuristic
1977248622,Checkers,0,GAME_OVER,39,38,2,1221,1,RandomPlayerConfig,1,2,2,MCTS_CheckersHeuristic
1877723035,Checkers,0,GAME_OVER,52,51,2,1222,1,RandomPlayerConfig,1,2,2,MCTS_CheckersHeuristic
-247880027,Checkers,0,GAME_OVER,48,47,2,1223,1,RandomPlayerConfig,1,2,2,MCTS_CheckersHeuristic
60257536,Checkers,0,GAME_OVER,42,41,2,1224,1,RandomPlayerConfig,1,2,2,MCTS_CheckersHeuristic
-1023141750,Checkers,0,GAME_OVER,44,43,2,1225,1,RandomPlayerConfig,1,2,2,MCTS_CheckersHeuristic
-1531536613,Checkers,0,GAME_OVER,47,46,2,1226,1,RandomPlayerConfig,1,2,2,MCTS_CheckersHeuristic
-1870015994,Checkers,0,GAME_OVER,42,41,2,1227,1,RandomPlayerConfig,1,2,2,MCTS_CheckersHeuristic
-587009505,Checkers,0,GAME_OVER,55,54,2,1228,1,RandomPlayerConfig,1,2,2,MCTS_CheckersHeuristic
656487640,Checkers,0,GAME_OVER,42,41,2,1229,1,RandomPlayerConfig,1,2,2,MCTS_CheckersHeuristic
885567973,Checkers,0,GAME_OVER,39,38,2,1230,1,RandomPlayerConfig,1,2,2,MCTS_CheckersHeuristic
-446833650,Checkers,0,GAME_OVER,35,34,2,1231,1,RandomPlayerConfig,1,2,2,MCTS_CheckersHeuristic
-1462342457,Checkers,0,GAME_OVER,43,42,2,1232,1,RandomPlayerConfig,1,2,2,MCTS_CheckersHeuristic
-106544229,Checkers,0,GAME_OVER,55,54,2,1233,1,RandomPlayerConfig,1,2,2,MCTS_CheckersHeuristic
-659138474,Checkers,0,GAME_OVER,36,35,2,1234,1,RandomPlayerConfig,1,2,2,MCTS_CheckersHeuristic
-25311976,Checkers,0,GAME_OVER,53,52,2,1235,1,RandomPlayerConfig,1,2,2,MCTS_CheckersHeuristic
1076905910,Checkers,0,GAME_OVER,41,40,2,1236,1,RandomPlayerConfig,1,2,2,MCTS_CheckersHeuristic
-1904708170,Checkers,0,GAME_OVER,44,43,2,1237,1,RandomPlayerConfig,1,2,2,MCTS_CheckersHeuristic
-1972570966,Checkers,0,GAME_OVER,42,41,2,1238,1,RandomPlayerConfig,1,2,2,MCTS_CheckersHeuristic
1007219174,Checkers,0,GAME_OVER,44,43,2,1239,1,RandomPlayerConfig,1,2,2,MCTS_CheckersHeuristic
-634040436,Checkers,0,GAME_OVER,44,43,2,1240,1,RandomPlayerConfig,1,2,2,MCTS_CheckersHeuristic
-195478195,Checkers,0,GAME_OVER,29,28,2,1241,1,RandomPlayerConfig,1,2,2,MCTS_CheckersHeuristic
-1831453742,Checkers,0,GAME_OVER,36,35,2,1242,1,RandomPlayerConfig,1,2,2,MCTS_CheckersHeuristic
1255809514,Checkers,0,GAME_OVER,44,43,2,1243,1,RandomPlayerConfig,1,2,2,MCTS_CheckersHeuristic
-476992062,Checkers,0,GAME_OVER,40,39,2,1244,1,RandomPlayerConfig,1,2,2,MCTS_CheckersHeuristic
570750891,Checkers,0,GAME_OVER,46,45,2,1245,1,RandomPlayerConfig,1,2,2,MCTS_CheckersHeuristic
-1564909687,Checkers,0,GAME_OVER,44,43,2,1246,1,RandomPlayerConfig,1,2,2,MCTS_CheckersHeuristic
-566360639,Checkers,0,GAME_OVER,43,42,2,1247,1,RandomPlayerConfig,1,2,2,MCTS_CheckersHeuristic
1445041881,Checkers,0,GAME_OVER,42,41,2,1248,1,RandomPlayerConfig,1,2,2,MCTS_CheckersHeuristic
-2055745179,Checkers,0,GAME_OVER,39,38,2,1249,1,RandomPlayerConfig,1,2,2,MCTS_CheckersHeuristic
1094224296,Checkers,0,GAME_OVER,42,41,2,1250,1,RandomPlayerConfig,1,2,2,MCTS_CheckersHeuristic
27146751,Checkers,0,GAME_OVER,42,41,2,1251,1,RandomPlayerConfig,1,2,2,MCTS_CheckersHeuristic
1085941718,Checkers,0,GAME_OVER,35,34,2,1252,1,RandomPlayerConfig,1,2,2,MCTS_CheckersHeuristic
173689024,Checkers,0,GAME_OVER,39,38,2,1253,1,RandomPlayerConfig,1,2,2,MCTS_CheckersHeuristic
-245745479,Checkers,0,GAME_OVER,35,34,2,1254,1,RandomPlayerConfig,1,2,2,MCTS_CheckersHeuristic
765110833,Checkers,0,GAME_OVER,49,48,2,1255,1,RandomPlayerConfig,1,2,2,MCTS_CheckersHeuristic
1369319149,Checkers,0,GAME_OVER,41,40,2,1256,1,RandomPlayerConfig,1,2,2,MCTS_CheckersHeuristic
-1329008049,Checkers,0,GAME_OVER,42,41,2,1257,1,RandomPlayerConfig,1,2,2,MCTS_CheckersHeuristic
1593004491,Checkers,0,GAME_OVER,45,44,2,1258,1,RandomPlayerConfig,1,2,2,MCTS_CheckersHeuristic
-81289185,Checkers,0,GAME_OVER,39,38,2,1259,1,RandomPlayerConfig,1,2,2,MCTS_CheckersHeuristic
649173883,Checkers,0,GAME_OVER,49,48,2,1260,1,RandomPlayerConfig,1,2,2,MCTS_CheckersHeuristic
-1161731104,Checkers,0,GAME_OVER,41,40,2,1261,1,RandomPlayerConfig,1,2,2,MCTS_CheckersHeuristic
-750781564,Checkers,0,GAME_OVER,42,41,2,1262,1,RandomPlayerConfig,1,2,2,MCTS_CheckersHeuristic
1810301777,Checkers,0,GAME_OVER,39,38,2,1263,1,RandomPlayerConfig,1,2,2,MCTS_CheckersHeuristic
1346007353,Checkers,0,GAME_OVER,49,48,2,1264,1,RandomPlayerConfig,1,2,2,MCTS_CheckersHeuristic
1991797145,Checkers,0,GAME_OVER,46,45,2,1265,1,RandomPlayerConfig,1,2,2,MCTS_CheckersHeuristic
-1614375300,Checkers,0,GAME_OVER,50,49,2,1266,1,RandomPlayerConfig,1,2,2,MCTS_CheckersHeuristic
492276948,Checkers,0,GAME_OVER,35,34,2,1267,1,RandomPlayerConfig,1,2,2,MCTS_CheckersHeuristic
892050094,Checkers,0,GAME_OVER,32,31,2,1268,1,RandomPlayerConfig,1,2,2,MCTS_CheckersHeuristic
1333520733,Checkers,0,GAME_OVER,37,36,2,1269,1,RandomPlayerConfig,1,2,2,MCTS_CheckersHeuristic
738289352,Checkers,0,GAME_OVER,38,37,2,1270,1,RandomPlayerConfig,1,2,2,MCTS_CheckersHeuristic
886895421,Checkers,0,GAME_OVER,40,39,2,1271,1,RandomPlayerConfig,1,2,2,MCTS_CheckersHeuristic
-170170651,Checkers,0,GAME_OVER,46,45,2,1272,1,RandomPlayerConfig,1,2,2,MCTS_CheckersHeuristic
1053104243,Checkers,0,GAME_OVER,33,32,2,1273,1,RandomPlayerConfig,1,2,2,MCTS_CheckersHeuristic
-989805868,Checkers,0,GAME_OVER,42,41,2,1274,1,RandomPlayerConfig,1,2,2,MCTS_CheckersHeuristic
-2125442322,Checkers,0,GAME_OVER,54,53,2,1275,1,RandomPlayerConfig,1,2,2,MCTS_CheckersHeuristic
-1965228448,Checkers,0,GAME_OVER,62,61,2,1276,1,RandomPlayerConfig,1,2,2,MCTS_CheckersHeuristic
520480617,Checkers,0,GAME_OVER,51,50,2,1277,1,RandomPlayerConfig,1,2,2,MCTS_CheckersHeuristic
788585333,Checkers,0,GAME_OVER,42,41,2,1278,1,RandomPlayerConfig,1,2,2,MCTS_CheckersHeuristic
-738699625,Checkers,0,GAME_OVER,43,42,2,1279,1,RandomPlayerConfig,1,2,2,MCTS_CheckersHeuristic
1824537420,Checkers,0,GAME_OVER,37,36,2,1280,1,RandomPlayerConfig,1,2,2,MCTS_CheckersHeuristic
-599341002,Checkers,0,GAME_OVER,41,40,2,1281,1,RandomPlayerConfig,1,2,2,MCTS_CheckersHeuristic
-1794412227,Checkers,0,GAME_OVER,40,39,2,1282,1,RandomPlayerConfig,1,2,2,MCTS_CheckersHeuristic
1388110847,Checkers,0,GAME_OVER,42,41,2,1283,1,RandomPlayerConfig,1,2,2,MCTS_CheckersHeuristic
1039814901,Checkers,0,GAME_OVER,45,44,2,1284,1,RandomPlayerConfig,1,2,2,MCTS_CheckersHeuristic
-912772450,Checkers,0,GAME_OVER,46,45,2,1285,1,RandomPlayerConfig,1,2,2,MCTS_CheckersHeuristic
-1418786031,Checkers,0,GAME_OVER,59,58,2,1286,1,RandomPlayerConfig,1,2,2,MCTS_CheckersHeuristic
-396209916,Checkers,0,GAME_OVER,41,40,2,1287,1,RandomPlayerConfig,1,2,2,MCTS_CheckersHeuristic
493680251,Checkers,0,GAME_OVER,44,43,2,1288,1,RandomPlayerConfig,1,2,2,MCTS_CheckersHeuristic
-1427272998,Checkers,0,GAME_OVER,39,38,2,1289,1,RandomPlayerConfig,1,2,2,MCTS_CheckersHeuristic
1683653113,Checkers,0,GAME_OVER,53,52,2,1290,1,RandomPlayerConfig,1,2,2,MCTS_CheckersHeuristic
-1445698336,Checkers,0,GAME_OVER,46,45,2,1291,1,RandomPlayerConfig,1,2,2,MCTS_CheckersHeuristic
1294534854,Checkers,0,GAME_OVER,31,30,2,1292,1,RandomPlayerConfig,1,2,2,MCTS_CheckersHeuristic
2020429431,Checkers,0,GAME_OVER,48,47,2,1293,1,RandomPlayerConfig,1,2,2,MCTS_CheckersHeuristic
998569527,Checkers,0,GAME_OVER,41,40,2,1294,1,RandomPlayerConfig,1,2,2,MCTS_CheckersHeuristic
961128877,Checkers,0,GAME_OVER,43,42,2,1295,1,RandomPlayerConfig,1,2,2,MCTS_CheckersHeuristic
-1050355786,Checkers,0,GAME_OVER,41,40,2,1296,1,RandomPlayerConfig,1,2,2,MCTS_CheckersHeuristic
-895702146,Checkers,0,GAME_OVER,43,42,2,1297,1,RandomPlayerConfig,1,2,2,MCTS_CheckersHeuristic
-71859814,Checkers,0,GAME_OVER,43,42,2,1298,1,RandomPlayerConfig,1,2,2,MCTS_CheckersHeuristic
-712256982,Checkers,0,GAME_OVER,44,43,2,1299,1,RandomPlayerConfig,1,2,2,MCTS_CheckersHeuristic
1986892447,Checkers,0,GAME_OVER,41,40,2,1300,1,RandomPlayerConfig,1,2,2,MCTS_CheckersHeuristic
-326441516,Checkers,0,GAME_OVER,41,40,2,1301,1,RandomPlayerConfig,1,2,2,MCTS_CheckersHeuristic
-1467008237,Checkers,0,GAME_OVER,45,44,2,1302,1,RandomPlayerConfig,1,2,2,MCTS_CheckersHeuristic
-717604929,Checkers,0,GAME_OVER,35,34,2,1303,1,RandomPlayerConfig,1,2,2,MCTS_CheckersHeuristic
1289652212,Checkers,0,GAME_OVER,48,47,2,1304,1,RandomPlayerConfig,1,2,2,MCTS_CheckersHeuristic
344141539,Checkers,0,GAME_OVER,36,35,2,1305,1,RandomPlayerConfig,1,2,2,MCTS_CheckersHeuristic
1831034760,Checkers,0,GAME_OVER,45,44,2,1306,1,RandomPlayerConfig,1,2,2,MCTS_CheckersHeuristic
128431294,Checkers,0,GAME_OVER,42,41,2,1307,1,RandomPlayerConfig,1,2,2,MCTS_CheckersHeuristic
-924832703,Checkers,0,GAME_OVER,37,36,2,1308,1,RandomPlayerConfig,1,2,2,MCTS_CheckersHeuristic
1930548090,Checkers,0,GAME_OVER,40,39,2,1309,1,RandomPlayerConfig,1,2,2,MCTS_CheckersHeuristic
-1364937752,Checkers,0,GAME_OVER,41,40,2,1310,1,RandomPlayerConfig,1,2,2,MCTS_CheckersHeuristic
-1757061397,Checkers,0,GAME_OVER,45,44,2,1311,1,RandomPlayerConfig,1,2,2,MCTS_CheckersHeuristic
-958653346,Checkers,0,GAME_OVER,39,38,2,1312,1,RandomPlayerConfig,1,2,2,MCTS_CheckersHeuristic
-40639503,Checkers,0,GAME_OVER,40,39,2,1313,1,RandomPlayerConfig,1,2,2,MCTS_CheckersHeuristic
-1782025089,Checkers,0,GAME_OVER,44,43,2,1314,1,RandomPlayerConfig,1,2,2,MCTS_CheckersHeuristic
413132350,Checkers,0,GAME_OVER,38,37,2,1315,1,RandomPlayerConfig,1,2,2,MCTS_CheckersHeuristic
-718106911,Checkers,0,GAME_OVER,49,48,2,1316,1,RandomPlayerConfig,1,2,2,MCTS_CheckersHeuristic
-749290863,Checkers,0,GAME_OVER,43,42,2,1317,1,RandomPlayerConfig,1,2,2,MCTS_CheckersHeuristic
203580810,Checkers,0,GAME_OVER,44,43,2,1318,1,RandomPlayerConfig,1,2,2,MCTS_CheckersHeuristic
-183657498,Checkers,0,GAME_OVER,40,39,2,1319,1,RandomPlayerConfig,1,2,2,MCTS_CheckersHeuristic
-363796268,Checkers,0,GAME_OVER,46,45,2,1320,1,RandomPlayerConfig,1,2,2,MCTS_CheckersHeuristic
1019151410,Checkers,0,GAME_OVER,39,38,2,1321,1,RandomPlayerConfig,1,2,2,MCTS_CheckersHeuristic
-1598629618,Checkers,0,GAME_OVER,47,46,2,1322,1,RandomPlayerConfig,1,2,2,MCTS_CheckersHeuristic
629630353,Checkers,0,GAME_OVER,33,32,2,1323,1,RandomPlayerConfig,1,2,2,MCTS_CheckersHeuristic
407923111,Checkers,0,GAME_OVER,41,40,2,1324,1,RandomPlayerConfig,1,2,2,MCTS_CheckersHeuristic
-783995100,Checkers,0,GAME_OVER,45,44,2,1325,1,RandomPlayerConfig,1,2,2,MCTS_CheckersHeuristic
1917238756,Checkers,0,GAME_OVER,46,45,2,1326,1,RandomPlayerConfig,1,2,2,MCTS_CheckersHeuristic
-1996021526,Checkers,0,GAME_OVER,50,49,2,1327,1,RandomPlayerConfig,1,2,2,MCTS_CheckersHeuristic
1446978152,Checkers,0,GAME_OVER,48,47,2,1328,1,RandomPlayerConfig,1,2,2,MCTS_CheckersHeuristic
-1248893870,Checkers,0,GAME_OVER,40,39,2,1329,1,RandomPlayerConfig,1,2,2,MCTS_CheckersHeuristic
-614134760,Checkers,0,GAME_OVER,36,35,2,1330,1,RandomPlayerConfig,1,2,2,MCTS_CheckersHeuristic
510278499,Checkers,0,GAME_OVER,35,34,2,1331,1,RandomPlayerConfig,1,2,2,MCTS_CheckersHeuristic
-1700484048,Checkers,0,GAME_OVER,45,44,2,1332,1,RandomPlayerConfig,1,2,2,MCTS_CheckersHeuristic
-321950044,Checkers,0,GAME_OVER,41,40,2,1333,1,RandomPlayerConfig,1,2,2,MCTS_CheckersHeuristic
2105942644,Checkers,0,GAME_OVER,43,42,2,1334,1,RandomPlayerConfig,1,2,2,MCTS_CheckersHeuristic
612336180,Checkers,0,GAME_OVER,48,47,2,1335,1,RandomPlayerConfig,1,2,2,MCTS_CheckersHeuristic
636965344,Checkers,0,GAME_OVER,49,48,2,1336,1,RandomPlayerConfig,1,2,2,MCTS_CheckersHeuristic
-636668763,Checkers,0,GAME_OVER,44,43,2,1337,1,RandomPlayerConfig,1,2,2,MCTS_CheckersHeuristic
-1842419369,Checkers,0,GAME_OVER,43,42,2,1338,1,RandomPlayerConfig,1,2,2,MCTS_CheckersHeuristic
-137138526,Checkers,0,GAME_OVER,41,40,2,1339,1,RandomPlayerConfig,1,2,2,MCTS_CheckersHeuristic
-976379635,Checkers,0,GAME_OVER,48,47,2,1340,1,RandomPlayerConfig,1,2,2,MCTS_CheckersHeuristic
-1653823386,Checkers,0,GAME_OVER,43,42,2,1341,1,RandomPlayerConfig,1,2,2,MCTS_CheckersHeuristic
1433587402,Checkers,0,GAME_OVER,46,45,2,1342,1,RandomPlayerConfig,1,2,2,MCTS_CheckersHeuristic
1430155908,Checkers,0,GAME_OVER,42,41,2,1343,1,RandomPlayerConfig,1,2,2,MCTS_CheckersHeuristic
98801208,Checkers,0,GAME_OVER,45,44,2,1344,1,RandomPlayerConfig,1,2,2,MCTS_CheckersHeuristic
1896370593,Checkers,0,GAME_OVER,34,33,2,1345,1,RandomPlayerConfig,1,2,2,MCTS_CheckersHeuristic
2018308052,Checkers,0,GAME_OVER,44,43,2,1346,1,RandomPlayerConfig,1,2,2,MCTS_CheckersHeuristic
376244482,Checkers,0,GAME_OVER,42,41,2,1347,1,RandomPlayerConfig,1,2,2,MCTS_CheckersHeuristic
566876226,Checkers,0,GAME_OVER,49,48,2,1348,1,RandomPlayerConfig,1,2,2,MCTS_CheckersHeuristic
1726469664,Checkers,0,GAME_OVER,42,41,2,1349,1,RandomPlayerConfig,1,2,2,MCTS_CheckersHeuristic
-179174643,Checkers,0,GAME_OVER,38,37,2,1350,1,RandomPlayerConfig,1,2,2,MCTS_CheckersHeuristic
852594592,Checkers,0,GAME_OVER,39,38,2,1351,1,RandomPlayerConfig,1,2,2,MCTS_CheckersHeuristic
1015592734,Checkers,0,GAME_OVER,38,37,2,1352,1,RandomPlayerConfig,1,2,2,MCTS_CheckersHeuristic
1881941087,Checkers,0,GAME_OVER,49,48,2,1353,1,RandomPlayerConfig,1,2,2,MCTS_CheckersHeuristic
1409144944,Checkers,0,GAME_OVER,43,42,2,1354,1,RandomPlayerConfig,1,2,2,MCTS_CheckersHeuristic
-1209259142,Checkers,0,GAME_OVER,41,40,2,1355,1,RandomPlayerConfig,1,2,2,MCTS_CheckersHeuristic
31973832,Checkers,0,GAME_OVER,51,50,2,1356,1,RandomPlayerConfig,1,2,2,MCTS_CheckersHeuristic
-889117584,Checkers,0,GAME_OVER,42,41,2,1357,1,RandomPlayerConfig,1,2,2,MCTS_CheckersHeuristic
1740145269,Checkers,0,GAME_OVER,46,45,2,1358,1,RandomPlayerConfig,1,2,2,MCTS_CheckersHeuristic
-137019695,Checkers,0,GAME_OVER,46,45,2,1359,1,RandomPlayerConfig,1,2,2,MCTS_CheckersHeuristic
-1431894155,Checkers,0,GAME_OVER,48,47,2,1360,1,RandomPlayerConfig,1,2,2,MCTS_CheckersHeuristic
1669272350,Checkers,0,GAME_OVER,36,35,2,1361,1,RandomPlayerConfig,1,2,2,MCTS_CheckersHeuristic
1155300447,Checkers,0,GAME_OVER,41,40,2,1362,1,RandomPlayerConfig,1,2,2,MCTS_CheckersHeuristic
-1866779963,Checkers,0,GAME_OVER,42,41,2,1363,1,RandomPlayerConfig,1,2,2,MCTS_CheckersHeuristic
688052235,Checkers,0,GAME_OVER,41,40,2,1364,1,RandomPlayerConfig,1,2,2,MCTS_CheckersHeuristic
1235479381,Checkers,0,GAME_OVER,49,48,2,1365,1,RandomPlayerConfig,1,2,2,MCTS_CheckersHeuristic
1892180434,Checkers,0,GAME_OVER,45,44,2,1366,1,RandomPlayerConfig,1,2,2,MCTS_CheckersHeuristic
1674352996,Checkers,0,GAME_OVER,41,40,2,1367,1,RandomPlayerConfig,1,2,2,MCTS_CheckersHeuristic
2024085458,Checkers,0,GAME_OVER,38,37,2,1368,1,RandomPlayerConfig,1,2,2,MCTS_CheckersHeuristic
-1372618303,Checkers,0,GAME_OVER,45,44,2,1369,1,RandomPlayerConfig,1,2,2,MCTS_CheckersHeuristic
-6550616,Checkers,0,GAME_OVER,39,38,2,1370,1,RandomPlayerConfig,1,2,2,MCTS_CheckersHeuristic
-1844188190,Checkers,0,GAME_OVER,41,40,2,1371,1,RandomPlayerConfig,1,2,2,MCTS_CheckersHeuristic
332773996,Checkers,0,GAME_OVER,40,39,2,1372,1,RandomPlayerConfig,1,2,2,MCTS_CheckersHeuristic
1471362740,Checkers,0,GAME_OVER,41,40,2,1373,1,RandomPlayerConfig,1,2,2,MCTS_CheckersHeuristic
1005200900,Checkers,0,GAME_OVER,45,44,2,1374,1,RandomPlayerConfig,1,2,2,MCTS_CheckersHeuristic
576350506,Checkers,0,GAME_OVER,33,32,2,1375,1,RandomPlayerConfig,1,2,2,MCTS_CheckersHeuristic
44972290,Checkers,0,GAME_OVER,45,44,2,1376,1,RandomPlayerConfig,1,2,2,MCTS_CheckersHeuristic
-892313012,Checkers,0,GAME_OVER,30,29,2,1377,1,RandomPlayerConfig,1,2,2,MCTS_CheckersHeuristic
-945515610,Checkers,0,GAME_OVER,41,40,2,1378,1,RandomPlayerConfig,1,2,2,MCTS_CheckersHeuristic
-797189995,Checkers,0,GAME_OVER,41,40,2,1379,1,RandomPlayerConfig,1,2,2,MCTS_CheckersHeuristic
-412117056,Checkers,0,GAME_OVER,44,43,2,1380,1,RandomPlayerConfig,1,2,2,MCTS_CheckersHeuristic
1924062932,Checkers,0,GAME_OVER,46,45,2,1381,1,RandomPlayerConfig,1,2,2,MCTS_CheckersHeuristic
-1558498688,Checkers,0,GAME_OVER,36,35,2,1382,1,RandomPlayerConfig,1,2,2,MCTS_CheckersHeuristic
2095920376,Checkers,0,GAME_OVER,45,44,2,1383,1,RandomPlayerConfig,1,2,2,MCTS_CheckersHeuristic
-1741762942,Checkers,0,GAME_OVER,53,52,2,1384,1,RandomPlayerConfig,1,2,2,MCTS_CheckersHeuristic
-1821944470,Checkers,0,GAME_OVER,49,48,2,1385,1,RandomPlayerConfig,1,2,2,MCTS_CheckersHeuristic
-1001794166,Checkers,0,GAME_OVER,41,40,2,1386,1,RandomPlayerConfig,1,2,2,MCTS_CheckersHeuristic
-824933404,Checkers,0,GAME_OVER,41,40,2,1387,1,RandomPlayerConfig,1,2,2,MCTS_CheckersHeuristic
-116225841,Checkers,0,GAME_OVER,46,45,2,1388,1,RandomPlayerConfig,1,2,2,MCTS_CheckersHeuristic
1035153634,Checkers,0,GAME_OVER,44,43,2,1389,1,RandomPlayerConfig,1,2,2,MCTS_CheckersHeuristic
-1892972590,Checkers,0,GAME_OVER,34,33,2,1390,1,RandomPlayerConfig,1,2,2,MCTS_CheckersHeuristic
1815108904,Checkers,0,GAME_OVER,38,37,2,1391,1,RandomPlayerConfig,1,2,2,MCTS_CheckersHeuristic
-828870395,Checkers,0,GAME_OVER,54,53,2,1392,1,RandomPlayerConfig,1,2,2,MCTS_CheckersHeuristic
-2081531158,Checkers,0,GAME_OVER,37,36,2,1393,1,RandomPlayerConfig,1,2,2,MCTS_CheckersHeuristic
-1936298794,Checkers,0,GAME_OVER,43,42,2,1394,1,RandomPlayerConfig,1,2,2,MCTS_CheckersHeuristic
108127898,Checkers,0,GAME_OVER,44,43,2,1395,1,RandomPlayerConfig,1,2,2,MCTS_CheckersHeuristic
-2079884586,Checkers,0,GAME_OVER,45,44,2,1396,1,RandomPlayerConfig,1,2,2,MCTS_CheckersHeuristic
-493541522,Checkers,0,GAME_OVER,47,46,2,1397,1,RandomPlayerConfig,1,2,2,MCTS_CheckersHeuristic
-1048260075,Checkers,0,GAME_OVER,44,43,2,1398,1,RandomPlayerConfig,1,2,2,MCTS_CheckersHeuristic
-1227601898,Checkers,0,GAME_OVER,51,50,2,1399,1,RandomPlayerConfig,1,2,2,MCTS_CheckersHeuristic
2056773874,Checkers,0,GAME_OVER,35,34,2,1400,1,RandomPlayerConfig,1,2,2,MCTS_CheckersHeuristic
-601157059,Checkers,0,GAME_OVER,41,40,2,1401,1,RandomPlayerConfig,1,2,2,MCTS_CheckersHeuristic
1017260225,Checkers,0,GAME_OVER,37,36,2,1402,1,RandomPlayerConfig,1,2,2,OSLA
-998926163,Checkers,0,GAME_OVER,47,46,2,1403,1,RandomPlayerConfig,1,2,2,OSLA
-1283026673,Checkers,0,GAME_OVER,38,37,2,1404,1,RandomPlayerConfig,1,2,2,OSLA
-914035881,Checkers,0,GAME_OVER,36,35,2,1405,1,RandomPlayerConfig,1,2,2,OSLA
1392166865,Checkers,0,GAME_OVER,43,42,2,1406,1,RandomPlayerConfig,1,2,2,OSLA
-984713997,Checkers,0,GAME_OVER,33,32,2,1407,1,RandomPlayerConfig,1,2,2,OSLA
1401968321,Checkers,0,GAME_OVER,39,38,2,1408,1,RandomPlayerConfig,1,2,2,OSLA
1375112552,Checkers,0,GAME_OVER,41,40,2,1409,1,RandomPlayerConfig,1,2,2,OSLA
-1262434534,Checkers,0,GAME_OVER,42,41,2,1410,1,RandomPlayerConfig,1,2,2,OSLA
-1381155222,Checkers,0,GAME_OVER,41,40,2,1411,1,RandomPlayerConfig,1,2,2,OSLA
-1480604482,Checkers,0,GAME_OVER,34,33,2,1412,1,RandomPlayerConfig,1,2,2,OSLA
-840827977,Checkers,0,GAME_OVER,37,36,2,1413,1,RandomPlayerConfig,1,2,2,OSLA
-1651020227,Checkers,0,GAME_OVER,47,46,2,1414,1,RandomPlayerConfig,1,2,2,OSLA
-1337418593,Checkers,0,GAME_OVER,47,46,2,1415,1,RandomPlayerConfig,1,2,2,OSLA
626067167,Checkers,0,GAME_OVER,46,45,2,1416,1,RandomPlayerConfig,1,2,2,OSLA
43972217,Checkers,0,GAME_OVER,45,44,2,1417,1,RandomPlayerConfig,1,2,2,OSLA
652653912,Checkers,0,GAME_OVER,46,45,2,1418,1,RandomPlayerConfig,1,2,2,OSLA
-1273109515,Checkers,0,GAME_OVER,46,45,2,1419,1,RandomPlayerConfig,1,2,2,OSLA
638161115,Checkers,0,GAME_OVER,38,37,2,1420,1,RandomPlayerConfig,1,2,2,OSLA
1977248622,Checkers,0,GAME_OVER,41,40,2,1421,1,RandomPlayerConfig,1,2,2,OSLA
1877723035,Checkers,0,GAME_OVER,41,40,2,1422,1,RandomPlayerConfig,1,2,2,OSLA
-247880027,Checkers,0,GAME_OVER,41,40,2,1423,1,RandomPlayerConfig,1,2,2,OSLA
60257536,Checkers,0,GAME_OVER,49,48,2,1424,1,RandomPlayerConfig,1,2,2,OSLA
-1023141750,Checkers,0,GAME_OVER,38,37,2,1425,1,RandomPlayerConfig,1,2,2,OSLA
-1531536613,Checkers,0,GAME_OVER,48,47,2,1426,1,RandomPlayerConfig,1,2,2,OSLA
-1870015994,Checkers,0,GAME_OVER,40,39,2,1427,1,RandomPlayerConfig,1,2,2,OSLA
-587009505,Checkers,0,GAME_OVER,51,50,2,1428,1,RandomPlayerConfig,1,2,2,OSLA
656487640,Checkers,0,GAME_OVER,45,44,2,1429,1,RandomPlayerConfig,1,2,2,OSLA
885567973,Checkers,0,GAME_OVER,44,43,2,1430,1,RandomPlayerConfig,1,2,2,OSLA
-446833650,Checkers,0,GAME_OVER,54,53,2,1431,1,RandomPlayerConfig,1,2,2,OSLA
-1462342457,Checkers,0,GAME_OVER,35,34,2,1432,1,RandomPlayerConfig,1,2,2,OSLA
-106544229,Checkers,0,GAME_OVER,45,44,2,1433,1,RandomPlayerConfig,1,2,2,OSLA
-659138474,Checkers,0,GAME_OVER,44,43,2,1434,1,RandomPlayerConfig,1,2,2,OSLA
-25311976,Checkers,0,GAME_OVER,37,36,2,1435,1,RandomPlayerConfig,1,2,2,OSLA
1076905910,Checkers,0,GAME_OVER,46,45,2,1436,1,RandomPlayerConfig,1,2,2,OSLA
-1904708170,Checkers,0,GAME_OVER,43,42,2,1437,1,RandomPlayerConfig,1,2,2,OSLA
-1972570966,Checkers,0,GAME_OVER,39,38,2,1438,1,RandomPlayerConfig,1,2,2,OSLA
1007219174,Checkers,0,GAME_OVER,38,37,2,1439,1,RandomPlayerConfig,1,2,2,OSLA
-634040436,Checkers,0,GAME_OVER,41,40,2,1440,1,RandomPlayerConfig,1,2,2,OSLA
-195478195,Checkers,0,GAME_OVER,78,77,2,1441,1,RandomPlayerConfig,1,2,2,OSLA
-1831453742,Checkers,0,GAME_OVER,29,28,2,1442,1,RandomPlayerConfig,1,2,2,OSLA
1255809514,Checkers,0,GAME_OVER,39,38,2,1443,1,RandomPlayerConfig,1,2,2,OSLA
-476992062,Checkers,0,GAME_OVER,40,39,2,1444,1,RandomPlayerConfig,1,2,2,OSLA
570750891,Checkers,0,GAME_OVER,46,45,2,1445,1,RandomPlayerConfig,1,2,2,OSLA
-1564909687,Checkers,0,GAME_OVER,45,44,2,1446,1,RandomPlayerConfig,1,2,2,OSLA
-566360639,Checkers,0,GAME_OVER,43,42,2,1447,1,RandomPlayerConfig,1,2,2,OSLA
1445041881,Checkers,0,GAME_OVER,43,42,2,1448,1,RandomPlayerConfig,1,2,2,OSLA
-2055745179,Checkers,0,GAME_OVER,35,34,2,1449,1,RandomPlayerConfig,1,2,2,OSLA
1094224296,Checkers,0,GAME_OVER,32,31,2,1450,1,RandomPlayerConfig,1,2,2,OSLA
27146751,Checkers,0,GAME_OVER,51,50,2,1451,1,RandomPlayerConfig,1,2,2,OSLA
1085941718,Checkers,0,GAME_OVER,37,36,2,1452,1,RandomPlayerConfig,1,2,2,OSLA
173689024,Checkers,0,GAME_OVER,45,44,2,1453,1,RandomPlayerConfig,1,2,2,OSLA
-245745479,Checkers,0,GAME_OVER,42,41,2,1454,1,RandomPlayerConfig,1,2,2,OSLA
765110833,Checkers,0,GAME_OVER,51,50,2,1455,1,RandomPlayerConfig,1,2,2,OSLA
1369319149,Checkers,0,GAME_OVER,29,28,2,1456,1,RandomPlayerConfig,1,2,2,OSLA
-1329008049,Checkers,0,GAME_OVER,43,42,2,1457,1,RandomPlayerConfig,1,2,2,OSLA
1593004491,Checkers,0,GAME_OVER,45,44,2,1458,1,RandomPlayerConfig,1,2,2,OSLA
-81289185,Checkers,0,GAME_OVER,43,42,2,1459,1,RandomPlayerConfig,1,2,2,OSLA
649173883,Checkers,0,GAME_OVER,41,40,2,1460,1,RandomPlayerConfig,1,2,2,OSLA
-1161731104,Checkers,0,GAME_OVER,38,37,2,1461,1,RandomPlayerConfig,1,2,2,OSLA
-750781564,Checkers,0,GAME_OVER,42,41,2,1462,1,RandomPlayerConfig,1,2,2,OSLA
1810301777,Checkers,0,GAME_OVER,42,41,2,1463,1,RandomPlayerConfig,1,2,2,OSLA
1346007353,Checkers,0,GAME_OVER,40,39,2,1464,1,RandomPlayerConfig,1,2,2,OSLA
1991797145,Checkers,0,GAME_OVER,39,38,2,1465,1,RandomPlayerConfig,1,2,2,OSLA
-1614375300,Checkers,0,GAME_OVER,42,41,2,1466,1,RandomPlayerConfig,1,2,2,OSLA
492276948,Checkers,0,GAME_OVER,42,41,2,1467,1,RandomPlayerConfig,1,2,2,OSLA
892050094,Checkers,0,GAME_OVER,51,50,2,1468,1,RandomPlayerConfig,1,2,2,OSLA
1333520733,Checkers,0,GAME_OVER,39,38,2,1469,1,RandomPlayerConfig,1,2,2,OSLA
738289352,Checkers,0,GAME_OVER,38,37,2,1470,1,RandomPlayerConfig,1,2,2,OSLA
886895421,Checkers,0,GAME_OVER,41,40,2,1471,1,RandomPlayerConfig,1,2,2,OSLA
-170170651,Checkers,0,GAME_OVER,41,40,2,1472,1,RandomPlayerConfig,1,2,2,OSLA
1053104243,Checkers,0,GAME_OVER,36,35,2,1473,1,RandomPlayerConfig,1,2,2,OSLA
-989805868,Checkers,0,GAME_OVER,46,45,2,1474,1,RandomPlayerConfig,1,2,2,OSLA
-2125442322,Checkers,0,GAME_OVER,36,35,2,1475,1,RandomPlayerConfig,1,2,2,OSLA
-1965228448,Checkers,0,GAME_OVER,46,45,2,1476,1,RandomPlayerConfig,1,2,2,OSLA
520480617,Checkers,0,GAME_OVER,41,40,2,1477,1,RandomPlayerConfig,1,2,2,OSLA
788585333,Checkers,0,GAME_OVER,39,38,2,1478,1,RandomPlayerConfig,1,2,2,OSLA
-738699625,Checkers,0,GAME_OVER,59,58,2,1479,1,RandomPlayerConfig,1,2,2,OSLA
1824537420,Checkers,0,GAME_OVER,54,53,2,1480,1,RandomPlayerConfig,1,2,2,OSLA
-599341002,Checkers,0,GAME_OVER,49,48,2,1481,1,RandomPlayerConfig,1,2,2,OSLA
-1794412227,Checkers,0,GAME_OVER,44,43,2,1482,1,RandomPlayerConfig,1,2,2,OSLA
1388110847,Checkers,0,GAME_OVER,36,35,2,1483,1,RandomPlayerConfig,1,2,2,OSLA
1039814901,Checkers,0,GAME_OVER,41,40,2,1484,1,RandomPlayerConfig,1,2,2,OSLA
-912772450,Checkers,0,GAME_OVER,44,43,2,1485,1,RandomPlayerConfig,1,2,2,OSLA
-1418786031,Checkers,0,GAME_OVER,42,41,2,1486,1,RandomPlayerConfig,1,2,2,OSLA
-396209916,Checkers,0,GAME_OVER,38,37,2,1487,1,RandomPlayerConfig,1,2,2,OSLA
493680251,Checkers,0,GAME_OVER,36,35,2,1488,1,RandomPlayerConfig,1,2,2,OSLA
-1427272998,Checkers,0,GAME_OVER,54,53,2,1489,1,RandomPlayerConfig,1,2,2,OSLA
1683653113,Checkers,0,GAME_OVER,33,32,2,1490,1,RandomPlayerConfig,1,2,2,OSLA
-1445698336,Checkers,0,GAME_OVER,39,38,2,1491,1,RandomPlayerConfig,1,2,2,OSLA
1294534854,Checkers,0,GAME_OVER,36,35,2,1492,1,RandomPlayerConfig,1,2,2,OSLA
2020429431,Checkers,0,GAME_OVER,39,38,2,1493,1,RandomPlayerConfig,1,2,2,OSLA
998569527,Checkers,0,GAME_OVER,42,41,2,1494,1,RandomPlayerConfig,1,2,2,OSLA
961128877,Checkers,0,GAME_OVER,43,42,2,1495,1,RandomPlayerConfig,1,2,2,OSLA
-1050355786,Checkers,0,GAME_OVER,37,36,2,1496,1,RandomPlayerConfig,1,2,2,OSLA
-895702146,Checkers,0,GAME_OVER,43,42,2,1497,1,RandomPlayerConfig,1,2,2,OSLA
-71859814,Checkers,0,GAME_OVER,41,40,2,1498,1,RandomPlayerConfig,1,2,2,OSLA
-712256982,Checkers,0,GAME_OVER,44,43,2,1499,1,RandomPlayerConfig,1,2,2,OSLA
1986892447,Checkers,0,GAME_OVER,42,41,2,1500,1,RandomPlayerConfig,1,2,2,OSLA
-326441516,Checkers,0,GAME_OVER,36,35,2,1501,1,RandomPlayerConfig,1,2,2,OSLA
-1467008237,Checkers,0,GAME_OVER,48,47,2,1502,1,RandomPlayerConfig,1,2,2,OSLA
-717604929,Checkers,0,GAME_OVER,37,36,2,1503,1,RandomPlayerConfig,1,2,2,OSLA
1289652212,Checkers,0,GAME_OVER,39,38,2,1504,1,RandomPlayerConfig,1,2,2,OSLA
344141539,Checkers,0,GAME_OVER,40,39,2,1505,1,RandomPlayerConfig,1,2,2,OSLA
1831034760,Checkers,0,GAME_OVER,45,44,2,1506,1,RandomPlayerConfig,1,2,2,OSLA
128431294,Checkers,0,GAME_OVER,34,33,2,1507,1,RandomPlayerConfig,1,2,2,OSLA
-924832703,Checkers,0,GAME_OVER,44,43,2,1508,1,RandomPlayerConfig,1,2,2,OSLA
1930548090,Checkers,0,GAME_OVER,49,48,2,1509,1,RandomPlayerConfig,1,2,2,OSLA
-1364937752,Checkers,0,GAME_OVER,47,46,2,1510,1,RandomPlayerConfig,1,2,2,OSLA
-1757061397,Checkers,0,GAME_OVER,39,38,2,1511,1,RandomPlayerConfig,1,2,2,OSLA
-958653346,Checkers,0,GAME_OVER,48,47,2,1512,1,RandomPlayerConfig,1,2,2,OSLA
-40639503,Checkers,0,GAME_OVER,49,48,2,1513,1,RandomPlayerConfig,1,2,2,OSLA
-1782025089,Checkers,0,GAME_OVER,44,43,2,1514,1,RandomPlayerConfig,1,2,2,OSLA
413132350,Checkers,0,GAME_OVER,38,37,2,1515,1,RandomPlayerConfig,1,2,2,OSLA
-718106911,Checkers,0,GAME_OVER,49,48,2,1516,1,RandomPlayerConfig,1,2,2,OSLA
-749290863,Checkers,0,GAME_OVER,49,48,2,1517,1,RandomPlayerConfig,1,2,2,OSLA
203580810,Checkers,0,GAME_OVER,45,44,2,1518,1,RandomPlayerConfig,1,2,2,OSLA
-183657498,Checkers,0,GAME_OVER,49,48,2,1519,1,RandomPlayerConfig,1,2,2,OSLA
-363796268,Checkers,0,GAME_OVER,41,40,2,1520,1,RandomPlayerConfig,1,2,2,OSLA
1019151410,Checkers,0,GAME_OVER,40,39,2,1521,1,RandomPlayerConfig,1,2,2,OSLA
-1598629618,Checkers,0,GAME_OVER,40,39,2,1522,1,RandomPlayerConfig,1,2,2,OSLA
629630353,Checkers,0,GAME_OVER,48,47,2,1523,1,RandomPlayerConfig,1,2,2,OSLA
407923111,Checkers,0,GAME_OVER,37,36,2,1524,1,RandomPlayerConfig,1,2,2,OSLA
-783995100,Checkers,0,GAME_OVER,47,46,2,1525,1,RandomPlayerConfig,1,2,2,OSLA
1917238756,Checkers,0,GAME_OVER,46,45,2,1526,1,RandomPlayerConfig,1,2,2,OSLA
-1996021526,Checkers,0,GAME_OVER,40,39,2,1527,1,RandomPlayerConfig,1,2,2,OSLA
1446978152,Checkers,0,GAME_OVER,45,44,2,1528,1,RandomPlayerConfig,1,2,2,OSLA
-1248893870,Checkers,0,GAME_OVER,44,43,2,1529,1,RandomPlayerConfig,1,2,2,OSLA
-614134760,Checkers,0,GAME_OVER,30,29,2,1530,1,RandomPlayerConfig,1,2,2,OSLA
510278499,Checkers,0,GAME_OVER,34,33,2,1531,1,RandomPlayerConfig,1,2,2,OSLA
-1700484048,Checkers,0,GAME_OVER,37,36,2,1532,1,RandomPlayerConfig,1,2,2,OSLA
-321950044,Checkers,0,GAME_OVER,37,36,2,1533,1,RandomPlayerConfig,1,2,2,OSLA
2105942644,Checkers,0,GAME_OVER,36,35,2,1534,1,RandomPlayerConfig,1,2,2,OSLA
612336180,Checkers,0,GAME_OVER,34,33,2,1535,1,RandomPlayerConfig,1,2,2,OSLA
636965344,Checkers,0,GAME_OVER,45,44,2,1536,1,RandomPlayerConfig,1,2,2,OSLA
-636668763,Checkers,0,GAME_OVER,44,43,2,1537,1,RandomPlayerConfig,1,2,2,OSLA
-1842419369,Checkers,0,GAME_OVER,37,36,2,1538,1,RandomPlayerConfig,1,2,2,OSLA
-137138526,Checkers,0,GAME_OVER,38,37,2,1539,1,RandomPlayerConfig,1,2,2,OSLA
-976379635,Checkers,0,GAME_OVER,39,38,2,1540,1,RandomPlayerConfig,1,2,2,OSLA
-1653823386,Checkers,0,GAME_OVER,49,48,2,1541,1,RandomPlayerConfig,1,2,2,OSLA
1433587402,Checkers,0,GAME_OVER,38,37,2,1542,1,RandomPlayerConfig,1,2,2,OSLA
1430155908,Checkers,0,GAME_OVER,38,37,2,1543,1,RandomPlayerConfig,1,2,2,OSLA
98801208,Checkers,0,GAME_OVER,38,37,2,1544,1,RandomPlayerConfig,1,2,2,OSLA
1896370593,Checkers,0,GAME_OVER,44,43,2,1545,1,RandomPlayerConfig,1,2,2,OSLA
2018308052,Checkers,0,GAME_OVER,39,38,2,1546,1,RandomPlayerConfig,1,2,2,OSLA
376244482,Checkers,0,GAME_OVER,47,46,2,1547,1,RandomPlayerConfig,1,2,2,OSLA
566876226,Checkers,0,GAME_OVER,43,42,2,1548,1,RandomPlayerConfig,1,2,2,OSLA
1726469664,Checkers,0,GAME_OVER,36,35,2,1549,1,RandomPlayerConfig,1,2,2,OSLA
-179174643,Checkers,0,GAME_OVER,39,38,2,1550,1,RandomPlayerConfig,1,2,2,OSLA
852594592,Checkers,0,GAME_OVER,47,46,2,1551,1,RandomPlayerConfig,1,2,2,OSLA
1015592734,Checkers,0,GAME_OVER,60,59,2,1552,1,RandomPlayerConfig,1,2,2,OSLA
1881941087,Checkers,0,GAME_OVER,35,34,2,1553,1,RandomPlayerConfig,1,2,2,OSLA
1409144944,Checkers,0,GAME_OVER,43,42,2,1554,1,RandomPlayerConfig,1,2,2,OSLA
-1209259142,Checkers,0,GAME_OVER,47,46,2,1555,1,RandomPlayerConfig,1,2,2,OSLA
31973832,Checkers,0,GAME_OVER,41,40,2,1556,1,RandomPlayerConfig,1,2,2,OSLA
-889117584,Checkers,0,GAME_OVER,38,37,2,1557,1,RandomPlayerConfig,1,2,2,OSLA
1740145269,Checkers,0,GAME_OVER,43,42,2,1558,1,RandomPlayerConfig,1,2,2,OSLA
-137019695,Checkers,0,GAME_OVER,38,37,2,1559,1,RandomPlayerConfig,1,2,2,OSLA
-1431894155,Checkers,0,GAME_OVER,43,42,2,1560,1,RandomPlayerConfig,1,2,2,OSLA
1669272350,Checkers,0,GAME_OVER,59,58,2,1561,1,RandomPlayerConfig,1,2,2,OSLA
1155300447,Checkers,0,GAME_OVER,33,32,2,1562,1,RandomPlayerConfig,1,2,2,OSLA
-1866779963,Checkers,0,GAME_OVER,36,35,2,1563,1,RandomPlayerConfig,1,2,2,OSLA
688052235,Checkers,0,GAME_OVER,41,40,2,1564,1,RandomPlayerConfig,1,2,2,OSLA
1235479381,Checkers,0,GAME_OVER,42,41,2,1565,1,RandomPlayerConfig,1,2,2,OSLA
1892180434,Checkers,0,GAME_OVER,33,32,2,1566,1,RandomPlayerConfig,1,2,2,OSLA
1674352996,Checkers,0,GAME_OVER,39,38,2,1567,1,RandomPlayerConfig,1,2,2,OSLA
2024085458,Checkers,0,GAME_OVER,43,42,2,1568,1,RandomPlayerConfig,1,2,2,OSLA
-1372618303,Checkers,0,GAME_OVER,42,41,2,1569,1,RandomPlayerConfig,1,2,2,OSLA
-6550616,Checkers,0,GAME_OVER,38,37,2,1570,1,RandomPlayerConfig,1,2,2,OSLA
-1844188190,Checkers,0,GAME_OVER,41,40,2,1571,1,RandomPlayerConfig,1,2,2,OSLA
332773996,Checkers,0,GAME_OVER,43,42,2,1572,1,RandomPlayerConfig,1,2,2,OSLA
1471362740,Checkers,0,GAME_OVER,47,46,2,1573,1,RandomPlayerConfig,1,2,2,OSLA
1005200900,Checkers,0,GAME_OVER,43,42,2,1574,1,RandomPlayerConfig,1,2,2,OSLA
576350506,Checkers,0,GAME_OVER,39,38,2,1575,1,RandomPlayerConfig,1,2,2,OSLA
44972290,Checkers,0,GAME_OVER,42,41,2,1576,1,RandomPlayerConfig,1,2,2,OSLA
-892313012,Checkers,0,GAME_OVER,43,42,2,1577,1,RandomPlayerConfig,1,2,2,OSLA
-945515610,Checkers,0,GAME_OVER,48,47,2,1578,1,RandomPlayerConfig,1,2,2,OSLA
-797189995,Checkers,0,GAME_OVER,38,37,2,1579,1,RandomPlayerConfig,1,2,2,OSLA
-412117056,Checkers,0,GAME_OVER,46,45,2,1580,1,RandomPlayerConfig,1,2,2,OSLA
1924062932,Checkers,0,GAME_OVER,35,34,2,1581,1,RandomPlayerConfig,1,2,2,OSLA
-1558498688,Checkers,0,GAME_OVER,35,34,2,1582,1,RandomPlayerConfig,1,2,2,OSLA
2095920376,Checkers,0,GAME_OVER,47,46,2,1583,1,RandomPlayerConfig,1,2,2,OSLA
-1741762942,Checkers,0,GAME_OVER,49,48,2,1584,1,RandomPlayerConfig,1,2,2,OSLA
-1821944470,Checkers,0,GAME_OVER,42,41,2,1585,1,RandomPlayerConfig,1,2,2,OSLA
-1001794166,Checkers,0,GAME_OVER,36,35,2,1586,1,RandomPlayerConfig,1,2,2,OSLA
-824933404,Checkers,0,GAME_OVER,38,37,2,1587,1,RandomPlayerConfig,1,2,2,OSLA
-116225841,Checkers,0,GAME_OVER,44,43,2,1588,1,RandomPlayerConfig,1,2,2,OSLA
1035153634,Checkers,0,GAME_OVER,52,51,2,1589,1,RandomPlayerConfig,1,2,2,OSLA
-1892972590,Checkers,0,GAME_OVER,36,35,2,1590,1,RandomPlayerConfig,1,2,2,OSLA
1815108904,Checkers,0,GAME_OVER,42,41,2,1591,1,RandomPlayerConfig,1,2,2,OSLA
-828870395,Checkers,0,GAME_OVER,50,49,2,1592,1,RandomPlayerConfig,1,2,2,OSLA
-2081531158,Checkers,0,GAME_OVER,42,41,2,1593,1,RandomPlayerConfig,1,2,2,OSLA
-1936298794,Checkers,0,GAME_OVER,43,42,2,1594,1,RandomPlayerConfig,1,2,2,OSLA
108127898,Checkers,0,GAME_OVER,44,43,2,1595,1,RandomPlayerConfig,1,2,2,OSLA
-2079884586,Checkers,0,GAME_OVER,49,48,2,1596,1,RandomPlayerConfig,1,2,2,OSLA
-493541522,Checkers,0,GAME_OVER,35,34,2,1597,1,RandomPlayerConfig,1,2,2,OSLA
-1048260075,Checkers,0,GAME_OVER,52,51,2,1598,1,RandomPlayerConfig,1,2,2,OSLA
-1227601898,Checkers,0,GAME_OVER,38,37,2,1599,1,RandomPlayerConfig,1,2,2,OSLA
2056773874,Checkers,0,GAME_OVER,40,39,2,1600,1,RandomPlayerConfig,1,2,2,OSLA
-601157059,Checkers,0,GAME_OVER,41,40,2,1601,1,RandomPlayerConfig,1,2,2,OSLA
1017260225,Checkers,0,GAME_OVER,53,52,2,1602,1,RandomPlayerConfig,1,2,2,RandomPlayerConfig
-998926163,Checkers,0,GAME_OVER,51,50,2,1603,1,RandomPlayerConfig,1,2,2,RandomPlayerConfig
-1283026673,Checkers,0,GAME_OVER,70,69,2,1604,1,RandomPlayerConfig,1,2,2,RandomPlayerConfig
-914035881,Checkers,0,GAME_OVER,44,43,2,1605,2,RandomPlayerConfig,2,1,1,RandomPlayerConfig
1392166865,Checkers,0,GAME_OVER,80,79,2,1606,2,RandomPlayerConfig,2,1,1,RandomPlayerConfig
-984713997,Checkers,0,GAME_OVER,71,70,2,1607,2,RandomPlayerConfig,2,1,1,RandomPlayerConfig
1401968321,Checkers,0,GAME_OVER,44,43,2,1608,2,RandomPlayerConfig,2,1,1,RandomPlayerConfig
1375112552,Checkers,0,GAME_OVER,47,46,2,1609,1,RandomPlayerConfig,1,2,2,RandomPlayerConfig
-1262434534,Checkers,0,GAME_OVER,67,66,2,1610,1,RandomPlayerConfig,1,2,2,RandomPlayerConfig
-1381155222,Checkers,0,GAME_OVER,82,81,2,1611,1,RandomPlayerConfig,1,2,2,RandomPlayerConfig
-1480604482,Checkers,0,GAME_OVER,46,45,2,1612,2,RandomPlayerConfig,2,1,1,RandomPlayerConfig
-840827977,Checkers,0,GAME_OVER,63,62,2,1613,2,RandomPlayerConfig,2,1,1,RandomPlayerConfig
-1651020227,Checkers,0,GAME_OVER,45,44,2,1614,2,RandomPlayerConfig,2,1,1,RandomPlayerConfig
-1337418593,Checkers,0,GAME_OVER,39,38,2,1615,1,RandomPlayerConfig,1,2,2,RandomPlayerConfig
626067167,Checkers,0,GAME_OVER,51,50,2,1616,1,RandomPlayerConfig,1,2,2,RandomPlayerConfig
43972217,Checkers,0,GAME_OVER,50,49,2,1617,1,RandomPlayerConfig,1,2,2,RandomPlayerConfig
652653912,Checkers,0,GAME_OVER,62,61,2,1618,1,RandomPlayerConfig,1,2,2,RandomPlayerConfig
-1273109515,Checkers,0,GAME_OVER,67,66,2,1619,1,RandomPlayerConfig,1,2,2,RandomPlayerConfig
638161115,Checkers,0,GAME_OVER,60,59,2,1620,2,RandomPlayerConfig,2,1,1,RandomPlayerConfig
1977248622,Checkers,0,GAME_OVER,64,63,2,1621,1,RandomPlayerConfig,1,2,2,RandomPlayerConfig
1877723035,Checkers,0,GAME_OVER,40,39,2,1622,1,RandomPlayerConfig,1,2,2,RandomPlayerConfig
-247880027,Checkers,0,GAME_OVER,50,49,2,1623,2,RandomPlayerConfig,2,1,1,RandomPlayerConfig
60257536,Checkers,0,GAME_OVER,43,42,2,1624,1,RandomPlayerConfig,1,2,2,RandomPlayerConfig
-1023141750,Checkers,0,GAME_OVER,42,41,2,1625,1,RandomPlayerConfig,1,2,2,RandomPlayerConfig
-1531536613,Checkers,0,GAME_OVER,38,37,2,1626,2,RandomPlayerConfig,2,1,1,RandomPlayerConfig
-1870015994,Checkers,0,GAME_OVER,79,78,2,1627,2,RandomPlayerConfig,2,1,1,RandomPlayerConfig
-587009505,Checkers,0,GAME_OVER,49,48,2,1628,2,RandomPlayerConfig,2,1,1,RandomPlayerConfig
656487640,Checkers,0,GAME_OVER,64,63,2,1629,1,RandomPlayerConfig,1,2,2,RandomPlayerConfig
885567973,Checkers,0,GAME_OVER,46,45,2,1630,2,RandomPlayerConfig,2,1,1,RandomPlayerConfig
-446833650,Checkers,0,GAME_OVER,52,51,2,1631,1,RandomPlayerConfig,1,2,2,RandomPlayerConfig
-1462342457,Checkers,0,GAME_OVER,67,66,2,1632,2,RandomPlayerConfig,2,1,1,RandomPlayerConfig
-106544229,Checkers,0,GAME_OVER,54,53,2,1633,1,RandomPlayerConfig,1,2,2,RandomPlayerConfig
-659138474,Checkers,0,GAME_OVER,33,32,2,1634,1,RandomPlayerConfig,1,2,2,RandomPlayerConfig
-25311976,Checkers,0,GAME_OVER,53,52,2,1635,1,RandomPlayerConfig,1,2,2,RandomPlayerConfig
1076905910,Checkers,0,GAME_OVER,47,46,2,1636,1,RandomPlayerConfig,1,2,2,RandomPlayerConfig
-1904708170,Checkers,0,GAME_OVER,46,45,2,1637,2,RandomPlayerConfig,2,1,1,RandomPlayerConfig
-1972570966,Checkers,0,GAME_OVER,63,62,2,1638,2,RandomPlayerConfig,2,1,1,RandomPlayerConfig
1007219174,Checkers,0,GAME_OVER,45,44,2,1639,2,RandomPlayerConfig,2,1,1,RandomPlayerConfig
-634040436,Checkers,0,GAME_OVER,48,47,2,1640,1,RandomPlayerConfig,1,2,2,RandomPlayerConfig
-195478195,Checkers,0,GAME_OVER,47,46,2,1641,1,RandomPlayerConfig,1,2,2,RandomPlayerConfig
-1831453742,Checkers,0,GAME_OVER,40,39,2,1642,2,RandomPlayerConfig,2,1,1,RandomPlayerConfig
1255809514,Checkers,0,GAME_OVER,44,43,2,1643,1,RandomPlayerConfig,1,2,2,RandomPlayerConfig
-476992062,Checkers,0,GAME_OVER,59,58,2,1644,2,RandomPlayerConfig,2,1,1,RandomPlayerConfig
570750891,Checkers,0,GAME_OVER,43,42,2,1645,1,RandomPlayerConfig,1,2,2,RandomPlayerConfig
-1564909687,Checkers,0,GAME_OVER,46,45,2,1646,2,RandomPlayerConfig,2,1,1,RandomPlayerConfig
-566360639,Checkers,0,GAME_OVER,51,50,2,1647,2,RandomPlayerConfig,2,1,1,RandomPlayerConfig
1445041881,Checkers,0,GAME_OVER,46,45,2,1648,1,RandomPlayerConfig,1,2,2,RandomPlayerConfig
-2055745179,Checkers,0,GAME_OVER,46,45,2,1649,2,RandomPlayerConfig,2,1,1,RandomPlayerConfig
1094224296,Checkers,0,GAME_OVER,73,72,2,1650,1,RandomPlayerConfig,1,2,2,RandomPlayerConfig
27146751,Checkers,0,GAME_OVER,55,54,2,1651,2,RandomPlayerConfig,2,1,1,RandomPlayerConfig
1085941718,Checkers,0,GAME_OVER,37,36,2,1652,1,RandomPlayerConfig,1,2,2,RandomPlayerConfig
173689024,Checkers,0,GAME_OVER,44,43,2,1653,2,RandomPlayerConfig,2,1,1,RandomPlayerConfig
-245745479,Checkers,0,GAME_OVER,73,72,2,1654,1,RandomPlayerConfig,1,2,2,RandomPlayerConfig
765110833,Checkers,0,GAME_OVER,40,39,2,1655,2,RandomPlayerConfig,2,1,1,RandomPlayerConfig
1369319149,Checkers,0,GAME_OVER,63,62,2,1656,2,RandomPlayerConfig,2,1,1,RandomPlayerConfig
-1329008049,Checkers,0,GAME_OVER,51,50,2,1657,2,RandomPlayerConfig,2,1,1,RandomPlayerConfig
1593004491,Checkers,0,GAME_OVER,80,79,2,1658,1,RandomPlayerConfig,1,2,2,RandomPlayerConfig
-81289185,Checkers,0,GAME_OVER,45,44,2,1659,1,RandomPlayerConfig,1,2,2,RandomPlayerConfig
649173883,Checkers,0,GAME_OVER,44,43,2,1660,1,RandomPlayerConfig,1,2,2,RandomPlayerConfig
-1161731104,Checkers,0,GAME_OVER,39,38,2,1661,1,RandomPlayerConfig,1,2,2,RandomPlayerConfig
-750781564,Checkers,0,GAME_OVER,63,62,2,1662,1,RandomPlayerConfig,1,2,2,RandomPlayerConfig
1810301777,Checkers,0,GAME_OVER,46,45,2,1663,2,RandomPlayerConfig,2,1,1,RandomPlayerConfig
1346007353,Checkers,0,GAME_OVER,45,44,2,1664,1,RandomPlayerConfig,1,2,2,RandomPlayerConfig
1991797145,Checkers,0,GAME_OVER,34,33,2,1665,2,RandomPlayerConfig,2,1,1,RandomPlayerConfig
-1614375300,Checkers,0,GAME_OVER,53,52,2,1666,2,RandomPlayerConfig,2,1,1,RandomPlayerConfig
492276948,Checkers,0,GAME_OVER,45,44,2,1667,2,RandomPlayerConfig,2,1,1,RandomPlayerConfig
892050094,Checkers,0,GAME_OVER,45,44,2,1668,2,RandomPlayerConfig,2,1,1,RandomPlayerConfig
1333520733,Checkers,0,GAME_OVER,66,65,2,1669,1,RandomPlayerConfig,1,2,2,RandomPlayerConfig
738289352,Checkers,0,GAME_OVER,66,65,2,1670,1,RandomPlayerConfig,1,2,2,RandomPlayerConfig
886895421,Checkers,0,GAME_OVER,62,61,2,1671,2,RandomPlayerConfig,2,1,1,RandomPlayerConfig
-170170651,Checkers,0,GAME_OVER,54,53,2,1672,1,RandomPlayerConfig,1,2,2,RandomPlayerConfig
1053104243,Checkers,0,GAME_OVER,38,37,2,1673,1,RandomPlayerConfig,1,2,2,RandomPlayerConfig
-989805868,Checkers,0,GAME_OVER,40,39,2,1674,1,RandomPlayerConfig,1,2,2,RandomPlayerConfig
-2125442322,Checkers,0,GAME_OVER,71,70,2,1675,2,RandomPlayerConfig,2,1,1,RandomPlayerConfig
-1965228448,Checkers,0,GAME_OVER,53,52,2,1676,2,RandomPlayerConfig,2,1,1,RandomPlayerConfig
520480617,Checkers,0,GAME_OVER,62,61,2,1677,1,RandomPlayerConfig,1,2,2,RandomPlayerConfig
788585333,Checkers,0,GAME_OVER,49,48,2,1678,1,RandomPlayerConfig,1,2,2,RandomPlayerConfig
-738699625,Checkers,0,GAME_OVER,44,43,2,1679,1,RandomPlayerConfig,1,2,2,RandomPlayerConfig
1824537420,Checkers,0,GAME_OVER,44,43,2,1680,2,RandomPlayerConfig,2,1,1,RandomPlayerConfig
-599341002,Checkers,0,GAME_OVER,38,37,2,1681,2,RandomPlayerConfig,2,1,1,RandomPlayerConfig
-1794412227,Checkers,0,GAME_OVER,40,39,2,1682,2,RandomPlayerConfig,2,1,1,RandomPlayerConfig
1388110847,Checkers,0,GAME_OVER,41,40,2,1683,1,RandomPlayerConfig,1,2,2,RandomPlayerConfig
1039814901,Checkers,0,GAME_OVER,50,49,2,1684,2,RandomPlayerConfig,2,1,1,RandomPlayerConfig
-912772450,Checkers,0,GAME_OVER,51,50,2,1685,2,RandomPlayerConfig,2,1,1,RandomPlayerConfig
-1418786031,Checkers,0,GAME_OVER,47,46,2,1686,1,RandomPlayerConfig,1,2,2,RandomPlayerConfig
-396209916,Checkers,0,GAME_OVER,43,42,2,1687,1,RandomPlayerConfig,1,2,2,RandomPlayerConfig
493680251,Checkers,0,GAME_OVER,69,68,2,1688,2,RandomPlayerConfig,2,1,1,RandomPlayerConfig
-1427272998,Checkers,0,GAME_OVER,49,48,2,1689,2,RandomPlayerConfig,2,1,1,RandomPlayerConfig
1683653113,Checkers,0,GAME_OVER,39,38,2,1690,1,RandomPlayerConfig,1,2,2,RandomPlayerConfig
-1445698336,Checkers,0,GAME_OVER,50,49,2,1691,2,RandomPlayerConfig,2,1,1,RandomPlayerConfig
1294534854,Checkers,0,GAME_OVER,45,44,2,1692,1,RandomPlayerConfig,1,2,2,RandomPlayerConfig
2020429431,Checkers,0,GAME_OVER,59,58,2,1693,2,RandomPlayerConfig,2,1,1,RandomPlayerConfig
998569527,Checkers,0,GAME_OVER,56,55,2,1694,2,RandomPlayerConfig,2,1,1,RandomPlayerConfig
961128877,Checkers,0,GAME_OVER,52,51,2,1695,1,RandomPlayerConfig,1,2,2,RandomPlayerConfig
-1050355786,Checkers,0,GAME_OVER,34,33,2,1696,2,RandomPlayerConfig,2,1,1,RandomPlayerConfig
-895702146,Checkers,0,GAME_OVER,64,63,2,1697,1,RandomPlayerConfig,1,2,2,RandomPlayerConfig
-71859814,Checkers,0,GAME_OVER,57,56,2,1698,1,RandomPlayerConfig,1,2,2,RandomPlayerConfig
-712256982,Checkers,0,GAME_OVER,73,72,2,1699,2,RandomPlayerConfig,2,1,1,RandomPlayerConfig
1986892447,Checkers,0,GAME_OVER,50,49,2,1700,2,RandomPlayerConfig,2,1,1,RandomPlayerConfig
-326441516,Checkers,0,GAME_OVER,40,39,2,1701,1,RandomPlayerConfig,1,2,2,RandomPlayerConfig
-1467008237,Checkers,0,GAME_OVER,41,40,2,1702,1,RandomPlayerConfig,1,2,2,RandomPlayerConfig
-717604929,Checkers,0,GAME_OVER,44,43,2,1703,1,RandomPlayerConfig,1,2,2,RandomPlayerConfig
1289652212,Checkers,0,GAME_OVER,81,80,2,1704,2,RandomPlayerConfig,2,1,1,RandomPlayerConfig
344141539,Checkers,0,GAME_OVER,50,49,2,1705,2,RandomPlayerConfig,2,1,1,RandomPlayerConfig
1831034760,Checkers,0,GAME_OVER,68,67,2,1706,1,RandomPlayerConfig,1,2,2,RandomPlayerConfig
128431294,Checkers,0,GAME_OVER,58,57,2,1707,1,RandomPlayerConfig,1,2,2,RandomPlayerConfig
-924832703,Checkers,0,GAME_OVER,54,53,2,1708,2,RandomPlayerConfig,2,1,1,RandomPlayerConfig
1930548090,Checkers,0,GAME_OVER,52,51,2,1709,2,RandomPlayerConfig,2,1,1,RandomPlayerConfig
-1364937752,Checkers,0,GAME_OVER,49,48,2,1710,1,RandomPlayerConfig,1,2,2,RandomPlayerConfig
-1757061397,Checkers,0,GAME_OVER,50,49,2,1711,1,RandomPlayerConfig,1,2,2,RandomPlayerConfig
-958653346,Checkers,0,GAME_OVER,48,47,2,1712,1,RandomPlayerConfig,1,2,2,RandomPlayerConfig
-40639503,Checkers,0,GAME_OVER,65,64,2,1713,1,RandomPlayerConfig,1,2,2,RandomPlayerConfig
-1782025089,Checkers,0,GAME_OVER,70,69,2,1714,2,RandomPlayerConfig,2,1,1,RandomPlayerConfig
413132350,Checkers,0,GAME_OVER,81,80,2,1715,1,RandomPlayerConfig,1,2,2,RandomPlayerConfig
-718106911,Checkers,0,GAME_OVER,63,62,2,1716,2,RandomPlayerConfig,2,1,1,RandomPlayerConfig
-749290863,Checkers,0,GAME_OVER,35,34,2,1717,2,RandomPlayerConfig,2,1,1,RandomPlayerConfig
203580810,Checkers,0,GAME_OVER,73,72,2,1718,2,RandomPlayerConfig,2,1,1,RandomPlayerConfig
-183657498,Checkers,0,GAME_OVER,61,60,2,1719,1,RandomPlayerConfig,1,2,2,RandomPlayerConfig
-363796268,Checkers,0,GAME_OVER,64,63,2,1720,1,RandomPlayerConfig,1,2,2,RandomPlayerConfig
1019151410,Checkers,0,GAME_OVER,48,47,2,1721,2,RandomPlayerConfig,2,1,1,RandomPlayerConfig
-1598629618,Checkers,0,GAME_OVER,38,37,2,1722,1,RandomPlayerConfig,1,2,2,RandomPlayerConfig
629630353,Checkers,0,GAME_OVER,36,35,2,1723,2,RandomPlayerConfig,2,1,1,RandomPlayerConfig
407923111,Checkers,0,GAME_OVER,44,43,2,1724,1,RandomPlayerConfig,1,2,2,RandomPlayerConfig
-783995100,Checkers,0,GAME_OVER,73,72,2,1725,1,RandomPlayerConfig,1,2,2,RandomPlayerConfig
1917238756,Checkers,0,GAME_OVER,40,39,2,1726,1,RandomPlayerConfig,1,2,2,RandomPlayerConfig
-1996021526,Checkers,0,GAME_OVER,49,48,2,1727,1,RandomPlayerConfig,1,2,2,RandomPlayerConfig
1446978152,Checkers,0,GAME_OVER,45,44,2,1728,2,RandomPlayerConfig,2,1,1,RandomPlayerConfig
-1248893870,Checkers,0,GAME_OVER,39,38,2,1729,1,RandomPlayerConfig,1,2,2,RandomPlayerConfig
-614134760,Checkers,0,GAME_OVER,60,59,2,1730,1,RandomPlayerConfig,1,2,2,RandomPlayerConfig
510278499,Checkers,0,GAME_OVER,39,38,2,1731,1,RandomPlayerConfig,1,2,2,RandomPlayerConfig
-1700484048,Checkers,0,GAME_OVER,40,39,2,1732,1,RandomPlayerConfig,1,2,2,RandomPlayerConfig
-321950044,Checkers,0,GAME_OVER,59,58,2,1733,2,RandomPlayerConfig,2,1,1,RandomPlayerConfig
2105942644,Checkers,0,GAME_OVER,36,35,2,1734,2,RandomPlayerConfig,2,1,1,RandomPlayerConfig
612336180,Checkers,0,GAME_OVER,70,69,2,1735,2,RandomPlayerConfig,2,1,1,RandomPlayerConfig
636965344,Checkers,0,GAME_OVER,37,36,2,1736,1,RandomPlayerConfig,1,2,2,RandomPlayerConfig
-636668763,Checkers,0,GAME_OVER,38,37,2,1737,1,RandomPlayerConfig,1,2,2,RandomPlayerConfig
-1842419369,Checkers,0,GAME_OVER,68,67,2,1738,1,RandomPlayerConfig,1,2,2,RandomPlayerConfig
-137138526,Checkers,0,GAME_OVER,49,48,2,1739,2,RandomPlayerConfig,2,1,1,RandomPlayerConfig
-976379635,Checkers,0,GAME_OVER,74,73,2,1740,2,RandomPlayerConfig,2,1,1,RandomPlayerConfig
-1653823386,Checkers,0,GAME_OVER,52,51,2,1741,2,RandomPlayerConfig,2,1,1,RandomPlayerConfig
1433587402,Checkers,0,GAME_OVER,44,43,2,1742,1,RandomPlayerConfig,1,2,2,RandomPlayerConfig
1430155908,Checkers,0,GAME_OVER,66,65,2,1743,1,RandomPlayerConfig,1,2,2,RandomPlayerConfig
98801208,Checkers,0,GAME_OVER,50,49,2,1744,2,RandomPlayerConfig,2,1,1,RandomPlayerConfig
1896370593,Checkers,0,GAME_OVER,66,65,2,1745,2,RandomPlayerConfig,2,1,1,RandomPlayerConfig
2018308052,Checkers,0,GAME_OVER,64,63,2,1746,2,RandomPlayerConfig,2,1,1,RandomPlayerConfig
376244482,Checkers,0,GAME_OVER,67,66,2,1747,1,RandomPlayerConfig,1,2,2,RandomPlayerConfig
566876226,Checkers,0,GAME_OVER,51,50,2,1748,2,RandomPlayerConfig,2,1,1,RandomPlayerConfig
1726469664,Checkers,0,GAME_OVER,42,41,2,1749,1,RandomPlayerConfig,1,2,2,RandomPlayerConfig
-179174643,Checkers,0,GAME_OVER,42,41,2,1750,2,RandomPlayerConfig,2,1,1,RandomPlayerConfig
852594592,Checkers,0,GAME_OVER,55,54,2,1751,2,RandomPlayerConfig,2,1,1,RandomPlayerConfig
1015592734,Checkers,0,GAME_OVER,50,49,2,1752,2,RandomPlayerConfig,2,1,1,RandomPlayerConfig
1881941087,Checkers,0,GAME_OVER,49,48,2,1753,1,RandomPlayerConfig,1,2,2,RandomPlayerConfig
1409144944,Checkers,0,GAME_OVER,42,41,2,1754,1,RandomPlayerConfig,1,2,2,RandomPlayerConfig
-1209259142,Checkers,0,GAME_OVER,55,54,2,1755,2,RandomPlayerConfig,2,1,1,RandomPlayerConfig
31973832,Checkers,0,GAME_OVER,48,47,2,1756,1,RandomPlayerConfig,1,2,2,RandomPlayerConfig
-889117584,Checkers,0,GAME_OVER,47,46,2,1757,2,RandomPlayerConfig,2,1,1,RandomPlayerConfig
1740145269,Checkers,0,GAME_OVER,53,52,2,1758,1,RandomPlayerConfig,1,2,2,RandomPlayerConfig
-137019695,Checkers,0,GAME_OVER,44,43,2,1759,1,RandomPlayerConfig,1,2,2,RandomPlayerConfig
-1431894155,Checkers,0,GAME_OVER,62,61,2,1760,2,RandomPlayerConfig,2,1,1,RandomPlayerConfig
1669272350,Checkers,0,GAME_OVER,46,45,2,1761,1,RandomPlayerConfig,1,2,2,RandomPlayerConfig
1155300447,Checkers,0,GAME_OVER,57,56,2,1762,1,RandomPlayerConfig,1,2,2,RandomPlayerConfig
-1866779963,Checkers,0,GAME_OVER,45,44,2,1763,2,RandomPlayerConfig,2,1,1,RandomPlayerConfig
688052235,Checkers,0,GAME_OVER,53,52,2,1764,1,RandomPlayerConfig,1,2,2,RandomPlayerConfig
1235479381,Checkers,0,GAME_OVER,60,59,2,1765,1,RandomPlayerConfig,1,2,2,RandomPlayerConfig
1892180434,Checkers,0,GAME_OVER,43,42,2,1766,1,RandomPlayerConfig,1,2,2,RandomPlayerConfig
1674352996,Checkers,0,GAME_OVER,53,52,2,1767,2,RandomPlayerConfig,2,1,1,RandomPlayerConfig
2024085458,Checkers,0,GAME_OVER,49,48,2,1768,2,RandomPlayerConfig,2,1,1,RandomPlayerConfig
-1372618303,Checkers,0,GAME_OVER,39,38,2,1769,2,RandomPlayerConfig,2,1,1,RandomPlayerConfig
-6550616,Checkers,0,GAME_OVER,49,48,2,1770,1,RandomPlayerConfig,1,2,2,RandomPlayerConfig
-1844188190,Checkers,0,GAME_OVER,38,37,2,1771,1,RandomPlayerConfig,1,2,2,RandomPlayerConfig
332773996,Checkers,0,GAME_OVER,67,66,2,1772,1,RandomPlayerConfig,1,2,2,RandomPlayerConfig
1471362740,Checkers,0,GAME_OVER,51,50,2,1773,1,RandomPlayerConfig,1,2,2,RandomPlayerConfig
1005200900,Checkers,0,GAME_OVER,76,75,2,1774,1,RandomPlayerConfig,1,2,2,RandomPlayerConfig
576350506,Checkers,0,GAME_OVER,51,50,2,1775,1,RandomPlayerConfig,1,2,2,RandomPlayerConfig
44972290,Checkers,0,GAME_OVER,48,47,2,1776,1,RandomPlayerConfig,1,2,2,RandomPlayerConfig
-892313012,Checkers,0,GAME_OVER,45,44,2,1777,1,RandomPlayerConfig,1,2,2,RandomPlayerConfig
-945515610,Checkers,0,GAME_OVER,52,51,2,1778,1,RandomPlayerConfig,1,2,2,RandomPlayerConfig
-797189995,Checkers,0,GAME_OVER,39,38,2,1779,2,RandomPlayerConfig,2,1,1,RandomPlayerConfig
-412117056,Checkers,0,GAME_OVER,75,74,2,1780,1,RandomPlayerConfig,1,2,2,RandomPlayerConfig
1924062932,Checkers,0,GAME_OVER,76,75,2,1781,1,RandomPlayerConfig,1,2,2,RandomPlayerConfig
-1558498688,Checkers,0,GAME_OVER,52,51,2,1782,2,RandomPlayerConfig,2,1,1,RandomPlayerConfig
2095920376,Checkers,0,GAME_OVER,36,35,2,1783,2,RandomPlayerConfig,2,1,1,RandomPlayerConfig
-1741762942,Checkers,0,GAME_OVER,69,68,2,1784,2,RandomPlayerConfig,2,1,1,RandomPlayerConfig
-1821944470,Checkers,0,GAME_OVER,84,83,2,1785,1,RandomPlayerConfig,1,2,2,RandomPlayerConfig
-1001794166,Checkers,0,GAME_OVER,38,37,2,1786,2,RandomPlayerConfig,2,1,1,RandomPlayerConfig
-824933404,Checkers,0,GAME_OVER,57,56,2,1787,2,RandomPlayerConfig,2,1,1,RandomPlayerConfig
-116225841,Checkers,0,GAME_OVER,41,40,2,1788,1,RandomPlayerConfig,1,2,2,RandomPlayerConfig
1035153634,Checkers,0,GAME_OVER,63,62,2,1789,2,RandomPlayerConfig,2,1,1,RandomPlayerConfig
-1892972590,Checkers,0,GAME_OVER,107,106,2,1790,1,RandomPlayerConfig,1,2,2,RandomPlayerConfig
1815108904,Checkers,0,GAME_OVER,32,31,2,1791,1,RandomPlayerConfig,1,2,2,RandomPlayerConfig
-828870395,Checkers,0,GAME_OVER,49,48,2,1792,1,RandomPlayerConfig,1,2,2,RandomPlayerConfig
-2081531158,Checkers,0,GAME_OVER,41,40,2,1793,2,RandomPlayerConfig,2,1,1,RandomPlayerConfig
-1936298794,Checkers,0,GAME_OVER,82,81,2,1794,2,RandomPlayerConfig,2,1,1,RandomPlayerConfig
108127898,Checkers,0,GAME_OVER,46,45,2,1795,1,RandomPlayerConfig,1,2,2,RandomPlayerConfig
-2079884586,Checkers,0,GAME_OVER,40,39,2,1796,2,RandomPlayerConfig,2,1,1,RandomPlayerConfig
-493541522,Checkers,0,GAME_OVER,60,59,2,1797,1,RandomPlayerConfig,1,2,2,RandomPlayerConfig
-1048260075,Checkers,0,GAME_OVER,68,67,2,1798,1,RandomPlayerConfig,1,2,2,RandomPlayerConfig
-1227601898,Checkers,0,GAME_OVER,47,46,2,1799,2,RandomPlayerConfig,2,1,1,RandomPlayerConfig
2056773874,Checkers,0,GAME_OVER,47,46,2,1800,1,RandomPlayerConfig,1,2,2,RandomPlayerConfig
-601157059,Checkers,0,GAME_OVER,75,74,2,1801,2,RandomPlayerConfig,2,1,1,RandomPlayerConfig
