GameSeed,GameName,Round,Event,Tick,Turn,PlayerCount,GameID,PlayerName-0,Player-1,Player-0,PlayerName-1
-655329308,Checkers,0,GAME_OVER,102,101,2,2,MCTS_v0,1.0,-1.0,MCTS_v0
-264641165,Checkers,0,GAME_OVER,92,91,2,3,MCTS_v0,1.0,-1.0,MCTS_v0
304020803,Checkers,0,GAME_OVER,139,138,2,4,MCTS_v0,-1.0,1.0,MCTS_v0
-810158299,Checkers,0,GAME_OVER,91,90,2,5,MCTS_v0,-1.0,1.0,MCTS_v0
-2063716319,Checkers,0,GAME_OVER,98,97,2,6,MCTS_v0,1.0,-1.0,MCTS_v0
-1095536654,Checkers,0,GAME_OVER,159,158,2,7,MCTS_v0,1.0,-1.0,MCTS_v0
1149489710,Checkers,0,GAME_OVER,95,94,2,8,MCTS_v0,1.0,-1.0,MCTS_v0
-2028663098,Checkers,0,GAME_OVER,105,104,2,9,MCTS_v0,-1.0,1.0,MCTS_v0
-1910142585,Checkers,0,GAME_OVER,111,110,2,10,MCTS_v0,-1.0,1.0,MCTS_v0
710411956,Checkers,0,GAME_OVER,183,182,2,11,MCTS_v0,0.0,0.0,MCTS_v0
-754472517,Checkers,0,GAME_OVER,247,246,2,12,MCTS_v0,0.0,0.0,MCTS_v0
-1864614547,Checkers,0,GAME_OVER,111,110,2,13,MCTS_v0,1.0,-1.0,MCTS_v0
-427594544,Checkers,0,GAME_OVER,121,120,2,14,MCTS_v0,1.0,-1.0,MCTS_v0
-1144879371,Checkers,0,GAME_OVER,192,191,2,15,MCTS_v0,0.0,0.0,MCTS_v0
-498414262,Checkers,0,GAME_OVER,140,139,2,16,MCTS_v0,1.0,-1.0,MCTS_v0
1024729430,Checkers,0,GAME_OVER,111,110,2,17,MCTS_v0,-1.0,1.0,MCTS_v0
568139855,Checkers,0,GAME_OVER,161,160,2,18,MCTS_v0,0.0,0.0,MCTS_v0
-430594965,Checkers,0,GAME_OVER,117,116,2,19,MCTS_v0,1.0,-1.0,MCTS_v0
905693017,Checkers,0,GAME_OVER,207,206,2,20,MCTS_v0,0.0,0.0,MCTS_v0
-1533735690,Checkers,0,GAME_OVER,93,92,2,21,MCTS_v0,-1.0,1.0,MCTS_v0
-1200364784,Checkers,0,GAME_OVER,106,105,2,22,MCTS_v0,1.0,-1.0,MCTS_v0
-689483878,Checkers,0,GAME_OVER,120,119,2,23,MCTS_v0,-1.0,1.0,MCTS_v0
1529965898,Checkers,0,GAME_OVER,140,139,2,24,MCTS_v0,-1.0,1.0,MCTS_v0
-1898756236,Checkers,0,GAME_OVER,88,87,2,25,MCTS_v0,-1.0,1.0,MCTS_v0
1674876477,Checkers,0,GAME_OVER,144,143,2,26,MCTS_v0,-1.0,1.0,MCTS_v0
1787538790,Checkers,0,GAME_OVER,164,163,2,27,MCTS_v0,1.0,-1.0,MCTS_v0
-1414184600,Checkers,0,GAME_OVER,218,217,2,28,MCTS_v0,-1.0,1.0,MCTS_v0
-2142609321,Checkers,0,GAME_OVER,204,203,2,29,MCTS_v0,0.0,0.0,MCTS_v0
-240248637,Checkers,0,GAME_OVER,120,119,2,30,MCTS_v0,-1.0,1.0,MCTS_v0
1029665769,Checkers,0,GAME_OVER,195,194,2,31,MCTS_v0,1.0,-1.0,MCTS_v0
-721194709,Checkers,0,GAME_OVER,102,101,2,32,MCTS_v0,1.0,-1.0,MCTS_v0
-1835169153,Checkers,0,GAME_OVER,145,144,2,33,MCTS_v0,1.0,-1.0,MCTS_v0
-868271820,Checkers,0,GAME_OVER,180,179,2,34,MCTS_v0,0.0,0.0,MCTS_v0
1054523526,Checkers,0,GAME_OVER,201,200,2,35,MCTS_v0,0.0,0.0,MCTS_v0
508949435,Checkers,0,GAME_OVER,105,104,2,36,MCTS_v0,-1.0,1.0,MCTS_v0
-563203495,Checkers,0,GAME_OVER,217,216,2,37,MCTS_v0,0.0,0.0,MCTS_v0
1704419822,Checkers,0,GAME_OVER,117,116,2,38,MCTS_v0,1.0,-1.0,MCTS_v0
1613937470,Checkers,0,GAME_OVER,117,116,2,39,MCTS_v0,1.0,-1.0,MCTS_v0
-899380046,Checkers,0,GAME_OVER,116,115,2,40,MCTS_v0,1.0,-1.0,MCTS_v0
558449485,Checkers,0,GAME_OVER,153,152,2,41,MCTS_v0,1.0,-1.0,MCTS_v0
-1460444291,Checkers,0,GAME_OVER,150,149,2,42,MCTS_v0,0.0,0.0,MCTS_v0
-2099143871,Checkers,0,GAME_OVER,121,120,2,43,MCTS_v0,1.0,-1.0,MCTS_v0
1809561382,Checkers,0,GAME_OVER,160,159,2,44,MCTS_v0,1.0,-1.0,MCTS_v0
-1424043909,Checkers,0,GAME_OVER,208,207,2,45,MCTS_v0,0.0,0.0,MCTS_v0
909246781,Checkers,0,GAME_OVER,239,238,2,46,MCTS_v0,0.0,0.0,MCTS_v0
1590812872,Checkers,0,GAME_OVER,149,148,2,47,MCTS_v0,1.0,-1.0,MCTS_v0
-483869467,Checkers,0,GAME_OVER,175,174,2,48,MCTS_v0,0.0,0.0,MCTS_v0
901715111,Checkers,0,GAME_OVER,199,198,2,49,MCTS_v0,0.0,0.0,MCTS_v0
-51239868,Checkers,0,GAME_OVER,144,143,2,50,MCTS_v0,1.0,-1.0,MCTS_v0
1378015265,Checkers,0,GAME_OVER,102,101,2,51,MCTS_v0,1.0,-1.0,MCTS_v0
-1856406014,Checkers,0,GAME_OVER,106,105,2,52,MCTS_v0,1.0,-1.0,MCTS_v0
18021745,Checkers,0,GAME_OVER,96,95,2,53,MCTS_v0,1.0,-1.0,MCTS_v0
2040977534,Checkers,0,GAME_OVER,197,196,2,54,MCTS_v0,0.0,0.0,MCTS_v0
-313935349,Checkers,0,GAME_OVER,183,182,2,55,MCTS_v0,0.0,0.0,MCTS_v0
1790094480,Checkers,0,GAME_OVER,190,189,2,56,MCTS_v0,0.0,0.0,MCTS_v0
-948587063,Checkers,0,GAME_OVER,193,192,2,57,MCTS_v0,0.0,0.0,MCTS_v0
1829468184,Checkers,0,GAME_OVER,126,125,2,58,MCTS_v0,-1.0,1.0,MCTS_v0
649329987,Checkers,0,GAME_OVER,119,118,2,59,MCTS_v0,1.0,-1.0,MCTS_v0
1418166445,Checkers,0,GAME_OVER,229,228,2,60,MCTS_v0,0.0,0.0,MCTS_v0
-369630303,Checkers,0,GAME_OVER,178,177,2,61,MCTS_v0,0.0,0.0,MCTS_v0
405055778,Checkers,0,GAME_OVER,93,92,2,62,MCTS_v0,1.0,-1.0,MCTS_v0
-700142242,Checkers,0,GAME_OVER,253,252,2,63,MCTS_v0,0.0,0.0,MCTS_v0
956967106,Checkers,0,GAME_OVER,182,181,2,64,MCTS_v0,0.0,0.0,MCTS_v0
-1683190557,Checkers,0,GAME_OVER,159,158,2,65,MCTS_v0,1.0,-1.0,MCTS_v0
1788940655,Checkers,0,GAME_OVER,135,134,2,66,MCTS_v0,-1.0,1.0,MCTS_v0
-464528679,Checkers,0,GAME_OVER,129,128,2,67,MCTS_v0,-1.0,1.0,MCTS_v0
-1719895544,Checkers,0,GAME_OVER,199,198,2,68,MCTS_v0,0.0,0.0,MCTS_v0
279631780,Checkers,0,GAME_OVER,201,200,2,69,MCTS_v0,0.0,0.0,MCTS_v0
-516496193,Checkers,0,GAME_OVER,116,115,2,70,MCTS_v0,1.0,-1.0,MCTS_v0
1179940974,Checkers,0,GAME_OVER,178,177,2,71,MCTS_v0,0.0,0.0,MCTS_v0
127706445,Checkers,0,GAME_OVER,132,131,2,72,MCTS_v0,1.0,-1.0,MCTS_v0
2020546970,Checkers,0,GAME_OVER,156,155,2,73,MCTS_v0,0.0,0.0,MCTS_v0
734638367,Checkers,0,GAME_OVER,132,131,2,74,MCTS_v0,-1.0,1.0,MCTS_v0
-689555032,Checkers,0,GAME_OVER,130,129,2,75,MCTS_v0,1.0,-1.0,MCTS_v0
-1163791369,Checkers,0,GAME_OVER,195,194,2,76,MCTS_v0,0.0,0.0,MCTS_v0
922282699,Checkers,0,GAME_OVER,123,122,2,77,MCTS_v0,-1.0,1.0,MCTS_v0
-638186096,Checkers,0,GAME_OVER,124,123,2,78,MCTS_v0,1.0,-1.0,MCTS_v0
-2093070663,Checkers,0,GAME_OVER,85,84,2,79,MCTS_v0,1.0,-1.0,MCTS_v0
-1764110007,Checkers,0,GAME_OVER,102,101,2,80,MCTS_v0,-1.0,1.0,MCTS_v0
-1146409081,Checkers,0,GAME_OVER,94,93,2,81,MCTS_v0,-1.0,1.0,MCTS_v0
-430502169,Checkers,0,GAME_OVER,147,146,2,82,MCTS_v0,1.0,-1.0,MCTS_v0
2030229899,Checkers,0,GAME_OVER,102,101,2,83,MCTS_v0,1.0,-1.0,MCTS_v0
691381220,Checkers,0,GAME_OVER,171,170,2,84,MCTS_v0,0.0,0.0,MCTS_v0
198069656,Checkers,0,GAME_OVER,112,111,2,85,MCTS_v0,-1.0,1.0,MCTS_v0
-810309901,Checkers,0,GAME_OVER,213,212,2,86,MCTS_v0,0.0,0.0,MCTS_v0
-1891428332,Checkers,0,GAME_OVER,231,230,2,87,MCTS_v0,0.0,0.0,MCTS_v0
-1105314927,Checkers,0,GAME_OVER,184,183,2,88,MCTS_v0,-1.0,1.0,MCTS_v0
-1746665289,Checkers,0,GAME_OVER,181,180,2,89,MCTS_v0,0.0,0.0,MCTS_v0
830493156,Checkers,0,GAME_OVER,102,101,2,90,MCTS_v0,1.0,-1.0,MCTS_v0
1202044910,Checkers,0,GAME_OVER,133,132,2,91,MCTS_v0,-1.0,1.0,MCTS_v0
1424611133,Checkers,0,GAME_OVER,151,150,2,92,MCTS_v0,0.0,0.0,MCTS_v0
-234913216,Checkers,0,GAME_OVER,104,103,2,93,MCTS_v0,1.0,-1.0,MCTS_v0
1292088810,Checkers,0,GAME_OVER,98,97,2,94,MCTS_v0,-1.0,1.0,MCTS_v0
2107537190,Checkers,0,GAME_OVER,105,104,2,95,MCTS_v0,-1.0,1.0,MCTS_v0
2073954116,Checkers,0,GAME_OVER,214,213,2,96,MCTS_v0,-1.0,1.0,MCTS_v0
525072425,Checkers,0,GAME_OVER,117,116,2,97,MCTS_v0,1.0,-1.0,MCTS_v0
1748179228,Checkers,0,GAME_OVER,147,146,2,98,MCTS_v0,0.0,0.0,MCTS_v0
1114035795,Checkers,0,GAME_OVER,99,98,2,99,MCTS_v0,1.0,-1.0,MCTS_v0
1500966898,Checkers,0,GAME_OVER,224,223,2,100,MCTS_v0,0.0,0.0,MCTS_v0
1662410544,Checkers,0,GAME_OVER,155,154,2,101,MCTS_v0,0.0,0.0,MCTS_v0
692441499,Checkers,0,GAME_OVER,220,219,2,102,MCTS_v0,0.0,0.0,MCTS_v0
-357203990,Checkers,0,GAME_OVER,122,121,2,103,MCTS_v0,-1.0,1.0,MCTS_v0
1581363269,Checkers,0,GAME_OVER,113,112,2,104,MCTS_v0,1.0,-1.0,MCTS_v0
-716217261,Checkers,0,GAME_OVER,121,120,2,105,MCTS_v0,1.0,-1.0,MCTS_v0
1682772983,Checkers,0,GAME_OVER,107,106,2,106,MCTS_v0,1.0,-1.0,MCTS_v0
-134293295,Checkers,0,GAME_OVER,108,107,2,107,MCTS_v0,-1.0,1.0,MCTS_v0
959443192,Checkers,0,GAME_OVER,102,101,2,108,MCTS_v0,-1.0,1.0,MCTS_v0
-590552699,Checkers,0,GAME_OVER,192,191,2,109,MCTS_v0,-1.0,1.0,MCTS_v0
219136976,Checkers,0,GAME_OVER,85,84,2,110,MCTS_v0,-1.0,1.0,MCTS_v0
531641905,Checkers,0,GAME_OVER,136,135,2,111,MCTS_v0,1.0,-1.0,MCTS_v0
799465404,Checkers,0,GAME_OVER,116,115,2,112,MCTS_v0,-1.0,1.0,MCTS_v0
-1244008034,Checkers,0,GAME_OVER,179,178,2,113,MCTS_v0,0.0,0.0,MCTS_v0
-247452992,Checkers,0,GAME_OVER,172,171,2,114,MCTS_v0,-1.0,1.0,MCTS_v0
680498320,Checkers,0,GAME_OVER,128,127,2,115,MCTS_v0,-1.0,1.0,MCTS_v0
2079070920,Checkers,0,GAME_OVER,107,106,2,116,MCTS_v0,-1.0,1.0,MCTS_v0
-1289760878,Checkers,0,GAME_OVER,96,95,2,117,MCTS_v0,1.0,-1.0,MCTS_v0
1880865144,Checkers,0,GAME_OVER,111,110,2,118,MCTS_v0,1.0,-1.0,MCTS_v0
-428397538,Checkers,0,GAME_OVER,233,232,2,119,MCTS_v0,0.0,0.0,MCTS_v0
-1732816748,Checkers,0,GAME_OVER,181,180,2,120,MCTS_v0,0.0,0.0,MCTS_v0
-2132740891,Checkers,0,GAME_OVER,128,127,2,121,MCTS_v0,1.0,-1.0,MCTS_v0
-488425688,Checkers,0,GAME_OVER,222,221,2,122,MCTS_v0,0.0,0.0,MCTS_v0
407205454,Checkers,0,GAME_OVER,84,83,2,123,MCTS_v0,1.0,-1.0,MCTS_v0
-505964576,Checkers,0,GAME_OVER,147,146,2,124,MCTS_v0,1.0,-1.0,MCTS_v0
-1272763554,Checkers,0,GAME_OVER,103,102,2,125,MCTS_v0,-1.0,1.0,MCTS_v0
-946076892,Checkers,0,GAME_OVER,162,161,2,126,MCTS_v0,0.0,0.0,MCTS_v0
-129009496,Checkers,0,GAME_OVER,155,154,2,127,MCTS_v0,-1.0,1.0,MCTS_v0
-1752710150,Checkers,0,GAME_OVER,168,167,2,128,MCTS_v0,0.0,0.0,MCTS_v0
-1610840582,Checkers,0,GAME_OVER,150,149,2,129,MCTS_v0,-1.0,1.0,MCTS_v0
-747549500,Checkers,0,GAME_OVER,98,97,2,130,MCTS_v0,-1.0,1.0,MCTS_v0
-1507039011,Checkers,0,GAME_OVER,203,202,2,131,MCTS_v0,1.0,-1.0,MCTS_v0
2046638401,Checkers,0,GAME_OVER,114,113,2,132,MCTS_v0,-1.0,1.0,MCTS_v0
1174566179,Checkers,0,GAME_OVER,90,89,2,133,MCTS_v0,1.0,-1.0,MCTS_v0
-703175285,Checkers,0,GAME_OVER,177,176,2,134,MCTS_v0,1.0,-1.0,MCTS_v0
1049558555,Checkers,0,GAME_OVER,176,175,2,135,MCTS_v0,0.0,0.0,MCTS_v0
24184292,Checkers,0,GAME_OVER,192,191,2,136,MCTS_v0,0.0,0.0,MCTS_v0
723085857,Checkers,0,GAME_OVER,90,89,2,137,MCTS_v0,-1.0,1.0,MCTS_v0
704221578,Checkers,0,GAME_OVER,113,112,2,138,MCTS_v0,1.0,-1.0,MCTS_v0
475136930,Checkers,0,GAME_OVER,166,165,2,139,MCTS_v0,0.0,0.0,MCTS_v0
-728022289,Checkers,0,GAME_OVER,148,147,2,140,MCTS_v0,0.0,0.0,MCTS_v0
-1965638191,Checkers,0,GAME_OVER,98,97,2,141,MCTS_v0,1.0,-1.0,MCTS_v0
1344862726,Checkers,0,GAME_OVER,163,162,2,142,MCTS_v0,-1.0,1.0,MCTS_v0
-769458025,Checkers,0,GAME_OVER,113,112,2,143,MCTS_v0,1.0,-1.0,MCTS_v0
-124452472,Checkers,0,GAME_OVER,206,205,2,144,MCTS_v0,0.0,0.0,MCTS_v0
1754123923,Checkers,0,GAME_OVER,128,127,2,145,MCTS_v0,1.0,-1.0,MCTS_v0
817997400,Checkers,0,GAME_OVER,175,174,2,146,MCTS_v0,-1.0,1.0,MCTS_v0
2005862680,Checkers,0,GAME_OVER,96,95,2,147,MCTS_v0,-1.0,1.0,MCTS_v0
966084725,Checkers,0,GAME_OVER,205,204,2,148,MCTS_v0,0.0,0.0,MCTS_v0
557615496,Checkers,0,GAME_OVER,107,106,2,149,MCTS_v0,1.0,-1.0,MCTS_v0
1406836500,Checkers,0,GAME_OVER,275,274,2,150,MCTS_v0,0.0,0.0,MCTS_v0
-1008530288,Checkers,0,GAME_OVER,197,196,2,151,MCTS_v0,0.0,0.0,MCTS_v0
809625056,Checkers,0,GAME_OVER,115,114,2,152,MCTS_v0,-1.0,1.0,MCTS_v0
-1541745923,Checkers,0,GAME_OVER,178,177,2,153,MCTS_v0,0.0,0.0,MCTS_v0
-1319329939,Checkers,0,GAME_OVER,92,91,2,154,MCTS_v0,1.0,-1.0,MCTS_v0
-1768802997,Checkers,0,GAME_OVER,115,114,2,155,MCTS_v0,1.0,-1.0,MCTS_v0
-1013638818,Checkers,0,GAME_OVER,158,157,2,156,MCTS_v0,0.0,0.0,MCTS_v0
1272152609,Checkers,0,GAME_OVER,163,162,2,157,MCTS_v0,0.0,0.0,MCTS_v0
-2108098344,Checkers,0,GAME_OVER,176,175,2,158,MCTS_v0,0.0,0.0,MCTS_v0
1021979980,Checkers,0,GAME_OVER,182,181,2,159,MCTS_v0,0.0,0.0,MCTS_v0
400906797,Checkers,0,GAME_OVER,164,163,2,160,MCTS_v0,-1.0,1.0,MCTS_v0
1604641790,Checkers,0,GAME_OVER,122,121,2,161,MCTS_v0,-1.0,1.0,MCTS_v0
-1032286994,Checkers,0,GAME_OVER,169,168,2,162,MCTS_v0,0.0,0.0,MCTS_v0
1493589086,Checkers,0,GAME_OVER,180,179,2,163,MCTS_v0,-1.0,1.0,MCTS_v0
11320765,Checkers,0,GAME_OVER,119,118,2,164,MCTS_v0,1.0,-1.0,MCTS_v0
-1525548634,Checkers,0,GAME_OVER,117,116,2,165,MCTS_v0,-1.0,1.0,MCTS_v0
-431619690,Checkers,0,GAME_OVER,205,204,2,166,MCTS_v0,0.0,0.0,MCTS_v0
1936749416,Checkers,0,GAME_OVER,213,212,2,167,MCTS_v0,1.0,-1.0,MCTS_v0
-2004761999,Checkers,0,GAME_OVER,107,106,2,168,MCTS_v0,-1.0,1.0,MCTS_v0
-1347623508,Checkers,0,GAME_OVER,235,234,2,169,MCTS_v0,0.0,0.0,MCTS_v0
832869218,Checkers,0,GAME_OVER,106,105,2,170,MCTS_v0,-1.0,1.0,MCTS_v0
955111685,Checkers,0,GAME_OVER,176,175,2,171,MCTS_v0,0.0,0.0,MCTS_v0
1099661990,Checkers,0,GAME_OVER,178,177,2,172,MCTS_v0,0.0,0.0,MCTS_v0
135675094,Checkers,0,GAME_OVER,113,112,2,173,MCTS_v0,1.0,-1.0,MCTS_v0
855059001,Checkers,0,GAME_OVER,104,103,2,174,MCTS_v0,1.0,-1.0,MCTS_v0
1172228948,Checkers,0,GAME_OVER,170,169,2,175,MCTS_v0,-1.0,1.0,MCTS_v0
1557631987,Checkers,0,GAME_OVER,177,176,2,176,MCTS_v0,0.0,0.0,MCTS_v0
215232016,Checkers,0,GAME_OVER,115,114,2,177,MCTS_v0,-1.0,1.0,MCTS_v0
965841975,Checkers,0,GAME_OVER,93,92,2,178,MCTS_v0,1.0,-1.0,MCTS_v0
1368214283,Checkers,0,GAME_OVER,99,98,2,179,MCTS_v0,-1.0,1.0,MCTS_v0
278402738,Checkers,0,GAME_OVER,100,99,2,180,MCTS_v0,1.0,-1.0,MCTS_v0
39826850,Checkers,0,GAME_OVER,100,99,2,181,MCTS_v0,1.0,-1.0,MCTS_v0
1397230288,Checkers,0,GAME_OVER,150,149,2,182,MCTS_v0,0.0,0.0,MCTS_v0
186065874,Checkers,0,GAME_OVER,190,189,2,183,MCTS_v0,0.0,0.0,MCTS_v0
1890892223,Checkers,0,GAME_OVER,105,104,2,184,MCTS_v0,-1.0,1.0,MCTS_v0
49631141,Checkers,0,GAME_OVER,98,97,2,185,MCTS_v0,-1.0,1.0,MCTS_v0
59729467,Checkers,0,GAME_OVER,193,192,2,186,MCTS_v0,0.0,0.0,MCTS_v0
411018702,Checkers,0,GAME_OVER,128,127,2,187,MCTS_v0,-1.0,1.0,MCTS_v0
1652668031,Checkers,0,GAME_OVER,95,94,2,188,MCTS_v0,-1.0,1.0,MCTS_v0
-174465613,Checkers,0,GAME_OVER,117,116,2,189,MCTS_v0,-1.0,1.0,MCTS_v0
-1327324403,Checkers,0,GAME_OVER,101,100,2,190,MCTS_v0,-1.0,1.0,MCTS_v0
1277879419,Checkers,0,GAME_OVER,194,193,2,191,MCTS_v0,0.0,0.0,MCTS_v0
-535033564,Checkers,0,GAME_OVER,141,140,2,192,MCTS_v0,1.0,-1.0,MCTS_v0
-308562979,Checkers,0,GAME_OVER,103,102,2,193,MCTS_v0,-1.0,1.0,MCTS_v0
-917987805,Checkers,0,GAME_OVER,229,228,2,194,MCTS_v0,0.0,0.0,MCTS_v0
1187876542,Checkers,0,GAME_OVER,135,134,2,195,MCTS_v0,-1.0,1.0,MCTS_v0
-233150162,Checkers,0,GAME_OVER,152,151,2,196,MCTS_v0,-1.0,1.0,MCTS_v0
199426273,Checkers,0,GAME_OVER,120,119,2,197,MCTS_v0,-1.0,1.0,MCTS_v0
387918533,Checkers,0,GAME_OVER,99,98,2,198,MCTS_v0,1.0,-1.0,MCTS_v0
-1460030406,Checkers,0,GAME_OVER,119,118,2,199,MCTS_v0,1.0,-1.0,MCTS_v0
53921332,Checkers,0,GAME_OVER,124,123,2,200,MCTS_v0,-1.0,1.0,MCTS_v0
1625556380,Checkers,0,GAME_OVER,239,238,2,201,MCTS_v0,0.0,0.0,MCTS_v0
-655329308,Checkers,0,GAME_OVER,123,122,2,202,MCTS_v0,1.0,-1.0,OSLA
-264641165,Checkers,0,GAME_OVER,212,211,2,203,MCTS_v0,-1.0,1.0,OSLA
304020803,Checkers,0,GAME_OVER,130,129,2,204,MCTS_v0,-1.0,1.0,OSLA
-810158299,Checkers,0,GAME_OVER,130,129,2,205,MCTS_v0,-1.0,1.0,OSLA
-2063716319,Checkers,0,GAME_OVER,121,120,2,206,MCTS_v0,-1.0,1.0,OSLA
-1095536654,Checkers,0,GAME_OVER,113,112,2,207,MCTS_v0,-1.0,1.0,OSLA
1149489710,Checkers,0,GAME_OVER,184,183,2,208,MCTS_v0,-1.0,1.0,OSLA
-2028663098,Checkers,0,GAME_OVER,159,158,2,209,MCTS_v0,0.0,0.0,OSLA
-1910142585,Checkers,0,GAME_OVER,129,128,2,210,MCTS_v0,-1.0,1.0,OSLA
710411956,Checkers,0,GAME_OVER,131,130,2,211,MCTS_v0,-1.0,1.0,OSLA
-754472517,Checkers,0,GAME_OVER,79,78,2,212,MCTS_v0,1.0,-1.0,OSLA
-1864614547,Checkers,0,GAME_OVER,106,105,2,213,MCTS_v0,-1.0,1.0,OSLA
-427594544,Checkers,0,GAME_OVER,88,87,2,214,MCTS_v0,1.0,-1.0,OSLA
-1144879371,Checkers,0,GAME_OVER,126,125,2,215,MCTS_v0,-1.0,1.0,OSLA
-498414262,Checkers,0,GAME_OVER,140,139,2,216,MCTS_v0,-1.0,1.0,OSLA
1024729430,Checkers,0,GAME_OVER,122,121,2,217,MCTS_v0,-1.0,1.0,OSLA
568139855,Checkers,0,GAME_OVER,105,104,2,218,MCTS_v0,1.0,-1.0,OSLA
-430594965,Checkers,0,GAME_OVER,178,177,2,219,MCTS_v0,0.0,0.0,OSLA
905693017,Checkers,0,GAME_OVER,168,167,2,220,MCTS_v0,-1.0,1.0,OSLA
-1533735690,Checkers,0,GAME_OVER,110,109,2,221,MCTS_v0,-1.0,1.0,OSLA
-1200364784,Checkers,0,GAME_OVER,123,122,2,222,MCTS_v0,-1.0,1.0,OSLA
-689483878,Checkers,0,GAME_OVER,152,151,2,223,MCTS_v0,-1.0,1.0,OSLA
1529965898,Checkers,0,GAME_OVER,101,100,2,224,MCTS_v0,1.0,-1.0,OSLA
-1898756236,Checkers,0,GAME_OVER,167,166,2,225,MCTS_v0,-1.0,1.0,OSLA
1674876477,Checkers,0,GAME_OVER,140,139,2,226,MCTS_v0,-1.0,1.0,OSLA
1787538790,Checkers,0,GAME_OVER,163,162,2,227,MCTS_v0,-1.0,1.0,OSLA
-1414184600,Checkers,0,GAME_OVER,79,78,2,228,MCTS_v0,1.0,-1.0,OSLA
-2142609321,Checkers,0,GAME_OVER,218,217,2,229,MCTS_v0,0.0,0.0,OSLA
-240248637,Checkers,0,GAME_OVER,134,133,2,230,MCTS_v0,0.0,0.0,OSLA
1029665769,Checkers,0,GAME_OVER,198,197,2,231,MCTS_v0,0.0,0.0,OSLA
-721194709,Checkers,0,GAME_OVER,101,100,2,232,MCTS_v0,1.0,-1.0,OSLA
-1835169153,Checkers,0,GAME_OVER,163,162,2,233,MCTS_v0,0.0,0.0,OSLA
-868271820,Checkers,0,GAME_OVER,115,114,2,234,MCTS_v0,-1.0,1.0,OSLA
1054523526,Checkers,0,GAME_OVER,147,146,2,235,MCTS_v0,-1.0,1.0,OSLA
508949435,Checkers,0,GAME_OVER,177,176,2,236,MCTS_v0,0.0,0.0,OSLA
-563203495,Checkers,0,GAME_OVER,102,101,2,237,MCTS_v0,1.0,-1.0,OSLA
1704419822,Checkers,0,GAME_OVER,155,154,2,238,MCTS_v0,-1.0,1.0,OSLA
1613937470,Checkers,0,GAME_OVER,115,114,2,239,MCTS_v0,1.0,-1.0,OSLA
-899380046,Checkers,0,GAME_OVER,131,130,2,240,MCTS_v0,1.0,-1.0,OSLA
558449485,Checkers,0,GAME_OVER,244,243,2,241,MCTS_v0,0.0,0.0,OSLA
-1460444291,Checkers,0,GAME_OVER,123,122,2,242,MCTS_v0,-1.0,1.0,OSLA
-2099143871,Checkers,0,GAME_OVER,162,161,2,243,MCTS_v0,-1.0,1.0,OSLA
1809561382,Checkers,0,GAME_OVER,135,134,2,244,MCTS_v0,0.0,0.0,OSLA
-1424043909,Checkers,0,GAME_OVER,107,106,2,245,MCTS_v0,-1.0,1.0,OSLA
909246781,Checkers,0,GAME_OVER,93,92,2,246,MCTS_v0,1.0,-1.0,OSLA
1590812872,Checkers,0,GAME_OVER,108,107,2,247,MCTS_v0,-1.0,1.0,OSLA
-483869467,Checkers,0,GAME_OVER,141,140,2,248,MCTS_v0,-1.0,1.0,OSLA
901715111,Checkers,0,GAME_OVER,130,129,2,249,MCTS_v0,-1.0,1.0,OSLA
-51239868,Checkers,0,GAME_OVER,196,195,2,250,MCTS_v0,0.0,0.0,OSLA
1378015265,Checkers,0,GAME_OVER,100,99,2,251,MCTS_v0,-1.0,1.0,OSLA
-1856406014,Checkers,0,GAME_OVER,175,174,2,252,MCTS_v0,0.0,0.0,OSLA
18021745,Checkers,0,GAME_OVER,153,152,2,253,MCTS_v0,0.0,0.0,OSLA
2040977534,Checkers,0,GAME_OVER,169,168,2,254,MCTS_v0,-1.0,1.0,OSLA
-313935349,Checkers,0,GAME_OVER,94,93,2,255,MCTS_v0,1.0,-1.0,OSLA
1790094480,Checkers,0,GAME_OVER,133,132,2,256,MCTS_v0,-1.0,1.0,OSLA
-948587063,Checkers,0,GAME_OVER,104,103,2,257,MCTS_v0,1.0,-1.0,OSLA
1829468184,Checkers,0,GAME_OVER,89,88,2,258,MCTS_v0,1.0,-1.0,OSLA
649329987,Checkers,0,GAME_OVER,120,119,2,259,MCTS_v0,-1.0,1.0,OSLA
1418166445,Checkers,0,GAME_OVER,132,131,2,260,MCTS_v0,-1.0,1.0,OSLA
-369630303,Checkers,0,GAME_OVER,71,70,2,261,MCTS_v0,1.0,-1.0,OSLA
405055778,Checkers,0,GAME_OVER,195,194,2,262,MCTS_v0,0.0,0.0,OSLA
-700142242,Checkers,0,GAME_OVER,124,123,2,263,MCTS_v0,-1.0,1.0,OSLA
956967106,Checkers,0,GAME_OVER,151,150,2,264,MCTS_v0,-1.0,1.0,OSLA
-1683190557,Checkers,0,GAME_OVER,112,111,2,265,MCTS_v0,-1.0,1.0,OSLA
1788940655,Checkers,0,GAME_OVER,146,145,2,266,MCTS_v0,0.0,0.0,OSLA
-464528679,Checkers,0,GAME_OVER,84,83,2,267,MCTS_v0,1.0,-1.0,OSLA
-1719895544,Checkers,0,GAME_OVER,89,88,2,268,MCTS_v0,1.0,-1.0,OSLA
279631780,Checkers,0,GAME_OVER,103,102,2,269,MCTS_v0,1.0,-1.0,OSLA
-516496193,Checkers,0,GAME_OVER,186,185,2,270,MCTS_v0,0.0,0.0,OSLA
1179940974,Checkers,0,GAME_OVER,163,162,2,271,MCTS_v0,0.0,0.0,OSLA
127706445,Checkers,0,GAME_OVER,142,141,2,272,MCTS_v0,-1.0,1.0,OSLA
2020546970,Checkers,0,GAME_OVER,121,120,2,273,MCTS_v0,-1.0,1.0,OSLA
734638367,Checkers,0,GAME_OVER,103,102,2,274,MCTS_v0,1.0,-1.0,OSLA
-689555032,Checkers,0,GAME_OVER,143,142,2,275,MCTS_v0,-1.0,1.0,OSLA
-1163791369,Checkers,0,GAME_OVER,124,123,2,276,MCTS_v0,1.0,-1.0,OSLA
922282699,Checkers,0,GAME_OVER,80,79,2,277,MCTS_v0,1.0,-1.0,OSLA
-638186096,Checkers,0,GAME_OVER,117,116,2,278,MCTS_v0,-1.0,1.0,OSLA
-2093070663,Checkers,0,GAME_OVER,96,95,2,279,MCTS_v0,1.0,-1.0,OSLA
-1764110007,Checkers,0,GAME_OVER,151,150,2,280,MCTS_v0,-1.0,1.0,OSLA
-1146409081,Checkers,0,GAME_OVER,198,197,2,281,MCTS_v0,-1.0,1.0,OSLA
-430502169,Checkers,0,GAME_OVER,161,160,2,282,MCTS_v0,0.0,0.0,OSLA
2030229899,Checkers,0,GAME_OVER,103,102,2,283,MCTS_v0,1.0,-1.0,OSLA
691381220,Checkers,0,GAME_OVER,106,105,2,284,MCTS_v0,1.0,-1.0,OSLA
198069656,Checkers,0,GAME_OVER,140,139,2,285,MCTS_v0,-1.0,1.0,OSLA
-810309901,Checkers,0,GAME_OVER,112,111,2,286,MCTS_v0,-1.0,1.0,OSLA
-1891428332,Checkers,0,GAME_OVER,178,177,2,287,MCTS_v0,0.0,0.0,OSLA
-1105314927,Checkers,0,GAME_OVER,192,191,2,288,MCTS_v0,0.0,0.0,OSLA
-1746665289,Checkers,0,GAME_OVER,104,103,2,289,MCTS_v0,1.0,-1.0,OSLA
830493156,Checkers,0,GAME_OVER,107,106,2,290,MCTS_v0,-1.0,1.0,OSLA
1202044910,Checkers,0,GAME_OVER,155,154,2,291,MCTS_v0,-1.0,1.0,OSLA
1424611133,Checkers,0,GAME_OVER,156,155,2,292,MCTS_v0,-1.0,1.0,OSLA
-234913216,Checkers,0,GAME_OVER,167,166,2,293,MCTS_v0,0.0,0.0,OSLA
1292088810,Checkers,0,GAME_OVER,139,138,2,294,MCTS_v0,-1.0,1.0,OSLA
2107537190,Checkers,0,GAME_OVER,116,115,2,295,MCTS_v0,-1.0,1.0,OSLA
2073954116,Checkers,0,GAME_OVER,100,99,2,296,MCTS_v0,1.0,-1.0,OSLA
525072425,Checkers,0,GAME_OVER,133,132,2,297,MCTS_v0,-1.0,1.0,OSLA
1748179228,Checkers,0,GAME_OVER,150,149,2,298,MCTS_v0,-1.0,1.0,OSLA
1114035795,Checkers,0,GAME_OVER,171,170,2,299,MCTS_v0,0.0,0.0,OSLA
1500966898,Checkers,0,GAME_OVER,82,81,2,300,MCTS_v0,1.0,-1.0,OSLA
1662410544,Checkers,0,GAME_OVER,222,221,2,301,MCTS_v0,0.0,0.0,OSLA
692441499,Checkers,0,GAME_OVER,108,107,2,302,MCTS_v0,-1.0,1.0,OSLA
-357203990,Checkers,0,GAME_OVER,93,92,2,303,MCTS_v0,1.0,-1.0,OSLA
1581363269,Checkers,0,GAME_OVER,176,175,2,304,MCTS_v0,0.0,0.0,OSLA
-716217261,Checkers,0,GAME_OVER,145,144,2,305,MCTS_v0,-1.0,1.0,OSLA
1682772983,Checkers,0,GAME_OVER,150,149,2,306,MCTS_v0,-1.0,1.0,OSLA
-134293295,Checkers,0,GAME_OVER,122,121,2,307,MCTS_v0,-1.0,1.0,OSLA
959443192,Checkers,0,GAME_OVER,117,116,2,308,MCTS_v0,-1.0,1.0,OSLA
-590552699,Checkers,0,GAME_OVER,124,123,2,309,MCTS_v0,-1.0,1.0,OSLA
219136976,Checkers,0,GAME_OVER,103,102,2,310,MCTS_v0,-1.0,1.0,OSLA
531641905,Checkers,0,GAME_OVER,106,105,2,311,MCTS_v0,1.0,-1.0,OSLA
799465404,Checkers,0,GAME_OVER,89,88,2,312,MCTS_v0,1.0,-1.0,OSLA
-1244008034,Checkers,0,GAME_OVER,217,216,2,313,MCTS_v0,0.0,0.0,OSLA
-247452992,Checkers,0,GAME_OVER,100,99,2,314,MCTS_v0,-1.0,1.0,OSLA
680498320,Checkers,0,GAME_OVER,130,129,2,315,MCTS_v0,-1.0,1.0,OSLA
2079070920,Checkers,0,GAME_OVER,85,84,2,316,MCTS_v0,1.0,-1.0,OSLA
-1289760878,Checkers,0,GAME_OVER,172,171,2,317,MCTS_v0,0.0,0.0,OSLA
1880865144,Checkers,0,GAME_OVER,81,80,2,318,MCTS_v0,1.0,-1.0,OSLA
-428397538,Checkers,0,GAME_OVER,180,179,2,319,MCTS_v0,0.0,0.0,OSLA
-1732816748,Checkers,0,GAME_OVER,135,134,2,320,MCTS_v0,-1.0,1.0,OSLA
-2132740891,Checkers,0,GAME_OVER,88,87,2,321,MCTS_v0,1.0,-1.0,OSLA
-488425688,Checkers,0,GAME_OVER,84,83,2,322,MCTS_v0,-1.0,1.0,OSLA
407205454,Checkers,0,GAME_OVER,149,148,2,323,MCTS_v0,-1.0,1.0,OSLA
-505964576,Checkers,0,GAME_OVER,136,135,2,324,MCTS_v0,-1.0,1.0,OSLA
-1272763554,Checkers,0,GAME_OVER,181,180,2,325,MCTS_v0,0.0,0.0,OSLA
-946076892,Checkers,0,GAME_OVER,147,146,2,326,MCTS_v0,0.0,0.0,OSLA
-129009496,Checkers,0,GAME_OVER,153,152,2,327,MCTS_v0,0.0,0.0,OSLA
-1752710150,Checkers,0,GAME_OVER,72,71,2,328,MCTS_v0,1.0,-1.0,OSLA
-1610840582,Checkers,0,GAME_OVER,98,97,2,329,MCTS_v0,1.0,-1.0,OSLA
-747549500,Checkers,0,GAME_OVER,207,206,2,330,MCTS_v0,0.0,0.0,OSLA
-1507039011,Checkers,0,GAME_OVER,135,134,2,331,MCTS_v0,-1.0,1.0,OSLA
2046638401,Checkers,0,GAME_OVER,77,76,2,332,MCTS_v0,1.0,-1.0,OSLA
1174566179,Checkers,0,GAME_OVER,94,93,2,333,MCTS_v0,1.0,-1.0,OSLA
-703175285,Checkers,0,GAME_OVER,101,100,2,334,MCTS_v0,1.0,-1.0,OSLA
1049558555,Checkers,0,GAME_OVER,83,82,2,335,MCTS_v0,1.0,-1.0,OSLA
24184292,Checkers,0,GAME_OVER,88,87,2,336,MCTS_v0,1.0,-1.0,OSLA
723085857,Checkers,0,GAME_OVER,82,81,2,337,MCTS_v0,1.0,-1.0,OSLA
704221578,Checkers,0,GAME_OVER,89,88,2,338,MCTS_v0,1.0,-1.0,OSLA
475136930,Checkers,0,GAME_OVER,90,89,2,339,MCTS_v0,1.0,-1.0,OSLA
-728022289,Checkers,0,GAME_OVER,132,131,2,340,MCTS_v0,-1.0,1.0,OSLA
-1965638191,Checkers,0,GAME_OVER,123,122,2,341,MCTS_v0,1.0,-1.0,OSLA
1344862726,Checkers,0,GAME_OVER,103,102,2,342,MCTS_v0,1.0,-1.0,OSLA
-769458025,Checkers,0,GAME_OVER,133,132,2,343,MCTS_v0,-1.0,1.0,OSLA
-124452472,Checkers,0,GAME_OVER,90,89,2,344,MCTS_v0,1.0,-1.0,OSLA
1754123923,Checkers,0,GAME_OVER,87,86,2,345,MCTS_v0,1.0,-1.0,OSLA
817997400,Checkers,0,GAME_OVER,110,109,2,346,MCTS_v0,-1.0,1.0,OSLA
2005862680,Checkers,0,GAME_OVER,170,169,2,347,MCTS_v0,-1.0,1.0,OSLA
966084725,Checkers,0,GAME_OVER,107,106,2,348,MCTS_v0,1.0,-1.0,OSLA
557615496,Checkers,0,GAME_OVER,125,124,2,349,MCTS_v0,-1.0,1.0,OSLA
1406836500,Checkers,0,GAME_OVER,212,211,2,350,MCTS_v0,0.0,0.0,OSLA
-1008530288,Checkers,0,GAME_OVER,142,141,2,351,MCTS_v0,1.0,-1.0,OSLA
809625056,Checkers,0,GAME_OVER,96,95,2,352,MCTS_v0,-1.0,1.0,OSLA
-1541745923,Checkers,0,GAME_OVER,176,175,2,353,MCTS_v0,-1.0,1.0,OSLA
-1319329939,Checkers,0,GAME_OVER,130,129,2,354,MCTS_v0,-1.0,1.0,OSLA
-1768802997,Checkers,0,GAME_OVER,103,102,2,355,MCTS_v0,-1.0,1.0,OSLA
-1013638818,Checkers,0,GAME_OVER,182,181,2,356,MCTS_v0,0.0,0.0,OSLA
1272152609,Checkers,0,GAME_OVER,151,150,2,357,MCTS_v0,-1.0,1.0,OSLA
-2108098344,Checkers,0,GAME_OVER,122,121,2,358,MCTS_v0,-1.0,1.0,OSLA
1021979980,Checkers,0,GAME_OVER,88,87,2,359,MCTS_v0,1.0,-1.0,OSLA
400906797,Checkers,0,GAME_OVER,122,121,2,360,MCTS_v0,-1.0,1.0,OSLA
1604641790,Checkers,0,GAME_OVER,180,179,2,361,MCTS_v0,-1.0,1.0,OSLA
-1032286994,Checkers,0,GAME_OVER,146,145,2,362,MCTS_v0,1.0,-1.0,OSLA
1493589086,Checkers,0,GAME_OVER,87,86,2,363,MCTS_v0,1.0,-1.0,OSLA
11320765,Checkers,0,GAME_OVER,83,82,2,364,MCTS_v0,1.0,-1.0,OSLA
-1525548634,Checkers,0,GAME_OVER,97,96,2,365,MCTS_v0,1.0,-1.0,OSLA
-431619690,Checkers,0,GAME_OVER,90,89,2,366,MCTS_v0,1.0,-1.0,OSLA
1936749416,Checkers,0,GAME_OVER,166,165,2,367,MCTS_v0,-1.0,1.0,OSLA
-2004761999,Checkers,0,GAME_OVER,136,135,2,368,MCTS_v0,-1.0,1.0,OSLA
-1347623508,Checkers,0,GAME_OVER,112,111,2,369,MCTS_v0,-1.0,1.0,OSLA
832869218,Checkers,0,GAME_OVER,134,133,2,370,MCTS_v0,-1.0,1.0,OSLA
955111685,Checkers,0,GAME_OVER,91,90,2,371,MCTS_v0,1.0,-1.0,OSLA
1099661990,Checkers,0,GAME_OVER,145,144,2,372,MCTS_v0,-1.0,1.0,OSLA
135675094,Checkers,0,GAME_OVER,236,235,2,373,MCTS_v0,0.0,0.0,OSLA
855059001,Checkers,0,GAME_OVER,94,93,2,374,MCTS_v0,1.0,-1.0,OSLA
1172228948,Checkers,0,GAME_OVER,83,82,2,375,MCTS_v0,1.0,-1.0,OSLA
1557631987,Checkers,0,GAME_OVER,95,94,2,376,MCTS_v0,1.0,-1.0,OSLA
215232016,Checkers,0,GAME_OVER,163,162,2,377,MCTS_v0,0.0,0.0,OSLA
965841975,Checkers,0,GAME_OVER,95,94,2,378,MCTS_v0,1.0,-1.0,OSLA
1368214283,Checkers,0,GAME_OVER,173,172,2,379,MCTS_v0,0.0,0.0,OSLA
278402738,Checkers,0,GAME_OVER,105,104,2,380,MCTS_v0,1.0,-1.0,OSLA
39826850,Checkers,0,GAME_OVER,84,83,2,381,MCTS_v0,1.0,-1.0,OSLA
1397230288,Checkers,0,GAME_OVER,95,94,2,382,MCTS_v0,1.0,-1.0,OSLA
186065874,Checkers,0,GAME_OVER,144,143,2,383,MCTS_v0,0.0,0.0,OSLA
1890892223,Checkers,0,GAME_OVER,123,122,2,384,MCTS_v0,-1.0,1.0,OSLA
49631141,Checkers,0,GAME_OVER,99,98,2,385,MCTS_v0,1.0,-1.0,OSLA
59729467,Checkers,0,GAME_OVER,107,106,2,386,MCTS_v0,-1.0,1.0,OSLA
411018702,Checkers,0,GAME_OVER,89,88,2,387,MCTS_v0,1.0,-1.0,OSLA
1652668031,Checkers,0,GAME_OVER,117,116,2,388,MCTS_v0,-1.0,1.0,OSLA
-174465613,Checkers,0,GAME_OVER,87,86,2,389,MCTS_v0,1.0,-1.0,OSLA
-1327324403,Checkers,0,GAME_OVER,87,86,2,390,MCTS_v0,1.0,-1.0,OSLA
1277879419,Checkers,0,GAME_OVER,99,98,2,391,MCTS_v0,1.0,-1.0,OSLA
-535033564,Checkers,0,GAME_OVER,145,144,2,392,MCTS_v0,-1.0,1.0,OSLA
-308562979,Checkers,0,GAME_OVER,208,207,2,393,MCTS_v0,1.0,-1.0,OSLA
-917987805,Checkers,0,GAME_OVER,144,143,2,394,MCTS_v0,-1.0,1.0,OSLA
1187876542,Checkers,0,GAME_OVER,109,108,2,395,MCTS_v0,-1.0,1.0,OSLA
-233150162,Checkers,0,GAME_OVER,192,191,2,396,MCTS_v0,-1.0,1.0,OSLA
199426273,Checkers,0,GAME_OVER,119,118,2,397,MCTS_v0,-1.0,1.0,OSLA
387918533,Checkers,0,GAME_OVER,91,90,2,398,MCTS_v0,1.0,-1.0,OSLA
-1460030406,Checkers,0,GAME_OVER,110,109,2,399,MCTS_v0,-1.0,1.0,OSLA
53921332,Checkers,0,GAME_OVER,169,168,2,400,MCTS_v0,0.0,0.0,OSLA
1625556380,Checkers,0,GAME_OVER,139,138,2,401,MCTS_v0,-1.0,1.0,OSLA
-655329308,Checkers,0,GAME_OVER,99,98,2,402,MCTS_v0,-1.0,1.0,Random
-264641165,Checkers,0,GAME_OVER,77,76,2,403,MCTS_v0,-1.0,1.0,Random
304020803,Checkers,0,GAME_OVER,96,95,2,404,MCTS_v0,-1.0,1.0,Random
-810158299,Checkers,0,GAME_OVER,105,104,2,405,MCTS_v0,-1.0,1.0,Random
-2063716319,Checkers,0,GAME_OVER,87,86,2,406,MCTS_v0,-1.0,1.0,Random
-1095536654,Checkers,0,GAME_OVER,73,72,2,407,MCTS_v0,-1.0,1.0,Random
1149489710,Checkers,0,GAME_OVER,85,84,2,408,MCTS_v0,-1.0,1.0,Random
-2028663098,Checkers,0,GAME_OVER,80,79,2,409,MCTS_v0,-1.0,1.0,Random
-1910142585,Checkers,0,GAME_OVER,93,92,2,410,MCTS_v0,-1.0,1.0,Random
710411956,Checkers,0,GAME_OVER,85,84,2,411,MCTS_v0,-1.0,1.0,Random
-754472517,Checkers,0,GAME_OVER,81,80,2,412,MCTS_v0,-1.0,1.0,Random
-1864614547,Checkers,0,GAME_OVER,75,74,2,413,MCTS_v0,-1.0,1.0,Random
-427594544,Checkers,0,GAME_OVER,98,97,2,414,MCTS_v0,-1.0,1.0,Random
-1144879371,Checkers,0,GAME_OVER,100,99,2,415,MCTS_v0,-1.0,1.0,Random
-498414262,Checkers,0,GAME_OVER,84,83,2,416,MCTS_v0,-1.0,1.0,Random
1024729430,Checkers,0,GAME_OVER,92,91,2,417,MCTS_v0,-1.0,1.0,Random
568139855,Checkers,0,GAME_OVER,86,85,2,418,MCTS_v0,-1.0,1.0,Random
-430594965,Checkers,0,GAME_OVER,91,90,2,419,MCTS_v0,-1.0,1.0,Random
905693017,Checkers,0,GAME_OVER,81,80,2,420,MCTS_v0,-1.0,1.0,Random
-1533735690,Checkers,0,GAME_OVER,82,81,2,421,MCTS_v0,-1.0,1.0,Random
-1200364784,Checkers,0,GAME_OVER,76,75,2,422,MCTS_v0,-1.0,1.0,Random
-689483878,Checkers,0,GAME_OVER,78,77,2,423,MCTS_v0,-1.0,1.0,Random
1529965898,Checkers,0,GAME_OVER,92,91,2,424,MCTS_v0,-1.0,1.0,Random
-1898756236,Checkers,0,GAME_OVER,88,87,2,425,MCTS_v0,-1.0,1.0,Random
1674876477,Checkers,0,GAME_OVER,84,83,2,426,MCTS_v0,-1.0,1.0,Random
1787538790,Checkers,0,GAME_OVER,77,76,2,427,MCTS_v0,-1.0,1.0,Random
-1414184600,Checkers,0,GAME_OVER,68,67,2,428,MCTS_v0,-1.0,1.0,Random
-2142609321,Checkers,0,GAME_OVER,92,91,2,429,MCTS_v0,-1.0,1.0,Random
-240248637,Checkers,0,GAME_OVER,98,97,2,430,MCTS_v0,-1.0,1.0,Random
1029665769,Checkers,0,GAME_OVER,71,70,2,431,MCTS_v0,-1.0,1.0,Random
-721194709,Checkers,0,GAME_OVER,96,95,2,432,MCTS_v0,-1.0,1.0,Random
-1835169153,Checkers,0,GAME_OVER,84,83,2,433,MCTS_v0,-1.0,1.0,Random
-868271820,Checkers,0,GAME_OVER,95,94,2,434,MCTS_v0,-1.0,1.0,Random
1054523526,Checkers,0,GAME_OVER,87,86,2,435,MCTS_v0,-1.0,1.0,Random
508949435,Checkers,0,GAME_OVER,93,92,2,436,MCTS_v0,-1.0,1.0,Random
-563203495,Checkers,0,GAME_OVER,85,84,2,437,MCTS_v0,-1.0,1.0,Random
1704419822,Checkers,0,GAME_OVER,86,85,2,438,MCTS_v0,-1.0,1.0,Random
1613937470,Checkers,0,GAME_OVER,87,86,2,439,MCTS_v0,-1.0,1.0,Random
-899380046,Checkers,0,GAME_OVER,89,88,2,440,MCTS_v0,-1.0,1.0,Random
558449485,Checkers,0,GAME_OVER,93,92,2,441,MCTS_v0,-1.0,1.0,Random
-1460444291,Checkers,0,GAME_OVER,69,68,2,442,MCTS_v0,-1.0,1.0,Random
-2099143871,Checkers,0,GAME_OVER,92,91,2,443,MCTS_v0,-1.0,1.0,Random
1809561382,Checkers,0,GAME_OVER,86,85,2,444,MCTS_v0,-1.0,1.0,Random
-1424043909,Checkers,0,GAME_OVER,79,78,2,445,MCTS_v0,-1.0,1.0,Random
909246781,Checkers,0,GAME_OVER,83,82,2,446,MCTS_v0,-1.0,1.0,Random
1590812872,Checkers,0,GAME_OVER,71,70,2,447,MCTS_v0,-1.0,1.0,Random
-483869467,Checkers,0,GAME_OVER,95,94,2,448,MCTS_v0,-1.0,1.0,Random
901715111,Checkers,0,GAME_OVER,101,100,2,449,MCTS_v0,-1.0,1.0,Random
-51239868,Checkers,0,GAME_OVER,97,96,2,450,MCTS_v0,-1.0,1.0,Random
1378015265,Checkers,0,GAME_OVER,73,72,2,451,MCTS_v0,-1.0,1.0,Random
-1856406014,Checkers,0,GAME_OVER,79,78,2,452,MCTS_v0,-1.0,1.0,Random
18021745,Checkers,0,GAME_OVER,69,68,2,453,MCTS_v0,-1.0,1.0,Random
2040977534,Checkers,0,GAME_OVER,75,74,2,454,MCTS_v0,-1.0,1.0,Random
-313935349,Checkers,0,GAME_OVER,66,65,2,455,MCTS_v0,-1.0,1.0,Random
1790094480,Checkers,0,GAME_OVER,62,61,2,456,MCTS_v0,-1.0,1.0,Random
-948587063,Checkers,0,GAME_OVER,103,102,2,457,MCTS_v0,-1.0,1.0,Random
1829468184,Checkers,0,GAME_OVER,61,60,2,458,MCTS_v0,-1.0,1.0,Random
649329987,Checkers,0,GAME_OVER,83,82,2,459,MCTS_v0,-1.0,1.0,Random
1418166445,Checkers,0,GAME_OVER,84,83,2,460,MCTS_v0,-1.0,1.0,Random
-369630303,Checkers,0,GAME_OVER,83,82,2,461,MCTS_v0,-1.0,1.0,Random
405055778,Checkers,0,GAME_OVER,86,85,2,462,MCTS_v0,-1.0,1.0,Random
-700142242,Checkers,0,GAME_OVER,90,89,2,463,MCTS_v0,-1.0,1.0,Random
956967106,Checkers,0,GAME_OVER,105,104,2,464,MCTS_v0,-1.0,1.0,Random
-1683190557,Checkers,0,GAME_OVER,86,85,2,465,MCTS_v0,-1.0,1.0,Random
1788940655,Checkers,0,GAME_OVER,76,75,2,466,MCTS_v0,-1.0,1.0,Random
-464528679,Checkers,0,GAME_OVER,82,81,2,467,MCTS_v0,-1.0,1.0,Random
-1719895544,Checkers,0,GAME_OVER,66,65,2,468,MCTS_v0,-1.0,1.0,Random
279631780,Checkers,0,GAME_OVER,77,76,2,469,MCTS_v0,-1.0,1.0,Random
-516496193,Checkers,0,GAME_OVER,106,105,2,470,MCTS_v0,-1.0,1.0,Random
1179940974,Checkers,0,GAME_OVER,95,94,2,471,MCTS_v0,-1.0,1.0,Random
127706445,Checkers,0,GAME_OVER,93,92,2,472,MCTS_v0,-1.0,1.0,Random
2020546970,Checkers,0,GAME_OVER,98,97,2,473,MCTS_v0,-1.0,1.0,Random
734638367,Checkers,0,GAME_OVER,77,76,2,474,MCTS_v0,-1.0,1.0,Random
-689555032,Checkers,0,GAME_OVER,82,81,2,475,MCTS_v0,-1.0,1.0,Random
-1163791369,Checkers,0,GAME_OVER,91,90,2,476,MCTS_v0,-1.0,1.0,Random
922282699,Checkers,0,GAME_OVER,70,69,2,477,MCTS_v0,-1.0,1.0,Random
-638186096,Checkers,0,GAME_OVER,88,87,2,478,MCTS_v0,-1.0,1.0,Random
-2093070663,Checkers,0,GAME_OVER,98,97,2,479,MCTS_v0,-1.0,1.0,Random
-1764110007,Checkers,0,GAME_OVER,83,82,2,480,MCTS_v0,-1.0,1.0,Random
-1146409081,Checkers,0,GAME_OVER,90,89,2,481,MCTS_v0,-1.0,1.0,Random
-430502169,Checkers,0,GAME_OVER,73,72,2,482,MCTS_v0,-1.0,1.0,Random
2030229899,Checkers,0,GAME_OVER,88,87,2,483,MCTS_v0,-1.0,1.0,Random
691381220,Checkers,0,GAME_OVER,87,86,2,484,MCTS_v0,-1.0,1.0,Random
198069656,Checkers,0,GAME_OVER,84,83,2,485,MCTS_v0,-1.0,1.0,Random
-810309901,Checkers,0,GAME_OVER,96,95,2,486,MCTS_v0,-1.0,1.0,Random
-1891428332,Checkers,0,GAME_OVER,88,87,2,487,MCTS_v0,-1.0,1.0,Random
-1105314927,Checkers,0,GAME_OVER,95,94,2,488,MCTS_v0,-1.0,1.0,Random
-1746665289,Checkers,0,GAME_OVER,74,73,2,489,MCTS_v0,-1.0,1.0,Random
830493156,Checkers,0,GAME_OVER,84,83,2,490,MCTS_v0,-1.0,1.0,Random
1202044910,Checkers,0,GAME_OVER,81,80,2,491,MCTS_v0,-1.0,1.0,Random
1424611133,Checkers,0,GAME_OVER,88,87,2,492,MCTS_v0,-1.0,1.0,Random
-234913216,Checkers,0,GAME_OVER,83,82,2,493,MCTS_v0,-1.0,1.0,Random
1292088810,Checkers,0,GAME_OVER,71,70,2,494,MCTS_v0,-1.0,1.0,Random
2107537190,Checkers,0,GAME_OVER,82,81,2,495,MCTS_v0,-1.0,1.0,Random
2073954116,Checkers,0,GAME_OVER,94,93,2,496,MCTS_v0,-1.0,1.0,Random
525072425,Checkers,0,GAME_OVER,81,80,2,497,MCTS_v0,-1.0,1.0,Random
1748179228,Checkers,0,GAME_OVER,99,98,2,498,MCTS_v0,-1.0,1.0,Random
1114035795,Checkers,0,GAME_OVER,78,77,2,499,MCTS_v0,-1.0,1.0,Random
1500966898,Checkers,0,GAME_OVER,86,85,2,500,MCTS_v0,-1.0,1.0,Random
1662410544,Checkers,0,GAME_OVER,98,97,2,501,MCTS_v0,-1.0,1.0,Random
692441499,Checkers,0,GAME_OVER,89,88,2,502,MCTS_v0,-1.0,1.0,Random
-357203990,Checkers,0,GAME_OVER,78,77,2,503,MCTS_v0,-1.0,1.0,Random
1581363269,Checkers,0,GAME_OVER,84,83,2,504,MCTS_v0,-1.0,1.0,Random
-716217261,Checkers,0,GAME_OVER,87,86,2,505,MCTS_v0,-1.0,1.0,Random
1682772983,Checkers,0,GAME_OVER,99,98,2,506,MCTS_v0,-1.0,1.0,Random
-134293295,Checkers,0,GAME_OVER,117,116,2,507,MCTS_v0,-1.0,1.0,Random
959443192,Checkers,0,GAME_OVER,99,98,2,508,MCTS_v0,-1.0,1.0,Random
-590552699,Checkers,0,GAME_OVER,90,89,2,509,MCTS_v0,-1.0,1.0,Random
219136976,Checkers,0,GAME_OVER,89,88,2,510,MCTS_v0,-1.0,1.0,Random
531641905,Checkers,0,GAME_OVER,101,100,2,511,MCTS_v0,-1.0,1.0,Random
799465404,Checkers,0,GAME_OVER,88,87,2,512,MCTS_v0,-1.0,1.0,Random
-1244008034,Checkers,0,GAME_OVER,69,68,2,513,MCTS_v0,-1.0,1.0,Random
-247452992,Checkers,0,GAME_OVER,70,69,2,514,MCTS_v0,-1.0,1.0,Random
680498320,Checkers,0,GAME_OVER,97,96,2,515,MCTS_v0,-1.0,1.0,Random
2079070920,Checkers,0,GAME_OVER,98,97,2,516,MCTS_v0,-1.0,1.0,Random
-1289760878,Checkers,0,GAME_OVER,85,84,2,517,MCTS_v0,-1.0,1.0,Random
1880865144,Checkers,0,GAME_OVER,75,74,2,518,MCTS_v0,-1.0,1.0,Random
-428397538,Checkers,0,GAME_OVER,72,71,2,519,MCTS_v0,-1.0,1.0,Random
-1732816748,Checkers,0,GAME_OVER,91,90,2,520,MCTS_v0,-1.0,1.0,Random
-2132740891,Checkers,0,GAME_OVER,78,77,2,521,MCTS_v0,-1.0,1.0,Random
-488425688,Checkers,0,GAME_OVER,85,84,2,522,MCTS_v0,-1.0,1.0,Random
407205454,Checkers,0,GAME_OVER,83,82,2,523,MCTS_v0,-1.0,1.0,Random
-505964576,Checkers,0,GAME_OVER,79,78,2,524,MCTS_v0,-1.0,1.0,Random
-1272763554,Checkers,0,GAME_OVER,79,78,2,525,MCTS_v0,-1.0,1.0,Random
-946076892,Checkers,0,GAME_OVER,81,80,2,526,MCTS_v0,-1.0,1.0,Random
-129009496,Checkers,0,GAME_OVER,94,93,2,527,MCTS_v0,-1.0,1.0,Random
-1752710150,Checkers,0,GAME_OVER,76,75,2,528,MCTS_v0,-1.0,1.0,Random
-1610840582,Checkers,0,GAME_OVER,65,64,2,529,MCTS_v0,-1.0,1.0,Random
-747549500,Checkers,0,GAME_OVER,84,83,2,530,MCTS_v0,-1.0,1.0,Random
-1507039011,Checkers,0,GAME_OVER,74,73,2,531,MCTS_v0,-1.0,1.0,Random
2046638401,Checkers,0,GAME_OVER,93,92,2,532,MCTS_v0,-1.0,1.0,Random
1174566179,Checkers,0,GAME_OVER,101,100,2,533,MCTS_v0,-1.0,1.0,Random
-703175285,Checkers,0,GAME_OVER,90,89,2,534,MCTS_v0,-1.0,1.0,Random
1049558555,Checkers,0,GAME_OVER,75,74,2,535,MCTS_v0,-1.0,1.0,Random
24184292,Checkers,0,GAME_OVER,86,85,2,536,MCTS_v0,-1.0,1.0,Random
723085857,Checkers,0,GAME_OVER,81,80,2,537,MCTS_v0,-1.0,1.0,Random
704221578,Checkers,0,GAME_OVER,96,95,2,538,MCTS_v0,-1.0,1.0,Random
475136930,Checkers,0,GAME_OVER,95,94,2,539,MCTS_v0,-1.0,1.0,Random
-728022289,Checkers,0,GAME_OVER,75,74,2,540,MCTS_v0,-1.0,1.0,Random
-1965638191,Checkers,0,GAME_OVER,87,86,2,541,MCTS_v0,-1.0,1.0,Random
1344862726,Checkers,0,GAME_OVER,76,75,2,542,MCTS_v0,-1.0,1.0,Random
-769458025,Checkers,0,GAME_OVER,118,117,2,543,MCTS_v0,-1.0,1.0,Random
-124452472,Checkers,0,GAME_OVER,91,90,2,544,MCTS_v0,-1.0,1.0,Random
1754123923,Checkers,0,GAME_OVER,76,75,2,545,MCTS_v0,-1.0,1.0,Random
817997400,Checkers,0,GAME_OVER,68,67,2,546,MCTS_v0,-1.0,1.0,Random
2005862680,Checkers,0,GAME_OVER,91,90,2,547,MCTS_v0,-1.0,1.0,Random
966084725,Checkers,0,GAME_OVER,81,80,2,548,MCTS_v0,-1.0,1.0,Random
557615496,Checkers,0,GAME_OVER,90,89,2,549,MCTS_v0,-1.0,1.0,Random
1406836500,Checkers,0,GAME_OVER,75,74,2,550,MCTS_v0,-1.0,1.0,Random
-1008530288,Checkers,0,GAME_OVER,87,86,2,551,MCTS_v0,-1.0,1.0,Random
809625056,Checkers,0,GAME_OVER,90,89,2,552,MCTS_v0,-1.0,1.0,Random
-1541745923,Checkers,0,GAME_OVER,86,85,2,553,MCTS_v0,-1.0,1.0,Random
-1319329939,Checkers,0,GAME_OVER,94,93,2,554,MCTS_v0,-1.0,1.0,Random
-1768802997,Checkers,0,GAME_OVER,99,98,2,555,MCTS_v0,-1.0,1.0,Random
-1013638818,Checkers,0,GAME_OVER,77,76,2,556,MCTS_v0,-1.0,1.0,Random
1272152609,Checkers,0,GAME_OVER,84,83,2,557,MCTS_v0,-1.0,1.0,Random
-2108098344,Checkers,0,GAME_OVER,77,76,2,558,MCTS_v0,-1.0,1.0,Random
1021979980,Checkers,0,GAME_OVER,69,68,2,559,MCTS_v0,-1.0,1.0,Random
400906797,Checkers,0,GAME_OVER,95,94,2,560,MCTS_v0,-1.0,1.0,Random
1604641790,Checkers,0,GAME_OVER,65,64,2,561,MCTS_v0,-1.0,1.0,Random
-1032286994,Checkers,0,GAME_OVER,131,130,2,562,MCTS_v0,-1.0,1.0,Random
1493589086,Checkers,0,GAME_OVER,85,84,2,563,MCTS_v0,-1.0,1.0,Random
11320765,Checkers,0,GAME_OVER,83,82,2,564,MCTS_v0,-1.0,1.0,Random
-1525548634,Checkers,0,GAME_OVER,86,85,2,565,MCTS_v0,-1.0,1.0,Random
-431619690,Checkers,0,GAME_OVER,89,88,2,566,MCTS_v0,-1.0,1.0,Random
1936749416,Checkers,0,GAME_OVER,88,87,2,567,MCTS_v0,-1.0,1.0,Random
-2004761999,Checkers,0,GAME_OVER,94,93,2,568,MCTS_v0,-1.0,1.0,Random
-1347623508,Checkers,0,GAME_OVER,94,93,2,569,MCTS_v0,-1.0,1.0,Random
832869218,Checkers,0,GAME_OVER,96,95,2,570,MCTS_v0,-1.0,1.0,Random
955111685,Checkers,0,GAME_OVER,76,75,2,571,MCTS_v0,-1.0,1.0,Random
1099661990,Checkers,0,GAME_OVER,86,85,2,572,MCTS_v0,-1.0,1.0,Random
135675094,Checkers,0,GAME_OVER,84,83,2,573,MCTS_v0,-1.0,1.0,Random
855059001,Checkers,0,GAME_OVER,70,69,2,574,MCTS_v0,-1.0,1.0,Random
1172228948,Checkers,0,GAME_OVER,82,81,2,575,MCTS_v0,-1.0,1.0,Random
1557631987,Checkers,0,GAME_OVER,88,87,2,576,MCTS_v0,-1.0,1.0,Random
215232016,Checkers,0,GAME_OVER,69,68,2,577,MCTS_v0,-1.0,1.0,Random
965841975,Checkers,0,GAME_OVER,77,76,2,578,MCTS_v0,-1.0,1.0,Random
1368214283,Checkers,0,GAME_OVER,91,90,2,579,MCTS_v0,-1.0,1.0,Random
278402738,Checkers,0,GAME_OVER,89,88,2,580,MCTS_v0,-1.0,1.0,Random
39826850,Checkers,0,GAME_OVER,85,84,2,581,MCTS_v0,-1.0,1.0,Random
1397230288,Checkers,0,GAME_OVER,81,80,2,582,MCTS_v0,-1.0,1.0,Random
186065874,Checkers,0,GAME_OVER,78,77,2,583,MCTS_v0,-1.0,1.0,Random
1890892223,Checkers,0,GAME_OVER,88,87,2,584,MCTS_v0,-1.0,1.0,Random
49631141,Checkers,0,GAME_OVER,76,75,2,585,MCTS_v0,-1.0,1.0,Random
59729467,Checkers,0,GAME_OVER,86,85,2,586,MCTS_v0,-1.0,1.0,Random
411018702,Checkers,0,GAME_OVER,87,86,2,587,MCTS_v0,-1.0,1.0,Random
1652668031,Checkers,0,GAME_OVER,75,74,2,588,MCTS_v0,-1.0,1.0,Random
-174465613,Checkers,0,GAME_OVER,91,90,2,589,MCTS_v0,-1.0,1.0,Random
-1327324403,Checkers,0,GAME_OVER,87,86,2,590,MCTS_v0,-1.0,1.0,Random
1277879419,Checkers,0,GAME_OVER,85,84,2,591,MCTS_v0,-1.0,1.0,Random
-535033564,Checkers,0,GAME_OVER,92,91,2,592,MCTS_v0,-1.0,1.0,Random
-308562979,Checkers,0,GAME_OVER,102,101,2,593,MCTS_v0,-1.0,1.0,Random
-917987805,Checkers,0,GAME_OVER,83,82,2,594,MCTS_v0,-1.0,1.0,Random
1187876542,Checkers,0,GAME_OVER,78,77,2,595,MCTS_v0,-1.0,1.0,Random
-233150162,Checkers,0,GAME_OVER,94,93,2,596,MCTS_v0,-1.0,1.0,Random
199426273,Checkers,0,GAME_OVER,79,78,2,597,MCTS_v0,-1.0,1.0,Random
387918533,Checkers,0,GAME_OVER,77,76,2,598,MCTS_v0,-1.0,1.0,Random
-1460030406,Checkers,0,GAME_OVER,86,85,2,599,MCTS_v0,-1.0,1.0,Random
53921332,Checkers,0,GAME_OVER,89,88,2,600,MCTS_v0,-1.0,1.0,Random
1625556380,Checkers,0,GAME_OVER,81,80,2,601,MCTS_v0,-1.0,1.0,Random
-655329308,Checkers,0,GAME_OVER,144,143,2,602,OSLA,0.0,0.0,MCTS_v0
-264641165,Checkers,0,GAME_OVER,85,84,2,603,OSLA,-1.0,1.0,MCTS_v0
304020803,Checkers,0,GAME_OVER,174,173,2,604,OSLA,0.0,0.0,MCTS_v0
-810158299,Checkers,0,GAME_OVER,93,92,2,605,OSLA,-1.0,1.0,MCTS_v0
-2063716319,Checkers,0,GAME_OVER,166,165,2,606,OSLA,1.0,-1.0,MCTS_v0
-1095536654,Checkers,0,GAME_OVER,131,130,2,607,OSLA,1.0,-1.0,MCTS_v0
1149489710,Checkers,0,GAME_OVER,150,149,2,608,OSLA,1.0,-1.0,MCTS_v0
-2028663098,Checkers,0,GAME_OVER,99,98,2,609,OSLA,-1.0,1.0,MCTS_v0
-1910142585,Checkers,0,GAME_OVER,95,94,2,610,OSLA,-1.0,1.0,MCTS_v0
710411956,Checkers,0,GAME_OVER,135,134,2,611,OSLA,1.0,-1.0,MCTS_v0
-754472517,Checkers,0,GAME_OVER,117,116,2,612,OSLA,1.0,-1.0,MCTS_v0
-1864614547,Checkers,0,GAME_OVER,123,122,2,613,OSLA,1.0,-1.0,MCTS_v0
-427594544,Checkers,0,GAME_OVER,142,141,2,614,OSLA,1.0,-1.0,MCTS_v0
-1144879371,Checkers,0,GAME_OVER,120,119,2,615,OSLA,1.0,-1.0,MCTS_v0
-498414262,Checkers,0,GAME_OVER,171,170,2,616,OSLA,1.0,-1.0,MCTS_v0
1024729430,Checkers,0,GAME_OVER,164,163,2,617,OSLA,0.0,0.0,MCTS_v0
568139855,Checkers,0,GAME_OVER,94,93,2,618,OSLA,-1.0,1.0,MCTS_v0
-430594965,Checkers,0,GAME_OVER,144,143,2,619,OSLA,0.0,0.0,MCTS_v0
905693017,Checkers,0,GAME_OVER,175,174,2,620,OSLA,1.0,-1.0,MCTS_v0
-1533735690,Checkers,0,GAME_OVER,108,107,2,621,OSLA,-1.0,1.0,MCTS_v0
-1200364784,Checkers,0,GAME_OVER,160,159,2,622,OSLA,0.0,0.0,MCTS_v0
-689483878,Checkers,0,GAME_OVER,186,185,2,623,OSLA,0.0,0.0,MCTS_v0
1529965898,Checkers,0,GAME_OVER,70,69,2,624,OSLA,-1.0,1.0,MCTS_v0
-1898756236,Checkers,0,GAME_OVER,96,95,2,625,OSLA,-1.0,1.0,MCTS_v0
1674876477,Checkers,0,GAME_OVER,106,105,2,626,OSLA,1.0,-1.0,MCTS_v0
1787538790,Checkers,0,GAME_OVER,135,134,2,627,OSLA,1.0,-1.0,MCTS_v0
-1414184600,Checkers,0,GAME_OVER,133,132,2,628,OSLA,1.0,-1.0,MCTS_v0
-2142609321,Checkers,0,GAME_OVER,84,83,2,629,OSLA,-1.0,1.0,MCTS_v0
-240248637,Checkers,0,GAME_OVER,109,108,2,630,OSLA,1.0,-1.0,MCTS_v0
1029665769,Checkers,0,GAME_OVER,157,156,2,631,OSLA,1.0,-1.0,MCTS_v0
-721194709,Checkers,0,GAME_OVER,157,156,2,632,OSLA,0.0,0.0,MCTS_v0
-1835169153,Checkers,0,GAME_OVER,220,219,2,633,OSLA,0.0,0.0,MCTS_v0
-868271820,Checkers,0,GAME_OVER,100,99,2,634,OSLA,1.0,-1.0,MCTS_v0
1054523526,Checkers,0,GAME_OVER,76,75,2,635,OSLA,-1.0,1.0,MCTS_v0
508949435,Checkers,0,GAME_OVER,111,110,2,636,OSLA,-1.0,1.0,MCTS_v0
-563203495,Checkers,0,GAME_OVER,121,120,2,637,OSLA,1.0,-1.0,MCTS_v0
1704419822,Checkers,0,GAME_OVER,84,83,2,638,OSLA,-1.0,1.0,MCTS_v0
1613937470,Checkers,0,GAME_OVER,164,163,2,639,OSLA,0.0,0.0,MCTS_v0
-899380046,Checkers,0,GAME_OVER,129,128,2,640,OSLA,1.0,-1.0,MCTS_v0
558449485,Checkers,0,GAME_OVER,170,169,2,641,OSLA,0.0,0.0,MCTS_v0
-1460444291,Checkers,0,GAME_OVER,155,154,2,642,OSLA,0.0,0.0,MCTS_v0
-2099143871,Checkers,0,GAME_OVER,213,212,2,643,OSLA,0.0,0.0,MCTS_v0
1809561382,Checkers,0,GAME_OVER,146,145,2,644,OSLA,1.0,-1.0,MCTS_v0
-1424043909,Checkers,0,GAME_OVER,129,128,2,645,OSLA,1.0,-1.0,MCTS_v0
909246781,Checkers,0,GAME_OVER,106,105,2,646,OSLA,1.0,-1.0,MCTS_v0
1590812872,Checkers,0,GAME_OVER,111,110,2,647,OSLA,1.0,-1.0,MCTS_v0
-483869467,Checkers,0,GAME_OVER,170,169,2,648,OSLA,1.0,-1.0,MCTS_v0
901715111,Checkers,0,GAME_OVER,148,147,2,649,OSLA,1.0,-1.0,MCTS_v0
-51239868,Checkers,0,GAME_OVER,99,98,2,650,OSLA,-1.0,1.0,MCTS_v0
1378015265,Checkers,0,GAME_OVER,92,91,2,651,OSLA,-1.0,1.0,MCTS_v0
-1856406014,Checkers,0,GAME_OVER,126,125,2,652,OSLA,1.0,-1.0,MCTS_v0
18021745,Checkers,0,GAME_OVER,89,88,2,653,OSLA,1.0,-1.0,MCTS_v0
2040977534,Checkers,0,GAME_OVER,171,170,2,654,OSLA,1.0,-1.0,MCTS_v0
-313935349,Checkers,0,GAME_OVER,100,99,2,655,OSLA,-1.0,1.0,MCTS_v0
1790094480,Checkers,0,GAME_OVER,120,119,2,656,OSLA,1.0,-1.0,MCTS_v0
-948587063,Checkers,0,GAME_OVER,179,178,2,657,OSLA,0.0,0.0,MCTS_v0
1829468184,Checkers,0,GAME_OVER,130,129,2,658,OSLA,1.0,-1.0,MCTS_v0
649329987,Checkers,0,GAME_OVER,116,115,2,659,OSLA,1.0,-1.0,MCTS_v0
1418166445,Checkers,0,GAME_OVER,115,114,2,660,OSLA,-1.0,1.0,MCTS_v0
-369630303,Checkers,0,GAME_OVER,100,99,2,661,OSLA,-1.0,1.0,MCTS_v0
405055778,Checkers,0,GAME_OVER,109,108,2,662,OSLA,1.0,-1.0,MCTS_v0
-700142242,Checkers,0,GAME_OVER,122,121,2,663,OSLA,1.0,-1.0,MCTS_v0
956967106,Checkers,0,GAME_OVER,166,165,2,664,OSLA,1.0,-1.0,MCTS_v0
-1683190557,Checkers,0,GAME_OVER,207,206,2,665,OSLA,0.0,0.0,MCTS_v0
1788940655,Checkers,0,GAME_OVER,176,175,2,666,OSLA,1.0,-1.0,MCTS_v0
-464528679,Checkers,0,GAME_OVER,123,122,2,667,OSLA,1.0,-1.0,MCTS_v0
-1719895544,Checkers,0,GAME_OVER,206,205,2,668,OSLA,0.0,0.0,MCTS_v0
279631780,Checkers,0,GAME_OVER,127,126,2,669,OSLA,1.0,-1.0,MCTS_v0
-516496193,Checkers,0,GAME_OVER,105,104,2,670,OSLA,-1.0,1.0,MCTS_v0
1179940974,Checkers,0,GAME_OVER,121,120,2,671,OSLA,1.0,-1.0,MCTS_v0
127706445,Checkers,0,GAME_OVER,148,147,2,672,OSLA,1.0,-1.0,MCTS_v0
2020546970,Checkers,0,GAME_OVER,146,145,2,673,OSLA,1.0,-1.0,MCTS_v0
734638367,Checkers,0,GAME_OVER,76,75,2,674,OSLA,-1.0,1.0,MCTS_v0
-689555032,Checkers,0,GAME_OVER,99,98,2,675,OSLA,-1.0,1.0,MCTS_v0
-1163791369,Checkers,0,GAME_OVER,219,218,2,676,OSLA,0.0,0.0,MCTS_v0
922282699,Checkers,0,GAME_OVER,99,98,2,677,OSLA,-1.0,1.0,MCTS_v0
-638186096,Checkers,0,GAME_OVER,132,131,2,678,OSLA,1.0,-1.0,MCTS_v0
-2093070663,Checkers,0,GAME_OVER,131,130,2,679,OSLA,1.0,-1.0,MCTS_v0
-1764110007,Checkers,0,GAME_OVER,93,92,2,680,OSLA,-1.0,1.0,MCTS_v0
-1146409081,Checkers,0,GAME_OVER,101,100,2,681,OSLA,-1.0,1.0,MCTS_v0
-430502169,Checkers,0,GAME_OVER,141,140,2,682,OSLA,0.0,0.0,MCTS_v0
2030229899,Checkers,0,GAME_OVER,100,99,2,683,OSLA,-1.0,1.0,MCTS_v0
691381220,Checkers,0,GAME_OVER,89,88,2,684,OSLA,-1.0,1.0,MCTS_v0
198069656,Checkers,0,GAME_OVER,106,105,2,685,OSLA,1.0,-1.0,MCTS_v0
-810309901,Checkers,0,GAME_OVER,139,138,2,686,OSLA,0.0,0.0,MCTS_v0
-1891428332,Checkers,0,GAME_OVER,129,128,2,687,OSLA,0.0,0.0,MCTS_v0
-1105314927,Checkers,0,GAME_OVER,114,113,2,688,OSLA,-1.0,1.0,MCTS_v0
-1746665289,Checkers,0,GAME_OVER,78,77,2,689,OSLA,-1.0,1.0,MCTS_v0
830493156,Checkers,0,GAME_OVER,100,99,2,690,OSLA,-1.0,1.0,MCTS_v0
1202044910,Checkers,0,GAME_OVER,179,178,2,691,OSLA,1.0,-1.0,MCTS_v0
1424611133,Checkers,0,GAME_OVER,145,144,2,692,OSLA,0.0,0.0,MCTS_v0
-234913216,Checkers,0,GAME_OVER,129,128,2,693,OSLA,1.0,-1.0,MCTS_v0
1292088810,Checkers,0,GAME_OVER,117,116,2,694,OSLA,1.0,-1.0,MCTS_v0
2107537190,Checkers,0,GAME_OVER,129,128,2,695,OSLA,1.0,-1.0,MCTS_v0
2073954116,Checkers,0,GAME_OVER,130,129,2,696,OSLA,1.0,-1.0,MCTS_v0
525072425,Checkers,0,GAME_OVER,168,167,2,697,OSLA,0.0,0.0,MCTS_v0
1748179228,Checkers,0,GAME_OVER,100,99,2,698,OSLA,-1.0,1.0,MCTS_v0
1114035795,Checkers,0,GAME_OVER,118,117,2,699,OSLA,1.0,-1.0,MCTS_v0
1500966898,Checkers,0,GAME_OVER,83,82,2,700,OSLA,-1.0,1.0,MCTS_v0
1662410544,Checkers,0,GAME_OVER,198,197,2,701,OSLA,0.0,0.0,MCTS_v0
692441499,Checkers,0,GAME_OVER,113,112,2,702,OSLA,1.0,-1.0,MCTS_v0
-357203990,Checkers,0,GAME_OVER,128,127,2,703,OSLA,1.0,-1.0,MCTS_v0
1581363269,Checkers,0,GAME_OVER,189,188,2,704,OSLA,1.0,-1.0,MCTS_v0
-716217261,Checkers,0,GAME_OVER,108,107,2,705,OSLA,-1.0,1.0,MCTS_v0
1682772983,Checkers,0,GAME_OVER,96,95,2,706,OSLA,-1.0,1.0,MCTS_v0
-134293295,Checkers,0,GAME_OVER,80,79,2,707,OSLA,-1.0,1.0,MCTS_v0
959443192,Checkers,0,GAME_OVER,163,162,2,708,OSLA,0.0,0.0,MCTS_v0
-590552699,Checkers,0,GAME_OVER,82,81,2,709,OSLA,-1.0,1.0,MCTS_v0
219136976,Checkers,0,GAME_OVER,159,158,2,710,OSLA,1.0,-1.0,MCTS_v0
531641905,Checkers,0,GAME_OVER,135,134,2,711,OSLA,1.0,-1.0,MCTS_v0
799465404,Checkers,0,GAME_OVER,173,172,2,712,OSLA,0.0,0.0,MCTS_v0
-1244008034,Checkers,0,GAME_OVER,126,125,2,713,OSLA,1.0,-1.0,MCTS_v0
-247452992,Checkers,0,GAME_OVER,96,95,2,714,OSLA,-1.0,1.0,MCTS_v0
680498320,Checkers,0,GAME_OVER,85,84,2,715,OSLA,-1.0,1.0,MCTS_v0
2079070920,Checkers,0,GAME_OVER,150,149,2,716,OSLA,0.0,0.0,MCTS_v0
-1289760878,Checkers,0,GAME_OVER,161,160,2,717,OSLA,0.0,0.0,MCTS_v0
1880865144,Checkers,0,GAME_OVER,99,98,2,718,OSLA,-1.0,1.0,MCTS_v0
-428397538,Checkers,0,GAME_OVER,112,111,2,719,OSLA,-1.0,1.0,MCTS_v0
-1732816748,Checkers,0,GAME_OVER,141,140,2,720,OSLA,1.0,-1.0,MCTS_v0
-2132740891,Checkers,0,GAME_OVER,140,139,2,721,OSLA,1.0,-1.0,MCTS_v0
-488425688,Checkers,0,GAME_OVER,191,190,2,722,OSLA,1.0,-1.0,MCTS_v0
407205454,Checkers,0,GAME_OVER,70,69,2,723,OSLA,-1.0,1.0,MCTS_v0
-505964576,Checkers,0,GAME_OVER,93,92,2,724,OSLA,-1.0,1.0,MCTS_v0
-1272763554,Checkers,0,GAME_OVER,83,82,2,725,OSLA,-1.0,1.0,MCTS_v0
-946076892,Checkers,0,GAME_OVER,134,133,2,726,OSLA,1.0,-1.0,MCTS_v0
-129009496,Checkers,0,GAME_OVER,88,87,2,727,OSLA,-1.0,1.0,MCTS_v0
-1752710150,Checkers,0,GAME_OVER,177,176,2,728,OSLA,1.0,-1.0,MCTS_v0
-1610840582,Checkers,0,GAME_OVER,150,149,2,729,OSLA,1.0,-1.0,MCTS_v0
-747549500,Checkers,0,GAME_OVER,190,189,2,730,OSLA,0.0,0.0,MCTS_v0
-1507039011,Checkers,0,GAME_OVER,119,118,2,731,OSLA,1.0,-1.0,MCTS_v0
2046638401,Checkers,0,GAME_OVER,121,120,2,732,OSLA,1.0,-1.0,MCTS_v0
1174566179,Checkers,0,GAME_OVER,150,149,2,733,OSLA,0.0,0.0,MCTS_v0
-703175285,Checkers,0,GAME_OVER,136,135,2,734,OSLA,1.0,-1.0,MCTS_v0
1049558555,Checkers,0,GAME_OVER,149,148,2,735,OSLA,0.0,0.0,MCTS_v0
24184292,Checkers,0,GAME_OVER,90,89,2,736,OSLA,-1.0,1.0,MCTS_v0
723085857,Checkers,0,GAME_OVER,102,101,2,737,OSLA,-1.0,1.0,MCTS_v0
704221578,Checkers,0,GAME_OVER,92,91,2,738,OSLA,-1.0,1.0,MCTS_v0
475136930,Checkers,0,GAME_OVER,90,89,2,739,OSLA,-1.0,1.0,MCTS_v0
-728022289,Checkers,0,GAME_OVER,116,115,2,740,OSLA,1.0,-1.0,MCTS_v0
-1965638191,Checkers,0,GAME_OVER,134,133,2,741,OSLA,1.0,-1.0,MCTS_v0
1344862726,Checkers,0,GAME_OVER,169,168,2,742,OSLA,0.0,0.0,MCTS_v0
-769458025,Checkers,0,GAME_OVER,110,109,2,743,OSLA,-1.0,1.0,MCTS_v0
-124452472,Checkers,0,GAME_OVER,181,180,2,744,OSLA,1.0,-1.0,MCTS_v0
1754123923,Checkers,0,GAME_OVER,147,146,2,745,OSLA,1.0,-1.0,MCTS_v0
817997400,Checkers,0,GAME_OVER,96,95,2,746,OSLA,-1.0,1.0,MCTS_v0
2005862680,Checkers,0,GAME_OVER,105,104,2,747,OSLA,-1.0,1.0,MCTS_v0
966084725,Checkers,0,GAME_OVER,166,165,2,748,OSLA,1.0,-1.0,MCTS_v0
557615496,Checkers,0,GAME_OVER,79,78,2,749,OSLA,-1.0,1.0,MCTS_v0
1406836500,Checkers,0,GAME_OVER,138,137,2,750,OSLA,-1.0,1.0,MCTS_v0
-1008530288,Checkers,0,GAME_OVER,97,96,2,751,OSLA,1.0,-1.0,MCTS_v0
809625056,Checkers,0,GAME_OVER,129,128,2,752,OSLA,0.0,0.0,MCTS_v0
-1541745923,Checkers,0,GAME_OVER,106,105,2,753,OSLA,1.0,-1.0,MCTS_v0
-1319329939,Checkers,0,GAME_OVER,159,158,2,754,OSLA,1.0,-1.0,MCTS_v0
-1768802997,Checkers,0,GAME_OVER,84,83,2,755,OSLA,-1.0,1.0,MCTS_v0
-1013638818,Checkers,0,GAME_OVER,104,103,2,756,OSLA,-1.0,1.0,MCTS_v0
1272152609,Checkers,0,GAME_OVER,144,143,2,757,OSLA,1.0,-1.0,MCTS_v0
-2108098344,Checkers,0,GAME_OVER,104,103,2,758,OSLA,-1.0,1.0,MCTS_v0
1021979980,Checkers,0,GAME_OVER,100,99,2,759,OSLA,-1.0,1.0,MCTS_v0
400906797,Checkers,0,GAME_OVER,85,84,2,760,OSLA,-1.0,1.0,MCTS_v0
1604641790,Checkers,0,GAME_OVER,78,77,2,761,OSLA,-1.0,1.0,MCTS_v0
-1032286994,Checkers,0,GAME_OVER,174,173,2,762,OSLA,0.0,0.0,MCTS_v0
1493589086,Checkers,0,GAME_OVER,86,85,2,763,OSLA,-1.0,1.0,MCTS_v0
11320765,Checkers,0,GAME_OVER,126,125,2,764,OSLA,1.0,-1.0,MCTS_v0
-1525548634,Checkers,0,GAME_OVER,162,161,2,765,OSLA,0.0,0.0,MCTS_v0
-431619690,Checkers,0,GAME_OVER,93,92,2,766,OSLA,-1.0,1.0,MCTS_v0
1936749416,Checkers,0,GAME_OVER,110,109,2,767,OSLA,1.0,-1.0,MCTS_v0
-2004761999,Checkers,0,GAME_OVER,88,87,2,768,OSLA,-1.0,1.0,MCTS_v0
-1347623508,Checkers,0,GAME_OVER,99,98,2,769,OSLA,1.0,-1.0,MCTS_v0
832869218,Checkers,0,GAME_OVER,146,145,2,770,OSLA,1.0,-1.0,MCTS_v0
955111685,Checkers,0,GAME_OVER,90,89,2,771,OSLA,-1.0,1.0,MCTS_v0
1099661990,Checkers,0,GAME_OVER,76,75,2,772,OSLA,-1.0,1.0,MCTS_v0
135675094,Checkers,0,GAME_OVER,95,94,2,773,OSLA,-1.0,1.0,MCTS_v0
855059001,Checkers,0,GAME_OVER,106,105,2,774,OSLA,-1.0,1.0,MCTS_v0
1172228948,Checkers,0,GAME_OVER,77,76,2,775,OSLA,-1.0,1.0,MCTS_v0
1557631987,Checkers,0,GAME_OVER,108,107,2,776,OSLA,-1.0,1.0,MCTS_v0
215232016,Checkers,0,GAME_OVER,131,130,2,777,OSLA,1.0,-1.0,MCTS_v0
965841975,Checkers,0,GAME_OVER,122,121,2,778,OSLA,1.0,-1.0,MCTS_v0
1368214283,Checkers,0,GAME_OVER,127,126,2,779,OSLA,1.0,-1.0,MCTS_v0
278402738,Checkers,0,GAME_OVER,124,123,2,780,OSLA,1.0,-1.0,MCTS_v0
39826850,Checkers,0,GAME_OVER,121,120,2,781,OSLA,1.0,-1.0,MCTS_v0
1397230288,Checkers,0,GAME_OVER,265,264,2,782,OSLA,0.0,0.0,MCTS_v0
186065874,Checkers,0,GAME_OVER,81,80,2,783,OSLA,-1.0,1.0,MCTS_v0
1890892223,Checkers,0,GAME_OVER,166,165,2,784,OSLA,0.0,0.0,MCTS_v0
49631141,Checkers,0,GAME_OVER,130,129,2,785,OSLA,1.0,-1.0,MCTS_v0
59729467,Checkers,0,GAME_OVER,122,121,2,786,OSLA,-1.0,1.0,MCTS_v0
411018702,Checkers,0,GAME_OVER,161,160,2,787,OSLA,0.0,0.0,MCTS_v0
1652668031,Checkers,0,GAME_OVER,244,243,2,788,OSLA,0.0,0.0,MCTS_v0
-174465613,Checkers,0,GAME_OVER,127,126,2,789,OSLA,1.0,-1.0,MCTS_v0
-1327324403,Checkers,0,GAME_OVER,116,115,2,790,OSLA,1.0,-1.0,MCTS_v0
1277879419,Checkers,0,GAME_OVER,116,115,2,791,OSLA,-1.0,1.0,MCTS_v0
-535033564,Checkers,0,GAME_OVER,192,191,2,792,OSLA,0.0,0.0,MCTS_v0
-308562979,Checkers,0,GAME_OVER,91,90,2,793,OSLA,-1.0,1.0,MCTS_v0
-917987805,Checkers,0,GAME_OVER,82,81,2,794,OSLA,-1.0,1.0,MCTS_v0
1187876542,Checkers,0,GAME_OVER,160,159,2,795,OSLA,0.0,0.0,MCTS_v0
-233150162,Checkers,0,GAME_OVER,118,117,2,796,OSLA,-1.0,1.0,MCTS_v0
199426273,Checkers,0,GAME_OVER,80,79,2,797,OSLA,-1.0,1.0,MCTS_v0
387918533,Checkers,0,GAME_OVER,100,99,2,798,OSLA,-1.0,1.0,MCTS_v0
-1460030406,Checkers,0,GAME_OVER,170,169,2,799,OSLA,1.0,-1.0,MCTS_v0
53921332,Checkers,0,GAME_OVER,135,134,2,800,OSLA,1.0,-1.0,MCTS_v0
1625556380,Checkers,0,GAME_OVER,122,121,2,801,OSLA,1.0,-1.0,MCTS_v0
-655329308,Checkers,0,GAME_OVER,83,82,2,802,OSLA,1.0,-1.0,OSLA
-264641165,Checkers,0,GAME_OVER,94,93,2,803,OSLA,1.0,-1.0,OSLA
304020803,Checkers,0,GAME_OVER,191,190,2,804,OSLA,0.0,0.0,OSLA
-810158299,Checkers,0,GAME_OVER,100,99,2,805,OSLA,-1.0,1.0,OSLA
-2063716319,Checkers,0,GAME_OVER,136,135,2,806,OSLA,-1.0,1.0,OSLA
-1095536654,Checkers,0,GAME_OVER,136,135,2,807,OSLA,1.0,-1.0,OSLA
1149489710,Checkers,0,GAME_OVER,89,88,2,808,OSLA,1.0,-1.0,OSLA
-2028663098,Checkers,0,GAME_OVER,107,106,2,809,OSLA,-1.0,1.0,OSLA
-1910142585,Checkers,0,GAME_OVER,134,133,2,810,OSLA,1.0,-1.0,OSLA
710411956,Checkers,0,GAME_OVER,96,95,2,811,OSLA,-1.0,1.0,OSLA
-754472517,Checkers,0,GAME_OVER,231,230,2,812,OSLA,0.0,0.0,OSLA
-1864614547,Checkers,0,GAME_OVER,78,77,2,813,OSLA,1.0,-1.0,OSLA
-427594544,Checkers,0,GAME_OVER,98,97,2,814,OSLA,1.0,-1.0,OSLA
-1144879371,Checkers,0,GAME_OVER,165,164,2,815,OSLA,-1.0,1.0,OSLA
-498414262,Checkers,0,GAME_OVER,108,107,2,816,OSLA,1.0,-1.0,OSLA
1024729430,Checkers,0,GAME_OVER,135,134,2,817,OSLA,-1.0,1.0,OSLA
568139855,Checkers,0,GAME_OVER,80,79,2,818,OSLA,-1.0,1.0,OSLA
-430594965,Checkers,0,GAME_OVER,199,198,2,819,OSLA,0.0,0.0,OSLA
905693017,Checkers,0,GAME_OVER,102,101,2,820,OSLA,1.0,-1.0,OSLA
-1533735690,Checkers,0,GAME_OVER,82,81,2,821,OSLA,-1.0,1.0,OSLA
-1200364784,Checkers,0,GAME_OVER,98,97,2,822,OSLA,1.0,-1.0,OSLA
-689483878,Checkers,0,GAME_OVER,126,125,2,823,OSLA,-1.0,1.0,OSLA
1529965898,Checkers,0,GAME_OVER,74,73,2,824,OSLA,-1.0,1.0,OSLA
-1898756236,Checkers,0,GAME_OVER,145,144,2,825,OSLA,0.0,0.0,OSLA
1674876477,Checkers,0,GAME_OVER,96,95,2,826,OSLA,-1.0,1.0,OSLA
1787538790,Checkers,0,GAME_OVER,105,104,2,827,OSLA,-1.0,1.0,OSLA
-1414184600,Checkers,0,GAME_OVER,101,100,2,828,OSLA,1.0,-1.0,OSLA
-2142609321,Checkers,0,GAME_OVER,106,105,2,829,OSLA,1.0,-1.0,OSLA
-240248637,Checkers,0,GAME_OVER,62,61,2,830,OSLA,-1.0,1.0,OSLA
1029665769,Checkers,0,GAME_OVER,149,148,2,831,OSLA,0.0,0.0,OSLA
-721194709,Checkers,0,GAME_OVER,99,98,2,832,OSLA,-1.0,1.0,OSLA
-1835169153,Checkers,0,GAME_OVER,67,66,2,833,OSLA,-1.0,1.0,OSLA
-868271820,Checkers,0,GAME_OVER,87,86,2,834,OSLA,1.0,-1.0,OSLA
1054523526,Checkers,0,GAME_OVER,203,202,2,835,OSLA,1.0,-1.0,OSLA
508949435,Checkers,0,GAME_OVER,148,147,2,836,OSLA,1.0,-1.0,OSLA
-563203495,Checkers,0,GAME_OVER,108,107,2,837,OSLA,1.0,-1.0,OSLA
1704419822,Checkers,0,GAME_OVER,100,99,2,838,OSLA,-1.0,1.0,OSLA
1613937470,Checkers,0,GAME_OVER,115,114,2,839,OSLA,-1.0,1.0,OSLA
-899380046,Checkers,0,GAME_OVER,86,85,2,840,OSLA,-1.0,1.0,OSLA
558449485,Checkers,0,GAME_OVER,104,103,2,841,OSLA,-1.0,1.0,OSLA
-1460444291,Checkers,0,GAME_OVER,133,132,2,842,OSLA,1.0,-1.0,OSLA
-2099143871,Checkers,0,GAME_OVER,94,93,2,843,OSLA,-1.0,1.0,OSLA
1809561382,Checkers,0,GAME_OVER,79,78,2,844,OSLA,1.0,-1.0,OSLA
-1424043909,Checkers,0,GAME_OVER,102,101,2,845,OSLA,1.0,-1.0,OSLA
909246781,Checkers,0,GAME_OVER,116,115,2,846,OSLA,1.0,-1.0,OSLA
1590812872,Checkers,0,GAME_OVER,91,90,2,847,OSLA,1.0,-1.0,OSLA
-483869467,Checkers,0,GAME_OVER,104,103,2,848,OSLA,1.0,-1.0,OSLA
901715111,Checkers,0,GAME_OVER,40,39,2,849,OSLA,0.0,0.0,OSLA
-51239868,Checkers,0,GAME_OVER,130,129,2,850,OSLA,0.0,0.0,OSLA
1378015265,Checkers,0,GAME_OVER,127,126,2,851,OSLA,-1.0,1.0,OSLA
-1856406014,Checkers,0,GAME_OVER,103,102,2,852,OSLA,1.0,-1.0,OSLA
18021745,Checkers,0,GAME_OVER,146,145,2,853,OSLA,0.0,0.0,OSLA
2040977534,Checkers,0,GAME_OVER,132,131,2,854,OSLA,1.0,-1.0,OSLA
-313935349,Checkers,0,GAME_OVER,97,96,2,855,OSLA,-1.0,1.0,OSLA
1790094480,Checkers,0,GAME_OVER,90,89,2,856,OSLA,1.0,-1.0,OSLA
-948587063,Checkers,0,GAME_OVER,84,83,2,857,OSLA,1.0,-1.0,OSLA
1829468184,Checkers,0,GAME_OVER,108,107,2,858,OSLA,1.0,-1.0,OSLA
649329987,Checkers,0,GAME_OVER,81,80,2,859,OSLA,1.0,-1.0,OSLA
1418166445,Checkers,0,GAME_OVER,96,95,2,860,OSLA,-1.0,1.0,OSLA
-369630303,Checkers,0,GAME_OVER,93,92,2,861,OSLA,-1.0,1.0,OSLA
405055778,Checkers,0,GAME_OVER,109,108,2,862,OSLA,-1.0,1.0,OSLA
-700142242,Checkers,0,GAME_OVER,122,121,2,863,OSLA,-1.0,1.0,OSLA
956967106,Checkers,0,GAME_OVER,115,114,2,864,OSLA,-1.0,1.0,OSLA
-1683190557,Checkers,0,GAME_OVER,113,112,2,865,OSLA,1.0,-1.0,OSLA
1788940655,Checkers,0,GAME_OVER,158,157,2,866,OSLA,-1.0,1.0,OSLA
-464528679,Checkers,0,GAME_OVER,136,135,2,867,OSLA,0.0,0.0,OSLA
-1719895544,Checkers,0,GAME_OVER,159,158,2,868,OSLA,0.0,0.0,OSLA
279631780,Checkers,0,GAME_OVER,62,61,2,869,OSLA,-1.0,1.0,OSLA
-516496193,Checkers,0,GAME_OVER,94,93,2,870,OSLA,-1.0,1.0,OSLA
1179940974,Checkers,0,GAME_OVER,96,95,2,871,OSLA,1.0,-1.0,OSLA
127706445,Checkers,0,GAME_OVER,190,189,2,872,OSLA,0.0,0.0,OSLA
2020546970,Checkers,0,GAME_OVER,166,165,2,873,OSLA,0.0,0.0,OSLA
734638367,Checkers,0,GAME_OVER,190,189,2,874,OSLA,0.0,0.0,OSLA
-689555032,Checkers,0,GAME_OVER,185,184,2,875,OSLA,0.0,0.0,OSLA
-1163791369,Checkers,0,GAME_OVER,55,54,2,876,OSLA,-1.0,1.0,OSLA
922282699,Checkers,0,GAME_OVER,172,171,2,877,OSLA,0.0,0.0,OSLA
-638186096,Checkers,0,GAME_OVER,163,162,2,878,OSLA,-1.0,1.0,OSLA
-2093070663,Checkers,0,GAME_OVER,112,111,2,879,OSLA,1.0,-1.0,OSLA
-1764110007,Checkers,0,GAME_OVER,97,96,2,880,OSLA,1.0,-1.0,OSLA
-1146409081,Checkers,0,GAME_OVER,101,100,2,881,OSLA,1.0,-1.0,OSLA
-430502169,Checkers,0,GAME_OVER,99,98,2,882,OSLA,-1.0,1.0,OSLA
2030229899,Checkers,0,GAME_OVER,108,107,2,883,OSLA,0.0,0.0,OSLA
691381220,Checkers,0,GAME_OVER,106,105,2,884,OSLA,-1.0,1.0,OSLA
198069656,Checkers,0,GAME_OVER,92,91,2,885,OSLA,-1.0,1.0,OSLA
-810309901,Checkers,0,GAME_OVER,101,100,2,886,OSLA,-1.0,1.0,OSLA
-1891428332,Checkers,0,GAME_OVER,89,88,2,887,OSLA,1.0,-1.0,OSLA
-1105314927,Checkers,0,GAME_OVER,96,95,2,888,OSLA,0.0,0.0,OSLA
-1746665289,Checkers,0,GAME_OVER,97,96,2,889,OSLA,-1.0,1.0,OSLA
830493156,Checkers,0,GAME_OVER,95,94,2,890,OSLA,-1.0,1.0,OSLA
1202044910,Checkers,0,GAME_OVER,103,102,2,891,OSLA,1.0,-1.0,OSLA
1424611133,Checkers,0,GAME_OVER,54,53,2,892,OSLA,1.0,-1.0,OSLA
-234913216,Checkers,0,GAME_OVER,90,89,2,893,OSLA,1.0,-1.0,OSLA
1292088810,Checkers,0,GAME_OVER,154,153,2,894,OSLA,0.0,0.0,OSLA
2107537190,Checkers,0,GAME_OVER,97,96,2,895,OSLA,1.0,-1.0,OSLA
2073954116,Checkers,0,GAME_OVER,89,88,2,896,OSLA,-1.0,1.0,OSLA
525072425,Checkers,0,GAME_OVER,169,168,2,897,OSLA,1.0,-1.0,OSLA
1748179228,Checkers,0,GAME_OVER,92,91,2,898,OSLA,-1.0,1.0,OSLA
1114035795,Checkers,0,GAME_OVER,100,99,2,899,OSLA,-1.0,1.0,OSLA
1500966898,Checkers,0,GAME_OVER,108,107,2,900,OSLA,0.0,0.0,OSLA
1662410544,Checkers,0,GAME_OVER,40,39,2,901,OSLA,0.0,0.0,OSLA
692441499,Checkers,0,GAME_OVER,116,115,2,902,OSLA,-1.0,1.0,OSLA
-357203990,Checkers,0,GAME_OVER,106,105,2,903,OSLA,1.0,-1.0,OSLA
1581363269,Checkers,0,GAME_OVER,124,123,2,904,OSLA,1.0,-1.0,OSLA
-716217261,Checkers,0,GAME_OVER,77,76,2,905,OSLA,1.0,-1.0,OSLA
1682772983,Checkers,0,GAME_OVER,142,141,2,906,OSLA,0.0,0.0,OSLA
-134293295,Checkers,0,GAME_OVER,80,79,2,907,OSLA,-1.0,1.0,OSLA
959443192,Checkers,0,GAME_OVER,151,150,2,908,OSLA,1.0,-1.0,OSLA
-590552699,Checkers,0,GAME_OVER,85,84,2,909,OSLA,-1.0,1.0,OSLA
219136976,Checkers,0,GAME_OVER,89,88,2,910,OSLA,1.0,-1.0,OSLA
531641905,Checkers,0,GAME_OVER,153,152,2,911,OSLA,0.0,0.0,OSLA
799465404,Checkers,0,GAME_OVER,169,168,2,912,OSLA,-1.0,1.0,OSLA
-1244008034,Checkers,0,GAME_OVER,90,89,2,913,OSLA,-1.0,1.0,OSLA
-247452992,Checkers,0,GAME_OVER,83,82,2,914,OSLA,-1.0,1.0,OSLA
680498320,Checkers,0,GAME_OVER,192,191,2,915,OSLA,0.0,0.0,OSLA
2079070920,Checkers,0,GAME_OVER,116,115,2,916,OSLA,-1.0,1.0,OSLA
-1289760878,Checkers,0,GAME_OVER,161,160,2,917,OSLA,-1.0,1.0,OSLA
1880865144,Checkers,0,GAME_OVER,68,67,2,918,OSLA,-1.0,1.0,OSLA
-428397538,Checkers,0,GAME_OVER,137,136,2,919,OSLA,-1.0,1.0,OSLA
-1732816748,Checkers,0,GAME_OVER,93,92,2,920,OSLA,1.0,-1.0,OSLA
-2132740891,Checkers,0,GAME_OVER,133,132,2,921,OSLA,0.0,0.0,OSLA
-488425688,Checkers,0,GAME_OVER,40,39,2,922,OSLA,0.0,0.0,OSLA
407205454,Checkers,0,GAME_OVER,233,232,2,923,OSLA,0.0,0.0,OSLA
-505964576,Checkers,0,GAME_OVER,98,97,2,924,OSLA,-1.0,1.0,OSLA
-1272763554,Checkers,0,GAME_OVER,208,207,2,925,OSLA,1.0,-1.0,OSLA
-946076892,Checkers,0,GAME_OVER,77,76,2,926,OSLA,-1.0,1.0,OSLA
-129009496,Checkers,0,GAME_OVER,142,141,2,927,OSLA,-1.0,1.0,OSLA
-1752710150,Checkers,0,GAME_OVER,83,82,2,928,OSLA,-1.0,1.0,OSLA
-1610840582,Checkers,0,GAME_OVER,152,151,2,929,OSLA,-1.0,1.0,OSLA
-747549500,Checkers,0,GAME_OVER,139,138,2,930,OSLA,0.0,0.0,OSLA
-1507039011,Checkers,0,GAME_OVER,99,98,2,931,OSLA,-1.0,1.0,OSLA
2046638401,Checkers,0,GAME_OVER,83,82,2,932,OSLA,1.0,-1.0,OSLA
1174566179,Checkers,0,GAME_OVER,108,107,2,933,OSLA,-1.0,1.0,OSLA
-703175285,Checkers,0,GAME_OVER,40,39,2,934,OSLA,0.0,0.0,OSLA
1049558555,Checkers,0,GAME_OVER,93,92,2,935,OSLA,-1.0,1.0,OSLA
24184292,Checkers,0,GAME_OVER,83,82,2,936,OSLA,-1.0,1.0,OSLA
723085857,Checkers,0,GAME_OVER,115,114,2,937,OSLA,0.0,0.0,OSLA
704221578,Checkers,0,GAME_OVER,96,95,2,938,OSLA,-1.0,1.0,OSLA
475136930,Checkers,0,GAME_OVER,128,127,2,939,OSLA,-1.0,1.0,OSLA
-728022289,Checkers,0,GAME_OVER,164,163,2,940,OSLA,1.0,-1.0,OSLA
-1965638191,Checkers,0,GAME_OVER,224,223,2,941,OSLA,0.0,0.0,OSLA
1344862726,Checkers,0,GAME_OVER,85,84,2,942,OSLA,-1.0,1.0,OSLA
-769458025,Checkers,0,GAME_OVER,141,140,2,943,OSLA,0.0,0.0,OSLA
-124452472,Checkers,0,GAME_OVER,207,206,2,944,OSLA,0.0,0.0,OSLA
1754123923,Checkers,0,GAME_OVER,242,241,2,945,OSLA,0.0,0.0,OSLA
817997400,Checkers,0,GAME_OVER,90,89,2,946,OSLA,-1.0,1.0,OSLA
2005862680,Checkers,0,GAME_OVER,104,103,2,947,OSLA,1.0,-1.0,OSLA
966084725,Checkers,0,GAME_OVER,45,44,2,948,OSLA,1.0,-1.0,OSLA
557615496,Checkers,0,GAME_OVER,191,190,2,949,OSLA,0.0,0.0,OSLA
1406836500,Checkers,0,GAME_OVER,82,81,2,950,OSLA,-1.0,1.0,OSLA
-1008530288,Checkers,0,GAME_OVER,129,128,2,951,OSLA,1.0,-1.0,OSLA
809625056,Checkers,0,GAME_OVER,86,85,2,952,OSLA,-1.0,1.0,OSLA
-1541745923,Checkers,0,GAME_OVER,151,150,2,953,OSLA,1.0,-1.0,OSLA
-1319329939,Checkers,0,GAME_OVER,114,113,2,954,OSLA,1.0,-1.0,OSLA
-1768802997,Checkers,0,GAME_OVER,87,86,2,955,OSLA,-1.0,1.0,OSLA
-1013638818,Checkers,0,GAME_OVER,117,116,2,956,OSLA,1.0,-1.0,OSLA
1272152609,Checkers,0,GAME_OVER,92,91,2,957,OSLA,-1.0,1.0,OSLA
-2108098344,Checkers,0,GAME_OVER,95,94,2,958,OSLA,-1.0,1.0,OSLA
1021979980,Checkers,0,GAME_OVER,102,101,2,959,OSLA,-1.0,1.0,OSLA
400906797,Checkers,0,GAME_OVER,95,94,2,960,OSLA,1.0,-1.0,OSLA
1604641790,Checkers,0,GAME_OVER,96,95,2,961,OSLA,-1.0,1.0,OSLA
-1032286994,Checkers,0,GAME_OVER,84,83,2,962,OSLA,1.0,-1.0,OSLA
1493589086,Checkers,0,GAME_OVER,102,101,2,963,OSLA,1.0,-1.0,OSLA
11320765,Checkers,0,GAME_OVER,95,94,2,964,OSLA,-1.0,1.0,OSLA
-1525548634,Checkers,0,GAME_OVER,173,172,2,965,OSLA,1.0,-1.0,OSLA
-431619690,Checkers,0,GAME_OVER,67,66,2,966,OSLA,-1.0,1.0,OSLA
1936749416,Checkers,0,GAME_OVER,137,136,2,967,OSLA,0.0,0.0,OSLA
-2004761999,Checkers,0,GAME_OVER,87,86,2,968,OSLA,-1.0,1.0,OSLA
-1347623508,Checkers,0,GAME_OVER,88,87,2,969,OSLA,1.0,-1.0,OSLA
832869218,Checkers,0,GAME_OVER,159,158,2,970,OSLA,0.0,0.0,OSLA
955111685,Checkers,0,GAME_OVER,102,101,2,971,OSLA,-1.0,1.0,OSLA
1099661990,Checkers,0,GAME_OVER,174,173,2,972,OSLA,0.0,0.0,OSLA
135675094,Checkers,0,GAME_OVER,173,172,2,973,OSLA,1.0,-1.0,OSLA
855059001,Checkers,0,GAME_OVER,71,70,2,974,OSLA,1.0,-1.0,OSLA
1172228948,Checkers,0,GAME_OVER,106,105,2,975,OSLA,-1.0,1.0,OSLA
1557631987,Checkers,0,GAME_OVER,40,39,2,976,OSLA,0.0,0.0,OSLA
215232016,Checkers,0,GAME_OVER,55,54,2,977,OSLA,1.0,-1.0,OSLA
965841975,Checkers,0,GAME_OVER,93,92,2,978,OSLA,-1.0,1.0,OSLA
1368214283,Checkers,0,GAME_OVER,84,83,2,979,OSLA,-1.0,1.0,OSLA
278402738,Checkers,0,GAME_OVER,97,96,2,980,OSLA,-1.0,1.0,OSLA
39826850,Checkers,0,GAME_OVER,71,70,2,981,OSLA,-1.0,1.0,OSLA
1397230288,Checkers,0,GAME_OVER,136,135,2,982,OSLA,0.0,0.0,OSLA
186065874,Checkers,0,GAME_OVER,86,85,2,983,OSLA,-1.0,1.0,OSLA
1890892223,Checkers,0,GAME_OVER,47,46,2,984,OSLA,-1.0,1.0,OSLA
49631141,Checkers,0,GAME_OVER,125,124,2,985,OSLA,-1.0,1.0,OSLA
59729467,Checkers,0,GAME_OVER,99,98,2,986,OSLA,1.0,-1.0,OSLA
411018702,Checkers,0,GAME_OVER,94,93,2,987,OSLA,1.0,-1.0,OSLA
1652668031,Checkers,0,GAME_OVER,40,39,2,988,OSLA,0.0,0.0,OSLA
-174465613,Checkers,0,GAME_OVER,174,173,2,989,OSLA,-1.0,1.0,OSLA
-1327324403,Checkers,0,GAME_OVER,107,106,2,990,OSLA,-1.0,1.0,OSLA
1277879419,Checkers,0,GAME_OVER,85,84,2,991,OSLA,1.0,-1.0,OSLA
-535033564,Checkers,0,GAME_OVER,36,35,2,992,OSLA,-1.0,1.0,OSLA
-308562979,Checkers,0,GAME_OVER,135,134,2,993,OSLA,0.0,0.0,OSLA
-917987805,Checkers,0,GAME_OVER,165,164,2,994,OSLA,0.0,0.0,OSLA
1187876542,Checkers,0,GAME_OVER,89,88,2,995,OSLA,-1.0,1.0,OSLA
-233150162,Checkers,0,GAME_OVER,107,106,2,996,OSLA,1.0,-1.0,OSLA
199426273,Checkers,0,GAME_OVER,118,117,2,997,OSLA,1.0,-1.0,OSLA
387918533,Checkers,0,GAME_OVER,66,65,2,998,OSLA,1.0,-1.0,OSLA
-1460030406,Checkers,0,GAME_OVER,178,177,2,999,OSLA,0.0,0.0,OSLA
53921332,Checkers,0,GAME_OVER,209,208,2,1000,OSLA,0.0,0.0,OSLA
1625556380,Checkers,0,GAME_OVER,84,83,2,1001,OSLA,-1.0,1.0,OSLA
-655329308,Checkers,0,GAME_OVER,73,72,2,1002,OSLA,-1.0,1.0,Random
-264641165,Checkers,0,GAME_OVER,84,83,2,1003,OSLA,-1.0,1.0,Random
304020803,Checkers,0,GAME_OVER,68,67,2,1004,OSLA,-1.0,1.0,Random
-810158299,Checkers,0,GAME_OVER,82,81,2,1005,OSLA,-1.0,1.0,Random
-2063716319,Checkers,0,GAME_OVER,78,77,2,1006,OSLA,-1.0,1.0,Random
-1095536654,Checkers,0,GAME_OVER,82,81,2,1007,OSLA,-1.0,1.0,Random
1149489710,Checkers,0,GAME_OVER,64,63,2,1008,OSLA,-1.0,1.0,Random
-2028663098,Checkers,0,GAME_OVER,76,75,2,1009,OSLA,-1.0,1.0,Random
-1910142585,Checkers,0,GAME_OVER,78,77,2,1010,OSLA,-1.0,1.0,Random
710411956,Checkers,0,GAME_OVER,68,67,2,1011,OSLA,-1.0,1.0,Random
-754472517,Checkers,0,GAME_OVER,83,82,2,1012,OSLA,-1.0,1.0,Random
-1864614547,Checkers,0,GAME_OVER,76,75,2,1013,OSLA,-1.0,1.0,Random
-427594544,Checkers,0,GAME_OVER,62,61,2,1014,OSLA,-1.0,1.0,Random
-1144879371,Checkers,0,GAME_OVER,75,74,2,1015,OSLA,-1.0,1.0,Random
-498414262,Checkers,0,GAME_OVER,79,78,2,1016,OSLA,-1.0,1.0,Random
1024729430,Checkers,0,GAME_OVER,78,77,2,1017,OSLA,-1.0,1.0,Random
568139855,Checkers,0,GAME_OVER,83,82,2,1018,OSLA,-1.0,1.0,Random
-430594965,Checkers,0,GAME_OVER,75,74,2,1019,OSLA,-1.0,1.0,Random
905693017,Checkers,0,GAME_OVER,77,76,2,1020,OSLA,-1.0,1.0,Random
-1533735690,Checkers,0,GAME_OVER,70,69,2,1021,OSLA,-1.0,1.0,Random
-1200364784,Checkers,0,GAME_OVER,71,70,2,1022,OSLA,-1.0,1.0,Random
-689483878,Checkers,0,GAME_OVER,75,74,2,1023,OSLA,-1.0,1.0,Random
1529965898,Checkers,0,GAME_OVER,75,74,2,1024,OSLA,-1.0,1.0,Random
-1898756236,Checkers,0,GAME_OVER,70,69,2,1025,OSLA,-1.0,1.0,Random
1674876477,Checkers,0,GAME_OVER,79,78,2,1026,OSLA,-1.0,1.0,Random
1787538790,Checkers,0,GAME_OVER,77,76,2,1027,OSLA,-1.0,1.0,Random
-1414184600,Checkers,0,GAME_OVER,71,70,2,1028,OSLA,-1.0,1.0,Random
-2142609321,Checkers,0,GAME_OVER,68,67,2,1029,OSLA,-1.0,1.0,Random
-240248637,Checkers,0,GAME_OVER,82,81,2,1030,OSLA,-1.0,1.0,Random
1029665769,Checkers,0,GAME_OVER,63,62,2,1031,OSLA,-1.0,1.0,Random
-721194709,Checkers,0,GAME_OVER,74,73,2,1032,OSLA,-1.0,1.0,Random
-1835169153,Checkers,0,GAME_OVER,70,69,2,1033,OSLA,-1.0,1.0,Random
-868271820,Checkers,0,GAME_OVER,78,77,2,1034,OSLA,-1.0,1.0,Random
1054523526,Checkers,0,GAME_OVER,83,82,2,1035,OSLA,-1.0,1.0,Random
508949435,Checkers,0,GAME_OVER,69,68,2,1036,OSLA,-1.0,1.0,Random
-563203495,Checkers,0,GAME_OVER,71,70,2,1037,OSLA,-1.0,1.0,Random
1704419822,Checkers,0,GAME_OVER,58,57,2,1038,OSLA,-1.0,1.0,Random
1613937470,Checkers,0,GAME_OVER,66,65,2,1039,OSLA,-1.0,1.0,Random
-899380046,Checkers,0,GAME_OVER,62,61,2,1040,OSLA,-1.0,1.0,Random
558449485,Checkers,0,GAME_OVER,82,81,2,1041,OSLA,-1.0,1.0,Random
-1460444291,Checkers,0,GAME_OVER,71,70,2,1042,OSLA,-1.0,1.0,Random
-2099143871,Checkers,0,GAME_OVER,69,68,2,1043,OSLA,-1.0,1.0,Random
1809561382,Checkers,0,GAME_OVER,74,73,2,1044,OSLA,-1.0,1.0,Random
-1424043909,Checkers,0,GAME_OVER,64,63,2,1045,OSLA,-1.0,1.0,Random
909246781,Checkers,0,GAME_OVER,77,76,2,1046,OSLA,-1.0,1.0,Random
1590812872,Checkers,0,GAME_OVER,83,82,2,1047,OSLA,-1.0,1.0,Random
-483869467,Checkers,0,GAME_OVER,80,79,2,1048,OSLA,-1.0,1.0,Random
901715111,Checkers,0,GAME_OVER,74,73,2,1049,OSLA,-1.0,1.0,Random
-51239868,Checkers,0,GAME_OVER,78,77,2,1050,OSLA,-1.0,1.0,Random
1378015265,Checkers,0,GAME_OVER,72,71,2,1051,OSLA,-1.0,1.0,Random
-1856406014,Checkers,0,GAME_OVER,63,62,2,1052,OSLA,-1.0,1.0,Random
18021745,Checkers,0,GAME_OVER,75,74,2,1053,OSLA,-1.0,1.0,Random
2040977534,Checkers,0,GAME_OVER,98,97,2,1054,OSLA,-1.0,1.0,Random
-313935349,Checkers,0,GAME_OVER,75,74,2,1055,OSLA,-1.0,1.0,Random
1790094480,Checkers,0,GAME_OVER,65,64,2,1056,OSLA,-1.0,1.0,Random
-948587063,Checkers,0,GAME_OVER,74,73,2,1057,OSLA,-1.0,1.0,Random
1829468184,Checkers,0,GAME_OVER,79,78,2,1058,OSLA,-1.0,1.0,Random
649329987,Checkers,0,GAME_OVER,79,78,2,1059,OSLA,-1.0,1.0,Random
1418166445,Checkers,0,GAME_OVER,87,86,2,1060,OSLA,-1.0,1.0,Random
-369630303,Checkers,0,GAME_OVER,71,70,2,1061,OSLA,-1.0,1.0,Random
405055778,Checkers,0,GAME_OVER,85,84,2,1062,OSLA,-1.0,1.0,Random
-700142242,Checkers,0,GAME_OVER,78,77,2,1063,OSLA,-1.0,1.0,Random
956967106,Checkers,0,GAME_OVER,74,73,2,1064,OSLA,-1.0,1.0,Random
-1683190557,Checkers,0,GAME_OVER,87,86,2,1065,OSLA,-1.0,1.0,Random
1788940655,Checkers,0,GAME_OVER,70,69,2,1066,OSLA,-1.0,1.0,Random
-464528679,Checkers,0,GAME_OVER,78,77,2,1067,OSLA,-1.0,1.0,Random
-1719895544,Checkers,0,GAME_OVER,77,76,2,1068,OSLA,-1.0,1.0,Random
279631780,Checkers,0,GAME_OVER,82,81,2,1069,OSLA,-1.0,1.0,Random
-516496193,Checkers,0,GAME_OVER,78,77,2,1070,OSLA,-1.0,1.0,Random
1179940974,Checkers,0,GAME_OVER,62,61,2,1071,OSLA,-1.0,1.0,Random
127706445,Checkers,0,GAME_OVER,71,70,2,1072,OSLA,-1.0,1.0,Random
2020546970,Checkers,0,GAME_OVER,80,79,2,1073,OSLA,-1.0,1.0,Random
734638367,Checkers,0,GAME_OVER,87,86,2,1074,OSLA,-1.0,1.0,Random
-689555032,Checkers,0,GAME_OVER,83,82,2,1075,OSLA,-1.0,1.0,Random
-1163791369,Checkers,0,GAME_OVER,66,65,2,1076,OSLA,-1.0,1.0,Random
922282699,Checkers,0,GAME_OVER,75,74,2,1077,OSLA,-1.0,1.0,Random
-638186096,Checkers,0,GAME_OVER,89,88,2,1078,OSLA,-1.0,1.0,Random
-2093070663,Checkers,0,GAME_OVER,66,65,2,1079,OSLA,-1.0,1.0,Random
-1764110007,Checkers,0,GAME_OVER,84,83,2,1080,OSLA,-1.0,1.0,Random
-1146409081,Checkers,0,GAME_OVER,67,66,2,1081,OSLA,-1.0,1.0,Random
-430502169,Checkers,0,GAME_OVER,77,76,2,1082,OSLA,-1.0,1.0,Random
2030229899,Checkers,0,GAME_OVER,68,67,2,1083,OSLA,-1.0,1.0,Random
691381220,Checkers,0,GAME_OVER,70,69,2,1084,OSLA,-1.0,1.0,Random
198069656,Checkers,0,GAME_OVER,80,79,2,1085,OSLA,-1.0,1.0,Random
-810309901,Checkers,0,GAME_OVER,78,77,2,1086,OSLA,-1.0,1.0,Random
-1891428332,Checkers,0,GAME_OVER,70,69,2,1087,OSLA,-1.0,1.0,Random
-1105314927,Checkers,0,GAME_OVER,65,64,2,1088,OSLA,-1.0,1.0,Random
-1746665289,Checkers,0,GAME_OVER,77,76,2,1089,OSLA,-1.0,1.0,Random
830493156,Checkers,0,GAME_OVER,80,79,2,1090,OSLA,-1.0,1.0,Random
1202044910,Checkers,0,GAME_OVER,56,55,2,1091,OSLA,-1.0,1.0,Random
1424611133,Checkers,0,GAME_OVER,88,87,2,1092,OSLA,-1.0,1.0,Random
-234913216,Checkers,0,GAME_OVER,71,70,2,1093,OSLA,-1.0,1.0,Random
1292088810,Checkers,0,GAME_OVER,84,83,2,1094,OSLA,-1.0,1.0,Random
2107537190,Checkers,0,GAME_OVER,74,73,2,1095,OSLA,-1.0,1.0,Random
2073954116,Checkers,0,GAME_OVER,89,88,2,1096,OSLA,-1.0,1.0,Random
525072425,Checkers,0,GAME_OVER,79,78,2,1097,OSLA,-1.0,1.0,Random
1748179228,Checkers,0,GAME_OVER,78,77,2,1098,OSLA,-1.0,1.0,Random
1114035795,Checkers,0,GAME_OVER,65,64,2,1099,OSLA,-1.0,1.0,Random
1500966898,Checkers,0,GAME_OVER,60,59,2,1100,OSLA,-1.0,1.0,Random
1662410544,Checkers,0,GAME_OVER,83,82,2,1101,OSLA,-1.0,1.0,Random
692441499,Checkers,0,GAME_OVER,74,73,2,1102,OSLA,-1.0,1.0,Random
-357203990,Checkers,0,GAME_OVER,76,75,2,1103,OSLA,-1.0,1.0,Random
1581363269,Checkers,0,GAME_OVER,79,78,2,1104,OSLA,-1.0,1.0,Random
-716217261,Checkers,0,GAME_OVER,71,70,2,1105,OSLA,-1.0,1.0,Random
1682772983,Checkers,0,GAME_OVER,78,77,2,1106,OSLA,-1.0,1.0,Random
-134293295,Checkers,0,GAME_OVER,83,82,2,1107,OSLA,-1.0,1.0,Random
959443192,Checkers,0,GAME_OVER,81,80,2,1108,OSLA,-1.0,1.0,Random
-590552699,Checkers,0,GAME_OVER,72,71,2,1109,OSLA,-1.0,1.0,Random
219136976,Checkers,0,GAME_OVER,78,77,2,1110,OSLA,-1.0,1.0,Random
531641905,Checkers,0,GAME_OVER,76,75,2,1111,OSLA,-1.0,1.0,Random
799465404,Checkers,0,GAME_OVER,75,74,2,1112,OSLA,-1.0,1.0,Random
-1244008034,Checkers,0,GAME_OVER,90,89,2,1113,OSLA,-1.0,1.0,Random
-247452992,Checkers,0,GAME_OVER,65,64,2,1114,OSLA,-1.0,1.0,Random
680498320,Checkers,0,GAME_OVER,77,76,2,1115,OSLA,-1.0,1.0,Random
2079070920,Checkers,0,GAME_OVER,71,70,2,1116,OSLA,-1.0,1.0,Random
-1289760878,Checkers,0,GAME_OVER,77,76,2,1117,OSLA,-1.0,1.0,Random
1880865144,Checkers,0,GAME_OVER,64,63,2,1118,OSLA,-1.0,1.0,Random
-428397538,Checkers,0,GAME_OVER,90,89,2,1119,OSLA,-1.0,1.0,Random
-1732816748,Checkers,0,GAME_OVER,76,75,2,1120,OSLA,-1.0,1.0,Random
-2132740891,Checkers,0,GAME_OVER,85,84,2,1121,OSLA,-1.0,1.0,Random
-488425688,Checkers,0,GAME_OVER,73,72,2,1122,OSLA,-1.0,1.0,Random
407205454,Checkers,0,GAME_OVER,70,69,2,1123,OSLA,-1.0,1.0,Random
-505964576,Checkers,0,GAME_OVER,69,68,2,1124,OSLA,-1.0,1.0,Random
-1272763554,Checkers,0,GAME_OVER,70,69,2,1125,OSLA,-1.0,1.0,Random
-946076892,Checkers,0,GAME_OVER,72,71,2,1126,OSLA,-1.0,1.0,Random
-129009496,Checkers,0,GAME_OVER,73,72,2,1127,OSLA,-1.0,1.0,Random
-1752710150,Checkers,0,GAME_OVER,68,67,2,1128,OSLA,-1.0,1.0,Random
-1610840582,Checkers,0,GAME_OVER,90,89,2,1129,OSLA,-1.0,1.0,Random
-747549500,Checkers,0,GAME_OVER,79,78,2,1130,OSLA,-1.0,1.0,Random
-1507039011,Checkers,0,GAME_OVER,77,76,2,1131,OSLA,-1.0,1.0,Random
2046638401,Checkers,0,GAME_OVER,68,67,2,1132,OSLA,-1.0,1.0,Random
1174566179,Checkers,0,GAME_OVER,72,71,2,1133,OSLA,-1.0,1.0,Random
-703175285,Checkers,0,GAME_OVER,77,76,2,1134,OSLA,-1.0,1.0,Random
1049558555,Checkers,0,GAME_OVER,84,83,2,1135,OSLA,-1.0,1.0,Random
24184292,Checkers,0,GAME_OVER,74,73,2,1136,OSLA,-1.0,1.0,Random
723085857,Checkers,0,GAME_OVER,77,76,2,1137,OSLA,-1.0,1.0,Random
704221578,Checkers,0,GAME_OVER,67,66,2,1138,OSLA,-1.0,1.0,Random
475136930,Checkers,0,GAME_OVER,80,79,2,1139,OSLA,-1.0,1.0,Random
-728022289,Checkers,0,GAME_OVER,60,59,2,1140,OSLA,-1.0,1.0,Random
-1965638191,Checkers,0,GAME_OVER,68,67,2,1141,OSLA,-1.0,1.0,Random
1344862726,Checkers,0,GAME_OVER,101,100,2,1142,OSLA,-1.0,1.0,Random
-769458025,Checkers,0,GAME_OVER,72,71,2,1143,OSLA,-1.0,1.0,Random
-124452472,Checkers,0,GAME_OVER,63,62,2,1144,OSLA,-1.0,1.0,Random
1754123923,Checkers,0,GAME_OVER,69,68,2,1145,OSLA,-1.0,1.0,Random
817997400,Checkers,0,GAME_OVER,79,78,2,1146,OSLA,-1.0,1.0,Random
2005862680,Checkers,0,GAME_OVER,98,97,2,1147,OSLA,-1.0,1.0,Random
966084725,Checkers,0,GAME_OVER,67,66,2,1148,OSLA,-1.0,1.0,Random
557615496,Checkers,0,GAME_OVER,73,72,2,1149,OSLA,-1.0,1.0,Random
1406836500,Checkers,0,GAME_OVER,77,76,2,1150,OSLA,-1.0,1.0,Random
-1008530288,Checkers,0,GAME_OVER,67,66,2,1151,OSLA,-1.0,1.0,Random
809625056,Checkers,0,GAME_OVER,70,69,2,1152,OSLA,-1.0,1.0,Random
-1541745923,Checkers,0,GAME_OVER,83,82,2,1153,OSLA,-1.0,1.0,Random
-1319329939,Checkers,0,GAME_OVER,78,77,2,1154,OSLA,-1.0,1.0,Random
-1768802997,Checkers,0,GAME_OVER,75,74,2,1155,OSLA,-1.0,1.0,Random
-1013638818,Checkers,0,GAME_OVER,82,81,2,1156,OSLA,-1.0,1.0,Random
1272152609,Checkers,0,GAME_OVER,81,80,2,1157,OSLA,-1.0,1.0,Random
-2108098344,Checkers,0,GAME_OVER,71,70,2,1158,OSLA,-1.0,1.0,Random
1021979980,Checkers,0,GAME_OVER,63,62,2,1159,OSLA,-1.0,1.0,Random
400906797,Checkers,0,GAME_OVER,69,68,2,1160,OSLA,-1.0,1.0,Random
1604641790,Checkers,0,GAME_OVER,65,64,2,1161,OSLA,-1.0,1.0,Random
-1032286994,Checkers,0,GAME_OVER,63,62,2,1162,OSLA,-1.0,1.0,Random
1493589086,Checkers,0,GAME_OVER,83,82,2,1163,OSLA,-1.0,1.0,Random
11320765,Checkers,0,GAME_OVER,78,77,2,1164,OSLA,-1.0,1.0,Random
-1525548634,Checkers,0,GAME_OVER,76,75,2,1165,OSLA,-1.0,1.0,Random
-431619690,Checkers,0,GAME_OVER,63,62,2,1166,OSLA,-1.0,1.0,Random
1936749416,Checkers,0,GAME_OVER,62,61,2,1167,OSLA,-1.0,1.0,Random
-2004761999,Checkers,0,GAME_OVER,79,78,2,1168,OSLA,-1.0,1.0,Random
-1347623508,Checkers,0,GAME_OVER,74,73,2,1169,OSLA,-1.0,1.0,Random
832869218,Checkers,0,GAME_OVER,92,91,2,1170,OSLA,-1.0,1.0,Random
955111685,Checkers,0,GAME_OVER,72,71,2,1171,OSLA,-1.0,1.0,Random
1099661990,Checkers,0,GAME_OVER,87,86,2,1172,OSLA,-1.0,1.0,Random
135675094,Checkers,0,GAME_OVER,71,70,2,1173,OSLA,-1.0,1.0,Random
855059001,Checkers,0,GAME_OVER,78,77,2,1174,OSLA,-1.0,1.0,Random
1172228948,Checkers,0,GAME_OVER,75,74,2,1175,OSLA,-1.0,1.0,Random
1557631987,Checkers,0,GAME_OVER,81,80,2,1176,OSLA,-1.0,1.0,Random
215232016,Checkers,0,GAME_OVER,68,67,2,1177,OSLA,-1.0,1.0,Random
965841975,Checkers,0,GAME_OVER,77,76,2,1178,OSLA,-1.0,1.0,Random
1368214283,Checkers,0,GAME_OVER,75,74,2,1179,OSLA,-1.0,1.0,Random
278402738,Checkers,0,GAME_OVER,68,67,2,1180,OSLA,-1.0,1.0,Random
39826850,Checkers,0,GAME_OVER,72,71,2,1181,OSLA,-1.0,1.0,Random
1397230288,Checkers,0,GAME_OVER,76,75,2,1182,OSLA,-1.0,1.0,Random
186065874,Checkers,0,GAME_OVER,59,58,2,1183,OSLA,-1.0,1.0,Random
1890892223,Checkers,0,GAME_OVER,83,82,2,1184,OSLA,-1.0,1.0,Random
49631141,Checkers,0,GAME_OVER,89,88,2,1185,OSLA,-1.0,1.0,Random
59729467,Checkers,0,GAME_OVER,70,69,2,1186,OSLA,-1.0,1.0,Random
411018702,Checkers,0,GAME_OVER,76,75,2,1187,OSLA,-1.0,1.0,Random
1652668031,Checkers,0,GAME_OVER,73,72,2,1188,OSLA,-1.0,1.0,Random
-174465613,Checkers,0,GAME_OVER,79,78,2,1189,OSLA,-1.0,1.0,Random
-1327324403,Checkers,0,GAME_OVER,71,70,2,1190,OSLA,-1.0,1.0,Random
1277879419,Checkers,0,GAME_OVER,84,83,2,1191,OSLA,-1.0,1.0,Random
-535033564,Checkers,0,GAME_OVER,72,71,2,1192,OSLA,-1.0,1.0,Random
-308562979,Checkers,0,GAME_OVER,70,69,2,1193,OSLA,-1.0,1.0,Random
-917987805,Checkers,0,GAME_OVER,73,72,2,1194,OSLA,-1.0,1.0,Random
1187876542,Checkers,0,GAME_OVER,70,69,2,1195,OSLA,-1.0,1.0,Random
-233150162,Checkers,0,GAME_OVER,72,71,2,1196,OSLA,-1.0,1.0,Random
199426273,Checkers,0,GAME_OVER,77,76,2,1197,OSLA,-1.0,1.0,Random
387918533,Checkers,0,GAME_OVER,87,86,2,1198,OSLA,-1.0,1.0,Random
-1460030406,Checkers,0,GAME_OVER,76,75,2,1199,OSLA,-1.0,1.0,Random
53921332,Checkers,0,GAME_OVER,72,71,2,1200,OSLA,-1.0,1.0,Random
1625556380,Checkers,0,GAME_OVER,70,69,2,1201,OSLA,-1.0,1.0,Random
-655329308,Checkers,0,GAME_OVER,92,91,2,1202,Random,1.0,-1.0,MCTS_v0
-264641165,Checkers,0,GAME_OVER,86,85,2,1203,Random,1.0,-1.0,MCTS_v0
304020803,Checkers,0,GAME_OVER,92,91,2,1204,Random,1.0,-1.0,MCTS_v0
-810158299,Checkers,0,GAME_OVER,106,105,2,1205,Random,1.0,-1.0,MCTS_v0
-2063716319,Checkers,0,GAME_OVER,78,77,2,1206,Random,1.0,-1.0,MCTS_v0
-1095536654,Checkers,0,GAME_OVER,97,96,2,1207,Random,1.0,-1.0,MCTS_v0
1149489710,Checkers,0,GAME_OVER,87,86,2,1208,Random,1.0,-1.0,MCTS_v0
-2028663098,Checkers,0,GAME_OVER,88,87,2,1209,Random,1.0,-1.0,MCTS_v0
-1910142585,Checkers,0,GAME_OVER,95,94,2,1210,Random,1.0,-1.0,MCTS_v0
710411956,Checkers,0,GAME_OVER,75,74,2,1211,Random,1.0,-1.0,MCTS_v0
-754472517,Checkers,0,GAME_OVER,72,71,2,1212,Random,1.0,-1.0,MCTS_v0
-1864614547,Checkers,0,GAME_OVER,86,85,2,1213,Random,1.0,-1.0,MCTS_v0
-427594544,Checkers,0,GAME_OVER,98,97,2,1214,Random,1.0,-1.0,MCTS_v0
-1144879371,Checkers,0,GAME_OVER,99,98,2,1215,Random,1.0,-1.0,MCTS_v0
-498414262,Checkers,0,GAME_OVER,89,88,2,1216,Random,1.0,-1.0,MCTS_v0
1024729430,Checkers,0,GAME_OVER,91,90,2,1217,Random,1.0,-1.0,MCTS_v0
568139855,Checkers,0,GAME_OVER,89,88,2,1218,Random,1.0,-1.0,MCTS_v0
-430594965,Checkers,0,GAME_OVER,89,88,2,1219,Random,1.0,-1.0,MCTS_v0
905693017,Checkers,0,GAME_OVER,94,93,2,1220,Random,1.0,-1.0,MCTS_v0
-1533735690,Checkers,0,GAME_OVER,100,99,2,1221,Random,1.0,-1.0,MCTS_v0
-1200364784,Checkers,0,GAME_OVER,72,71,2,1222,Random,1.0,-1.0,MCTS_v0
-689483878,Checkers,0,GAME_OVER,95,94,2,1223,Random,1.0,-1.0,MCTS_v0
1529965898,Checkers,0,GAME_OVER,91,90,2,1224,Random,1.0,-1.0,MCTS_v0
-1898756236,Checkers,0,GAME_OVER,88,87,2,1225,Random,1.0,-1.0,MCTS_v0
1674876477,Checkers,0,GAME_OVER,103,102,2,1226,Random,1.0,-1.0,MCTS_v0
1787538790,Checkers,0,GAME_OVER,65,64,2,1227,Random,1.0,-1.0,MCTS_v0
-1414184600,Checkers,0,GAME_OVER,96,95,2,1228,Random,1.0,-1.0,MCTS_v0
-2142609321,Checkers,0,GAME_OVER,77,76,2,1229,Random,1.0,-1.0,MCTS_v0
-240248637,Checkers,0,GAME_OVER,76,75,2,1230,Random,1.0,-1.0,MCTS_v0
1029665769,Checkers,0,GAME_OVER,75,74,2,1231,Random,1.0,-1.0,MCTS_v0
-721194709,Checkers,0,GAME_OVER,82,81,2,1232,Random,1.0,-1.0,MCTS_v0
-1835169153,Checkers,0,GAME_OVER,89,88,2,1233,Random,1.0,-1.0,MCTS_v0
-868271820,Checkers,0,GAME_OVER,70,69,2,1234,Random,1.0,-1.0,MCTS_v0
1054523526,Checkers,0,GAME_OVER,95,94,2,1235,Random,1.0,-1.0,MCTS_v0
508949435,Checkers,0,GAME_OVER,83,82,2,1236,Random,1.0,-1.0,MCTS_v0
-563203495,Checkers,0,GAME_OVER,91,90,2,1237,Random,1.0,-1.0,MCTS_v0
1704419822,Checkers,0,GAME_OVER,80,79,2,1238,Random,1.0,-1.0,MCTS_v0
1613937470,Checkers,0,GAME_OVER,83,82,2,1239,Random,1.0,-1.0,MCTS_v0
-899380046,Checkers,0,GAME_OVER,85,84,2,1240,Random,1.0,-1.0,MCTS_v0
558449485,Checkers,0,GAME_OVER,87,86,2,1241,Random,1.0,-1.0,MCTS_v0
-1460444291,Checkers,0,GAME_OVER,84,83,2,1242,Random,1.0,-1.0,MCTS_v0
-2099143871,Checkers,0,GAME_OVER,70,69,2,1243,Random,1.0,-1.0,MCTS_v0
1809561382,Checkers,0,GAME_OVER,81,80,2,1244,Random,1.0,-1.0,MCTS_v0
-1424043909,Checkers,0,GAME_OVER,76,75,2,1245,Random,1.0,-1.0,MCTS_v0
909246781,Checkers,0,GAME_OVER,80,79,2,1246,Random,1.0,-1.0,MCTS_v0
1590812872,Checkers,0,GAME_OVER,82,81,2,1247,Random,1.0,-1.0,MCTS_v0
-483869467,Checkers,0,GAME_OVER,85,84,2,1248,Random,1.0,-1.0,MCTS_v0
901715111,Checkers,0,GAME_OVER,81,80,2,1249,Random,1.0,-1.0,MCTS_v0
-51239868,Checkers,0,GAME_OVER,77,76,2,1250,Random,1.0,-1.0,MCTS_v0
1378015265,Checkers,0,GAME_OVER,90,89,2,1251,Random,1.0,-1.0,MCTS_v0
-1856406014,Checkers,0,GAME_OVER,71,70,2,1252,Random,1.0,-1.0,MCTS_v0
18021745,Checkers,0,GAME_OVER,80,79,2,1253,Random,1.0,-1.0,MCTS_v0
2040977534,Checkers,0,GAME_OVER,78,77,2,1254,Random,1.0,-1.0,MCTS_v0
-313935349,Checkers,0,GAME_OVER,68,67,2,1255,Random,1.0,-1.0,MCTS_v0
1790094480,Checkers,0,GAME_OVER,91,90,2,1256,Random,1.0,-1.0,MCTS_v0
-948587063,Checkers,0,GAME_OVER,86,85,2,1257,Random,1.0,-1.0,MCTS_v0
1829468184,Checkers,0,GAME_OVER,93,92,2,1258,Random,1.0,-1.0,MCTS_v0
649329987,Checkers,0,GAME_OVER,90,89,2,1259,Random,1.0,-1.0,MCTS_v0
1418166445,Checkers,0,GAME_OVER,81,80,2,1260,Random,1.0,-1.0,MCTS_v0
-369630303,Checkers,0,GAME_OVER,87,86,2,1261,Random,1.0,-1.0,MCTS_v0
405055778,Checkers,0,GAME_OVER,78,77,2,1262,Random,1.0,-1.0,MCTS_v0
-700142242,Checkers,0,GAME_OVER,86,85,2,1263,Random,1.0,-1.0,MCTS_v0
956967106,Checkers,0,GAME_OVER,81,80,2,1264,Random,1.0,-1.0,MCTS_v0
-1683190557,Checkers,0,GAME_OVER,99,98,2,1265,Random,1.0,-1.0,MCTS_v0
1788940655,Checkers,0,GAME_OVER,79,78,2,1266,Random,1.0,-1.0,MCTS_v0
-464528679,Checkers,0,GAME_OVER,92,91,2,1267,Random,1.0,-1.0,MCTS_v0
-1719895544,Checkers,0,GAME_OVER,81,80,2,1268,Random,1.0,-1.0,MCTS_v0
279631780,Checkers,0,GAME_OVER,76,75,2,1269,Random,1.0,-1.0,MCTS_v0
-516496193,Checkers,0,GAME_OVER,79,78,2,1270,Random,1.0,-1.0,MCTS_v0
1179940974,Checkers,0,GAME_OVER,81,80,2,1271,Random,1.0,-1.0,MCTS_v0
127706445,Checkers,0,GAME_OVER,86,85,2,1272,Random,1.0,-1.0,MCTS_v0
2020546970,Checkers,0,GAME_OVER,85,84,2,1273,Random,1.0,-1.0,MCTS_v0
734638367,Checkers,0,GAME_OVER,89,88,2,1274,Random,1.0,-1.0,MCTS_v0
-689555032,Checkers,0,GAME_OVER,93,92,2,1275,Random,1.0,-1.0,MCTS_v0
-1163791369,Checkers,0,GAME_OVER,80,79,2,1276,Random,1.0,-1.0,MCTS_v0
922282699,Checkers,0,GAME_OVER,73,72,2,1277,Random,1.0,-1.0,MCTS_v0
-638186096,Checkers,0,GAME_OVER,101,100,2,1278,Random,1.0,-1.0,MCTS_v0
-2093070663,Checkers,0,GAME_OVER,85,84,2,1279,Random,1.0,-1.0,MCTS_v0
-1764110007,Checkers,0,GAME_OVER,91,90,2,1280,Random,1.0,-1.0,MCTS_v0
-1146409081,Checkers,0,GAME_OVER,105,104,2,1281,Random,1.0,-1.0,MCTS_v0
-430502169,Checkers,0,GAME_OVER,70,69,2,1282,Random,1.0,-1.0,MCTS_v0
2030229899,Checkers,0,GAME_OVER,92,91,2,1283,Random,1.0,-1.0,MCTS_v0
691381220,Checkers,0,GAME_OVER,72,71,2,1284,Random,1.0,-1.0,MCTS_v0
198069656,Checkers,0,GAME_OVER,78,77,2,1285,Random,1.0,-1.0,MCTS_v0
-810309901,Checkers,0,GAME_OVER,75,74,2,1286,Random,1.0,-1.0,MCTS_v0
-1891428332,Checkers,0,GAME_OVER,78,77,2,1287,Random,1.0,-1.0,MCTS_v0
-1105314927,Checkers,0,GAME_OVER,88,87,2,1288,Random,1.0,-1.0,MCTS_v0
-1746665289,Checkers,0,GAME_OVER,69,68,2,1289,Random,1.0,-1.0,MCTS_v0
830493156,Checkers,0,GAME_OVER,89,88,2,1290,Random,1.0,-1.0,MCTS_v0
1202044910,Checkers,0,GAME_OVER,89,88,2,1291,Random,1.0,-1.0,MCTS_v0
1424611133,Checkers,0,GAME_OVER,67,66,2,1292,Random,1.0,-1.0,MCTS_v0
-234913216,Checkers,0,GAME_OVER,92,91,2,1293,Random,1.0,-1.0,MCTS_v0
1292088810,Checkers,0,GAME_OVER,92,91,2,1294,Random,1.0,-1.0,MCTS_v0
2107537190,Checkers,0,GAME_OVER,85,84,2,1295,Random,1.0,-1.0,MCTS_v0
2073954116,Checkers,0,GAME_OVER,139,138,2,1296,Random,1.0,-1.0,MCTS_v0
525072425,Checkers,0,GAME_OVER,72,71,2,1297,Random,1.0,-1.0,MCTS_v0
1748179228,Checkers,0,GAME_OVER,99,98,2,1298,Random,1.0,-1.0,MCTS_v0
1114035795,Checkers,0,GAME_OVER,84,83,2,1299,Random,1.0,-1.0,MCTS_v0
1500966898,Checkers,0,GAME_OVER,93,92,2,1300,Random,1.0,-1.0,MCTS_v0
1662410544,Checkers,0,GAME_OVER,82,81,2,1301,Random,1.0,-1.0,MCTS_v0
692441499,Checkers,0,GAME_OVER,78,77,2,1302,Random,1.0,-1.0,MCTS_v0
-357203990,Checkers,0,GAME_OVER,85,84,2,1303,Random,1.0,-1.0,MCTS_v0
1581363269,Checkers,0,GAME_OVER,104,103,2,1304,Random,1.0,-1.0,MCTS_v0
-716217261,Checkers,0,GAME_OVER,89,88,2,1305,Random,1.0,-1.0,MCTS_v0
1682772983,Checkers,0,GAME_OVER,84,83,2,1306,Random,1.0,-1.0,MCTS_v0
-134293295,Checkers,0,GAME_OVER,90,89,2,1307,Random,1.0,-1.0,MCTS_v0
959443192,Checkers,0,GAME_OVER,88,87,2,1308,Random,1.0,-1.0,MCTS_v0
-590552699,Checkers,0,GAME_OVER,101,100,2,1309,Random,1.0,-1.0,MCTS_v0
219136976,Checkers,0,GAME_OVER,89,88,2,1310,Random,1.0,-1.0,MCTS_v0
531641905,Checkers,0,GAME_OVER,79,78,2,1311,Random,1.0,-1.0,MCTS_v0
799465404,Checkers,0,GAME_OVER,91,90,2,1312,Random,1.0,-1.0,MCTS_v0
-1244008034,Checkers,0,GAME_OVER,81,80,2,1313,Random,1.0,-1.0,MCTS_v0
-247452992,Checkers,0,GAME_OVER,100,99,2,1314,Random,1.0,-1.0,MCTS_v0
680498320,Checkers,0,GAME_OVER,90,89,2,1315,Random,1.0,-1.0,MCTS_v0
2079070920,Checkers,0,GAME_OVER,84,83,2,1316,Random,1.0,-1.0,MCTS_v0
-1289760878,Checkers,0,GAME_OVER,72,71,2,1317,Random,1.0,-1.0,MCTS_v0
1880865144,Checkers,0,GAME_OVER,76,75,2,1318,Random,1.0,-1.0,MCTS_v0
-428397538,Checkers,0,GAME_OVER,74,73,2,1319,Random,1.0,-1.0,MCTS_v0
-1732816748,Checkers,0,GAME_OVER,89,88,2,1320,Random,1.0,-1.0,MCTS_v0
-2132740891,Checkers,0,GAME_OVER,78,77,2,1321,Random,1.0,-1.0,MCTS_v0
-488425688,Checkers,0,GAME_OVER,83,82,2,1322,Random,1.0,-1.0,MCTS_v0
407205454,Checkers,0,GAME_OVER,88,87,2,1323,Random,1.0,-1.0,MCTS_v0
-505964576,Checkers,0,GAME_OVER,88,87,2,1324,Random,1.0,-1.0,MCTS_v0
-1272763554,Checkers,0,GAME_OVER,73,72,2,1325,Random,1.0,-1.0,MCTS_v0
-946076892,Checkers,0,GAME_OVER,87,86,2,1326,Random,1.0,-1.0,MCTS_v0
-129009496,Checkers,0,GAME_OVER,87,86,2,1327,Random,1.0,-1.0,MCTS_v0
-1752710150,Checkers,0,GAME_OVER,89,88,2,1328,Random,1.0,-1.0,MCTS_v0
-1610840582,Checkers,0,GAME_OVER,89,88,2,1329,Random,1.0,-1.0,MCTS_v0
-747549500,Checkers,0,GAME_OVER,84,83,2,1330,Random,1.0,-1.0,MCTS_v0
-1507039011,Checkers,0,GAME_OVER,88,87,2,1331,Random,1.0,-1.0,MCTS_v0
2046638401,Checkers,0,GAME_OVER,84,83,2,1332,Random,1.0,-1.0,MCTS_v0
1174566179,Checkers,0,GAME_OVER,86,85,2,1333,Random,1.0,-1.0,MCTS_v0
-703175285,Checkers,0,GAME_OVER,64,63,2,1334,Random,1.0,-1.0,MCTS_v0
1049558555,Checkers,0,GAME_OVER,90,89,2,1335,Random,1.0,-1.0,MCTS_v0
24184292,Checkers,0,GAME_OVER,63,62,2,1336,Random,1.0,-1.0,MCTS_v0
723085857,Checkers,0,GAME_OVER,95,94,2,1337,Random,1.0,-1.0,MCTS_v0
704221578,Checkers,0,GAME_OVER,94,93,2,1338,Random,1.0,-1.0,MCTS_v0
475136930,Checkers,0,GAME_OVER,66,65,2,1339,Random,1.0,-1.0,MCTS_v0
-728022289,Checkers,0,GAME_OVER,95,94,2,1340,Random,1.0,-1.0,MCTS_v0
-1965638191,Checkers,0,GAME_OVER,85,84,2,1341,Random,1.0,-1.0,MCTS_v0
1344862726,Checkers,0,GAME_OVER,70,69,2,1342,Random,1.0,-1.0,MCTS_v0
-769458025,Checkers,0,GAME_OVER,82,81,2,1343,Random,1.0,-1.0,MCTS_v0
-124452472,Checkers,0,GAME_OVER,94,93,2,1344,Random,1.0,-1.0,MCTS_v0
1754123923,Checkers,0,GAME_OVER,85,84,2,1345,Random,1.0,-1.0,MCTS_v0
817997400,Checkers,0,GAME_OVER,92,91,2,1346,Random,1.0,-1.0,MCTS_v0
2005862680,Checkers,0,GAME_OVER,103,102,2,1347,Random,1.0,-1.0,MCTS_v0
966084725,Checkers,0,GAME_OVER,78,77,2,1348,Random,1.0,-1.0,MCTS_v0
557615496,Checkers,0,GAME_OVER,80,79,2,1349,Random,1.0,-1.0,MCTS_v0
1406836500,Checkers,0,GAME_OVER,86,85,2,1350,Random,1.0,-1.0,MCTS_v0
-1008530288,Checkers,0,GAME_OVER,59,58,2,1351,Random,1.0,-1.0,MCTS_v0
809625056,Checkers,0,GAME_OVER,77,76,2,1352,Random,1.0,-1.0,MCTS_v0
-1541745923,Checkers,0,GAME_OVER,82,81,2,1353,Random,1.0,-1.0,MCTS_v0
-1319329939,Checkers,0,GAME_OVER,99,98,2,1354,Random,1.0,-1.0,MCTS_v0
-1768802997,Checkers,0,GAME_OVER,110,109,2,1355,Random,1.0,-1.0,MCTS_v0
-1013638818,Checkers,0,GAME_OVER,75,74,2,1356,Random,1.0,-1.0,MCTS_v0
1272152609,Checkers,0,GAME_OVER,90,89,2,1357,Random,1.0,-1.0,MCTS_v0
-2108098344,Checkers,0,GAME_OVER,83,82,2,1358,Random,1.0,-1.0,MCTS_v0
1021979980,Checkers,0,GAME_OVER,80,79,2,1359,Random,1.0,-1.0,MCTS_v0
400906797,Checkers,0,GAME_OVER,89,88,2,1360,Random,1.0,-1.0,MCTS_v0
1604641790,Checkers,0,GAME_OVER,77,76,2,1361,Random,1.0,-1.0,MCTS_v0
-1032286994,Checkers,0,GAME_OVER,86,85,2,1362,Random,1.0,-1.0,MCTS_v0
1493589086,Checkers,0,GAME_OVER,85,84,2,1363,Random,1.0,-1.0,MCTS_v0
11320765,Checkers,0,GAME_OVER,78,77,2,1364,Random,1.0,-1.0,MCTS_v0
-1525548634,Checkers,0,GAME_OVER,88,87,2,1365,Random,1.0,-1.0,MCTS_v0
-431619690,Checkers,0,GAME_OVER,77,76,2,1366,Random,1.0,-1.0,MCTS_v0
1936749416,Checkers,0,GAME_OVER,96,95,2,1367,Random,1.0,-1.0,MCTS_v0
-2004761999,Checkers,0,GAME_OVER,91,90,2,1368,Random,1.0,-1.0,MCTS_v0
-1347623508,Checkers,0,GAME_OVER,87,86,2,1369,Random,1.0,-1.0,MCTS_v0
832869218,Checkers,0,GAME_OVER,72,71,2,1370,Random,1.0,-1.0,MCTS_v0
955111685,Checkers,0,GAME_OVER,85,84,2,1371,Random,1.0,-1.0,MCTS_v0
1099661990,Checkers,0,GAME_OVER,90,89,2,1372,Random,1.0,-1.0,MCTS_v0
135675094,Checkers,0,GAME_OVER,91,90,2,1373,Random,1.0,-1.0,MCTS_v0
855059001,Checkers,0,GAME_OVER,97,96,2,1374,Random,1.0,-1.0,MCTS_v0
1172228948,Checkers,0,GAME_OVER,85,84,2,1375,Random,1.0,-1.0,MCTS_v0
1557631987,Checkers,0,GAME_OVER,102,101,2,1376,Random,1.0,-1.0,MCTS_v0
215232016,Checkers,0,GAME_OVER,101,100,2,1377,Random,1.0,-1.0,MCTS_v0
965841975,Checkers,0,GAME_OVER,83,82,2,1378,Random,1.0,-1.0,MCTS_v0
1368214283,Checkers,0,GAME_OVER,82,81,2,1379,Random,1.0,-1.0,MCTS_v0
278402738,Checkers,0,GAME_OVER,92,91,2,1380,Random,1.0,-1.0,MCTS_v0
39826850,Checkers,0,GAME_OVER,87,86,2,1381,Random,1.0,-1.0,MCTS_v0
1397230288,Checkers,0,GAME_OVER,88,87,2,1382,Random,1.0,-1.0,MCTS_v0
186065874,Checkers,0,GAME_OVER,93,92,2,1383,Random,1.0,-1.0,MCTS_v0
1890892223,Checkers,0,GAME_OVER,103,102,2,1384,Random,1.0,-1.0,MCTS_v0
49631141,Checkers,0,GAME_OVER,83,82,2,1385,Random,1.0,-1.0,MCTS_v0
59729467,Checkers,0,GAME_OVER,87,86,2,1386,Random,1.0,-1.0,MCTS_v0
411018702,Checkers,0,GAME_OVER,78,77,2,1387,Random,1.0,-1.0,MCTS_v0
1652668031,Checkers,0,GAME_OVER,85,84,2,1388,Random,1.0,-1.0,MCTS_v0
-174465613,Checkers,0,GAME_OVER,87,86,2,1389,Random,1.0,-1.0,MCTS_v0
-1327324403,Checkers,0,GAME_OVER,82,81,2,1390,Random,1.0,-1.0,MCTS_v0
1277879419,Checkers,0,GAME_OVER,84,83,2,1391,Random,1.0,-1.0,MCTS_v0
-535033564,Checkers,0,GAME_OVER,79,78,2,1392,Random,1.0,-1.0,MCTS_v0
-308562979,Checkers,0,GAME_OVER,93,92,2,1393,Random,1.0,-1.0,MCTS_v0
-917987805,Checkers,0,GAME_OVER,76,75,2,1394,Random,1.0,-1.0,MCTS_v0
1187876542,Checkers,0,GAME_OVER,92,91,2,1395,Random,1.0,-1.0,MCTS_v0
-233150162,Checkers,0,GAME_OVER,94,93,2,1396,Random,1.0,-1.0,MCTS_v0
199426273,Checkers,0,GAME_OVER,103,102,2,1397,Random,1.0,-1.0,MCTS_v0
387918533,Checkers,0,GAME_OVER,69,68,2,1398,Random,1.0,-1.0,MCTS_v0
-1460030406,Checkers,0,GAME_OVER,96,95,2,1399,Random,1.0,-1.0,MCTS_v0
53921332,Checkers,0,GAME_OVER,90,89,2,1400,Random,1.0,-1.0,MCTS_v0
1625556380,Checkers,0,GAME_OVER,72,71,2,1401,Random,1.0,-1.0,MCTS_v0
-655329308,Checkers,0,GAME_OVER,83,82,2,1402,Random,1.0,-1.0,OSLA
-264641165,Checkers,0,GAME_OVER,63,62,2,1403,Random,1.0,-1.0,OSLA
304020803,Checkers,0,GAME_OVER,82,81,2,1404,Random,1.0,-1.0,OSLA
-810158299,Checkers,0,GAME_OVER,72,71,2,1405,Random,1.0,-1.0,OSLA
-2063716319,Checkers,0,GAME_OVER,60,59,2,1406,Random,1.0,-1.0,OSLA
-1095536654,Checkers,0,GAME_OVER,68,67,2,1407,Random,1.0,-1.0,OSLA
1149489710,Checkers,0,GAME_OVER,82,81,2,1408,Random,1.0,-1.0,OSLA
-2028663098,Checkers,0,GAME_OVER,91,90,2,1409,Random,1.0,-1.0,OSLA
-1910142585,Checkers,0,GAME_OVER,69,68,2,1410,Random,1.0,-1.0,OSLA
710411956,Checkers,0,GAME_OVER,85,84,2,1411,Random,1.0,-1.0,OSLA
-754472517,Checkers,0,GAME_OVER,60,59,2,1412,Random,1.0,-1.0,OSLA
-1864614547,Checkers,0,GAME_OVER,83,82,2,1413,Random,1.0,-1.0,OSLA
-427594544,Checkers,0,GAME_OVER,78,77,2,1414,Random,1.0,-1.0,OSLA
-1144879371,Checkers,0,GAME_OVER,76,75,2,1415,Random,1.0,-1.0,OSLA
-498414262,Checkers,0,GAME_OVER,74,73,2,1416,Random,1.0,-1.0,OSLA
1024729430,Checkers,0,GAME_OVER,88,87,2,1417,Random,1.0,-1.0,OSLA
568139855,Checkers,0,GAME_OVER,70,69,2,1418,Random,1.0,-1.0,OSLA
-430594965,Checkers,0,GAME_OVER,66,65,2,1419,Random,1.0,-1.0,OSLA
905693017,Checkers,0,GAME_OVER,92,91,2,1420,Random,1.0,-1.0,OSLA
-1533735690,Checkers,0,GAME_OVER,74,73,2,1421,Random,1.0,-1.0,OSLA
-1200364784,Checkers,0,GAME_OVER,72,71,2,1422,Random,1.0,-1.0,OSLA
-689483878,Checkers,0,GAME_OVER,72,71,2,1423,Random,1.0,-1.0,OSLA
1529965898,Checkers,0,GAME_OVER,70,69,2,1424,Random,1.0,-1.0,OSLA
-1898756236,Checkers,0,GAME_OVER,79,78,2,1425,Random,1.0,-1.0,OSLA
1674876477,Checkers,0,GAME_OVER,86,85,2,1426,Random,1.0,-1.0,OSLA
1787538790,Checkers,0,GAME_OVER,73,72,2,1427,Random,1.0,-1.0,OSLA
-1414184600,Checkers,0,GAME_OVER,69,68,2,1428,Random,1.0,-1.0,OSLA
-2142609321,Checkers,0,GAME_OVER,77,76,2,1429,Random,1.0,-1.0,OSLA
-240248637,Checkers,0,GAME_OVER,73,72,2,1430,Random,1.0,-1.0,OSLA
1029665769,Checkers,0,GAME_OVER,75,74,2,1431,Random,1.0,-1.0,OSLA
-721194709,Checkers,0,GAME_OVER,81,80,2,1432,Random,1.0,-1.0,OSLA
-1835169153,Checkers,0,GAME_OVER,73,72,2,1433,Random,1.0,-1.0,OSLA
-868271820,Checkers,0,GAME_OVER,74,73,2,1434,Random,1.0,-1.0,OSLA
1054523526,Checkers,0,GAME_OVER,66,65,2,1435,Random,1.0,-1.0,OSLA
508949435,Checkers,0,GAME_OVER,71,70,2,1436,Random,1.0,-1.0,OSLA
-563203495,Checkers,0,GAME_OVER,82,81,2,1437,Random,1.0,-1.0,OSLA
1704419822,Checkers,0,GAME_OVER,81,80,2,1438,Random,1.0,-1.0,OSLA
1613937470,Checkers,0,GAME_OVER,74,73,2,1439,Random,1.0,-1.0,OSLA
-899380046,Checkers,0,GAME_OVER,66,65,2,1440,Random,1.0,-1.0,OSLA
558449485,Checkers,0,GAME_OVER,81,80,2,1441,Random,1.0,-1.0,OSLA
-1460444291,Checkers,0,GAME_OVER,72,71,2,1442,Random,1.0,-1.0,OSLA
-2099143871,Checkers,0,GAME_OVER,57,56,2,1443,Random,1.0,-1.0,OSLA
1809561382,Checkers,0,GAME_OVER,125,124,2,1444,Random,0.0,0.0,OSLA
-1424043909,Checkers,0,GAME_OVER,94,93,2,1445,Random,1.0,-1.0,OSLA
909246781,Checkers,0,GAME_OVER,76,75,2,1446,Random,1.0,-1.0,OSLA
1590812872,Checkers,0,GAME_OVER,93,92,2,1447,Random,1.0,-1.0,OSLA
-483869467,Checkers,0,GAME_OVER,82,81,2,1448,Random,1.0,-1.0,OSLA
901715111,Checkers,0,GAME_OVER,83,82,2,1449,Random,1.0,-1.0,OSLA
-51239868,Checkers,0,GAME_OVER,77,76,2,1450,Random,1.0,-1.0,OSLA
1378015265,Checkers,0,GAME_OVER,75,74,2,1451,Random,1.0,-1.0,OSLA
-1856406014,Checkers,0,GAME_OVER,62,61,2,1452,Random,1.0,-1.0,OSLA
18021745,Checkers,0,GAME_OVER,78,77,2,1453,Random,1.0,-1.0,OSLA
2040977534,Checkers,0,GAME_OVER,79,78,2,1454,Random,1.0,-1.0,OSLA
-313935349,Checkers,0,GAME_OVER,62,61,2,1455,Random,1.0,-1.0,OSLA
1790094480,Checkers,0,GAME_OVER,68,67,2,1456,Random,1.0,-1.0,OSLA
-948587063,Checkers,0,GAME_OVER,73,72,2,1457,Random,1.0,-1.0,OSLA
1829468184,Checkers,0,GAME_OVER,80,79,2,1458,Random,1.0,-1.0,OSLA
649329987,Checkers,0,GAME_OVER,66,65,2,1459,Random,1.0,-1.0,OSLA
1418166445,Checkers,0,GAME_OVER,68,67,2,1460,Random,1.0,-1.0,OSLA
-369630303,Checkers,0,GAME_OVER,84,83,2,1461,Random,1.0,-1.0,OSLA
405055778,Checkers,0,GAME_OVER,66,65,2,1462,Random,1.0,-1.0,OSLA
-700142242,Checkers,0,GAME_OVER,81,80,2,1463,Random,1.0,-1.0,OSLA
956967106,Checkers,0,GAME_OVER,69,68,2,1464,Random,1.0,-1.0,OSLA
-1683190557,Checkers,0,GAME_OVER,66,65,2,1465,Random,1.0,-1.0,OSLA
1788940655,Checkers,0,GAME_OVER,68,67,2,1466,Random,1.0,-1.0,OSLA
-464528679,Checkers,0,GAME_OVER,75,74,2,1467,Random,1.0,-1.0,OSLA
-1719895544,Checkers,0,GAME_OVER,59,58,2,1468,Random,1.0,-1.0,OSLA
279631780,Checkers,0,GAME_OVER,65,64,2,1469,Random,1.0,-1.0,OSLA
-516496193,Checkers,0,GAME_OVER,81,80,2,1470,Random,1.0,-1.0,OSLA
1179940974,Checkers,0,GAME_OVER,79,78,2,1471,Random,1.0,-1.0,OSLA
127706445,Checkers,0,GAME_OVER,85,84,2,1472,Random,1.0,-1.0,OSLA
2020546970,Checkers,0,GAME_OVER,73,72,2,1473,Random,1.0,-1.0,OSLA
734638367,Checkers,0,GAME_OVER,67,66,2,1474,Random,1.0,-1.0,OSLA
-689555032,Checkers,0,GAME_OVER,76,75,2,1475,Random,1.0,-1.0,OSLA
-1163791369,Checkers,0,GAME_OVER,67,66,2,1476,Random,1.0,-1.0,OSLA
922282699,Checkers,0,GAME_OVER,66,65,2,1477,Random,1.0,-1.0,OSLA
-638186096,Checkers,0,GAME_OVER,73,72,2,1478,Random,1.0,-1.0,OSLA
-2093070663,Checkers,0,GAME_OVER,68,67,2,1479,Random,1.0,-1.0,OSLA
-1764110007,Checkers,0,GAME_OVER,62,61,2,1480,Random,1.0,-1.0,OSLA
-1146409081,Checkers,0,GAME_OVER,85,84,2,1481,Random,1.0,-1.0,OSLA
-430502169,Checkers,0,GAME_OVER,83,82,2,1482,Random,1.0,-1.0,OSLA
2030229899,Checkers,0,GAME_OVER,76,75,2,1483,Random,1.0,-1.0,OSLA
691381220,Checkers,0,GAME_OVER,77,76,2,1484,Random,1.0,-1.0,OSLA
198069656,Checkers,0,GAME_OVER,60,59,2,1485,Random,1.0,-1.0,OSLA
-810309901,Checkers,0,GAME_OVER,69,68,2,1486,Random,1.0,-1.0,OSLA
-1891428332,Checkers,0,GAME_OVER,82,81,2,1487,Random,1.0,-1.0,OSLA
-1105314927,Checkers,0,GAME_OVER,70,69,2,1488,Random,1.0,-1.0,OSLA
-1746665289,Checkers,0,GAME_OVER,65,64,2,1489,Random,1.0,-1.0,OSLA
830493156,Checkers,0,GAME_OVER,89,88,2,1490,Random,1.0,-1.0,OSLA
1202044910,Checkers,0,GAME_OVER,67,66,2,1491,Random,1.0,-1.0,OSLA
1424611133,Checkers,0,GAME_OVER,71,70,2,1492,Random,1.0,-1.0,OSLA
-234913216,Checkers,0,GAME_OVER,73,72,2,1493,Random,1.0,-1.0,OSLA
1292088810,Checkers,0,GAME_OVER,79,78,2,1494,Random,1.0,-1.0,OSLA
2107537190,Checkers,0,GAME_OVER,65,64,2,1495,Random,1.0,-1.0,OSLA
2073954116,Checkers,0,GAME_OVER,62,61,2,1496,Random,1.0,-1.0,OSLA
525072425,Checkers,0,GAME_OVER,89,88,2,1497,Random,1.0,-1.0,OSLA
1748179228,Checkers,0,GAME_OVER,76,75,2,1498,Random,1.0,-1.0,OSLA
1114035795,Checkers,0,GAME_OVER,78,77,2,1499,Random,1.0,-1.0,OSLA
1500966898,Checkers,0,GAME_OVER,81,80,2,1500,Random,1.0,-1.0,OSLA
1662410544,Checkers,0,GAME_OVER,86,85,2,1501,Random,1.0,-1.0,OSLA
692441499,Checkers,0,GAME_OVER,67,66,2,1502,Random,1.0,-1.0,OSLA
-357203990,Checkers,0,GAME_OVER,81,80,2,1503,Random,1.0,-1.0,OSLA
1581363269,Checkers,0,GAME_OVER,82,81,2,1504,Random,1.0,-1.0,OSLA
-716217261,Checkers,0,GAME_OVER,70,69,2,1505,Random,1.0,-1.0,OSLA
1682772983,Checkers,0,GAME_OVER,72,71,2,1506,Random,1.0,-1.0,OSLA
-134293295,Checkers,0,GAME_OVER,82,81,2,1507,Random,1.0,-1.0,OSLA
959443192,Checkers,0,GAME_OVER,75,74,2,1508,Random,1.0,-1.0,OSLA
-590552699,Checkers,0,GAME_OVER,62,61,2,1509,Random,1.0,-1.0,OSLA
219136976,Checkers,0,GAME_OVER,75,74,2,1510,Random,1.0,-1.0,OSLA
531641905,Checkers,0,GAME_OVER,75,74,2,1511,Random,1.0,-1.0,OSLA
799465404,Checkers,0,GAME_OVER,68,67,2,1512,Random,1.0,-1.0,OSLA
-1244008034,Checkers,0,GAME_OVER,61,60,2,1513,Random,1.0,-1.0,OSLA
-247452992,Checkers,0,GAME_OVER,61,60,2,1514,Random,1.0,-1.0,OSLA
680498320,Checkers,0,GAME_OVER,76,75,2,1515,Random,1.0,-1.0,OSLA
2079070920,Checkers,0,GAME_OVER,69,68,2,1516,Random,1.0,-1.0,OSLA
-1289760878,Checkers,0,GAME_OVER,69,68,2,1517,Random,1.0,-1.0,OSLA
1880865144,Checkers,0,GAME_OVER,71,70,2,1518,Random,1.0,-1.0,OSLA
-428397538,Checkers,0,GAME_OVER,70,69,2,1519,Random,1.0,-1.0,OSLA
-1732816748,Checkers,0,GAME_OVER,68,67,2,1520,Random,1.0,-1.0,OSLA
-2132740891,Checkers,0,GAME_OVER,63,62,2,1521,Random,1.0,-1.0,OSLA
-488425688,Checkers,0,GAME_OVER,64,63,2,1522,Random,1.0,-1.0,OSLA
407205454,Checkers,0,GAME_OVER,95,94,2,1523,Random,1.0,-1.0,OSLA
-505964576,Checkers,0,GAME_OVER,78,77,2,1524,Random,1.0,-1.0,OSLA
-1272763554,Checkers,0,GAME_OVER,59,58,2,1525,Random,1.0,-1.0,OSLA
-946076892,Checkers,0,GAME_OVER,82,81,2,1526,Random,1.0,-1.0,OSLA
-129009496,Checkers,0,GAME_OVER,75,74,2,1527,Random,1.0,-1.0,OSLA
-1752710150,Checkers,0,GAME_OVER,78,77,2,1528,Random,1.0,-1.0,OSLA
-1610840582,Checkers,0,GAME_OVER,74,73,2,1529,Random,1.0,-1.0,OSLA
-747549500,Checkers,0,GAME_OVER,88,87,2,1530,Random,1.0,-1.0,OSLA
-1507039011,Checkers,0,GAME_OVER,77,76,2,1531,Random,1.0,-1.0,OSLA
2046638401,Checkers,0,GAME_OVER,78,77,2,1532,Random,1.0,-1.0,OSLA
1174566179,Checkers,0,GAME_OVER,98,97,2,1533,Random,1.0,-1.0,OSLA
-703175285,Checkers,0,GAME_OVER,83,82,2,1534,Random,1.0,-1.0,OSLA
1049558555,Checkers,0,GAME_OVER,74,73,2,1535,Random,1.0,-1.0,OSLA
24184292,Checkers,0,GAME_OVER,78,77,2,1536,Random,1.0,-1.0,OSLA
723085857,Checkers,0,GAME_OVER,66,65,2,1537,Random,1.0,-1.0,OSLA
704221578,Checkers,0,GAME_OVER,69,68,2,1538,Random,1.0,-1.0,OSLA
475136930,Checkers,0,GAME_OVER,70,69,2,1539,Random,1.0,-1.0,OSLA
-728022289,Checkers,0,GAME_OVER,113,112,2,1540,Random,1.0,-1.0,OSLA
-1965638191,Checkers,0,GAME_OVER,90,89,2,1541,Random,1.0,-1.0,OSLA
1344862726,Checkers,0,GAME_OVER,72,71,2,1542,Random,1.0,-1.0,OSLA
-769458025,Checkers,0,GAME_OVER,83,82,2,1543,Random,1.0,-1.0,OSLA
-124452472,Checkers,0,GAME_OVER,60,59,2,1544,Random,1.0,-1.0,OSLA
1754123923,Checkers,0,GAME_OVER,91,90,2,1545,Random,1.0,-1.0,OSLA
817997400,Checkers,0,GAME_OVER,78,77,2,1546,Random,1.0,-1.0,OSLA
2005862680,Checkers,0,GAME_OVER,69,68,2,1547,Random,1.0,-1.0,OSLA
966084725,Checkers,0,GAME_OVER,71,70,2,1548,Random,1.0,-1.0,OSLA
557615496,Checkers,0,GAME_OVER,77,76,2,1549,Random,1.0,-1.0,OSLA
1406836500,Checkers,0,GAME_OVER,80,79,2,1550,Random,1.0,-1.0,OSLA
-1008530288,Checkers,0,GAME_OVER,76,75,2,1551,Random,1.0,-1.0,OSLA
809625056,Checkers,0,GAME_OVER,70,69,2,1552,Random,1.0,-1.0,OSLA
-1541745923,Checkers,0,GAME_OVER,82,81,2,1553,Random,1.0,-1.0,OSLA
-1319329939,Checkers,0,GAME_OVER,75,74,2,1554,Random,1.0,-1.0,OSLA
-1768802997,Checkers,0,GAME_OVER,71,70,2,1555,Random,1.0,-1.0,OSLA
-1013638818,Checkers,0,GAME_OVER,68,67,2,1556,Random,1.0,-1.0,OSLA
1272152609,Checkers,0,GAME_OVER,78,77,2,1557,Random,1.0,-1.0,OSLA
-2108098344,Checkers,0,GAME_OVER,73,72,2,1558,Random,1.0,-1.0,OSLA
1021979980,Checkers,0,GAME_OVER,86,85,2,1559,Random,1.0,-1.0,OSLA
400906797,Checkers,0,GAME_OVER,68,67,2,1560,Random,1.0,-1.0,OSLA
1604641790,Checkers,0,GAME_OVER,78,77,2,1561,Random,1.0,-1.0,OSLA
-1032286994,Checkers,0,GAME_OVER,71,70,2,1562,Random,1.0,-1.0,OSLA
1493589086,Checkers,0,GAME_OVER,66,65,2,1563,Random,1.0,-1.0,OSLA
11320765,Checkers,0,GAME_OVER,64,63,2,1564,Random,1.0,-1.0,OSLA
-1525548634,Checkers,0,GAME_OVER,86,85,2,1565,Random,1.0,-1.0,OSLA
-431619690,Checkers,0,GAME_OVER,64,63,2,1566,Random,1.0,-1.0,OSLA
1936749416,Checkers,0,GAME_OVER,78,77,2,1567,Random,1.0,-1.0,OSLA
-2004761999,Checkers,0,GAME_OVER,75,74,2,1568,Random,1.0,-1.0,OSLA
-1347623508,Checkers,0,GAME_OVER,72,71,2,1569,Random,1.0,-1.0,OSLA
832869218,Checkers,0,GAME_OVER,83,82,2,1570,Random,1.0,-1.0,OSLA
955111685,Checkers,0,GAME_OVER,60,59,2,1571,Random,1.0,-1.0,OSLA
1099661990,Checkers,0,GAME_OVER,73,72,2,1572,Random,1.0,-1.0,OSLA
135675094,Checkers,0,GAME_OVER,83,82,2,1573,Random,1.0,-1.0,OSLA
855059001,Checkers,0,GAME_OVER,79,78,2,1574,Random,1.0,-1.0,OSLA
1172228948,Checkers,0,GAME_OVER,69,68,2,1575,Random,1.0,-1.0,OSLA
1557631987,Checkers,0,GAME_OVER,66,65,2,1576,Random,1.0,-1.0,OSLA
215232016,Checkers,0,GAME_OVER,66,65,2,1577,Random,1.0,-1.0,OSLA
965841975,Checkers,0,GAME_OVER,84,83,2,1578,Random,1.0,-1.0,OSLA
1368214283,Checkers,0,GAME_OVER,78,77,2,1579,Random,1.0,-1.0,OSLA
278402738,Checkers,0,GAME_OVER,68,67,2,1580,Random,1.0,-1.0,OSLA
39826850,Checkers,0,GAME_OVER,56,55,2,1581,Random,1.0,-1.0,OSLA
1397230288,Checkers,0,GAME_OVER,78,77,2,1582,Random,1.0,-1.0,OSLA
186065874,Checkers,0,GAME_OVER,79,78,2,1583,Random,1.0,-1.0,OSLA
1890892223,Checkers,0,GAME_OVER,81,80,2,1584,Random,1.0,-1.0,OSLA
49631141,Checkers,0,GAME_OVER,72,71,2,1585,Random,1.0,-1.0,OSLA
59729467,Checkers,0,GAME_OVER,71,70,2,1586,Random,1.0,-1.0,OSLA
411018702,Checkers,0,GAME_OVER,74,73,2,1587,Random,1.0,-1.0,OSLA
1652668031,Checkers,0,GAME_OVER,84,83,2,1588,Random,1.0,-1.0,OSLA
-174465613,Checkers,0,GAME_OVER,68,67,2,1589,Random,1.0,-1.0,OSLA
-1327324403,Checkers,0,GAME_OVER,69,68,2,1590,Random,1.0,-1.0,OSLA
1277879419,Checkers,0,GAME_OVER,69,68,2,1591,Random,1.0,-1.0,OSLA
-535033564,Checkers,0,GAME_OVER,76,75,2,1592,Random,1.0,-1.0,OSLA
-308562979,Checkers,0,GAME_OVER,69,68,2,1593,Random,1.0,-1.0,OSLA
-917987805,Checkers,0,GAME_OVER,65,64,2,1594,Random,1.0,-1.0,OSLA
1187876542,Checkers,0,GAME_OVER,67,66,2,1595,Random,1.0,-1.0,OSLA
-233150162,Checkers,0,GAME_OVER,76,75,2,1596,Random,1.0,-1.0,OSLA
199426273,Checkers,0,GAME_OVER,76,75,2,1597,Random,1.0,-1.0,OSLA
387918533,Checkers,0,GAME_OVER,77,76,2,1598,Random,1.0,-1.0,OSLA
-1460030406,Checkers,0,GAME_OVER,67,66,2,1599,Random,1.0,-1.0,OSLA
53921332,Checkers,0,GAME_OVER,64,63,2,1600,Random,1.0,-1.0,OSLA
1625556380,Checkers,0,GAME_OVER,71,70,2,1601,Random,1.0,-1.0,OSLA
-655329308,Checkers,0,GAME_OVER,108,107,2,1602,Random,1.0,-1.0,Random
-264641165,Checkers,0,GAME_OVER,112,111,2,1603,Random,-1.0,1.0,Random
304020803,Checkers,0,GAME_OVER,101,100,2,1604,Random,1.0,-1.0,Random
-810158299,Checkers,0,GAME_OVER,120,119,2,1605,Random,1.0,-1.0,Random
-2063716319,Checkers,0,GAME_OVER,93,92,2,1606,Random,-1.0,1.0,Random
-1095536654,Checkers,0,GAME_OVER,63,62,2,1607,Random,-1.0,1.0,Random
1149489710,Checkers,0,GAME_OVER,94,93,2,1608,Random,1.0,-1.0,Random
-2028663098,Checkers,0,GAME_OVER,93,92,2,1609,Random,1.0,-1.0,Random
-1910142585,Checkers,0,GAME_OVER,93,92,2,1610,Random,1.0,-1.0,Random
710411956,Checkers,0,GAME_OVER,89,88,2,1611,Random,-1.0,1.0,Random
-754472517,Checkers,0,GAME_OVER,79,78,2,1612,Random,-1.0,1.0,Random
-1864614547,Checkers,0,GAME_OVER,131,130,2,1613,Random,1.0,-1.0,Random
-427594544,Checkers,0,GAME_OVER,110,109,2,1614,Random,1.0,-1.0,Random
-1144879371,Checkers,0,GAME_OVER,88,87,2,1615,Random,1.0,-1.0,Random
-498414262,Checkers,0,GAME_OVER,84,83,2,1616,Random,1.0,-1.0,Random
1024729430,Checkers,0,GAME_OVER,111,110,2,1617,Random,1.0,-1.0,Random
568139855,Checkers,0,GAME_OVER,128,127,2,1618,Random,1.0,-1.0,Random
-430594965,Checkers,0,GAME_OVER,119,118,2,1619,Random,-1.0,1.0,Random
905693017,Checkers,0,GAME_OVER,115,114,2,1620,Random,-1.0,1.0,Random
-1533735690,Checkers,0,GAME_OVER,86,85,2,1621,Random,1.0,-1.0,Random
-1200364784,Checkers,0,GAME_OVER,104,103,2,1622,Random,1.0,-1.0,Random
-689483878,Checkers,0,GAME_OVER,88,87,2,1623,Random,-1.0,1.0,Random
1529965898,Checkers,0,GAME_OVER,95,94,2,1624,Random,-1.0,1.0,Random
-1898756236,Checkers,0,GAME_OVER,91,90,2,1625,Random,1.0,-1.0,Random
1674876477,Checkers,0,GAME_OVER,96,95,2,1626,Random,-1.0,1.0,Random
1787538790,Checkers,0,GAME_OVER,109,108,2,1627,Random,1.0,-1.0,Random
-1414184600,Checkers,0,GAME_OVER,130,129,2,1628,Random,1.0,-1.0,Random
-2142609321,Checkers,0,GAME_OVER,83,82,2,1629,Random,1.0,-1.0,Random
-240248637,Checkers,0,GAME_OVER,92,91,2,1630,Random,-1.0,1.0,Random
1029665769,Checkers,0,GAME_OVER,84,83,2,1631,Random,1.0,-1.0,Random
-721194709,Checkers,0,GAME_OVER,93,92,2,1632,Random,-1.0,1.0,Random
-1835169153,Checkers,0,GAME_OVER,93,92,2,1633,Random,1.0,-1.0,Random
-868271820,Checkers,0,GAME_OVER,101,100,2,1634,Random,-1.0,1.0,Random
1054523526,Checkers,0,GAME_OVER,115,114,2,1635,Random,-1.0,1.0,Random
508949435,Checkers,0,GAME_OVER,96,95,2,1636,Random,1.0,-1.0,Random
-563203495,Checkers,0,GAME_OVER,96,95,2,1637,Random,-1.0,1.0,Random
1704419822,Checkers,0,GAME_OVER,73,72,2,1638,Random,1.0,-1.0,Random
1613937470,Checkers,0,GAME_OVER,101,100,2,1639,Random,1.0,-1.0,Random
-899380046,Checkers,0,GAME_OVER,96,95,2,1640,Random,-1.0,1.0,Random
558449485,Checkers,0,GAME_OVER,127,126,2,1641,Random,-1.0,1.0,Random
-1460444291,Checkers,0,GAME_OVER,101,100,2,1642,Random,1.0,-1.0,Random
-2099143871,Checkers,0,GAME_OVER,97,96,2,1643,Random,1.0,-1.0,Random
1809561382,Checkers,0,GAME_OVER,86,85,2,1644,Random,1.0,-1.0,Random
-1424043909,Checkers,0,GAME_OVER,74,73,2,1645,Random,-1.0,1.0,Random
909246781,Checkers,0,GAME_OVER,80,79,2,1646,Random,1.0,-1.0,Random
1590812872,Checkers,0,GAME_OVER,88,87,2,1647,Random,-1.0,1.0,Random
-483869467,Checkers,0,GAME_OVER,106,105,2,1648,Random,1.0,-1.0,Random
901715111,Checkers,0,GAME_OVER,66,65,2,1649,Random,-1.0,1.0,Random
-51239868,Checkers,0,GAME_OVER,107,106,2,1650,Random,-1.0,1.0,Random
1378015265,Checkers,0,GAME_OVER,97,96,2,1651,Random,1.0,-1.0,Random
-1856406014,Checkers,0,GAME_OVER,77,76,2,1652,Random,-1.0,1.0,Random
18021745,Checkers,0,GAME_OVER,79,78,2,1653,Random,-1.0,1.0,Random
2040977534,Checkers,0,GAME_OVER,102,101,2,1654,Random,-1.0,1.0,Random
-313935349,Checkers,0,GAME_OVER,108,107,2,1655,Random,1.0,-1.0,Random
1790094480,Checkers,0,GAME_OVER,109,108,2,1656,Random,1.0,-1.0,Random
-948587063,Checkers,0,GAME_OVER,121,120,2,1657,Random,1.0,-1.0,Random
1829468184,Checkers,0,GAME_OVER,93,92,2,1658,Random,1.0,-1.0,Random
649329987,Checkers,0,GAME_OVER,81,80,2,1659,Random,-1.0,1.0,Random
1418166445,Checkers,0,GAME_OVER,86,85,2,1660,Random,-1.0,1.0,Random
-369630303,Checkers,0,GAME_OVER,81,80,2,1661,Random,-1.0,1.0,Random
405055778,Checkers,0,GAME_OVER,86,85,2,1662,Random,1.0,-1.0,Random
-700142242,Checkers,0,GAME_OVER,106,105,2,1663,Random,-1.0,1.0,Random
956967106,Checkers,0,GAME_OVER,72,71,2,1664,Random,-1.0,1.0,Random
-1683190557,Checkers,0,GAME_OVER,86,85,2,1665,Random,1.0,-1.0,Random
1788940655,Checkers,0,GAME_OVER,85,84,2,1666,Random,1.0,-1.0,Random
-464528679,Checkers,0,GAME_OVER,82,81,2,1667,Random,-1.0,1.0,Random
-1719895544,Checkers,0,GAME_OVER,91,90,2,1668,Random,1.0,-1.0,Random
279631780,Checkers,0,GAME_OVER,99,98,2,1669,Random,-1.0,1.0,Random
-516496193,Checkers,0,GAME_OVER,134,133,2,1670,Random,1.0,-1.0,Random
1179940974,Checkers,0,GAME_OVER,82,81,2,1671,Random,1.0,-1.0,Random
127706445,Checkers,0,GAME_OVER,91,90,2,1672,Random,1.0,-1.0,Random
2020546970,Checkers,0,GAME_OVER,90,89,2,1673,Random,1.0,-1.0,Random
734638367,Checkers,0,GAME_OVER,141,140,2,1674,Random,-1.0,1.0,Random
-689555032,Checkers,0,GAME_OVER,76,75,2,1675,Random,1.0,-1.0,Random
-1163791369,Checkers,0,GAME_OVER,122,121,2,1676,Random,-1.0,1.0,Random
922282699,Checkers,0,GAME_OVER,83,82,2,1677,Random,-1.0,1.0,Random
-638186096,Checkers,0,GAME_OVER,88,87,2,1678,Random,1.0,-1.0,Random
-2093070663,Checkers,0,GAME_OVER,95,94,2,1679,Random,1.0,-1.0,Random
-1764110007,Checkers,0,GAME_OVER,110,109,2,1680,Random,-1.0,1.0,Random
-1146409081,Checkers,0,GAME_OVER,94,93,2,1681,Random,1.0,-1.0,Random
-430502169,Checkers,0,GAME_OVER,91,90,2,1682,Random,-1.0,1.0,Random
2030229899,Checkers,0,GAME_OVER,86,85,2,1683,Random,1.0,-1.0,Random
691381220,Checkers,0,GAME_OVER,82,81,2,1684,Random,-1.0,1.0,Random
198069656,Checkers,0,GAME_OVER,101,100,2,1685,Random,-1.0,1.0,Random
-810309901,Checkers,0,GAME_OVER,127,126,2,1686,Random,-1.0,1.0,Random
-1891428332,Checkers,0,GAME_OVER,91,90,2,1687,Random,-1.0,1.0,Random
-1105314927,Checkers,0,GAME_OVER,112,111,2,1688,Random,1.0,-1.0,Random
-1746665289,Checkers,0,GAME_OVER,120,119,2,1689,Random,-1.0,1.0,Random
830493156,Checkers,0,GAME_OVER,88,87,2,1690,Random,1.0,-1.0,Random
1202044910,Checkers,0,GAME_OVER,123,122,2,1691,Random,-1.0,1.0,Random
1424611133,Checkers,0,GAME_OVER,147,146,2,1692,Random,-1.0,1.0,Random
-234913216,Checkers,0,GAME_OVER,105,104,2,1693,Random,-1.0,1.0,Random
1292088810,Checkers,0,GAME_OVER,131,130,2,1694,Random,-1.0,1.0,Random
2107537190,Checkers,0,GAME_OVER,81,80,2,1695,Random,-1.0,1.0,Random
2073954116,Checkers,0,GAME_OVER,87,86,2,1696,Random,1.0,-1.0,Random
525072425,Checkers,0,GAME_OVER,117,116,2,1697,Random,-1.0,1.0,Random
1748179228,Checkers,0,GAME_OVER,102,101,2,1698,Random,-1.0,1.0,Random
1114035795,Checkers,0,GAME_OVER,90,89,2,1699,Random,-1.0,1.0,Random
1500966898,Checkers,0,GAME_OVER,82,81,2,1700,Random,-1.0,1.0,Random
1662410544,Checkers,0,GAME_OVER,87,86,2,1701,Random,1.0,-1.0,Random
692441499,Checkers,0,GAME_OVER,80,79,2,1702,Random,1.0,-1.0,Random
-357203990,Checkers,0,GAME_OVER,87,86,2,1703,Random,-1.0,1.0,Random
1581363269,Checkers,0,GAME_OVER,110,109,2,1704,Random,1.0,-1.0,Random
-716217261,Checkers,0,GAME_OVER,97,96,2,1705,Random,1.0,-1.0,Random
1682772983,Checkers,0,GAME_OVER,72,71,2,1706,Random,1.0,-1.0,Random
-134293295,Checkers,0,GAME_OVER,79,78,2,1707,Random,-1.0,1.0,Random
959443192,Checkers,0,GAME_OVER,95,94,2,1708,Random,-1.0,1.0,Random
-590552699,Checkers,0,GAME_OVER,89,88,2,1709,Random,1.0,-1.0,Random
219136976,Checkers,0,GAME_OVER,79,78,2,1710,Random,1.0,-1.0,Random
531641905,Checkers,0,GAME_OVER,65,64,2,1711,Random,1.0,-1.0,Random
799465404,Checkers,0,GAME_OVER,101,100,2,1712,Random,1.0,-1.0,Random
-1244008034,Checkers,0,GAME_OVER,75,74,2,1713,Random,1.0,-1.0,Random
-247452992,Checkers,0,GAME_OVER,74,73,2,1714,Random,1.0,-1.0,Random
680498320,Checkers,0,GAME_OVER,91,90,2,1715,Random,1.0,-1.0,Random
2079070920,Checkers,0,GAME_OVER,101,100,2,1716,Random,1.0,-1.0,Random
-1289760878,Checkers,0,GAME_OVER,94,93,2,1717,Random,1.0,-1.0,Random
1880865144,Checkers,0,GAME_OVER,92,91,2,1718,Random,-1.0,1.0,Random
-428397538,Checkers,0,GAME_OVER,75,74,2,1719,Random,-1.0,1.0,Random
-1732816748,Checkers,0,GAME_OVER,93,92,2,1720,Random,-1.0,1.0,Random
-2132740891,Checkers,0,GAME_OVER,94,93,2,1721,Random,-1.0,1.0,Random
-488425688,Checkers,0,GAME_OVER,72,71,2,1722,Random,-1.0,1.0,Random
407205454,Checkers,0,GAME_OVER,71,70,2,1723,Random,-1.0,1.0,Random
-505964576,Checkers,0,GAME_OVER,76,75,2,1724,Random,-1.0,1.0,Random
-1272763554,Checkers,0,GAME_OVER,123,122,2,1725,Random,-1.0,1.0,Random
-946076892,Checkers,0,GAME_OVER,90,89,2,1726,Random,-1.0,1.0,Random
-129009496,Checkers,0,GAME_OVER,89,88,2,1727,Random,-1.0,1.0,Random
-1752710150,Checkers,0,GAME_OVER,126,125,2,1728,Random,-1.0,1.0,Random
-1610840582,Checkers,0,GAME_OVER,123,122,2,1729,Random,1.0,-1.0,Random
-747549500,Checkers,0,GAME_OVER,102,101,2,1730,Random,1.0,-1.0,Random
-1507039011,Checkers,0,GAME_OVER,101,100,2,1731,Random,1.0,-1.0,Random
2046638401,Checkers,0,GAME_OVER,102,101,2,1732,Random,-1.0,1.0,Random
1174566179,Checkers,0,GAME_OVER,105,104,2,1733,Random,1.0,-1.0,Random
-703175285,Checkers,0,GAME_OVER,92,91,2,1734,Random,-1.0,1.0,Random
1049558555,Checkers,0,GAME_OVER,83,82,2,1735,Random,-1.0,1.0,Random
24184292,Checkers,0,GAME_OVER,98,97,2,1736,Random,1.0,-1.0,Random
723085857,Checkers,0,GAME_OVER,85,84,2,1737,Random,-1.0,1.0,Random
704221578,Checkers,0,GAME_OVER,110,109,2,1738,Random,1.0,-1.0,Random
475136930,Checkers,0,GAME_OVER,101,100,2,1739,Random,1.0,-1.0,Random
-728022289,Checkers,0,GAME_OVER,115,114,2,1740,Random,1.0,-1.0,Random
-1965638191,Checkers,0,GAME_OVER,103,102,2,1741,Random,-1.0,1.0,Random
1344862726,Checkers,0,GAME_OVER,117,116,2,1742,Random,-1.0,1.0,Random
-769458025,Checkers,0,GAME_OVER,94,93,2,1743,Random,1.0,-1.0,Random
-124452472,Checkers,0,GAME_OVER,78,77,2,1744,Random,-1.0,1.0,Random
1754123923,Checkers,0,GAME_OVER,85,84,2,1745,Random,1.0,-1.0,Random
817997400,Checkers,0,GAME_OVER,131,130,2,1746,Random,1.0,-1.0,Random
2005862680,Checkers,0,GAME_OVER,70,69,2,1747,Random,1.0,-1.0,Random
966084725,Checkers,0,GAME_OVER,82,81,2,1748,Random,1.0,-1.0,Random
557615496,Checkers,0,GAME_OVER,94,93,2,1749,Random,1.0,-1.0,Random
1406836500,Checkers,0,GAME_OVER,114,113,2,1750,Random,-1.0,1.0,Random
-1008530288,Checkers,0,GAME_OVER,88,87,2,1751,Random,-1.0,1.0,Random
809625056,Checkers,0,GAME_OVER,142,141,2,1752,Random,1.0,-1.0,Random
-1541745923,Checkers,0,GAME_OVER,131,130,2,1753,Random,1.0,-1.0,Random
-1319329939,Checkers,0,GAME_OVER,113,112,2,1754,Random,-1.0,1.0,Random
-1768802997,Checkers,0,GAME_OVER,105,104,2,1755,Random,-1.0,1.0,Random
-1013638818,Checkers,0,GAME_OVER,114,113,2,1756,Random,1.0,-1.0,Random
1272152609,Checkers,0,GAME_OVER,92,91,2,1757,Random,1.0,-1.0,Random
-2108098344,Checkers,0,GAME_OVER,78,77,2,1758,Random,1.0,-1.0,Random
1021979980,Checkers,0,GAME_OVER,110,109,2,1759,Random,-1.0,1.0,Random
400906797,Checkers,0,GAME_OVER,105,104,2,1760,Random,1.0,-1.0,Random
1604641790,Checkers,0,GAME_OVER,99,98,2,1761,Random,-1.0,1.0,Random
-1032286994,Checkers,0,GAME_OVER,102,101,2,1762,Random,-1.0,1.0,Random
1493589086,Checkers,0,GAME_OVER,127,126,2,1763,Random,1.0,-1.0,Random
11320765,Checkers,0,GAME_OVER,127,126,2,1764,Random,-1.0,1.0,Random
-1525548634,Checkers,0,GAME_OVER,93,92,2,1765,Random,1.0,-1.0,Random
-431619690,Checkers,0,GAME_OVER,93,92,2,1766,Random,-1.0,1.0,Random
1936749416,Checkers,0,GAME_OVER,104,103,2,1767,Random,-1.0,1.0,Random
-2004761999,Checkers,0,GAME_OVER,97,96,2,1768,Random,1.0,-1.0,Random
-1347623508,Checkers,0,GAME_OVER,117,116,2,1769,Random,-1.0,1.0,Random
832869218,Checkers,0,GAME_OVER,148,147,2,1770,Random,-1.0,1.0,Random
955111685,Checkers,0,GAME_OVER,107,106,2,1771,Random,-1.0,1.0,Random
1099661990,Checkers,0,GAME_OVER,90,89,2,1772,Random,-1.0,1.0,Random
135675094,Checkers,0,GAME_OVER,101,100,2,1773,Random,1.0,-1.0,Random
855059001,Checkers,0,GAME_OVER,120,119,2,1774,Random,-1.0,1.0,Random
1172228948,Checkers,0,GAME_OVER,92,91,2,1775,Random,1.0,-1.0,Random
1557631987,Checkers,0,GAME_OVER,99,98,2,1776,Random,-1.0,1.0,Random
215232016,Checkers,0,GAME_OVER,89,88,2,1777,Random,-1.0,1.0,Random
965841975,Checkers,0,GAME_OVER,81,80,2,1778,Random,1.0,-1.0,Random
1368214283,Checkers,0,GAME_OVER,77,76,2,1779,Random,-1.0,1.0,Random
278402738,Checkers,0,GAME_OVER,104,103,2,1780,Random,-1.0,1.0,Random
39826850,Checkers,0,GAME_OVER,90,89,2,1781,Random,1.0,-1.0,Random
1397230288,Checkers,0,GAME_OVER,123,122,2,1782,Random,-1.0,1.0,Random
186065874,Checkers,0,GAME_OVER,115,114,2,1783,Random,1.0,-1.0,Random
1890892223,Checkers,0,GAME_OVER,77,76,2,1784,Random,1.0,-1.0,Random
49631141,Checkers,0,GAME_OVER,143,142,2,1785,Random,1.0,-1.0,Random
59729467,Checkers,0,GAME_OVER,96,95,2,1786,Random,1.0,-1.0,Random
411018702,Checkers,0,GAME_OVER,111,110,2,1787,Random,-1.0,1.0,Random
1652668031,Checkers,0,GAME_OVER,82,81,2,1788,Random,1.0,-1.0,Random
-174465613,Checkers,0,GAME_OVER,101,100,2,1789,Random,1.0,-1.0,Random
-1327324403,Checkers,0,GAME_OVER,74,73,2,1790,Random,1.0,-1.0,Random
1277879419,Checkers,0,GAME_OVER,78,77,2,1791,Random,1.0,-1.0,Random
-535033564,Checkers,0,GAME_OVER,114,113,2,1792,Random,-1.0,1.0,Random
-308562979,Checkers,0,GAME_OVER,160,159,2,1793,Random,-1.0,1.0,Random
-917987805,Checkers,0,GAME_OVER,72,71,2,1794,Random,1.0,-1.0,Random
1187876542,Checkers,0,GAME_OVER,131,130,2,1795,Random,1.0,-1.0,Random
-233150162,Checkers,0,GAME_OVER,105,104,2,1796,Random,-1.0,1.0,Random
199426273,Checkers,0,GAME_OVER,91,90,2,1797,Random,1.0,-1.0,Random
387918533,Checkers,0,GAME_OVER,124,123,2,1798,Random,-1.0,1.0,Random
-1460030406,Checkers,0,GAME_OVER,98,97,2,1799,Random,1.0,-1.0,Random
53921332,Checkers,0,GAME_OVER,85,84,2,1800,Random,-1.0,1.0,Random
1625556380,Checkers,0,GAME_OVER,79,78,2,1801,Random,1.0,-1.0,Random
