GameSeed,GameName,Round,Event,Tick,Turn,PlayerCount,GameID,Player-1 rank,PlayerName-0,Player-1,Player-0,Player-0 rank,PlayerName-1
-655329308,Checkers,0,GAME_OVER,102,101,2,2,1,MCTS_v0,1,2,2,MCTS_v0
-264641165,Checkers,0,GAME_OVER,92,91,2,3,1,MCTS_v0,1,2,2,MCTS_v0
304020803,Checkers,0,GAME_OVER,139,138,2,4,2,MCTS_v0,2,1,1,MCTS_v0
-810158299,Checkers,0,GAME_OVER,91,90,2,5,2,MCTS_v0,2,1,1,MCTS_v0
-2063716319,Checkers,0,GAME_OVER,98,97,2,6,1,MCTS_v0,1,2,2,MCTS_v0
-1095536654,Checkers,0,GAME_OVER,159,158,2,7,1,MCTS_v0,1,2,2,MCTS_v0
1149489710,Checkers,0,GAME_OVER,95,94,2,8,1,MCTS_v0,1,2,2,MCTS_v0
-2028663098,Checkers,0,GAME_OVER,105,104,2,9,2,MCTS_v0,2,1,1,MCTS_v0
-1910142585,Checkers,0,GAME_OVER,111,110,2,10,2,MCTS_v0,2,1,1,MCTS_v0
710411956,Checkers,0,GAME_OVER,183,182,2,11,1,MCTS_v0,1,1,1,MCTS_v0
-754472517,Checkers,0,GAME_OVER,247,246,2,12,1,MCTS_v0,1,1,1,MCTS_v0
-1864614547,Checkers,0,GAME_OVER,111,110,2,13,1,MCTS_v0,1,2,2,MCTS_v0
-427594544,Checkers,0,GAME_OVER,121,120,2,14,1,MCTS_v0,1,2,2,MCTS_v0
-1144879371,Checkers,0,GAME_OVER,192,191,2,15,1,MCTS_v0,1,1,1,MCTS_v0
-498414262,Checkers,0,GAME_OVER,140,139,2,16,1,MCTS_v0,1,2,2,MCTS_v0
1024729430,Checkers,0,GAME_OVER,111,110,2,17,2,MCTS_v0,2,1,1,MCTS_v0
568139855,Checkers,0,GAME_OVER,161,160,2,18,1,MCTS_v0,1,1,1,MCTS_v0
-430594965,Checkers,0,GAME_OVER,117,116,2,19,1,MCTS_v0,1,2,2,MCTS_v0
905693017,Checkers,0,GAME_OVER,207,206,2,20,1,MCTS_v0,1,1,1,MCTS_v0
-1533735690,Checkers,0,GAME_OVER,93,92,2,21,2,MCTS_v0,2,1,1,MCTS_v0
-1200364784,Checkers,0,GAME_OVER,106,105,2,22,1,MCTS_v0,1,2,2,MCTS_v0
-689483878,Checkers,0,GAME_OVER,120,119,2,23,2,MCTS_v0,2,1,1,MCTS_v0
1529965898,Checkers,0,GAME_OVER,140,139,2,24,2,MCTS_v0,2,1,1,MCTS_v0
-1898756236,Checkers,0,GAME_OVER,88,87,2,25,2,MCTS_v0,2,1,1,MCTS_v0
1674876477,Checkers,0,GAME_OVER,144,143,2,26,2,MCTS_v0,2,1,1,MCTS_v0
1787538790,Checkers,0,GAME_OVER,164,163,2,27,1,MCTS_v0,1,2,2,MCTS_v0
-1414184600,Checkers,0,GAME_OVER,218,217,2,28,2,MCTS_v0,2,1,1,MCTS_v0
-2142609321,Checkers,0,GAME_OVER,204,203,2,29,1,MCTS_v0,1,1,1,MCTS_v0
-240248637,Checkers,0,GAME_OVER,120,119,2,30,2,MCTS_v0,2,1,1,MCTS_v0
1029665769,Checkers,0,GAME_OVER,195,194,2,31,1,MCTS_v0,1,2,2,MCTS_v0
-721194709,Checkers,0,GAME_OVER,102,101,2,32,1,MCTS_v0,1,2,2,MCTS_v0
-1835169153,Checkers,0,GAME_OVER,145,144,2,33,1,MCTS_v0,1,2,2,MCTS_v0
-868271820,Checkers,0,GAME_OVER,180,179,2,34,1,MCTS_v0,1,1,1,MCTS_v0
1054523526,Checkers,0,GAME_OVER,201,200,2,35,1,MCTS_v0,1,1,1,MCTS_v0
508949435,Checkers,0,GAME_OVER,105,104,2,36,2,MCTS_v0,2,1,1,MCTS_v0
-563203495,Checkers,0,GAME_OVER,217,216,2,37,1,MCTS_v0,1,1,1,MCTS_v0
1704419822,Checkers,0,GAME_OVER,117,116,2,38,1,MCTS_v0,1,2,2,MCTS_v0
1613937470,Checkers,0,GAME_OVER,117,116,2,39,1,MCTS_v0,1,2,2,MCTS_v0
-899380046,Checkers,0,GAME_OVER,116,115,2,40,1,MCTS_v0,1,2,2,MCTS_v0
558449485,Checkers,0,GAME_OVER,153,152,2,41,1,MCTS_v0,1,2,2,MCTS_v0
-1460444291,Checkers,0,GAME_OVER,150,149,2,42,1,MCTS_v0,1,1,1,MCTS_v0
-2099143871,Checkers,0,GAME_OVER,121,120,2,43,1,MCTS_v0,1,2,2,MCTS_v0
1809561382,Checkers,0,GAME_OVER,160,159,2,44,1,MCTS_v0,1,2,2,MCTS_v0
-1424043909,Checkers,0,GAME_OVER,208,207,2,45,1,MCTS_v0,1,1,1,MCTS_v0
909246781,Checkers,0,GAME_OVER,239,238,2,46,1,MCTS_v0,1,1,1,MCTS_v0
1590812872,Checkers,0,GAME_OVER,149,148,2,47,1,MCTS_v0,1,2,2,MCTS_v0
-483869467,Checkers,0,GAME_OVER,175,174,2,48,1,MCTS_v0,1,1,1,MCTS_v0
901715111,Checkers,0,GAME_OVER,199,198,2,49,1,MCTS_v0,1,1,1,MCTS_v0
-51239868,Checkers,0,GAME_OVER,144,143,2,50,1,MCTS_v0,1,2,2,MCTS_v0
1378015265,Checkers,0,GAME_OVER,102,101,2,51,1,MCTS_v0,1,2,2,MCTS_v0
-1856406014,Checkers,0,GAME_OVER,106,105,2,52,1,MCTS_v0,1,2,2,MCTS_v0
18021745,Checkers,0,GAME_OVER,96,95,2,53,1,MCTS_v0,1,2,2,MCTS_v0
2040977534,Checkers,0,GAME_OVER,197,196,2,54,1,MCTS_v0,1,1,1,MCTS_v0
-313935349,Checkers,0,GAME_OVER,183,182,2,55,1,MCTS_v0,1,1,1,MCTS_v0
1790094480,Checkers,0,GAME_OVER,190,189,2,56,1,MCTS_v0,1,1,1,MCTS_v0
-948587063,Checkers,0,GAME_OVER,193,192,2,57,1,MCTS_v0,1,1,1,MCTS_v0
1829468184,Checkers,0,GAME_OVER,126,125,2,58,2,MCTS_v0,2,1,1,MCTS_v0
649329987,Checkers,0,GAME_OVER,119,118,2,59,1,MCTS_v0,1,2,2,MCTS_v0
1418166445,Checkers,0,GAME_OVER,229,228,2,60,1,MCTS_v0,1,1,1,MCTS_v0
-369630303,Checkers,0,GAME_OVER,178,177,2,61,1,MCTS_v0,1,1,1,MCTS_v0
405055778,Checkers,0,GAME_OVER,93,92,2,62,1,MCTS_v0,1,2,2,MCTS_v0
-700142242,Checkers,0,GAME_OVER,253,252,2,63,1,MCTS_v0,1,1,1,MCTS_v0
956967106,Checkers,0,GAME_OVER,182,181,2,64,1,MCTS_v0,1,1,1,MCTS_v0
-1683190557,Checkers,0,GAME_OVER,159,158,2,65,1,MCTS_v0,1,2,2,MCTS_v0
1788940655,Checkers,0,GAME_OVER,135,134,2,66,2,MCTS_v0,2,1,1,MCTS_v0
-464528679,Checkers,0,GAME_OVER,129,128,2,67,2,MCTS_v0,2,1,1,MCTS_v0
-1719895544,Checkers,0,GAME_OVER,199,198,2,68,1,MCTS_v0,1,1,1,MCTS_v0
279631780,Checkers,0,GAME_OVER,201,200,2,69,1,MCTS_v0,1,1,1,MCTS_v0
-516496193,Checkers,0,GAME_OVER,116,115,2,70,1,MCTS_v0,1,2,2,MCTS_v0
1179940974,Checkers,0,GAME_OVER,178,177,2,71,1,MCTS_v0,1,1,1,MCTS_v0
127706445,Checkers,0,GAME_OVER,132,131,2,72,1,MCTS_v0,1,2,2,MCTS_v0
2020546970,Checkers,0,GAME_OVER,156,155,2,73,1,MCTS_v0,1,1,1,MCTS_v0
734638367,Checkers,0,GAME_OVER,132,131,2,74,2,MCTS_v0,2,1,1,MCTS_v0
-689555032,Checkers,0,GAME_OVER,130,129,2,75,1,MCTS_v0,1,2,2,MCTS_v0
-1163791369,Checkers,0,GAME_OVER,195,194,2,76,1,MCTS_v0,1,1,1,MCTS_v0
922282699,Checkers,0,GAME_OVER,123,122,2,77,2,MCTS_v0,2,1,1,MCTS_v0
-638186096,Checkers,0,GAME_OVER,124,123,2,78,1,MCTS_v0,1,2,2,MCTS_v0
-2093070663,Checkers,0,GAME_OVER,85,84,2,79,1,MCTS_v0,1,2,2,MCTS_v0
-1764110007,Checkers,0,GAME_OVER,102,101,2,80,2,MCTS_v0,2,1,1,MCTS_v0
-1146409081,Checkers,0,GAME_OVER,94,93,2,81,2,MCTS_v0,2,1,1,MCTS_v0
-430502169,Checkers,0,GAME_OVER,147,146,2,82,1,MCTS_v0,1,2,2,MCTS_v0
2030229899,Checkers,0,GAME_OVER,102,101,2,83,1,MCTS_v0,1,2,2,MCTS_v0
691381220,Checkers,0,GAME_OVER,171,170,2,84,1,MCTS_v0,1,1,1,MCTS_v0
198069656,Checkers,0,GAME_OVER,112,111,2,85,2,MCTS_v0,2,1,1,MCTS_v0
-810309901,Checkers,0,GAME_OVER,213,212,2,86,1,MCTS_v0,1,1,1,MCTS_v0
-1891428332,Checkers,0,GAME_OVER,231,230,2,87,1,MCTS_v0,1,1,1,MCTS_v0
-1105314927,Checkers,0,GAME_OVER,184,183,2,88,2,MCTS_v0,2,1,1,MCTS_v0
-1746665289,Checkers,0,GAME_OVER,181,180,2,89,1,MCTS_v0,1,1,1,MCTS_v0
830493156,Checkers,0,GAME_OVER,102,101,2,90,1,MCTS_v0,1,2,2,MCTS_v0
1202044910,Checkers,0,GAME_OVER,133,132,2,91,2,MCTS_v0,2,1,1,MCTS_v0
1424611133,Checkers,0,GAME_OVER,151,150,2,92,1,MCTS_v0,1,1,1,MCTS_v0
-234913216,Checkers,0,GAME_OVER,104,103,2,93,1,MCTS_v0,1,2,2,MCTS_v0
1292088810,Checkers,0,GAME_OVER,98,97,2,94,2,MCTS_v0,2,1,1,MCTS_v0
2107537190,Checkers,0,GAME_OVER,105,104,2,95,2,MCTS_v0,2,1,1,MCTS_v0
2073954116,Checkers,0,GAME_OVER,214,213,2,96,2,MCTS_v0,2,1,1,MCTS_v0
525072425,Checkers,0,GAME_OVER,117,116,2,97,1,MCTS_v0,1,2,2,MCTS_v0
1748179228,Checkers,0,GAME_OVER,147,146,2,98,1,MCTS_v0,1,1,1,MCTS_v0
1114035795,Checkers,0,GAME_OVER,99,98,2,99,1,MCTS_v0,1,2,2,MCTS_v0
1500966898,Checkers,0,GAME_OVER,224,223,2,100,1,MCTS_v0,1,1,1,MCTS_v0
1662410544,Checkers,0,GAME_OVER,155,154,2,101,1,MCTS_v0,1,1,1,MCTS_v0
692441499,Checkers,0,GAME_OVER,220,219,2,102,1,MCTS_v0,1,1,1,MCTS_v0
-357203990,Checkers,0,GAME_OVER,122,121,2,103,2,MCTS_v0,2,1,1,MCTS_v0
1581363269,Checkers,0,GAME_OVER,113,112,2,104,1,MCTS_v0,1,2,2,MCTS_v0
-716217261,Checkers,0,GAME_OVER,121,120,2,105,1,MCTS_v0,1,2,2,MCTS_v0
1682772983,Checkers,0,GAME_OVER,107,106,2,106,1,MCTS_v0,1,2,2,MCTS_v0
-134293295,Checkers,0,GAME_OVER,108,107,2,107,2,MCTS_v0,2,1,1,MCTS_v0
959443192,Checkers,0,GAME_OVER,102,101,2,108,2,MCTS_v0,2,1,1,MCTS_v0
-590552699,Checkers,0,GAME_OVER,192,191,2,109,2,MCTS_v0,2,1,1,MCTS_v0
219136976,Checkers,0,GAME_OVER,85,84,2,110,2,MCTS_v0,2,1,1,MCTS_v0
531641905,Checkers,0,GAME_OVER,136,135,2,111,1,MCTS_v0,1,2,2,MCTS_v0
799465404,Checkers,0,GAME_OVER,116,115,2,112,2,MCTS_v0,2,1,1,MCTS_v0
-1244008034,Checkers,0,GAME_OVER,179,178,2,113,1,MCTS_v0,1,1,1,MCTS_v0
-247452992,Checkers,0,GAME_OVER,172,171,2,114,2,MCTS_v0,2,1,1,MCTS_v0
680498320,Checkers,0,GAME_OVER,128,127,2,115,2,MCTS_v0,2,1,1,MCTS_v0
2079070920,Checkers,0,GAME_OVER,107,106,2,116,2,MCTS_v0,2,1,1,MCTS_v0
-1289760878,Checkers,0,GAME_OVER,96,95,2,117,1,MCTS_v0,1,2,2,MCTS_v0
1880865144,Checkers,0,GAME_OVER,111,110,2,118,1,MCTS_v0,1,2,2,MCTS_v0
-428397538,Checkers,0,GAME_OVER,233,232,2,119,1,MCTS_v0,1,1,1,MCTS_v0
-1732816748,Checkers,0,GAME_OVER,181,180,2,120,1,MCTS_v0,1,1,1,MCTS_v0
-2132740891,Checkers,0,GAME_OVER,128,127,2,121,1,MCTS_v0,1,2,2,MCTS_v0
-488425688,Checkers,0,GAME_OVER,222,221,2,122,1,MCTS_v0,1,1,1,MCTS_v0
407205454,Checkers,0,GAME_OVER,84,83,2,123,1,MCTS_v0,1,2,2,MCTS_v0
-505964576,Checkers,0,GAME_OVER,147,146,2,124,1,MCTS_v0,1,2,2,MCTS_v0
-1272763554,Checkers,0,GAME_OVER,103,102,2,125,2,MCTS_v0,2,1,1,MCTS_v0
-946076892,Checkers,0,GAME_OVER,162,161,2,126,1,MCTS_v0,1,1,1,MCTS_v0
-129009496,Checkers,0,GAME_OVER,155,154,2,127,2,MCTS_v0,2,1,1,MCTS_v0
-1752710150,Checkers,0,GAME_OVER,168,167,2,128,1,MCTS_v0,1,1,1,MCTS_v0
-1610840582,Checkers,0,GAME_OVER,150,149,2,129,2,MCTS_v0,2,1,1,MCTS_v0
-747549500,Checkers,0,GAME_OVER,98,97,2,130,2,MCTS_v0,2,1,1,MCTS_v0
-1507039011,Checkers,0,GAME_OVER,203,202,2,131,1,MCTS_v0,1,2,2,MCTS_v0
2046638401,Checkers,0,GAME_OVER,114,113,2,132,2,MCTS_v0,2,1,1,MCTS_v0
1174566179,Checkers,0,GAME_OVER,90,89,2,133,1,MCTS_v0,1,2,2,MCTS_v0
-703175285,Checkers,0,GAME_OVER,177,176,2,134,1,MCTS_v0,1,2,2,MCTS_v0
1049558555,Checkers,0,GAME_OVER,176,175,2,135,1,MCTS_v0,1,1,1,MCTS_v0
24184292,Checkers,0,GAME_OVER,192,191,2,136,1,MCTS_v0,1,1,1,MCTS_v0
723085857,Checkers,0,GAME_OVER,90,89,2,137,2,MCTS_v0,2,1,1,MCTS_v0
704221578,Checkers,0,GAME_OVER,113,112,2,138,1,MCTS_v0,1,2,2,MCTS_v0
475136930,Checkers,0,GAME_OVER,166,165,2,139,1,MCTS_v0,1,1,1,MCTS_v0
-728022289,Checkers,0,GAME_OVER,148,147,2,140,1,MCTS_v0,1,1,1,MCTS_v0
-1965638191,Checkers,0,GAME_OVER,98,97,2,141,1,MCTS_v0,1,2,2,MCTS_v0
1344862726,Checkers,0,GAME_OVER,163,162,2,142,2,MCTS_v0,2,1,1,MCTS_v0
-769458025,Checkers,0,GAME_OVER,113,112,2,143,1,MCTS_v0,1,2,2,MCTS_v0
-124452472,Checkers,0,GAME_OVER,206,205,2,144,1,MCTS_v0,1,1,1,MCTS_v0
1754123923,Checkers,0,GAME_OVER,128,127,2,145,1,MCTS_v0,1,2,2,MCTS_v0
817997400,Checkers,0,GAME_OVER,175,174,2,146,2,MCTS_v0,2,1,1,MCTS_v0
2005862680,Checkers,0,GAME_OVER,96,95,2,147,2,MCTS_v0,2,1,1,MCTS_v0
966084725,Checkers,0,GAME_OVER,205,204,2,148,1,MCTS_v0,1,1,1,MCTS_v0
557615496,Checkers,0,GAME_OVER,107,106,2,149,1,MCTS_v0,1,2,2,MCTS_v0
1406836500,Checkers,0,GAME_OVER,275,274,2,150,1,MCTS_v0,1,1,1,MCTS_v0
-1008530288,Checkers,0,GAME_OVER,197,196,2,151,1,MCTS_v0,1,1,1,MCTS_v0
809625056,Checkers,0,GAME_OVER,115,114,2,152,2,MCTS_v0,2,1,1,MCTS_v0
-1541745923,Checkers,0,GAME_OVER,178,177,2,153,1,MCTS_v0,1,1,1,MCTS_v0
-1319329939,Checkers,0,GAME_OVER,92,91,2,154,1,MCTS_v0,1,2,2,MCTS_v0
-1768802997,Checkers,0,GAME_OVER,115,114,2,155,1,MCTS_v0,1,2,2,MCTS_v0
-1013638818,Checkers,0,GAME_OVER,158,157,2,156,1,MCTS_v0,1,1,1,MCTS_v0
1272152609,Checkers,0,GAME_OVER,163,162,2,157,1,MCTS_v0,1,1,1,MCTS_v0
-2108098344,Checkers,0,GAME_OVER,176,175,2,158,1,MCTS_v0,1,1,1,MCTS_v0
1021979980,Checkers,0,GAME_OVER,182,181,2,159,1,MCTS_v0,1,1,1,MCTS_v0
400906797,Checkers,0,GAME_OVER,164,163,2,160,2,MCTS_v0,2,1,1,MCTS_v0
1604641790,Checkers,0,GAME_OVER,122,121,2,161,2,MCTS_v0,2,1,1,MCTS_v0
-1032286994,Checkers,0,GAME_OVER,169,168,2,162,1,MCTS_v0,1,1,1,MCTS_v0
1493589086,Checkers,0,GAME_OVER,180,179,2,163,2,MCTS_v0,2,1,1,MCTS_v0
11320765,Checkers,0,GAME_OVER,119,118,2,164,1,MCTS_v0,1,2,2,MCTS_v0
-1525548634,Checkers,0,GAME_OVER,117,116,2,165,2,MCTS_v0,2,1,1,MCTS_v0
-431619690,Checkers,0,GAME_OVER,205,204,2,166,1,MCTS_v0,1,1,1,MCTS_v0
1936749416,Checkers,0,GAME_OVER,213,212,2,167,1,MCTS_v0,1,2,2,MCTS_v0
-2004761999,Checkers,0,GAME_OVER,107,106,2,168,2,MCTS_v0,2,1,1,MCTS_v0
-1347623508,Checkers,0,GAME_OVER,235,234,2,169,1,MCTS_v0,1,1,1,MCTS_v0
832869218,Checkers,0,GAME_OVER,106,105,2,170,2,MCTS_v0,2,1,1,MCTS_v0
955111685,Checkers,0,GAME_OVER,176,175,2,171,1,MCTS_v0,1,1,1,MCTS_v0
1099661990,Checkers,0,GAME_OVER,178,177,2,172,1,MCTS_v0,1,1,1,MCTS_v0
135675094,Checkers,0,GAME_OVER,113,112,2,173,1,MCTS_v0,1,2,2,MCTS_v0
855059001,Checkers,0,GAME_OVER,104,103,2,174,1,MCTS_v0,1,2,2,MCTS_v0
1172228948,Checkers,0,GAME_OVER,170,169,2,175,2,MCTS_v0,2,1,1,MCTS_v0
1557631987,Checkers,0,GAME_OVER,177,176,2,176,1,MCTS_v0,1,1,1,MCTS_v0
215232016,Checkers,0,GAME_OVER,115,114,2,177,2,MCTS_v0,2,1,1,MCTS_v0
965841975,Checkers,0,GAME_OVER,93,92,2,178,1,MCTS_v0,1,2,2,MCTS_v0
1368214283,Checkers,0,GAME_OVER,99,98,2,179,2,MCTS_v0,2,1,1,MCTS_v0
278402738,Checkers,0,GAME_OVER,100,99,2,180,1,MCTS_v0,1,2,2,MCTS_v0
39826850,Checkers,0,GAME_OVER,100,99,2,181,1,MCTS_v0,1,2,2,MCTS_v0
1397230288,Checkers,0,GAME_OVER,150,149,2,182,1,MCTS_v0,1,1,1,MCTS_v0
186065874,Checkers,0,GAME_OVER,190,189,2,183,1,MCTS_v0,1,1,1,MCTS_v0
1890892223,Checkers,0,GAME_OVER,105,104,2,184,2,MCTS_v0,2,1,1,MCTS_v0
49631141,Checkers,0,GAME_OVER,98,97,2,185,2,MCTS_v0,2,1,1,MCTS_v0
59729467,Checkers,0,GAME_OVER,193,192,2,186,1,MCTS_v0,1,1,1,MCTS_v0
411018702,Checkers,0,GAME_OVER,128,127,2,187,2,MCTS_v0,2,1,1,MCTS_v0
1652668031,Checkers,0,GAME_OVER,95,94,2,188,2,MCTS_v0,2,1,1,MCTS_v0
-174465613,Checkers,0,GAME_OVER,117,116,2,189,2,MCTS_v0,2,1,1,MCTS_v0
-1327324403,Checkers,0,GAME_OVER,101,100,2,190,2,MCTS_v0,2,1,1,MCTS_v0
1277879419,Checkers,0,GAME_OVER,194,193,2,191,1,MCTS_v0,1,1,1,MCTS_v0
-535033564,Checkers,0,GAME_OVER,141,140,2,192,1,MCTS_v0,1,2,2,MCTS_v0
-308562979,Checkers,0,GAME_OVER,103,102,2,193,2,MCTS_v0,2,1,1,MCTS_v0
-917987805,Checkers,0,GAME_OVER,229,228,2,194,1,MCTS_v0,1,1,1,MCTS_v0
1187876542,Checkers,0,GAME_OVER,135,134,2,195,2,MCTS_v0,2,1,1,MCTS_v0
-233150162,Checkers,0,GAME_OVER,152,151,2,196,2,MCTS_v0,2,1,1,MCTS_v0
199426273,Checkers,0,GAME_OVER,120,119,2,197,2,MCTS_v0,2,1,1,MCTS_v0
387918533,Checkers,0,GAME_OVER,99,98,2,198,1,MCTS_v0,1,2,2,MCTS_v0
-1460030406,Checkers,0,GAME_OVER,119,118,2,199,1,MCTS_v0,1,2,2,MCTS_v0
53921332,Checkers,0,GAME_OVER,124,123,2,200,2,MCTS_v0,2,1,1,MCTS_v0
1625556380,Checkers,0,GAME_OVER,239,238,2,201,1,MCTS_v0,1,1,1,MCTS_v0
-655329308,Checkers,0,GAME_OVER,123,122,2,202,1,MCTS_v0,1,2,2,OSLA
-264641165,Checkers,0,GAME_OVER,212,211,2,203,2,MCTS_v0,2,1,1,OSLA
304020803,Checkers,0,GAME_OVER,130,129,2,204,2,MCTS_v0,2,1,1,OSLA
-810158299,Checkers,0,GAME_OVER,130,129,2,205,2,MCTS_v0,2,1,1,OSLA
-2063716319,Checkers,0,GAME_OVER,121,120,2,206,2,MCTS_v0,2,1,1,OSLA
-1095536654,Checkers,0,GAME_OVER,113,112,2,207,2,MCTS_v0,2,1,1,OSLA
1149489710,Checkers,0,GAME_OVER,184,183,2,208,2,MCTS_v0,2,1,1,OSLA
-2028663098,Checkers,0,GAME_OVER,159,158,2,209,1,MCTS_v0,1,1,1,OSLA
-1910142585,Checkers,0,GAME_OVER,129,128,2,210,2,MCTS_v0,2,1,1,OSLA
710411956,Checkers,0,GAME_OVER,131,130,2,211,2,MCTS_v0,2,1,1,OSLA
-754472517,Checkers,0,GAME_OVER,79,78,2,212,1,MCTS_v0,1,2,2,OSLA
-1864614547,Checkers,0,GAME_OVER,106,105,2,213,2,MCTS_v0,2,1,1,OSLA
-427594544,Checkers,0,GAME_OVER,88,87,2,214,1,MCTS_v0,1,2,2,OSLA
-1144879371,Checkers,0,GAME_OVER,126,125,2,215,2,MCTS_v0,2,1,1,OSLA
-498414262,Checkers,0,GAME_OVER,140,139,2,216,2,MCTS_v0,2,1,1,OSLA
1024729430,Checkers,0,GAME_OVER,122,121,2,217,2,MCTS_v0,2,1,1,OSLA
568139855,Checkers,0,GAME_OVER,105,104,2,218,1,MCTS_v0,1,2,2,OSLA
-430594965,Checkers,0,GAME_OVER,178,177,2,219,1,MCTS_v0,1,1,1,OSLA
905693017,Checkers,0,GAME_OVER,168,167,2,220,2,MCTS_v0,2,1,1,OSLA
-1533735690,Checkers,0,GAME_OVER,110,109,2,221,2,MCTS_v0,2,1,1,OSLA
-1200364784,Checkers,0,GAME_OVER,123,122,2,222,2,MCTS_v0,2,1,1,OSLA
-689483878,Checkers,0,GAME_OVER,152,151,2,223,2,MCTS_v0,2,1,1,OSLA
1529965898,Checkers,0,GAME_OVER,101,100,2,224,1,MCTS_v0,1,2,2,OSLA
-1898756236,Checkers,0,GAME_OVER,167,166,2,225,2,MCTS_v0,2,1,1,OSLA
1674876477,Checkers,0,GAME_OVER,140,139,2,226,2,MCTS_v0,2,1,1,OSLA
1787538790,Checkers,0,GAME_OVER,163,162,2,227,2,MCTS_v0,2,1,1,OSLA
-1414184600,Checkers,0,GAME_OVER,79,78,2,228,1,MCTS_v0,1,2,2,OSLA
-2142609321,Checkers,0,GAME_OVER,218,217,2,229,1,MCTS_v0,1,1,1,OSLA
-240248637,Checkers,0,GAME_OVER,134,133,2,230,1,MCTS_v0,1,1,1,OSLA
1029665769,Checkers,0,GAME_OVER,198,197,2,231,1,MCTS_v0,1,1,1,OSLA
-721194709,Checkers,0,GAME_OVER,101,100,2,232,1,MCTS_v0,1,2,2,OSLA
-1835169153,Checkers,0,GAME_OVER,163,162,2,233,1,MCTS_v0,1,1,1,OSLA
-868271820,Checkers,0,GAME_OVER,115,114,2,234,2,MCTS_v0,2,1,1,OSLA
1054523526,Checkers,0,GAME_OVER,147,146,2,235,2,MCTS_v0,2,1,1,OSLA
508949435,Checkers,0,GAME_OVER,177,176,2,236,1,MCTS_v0,1,1,1,OSLA
-563203495,Checkers,0,GAME_OVER,102,101,2,237,1,MCTS_v0,1,2,2,OSLA
1704419822,Checkers,0,GAME_OVER,155,154,2,238,2,MCTS_v0,2,1,1,OSLA
1613937470,Checkers,0,GAME_OVER,115,114,2,239,1,MCTS_v0,1,2,2,OSLA
-899380046,Checkers,0,GAME_OVER,131,130,2,240,1,MCTS_v0,1,2,2,OSLA
558449485,Checkers,0,GAME_OVER,244,243,2,241,1,MCTS_v0,1,1,1,OSLA
-1460444291,Checkers,0,GAME_OVER,123,122,2,242,2,MCTS_v0,2,1,1,OSLA
-2099143871,Checkers,0,GAME_OVER,162,161,2,243,2,MCTS_v0,2,1,1,OSLA
1809561382,Checkers,0,GAME_OVER,135,134,2,244,1,MCTS_v0,1,1,1,OSLA
-1424043909,Checkers,0,GAME_OVER,107,106,2,245,2,MCTS_v0,2,1,1,OSLA
909246781,Checkers,0,GAME_OVER,93,92,2,246,1,MCTS_v0,1,2,2,OSLA
1590812872,Checkers,0,GAME_OVER,108,107,2,247,2,MCTS_v0,2,1,1,OSLA
-483869467,Checkers,0,GAME_OVER,141,140,2,248,2,MCTS_v0,2,1,1,OSLA
901715111,Checkers,0,GAME_OVER,130,129,2,249,2,MCTS_v0,2,1,1,OSLA
-51239868,Checkers,0,GAME_OVER,196,195,2,250,1,MCTS_v0,1,1,1,OSLA
1378015265,Checkers,0,GAME_OVER,100,99,2,251,2,MCTS_v0,2,1,1,OSLA
-1856406014,Checkers,0,GAME_OVER,175,174,2,252,1,MCTS_v0,1,1,1,OSLA
18021745,Checkers,0,GAME_OVER,153,152,2,253,1,MCTS_v0,1,1,1,OSLA
2040977534,Checkers,0,GAME_OVER,169,168,2,254,2,MCTS_v0,2,1,1,OSLA
-313935349,Checkers,0,GAME_OVER,94,93,2,255,1,MCTS_v0,1,2,2,OSLA
1790094480,Checkers,0,GAME_OVER,133,132,2,256,2,MCTS_v0,2,1,1,OSLA
-948587063,Checkers,0,GAME_OVER,104,103,2,257,1,MCTS_v0,1,2,2,OSLA
1829468184,Checkers,0,GAME_OVER,89,88,2,258,1,MCTS_v0,1,2,2,OSLA
649329987,Checkers,0,GAME_OVER,120,119,2,259,2,MCTS_v0,2,1,1,OSLA
1418166445,Checkers,0,GAME_OVER,132,131,2,260,2,MCTS_v0,2,1,1,OSLA
-369630303,Checkers,0,GAME_OVER,71,70,2,261,1,MCTS_v0,1,2,2,OSLA
405055778,Checkers,0,GAME_OVER,195,194,2,262,1,MCTS_v0,1,1,1,OSLA
-700142242,Checkers,0,GAME_OVER,124,123,2,263,2,MCTS_v0,2,1,1,OSLA
956967106,Checkers,0,GAME_OVER,151,150,2,264,2,MCTS_v0,2,1,1,OSLA
-1683190557,Checkers,0,GAME_OVER,112,111,2,265,2,MCTS_v0,2,1,1,OSLA
1788940655,Checkers,0,GAME_OVER,146,145,2,266,1,MCTS_v0,1,1,1,OSLA
-464528679,Checkers,0,GAME_OVER,84,83,2,267,1,MCTS_v0,1,2,2,OSLA
-1719895544,Checkers,0,GAME_OVER,89,88,2,268,1,MCTS_v0,1,2,2,OSLA
279631780,Checkers,0,GAME_OVER,103,102,2,269,1,MCTS_v0,1,2,2,OSLA
-516496193,Checkers,0,GAME_OVER,186,185,2,270,1,MCTS_v0,1,1,1,OSLA
1179940974,Checkers,0,GAME_OVER,163,162,2,271,1,MCTS_v0,1,1,1,OSLA
127706445,Checkers,0,GAME_OVER,142,141,2,272,2,MCTS_v0,2,1,1,OSLA
2020546970,Checkers,0,GAME_OVER,121,120,2,273,2,MCTS_v0,2,1,1,OSLA
734638367,Checkers,0,GAME_OVER,103,102,2,274,1,MCTS_v0,1,2,2,OSLA
-689555032,Checkers,0,GAME_OVER,143,142,2,275,2,MCTS_v0,2,1,1,OSLA
-1163791369,Checkers,0,GAME_OVER,124,123,2,276,1,MCTS_v0,1,2,2,OSLA
922282699,Checkers,0,GAME_OVER,80,79,2,277,1,MCTS_v0,1,2,2,OSLA
-638186096,Checkers,0,GAME_OVER,117,116,2,278,2,MCTS_v0,2,1,1,OSLA
-2093070663,Checkers,0,GAME_OVER,96,95,2,279,1,MCTS_v0,1,2,2,OSLA
-1764110007,Checkers,0,GAME_OVER,151,150,2,280,2,MCTS_v0,2,1,1,OSLA
-1146409081,Checkers,0,GAME_OVER,198,197,2,281,2,MCTS_v0,2,1,1,OSLA
-430502169,Checkers,0,GAME_OVER,161,160,2,282,1,MCTS_v0,1,1,1,OSLA
2030229899,Checkers,0,GAME_OVER,103,102,2,283,1,MCTS_v0,1,2,2,OSLA
691381220,Checkers,0,GAME_OVER,106,105,2,284,1,MCTS_v0,1,2,2,OSLA
198069656,Checkers,0,GAME_OVER,140,139,2,285,2,MCTS_v0,2,1,1,OSLA
-810309901,Checkers,0,GAME_OVER,112,111,2,286,2,MCTS_v0,2,1,1,OSLA
-1891428332,Checkers,0,GAME_OVER,178,177,2,287,1,MCTS_v0,1,1,1,OSLA
-1105314927,Checkers,0,GAME_OVER,192,191,2,288,1,MCTS_v0,1,1,1,OSLA
-1746665289,Checkers,0,GAME_OVER,104,103,2,289,1,MCTS_v0,1,2,2,OSLA
830493156,Checkers,0,GAME_OVER,107,106,2,290,2,MCTS_v0,2,1,1,OSLA
1202044910,Checkers,0,GAME_OVER,155,154,2,291,2,MCTS_v0,2,1,1,OSLA
1424611133,Checkers,0,GAME_OVER,156,155,2,292,2,MCTS_v0,2,1,1,OSLA
-234913216,Checkers,0,GAME_OVER,167,166,2,293,1,MCTS_v0,1,1,1,OSLA
1292088810,Checkers,0,GAME_OVER,139,138,2,294,2,MCTS_v0,2,1,1,OSLA
2107537190,Checkers,0,GAME_OVER,116,115,2,295,2,MCTS_v0,2,1,1,OSLA
2073954116,Checkers,0,GAME_OVER,100,99,2,296,1,MCTS_v0,1,2,2,OSLA
525072425,Checkers,0,GAME_OVER,133,132,2,297,2,MCTS_v0,2,1,1,OSLA
1748179228,Checkers,0,GAME_OVER,150,149,2,298,2,MCTS_v0,2,1,1,OSLA
1114035795,Checkers,0,GAME_OVER,171,170,2,299,1,MCTS_v0,1,1,1,OSLA
1500966898,Checkers,0,GAME_OVER,82,81,2,300,1,MCTS_v0,1,2,2,OSLA
1662410544,Checkers,0,GAME_OVER,222,221,2,301,1,MCTS_v0,1,1,1,OSLA
692441499,Checkers,0,GAME_OVER,108,107,2,302,2,MCTS_v0,2,1,1,OSLA
-357203990,Checkers,0,GAME_OVER,93,92,2,303,1,MCTS_v0,1,2,2,OSLA
1581363269,Checkers,0,GAME_OVER,176,175,2,304,1,MCTS_v0,1,1,1,OSLA
-716217261,Checkers,0,GAME_OVER,145,144,2,305,2,MCTS_v0,2,1,1,OSLA
1682772983,Checkers,0,GAME_OVER,150,149,2,306,2,MCTS_v0,2,1,1,OSLA
-134293295,Checkers,0,GAME_OVER,122,121,2,307,2,MCTS_v0,2,1,1,OSLA
959443192,Checkers,0,GAME_OVER,117,116,2,308,2,MCTS_v0,2,1,1,OSLA
-590552699,Checkers,0,GAME_OVER,124,123,2,309,2,MCTS_v0,2,1,1,OSLA
219136976,Checkers,0,GAME_OVER,103,102,2,310,2,MCTS_v0,2,1,1,OSLA
531641905,Checkers,0,GAME_OVER,106,105,2,311,1,MCTS_v0,1,2,2,OSLA
799465404,Checkers,0,GAME_OVER,89,88,2,312,1,MCTS_v0,1,2,2,OSLA
-1244008034,Checkers,0,GAME_OVER,217,216,2,313,1,MCTS_v0,1,1,1,OSLA
-247452992,Checkers,0,GAME_OVER,100,99,2,314,2,MCTS_v0,2,1,1,OSLA
680498320,Checkers,0,GAME_OVER,130,129,2,315,2,MCTS_v0,2,1,1,OSLA
2079070920,Checkers,0,GAME_OVER,85,84,2,316,1,MCTS_v0,1,2,2,OSLA
-1289760878,Checkers,0,GAME_OVER,172,171,2,317,1,MCTS_v0,1,1,1,OSLA
1880865144,Checkers,0,GAME_OVER,81,80,2,318,1,MCTS_v0,1,2,2,OSLA
-428397538,Checkers,0,GAME_OVER,180,179,2,319,1,MCTS_v0,1,1,1,OSLA
-1732816748,Checkers,0,GAME_OVER,135,134,2,320,2,MCTS_v0,2,1,1,OSLA
-2132740891,Checkers,0,GAME_OVER,88,87,2,321,1,MCTS_v0,1,2,2,OSLA
-488425688,Checkers,0,GAME_OVER,84,83,2,322,2,MCTS_v0,2,1,1,OSLA
407205454,Checkers,0,GAME_OVER,149,148,2,323,2,MCTS_v0,2,1,1,OSLA
-505964576,Checkers,0,GAME_OVER,136,135,2,324,2,MCTS_v0,2,1,1,OSLA
-1272763554,Checkers,0,GAME_OVER,181,180,2,325,1,MCTS_v0,1,1,1,OSLA
-946076892,Checkers,0,GAME_OVER,147,146,2,326,1,MCTS_v0,1,1,1,OSLA
-129009496,Checkers,0,GAME_OVER,153,152,2,327,1,MCTS_v0,1,1,1,OSLA
-1752710150,Checkers,0,GAME_OVER,72,71,2,328,1,MCTS_v0,1,2,2,OSLA
-1610840582,Checkers,0,GAME_OVER,98,97,2,329,1,MCTS_v0,1,2,2,OSLA
-747549500,Checkers,0,GAME_OVER,207,206,2,330,1,MCTS_v0,1,1,1,OSLA
-1507039011,Checkers,0,GAME_OVER,135,134,2,331,2,MCTS_v0,2,1,1,OSLA
2046638401,Checkers,0,GAME_OVER,77,76,2,332,1,MCTS_v0,1,2,2,OSLA
1174566179,Checkers,0,GAME_OVER,94,93,2,333,1,MCTS_v0,1,2,2,OSLA
-703175285,Checkers,0,GAME_OVER,101,100,2,334,1,MCTS_v0,1,2,2,OSLA
1049558555,Checkers,0,GAME_OVER,83,82,2,335,1,MCTS_v0,1,2,2,OSLA
24184292,Checkers,0,GAME_OVER,88,87,2,336,1,MCTS_v0,1,2,2,OSLA
723085857,Checkers,0,GAME_OVER,82,81,2,337,1,MCTS_v0,1,2,2,OSLA
704221578,Checkers,0,GAME_OVER,89,88,2,338,1,MCTS_v0,1,2,2,OSLA
475136930,Checkers,0,GAME_OVER,90,89,2,339,1,MCTS_v0,1,2,2,OSLA
-728022289,Checkers,0,GAME_OVER,132,131,2,340,2,MCTS_v0,2,1,1,OSLA
-1965638191,Checkers,0,GAME_OVER,123,122,2,341,1,MCTS_v0,1,2,2,OSLA
1344862726,Checkers,0,GAME_OVER,103,102,2,342,1,MCTS_v0,1,2,2,OSLA
-769458025,Checkers,0,GAME_OVER,133,132,2,343,2,MCTS_v0,2,1,1,OSLA
-124452472,Checkers,0,GAME_OVER,90,89,2,344,1,MCTS_v0,1,2,2,OSLA
1754123923,Checkers,0,GAME_OVER,87,86,2,345,1,MCTS_v0,1,2,2,OSLA
817997400,Checkers,0,GAME_OVER,110,109,2,346,2,MCTS_v0,2,1,1,OSLA
2005862680,Checkers,0,GAME_OVER,170,169,2,347,2,MCTS_v0,2,1,1,OSLA
966084725,Checkers,0,GAME_OVER,107,106,2,348,1,MCTS_v0,1,2,2,OSLA
557615496,Checkers,0,GAME_OVER,125,124,2,349,2,MCTS_v0,2,1,1,OSLA
1406836500,Checkers,0,GAME_OVER,212,211,2,350,1,MCTS_v0,1,1,1,OSLA
-1008530288,Checkers,0,GAME_OVER,142,141,2,351,1,MCTS_v0,1,2,2,OSLA
809625056,Checkers,0,GAME_OVER,96,95,2,352,2,MCTS_v0,2,1,1,OSLA
-1541745923,Checkers,0,GAME_OVER,176,175,2,353,2,MCTS_v0,2,1,1,OSLA
-1319329939,Checkers,0,GAME_OVER,130,129,2,354,2,MCTS_v0,2,1,1,OSLA
-1768802997,Checkers,0,GAME_OVER,103,102,2,355,2,MCTS_v0,2,1,1,OSLA
-1013638818,Checkers,0,GAME_OVER,182,181,2,356,1,MCTS_v0,1,1,1,OSLA
1272152609,Checkers,0,GAME_OVER,151,150,2,357,2,MCTS_v0,2,1,1,OSLA
-2108098344,Checkers,0,GAME_OVER,122,121,2,358,2,MCTS_v0,2,1,1,OSLA
1021979980,Checkers,0,GAME_OVER,88,87,2,359,1,MCTS_v0,1,2,2,OSLA
400906797,Checkers,0,GAME_OVER,122,121,2,360,2,MCTS_v0,2,1,1,OSLA
1604641790,Checkers,0,GAME_OVER,180,179,2,361,2,MCTS_v0,2,1,1,OSLA
-1032286994,Checkers,0,GAME_OVER,146,145,2,362,1,MCTS_v0,1,2,2,OSLA
1493589086,Checkers,0,GAME_OVER,87,86,2,363,1,MCTS_v0,1,2,2,OSLA
11320765,Checkers,0,GAME_OVER,83,82,2,364,1,MCTS_v0,1,2,2,OSLA
-1525548634,Checkers,0,GAME_OVER,97,96,2,365,1,MCTS_v0,1,2,2,OSLA
-431619690,Checkers,0,GAME_OVER,90,89,2,366,1,MCTS_v0,1,2,2,OSLA
1936749416,Checkers,0,GAME_OVER,166,165,2,367,2,MCTS_v0,2,1,1,OSLA
-2004761999,Checkers,0,GAME_OVER,136,135,2,368,2,MCTS_v0,2,1,1,OSLA
-1347623508,Checkers,0,GAME_OVER,112,111,2,369,2,MCTS_v0,2,1,1,OSLA
832869218,Checkers,0,GAME_OVER,134,133,2,370,2,MCTS_v0,2,1,1,OSLA
955111685,Checkers,0,GAME_OVER,91,90,2,371,1,MCTS_v0,1,2,2,OSLA
1099661990,Checkers,0,GAME_OVER,145,144,2,372,2,MCTS_v0,2,1,1,OSLA
135675094,Checkers,0,GAME_OVER,236,235,2,373,1,MCTS_v0,1,1,1,OSLA
855059001,Checkers,0,GAME_OVER,94,93,2,374,1,MCTS_v0,1,2,2,OSLA
1172228948,Checkers,0,GAME_OVER,83,82,2,375,1,MCTS_v0,1,2,2,OSLA
1557631987,Checkers,0,GAME_OVER,95,94,2,376,1,MCTS_v0,1,2,2,OSLA
215232016,Checkers,0,GAME_OVER,163,162,2,377,1,MCTS_v0,1,1,1,OSLA
965841975,Checkers,0,GAME_OVER,95,94,2,378,1,MCTS_v0,1,2,2,OSLA
1368214283,Checkers,0,GAME_OVER,173,172,2,379,1,MCTS_v0,1,1,1,OSLA
278402738,Checkers,0,GAME_OVER,105,104,2,380,1,MCTS_v0,1,2,2,OSLA
39826850,Checkers,0,GAME_OVER,84,83,2,381,1,MCTS_v0,1,2,2,OSLA
1397230288,Checkers,0,GAME_OVER,95,94,2,382,1,MCTS_v0,1,2,2,OSLA
186065874,Checkers,0,GAME_OVER,144,143,2,383,1,MCTS_v0,1,1,1,OSLA
1890892223,Checkers,0,GAME_OVER,123,122,2,384,2,MCTS_v0,2,1,1,OSLA
49631141,Checkers,0,GAME_OVER,99,98,2,385,1,MCTS_v0,1,2,2,OSLA
59729467,Checkers,0,GAME_OVER,107,106,2,386,2,MCTS_v0,2,1,1,OSLA
411018702,Checkers,0,GAME_OVER,89,88,2,387,1,MCTS_v0,1,2,2,OSLA
1652668031,Checkers,0,GAME_OVER,117,116,2,388,2,MCTS_v0,2,1,1,OSLA
-174465613,Checkers,0,GAME_OVER,87,86,2,389,1,MCTS_v0,1,2,2,OSLA
-1327324403,Checkers,0,GAME_OVER,87,86,2,390,1,MCTS_v0,1,2,2,OSLA
1277879419,Checkers,0,GAME_OVER,99,98,2,391,1,MCTS_v0,1,2,2,OSLA
-535033564,Checkers,0,GAME_OVER,145,144,2,392,2,MCTS_v0,2,1,1,OSLA
-308562979,Checkers,0,GAME_OVER,208,207,2,393,1,MCTS_v0,1,2,2,OSLA
-917987805,Checkers,0,GAME_OVER,144,143,2,394,2,MCTS_v0,2,1,1,OSLA
1187876542,Checkers,0,GAME_OVER,109,108,2,395,2,MCTS_v0,2,1,1,OSLA
-233150162,Checkers,0,GAME_OVER,192,191,2,396,2,MCTS_v0,2,1,1,OSLA
199426273,Checkers,0,GAME_OVER,119,118,2,397,2,MCTS_v0,2,1,1,OSLA
387918533,Checkers,0,GAME_OVER,91,90,2,398,1,MCTS_v0,1,2,2,OSLA
-1460030406,Checkers,0,GAME_OVER,110,109,2,399,2,MCTS_v0,2,1,1,OSLA
53921332,Checkers,0,GAME_OVER,169,168,2,400,1,MCTS_v0,1,1,1,OSLA
1625556380,Checkers,0,GAME_OVER,139,138,2,401,2,MCTS_v0,2,1,1,OSLA
-655329308,Checkers,0,GAME_OVER,99,98,2,402,2,MCTS_v0,2,1,1,Random
-264641165,Checkers,0,GAME_OVER,77,76,2,403,2,MCTS_v0,2,1,1,Random
304020803,Checkers,0,GAME_OVER,96,95,2,404,2,MCTS_v0,2,1,1,Random
-810158299,Checkers,0,GAME_OVER,105,104,2,405,2,MCTS_v0,2,1,1,Random
-2063716319,Checkers,0,GAME_OVER,87,86,2,406,2,MCTS_v0,2,1,1,Random
-1095536654,Checkers,0,GAME_OVER,73,72,2,407,2,MCTS_v0,2,1,1,Random
1149489710,Checkers,0,GAME_OVER,85,84,2,408,2,MCTS_v0,2,1,1,Random
-2028663098,Checkers,0,GAME_OVER,80,79,2,409,2,MCTS_v0,2,1,1,Random
-1910142585,Checkers,0,GAME_OVER,93,92,2,410,2,MCTS_v0,2,1,1,Random
710411956,Checkers,0,GAME_OVER,85,84,2,411,2,MCTS_v0,2,1,1,Random
-754472517,Checkers,0,GAME_OVER,81,80,2,412,2,MCTS_v0,2,1,1,Random
-1864614547,Checkers,0,GAME_OVER,75,74,2,413,2,MCTS_v0,2,1,1,Random
-427594544,Checkers,0,GAME_OVER,98,97,2,414,2,MCTS_v0,2,1,1,Random
-1144879371,Checkers,0,GAME_OVER,100,99,2,415,2,MCTS_v0,2,1,1,Random
-498414262,Checkers,0,GAME_OVER,84,83,2,416,2,MCTS_v0,2,1,1,Random
1024729430,Checkers,0,GAME_OVER,92,91,2,417,2,MCTS_v0,2,1,1,Random
568139855,Checkers,0,GAME_OVER,86,85,2,418,2,MCTS_v0,2,1,1,Random
-430594965,Checkers,0,GAME_OVER,91,90,2,419,2,MCTS_v0,2,1,1,Random
905693017,Checkers,0,GAME_OVER,81,80,2,420,2,MCTS_v0,2,1,1,Random
-1533735690,Checkers,0,GAME_OVER,82,81,2,421,2,MCTS_v0,2,1,1,Random
-1200364784,Checkers,0,GAME_OVER,76,75,2,422,2,MCTS_v0,2,1,1,Random
-689483878,Checkers,0,GAME_OVER,78,77,2,423,2,MCTS_v0,2,1,1,Random
1529965898,Checkers,0,GAME_OVER,92,91,2,424,2,MCTS_v0,2,1,1,Random
-1898756236,Checkers,0,GAME_OVER,88,87,2,425,2,MCTS_v0,2,1,1,Random
1674876477,Checkers,0,GAME_OVER,84,83,2,426,2,MCTS_v0,2,1,1,Random
1787538790,Checkers,0,GAME_OVER,77,76,2,427,2,MCTS_v0,2,1,1,Random
-1414184600,Checkers,0,GAME_OVER,68,67,2,428,2,MCTS_v0,2,1,1,Random
-2142609321,Checkers,0,GAME_OVER,92,91,2,429,2,MCTS_v0,2,1,1,Random
-240248637,Checkers,0,GAME_OVER,98,97,2,430,2,MCTS_v0,2,1,1,Random
1029665769,Checkers,0,GAME_OVER,71,70,2,431,2,MCTS_v0,2,1,1,Random
-721194709,Checkers,0,GAME_OVER,96,95,2,432,2,MCTS_v0,2,1,1,Random
-1835169153,Checkers,0,GAME_OVER,84,83,2,433,2,MCTS_v0,2,1,1,Random
-868271820,Checkers,0,GAME_OVER,95,94,2,434,2,MCTS_v0,2,1,1,Random
1054523526,Checkers,0,GAME_OVER,87,86,2,435,2,MCTS_v0,2,1,1,Random
508949435,Checkers,0,GAME_OVER,93,92,2,436,2,MCTS_v0,2,1,1,Random
-563203495,Checkers,0,GAME_OVER,85,84,2,437,2,MCTS_v0,2,1,1,Random
1704419822,Checkers,0,GAME_OVER,86,85,2,438,2,MCTS_v0,2,1,1,Random
1613937470,Checkers,0,GAME_OVER,87,86,2,439,2,MCTS_v0,2,1,1,Random
-899380046,Checkers,0,GAME_OVER,89,88,2,440,2,MCTS_v0,2,1,1,Random
558449485,Checkers,0,GAME_OVER,93,92,2,441,2,MCTS_v0,2,1,1,Random
-1460444291,Checkers,0,GAME_OVER,69,68,2,442,2,MCTS_v0,2,1,1,Random
-2099143871,Checkers,0,GAME_OVER,92,91,2,443,2,MCTS_v0,2,1,1,Random
1809561382,Checkers,0,GAME_OVER,86,85,2,444,2,MCTS_v0,2,1,1,Random
-1424043909,Checkers,0,GAME_OVER,79,78,2,445,2,MCTS_v0,2,1,1,Random
909246781,Checkers,0,GAME_OVER,83,82,2,446,2,MCTS_v0,2,1,1,Random
1590812872,Checkers,0,GAME_OVER,71,70,2,447,2,MCTS_v0,2,1,1,Random
-483869467,Checkers,0,GAME_OVER,95,94,2,448,2,MCTS_v0,2,1,1,Random
901715111,Checkers,0,GAME_OVER,101,100,2,449,2,MCTS_v0,2,1,1,Random
-51239868,Checkers,0,GAME_OVER,97,96,2,450,2,MCTS_v0,2,1,1,Random
1378015265,Checkers,0,GAME_OVER,73,72,2,451,2,MCTS_v0,2,1,1,Random
-1856406014,Checkers,0,GAME_OVER,79,78,2,452,2,MCTS_v0,2,1,1,Random
18021745,Checkers,0,GAME_OVER,69,68,2,453,2,MCTS_v0,2,1,1,Random
2040977534,Checkers,0,GAME_OVER,75,74,2,454,2,MCTS_v0,2,1,1,Random
-313935349,Checkers,0,GAME_OVER,66,65,2,455,2,MCTS_v0,2,1,1,Random
1790094480,Checkers,0,GAME_OVER,62,61,2,456,2,MCTS_v0,2,1,1,Random
-948587063,Checkers,0,GAME_OVER,103,102,2,457,2,MCTS_v0,2,1,1,Random
1829468184,Checkers,0,GAME_OVER,61,60,2,458,2,MCTS_v0,2,1,1,Random
649329987,Checkers,0,GAME_OVER,83,82,2,459,2,MCTS_v0,2,1,1,Random
1418166445,Checkers,0,GAME_OVER,84,83,2,460,2,MCTS_v0,2,1,1,Random
-369630303,Checkers,0,GAME_OVER,83,82,2,461,2,MCTS_v0,2,1,1,Random
405055778,Checkers,0,GAME_OVER,86,85,2,462,2,MCTS_v0,2,1,1,Random
-700142242,Checkers,0,GAME_OVER,90,89,2,463,2,MCTS_v0,2,1,1,Random
956967106,Checkers,0,GAME_OVER,105,104,2,464,2,MCTS_v0,2,1,1,Random
-1683190557,Checkers,0,GAME_OVER,86,85,2,465,2,MCTS_v0,2,1,1,Random
1788940655,Checkers,0,GAME_OVER,76,75,2,466,2,MCTS_v0,2,1,1,Random
-464528679,Checkers,0,GAME_OVER,82,81,2,467,2,MCTS_v0,2,1,1,Random
-1719895544,Checkers,0,GAME_OVER,66,65,2,468,2,MCTS_v0,2,1,1,Random
279631780,Checkers,0,GAME_OVER,77,76,2,469,2,MCTS_v0,2,1,1,Random
-516496193,Checkers,0,GAME_OVER,106,105,2,470,2,MCTS_v0,2,1,1,Random
1179940974,Checkers,0,GAME_OVER,95,94,2,471,2,MCTS_v0,2,1,1,Random
127706445,Checkers,0,GAME_OVER,93,92,2,472,2,MCTS_v0,2,1,1,Random
2020546970,Checkers,0,GAME_OVER,98,97,2,473,2,MCTS_v0,2,1,1,Random
734638367,Checkers,0,GAME_OVER,77,76,2,474,2,MCTS_v0,2,1,1,Random
-689555032,Checkers,0,GAME_OVER,82,81,2,475,2,MCTS_v0,2,1,1,Random
-1163791369,Checkers,0,GAME_OVER,91,90,2,476,2,MCTS_v0,2,1,1,Random
922282699,Checkers,0,GAME_OVER,70,69,2,477,2,MCTS_v0,2,1,1,Random
-638186096,Checkers,0,GAME_OVER,88,87,2,478,2,MCTS_v0,2,1,1,Random
-2093070663,Checkers,0,GAME_OVER,98,97,2,479,2,MCTS_v0,2,1,1,Random
-1764110007,Checkers,0,GAME_OVER,83,82,2,480,2,MCTS_v0,2,1,1,Random
-1146409081,Checkers,0,GAME_OVER,90,89,2,481,2,MCTS_v0,2,1,1,Random
-430502169,Checkers,0,GAME_OVER,73,72,2,482,2,MCTS_v0,2,1,1,Random
2030229899,Checkers,0,GAME_OVER,88,87,2,483,2,MCTS_v0,2,1,1,Random
691381220,Checkers,0,GAME_OVER,87,86,2,484,2,MCTS_v0,2,1,1,Random
198069656,Checkers,0,GAME_OVER,84,83,2,485,2,MCTS_v0,2,1,1,Random
-810309901,Checkers,0,GAME_OVER,96,95,2,486,2,MCTS_v0,2,1,1,Random
-1891428332,Checkers,0,GAME_OVER,88,87,2,487,2,MCTS_v0,2,1,1,Random
-1105314927,Checkers,0,GAME_OVER,95,94,2,488,2,MCTS_v0,2,1,1,Random
-1746665289,Checkers,0,GAME_OVER,74,73,2,489,2,MCTS_v0,2,1,1,Random
830493156,Checkers,0,GAME_OVER,84,83,2,490,2,MCTS_v0,2,1,1,Random
1202044910,Checkers,0,GAME_OVER,81,80,2,491,2,MCTS_v0,2,1,1,Random
1424611133,Checkers,0,GAME_OVER,88,87,2,492,2,MCTS_v0,2,1,1,Random
-234913216,Checkers,0,GAME_OVER,83,82,2,493,2,MCTS_v0,2,1,1,Random
1292088810,Checkers,0,GAME_OVER,71,70,2,494,2,MCTS_v0,2,1,1,Random
2107537190,Checkers,0,GAME_OVER,82,81,2,495,2,MCTS_v0,2,1,1,Random
2073954116,Checkers,0,GAME_OVER,94,93,2,496,2,MCTS_v0,2,1,1,Random
525072425,Checkers,0,GAME_OVER,81,80,2,497,2,MCTS_v0,2,1,1,Random
1748179228,Checkers,0,GAME_OVER,99,98,2,498,2,MCTS_v0,2,1,1,Random
1114035795,Checkers,0,GAME_OVER,78,77,2,499,2,MCTS_v0,2,1,1,Random
1500966898,Checkers,0,GAME_OVER,86,85,2,500,2,MCTS_v0,2,1,1,Random
1662410544,Checkers,0,GAME_OVER,98,97,2,501,2,MCTS_v0,2,1,1,Random
692441499,Checkers,0,GAME_OVER,89,88,2,502,2,MCTS_v0,2,1,1,Random
-357203990,Checkers,0,GAME_OVER,78,77,2,503,2,MCTS_v0,2,1,1,Random
1581363269,Checkers,0,GAME_OVER,84,83,2,504,2,MCTS_v0,2,1,1,Random
-716217261,Checkers,0,GAME_OVER,87,86,2,505,2,MCTS_v0,2,1,1,Random
1682772983,Checkers,0,GAME_OVER,99,98,2,506,2,MCTS_v0,2,1,1,Random
-134293295,Checkers,0,GAME_OVER,117,116,2,507,2,MCTS_v0,2,1,1,Random
959443192,Checkers,0,GAME_OVER,99,98,2,508,2,MCTS_v0,2,1,1,Random
-590552699,Checkers,0,GAME_OVER,90,89,2,509,2,MCTS_v0,2,1,1,Random
219136976,Checkers,0,GAME_OVER,89,88,2,510,2,MCTS_v0,2,1,1,Random
531641905,Checkers,0,GAME_OVER,101,100,2,511,2,MCTS_v0,2,1,1,Random
799465404,Checkers,0,GAME_OVER,88,87,2,512,2,MCTS_v0,2,1,1,Random
-1244008034,Checkers,0,GAME_OVER,69,68,2,513,2,MCTS_v0,2,1,1,Random
-247452992,Checkers,0,GAME_OVER,70,69,2,514,2,MCTS_v0,2,1,1,Random
680498320,Checkers,0,GAME_OVER,97,96,2,515,2,MCTS_v0,2,1,1,Random
2079070920,Checkers,0,GAME_OVER,98,97,2,516,2,MCTS_v0,2,1,1,Random
-1289760878,Checkers,0,GAME_OVER,85,84,2,517,2,MCTS_v0,2,1,1,Random
1880865144,Checkers,0,GAME_OVER,75,74,2,518,2,MCTS_v0,2,1,1,Random
-428397538,Checkers,0,GAME_OVER,72,71,2,519,2,MCTS_v0,2,1,1,Random
-1732816748,Checkers,0,GAME_OVER,91,90,2,520,2,MCTS_v0,2,1,1,Random
-2132740891,Checkers,0,GAME_OVER,78,77,2,521,2,MCTS_v0,2,1,1,Random
-488425688,Checkers,0,GAME_OVER,85,84,2,522,2,MCTS_v0,2,1,1,Random
407205454,Checkers,0,GAME_OVER,83,82,2,523,2,MCTS_v0,2,1,1,Random
-505964576,Checkers,0,GAME_OVER,79,78,2,524,2,MCTS_v0,2,1,1,Random
-1272763554,Checkers,0,GAME_OVER,79,78,2,525,2,MCTS_v0,2,1,1,Random
-946076892,Checkers,0,GAME_OVER,81,80,2,526,2,MCTS_v0,2,1,1,Random
-129009496,Checkers,0,GAME_OVER,94,93,2,527,2,MCTS_v0,2,1,1,Random
-1752710150,Checkers,0,GAME_OVER,76,75,2,528,2,MCTS_v0,2,1,1,Random
-1610840582,Checkers,0,GAME_OVER,65,64,2,529,2,MCTS_v0,2,1,1,Random
-747549500,Checkers,0,GAME_OVER,84,83,2,530,2,MCTS_v0,2,1,1,Random
-1507039011,Checkers,0,GAME_OVER,74,73,2,531,2,MCTS_v0,2,1,1,Random
2046638401,Checkers,0,GAME_OVER,93,92,2,532,2,MCTS_v0,2,1,1,Random
1174566179,Checkers,0,GAME_OVER,101,100,2,533,2,MCTS_v0,2,1,1,Random
-703175285,Checkers,0,GAME_OVER,90,89,2,534,2,MCTS_v0,2,1,1,Random
1049558555,Checkers,0,GAME_OVER,75,74,2,535,2,MCTS_v0,2,1,1,Random
24184292,Checkers,0,GAME_OVER,86,85,2,536,2,MCTS_v0,2,1,1,Random
723085857,Checkers,0,GAME_OVER,81,80,2,537,2,MCTS_v0,2,1,1,Random
704221578,Checkers,0,GAME_OVER,96,95,2,538,2,MCTS_v0,2,1,1,Random
475136930,Checkers,0,GAME_OVER,95,94,2,539,2,MCTS_v0,2,1,1,Random
-728022289,Checkers,0,GAME_OVER,75,74,2,540,2,MCTS_v0,2,1,1,Random
-1965638191,Checkers,0,GAME_OVER,87,86,2,541,2,MCTS_v0,2,1,1,Random
1344862726,Checkers,0,GAME_OVER,76,75,2,542,2,MCTS_v0,2,1,1,Random
-769458025,Checkers,0,GAME_OVER,118,117,2,543,2,MCTS_v0,2,1,1,Random
-124452472,Checkers,0,GAME_OVER,91,90,2,544,2,MCTS_v0,2,1,1,Random
1754123923,Checkers,0,GAME_OVER,76,75,2,545,2,MCTS_v0,2,1,1,Random
817997400,Checkers,0,GAME_OVER,68,67,2,546,2,MCTS_v0,2,1,1,Random
2005862680,Checkers,0,GAME_OVER,91,90,2,547,2,MCTS_v0,2,1,1,Random
966084725,Checkers,0,GAME_OVER,81,80,2,548,2,MCTS_v0,2,1,1,Random
557615496,Checkers,0,GAME_OVER,90,89,2,549,2,MCTS_v0,2,1,1,Random
1406836500,Checkers,0,GAME_OVER,75,74,2,550,2,MCTS_v0,2,1,1,Random
-1008530288,Checkers,0,GAME_OVER,87,86,2,551,2,MCTS_v0,2,1,1,Random
809625056,Checkers,0,GAME_OVER,90,89,2,552,2,MCTS_v0,2,1,1,Random
-1541745923,Checkers,0,GAME_OVER,86,85,2,553,2,MCTS_v0,2,1,1,Random
-1319329939,Checkers,0,GAME_OVER,94,93,2,554,2,MCTS_v0,2,1,1,Random
-1768802997,Checkers,0,GAME_OVER,99,98,2,555,2,MCTS_v0,2,1,1,Random
-1013638818,Checkers,0,GAME_OVER,77,76,2,556,2,MCTS_v0,2,1,1,Random
1272152609,Checkers,0,GAME_OVER,84,83,2,557,2,MCTS_v0,2,1,1,Random
-2108098344,Checkers,0,GAME_OVER,77,76,2,558,2,MCTS_v0,2,1,1,Random
1021979980,Checkers,0,GAME_OVER,69,68,2,559,2,MCTS_v0,2,1,1,Random
400906797,Checkers,0,GAME_OVER,95,94,2,560,2,MCTS_v0,2,1,1,Random
1604641790,Checkers,0,GAME_OVER,65,64,2,561,2,MCTS_v0,2,1,1,Random
-1032286994,Checkers,0,GAME_OVER,131,130,2,562,2,MCTS_v0,2,1,1,Random
1493589086,Checkers,0,GAME_OVER,85,84,2,563,2,MCTS_v0,2,1,1,Random
11320765,Checkers,0,GAME_OVER,83,82,2,564,2,MCTS_v0,2,1,1,Random
-1525548634,Checkers,0,GAME_OVER,86,85,2,565,2,MCTS_v0,2,1,1,Random
-431619690,Checkers,0,GAME_OVER,89,88,2,566,2,MCTS_v0,2,1,1,Random
1936749416,Checkers,0,GAME_OVER,88,87,2,567,2,MCTS_v0,2,1,1,Random
-2004761999,Checkers,0,GAME_OVER,94,93,2,568,2,MCTS_v0,2,1,1,Random
-1347623508,Checkers,0,GAME_OVER,94,93,2,569,2,MCTS_v0,2,1,1,Random
832869218,Checkers,0,GAME_OVER,96,95,2,570,2,MCTS_v0,2,1,1,Random
955111685,Checkers,0,GAME_OVER,76,75,2,571,2,MCTS_v0,2,1,1,Random
1099661990,Checkers,0,GAME_OVER,86,85,2,572,2,MCTS_v0,2,1,1,Random
135675094,Checkers,0,GAME_OVER,84,83,2,573,2,MCTS_v0,2,1,1,Random
855059001,Checkers,0,GAME_OVER,70,69,2,574,2,MCTS_v0,2,1,1,Random
1172228948,Checkers,0,GAME_OVER,82,81,2,575,2,MCTS_v0,2,1,1,Random
1557631987,Checkers,0,GAME_OVER,88,87,2,576,2,MCTS_v0,2,1,1,Random
215232016,Checkers,0,GAME_OVER,69,68,2,577,2,MCTS_v0,2,1,1,Random
965841975,Checkers,0,GAME_OVER,77,76,2,578,2,MCTS_v0,2,1,1,Random
1368214283,Checkers,0,GAME_OVER,91,90,2,579,2,MCTS_v0,2,1,1,Random
278402738,Checkers,0,GAME_OVER,89,88,2,580,2,MCTS_v0,2,1,1,Random
39826850,Checkers,0,GAME_OVER,85,84,2,581,2,MCTS_v0,2,1,1,Random
1397230288,Checkers,0,GAME_OVER,81,80,2,582,2,MCTS_v0,2,1,1,Random
186065874,Checkers,0,GAME_OVER,78,77,2,583,2,MCTS_v0,2,1,1,Random
1890892223,Checkers,0,GAME_OVER,88,87,2,584,2,MCTS_v0,2,1,1,Random
49631141,Checkers,0,GAME_OVER,76,75,2,585,2,MCTS_v0,2,1,1,Random
59729467,Checkers,0,GAME_OVER,86,85,2,586,2,MCTS_v0,2,1,1,Random
411018702,Checkers,0,GAME_OVER,87,86,2,587,2,MCTS_v0,2,1,1,Random
1652668031,Checkers,0,GAME_OVER,75,74,2,588,2,MCTS_v0,2,1,1,Random
-174465613,Checkers,0,GAME_OVER,91,90,2,589,2,MCTS_v0,2,1,1,Random
-1327324403,Checkers,0,GAME_OVER,87,86,2,590,2,MCTS_v0,2,1,1,Random
1277879419,Checkers,0,GAME_OVER,85,84,2,591,2,MCTS_v0,2,1,1,Random
-535033564,Checkers,0,GAME_OVER,92,91,2,592,2,MCTS_v0,2,1,1,Random
-308562979,Checkers,0,GAME_OVER,102,101,2,593,2,MCTS_v0,2,1,1,Random
-917987805,Checkers,0,GAME_OVER,83,82,2,594,2,MCTS_v0,2,1,1,Random
1187876542,Checkers,0,GAME_OVER,78,77,2,595,2,MCTS_v0,2,1,1,Random
-233150162,Checkers,0,GAME_OVER,94,93,2,596,2,MCTS_v0,2,1,1,Random
199426273,Checkers,0,GAME_OVER,79,78,2,597,2,MCTS_v0,2,1,1,Random
387918533,Checkers,0,GAME_OVER,77,76,2,598,2,MCTS_v0,2,1,1,Random
-1460030406,Checkers,0,GAME_OVER,86,85,2,599,2,MCTS_v0,2,1,1,Random
53921332,Checkers,0,GAME_OVER,89,88,2,600,2,MCTS_v0,2,1,1,Random
1625556380,Checkers,0,GAME_OVER,81,80,2,601,2,MCTS_v0,2,1,1,Random
-655329308,Checkers,0,GAME_OVER,144,143,2,602,1,OSLA,1,1,1,MCTS_v0
-264641165,Checkers,0,GAME_OVER,85,84,2,603,2,OSLA,2,1,1,MCTS_v0
304020803,Checkers,0,GAME_OVER,174,173,2,604,1,OSLA,1,1,1,MCTS_v0
-810158299,Checkers,0,GAME_OVER,93,92,2,605,2,OSLA,2,1,1,MCTS_v0
-2063716319,Checkers,0,GAME_OVER,166,165,2,606,1,OSLA,1,2,2,MCTS_v0
-1095536654,Checkers,0,GAME_OVER,131,130,2,607,1,OSLA,1,2,2,MCTS_v0
1149489710,Checkers,0,GAME_OVER,150,149,2,608,1,OSLA,1,2,2,MCTS_v0
-2028663098,Checkers,0,GAME_OVER,99,98,2,609,2,OSLA,2,1,1,MCTS_v0
-1910142585,Checkers,0,GAME_OVER,95,94,2,610,2,OSLA,2,1,1,MCTS_v0
710411956,Checkers,0,GAME_OVER,135,134,2,611,1,OSLA,1,2,2,MCTS_v0
-754472517,Checkers,0,GAME_OVER,117,116,2,612,1,OSLA,1,2,2,MCTS_v0
-1864614547,Checkers,0,GAME_OVER,123,122,2,613,1,OSLA,1,2,2,MCTS_v0
-427594544,Checkers,0,GAME_OVER,142,141,2,614,1,OSLA,1,2,2,MCTS_v0
-1144879371,Checkers,0,GAME_OVER,120,119,2,615,1,OSLA,1,2,2,MCTS_v0
-498414262,Checkers,0,GAME_OVER,171,170,2,616,1,OSLA,1,2,2,MCTS_v0
1024729430,Checkers,0,GAME_OVER,164,163,2,617,1,OSLA,1,1,1,MCTS_v0
568139855,Checkers,0,GAME_OVER,94,93,2,618,2,OSLA,2,1,1,MCTS_v0
-430594965,Checkers,0,GAME_OVER,144,143,2,619,1,OSLA,1,1,1,MCTS_v0
905693017,Checkers,0,GAME_OVER,175,174,2,620,1,OSLA,1,2,2,MCTS_v0
-1533735690,Checkers,0,GAME_OVER,108,107,2,621,2,OSLA,2,1,1,MCTS_v0
-1200364784,Checkers,0,GAME_OVER,160,159,2,622,1,OSLA,1,1,1,MCTS_v0
-689483878,Checkers,0,GAME_OVER,186,185,2,623,1,OSLA,1,1,1,MCTS_v0
1529965898,Checkers,0,GAME_OVER,70,69,2,624,2,OSLA,2,1,1,MCTS_v0
-1898756236,Checkers,0,GAME_OVER,96,95,2,625,2,OSLA,2,1,1,MCTS_v0
1674876477,Checkers,0,GAME_OVER,106,105,2,626,1,OSLA,1,2,2,MCTS_v0
1787538790,Checkers,0,GAME_OVER,135,134,2,627,1,OSLA,1,2,2,MCTS_v0
-1414184600,Checkers,0,GAME_OVER,133,132,2,628,1,OSLA,1,2,2,MCTS_v0
-2142609321,Checkers,0,GAME_OVER,84,83,2,629,2,OSLA,2,1,1,MCTS_v0
-240248637,Checkers,0,GAME_OVER,109,108,2,630,1,OSLA,1,2,2,MCTS_v0
1029665769,Checkers,0,GAME_OVER,157,156,2,631,1,OSLA,1,2,2,MCTS_v0
-721194709,Checkers,0,GAME_OVER,157,156,2,632,1,OSLA,1,1,1,MCTS_v0
-1835169153,Checkers,0,GAME_OVER,220,219,2,633,1,OSLA,1,1,1,MCTS_v0
-868271820,Checkers,0,GAME_OVER,100,99,2,634,1,OSLA,1,2,2,MCTS_v0
1054523526,Checkers,0,GAME_OVER,76,75,2,635,2,OSLA,2,1,1,MCTS_v0
508949435,Checkers,0,GAME_OVER,111,110,2,636,2,OSLA,2,1,1,MCTS_v0
-563203495,Checkers,0,GAME_OVER,121,120,2,637,1,OSLA,1,2,2,MCTS_v0
1704419822,Checkers,0,GAME_OVER,84,83,2,638,2,OSLA,2,1,1,MCTS_v0
1613937470,Checkers,0,GAME_OVER,164,163,2,639,1,OSLA,1,1,1,MCTS_v0
-899380046,Checkers,0,GAME_OVER,129,128,2,640,1,OSLA,1,2,2,MCTS_v0
558449485,Checkers,0,GAME_OVER,170,169,2,641,1,OSLA,1,1,1,MCTS_v0
-1460444291,Checkers,0,GAME_OVER,155,154,2,642,1,OSLA,1,1,1,MCTS_v0
-2099143871,Checkers,0,GAME_OVER,213,212,2,643,1,OSLA,1,1,1,MCTS_v0
1809561382,Checkers,0,GAME_OVER,146,145,2,644,1,OSLA,1,2,2,MCTS_v0
-1424043909,Checkers,0,GAME_OVER,129,128,2,645,1,OSLA,1,2,2,MCTS_v0
909246781,Checkers,0,GAME_OVER,106,105,2,646,1,OSLA,1,2,2,MCTS_v0
1590812872,Checkers,0,GAME_OVER,111,110,2,647,1,OSLA,1,2,2,MCTS_v0
-483869467,Checkers,0,GAME_OVER,170,169,2,648,1,OSLA,1,2,2,MCTS_v0
901715111,Checkers,0,GAME_OVER,148,147,2,649,1,OSLA,1,2,2,MCTS_v0
-51239868,Checkers,0,GAME_OVER,99,98,2,650,2,OSLA,2,1,1,MCTS_v0
1378015265,Checkers,0,GAME_OVER,92,91,2,651,2,OSLA,2,1,1,MCTS_v0
-1856406014,Checkers,0,GAME_OVER,126,125,2,652,1,OSLA,1,2,2,MCTS_v0
18021745,Checkers,0,GAME_OVER,89,88,2,653,1,OSLA,1,2,2,MCTS_v0
2040977534,Checkers,0,GAME_OVER,171,170,2,654,1,OSLA,1,2,2,MCTS_v0
-313935349,Checkers,0,GAME_OVER,100,99,2,655,2,OSLA,2,1,1,MCTS_v0
1790094480,Checkers,0,GAME_OVER,120,119,2,656,1,OSLA,1,2,2,MCTS_v0
-948587063,Checkers,0,GAME_OVER,179,178,2,657,1,OSLA,1,1,1,MCTS_v0
1829468184,Checkers,0,GAME_OVER,130,129,2,658,1,OSLA,1,2,2,MCTS_v0
649329987,Checkers,0,GAME_OVER,116,115,2,659,1,OSLA,1,2,2,MCTS_v0
1418166445,Checkers,0,GAME_OVER,115,114,2,660,2,OSLA,2,1,1,MCTS_v0
-369630303,Checkers,0,GAME_OVER,100,99,2,661,2,OSLA,2,1,1,MCTS_v0
405055778,Checkers,0,GAME_OVER,109,108,2,662,1,OSLA,1,2,2,MCTS_v0
-700142242,Checkers,0,GAME_OVER,122,121,2,663,1,OSLA,1,2,2,MCTS_v0
956967106,Checkers,0,GAME_OVER,166,165,2,664,1,OSLA,1,2,2,MCTS_v0
-1683190557,Checkers,0,GAME_OVER,207,206,2,665,1,OSLA,1,1,1,MCTS_v0
1788940655,Checkers,0,GAME_OVER,176,175,2,666,1,OSLA,1,2,2,MCTS_v0
-464528679,Checkers,0,GAME_OVER,123,122,2,667,1,OSLA,1,2,2,MCTS_v0
-1719895544,Checkers,0,GAME_OVER,206,205,2,668,1,OSLA,1,1,1,MCTS_v0
279631780,Checkers,0,GAME_OVER,127,126,2,669,1,OSLA,1,2,2,MCTS_v0
-516496193,Checkers,0,GAME_OVER,105,104,2,670,2,OSLA,2,1,1,MCTS_v0
1179940974,Checkers,0,GAME_OVER,121,120,2,671,1,OSLA,1,2,2,MCTS_v0
127706445,Checkers,0,GAME_OVER,148,147,2,672,1,OSLA,1,2,2,MCTS_v0
2020546970,Checkers,0,GAME_OVER,146,145,2,673,1,OSLA,1,2,2,MCTS_v0
734638367,Checkers,0,GAME_OVER,76,75,2,674,2,OSLA,2,1,1,MCTS_v0
-689555032,Checkers,0,GAME_OVER,99,98,2,675,2,OSLA,2,1,1,MCTS_v0
-1163791369,Checkers,0,GAME_OVER,219,218,2,676,1,OSLA,1,1,1,MCTS_v0
922282699,Checkers,0,GAME_OVER,99,98,2,677,2,OSLA,2,1,1,MCTS_v0
-638186096,Checkers,0,GAME_OVER,132,131,2,678,1,OSLA,1,2,2,MCTS_v0
-2093070663,Checkers,0,GAME_OVER,131,130,2,679,1,OSLA,1,2,2,MCTS_v0
-1764110007,Checkers,0,GAME_OVER,93,92,2,680,2,OSLA,2,1,1,MCTS_v0
-1146409081,Checkers,0,GAME_OVER,101,100,2,681,2,OSLA,2,1,1,MCTS_v0
-430502169,Checkers,0,GAME_OVER,141,140,2,682,1,OSLA,1,1,1,MCTS_v0
2030229899,Checkers,0,GAME_OVER,100,99,2,683,2,OSLA,2,1,1,MCTS_v0
691381220,Checkers,0,GAME_OVER,89,88,2,684,2,OSLA,2,1,1,MCTS_v0
198069656,Checkers,0,GAME_OVER,106,105,2,685,1,OSLA,1,2,2,MCTS_v0
-810309901,Checkers,0,GAME_OVER,139,138,2,686,1,OSLA,1,1,1,MCTS_v0
-1891428332,Checkers,0,GAME_OVER,129,128,2,687,1,OSLA,1,1,1,MCTS_v0
-1105314927,Checkers,0,GAME_OVER,114,113,2,688,2,OSLA,2,1,1,MCTS_v0
-1746665289,Checkers,0,GAME_OVER,78,77,2,689,2,OSLA,2,1,1,MCTS_v0
830493156,Checkers,0,GAME_OVER,100,99,2,690,2,OSLA,2,1,1,MCTS_v0
1202044910,Checkers,0,GAME_OVER,179,178,2,691,1,OSLA,1,2,2,MCTS_v0
1424611133,Checkers,0,GAME_OVER,145,144,2,692,1,OSLA,1,1,1,MCTS_v0
-234913216,Checkers,0,GAME_OVER,129,128,2,693,1,OSLA,1,2,2,MCTS_v0
1292088810,Checkers,0,GAME_OVER,117,116,2,694,1,OSLA,1,2,2,MCTS_v0
2107537190,Checkers,0,GAME_OVER,129,128,2,695,1,OSLA,1,2,2,MCTS_v0
2073954116,Checkers,0,GAME_OVER,130,129,2,696,1,OSLA,1,2,2,MCTS_v0
525072425,Checkers,0,GAME_OVER,168,167,2,697,1,OSLA,1,1,1,MCTS_v0
1748179228,Checkers,0,GAME_OVER,100,99,2,698,2,OSLA,2,1,1,MCTS_v0
1114035795,Checkers,0,GAME_OVER,118,117,2,699,1,OSLA,1,2,2,MCTS_v0
1500966898,Checkers,0,GAME_OVER,83,82,2,700,2,OSLA,2,1,1,MCTS_v0
1662410544,Checkers,0,GAME_OVER,198,197,2,701,1,OSLA,1,1,1,MCTS_v0
692441499,Checkers,0,GAME_OVER,113,112,2,702,1,OSLA,1,2,2,MCTS_v0
-357203990,Checkers,0,GAME_OVER,128,127,2,703,1,OSLA,1,2,2,MCTS_v0
1581363269,Checkers,0,GAME_OVER,189,188,2,704,1,OSLA,1,2,2,MCTS_v0
-716217261,Checkers,0,GAME_OVER,108,107,2,705,2,OSLA,2,1,1,MCTS_v0
1682772983,Checkers,0,GAME_OVER,96,95,2,706,2,OSLA,2,1,1,MCTS_v0
-134293295,Checkers,0,GAME_OVER,80,79,2,707,2,OSLA,2,1,1,MCTS_v0
959443192,Checkers,0,GAME_OVER,163,162,2,708,1,OSLA,1,1,1,MCTS_v0
-590552699,Checkers,0,GAME_OVER,82,81,2,709,2,OSLA,2,1,1,MCTS_v0
219136976,Checkers,0,GAME_OVER,159,158,2,710,1,OSLA,1,2,2,MCTS_v0
531641905,Checkers,0,GAME_OVER,135,134,2,711,1,OSLA,1,2,2,MCTS_v0
799465404,Checkers,0,GAME_OVER,173,172,2,712,1,OSLA,1,1,1,MCTS_v0
-1244008034,Checkers,0,GAME_OVER,126,125,2,713,1,OSLA,1,2,2,MCTS_v0
-247452992,Checkers,0,GAME_OVER,96,95,2,714,2,OSLA,2,1,1,MCTS_v0
680498320,Checkers,0,GAME_OVER,85,84,2,715,2,OSLA,2,1,1,MCTS_v0
2079070920,Checkers,0,GAME_OVER,150,149,2,716,1,OSLA,1,1,1,MCTS_v0
-1289760878,Checkers,0,GAME_OVER,161,160,2,717,1,OSLA,1,1,1,MCTS_v0
1880865144,Checkers,0,GAME_OVER,99,98,2,718,2,OSLA,2,1,1,MCTS_v0
-428397538,Checkers,0,GAME_OVER,112,111,2,719,2,OSLA,2,1,1,MCTS_v0
-1732816748,Checkers,0,GAME_OVER,141,140,2,720,1,OSLA,1,2,2,MCTS_v0
-2132740891,Checkers,0,GAME_OVER,140,139,2,721,1,OSLA,1,2,2,MCTS_v0
-488425688,Checkers,0,GAME_OVER,191,190,2,722,1,OSLA,1,2,2,MCTS_v0
407205454,Checkers,0,GAME_OVER,70,69,2,723,2,OSLA,2,1,1,MCTS_v0
-505964576,Checkers,0,GAME_OVER,93,92,2,724,2,OSLA,2,1,1,MCTS_v0
-1272763554,Checkers,0,GAME_OVER,83,82,2,725,2,OSLA,2,1,1,MCTS_v0
-946076892,Checkers,0,GAME_OVER,134,133,2,726,1,OSLA,1,2,2,MCTS_v0
-129009496,Checkers,0,GAME_OVER,88,87,2,727,2,OSLA,2,1,1,MCTS_v0
-1752710150,Checkers,0,GAME_OVER,177,176,2,728,1,OSLA,1,2,2,MCTS_v0
-1610840582,Checkers,0,GAME_OVER,150,149,2,729,1,OSLA,1,2,2,MCTS_v0
-747549500,Checkers,0,GAME_OVER,190,189,2,730,1,OSLA,1,1,1,MCTS_v0
-1507039011,Checkers,0,GAME_OVER,119,118,2,731,1,OSLA,1,2,2,MCTS_v0
2046638401,Checkers,0,GAME_OVER,121,120,2,732,1,OSLA,1,2,2,MCTS_v0
1174566179,Checkers,0,GAME_OVER,150,149,2,733,1,OSLA,1,1,1,MCTS_v0
-703175285,Checkers,0,GAME_OVER,136,135,2,734,1,OSLA,1,2,2,MCTS_v0
1049558555,Checkers,0,GAME_OVER,149,148,2,735,1,OSLA,1,1,1,MCTS_v0
24184292,Checkers,0,GAME_OVER,90,89,2,736,2,OSLA,2,1,1,MCTS_v0
723085857,Checkers,0,GAME_OVER,102,101,2,737,2,OSLA,2,1,1,MCTS_v0
704221578,Checkers,0,GAME_OVER,92,91,2,738,2,OSLA,2,1,1,MCTS_v0
475136930,Checkers,0,GAME_OVER,90,89,2,739,2,OSLA,2,1,1,MCTS_v0
-728022289,Checkers,0,GAME_OVER,116,115,2,740,1,OSLA,1,2,2,MCTS_v0
-1965638191,Checkers,0,GAME_OVER,134,133,2,741,1,OSLA,1,2,2,MCTS_v0
1344862726,Checkers,0,GAME_OVER,169,168,2,742,1,OSLA,1,1,1,MCTS_v0
-769458025,Checkers,0,GAME_OVER,110,109,2,743,2,OSLA,2,1,1,MCTS_v0
-124452472,Checkers,0,GAME_OVER,181,180,2,744,1,OSLA,1,2,2,MCTS_v0
1754123923,Checkers,0,GAME_OVER,147,146,2,745,1,OSLA,1,2,2,MCTS_v0
817997400,Checkers,0,GAME_OVER,96,95,2,746,2,OSLA,2,1,1,MCTS_v0
2005862680,Checkers,0,GAME_OVER,105,104,2,747,2,OSLA,2,1,1,MCTS_v0
966084725,Checkers,0,GAME_OVER,166,165,2,748,1,OSLA,1,2,2,MCTS_v0
557615496,Checkers,0,GAME_OVER,79,78,2,749,2,OSLA,2,1,1,MCTS_v0
1406836500,Checkers,0,GAME_OVER,138,137,2,750,2,OSLA,2,1,1,MCTS_v0
-1008530288,Checkers,0,GAME_OVER,97,96,2,751,1,OSLA,1,2,2,MCTS_v0
809625056,Checkers,0,GAME_OVER,129,128,2,752,1,OSLA,1,1,1,MCTS_v0
-1541745923,Checkers,0,GAME_OVER,106,105,2,753,1,OSLA,1,2,2,MCTS_v0
-1319329939,Checkers,0,GAME_OVER,159,158,2,754,1,OSLA,1,2,2,MCTS_v0
-1768802997,Checkers,0,GAME_OVER,84,83,2,755,2,OSLA,2,1,1,MCTS_v0
-1013638818,Checkers,0,GAME_OVER,104,103,2,756,2,OSLA,2,1,1,MCTS_v0
1272152609,Checkers,0,GAME_OVER,144,143,2,757,1,OSLA,1,2,2,MCTS_v0
-2108098344,Checkers,0,GAME_OVER,104,103,2,758,2,OSLA,2,1,1,MCTS_v0
1021979980,Checkers,0,GAME_OVER,100,99,2,759,2,OSLA,2,1,1,MCTS_v0
400906797,Checkers,0,GAME_OVER,85,84,2,760,2,OSLA,2,1,1,MCTS_v0
1604641790,Checkers,0,GAME_OVER,78,77,2,761,2,OSLA,2,1,1,MCTS_v0
-1032286994,Checkers,0,GAME_OVER,174,173,2,762,1,OSLA,1,1,1,MCTS_v0
1493589086,Checkers,0,GAME_OVER,86,85,2,763,2,OSLA,2,1,1,MCTS_v0
11320765,Checkers,0,GAME_OVER,126,125,2,764,1,OSLA,1,2,2,MCTS_v0
-1525548634,Checkers,0,GAME_OVER,162,161,2,765,1,OSLA,1,1,1,MCTS_v0
-431619690,Checkers,0,GAME_OVER,93,92,2,766,2,OSLA,2,1,1,MCTS_v0
1936749416,Checkers,0,GAME_OVER,110,109,2,767,1,OSLA,1,2,2,MCTS_v0
-2004761999,Checkers,0,GAME_OVER,88,87,2,768,2,OSLA,2,1,1,MCTS_v0
-1347623508,Checkers,0,GAME_OVER,99,98,2,769,1,OSLA,1,2,2,MCTS_v0
832869218,Checkers,0,GAME_OVER,146,145,2,770,1,OSLA,1,2,2,MCTS_v0
955111685,Checkers,0,GAME_OVER,90,89,2,771,2,OSLA,2,1,1,MCTS_v0
1099661990,Checkers,0,GAME_OVER,76,75,2,772,2,OSLA,2,1,1,MCTS_v0
135675094,Checkers,0,GAME_OVER,95,94,2,773,2,OSLA,2,1,1,MCTS_v0
855059001,Checkers,0,GAME_OVER,106,105,2,774,2,OSLA,2,1,1,MCTS_v0
1172228948,Checkers,0,GAME_OVER,77,76,2,775,2,OSLA,2,1,1,MCTS_v0
1557631987,Checkers,0,GAME_OVER,108,107,2,776,2,OSLA,2,1,1,MCTS_v0
215232016,Checkers,0,GAME_OVER,131,130,2,777,1,OSLA,1,2,2,MCTS_v0
965841975,Checkers,0,GAME_OVER,122,121,2,778,1,OSLA,1,2,2,MCTS_v0
1368214283,Checkers,0,GAME_OVER,127,126,2,779,1,OSLA,1,2,2,MCTS_v0
278402738,Checkers,0,GAME_OVER,124,123,2,780,1,OSLA,1,2,2,MCTS_v0
39826850,Checkers,0,GAME_OVER,121,120,2,781,1,OSLA,1,2,2,MCTS_v0
1397230288,Checkers,0,GAME_OVER,265,264,2,782,1,OSLA,1,1,1,MCTS_v0
186065874,Checkers,0,GAME_OVER,81,80,2,783,2,OSLA,2,1,1,MCTS_v0
1890892223,Checkers,0,GAME_OVER,166,165,2,784,1,OSLA,1,1,1,MCTS_v0
49631141,Checkers,0,GAME_OVER,130,129,2,785,1,OSLA,1,2,2,MCTS_v0
59729467,Checkers,0,GAME_OVER,122,121,2,786,2,OSLA,2,1,1,MCTS_v0
411018702,Checkers,0,GAME_OVER,161,160,2,787,1,OSLA,1,1,1,MCTS_v0
1652668031,Checkers,0,GAME_OVER,244,243,2,788,1,OSLA,1,1,1,MCTS_v0
-174465613,Checkers,0,GAME_OVER,127,126,2,789,1,OSLA,1,2,2,MCTS_v0
-1327324403,Checkers,0,GAME_OVER,116,115,2,790,1,OSLA,1,2,2,MCTS_v0
1277879419,Checkers,0,GAME_OVER,116,115,2,791,2,OSLA,2,1,1,MCTS_v0
-535033564,Checkers,0,GAME_OVER,192,191,2,792,1,OSLA,1,1,1,MCTS_v0
-308562979,Checkers,0,GAME_OVER,91,90,2,793,2,OSLA,2,1,1,MCTS_v0
-917987805,Checkers,0,GAME_OVER,82,81,2,794,2,OSLA,2,1,1,MCTS_v0
1187876542,Checkers,0,GAME_OVER,160,159,2,795,1,OSLA,1,1,1,MCTS_v0
-233150162,Checkers,0,GAME_OVER,118,117,2,796,2,OSLA,2,1,1,MCTS_v0
199426273,Checkers,0,GAME_OVER,80,79,2,797,2,OSLA,2,1,1,MCTS_v0
387918533,Checkers,0,GAME_OVER,100,99,2,798,2,OSLA,2,1,1,MCTS_v0
-1460030406,Checkers,0,GAME_OVER,170,169,2,799,1,OSLA,1,2,2,MCTS_v0
53921332,Checkers,0,GAME_OVER,135,134,2,800,1,OSLA,1,2,2,MCTS_v0
1625556380,Checkers,0,GAME_OVER,122,121,2,801,1,OSLA,1,2,2,MCTS_v0
-655329308,Checkers,0,GAME_OVER,83,82,2,802,1,OSLA,1,2,2,OSLA
-264641165,Checkers,0,GAME_OVER,94,93,2,803,1,OSLA,1,2,2,OSLA
304020803,Checkers,0,GAME_OVER,191,190,2,804,1,OSLA,1,1,1,OSLA
-810158299,Checkers,0,GAME_OVER,100,99,2,805,2,OSLA,2,1,1,OSLA
-2063716319,Checkers,0,GAME_OVER,136,135,2,806,2,OSLA,2,1,1,OSLA
-1095536654,Checkers,0,GAME_OVER,136,135,2,807,1,OSLA,1,2,2,OSLA
1149489710,Checkers,0,GAME_OVER,89,88,2,808,1,OSLA,1,2,2,OSLA
-2028663098,Checkers,0,GAME_OVER,107,106,2,809,2,OSLA,2,1,1,OSLA
-1910142585,Checkers,0,GAME_OVER,134,133,2,810,1,OSLA,1,2,2,OSLA
710411956,Checkers,0,GAME_OVER,96,95,2,811,2,OSLA,2,1,1,OSLA
-754472517,Checkers,0,GAME_OVER,231,230,2,812,1,OSLA,1,1,1,OSLA
-1864614547,Checkers,0,GAME_OVER,78,77,2,813,1,OSLA,1,2,2,OSLA
-427594544,Checkers,0,GAME_OVER,98,97,2,814,1,OSLA,1,2,2,OSLA
-1144879371,Checkers,0,GAME_OVER,165,164,2,815,2,OSLA,2,1,1,OSLA
-498414262,Checkers,0,GAME_OVER,108,107,2,816,1,OSLA,1,2,2,OSLA
1024729430,Checkers,0,GAME_OVER,135,134,2,817,2,OSLA,2,1,1,OSLA
568139855,Checkers,0,GAME_OVER,80,79,2,818,2,OSLA,2,1,1,OSLA
-430594965,Checkers,0,GAME_OVER,199,198,2,819,1,OSLA,1,1,1,OSLA
905693017,Checkers,0,GAME_OVER,102,101,2,820,1,OSLA,1,2,2,OSLA
-1533735690,Checkers,0,GAME_OVER,82,81,2,821,2,OSLA,2,1,1,OSLA
-1200364784,Checkers,0,GAME_OVER,98,97,2,822,1,OSLA,1,2,2,OSLA
-689483878,Checkers,0,GAME_OVER,126,125,2,823,2,OSLA,2,1,1,OSLA
1529965898,Checkers,0,GAME_OVER,74,73,2,824,2,OSLA,2,1,1,OSLA
-1898756236,Checkers,0,GAME_OVER,145,144,2,825,1,OSLA,1,1,1,OSLA
1674876477,Checkers,0,GAME_OVER,96,95,2,826,2,OSLA,2,1,1,OSLA
1787538790,Checkers,0,GAME_OVER,105,104,2,827,2,OSLA,2,1,1,OSLA
-1414184600,Checkers,0,GAME_OVER,101,100,2,828,1,OSLA,1,2,2,OSLA
-2142609321,Checkers,0,GAME_OVER,106,105,2,829,1,OSLA,1,2,2,OSLA
-240248637,Checkers,0,GAME_OVER,62,61,2,830,2,OSLA,2,1,1,OSLA
1029665769,Checkers,0,GAME_OVER,149,148,2,831,1,OSLA,1,1,1,OSLA
-721194709,Checkers,0,GAME_OVER,99,98,2,832,2,OSLA,2,1,1,OSLA
-1835169153,Checkers,0,GAME_OVER,67,66,2,833,2,OSLA,2,1,1,OSLA
-868271820,Checkers,0,GAME_OVER,87,86,2,834,1,OSLA,1,2,2,OSLA
1054523526,Checkers,0,GAME_OVER,203,202,2,835,1,OSLA,1,2,2,OSLA
508949435,Checkers,0,GAME_OVER,148,147,2,836,1,OSLA,1,2,2,OSLA
-563203495,Checkers,0,GAME_OVER,108,107,2,837,1,OSLA,1,2,2,OSLA
1704419822,Checkers,0,GAME_OVER,100,99,2,838,2,OSLA,2,1,1,OSLA
1613937470,Checkers,0,GAME_OVER,115,114,2,839,2,OSLA,2,1,1,OSLA
-899380046,Checkers,0,GAME_OVER,86,85,2,840,2,OSLA,2,1,1,OSLA
558449485,Checkers,0,GAME_OVER,104,103,2,841,2,OSLA,2,1,1,OSLA
-1460444291,Checkers,0,GAME_OVER,133,132,2,842,1,OSLA,1,2,2,OSLA
-2099143871,Checkers,0,GAME_OVER,94,93,2,843,2,OSLA,2,1,1,OSLA
1809561382,Checkers,0,GAME_OVER,79,78,2,844,1,OSLA,1,2,2,OSLA
-1424043909,Checkers,0,GAME_OVER,102,101,2,845,1,OSLA,1,2,2,OSLA
909246781,Checkers,0,GAME_OVER,116,115,2,846,1,OSLA,1,2,2,OSLA
1590812872,Checkers,0,GAME_OVER,91,90,2,847,1,OSLA,1,2,2,OSLA
-483869467,Checkers,0,GAME_OVER,104,103,2,848,1,OSLA,1,2,2,OSLA
901715111,Checkers,0,GAME_OVER,40,39,2,849,1,OSLA,1,1,1,OSLA
-51239868,Checkers,0,GAME_OVER,130,129,2,850,1,OSLA,1,1,1,OSLA
1378015265,Checkers,0,GAME_OVER,127,126,2,851,2,OSLA,2,1,1,OSLA
-1856406014,Checkers,0,GAME_OVER,103,102,2,852,1,OSLA,1,2,2,OSLA
18021745,Checkers,0,GAME_OVER,146,145,2,853,1,OSLA,1,1,1,OSLA
2040977534,Checkers,0,GAME_OVER,132,131,2,854,1,OSLA,1,2,2,OSLA
-313935349,Checkers,0,GAME_OVER,97,96,2,855,2,OSLA,2,1,1,OSLA
1790094480,Checkers,0,GAME_OVER,90,89,2,856,1,OSLA,1,2,2,OSLA
-948587063,Checkers,0,GAME_OVER,84,83,2,857,1,OSLA,1,2,2,OSLA
1829468184,Checkers,0,GAME_OVER,108,107,2,858,1,OSLA,1,2,2,OSLA
649329987,Checkers,0,GAME_OVER,81,80,2,859,1,OSLA,1,2,2,OSLA
1418166445,Checkers,0,GAME_OVER,96,95,2,860,2,OSLA,2,1,1,OSLA
-369630303,Checkers,0,GAME_OVER,93,92,2,861,2,OSLA,2,1,1,OSLA
405055778,Checkers,0,GAME_OVER,109,108,2,862,2,OSLA,2,1,1,OSLA
-700142242,Checkers,0,GAME_OVER,122,121,2,863,2,OSLA,2,1,1,OSLA
956967106,Checkers,0,GAME_OVER,115,114,2,864,2,OSLA,2,1,1,OSLA
-1683190557,Checkers,0,GAME_OVER,113,112,2,865,1,OSLA,1,2,2,OSLA
1788940655,Checkers,0,GAME_OVER,158,157,2,866,2,OSLA,2,1,1,OSLA
-464528679,Checkers,0,GAME_OVER,136,135,2,867,1,OSLA,1,1,1,OSLA
-1719895544,Checkers,0,GAME_OVER,159,158,2,868,1,OSLA,1,1,1,OSLA
279631780,Checkers,0,GAME_OVER,62,61,2,869,2,OSLA,2,1,1,OSLA
-516496193,Checkers,0,GAME_OVER,94,93,2,870,2,OSLA,2,1,1,OSLA
1179940974,Checkers,0,GAME_OVER,96,95,2,871,1,OSLA,1,2,2,OSLA
127706445,Checkers,0,GAME_OVER,190,189,2,872,1,OSLA,1,1,1,OSLA
2020546970,Checkers,0,GAME_OVER,166,165,2,873,1,OSLA,1,1,1,OSLA
734638367,Checkers,0,GAME_OVER,190,189,2,874,1,OSLA,1,1,1,OSLA
-689555032,Checkers,0,GAME_OVER,185,184,2,875,1,OSLA,1,1,1,OSLA
-1163791369,Checkers,0,GAME_OVER,55,54,2,876,2,OSLA,2,1,1,OSLA
922282699,Checkers,0,GAME_OVER,172,171,2,877,1,OSLA,1,1,1,OSLA
-638186096,Checkers,0,GAME_OVER,163,162,2,878,2,OSLA,2,1,1,OSLA
-2093070663,Checkers,0,GAME_OVER,112,111,2,879,1,OSLA,1,2,2,OSLA
-1764110007,Checkers,0,GAME_OVER,97,96,2,880,1,OSLA,1,2,2,OSLA
-1146409081,Checkers,0,GAME_OVER,101,100,2,881,1,OSLA,1,2,2,OSLA
-430502169,Checkers,0,GAME_OVER,99,98,2,882,2,OSLA,2,1,1,OSLA
2030229899,Checkers,0,GAME_OVER,108,107,2,883,1,OSLA,1,1,1,OSLA
691381220,Checkers,0,GAME_OVER,106,105,2,884,2,OSLA,2,1,1,OSLA
198069656,Checkers,0,GAME_OVER,92,91,2,885,2,OSLA,2,1,1,OSLA
-810309901,Checkers,0,GAME_OVER,101,100,2,886,2,OSLA,2,1,1,OSLA
-1891428332,Checkers,0,GAME_OVER,89,88,2,887,1,OSLA,1,2,2,OSLA
-1105314927,Checkers,0,GAME_OVER,96,95,2,888,1,OSLA,1,1,1,OSLA
-1746665289,Checkers,0,GAME_OVER,97,96,2,889,2,OSLA,2,1,1,OSLA
830493156,Checkers,0,GAME_OVER,95,94,2,890,2,OSLA,2,1,1,OSLA
1202044910,Checkers,0,GAME_OVER,103,102,2,891,1,OSLA,1,2,2,OSLA
1424611133,Checkers,0,GAME_OVER,54,53,2,892,1,OSLA,1,2,2,OSLA
-234913216,Checkers,0,GAME_OVER,90,89,2,893,1,OSLA,1,2,2,OSLA
1292088810,Checkers,0,GAME_OVER,154,153,2,894,1,OSLA,1,1,1,OSLA
2107537190,Checkers,0,GAME_OVER,97,96,2,895,1,OSLA,1,2,2,OSLA
2073954116,Checkers,0,GAME_OVER,89,88,2,896,2,OSLA,2,1,1,OSLA
525072425,Checkers,0,GAME_OVER,169,168,2,897,1,OSLA,1,2,2,OSLA
1748179228,Checkers,0,GAME_OVER,92,91,2,898,2,OSLA,2,1,1,OSLA
1114035795,Checkers,0,GAME_OVER,100,99,2,899,2,OSLA,2,1,1,OSLA
1500966898,Checkers,0,GAME_OVER,108,107,2,900,1,OSLA,1,1,1,OSLA
1662410544,Checkers,0,GAME_OVER,40,39,2,901,1,OSLA,1,1,1,OSLA
692441499,Checkers,0,GAME_OVER,116,115,2,902,2,OSLA,2,1,1,OSLA
-357203990,Checkers,0,GAME_OVER,106,105,2,903,1,OSLA,1,2,2,OSLA
1581363269,Checkers,0,GAME_OVER,124,123,2,904,1,OSLA,1,2,2,OSLA
-716217261,Checkers,0,GAME_OVER,77,76,2,905,1,OSLA,1,2,2,OSLA
1682772983,Checkers,0,GAME_OVER,142,141,2,906,1,OSLA,1,1,1,OSLA
-134293295,Checkers,0,GAME_OVER,80,79,2,907,2,OSLA,2,1,1,OSLA
959443192,Checkers,0,GAME_OVER,151,150,2,908,1,OSLA,1,2,2,OSLA
-590552699,Checkers,0,GAME_OVER,85,84,2,909,2,OSLA,2,1,1,OSLA
219136976,Checkers,0,GAME_OVER,89,88,2,910,1,OSLA,1,2,2,OSLA
531641905,Checkers,0,GAME_OVER,153,152,2,911,1,OSLA,1,1,1,OSLA
799465404,Checkers,0,GAME_OVER,169,168,2,912,2,OSLA,2,1,1,OSLA
-1244008034,Checkers,0,GAME_OVER,90,89,2,913,2,OSLA,2,1,1,OSLA
-247452992,Checkers,0,GAME_OVER,83,82,2,914,2,OSLA,2,1,1,OSLA
680498320,Checkers,0,GAME_OVER,192,191,2,915,1,OSLA,1,1,1,OSLA
2079070920,Checkers,0,GAME_OVER,116,115,2,916,2,OSLA,2,1,1,OSLA
-1289760878,Checkers,0,GAME_OVER,161,160,2,917,2,OSLA,2,1,1,OSLA
1880865144,Checkers,0,GAME_OVER,68,67,2,918,2,OSLA,2,1,1,OSLA
-428397538,Checkers,0,GAME_OVER,137,136,2,919,2,OSLA,2,1,1,OSLA
-1732816748,Checkers,0,GAME_OVER,93,92,2,920,1,OSLA,1,2,2,OSLA
-2132740891,Checkers,0,GAME_OVER,133,132,2,921,1,OSLA,1,1,1,OSLA
-488425688,Checkers,0,GAME_OVER,40,39,2,922,1,OSLA,1,1,1,OSLA
407205454,Checkers,0,GAME_OVER,233,232,2,923,1,OSLA,1,1,1,OSLA
-505964576,Checkers,0,GAME_OVER,98,97,2,924,2,OSLA,2,1,1,OSLA
-1272763554,Checkers,0,GAME_OVER,208,207,2,925,1,OSLA,1,2,2,OSLA
-946076892,Checkers,0,GAME_OVER,77,76,2,926,2,OSLA,2,1,1,OSLA
-129009496,Checkers,0,GAME_OVER,142,141,2,927,2,OSLA,2,1,1,OSLA
-1752710150,Checkers,0,GAME_OVER,83,82,2,928,2,OSLA,2,1,1,OSLA
-1610840582,Checkers,0,GAME_OVER,152,151,2,929,2,OSLA,2,1,1,OSLA
-747549500,Checkers,0,GAME_OVER,139,138,2,930,1,OSLA,1,1,1,OSLA
-1507039011,Checkers,0,GAME_OVER,99,98,2,931,2,OSLA,2,1,1,OSLA
2046638401,Checkers,0,GAME_OVER,83,82,2,932,1,OSLA,1,2,2,OSLA
1174566179,Checkers,0,GAME_OVER,108,107,2,933,2,OSLA,2,1,1,OSLA
-703175285,Checkers,0,GAME_OVER,40,39,2,934,1,OSLA,1,1,1,OSLA
1049558555,Checkers,0,GAME_OVER,93,92,2,935,2,OSLA,2,1,1,OSLA
24184292,Checkers,0,GAME_OVER,83,82,2,936,2,OSLA,2,1,1,OSLA
723085857,Checkers,0,GAME_OVER,115,114,2,937,1,OSLA,1,1,1,OSLA
704221578,Checkers,0,GAME_OVER,96,95,2,938,2,OSLA,2,1,1,OSLA
475136930,Checkers,0,GAME_OVER,128,127,2,939,2,OSLA,2,1,1,OSLA
-728022289,Checkers,0,GAME_OVER,164,163,2,940,1,OSLA,1,2,2,OSLA
-1965638191,Checkers,0,GAME_OVER,224,223,2,941,1,OSLA,1,1,1,OSLA
1344862726,Checkers,0,GAME_OVER,85,84,2,942,2,OSLA,2,1,1,OSLA
-769458025,Checkers,0,GAME_OVER,141,140,2,943,1,OSLA,1,1,1,OSLA
-124452472,Checkers,0,GAME_OVER,207,206,2,944,1,OSLA,1,1,1,OSLA
1754123923,Checkers,0,GAME_OVER,242,241,2,945,1,OSLA,1,1,1,OSLA
817997400,Checkers,0,GAME_OVER,90,89,2,946,2,OSLA,2,1,1,OSLA
2005862680,Checkers,0,GAME_OVER,104,103,2,947,1,OSLA,1,2,2,OSLA
966084725,Checkers,0,GAME_OVER,45,44,2,948,1,OSLA,1,2,2,OSLA
557615496,Checkers,0,GAME_OVER,191,190,2,949,1,OSLA,1,1,1,OSLA
1406836500,Checkers,0,GAME_OVER,82,81,2,950,2,OSLA,2,1,1,OSLA
-1008530288,Checkers,0,GAME_OVER,129,128,2,951,1,OSLA,1,2,2,OSLA
809625056,Checkers,0,GAME_OVER,86,85,2,952,2,OSLA,2,1,1,OSLA
-1541745923,Checkers,0,GAME_OVER,151,150,2,953,1,OSLA,1,2,2,OSLA
-1319329939,Checkers,0,GAME_OVER,114,113,2,954,1,OSLA,1,2,2,OSLA
-1768802997,Checkers,0,GAME_OVER,87,86,2,955,2,OSLA,2,1,1,OSLA
-1013638818,Checkers,0,GAME_OVER,117,116,2,956,1,OSLA,1,2,2,OSLA
1272152609,Checkers,0,GAME_OVER,92,91,2,957,2,OSLA,2,1,1,OSLA
-2108098344,Checkers,0,GAME_OVER,95,94,2,958,2,OSLA,2,1,1,OSLA
1021979980,Checkers,0,GAME_OVER,102,101,2,959,2,OSLA,2,1,1,OSLA
400906797,Checkers,0,GAME_OVER,95,94,2,960,1,OSLA,1,2,2,OSLA
1604641790,Checkers,0,GAME_OVER,96,95,2,961,2,OSLA,2,1,1,OSLA
-1032286994,Checkers,0,GAME_OVER,84,83,2,962,1,OSLA,1,2,2,OSLA
1493589086,Checkers,0,GAME_OVER,102,101,2,963,1,OSLA,1,2,2,OSLA
11320765,Checkers,0,GAME_OVER,95,94,2,964,2,OSLA,2,1,1,OSLA
-1525548634,Checkers,0,GAME_OVER,173,172,2,965,1,OSLA,1,2,2,OSLA
-431619690,Checkers,0,GAME_OVER,67,66,2,966,2,OSLA,2,1,1,OSLA
1936749416,Checkers,0,GAME_OVER,137,136,2,967,1,OSLA,1,1,1,OSLA
-2004761999,Checkers,0,GAME_OVER,87,86,2,968,2,OSLA,2,1,1,OSLA
-1347623508,Checkers,0,GAME_OVER,88,87,2,969,1,OSLA,1,2,2,OSLA
832869218,Checkers,0,GAME_OVER,159,158,2,970,1,OSLA,1,1,1,OSLA
955111685,Checkers,0,GAME_OVER,102,101,2,971,2,OSLA,2,1,1,OSLA
1099661990,Checkers,0,GAME_OVER,174,173,2,972,1,OSLA,1,1,1,OSLA
135675094,Checkers,0,GAME_OVER,173,172,2,973,1,OSLA,1,2,2,OSLA
855059001,Checkers,0,GAME_OVER,71,70,2,974,1,OSLA,1,2,2,OSLA
1172228948,Checkers,0,GAME_OVER,106,105,2,975,2,OSLA,2,1,1,OSLA
1557631987,Checkers,0,GAME_OVER,40,39,2,976,1,OSLA,1,1,1,OSLA
215232016,Checkers,0,GAME_OVER,55,54,2,977,1,OSLA,1,2,2,OSLA
965841975,Checkers,0,GAME_OVER,93,92,2,978,2,OSLA,2,1,1,OSLA
1368214283,Checkers,0,GAME_OVER,84,83,2,979,2,OSLA,2,1,1,OSLA
278402738,Checkers,0,GAME_OVER,97,96,2,980,2,OSLA,2,1,1,OSLA
39826850,Checkers,0,GAME_OVER,71,70,2,981,2,OSLA,2,1,1,OSLA
1397230288,Checkers,0,GAME_OVER,136,135,2,982,1,OSLA,1,1,1,OSLA
186065874,Checkers,0,GAME_OVER,86,85,2,983,2,OSLA,2,1,1,OSLA
1890892223,Checkers,0,GAME_OVER,47,46,2,984,2,OSLA,2,1,1,OSLA
49631141,Checkers,0,GAME_OVER,125,124,2,985,2,OSLA,2,1,1,OSLA
59729467,Checkers,0,GAME_OVER,99,98,2,986,1,OSLA,1,2,2,OSLA
411018702,Checkers,0,GAME_OVER,94,93,2,987,1,OSLA,1,2,2,OSLA
1652668031,Checkers,0,GAME_OVER,40,39,2,988,1,OSLA,1,1,1,OSLA
-174465613,Checkers,0,GAME_OVER,174,173,2,989,2,OSLA,2,1,1,OSLA
-1327324403,Checkers,0,GAME_OVER,107,106,2,990,2,OSLA,2,1,1,OSLA
1277879419,Checkers,0,GAME_OVER,85,84,2,991,1,OSLA,1,2,2,OSLA
-535033564,Checkers,0,GAME_OVER,36,35,2,992,2,OSLA,2,1,1,OSLA
-308562979,Checkers,0,GAME_OVER,135,134,2,993,1,OSLA,1,1,1,OSLA
-917987805,Checkers,0,GAME_OVER,165,164,2,994,1,OSLA,1,1,1,OSLA
1187876542,Checkers,0,GAME_OVER,89,88,2,995,2,OSLA,2,1,1,OSLA
-233150162,Checkers,0,GAME_OVER,107,106,2,996,1,OSLA,1,2,2,OSLA
199426273,Checkers,0,GAME_OVER,118,117,2,997,1,OSLA,1,2,2,OSLA
387918533,Checkers,0,GAME_OVER,66,65,2,998,1,OSLA,1,2,2,OSLA
-1460030406,Checkers,0,GAME_OVER,178,177,2,999,1,OSLA,1,1,1,OSLA
53921332,Checkers,0,GAME_OVER,209,208,2,1000,1,OSLA,1,1,1,OSLA
1625556380,Checkers,0,GAME_OVER,84,83,2,1001,2,OSLA,2,1,1,OSLA
-655329308,Checkers,0,GAME_OVER,73,72,2,1002,2,OSLA,2,1,1,Random
-264641165,Checkers,0,GAME_OVER,84,83,2,1003,2,OSLA,2,1,1,Random
304020803,Checkers,0,GAME_OVER,68,67,2,1004,2,OSLA,2,1,1,Random
-810158299,Checkers,0,GAME_OVER,82,81,2,1005,2,OSLA,2,1,1,Random
-2063716319,Checkers,0,GAME_OVER,78,77,2,1006,2,OSLA,2,1,1,Random
-1095536654,Checkers,0,GAME_OVER,82,81,2,1007,2,OSLA,2,1,1,Random
1149489710,Checkers,0,GAME_OVER,64,63,2,1008,2,OSLA,2,1,1,Random
-2028663098,Checkers,0,GAME_OVER,76,75,2,1009,2,OSLA,2,1,1,Random
-1910142585,Checkers,0,GAME_OVER,78,77,2,1010,2,OSLA,2,1,1,Random
710411956,Checkers,0,GAME_OVER,68,67,2,1011,2,OSLA,2,1,1,Random
-754472517,Checkers,0,GAME_OVER,83,82,2,1012,2,OSLA,2,1,1,Random
-1864614547,Checkers,0,GAME_OVER,76,75,2,1013,2,OSLA,2,1,1,Random
-427594544,Checkers,0,GAME_OVER,62,61,2,1014,2,OSLA,2,1,1,Random
-1144879371,Checkers,0,GAME_OVER,75,74,2,1015,2,OSLA,2,1,1,Random
-498414262,Checkers,0,GAME_OVER,79,78,2,1016,2,OSLA,2,1,1,Random
1024729430,Checkers,0,GAME_OVER,78,77,2,1017,2,OSLA,2,1,1,Random
568139855,Checkers,0,GAME_OVER,83,82,2,1018,2,OSLA,2,1,1,Random
-430594965,Checkers,0,GAME_OVER,75,74,2,1019,2,OSLA,2,1,1,Random
905693017,Checkers,0,GAME_OVER,77,76,2,1020,2,OSLA,2,1,1,Random
-1533735690,Checkers,0,GAME_OVER,70,69,2,1021,2,OSLA,2,1,1,Random
-1200364784,Checkers,0,GAME_OVER,71,70,2,1022,2,OSLA,2,1,1,Random
-689483878,Checkers,0,GAME_OVER,75,74,2,1023,2,OSLA,2,1,1,Random
1529965898,Checkers,0,GAME_OVER,75,74,2,1024,2,OSLA,2,1,1,Random
-1898756236,Checkers,0,GAME_OVER,70,69,2,1025,2,OSLA,2,1,1,Random
1674876477,Checkers,0,GAME_OVER,79,78,2,1026,2,OSLA,2,1,1,Random
1787538790,Checkers,0,GAME_OVER,77,76,2,1027,2,OSLA,2,1,1,Random
-1414184600,Checkers,0,GAME_OVER,71,70,2,1028,2,OSLA,2,1,1,Random
-2142609321,Checkers,0,GAME_OVER,68,67,2,1029,2,OSLA,2,1,1,Random
-240248637,Checkers,0,GAME_OVER,82,81,2,1030,2,OSLA,2,1,1,Random
1029665769,Checkers,0,GAME_OVER,63,62,2,1031,2,OSLA,2,1,1,Random
-721194709,Checkers,0,GAME_OVER,74,73,2,1032,2,OSLA,2,1,1,Random
-1835169153,Checkers,0,GAME_OVER,70,69,2,1033,2,OSLA,2,1,1,Random
-868271820,Checkers,0,GAME_OVER,78,77,2,1034,2,OSLA,2,1,1,Random
1054523526,Checkers,0,GAME_OVER,83,82,2,1035,2,OSLA,2,1,1,Random
508949435,Checkers,0,GAME_OVER,69,68,2,1036,2,OSLA,2,1,1,Random
-563203495,Checkers,0,GAME_OVER,71,70,2,1037,2,OSLA,2,1,1,Random
1704419822,Checkers,0,GAME_OVER,58,57,2,1038,2,OSLA,2,1,1,Random
1613937470,Checkers,0,GAME_OVER,66,65,2,1039,2,OSLA,2,1,1,Random
-899380046,Checkers,0,GAME_OVER,62,61,2,1040,2,OSLA,2,1,1,Random
558449485,Checkers,0,GAME_OVER,82,81,2,1041,2,OSLA,2,1,1,Random
-1460444291,Checkers,0,GAME_OVER,71,70,2,1042,2,OSLA,2,1,1,Random
-2099143871,Checkers,0,GAME_OVER,69,68,2,1043,2,OSLA,2,1,1,Random
1809561382,Checkers,0,GAME_OVER,74,73,2,1044,2,OSLA,2,1,1,Random
-1424043909,Checkers,0,GAME_OVER,64,63,2,1045,2,OSLA,2,1,1,Random
909246781,Checkers,0,GAME_OVER,77,76,2,1046,2,OSLA,2,1,1,Random
1590812872,Checkers,0,GAME_OVER,83,82,2,1047,2,OSLA,2,1,1,Random
-483869467,Checkers,0,GAME_OVER,80,79,2,1048,2,OSLA,2,1,1,Random
901715111,Checkers,0,GAME_OVER,74,73,2,1049,2,OSLA,2,1,1,Random
-51239868,Checkers,0,GAME_OVER,78,77,2,1050,2,OSLA,2,1,1,Random
1378015265,Checkers,0,GAME_OVER,72,71,2,1051,2,OSLA,2,1,1,Random
-1856406014,Checkers,0,GAME_OVER,63,62,2,1052,2,OSLA,2,1,1,Random
18021745,Checkers,0,GAME_OVER,75,74,2,1053,2,OSLA,2,1,1,Random
2040977534,Checkers,0,GAME_OVER,98,97,2,1054,2,OSLA,2,1,1,Random
-313935349,Checkers,0,GAME_OVER,75,74,2,1055,2,OSLA,2,1,1,Random
1790094480,Checkers,0,GAME_OVER,65,64,2,1056,2,OSLA,2,1,1,Random
-948587063,Checkers,0,GAME_OVER,74,73,2,1057,2,OSLA,2,1,1,Random
1829468184,Checkers,0,GAME_OVER,79,78,2,1058,2,OSLA,2,1,1,Random
649329987,Checkers,0,GAME_OVER,79,78,2,1059,2,OSLA,2,1,1,Random
1418166445,Checkers,0,GAME_OVER,87,86,2,1060,2,OSLA,2,1,1,Random
-369630303,Checkers,0,GAME_OVER,71,70,2,1061,2,OSLA,2,1,1,Random
405055778,Checkers,0,GAME_OVER,85,84,2,1062,2,OSLA,2,1,1,Random
-700142242,Checkers,0,GAME_OVER,78,77,2,1063,2,OSLA,2,1,1,Random
956967106,Checkers,0,GAME_OVER,74,73,2,1064,2,OSLA,2,1,1,Random
-1683190557,Checkers,0,GAME_OVER,87,86,2,1065,2,OSLA,2,1,1,Random
1788940655,Checkers,0,GAME_OVER,70,69,2,1066,2,OSLA,2,1,1,Random
-464528679,Checkers,0,GAME_OVER,78,77,2,1067,2,OSLA,2,1,1,Random
-1719895544,Checkers,0,GAME_OVER,77,76,2,1068,2,OSLA,2,1,1,Random
279631780,Checkers,0,GAME_OVER,82,81,2,1069,2,OSLA,2,1,1,Random
-516496193,Checkers,0,GAME_OVER,78,77,2,1070,2,OSLA,2,1,1,Random
1179940974,Checkers,0,GAME_OVER,62,61,2,1071,2,OSLA,2,1,1,Random
127706445,Checkers,0,GAME_OVER,71,70,2,1072,2,OSLA,2,1,1,Random
2020546970,Checkers,0,GAME_OVER,80,79,2,1073,2,OSLA,2,1,1,Random
734638367,Checkers,0,GAME_OVER,87,86,2,1074,2,OSLA,2,1,1,Random
-689555032,Checkers,0,GAME_OVER,83,82,2,1075,2,OSLA,2,1,1,Random
-1163791369,Checkers,0,GAME_OVER,66,65,2,1076,2,OSLA,2,1,1,Random
922282699,Checkers,0,GAME_OVER,75,74,2,1077,2,OSLA,2,1,1,Random
-638186096,Checkers,0,GAME_OVER,89,88,2,1078,2,OSLA,2,1,1,Random
-2093070663,Checkers,0,GAME_OVER,66,65,2,1079,2,OSLA,2,1,1,Random
-1764110007,Checkers,0,GAME_OVER,84,83,2,1080,2,OSLA,2,1,1,Random
-1146409081,Checkers,0,GAME_OVER,67,66,2,1081,2,OSLA,2,1,1,Random
-430502169,Checkers,0,GAME_OVER,77,76,2,1082,2,OSLA,2,1,1,Random
2030229899,Checkers,0,GAME_OVER,68,67,2,1083,2,OSLA,2,1,1,Random
691381220,Checkers,0,GAME_OVER,70,69,2,1084,2,OSLA,2,1,1,Random
198069656,Checkers,0,GAME_OVER,80,79,2,1085,2,OSLA,2,1,1,Random
-810309901,Checkers,0,GAME_OVER,78,77,2,1086,2,OSLA,2,1,1,Random
-1891428332,Checkers,0,GAME_OVER,70,69,2,1087,2,OSLA,2,1,1,Random
-1105314927,Checkers,0,GAME_OVER,65,64,2,1088,2,OSLA,2,1,1,Random
-1746665289,Checkers,0,GAME_OVER,77,76,2,1089,2,OSLA,2,1,1,Random
830493156,Checkers,0,GAME_OVER,80,79,2,1090,2,OSLA,2,1,1,Random
1202044910,Checkers,0,GAME_OVER,56,55,2,1091,2,OSLA,2,1,1,Random
1424611133,Checkers,0,GAME_OVER,88,87,2,1092,2,OSLA,2,1,1,Random
-234913216,Checkers,0,GAME_OVER,71,70,2,1093,2,OSLA,2,1,1,Random
1292088810,Checkers,0,GAME_OVER,84,83,2,1094,2,OSLA,2,1,1,Random
2107537190,Checkers,0,GAME_OVER,74,73,2,1095,2,OSLA,2,1,1,Random
2073954116,Checkers,0,GAME_OVER,89,88,2,1096,2,OSLA,2,1,1,Random
525072425,Checkers,0,GAME_OVER,79,78,2,1097,2,OSLA,2,1,1,Random
1748179228,Checkers,0,GAME_OVER,78,77,2,1098,2,OSLA,2,1,1,Random
1114035795,Checkers,0,GAME_OVER,65,64,2,1099,2,OSLA,2,1,1,Random
1500966898,Checkers,0,GAME_OVER,60,59,2,1100,2,OSLA,2,1,1,Random
1662410544,Checkers,0,GAME_OVER,83,82,2,1101,2,OSLA,2,1,1,Random
692441499,Checkers,0,GAME_OVER,74,73,2,1102,2,OSLA,2,1,1,Random
-357203990,Checkers,0,GAME_OVER,76,75,2,1103,2,OSLA,2,1,1,Random
1581363269,Checkers,0,GAME_OVER,79,78,2,1104,2,OSLA,2,1,1,Random
-716217261,Checkers,0,GAME_OVER,71,70,2,1105,2,OSLA,2,1,1,Random
1682772983,Checkers,0,GAME_OVER,78,77,2,1106,2,OSLA,2,1,1,Random
-134293295,Checkers,0,GAME_OVER,83,82,2,1107,2,OSLA,2,1,1,Random
959443192,Checkers,0,GAME_OVER,81,80,2,1108,2,OSLA,2,1,1,Random
-590552699,Checkers,0,GAME_OVER,72,71,2,1109,2,OSLA,2,1,1,Random
219136976,Checkers,0,GAME_OVER,78,77,2,1110,2,OSLA,2,1,1,Random
531641905,Checkers,0,GAME_OVER,76,75,2,1111,2,OSLA,2,1,1,Random
799465404,Checkers,0,GAME_OVER,75,74,2,1112,2,OSLA,2,1,1,Random
-1244008034,Checkers,0,GAME_OVER,90,89,2,1113,2,OSLA,2,1,1,Random
-247452992,Checkers,0,GAME_OVER,65,64,2,1114,2,OSLA,2,1,1,Random
680498320,Checkers,0,GAME_OVER,77,76,2,1115,2,OSLA,2,1,1,Random
2079070920,Checkers,0,GAME_OVER,71,70,2,1116,2,OSLA,2,1,1,Random
-1289760878,Checkers,0,GAME_OVER,77,76,2,1117,2,OSLA,2,1,1,Random
1880865144,Checkers,0,GAME_OVER,64,63,2,1118,2,OSLA,2,1,1,Random
-428397538,Checkers,0,GAME_OVER,90,89,2,1119,2,OSLA,2,1,1,Random
-1732816748,Checkers,0,GAME_OVER,76,75,2,1120,2,OSLA,2,1,1,Random
-2132740891,Checkers,0,GAME_OVER,85,84,2,1121,2,OSLA,2,1,1,Random
-488425688,Checkers,0,GAME_OVER,73,72,2,1122,2,OSLA,2,1,1,Random
407205454,Checkers,0,GAME_OVER,70,69,2,1123,2,OSLA,2,1,1,Random
-505964576,Checkers,0,GAME_OVER,69,68,2,1124,2,OSLA,2,1,1,Random
-1272763554,Checkers,0,GAME_OVER,70,69,2,1125,2,OSLA,2,1,1,Random
-946076892,Checkers,0,GAME_OVER,72,71,2,1126,2,OSLA,2,1,1,Random
-129009496,Checkers,0,GAME_OVER,73,72,2,1127,2,OSLA,2,1,1,Random
-1752710150,Checkers,0,GAME_OVER,68,67,2,1128,2,OSLA,2,1,1,Random
-1610840582,Checkers,0,GAME_OVER,90,89,2,1129,2,OSLA,2,1,1,Random
-747549500,Checkers,0,GAME_OVER,79,78,2,1130,2,OSLA,2,1,1,Random
-1507039011,Checkers,0,GAME_OVER,77,76,2,1131,2,OSLA,2,1,1,Random
2046638401,Checkers,0,GAME_OVER,68,67,2,1132,2,OSLA,2,1,1,Random
1174566179,Checkers,0,GAME_OVER,72,71,2,1133,2,OSLA,2,1,1,Random
-703175285,Checkers,0,GAME_OVER,77,76,2,1134,2,OSLA,2,1,1,Random
1049558555,Checkers,0,GAME_OVER,84,83,2,1135,2,OSLA,2,1,1,Random
24184292,Checkers,0,GAME_OVER,74,73,2,1136,2,OSLA,2,1,1,Random
723085857,Checkers,0,GAME_OVER,77,76,2,1137,2,OSLA,2,1,1,Random
704221578,Checkers,0,GAME_OVER,67,66,2,1138,2,OSLA,2,1,1,Random
475136930,Checkers,0,GAME_OVER,80,79,2,1139,2,OSLA,2,1,1,Random
-728022289,Checkers,0,GAME_OVER,60,59,2,1140,2,OSLA,2,1,1,Random
-1965638191,Checkers,0,GAME_OVER,68,67,2,1141,2,OSLA,2,1,1,Random
1344862726,Checkers,0,GAME_OVER,101,100,2,1142,2,OSLA,2,1,1,Random
-769458025,Checkers,0,GAME_OVER,72,71,2,1143,2,OSLA,2,1,1,Random
-124452472,Checkers,0,GAME_OVER,63,62,2,1144,2,OSLA,2,1,1,Random
1754123923,Checkers,0,GAME_OVER,69,68,2,1145,2,OSLA,2,1,1,Random
817997400,Checkers,0,GAME_OVER,79,78,2,1146,2,OSLA,2,1,1,Random
2005862680,Checkers,0,GAME_OVER,98,97,2,1147,2,OSLA,2,1,1,Random
966084725,Checkers,0,GAME_OVER,67,66,2,1148,2,OSLA,2,1,1,Random
557615496,Checkers,0,GAME_OVER,73,72,2,1149,2,OSLA,2,1,1,Random
1406836500,Checkers,0,GAME_OVER,77,76,2,1150,2,OSLA,2,1,1,Random
-1008530288,Checkers,0,GAME_OVER,67,66,2,1151,2,OSLA,2,1,1,Random
809625056,Checkers,0,GAME_OVER,70,69,2,1152,2,OSLA,2,1,1,Random
-1541745923,Checkers,0,GAME_OVER,83,82,2,1153,2,OSLA,2,1,1,Random
-1319329939,Checkers,0,GAME_OVER,78,77,2,1154,2,OSLA,2,1,1,Random
-1768802997,Checkers,0,GAME_OVER,75,74,2,1155,2,OSLA,2,1,1,Random
-1013638818,Checkers,0,GAME_OVER,82,81,2,1156,2,OSLA,2,1,1,Random
1272152609,Checkers,0,GAME_OVER,81,80,2,1157,2,OSLA,2,1,1,Random
-2108098344,Checkers,0,GAME_OVER,71,70,2,1158,2,OSLA,2,1,1,Random
1021979980,Checkers,0,GAME_OVER,63,62,2,1159,2,OSLA,2,1,1,Random
400906797,Checkers,0,GAME_OVER,69,68,2,1160,2,OSLA,2,1,1,Random
1604641790,Checkers,0,GAME_OVER,65,64,2,1161,2,OSLA,2,1,1,Random
-1032286994,Checkers,0,GAME_OVER,63,62,2,1162,2,OSLA,2,1,1,Random
1493589086,Checkers,0,GAME_OVER,83,82,2,1163,2,OSLA,2,1,1,Random
11320765,Checkers,0,GAME_OVER,78,77,2,1164,2,OSLA,2,1,1,Random
-1525548634,Checkers,0,GAME_OVER,76,75,2,1165,2,OSLA,2,1,1,Random
-431619690,Checkers,0,GAME_OVER,63,62,2,1166,2,OSLA,2,1,1,Random
1936749416,Checkers,0,GAME_OVER,62,61,2,1167,2,OSLA,2,1,1,Random
-2004761999,Checkers,0,GAME_OVER,79,78,2,1168,2,OSLA,2,1,1,Random
-1347623508,Checkers,0,GAME_OVER,74,73,2,1169,2,OSLA,2,1,1,Random
832869218,Checkers,0,GAME_OVER,92,91,2,1170,2,OSLA,2,1,1,Random
955111685,Checkers,0,GAME_OVER,72,71,2,1171,2,OSLA,2,1,1,Random
1099661990,Checkers,0,GAME_OVER,87,86,2,1172,2,OSLA,2,1,1,Random
135675094,Checkers,0,GAME_OVER,71,70,2,1173,2,OSLA,2,1,1,Random
855059001,Checkers,0,GAME_OVER,78,77,2,1174,2,OSLA,2,1,1,Random
1172228948,Checkers,0,GAME_OVER,75,74,2,1175,2,OSLA,2,1,1,Random
1557631987,Checkers,0,GAME_OVER,81,80,2,1176,2,OSLA,2,1,1,Random
215232016,Checkers,0,GAME_OVER,68,67,2,1177,2,OSLA,2,1,1,Random
965841975,Checkers,0,GAME_OVER,77,76,2,1178,2,OSLA,2,1,1,Random
1368214283,Checkers,0,GAME_OVER,75,74,2,1179,2,OSLA,2,1,1,Random
278402738,Checkers,0,GAME_OVER,68,67,2,1180,2,OSLA,2,1,1,Random
39826850,Checkers,0,GAME_OVER,72,71,2,1181,2,OSLA,2,1,1,Random
1397230288,Checkers,0,GAME_OVER,76,75,2,1182,2,OSLA,2,1,1,Random
186065874,Checkers,0,GAME_OVER,59,58,2,1183,2,OSLA,2,1,1,Random
1890892223,Checkers,0,GAME_OVER,83,82,2,1184,2,OSLA,2,1,1,Random
49631141,Checkers,0,GAME_OVER,89,88,2,1185,2,OSLA,2,1,1,Random
59729467,Checkers,0,GAME_OVER,70,69,2,1186,2,OSLA,2,1,1,Random
411018702,Checkers,0,GAME_OVER,76,75,2,1187,2,OSLA,2,1,1,Random
1652668031,Checkers,0,GAME_OVER,73,72,2,1188,2,OSLA,2,1,1,Random
-174465613,Checkers,0,GAME_OVER,79,78,2,1189,2,OSLA,2,1,1,Random
-1327324403,Checkers,0,GAME_OVER,71,70,2,1190,2,OSLA,2,1,1,Random
1277879419,Checkers,0,GAME_OVER,84,83,2,1191,2,OSLA,2,1,1,Random
-535033564,Checkers,0,GAME_OVER,72,71,2,1192,2,OSLA,2,1,1,Random
-308562979,Checkers,0,GAME_OVER,70,69,2,1193,2,OSLA,2,1,1,Random
-917987805,Checkers,0,GAME_OVER,73,72,2,1194,2,OSLA,2,1,1,Random
1187876542,Checkers,0,GAME_OVER,70,69,2,1195,2,OSLA,2,1,1,Random
-233150162,Checkers,0,GAME_OVER,72,71,2,1196,2,OSLA,2,1,1,Random
199426273,Checkers,0,GAME_OVER,77,76,2,1197,2,OSLA,2,1,1,Random
387918533,Checkers,0,GAME_OVER,87,86,2,1198,2,OSLA,2,1,1,Random
-1460030406,Checkers,0,GAME_OVER,76,75,2,1199,2,OSLA,2,1,1,Random
53921332,Checkers,0,GAME_OVER,72,71,2,1200,2,OSLA,2,1,1,Random
1625556380,Checkers,0,GAME_OVER,70,69,2,1201,2,OSLA,2,1,1,Random
-655329308,Checkers,0,GAME_OVER,92,91,2,1202,1,Random,1,2,2,MCTS_v0
-264641165,Checkers,0,GAME_OVER,86,85,2,1203,1,Random,1,2,2,MCTS_v0
304020803,Checkers,0,GAME_OVER,92,91,2,1204,1,Random,1,2,2,MCTS_v0
-810158299,Checkers,0,GAME_OVER,106,105,2,1205,1,Random,1,2,2,MCTS_v0
-2063716319,Checkers,0,GAME_OVER,78,77,2,1206,1,Random,1,2,2,MCTS_v0
-1095536654,Checkers,0,GAME_OVER,97,96,2,1207,1,Random,1,2,2,MCTS_v0
1149489710,Checkers,0,GAME_OVER,87,86,2,1208,1,Random,1,2,2,MCTS_v0
-2028663098,Checkers,0,GAME_OVER,88,87,2,1209,1,Random,1,2,2,MCTS_v0
-1910142585,Checkers,0,GAME_OVER,95,94,2,1210,1,Random,1,2,2,MCTS_v0
710411956,Checkers,0,GAME_OVER,75,74,2,1211,1,Random,1,2,2,MCTS_v0
-754472517,Checkers,0,GAME_OVER,72,71,2,1212,1,Random,1,2,2,MCTS_v0
-1864614547,Checkers,0,GAME_OVER,86,85,2,1213,1,Random,1,2,2,MCTS_v0
-427594544,Checkers,0,GAME_OVER,98,97,2,1214,1,Random,1,2,2,MCTS_v0
-1144879371,Checkers,0,GAME_OVER,99,98,2,1215,1,Random,1,2,2,MCTS_v0
-498414262,Checkers,0,GAME_OVER,89,88,2,1216,1,Random,1,2,2,MCTS_v0
1024729430,Checkers,0,GAME_OVER,91,90,2,1217,1,Random,1,2,2,MCTS_v0
568139855,Checkers,0,GAME_OVER,89,88,2,1218,1,Random,1,2,2,MCTS_v0
-430594965,Checkers,0,GAME_OVER,89,88,2,1219,1,Random,1,2,2,MCTS_v0
905693017,Checkers,0,GAME_OVER,94,93,2,1220,1,Random,1,2,2,MCTS_v0
-1533735690,Checkers,0,GAME_OVER,100,99,2,1221,1,Random,1,2,2,MCTS_v0
-1200364784,Checkers,0,GAME_OVER,72,71,2,1222,1,Random,1,2,2,MCTS_v0
-689483878,Checkers,0,GAME_OVER,95,94,2,1223,1,Random,1,2,2,MCTS_v0
1529965898,Checkers,0,GAME_OVER,91,90,2,1224,1,Random,1,2,2,MCTS_v0
-1898756236,Checkers,0,GAME_OVER,88,87,2,1225,1,Random,1,2,2,MCTS_v0
1674876477,Checkers,0,GAME_OVER,103,102,2,1226,1,Random,1,2,2,MCTS_v0
1787538790,Checkers,0,GAME_OVER,65,64,2,1227,1,Random,1,2,2,MCTS_v0
-1414184600,Checkers,0,GAME_OVER,96,95,2,1228,1,Random,1,2,2,MCTS_v0
-2142609321,Checkers,0,GAME_OVER,77,76,2,1229,1,Random,1,2,2,MCTS_v0
-240248637,Checkers,0,GAME_OVER,76,75,2,1230,1,Random,1,2,2,MCTS_v0
1029665769,Checkers,0,GAME_OVER,75,74,2,1231,1,Random,1,2,2,MCTS_v0
-721194709,Checkers,0,GAME_OVER,82,81,2,1232,1,Random,1,2,2,MCTS_v0
-1835169153,Checkers,0,GAME_OVER,89,88,2,1233,1,Random,1,2,2,MCTS_v0
-868271820,Checkers,0,GAME_OVER,70,69,2,1234,1,Random,1,2,2,MCTS_v0
1054523526,Checkers,0,GAME_OVER,95,94,2,1235,1,Random,1,2,2,MCTS_v0
508949435,Checkers,0,GAME_OVER,83,82,2,1236,1,Random,1,2,2,MCTS_v0
-563203495,Checkers,0,GAME_OVER,91,90,2,1237,1,Random,1,2,2,MCTS_v0
1704419822,Checkers,0,GAME_OVER,80,79,2,1238,1,Random,1,2,2,MCTS_v0
1613937470,Checkers,0,GAME_OVER,83,82,2,1239,1,Random,1,2,2,MCTS_v0
-899380046,Checkers,0,GAME_OVER,85,84,2,1240,1,Random,1,2,2,MCTS_v0
558449485,Checkers,0,GAME_OVER,87,86,2,1241,1,Random,1,2,2,MCTS_v0
-1460444291,Checkers,0,GAME_OVER,84,83,2,1242,1,Random,1,2,2,MCTS_v0
-2099143871,Checkers,0,GAME_OVER,70,69,2,1243,1,Random,1,2,2,MCTS_v0
1809561382,Checkers,0,GAME_OVER,81,80,2,1244,1,Random,1,2,2,MCTS_v0
-1424043909,Checkers,0,GAME_OVER,76,75,2,1245,1,Random,1,2,2,MCTS_v0
909246781,Checkers,0,GAME_OVER,80,79,2,1246,1,Random,1,2,2,MCTS_v0
1590812872,Checkers,0,GAME_OVER,82,81,2,1247,1,Random,1,2,2,MCTS_v0
-483869467,Checkers,0,GAME_OVER,85,84,2,1248,1,Random,1,2,2,MCTS_v0
901715111,Checkers,0,GAME_OVER,81,80,2,1249,1,Random,1,2,2,MCTS_v0
-51239868,Checkers,0,GAME_OVER,77,76,2,1250,1,Random,1,2,2,MCTS_v0
1378015265,Checkers,0,GAME_OVER,90,89,2,1251,1,Random,1,2,2,MCTS_v0
-1856406014,Checkers,0,GAME_OVER,71,70,2,1252,1,Random,1,2,2,MCTS_v0
18021745,Checkers,0,GAME_OVER,80,79,2,1253,1,Random,1,2,2,MCTS_v0
2040977534,Checkers,0,GAME_OVER,78,77,2,1254,1,Random,1,2,2,MCTS_v0
-313935349,Checkers,0,GAME_OVER,68,67,2,1255,1,Random,1,2,2,MCTS_v0
1790094480,Checkers,0,GAME_OVER,91,90,2,1256,1,Random,1,2,2,MCTS_v0
-948587063,Checkers,0,GAME_OVER,86,85,2,1257,1,Random,1,2,2,MCTS_v0
1829468184,Checkers,0,GAME_OVER,93,92,2,1258,1,Random,1,2,2,MCTS_v0
649329987,Checkers,0,GAME_OVER,90,89,2,1259,1,Random,1,2,2,MCTS_v0
1418166445,Checkers,0,GAME_OVER,81,80,2,1260,1,Random,1,2,2,MCTS_v0
-369630303,Checkers,0,GAME_OVER,87,86,2,1261,1,Random,1,2,2,MCTS_v0
405055778,Checkers,0,GAME_OVER,78,77,2,1262,1,Random,1,2,2,MCTS_v0
-700142242,Checkers,0,GAME_OVER,86,85,2,1263,1,Random,1,2,2,MCTS_v0
956967106,Checkers,0,GAME_OVER,81,80,2,1264,1,Random,1,2,2,MCTS_v0
-1683190557,Checkers,0,GAME_OVER,99,98,2,1265,1,Random,1,2,2,MCTS_v0
1788940655,Checkers,0,GAME_OVER,79,78,2,1266,1,Random,1,2,2,MCTS_v0
-464528679,Checkers,0,GAME_OVER,92,91,2,1267,1,Random,1,2,2,MCTS_v0
-1719895544,Checkers,0,GAME_OVER,81,80,2,1268,1,Random,1,2,2,MCTS_v0
279631780,Checkers,0,GAME_OVER,76,75,2,1269,1,Random,1,2,2,MCTS_v0
-516496193,Checkers,0,GAME_OVER,79,78,2,1270,1,Random,1,2,2,MCTS_v0
1179940974,Checkers,0,GAME_OVER,81,80,2,1271,1,Random,1,2,2,MCTS_v0
127706445,Checkers,0,GAME_OVER,86,85,2,1272,1,Random,1,2,2,MCTS_v0
2020546970,Checkers,0,GAME_OVER,85,84,2,1273,1,Random,1,2,2,MCTS_v0
734638367,Checkers,0,GAME_OVER,89,88,2,1274,1,Random,1,2,2,MCTS_v0
-689555032,Checkers,0,GAME_OVER,93,92,2,1275,1,Random,1,2,2,MCTS_v0
-1163791369,Checkers,0,GAME_OVER,80,79,2,1276,1,Random,1,2,2,MCTS_v0
922282699,Checkers,0,GAME_OVER,73,72,2,1277,1,Random,1,2,2,MCTS_v0
-638186096,Checkers,0,GAME_OVER,101,100,2,1278,1,Random,1,2,2,MCTS_v0
-2093070663,Checkers,0,GAME_OVER,85,84,2,1279,1,Random,1,2,2,MCTS_v0
-1764110007,Checkers,0,GAME_OVER,91,90,2,1280,1,Random,1,2,2,MCTS_v0
-1146409081,Checkers,0,GAME_OVER,105,104,2,1281,1,Random,1,2,2,MCTS_v0
-430502169,Checkers,0,GAME_OVER,70,69,2,1282,1,Random,1,2,2,MCTS_v0
2030229899,Checkers,0,GAME_OVER,92,91,2,1283,1,Random,1,2,2,MCTS_v0
691381220,Checkers,0,GAME_OVER,72,71,2,1284,1,Random,1,2,2,MCTS_v0
198069656,Checkers,0,GAME_OVER,78,77,2,1285,1,Random,1,2,2,MCTS_v0
-810309901,Checkers,0,GAME_OVER,75,74,2,1286,1,Random,1,2,2,MCTS_v0
-1891428332,Checkers,0,GAME_OVER,78,77,2,1287,1,Random,1,2,2,MCTS_v0
-1105314927,Checkers,0,GAME_OVER,88,87,2,1288,1,Random,1,2,2,MCTS_v0
-1746665289,Checkers,0,GAME_OVER,69,68,2,1289,1,Random,1,2,2,MCTS_v0
830493156,Checkers,0,GAME_OVER,89,88,2,1290,1,Random,1,2,2,MCTS_v0
1202044910,Checkers,0,GAME_OVER,89,88,2,1291,1,Random,1,2,2,MCTS_v0
1424611133,Checkers,0,GAME_OVER,67,66,2,1292,1,Random,1,2,2,MCTS_v0
-234913216,Checkers,0,GAME_OVER,92,91,2,1293,1,Random,1,2,2,MCTS_v0
1292088810,Checkers,0,GAME_OVER,92,91,2,1294,1,Random,1,2,2,MCTS_v0
2107537190,Checkers,0,GAME_OVER,85,84,2,1295,1,Random,1,2,2,MCTS_v0
2073954116,Checkers,0,GAME_OVER,139,138,2,1296,1,Random,1,2,2,MCTS_v0
525072425,Checkers,0,GAME_OVER,72,71,2,1297,1,Random,1,2,2,MCTS_v0
1748179228,Checkers,0,GAME_OVER,99,98,2,1298,1,Random,1,2,2,MCTS_v0
1114035795,Checkers,0,GAME_OVER,84,83,2,1299,1,Random,1,2,2,MCTS_v0
1500966898,Checkers,0,GAME_OVER,93,92,2,1300,1,Random,1,2,2,MCTS_v0
1662410544,Checkers,0,GAME_OVER,82,81,2,1301,1,Random,1,2,2,MCTS_v0
692441499,Checkers,0,GAME_OVER,78,77,2,1302,1,Random,1,2,2,MCTS_v0
-357203990,Checkers,0,GAME_OVER,85,84,2,1303,1,Random,1,2,2,MCTS_v0
1581363269,Checkers,0,GAME_OVER,104,103,2,1304,1,Random,1,2,2,MCTS_v0
-716217261,Checkers,0,GAME_OVER,89,88,2,1305,1,Random,1,2,2,MCTS_v0
1682772983,Checkers,0,GAME_OVER,84,83,2,1306,1,Random,1,2,2,MCTS_v0
-134293295,Checkers,0,GAME_OVER,90,89,2,1307,1,Random,1,2,2,MCTS_v0
959443192,Checkers,0,GAME_OVER,88,87,2,1308,1,Random,1,2,2,MCTS_v0
-590552699,Checkers,0,GAME_OVER,101,100,2,1309,1,Random,1,2,2,MCTS_v0
219136976,Checkers,0,GAME_OVER,89,88,2,1310,1,Random,1,2,2,MCTS_v0
531641905,Checkers,0,GAME_OVER,79,78,2,1311,1,Random,1,2,2,MCTS_v0
799465404,Checkers,0,GAME_OVER,91,90,2,1312,1,Random,1,2,2,MCTS_v0
-1244008034,Checkers,0,GAME_OVER,81,80,2,1313,1,Random,1,2,2,MCTS_v0
-247452992,Checkers,0,GAME_OVER,100,99,2,1314,1,Random,1,2,2,MCTS_v0
680498320,Checkers,0,GAME_OVER,90,89,2,1315,1,Random,1,2,2,MCTS_v0
2079070920,Checkers,0,GAME_OVER,84,83,2,1316,1,Random,1,2,2,MCTS_v0
-1289760878,Checkers,0,GAME_OVER,72,71,2,1317,1,Random,1,2,2,MCTS_v0
1880865144,Checkers,0,GAME_OVER,76,75,2,1318,1,Random,1,2,2,MCTS_v0
-428397538,Checkers,0,GAME_OVER,74,73,2,1319,1,Random,1,2,2,MCTS_v0
-1732816748,Checkers,0,GAME_OVER,89,88,2,1320,1,Random,1,2,2,MCTS_v0
-2132740891,Checkers,0,GAME_OVER,78,77,2,1321,1,Random,1,2,2,MCTS_v0
-488425688,Checkers,0,GAME_OVER,83,82,2,1322,1,Random,1,2,2,MCTS_v0
407205454,Checkers,0,GAME_OVER,88,87,2,1323,1,Random,1,2,2,MCTS_v0
-505964576,Checkers,0,GAME_OVER,88,87,2,1324,1,Random,1,2,2,MCTS_v0
-1272763554,Checkers,0,GAME_OVER,73,72,2,1325,1,Random,1,2,2,MCTS_v0
-946076892,Checkers,0,GAME_OVER,87,86,2,1326,1,Random,1,2,2,MCTS_v0
-129009496,Checkers,0,GAME_OVER,87,86,2,1327,1,Random,1,2,2,MCTS_v0
-1752710150,Checkers,0,GAME_OVER,89,88,2,1328,1,Random,1,2,2,MCTS_v0
-1610840582,Checkers,0,GAME_OVER,89,88,2,1329,1,Random,1,2,2,MCTS_v0
-747549500,Checkers,0,GAME_OVER,84,83,2,1330,1,Random,1,2,2,MCTS_v0
-1507039011,Checkers,0,GAME_OVER,88,87,2,1331,1,Random,1,2,2,MCTS_v0
2046638401,Checkers,0,GAME_OVER,84,83,2,1332,1,Random,1,2,2,MCTS_v0
1174566179,Checkers,0,GAME_OVER,86,85,2,1333,1,Random,1,2,2,MCTS_v0
-703175285,Checkers,0,GAME_OVER,64,63,2,1334,1,Random,1,2,2,MCTS_v0
1049558555,Checkers,0,GAME_OVER,90,89,2,1335,1,Random,1,2,2,MCTS_v0
24184292,Checkers,0,GAME_OVER,63,62,2,1336,1,Random,1,2,2,MCTS_v0
723085857,Checkers,0,GAME_OVER,95,94,2,1337,1,Random,1,2,2,MCTS_v0
704221578,Checkers,0,GAME_OVER,94,93,2,1338,1,Random,1,2,2,MCTS_v0
475136930,Checkers,0,GAME_OVER,66,65,2,1339,1,Random,1,2,2,MCTS_v0
-728022289,Checkers,0,GAME_OVER,95,94,2,1340,1,Random,1,2,2,MCTS_v0
-1965638191,Checkers,0,GAME_OVER,85,84,2,1341,1,Random,1,2,2,MCTS_v0
1344862726,Checkers,0,GAME_OVER,70,69,2,1342,1,Random,1,2,2,MCTS_v0
-769458025,Checkers,0,GAME_OVER,82,81,2,1343,1,Random,1,2,2,MCTS_v0
-124452472,Checkers,0,GAME_OVER,94,93,2,1344,1,Random,1,2,2,MCTS_v0
1754123923,Checkers,0,GAME_OVER,85,84,2,1345,1,Random,1,2,2,MCTS_v0
817997400,Checkers,0,GAME_OVER,92,91,2,1346,1,Random,1,2,2,MCTS_v0
2005862680,Checkers,0,GAME_OVER,103,102,2,1347,1,Random,1,2,2,MCTS_v0
966084725,Checkers,0,GAME_OVER,78,77,2,1348,1,Random,1,2,2,MCTS_v0
557615496,Checkers,0,GAME_OVER,80,79,2,1349,1,Random,1,2,2,MCTS_v0
1406836500,Checkers,0,GAME_OVER,86,85,2,1350,1,Random,1,2,2,MCTS_v0
-1008530288,Checkers,0,GAME_OVER,59,58,2,1351,1,Random,1,2,2,MCTS_v0
809625056,Checkers,0,GAME_OVER,77,76,2,1352,1,Random,1,2,2,MCTS_v0
-1541745923,Checkers,0,GAME_OVER,82,81,2,1353,1,Random,1,2,2,MCTS_v0
-1319329939,Checkers,0,GAME_OVER,99,98,2,1354,1,Random,1,2,2,MCTS_v0
-1768802997,Checkers,0,GAME_OVER,110,109,2,1355,1,Random,1,2,2,MCTS_v0
-1013638818,Checkers,0,GAME_OVER,75,74,2,1356,1,Random,1,2,2,MCTS_v0
1272152609,Checkers,0,GAME_OVER,90,89,2,1357,1,Random,1,2,2,MCTS_v0
-2108098344,Checkers,0,GAME_OVER,83,82,2,1358,1,Random,1,2,2,MCTS_v0
1021979980,Checkers,0,GAME_OVER,80,79,2,1359,1,Random,1,2,2,MCTS_v0
400906797,Checkers,0,GAME_OVER,89,88,2,1360,1,Random,1,2,2,MCTS_v0
1604641790,Checkers,0,GAME_OVER,77,76,2,1361,1,Random,1,2,2,MCTS_v0
-1032286994,Checkers,0,GAME_OVER,86,85,2,1362,1,Random,1,2,2,MCTS_v0
1493589086,Checkers,0,GAME_OVER,85,84,2,1363,1,Random,1,2,2,MCTS_v0
11320765,Checkers,0,GAME_OVER,78,77,2,1364,1,Random,1,2,2,MCTS_v0
-1525548634,Checkers,0,GAME_OVER,88,87,2,1365,1,Random,1,2,2,MCTS_v0
-431619690,Checkers,0,GAME_OVER,77,76,2,1366,1,Random,1,2,2,MCTS_v0
1936749416,Checkers,0,GAME_OVER,96,95,2,1367,1,Random,1,2,2,MCTS_v0
-2004761999,Checkers,0,GAME_OVER,91,90,2,1368,1,Random,1,2,2,MCTS_v0
-1347623508,Checkers,0,GAME_OVER,87,86,2,1369,1,Random,1,2,2,MCTS_v0
832869218,Checkers,0,GAME_OVER,72,71,2,1370,1,Random,1,2,2,MCTS_v0
955111685,Checkers,0,GAME_OVER,85,84,2,1371,1,Random,1,2,2,MCTS_v0
1099661990,Checkers,0,GAME_OVER,90,89,2,1372,1,Random,1,2,2,MCTS_v0
135675094,Checkers,0,GAME_OVER,91,90,2,1373,1,Random,1,2,2,MCTS_v0
855059001,Checkers,0,GAME_OVER,97,96,2,1374,1,Random,1,2,2,MCTS_v0
1172228948,Checkers,0,GAME_OVER,85,84,2,1375,1,Random,1,2,2,MCTS_v0
1557631987,Checkers,0,GAME_OVER,102,101,2,1376,1,Random,1,2,2,MCTS_v0
215232016,Checkers,0,GAME_OVER,101,100,2,1377,1,Random,1,2,2,MCTS_v0
965841975,Checkers,0,GAME_OVER,83,82,2,1378,1,Random,1,2,2,MCTS_v0
1368214283,Checkers,0,GAME_OVER,82,81,2,1379,1,Random,1,2,2,MCTS_v0
278402738,Checkers,0,GAME_OVER,92,91,2,1380,1,Random,1,2,2,MCTS_v0
39826850,Checkers,0,GAME_OVER,87,86,2,1381,1,Random,1,2,2,MCTS_v0
1397230288,Checkers,0,GAME_OVER,88,87,2,1382,1,Random,1,2,2,MCTS_v0
186065874,Checkers,0,GAME_OVER,93,92,2,1383,1,Random,1,2,2,MCTS_v0
1890892223,Checkers,0,GAME_OVER,103,102,2,1384,1,Random,1,2,2,MCTS_v0
49631141,Checkers,0,GAME_OVER,83,82,2,1385,1,Random,1,2,2,MCTS_v0
59729467,Checkers,0,GAME_OVER,87,86,2,1386,1,Random,1,2,2,MCTS_v0
411018702,Checkers,0,GAME_OVER,78,77,2,1387,1,Random,1,2,2,MCTS_v0
1652668031,Checkers,0,GAME_OVER,85,84,2,1388,1,Random,1,2,2,MCTS_v0
-174465613,Checkers,0,GAME_OVER,87,86,2,1389,1,Random,1,2,2,MCTS_v0
-1327324403,Checkers,0,GAME_OVER,82,81,2,1390,1,Random,1,2,2,MCTS_v0
1277879419,Checkers,0,GAME_OVER,84,83,2,1391,1,Random,1,2,2,MCTS_v0
-535033564,Checkers,0,GAME_OVER,79,78,2,1392,1,Random,1,2,2,MCTS_v0
-308562979,Checkers,0,GAME_OVER,93,92,2,1393,1,Random,1,2,2,MCTS_v0
-917987805,Checkers,0,GAME_OVER,76,75,2,1394,1,Random,1,2,2,MCTS_v0
1187876542,Checkers,0,GAME_OVER,92,91,2,1395,1,Random,1,2,2,MCTS_v0
-233150162,Checkers,0,GAME_OVER,94,93,2,1396,1,Random,1,2,2,MCTS_v0
199426273,Checkers,0,GAME_OVER,103,102,2,1397,1,Random,1,2,2,MCTS_v0
387918533,Checkers,0,GAME_OVER,69,68,2,1398,1,Random,1,2,2,MCTS_v0
-1460030406,Checkers,0,GAME_OVER,96,95,2,1399,1,Random,1,2,2,MCTS_v0
53921332,Checkers,0,GAME_OVER,90,89,2,1400,1,Random,1,2,2,MCTS_v0
1625556380,Checkers,0,GAME_OVER,72,71,2,1401,1,Random,1,2,2,MCTS_v0
-655329308,Checkers,0,GAME_OVER,83,82,2,1402,1,Random,1,2,2,OSLA
-264641165,Checkers,0,GAME_OVER,63,62,2,1403,1,Random,1,2,2,OSLA
304020803,Checkers,0,GAME_OVER,82,81,2,1404,1,Random,1,2,2,OSLA
-810158299,Checkers,0,GAME_OVER,72,71,2,1405,1,Random,1,2,2,OSLA
-2063716319,Checkers,0,GAME_OVER,60,59,2,1406,1,Random,1,2,2,OSLA
-1095536654,Checkers,0,GAME_OVER,68,67,2,1407,1,Random,1,2,2,OSLA
1149489710,Checkers,0,GAME_OVER,82,81,2,1408,1,Random,1,2,2,OSLA
-2028663098,Checkers,0,GAME_OVER,91,90,2,1409,1,Random,1,2,2,OSLA
-1910142585,Checkers,0,GAME_OVER,69,68,2,1410,1,Random,1,2,2,OSLA
710411956,Checkers,0,GAME_OVER,85,84,2,1411,1,Random,1,2,2,OSLA
-754472517,Checkers,0,GAME_OVER,60,59,2,1412,1,Random,1,2,2,OSLA
-1864614547,Checkers,0,GAME_OVER,83,82,2,1413,1,Random,1,2,2,OSLA
-427594544,Checkers,0,GAME_OVER,78,77,2,1414,1,Random,1,2,2,OSLA
-1144879371,Checkers,0,GAME_OVER,76,75,2,1415,1,Random,1,2,2,OSLA
-498414262,Checkers,0,GAME_OVER,74,73,2,1416,1,Random,1,2,2,OSLA
1024729430,Checkers,0,GAME_OVER,88,87,2,1417,1,Random,1,2,2,OSLA
568139855,Checkers,0,GAME_OVER,70,69,2,1418,1,Random,1,2,2,OSLA
-430594965,Checkers,0,GAME_OVER,66,65,2,1419,1,Random,1,2,2,OSLA
905693017,Checkers,0,GAME_OVER,92,91,2,1420,1,Random,1,2,2,OSLA
-1533735690,Checkers,0,GAME_OVER,74,73,2,1421,1,Random,1,2,2,OSLA
-1200364784,Checkers,0,GAME_OVER,72,71,2,1422,1,Random,1,2,2,OSLA
-689483878,Checkers,0,GAME_OVER,72,71,2,1423,1,Random,1,2,2,OSLA
1529965898,Checkers,0,GAME_OVER,70,69,2,1424,1,Random,1,2,2,OSLA
-1898756236,Checkers,0,GAME_OVER,79,78,2,1425,1,Random,1,2,2,OSLA
1674876477,Checkers,0,GAME_OVER,86,85,2,1426,1,Random,1,2,2,OSLA
1787538790,Checkers,0,GAME_OVER,73,72,2,1427,1,Random,1,2,2,OSLA
-1414184600,Checkers,0,GAME_OVER,69,68,2,1428,1,Random,1,2,2,OSLA
-2142609321,Checkers,0,GAME_OVER,77,76,2,1429,1,Random,1,2,2,OSLA
-240248637,Checkers,0,GAME_OVER,73,72,2,1430,1,Random,1,2,2,OSLA
1029665769,Checkers,0,GAME_OVER,75,74,2,1431,1,Random,1,2,2,OSLA
-721194709,Checkers,0,GAME_OVER,81,80,2,1432,1,Random,1,2,2,OSLA
-1835169153,Checkers,0,GAME_OVER,73,72,2,1433,1,Random,1,2,2,OSLA
-868271820,Checkers,0,GAME_OVER,74,73,2,1434,1,Random,1,2,2,OSLA
1054523526,Checkers,0,GAME_OVER,66,65,2,1435,1,Random,1,2,2,OSLA
508949435,Checkers,0,GAME_OVER,71,70,2,1436,1,Random,1,2,2,OSLA
-563203495,Checkers,0,GAME_OVER,82,81,2,1437,1,Random,1,2,2,OSLA
1704419822,Checkers,0,GAME_OVER,81,80,2,1438,1,Random,1,2,2,OSLA
1613937470,Checkers,0,GAME_OVER,74,73,2,1439,1,Random,1,2,2,OSLA
-899380046,Checkers,0,GAME_OVER,66,65,2,1440,1,Random,1,2,2,OSLA
558449485,Checkers,0,GAME_OVER,81,80,2,1441,1,Random,1,2,2,OSLA
-1460444291,Checkers,0,GAME_OVER,72,71,2,1442,1,Random,1,2,2,OSLA
-2099143871,Checkers,0,GAME_OVER,57,56,2,1443,1,Random,1,2,2,OSLA
1809561382,Checkers,0,GAME_OVER,125,124,2,1444,1,Random,1,1,1,OSLA
-1424043909,Checkers,0,GAME_OVER,94,93,2,1445,1,Random,1,2,2,OSLA
909246781,Checkers,0,GAME_OVER,76,75,2,1446,1,Random,1,2,2,OSLA
1590812872,Checkers,0,GAME_OVER,93,92,2,1447,1,Random,1,2,2,OSLA
-483869467,Checkers,0,GAME_OVER,82,81,2,1448,1,Random,1,2,2,OSLA
901715111,Checkers,0,GAME_OVER,83,82,2,1449,1,Random,1,2,2,OSLA
-51239868,Checkers,0,GAME_OVER,77,76,2,1450,1,Random,1,2,2,OSLA
1378015265,Checkers,0,GAME_OVER,75,74,2,1451,1,Random,1,2,2,OSLA
-1856406014,Checkers,0,GAME_OVER,62,61,2,1452,1,Random,1,2,2,OSLA
18021745,Checkers,0,GAME_OVER,78,77,2,1453,1,Random,1,2,2,OSLA
2040977534,Checkers,0,GAME_OVER,79,78,2,1454,1,Random,1,2,2,OSLA
-313935349,Checkers,0,GAME_OVER,62,61,2,1455,1,Random,1,2,2,OSLA
1790094480,Checkers,0,GAME_OVER,68,67,2,1456,1,Random,1,2,2,OSLA
-948587063,Checkers,0,GAME_OVER,73,72,2,1457,1,Random,1,2,2,OSLA
1829468184,Checkers,0,GAME_OVER,80,79,2,1458,1,Random,1,2,2,OSLA
649329987,Checkers,0,GAME_OVER,66,65,2,1459,1,Random,1,2,2,OSLA
1418166445,Checkers,0,GAME_OVER,68,67,2,1460,1,Random,1,2,2,OSLA
-369630303,Checkers,0,GAME_OVER,84,83,2,1461,1,Random,1,2,2,OSLA
405055778,Checkers,0,GAME_OVER,66,65,2,1462,1,Random,1,2,2,OSLA
-700142242,Checkers,0,GAME_OVER,81,80,2,1463,1,Random,1,2,2,OSLA
956967106,Checkers,0,GAME_OVER,69,68,2,1464,1,Random,1,2,2,OSLA
-1683190557,Checkers,0,GAME_OVER,66,65,2,1465,1,Random,1,2,2,OSLA
1788940655,Checkers,0,GAME_OVER,68,67,2,1466,1,Random,1,2,2,OSLA
-464528679,Checkers,0,GAME_OVER,75,74,2,1467,1,Random,1,2,2,OSLA
-1719895544,Checkers,0,GAME_OVER,59,58,2,1468,1,Random,1,2,2,OSLA
279631780,Checkers,0,GAME_OVER,65,64,2,1469,1,Random,1,2,2,OSLA
-516496193,Checkers,0,GAME_OVER,81,80,2,1470,1,Random,1,2,2,OSLA
1179940974,Checkers,0,GAME_OVER,79,78,2,1471,1,Random,1,2,2,OSLA
127706445,Checkers,0,GAME_OVER,85,84,2,1472,1,Random,1,2,2,OSLA
2020546970,Checkers,0,GAME_OVER,73,72,2,1473,1,Random,1,2,2,OSLA
734638367,Checkers,0,GAME_OVER,67,66,2,1474,1,Random,1,2,2,OSLA
-689555032,Checkers,0,GAME_OVER,76,75,2,1475,1,Random,1,2,2,OSLA
-1163791369,Checkers,0,GAME_OVER,67,66,2,1476,1,Random,1,2,2,OSLA
922282699,Checkers,0,GAME_OVER,66,65,2,1477,1,Random,1,2,2,OSLA
-638186096,Checkers,0,GAME_OVER,73,72,2,1478,1,Random,1,2,2,OSLA
-2093070663,Checkers,0,GAME_OVER,68,67,2,1479,1,Random,1,2,2,OSLA
-1764110007,Checkers,0,GAME_OVER,62,61,2,1480,1,Random,1,2,2,OSLA
-1146409081,Checkers,0,GAME_OVER,85,84,2,1481,1,Random,1,2,2,OSLA
-430502169,Checkers,0,GAME_OVER,83,82,2,1482,1,Random,1,2,2,OSLA
2030229899,Checkers,0,GAME_OVER,76,75,2,1483,1,Random,1,2,2,OSLA
691381220,Checkers,0,GAME_OVER,77,76,2,1484,1,Random,1,2,2,OSLA
198069656,Checkers,0,GAME_OVER,60,59,2,1485,1,Random,1,2,2,OSLA
-810309901,Checkers,0,GAME_OVER,69,68,2,1486,1,Random,1,2,2,OSLA
-1891428332,Checkers,0,GAME_OVER,82,81,2,1487,1,Random,1,2,2,OSLA
-1105314927,Checkers,0,GAME_OVER,70,69,2,1488,1,Random,1,2,2,OSLA
-1746665289,Checkers,0,GAME_OVER,65,64,2,1489,1,Random,1,2,2,OSLA
830493156,Checkers,0,GAME_OVER,89,88,2,1490,1,Random,1,2,2,OSLA
1202044910,Checkers,0,GAME_OVER,67,66,2,1491,1,Random,1,2,2,OSLA
1424611133,Checkers,0,GAME_OVER,71,70,2,1492,1,Random,1,2,2,OSLA
-234913216,Checkers,0,GAME_OVER,73,72,2,1493,1,Random,1,2,2,OSLA
1292088810,Checkers,0,GAME_OVER,79,78,2,1494,1,Random,1,2,2,OSLA
2107537190,Checkers,0,GAME_OVER,65,64,2,1495,1,Random,1,2,2,OSLA
2073954116,Checkers,0,GAME_OVER,62,61,2,1496,1,Random,1,2,2,OSLA
525072425,Checkers,0,GAME_OVER,89,88,2,1497,1,Random,1,2,2,OSLA
1748179228,Checkers,0,GAME_OVER,76,75,2,1498,1,Random,1,2,2,OSLA
1114035795,Checkers,0,GAME_OVER,78,77,2,1499,1,Random,1,2,2,OSLA
1500966898,Checkers,0,GAME_OVER,81,80,2,1500,1,Random,1,2,2,OSLA
1662410544,Checkers,0,GAME_OVER,86,85,2,1501,1,Random,1,2,2,OSLA
692441499,Checkers,0,GAME_OVER,67,66,2,1502,1,Random,1,2,2,OSLA
-357203990,Checkers,0,GAME_OVER,81,80,2,1503,1,Random,1,2,2,OSLA
1581363269,Checkers,0,GAME_OVER,82,81,2,1504,1,Random,1,2,2,OSLA
-716217261,Checkers,0,GAME_OVER,70,69,2,1505,1,Random,1,2,2,OSLA
1682772983,Checkers,0,GAME_OVER,72,71,2,1506,1,Random,1,2,2,OSLA
-134293295,Checkers,0,GAME_OVER,82,81,2,1507,1,Random,1,2,2,OSLA
959443192,Checkers,0,GAME_OVER,75,74,2,1508,1,Random,1,2,2,OSLA
-590552699,Checkers,0,GAME_OVER,62,61,2,1509,1,Random,1,2,2,OSLA
219136976,Checkers,0,GAME_OVER,75,74,2,1510,1,Random,1,2,2,OSLA
531641905,Checkers,0,GAME_OVER,75,74,2,1511,1,Random,1,2,2,OSLA
799465404,Checkers,0,GAME_OVER,68,67,2,1512,1,Random,1,2,2,OSLA
-1244008034,Checkers,0,GAME_OVER,61,60,2,1513,1,Random,1,2,2,OSLA
-247452992,Checkers,0,GAME_OVER,61,60,2,1514,1,Random,1,2,2,OSLA
680498320,Checkers,0,GAME_OVER,76,75,2,1515,1,Random,1,2,2,OSLA
2079070920,Checkers,0,GAME_OVER,69,68,2,1516,1,Random,1,2,2,OSLA
-1289760878,Checkers,0,GAME_OVER,69,68,2,1517,1,Random,1,2,2,OSLA
1880865144,Checkers,0,GAME_OVER,71,70,2,1518,1,Random,1,2,2,OSLA
-428397538,Checkers,0,GAME_OVER,70,69,2,1519,1,Random,1,2,2,OSLA
-1732816748,Checkers,0,GAME_OVER,68,67,2,1520,1,Random,1,2,2,OSLA
-2132740891,Checkers,0,GAME_OVER,63,62,2,1521,1,Random,1,2,2,OSLA
-488425688,Checkers,0,GAME_OVER,64,63,2,1522,1,Random,1,2,2,OSLA
407205454,Checkers,0,GAME_OVER,95,94,2,1523,1,Random,1,2,2,OSLA
-505964576,Checkers,0,GAME_OVER,78,77,2,1524,1,Random,1,2,2,OSLA
-1272763554,Checkers,0,GAME_OVER,59,58,2,1525,1,Random,1,2,2,OSLA
-946076892,Checkers,0,GAME_OVER,82,81,2,1526,1,Random,1,2,2,OSLA
-129009496,Checkers,0,GAME_OVER,75,74,2,1527,1,Random,1,2,2,OSLA
-1752710150,Checkers,0,GAME_OVER,78,77,2,1528,1,Random,1,2,2,OSLA
-1610840582,Checkers,0,GAME_OVER,74,73,2,1529,1,Random,1,2,2,OSLA
-747549500,Checkers,0,GAME_OVER,88,87,2,1530,1,Random,1,2,2,OSLA
-1507039011,Checkers,0,GAME_OVER,77,76,2,1531,1,Random,1,2,2,OSLA
2046638401,Checkers,0,GAME_OVER,78,77,2,1532,1,Random,1,2,2,OSLA
1174566179,Checkers,0,GAME_OVER,98,97,2,1533,1,Random,1,2,2,OSLA
-703175285,Checkers,0,GAME_OVER,83,82,2,1534,1,Random,1,2,2,OSLA
1049558555,Checkers,0,GAME_OVER,74,73,2,1535,1,Random,1,2,2,OSLA
24184292,Checkers,0,GAME_OVER,78,77,2,1536,1,Random,1,2,2,OSLA
723085857,Checkers,0,GAME_OVER,66,65,2,1537,1,Random,1,2,2,OSLA
704221578,Checkers,0,GAME_OVER,69,68,2,1538,1,Random,1,2,2,OSLA
475136930,Checkers,0,GAME_OVER,70,69,2,1539,1,Random,1,2,2,OSLA
-728022289,Checkers,0,GAME_OVER,113,112,2,1540,1,Random,1,2,2,OSLA
-1965638191,Checkers,0,GAME_OVER,90,89,2,1541,1,Random,1,2,2,OSLA
1344862726,Checkers,0,GAME_OVER,72,71,2,1542,1,Random,1,2,2,OSLA
-769458025,Checkers,0,GAME_OVER,83,82,2,1543,1,Random,1,2,2,OSLA
-124452472,Checkers,0,GAME_OVER,60,59,2,1544,1,Random,1,2,2,OSLA
1754123923,Checkers,0,GAME_OVER,91,90,2,1545,1,Random,1,2,2,OSLA
817997400,Checkers,0,GAME_OVER,78,77,2,1546,1,Random,1,2,2,OSLA
2005862680,Checkers,0,GAME_OVER,69,68,2,1547,1,Random,1,2,2,OSLA
966084725,Checkers,0,GAME_OVER,71,70,2,1548,1,Random,1,2,2,OSLA
557615496,Checkers,0,GAME_OVER,77,76,2,1549,1,Random,1,2,2,OSLA
1406836500,Checkers,0,GAME_OVER,80,79,2,1550,1,Random,1,2,2,OSLA
-1008530288,Checkers,0,GAME_OVER,76,75,2,1551,1,Random,1,2,2,OSLA
809625056,Checkers,0,GAME_OVER,70,69,2,1552,1,Random,1,2,2,OSLA
-1541745923,Checkers,0,GAME_OVER,82,81,2,1553,1,Random,1,2,2,OSLA
-1319329939,Checkers,0,GAME_OVER,75,74,2,1554,1,Random,1,2,2,OSLA
-1768802997,Checkers,0,GAME_OVER,71,70,2,1555,1,Random,1,2,2,OSLA
-1013638818,Checkers,0,GAME_OVER,68,67,2,1556,1,Random,1,2,2,OSLA
1272152609,Checkers,0,GAME_OVER,78,77,2,1557,1,Random,1,2,2,OSLA
-2108098344,Checkers,0,GAME_OVER,73,72,2,1558,1,Random,1,2,2,OSLA
1021979980,Checkers,0,GAME_OVER,86,85,2,1559,1,Random,1,2,2,OSLA
400906797,Checkers,0,GAME_OVER,68,67,2,1560,1,Random,1,2,2,OSLA
1604641790,Checkers,0,GAME_OVER,78,77,2,1561,1,Random,1,2,2,OSLA
-1032286994,Checkers,0,GAME_OVER,71,70,2,1562,1,Random,1,2,2,OSLA
1493589086,Checkers,0,GAME_OVER,66,65,2,1563,1,Random,1,2,2,OSLA
11320765,Checkers,0,GAME_OVER,64,63,2,1564,1,Random,1,2,2,OSLA
-1525548634,Checkers,0,GAME_OVER,86,85,2,1565,1,Random,1,2,2,OSLA
-431619690,Checkers,0,GAME_OVER,64,63,2,1566,1,Random,1,2,2,OSLA
1936749416,Checkers,0,GAME_OVER,78,77,2,1567,1,Random,1,2,2,OSLA
-2004761999,Checkers,0,GAME_OVER,75,74,2,1568,1,Random,1,2,2,OSLA
-1347623508,Checkers,0,GAME_OVER,72,71,2,1569,1,Random,1,2,2,OSLA
832869218,Checkers,0,GAME_OVER,83,82,2,1570,1,Random,1,2,2,OSLA
955111685,Checkers,0,GAME_OVER,60,59,2,1571,1,Random,1,2,2,OSLA
1099661990,Checkers,0,GAME_OVER,73,72,2,1572,1,Random,1,2,2,OSLA
135675094,Checkers,0,GAME_OVER,83,82,2,1573,1,Random,1,2,2,OSLA
855059001,Checkers,0,GAME_OVER,79,78,2,1574,1,Random,1,2,2,OSLA
1172228948,Checkers,0,GAME_OVER,69,68,2,1575,1,Random,1,2,2,OSLA
1557631987,Checkers,0,GAME_OVER,66,65,2,1576,1,Random,1,2,2,OSLA
215232016,Checkers,0,GAME_OVER,66,65,2,1577,1,Random,1,2,2,OSLA
965841975,Checkers,0,GAME_OVER,84,83,2,1578,1,Random,1,2,2,OSLA
1368214283,Checkers,0,GAME_OVER,78,77,2,1579,1,Random,1,2,2,OSLA
278402738,Checkers,0,GAME_OVER,68,67,2,1580,1,Random,1,2,2,OSLA
39826850,Checkers,0,GAME_OVER,56,55,2,1581,1,Random,1,2,2,OSLA
1397230288,Checkers,0,GAME_OVER,78,77,2,1582,1,Random,1,2,2,OSLA
186065874,Checkers,0,GAME_OVER,79,78,2,1583,1,Random,1,2,2,OSLA
1890892223,Checkers,0,GAME_OVER,81,80,2,1584,1,Random,1,2,2,OSLA
49631141,Checkers,0,GAME_OVER,72,71,2,1585,1,Random,1,2,2,OSLA
59729467,Checkers,0,GAME_OVER,71,70,2,1586,1,Random,1,2,2,OSLA
411018702,Checkers,0,GAME_OVER,74,73,2,1587,1,Random,1,2,2,OSLA
1652668031,Checkers,0,GAME_OVER,84,83,2,1588,1,Random,1,2,2,OSLA
-174465613,Checkers,0,GAME_OVER,68,67,2,1589,1,Random,1,2,2,OSLA
-1327324403,Checkers,0,GAME_OVER,69,68,2,1590,1,Random,1,2,2,OSLA
1277879419,Checkers,0,GAME_OVER,69,68,2,1591,1,Random,1,2,2,OSLA
-535033564,Checkers,0,GAME_OVER,76,75,2,1592,1,Random,1,2,2,OSLA
-308562979,Checkers,0,GAME_OVER,69,68,2,1593,1,Random,1,2,2,OSLA
-917987805,Checkers,0,GAME_OVER,65,64,2,1594,1,Random,1,2,2,OSLA
1187876542,Checkers,0,GAME_OVER,67,66,2,1595,1,Random,1,2,2,OSLA
-233150162,Checkers,0,GAME_OVER,76,75,2,1596,1,Random,1,2,2,OSLA
199426273,Checkers,0,GAME_OVER,76,75,2,1597,1,Random,1,2,2,OSLA
387918533,Checkers,0,GAME_OVER,77,76,2,1598,1,Random,1,2,2,OSLA
-1460030406,Checkers,0,GAME_OVER,67,66,2,1599,1,Random,1,2,2,OSLA
53921332,Checkers,0,GAME_OVER,64,63,2,1600,1,Random,1,2,2,OSLA
1625556380,Checkers,0,GAME_OVER,71,70,2,1601,1,Random,1,2,2,OSLA
-655329308,Checkers,0,GAME_OVER,108,107,2,1602,1,Random,1,2,2,Random
-264641165,Checkers,0,GAME_OVER,112,111,2,1603,2,Random,2,1,1,Random
304020803,Checkers,0,GAME_OVER,101,100,2,1604,1,Random,1,2,2,Random
-810158299,Checkers,0,GAME_OVER,120,119,2,1605,1,Random,1,2,2,Random
-2063716319,Checkers,0,GAME_OVER,93,92,2,1606,2,Random,2,1,1,Random
-1095536654,Checkers,0,GAME_OVER,63,62,2,1607,2,Random,2,1,1,Random
1149489710,Checkers,0,GAME_OVER,94,93,2,1608,1,Random,1,2,2,Random
-2028663098,Checkers,0,GAME_OVER,93,92,2,1609,1,Random,1,2,2,Random
-1910142585,Checkers,0,GAME_OVER,93,92,2,1610,1,Random,1,2,2,Random
710411956,Checkers,0,GAME_OVER,89,88,2,1611,2,Random,2,1,1,Random
-754472517,Checkers,0,GAME_OVER,79,78,2,1612,2,Random,2,1,1,Random
-1864614547,Checkers,0,GAME_OVER,131,130,2,1613,1,Random,1,2,2,Random
-427594544,Checkers,0,GAME_OVER,110,109,2,1614,1,Random,1,2,2,Random
-1144879371,Checkers,0,GAME_OVER,88,87,2,1615,1,Random,1,2,2,Random
-498414262,Checkers,0,GAME_OVER,84,83,2,1616,1,Random,1,2,2,Random
1024729430,Checkers,0,GAME_OVER,111,110,2,1617,1,Random,1,2,2,Random
568139855,Checkers,0,GAME_OVER,128,127,2,1618,1,Random,1,2,2,Random
-430594965,Checkers,0,GAME_OVER,119,118,2,1619,2,Random,2,1,1,Random
905693017,Checkers,0,GAME_OVER,115,114,2,1620,2,Random,2,1,1,Random
-1533735690,Checkers,0,GAME_OVER,86,85,2,1621,1,Random,1,2,2,Random
-1200364784,Checkers,0,GAME_OVER,104,103,2,1622,1,Random,1,2,2,Random
-689483878,Checkers,0,GAME_OVER,88,87,2,1623,2,Random,2,1,1,Random
1529965898,Checkers,0,GAME_OVER,95,94,2,1624,2,Random,2,1,1,Random
-1898756236,Checkers,0,GAME_OVER,91,90,2,1625,1,Random,1,2,2,Random
1674876477,Checkers,0,GAME_OVER,96,95,2,1626,2,Random,2,1,1,Random
1787538790,Checkers,0,GAME_OVER,109,108,2,1627,1,Random,1,2,2,Random
-1414184600,Checkers,0,GAME_OVER,130,129,2,1628,1,Random,1,2,2,Random
-2142609321,Checkers,0,GAME_OVER,83,82,2,1629,1,Random,1,2,2,Random
-240248637,Checkers,0,GAME_OVER,92,91,2,1630,2,Random,2,1,1,Random
1029665769,Checkers,0,GAME_OVER,84,83,2,1631,1,Random,1,2,2,Random
-721194709,Checkers,0,GAME_OVER,93,92,2,1632,2,Random,2,1,1,Random
-1835169153,Checkers,0,GAME_OVER,93,92,2,1633,1,Random,1,2,2,Random
-868271820,Checkers,0,GAME_OVER,101,100,2,1634,2,Random,2,1,1,Random
1054523526,Checkers,0,GAME_OVER,115,114,2,1635,2,Random,2,1,1,Random
508949435,Checkers,0,GAME_OVER,96,95,2,1636,1,Random,1,2,2,Random
-563203495,Checkers,0,GAME_OVER,96,95,2,1637,2,Random,2,1,1,Random
1704419822,Checkers,0,GAME_OVER,73,72,2,1638,1,Random,1,2,2,Random
1613937470,Checkers,0,GAME_OVER,101,100,2,1639,1,Random,1,2,2,Random
-899380046,Checkers,0,GAME_OVER,96,95,2,1640,2,Random,2,1,1,Random
558449485,Checkers,0,GAME_OVER,127,126,2,1641,2,Random,2,1,1,Random
-1460444291,Checkers,0,GAME_OVER,101,100,2,1642,1,Random,1,2,2,Random
-2099143871,Checkers,0,GAME_OVER,97,96,2,1643,1,Random,1,2,2,Random
1809561382,Checkers,0,GAME_OVER,86,85,2,1644,1,Random,1,2,2,Random
-1424043909,Checkers,0,GAME_OVER,74,73,2,1645,2,Random,2,1,1,Random
909246781,Checkers,0,GAME_OVER,80,79,2,1646,1,Random,1,2,2,Random
1590812872,Checkers,0,GAME_OVER,88,87,2,1647,2,Random,2,1,1,Random
-483869467,Checkers,0,GAME_OVER,106,105,2,1648,1,Random,1,2,2,Random
901715111,Checkers,0,GAME_OVER,66,65,2,1649,2,Random,2,1,1,Random
-51239868,Checkers,0,GAME_OVER,107,106,2,1650,2,Random,2,1,1,Random
1378015265,Checkers,0,GAME_OVER,97,96,2,1651,1,Random,1,2,2,Random
-1856406014,Checkers,0,GAME_OVER,77,76,2,1652,2,Random,2,1,1,Random
18021745,Checkers,0,GAME_OVER,79,78,2,1653,2,Random,2,1,1,Random
2040977534,Checkers,0,GAME_OVER,102,101,2,1654,2,Random,2,1,1,Random
-313935349,Checkers,0,GAME_OVER,108,107,2,1655,1,Random,1,2,2,Random
1790094480,Checkers,0,GAME_OVER,109,108,2,1656,1,Random,1,2,2,Random
-948587063,Checkers,0,GAME_OVER,121,120,2,1657,1,Random,1,2,2,Random
1829468184,Checkers,0,GAME_OVER,93,92,2,1658,1,Random,1,2,2,Random
649329987,Checkers,0,GAME_OVER,81,80,2,1659,2,Random,2,1,1,Random
1418166445,Checkers,0,GAME_OVER,86,85,2,1660,2,Random,2,1,1,Random
-369630303,Checkers,0,GAME_OVER,81,80,2,1661,2,Random,2,1,1,Random
405055778,Checkers,0,GAME_OVER,86,85,2,1662,1,Random,1,2,2,Random
-700142242,Checkers,0,GAME_OVER,106,105,2,1663,2,Random,2,1,1,Random
956967106,Checkers,0,GAME_OVER,72,71,2,1664,2,Random,2,1,1,Random
-1683190557,Checkers,0,GAME_OVER,86,85,2,1665,1,Random,1,2,2,Random
1788940655,Checkers,0,GAME_OVER,85,84,2,1666,1,Random,1,2,2,Random
-464528679,Checkers,0,GAME_OVER,82,81,2,1667,2,Random,2,1,1,Random
-1719895544,Checkers,0,GAME_OVER,91,90,2,1668,1,Random,1,2,2,Random
279631780,Checkers,0,GAME_OVER,99,98,2,1669,2,Random,2,1,1,Random
-516496193,Checkers,0,GAME_OVER,134,133,2,1670,1,Random,1,2,2,Random
1179940974,Checkers,0,GAME_OVER,82,81,2,1671,1,Random,1,2,2,Random
127706445,Checkers,0,GAME_OVER,91,90,2,1672,1,Random,1,2,2,Random
2020546970,Checkers,0,GAME_OVER,90,89,2,1673,1,Random,1,2,2,Random
734638367,Checkers,0,GAME_OVER,141,140,2,1674,2,Random,2,1,1,Random
-689555032,Checkers,0,GAME_OVER,76,75,2,1675,1,Random,1,2,2,Random
-1163791369,Checkers,0,GAME_OVER,122,121,2,1676,2,Random,2,1,1,Random
922282699,Checkers,0,GAME_OVER,83,82,2,1677,2,Random,2,1,1,Random
-638186096,Checkers,0,GAME_OVER,88,87,2,1678,1,Random,1,2,2,Random
-2093070663,Checkers,0,GAME_OVER,95,94,2,1679,1,Random,1,2,2,Random
-1764110007,Checkers,0,GAME_OVER,110,109,2,1680,2,Random,2,1,1,Random
-1146409081,Checkers,0,GAME_OVER,94,93,2,1681,1,Random,1,2,2,Random
-430502169,Checkers,0,GAME_OVER,91,90,2,1682,2,Random,2,1,1,Random
2030229899,Checkers,0,GAME_OVER,86,85,2,1683,1,Random,1,2,2,Random
691381220,Checkers,0,GAME_OVER,82,81,2,1684,2,Random,2,1,1,Random
198069656,Checkers,0,GAME_OVER,101,100,2,1685,2,Random,2,1,1,Random
-810309901,Checkers,0,GAME_OVER,127,126,2,1686,2,Random,2,1,1,Random
-1891428332,Checkers,0,GAME_OVER,91,90,2,1687,2,Random,2,1,1,Random
-1105314927,Checkers,0,GAME_OVER,112,111,2,1688,1,Random,1,2,2,Random
-1746665289,Checkers,0,GAME_OVER,120,119,2,1689,2,Random,2,1,1,Random
830493156,Checkers,0,GAME_OVER,88,87,2,1690,1,Random,1,2,2,Random
1202044910,Checkers,0,GAME_OVER,123,122,2,1691,2,Random,2,1,1,Random
1424611133,Checkers,0,GAME_OVER,147,146,2,1692,2,Random,2,1,1,Random
-234913216,Checkers,0,GAME_OVER,105,104,2,1693,2,Random,2,1,1,Random
1292088810,Checkers,0,GAME_OVER,131,130,2,1694,2,Random,2,1,1,Random
2107537190,Checkers,0,GAME_OVER,81,80,2,1695,2,Random,2,1,1,Random
2073954116,Checkers,0,GAME_OVER,87,86,2,1696,1,Random,1,2,2,Random
525072425,Checkers,0,GAME_OVER,117,116,2,1697,2,Random,2,1,1,Random
1748179228,Checkers,0,GAME_OVER,102,101,2,1698,2,Random,2,1,1,Random
1114035795,Checkers,0,GAME_OVER,90,89,2,1699,2,Random,2,1,1,Random
1500966898,Checkers,0,GAME_OVER,82,81,2,1700,2,Random,2,1,1,Random
1662410544,Checkers,0,GAME_OVER,87,86,2,1701,1,Random,1,2,2,Random
692441499,Checkers,0,GAME_OVER,80,79,2,1702,1,Random,1,2,2,Random
-357203990,Checkers,0,GAME_OVER,87,86,2,1703,2,Random,2,1,1,Random
1581363269,Checkers,0,GAME_OVER,110,109,2,1704,1,Random,1,2,2,Random
-716217261,Checkers,0,GAME_OVER,97,96,2,1705,1,Random,1,2,2,Random
1682772983,Checkers,0,GAME_OVER,72,71,2,1706,1,Random,1,2,2,Random
-134293295,Checkers,0,GAME_OVER,79,78,2,1707,2,Random,2,1,1,Random
959443192,Checkers,0,GAME_OVER,95,94,2,1708,2,Random,2,1,1,Random
-590552699,Checkers,0,GAME_OVER,89,88,2,1709,1,Random,1,2,2,Random
219136976,Checkers,0,GAME_OVER,79,78,2,1710,1,Random,1,2,2,Random
531641905,Checkers,0,GAME_OVER,65,64,2,1711,1,Random,1,2,2,Random
799465404,Checkers,0,GAME_OVER,101,100,2,1712,1,Random,1,2,2,Random
-1244008034,Checkers,0,GAME_OVER,75,74,2,1713,1,Random,1,2,2,Random
-247452992,Checkers,0,GAME_OVER,74,73,2,1714,1,Random,1,2,2,Random
680498320,Checkers,0,GAME_OVER,91,90,2,1715,1,Random,1,2,2,Random
2079070920,Checkers,0,GAME_OVER,101,100,2,1716,1,Random,1,2,2,Random
-1289760878,Checkers,0,GAME_OVER,94,93,2,1717,1,Random,1,2,2,Random
1880865144,Checkers,0,GAME_OVER,92,91,2,1718,2,Random,2,1,1,Random
-428397538,Checkers,0,GAME_OVER,75,74,2,1719,2,Random,2,1,1,Random
-1732816748,Checkers,0,GAME_OVER,93,92,2,1720,2,Random,2,1,1,Random
-2132740891,Checkers,0,GAME_OVER,94,93,2,1721,2,Random,2,1,1,Random
-488425688,Checkers,0,GAME_OVER,72,71,2,1722,2,Random,2,1,1,Random
407205454,Checkers,0,GAME_OVER,71,70,2,1723,2,Random,2,1,1,Random
-505964576,Checkers,0,GAME_OVER,76,75,2,1724,2,Random,2,1,1,Random
-1272763554,Checkers,0,GAME_OVER,123,122,2,1725,2,Random,2,1,1,Random
-946076892,Checkers,0,GAME_OVER,90,89,2,1726,2,Random,2,1,1,Random
-129009496,Checkers,0,GAME_OVER,89,88,2,1727,2,Random,2,1,1,Random
-1752710150,Checkers,0,GAME_OVER,126,125,2,1728,2,Random,2,1,1,Random
-1610840582,Checkers,0,GAME_OVER,123,122,2,1729,1,Random,1,2,2,Random
-747549500,Checkers,0,GAME_OVER,102,101,2,1730,1,Random,1,2,2,Random
-1507039011,Checkers,0,GAME_OVER,101,100,2,1731,1,Random,1,2,2,Random
2046638401,Checkers,0,GAME_OVER,102,101,2,1732,2,Random,2,1,1,Random
1174566179,Checkers,0,GAME_OVER,105,104,2,1733,1,Random,1,2,2,Random
-703175285,Checkers,0,GAME_OVER,92,91,2,1734,2,Random,2,1,1,Random
1049558555,Checkers,0,GAME_OVER,83,82,2,1735,2,Random,2,1,1,Random
24184292,Checkers,0,GAME_OVER,98,97,2,1736,1,Random,1,2,2,Random
723085857,Checkers,0,GAME_OVER,85,84,2,1737,2,Random,2,1,1,Random
704221578,Checkers,0,GAME_OVER,110,109,2,1738,1,Random,1,2,2,Random
475136930,Checkers,0,GAME_OVER,101,100,2,1739,1,Random,1,2,2,Random
-728022289,Checkers,0,GAME_OVER,115,114,2,1740,1,Random,1,2,2,Random
-1965638191,Checkers,0,GAME_OVER,103,102,2,1741,2,Random,2,1,1,Random
1344862726,Checkers,0,GAME_OVER,117,116,2,1742,2,Random,2,1,1,Random
-769458025,Checkers,0,GAME_OVER,94,93,2,1743,1,Random,1,2,2,Random
-124452472,Checkers,0,GAME_OVER,78,77,2,1744,2,Random,2,1,1,Random
1754123923,Checkers,0,GAME_OVER,85,84,2,1745,1,Random,1,2,2,Random
817997400,Checkers,0,GAME_OVER,131,130,2,1746,1,Random,1,2,2,Random
2005862680,Checkers,0,GAME_OVER,70,69,2,1747,1,Random,1,2,2,Random
966084725,Checkers,0,GAME_OVER,82,81,2,1748,1,Random,1,2,2,Random
557615496,Checkers,0,GAME_OVER,94,93,2,1749,1,Random,1,2,2,Random
1406836500,Checkers,0,GAME_OVER,114,113,2,1750,2,Random,2,1,1,Random
-1008530288,Checkers,0,GAME_OVER,88,87,2,1751,2,Random,2,1,1,Random
809625056,Checkers,0,GAME_OVER,142,141,2,1752,1,Random,1,2,2,Random
-1541745923,Checkers,0,GAME_OVER,131,130,2,1753,1,Random,1,2,2,Random
-1319329939,Checkers,0,GAME_OVER,113,112,2,1754,2,Random,2,1,1,Random
-1768802997,Checkers,0,GAME_OVER,105,104,2,1755,2,Random,2,1,1,Random
-1013638818,Checkers,0,GAME_OVER,114,113,2,1756,1,Random,1,2,2,Random
1272152609,Checkers,0,GAME_OVER,92,91,2,1757,1,Random,1,2,2,Random
-2108098344,Checkers,0,GAME_OVER,78,77,2,1758,1,Random,1,2,2,Random
1021979980,Checkers,0,GAME_OVER,110,109,2,1759,2,Random,2,1,1,Random
400906797,Checkers,0,GAME_OVER,105,104,2,1760,1,Random,1,2,2,Random
1604641790,Checkers,0,GAME_OVER,99,98,2,1761,2,Random,2,1,1,Random
-1032286994,Checkers,0,GAME_OVER,102,101,2,1762,2,Random,2,1,1,Random
1493589086,Checkers,0,GAME_OVER,127,126,2,1763,1,Random,1,2,2,Random
11320765,Checkers,0,GAME_OVER,127,126,2,1764,2,Random,2,1,1,Random
-1525548634,Checkers,0,GAME_OVER,93,92,2,1765,1,Random,1,2,2,Random
-431619690,Checkers,0,GAME_OVER,93,92,2,1766,2,Random,2,1,1,Random
1936749416,Checkers,0,GAME_OVER,104,103,2,1767,2,Random,2,1,1,Random
-2004761999,Checkers,0,GAME_OVER,97,96,2,1768,1,Random,1,2,2,Random
-1347623508,Checkers,0,GAME_OVER,117,116,2,1769,2,Random,2,1,1,Random
832869218,Checkers,0,GAME_OVER,148,147,2,1770,2,Random,2,1,1,Random
955111685,Checkers,0,GAME_OVER,107,106,2,1771,2,Random,2,1,1,Random
1099661990,Checkers,0,GAME_OVER,90,89,2,1772,2,Random,2,1,1,Random
135675094,Checkers,0,GAME_OVER,101,100,2,1773,1,Random,1,2,2,Random
855059001,Checkers,0,GAME_OVER,120,119,2,1774,2,Random,2,1,1,Random
1172228948,Checkers,0,GAME_OVER,92,91,2,1775,1,Random,1,2,2,Random
1557631987,Checkers,0,GAME_OVER,99,98,2,1776,2,Random,2,1,1,Random
215232016,Checkers,0,GAME_OVER,89,88,2,1777,2,Random,2,1,1,Random
965841975,Checkers,0,GAME_OVER,81,80,2,1778,1,Random,1,2,2,Random
1368214283,Checkers,0,GAME_OVER,77,76,2,1779,2,Random,2,1,1,Random
278402738,Checkers,0,GAME_OVER,104,103,2,1780,2,Random,2,1,1,Random
39826850,Checkers,0,GAME_OVER,90,89,2,1781,1,Random,1,2,2,Random
1397230288,Checkers,0,GAME_OVER,123,122,2,1782,2,Random,2,1,1,Random
186065874,Checkers,0,GAME_OVER,115,114,2,1783,1,Random,1,2,2,Random
1890892223,Checkers,0,GAME_OVER,77,76,2,1784,1,Random,1,2,2,Random
49631141,Checkers,0,GAME_OVER,143,142,2,1785,1,Random,1,2,2,Random
59729467,Checkers,0,GAME_OVER,96,95,2,1786,1,Random,1,2,2,Random
411018702,Checkers,0,GAME_OVER,111,110,2,1787,2,Random,2,1,1,Random
1652668031,Checkers,0,GAME_OVER,82,81,2,1788,1,Random,1,2,2,Random
-174465613,Checkers,0,GAME_OVER,101,100,2,1789,1,Random,1,2,2,Random
-1327324403,Checkers,0,GAME_OVER,74,73,2,1790,1,Random,1,2,2,Random
1277879419,Checkers,0,GAME_OVER,78,77,2,1791,1,Random,1,2,2,Random
-535033564,Checkers,0,GAME_OVER,114,113,2,1792,2,Random,2,1,1,Random
-308562979,Checkers,0,GAME_OVER,160,159,2,1793,2,Random,2,1,1,Random
-917987805,Checkers,0,GAME_OVER,72,71,2,1794,1,Random,1,2,2,Random
1187876542,Checkers,0,GAME_OVER,131,130,2,1795,1,Random,1,2,2,Random
-233150162,Checkers,0,GAME_OVER,105,104,2,1796,2,Random,2,1,1,Random
199426273,Checkers,0,GAME_OVER,91,90,2,1797,1,Random,1,2,2,Random
387918533,Checkers,0,GAME_OVER,124,123,2,1798,2,Random,2,1,1,Random
-1460030406,Checkers,0,GAME_OVER,98,97,2,1799,1,Random,1,2,2,Random
53921332,Checkers,0,GAME_OVER,85,84,2,1800,2,Random,2,1,1,Random
1625556380,Checkers,0,GAME_OVER,79,78,2,1801,1,Random,1,2,2,Random
