GameSeed,GameName,Round,Event,Tick,Turn,PlayerCount,GameID,PlayerName-0,Player-1,Player-0,PlayerName-1
-2035590615,Checkers,0,GAME_OVER,47,46,2,2,MCTS_CheckersHeuristic,1.0,-1.0,MCTS_CheckersHeuristic
-578946317,Checkers,0,GAME_OVER,99,98,2,3,MCTS_CheckersHeuristic,1.0,-1.0,MCTS_CheckersHeuristic
1621758891,Checkers,0,GAME_OVER,54,53,2,4,MCTS_CheckersHeuristic,1.0,-1.0,MCTS_CheckersHeuristic
522208008,Checkers,0,GAME_OVER,62,61,2,5,MCTS_CheckersHeuristic,1.0,-1.0,MCTS_CheckersHeuristic
1481544050,Checkers,0,GAME_OVER,50,49,2,6,MCTS_CheckersHeuristic,1.0,-1.0,MCTS_CheckersHeuristic
2045888587,Checkers,0,GAME_OVER,52,51,2,7,MCTS_CheckersHeuristic,1.0,-1.0,MCTS_CheckersHeuristic
2071643935,Checkers,0,GAME_OVER,122,121,2,8,MCTS_CheckersHeuristic,0.0,0.0,MCTS_CheckersHeuristic
-1558754475,Checkers,0,GAME_OVER,89,88,2,9,MCTS_CheckersHeuristic,0.0,0.0,MCTS_CheckersHeuristic
-446015633,Checkers,0,GAME_OVER,64,63,2,10,MCTS_CheckersHeuristic,1.0,-1.0,MCTS_CheckersHeuristic
-650419990,Checkers,0,GAME_OVER,156,155,2,11,MCTS_CheckersHeuristic,0.0,0.0,MCTS_CheckersHeuristic
144074216,Checkers,0,GAME_OVER,45,44,2,12,MCTS_CheckersHeuristic,1.0,-1.0,MCTS_CheckersHeuristic
-314185299,Checkers,0,GAME_OVER,62,61,2,13,MCTS_CheckersHeuristic,1.0,-1.0,MCTS_CheckersHeuristic
-1437395352,Checkers,0,GAME_OVER,54,53,2,14,MCTS_CheckersHeuristic,1.0,-1.0,MCTS_CheckersHeuristic
563421040,Checkers,0,GAME_OVER,49,48,2,15,MCTS_CheckersHeuristic,1.0,-1.0,MCTS_CheckersHeuristic
-1295987043,Checkers,0,GAME_OVER,102,101,2,16,MCTS_CheckersHeuristic,0.0,0.0,MCTS_CheckersHeuristic
-1827331606,Checkers,0,GAME_OVER,60,59,2,17,MCTS_CheckersHeuristic,-1.0,1.0,MCTS_CheckersHeuristic
-1643482254,Checkers,0,GAME_OVER,54,53,2,18,MCTS_CheckersHeuristic,1.0,-1.0,MCTS_CheckersHeuristic
-1452034605,Checkers,0,GAME_OVER,74,73,2,19,MCTS_CheckersHeuristic,-1.0,1.0,MCTS_CheckersHeuristic
1282346219,Checkers,0,GAME_OVER,125,124,2,20,MCTS_CheckersHeuristic,0.0,0.0,MCTS_CheckersHeuristic
415036606,Checkers,0,GAME_OVER,51,50,2,21,MCTS_CheckersHeuristic,-1.0,1.0,MCTS_CheckersHeuristic
-518486764,Checkers,0,GAME_OVER,109,108,2,22,MCTS_CheckersHeuristic,0.0,0.0,MCTS_CheckersHeuristic
675924267,Checkers,0,GAME_OVER,144,143,2,23,MCTS_CheckersHeuristic,0.0,0.0,MCTS_CheckersHeuristic
-796841250,Checkers,0,GAME_OVER,98,97,2,24,MCTS_CheckersHeuristic,0.0,0.0,MCTS_CheckersHeuristic
353735071,Checkers,0,GAME_OVER,83,82,2,25,MCTS_CheckersHeuristic,1.0,-1.0,MCTS_CheckersHeuristic
-1787867092,Checkers,0,GAME_OVER,105,104,2,26,MCTS_CheckersHeuristic,0.0,0.0,MCTS_CheckersHeuristic
-557254966,Checkers,0,GAME_OVER,51,50,2,27,MCTS_CheckersHeuristic,1.0,-1.0,MCTS_CheckersHeuristic
-151956897,Checkers,0,GAME_OVER,59,58,2,28,MCTS_CheckersHeuristic,1.0,-1.0,MCTS_CheckersHeuristic
905262079,Checkers,0,GAME_OVER,61,60,2,29,MCTS_CheckersHeuristic,1.0,-1.0,MCTS_CheckersHeuristic
319729427,Checkers,0,GAME_OVER,103,102,2,30,MCTS_CheckersHeuristic,-1.0,1.0,MCTS_CheckersHeuristic
-1887070577,Checkers,0,GAME_OVER,55,54,2,31,MCTS_CheckersHeuristic,1.0,-1.0,MCTS_CheckersHeuristic
815071997,Checkers,0,GAME_OVER,67,66,2,32,MCTS_CheckersHeuristic,1.0,-1.0,MCTS_CheckersHeuristic
-1871568959,Checkers,0,GAME_OVER,78,77,2,33,MCTS_CheckersHeuristic,-1.0,1.0,MCTS_CheckersHeuristic
-1344469249,Checkers,0,GAME_OVER,53,52,2,34,MCTS_CheckersHeuristic,1.0,-1.0,MCTS_CheckersHeuristic
962842235,Checkers,0,GAME_OVER,109,108,2,35,MCTS_CheckersHeuristic,0.0,0.0,MCTS_CheckersHeuristic
1804951535,Checkers,0,GAME_OVER,93,92,2,36,MCTS_CheckersHeuristic,0.0,0.0,MCTS_CheckersHeuristic
-1042059033,Checkers,0,GAME_OVER,78,77,2,37,MCTS_CheckersHeuristic,1.0,-1.0,MCTS_CheckersHeuristic
428568489,Checkers,0,GAME_OVER,57,56,2,38,MCTS_CheckersHeuristic,-1.0,1.0,MCTS_CheckersHeuristic
478792580,Checkers,0,GAME_OVER,53,52,2,39,MCTS_CheckersHeuristic,1.0,-1.0,MCTS_CheckersHeuristic
152033881,Checkers,0,GAME_OVER,115,114,2,40,MCTS_CheckersHeuristic,0.0,0.0,MCTS_CheckersHeuristic
-856509809,Checkers,0,GAME_OVER,137,136,2,41,MCTS_CheckersHeuristic,0.0,0.0,MCTS_CheckersHeuristic
77738287,Checkers,0,GAME_OVER,53,52,2,42,MCTS_CheckersHeuristic,1.0,-1.0,MCTS_CheckersHeuristic
1107047337,Checkers,0,GAME_OVER,61,60,2,43,MCTS_CheckersHeuristic,1.0,-1.0,MCTS_CheckersHeuristic
-1415529522,Checkers,0,GAME_OVER,49,48,2,44,MCTS_CheckersHeuristic,1.0,-1.0,MCTS_CheckersHeuristic
-1397001953,Checkers,0,GAME_OVER,76,75,2,45,MCTS_CheckersHeuristic,1.0,-1.0,MCTS_CheckersHeuristic
238861370,Checkers,0,GAME_OVER,52,51,2,46,MCTS_CheckersHeuristic,1.0,-1.0,MCTS_CheckersHeuristic
1925653830,Checkers,0,GAME_OVER,48,47,2,47,MCTS_CheckersHeuristic,1.0,-1.0,MCTS_CheckersHeuristic
-2102569706,Checkers,0,GAME_OVER,63,62,2,48,MCTS_CheckersHeuristic,1.0,-1.0,MCTS_CheckersHeuristic
504708031,Checkers,0,GAME_OVER,51,50,2,49,MCTS_CheckersHeuristic,1.0,-1.0,MCTS_CheckersHeuristic
-590708637,Checkers,0,GAME_OVER,78,77,2,50,MCTS_CheckersHeuristic,1.0,-1.0,MCTS_CheckersHeuristic
-957917271,Checkers,0,GAME_OVER,43,42,2,51,MCTS_CheckersHeuristic,1.0,-1.0,MCTS_CheckersHeuristic
-144976592,Checkers,0,GAME_OVER,130,129,2,52,MCTS_CheckersHeuristic,0.0,0.0,MCTS_CheckersHeuristic
-1611151097,Checkers,0,GAME_OVER,71,70,2,53,MCTS_CheckersHeuristic,1.0,-1.0,MCTS_CheckersHeuristic
832324818,Checkers,0,GAME_OVER,121,120,2,54,MCTS_CheckersHeuristic,0.0,0.0,MCTS_CheckersHeuristic
189542628,Checkers,0,GAME_OVER,49,48,2,55,MCTS_CheckersHeuristic,1.0,-1.0,MCTS_CheckersHeuristic
-226292582,Checkers,0,GAME_OVER,59,58,2,56,MCTS_CheckersHeuristic,1.0,-1.0,MCTS_CheckersHeuristic
-1632619783,Checkers,0,GAME_OVER,72,71,2,57,MCTS_CheckersHeuristic,1.0,-1.0,MCTS_CheckersHeuristic
-10754264,Checkers,0,GAME_OVER,46,45,2,58,MCTS_CheckersHeuristic,1.0,-1.0,MCTS_CheckersHeuristic
-1702566684,Checkers,0,GAME_OVER,112,111,2,59,MCTS_CheckersHeuristic,1.0,-1.0,MCTS_CheckersHeuristic
-1497587505,Checkers,0,GAME_OVER,95,94,2,60,MCTS_CheckersHeuristic,0.0,0.0,MCTS_CheckersHeuristic
-845578703,Checkers,0,GAME_OVER,50,49,2,61,MCTS_CheckersHeuristic,1.0,-1.0,MCTS_CheckersHeuristic
587637918,Checkers,0,GAME_OVER,52,51,2,62,MCTS_CheckersHeuristic,1.0,-1.0,MCTS_CheckersHeuristic
-1573391934,Checkers,0,GAME_OVER,63,62,2,63,MCTS_CheckersHeuristic,-1.0,1.0,MCTS_CheckersHeuristic
-211258352,Checkers,0,GAME_OVER,63,62,2,64,MCTS_CheckersHeuristic,-1.0,1.0,MCTS_CheckersHeuristic
-8789926,Checkers,0,GAME_OVER,133,132,2,65,MCTS_CheckersHeuristic,0.0,0.0,MCTS_CheckersHeuristic
-606056082,Checkers,0,GAME_OVER,54,53,2,66,MCTS_CheckersHeuristic,1.0,-1.0,MCTS_CheckersHeuristic
-2119856807,Checkers,0,GAME_OVER,97,96,2,67,MCTS_CheckersHeuristic,-1.0,1.0,MCTS_CheckersHeuristic
756565351,Checkers,0,GAME_OVER,69,68,2,68,MCTS_CheckersHeuristic,-1.0,1.0,MCTS_CheckersHeuristic
701069796,Checkers,0,GAME_OVER,70,69,2,69,MCTS_CheckersHeuristic,-1.0,1.0,MCTS_CheckersHeuristic
89662065,Checkers,0,GAME_OVER,71,70,2,70,MCTS_CheckersHeuristic,-1.0,1.0,MCTS_CheckersHeuristic
409655320,Checkers,0,GAME_OVER,107,106,2,71,MCTS_CheckersHeuristic,0.0,0.0,MCTS_CheckersHeuristic
-1178153752,Checkers,0,GAME_OVER,53,52,2,72,MCTS_CheckersHeuristic,-1.0,1.0,MCTS_CheckersHeuristic
1916696307,Checkers,0,GAME_OVER,188,187,2,73,MCTS_CheckersHeuristic,0.0,0.0,MCTS_CheckersHeuristic
-1170346743,Checkers,0,GAME_OVER,192,191,2,74,MCTS_CheckersHeuristic,0.0,0.0,MCTS_CheckersHeuristic
-1178277608,Checkers,0,GAME_OVER,60,59,2,75,MCTS_CheckersHeuristic,-1.0,1.0,MCTS_CheckersHeuristic
1538119737,Checkers,0,GAME_OVER,56,55,2,76,MCTS_CheckersHeuristic,-1.0,1.0,MCTS_CheckersHeuristic
725994394,Checkers,0,GAME_OVER,59,58,2,77,MCTS_CheckersHeuristic,1.0,-1.0,MCTS_CheckersHeuristic
-449773248,Checkers,0,GAME_OVER,125,124,2,78,MCTS_CheckersHeuristic,0.0,0.0,MCTS_CheckersHeuristic
-1796208784,Checkers,0,GAME_OVER,53,52,2,79,MCTS_CheckersHeuristic,1.0,-1.0,MCTS_CheckersHeuristic
-524080299,Checkers,0,GAME_OVER,81,80,2,80,MCTS_CheckersHeuristic,1.0,-1.0,MCTS_CheckersHeuristic
-355532984,Checkers,0,GAME_OVER,55,54,2,81,MCTS_CheckersHeuristic,1.0,-1.0,MCTS_CheckersHeuristic
891290161,Checkers,0,GAME_OVER,114,113,2,82,MCTS_CheckersHeuristic,-1.0,1.0,MCTS_CheckersHeuristic
-533683000,Checkers,0,GAME_OVER,133,132,2,83,MCTS_CheckersHeuristic,0.0,0.0,MCTS_CheckersHeuristic
-551802484,Checkers,0,GAME_OVER,75,74,2,84,MCTS_CheckersHeuristic,-1.0,1.0,MCTS_CheckersHeuristic
-1840989310,Checkers,0,GAME_OVER,67,66,2,85,MCTS_CheckersHeuristic,1.0,-1.0,MCTS_CheckersHeuristic
2017681574,Checkers,0,GAME_OVER,105,104,2,86,MCTS_CheckersHeuristic,1.0,-1.0,MCTS_CheckersHeuristic
-421991124,Checkers,0,GAME_OVER,55,54,2,87,MCTS_CheckersHeuristic,1.0,-1.0,MCTS_CheckersHeuristic
469011149,Checkers,0,GAME_OVER,47,46,2,88,MCTS_CheckersHeuristic,-1.0,1.0,MCTS_CheckersHeuristic
1173557714,Checkers,0,GAME_OVER,140,139,2,89,MCTS_CheckersHeuristic,0.0,0.0,MCTS_CheckersHeuristic
-361604094,Checkers,0,GAME_OVER,46,45,2,90,MCTS_CheckersHeuristic,1.0,-1.0,MCTS_CheckersHeuristic
1282867234,Checkers,0,GAME_OVER,57,56,2,91,MCTS_CheckersHeuristic,1.0,-1.0,MCTS_CheckersHeuristic
-1542151897,Checkers,0,GAME_OVER,58,57,2,92,MCTS_CheckersHeuristic,1.0,-1.0,MCTS_CheckersHeuristic
1085779199,Checkers,0,GAME_OVER,53,52,2,93,MCTS_CheckersHeuristic,1.0,-1.0,MCTS_CheckersHeuristic
390901089,Checkers,0,GAME_OVER,52,51,2,94,MCTS_CheckersHeuristic,1.0,-1.0,MCTS_CheckersHeuristic
-981129475,Checkers,0,GAME_OVER,45,44,2,95,MCTS_CheckersHeuristic,1.0,-1.0,MCTS_CheckersHeuristic
-1390939507,Checkers,0,GAME_OVER,169,168,2,96,MCTS_CheckersHeuristic,0.0,0.0,MCTS_CheckersHeuristic
-437821059,Checkers,0,GAME_OVER,59,58,2,97,MCTS_CheckersHeuristic,-1.0,1.0,MCTS_CheckersHeuristic
2075214077,Checkers,0,GAME_OVER,58,57,2,98,MCTS_CheckersHeuristic,-1.0,1.0,MCTS_CheckersHeuristic
565615731,Checkers,0,GAME_OVER,46,45,2,99,MCTS_CheckersHeuristic,1.0,-1.0,MCTS_CheckersHeuristic
1205676761,Checkers,0,GAME_OVER,60,59,2,100,MCTS_CheckersHeuristic,1.0,-1.0,MCTS_CheckersHeuristic
-501755609,Checkers,0,GAME_OVER,62,61,2,101,MCTS_CheckersHeuristic,1.0,-1.0,MCTS_CheckersHeuristic
-1499684397,Checkers,0,GAME_OVER,71,70,2,102,MCTS_CheckersHeuristic,-1.0,1.0,MCTS_CheckersHeuristic
-1836009107,Checkers,0,GAME_OVER,46,45,2,103,MCTS_CheckersHeuristic,1.0,-1.0,MCTS_CheckersHeuristic
963947027,Checkers,0,GAME_OVER,127,126,2,104,MCTS_CheckersHeuristic,0.0,0.0,MCTS_CheckersHeuristic
-80538069,Checkers,0,GAME_OVER,57,56,2,105,MCTS_CheckersHeuristic,1.0,-1.0,MCTS_CheckersHeuristic
-1374684283,Checkers,0,GAME_OVER,53,52,2,106,MCTS_CheckersHeuristic,-1.0,1.0,MCTS_CheckersHeuristic
1940495134,Checkers,0,GAME_OVER,43,42,2,107,MCTS_CheckersHeuristic,1.0,-1.0,MCTS_CheckersHeuristic
-109890830,Checkers,0,GAME_OVER,118,117,2,108,MCTS_CheckersHeuristic,-1.0,1.0,MCTS_CheckersHeuristic
-64575164,Checkers,0,GAME_OVER,57,56,2,109,MCTS_CheckersHeuristic,1.0,-1.0,MCTS_CheckersHeuristic
-78915966,Checkers,0,GAME_OVER,49,48,2,110,MCTS_CheckersHeuristic,1.0,-1.0,MCTS_CheckersHeuristic
-1377659306,Checkers,0,GAME_OVER,62,61,2,111,MCTS_CheckersHeuristic,1.0,-1.0,MCTS_CheckersHeuristic
-1629323870,Checkers,0,GAME_OVER,48,47,2,112,MCTS_CheckersHeuristic,1.0,-1.0,MCTS_CheckersHeuristic
-2230482,Checkers,0,GAME_OVER,114,113,2,113,MCTS_CheckersHeuristic,0.0,0.0,MCTS_CheckersHeuristic
-1195904413,Checkers,0,GAME_OVER,82,81,2,114,MCTS_CheckersHeuristic,1.0,-1.0,MCTS_CheckersHeuristic
-578417640,Checkers,0,GAME_OVER,114,113,2,115,MCTS_CheckersHeuristic,1.0,-1.0,MCTS_CheckersHeuristic
945926855,Checkers,0,GAME_OVER,54,53,2,116,MCTS_CheckersHeuristic,1.0,-1.0,MCTS_CheckersHeuristic
88889687,Checkers,0,GAME_OVER,47,46,2,117,MCTS_CheckersHeuristic,1.0,-1.0,MCTS_CheckersHeuristic
763617944,Checkers,0,GAME_OVER,81,80,2,118,MCTS_CheckersHeuristic,1.0,-1.0,MCTS_CheckersHeuristic
1100313449,Checkers,0,GAME_OVER,37,36,2,119,MCTS_CheckersHeuristic,1.0,-1.0,MCTS_CheckersHeuristic
-1264315711,Checkers,0,GAME_OVER,51,50,2,120,MCTS_CheckersHeuristic,1.0,-1.0,MCTS_CheckersHeuristic
-497981998,Checkers,0,GAME_OVER,60,59,2,121,MCTS_CheckersHeuristic,1.0,-1.0,MCTS_CheckersHeuristic
-1784524477,Checkers,0,GAME_OVER,128,127,2,122,MCTS_CheckersHeuristic,1.0,-1.0,MCTS_CheckersHeuristic
-770855830,Checkers,0,GAME_OVER,169,168,2,123,MCTS_CheckersHeuristic,0.0,0.0,MCTS_CheckersHeuristic
-1365488335,Checkers,0,GAME_OVER,52,51,2,124,MCTS_CheckersHeuristic,1.0,-1.0,MCTS_CheckersHeuristic
1216203408,Checkers,0,GAME_OVER,47,46,2,125,MCTS_CheckersHeuristic,1.0,-1.0,MCTS_CheckersHeuristic
846924899,Checkers,0,GAME_OVER,52,51,2,126,MCTS_CheckersHeuristic,1.0,-1.0,MCTS_CheckersHeuristic
-1464536919,Checkers,0,GAME_OVER,52,51,2,127,MCTS_CheckersHeuristic,1.0,-1.0,MCTS_CheckersHeuristic
2022132924,Checkers,0,GAME_OVER,87,86,2,128,MCTS_CheckersHeuristic,-1.0,1.0,MCTS_CheckersHeuristic
-59889711,Checkers,0,GAME_OVER,50,49,2,129,MCTS_CheckersHeuristic,-1.0,1.0,MCTS_CheckersHeuristic
2010005813,Checkers,0,GAME_OVER,56,55,2,130,MCTS_CheckersHeuristic,1.0,-1.0,MCTS_CheckersHeuristic
-1117326157,Checkers,0,GAME_OVER,86,85,2,131,MCTS_CheckersHeuristic,0.0,0.0,MCTS_CheckersHeuristic
-84837618,Checkers,0,GAME_OVER,60,59,2,132,MCTS_CheckersHeuristic,1.0,-1.0,MCTS_CheckersHeuristic
-1311466025,Checkers,0,GAME_OVER,51,50,2,133,MCTS_CheckersHeuristic,1.0,-1.0,MCTS_CheckersHeuristic
184912342,Checkers,0,GAME_OVER,133,132,2,134,MCTS_CheckersHeuristic,0.0,0.0,MCTS_CheckersHeuristic
956894957,Checkers,0,GAME_OVER,106,105,2,135,MCTS_CheckersHeuristic,1.0,-1.0,MCTS_CheckersHeuristic
83738914,Checkers,0,GAME_OVER,79,78,2,136,MCTS_CheckersHeuristic,-1.0,1.0,MCTS_CheckersHeuristic
983630301,Checkers,0,GAME_OVER,60,59,2,137,MCTS_CheckersHeuristic,1.0,-1.0,MCTS_CheckersHeuristic
1607840044,Checkers,0,GAME_OVER,141,140,2,138,MCTS_CheckersHeuristic,0.0,0.0,MCTS_CheckersHeuristic
-895912029,Checkers,0,GAME_OVER,78,77,2,139,MCTS_CheckersHeuristic,1.0,-1.0,MCTS_CheckersHeuristic
-1578776641,Checkers,0,GAME_OVER,57,56,2,140,MCTS_CheckersHeuristic,1.0,-1.0,MCTS_CheckersHeuristic
440593991,Checkers,0,GAME_OVER,93,92,2,141,MCTS_CheckersHeuristic,1.0,-1.0,MCTS_CheckersHeuristic
-841068281,Checkers,0,GAME_OVER,168,167,2,142,MCTS_CheckersHeuristic,0.0,0.0,MCTS_CheckersHeuristic
1164572257,Checkers,0,GAME_OVER,60,59,2,143,MCTS_CheckersHeuristic,-1.0,1.0,MCTS_CheckersHeuristic
-786482107,Checkers,0,GAME_OVER,72,71,2,144,MCTS_CheckersHeuristic,1.0,-1.0,MCTS_CheckersHeuristic
-973069799,Checkers,0,GAME_OVER,45,44,2,145,MCTS_CheckersHeuristic,1.0,-1.0,MCTS_CheckersHeuristic
639807106,Checkers,0,GAME_OVER,43,42,2,146,MCTS_CheckersHeuristic,1.0,-1.0,MCTS_CheckersHeuristic
-1077440383,Checkers,0,GAME_OVER,78,77,2,147,MCTS_CheckersHeuristic,1.0,-1.0,MCTS_CheckersHeuristic
-2096489047,Checkers,0,GAME_OVER,50,49,2,148,MCTS_CheckersHeuristic,1.0,-1.0,MCTS_CheckersHeuristic
1275913133,Checkers,0,GAME_OVER,65,64,2,149,MCTS_CheckersHeuristic,-1.0,1.0,MCTS_CheckersHeuristic
-687245137,Checkers,0,GAME_OVER,51,50,2,150,MCTS_CheckersHeuristic,1.0,-1.0,MCTS_CheckersHeuristic
-1554641659,Checkers,0,GAME_OVER,59,58,2,151,MCTS_CheckersHeuristic,1.0,-1.0,MCTS_CheckersHeuristic
667440573,Checkers,0,GAME_OVER,81,80,2,152,MCTS_CheckersHeuristic,1.0,-1.0,MCTS_CheckersHeuristic
465263264,Checkers,0,GAME_OVER,67,66,2,153,MCTS_CheckersHeuristic,-1.0,1.0,MCTS_CheckersHeuristic
944196978,Checkers,0,GAME_OVER,50,49,2,154,MCTS_CheckersHeuristic,1.0,-1.0,MCTS_CheckersHeuristic
-310419034,Checkers,0,GAME_OVER,52,51,2,155,MCTS_CheckersHeuristic,1.0,-1.0,MCTS_CheckersHeuristic
555688628,Checkers,0,GAME_OVER,63,62,2,156,MCTS_CheckersHeuristic,1.0,-1.0,MCTS_CheckersHeuristic
-990767859,Checkers,0,GAME_OVER,49,48,2,157,MCTS_CheckersHeuristic,1.0,-1.0,MCTS_CheckersHeuristic
1878141101,Checkers,0,GAME_OVER,62,61,2,158,MCTS_CheckersHeuristic,1.0,-1.0,MCTS_CheckersHeuristic
-607888083,Checkers,0,GAME_OVER,53,52,2,159,MCTS_CheckersHeuristic,1.0,-1.0,MCTS_CheckersHeuristic
2001147109,Checkers,0,GAME_OVER,107,106,2,160,MCTS_CheckersHeuristic,0.0,0.0,MCTS_CheckersHeuristic
-1150735363,Checkers,0,GAME_OVER,63,62,2,161,MCTS_CheckersHeuristic,-1.0,1.0,MCTS_CheckersHeuristic
-1254481507,Checkers,0,GAME_OVER,44,43,2,162,MCTS_CheckersHeuristic,1.0,-1.0,MCTS_CheckersHeuristic
-1631771904,Checkers,0,GAME_OVER,53,52,2,163,MCTS_CheckersHeuristic,1.0,-1.0,MCTS_CheckersHeuristic
-1013472049,Checkers,0,GAME_OVER,139,138,2,164,MCTS_CheckersHeuristic,0.0,0.0,MCTS_CheckersHeuristic
774945565,Checkers,0,GAME_OVER,52,51,2,165,MCTS_CheckersHeuristic,1.0,-1.0,MCTS_CheckersHeuristic
1445337731,Checkers,0,GAME_OVER,41,40,2,166,MCTS_CheckersHeuristic,1.0,-1.0,MCTS_CheckersHeuristic
1953319935,Checkers,0,GAME_OVER,90,89,2,167,MCTS_CheckersHeuristic,1.0,-1.0,MCTS_CheckersHeuristic
390571357,Checkers,0,GAME_OVER,63,62,2,168,MCTS_CheckersHeuristic,-1.0,1.0,MCTS_CheckersHeuristic
2096799665,Checkers,0,GAME_OVER,98,97,2,169,MCTS_CheckersHeuristic,1.0,-1.0,MCTS_CheckersHeuristic
-1971763578,Checkers,0,GAME_OVER,48,47,2,170,MCTS_CheckersHeuristic,1.0,-1.0,MCTS_CheckersHeuristic
-797392752,Checkers,0,GAME_OVER,107,106,2,171,MCTS_CheckersHeuristic,0.0,0.0,MCTS_CheckersHeuristic
-129231254,Checkers,0,GAME_OVER,52,51,2,172,MCTS_CheckersHeuristic,1.0,-1.0,MCTS_CheckersHeuristic
-1647529271,Checkers,0,GAME_OVER,107,106,2,173,MCTS_CheckersHeuristic,0.0,0.0,MCTS_CheckersHeuristic
-1596937769,Checkers,0,GAME_OVER,54,53,2,174,MCTS_CheckersHeuristic,1.0,-1.0,MCTS_CheckersHeuristic
1812176888,Checkers,0,GAME_OVER,86,85,2,175,MCTS_CheckersHeuristic,1.0,-1.0,MCTS_CheckersHeuristic
1727208326,Checkers,0,GAME_OVER,80,79,2,176,MCTS_CheckersHeuristic,1.0,-1.0,MCTS_CheckersHeuristic
778039985,Checkers,0,GAME_OVER,73,72,2,177,MCTS_CheckersHeuristic,1.0,-1.0,MCTS_CheckersHeuristic
-1302988778,Checkers,0,GAME_OVER,124,123,2,178,MCTS_CheckersHeuristic,0.0,0.0,MCTS_CheckersHeuristic
953731308,Checkers,0,GAME_OVER,90,89,2,179,MCTS_CheckersHeuristic,-1.0,1.0,MCTS_CheckersHeuristic
1148263162,Checkers,0,GAME_OVER,60,59,2,180,MCTS_CheckersHeuristic,1.0,-1.0,MCTS_CheckersHeuristic
-138129491,Checkers,0,GAME_OVER,56,55,2,181,MCTS_CheckersHeuristic,1.0,-1.0,MCTS_CheckersHeuristic
-1487440652,Checkers,0,GAME_OVER,175,174,2,182,MCTS_CheckersHeuristic,0.0,0.0,MCTS_CheckersHeuristic
420992871,Checkers,0,GAME_OVER,151,150,2,183,MCTS_CheckersHeuristic,0.0,0.0,MCTS_CheckersHeuristic
-1317910263,Checkers,0,GAME_OVER,123,122,2,184,MCTS_CheckersHeuristic,0.0,0.0,MCTS_CheckersHeuristic
1344802789,Checkers,0,GAME_OVER,75,74,2,185,MCTS_CheckersHeuristic,-1.0,1.0,MCTS_CheckersHeuristic
-1175799016,Checkers,0,GAME_OVER,62,61,2,186,MCTS_CheckersHeuristic,1.0,-1.0,MCTS_CheckersHeuristic
-815486018,Checkers,0,GAME_OVER,55,54,2,187,MCTS_CheckersHeuristic,1.0,-1.0,MCTS_CheckersHeuristic
-467459208,Checkers,0,GAME_OVER,99,98,2,188,MCTS_CheckersHeuristic,0.0,0.0,MCTS_CheckersHeuristic
823983774,Checkers,0,GAME_OVER,54,53,2,189,MCTS_CheckersHeuristic,-1.0,1.0,MCTS_CheckersHeuristic
-1246065338,Checkers,0,GAME_OVER,80,79,2,190,MCTS_CheckersHeuristic,1.0,-1.0,MCTS_CheckersHeuristic
413126385,Checkers,0,GAME_OVER,54,53,2,191,MCTS_CheckersHeuristic,1.0,-1.0,MCTS_CheckersHeuristic
457613648,Checkers,0,GAME_OVER,165,164,2,192,MCTS_CheckersHeuristic,0.0,0.0,MCTS_CheckersHeuristic
-1482368342,Checkers,0,GAME_OVER,136,135,2,193,MCTS_CheckersHeuristic,0.0,0.0,MCTS_CheckersHeuristic
1132336574,Checkers,0,GAME_OVER,52,51,2,194,MCTS_CheckersHeuristic,1.0,-1.0,MCTS_CheckersHeuristic
416303171,Checkers,0,GAME_OVER,158,157,2,195,MCTS_CheckersHeuristic,0.0,0.0,MCTS_CheckersHeuristic
1343822562,Checkers,0,GAME_OVER,52,51,2,196,MCTS_CheckersHeuristic,-1.0,1.0,MCTS_CheckersHeuristic
-906905566,Checkers,0,GAME_OVER,90,89,2,197,MCTS_CheckersHeuristic,1.0,-1.0,MCTS_CheckersHeuristic
-1919272990,Checkers,0,GAME_OVER,57,56,2,198,MCTS_CheckersHeuristic,1.0,-1.0,MCTS_CheckersHeuristic
-564348917,Checkers,0,GAME_OVER,55,54,2,199,MCTS_CheckersHeuristic,1.0,-1.0,MCTS_CheckersHeuristic
-148165108,Checkers,0,GAME_OVER,55,54,2,200,MCTS_CheckersHeuristic,1.0,-1.0,MCTS_CheckersHeuristic
-463582895,Checkers,0,GAME_OVER,49,48,2,201,MCTS_CheckersHeuristic,-1.0,1.0,MCTS_CheckersHeuristic
-2035590615,Checkers,0,GAME_OVER,95,94,2,202,MCTS_CheckersHeuristic,0.0,0.0,OSLA
-578946317,Checkers,0,GAME_OVER,48,47,2,203,MCTS_CheckersHeuristic,1.0,-1.0,OSLA
1621758891,Checkers,0,GAME_OVER,64,63,2,204,MCTS_CheckersHeuristic,-1.0,1.0,OSLA
522208008,Checkers,0,GAME_OVER,53,52,2,205,MCTS_CheckersHeuristic,1.0,-1.0,OSLA
1481544050,Checkers,0,GAME_OVER,72,71,2,206,MCTS_CheckersHeuristic,-1.0,1.0,OSLA
2045888587,Checkers,0,GAME_OVER,94,93,2,207,MCTS_CheckersHeuristic,0.0,0.0,OSLA
2071643935,Checkers,0,GAME_OVER,73,72,2,208,MCTS_CheckersHeuristic,-1.0,1.0,OSLA
-1558754475,Checkers,0,GAME_OVER,55,54,2,209,MCTS_CheckersHeuristic,1.0,-1.0,OSLA
-446015633,Checkers,0,GAME_OVER,65,64,2,210,MCTS_CheckersHeuristic,-1.0,1.0,OSLA
-650419990,Checkers,0,GAME_OVER,149,148,2,211,MCTS_CheckersHeuristic,0.0,0.0,OSLA
144074216,Checkers,0,GAME_OVER,55,54,2,212,MCTS_CheckersHeuristic,-1.0,1.0,OSLA
-314185299,Checkers,0,GAME_OVER,62,61,2,213,MCTS_CheckersHeuristic,-1.0,1.0,OSLA
-1437395352,Checkers,0,GAME_OVER,94,93,2,214,MCTS_CheckersHeuristic,0.0,0.0,OSLA
563421040,Checkers,0,GAME_OVER,62,61,2,215,MCTS_CheckersHeuristic,-1.0,1.0,OSLA
-1295987043,Checkers,0,GAME_OVER,42,41,2,216,MCTS_CheckersHeuristic,-1.0,1.0,OSLA
-1827331606,Checkers,0,GAME_OVER,58,57,2,217,MCTS_CheckersHeuristic,-1.0,1.0,OSLA
-1643482254,Checkers,0,GAME_OVER,64,63,2,218,MCTS_CheckersHeuristic,-1.0,1.0,OSLA
-1452034605,Checkers,0,GAME_OVER,106,105,2,219,MCTS_CheckersHeuristic,-1.0,1.0,OSLA
1282346219,Checkers,0,GAME_OVER,76,75,2,220,MCTS_CheckersHeuristic,-1.0,1.0,OSLA
415036606,Checkers,0,GAME_OVER,69,68,2,221,MCTS_CheckersHeuristic,-1.0,1.0,OSLA
-518486764,Checkers,0,GAME_OVER,166,165,2,222,MCTS_CheckersHeuristic,0.0,0.0,OSLA
675924267,Checkers,0,GAME_OVER,105,104,2,223,MCTS_CheckersHeuristic,0.0,0.0,OSLA
-796841250,Checkers,0,GAME_OVER,57,56,2,224,MCTS_CheckersHeuristic,-1.0,1.0,OSLA
353735071,Checkers,0,GAME_OVER,54,53,2,225,MCTS_CheckersHeuristic,-1.0,1.0,OSLA
-1787867092,Checkers,0,GAME_OVER,48,47,2,226,MCTS_CheckersHeuristic,-1.0,1.0,OSLA
-557254966,Checkers,0,GAME_OVER,58,57,2,227,MCTS_CheckersHeuristic,-1.0,1.0,OSLA
-151956897,Checkers,0,GAME_OVER,85,84,2,228,MCTS_CheckersHeuristic,0.0,0.0,OSLA
905262079,Checkers,0,GAME_OVER,54,53,2,229,MCTS_CheckersHeuristic,-1.0,1.0,OSLA
319729427,Checkers,0,GAME_OVER,63,62,2,230,MCTS_CheckersHeuristic,-1.0,1.0,OSLA
-1887070577,Checkers,0,GAME_OVER,64,63,2,231,MCTS_CheckersHeuristic,-1.0,1.0,OSLA
815071997,Checkers,0,GAME_OVER,93,92,2,232,MCTS_CheckersHeuristic,-1.0,1.0,OSLA
-1871568959,Checkers,0,GAME_OVER,74,73,2,233,MCTS_CheckersHeuristic,-1.0,1.0,OSLA
-1344469249,Checkers,0,GAME_OVER,51,50,2,234,MCTS_CheckersHeuristic,1.0,-1.0,OSLA
962842235,Checkers,0,GAME_OVER,67,66,2,235,MCTS_CheckersHeuristic,1.0,-1.0,OSLA
1804951535,Checkers,0,GAME_OVER,149,148,2,236,MCTS_CheckersHeuristic,0.0,0.0,OSLA
-1042059033,Checkers,0,GAME_OVER,49,48,2,237,MCTS_CheckersHeuristic,-1.0,1.0,OSLA
428568489,Checkers,0,GAME_OVER,57,56,2,238,MCTS_CheckersHeuristic,-1.0,1.0,OSLA
478792580,Checkers,0,GAME_OVER,59,58,2,239,MCTS_CheckersHeuristic,-1.0,1.0,OSLA
152033881,Checkers,0,GAME_OVER,80,79,2,240,MCTS_CheckersHeuristic,-1.0,1.0,OSLA
-856509809,Checkers,0,GAME_OVER,57,56,2,241,MCTS_CheckersHeuristic,-1.0,1.0,OSLA
77738287,Checkers,0,GAME_OVER,94,93,2,242,MCTS_CheckersHeuristic,-1.0,1.0,OSLA
1107047337,Checkers,0,GAME_OVER,46,45,2,243,MCTS_CheckersHeuristic,-1.0,1.0,OSLA
-1415529522,Checkers,0,GAME_OVER,106,105,2,244,MCTS_CheckersHeuristic,-1.0,1.0,OSLA
-1397001953,Checkers,0,GAME_OVER,98,97,2,245,MCTS_CheckersHeuristic,-1.0,1.0,OSLA
238861370,Checkers,0,GAME_OVER,58,57,2,246,MCTS_CheckersHeuristic,-1.0,1.0,OSLA
1925653830,Checkers,0,GAME_OVER,66,65,2,247,MCTS_CheckersHeuristic,-1.0,1.0,OSLA
-2102569706,Checkers,0,GAME_OVER,83,82,2,248,MCTS_CheckersHeuristic,-1.0,1.0,OSLA
504708031,Checkers,0,GAME_OVER,49,48,2,249,MCTS_CheckersHeuristic,-1.0,1.0,OSLA
-590708637,Checkers,0,GAME_OVER,74,73,2,250,MCTS_CheckersHeuristic,-1.0,1.0,OSLA
-957917271,Checkers,0,GAME_OVER,61,60,2,251,MCTS_CheckersHeuristic,-1.0,1.0,OSLA
-144976592,Checkers,0,GAME_OVER,60,59,2,252,MCTS_CheckersHeuristic,1.0,-1.0,OSLA
-1611151097,Checkers,0,GAME_OVER,44,43,2,253,MCTS_CheckersHeuristic,-1.0,1.0,OSLA
832324818,Checkers,0,GAME_OVER,72,71,2,254,MCTS_CheckersHeuristic,-1.0,1.0,OSLA
189542628,Checkers,0,GAME_OVER,77,76,2,255,MCTS_CheckersHeuristic,-1.0,1.0,OSLA
-226292582,Checkers,0,GAME_OVER,75,74,2,256,MCTS_CheckersHeuristic,1.0,-1.0,OSLA
-1632619783,Checkers,0,GAME_OVER,52,51,2,257,MCTS_CheckersHeuristic,-1.0,1.0,OSLA
-10754264,Checkers,0,GAME_OVER,59,58,2,258,MCTS_CheckersHeuristic,-1.0,1.0,OSLA
-1702566684,Checkers,0,GAME_OVER,151,150,2,259,MCTS_CheckersHeuristic,0.0,0.0,OSLA
-1497587505,Checkers,0,GAME_OVER,53,52,2,260,MCTS_CheckersHeuristic,-1.0,1.0,OSLA
-845578703,Checkers,0,GAME_OVER,69,68,2,261,MCTS_CheckersHeuristic,-1.0,1.0,OSLA
587637918,Checkers,0,GAME_OVER,48,47,2,262,MCTS_CheckersHeuristic,-1.0,1.0,OSLA
-1573391934,Checkers,0,GAME_OVER,99,98,2,263,MCTS_CheckersHeuristic,0.0,0.0,OSLA
-211258352,Checkers,0,GAME_OVER,50,49,2,264,MCTS_CheckersHeuristic,-1.0,1.0,OSLA
-8789926,Checkers,0,GAME_OVER,98,97,2,265,MCTS_CheckersHeuristic,0.0,0.0,OSLA
-606056082,Checkers,0,GAME_OVER,51,50,2,266,MCTS_CheckersHeuristic,-1.0,1.0,OSLA
-2119856807,Checkers,0,GAME_OVER,92,91,2,267,MCTS_CheckersHeuristic,-1.0,1.0,OSLA
756565351,Checkers,0,GAME_OVER,97,96,2,268,MCTS_CheckersHeuristic,0.0,0.0,OSLA
701069796,Checkers,0,GAME_OVER,55,54,2,269,MCTS_CheckersHeuristic,-1.0,1.0,OSLA
89662065,Checkers,0,GAME_OVER,115,114,2,270,MCTS_CheckersHeuristic,-1.0,1.0,OSLA
409655320,Checkers,0,GAME_OVER,66,65,2,271,MCTS_CheckersHeuristic,-1.0,1.0,OSLA
-1178153752,Checkers,0,GAME_OVER,60,59,2,272,MCTS_CheckersHeuristic,-1.0,1.0,OSLA
1916696307,Checkers,0,GAME_OVER,62,61,2,273,MCTS_CheckersHeuristic,-1.0,1.0,OSLA
-1170346743,Checkers,0,GAME_OVER,71,70,2,274,MCTS_CheckersHeuristic,-1.0,1.0,OSLA
-1178277608,Checkers,0,GAME_OVER,128,127,2,275,MCTS_CheckersHeuristic,1.0,-1.0,OSLA
1538119737,Checkers,0,GAME_OVER,62,61,2,276,MCTS_CheckersHeuristic,-1.0,1.0,OSLA
725994394,Checkers,0,GAME_OVER,59,58,2,277,MCTS_CheckersHeuristic,-1.0,1.0,OSLA
-449773248,Checkers,0,GAME_OVER,82,81,2,278,MCTS_CheckersHeuristic,-1.0,1.0,OSLA
-1796208784,Checkers,0,GAME_OVER,63,62,2,279,MCTS_CheckersHeuristic,-1.0,1.0,OSLA
-524080299,Checkers,0,GAME_OVER,88,87,2,280,MCTS_CheckersHeuristic,0.0,0.0,OSLA
-355532984,Checkers,0,GAME_OVER,103,102,2,281,MCTS_CheckersHeuristic,-1.0,1.0,OSLA
891290161,Checkers,0,GAME_OVER,51,50,2,282,MCTS_CheckersHeuristic,1.0,-1.0,OSLA
-533683000,Checkers,0,GAME_OVER,53,52,2,283,MCTS_CheckersHeuristic,-1.0,1.0,OSLA
-551802484,Checkers,0,GAME_OVER,121,120,2,284,MCTS_CheckersHeuristic,-1.0,1.0,OSLA
-1840989310,Checkers,0,GAME_OVER,51,50,2,285,MCTS_CheckersHeuristic,1.0,-1.0,OSLA
2017681574,Checkers,0,GAME_OVER,45,44,2,286,MCTS_CheckersHeuristic,1.0,-1.0,OSLA
-421991124,Checkers,0,GAME_OVER,73,72,2,287,MCTS_CheckersHeuristic,-1.0,1.0,OSLA
469011149,Checkers,0,GAME_OVER,73,72,2,288,MCTS_CheckersHeuristic,-1.0,1.0,OSLA
1173557714,Checkers,0,GAME_OVER,61,60,2,289,MCTS_CheckersHeuristic,-1.0,1.0,OSLA
-361604094,Checkers,0,GAME_OVER,70,69,2,290,MCTS_CheckersHeuristic,-1.0,1.0,OSLA
1282867234,Checkers,0,GAME_OVER,53,52,2,291,MCTS_CheckersHeuristic,-1.0,1.0,OSLA
-1542151897,Checkers,0,GAME_OVER,51,50,2,292,MCTS_CheckersHeuristic,1.0,-1.0,OSLA
1085779199,Checkers,0,GAME_OVER,71,70,2,293,MCTS_CheckersHeuristic,-1.0,1.0,OSLA
390901089,Checkers,0,GAME_OVER,78,77,2,294,MCTS_CheckersHeuristic,-1.0,1.0,OSLA
-981129475,Checkers,0,GAME_OVER,65,64,2,295,MCTS_CheckersHeuristic,-1.0,1.0,OSLA
-1390939507,Checkers,0,GAME_OVER,94,93,2,296,MCTS_CheckersHeuristic,0.0,0.0,OSLA
-437821059,Checkers,0,GAME_OVER,96,95,2,297,MCTS_CheckersHeuristic,-1.0,1.0,OSLA
2075214077,Checkers,0,GAME_OVER,50,49,2,298,MCTS_CheckersHeuristic,-1.0,1.0,OSLA
565615731,Checkers,0,GAME_OVER,73,72,2,299,MCTS_CheckersHeuristic,-1.0,1.0,OSLA
1205676761,Checkers,0,GAME_OVER,95,94,2,300,MCTS_CheckersHeuristic,1.0,-1.0,OSLA
-501755609,Checkers,0,GAME_OVER,136,135,2,301,MCTS_CheckersHeuristic,0.0,0.0,OSLA
-1499684397,Checkers,0,GAME_OVER,71,70,2,302,MCTS_CheckersHeuristic,-1.0,1.0,OSLA
-1836009107,Checkers,0,GAME_OVER,112,111,2,303,MCTS_CheckersHeuristic,0.0,0.0,OSLA
963947027,Checkers,0,GAME_OVER,66,65,2,304,MCTS_CheckersHeuristic,-1.0,1.0,OSLA
-80538069,Checkers,0,GAME_OVER,70,69,2,305,MCTS_CheckersHeuristic,-1.0,1.0,OSLA
-1374684283,Checkers,0,GAME_OVER,76,75,2,306,MCTS_CheckersHeuristic,-1.0,1.0,OSLA
1940495134,Checkers,0,GAME_OVER,44,43,2,307,MCTS_CheckersHeuristic,1.0,-1.0,OSLA
-109890830,Checkers,0,GAME_OVER,50,49,2,308,MCTS_CheckersHeuristic,1.0,-1.0,OSLA
-64575164,Checkers,0,GAME_OVER,67,66,2,309,MCTS_CheckersHeuristic,-1.0,1.0,OSLA
-78915966,Checkers,0,GAME_OVER,85,84,2,310,MCTS_CheckersHeuristic,1.0,-1.0,OSLA
-1377659306,Checkers,0,GAME_OVER,74,73,2,311,MCTS_CheckersHeuristic,-1.0,1.0,OSLA
-1629323870,Checkers,0,GAME_OVER,50,49,2,312,MCTS_CheckersHeuristic,-1.0,1.0,OSLA
-2230482,Checkers,0,GAME_OVER,67,66,2,313,MCTS_CheckersHeuristic,-1.0,1.0,OSLA
-1195904413,Checkers,0,GAME_OVER,66,65,2,314,MCTS_CheckersHeuristic,-1.0,1.0,OSLA
-578417640,Checkers,0,GAME_OVER,65,64,2,315,MCTS_CheckersHeuristic,-1.0,1.0,OSLA
945926855,Checkers,0,GAME_OVER,33,32,2,316,MCTS_CheckersHeuristic,1.0,-1.0,OSLA
88889687,Checkers,0,GAME_OVER,47,46,2,317,MCTS_CheckersHeuristic,-1.0,1.0,OSLA
763617944,Checkers,0,GAME_OVER,66,65,2,318,MCTS_CheckersHeuristic,-1.0,1.0,OSLA
1100313449,Checkers,0,GAME_OVER,51,50,2,319,MCTS_CheckersHeuristic,-1.0,1.0,OSLA
-1264315711,Checkers,0,GAME_OVER,50,49,2,320,MCTS_CheckersHeuristic,1.0,-1.0,OSLA
-497981998,Checkers,0,GAME_OVER,55,54,2,321,MCTS_CheckersHeuristic,-1.0,1.0,OSLA
-1784524477,Checkers,0,GAME_OVER,59,58,2,322,MCTS_CheckersHeuristic,-1.0,1.0,OSLA
-770855830,Checkers,0,GAME_OVER,80,79,2,323,MCTS_CheckersHeuristic,-1.0,1.0,OSLA
-1365488335,Checkers,0,GAME_OVER,87,86,2,324,MCTS_CheckersHeuristic,-1.0,1.0,OSLA
1216203408,Checkers,0,GAME_OVER,46,45,2,325,MCTS_CheckersHeuristic,1.0,-1.0,OSLA
846924899,Checkers,0,GAME_OVER,107,106,2,326,MCTS_CheckersHeuristic,-1.0,1.0,OSLA
-1464536919,Checkers,0,GAME_OVER,55,54,2,327,MCTS_CheckersHeuristic,-1.0,1.0,OSLA
2022132924,Checkers,0,GAME_OVER,56,55,2,328,MCTS_CheckersHeuristic,-1.0,1.0,OSLA
-59889711,Checkers,0,GAME_OVER,37,36,2,329,MCTS_CheckersHeuristic,1.0,-1.0,OSLA
2010005813,Checkers,0,GAME_OVER,70,69,2,330,MCTS_CheckersHeuristic,-1.0,1.0,OSLA
-1117326157,Checkers,0,GAME_OVER,111,110,2,331,MCTS_CheckersHeuristic,0.0,0.0,OSLA
-84837618,Checkers,0,GAME_OVER,63,62,2,332,MCTS_CheckersHeuristic,-1.0,1.0,OSLA
-1311466025,Checkers,0,GAME_OVER,62,61,2,333,MCTS_CheckersHeuristic,-1.0,1.0,OSLA
184912342,Checkers,0,GAME_OVER,59,58,2,334,MCTS_CheckersHeuristic,-1.0,1.0,OSLA
956894957,Checkers,0,GAME_OVER,48,47,2,335,MCTS_CheckersHeuristic,-1.0,1.0,OSLA
83738914,Checkers,0,GAME_OVER,92,91,2,336,MCTS_CheckersHeuristic,0.0,0.0,OSLA
983630301,Checkers,0,GAME_OVER,93,92,2,337,MCTS_CheckersHeuristic,1.0,-1.0,OSLA
1607840044,Checkers,0,GAME_OVER,91,90,2,338,MCTS_CheckersHeuristic,-1.0,1.0,OSLA
-895912029,Checkers,0,GAME_OVER,66,65,2,339,MCTS_CheckersHeuristic,-1.0,1.0,OSLA
-1578776641,Checkers,0,GAME_OVER,123,122,2,340,MCTS_CheckersHeuristic,0.0,0.0,OSLA
440593991,Checkers,0,GAME_OVER,93,92,2,341,MCTS_CheckersHeuristic,-1.0,1.0,OSLA
-841068281,Checkers,0,GAME_OVER,92,91,2,342,MCTS_CheckersHeuristic,-1.0,1.0,OSLA
1164572257,Checkers,0,GAME_OVER,54,53,2,343,MCTS_CheckersHeuristic,-1.0,1.0,OSLA
-786482107,Checkers,0,GAME_OVER,52,51,2,344,MCTS_CheckersHeuristic,1.0,-1.0,OSLA
-973069799,Checkers,0,GAME_OVER,74,73,2,345,MCTS_CheckersHeuristic,-1.0,1.0,OSLA
639807106,Checkers,0,GAME_OVER,52,51,2,346,MCTS_CheckersHeuristic,-1.0,1.0,OSLA
-1077440383,Checkers,0,GAME_OVER,47,46,2,347,MCTS_CheckersHeuristic,-1.0,1.0,OSLA
-2096489047,Checkers,0,GAME_OVER,101,100,2,348,MCTS_CheckersHeuristic,-1.0,1.0,OSLA
1275913133,Checkers,0,GAME_OVER,50,49,2,349,MCTS_CheckersHeuristic,-1.0,1.0,OSLA
-687245137,Checkers,0,GAME_OVER,113,112,2,350,MCTS_CheckersHeuristic,0.0,0.0,OSLA
-1554641659,Checkers,0,GAME_OVER,82,81,2,351,MCTS_CheckersHeuristic,-1.0,1.0,OSLA
667440573,Checkers,0,GAME_OVER,142,141,2,352,MCTS_CheckersHeuristic,0.0,0.0,OSLA
465263264,Checkers,0,GAME_OVER,107,106,2,353,MCTS_CheckersHeuristic,-1.0,1.0,OSLA
944196978,Checkers,0,GAME_OVER,100,99,2,354,MCTS_CheckersHeuristic,0.0,0.0,OSLA
-310419034,Checkers,0,GAME_OVER,119,118,2,355,MCTS_CheckersHeuristic,0.0,0.0,OSLA
555688628,Checkers,0,GAME_OVER,116,115,2,356,MCTS_CheckersHeuristic,0.0,0.0,OSLA
-990767859,Checkers,0,GAME_OVER,100,99,2,357,MCTS_CheckersHeuristic,0.0,0.0,OSLA
1878141101,Checkers,0,GAME_OVER,111,110,2,358,MCTS_CheckersHeuristic,-1.0,1.0,OSLA
-607888083,Checkers,0,GAME_OVER,53,52,2,359,MCTS_CheckersHeuristic,-1.0,1.0,OSLA
2001147109,Checkers,0,GAME_OVER,74,73,2,360,MCTS_CheckersHeuristic,-1.0,1.0,OSLA
-1150735363,Checkers,0,GAME_OVER,54,53,2,361,MCTS_CheckersHeuristic,-1.0,1.0,OSLA
-1254481507,Checkers,0,GAME_OVER,95,94,2,362,MCTS_CheckersHeuristic,0.0,0.0,OSLA
-1631771904,Checkers,0,GAME_OVER,119,118,2,363,MCTS_CheckersHeuristic,-1.0,1.0,OSLA
-1013472049,Checkers,0,GAME_OVER,88,87,2,364,MCTS_CheckersHeuristic,0.0,0.0,OSLA
774945565,Checkers,0,GAME_OVER,48,47,2,365,MCTS_CheckersHeuristic,1.0,-1.0,OSLA
1445337731,Checkers,0,GAME_OVER,91,90,2,366,MCTS_CheckersHeuristic,-1.0,1.0,OSLA
1953319935,Checkers,0,GAME_OVER,62,61,2,367,MCTS_CheckersHeuristic,-1.0,1.0,OSLA
390571357,Checkers,0,GAME_OVER,52,51,2,368,MCTS_CheckersHeuristic,1.0,-1.0,OSLA
2096799665,Checkers,0,GAME_OVER,84,83,2,369,MCTS_CheckersHeuristic,-1.0,1.0,OSLA
-1971763578,Checkers,0,GAME_OVER,103,102,2,370,MCTS_CheckersHeuristic,-1.0,1.0,OSLA
-797392752,Checkers,0,GAME_OVER,136,135,2,371,MCTS_CheckersHeuristic,0.0,0.0,OSLA
-129231254,Checkers,0,GAME_OVER,43,42,2,372,MCTS_CheckersHeuristic,-1.0,1.0,OSLA
-1647529271,Checkers,0,GAME_OVER,52,51,2,373,MCTS_CheckersHeuristic,-1.0,1.0,OSLA
-1596937769,Checkers,0,GAME_OVER,55,54,2,374,MCTS_CheckersHeuristic,-1.0,1.0,OSLA
1812176888,Checkers,0,GAME_OVER,46,45,2,375,MCTS_CheckersHeuristic,1.0,-1.0,OSLA
1727208326,Checkers,0,GAME_OVER,98,97,2,376,MCTS_CheckersHeuristic,-1.0,1.0,OSLA
778039985,Checkers,0,GAME_OVER,72,71,2,377,MCTS_CheckersHeuristic,-1.0,1.0,OSLA
-1302988778,Checkers,0,GAME_OVER,79,78,2,378,MCTS_CheckersHeuristic,-1.0,1.0,OSLA
953731308,Checkers,0,GAME_OVER,47,46,2,379,MCTS_CheckersHeuristic,1.0,-1.0,OSLA
1148263162,Checkers,0,GAME_OVER,65,64,2,380,MCTS_CheckersHeuristic,-1.0,1.0,OSLA
-138129491,Checkers,0,GAME_OVER,63,62,2,381,MCTS_CheckersHeuristic,-1.0,1.0,OSLA
-1487440652,Checkers,0,GAME_OVER,28,27,2,382,MCTS_CheckersHeuristic,-1.0,1.0,OSLA
420992871,Checkers,0,GAME_OVER,85,84,2,383,MCTS_CheckersHeuristic,-1.0,1.0,OSLA
-1317910263,Checkers,0,GAME_OVER,98,97,2,384,MCTS_CheckersHeuristic,0.0,0.0,OSLA
1344802789,Checkers,0,GAME_OVER,84,83,2,385,MCTS_CheckersHeuristic,-1.0,1.0,OSLA
-1175799016,Checkers,0,GAME_OVER,42,41,2,386,MCTS_CheckersHeuristic,-1.0,1.0,OSLA
-815486018,Checkers,0,GAME_OVER,50,49,2,387,MCTS_CheckersHeuristic,1.0,-1.0,OSLA
-467459208,Checkers,0,GAME_OVER,54,53,2,388,MCTS_CheckersHeuristic,-1.0,1.0,OSLA
823983774,Checkers,0,GAME_OVER,58,57,2,389,MCTS_CheckersHeuristic,-1.0,1.0,OSLA
-1246065338,Checkers,0,GAME_OVER,64,63,2,390,MCTS_CheckersHeuristic,-1.0,1.0,OSLA
413126385,Checkers,0,GAME_OVER,51,50,2,391,MCTS_CheckersHeuristic,-1.0,1.0,OSLA
457613648,Checkers,0,GAME_OVER,91,90,2,392,MCTS_CheckersHeuristic,0.0,0.0,OSLA
-1482368342,Checkers,0,GAME_OVER,46,45,2,393,MCTS_CheckersHeuristic,-1.0,1.0,OSLA
1132336574,Checkers,0,GAME_OVER,78,77,2,394,MCTS_CheckersHeuristic,-1.0,1.0,OSLA
416303171,Checkers,0,GAME_OVER,48,47,2,395,MCTS_CheckersHeuristic,1.0,-1.0,OSLA
1343822562,Checkers,0,GAME_OVER,72,71,2,396,MCTS_CheckersHeuristic,0.0,0.0,OSLA
-906905566,Checkers,0,GAME_OVER,66,65,2,397,MCTS_CheckersHeuristic,-1.0,1.0,OSLA
-1919272990,Checkers,0,GAME_OVER,129,128,2,398,MCTS_CheckersHeuristic,0.0,0.0,OSLA
-564348917,Checkers,0,GAME_OVER,53,52,2,399,MCTS_CheckersHeuristic,-1.0,1.0,OSLA
-148165108,Checkers,0,GAME_OVER,171,170,2,400,MCTS_CheckersHeuristic,0.0,0.0,OSLA
-463582895,Checkers,0,GAME_OVER,52,51,2,401,MCTS_CheckersHeuristic,1.0,-1.0,OSLA
-2035590615,Checkers,0,GAME_OVER,40,39,2,402,MCTS_CheckersHeuristic,-1.0,1.0,RandomPlayerConfig
-578946317,Checkers,0,GAME_OVER,46,45,2,403,MCTS_CheckersHeuristic,-1.0,1.0,RandomPlayerConfig
1621758891,Checkers,0,GAME_OVER,58,57,2,404,MCTS_CheckersHeuristic,-1.0,1.0,RandomPlayerConfig
522208008,Checkers,0,GAME_OVER,43,42,2,405,MCTS_CheckersHeuristic,-1.0,1.0,RandomPlayerConfig
1481544050,Checkers,0,GAME_OVER,45,44,2,406,MCTS_CheckersHeuristic,-1.0,1.0,RandomPlayerConfig
2045888587,Checkers,0,GAME_OVER,40,39,2,407,MCTS_CheckersHeuristic,-1.0,1.0,RandomPlayerConfig
2071643935,Checkers,0,GAME_OVER,42,41,2,408,MCTS_CheckersHeuristic,-1.0,1.0,RandomPlayerConfig
-1558754475,Checkers,0,GAME_OVER,46,45,2,409,MCTS_CheckersHeuristic,-1.0,1.0,RandomPlayerConfig
-446015633,Checkers,0,GAME_OVER,46,45,2,410,MCTS_CheckersHeuristic,-1.0,1.0,RandomPlayerConfig
-650419990,Checkers,0,GAME_OVER,39,38,2,411,MCTS_CheckersHeuristic,-1.0,1.0,RandomPlayerConfig
144074216,Checkers,0,GAME_OVER,44,43,2,412,MCTS_CheckersHeuristic,-1.0,1.0,RandomPlayerConfig
-314185299,Checkers,0,GAME_OVER,42,41,2,413,MCTS_CheckersHeuristic,-1.0,1.0,RandomPlayerConfig
-1437395352,Checkers,0,GAME_OVER,40,39,2,414,MCTS_CheckersHeuristic,-1.0,1.0,RandomPlayerConfig
563421040,Checkers,0,GAME_OVER,41,40,2,415,MCTS_CheckersHeuristic,-1.0,1.0,RandomPlayerConfig
-1295987043,Checkers,0,GAME_OVER,45,44,2,416,MCTS_CheckersHeuristic,-1.0,1.0,RandomPlayerConfig
-1827331606,Checkers,0,GAME_OVER,44,43,2,417,MCTS_CheckersHeuristic,-1.0,1.0,RandomPlayerConfig
-1643482254,Checkers,0,GAME_OVER,46,45,2,418,MCTS_CheckersHeuristic,-1.0,1.0,RandomPlayerConfig
-1452034605,Checkers,0,GAME_OVER,46,45,2,419,MCTS_CheckersHeuristic,-1.0,1.0,RandomPlayerConfig
1282346219,Checkers,0,GAME_OVER,44,43,2,420,MCTS_CheckersHeuristic,-1.0,1.0,RandomPlayerConfig
415036606,Checkers,0,GAME_OVER,40,39,2,421,MCTS_CheckersHeuristic,-1.0,1.0,RandomPlayerConfig
-518486764,Checkers,0,GAME_OVER,38,37,2,422,MCTS_CheckersHeuristic,-1.0,1.0,RandomPlayerConfig
675924267,Checkers,0,GAME_OVER,53,52,2,423,MCTS_CheckersHeuristic,-1.0,1.0,RandomPlayerConfig
-796841250,Checkers,0,GAME_OVER,38,37,2,424,MCTS_CheckersHeuristic,-1.0,1.0,RandomPlayerConfig
353735071,Checkers,0,GAME_OVER,40,39,2,425,MCTS_CheckersHeuristic,-1.0,1.0,RandomPlayerConfig
-1787867092,Checkers,0,GAME_OVER,47,46,2,426,MCTS_CheckersHeuristic,-1.0,1.0,RandomPlayerConfig
-557254966,Checkers,0,GAME_OVER,41,40,2,427,MCTS_CheckersHeuristic,-1.0,1.0,RandomPlayerConfig
-151956897,Checkers,0,GAME_OVER,44,43,2,428,MCTS_CheckersHeuristic,-1.0,1.0,RandomPlayerConfig
905262079,Checkers,0,GAME_OVER,57,56,2,429,MCTS_CheckersHeuristic,-1.0,1.0,RandomPlayerConfig
319729427,Checkers,0,GAME_OVER,57,56,2,430,MCTS_CheckersHeuristic,-1.0,1.0,RandomPlayerConfig
-1887070577,Checkers,0,GAME_OVER,40,39,2,431,MCTS_CheckersHeuristic,-1.0,1.0,RandomPlayerConfig
815071997,Checkers,0,GAME_OVER,54,53,2,432,MCTS_CheckersHeuristic,-1.0,1.0,RandomPlayerConfig
-1871568959,Checkers,0,GAME_OVER,36,35,2,433,MCTS_CheckersHeuristic,-1.0,1.0,RandomPlayerConfig
-1344469249,Checkers,0,GAME_OVER,39,38,2,434,MCTS_CheckersHeuristic,-1.0,1.0,RandomPlayerConfig
962842235,Checkers,0,GAME_OVER,50,49,2,435,MCTS_CheckersHeuristic,-1.0,1.0,RandomPlayerConfig
1804951535,Checkers,0,GAME_OVER,47,46,2,436,MCTS_CheckersHeuristic,-1.0,1.0,RandomPlayerConfig
-1042059033,Checkers,0,GAME_OVER,39,38,2,437,MCTS_CheckersHeuristic,-1.0,1.0,RandomPlayerConfig
428568489,Checkers,0,GAME_OVER,50,49,2,438,MCTS_CheckersHeuristic,-1.0,1.0,RandomPlayerConfig
478792580,Checkers,0,GAME_OVER,50,49,2,439,MCTS_CheckersHeuristic,-1.0,1.0,RandomPlayerConfig
152033881,Checkers,0,GAME_OVER,47,46,2,440,MCTS_CheckersHeuristic,-1.0,1.0,RandomPlayerConfig
-856509809,Checkers,0,GAME_OVER,42,41,2,441,MCTS_CheckersHeuristic,-1.0,1.0,RandomPlayerConfig
77738287,Checkers,0,GAME_OVER,34,33,2,442,MCTS_CheckersHeuristic,-1.0,1.0,RandomPlayerConfig
1107047337,Checkers,0,GAME_OVER,43,42,2,443,MCTS_CheckersHeuristic,-1.0,1.0,RandomPlayerConfig
-1415529522,Checkers,0,GAME_OVER,47,46,2,444,MCTS_CheckersHeuristic,-1.0,1.0,RandomPlayerConfig
-1397001953,Checkers,0,GAME_OVER,34,33,2,445,MCTS_CheckersHeuristic,-1.0,1.0,RandomPlayerConfig
238861370,Checkers,0,GAME_OVER,48,47,2,446,MCTS_CheckersHeuristic,-1.0,1.0,RandomPlayerConfig
1925653830,Checkers,0,GAME_OVER,45,44,2,447,MCTS_CheckersHeuristic,-1.0,1.0,RandomPlayerConfig
-2102569706,Checkers,0,GAME_OVER,36,35,2,448,MCTS_CheckersHeuristic,-1.0,1.0,RandomPlayerConfig
504708031,Checkers,0,GAME_OVER,40,39,2,449,MCTS_CheckersHeuristic,-1.0,1.0,RandomPlayerConfig
-590708637,Checkers,0,GAME_OVER,57,56,2,450,MCTS_CheckersHeuristic,-1.0,1.0,RandomPlayerConfig
-957917271,Checkers,0,GAME_OVER,49,48,2,451,MCTS_CheckersHeuristic,-1.0,1.0,RandomPlayerConfig
-144976592,Checkers,0,GAME_OVER,43,42,2,452,MCTS_CheckersHeuristic,-1.0,1.0,RandomPlayerConfig
-1611151097,Checkers,0,GAME_OVER,46,45,2,453,MCTS_CheckersHeuristic,-1.0,1.0,RandomPlayerConfig
832324818,Checkers,0,GAME_OVER,52,51,2,454,MCTS_CheckersHeuristic,-1.0,1.0,RandomPlayerConfig
189542628,Checkers,0,GAME_OVER,47,46,2,455,MCTS_CheckersHeuristic,-1.0,1.0,RandomPlayerConfig
-226292582,Checkers,0,GAME_OVER,47,46,2,456,MCTS_CheckersHeuristic,-1.0,1.0,RandomPlayerConfig
-1632619783,Checkers,0,GAME_OVER,33,32,2,457,MCTS_CheckersHeuristic,-1.0,1.0,RandomPlayerConfig
-10754264,Checkers,0,GAME_OVER,42,41,2,458,MCTS_CheckersHeuristic,-1.0,1.0,RandomPlayerConfig
-1702566684,Checkers,0,GAME_OVER,55,54,2,459,MCTS_CheckersHeuristic,-1.0,1.0,RandomPlayerConfig
-1497587505,Checkers,0,GAME_OVER,49,48,2,460,MCTS_CheckersHeuristic,-1.0,1.0,RandomPlayerConfig
-845578703,Checkers,0,GAME_OVER,37,36,2,461,MCTS_CheckersHeuristic,-1.0,1.0,RandomPlayerConfig
587637918,Checkers,0,GAME_OVER,43,42,2,462,MCTS_CheckersHeuristic,-1.0,1.0,RandomPlayerConfig
-1573391934,Checkers,0,GAME_OVER,46,45,2,463,MCTS_CheckersHeuristic,-1.0,1.0,RandomPlayerConfig
-211258352,Checkers,0,GAME_OVER,41,40,2,464,MCTS_CheckersHeuristic,-1.0,1.0,RandomPlayerConfig
-8789926,Checkers,0,GAME_OVER,40,39,2,465,MCTS_CheckersHeuristic,-1.0,1.0,RandomPlayerConfig
-606056082,Checkers,0,GAME_OVER,37,36,2,466,MCTS_CheckersHeuristic,-1.0,1.0,RandomPlayerConfig
-2119856807,Checkers,0,GAME_OVER,39,38,2,467,MCTS_CheckersHeuristic,-1.0,1.0,RandomPlayerConfig
756565351,Checkers,0,GAME_OVER,36,35,2,468,MCTS_CheckersHeuristic,-1.0,1.0,RandomPlayerConfig
701069796,Checkers,0,GAME_OVER,50,49,2,469,MCTS_CheckersHeuristic,-1.0,1.0,RandomPlayerConfig
89662065,Checkers,0,GAME_OVER,41,40,2,470,MCTS_CheckersHeuristic,-1.0,1.0,RandomPlayerConfig
409655320,Checkers,0,GAME_OVER,44,43,2,471,MCTS_CheckersHeuristic,-1.0,1.0,RandomPlayerConfig
-1178153752,Checkers,0,GAME_OVER,41,40,2,472,MCTS_CheckersHeuristic,-1.0,1.0,RandomPlayerConfig
1916696307,Checkers,0,GAME_OVER,42,41,2,473,MCTS_CheckersHeuristic,-1.0,1.0,RandomPlayerConfig
-1170346743,Checkers,0,GAME_OVER,42,41,2,474,MCTS_CheckersHeuristic,-1.0,1.0,RandomPlayerConfig
-1178277608,Checkers,0,GAME_OVER,41,40,2,475,MCTS_CheckersHeuristic,-1.0,1.0,RandomPlayerConfig
1538119737,Checkers,0,GAME_OVER,44,43,2,476,MCTS_CheckersHeuristic,-1.0,1.0,RandomPlayerConfig
725994394,Checkers,0,GAME_OVER,52,51,2,477,MCTS_CheckersHeuristic,-1.0,1.0,RandomPlayerConfig
-449773248,Checkers,0,GAME_OVER,47,46,2,478,MCTS_CheckersHeuristic,-1.0,1.0,RandomPlayerConfig
-1796208784,Checkers,0,GAME_OVER,55,54,2,479,MCTS_CheckersHeuristic,-1.0,1.0,RandomPlayerConfig
-524080299,Checkers,0,GAME_OVER,43,42,2,480,MCTS_CheckersHeuristic,-1.0,1.0,RandomPlayerConfig
-355532984,Checkers,0,GAME_OVER,43,42,2,481,MCTS_CheckersHeuristic,-1.0,1.0,RandomPlayerConfig
891290161,Checkers,0,GAME_OVER,41,40,2,482,MCTS_CheckersHeuristic,-1.0,1.0,RandomPlayerConfig
-533683000,Checkers,0,GAME_OVER,42,41,2,483,MCTS_CheckersHeuristic,-1.0,1.0,RandomPlayerConfig
-551802484,Checkers,0,GAME_OVER,42,41,2,484,MCTS_CheckersHeuristic,-1.0,1.0,RandomPlayerConfig
-1840989310,Checkers,0,GAME_OVER,50,49,2,485,MCTS_CheckersHeuristic,-1.0,1.0,RandomPlayerConfig
2017681574,Checkers,0,GAME_OVER,41,40,2,486,MCTS_CheckersHeuristic,-1.0,1.0,RandomPlayerConfig
-421991124,Checkers,0,GAME_OVER,50,49,2,487,MCTS_CheckersHeuristic,-1.0,1.0,RandomPlayerConfig
469011149,Checkers,0,GAME_OVER,39,38,2,488,MCTS_CheckersHeuristic,-1.0,1.0,RandomPlayerConfig
1173557714,Checkers,0,GAME_OVER,42,41,2,489,MCTS_CheckersHeuristic,-1.0,1.0,RandomPlayerConfig
-361604094,Checkers,0,GAME_OVER,42,41,2,490,MCTS_CheckersHeuristic,-1.0,1.0,RandomPlayerConfig
1282867234,Checkers,0,GAME_OVER,45,44,2,491,MCTS_CheckersHeuristic,-1.0,1.0,RandomPlayerConfig
-1542151897,Checkers,0,GAME_OVER,39,38,2,492,MCTS_CheckersHeuristic,-1.0,1.0,RandomPlayerConfig
1085779199,Checkers,0,GAME_OVER,48,47,2,493,MCTS_CheckersHeuristic,-1.0,1.0,RandomPlayerConfig
390901089,Checkers,0,GAME_OVER,41,40,2,494,MCTS_CheckersHeuristic,-1.0,1.0,RandomPlayerConfig
-981129475,Checkers,0,GAME_OVER,50,49,2,495,MCTS_CheckersHeuristic,-1.0,1.0,RandomPlayerConfig
-1390939507,Checkers,0,GAME_OVER,38,37,2,496,MCTS_CheckersHeuristic,-1.0,1.0,RandomPlayerConfig
-437821059,Checkers,0,GAME_OVER,41,40,2,497,MCTS_CheckersHeuristic,-1.0,1.0,RandomPlayerConfig
2075214077,Checkers,0,GAME_OVER,41,40,2,498,MCTS_CheckersHeuristic,-1.0,1.0,RandomPlayerConfig
565615731,Checkers,0,GAME_OVER,40,39,2,499,MCTS_CheckersHeuristic,-1.0,1.0,RandomPlayerConfig
1205676761,Checkers,0,GAME_OVER,40,39,2,500,MCTS_CheckersHeuristic,-1.0,1.0,RandomPlayerConfig
-501755609,Checkers,0,GAME_OVER,31,30,2,501,MCTS_CheckersHeuristic,-1.0,1.0,RandomPlayerConfig
-1499684397,Checkers,0,GAME_OVER,39,38,2,502,MCTS_CheckersHeuristic,-1.0,1.0,RandomPlayerConfig
-1836009107,Checkers,0,GAME_OVER,42,41,2,503,MCTS_CheckersHeuristic,-1.0,1.0,RandomPlayerConfig
963947027,Checkers,0,GAME_OVER,47,46,2,504,MCTS_CheckersHeuristic,-1.0,1.0,RandomPlayerConfig
-80538069,Checkers,0,GAME_OVER,39,38,2,505,MCTS_CheckersHeuristic,-1.0,1.0,RandomPlayerConfig
-1374684283,Checkers,0,GAME_OVER,43,42,2,506,MCTS_CheckersHeuristic,-1.0,1.0,RandomPlayerConfig
1940495134,Checkers,0,GAME_OVER,44,43,2,507,MCTS_CheckersHeuristic,-1.0,1.0,RandomPlayerConfig
-109890830,Checkers,0,GAME_OVER,41,40,2,508,MCTS_CheckersHeuristic,-1.0,1.0,RandomPlayerConfig
-64575164,Checkers,0,GAME_OVER,44,43,2,509,MCTS_CheckersHeuristic,-1.0,1.0,RandomPlayerConfig
-78915966,Checkers,0,GAME_OVER,43,42,2,510,MCTS_CheckersHeuristic,-1.0,1.0,RandomPlayerConfig
-1377659306,Checkers,0,GAME_OVER,41,40,2,511,MCTS_CheckersHeuristic,-1.0,1.0,RandomPlayerConfig
-1629323870,Checkers,0,GAME_OVER,39,38,2,512,MCTS_CheckersHeuristic,-1.0,1.0,RandomPlayerConfig
-2230482,Checkers,0,GAME_OVER,50,49,2,513,MCTS_CheckersHeuristic,-1.0,1.0,RandomPlayerConfig
-1195904413,Checkers,0,GAME_OVER,46,45,2,514,MCTS_CheckersHeuristic,-1.0,1.0,RandomPlayerConfig
-578417640,Checkers,0,GAME_OVER,50,49,2,515,MCTS_CheckersHeuristic,-1.0,1.0,RandomPlayerConfig
945926855,Checkers,0,GAME_OVER,46,45,2,516,MCTS_CheckersHeuristic,-1.0,1.0,RandomPlayerConfig
88889687,Checkers,0,GAME_OVER,41,40,2,517,MCTS_CheckersHeuristic,-1.0,1.0,RandomPlayerConfig
763617944,Checkers,0,GAME_OVER,43,42,2,518,MCTS_CheckersHeuristic,-1.0,1.0,RandomPlayerConfig
1100313449,Checkers,0,GAME_OVER,48,47,2,519,MCTS_CheckersHeuristic,-1.0,1.0,RandomPlayerConfig
-1264315711,Checkers,0,GAME_OVER,55,54,2,520,MCTS_CheckersHeuristic,-1.0,1.0,RandomPlayerConfig
-497981998,Checkers,0,GAME_OVER,46,45,2,521,MCTS_CheckersHeuristic,-1.0,1.0,RandomPlayerConfig
-1784524477,Checkers,0,GAME_OVER,51,50,2,522,MCTS_CheckersHeuristic,-1.0,1.0,RandomPlayerConfig
-770855830,Checkers,0,GAME_OVER,57,56,2,523,MCTS_CheckersHeuristic,-1.0,1.0,RandomPlayerConfig
-1365488335,Checkers,0,GAME_OVER,35,34,2,524,MCTS_CheckersHeuristic,-1.0,1.0,RandomPlayerConfig
1216203408,Checkers,0,GAME_OVER,41,40,2,525,MCTS_CheckersHeuristic,-1.0,1.0,RandomPlayerConfig
846924899,Checkers,0,GAME_OVER,41,40,2,526,MCTS_CheckersHeuristic,-1.0,1.0,RandomPlayerConfig
-1464536919,Checkers,0,GAME_OVER,33,32,2,527,MCTS_CheckersHeuristic,-1.0,1.0,RandomPlayerConfig
2022132924,Checkers,0,GAME_OVER,40,39,2,528,MCTS_CheckersHeuristic,-1.0,1.0,RandomPlayerConfig
-59889711,Checkers,0,GAME_OVER,41,40,2,529,MCTS_CheckersHeuristic,-1.0,1.0,RandomPlayerConfig
2010005813,Checkers,0,GAME_OVER,43,42,2,530,MCTS_CheckersHeuristic,-1.0,1.0,RandomPlayerConfig
-1117326157,Checkers,0,GAME_OVER,43,42,2,531,MCTS_CheckersHeuristic,-1.0,1.0,RandomPlayerConfig
-84837618,Checkers,0,GAME_OVER,65,64,2,532,MCTS_CheckersHeuristic,-1.0,1.0,RandomPlayerConfig
-1311466025,Checkers,0,GAME_OVER,43,42,2,533,MCTS_CheckersHeuristic,-1.0,1.0,RandomPlayerConfig
184912342,Checkers,0,GAME_OVER,41,40,2,534,MCTS_CheckersHeuristic,-1.0,1.0,RandomPlayerConfig
956894957,Checkers,0,GAME_OVER,36,35,2,535,MCTS_CheckersHeuristic,-1.0,1.0,RandomPlayerConfig
83738914,Checkers,0,GAME_OVER,50,49,2,536,MCTS_CheckersHeuristic,-1.0,1.0,RandomPlayerConfig
983630301,Checkers,0,GAME_OVER,50,49,2,537,MCTS_CheckersHeuristic,-1.0,1.0,RandomPlayerConfig
1607840044,Checkers,0,GAME_OVER,50,49,2,538,MCTS_CheckersHeuristic,-1.0,1.0,RandomPlayerConfig
-895912029,Checkers,0,GAME_OVER,33,32,2,539,MCTS_CheckersHeuristic,-1.0,1.0,RandomPlayerConfig
-1578776641,Checkers,0,GAME_OVER,44,43,2,540,MCTS_CheckersHeuristic,-1.0,1.0,RandomPlayerConfig
440593991,Checkers,0,GAME_OVER,43,42,2,541,MCTS_CheckersHeuristic,-1.0,1.0,RandomPlayerConfig
-841068281,Checkers,0,GAME_OVER,43,42,2,542,MCTS_CheckersHeuristic,-1.0,1.0,RandomPlayerConfig
1164572257,Checkers,0,GAME_OVER,48,47,2,543,MCTS_CheckersHeuristic,-1.0,1.0,RandomPlayerConfig
-786482107,Checkers,0,GAME_OVER,49,48,2,544,MCTS_CheckersHeuristic,-1.0,1.0,RandomPlayerConfig
-973069799,Checkers,0,GAME_OVER,39,38,2,545,MCTS_CheckersHeuristic,-1.0,1.0,RandomPlayerConfig
639807106,Checkers,0,GAME_OVER,38,37,2,546,MCTS_CheckersHeuristic,-1.0,1.0,RandomPlayerConfig
-1077440383,Checkers,0,GAME_OVER,41,40,2,547,MCTS_CheckersHeuristic,-1.0,1.0,RandomPlayerConfig
-2096489047,Checkers,0,GAME_OVER,42,41,2,548,MCTS_CheckersHeuristic,-1.0,1.0,RandomPlayerConfig
1275913133,Checkers,0,GAME_OVER,33,32,2,549,MCTS_CheckersHeuristic,-1.0,1.0,RandomPlayerConfig
-687245137,Checkers,0,GAME_OVER,42,41,2,550,MCTS_CheckersHeuristic,-1.0,1.0,RandomPlayerConfig
-1554641659,Checkers,0,GAME_OVER,45,44,2,551,MCTS_CheckersHeuristic,-1.0,1.0,RandomPlayerConfig
667440573,Checkers,0,GAME_OVER,48,47,2,552,MCTS_CheckersHeuristic,-1.0,1.0,RandomPlayerConfig
465263264,Checkers,0,GAME_OVER,37,36,2,553,MCTS_CheckersHeuristic,-1.0,1.0,RandomPlayerConfig
944196978,Checkers,0,GAME_OVER,41,40,2,554,MCTS_CheckersHeuristic,-1.0,1.0,RandomPlayerConfig
-310419034,Checkers,0,GAME_OVER,49,48,2,555,MCTS_CheckersHeuristic,-1.0,1.0,RandomPlayerConfig
555688628,Checkers,0,GAME_OVER,50,49,2,556,MCTS_CheckersHeuristic,-1.0,1.0,RandomPlayerConfig
-990767859,Checkers,0,GAME_OVER,40,39,2,557,MCTS_CheckersHeuristic,-1.0,1.0,RandomPlayerConfig
1878141101,Checkers,0,GAME_OVER,35,34,2,558,MCTS_CheckersHeuristic,-1.0,1.0,RandomPlayerConfig
-607888083,Checkers,0,GAME_OVER,40,39,2,559,MCTS_CheckersHeuristic,-1.0,1.0,RandomPlayerConfig
2001147109,Checkers,0,GAME_OVER,39,38,2,560,MCTS_CheckersHeuristic,-1.0,1.0,RandomPlayerConfig
-1150735363,Checkers,0,GAME_OVER,45,44,2,561,MCTS_CheckersHeuristic,-1.0,1.0,RandomPlayerConfig
-1254481507,Checkers,0,GAME_OVER,54,53,2,562,MCTS_CheckersHeuristic,-1.0,1.0,RandomPlayerConfig
-1631771904,Checkers,0,GAME_OVER,40,39,2,563,MCTS_CheckersHeuristic,-1.0,1.0,RandomPlayerConfig
-1013472049,Checkers,0,GAME_OVER,39,38,2,564,MCTS_CheckersHeuristic,-1.0,1.0,RandomPlayerConfig
774945565,Checkers,0,GAME_OVER,37,36,2,565,MCTS_CheckersHeuristic,-1.0,1.0,RandomPlayerConfig
1445337731,Checkers,0,GAME_OVER,41,40,2,566,MCTS_CheckersHeuristic,-1.0,1.0,RandomPlayerConfig
1953319935,Checkers,0,GAME_OVER,49,48,2,567,MCTS_CheckersHeuristic,-1.0,1.0,RandomPlayerConfig
390571357,Checkers,0,GAME_OVER,40,39,2,568,MCTS_CheckersHeuristic,-1.0,1.0,RandomPlayerConfig
2096799665,Checkers,0,GAME_OVER,46,45,2,569,MCTS_CheckersHeuristic,-1.0,1.0,RandomPlayerConfig
-1971763578,Checkers,0,GAME_OVER,35,34,2,570,MCTS_CheckersHeuristic,-1.0,1.0,RandomPlayerConfig
-797392752,Checkers,0,GAME_OVER,63,62,2,571,MCTS_CheckersHeuristic,-1.0,1.0,RandomPlayerConfig
-129231254,Checkers,0,GAME_OVER,56,55,2,572,MCTS_CheckersHeuristic,-1.0,1.0,RandomPlayerConfig
-1647529271,Checkers,0,GAME_OVER,45,44,2,573,MCTS_CheckersHeuristic,-1.0,1.0,RandomPlayerConfig
-1596937769,Checkers,0,GAME_OVER,48,47,2,574,MCTS_CheckersHeuristic,-1.0,1.0,RandomPlayerConfig
1812176888,Checkers,0,GAME_OVER,38,37,2,575,MCTS_CheckersHeuristic,-1.0,1.0,RandomPlayerConfig
1727208326,Checkers,0,GAME_OVER,46,45,2,576,MCTS_CheckersHeuristic,-1.0,1.0,RandomPlayerConfig
778039985,Checkers,0,GAME_OVER,47,46,2,577,MCTS_CheckersHeuristic,-1.0,1.0,RandomPlayerConfig
-1302988778,Checkers,0,GAME_OVER,38,37,2,578,MCTS_CheckersHeuristic,-1.0,1.0,RandomPlayerConfig
953731308,Checkers,0,GAME_OVER,45,44,2,579,MCTS_CheckersHeuristic,-1.0,1.0,RandomPlayerConfig
1148263162,Checkers,0,GAME_OVER,42,41,2,580,MCTS_CheckersHeuristic,-1.0,1.0,RandomPlayerConfig
-138129491,Checkers,0,GAME_OVER,46,45,2,581,MCTS_CheckersHeuristic,-1.0,1.0,RandomPlayerConfig
-1487440652,Checkers,0,GAME_OVER,52,51,2,582,MCTS_CheckersHeuristic,-1.0,1.0,RandomPlayerConfig
420992871,Checkers,0,GAME_OVER,36,35,2,583,MCTS_CheckersHeuristic,-1.0,1.0,RandomPlayerConfig
-1317910263,Checkers,0,GAME_OVER,46,45,2,584,MCTS_CheckersHeuristic,-1.0,1.0,RandomPlayerConfig
1344802789,Checkers,0,GAME_OVER,48,47,2,585,MCTS_CheckersHeuristic,-1.0,1.0,RandomPlayerConfig
-1175799016,Checkers,0,GAME_OVER,48,47,2,586,MCTS_CheckersHeuristic,-1.0,1.0,RandomPlayerConfig
-815486018,Checkers,0,GAME_OVER,38,37,2,587,MCTS_CheckersHeuristic,-1.0,1.0,RandomPlayerConfig
-467459208,Checkers,0,GAME_OVER,38,37,2,588,MCTS_CheckersHeuristic,-1.0,1.0,RandomPlayerConfig
823983774,Checkers,0,GAME_OVER,48,47,2,589,MCTS_CheckersHeuristic,-1.0,1.0,RandomPlayerConfig
-1246065338,Checkers,0,GAME_OVER,37,36,2,590,MCTS_CheckersHeuristic,-1.0,1.0,RandomPlayerConfig
413126385,Checkers,0,GAME_OVER,44,43,2,591,MCTS_CheckersHeuristic,-1.0,1.0,RandomPlayerConfig
457613648,Checkers,0,GAME_OVER,37,36,2,592,MCTS_CheckersHeuristic,-1.0,1.0,RandomPlayerConfig
-1482368342,Checkers,0,GAME_OVER,45,44,2,593,MCTS_CheckersHeuristic,-1.0,1.0,RandomPlayerConfig
1132336574,Checkers,0,GAME_OVER,47,46,2,594,MCTS_CheckersHeuristic,-1.0,1.0,RandomPlayerConfig
416303171,Checkers,0,GAME_OVER,51,50,2,595,MCTS_CheckersHeuristic,-1.0,1.0,RandomPlayerConfig
1343822562,Checkers,0,GAME_OVER,45,44,2,596,MCTS_CheckersHeuristic,-1.0,1.0,RandomPlayerConfig
-906905566,Checkers,0,GAME_OVER,45,44,2,597,MCTS_CheckersHeuristic,-1.0,1.0,RandomPlayerConfig
-1919272990,Checkers,0,GAME_OVER,48,47,2,598,MCTS_CheckersHeuristic,-1.0,1.0,RandomPlayerConfig
-564348917,Checkers,0,GAME_OVER,41,40,2,599,MCTS_CheckersHeuristic,-1.0,1.0,RandomPlayerConfig
-148165108,Checkers,0,GAME_OVER,44,43,2,600,MCTS_CheckersHeuristic,-1.0,1.0,RandomPlayerConfig
-463582895,Checkers,0,GAME_OVER,40,39,2,601,MCTS_CheckersHeuristic,-1.0,1.0,RandomPlayerConfig
-2035590615,Checkers,0,GAME_OVER,43,42,2,602,OSLA,1.0,-1.0,MCTS_CheckersHeuristic
-578946317,Checkers,0,GAME_OVER,73,72,2,603,OSLA,1.0,-1.0,MCTS_CheckersHeuristic
1621758891,Checkers,0,GAME_OVER,54,53,2,604,OSLA,1.0,-1.0,MCTS_CheckersHeuristic
522208008,Checkers,0,GAME_OVER,47,46,2,605,OSLA,1.0,-1.0,MCTS_CheckersHeuristic
1481544050,Checkers,0,GAME_OVER,70,69,2,606,OSLA,1.0,-1.0,MCTS_CheckersHeuristic
2045888587,Checkers,0,GAME_OVER,41,40,2,607,OSLA,1.0,-1.0,MCTS_CheckersHeuristic
2071643935,Checkers,0,GAME_OVER,152,151,2,608,OSLA,0.0,0.0,MCTS_CheckersHeuristic
-1558754475,Checkers,0,GAME_OVER,72,71,2,609,OSLA,1.0,-1.0,MCTS_CheckersHeuristic
-446015633,Checkers,0,GAME_OVER,47,46,2,610,OSLA,1.0,-1.0,MCTS_CheckersHeuristic
-650419990,Checkers,0,GAME_OVER,82,81,2,611,OSLA,1.0,-1.0,MCTS_CheckersHeuristic
144074216,Checkers,0,GAME_OVER,72,71,2,612,OSLA,1.0,-1.0,MCTS_CheckersHeuristic
-314185299,Checkers,0,GAME_OVER,57,56,2,613,OSLA,1.0,-1.0,MCTS_CheckersHeuristic
-1437395352,Checkers,0,GAME_OVER,67,66,2,614,OSLA,1.0,-1.0,MCTS_CheckersHeuristic
563421040,Checkers,0,GAME_OVER,50,49,2,615,OSLA,1.0,-1.0,MCTS_CheckersHeuristic
-1295987043,Checkers,0,GAME_OVER,45,44,2,616,OSLA,1.0,-1.0,MCTS_CheckersHeuristic
-1827331606,Checkers,0,GAME_OVER,44,43,2,617,OSLA,1.0,-1.0,MCTS_CheckersHeuristic
-1643482254,Checkers,0,GAME_OVER,55,54,2,618,OSLA,1.0,-1.0,MCTS_CheckersHeuristic
-1452034605,Checkers,0,GAME_OVER,57,56,2,619,OSLA,1.0,-1.0,MCTS_CheckersHeuristic
1282346219,Checkers,0,GAME_OVER,63,62,2,620,OSLA,1.0,-1.0,MCTS_CheckersHeuristic
415036606,Checkers,0,GAME_OVER,107,106,2,621,OSLA,1.0,-1.0,MCTS_CheckersHeuristic
-518486764,Checkers,0,GAME_OVER,62,61,2,622,OSLA,1.0,-1.0,MCTS_CheckersHeuristic
675924267,Checkers,0,GAME_OVER,44,43,2,623,OSLA,1.0,-1.0,MCTS_CheckersHeuristic
-796841250,Checkers,0,GAME_OVER,47,46,2,624,OSLA,1.0,-1.0,MCTS_CheckersHeuristic
353735071,Checkers,0,GAME_OVER,73,72,2,625,OSLA,1.0,-1.0,MCTS_CheckersHeuristic
-1787867092,Checkers,0,GAME_OVER,38,37,2,626,OSLA,1.0,-1.0,MCTS_CheckersHeuristic
-557254966,Checkers,0,GAME_OVER,63,62,2,627,OSLA,1.0,-1.0,MCTS_CheckersHeuristic
-151956897,Checkers,0,GAME_OVER,66,65,2,628,OSLA,1.0,-1.0,MCTS_CheckersHeuristic
905262079,Checkers,0,GAME_OVER,54,53,2,629,OSLA,1.0,-1.0,MCTS_CheckersHeuristic
319729427,Checkers,0,GAME_OVER,56,55,2,630,OSLA,1.0,-1.0,MCTS_CheckersHeuristic
-1887070577,Checkers,0,GAME_OVER,47,46,2,631,OSLA,1.0,-1.0,MCTS_CheckersHeuristic
815071997,Checkers,0,GAME_OVER,82,81,2,632,OSLA,1.0,-1.0,MCTS_CheckersHeuristic
-1871568959,Checkers,0,GAME_OVER,64,63,2,633,OSLA,1.0,-1.0,MCTS_CheckersHeuristic
-1344469249,Checkers,0,GAME_OVER,53,52,2,634,OSLA,1.0,-1.0,MCTS_CheckersHeuristic
962842235,Checkers,0,GAME_OVER,43,42,2,635,OSLA,1.0,-1.0,MCTS_CheckersHeuristic
1804951535,Checkers,0,GAME_OVER,50,49,2,636,OSLA,1.0,-1.0,MCTS_CheckersHeuristic
-1042059033,Checkers,0,GAME_OVER,54,53,2,637,OSLA,1.0,-1.0,MCTS_CheckersHeuristic
428568489,Checkers,0,GAME_OVER,46,45,2,638,OSLA,1.0,-1.0,MCTS_CheckersHeuristic
478792580,Checkers,0,GAME_OVER,47,46,2,639,OSLA,1.0,-1.0,MCTS_CheckersHeuristic
152033881,Checkers,0,GAME_OVER,92,91,2,640,OSLA,1.0,-1.0,MCTS_CheckersHeuristic
-856509809,Checkers,0,GAME_OVER,50,49,2,641,OSLA,1.0,-1.0,MCTS_CheckersHeuristic
77738287,Checkers,0,GAME_OVER,68,67,2,642,OSLA,-1.0,1.0,MCTS_CheckersHeuristic
1107047337,Checkers,0,GAME_OVER,53,52,2,643,OSLA,1.0,-1.0,MCTS_CheckersHeuristic
-1415529522,Checkers,0,GAME_OVER,56,55,2,644,OSLA,1.0,-1.0,MCTS_CheckersHeuristic
-1397001953,Checkers,0,GAME_OVER,57,56,2,645,OSLA,1.0,-1.0,MCTS_CheckersHeuristic
238861370,Checkers,0,GAME_OVER,40,39,2,646,OSLA,1.0,-1.0,MCTS_CheckersHeuristic
1925653830,Checkers,0,GAME_OVER,52,51,2,647,OSLA,1.0,-1.0,MCTS_CheckersHeuristic
-2102569706,Checkers,0,GAME_OVER,50,49,2,648,OSLA,1.0,-1.0,MCTS_CheckersHeuristic
504708031,Checkers,0,GAME_OVER,54,53,2,649,OSLA,1.0,-1.0,MCTS_CheckersHeuristic
-590708637,Checkers,0,GAME_OVER,70,69,2,650,OSLA,1.0,-1.0,MCTS_CheckersHeuristic
-957917271,Checkers,0,GAME_OVER,63,62,2,651,OSLA,1.0,-1.0,MCTS_CheckersHeuristic
-144976592,Checkers,0,GAME_OVER,47,46,2,652,OSLA,1.0,-1.0,MCTS_CheckersHeuristic
-1611151097,Checkers,0,GAME_OVER,71,70,2,653,OSLA,1.0,-1.0,MCTS_CheckersHeuristic
832324818,Checkers,0,GAME_OVER,71,70,2,654,OSLA,1.0,-1.0,MCTS_CheckersHeuristic
189542628,Checkers,0,GAME_OVER,62,61,2,655,OSLA,1.0,-1.0,MCTS_CheckersHeuristic
-226292582,Checkers,0,GAME_OVER,45,44,2,656,OSLA,1.0,-1.0,MCTS_CheckersHeuristic
-1632619783,Checkers,0,GAME_OVER,37,36,2,657,OSLA,1.0,-1.0,MCTS_CheckersHeuristic
-10754264,Checkers,0,GAME_OVER,56,55,2,658,OSLA,1.0,-1.0,MCTS_CheckersHeuristic
-1702566684,Checkers,0,GAME_OVER,53,52,2,659,OSLA,1.0,-1.0,MCTS_CheckersHeuristic
-1497587505,Checkers,0,GAME_OVER,42,41,2,660,OSLA,1.0,-1.0,MCTS_CheckersHeuristic
-845578703,Checkers,0,GAME_OVER,43,42,2,661,OSLA,1.0,-1.0,MCTS_CheckersHeuristic
587637918,Checkers,0,GAME_OVER,52,51,2,662,OSLA,1.0,-1.0,MCTS_CheckersHeuristic
-1573391934,Checkers,0,GAME_OVER,51,50,2,663,OSLA,1.0,-1.0,MCTS_CheckersHeuristic
-211258352,Checkers,0,GAME_OVER,41,40,2,664,OSLA,1.0,-1.0,MCTS_CheckersHeuristic
-8789926,Checkers,0,GAME_OVER,51,50,2,665,OSLA,1.0,-1.0,MCTS_CheckersHeuristic
-606056082,Checkers,0,GAME_OVER,44,43,2,666,OSLA,1.0,-1.0,MCTS_CheckersHeuristic
-2119856807,Checkers,0,GAME_OVER,41,40,2,667,OSLA,1.0,-1.0,MCTS_CheckersHeuristic
756565351,Checkers,0,GAME_OVER,39,38,2,668,OSLA,1.0,-1.0,MCTS_CheckersHeuristic
701069796,Checkers,0,GAME_OVER,62,61,2,669,OSLA,1.0,-1.0,MCTS_CheckersHeuristic
89662065,Checkers,0,GAME_OVER,50,49,2,670,OSLA,1.0,-1.0,MCTS_CheckersHeuristic
409655320,Checkers,0,GAME_OVER,93,92,2,671,OSLA,1.0,-1.0,MCTS_CheckersHeuristic
-1178153752,Checkers,0,GAME_OVER,101,100,2,672,OSLA,1.0,-1.0,MCTS_CheckersHeuristic
1916696307,Checkers,0,GAME_OVER,89,88,2,673,OSLA,1.0,-1.0,MCTS_CheckersHeuristic
-1170346743,Checkers,0,GAME_OVER,75,74,2,674,OSLA,1.0,-1.0,MCTS_CheckersHeuristic
-1178277608,Checkers,0,GAME_OVER,53,52,2,675,OSLA,1.0,-1.0,MCTS_CheckersHeuristic
1538119737,Checkers,0,GAME_OVER,67,66,2,676,OSLA,1.0,-1.0,MCTS_CheckersHeuristic
725994394,Checkers,0,GAME_OVER,48,47,2,677,OSLA,1.0,-1.0,MCTS_CheckersHeuristic
-449773248,Checkers,0,GAME_OVER,58,57,2,678,OSLA,1.0,-1.0,MCTS_CheckersHeuristic
-1796208784,Checkers,0,GAME_OVER,58,57,2,679,OSLA,1.0,-1.0,MCTS_CheckersHeuristic
-524080299,Checkers,0,GAME_OVER,79,78,2,680,OSLA,1.0,-1.0,MCTS_CheckersHeuristic
-355532984,Checkers,0,GAME_OVER,51,50,2,681,OSLA,1.0,-1.0,MCTS_CheckersHeuristic
891290161,Checkers,0,GAME_OVER,56,55,2,682,OSLA,1.0,-1.0,MCTS_CheckersHeuristic
-533683000,Checkers,0,GAME_OVER,47,46,2,683,OSLA,1.0,-1.0,MCTS_CheckersHeuristic
-551802484,Checkers,0,GAME_OVER,55,54,2,684,OSLA,1.0,-1.0,MCTS_CheckersHeuristic
-1840989310,Checkers,0,GAME_OVER,66,65,2,685,OSLA,1.0,-1.0,MCTS_CheckersHeuristic
2017681574,Checkers,0,GAME_OVER,57,56,2,686,OSLA,1.0,-1.0,MCTS_CheckersHeuristic
-421991124,Checkers,0,GAME_OVER,85,84,2,687,OSLA,1.0,-1.0,MCTS_CheckersHeuristic
469011149,Checkers,0,GAME_OVER,47,46,2,688,OSLA,1.0,-1.0,MCTS_CheckersHeuristic
1173557714,Checkers,0,GAME_OVER,53,52,2,689,OSLA,1.0,-1.0,MCTS_CheckersHeuristic
-361604094,Checkers,0,GAME_OVER,57,56,2,690,OSLA,1.0,-1.0,MCTS_CheckersHeuristic
1282867234,Checkers,0,GAME_OVER,49,48,2,691,OSLA,1.0,-1.0,MCTS_CheckersHeuristic
-1542151897,Checkers,0,GAME_OVER,66,65,2,692,OSLA,1.0,-1.0,MCTS_CheckersHeuristic
1085779199,Checkers,0,GAME_OVER,50,49,2,693,OSLA,1.0,-1.0,MCTS_CheckersHeuristic
390901089,Checkers,0,GAME_OVER,58,57,2,694,OSLA,1.0,-1.0,MCTS_CheckersHeuristic
-981129475,Checkers,0,GAME_OVER,45,44,2,695,OSLA,1.0,-1.0,MCTS_CheckersHeuristic
-1390939507,Checkers,0,GAME_OVER,42,41,2,696,OSLA,1.0,-1.0,MCTS_CheckersHeuristic
-437821059,Checkers,0,GAME_OVER,80,79,2,697,OSLA,1.0,-1.0,MCTS_CheckersHeuristic
2075214077,Checkers,0,GAME_OVER,61,60,2,698,OSLA,1.0,-1.0,MCTS_CheckersHeuristic
565615731,Checkers,0,GAME_OVER,58,57,2,699,OSLA,1.0,-1.0,MCTS_CheckersHeuristic
1205676761,Checkers,0,GAME_OVER,40,39,2,700,OSLA,1.0,-1.0,MCTS_CheckersHeuristic
-501755609,Checkers,0,GAME_OVER,55,54,2,701,OSLA,1.0,-1.0,MCTS_CheckersHeuristic
-1499684397,Checkers,0,GAME_OVER,51,50,2,702,OSLA,1.0,-1.0,MCTS_CheckersHeuristic
-1836009107,Checkers,0,GAME_OVER,55,54,2,703,OSLA,1.0,-1.0,MCTS_CheckersHeuristic
963947027,Checkers,0,GAME_OVER,56,55,2,704,OSLA,1.0,-1.0,MCTS_CheckersHeuristic
-80538069,Checkers,0,GAME_OVER,67,66,2,705,OSLA,1.0,-1.0,MCTS_CheckersHeuristic
-1374684283,Checkers,0,GAME_OVER,88,87,2,706,OSLA,1.0,-1.0,MCTS_CheckersHeuristic
1940495134,Checkers,0,GAME_OVER,52,51,2,707,OSLA,1.0,-1.0,MCTS_CheckersHeuristic
-109890830,Checkers,0,GAME_OVER,58,57,2,708,OSLA,1.0,-1.0,MCTS_CheckersHeuristic
-64575164,Checkers,0,GAME_OVER,52,51,2,709,OSLA,1.0,-1.0,MCTS_CheckersHeuristic
-78915966,Checkers,0,GAME_OVER,63,62,2,710,OSLA,1.0,-1.0,MCTS_CheckersHeuristic
-1377659306,Checkers,0,GAME_OVER,39,38,2,711,OSLA,1.0,-1.0,MCTS_CheckersHeuristic
-1629323870,Checkers,0,GAME_OVER,63,62,2,712,OSLA,1.0,-1.0,MCTS_CheckersHeuristic
-2230482,Checkers,0,GAME_OVER,67,66,2,713,OSLA,1.0,-1.0,MCTS_CheckersHeuristic
-1195904413,Checkers,0,GAME_OVER,48,47,2,714,OSLA,1.0,-1.0,MCTS_CheckersHeuristic
-578417640,Checkers,0,GAME_OVER,58,57,2,715,OSLA,1.0,-1.0,MCTS_CheckersHeuristic
945926855,Checkers,0,GAME_OVER,113,112,2,716,OSLA,1.0,-1.0,MCTS_CheckersHeuristic
88889687,Checkers,0,GAME_OVER,66,65,2,717,OSLA,1.0,-1.0,MCTS_CheckersHeuristic
763617944,Checkers,0,GAME_OVER,84,83,2,718,OSLA,1.0,-1.0,MCTS_CheckersHeuristic
1100313449,Checkers,0,GAME_OVER,135,134,2,719,OSLA,0.0,0.0,MCTS_CheckersHeuristic
-1264315711,Checkers,0,GAME_OVER,47,46,2,720,OSLA,1.0,-1.0,MCTS_CheckersHeuristic
-497981998,Checkers,0,GAME_OVER,36,35,2,721,OSLA,1.0,-1.0,MCTS_CheckersHeuristic
-1784524477,Checkers,0,GAME_OVER,132,131,2,722,OSLA,0.0,0.0,MCTS_CheckersHeuristic
-770855830,Checkers,0,GAME_OVER,65,64,2,723,OSLA,1.0,-1.0,MCTS_CheckersHeuristic
-1365488335,Checkers,0,GAME_OVER,42,41,2,724,OSLA,1.0,-1.0,MCTS_CheckersHeuristic
1216203408,Checkers,0,GAME_OVER,56,55,2,725,OSLA,1.0,-1.0,MCTS_CheckersHeuristic
846924899,Checkers,0,GAME_OVER,49,48,2,726,OSLA,1.0,-1.0,MCTS_CheckersHeuristic
-1464536919,Checkers,0,GAME_OVER,55,54,2,727,OSLA,1.0,-1.0,MCTS_CheckersHeuristic
2022132924,Checkers,0,GAME_OVER,60,59,2,728,OSLA,1.0,-1.0,MCTS_CheckersHeuristic
-59889711,Checkers,0,GAME_OVER,48,47,2,729,OSLA,1.0,-1.0,MCTS_CheckersHeuristic
2010005813,Checkers,0,GAME_OVER,53,52,2,730,OSLA,1.0,-1.0,MCTS_CheckersHeuristic
-1117326157,Checkers,0,GAME_OVER,52,51,2,731,OSLA,1.0,-1.0,MCTS_CheckersHeuristic
-84837618,Checkers,0,GAME_OVER,88,87,2,732,OSLA,0.0,0.0,MCTS_CheckersHeuristic
-1311466025,Checkers,0,GAME_OVER,52,51,2,733,OSLA,1.0,-1.0,MCTS_CheckersHeuristic
184912342,Checkers,0,GAME_OVER,111,110,2,734,OSLA,1.0,-1.0,MCTS_CheckersHeuristic
956894957,Checkers,0,GAME_OVER,46,45,2,735,OSLA,1.0,-1.0,MCTS_CheckersHeuristic
83738914,Checkers,0,GAME_OVER,51,50,2,736,OSLA,1.0,-1.0,MCTS_CheckersHeuristic
983630301,Checkers,0,GAME_OVER,58,57,2,737,OSLA,1.0,-1.0,MCTS_CheckersHeuristic
1607840044,Checkers,0,GAME_OVER,69,68,2,738,OSLA,1.0,-1.0,MCTS_CheckersHeuristic
-895912029,Checkers,0,GAME_OVER,42,41,2,739,OSLA,1.0,-1.0,MCTS_CheckersHeuristic
-1578776641,Checkers,0,GAME_OVER,63,62,2,740,OSLA,1.0,-1.0,MCTS_CheckersHeuristic
440593991,Checkers,0,GAME_OVER,55,54,2,741,OSLA,1.0,-1.0,MCTS_CheckersHeuristic
-841068281,Checkers,0,GAME_OVER,84,83,2,742,OSLA,1.0,-1.0,MCTS_CheckersHeuristic
1164572257,Checkers,0,GAME_OVER,67,66,2,743,OSLA,1.0,-1.0,MCTS_CheckersHeuristic
-786482107,Checkers,0,GAME_OVER,46,45,2,744,OSLA,1.0,-1.0,MCTS_CheckersHeuristic
-973069799,Checkers,0,GAME_OVER,115,114,2,745,OSLA,1.0,-1.0,MCTS_CheckersHeuristic
639807106,Checkers,0,GAME_OVER,78,77,2,746,OSLA,1.0,-1.0,MCTS_CheckersHeuristic
-1077440383,Checkers,0,GAME_OVER,41,40,2,747,OSLA,1.0,-1.0,MCTS_CheckersHeuristic
-2096489047,Checkers,0,GAME_OVER,54,53,2,748,OSLA,1.0,-1.0,MCTS_CheckersHeuristic
1275913133,Checkers,0,GAME_OVER,46,45,2,749,OSLA,1.0,-1.0,MCTS_CheckersHeuristic
-687245137,Checkers,0,GAME_OVER,145,144,2,750,OSLA,0.0,0.0,MCTS_CheckersHeuristic
-1554641659,Checkers,0,GAME_OVER,52,51,2,751,OSLA,1.0,-1.0,MCTS_CheckersHeuristic
667440573,Checkers,0,GAME_OVER,176,175,2,752,OSLA,0.0,0.0,MCTS_CheckersHeuristic
465263264,Checkers,0,GAME_OVER,49,48,2,753,OSLA,1.0,-1.0,MCTS_CheckersHeuristic
944196978,Checkers,0,GAME_OVER,46,45,2,754,OSLA,1.0,-1.0,MCTS_CheckersHeuristic
-310419034,Checkers,0,GAME_OVER,67,66,2,755,OSLA,-1.0,1.0,MCTS_CheckersHeuristic
555688628,Checkers,0,GAME_OVER,81,80,2,756,OSLA,1.0,-1.0,MCTS_CheckersHeuristic
-990767859,Checkers,0,GAME_OVER,79,78,2,757,OSLA,1.0,-1.0,MCTS_CheckersHeuristic
1878141101,Checkers,0,GAME_OVER,65,64,2,758,OSLA,1.0,-1.0,MCTS_CheckersHeuristic
-607888083,Checkers,0,GAME_OVER,44,43,2,759,OSLA,1.0,-1.0,MCTS_CheckersHeuristic
2001147109,Checkers,0,GAME_OVER,73,72,2,760,OSLA,1.0,-1.0,MCTS_CheckersHeuristic
-1150735363,Checkers,0,GAME_OVER,54,53,2,761,OSLA,1.0,-1.0,MCTS_CheckersHeuristic
-1254481507,Checkers,0,GAME_OVER,98,97,2,762,OSLA,0.0,0.0,MCTS_CheckersHeuristic
-1631771904,Checkers,0,GAME_OVER,42,41,2,763,OSLA,1.0,-1.0,MCTS_CheckersHeuristic
-1013472049,Checkers,0,GAME_OVER,63,62,2,764,OSLA,1.0,-1.0,MCTS_CheckersHeuristic
774945565,Checkers,0,GAME_OVER,53,52,2,765,OSLA,1.0,-1.0,MCTS_CheckersHeuristic
1445337731,Checkers,0,GAME_OVER,92,91,2,766,OSLA,1.0,-1.0,MCTS_CheckersHeuristic
1953319935,Checkers,0,GAME_OVER,85,84,2,767,OSLA,1.0,-1.0,MCTS_CheckersHeuristic
390571357,Checkers,0,GAME_OVER,50,49,2,768,OSLA,1.0,-1.0,MCTS_CheckersHeuristic
2096799665,Checkers,0,GAME_OVER,53,52,2,769,OSLA,1.0,-1.0,MCTS_CheckersHeuristic
-1971763578,Checkers,0,GAME_OVER,60,59,2,770,OSLA,1.0,-1.0,MCTS_CheckersHeuristic
-797392752,Checkers,0,GAME_OVER,52,51,2,771,OSLA,1.0,-1.0,MCTS_CheckersHeuristic
-129231254,Checkers,0,GAME_OVER,58,57,2,772,OSLA,1.0,-1.0,MCTS_CheckersHeuristic
-1647529271,Checkers,0,GAME_OVER,59,58,2,773,OSLA,1.0,-1.0,MCTS_CheckersHeuristic
-1596937769,Checkers,0,GAME_OVER,59,58,2,774,OSLA,1.0,-1.0,MCTS_CheckersHeuristic
1812176888,Checkers,0,GAME_OVER,51,50,2,775,OSLA,1.0,-1.0,MCTS_CheckersHeuristic
1727208326,Checkers,0,GAME_OVER,73,72,2,776,OSLA,1.0,-1.0,MCTS_CheckersHeuristic
778039985,Checkers,0,GAME_OVER,50,49,2,777,OSLA,1.0,-1.0,MCTS_CheckersHeuristic
-1302988778,Checkers,0,GAME_OVER,55,54,2,778,OSLA,1.0,-1.0,MCTS_CheckersHeuristic
953731308,Checkers,0,GAME_OVER,60,59,2,779,OSLA,1.0,-1.0,MCTS_CheckersHeuristic
1148263162,Checkers,0,GAME_OVER,48,47,2,780,OSLA,1.0,-1.0,MCTS_CheckersHeuristic
-138129491,Checkers,0,GAME_OVER,60,59,2,781,OSLA,1.0,-1.0,MCTS_CheckersHeuristic
-1487440652,Checkers,0,GAME_OVER,70,69,2,782,OSLA,1.0,-1.0,MCTS_CheckersHeuristic
420992871,Checkers,0,GAME_OVER,69,68,2,783,OSLA,1.0,-1.0,MCTS_CheckersHeuristic
-1317910263,Checkers,0,GAME_OVER,80,79,2,784,OSLA,0.0,0.0,MCTS_CheckersHeuristic
1344802789,Checkers,0,GAME_OVER,63,62,2,785,OSLA,1.0,-1.0,MCTS_CheckersHeuristic
-1175799016,Checkers,0,GAME_OVER,49,48,2,786,OSLA,1.0,-1.0,MCTS_CheckersHeuristic
-815486018,Checkers,0,GAME_OVER,58,57,2,787,OSLA,1.0,-1.0,MCTS_CheckersHeuristic
-467459208,Checkers,0,GAME_OVER,54,53,2,788,OSLA,1.0,-1.0,MCTS_CheckersHeuristic
823983774,Checkers,0,GAME_OVER,52,51,2,789,OSLA,1.0,-1.0,MCTS_CheckersHeuristic
-1246065338,Checkers,0,GAME_OVER,55,54,2,790,OSLA,1.0,-1.0,MCTS_CheckersHeuristic
413126385,Checkers,0,GAME_OVER,61,60,2,791,OSLA,1.0,-1.0,MCTS_CheckersHeuristic
457613648,Checkers,0,GAME_OVER,58,57,2,792,OSLA,1.0,-1.0,MCTS_CheckersHeuristic
-1482368342,Checkers,0,GAME_OVER,43,42,2,793,OSLA,1.0,-1.0,MCTS_CheckersHeuristic
1132336574,Checkers,0,GAME_OVER,58,57,2,794,OSLA,1.0,-1.0,MCTS_CheckersHeuristic
416303171,Checkers,0,GAME_OVER,90,89,2,795,OSLA,1.0,-1.0,MCTS_CheckersHeuristic
1343822562,Checkers,0,GAME_OVER,50,49,2,796,OSLA,1.0,-1.0,MCTS_CheckersHeuristic
-906905566,Checkers,0,GAME_OVER,56,55,2,797,OSLA,1.0,-1.0,MCTS_CheckersHeuristic
-1919272990,Checkers,0,GAME_OVER,42,41,2,798,OSLA,1.0,-1.0,MCTS_CheckersHeuristic
-564348917,Checkers,0,GAME_OVER,58,57,2,799,OSLA,1.0,-1.0,MCTS_CheckersHeuristic
-148165108,Checkers,0,GAME_OVER,68,67,2,800,OSLA,1.0,-1.0,MCTS_CheckersHeuristic
-463582895,Checkers,0,GAME_OVER,42,41,2,801,OSLA,1.0,-1.0,MCTS_CheckersHeuristic
-2035590615,Checkers,0,GAME_OVER,94,93,2,802,OSLA,0.0,0.0,OSLA
-578946317,Checkers,0,GAME_OVER,46,45,2,803,OSLA,1.0,-1.0,OSLA
1621758891,Checkers,0,GAME_OVER,66,65,2,804,OSLA,-1.0,1.0,OSLA
522208008,Checkers,0,GAME_OVER,106,105,2,805,OSLA,0.0,0.0,OSLA
1481544050,Checkers,0,GAME_OVER,40,39,2,806,OSLA,1.0,-1.0,OSLA
2045888587,Checkers,0,GAME_OVER,67,66,2,807,OSLA,1.0,-1.0,OSLA
2071643935,Checkers,0,GAME_OVER,42,41,2,808,OSLA,1.0,-1.0,OSLA
-1558754475,Checkers,0,GAME_OVER,36,35,2,809,OSLA,1.0,-1.0,OSLA
-446015633,Checkers,0,GAME_OVER,40,39,2,810,OSLA,1.0,-1.0,OSLA
-650419990,Checkers,0,GAME_OVER,49,48,2,811,OSLA,-1.0,1.0,OSLA
144074216,Checkers,0,GAME_OVER,42,41,2,812,OSLA,1.0,-1.0,OSLA
-314185299,Checkers,0,GAME_OVER,111,110,2,813,OSLA,0.0,0.0,OSLA
-1437395352,Checkers,0,GAME_OVER,61,60,2,814,OSLA,-1.0,1.0,OSLA
563421040,Checkers,0,GAME_OVER,68,67,2,815,OSLA,-1.0,1.0,OSLA
-1295987043,Checkers,0,GAME_OVER,45,44,2,816,OSLA,1.0,-1.0,OSLA
-1827331606,Checkers,0,GAME_OVER,42,41,2,817,OSLA,1.0,-1.0,OSLA
-1643482254,Checkers,0,GAME_OVER,98,97,2,818,OSLA,-1.0,1.0,OSLA
-1452034605,Checkers,0,GAME_OVER,36,35,2,819,OSLA,1.0,-1.0,OSLA
1282346219,Checkers,0,GAME_OVER,48,47,2,820,OSLA,1.0,-1.0,OSLA
415036606,Checkers,0,GAME_OVER,40,39,2,821,OSLA,-1.0,1.0,OSLA
-518486764,Checkers,0,GAME_OVER,97,96,2,822,OSLA,0.0,0.0,OSLA
675924267,Checkers,0,GAME_OVER,58,57,2,823,OSLA,-1.0,1.0,OSLA
-796841250,Checkers,0,GAME_OVER,71,70,2,824,OSLA,0.0,0.0,OSLA
353735071,Checkers,0,GAME_OVER,84,83,2,825,OSLA,-1.0,1.0,OSLA
-1787867092,Checkers,0,GAME_OVER,44,43,2,826,OSLA,1.0,-1.0,OSLA
-557254966,Checkers,0,GAME_OVER,40,39,2,827,OSLA,1.0,-1.0,OSLA
-151956897,Checkers,0,GAME_OVER,66,65,2,828,OSLA,1.0,-1.0,OSLA
905262079,Checkers,0,GAME_OVER,40,39,2,829,OSLA,1.0,-1.0,OSLA
319729427,Checkers,0,GAME_OVER,60,59,2,830,OSLA,1.0,-1.0,OSLA
-1887070577,Checkers,0,GAME_OVER,53,52,2,831,OSLA,1.0,-1.0,OSLA
815071997,Checkers,0,GAME_OVER,60,59,2,832,OSLA,1.0,-1.0,OSLA
-1871568959,Checkers,0,GAME_OVER,56,55,2,833,OSLA,1.0,-1.0,OSLA
-1344469249,Checkers,0,GAME_OVER,47,46,2,834,OSLA,1.0,-1.0,OSLA
962842235,Checkers,0,GAME_OVER,71,70,2,835,OSLA,1.0,-1.0,OSLA
1804951535,Checkers,0,GAME_OVER,41,40,2,836,OSLA,1.0,-1.0,OSLA
-1042059033,Checkers,0,GAME_OVER,58,57,2,837,OSLA,-1.0,1.0,OSLA
428568489,Checkers,0,GAME_OVER,42,41,2,838,OSLA,1.0,-1.0,OSLA
478792580,Checkers,0,GAME_OVER,47,46,2,839,OSLA,1.0,-1.0,OSLA
152033881,Checkers,0,GAME_OVER,46,45,2,840,OSLA,-1.0,1.0,OSLA
-856509809,Checkers,0,GAME_OVER,112,111,2,841,OSLA,1.0,-1.0,OSLA
77738287,Checkers,0,GAME_OVER,49,48,2,842,OSLA,-1.0,1.0,OSLA
1107047337,Checkers,0,GAME_OVER,48,47,2,843,OSLA,-1.0,1.0,OSLA
-1415529522,Checkers,0,GAME_OVER,49,48,2,844,OSLA,-1.0,1.0,OSLA
-1397001953,Checkers,0,GAME_OVER,48,47,2,845,OSLA,-1.0,1.0,OSLA
238861370,Checkers,0,GAME_OVER,42,41,2,846,OSLA,1.0,-1.0,OSLA
1925653830,Checkers,0,GAME_OVER,65,64,2,847,OSLA,-1.0,1.0,OSLA
-2102569706,Checkers,0,GAME_OVER,39,38,2,848,OSLA,1.0,-1.0,OSLA
504708031,Checkers,0,GAME_OVER,61,60,2,849,OSLA,-1.0,1.0,OSLA
-590708637,Checkers,0,GAME_OVER,46,45,2,850,OSLA,1.0,-1.0,OSLA
-957917271,Checkers,0,GAME_OVER,52,51,2,851,OSLA,1.0,-1.0,OSLA
-144976592,Checkers,0,GAME_OVER,89,88,2,852,OSLA,0.0,0.0,OSLA
-1611151097,Checkers,0,GAME_OVER,40,39,2,853,OSLA,1.0,-1.0,OSLA
832324818,Checkers,0,GAME_OVER,67,66,2,854,OSLA,1.0,-1.0,OSLA
189542628,Checkers,0,GAME_OVER,33,32,2,855,OSLA,1.0,-1.0,OSLA
-226292582,Checkers,0,GAME_OVER,46,45,2,856,OSLA,-1.0,1.0,OSLA
-1632619783,Checkers,0,GAME_OVER,49,48,2,857,OSLA,1.0,-1.0,OSLA
-10754264,Checkers,0,GAME_OVER,147,146,2,858,OSLA,0.0,0.0,OSLA
-1702566684,Checkers,0,GAME_OVER,43,42,2,859,OSLA,-1.0,1.0,OSLA
-1497587505,Checkers,0,GAME_OVER,33,32,2,860,OSLA,1.0,-1.0,OSLA
-845578703,Checkers,0,GAME_OVER,43,42,2,861,OSLA,-1.0,1.0,OSLA
587637918,Checkers,0,GAME_OVER,47,46,2,862,OSLA,-1.0,1.0,OSLA
-1573391934,Checkers,0,GAME_OVER,97,96,2,863,OSLA,0.0,0.0,OSLA
-211258352,Checkers,0,GAME_OVER,61,60,2,864,OSLA,1.0,-1.0,OSLA
-8789926,Checkers,0,GAME_OVER,39,38,2,865,OSLA,1.0,-1.0,OSLA
-606056082,Checkers,0,GAME_OVER,54,53,2,866,OSLA,-1.0,1.0,OSLA
-2119856807,Checkers,0,GAME_OVER,82,81,2,867,OSLA,1.0,-1.0,OSLA
756565351,Checkers,0,GAME_OVER,45,44,2,868,OSLA,1.0,-1.0,OSLA
701069796,Checkers,0,GAME_OVER,48,47,2,869,OSLA,1.0,-1.0,OSLA
89662065,Checkers,0,GAME_OVER,35,34,2,870,OSLA,1.0,-1.0,OSLA
409655320,Checkers,0,GAME_OVER,67,66,2,871,OSLA,1.0,-1.0,OSLA
-1178153752,Checkers,0,GAME_OVER,37,36,2,872,OSLA,1.0,-1.0,OSLA
1916696307,Checkers,0,GAME_OVER,72,71,2,873,OSLA,-1.0,1.0,OSLA
-1170346743,Checkers,0,GAME_OVER,65,64,2,874,OSLA,-1.0,1.0,OSLA
-1178277608,Checkers,0,GAME_OVER,92,91,2,875,OSLA,0.0,0.0,OSLA
1538119737,Checkers,0,GAME_OVER,91,90,2,876,OSLA,0.0,0.0,OSLA
725994394,Checkers,0,GAME_OVER,43,42,2,877,OSLA,1.0,-1.0,OSLA
-449773248,Checkers,0,GAME_OVER,111,110,2,878,OSLA,0.0,0.0,OSLA
-1796208784,Checkers,0,GAME_OVER,44,43,2,879,OSLA,1.0,-1.0,OSLA
-524080299,Checkers,0,GAME_OVER,47,46,2,880,OSLA,1.0,-1.0,OSLA
-355532984,Checkers,0,GAME_OVER,52,51,2,881,OSLA,-1.0,1.0,OSLA
891290161,Checkers,0,GAME_OVER,47,46,2,882,OSLA,-1.0,1.0,OSLA
-533683000,Checkers,0,GAME_OVER,127,126,2,883,OSLA,0.0,0.0,OSLA
-551802484,Checkers,0,GAME_OVER,92,91,2,884,OSLA,1.0,-1.0,OSLA
-1840989310,Checkers,0,GAME_OVER,71,70,2,885,OSLA,1.0,-1.0,OSLA
2017681574,Checkers,0,GAME_OVER,45,44,2,886,OSLA,-1.0,1.0,OSLA
-421991124,Checkers,0,GAME_OVER,41,40,2,887,OSLA,1.0,-1.0,OSLA
469011149,Checkers,0,GAME_OVER,86,85,2,888,OSLA,1.0,-1.0,OSLA
1173557714,Checkers,0,GAME_OVER,51,50,2,889,OSLA,1.0,-1.0,OSLA
-361604094,Checkers,0,GAME_OVER,50,49,2,890,OSLA,-1.0,1.0,OSLA
1282867234,Checkers,0,GAME_OVER,51,50,2,891,OSLA,-1.0,1.0,OSLA
-1542151897,Checkers,0,GAME_OVER,97,96,2,892,OSLA,0.0,0.0,OSLA
1085779199,Checkers,0,GAME_OVER,49,48,2,893,OSLA,1.0,-1.0,OSLA
390901089,Checkers,0,GAME_OVER,68,67,2,894,OSLA,1.0,-1.0,OSLA
-981129475,Checkers,0,GAME_OVER,44,43,2,895,OSLA,1.0,-1.0,OSLA
-1390939507,Checkers,0,GAME_OVER,86,85,2,896,OSLA,0.0,0.0,OSLA
-437821059,Checkers,0,GAME_OVER,45,44,2,897,OSLA,-1.0,1.0,OSLA
2075214077,Checkers,0,GAME_OVER,91,90,2,898,OSLA,-1.0,1.0,OSLA
565615731,Checkers,0,GAME_OVER,132,131,2,899,OSLA,0.0,0.0,OSLA
1205676761,Checkers,0,GAME_OVER,38,37,2,900,OSLA,1.0,-1.0,OSLA
-501755609,Checkers,0,GAME_OVER,43,42,2,901,OSLA,-1.0,1.0,OSLA
-1499684397,Checkers,0,GAME_OVER,49,48,2,902,OSLA,1.0,-1.0,OSLA
-1836009107,Checkers,0,GAME_OVER,45,44,2,903,OSLA,1.0,-1.0,OSLA
963947027,Checkers,0,GAME_OVER,47,46,2,904,OSLA,1.0,-1.0,OSLA
-80538069,Checkers,0,GAME_OVER,39,38,2,905,OSLA,1.0,-1.0,OSLA
-1374684283,Checkers,0,GAME_OVER,49,48,2,906,OSLA,1.0,-1.0,OSLA
1940495134,Checkers,0,GAME_OVER,37,36,2,907,OSLA,1.0,-1.0,OSLA
-109890830,Checkers,0,GAME_OVER,56,55,2,908,OSLA,1.0,-1.0,OSLA
-64575164,Checkers,0,GAME_OVER,45,44,2,909,OSLA,1.0,-1.0,OSLA
-78915966,Checkers,0,GAME_OVER,36,35,2,910,OSLA,-1.0,1.0,OSLA
-1377659306,Checkers,0,GAME_OVER,48,47,2,911,OSLA,1.0,-1.0,OSLA
-1629323870,Checkers,0,GAME_OVER,41,40,2,912,OSLA,1.0,-1.0,OSLA
-2230482,Checkers,0,GAME_OVER,43,42,2,913,OSLA,-1.0,1.0,OSLA
-1195904413,Checkers,0,GAME_OVER,48,47,2,914,OSLA,-1.0,1.0,OSLA
-578417640,Checkers,0,GAME_OVER,53,52,2,915,OSLA,1.0,-1.0,OSLA
945926855,Checkers,0,GAME_OVER,38,37,2,916,OSLA,1.0,-1.0,OSLA
88889687,Checkers,0,GAME_OVER,44,43,2,917,OSLA,1.0,-1.0,OSLA
763617944,Checkers,0,GAME_OVER,45,44,2,918,OSLA,1.0,-1.0,OSLA
1100313449,Checkers,0,GAME_OVER,67,66,2,919,OSLA,1.0,-1.0,OSLA
-1264315711,Checkers,0,GAME_OVER,52,51,2,920,OSLA,-1.0,1.0,OSLA
-497981998,Checkers,0,GAME_OVER,36,35,2,921,OSLA,1.0,-1.0,OSLA
-1784524477,Checkers,0,GAME_OVER,43,42,2,922,OSLA,1.0,-1.0,OSLA
-770855830,Checkers,0,GAME_OVER,40,39,2,923,OSLA,1.0,-1.0,OSLA
-1365488335,Checkers,0,GAME_OVER,107,106,2,924,OSLA,0.0,0.0,OSLA
1216203408,Checkers,0,GAME_OVER,39,38,2,925,OSLA,1.0,-1.0,OSLA
846924899,Checkers,0,GAME_OVER,46,45,2,926,OSLA,-1.0,1.0,OSLA
-1464536919,Checkers,0,GAME_OVER,43,42,2,927,OSLA,1.0,-1.0,OSLA
2022132924,Checkers,0,GAME_OVER,49,48,2,928,OSLA,1.0,-1.0,OSLA
-59889711,Checkers,0,GAME_OVER,40,39,2,929,OSLA,-1.0,1.0,OSLA
2010005813,Checkers,0,GAME_OVER,99,98,2,930,OSLA,0.0,0.0,OSLA
-1117326157,Checkers,0,GAME_OVER,46,45,2,931,OSLA,-1.0,1.0,OSLA
-84837618,Checkers,0,GAME_OVER,51,50,2,932,OSLA,1.0,-1.0,OSLA
-1311466025,Checkers,0,GAME_OVER,53,52,2,933,OSLA,-1.0,1.0,OSLA
184912342,Checkers,0,GAME_OVER,87,86,2,934,OSLA,1.0,-1.0,OSLA
956894957,Checkers,0,GAME_OVER,58,57,2,935,OSLA,1.0,-1.0,OSLA
83738914,Checkers,0,GAME_OVER,42,41,2,936,OSLA,1.0,-1.0,OSLA
983630301,Checkers,0,GAME_OVER,42,41,2,937,OSLA,1.0,-1.0,OSLA
1607840044,Checkers,0,GAME_OVER,46,45,2,938,OSLA,-1.0,1.0,OSLA
-895912029,Checkers,0,GAME_OVER,49,48,2,939,OSLA,1.0,-1.0,OSLA
-1578776641,Checkers,0,GAME_OVER,43,42,2,940,OSLA,-1.0,1.0,OSLA
440593991,Checkers,0,GAME_OVER,48,47,2,941,OSLA,1.0,-1.0,OSLA
-841068281,Checkers,0,GAME_OVER,63,62,2,942,OSLA,1.0,-1.0,OSLA
1164572257,Checkers,0,GAME_OVER,94,93,2,943,OSLA,0.0,0.0,OSLA
-786482107,Checkers,0,GAME_OVER,34,33,2,944,OSLA,1.0,-1.0,OSLA
-973069799,Checkers,0,GAME_OVER,43,42,2,945,OSLA,-1.0,1.0,OSLA
639807106,Checkers,0,GAME_OVER,38,37,2,946,OSLA,1.0,-1.0,OSLA
-1077440383,Checkers,0,GAME_OVER,41,40,2,947,OSLA,1.0,-1.0,OSLA
-2096489047,Checkers,0,GAME_OVER,52,51,2,948,OSLA,1.0,-1.0,OSLA
1275913133,Checkers,0,GAME_OVER,60,59,2,949,OSLA,1.0,-1.0,OSLA
-687245137,Checkers,0,GAME_OVER,153,152,2,950,OSLA,0.0,0.0,OSLA
-1554641659,Checkers,0,GAME_OVER,49,48,2,951,OSLA,1.0,-1.0,OSLA
667440573,Checkers,0,GAME_OVER,66,65,2,952,OSLA,1.0,-1.0,OSLA
465263264,Checkers,0,GAME_OVER,47,46,2,953,OSLA,-1.0,1.0,OSLA
944196978,Checkers,0,GAME_OVER,35,34,2,954,OSLA,1.0,-1.0,OSLA
-310419034,Checkers,0,GAME_OVER,123,122,2,955,OSLA,1.0,-1.0,OSLA
555688628,Checkers,0,GAME_OVER,57,56,2,956,OSLA,-1.0,1.0,OSLA
-990767859,Checkers,0,GAME_OVER,52,51,2,957,OSLA,-1.0,1.0,OSLA
1878141101,Checkers,0,GAME_OVER,53,52,2,958,OSLA,1.0,-1.0,OSLA
-607888083,Checkers,0,GAME_OVER,53,52,2,959,OSLA,1.0,-1.0,OSLA
2001147109,Checkers,0,GAME_OVER,48,47,2,960,OSLA,1.0,-1.0,OSLA
-1150735363,Checkers,0,GAME_OVER,63,62,2,961,OSLA,1.0,-1.0,OSLA
-1254481507,Checkers,0,GAME_OVER,46,45,2,962,OSLA,1.0,-1.0,OSLA
-1631771904,Checkers,0,GAME_OVER,37,36,2,963,OSLA,1.0,-1.0,OSLA
-1013472049,Checkers,0,GAME_OVER,130,129,2,964,OSLA,0.0,0.0,OSLA
774945565,Checkers,0,GAME_OVER,106,105,2,965,OSLA,0.0,0.0,OSLA
1445337731,Checkers,0,GAME_OVER,52,51,2,966,OSLA,1.0,-1.0,OSLA
1953319935,Checkers,0,GAME_OVER,41,40,2,967,OSLA,1.0,-1.0,OSLA
390571357,Checkers,0,GAME_OVER,36,35,2,968,OSLA,1.0,-1.0,OSLA
2096799665,Checkers,0,GAME_OVER,114,113,2,969,OSLA,0.0,0.0,OSLA
-1971763578,Checkers,0,GAME_OVER,41,40,2,970,OSLA,1.0,-1.0,OSLA
-797392752,Checkers,0,GAME_OVER,39,38,2,971,OSLA,-1.0,1.0,OSLA
-129231254,Checkers,0,GAME_OVER,44,43,2,972,OSLA,1.0,-1.0,OSLA
-1647529271,Checkers,0,GAME_OVER,49,48,2,973,OSLA,-1.0,1.0,OSLA
-1596937769,Checkers,0,GAME_OVER,55,54,2,974,OSLA,-1.0,1.0,OSLA
1812176888,Checkers,0,GAME_OVER,50,49,2,975,OSLA,1.0,-1.0,OSLA
1727208326,Checkers,0,GAME_OVER,42,41,2,976,OSLA,-1.0,1.0,OSLA
778039985,Checkers,0,GAME_OVER,60,59,2,977,OSLA,-1.0,1.0,OSLA
-1302988778,Checkers,0,GAME_OVER,45,44,2,978,OSLA,-1.0,1.0,OSLA
953731308,Checkers,0,GAME_OVER,44,43,2,979,OSLA,1.0,-1.0,OSLA
1148263162,Checkers,0,GAME_OVER,121,120,2,980,OSLA,0.0,0.0,OSLA
-138129491,Checkers,0,GAME_OVER,41,40,2,981,OSLA,1.0,-1.0,OSLA
-1487440652,Checkers,0,GAME_OVER,79,78,2,982,OSLA,0.0,0.0,OSLA
420992871,Checkers,0,GAME_OVER,39,38,2,983,OSLA,1.0,-1.0,OSLA
-1317910263,Checkers,0,GAME_OVER,42,41,2,984,OSLA,-1.0,1.0,OSLA
1344802789,Checkers,0,GAME_OVER,39,38,2,985,OSLA,1.0,-1.0,OSLA
-1175799016,Checkers,0,GAME_OVER,50,49,2,986,OSLA,-1.0,1.0,OSLA
-815486018,Checkers,0,GAME_OVER,46,45,2,987,OSLA,1.0,-1.0,OSLA
-467459208,Checkers,0,GAME_OVER,40,39,2,988,OSLA,1.0,-1.0,OSLA
823983774,Checkers,0,GAME_OVER,44,43,2,989,OSLA,-1.0,1.0,OSLA
-1246065338,Checkers,0,GAME_OVER,42,41,2,990,OSLA,-1.0,1.0,OSLA
413126385,Checkers,0,GAME_OVER,52,51,2,991,OSLA,-1.0,1.0,OSLA
457613648,Checkers,0,GAME_OVER,55,54,2,992,OSLA,1.0,-1.0,OSLA
-1482368342,Checkers,0,GAME_OVER,42,41,2,993,OSLA,1.0,-1.0,OSLA
1132336574,Checkers,0,GAME_OVER,50,49,2,994,OSLA,1.0,-1.0,OSLA
416303171,Checkers,0,GAME_OVER,46,45,2,995,OSLA,-1.0,1.0,OSLA
1343822562,Checkers,0,GAME_OVER,42,41,2,996,OSLA,1.0,-1.0,OSLA
-906905566,Checkers,0,GAME_OVER,128,127,2,997,OSLA,0.0,0.0,OSLA
-1919272990,Checkers,0,GAME_OVER,54,53,2,998,OSLA,1.0,-1.0,OSLA
-564348917,Checkers,0,GAME_OVER,84,83,2,999,OSLA,1.0,-1.0,OSLA
-148165108,Checkers,0,GAME_OVER,47,46,2,1000,OSLA,-1.0,1.0,OSLA
-463582895,Checkers,0,GAME_OVER,50,49,2,1001,OSLA,1.0,-1.0,OSLA
-2035590615,Checkers,0,GAME_OVER,41,40,2,1002,OSLA,-1.0,1.0,RandomPlayerConfig
-578946317,Checkers,0,GAME_OVER,35,34,2,1003,OSLA,-1.0,1.0,RandomPlayerConfig
1621758891,Checkers,0,GAME_OVER,41,40,2,1004,OSLA,-1.0,1.0,RandomPlayerConfig
522208008,Checkers,0,GAME_OVER,41,40,2,1005,OSLA,-1.0,1.0,RandomPlayerConfig
1481544050,Checkers,0,GAME_OVER,34,33,2,1006,OSLA,-1.0,1.0,RandomPlayerConfig
2045888587,Checkers,0,GAME_OVER,41,40,2,1007,OSLA,-1.0,1.0,RandomPlayerConfig
2071643935,Checkers,0,GAME_OVER,36,35,2,1008,OSLA,-1.0,1.0,RandomPlayerConfig
-1558754475,Checkers,0,GAME_OVER,37,36,2,1009,OSLA,-1.0,1.0,RandomPlayerConfig
-446015633,Checkers,0,GAME_OVER,42,41,2,1010,OSLA,-1.0,1.0,RandomPlayerConfig
-650419990,Checkers,0,GAME_OVER,44,43,2,1011,OSLA,-1.0,1.0,RandomPlayerConfig
144074216,Checkers,0,GAME_OVER,47,46,2,1012,OSLA,-1.0,1.0,RandomPlayerConfig
-314185299,Checkers,0,GAME_OVER,34,33,2,1013,OSLA,-1.0,1.0,RandomPlayerConfig
-1437395352,Checkers,0,GAME_OVER,35,34,2,1014,OSLA,-1.0,1.0,RandomPlayerConfig
563421040,Checkers,0,GAME_OVER,42,41,2,1015,OSLA,-1.0,1.0,RandomPlayerConfig
-1295987043,Checkers,0,GAME_OVER,38,37,2,1016,OSLA,-1.0,1.0,RandomPlayerConfig
-1827331606,Checkers,0,GAME_OVER,43,42,2,1017,OSLA,-1.0,1.0,RandomPlayerConfig
-1643482254,Checkers,0,GAME_OVER,40,39,2,1018,OSLA,-1.0,1.0,RandomPlayerConfig
-1452034605,Checkers,0,GAME_OVER,43,42,2,1019,OSLA,-1.0,1.0,RandomPlayerConfig
1282346219,Checkers,0,GAME_OVER,38,37,2,1020,OSLA,-1.0,1.0,RandomPlayerConfig
415036606,Checkers,0,GAME_OVER,39,38,2,1021,OSLA,-1.0,1.0,RandomPlayerConfig
-518486764,Checkers,0,GAME_OVER,48,47,2,1022,OSLA,-1.0,1.0,RandomPlayerConfig
675924267,Checkers,0,GAME_OVER,41,40,2,1023,OSLA,-1.0,1.0,RandomPlayerConfig
-796841250,Checkers,0,GAME_OVER,67,66,2,1024,OSLA,-1.0,1.0,RandomPlayerConfig
353735071,Checkers,0,GAME_OVER,38,37,2,1025,OSLA,-1.0,1.0,RandomPlayerConfig
-1787867092,Checkers,0,GAME_OVER,92,91,2,1026,OSLA,-1.0,1.0,RandomPlayerConfig
-557254966,Checkers,0,GAME_OVER,39,38,2,1027,OSLA,-1.0,1.0,RandomPlayerConfig
-151956897,Checkers,0,GAME_OVER,52,51,2,1028,OSLA,-1.0,1.0,RandomPlayerConfig
905262079,Checkers,0,GAME_OVER,40,39,2,1029,OSLA,-1.0,1.0,RandomPlayerConfig
319729427,Checkers,0,GAME_OVER,44,43,2,1030,OSLA,-1.0,1.0,RandomPlayerConfig
-1887070577,Checkers,0,GAME_OVER,46,45,2,1031,OSLA,-1.0,1.0,RandomPlayerConfig
815071997,Checkers,0,GAME_OVER,48,47,2,1032,OSLA,-1.0,1.0,RandomPlayerConfig
-1871568959,Checkers,0,GAME_OVER,43,42,2,1033,OSLA,-1.0,1.0,RandomPlayerConfig
-1344469249,Checkers,0,GAME_OVER,57,56,2,1034,OSLA,-1.0,1.0,RandomPlayerConfig
962842235,Checkers,0,GAME_OVER,44,43,2,1035,OSLA,-1.0,1.0,RandomPlayerConfig
1804951535,Checkers,0,GAME_OVER,56,55,2,1036,OSLA,-1.0,1.0,RandomPlayerConfig
-1042059033,Checkers,0,GAME_OVER,45,44,2,1037,OSLA,-1.0,1.0,RandomPlayerConfig
428568489,Checkers,0,GAME_OVER,41,40,2,1038,OSLA,-1.0,1.0,RandomPlayerConfig
478792580,Checkers,0,GAME_OVER,41,40,2,1039,OSLA,-1.0,1.0,RandomPlayerConfig
152033881,Checkers,0,GAME_OVER,44,43,2,1040,OSLA,-1.0,1.0,RandomPlayerConfig
-856509809,Checkers,0,GAME_OVER,62,61,2,1041,OSLA,-1.0,1.0,RandomPlayerConfig
77738287,Checkers,0,GAME_OVER,57,56,2,1042,OSLA,-1.0,1.0,RandomPlayerConfig
1107047337,Checkers,0,GAME_OVER,70,69,2,1043,OSLA,-1.0,1.0,RandomPlayerConfig
-1415529522,Checkers,0,GAME_OVER,42,41,2,1044,OSLA,-1.0,1.0,RandomPlayerConfig
-1397001953,Checkers,0,GAME_OVER,37,36,2,1045,OSLA,-1.0,1.0,RandomPlayerConfig
238861370,Checkers,0,GAME_OVER,51,50,2,1046,OSLA,-1.0,1.0,RandomPlayerConfig
1925653830,Checkers,0,GAME_OVER,46,45,2,1047,OSLA,-1.0,1.0,RandomPlayerConfig
-2102569706,Checkers,0,GAME_OVER,45,44,2,1048,OSLA,-1.0,1.0,RandomPlayerConfig
504708031,Checkers,0,GAME_OVER,46,45,2,1049,OSLA,-1.0,1.0,RandomPlayerConfig
-590708637,Checkers,0,GAME_OVER,46,45,2,1050,OSLA,-1.0,1.0,RandomPlayerConfig
-957917271,Checkers,0,GAME_OVER,67,66,2,1051,OSLA,-1.0,1.0,RandomPlayerConfig
-144976592,Checkers,0,GAME_OVER,47,46,2,1052,OSLA,-1.0,1.0,RandomPlayerConfig
-1611151097,Checkers,0,GAME_OVER,46,45,2,1053,OSLA,-1.0,1.0,RandomPlayerConfig
832324818,Checkers,0,GAME_OVER,47,46,2,1054,OSLA,-1.0,1.0,RandomPlayerConfig
189542628,Checkers,0,GAME_OVER,45,44,2,1055,OSLA,-1.0,1.0,RandomPlayerConfig
-226292582,Checkers,0,GAME_OVER,48,47,2,1056,OSLA,-1.0,1.0,RandomPlayerConfig
-1632619783,Checkers,0,GAME_OVER,52,51,2,1057,OSLA,-1.0,1.0,RandomPlayerConfig
-10754264,Checkers,0,GAME_OVER,44,43,2,1058,OSLA,-1.0,1.0,RandomPlayerConfig
-1702566684,Checkers,0,GAME_OVER,41,40,2,1059,OSLA,-1.0,1.0,RandomPlayerConfig
-1497587505,Checkers,0,GAME_OVER,41,40,2,1060,OSLA,-1.0,1.0,RandomPlayerConfig
-845578703,Checkers,0,GAME_OVER,50,49,2,1061,OSLA,-1.0,1.0,RandomPlayerConfig
587637918,Checkers,0,GAME_OVER,39,38,2,1062,OSLA,-1.0,1.0,RandomPlayerConfig
-1573391934,Checkers,0,GAME_OVER,50,49,2,1063,OSLA,-1.0,1.0,RandomPlayerConfig
-211258352,Checkers,0,GAME_OVER,56,55,2,1064,OSLA,-1.0,1.0,RandomPlayerConfig
-8789926,Checkers,0,GAME_OVER,47,46,2,1065,OSLA,-1.0,1.0,RandomPlayerConfig
-606056082,Checkers,0,GAME_OVER,38,37,2,1066,OSLA,-1.0,1.0,RandomPlayerConfig
-2119856807,Checkers,0,GAME_OVER,56,55,2,1067,OSLA,-1.0,1.0,RandomPlayerConfig
756565351,Checkers,0,GAME_OVER,41,40,2,1068,OSLA,-1.0,1.0,RandomPlayerConfig
701069796,Checkers,0,GAME_OVER,40,39,2,1069,OSLA,-1.0,1.0,RandomPlayerConfig
89662065,Checkers,0,GAME_OVER,43,42,2,1070,OSLA,-1.0,1.0,RandomPlayerConfig
409655320,Checkers,0,GAME_OVER,48,47,2,1071,OSLA,-1.0,1.0,RandomPlayerConfig
-1178153752,Checkers,0,GAME_OVER,38,37,2,1072,OSLA,-1.0,1.0,RandomPlayerConfig
1916696307,Checkers,0,GAME_OVER,51,50,2,1073,OSLA,-1.0,1.0,RandomPlayerConfig
-1170346743,Checkers,0,GAME_OVER,46,45,2,1074,OSLA,-1.0,1.0,RandomPlayerConfig
-1178277608,Checkers,0,GAME_OVER,38,37,2,1075,OSLA,-1.0,1.0,RandomPlayerConfig
1538119737,Checkers,0,GAME_OVER,27,26,2,1076,OSLA,-1.0,1.0,RandomPlayerConfig
725994394,Checkers,0,GAME_OVER,46,45,2,1077,OSLA,-1.0,1.0,RandomPlayerConfig
-449773248,Checkers,0,GAME_OVER,51,50,2,1078,OSLA,-1.0,1.0,RandomPlayerConfig
-1796208784,Checkers,0,GAME_OVER,47,46,2,1079,OSLA,-1.0,1.0,RandomPlayerConfig
-524080299,Checkers,0,GAME_OVER,63,62,2,1080,OSLA,-1.0,1.0,RandomPlayerConfig
-355532984,Checkers,0,GAME_OVER,51,50,2,1081,OSLA,-1.0,1.0,RandomPlayerConfig
891290161,Checkers,0,GAME_OVER,47,46,2,1082,OSLA,-1.0,1.0,RandomPlayerConfig
-533683000,Checkers,0,GAME_OVER,56,55,2,1083,OSLA,-1.0,1.0,RandomPlayerConfig
-551802484,Checkers,0,GAME_OVER,53,52,2,1084,OSLA,-1.0,1.0,RandomPlayerConfig
-1840989310,Checkers,0,GAME_OVER,43,42,2,1085,OSLA,-1.0,1.0,RandomPlayerConfig
2017681574,Checkers,0,GAME_OVER,37,36,2,1086,OSLA,-1.0,1.0,RandomPlayerConfig
-421991124,Checkers,0,GAME_OVER,33,32,2,1087,OSLA,-1.0,1.0,RandomPlayerConfig
469011149,Checkers,0,GAME_OVER,72,71,2,1088,OSLA,-1.0,1.0,RandomPlayerConfig
1173557714,Checkers,0,GAME_OVER,46,45,2,1089,OSLA,-1.0,1.0,RandomPlayerConfig
-361604094,Checkers,0,GAME_OVER,44,43,2,1090,OSLA,-1.0,1.0,RandomPlayerConfig
1282867234,Checkers,0,GAME_OVER,52,51,2,1091,OSLA,-1.0,1.0,RandomPlayerConfig
-1542151897,Checkers,0,GAME_OVER,40,39,2,1092,OSLA,-1.0,1.0,RandomPlayerConfig
1085779199,Checkers,0,GAME_OVER,42,41,2,1093,OSLA,-1.0,1.0,RandomPlayerConfig
390901089,Checkers,0,GAME_OVER,48,47,2,1094,OSLA,-1.0,1.0,RandomPlayerConfig
-981129475,Checkers,0,GAME_OVER,47,46,2,1095,OSLA,-1.0,1.0,RandomPlayerConfig
-1390939507,Checkers,0,GAME_OVER,38,37,2,1096,OSLA,-1.0,1.0,RandomPlayerConfig
-437821059,Checkers,0,GAME_OVER,46,45,2,1097,OSLA,-1.0,1.0,RandomPlayerConfig
2075214077,Checkers,0,GAME_OVER,49,48,2,1098,OSLA,-1.0,1.0,RandomPlayerConfig
565615731,Checkers,0,GAME_OVER,46,45,2,1099,OSLA,-1.0,1.0,RandomPlayerConfig
1205676761,Checkers,0,GAME_OVER,39,38,2,1100,OSLA,-1.0,1.0,RandomPlayerConfig
-501755609,Checkers,0,GAME_OVER,55,54,2,1101,OSLA,-1.0,1.0,RandomPlayerConfig
-1499684397,Checkers,0,GAME_OVER,43,42,2,1102,OSLA,-1.0,1.0,RandomPlayerConfig
-1836009107,Checkers,0,GAME_OVER,63,62,2,1103,OSLA,-1.0,1.0,RandomPlayerConfig
963947027,Checkers,0,GAME_OVER,36,35,2,1104,OSLA,-1.0,1.0,RandomPlayerConfig
-80538069,Checkers,0,GAME_OVER,37,36,2,1105,OSLA,-1.0,1.0,RandomPlayerConfig
-1374684283,Checkers,0,GAME_OVER,33,32,2,1106,OSLA,-1.0,1.0,RandomPlayerConfig
1940495134,Checkers,0,GAME_OVER,42,41,2,1107,OSLA,-1.0,1.0,RandomPlayerConfig
-109890830,Checkers,0,GAME_OVER,40,39,2,1108,OSLA,-1.0,1.0,RandomPlayerConfig
-64575164,Checkers,0,GAME_OVER,40,39,2,1109,OSLA,-1.0,1.0,RandomPlayerConfig
-78915966,Checkers,0,GAME_OVER,42,41,2,1110,OSLA,-1.0,1.0,RandomPlayerConfig
-1377659306,Checkers,0,GAME_OVER,37,36,2,1111,OSLA,-1.0,1.0,RandomPlayerConfig
-1629323870,Checkers,0,GAME_OVER,45,44,2,1112,OSLA,-1.0,1.0,RandomPlayerConfig
-2230482,Checkers,0,GAME_OVER,43,42,2,1113,OSLA,-1.0,1.0,RandomPlayerConfig
-1195904413,Checkers,0,GAME_OVER,44,43,2,1114,OSLA,-1.0,1.0,RandomPlayerConfig
-578417640,Checkers,0,GAME_OVER,35,34,2,1115,OSLA,-1.0,1.0,RandomPlayerConfig
945926855,Checkers,0,GAME_OVER,53,52,2,1116,OSLA,-1.0,1.0,RandomPlayerConfig
88889687,Checkers,0,GAME_OVER,45,44,2,1117,OSLA,-1.0,1.0,RandomPlayerConfig
763617944,Checkers,0,GAME_OVER,49,48,2,1118,OSLA,-1.0,1.0,RandomPlayerConfig
1100313449,Checkers,0,GAME_OVER,40,39,2,1119,OSLA,-1.0,1.0,RandomPlayerConfig
-1264315711,Checkers,0,GAME_OVER,40,39,2,1120,OSLA,-1.0,1.0,RandomPlayerConfig
-497981998,Checkers,0,GAME_OVER,45,44,2,1121,OSLA,-1.0,1.0,RandomPlayerConfig
-1784524477,Checkers,0,GAME_OVER,35,34,2,1122,OSLA,-1.0,1.0,RandomPlayerConfig
-770855830,Checkers,0,GAME_OVER,44,43,2,1123,OSLA,-1.0,1.0,RandomPlayerConfig
-1365488335,Checkers,0,GAME_OVER,56,55,2,1124,OSLA,-1.0,1.0,RandomPlayerConfig
1216203408,Checkers,0,GAME_OVER,53,52,2,1125,OSLA,-1.0,1.0,RandomPlayerConfig
846924899,Checkers,0,GAME_OVER,46,45,2,1126,OSLA,-1.0,1.0,RandomPlayerConfig
-1464536919,Checkers,0,GAME_OVER,44,43,2,1127,OSLA,-1.0,1.0,RandomPlayerConfig
2022132924,Checkers,0,GAME_OVER,60,59,2,1128,OSLA,-1.0,1.0,RandomPlayerConfig
-59889711,Checkers,0,GAME_OVER,47,46,2,1129,OSLA,-1.0,1.0,RandomPlayerConfig
2010005813,Checkers,0,GAME_OVER,57,56,2,1130,OSLA,-1.0,1.0,RandomPlayerConfig
-1117326157,Checkers,0,GAME_OVER,52,51,2,1131,OSLA,-1.0,1.0,RandomPlayerConfig
-84837618,Checkers,0,GAME_OVER,40,39,2,1132,OSLA,-1.0,1.0,RandomPlayerConfig
-1311466025,Checkers,0,GAME_OVER,44,43,2,1133,OSLA,-1.0,1.0,RandomPlayerConfig
184912342,Checkers,0,GAME_OVER,40,39,2,1134,OSLA,-1.0,1.0,RandomPlayerConfig
956894957,Checkers,0,GAME_OVER,45,44,2,1135,OSLA,-1.0,1.0,RandomPlayerConfig
83738914,Checkers,0,GAME_OVER,57,56,2,1136,OSLA,-1.0,1.0,RandomPlayerConfig
983630301,Checkers,0,GAME_OVER,40,39,2,1137,OSLA,-1.0,1.0,RandomPlayerConfig
1607840044,Checkers,0,GAME_OVER,43,42,2,1138,OSLA,-1.0,1.0,RandomPlayerConfig
-895912029,Checkers,0,GAME_OVER,51,50,2,1139,OSLA,-1.0,1.0,RandomPlayerConfig
-1578776641,Checkers,0,GAME_OVER,34,33,2,1140,OSLA,-1.0,1.0,RandomPlayerConfig
440593991,Checkers,0,GAME_OVER,41,40,2,1141,OSLA,-1.0,1.0,RandomPlayerConfig
-841068281,Checkers,0,GAME_OVER,43,42,2,1142,OSLA,-1.0,1.0,RandomPlayerConfig
1164572257,Checkers,0,GAME_OVER,44,43,2,1143,OSLA,-1.0,1.0,RandomPlayerConfig
-786482107,Checkers,0,GAME_OVER,44,43,2,1144,OSLA,-1.0,1.0,RandomPlayerConfig
-973069799,Checkers,0,GAME_OVER,45,44,2,1145,OSLA,-1.0,1.0,RandomPlayerConfig
639807106,Checkers,0,GAME_OVER,44,43,2,1146,OSLA,-1.0,1.0,RandomPlayerConfig
-1077440383,Checkers,0,GAME_OVER,37,36,2,1147,OSLA,-1.0,1.0,RandomPlayerConfig
-2096489047,Checkers,0,GAME_OVER,46,45,2,1148,OSLA,-1.0,1.0,RandomPlayerConfig
1275913133,Checkers,0,GAME_OVER,50,49,2,1149,OSLA,-1.0,1.0,RandomPlayerConfig
-687245137,Checkers,0,GAME_OVER,44,43,2,1150,OSLA,-1.0,1.0,RandomPlayerConfig
-1554641659,Checkers,0,GAME_OVER,46,45,2,1151,OSLA,-1.0,1.0,RandomPlayerConfig
667440573,Checkers,0,GAME_OVER,54,53,2,1152,OSLA,-1.0,1.0,RandomPlayerConfig
465263264,Checkers,0,GAME_OVER,43,42,2,1153,OSLA,-1.0,1.0,RandomPlayerConfig
944196978,Checkers,0,GAME_OVER,42,41,2,1154,OSLA,-1.0,1.0,RandomPlayerConfig
-310419034,Checkers,0,GAME_OVER,39,38,2,1155,OSLA,-1.0,1.0,RandomPlayerConfig
555688628,Checkers,0,GAME_OVER,40,39,2,1156,OSLA,-1.0,1.0,RandomPlayerConfig
-990767859,Checkers,0,GAME_OVER,36,35,2,1157,OSLA,-1.0,1.0,RandomPlayerConfig
1878141101,Checkers,0,GAME_OVER,40,39,2,1158,OSLA,-1.0,1.0,RandomPlayerConfig
-607888083,Checkers,0,GAME_OVER,34,33,2,1159,OSLA,-1.0,1.0,RandomPlayerConfig
2001147109,Checkers,0,GAME_OVER,41,40,2,1160,OSLA,-1.0,1.0,RandomPlayerConfig
-1150735363,Checkers,0,GAME_OVER,43,42,2,1161,OSLA,-1.0,1.0,RandomPlayerConfig
-1254481507,Checkers,0,GAME_OVER,36,35,2,1162,OSLA,-1.0,1.0,RandomPlayerConfig
-1631771904,Checkers,0,GAME_OVER,48,47,2,1163,OSLA,-1.0,1.0,RandomPlayerConfig
-1013472049,Checkers,0,GAME_OVER,43,42,2,1164,OSLA,-1.0,1.0,RandomPlayerConfig
774945565,Checkers,0,GAME_OVER,40,39,2,1165,OSLA,-1.0,1.0,RandomPlayerConfig
1445337731,Checkers,0,GAME_OVER,36,35,2,1166,OSLA,-1.0,1.0,RandomPlayerConfig
1953319935,Checkers,0,GAME_OVER,39,38,2,1167,OSLA,-1.0,1.0,RandomPlayerConfig
390571357,Checkers,0,GAME_OVER,40,39,2,1168,OSLA,-1.0,1.0,RandomPlayerConfig
2096799665,Checkers,0,GAME_OVER,48,47,2,1169,OSLA,-1.0,1.0,RandomPlayerConfig
-1971763578,Checkers,0,GAME_OVER,32,31,2,1170,OSLA,-1.0,1.0,RandomPlayerConfig
-797392752,Checkers,0,GAME_OVER,42,41,2,1171,OSLA,-1.0,1.0,RandomPlayerConfig
-129231254,Checkers,0,GAME_OVER,46,45,2,1172,OSLA,-1.0,1.0,RandomPlayerConfig
-1647529271,Checkers,0,GAME_OVER,48,47,2,1173,OSLA,-1.0,1.0,RandomPlayerConfig
-1596937769,Checkers,0,GAME_OVER,41,40,2,1174,OSLA,-1.0,1.0,RandomPlayerConfig
1812176888,Checkers,0,GAME_OVER,29,28,2,1175,OSLA,-1.0,1.0,RandomPlayerConfig
1727208326,Checkers,0,GAME_OVER,40,39,2,1176,OSLA,-1.0,1.0,RandomPlayerConfig
778039985,Checkers,0,GAME_OVER,37,36,2,1177,OSLA,-1.0,1.0,RandomPlayerConfig
-1302988778,Checkers,0,GAME_OVER,38,37,2,1178,OSLA,-1.0,1.0,RandomPlayerConfig
953731308,Checkers,0,GAME_OVER,39,38,2,1179,OSLA,-1.0,1.0,RandomPlayerConfig
1148263162,Checkers,0,GAME_OVER,49,48,2,1180,OSLA,-1.0,1.0,RandomPlayerConfig
-138129491,Checkers,0,GAME_OVER,56,55,2,1181,OSLA,-1.0,1.0,RandomPlayerConfig
-1487440652,Checkers,0,GAME_OVER,54,53,2,1182,OSLA,-1.0,1.0,RandomPlayerConfig
420992871,Checkers,0,GAME_OVER,49,48,2,1183,OSLA,-1.0,1.0,RandomPlayerConfig
-1317910263,Checkers,0,GAME_OVER,45,44,2,1184,OSLA,-1.0,1.0,RandomPlayerConfig
1344802789,Checkers,0,GAME_OVER,41,40,2,1185,OSLA,-1.0,1.0,RandomPlayerConfig
-1175799016,Checkers,0,GAME_OVER,41,40,2,1186,OSLA,-1.0,1.0,RandomPlayerConfig
-815486018,Checkers,0,GAME_OVER,39,38,2,1187,OSLA,-1.0,1.0,RandomPlayerConfig
-467459208,Checkers,0,GAME_OVER,49,48,2,1188,OSLA,-1.0,1.0,RandomPlayerConfig
823983774,Checkers,0,GAME_OVER,49,48,2,1189,OSLA,-1.0,1.0,RandomPlayerConfig
-1246065338,Checkers,0,GAME_OVER,65,64,2,1190,OSLA,-1.0,1.0,RandomPlayerConfig
413126385,Checkers,0,GAME_OVER,38,37,2,1191,OSLA,-1.0,1.0,RandomPlayerConfig
457613648,Checkers,0,GAME_OVER,50,49,2,1192,OSLA,-1.0,1.0,RandomPlayerConfig
-1482368342,Checkers,0,GAME_OVER,33,32,2,1193,OSLA,-1.0,1.0,RandomPlayerConfig
1132336574,Checkers,0,GAME_OVER,44,43,2,1194,OSLA,-1.0,1.0,RandomPlayerConfig
416303171,Checkers,0,GAME_OVER,49,48,2,1195,OSLA,-1.0,1.0,RandomPlayerConfig
1343822562,Checkers,0,GAME_OVER,41,40,2,1196,OSLA,-1.0,1.0,RandomPlayerConfig
-906905566,Checkers,0,GAME_OVER,33,32,2,1197,OSLA,-1.0,1.0,RandomPlayerConfig
-1919272990,Checkers,0,GAME_OVER,41,40,2,1198,OSLA,-1.0,1.0,RandomPlayerConfig
-564348917,Checkers,0,GAME_OVER,38,37,2,1199,OSLA,-1.0,1.0,RandomPlayerConfig
-148165108,Checkers,0,GAME_OVER,39,38,2,1200,OSLA,-1.0,1.0,RandomPlayerConfig
-463582895,Checkers,0,GAME_OVER,42,41,2,1201,OSLA,-1.0,1.0,RandomPlayerConfig
-2035590615,Checkers,0,GAME_OVER,40,39,2,1202,RandomPlayerConfig,1.0,-1.0,MCTS_CheckersHeuristic
-578946317,Checkers,0,GAME_OVER,39,38,2,1203,RandomPlayerConfig,1.0,-1.0,MCTS_CheckersHeuristic
1621758891,Checkers,0,GAME_OVER,37,36,2,1204,RandomPlayerConfig,1.0,-1.0,MCTS_CheckersHeuristic
522208008,Checkers,0,GAME_OVER,35,34,2,1205,RandomPlayerConfig,1.0,-1.0,MCTS_CheckersHeuristic
1481544050,Checkers,0,GAME_OVER,42,41,2,1206,RandomPlayerConfig,1.0,-1.0,MCTS_CheckersHeuristic
2045888587,Checkers,0,GAME_OVER,42,41,2,1207,RandomPlayerConfig,1.0,-1.0,MCTS_CheckersHeuristic
2071643935,Checkers,0,GAME_OVER,34,33,2,1208,RandomPlayerConfig,1.0,-1.0,MCTS_CheckersHeuristic
-1558754475,Checkers,0,GAME_OVER,39,38,2,1209,RandomPlayerConfig,1.0,-1.0,MCTS_CheckersHeuristic
-446015633,Checkers,0,GAME_OVER,33,32,2,1210,RandomPlayerConfig,1.0,-1.0,MCTS_CheckersHeuristic
-650419990,Checkers,0,GAME_OVER,53,52,2,1211,RandomPlayerConfig,1.0,-1.0,MCTS_CheckersHeuristic
144074216,Checkers,0,GAME_OVER,32,31,2,1212,RandomPlayerConfig,1.0,-1.0,MCTS_CheckersHeuristic
-314185299,Checkers,0,GAME_OVER,39,38,2,1213,RandomPlayerConfig,1.0,-1.0,MCTS_CheckersHeuristic
-1437395352,Checkers,0,GAME_OVER,41,40,2,1214,RandomPlayerConfig,1.0,-1.0,MCTS_CheckersHeuristic
563421040,Checkers,0,GAME_OVER,45,44,2,1215,RandomPlayerConfig,1.0,-1.0,MCTS_CheckersHeuristic
-1295987043,Checkers,0,GAME_OVER,42,41,2,1216,RandomPlayerConfig,1.0,-1.0,MCTS_CheckersHeuristic
-1827331606,Checkers,0,GAME_OVER,35,34,2,1217,RandomPlayerConfig,1.0,-1.0,MCTS_CheckersHeuristic
-1643482254,Checkers,0,GAME_OVER,42,41,2,1218,RandomPlayerConfig,1.0,-1.0,MCTS_CheckersHeuristic
-1452034605,Checkers,0,GAME_OVER,33,32,2,1219,RandomPlayerConfig,1.0,-1.0,MCTS_CheckersHeuristic
1282346219,Checkers,0,GAME_OVER,41,40,2,1220,RandomPlayerConfig,1.0,-1.0,MCTS_CheckersHeuristic
415036606,Checkers,0,GAME_OVER,44,43,2,1221,RandomPlayerConfig,1.0,-1.0,MCTS_CheckersHeuristic
-518486764,Checkers,0,GAME_OVER,42,41,2,1222,RandomPlayerConfig,1.0,-1.0,MCTS_CheckersHeuristic
675924267,Checkers,0,GAME_OVER,50,49,2,1223,RandomPlayerConfig,1.0,-1.0,MCTS_CheckersHeuristic
-796841250,Checkers,0,GAME_OVER,41,40,2,1224,RandomPlayerConfig,1.0,-1.0,MCTS_CheckersHeuristic
353735071,Checkers,0,GAME_OVER,47,46,2,1225,RandomPlayerConfig,1.0,-1.0,MCTS_CheckersHeuristic
-1787867092,Checkers,0,GAME_OVER,43,42,2,1226,RandomPlayerConfig,1.0,-1.0,MCTS_CheckersHeuristic
-557254966,Checkers,0,GAME_OVER,41,40,2,1227,RandomPlayerConfig,1.0,-1.0,MCTS_CheckersHeuristic
-151956897,Checkers,0,GAME_OVER,37,36,2,1228,RandomPlayerConfig,1.0,-1.0,MCTS_CheckersHeuristic
905262079,Checkers,0,GAME_OVER,37,36,2,1229,RandomPlayerConfig,1.0,-1.0,MCTS_CheckersHeuristic
319729427,Checkers,0,GAME_OVER,39,38,2,1230,RandomPlayerConfig,1.0,-1.0,MCTS_CheckersHeuristic
-1887070577,Checkers,0,GAME_OVER,42,41,2,1231,RandomPlayerConfig,1.0,-1.0,MCTS_CheckersHeuristic
815071997,Checkers,0,GAME_OVER,34,33,2,1232,RandomPlayerConfig,1.0,-1.0,MCTS_CheckersHeuristic
-1871568959,Checkers,0,GAME_OVER,38,37,2,1233,RandomPlayerConfig,1.0,-1.0,MCTS_CheckersHeuristic
-1344469249,Checkers,0,GAME_OVER,43,42,2,1234,RandomPlayerConfig,1.0,-1.0,MCTS_CheckersHeuristic
962842235,Checkers,0,GAME_OVER,40,39,2,1235,RandomPlayerConfig,1.0,-1.0,MCTS_CheckersHeuristic
1804951535,Checkers,0,GAME_OVER,40,39,2,1236,RandomPlayerConfig,1.0,-1.0,MCTS_CheckersHeuristic
-1042059033,Checkers,0,GAME_OVER,49,48,2,1237,RandomPlayerConfig,1.0,-1.0,MCTS_CheckersHeuristic
428568489,Checkers,0,GAME_OVER,39,38,2,1238,RandomPlayerConfig,1.0,-1.0,MCTS_CheckersHeuristic
478792580,Checkers,0,GAME_OVER,43,42,2,1239,RandomPlayerConfig,1.0,-1.0,MCTS_CheckersHeuristic
152033881,Checkers,0,GAME_OVER,40,39,2,1240,RandomPlayerConfig,1.0,-1.0,MCTS_CheckersHeuristic
-856509809,Checkers,0,GAME_OVER,37,36,2,1241,RandomPlayerConfig,1.0,-1.0,MCTS_CheckersHeuristic
77738287,Checkers,0,GAME_OVER,44,43,2,1242,RandomPlayerConfig,1.0,-1.0,MCTS_CheckersHeuristic
1107047337,Checkers,0,GAME_OVER,34,33,2,1243,RandomPlayerConfig,1.0,-1.0,MCTS_CheckersHeuristic
-1415529522,Checkers,0,GAME_OVER,40,39,2,1244,RandomPlayerConfig,1.0,-1.0,MCTS_CheckersHeuristic
-1397001953,Checkers,0,GAME_OVER,40,39,2,1245,RandomPlayerConfig,1.0,-1.0,MCTS_CheckersHeuristic
238861370,Checkers,0,GAME_OVER,42,41,2,1246,RandomPlayerConfig,1.0,-1.0,MCTS_CheckersHeuristic
1925653830,Checkers,0,GAME_OVER,32,31,2,1247,RandomPlayerConfig,1.0,-1.0,MCTS_CheckersHeuristic
-2102569706,Checkers,0,GAME_OVER,32,31,2,1248,RandomPlayerConfig,1.0,-1.0,MCTS_CheckersHeuristic
504708031,Checkers,0,GAME_OVER,47,46,2,1249,RandomPlayerConfig,1.0,-1.0,MCTS_CheckersHeuristic
-590708637,Checkers,0,GAME_OVER,33,32,2,1250,RandomPlayerConfig,1.0,-1.0,MCTS_CheckersHeuristic
-957917271,Checkers,0,GAME_OVER,37,36,2,1251,RandomPlayerConfig,1.0,-1.0,MCTS_CheckersHeuristic
-144976592,Checkers,0,GAME_OVER,38,37,2,1252,RandomPlayerConfig,1.0,-1.0,MCTS_CheckersHeuristic
-1611151097,Checkers,0,GAME_OVER,36,35,2,1253,RandomPlayerConfig,1.0,-1.0,MCTS_CheckersHeuristic
832324818,Checkers,0,GAME_OVER,42,41,2,1254,RandomPlayerConfig,1.0,-1.0,MCTS_CheckersHeuristic
189542628,Checkers,0,GAME_OVER,38,37,2,1255,RandomPlayerConfig,1.0,-1.0,MCTS_CheckersHeuristic
-226292582,Checkers,0,GAME_OVER,38,37,2,1256,RandomPlayerConfig,1.0,-1.0,MCTS_CheckersHeuristic
-1632619783,Checkers,0,GAME_OVER,37,36,2,1257,RandomPlayerConfig,1.0,-1.0,MCTS_CheckersHeuristic
-10754264,Checkers,0,GAME_OVER,43,42,2,1258,RandomPlayerConfig,1.0,-1.0,MCTS_CheckersHeuristic
-1702566684,Checkers,0,GAME_OVER,38,37,2,1259,RandomPlayerConfig,1.0,-1.0,MCTS_CheckersHeuristic
-1497587505,Checkers,0,GAME_OVER,34,33,2,1260,RandomPlayerConfig,1.0,-1.0,MCTS_CheckersHeuristic
-845578703,Checkers,0,GAME_OVER,36,35,2,1261,RandomPlayerConfig,1.0,-1.0,MCTS_CheckersHeuristic
587637918,Checkers,0,GAME_OVER,38,37,2,1262,RandomPlayerConfig,1.0,-1.0,MCTS_CheckersHeuristic
-1573391934,Checkers,0,GAME_OVER,34,33,2,1263,RandomPlayerConfig,1.0,-1.0,MCTS_CheckersHeuristic
-211258352,Checkers,0,GAME_OVER,44,43,2,1264,RandomPlayerConfig,1.0,-1.0,MCTS_CheckersHeuristic
-8789926,Checkers,0,GAME_OVER,36,35,2,1265,RandomPlayerConfig,1.0,-1.0,MCTS_CheckersHeuristic
-606056082,Checkers,0,GAME_OVER,32,31,2,1266,RandomPlayerConfig,1.0,-1.0,MCTS_CheckersHeuristic
-2119856807,Checkers,0,GAME_OVER,41,40,2,1267,RandomPlayerConfig,1.0,-1.0,MCTS_CheckersHeuristic
756565351,Checkers,0,GAME_OVER,40,39,2,1268,RandomPlayerConfig,1.0,-1.0,MCTS_CheckersHeuristic
701069796,Checkers,0,GAME_OVER,34,33,2,1269,RandomPlayerConfig,1.0,-1.0,MCTS_CheckersHeuristic
89662065,Checkers,0,GAME_OVER,41,40,2,1270,RandomPlayerConfig,1.0,-1.0,MCTS_CheckersHeuristic
409655320,Checkers,0,GAME_OVER,44,43,2,1271,RandomPlayerConfig,1.0,-1.0,MCTS_CheckersHeuristic
-1178153752,Checkers,0,GAME_OVER,30,29,2,1272,RandomPlayerConfig,1.0,-1.0,MCTS_CheckersHeuristic
1916696307,Checkers,0,GAME_OVER,31,30,2,1273,RandomPlayerConfig,1.0,-1.0,MCTS_CheckersHeuristic
-1170346743,Checkers,0,GAME_OVER,47,46,2,1274,RandomPlayerConfig,1.0,-1.0,MCTS_CheckersHeuristic
-1178277608,Checkers,0,GAME_OVER,46,45,2,1275,RandomPlayerConfig,1.0,-1.0,MCTS_CheckersHeuristic
1538119737,Checkers,0,GAME_OVER,41,40,2,1276,RandomPlayerConfig,1.0,-1.0,MCTS_CheckersHeuristic
725994394,Checkers,0,GAME_OVER,28,27,2,1277,RandomPlayerConfig,1.0,-1.0,MCTS_CheckersHeuristic
-449773248,Checkers,0,GAME_OVER,30,29,2,1278,RandomPlayerConfig,1.0,-1.0,MCTS_CheckersHeuristic
-1796208784,Checkers,0,GAME_OVER,35,34,2,1279,RandomPlayerConfig,1.0,-1.0,MCTS_CheckersHeuristic
-524080299,Checkers,0,GAME_OVER,43,42,2,1280,RandomPlayerConfig,1.0,-1.0,MCTS_CheckersHeuristic
-355532984,Checkers,0,GAME_OVER,36,35,2,1281,RandomPlayerConfig,1.0,-1.0,MCTS_CheckersHeuristic
891290161,Checkers,0,GAME_OVER,52,51,2,1282,RandomPlayerConfig,1.0,-1.0,MCTS_CheckersHeuristic
-533683000,Checkers,0,GAME_OVER,29,28,2,1283,RandomPlayerConfig,1.0,-1.0,MCTS_CheckersHeuristic
-551802484,Checkers,0,GAME_OVER,46,45,2,1284,RandomPlayerConfig,1.0,-1.0,MCTS_CheckersHeuristic
-1840989310,Checkers,0,GAME_OVER,40,39,2,1285,RandomPlayerConfig,1.0,-1.0,MCTS_CheckersHeuristic
2017681574,Checkers,0,GAME_OVER,42,41,2,1286,RandomPlayerConfig,1.0,-1.0,MCTS_CheckersHeuristic
-421991124,Checkers,0,GAME_OVER,42,41,2,1287,RandomPlayerConfig,1.0,-1.0,MCTS_CheckersHeuristic
469011149,Checkers,0,GAME_OVER,42,41,2,1288,RandomPlayerConfig,1.0,-1.0,MCTS_CheckersHeuristic
1173557714,Checkers,0,GAME_OVER,39,38,2,1289,RandomPlayerConfig,1.0,-1.0,MCTS_CheckersHeuristic
-361604094,Checkers,0,GAME_OVER,38,37,2,1290,RandomPlayerConfig,1.0,-1.0,MCTS_CheckersHeuristic
1282867234,Checkers,0,GAME_OVER,40,39,2,1291,RandomPlayerConfig,1.0,-1.0,MCTS_CheckersHeuristic
-1542151897,Checkers,0,GAME_OVER,46,45,2,1292,RandomPlayerConfig,1.0,-1.0,MCTS_CheckersHeuristic
1085779199,Checkers,0,GAME_OVER,38,37,2,1293,RandomPlayerConfig,1.0,-1.0,MCTS_CheckersHeuristic
390901089,Checkers,0,GAME_OVER,39,38,2,1294,RandomPlayerConfig,1.0,-1.0,MCTS_CheckersHeuristic
-981129475,Checkers,0,GAME_OVER,42,41,2,1295,RandomPlayerConfig,1.0,-1.0,MCTS_CheckersHeuristic
-1390939507,Checkers,0,GAME_OVER,43,42,2,1296,RandomPlayerConfig,1.0,-1.0,MCTS_CheckersHeuristic
-437821059,Checkers,0,GAME_OVER,29,28,2,1297,RandomPlayerConfig,1.0,-1.0,MCTS_CheckersHeuristic
2075214077,Checkers,0,GAME_OVER,37,36,2,1298,RandomPlayerConfig,1.0,-1.0,MCTS_CheckersHeuristic
565615731,Checkers,0,GAME_OVER,41,40,2,1299,RandomPlayerConfig,1.0,-1.0,MCTS_CheckersHeuristic
1205676761,Checkers,0,GAME_OVER,48,47,2,1300,RandomPlayerConfig,1.0,-1.0,MCTS_CheckersHeuristic
-501755609,Checkers,0,GAME_OVER,43,42,2,1301,RandomPlayerConfig,1.0,-1.0,MCTS_CheckersHeuristic
-1499684397,Checkers,0,GAME_OVER,44,43,2,1302,RandomPlayerConfig,1.0,-1.0,MCTS_CheckersHeuristic
-1836009107,Checkers,0,GAME_OVER,39,38,2,1303,RandomPlayerConfig,1.0,-1.0,MCTS_CheckersHeuristic
963947027,Checkers,0,GAME_OVER,34,33,2,1304,RandomPlayerConfig,1.0,-1.0,MCTS_CheckersHeuristic
-80538069,Checkers,0,GAME_OVER,44,43,2,1305,RandomPlayerConfig,1.0,-1.0,MCTS_CheckersHeuristic
-1374684283,Checkers,0,GAME_OVER,38,37,2,1306,RandomPlayerConfig,1.0,-1.0,MCTS_CheckersHeuristic
1940495134,Checkers,0,GAME_OVER,43,42,2,1307,RandomPlayerConfig,1.0,-1.0,MCTS_CheckersHeuristic
-109890830,Checkers,0,GAME_OVER,39,38,2,1308,RandomPlayerConfig,1.0,-1.0,MCTS_CheckersHeuristic
-64575164,Checkers,0,GAME_OVER,44,43,2,1309,RandomPlayerConfig,1.0,-1.0,MCTS_CheckersHeuristic
-78915966,Checkers,0,GAME_OVER,52,51,2,1310,RandomPlayerConfig,1.0,-1.0,MCTS_CheckersHeuristic
-1377659306,Checkers,0,GAME_OVER,41,40,2,1311,RandomPlayerConfig,1.0,-1.0,MCTS_CheckersHeuristic
-1629323870,Checkers,0,GAME_OVER,43,42,2,1312,RandomPlayerConfig,1.0,-1.0,MCTS_CheckersHeuristic
-2230482,Checkers,0,GAME_OVER,31,30,2,1313,RandomPlayerConfig,1.0,-1.0,MCTS_CheckersHeuristic
-1195904413,Checkers,0,GAME_OVER,35,34,2,1314,RandomPlayerConfig,1.0,-1.0,MCTS_CheckersHeuristic
-578417640,Checkers,0,GAME_OVER,36,35,2,1315,RandomPlayerConfig,1.0,-1.0,MCTS_CheckersHeuristic
945926855,Checkers,0,GAME_OVER,43,42,2,1316,RandomPlayerConfig,1.0,-1.0,MCTS_CheckersHeuristic
88889687,Checkers,0,GAME_OVER,45,44,2,1317,RandomPlayerConfig,1.0,-1.0,MCTS_CheckersHeuristic
763617944,Checkers,0,GAME_OVER,41,40,2,1318,RandomPlayerConfig,1.0,-1.0,MCTS_CheckersHeuristic
1100313449,Checkers,0,GAME_OVER,42,41,2,1319,RandomPlayerConfig,1.0,-1.0,MCTS_CheckersHeuristic
-1264315711,Checkers,0,GAME_OVER,40,39,2,1320,RandomPlayerConfig,1.0,-1.0,MCTS_CheckersHeuristic
-497981998,Checkers,0,GAME_OVER,36,35,2,1321,RandomPlayerConfig,1.0,-1.0,MCTS_CheckersHeuristic
-1784524477,Checkers,0,GAME_OVER,39,38,2,1322,RandomPlayerConfig,1.0,-1.0,MCTS_CheckersHeuristic
-770855830,Checkers,0,GAME_OVER,46,45,2,1323,RandomPlayerConfig,1.0,-1.0,MCTS_CheckersHeuristic
-1365488335,Checkers,0,GAME_OVER,48,47,2,1324,RandomPlayerConfig,1.0,-1.0,MCTS_CheckersHeuristic
1216203408,Checkers,0,GAME_OVER,37,36,2,1325,RandomPlayerConfig,1.0,-1.0,MCTS_CheckersHeuristic
846924899,Checkers,0,GAME_OVER,49,48,2,1326,RandomPlayerConfig,1.0,-1.0,MCTS_CheckersHeuristic
-1464536919,Checkers,0,GAME_OVER,34,33,2,1327,RandomPlayerConfig,1.0,-1.0,MCTS_CheckersHeuristic
2022132924,Checkers,0,GAME_OVER,44,43,2,1328,RandomPlayerConfig,1.0,-1.0,MCTS_CheckersHeuristic
-59889711,Checkers,0,GAME_OVER,41,40,2,1329,RandomPlayerConfig,1.0,-1.0,MCTS_CheckersHeuristic
2010005813,Checkers,0,GAME_OVER,39,38,2,1330,RandomPlayerConfig,1.0,-1.0,MCTS_CheckersHeuristic
-1117326157,Checkers,0,GAME_OVER,36,35,2,1331,RandomPlayerConfig,1.0,-1.0,MCTS_CheckersHeuristic
-84837618,Checkers,0,GAME_OVER,42,41,2,1332,RandomPlayerConfig,1.0,-1.0,MCTS_CheckersHeuristic
-1311466025,Checkers,0,GAME_OVER,41,40,2,1333,RandomPlayerConfig,1.0,-1.0,MCTS_CheckersHeuristic
184912342,Checkers,0,GAME_OVER,39,38,2,1334,RandomPlayerConfig,1.0,-1.0,MCTS_CheckersHeuristic
956894957,Checkers,0,GAME_OVER,40,39,2,1335,RandomPlayerConfig,1.0,-1.0,MCTS_CheckersHeuristic
83738914,Checkers,0,GAME_OVER,40,39,2,1336,RandomPlayerConfig,1.0,-1.0,MCTS_CheckersHeuristic
983630301,Checkers,0,GAME_OVER,40,39,2,1337,RandomPlayerConfig,1.0,-1.0,MCTS_CheckersHeuristic
1607840044,Checkers,0,GAME_OVER,40,39,2,1338,RandomPlayerConfig,1.0,-1.0,MCTS_CheckersHeuristic
-895912029,Checkers,0,GAME_OVER,42,41,2,1339,RandomPlayerConfig,1.0,-1.0,MCTS_CheckersHeuristic
-1578776641,Checkers,0,GAME_OVER,35,34,2,1340,RandomPlayerConfig,1.0,-1.0,MCTS_CheckersHeuristic
440593991,Checkers,0,GAME_OVER,43,42,2,1341,RandomPlayerConfig,1.0,-1.0,MCTS_CheckersHeuristic
-841068281,Checkers,0,GAME_OVER,43,42,2,1342,RandomPlayerConfig,1.0,-1.0,MCTS_CheckersHeuristic
1164572257,Checkers,0,GAME_OVER,49,48,2,1343,RandomPlayerConfig,1.0,-1.0,MCTS_CheckersHeuristic
-786482107,Checkers,0,GAME_OVER,40,39,2,1344,RandomPlayerConfig,1.0,-1.0,MCTS_CheckersHeuristic
-973069799,Checkers,0,GAME_OVER,51,50,2,1345,RandomPlayerConfig,1.0,-1.0,MCTS_CheckersHeuristic
639807106,Checkers,0,GAME_OVER,43,42,2,1346,RandomPlayerConfig,1.0,-1.0,MCTS_CheckersHeuristic
-1077440383,Checkers,0,GAME_OVER,42,41,2,1347,RandomPlayerConfig,1.0,-1.0,MCTS_CheckersHeuristic
-2096489047,Checkers,0,GAME_OVER,34,33,2,1348,RandomPlayerConfig,1.0,-1.0,MCTS_CheckersHeuristic
1275913133,Checkers,0,GAME_OVER,40,39,2,1349,RandomPlayerConfig,1.0,-1.0,MCTS_CheckersHeuristic
-687245137,Checkers,0,GAME_OVER,44,43,2,1350,RandomPlayerConfig,1.0,-1.0,MCTS_CheckersHeuristic
-1554641659,Checkers,0,GAME_OVER,43,42,2,1351,RandomPlayerConfig,1.0,-1.0,MCTS_CheckersHeuristic
667440573,Checkers,0,GAME_OVER,34,33,2,1352,RandomPlayerConfig,1.0,-1.0,MCTS_CheckersHeuristic
465263264,Checkers,0,GAME_OVER,40,39,2,1353,RandomPlayerConfig,1.0,-1.0,MCTS_CheckersHeuristic
944196978,Checkers,0,GAME_OVER,41,40,2,1354,RandomPlayerConfig,1.0,-1.0,MCTS_CheckersHeuristic
-310419034,Checkers,0,GAME_OVER,48,47,2,1355,RandomPlayerConfig,1.0,-1.0,MCTS_CheckersHeuristic
555688628,Checkers,0,GAME_OVER,35,34,2,1356,RandomPlayerConfig,1.0,-1.0,MCTS_CheckersHeuristic
-990767859,Checkers,0,GAME_OVER,42,41,2,1357,RandomPlayerConfig,1.0,-1.0,MCTS_CheckersHeuristic
1878141101,Checkers,0,GAME_OVER,34,33,2,1358,RandomPlayerConfig,1.0,-1.0,MCTS_CheckersHeuristic
-607888083,Checkers,0,GAME_OVER,52,51,2,1359,RandomPlayerConfig,1.0,-1.0,MCTS_CheckersHeuristic
2001147109,Checkers,0,GAME_OVER,34,33,2,1360,RandomPlayerConfig,1.0,-1.0,MCTS_CheckersHeuristic
-1150735363,Checkers,0,GAME_OVER,41,40,2,1361,RandomPlayerConfig,1.0,-1.0,MCTS_CheckersHeuristic
-1254481507,Checkers,0,GAME_OVER,38,37,2,1362,RandomPlayerConfig,1.0,-1.0,MCTS_CheckersHeuristic
-1631771904,Checkers,0,GAME_OVER,36,35,2,1363,RandomPlayerConfig,1.0,-1.0,MCTS_CheckersHeuristic
-1013472049,Checkers,0,GAME_OVER,32,31,2,1364,RandomPlayerConfig,1.0,-1.0,MCTS_CheckersHeuristic
774945565,Checkers,0,GAME_OVER,42,41,2,1365,RandomPlayerConfig,1.0,-1.0,MCTS_CheckersHeuristic
1445337731,Checkers,0,GAME_OVER,44,43,2,1366,RandomPlayerConfig,1.0,-1.0,MCTS_CheckersHeuristic
1953319935,Checkers,0,GAME_OVER,44,43,2,1367,RandomPlayerConfig,1.0,-1.0,MCTS_CheckersHeuristic
390571357,Checkers,0,GAME_OVER,29,28,2,1368,RandomPlayerConfig,1.0,-1.0,MCTS_CheckersHeuristic
2096799665,Checkers,0,GAME_OVER,48,47,2,1369,RandomPlayerConfig,1.0,-1.0,MCTS_CheckersHeuristic
-1971763578,Checkers,0,GAME_OVER,36,35,2,1370,RandomPlayerConfig,1.0,-1.0,MCTS_CheckersHeuristic
-797392752,Checkers,0,GAME_OVER,32,31,2,1371,RandomPlayerConfig,1.0,-1.0,MCTS_CheckersHeuristic
-129231254,Checkers,0,GAME_OVER,40,39,2,1372,RandomPlayerConfig,1.0,-1.0,MCTS_CheckersHeuristic
-1647529271,Checkers,0,GAME_OVER,40,39,2,1373,RandomPlayerConfig,1.0,-1.0,MCTS_CheckersHeuristic
-1596937769,Checkers,0,GAME_OVER,36,35,2,1374,RandomPlayerConfig,1.0,-1.0,MCTS_CheckersHeuristic
1812176888,Checkers,0,GAME_OVER,41,40,2,1375,RandomPlayerConfig,1.0,-1.0,MCTS_CheckersHeuristic
1727208326,Checkers,0,GAME_OVER,39,38,2,1376,RandomPlayerConfig,1.0,-1.0,MCTS_CheckersHeuristic
778039985,Checkers,0,GAME_OVER,36,35,2,1377,RandomPlayerConfig,1.0,-1.0,MCTS_CheckersHeuristic
-1302988778,Checkers,0,GAME_OVER,33,32,2,1378,RandomPlayerConfig,1.0,-1.0,MCTS_CheckersHeuristic
953731308,Checkers,0,GAME_OVER,34,33,2,1379,RandomPlayerConfig,1.0,-1.0,MCTS_CheckersHeuristic
1148263162,Checkers,0,GAME_OVER,31,30,2,1380,RandomPlayerConfig,1.0,-1.0,MCTS_CheckersHeuristic
-138129491,Checkers,0,GAME_OVER,37,36,2,1381,RandomPlayerConfig,1.0,-1.0,MCTS_CheckersHeuristic
-1487440652,Checkers,0,GAME_OVER,51,50,2,1382,RandomPlayerConfig,1.0,-1.0,MCTS_CheckersHeuristic
420992871,Checkers,0,GAME_OVER,43,42,2,1383,RandomPlayerConfig,1.0,-1.0,MCTS_CheckersHeuristic
-1317910263,Checkers,0,GAME_OVER,42,41,2,1384,RandomPlayerConfig,1.0,-1.0,MCTS_CheckersHeuristic
1344802789,Checkers,0,GAME_OVER,35,34,2,1385,RandomPlayerConfig,1.0,-1.0,MCTS_CheckersHeuristic
-1175799016,Checkers,0,GAME_OVER,41,40,2,1386,RandomPlayerConfig,1.0,-1.0,MCTS_CheckersHeuristic
-815486018,Checkers,0,GAME_OVER,38,37,2,1387,RandomPlayerConfig,1.0,-1.0,MCTS_CheckersHeuristic
-467459208,Checkers,0,GAME_OVER,48,47,2,1388,RandomPlayerConfig,1.0,-1.0,MCTS_CheckersHeuristic
823983774,Checkers,0,GAME_OVER,34,33,2,1389,RandomPlayerConfig,1.0,-1.0,MCTS_CheckersHeuristic
-1246065338,Checkers,0,GAME_OVER,42,41,2,1390,RandomPlayerConfig,1.0,-1.0,MCTS_CheckersHeuristic
413126385,Checkers,0,GAME_OVER,37,36,2,1391,RandomPlayerConfig,1.0,-1.0,MCTS_CheckersHeuristic
457613648,Checkers,0,GAME_OVER,51,50,2,1392,RandomPlayerConfig,1.0,-1.0,MCTS_CheckersHeuristic
-1482368342,Checkers,0,GAME_OVER,36,35,2,1393,RandomPlayerConfig,1.0,-1.0,MCTS_CheckersHeuristic
1132336574,Checkers,0,GAME_OVER,36,35,2,1394,RandomPlayerConfig,1.0,-1.0,MCTS_CheckersHeuristic
416303171,Checkers,0,GAME_OVER,42,41,2,1395,RandomPlayerConfig,1.0,-1.0,MCTS_CheckersHeuristic
1343822562,Checkers,0,GAME_OVER,43,42,2,1396,RandomPlayerConfig,1.0,-1.0,MCTS_CheckersHeuristic
-906905566,Checkers,0,GAME_OVER,53,52,2,1397,RandomPlayerConfig,1.0,-1.0,MCTS_CheckersHeuristic
-1919272990,Checkers,0,GAME_OVER,34,33,2,1398,RandomPlayerConfig,1.0,-1.0,MCTS_CheckersHeuristic
-564348917,Checkers,0,GAME_OVER,46,45,2,1399,RandomPlayerConfig,1.0,-1.0,MCTS_CheckersHeuristic
-148165108,Checkers,0,GAME_OVER,31,30,2,1400,RandomPlayerConfig,1.0,-1.0,MCTS_CheckersHeuristic
-463582895,Checkers,0,GAME_OVER,36,35,2,1401,RandomPlayerConfig,1.0,-1.0,MCTS_CheckersHeuristic
-2035590615,Checkers,0,GAME_OVER,31,30,2,1402,RandomPlayerConfig,1.0,-1.0,OSLA
-578946317,Checkers,0,GAME_OVER,37,36,2,1403,RandomPlayerConfig,1.0,-1.0,OSLA
1621758891,Checkers,0,GAME_OVER,38,37,2,1404,RandomPlayerConfig,1.0,-1.0,OSLA
522208008,Checkers,0,GAME_OVER,33,32,2,1405,RandomPlayerConfig,1.0,-1.0,OSLA
1481544050,Checkers,0,GAME_OVER,37,36,2,1406,RandomPlayerConfig,1.0,-1.0,OSLA
2045888587,Checkers,0,GAME_OVER,40,39,2,1407,RandomPlayerConfig,1.0,-1.0,OSLA
2071643935,Checkers,0,GAME_OVER,39,38,2,1408,RandomPlayerConfig,1.0,-1.0,OSLA
-1558754475,Checkers,0,GAME_OVER,38,37,2,1409,RandomPlayerConfig,1.0,-1.0,OSLA
-446015633,Checkers,0,GAME_OVER,38,37,2,1410,RandomPlayerConfig,1.0,-1.0,OSLA
-650419990,Checkers,0,GAME_OVER,59,58,2,1411,RandomPlayerConfig,1.0,-1.0,OSLA
144074216,Checkers,0,GAME_OVER,40,39,2,1412,RandomPlayerConfig,1.0,-1.0,OSLA
-314185299,Checkers,0,GAME_OVER,39,38,2,1413,RandomPlayerConfig,1.0,-1.0,OSLA
-1437395352,Checkers,0,GAME_OVER,35,34,2,1414,RandomPlayerConfig,1.0,-1.0,OSLA
563421040,Checkers,0,GAME_OVER,38,37,2,1415,RandomPlayerConfig,1.0,-1.0,OSLA
-1295987043,Checkers,0,GAME_OVER,49,48,2,1416,RandomPlayerConfig,1.0,-1.0,OSLA
-1827331606,Checkers,0,GAME_OVER,46,45,2,1417,RandomPlayerConfig,1.0,-1.0,OSLA
-1643482254,Checkers,0,GAME_OVER,39,38,2,1418,RandomPlayerConfig,1.0,-1.0,OSLA
-1452034605,Checkers,0,GAME_OVER,40,39,2,1419,RandomPlayerConfig,1.0,-1.0,OSLA
1282346219,Checkers,0,GAME_OVER,42,41,2,1420,RandomPlayerConfig,1.0,-1.0,OSLA
415036606,Checkers,0,GAME_OVER,52,51,2,1421,RandomPlayerConfig,1.0,-1.0,OSLA
-518486764,Checkers,0,GAME_OVER,66,65,2,1422,RandomPlayerConfig,1.0,-1.0,OSLA
675924267,Checkers,0,GAME_OVER,38,37,2,1423,RandomPlayerConfig,1.0,-1.0,OSLA
-796841250,Checkers,0,GAME_OVER,45,44,2,1424,RandomPlayerConfig,1.0,-1.0,OSLA
353735071,Checkers,0,GAME_OVER,50,49,2,1425,RandomPlayerConfig,1.0,-1.0,OSLA
-1787867092,Checkers,0,GAME_OVER,54,53,2,1426,RandomPlayerConfig,1.0,-1.0,OSLA
-557254966,Checkers,0,GAME_OVER,46,45,2,1427,RandomPlayerConfig,1.0,-1.0,OSLA
-151956897,Checkers,0,GAME_OVER,38,37,2,1428,RandomPlayerConfig,1.0,-1.0,OSLA
905262079,Checkers,0,GAME_OVER,43,42,2,1429,RandomPlayerConfig,1.0,-1.0,OSLA
319729427,Checkers,0,GAME_OVER,45,44,2,1430,RandomPlayerConfig,1.0,-1.0,OSLA
-1887070577,Checkers,0,GAME_OVER,43,42,2,1431,RandomPlayerConfig,1.0,-1.0,OSLA
815071997,Checkers,0,GAME_OVER,35,34,2,1432,RandomPlayerConfig,1.0,-1.0,OSLA
-1871568959,Checkers,0,GAME_OVER,36,35,2,1433,RandomPlayerConfig,1.0,-1.0,OSLA
-1344469249,Checkers,0,GAME_OVER,42,41,2,1434,RandomPlayerConfig,1.0,-1.0,OSLA
962842235,Checkers,0,GAME_OVER,34,33,2,1435,RandomPlayerConfig,1.0,-1.0,OSLA
1804951535,Checkers,0,GAME_OVER,44,43,2,1436,RandomPlayerConfig,1.0,-1.0,OSLA
-1042059033,Checkers,0,GAME_OVER,39,38,2,1437,RandomPlayerConfig,1.0,-1.0,OSLA
428568489,Checkers,0,GAME_OVER,45,44,2,1438,RandomPlayerConfig,1.0,-1.0,OSLA
478792580,Checkers,0,GAME_OVER,35,34,2,1439,RandomPlayerConfig,1.0,-1.0,OSLA
152033881,Checkers,0,GAME_OVER,42,41,2,1440,RandomPlayerConfig,1.0,-1.0,OSLA
-856509809,Checkers,0,GAME_OVER,29,28,2,1441,RandomPlayerConfig,1.0,-1.0,OSLA
77738287,Checkers,0,GAME_OVER,37,36,2,1442,RandomPlayerConfig,1.0,-1.0,OSLA
1107047337,Checkers,0,GAME_OVER,40,39,2,1443,RandomPlayerConfig,1.0,-1.0,OSLA
-1415529522,Checkers,0,GAME_OVER,37,36,2,1444,RandomPlayerConfig,1.0,-1.0,OSLA
-1397001953,Checkers,0,GAME_OVER,38,37,2,1445,RandomPlayerConfig,1.0,-1.0,OSLA
238861370,Checkers,0,GAME_OVER,50,49,2,1446,RandomPlayerConfig,1.0,-1.0,OSLA
1925653830,Checkers,0,GAME_OVER,33,32,2,1447,RandomPlayerConfig,1.0,-1.0,OSLA
-2102569706,Checkers,0,GAME_OVER,36,35,2,1448,RandomPlayerConfig,1.0,-1.0,OSLA
504708031,Checkers,0,GAME_OVER,37,36,2,1449,RandomPlayerConfig,1.0,-1.0,OSLA
-590708637,Checkers,0,GAME_OVER,41,40,2,1450,RandomPlayerConfig,1.0,-1.0,OSLA
-957917271,Checkers,0,GAME_OVER,30,29,2,1451,RandomPlayerConfig,1.0,-1.0,OSLA
-144976592,Checkers,0,GAME_OVER,64,63,2,1452,RandomPlayerConfig,1.0,-1.0,OSLA
-1611151097,Checkers,0,GAME_OVER,41,40,2,1453,RandomPlayerConfig,1.0,-1.0,OSLA
832324818,Checkers,0,GAME_OVER,33,32,2,1454,RandomPlayerConfig,1.0,-1.0,OSLA
189542628,Checkers,0,GAME_OVER,40,39,2,1455,RandomPlayerConfig,1.0,-1.0,OSLA
-226292582,Checkers,0,GAME_OVER,33,32,2,1456,RandomPlayerConfig,1.0,-1.0,OSLA
-1632619783,Checkers,0,GAME_OVER,39,38,2,1457,RandomPlayerConfig,1.0,-1.0,OSLA
-10754264,Checkers,0,GAME_OVER,37,36,2,1458,RandomPlayerConfig,1.0,-1.0,OSLA
-1702566684,Checkers,0,GAME_OVER,44,43,2,1459,RandomPlayerConfig,1.0,-1.0,OSLA
-1497587505,Checkers,0,GAME_OVER,30,29,2,1460,RandomPlayerConfig,1.0,-1.0,OSLA
-845578703,Checkers,0,GAME_OVER,42,41,2,1461,RandomPlayerConfig,1.0,-1.0,OSLA
587637918,Checkers,0,GAME_OVER,52,51,2,1462,RandomPlayerConfig,1.0,-1.0,OSLA
-1573391934,Checkers,0,GAME_OVER,44,43,2,1463,RandomPlayerConfig,1.0,-1.0,OSLA
-211258352,Checkers,0,GAME_OVER,43,42,2,1464,RandomPlayerConfig,1.0,-1.0,OSLA
-8789926,Checkers,0,GAME_OVER,35,34,2,1465,RandomPlayerConfig,1.0,-1.0,OSLA
-606056082,Checkers,0,GAME_OVER,33,32,2,1466,RandomPlayerConfig,1.0,-1.0,OSLA
-2119856807,Checkers,0,GAME_OVER,36,35,2,1467,RandomPlayerConfig,1.0,-1.0,OSLA
756565351,Checkers,0,GAME_OVER,35,34,2,1468,RandomPlayerConfig,1.0,-1.0,OSLA
701069796,Checkers,0,GAME_OVER,41,40,2,1469,RandomPlayerConfig,1.0,-1.0,OSLA
89662065,Checkers,0,GAME_OVER,34,33,2,1470,RandomPlayerConfig,1.0,-1.0,OSLA
409655320,Checkers,0,GAME_OVER,40,39,2,1471,RandomPlayerConfig,1.0,-1.0,OSLA
-1178153752,Checkers,0,GAME_OVER,32,31,2,1472,RandomPlayerConfig,1.0,-1.0,OSLA
1916696307,Checkers,0,GAME_OVER,42,41,2,1473,RandomPlayerConfig,1.0,-1.0,OSLA
-1170346743,Checkers,0,GAME_OVER,40,39,2,1474,RandomPlayerConfig,1.0,-1.0,OSLA
-1178277608,Checkers,0,GAME_OVER,32,31,2,1475,RandomPlayerConfig,1.0,-1.0,OSLA
1538119737,Checkers,0,GAME_OVER,43,42,2,1476,RandomPlayerConfig,1.0,-1.0,OSLA
725994394,Checkers,0,GAME_OVER,33,32,2,1477,RandomPlayerConfig,1.0,-1.0,OSLA
-449773248,Checkers,0,GAME_OVER,31,30,2,1478,RandomPlayerConfig,1.0,-1.0,OSLA
-1796208784,Checkers,0,GAME_OVER,37,36,2,1479,RandomPlayerConfig,1.0,-1.0,OSLA
-524080299,Checkers,0,GAME_OVER,43,42,2,1480,RandomPlayerConfig,1.0,-1.0,OSLA
-355532984,Checkers,0,GAME_OVER,35,34,2,1481,RandomPlayerConfig,1.0,-1.0,OSLA
891290161,Checkers,0,GAME_OVER,42,41,2,1482,RandomPlayerConfig,1.0,-1.0,OSLA
-533683000,Checkers,0,GAME_OVER,30,29,2,1483,RandomPlayerConfig,1.0,-1.0,OSLA
-551802484,Checkers,0,GAME_OVER,46,45,2,1484,RandomPlayerConfig,1.0,-1.0,OSLA
-1840989310,Checkers,0,GAME_OVER,36,35,2,1485,RandomPlayerConfig,1.0,-1.0,OSLA
2017681574,Checkers,0,GAME_OVER,43,42,2,1486,RandomPlayerConfig,1.0,-1.0,OSLA
-421991124,Checkers,0,GAME_OVER,37,36,2,1487,RandomPlayerConfig,1.0,-1.0,OSLA
469011149,Checkers,0,GAME_OVER,38,37,2,1488,RandomPlayerConfig,1.0,-1.0,OSLA
1173557714,Checkers,0,GAME_OVER,39,38,2,1489,RandomPlayerConfig,1.0,-1.0,OSLA
-361604094,Checkers,0,GAME_OVER,48,47,2,1490,RandomPlayerConfig,1.0,-1.0,OSLA
1282867234,Checkers,0,GAME_OVER,36,35,2,1491,RandomPlayerConfig,1.0,-1.0,OSLA
-1542151897,Checkers,0,GAME_OVER,34,33,2,1492,RandomPlayerConfig,1.0,-1.0,OSLA
1085779199,Checkers,0,GAME_OVER,58,57,2,1493,RandomPlayerConfig,1.0,-1.0,OSLA
390901089,Checkers,0,GAME_OVER,31,30,2,1494,RandomPlayerConfig,1.0,-1.0,OSLA
-981129475,Checkers,0,GAME_OVER,46,45,2,1495,RandomPlayerConfig,1.0,-1.0,OSLA
-1390939507,Checkers,0,GAME_OVER,33,32,2,1496,RandomPlayerConfig,1.0,-1.0,OSLA
-437821059,Checkers,0,GAME_OVER,35,34,2,1497,RandomPlayerConfig,1.0,-1.0,OSLA
2075214077,Checkers,0,GAME_OVER,38,37,2,1498,RandomPlayerConfig,1.0,-1.0,OSLA
565615731,Checkers,0,GAME_OVER,38,37,2,1499,RandomPlayerConfig,1.0,-1.0,OSLA
1205676761,Checkers,0,GAME_OVER,41,40,2,1500,RandomPlayerConfig,1.0,-1.0,OSLA
-501755609,Checkers,0,GAME_OVER,35,34,2,1501,RandomPlayerConfig,1.0,-1.0,OSLA
-1499684397,Checkers,0,GAME_OVER,38,37,2,1502,RandomPlayerConfig,1.0,-1.0,OSLA
-1836009107,Checkers,0,GAME_OVER,29,28,2,1503,RandomPlayerConfig,1.0,-1.0,OSLA
963947027,Checkers,0,GAME_OVER,43,42,2,1504,RandomPlayerConfig,1.0,-1.0,OSLA
-80538069,Checkers,0,GAME_OVER,35,34,2,1505,RandomPlayerConfig,1.0,-1.0,OSLA
-1374684283,Checkers,0,GAME_OVER,34,33,2,1506,RandomPlayerConfig,1.0,-1.0,OSLA
1940495134,Checkers,0,GAME_OVER,35,34,2,1507,RandomPlayerConfig,1.0,-1.0,OSLA
-109890830,Checkers,0,GAME_OVER,34,33,2,1508,RandomPlayerConfig,1.0,-1.0,OSLA
-64575164,Checkers,0,GAME_OVER,46,45,2,1509,RandomPlayerConfig,1.0,-1.0,OSLA
-78915966,Checkers,0,GAME_OVER,47,46,2,1510,RandomPlayerConfig,1.0,-1.0,OSLA
-1377659306,Checkers,0,GAME_OVER,35,34,2,1511,RandomPlayerConfig,1.0,-1.0,OSLA
-1629323870,Checkers,0,GAME_OVER,34,33,2,1512,RandomPlayerConfig,1.0,-1.0,OSLA
-2230482,Checkers,0,GAME_OVER,38,37,2,1513,RandomPlayerConfig,1.0,-1.0,OSLA
-1195904413,Checkers,0,GAME_OVER,41,40,2,1514,RandomPlayerConfig,1.0,-1.0,OSLA
-578417640,Checkers,0,GAME_OVER,32,31,2,1515,RandomPlayerConfig,1.0,-1.0,OSLA
945926855,Checkers,0,GAME_OVER,41,40,2,1516,RandomPlayerConfig,1.0,-1.0,OSLA
88889687,Checkers,0,GAME_OVER,35,34,2,1517,RandomPlayerConfig,1.0,-1.0,OSLA
763617944,Checkers,0,GAME_OVER,41,40,2,1518,RandomPlayerConfig,1.0,-1.0,OSLA
1100313449,Checkers,0,GAME_OVER,43,42,2,1519,RandomPlayerConfig,1.0,-1.0,OSLA
-1264315711,Checkers,0,GAME_OVER,44,43,2,1520,RandomPlayerConfig,1.0,-1.0,OSLA
-497981998,Checkers,0,GAME_OVER,37,36,2,1521,RandomPlayerConfig,1.0,-1.0,OSLA
-1784524477,Checkers,0,GAME_OVER,45,44,2,1522,RandomPlayerConfig,1.0,-1.0,OSLA
-770855830,Checkers,0,GAME_OVER,47,46,2,1523,RandomPlayerConfig,1.0,-1.0,OSLA
-1365488335,Checkers,0,GAME_OVER,41,40,2,1524,RandomPlayerConfig,1.0,-1.0,OSLA
1216203408,Checkers,0,GAME_OVER,51,50,2,1525,RandomPlayerConfig,1.0,-1.0,OSLA
846924899,Checkers,0,GAME_OVER,40,39,2,1526,RandomPlayerConfig,1.0,-1.0,OSLA
-1464536919,Checkers,0,GAME_OVER,36,35,2,1527,RandomPlayerConfig,1.0,-1.0,OSLA
2022132924,Checkers,0,GAME_OVER,40,39,2,1528,RandomPlayerConfig,1.0,-1.0,OSLA
-59889711,Checkers,0,GAME_OVER,39,38,2,1529,RandomPlayerConfig,1.0,-1.0,OSLA
2010005813,Checkers,0,GAME_OVER,32,31,2,1530,RandomPlayerConfig,1.0,-1.0,OSLA
-1117326157,Checkers,0,GAME_OVER,28,27,2,1531,RandomPlayerConfig,1.0,-1.0,OSLA
-84837618,Checkers,0,GAME_OVER,34,33,2,1532,RandomPlayerConfig,1.0,-1.0,OSLA
-1311466025,Checkers,0,GAME_OVER,30,29,2,1533,RandomPlayerConfig,1.0,-1.0,OSLA
184912342,Checkers,0,GAME_OVER,39,38,2,1534,RandomPlayerConfig,1.0,-1.0,OSLA
956894957,Checkers,0,GAME_OVER,47,46,2,1535,RandomPlayerConfig,1.0,-1.0,OSLA
83738914,Checkers,0,GAME_OVER,33,32,2,1536,RandomPlayerConfig,1.0,-1.0,OSLA
983630301,Checkers,0,GAME_OVER,37,36,2,1537,RandomPlayerConfig,1.0,-1.0,OSLA
1607840044,Checkers,0,GAME_OVER,43,42,2,1538,RandomPlayerConfig,1.0,-1.0,OSLA
-895912029,Checkers,0,GAME_OVER,46,45,2,1539,RandomPlayerConfig,1.0,-1.0,OSLA
-1578776641,Checkers,0,GAME_OVER,34,33,2,1540,RandomPlayerConfig,1.0,-1.0,OSLA
440593991,Checkers,0,GAME_OVER,35,34,2,1541,RandomPlayerConfig,1.0,-1.0,OSLA
-841068281,Checkers,0,GAME_OVER,35,34,2,1542,RandomPlayerConfig,1.0,-1.0,OSLA
1164572257,Checkers,0,GAME_OVER,42,41,2,1543,RandomPlayerConfig,1.0,-1.0,OSLA
-786482107,Checkers,0,GAME_OVER,36,35,2,1544,RandomPlayerConfig,1.0,-1.0,OSLA
-973069799,Checkers,0,GAME_OVER,41,40,2,1545,RandomPlayerConfig,1.0,-1.0,OSLA
639807106,Checkers,0,GAME_OVER,41,40,2,1546,RandomPlayerConfig,1.0,-1.0,OSLA
-1077440383,Checkers,0,GAME_OVER,45,44,2,1547,RandomPlayerConfig,1.0,-1.0,OSLA
-2096489047,Checkers,0,GAME_OVER,38,37,2,1548,RandomPlayerConfig,1.0,-1.0,OSLA
1275913133,Checkers,0,GAME_OVER,47,46,2,1549,RandomPlayerConfig,1.0,-1.0,OSLA
-687245137,Checkers,0,GAME_OVER,39,38,2,1550,RandomPlayerConfig,1.0,-1.0,OSLA
-1554641659,Checkers,0,GAME_OVER,40,39,2,1551,RandomPlayerConfig,1.0,-1.0,OSLA
667440573,Checkers,0,GAME_OVER,35,34,2,1552,RandomPlayerConfig,1.0,-1.0,OSLA
465263264,Checkers,0,GAME_OVER,36,35,2,1553,RandomPlayerConfig,1.0,-1.0,OSLA
944196978,Checkers,0,GAME_OVER,41,40,2,1554,RandomPlayerConfig,1.0,-1.0,OSLA
-310419034,Checkers,0,GAME_OVER,52,51,2,1555,RandomPlayerConfig,1.0,-1.0,OSLA
555688628,Checkers,0,GAME_OVER,37,36,2,1556,RandomPlayerConfig,1.0,-1.0,OSLA
-990767859,Checkers,0,GAME_OVER,34,33,2,1557,RandomPlayerConfig,1.0,-1.0,OSLA
1878141101,Checkers,0,GAME_OVER,35,34,2,1558,RandomPlayerConfig,1.0,-1.0,OSLA
-607888083,Checkers,0,GAME_OVER,37,36,2,1559,RandomPlayerConfig,1.0,-1.0,OSLA
2001147109,Checkers,0,GAME_OVER,42,41,2,1560,RandomPlayerConfig,1.0,-1.0,OSLA
-1150735363,Checkers,0,GAME_OVER,36,35,2,1561,RandomPlayerConfig,1.0,-1.0,OSLA
-1254481507,Checkers,0,GAME_OVER,42,41,2,1562,RandomPlayerConfig,1.0,-1.0,OSLA
-1631771904,Checkers,0,GAME_OVER,39,38,2,1563,RandomPlayerConfig,1.0,-1.0,OSLA
-1013472049,Checkers,0,GAME_OVER,45,44,2,1564,RandomPlayerConfig,1.0,-1.0,OSLA
774945565,Checkers,0,GAME_OVER,39,38,2,1565,RandomPlayerConfig,1.0,-1.0,OSLA
1445337731,Checkers,0,GAME_OVER,41,40,2,1566,RandomPlayerConfig,1.0,-1.0,OSLA
1953319935,Checkers,0,GAME_OVER,41,40,2,1567,RandomPlayerConfig,1.0,-1.0,OSLA
390571357,Checkers,0,GAME_OVER,43,42,2,1568,RandomPlayerConfig,1.0,-1.0,OSLA
2096799665,Checkers,0,GAME_OVER,44,43,2,1569,RandomPlayerConfig,1.0,-1.0,OSLA
-1971763578,Checkers,0,GAME_OVER,43,42,2,1570,RandomPlayerConfig,1.0,-1.0,OSLA
-797392752,Checkers,0,GAME_OVER,35,34,2,1571,RandomPlayerConfig,1.0,-1.0,OSLA
-129231254,Checkers,0,GAME_OVER,47,46,2,1572,RandomPlayerConfig,1.0,-1.0,OSLA
-1647529271,Checkers,0,GAME_OVER,41,40,2,1573,RandomPlayerConfig,1.0,-1.0,OSLA
-1596937769,Checkers,0,GAME_OVER,42,41,2,1574,RandomPlayerConfig,1.0,-1.0,OSLA
1812176888,Checkers,0,GAME_OVER,42,41,2,1575,RandomPlayerConfig,1.0,-1.0,OSLA
1727208326,Checkers,0,GAME_OVER,37,36,2,1576,RandomPlayerConfig,1.0,-1.0,OSLA
778039985,Checkers,0,GAME_OVER,31,30,2,1577,RandomPlayerConfig,1.0,-1.0,OSLA
-1302988778,Checkers,0,GAME_OVER,36,35,2,1578,RandomPlayerConfig,1.0,-1.0,OSLA
953731308,Checkers,0,GAME_OVER,35,34,2,1579,RandomPlayerConfig,1.0,-1.0,OSLA
1148263162,Checkers,0,GAME_OVER,44,43,2,1580,RandomPlayerConfig,1.0,-1.0,OSLA
-138129491,Checkers,0,GAME_OVER,31,30,2,1581,RandomPlayerConfig,1.0,-1.0,OSLA
-1487440652,Checkers,0,GAME_OVER,41,40,2,1582,RandomPlayerConfig,1.0,-1.0,OSLA
420992871,Checkers,0,GAME_OVER,37,36,2,1583,RandomPlayerConfig,1.0,-1.0,OSLA
-1317910263,Checkers,0,GAME_OVER,38,37,2,1584,RandomPlayerConfig,1.0,-1.0,OSLA
1344802789,Checkers,0,GAME_OVER,33,32,2,1585,RandomPlayerConfig,1.0,-1.0,OSLA
-1175799016,Checkers,0,GAME_OVER,40,39,2,1586,RandomPlayerConfig,1.0,-1.0,OSLA
-815486018,Checkers,0,GAME_OVER,34,33,2,1587,RandomPlayerConfig,1.0,-1.0,OSLA
-467459208,Checkers,0,GAME_OVER,38,37,2,1588,RandomPlayerConfig,1.0,-1.0,OSLA
823983774,Checkers,0,GAME_OVER,43,42,2,1589,RandomPlayerConfig,1.0,-1.0,OSLA
-1246065338,Checkers,0,GAME_OVER,40,39,2,1590,RandomPlayerConfig,1.0,-1.0,OSLA
413126385,Checkers,0,GAME_OVER,40,39,2,1591,RandomPlayerConfig,1.0,-1.0,OSLA
457613648,Checkers,0,GAME_OVER,38,37,2,1592,RandomPlayerConfig,1.0,-1.0,OSLA
-1482368342,Checkers,0,GAME_OVER,36,35,2,1593,RandomPlayerConfig,1.0,-1.0,OSLA
1132336574,Checkers,0,GAME_OVER,41,40,2,1594,RandomPlayerConfig,1.0,-1.0,OSLA
416303171,Checkers,0,GAME_OVER,41,40,2,1595,RandomPlayerConfig,1.0,-1.0,OSLA
1343822562,Checkers,0,GAME_OVER,35,34,2,1596,RandomPlayerConfig,1.0,-1.0,OSLA
-906905566,Checkers,0,GAME_OVER,37,36,2,1597,RandomPlayerConfig,1.0,-1.0,OSLA
-1919272990,Checkers,0,GAME_OVER,40,39,2,1598,RandomPlayerConfig,1.0,-1.0,OSLA
-564348917,Checkers,0,GAME_OVER,41,40,2,1599,RandomPlayerConfig,1.0,-1.0,OSLA
-148165108,Checkers,0,GAME_OVER,37,36,2,1600,RandomPlayerConfig,1.0,-1.0,OSLA
-463582895,Checkers,0,GAME_OVER,42,41,2,1601,RandomPlayerConfig,1.0,-1.0,OSLA
-2035590615,Checkers,0,GAME_OVER,46,45,2,1602,RandomPlayerConfig,1.0,-1.0,RandomPlayerConfig
-578946317,Checkers,0,GAME_OVER,42,41,2,1603,RandomPlayerConfig,-1.0,1.0,RandomPlayerConfig
1621758891,Checkers,0,GAME_OVER,42,41,2,1604,RandomPlayerConfig,1.0,-1.0,RandomPlayerConfig
522208008,Checkers,0,GAME_OVER,40,39,2,1605,RandomPlayerConfig,1.0,-1.0,RandomPlayerConfig
1481544050,Checkers,0,GAME_OVER,56,55,2,1606,RandomPlayerConfig,1.0,-1.0,RandomPlayerConfig
2045888587,Checkers,0,GAME_OVER,55,54,2,1607,RandomPlayerConfig,-1.0,1.0,RandomPlayerConfig
2071643935,Checkers,0,GAME_OVER,62,61,2,1608,RandomPlayerConfig,1.0,-1.0,RandomPlayerConfig
-1558754475,Checkers,0,GAME_OVER,56,55,2,1609,RandomPlayerConfig,1.0,-1.0,RandomPlayerConfig
-446015633,Checkers,0,GAME_OVER,46,45,2,1610,RandomPlayerConfig,-1.0,1.0,RandomPlayerConfig
-650419990,Checkers,0,GAME_OVER,43,42,2,1611,RandomPlayerConfig,1.0,-1.0,RandomPlayerConfig
144074216,Checkers,0,GAME_OVER,41,40,2,1612,RandomPlayerConfig,1.0,-1.0,RandomPlayerConfig
-314185299,Checkers,0,GAME_OVER,45,44,2,1613,RandomPlayerConfig,1.0,-1.0,RandomPlayerConfig
-1437395352,Checkers,0,GAME_OVER,47,46,2,1614,RandomPlayerConfig,-1.0,1.0,RandomPlayerConfig
563421040,Checkers,0,GAME_OVER,35,34,2,1615,RandomPlayerConfig,1.0,-1.0,RandomPlayerConfig
-1295987043,Checkers,0,GAME_OVER,41,40,2,1616,RandomPlayerConfig,-1.0,1.0,RandomPlayerConfig
-1827331606,Checkers,0,GAME_OVER,42,41,2,1617,RandomPlayerConfig,-1.0,1.0,RandomPlayerConfig
-1643482254,Checkers,0,GAME_OVER,62,61,2,1618,RandomPlayerConfig,1.0,-1.0,RandomPlayerConfig
-1452034605,Checkers,0,GAME_OVER,49,48,2,1619,RandomPlayerConfig,-1.0,1.0,RandomPlayerConfig
1282346219,Checkers,0,GAME_OVER,54,53,2,1620,RandomPlayerConfig,-1.0,1.0,RandomPlayerConfig
415036606,Checkers,0,GAME_OVER,77,76,2,1621,RandomPlayerConfig,1.0,-1.0,RandomPlayerConfig
-518486764,Checkers,0,GAME_OVER,46,45,2,1622,RandomPlayerConfig,1.0,-1.0,RandomPlayerConfig
675924267,Checkers,0,GAME_OVER,63,62,2,1623,RandomPlayerConfig,-1.0,1.0,RandomPlayerConfig
-796841250,Checkers,0,GAME_OVER,61,60,2,1624,RandomPlayerConfig,-1.0,1.0,RandomPlayerConfig
353735071,Checkers,0,GAME_OVER,32,31,2,1625,RandomPlayerConfig,1.0,-1.0,RandomPlayerConfig
-1787867092,Checkers,0,GAME_OVER,50,49,2,1626,RandomPlayerConfig,1.0,-1.0,RandomPlayerConfig
-557254966,Checkers,0,GAME_OVER,46,45,2,1627,RandomPlayerConfig,1.0,-1.0,RandomPlayerConfig
-151956897,Checkers,0,GAME_OVER,56,55,2,1628,RandomPlayerConfig,1.0,-1.0,RandomPlayerConfig
905262079,Checkers,0,GAME_OVER,55,54,2,1629,RandomPlayerConfig,-1.0,1.0,RandomPlayerConfig
319729427,Checkers,0,GAME_OVER,54,53,2,1630,RandomPlayerConfig,-1.0,1.0,RandomPlayerConfig
-1887070577,Checkers,0,GAME_OVER,67,66,2,1631,RandomPlayerConfig,1.0,-1.0,RandomPlayerConfig
815071997,Checkers,0,GAME_OVER,73,72,2,1632,RandomPlayerConfig,-1.0,1.0,RandomPlayerConfig
-1871568959,Checkers,0,GAME_OVER,38,37,2,1633,RandomPlayerConfig,1.0,-1.0,RandomPlayerConfig
-1344469249,Checkers,0,GAME_OVER,61,60,2,1634,RandomPlayerConfig,1.0,-1.0,RandomPlayerConfig
962842235,Checkers,0,GAME_OVER,37,36,2,1635,RandomPlayerConfig,-1.0,1.0,RandomPlayerConfig
1804951535,Checkers,0,GAME_OVER,42,41,2,1636,RandomPlayerConfig,1.0,-1.0,RandomPlayerConfig
-1042059033,Checkers,0,GAME_OVER,64,63,2,1637,RandomPlayerConfig,1.0,-1.0,RandomPlayerConfig
428568489,Checkers,0,GAME_OVER,81,80,2,1638,RandomPlayerConfig,1.0,-1.0,RandomPlayerConfig
478792580,Checkers,0,GAME_OVER,75,74,2,1639,RandomPlayerConfig,-1.0,1.0,RandomPlayerConfig
152033881,Checkers,0,GAME_OVER,72,71,2,1640,RandomPlayerConfig,1.0,-1.0,RandomPlayerConfig
-856509809,Checkers,0,GAME_OVER,46,45,2,1641,RandomPlayerConfig,1.0,-1.0,RandomPlayerConfig
77738287,Checkers,0,GAME_OVER,47,46,2,1642,RandomPlayerConfig,1.0,-1.0,RandomPlayerConfig
1107047337,Checkers,0,GAME_OVER,78,77,2,1643,RandomPlayerConfig,1.0,-1.0,RandomPlayerConfig
-1415529522,Checkers,0,GAME_OVER,69,68,2,1644,RandomPlayerConfig,1.0,-1.0,RandomPlayerConfig
-1397001953,Checkers,0,GAME_OVER,48,47,2,1645,RandomPlayerConfig,-1.0,1.0,RandomPlayerConfig
238861370,Checkers,0,GAME_OVER,40,39,2,1646,RandomPlayerConfig,-1.0,1.0,RandomPlayerConfig
1925653830,Checkers,0,GAME_OVER,86,85,2,1647,RandomPlayerConfig,1.0,-1.0,RandomPlayerConfig
-2102569706,Checkers,0,GAME_OVER,36,35,2,1648,RandomPlayerConfig,1.0,-1.0,RandomPlayerConfig
504708031,Checkers,0,GAME_OVER,46,45,2,1649,RandomPlayerConfig,1.0,-1.0,RandomPlayerConfig
-590708637,Checkers,0,GAME_OVER,46,45,2,1650,RandomPlayerConfig,1.0,-1.0,RandomPlayerConfig
-957917271,Checkers,0,GAME_OVER,57,56,2,1651,RandomPlayerConfig,-1.0,1.0,RandomPlayerConfig
-144976592,Checkers,0,GAME_OVER,80,79,2,1652,RandomPlayerConfig,1.0,-1.0,RandomPlayerConfig
-1611151097,Checkers,0,GAME_OVER,61,60,2,1653,RandomPlayerConfig,1.0,-1.0,RandomPlayerConfig
832324818,Checkers,0,GAME_OVER,48,47,2,1654,RandomPlayerConfig,1.0,-1.0,RandomPlayerConfig
189542628,Checkers,0,GAME_OVER,78,77,2,1655,RandomPlayerConfig,-1.0,1.0,RandomPlayerConfig
-226292582,Checkers,0,GAME_OVER,39,38,2,1656,RandomPlayerConfig,1.0,-1.0,RandomPlayerConfig
-1632619783,Checkers,0,GAME_OVER,51,50,2,1657,RandomPlayerConfig,-1.0,1.0,RandomPlayerConfig
-10754264,Checkers,0,GAME_OVER,48,47,2,1658,RandomPlayerConfig,1.0,-1.0,RandomPlayerConfig
-1702566684,Checkers,0,GAME_OVER,43,42,2,1659,RandomPlayerConfig,1.0,-1.0,RandomPlayerConfig
-1497587505,Checkers,0,GAME_OVER,47,46,2,1660,RandomPlayerConfig,1.0,-1.0,RandomPlayerConfig
-845578703,Checkers,0,GAME_OVER,41,40,2,1661,RandomPlayerConfig,1.0,-1.0,RandomPlayerConfig
587637918,Checkers,0,GAME_OVER,63,62,2,1662,RandomPlayerConfig,-1.0,1.0,RandomPlayerConfig
-1573391934,Checkers,0,GAME_OVER,54,53,2,1663,RandomPlayerConfig,-1.0,1.0,RandomPlayerConfig
-211258352,Checkers,0,GAME_OVER,60,59,2,1664,RandomPlayerConfig,1.0,-1.0,RandomPlayerConfig
-8789926,Checkers,0,GAME_OVER,44,43,2,1665,RandomPlayerConfig,1.0,-1.0,RandomPlayerConfig
-606056082,Checkers,0,GAME_OVER,38,37,2,1666,RandomPlayerConfig,1.0,-1.0,RandomPlayerConfig
-2119856807,Checkers,0,GAME_OVER,55,54,2,1667,RandomPlayerConfig,1.0,-1.0,RandomPlayerConfig
756565351,Checkers,0,GAME_OVER,46,45,2,1668,RandomPlayerConfig,-1.0,1.0,RandomPlayerConfig
701069796,Checkers,0,GAME_OVER,57,56,2,1669,RandomPlayerConfig,1.0,-1.0,RandomPlayerConfig
89662065,Checkers,0,GAME_OVER,43,42,2,1670,RandomPlayerConfig,1.0,-1.0,RandomPlayerConfig
409655320,Checkers,0,GAME_OVER,43,42,2,1671,RandomPlayerConfig,-1.0,1.0,RandomPlayerConfig
-1178153752,Checkers,0,GAME_OVER,44,43,2,1672,RandomPlayerConfig,1.0,-1.0,RandomPlayerConfig
1916696307,Checkers,0,GAME_OVER,43,42,2,1673,RandomPlayerConfig,1.0,-1.0,RandomPlayerConfig
-1170346743,Checkers,0,GAME_OVER,55,54,2,1674,RandomPlayerConfig,-1.0,1.0,RandomPlayerConfig
-1178277608,Checkers,0,GAME_OVER,55,54,2,1675,RandomPlayerConfig,-1.0,1.0,RandomPlayerConfig
1538119737,Checkers,0,GAME_OVER,42,41,2,1676,RandomPlayerConfig,1.0,-1.0,RandomPlayerConfig
725994394,Checkers,0,GAME_OVER,45,44,2,1677,RandomPlayerConfig,-1.0,1.0,RandomPlayerConfig
-449773248,Checkers,0,GAME_OVER,66,65,2,1678,RandomPlayerConfig,-1.0,1.0,RandomPlayerConfig
-1796208784,Checkers,0,GAME_OVER,43,42,2,1679,RandomPlayerConfig,1.0,-1.0,RandomPlayerConfig
-524080299,Checkers,0,GAME_OVER,66,65,2,1680,RandomPlayerConfig,1.0,-1.0,RandomPlayerConfig
-355532984,Checkers,0,GAME_OVER,67,66,2,1681,RandomPlayerConfig,-1.0,1.0,RandomPlayerConfig
891290161,Checkers,0,GAME_OVER,49,48,2,1682,RandomPlayerConfig,1.0,-1.0,RandomPlayerConfig
-533683000,Checkers,0,GAME_OVER,34,33,2,1683,RandomPlayerConfig,1.0,-1.0,RandomPlayerConfig
-551802484,Checkers,0,GAME_OVER,44,43,2,1684,RandomPlayerConfig,1.0,-1.0,RandomPlayerConfig
-1840989310,Checkers,0,GAME_OVER,48,47,2,1685,RandomPlayerConfig,1.0,-1.0,RandomPlayerConfig
2017681574,Checkers,0,GAME_OVER,36,35,2,1686,RandomPlayerConfig,1.0,-1.0,RandomPlayerConfig
-421991124,Checkers,0,GAME_OVER,47,46,2,1687,RandomPlayerConfig,1.0,-1.0,RandomPlayerConfig
469011149,Checkers,0,GAME_OVER,40,39,2,1688,RandomPlayerConfig,-1.0,1.0,RandomPlayerConfig
1173557714,Checkers,0,GAME_OVER,52,51,2,1689,RandomPlayerConfig,-1.0,1.0,RandomPlayerConfig
-361604094,Checkers,0,GAME_OVER,68,67,2,1690,RandomPlayerConfig,1.0,-1.0,RandomPlayerConfig
1282867234,Checkers,0,GAME_OVER,35,34,2,1691,RandomPlayerConfig,1.0,-1.0,RandomPlayerConfig
-1542151897,Checkers,0,GAME_OVER,53,52,2,1692,RandomPlayerConfig,1.0,-1.0,RandomPlayerConfig
1085779199,Checkers,0,GAME_OVER,42,41,2,1693,RandomPlayerConfig,1.0,-1.0,RandomPlayerConfig
390901089,Checkers,0,GAME_OVER,40,39,2,1694,RandomPlayerConfig,1.0,-1.0,RandomPlayerConfig
-981129475,Checkers,0,GAME_OVER,69,68,2,1695,RandomPlayerConfig,-1.0,1.0,RandomPlayerConfig
-1390939507,Checkers,0,GAME_OVER,78,77,2,1696,RandomPlayerConfig,-1.0,1.0,RandomPlayerConfig
-437821059,Checkers,0,GAME_OVER,48,47,2,1697,RandomPlayerConfig,1.0,-1.0,RandomPlayerConfig
2075214077,Checkers,0,GAME_OVER,38,37,2,1698,RandomPlayerConfig,1.0,-1.0,RandomPlayerConfig
565615731,Checkers,0,GAME_OVER,59,58,2,1699,RandomPlayerConfig,1.0,-1.0,RandomPlayerConfig
1205676761,Checkers,0,GAME_OVER,40,39,2,1700,RandomPlayerConfig,1.0,-1.0,RandomPlayerConfig
-501755609,Checkers,0,GAME_OVER,84,83,2,1701,RandomPlayerConfig,-1.0,1.0,RandomPlayerConfig
-1499684397,Checkers,0,GAME_OVER,42,41,2,1702,RandomPlayerConfig,1.0,-1.0,RandomPlayerConfig
-1836009107,Checkers,0,GAME_OVER,36,35,2,1703,RandomPlayerConfig,1.0,-1.0,RandomPlayerConfig
963947027,Checkers,0,GAME_OVER,54,53,2,1704,RandomPlayerConfig,1.0,-1.0,RandomPlayerConfig
-80538069,Checkers,0,GAME_OVER,48,47,2,1705,RandomPlayerConfig,1.0,-1.0,RandomPlayerConfig
-1374684283,Checkers,0,GAME_OVER,43,42,2,1706,RandomPlayerConfig,1.0,-1.0,RandomPlayerConfig
1940495134,Checkers,0,GAME_OVER,59,58,2,1707,RandomPlayerConfig,-1.0,1.0,RandomPlayerConfig
-109890830,Checkers,0,GAME_OVER,48,47,2,1708,RandomPlayerConfig,-1.0,1.0,RandomPlayerConfig
-64575164,Checkers,0,GAME_OVER,40,39,2,1709,RandomPlayerConfig,-1.0,1.0,RandomPlayerConfig
-78915966,Checkers,0,GAME_OVER,79,78,2,1710,RandomPlayerConfig,1.0,-1.0,RandomPlayerConfig
-1377659306,Checkers,0,GAME_OVER,38,37,2,1711,RandomPlayerConfig,1.0,-1.0,RandomPlayerConfig
-1629323870,Checkers,0,GAME_OVER,33,32,2,1712,RandomPlayerConfig,1.0,-1.0,RandomPlayerConfig
-2230482,Checkers,0,GAME_OVER,50,49,2,1713,RandomPlayerConfig,1.0,-1.0,RandomPlayerConfig
-1195904413,Checkers,0,GAME_OVER,50,49,2,1714,RandomPlayerConfig,1.0,-1.0,RandomPlayerConfig
-578417640,Checkers,0,GAME_OVER,50,49,2,1715,RandomPlayerConfig,1.0,-1.0,RandomPlayerConfig
945926855,Checkers,0,GAME_OVER,72,71,2,1716,RandomPlayerConfig,1.0,-1.0,RandomPlayerConfig
88889687,Checkers,0,GAME_OVER,42,41,2,1717,RandomPlayerConfig,1.0,-1.0,RandomPlayerConfig
763617944,Checkers,0,GAME_OVER,45,44,2,1718,RandomPlayerConfig,1.0,-1.0,RandomPlayerConfig
1100313449,Checkers,0,GAME_OVER,60,59,2,1719,RandomPlayerConfig,1.0,-1.0,RandomPlayerConfig
-1264315711,Checkers,0,GAME_OVER,54,53,2,1720,RandomPlayerConfig,1.0,-1.0,RandomPlayerConfig
-497981998,Checkers,0,GAME_OVER,45,44,2,1721,RandomPlayerConfig,1.0,-1.0,RandomPlayerConfig
-1784524477,Checkers,0,GAME_OVER,39,38,2,1722,RandomPlayerConfig,1.0,-1.0,RandomPlayerConfig
-770855830,Checkers,0,GAME_OVER,38,37,2,1723,RandomPlayerConfig,1.0,-1.0,RandomPlayerConfig
-1365488335,Checkers,0,GAME_OVER,86,85,2,1724,RandomPlayerConfig,1.0,-1.0,RandomPlayerConfig
1216203408,Checkers,0,GAME_OVER,42,41,2,1725,RandomPlayerConfig,1.0,-1.0,RandomPlayerConfig
846924899,Checkers,0,GAME_OVER,51,50,2,1726,RandomPlayerConfig,1.0,-1.0,RandomPlayerConfig
-1464536919,Checkers,0,GAME_OVER,35,34,2,1727,RandomPlayerConfig,1.0,-1.0,RandomPlayerConfig
2022132924,Checkers,0,GAME_OVER,45,44,2,1728,RandomPlayerConfig,1.0,-1.0,RandomPlayerConfig
-59889711,Checkers,0,GAME_OVER,49,48,2,1729,RandomPlayerConfig,1.0,-1.0,RandomPlayerConfig
2010005813,Checkers,0,GAME_OVER,47,46,2,1730,RandomPlayerConfig,-1.0,1.0,RandomPlayerConfig
-1117326157,Checkers,0,GAME_OVER,69,68,2,1731,RandomPlayerConfig,-1.0,1.0,RandomPlayerConfig
-84837618,Checkers,0,GAME_OVER,41,40,2,1732,RandomPlayerConfig,1.0,-1.0,RandomPlayerConfig
-1311466025,Checkers,0,GAME_OVER,33,32,2,1733,RandomPlayerConfig,1.0,-1.0,RandomPlayerConfig
184912342,Checkers,0,GAME_OVER,44,43,2,1734,RandomPlayerConfig,-1.0,1.0,RandomPlayerConfig
956894957,Checkers,0,GAME_OVER,44,43,2,1735,RandomPlayerConfig,1.0,-1.0,RandomPlayerConfig
83738914,Checkers,0,GAME_OVER,73,72,2,1736,RandomPlayerConfig,-1.0,1.0,RandomPlayerConfig
983630301,Checkers,0,GAME_OVER,61,60,2,1737,RandomPlayerConfig,-1.0,1.0,RandomPlayerConfig
1607840044,Checkers,0,GAME_OVER,48,47,2,1738,RandomPlayerConfig,1.0,-1.0,RandomPlayerConfig
-895912029,Checkers,0,GAME_OVER,63,62,2,1739,RandomPlayerConfig,1.0,-1.0,RandomPlayerConfig
-1578776641,Checkers,0,GAME_OVER,40,39,2,1740,RandomPlayerConfig,1.0,-1.0,RandomPlayerConfig
440593991,Checkers,0,GAME_OVER,70,69,2,1741,RandomPlayerConfig,1.0,-1.0,RandomPlayerConfig
-841068281,Checkers,0,GAME_OVER,44,43,2,1742,RandomPlayerConfig,1.0,-1.0,RandomPlayerConfig
1164572257,Checkers,0,GAME_OVER,48,47,2,1743,RandomPlayerConfig,-1.0,1.0,RandomPlayerConfig
-786482107,Checkers,0,GAME_OVER,69,68,2,1744,RandomPlayerConfig,1.0,-1.0,RandomPlayerConfig
-973069799,Checkers,0,GAME_OVER,38,37,2,1745,RandomPlayerConfig,-1.0,1.0,RandomPlayerConfig
639807106,Checkers,0,GAME_OVER,37,36,2,1746,RandomPlayerConfig,1.0,-1.0,RandomPlayerConfig
-1077440383,Checkers,0,GAME_OVER,43,42,2,1747,RandomPlayerConfig,1.0,-1.0,RandomPlayerConfig
-2096489047,Checkers,0,GAME_OVER,37,36,2,1748,RandomPlayerConfig,1.0,-1.0,RandomPlayerConfig
1275913133,Checkers,0,GAME_OVER,86,85,2,1749,RandomPlayerConfig,1.0,-1.0,RandomPlayerConfig
-687245137,Checkers,0,GAME_OVER,41,40,2,1750,RandomPlayerConfig,1.0,-1.0,RandomPlayerConfig
-1554641659,Checkers,0,GAME_OVER,40,39,2,1751,RandomPlayerConfig,1.0,-1.0,RandomPlayerConfig
667440573,Checkers,0,GAME_OVER,46,45,2,1752,RandomPlayerConfig,1.0,-1.0,RandomPlayerConfig
465263264,Checkers,0,GAME_OVER,66,65,2,1753,RandomPlayerConfig,-1.0,1.0,RandomPlayerConfig
944196978,Checkers,0,GAME_OVER,80,79,2,1754,RandomPlayerConfig,1.0,-1.0,RandomPlayerConfig
-310419034,Checkers,0,GAME_OVER,60,59,2,1755,RandomPlayerConfig,1.0,-1.0,RandomPlayerConfig
555688628,Checkers,0,GAME_OVER,47,46,2,1756,RandomPlayerConfig,1.0,-1.0,RandomPlayerConfig
-990767859,Checkers,0,GAME_OVER,38,37,2,1757,RandomPlayerConfig,-1.0,1.0,RandomPlayerConfig
1878141101,Checkers,0,GAME_OVER,57,56,2,1758,RandomPlayerConfig,-1.0,1.0,RandomPlayerConfig
-607888083,Checkers,0,GAME_OVER,91,90,2,1759,RandomPlayerConfig,-1.0,1.0,RandomPlayerConfig
2001147109,Checkers,0,GAME_OVER,43,42,2,1760,RandomPlayerConfig,-1.0,1.0,RandomPlayerConfig
-1150735363,Checkers,0,GAME_OVER,41,40,2,1761,RandomPlayerConfig,1.0,-1.0,RandomPlayerConfig
-1254481507,Checkers,0,GAME_OVER,37,36,2,1762,RandomPlayerConfig,1.0,-1.0,RandomPlayerConfig
-1631771904,Checkers,0,GAME_OVER,65,64,2,1763,RandomPlayerConfig,-1.0,1.0,RandomPlayerConfig
-1013472049,Checkers,0,GAME_OVER,57,56,2,1764,RandomPlayerConfig,1.0,-1.0,RandomPlayerConfig
774945565,Checkers,0,GAME_OVER,67,66,2,1765,RandomPlayerConfig,1.0,-1.0,RandomPlayerConfig
1445337731,Checkers,0,GAME_OVER,43,42,2,1766,RandomPlayerConfig,1.0,-1.0,RandomPlayerConfig
1953319935,Checkers,0,GAME_OVER,49,48,2,1767,RandomPlayerConfig,-1.0,1.0,RandomPlayerConfig
390571357,Checkers,0,GAME_OVER,70,69,2,1768,RandomPlayerConfig,-1.0,1.0,RandomPlayerConfig
2096799665,Checkers,0,GAME_OVER,34,33,2,1769,RandomPlayerConfig,1.0,-1.0,RandomPlayerConfig
-1971763578,Checkers,0,GAME_OVER,38,37,2,1770,RandomPlayerConfig,1.0,-1.0,RandomPlayerConfig
-797392752,Checkers,0,GAME_OVER,37,36,2,1771,RandomPlayerConfig,-1.0,1.0,RandomPlayerConfig
-129231254,Checkers,0,GAME_OVER,43,42,2,1772,RandomPlayerConfig,-1.0,1.0,RandomPlayerConfig
-1647529271,Checkers,0,GAME_OVER,41,40,2,1773,RandomPlayerConfig,1.0,-1.0,RandomPlayerConfig
-1596937769,Checkers,0,GAME_OVER,82,81,2,1774,RandomPlayerConfig,1.0,-1.0,RandomPlayerConfig
1812176888,Checkers,0,GAME_OVER,42,41,2,1775,RandomPlayerConfig,-1.0,1.0,RandomPlayerConfig
1727208326,Checkers,0,GAME_OVER,49,48,2,1776,RandomPlayerConfig,1.0,-1.0,RandomPlayerConfig
778039985,Checkers,0,GAME_OVER,44,43,2,1777,RandomPlayerConfig,-1.0,1.0,RandomPlayerConfig
-1302988778,Checkers,0,GAME_OVER,51,50,2,1778,RandomPlayerConfig,-1.0,1.0,RandomPlayerConfig
953731308,Checkers,0,GAME_OVER,47,46,2,1779,RandomPlayerConfig,1.0,-1.0,RandomPlayerConfig
1148263162,Checkers,0,GAME_OVER,61,60,2,1780,RandomPlayerConfig,-1.0,1.0,RandomPlayerConfig
-138129491,Checkers,0,GAME_OVER,38,37,2,1781,RandomPlayerConfig,-1.0,1.0,RandomPlayerConfig
-1487440652,Checkers,0,GAME_OVER,53,52,2,1782,RandomPlayerConfig,-1.0,1.0,RandomPlayerConfig
420992871,Checkers,0,GAME_OVER,77,76,2,1783,RandomPlayerConfig,-1.0,1.0,RandomPlayerConfig
-1317910263,Checkers,0,GAME_OVER,46,45,2,1784,RandomPlayerConfig,1.0,-1.0,RandomPlayerConfig
1344802789,Checkers,0,GAME_OVER,59,58,2,1785,RandomPlayerConfig,1.0,-1.0,RandomPlayerConfig
-1175799016,Checkers,0,GAME_OVER,42,41,2,1786,RandomPlayerConfig,1.0,-1.0,RandomPlayerConfig
-815486018,Checkers,0,GAME_OVER,51,50,2,1787,RandomPlayerConfig,1.0,-1.0,RandomPlayerConfig
-467459208,Checkers,0,GAME_OVER,53,52,2,1788,RandomPlayerConfig,1.0,-1.0,RandomPlayerConfig
823983774,Checkers,0,GAME_OVER,57,56,2,1789,RandomPlayerConfig,1.0,-1.0,RandomPlayerConfig
-1246065338,Checkers,0,GAME_OVER,42,41,2,1790,RandomPlayerConfig,1.0,-1.0,RandomPlayerConfig
413126385,Checkers,0,GAME_OVER,33,32,2,1791,RandomPlayerConfig,1.0,-1.0,RandomPlayerConfig
457613648,Checkers,0,GAME_OVER,44,43,2,1792,RandomPlayerConfig,1.0,-1.0,RandomPlayerConfig
-1482368342,Checkers,0,GAME_OVER,69,68,2,1793,RandomPlayerConfig,1.0,-1.0,RandomPlayerConfig
1132336574,Checkers,0,GAME_OVER,56,55,2,1794,RandomPlayerConfig,-1.0,1.0,RandomPlayerConfig
416303171,Checkers,0,GAME_OVER,49,48,2,1795,RandomPlayerConfig,1.0,-1.0,RandomPlayerConfig
1343822562,Checkers,0,GAME_OVER,63,62,2,1796,RandomPlayerConfig,-1.0,1.0,RandomPlayerConfig
-906905566,Checkers,0,GAME_OVER,46,45,2,1797,RandomPlayerConfig,1.0,-1.0,RandomPlayerConfig
-1919272990,Checkers,0,GAME_OVER,51,50,2,1798,RandomPlayerConfig,1.0,-1.0,RandomPlayerConfig
-564348917,Checkers,0,GAME_OVER,45,44,2,1799,RandomPlayerConfig,1.0,-1.0,RandomPlayerConfig
-148165108,Checkers,0,GAME_OVER,31,30,2,1800,RandomPlayerConfig,1.0,-1.0,RandomPlayerConfig
-463582895,Checkers,0,GAME_OVER,57,56,2,1801,RandomPlayerConfig,1.0,-1.0,RandomPlayerConfig
