GameSeed,GameName,Round,Event,Tick,Turn,PlayerCount,GameID,PlayerType-1,PlayerType-0
-2035590615,Checkers,0,GAME_OVER,47,46,2,2,MCTS_CheckersHeuristic,MCTS_CheckersHeuristic
-578946317,Checkers,0,GAME_OVER,99,98,2,3,MCTS_CheckersHeuristic,MCTS_CheckersHeuristic
1621758891,Checkers,0,GAME_OVER,54,53,2,4,MCTS_CheckersHeuristic,MCTS_CheckersHeuristic
522208008,Checkers,0,GAME_OVER,62,61,2,5,MCTS_CheckersHeuristic,MCTS_CheckersHeuristic
1481544050,Checkers,0,GAME_OVER,50,49,2,6,MCTS_CheckersHeuristic,MCTS_CheckersHeuristic
2045888587,Checkers,0,GAME_OVER,52,51,2,7,MCTS_CheckersHeuristic,MCTS_CheckersHeuristic
2071643935,Checkers,0,GAME_OVER,122,121,2,8,MCTS_CheckersHeuristic,MCTS_CheckersHeuristic
-1558754475,Checkers,0,GAME_OVER,89,88,2,9,MCTS_CheckersHeuristic,MCTS_CheckersHeuristic
-446015633,Checkers,0,GAME_OVER,64,63,2,10,MCTS_CheckersHeuristic,MCTS_CheckersHeuristic
-650419990,Checkers,0,GAME_OVER,156,155,2,11,MCTS_CheckersHeuristic,MCTS_CheckersHeuristic
144074216,Checkers,0,GAME_OVER,45,44,2,12,MCTS_CheckersHeuristic,MCTS_CheckersHeuristic
-314185299,Checkers,0,GAME_OVER,62,61,2,13,MCTS_CheckersHeuristic,MCTS_CheckersHeuristic
-1437395352,Checkers,0,GAME_OVER,54,53,2,14,MCTS_CheckersHeuristic,MCTS_CheckersHeuristic
563421040,Checkers,0,GAME_OVER,49,48,2,15,MCTS_CheckersHeuristic,MCTS_CheckersHeuristic
-1295987043,Checkers,0,GAME_OVER,102,101,2,16,MCTS_CheckersHeuristic,MCTS_CheckersHeuristic
-1827331606,Checkers,0,GAME_OVER,60,59,2,17,MCTS_CheckersHeuristic,MCTS_CheckersHeuristic
-1643482254,Checkers,0,GAME_OVER,54,53,2,18,MCTS_CheckersHeuristic,MCTS_CheckersHeuristic
-1452034605,Checkers,0,GAME_OVER,74,73,2,19,MCTS_CheckersHeuristic,MCTS_CheckersHeuristic
1282346219,Checkers,0,GAME_OVER,125,124,2,20,MCTS_CheckersHeuristic,MCTS_CheckersHeuristic
415036606,Checkers,0,GAME_OVER,51,50,2,21,MCTS_CheckersHeuristic,MCTS_CheckersHeuristic
-518486764,Checkers,0,GAME_OVER,109,108,2,22,MCTS_CheckersHeuristic,MCTS_CheckersHeuristic
675924267,Checkers,0,GAME_OVER,144,143,2,23,MCTS_CheckersHeuristic,MCTS_CheckersHeuristic
-796841250,Checkers,0,GAME_OVER,98,97,2,24,MCTS_CheckersHeuristic,MCTS_CheckersHeuristic
353735071,Checkers,0,GAME_OVER,83,82,2,25,MCTS_CheckersHeuristic,MCTS_CheckersHeuristic
-1787867092,Checkers,0,GAME_OVER,105,104,2,26,MCTS_CheckersHeuristic,MCTS_CheckersHeuristic
-557254966,Checkers,0,GAME_OVER,51,50,2,27,MCTS_CheckersHeuristic,MCTS_CheckersHeuristic
-151956897,Checkers,0,GAME_OVER,59,58,2,28,MCTS_CheckersHeuristic,MCTS_CheckersHeuristic
905262079,Checkers,0,GAME_OVER,61,60,2,29,MCTS_CheckersHeuristic,MCTS_CheckersHeuristic
319729427,Checkers,0,GAME_OVER,103,102,2,30,MCTS_CheckersHeuristic,MCTS_CheckersHeuristic
-1887070577,Checkers,0,GAME_OVER,55,54,2,31,MCTS_CheckersHeuristic,MCTS_CheckersHeuristic
815071997,Checkers,0,GAME_OVER,67,66,2,32,MCTS_CheckersHeuristic,MCTS_CheckersHeuristic
-1871568959,Checkers,0,GAME_OVER,78,77,2,33,MCTS_CheckersHeuristic,MCTS_CheckersHeuristic
-1344469249,Checkers,0,GAME_OVER,53,52,2,34,MCTS_CheckersHeuristic,MCTS_CheckersHeuristic
962842235,Checkers,0,GAME_OVER,109,108,2,35,MCTS_CheckersHeuristic,MCTS_CheckersHeuristic
1804951535,Checkers,0,GAME_OVER,93,92,2,36,MCTS_CheckersHeuristic,MCTS_CheckersHeuristic
-1042059033,Checkers,0,GAME_OVER,78,77,2,37,MCTS_CheckersHeuristic,MCTS_CheckersHeuristic
428568489,Checkers,0,GAME_OVER,57,56,2,38,MCTS_CheckersHeuristic,MCTS_CheckersHeuristic
478792580,Checkers,0,GAME_OVER,53,52,2,39,MCTS_CheckersHeuristic,MCTS_CheckersHeuristic
152033881,Checkers,0,GAME_OVER,115,114,2,40,MCTS_CheckersHeuristic,MCTS_CheckersHeuristic
-856509809,Checkers,0,GAME_OVER,137,136,2,41,MCTS_CheckersHeuristic,MCTS_CheckersHeuristic
77738287,Checkers,0,GAME_OVER,53,52,2,42,MCTS_CheckersHeuristic,MCTS_CheckersHeuristic
1107047337,Checkers,0,GAME_OVER,61,60,2,43,MCTS_CheckersHeuristic,MCTS_CheckersHeuristic
-1415529522,Checkers,0,GAME_OVER,49,48,2,44,MCTS_CheckersHeuristic,MCTS_CheckersHeuristic
-1397001953,Checkers,0,GAME_OVER,76,75,2,45,MCTS_CheckersHeuristic,MCTS_CheckersHeuristic
238861370,Checkers,0,GAME_OVER,52,51,2,46,MCTS_CheckersHeuristic,MCTS_CheckersHeuristic
1925653830,Checkers,0,GAME_OVER,48,47,2,47,MCTS_CheckersHeuristic,MCTS_CheckersHeuristic
-2102569706,Checkers,0,GAME_OVER,63,62,2,48,MCTS_CheckersHeuristic,MCTS_CheckersHeuristic
504708031,Checkers,0,GAME_OVER,51,50,2,49,MCTS_CheckersHeuristic,MCTS_CheckersHeuristic
-590708637,Checkers,0,GAME_OVER,78,77,2,50,MCTS_CheckersHeuristic,MCTS_CheckersHeuristic
-957917271,Checkers,0,GAME_OVER,43,42,2,51,MCTS_CheckersHeuristic,MCTS_CheckersHeuristic
-144976592,Checkers,0,GAME_OVER,130,129,2,52,MCTS_CheckersHeuristic,MCTS_CheckersHeuristic
-1611151097,Checkers,0,GAME_OVER,71,70,2,53,MCTS_CheckersHeuristic,MCTS_CheckersHeuristic
832324818,Checkers,0,GAME_OVER,121,120,2,54,MCTS_CheckersHeuristic,MCTS_CheckersHeuristic
189542628,Checkers,0,GAME_OVER,49,48,2,55,MCTS_CheckersHeuristic,MCTS_CheckersHeuristic
-226292582,Checkers,0,GAME_OVER,59,58,2,56,MCTS_CheckersHeuristic,MCTS_CheckersHeuristic
-1632619783,Checkers,0,GAME_OVER,72,71,2,57,MCTS_CheckersHeuristic,MCTS_CheckersHeuristic
-10754264,Checkers,0,GAME_OVER,46,45,2,58,MCTS_CheckersHeuristic,MCTS_CheckersHeuristic
-1702566684,Checkers,0,GAME_OVER,112,111,2,59,MCTS_CheckersHeuristic,MCTS_CheckersHeuristic
-1497587505,Checkers,0,GAME_OVER,95,94,2,60,MCTS_CheckersHeuristic,MCTS_CheckersHeuristic
-845578703,Checkers,0,GAME_OVER,50,49,2,61,MCTS_CheckersHeuristic,MCTS_CheckersHeuristic
587637918,Checkers,0,GAME_OVER,52,51,2,62,MCTS_CheckersHeuristic,MCTS_CheckersHeuristic
-1573391934,Checkers,0,GAME_OVER,63,62,2,63,MCTS_CheckersHeuristic,MCTS_CheckersHeuristic
-211258352,Checkers,0,GAME_OVER,63,62,2,64,MCTS_CheckersHeuristic,MCTS_CheckersHeuristic
-8789926,Checkers,0,GAME_OVER,133,132,2,65,MCTS_CheckersHeuristic,MCTS_CheckersHeuristic
-606056082,Checkers,0,GAME_OVER,54,53,2,66,MCTS_CheckersHeuristic,MCTS_CheckersHeuristic
-2119856807,Checkers,0,GAME_OVER,97,96,2,67,MCTS_CheckersHeuristic,MCTS_CheckersHeuristic
756565351,Checkers,0,GAME_OVER,69,68,2,68,MCTS_CheckersHeuristic,MCTS_CheckersHeuristic
701069796,Checkers,0,GAME_OVER,70,69,2,69,MCTS_CheckersHeuristic,MCTS_CheckersHeuristic
89662065,Checkers,0,GAME_OVER,71,70,2,70,MCTS_CheckersHeuristic,MCTS_CheckersHeuristic
409655320,Checkers,0,GAME_OVER,107,106,2,71,MCTS_CheckersHeuristic,MCTS_CheckersHeuristic
-1178153752,Checkers,0,GAME_OVER,53,52,2,72,MCTS_CheckersHeuristic,MCTS_CheckersHeuristic
1916696307,Checkers,0,GAME_OVER,188,187,2,73,MCTS_CheckersHeuristic,MCTS_CheckersHeuristic
-1170346743,Checkers,0,GAME_OVER,192,191,2,74,MCTS_CheckersHeuristic,MCTS_CheckersHeuristic
-1178277608,Checkers,0,GAME_OVER,60,59,2,75,MCTS_CheckersHeuristic,MCTS_CheckersHeuristic
1538119737,Checkers,0,GAME_OVER,56,55,2,76,MCTS_CheckersHeuristic,MCTS_CheckersHeuristic
725994394,Checkers,0,GAME_OVER,59,58,2,77,MCTS_CheckersHeuristic,MCTS_CheckersHeuristic
-449773248,Checkers,0,GAME_OVER,125,124,2,78,MCTS_CheckersHeuristic,MCTS_CheckersHeuristic
-1796208784,Checkers,0,GAME_OVER,53,52,2,79,MCTS_CheckersHeuristic,MCTS_CheckersHeuristic
-524080299,Checkers,0,GAME_OVER,81,80,2,80,MCTS_CheckersHeuristic,MCTS_CheckersHeuristic
-355532984,Checkers,0,GAME_OVER,55,54,2,81,MCTS_CheckersHeuristic,MCTS_CheckersHeuristic
891290161,Checkers,0,GAME_OVER,114,113,2,82,MCTS_CheckersHeuristic,MCTS_CheckersHeuristic
-533683000,Checkers,0,GAME_OVER,133,132,2,83,MCTS_CheckersHeuristic,MCTS_CheckersHeuristic
-551802484,Checkers,0,GAME_OVER,75,74,2,84,MCTS_CheckersHeuristic,MCTS_CheckersHeuristic
-1840989310,Checkers,0,GAME_OVER,67,66,2,85,MCTS_CheckersHeuristic,MCTS_CheckersHeuristic
2017681574,Checkers,0,GAME_OVER,105,104,2,86,MCTS_CheckersHeuristic,MCTS_CheckersHeuristic
-421991124,Checkers,0,GAME_OVER,55,54,2,87,MCTS_CheckersHeuristic,MCTS_CheckersHeuristic
469011149,Checkers,0,GAME_OVER,47,46,2,88,MCTS_CheckersHeuristic,MCTS_CheckersHeuristic
1173557714,Checkers,0,GAME_OVER,140,139,2,89,MCTS_CheckersHeuristic,MCTS_CheckersHeuristic
-361604094,Checkers,0,GAME_OVER,46,45,2,90,MCTS_CheckersHeuristic,MCTS_CheckersHeuristic
1282867234,Checkers,0,GAME_OVER,57,56,2,91,MCTS_CheckersHeuristic,MCTS_CheckersHeuristic
-1542151897,Checkers,0,GAME_OVER,58,57,2,92,MCTS_CheckersHeuristic,MCTS_CheckersHeuristic
1085779199,Checkers,0,GAME_OVER,53,52,2,93,MCTS_CheckersHeuristic,MCTS_CheckersHeuristic
390901089,Checkers,0,GAME_OVER,52,51,2,94,MCTS_CheckersHeuristic,MCTS_CheckersHeuristic
-981129475,Checkers,0,GAME_OVER,45,44,2,95,MCTS_CheckersHeuristic,MCTS_CheckersHeuristic
-1390939507,Checkers,0,GAME_OVER,169,168,2,96,MCTS_CheckersHeuristic,MCTS_CheckersHeuristic
-437821059,Checkers,0,GAME_OVER,59,58,2,97,MCTS_CheckersHeuristic,MCTS_CheckersHeuristic
2075214077,Checkers,0,GAME_OVER,58,57,2,98,MCTS_CheckersHeuristic,MCTS_CheckersHeuristic
565615731,Checkers,0,GAME_OVER,46,45,2,99,MCTS_CheckersHeuristic,MCTS_CheckersHeuristic
1205676761,Checkers,0,GAME_OVER,60,59,2,100,MCTS_CheckersHeuristic,MCTS_CheckersHeuristic
-501755609,Checkers,0,GAME_OVER,62,61,2,101,MCTS_CheckersHeuristic,MCTS_CheckersHeuristic
-1499684397,Checkers,0,GAME_OVER,71,70,2,102,MCTS_CheckersHeuristic,MCTS_CheckersHeuristic
-1836009107,Checkers,0,GAME_OVER,46,45,2,103,MCTS_CheckersHeuristic,MCTS_CheckersHeuristic
963947027,Checkers,0,GAME_OVER,127,126,2,104,MCTS_CheckersHeuristic,MCTS_CheckersHeuristic
-80538069,Checkers,0,GAME_OVER,57,56,2,105,MCTS_CheckersHeuristic,MCTS_CheckersHeuristic
-1374684283,Checkers,0,GAME_OVER,53,52,2,106,MCTS_CheckersHeuristic,MCTS_CheckersHeuristic
1940495134,Checkers,0,GAME_OVER,43,42,2,107,MCTS_CheckersHeuristic,MCTS_CheckersHeuristic
-109890830,Checkers,0,GAME_OVER,118,117,2,108,MCTS_CheckersHeuristic,MCTS_CheckersHeuristic
-64575164,Checkers,0,GAME_OVER,57,56,2,109,MCTS_CheckersHeuristic,MCTS_CheckersHeuristic
-78915966,Checkers,0,GAME_OVER,49,48,2,110,MCTS_CheckersHeuristic,MCTS_CheckersHeuristic
-1377659306,Checkers,0,GAME_OVER,62,61,2,111,MCTS_CheckersHeuristic,MCTS_CheckersHeuristic
-1629323870,Checkers,0,GAME_OVER,48,47,2,112,MCTS_CheckersHeuristic,MCTS_CheckersHeuristic
-2230482,Checkers,0,GAME_OVER,114,113,2,113,MCTS_CheckersHeuristic,MCTS_CheckersHeuristic
-1195904413,Checkers,0,GAME_OVER,82,81,2,114,MCTS_CheckersHeuristic,MCTS_CheckersHeuristic
-578417640,Checkers,0,GAME_OVER,114,113,2,115,MCTS_CheckersHeuristic,MCTS_CheckersHeuristic
945926855,Checkers,0,GAME_OVER,54,53,2,116,MCTS_CheckersHeuristic,MCTS_CheckersHeuristic
88889687,Checkers,0,GAME_OVER,47,46,2,117,MCTS_CheckersHeuristic,MCTS_CheckersHeuristic
763617944,Checkers,0,GAME_OVER,81,80,2,118,MCTS_CheckersHeuristic,MCTS_CheckersHeuristic
1100313449,Checkers,0,GAME_OVER,37,36,2,119,MCTS_CheckersHeuristic,MCTS_CheckersHeuristic
-1264315711,Checkers,0,GAME_OVER,51,50,2,120,MCTS_CheckersHeuristic,MCTS_CheckersHeuristic
-497981998,Checkers,0,GAME_OVER,60,59,2,121,MCTS_CheckersHeuristic,MCTS_CheckersHeuristic
-1784524477,Checkers,0,GAME_OVER,128,127,2,122,MCTS_CheckersHeuristic,MCTS_CheckersHeuristic
-770855830,Checkers,0,GAME_OVER,169,168,2,123,MCTS_CheckersHeuristic,MCTS_CheckersHeuristic
-1365488335,Checkers,0,GAME_OVER,52,51,2,124,MCTS_CheckersHeuristic,MCTS_CheckersHeuristic
1216203408,Checkers,0,GAME_OVER,47,46,2,125,MCTS_CheckersHeuristic,MCTS_CheckersHeuristic
846924899,Checkers,0,GAME_OVER,52,51,2,126,MCTS_CheckersHeuristic,MCTS_CheckersHeuristic
-1464536919,Checkers,0,GAME_OVER,52,51,2,127,MCTS_CheckersHeuristic,MCTS_CheckersHeuristic
2022132924,Checkers,0,GAME_OVER,87,86,2,128,MCTS_CheckersHeuristic,MCTS_CheckersHeuristic
-59889711,Checkers,0,GAME_OVER,50,49,2,129,MCTS_CheckersHeuristic,MCTS_CheckersHeuristic
2010005813,Checkers,0,GAME_OVER,56,55,2,130,MCTS_CheckersHeuristic,MCTS_CheckersHeuristic
-1117326157,Checkers,0,GAME_OVER,86,85,2,131,MCTS_CheckersHeuristic,MCTS_CheckersHeuristic
-84837618,Checkers,0,GAME_OVER,60,59,2,132,MCTS_CheckersHeuristic,MCTS_CheckersHeuristic
-1311466025,Checkers,0,GAME_OVER,51,50,2,133,MCTS_CheckersHeuristic,MCTS_CheckersHeuristic
184912342,Checkers,0,GAME_OVER,133,132,2,134,MCTS_CheckersHeuristic,MCTS_CheckersHeuristic
956894957,Checkers,0,GAME_OVER,106,105,2,135,MCTS_CheckersHeuristic,MCTS_CheckersHeuristic
83738914,Checkers,0,GAME_OVER,79,78,2,136,MCTS_CheckersHeuristic,MCTS_CheckersHeuristic
983630301,Checkers,0,GAME_OVER,60,59,2,137,MCTS_CheckersHeuristic,MCTS_CheckersHeuristic
1607840044,Checkers,0,GAME_OVER,141,140,2,138,MCTS_CheckersHeuristic,MCTS_CheckersHeuristic
-895912029,Checkers,0,GAME_OVER,78,77,2,139,MCTS_CheckersHeuristic,MCTS_CheckersHeuristic
-1578776641,Checkers,0,GAME_OVER,57,56,2,140,MCTS_CheckersHeuristic,MCTS_CheckersHeuristic
440593991,Checkers,0,GAME_OVER,93,92,2,141,MCTS_CheckersHeuristic,MCTS_CheckersHeuristic
-841068281,Checkers,0,GAME_OVER,168,167,2,142,MCTS_CheckersHeuristic,MCTS_CheckersHeuristic
1164572257,Checkers,0,GAME_OVER,60,59,2,143,MCTS_CheckersHeuristic,MCTS_CheckersHeuristic
-786482107,Checkers,0,GAME_OVER,72,71,2,144,MCTS_CheckersHeuristic,MCTS_CheckersHeuristic
-973069799,Checkers,0,GAME_OVER,45,44,2,145,MCTS_CheckersHeuristic,MCTS_CheckersHeuristic
639807106,Checkers,0,GAME_OVER,43,42,2,146,MCTS_CheckersHeuristic,MCTS_CheckersHeuristic
-1077440383,Checkers,0,GAME_OVER,78,77,2,147,MCTS_CheckersHeuristic,MCTS_CheckersHeuristic
-2096489047,Checkers,0,GAME_OVER,50,49,2,148,MCTS_CheckersHeuristic,MCTS_CheckersHeuristic
1275913133,Checkers,0,GAME_OVER,65,64,2,149,MCTS_CheckersHeuristic,MCTS_CheckersHeuristic
-687245137,Checkers,0,GAME_OVER,51,50,2,150,MCTS_CheckersHeuristic,MCTS_CheckersHeuristic
-1554641659,Checkers,0,GAME_OVER,59,58,2,151,MCTS_CheckersHeuristic,MCTS_CheckersHeuristic
667440573,Checkers,0,GAME_OVER,81,80,2,152,MCTS_CheckersHeuristic,MCTS_CheckersHeuristic
465263264,Checkers,0,GAME_OVER,67,66,2,153,MCTS_CheckersHeuristic,MCTS_CheckersHeuristic
944196978,Checkers,0,GAME_OVER,50,49,2,154,MCTS_CheckersHeuristic,MCTS_CheckersHeuristic
-310419034,Checkers,0,GAME_OVER,52,51,2,155,MCTS_CheckersHeuristic,MCTS_CheckersHeuristic
555688628,Checkers,0,GAME_OVER,63,62,2,156,MCTS_CheckersHeuristic,MCTS_CheckersHeuristic
-990767859,Checkers,0,GAME_OVER,49,48,2,157,MCTS_CheckersHeuristic,MCTS_CheckersHeuristic
1878141101,Checkers,0,GAME_OVER,62,61,2,158,MCTS_CheckersHeuristic,MCTS_CheckersHeuristic
-607888083,Checkers,0,GAME_OVER,53,52,2,159,MCTS_CheckersHeuristic,MCTS_CheckersHeuristic
2001147109,Checkers,0,GAME_OVER,107,106,2,160,MCTS_CheckersHeuristic,MCTS_CheckersHeuristic
-1150735363,Checkers,0,GAME_OVER,63,62,2,161,MCTS_CheckersHeuristic,MCTS_CheckersHeuristic
-1254481507,Checkers,0,GAME_OVER,44,43,2,162,MCTS_CheckersHeuristic,MCTS_CheckersHeuristic
-1631771904,Checkers,0,GAME_OVER,53,52,2,163,MCTS_CheckersHeuristic,MCTS_CheckersHeuristic
-1013472049,Checkers,0,GAME_OVER,139,138,2,164,MCTS_CheckersHeuristic,MCTS_CheckersHeuristic
774945565,Checkers,0,GAME_OVER,52,51,2,165,MCTS_CheckersHeuristic,MCTS_CheckersHeuristic
1445337731,Checkers,0,GAME_OVER,41,40,2,166,MCTS_CheckersHeuristic,MCTS_CheckersHeuristic
1953319935,Checkers,0,GAME_OVER,90,89,2,167,MCTS_CheckersHeuristic,MCTS_CheckersHeuristic
390571357,Checkers,0,GAME_OVER,63,62,2,168,MCTS_CheckersHeuristic,MCTS_CheckersHeuristic
2096799665,Checkers,0,GAME_OVER,98,97,2,169,MCTS_CheckersHeuristic,MCTS_CheckersHeuristic
-1971763578,Checkers,0,GAME_OVER,48,47,2,170,MCTS_CheckersHeuristic,MCTS_CheckersHeuristic
-797392752,Checkers,0,GAME_OVER,107,106,2,171,MCTS_CheckersHeuristic,MCTS_CheckersHeuristic
-129231254,Checkers,0,GAME_OVER,52,51,2,172,MCTS_CheckersHeuristic,MCTS_CheckersHeuristic
-1647529271,Checkers,0,GAME_OVER,107,106,2,173,MCTS_CheckersHeuristic,MCTS_CheckersHeuristic
-1596937769,Checkers,0,GAME_OVER,54,53,2,174,MCTS_CheckersHeuristic,MCTS_CheckersHeuristic
1812176888,Checkers,0,GAME_OVER,86,85,2,175,MCTS_CheckersHeuristic,MCTS_CheckersHeuristic
1727208326,Checkers,0,GAME_OVER,80,79,2,176,MCTS_CheckersHeuristic,MCTS_CheckersHeuristic
778039985,Checkers,0,GAME_OVER,73,72,2,177,MCTS_CheckersHeuristic,MCTS_CheckersHeuristic
-1302988778,Checkers,0,GAME_OVER,124,123,2,178,MCTS_CheckersHeuristic,MCTS_CheckersHeuristic
953731308,Checkers,0,GAME_OVER,90,89,2,179,MCTS_CheckersHeuristic,MCTS_CheckersHeuristic
1148263162,Checkers,0,GAME_OVER,60,59,2,180,MCTS_CheckersHeuristic,MCTS_CheckersHeuristic
-138129491,Checkers,0,GAME_OVER,56,55,2,181,MCTS_CheckersHeuristic,MCTS_CheckersHeuristic
-1487440652,Checkers,0,GAME_OVER,175,174,2,182,MCTS_CheckersHeuristic,MCTS_CheckersHeuristic
420992871,Checkers,0,GAME_OVER,151,150,2,183,MCTS_CheckersHeuristic,MCTS_CheckersHeuristic
-1317910263,Checkers,0,GAME_OVER,123,122,2,184,MCTS_CheckersHeuristic,MCTS_CheckersHeuristic
1344802789,Checkers,0,GAME_OVER,75,74,2,185,MCTS_CheckersHeuristic,MCTS_CheckersHeuristic
-1175799016,Checkers,0,GAME_OVER,62,61,2,186,MCTS_CheckersHeuristic,MCTS_CheckersHeuristic
-815486018,Checkers,0,GAME_OVER,55,54,2,187,MCTS_CheckersHeuristic,MCTS_CheckersHeuristic
-467459208,Checkers,0,GAME_OVER,99,98,2,188,MCTS_CheckersHeuristic,MCTS_CheckersHeuristic
823983774,Checkers,0,GAME_OVER,54,53,2,189,MCTS_CheckersHeuristic,MCTS_CheckersHeuristic
-1246065338,Checkers,0,GAME_OVER,80,79,2,190,MCTS_CheckersHeuristic,MCTS_CheckersHeuristic
413126385,Checkers,0,GAME_OVER,54,53,2,191,MCTS_CheckersHeuristic,MCTS_CheckersHeuristic
457613648,Checkers,0,GAME_OVER,165,164,2,192,MCTS_CheckersHeuristic,MCTS_CheckersHeuristic
-1482368342,Checkers,0,GAME_OVER,136,135,2,193,MCTS_CheckersHeuristic,MCTS_CheckersHeuristic
1132336574,Checkers,0,GAME_OVER,52,51,2,194,MCTS_CheckersHeuristic,MCTS_CheckersHeuristic
416303171,Checkers,0,GAME_OVER,158,157,2,195,MCTS_CheckersHeuristic,MCTS_CheckersHeuristic
1343822562,Checkers,0,GAME_OVER,52,51,2,196,MCTS_CheckersHeuristic,MCTS_CheckersHeuristic
-906905566,Checkers,0,GAME_OVER,90,89,2,197,MCTS_CheckersHeuristic,MCTS_CheckersHeuristic
-1919272990,Checkers,0,GAME_OVER,57,56,2,198,MCTS_CheckersHeuristic,MCTS_CheckersHeuristic
-564348917,Checkers,0,GAME_OVER,55,54,2,199,MCTS_CheckersHeuristic,MCTS_CheckersHeuristic
-148165108,Checkers,0,GAME_OVER,55,54,2,200,MCTS_CheckersHeuristic,MCTS_CheckersHeuristic
-463582895,Checkers,0,GAME_OVER,49,48,2,201,MCTS_CheckersHeuristic,MCTS_CheckersHeuristic
-2035590615,Checkers,0,GAME_OVER,95,94,2,202,OSLA,MCTS_CheckersHeuristic
-578946317,Checkers,0,GAME_OVER,48,47,2,203,OSLA,MCTS_CheckersHeuristic
1621758891,Checkers,0,GAME_OVER,64,63,2,204,OSLA,MCTS_CheckersHeuristic
522208008,Checkers,0,GAME_OVER,53,52,2,205,OSLA,MCTS_CheckersHeuristic
1481544050,Checkers,0,GAME_OVER,72,71,2,206,OSLA,MCTS_CheckersHeuristic
2045888587,Checkers,0,GAME_OVER,94,93,2,207,OSLA,MCTS_CheckersHeuristic
2071643935,Checkers,0,GAME_OVER,73,72,2,208,OSLA,MCTS_CheckersHeuristic
-1558754475,Checkers,0,GAME_OVER,55,54,2,209,OSLA,MCTS_CheckersHeuristic
-446015633,Checkers,0,GAME_OVER,65,64,2,210,OSLA,MCTS_CheckersHeuristic
-650419990,Checkers,0,GAME_OVER,149,148,2,211,OSLA,MCTS_CheckersHeuristic
144074216,Checkers,0,GAME_OVER,55,54,2,212,OSLA,MCTS_CheckersHeuristic
-314185299,Checkers,0,GAME_OVER,62,61,2,213,OSLA,MCTS_CheckersHeuristic
-1437395352,Checkers,0,GAME_OVER,94,93,2,214,OSLA,MCTS_CheckersHeuristic
563421040,Checkers,0,GAME_OVER,62,61,2,215,OSLA,MCTS_CheckersHeuristic
-1295987043,Checkers,0,GAME_OVER,42,41,2,216,OSLA,MCTS_CheckersHeuristic
-1827331606,Checkers,0,GAME_OVER,58,57,2,217,OSLA,MCTS_CheckersHeuristic
-1643482254,Checkers,0,GAME_OVER,64,63,2,218,OSLA,MCTS_CheckersHeuristic
-1452034605,Checkers,0,GAME_OVER,106,105,2,219,OSLA,MCTS_CheckersHeuristic
1282346219,Checkers,0,GAME_OVER,76,75,2,220,OSLA,MCTS_CheckersHeuristic
415036606,Checkers,0,GAME_OVER,69,68,2,221,OSLA,MCTS_CheckersHeuristic
-518486764,Checkers,0,GAME_OVER,166,165,2,222,OSLA,MCTS_CheckersHeuristic
675924267,Checkers,0,GAME_OVER,105,104,2,223,OSLA,MCTS_CheckersHeuristic
-796841250,Checkers,0,GAME_OVER,57,56,2,224,OSLA,MCTS_CheckersHeuristic
353735071,Checkers,0,GAME_OVER,54,53,2,225,OSLA,MCTS_CheckersHeuristic
-1787867092,Checkers,0,GAME_OVER,48,47,2,226,OSLA,MCTS_CheckersHeuristic
-557254966,Checkers,0,GAME_OVER,58,57,2,227,OSLA,MCTS_CheckersHeuristic
-151956897,Checkers,0,GAME_OVER,85,84,2,228,OSLA,MCTS_CheckersHeuristic
905262079,Checkers,0,GAME_OVER,54,53,2,229,OSLA,MCTS_CheckersHeuristic
319729427,Checkers,0,GAME_OVER,63,62,2,230,OSLA,MCTS_CheckersHeuristic
-1887070577,Checkers,0,GAME_OVER,64,63,2,231,OSLA,MCTS_CheckersHeuristic
815071997,Checkers,0,GAME_OVER,93,92,2,232,OSLA,MCTS_CheckersHeuristic
-1871568959,Checkers,0,GAME_OVER,74,73,2,233,OSLA,MCTS_CheckersHeuristic
-1344469249,Checkers,0,GAME_OVER,51,50,2,234,OSLA,MCTS_CheckersHeuristic
962842235,Checkers,0,GAME_OVER,67,66,2,235,OSLA,MCTS_CheckersHeuristic
1804951535,Checkers,0,GAME_OVER,149,148,2,236,OSLA,MCTS_CheckersHeuristic
-1042059033,Checkers,0,GAME_OVER,49,48,2,237,OSLA,MCTS_CheckersHeuristic
428568489,Checkers,0,GAME_OVER,57,56,2,238,OSLA,MCTS_CheckersHeuristic
478792580,Checkers,0,GAME_OVER,59,58,2,239,OSLA,MCTS_CheckersHeuristic
152033881,Checkers,0,GAME_OVER,80,79,2,240,OSLA,MCTS_CheckersHeuristic
-856509809,Checkers,0,GAME_OVER,57,56,2,241,OSLA,MCTS_CheckersHeuristic
77738287,Checkers,0,GAME_OVER,94,93,2,242,OSLA,MCTS_CheckersHeuristic
1107047337,Checkers,0,GAME_OVER,46,45,2,243,OSLA,MCTS_CheckersHeuristic
-1415529522,Checkers,0,GAME_OVER,106,105,2,244,OSLA,MCTS_CheckersHeuristic
-1397001953,Checkers,0,GAME_OVER,98,97,2,245,OSLA,MCTS_CheckersHeuristic
238861370,Checkers,0,GAME_OVER,58,57,2,246,OSLA,MCTS_CheckersHeuristic
1925653830,Checkers,0,GAME_OVER,66,65,2,247,OSLA,MCTS_CheckersHeuristic
-2102569706,Checkers,0,GAME_OVER,83,82,2,248,OSLA,MCTS_CheckersHeuristic
504708031,Checkers,0,GAME_OVER,49,48,2,249,OSLA,MCTS_CheckersHeuristic
-590708637,Checkers,0,GAME_OVER,74,73,2,250,OSLA,MCTS_CheckersHeuristic
-957917271,Checkers,0,GAME_OVER,61,60,2,251,OSLA,MCTS_CheckersHeuristic
-144976592,Checkers,0,GAME_OVER,60,59,2,252,OSLA,MCTS_CheckersHeuristic
-1611151097,Checkers,0,GAME_OVER,44,43,2,253,OSLA,MCTS_CheckersHeuristic
832324818,Checkers,0,GAME_OVER,72,71,2,254,OSLA,MCTS_CheckersHeuristic
189542628,Checkers,0,GAME_OVER,77,76,2,255,OSLA,MCTS_CheckersHeuristic
-226292582,Checkers,0,GAME_OVER,75,74,2,256,OSLA,MCTS_CheckersHeuristic
-1632619783,Checkers,0,GAME_OVER,52,51,2,257,OSLA,MCTS_CheckersHeuristic
-10754264,Checkers,0,GAME_OVER,59,58,2,258,OSLA,MCTS_CheckersHeuristic
-1702566684,Checkers,0,GAME_OVER,151,150,2,259,OSLA,MCTS_CheckersHeuristic
-1497587505,Checkers,0,GAME_OVER,53,52,2,260,OSLA,MCTS_CheckersHeuristic
-845578703,Checkers,0,GAME_OVER,69,68,2,261,OSLA,MCTS_CheckersHeuristic
587637918,Checkers,0,GAME_OVER,48,47,2,262,OSLA,MCTS_CheckersHeuristic
-1573391934,Checkers,0,GAME_OVER,99,98,2,263,OSLA,MCTS_CheckersHeuristic
-211258352,Checkers,0,GAME_OVER,50,49,2,264,OSLA,MCTS_CheckersHeuristic
-8789926,Checkers,0,GAME_OVER,98,97,2,265,OSLA,MCTS_CheckersHeuristic
-606056082,Checkers,0,GAME_OVER,51,50,2,266,OSLA,MCTS_CheckersHeuristic
-2119856807,Checkers,0,GAME_OVER,92,91,2,267,OSLA,MCTS_CheckersHeuristic
756565351,Checkers,0,GAME_OVER,97,96,2,268,OSLA,MCTS_CheckersHeuristic
701069796,Checkers,0,GAME_OVER,55,54,2,269,OSLA,MCTS_CheckersHeuristic
89662065,Checkers,0,GAME_OVER,115,114,2,270,OSLA,MCTS_CheckersHeuristic
409655320,Checkers,0,GAME_OVER,66,65,2,271,OSLA,MCTS_CheckersHeuristic
-1178153752,Checkers,0,GAME_OVER,60,59,2,272,OSLA,MCTS_CheckersHeuristic
1916696307,Checkers,0,GAME_OVER,62,61,2,273,OSLA,MCTS_CheckersHeuristic
-1170346743,Checkers,0,GAME_OVER,71,70,2,274,OSLA,MCTS_CheckersHeuristic
-1178277608,Checkers,0,GAME_OVER,128,127,2,275,OSLA,MCTS_CheckersHeuristic
1538119737,Checkers,0,GAME_OVER,62,61,2,276,OSLA,MCTS_CheckersHeuristic
725994394,Checkers,0,GAME_OVER,59,58,2,277,OSLA,MCTS_CheckersHeuristic
-449773248,Checkers,0,GAME_OVER,82,81,2,278,OSLA,MCTS_CheckersHeuristic
-1796208784,Checkers,0,GAME_OVER,63,62,2,279,OSLA,MCTS_CheckersHeuristic
-524080299,Checkers,0,GAME_OVER,88,87,2,280,OSLA,MCTS_CheckersHeuristic
-355532984,Checkers,0,GAME_OVER,103,102,2,281,OSLA,MCTS_CheckersHeuristic
891290161,Checkers,0,GAME_OVER,51,50,2,282,OSLA,MCTS_CheckersHeuristic
-533683000,Checkers,0,GAME_OVER,53,52,2,283,OSLA,MCTS_CheckersHeuristic
-551802484,Checkers,0,GAME_OVER,121,120,2,284,OSLA,MCTS_CheckersHeuristic
-1840989310,Checkers,0,GAME_OVER,51,50,2,285,OSLA,MCTS_CheckersHeuristic
2017681574,Checkers,0,GAME_OVER,45,44,2,286,OSLA,MCTS_CheckersHeuristic
-421991124,Checkers,0,GAME_OVER,73,72,2,287,OSLA,MCTS_CheckersHeuristic
469011149,Checkers,0,GAME_OVER,73,72,2,288,OSLA,MCTS_CheckersHeuristic
1173557714,Checkers,0,GAME_OVER,61,60,2,289,OSLA,MCTS_CheckersHeuristic
-361604094,Checkers,0,GAME_OVER,70,69,2,290,OSLA,MCTS_CheckersHeuristic
1282867234,Checkers,0,GAME_OVER,53,52,2,291,OSLA,MCTS_CheckersHeuristic
-1542151897,Checkers,0,GAME_OVER,51,50,2,292,OSLA,MCTS_CheckersHeuristic
1085779199,Checkers,0,GAME_OVER,71,70,2,293,OSLA,MCTS_CheckersHeuristic
390901089,Checkers,0,GAME_OVER,78,77,2,294,OSLA,MCTS_CheckersHeuristic
-981129475,Checkers,0,GAME_OVER,65,64,2,295,OSLA,MCTS_CheckersHeuristic
-1390939507,Checkers,0,GAME_OVER,94,93,2,296,OSLA,MCTS_CheckersHeuristic
-437821059,Checkers,0,GAME_OVER,96,95,2,297,OSLA,MCTS_CheckersHeuristic
2075214077,Checkers,0,GAME_OVER,50,49,2,298,OSLA,MCTS_CheckersHeuristic
565615731,Checkers,0,GAME_OVER,73,72,2,299,OSLA,MCTS_CheckersHeuristic
1205676761,Checkers,0,GAME_OVER,95,94,2,300,OSLA,MCTS_CheckersHeuristic
-501755609,Checkers,0,GAME_OVER,136,135,2,301,OSLA,MCTS_CheckersHeuristic
-1499684397,Checkers,0,GAME_OVER,71,70,2,302,OSLA,MCTS_CheckersHeuristic
-1836009107,Checkers,0,GAME_OVER,112,111,2,303,OSLA,MCTS_CheckersHeuristic
963947027,Checkers,0,GAME_OVER,66,65,2,304,OSLA,MCTS_CheckersHeuristic
-80538069,Checkers,0,GAME_OVER,70,69,2,305,OSLA,MCTS_CheckersHeuristic
-1374684283,Checkers,0,GAME_OVER,76,75,2,306,OSLA,MCTS_CheckersHeuristic
1940495134,Checkers,0,GAME_OVER,44,43,2,307,OSLA,MCTS_CheckersHeuristic
-109890830,Checkers,0,GAME_OVER,50,49,2,308,OSLA,MCTS_CheckersHeuristic
-64575164,Checkers,0,GAME_OVER,67,66,2,309,OSLA,MCTS_CheckersHeuristic
-78915966,Checkers,0,GAME_OVER,85,84,2,310,OSLA,MCTS_CheckersHeuristic
-1377659306,Checkers,0,GAME_OVER,74,73,2,311,OSLA,MCTS_CheckersHeuristic
-1629323870,Checkers,0,GAME_OVER,50,49,2,312,OSLA,MCTS_CheckersHeuristic
-2230482,Checkers,0,GAME_OVER,67,66,2,313,OSLA,MCTS_CheckersHeuristic
-1195904413,Checkers,0,GAME_OVER,66,65,2,314,OSLA,MCTS_CheckersHeuristic
-578417640,Checkers,0,GAME_OVER,65,64,2,315,OSLA,MCTS_CheckersHeuristic
945926855,Checkers,0,GAME_OVER,33,32,2,316,OSLA,MCTS_CheckersHeuristic
88889687,Checkers,0,GAME_OVER,47,46,2,317,OSLA,MCTS_CheckersHeuristic
763617944,Checkers,0,GAME_OVER,66,65,2,318,OSLA,MCTS_CheckersHeuristic
1100313449,Checkers,0,GAME_OVER,51,50,2,319,OSLA,MCTS_CheckersHeuristic
-1264315711,Checkers,0,GAME_OVER,50,49,2,320,OSLA,MCTS_CheckersHeuristic
-497981998,Checkers,0,GAME_OVER,55,54,2,321,OSLA,MCTS_CheckersHeuristic
-1784524477,Checkers,0,GAME_OVER,59,58,2,322,OSLA,MCTS_CheckersHeuristic
-770855830,Checkers,0,GAME_OVER,80,79,2,323,OSLA,MCTS_CheckersHeuristic
-1365488335,Checkers,0,GAME_OVER,87,86,2,324,OSLA,MCTS_CheckersHeuristic
1216203408,Checkers,0,GAME_OVER,46,45,2,325,OSLA,MCTS_CheckersHeuristic
846924899,Checkers,0,GAME_OVER,107,106,2,326,OSLA,MCTS_CheckersHeuristic
-1464536919,Checkers,0,GAME_OVER,55,54,2,327,OSLA,MCTS_CheckersHeuristic
2022132924,Checkers,0,GAME_OVER,56,55,2,328,OSLA,MCTS_CheckersHeuristic
-59889711,Checkers,0,GAME_OVER,37,36,2,329,OSLA,MCTS_CheckersHeuristic
2010005813,Checkers,0,GAME_OVER,70,69,2,330,OSLA,MCTS_CheckersHeuristic
-1117326157,Checkers,0,GAME_OVER,111,110,2,331,OSLA,MCTS_CheckersHeuristic
-84837618,Checkers,0,GAME_OVER,63,62,2,332,OSLA,MCTS_CheckersHeuristic
-1311466025,Checkers,0,GAME_OVER,62,61,2,333,OSLA,MCTS_CheckersHeuristic
184912342,Checkers,0,GAME_OVER,59,58,2,334,OSLA,MCTS_CheckersHeuristic
956894957,Checkers,0,GAME_OVER,48,47,2,335,OSLA,MCTS_CheckersHeuristic
83738914,Checkers,0,GAME_OVER,92,91,2,336,OSLA,MCTS_CheckersHeuristic
983630301,Checkers,0,GAME_OVER,93,92,2,337,OSLA,MCTS_CheckersHeuristic
1607840044,Checkers,0,GAME_OVER,91,90,2,338,OSLA,MCTS_CheckersHeuristic
-895912029,Checkers,0,GAME_OVER,66,65,2,339,OSLA,MCTS_CheckersHeuristic
-1578776641,Checkers,0,GAME_OVER,123,122,2,340,OSLA,MCTS_CheckersHeuristic
440593991,Checkers,0,GAME_OVER,93,92,2,341,OSLA,MCTS_CheckersHeuristic
-841068281,Checkers,0,GAME_OVER,92,91,2,342,OSLA,MCTS_CheckersHeuristic
1164572257,Checkers,0,GAME_OVER,54,53,2,343,OSLA,MCTS_CheckersHeuristic
-786482107,Checkers,0,GAME_OVER,52,51,2,344,OSLA,MCTS_CheckersHeuristic
-973069799,Checkers,0,GAME_OVER,74,73,2,345,OSLA,MCTS_CheckersHeuristic
639807106,Checkers,0,GAME_OVER,52,51,2,346,OSLA,MCTS_CheckersHeuristic
-1077440383,Checkers,0,GAME_OVER,47,46,2,347,OSLA,MCTS_CheckersHeuristic
-2096489047,Checkers,0,GAME_OVER,101,100,2,348,OSLA,MCTS_CheckersHeuristic
1275913133,Checkers,0,GAME_OVER,50,49,2,349,OSLA,MCTS_CheckersHeuristic
-687245137,Checkers,0,GAME_OVER,113,112,2,350,OSLA,MCTS_CheckersHeuristic
-1554641659,Checkers,0,GAME_OVER,82,81,2,351,OSLA,MCTS_CheckersHeuristic
667440573,Checkers,0,GAME_OVER,142,141,2,352,OSLA,MCTS_CheckersHeuristic
465263264,Checkers,0,GAME_OVER,107,106,2,353,OSLA,MCTS_CheckersHeuristic
944196978,Checkers,0,GAME_OVER,100,99,2,354,OSLA,MCTS_CheckersHeuristic
-310419034,Checkers,0,GAME_OVER,119,118,2,355,OSLA,MCTS_CheckersHeuristic
555688628,Checkers,0,GAME_OVER,116,115,2,356,OSLA,MCTS_CheckersHeuristic
-990767859,Checkers,0,GAME_OVER,100,99,2,357,OSLA,MCTS_CheckersHeuristic
1878141101,Checkers,0,GAME_OVER,111,110,2,358,OSLA,MCTS_CheckersHeuristic
-607888083,Checkers,0,GAME_OVER,53,52,2,359,OSLA,MCTS_CheckersHeuristic
2001147109,Checkers,0,GAME_OVER,74,73,2,360,OSLA,MCTS_CheckersHeuristic
-1150735363,Checkers,0,GAME_OVER,54,53,2,361,OSLA,MCTS_CheckersHeuristic
-1254481507,Checkers,0,GAME_OVER,95,94,2,362,OSLA,MCTS_CheckersHeuristic
-1631771904,Checkers,0,GAME_OVER,119,118,2,363,OSLA,MCTS_CheckersHeuristic
-1013472049,Checkers,0,GAME_OVER,88,87,2,364,OSLA,MCTS_CheckersHeuristic
774945565,Checkers,0,GAME_OVER,48,47,2,365,OSLA,MCTS_CheckersHeuristic
1445337731,Checkers,0,GAME_OVER,91,90,2,366,OSLA,MCTS_CheckersHeuristic
1953319935,Checkers,0,GAME_OVER,62,61,2,367,OSLA,MCTS_CheckersHeuristic
390571357,Checkers,0,GAME_OVER,52,51,2,368,OSLA,MCTS_CheckersHeuristic
2096799665,Checkers,0,GAME_OVER,84,83,2,369,OSLA,MCTS_CheckersHeuristic
-1971763578,Checkers,0,GAME_OVER,103,102,2,370,OSLA,MCTS_CheckersHeuristic
-797392752,Checkers,0,GAME_OVER,136,135,2,371,OSLA,MCTS_CheckersHeuristic
-129231254,Checkers,0,GAME_OVER,43,42,2,372,OSLA,MCTS_CheckersHeuristic
-1647529271,Checkers,0,GAME_OVER,52,51,2,373,OSLA,MCTS_CheckersHeuristic
-1596937769,Checkers,0,GAME_OVER,55,54,2,374,OSLA,MCTS_CheckersHeuristic
1812176888,Checkers,0,GAME_OVER,46,45,2,375,OSLA,MCTS_CheckersHeuristic
1727208326,Checkers,0,GAME_OVER,98,97,2,376,OSLA,MCTS_CheckersHeuristic
778039985,Checkers,0,GAME_OVER,72,71,2,377,OSLA,MCTS_CheckersHeuristic
-1302988778,Checkers,0,GAME_OVER,79,78,2,378,OSLA,MCTS_CheckersHeuristic
953731308,Checkers,0,GAME_OVER,47,46,2,379,OSLA,MCTS_CheckersHeuristic
1148263162,Checkers,0,GAME_OVER,65,64,2,380,OSLA,MCTS_CheckersHeuristic
-138129491,Checkers,0,GAME_OVER,63,62,2,381,OSLA,MCTS_CheckersHeuristic
-1487440652,Checkers,0,GAME_OVER,28,27,2,382,OSLA,MCTS_CheckersHeuristic
420992871,Checkers,0,GAME_OVER,85,84,2,383,OSLA,MCTS_CheckersHeuristic
-1317910263,Checkers,0,GAME_OVER,98,97,2,384,OSLA,MCTS_CheckersHeuristic
1344802789,Checkers,0,GAME_OVER,84,83,2,385,OSLA,MCTS_CheckersHeuristic
-1175799016,Checkers,0,GAME_OVER,42,41,2,386,OSLA,MCTS_CheckersHeuristic
-815486018,Checkers,0,GAME_OVER,50,49,2,387,OSLA,MCTS_CheckersHeuristic
-467459208,Checkers,0,GAME_OVER,54,53,2,388,OSLA,MCTS_CheckersHeuristic
823983774,Checkers,0,GAME_OVER,58,57,2,389,OSLA,MCTS_CheckersHeuristic
-1246065338,Checkers,0,GAME_OVER,64,63,2,390,OSLA,MCTS_CheckersHeuristic
413126385,Checkers,0,GAME_OVER,51,50,2,391,OSLA,MCTS_CheckersHeuristic
457613648,Checkers,0,GAME_OVER,91,90,2,392,OSLA,MCTS_CheckersHeuristic
-1482368342,Checkers,0,GAME_OVER,46,45,2,393,OSLA,MCTS_CheckersHeuristic
1132336574,Checkers,0,GAME_OVER,78,77,2,394,OSLA,MCTS_CheckersHeuristic
416303171,Checkers,0,GAME_OVER,48,47,2,395,OSLA,MCTS_CheckersHeuristic
1343822562,Checkers,0,GAME_OVER,72,71,2,396,OSLA,MCTS_CheckersHeuristic
-906905566,Checkers,0,GAME_OVER,66,65,2,397,OSLA,MCTS_CheckersHeuristic
-1919272990,Checkers,0,GAME_OVER,129,128,2,398,OSLA,MCTS_CheckersHeuristic
-564348917,Checkers,0,GAME_OVER,53,52,2,399,OSLA,MCTS_CheckersHeuristic
-148165108,Checkers,0,GAME_OVER,171,170,2,400,OSLA,MCTS_CheckersHeuristic
-463582895,Checkers,0,GAME_OVER,52,51,2,401,OSLA,MCTS_CheckersHeuristic
-2035590615,Checkers,0,GAME_OVER,40,39,2,402,RandomPlayerConfig,MCTS_CheckersHeuristic
-578946317,Checkers,0,GAME_OVER,46,45,2,403,RandomPlayerConfig,MCTS_CheckersHeuristic
1621758891,Checkers,0,GAME_OVER,58,57,2,404,RandomPlayerConfig,MCTS_CheckersHeuristic
522208008,Checkers,0,GAME_OVER,43,42,2,405,RandomPlayerConfig,MCTS_CheckersHeuristic
1481544050,Checkers,0,GAME_OVER,45,44,2,406,RandomPlayerConfig,MCTS_CheckersHeuristic
2045888587,Checkers,0,GAME_OVER,40,39,2,407,RandomPlayerConfig,MCTS_CheckersHeuristic
2071643935,Checkers,0,GAME_OVER,42,41,2,408,RandomPlayerConfig,MCTS_CheckersHeuristic
-1558754475,Checkers,0,GAME_OVER,46,45,2,409,RandomPlayerConfig,MCTS_CheckersHeuristic
-446015633,Checkers,0,GAME_OVER,46,45,2,410,RandomPlayerConfig,MCTS_CheckersHeuristic
-650419990,Checkers,0,GAME_OVER,39,38,2,411,RandomPlayerConfig,MCTS_CheckersHeuristic
144074216,Checkers,0,GAME_OVER,44,43,2,412,RandomPlayerConfig,MCTS_CheckersHeuristic
-314185299,Checkers,0,GAME_OVER,42,41,2,413,RandomPlayerConfig,MCTS_CheckersHeuristic
-1437395352,Checkers,0,GAME_OVER,40,39,2,414,RandomPlayerConfig,MCTS_CheckersHeuristic
563421040,Checkers,0,GAME_OVER,41,40,2,415,RandomPlayerConfig,MCTS_CheckersHeuristic
-1295987043,Checkers,0,GAME_OVER,45,44,2,416,RandomPlayerConfig,MCTS_CheckersHeuristic
-1827331606,Checkers,0,GAME_OVER,44,43,2,417,RandomPlayerConfig,MCTS_CheckersHeuristic
-1643482254,Checkers,0,GAME_OVER,46,45,2,418,RandomPlayerConfig,MCTS_CheckersHeuristic
-1452034605,Checkers,0,GAME_OVER,46,45,2,419,RandomPlayerConfig,MCTS_CheckersHeuristic
1282346219,Checkers,0,GAME_OVER,44,43,2,420,RandomPlayerConfig,MCTS_CheckersHeuristic
415036606,Checkers,0,GAME_OVER,40,39,2,421,RandomPlayerConfig,MCTS_CheckersHeuristic
-518486764,Checkers,0,GAME_OVER,38,37,2,422,RandomPlayerConfig,MCTS_CheckersHeuristic
675924267,Checkers,0,GAME_OVER,53,52,2,423,RandomPlayerConfig,MCTS_CheckersHeuristic
-796841250,Checkers,0,GAME_OVER,38,37,2,424,RandomPlayerConfig,MCTS_CheckersHeuristic
353735071,Checkers,0,GAME_OVER,40,39,2,425,RandomPlayerConfig,MCTS_CheckersHeuristic
-1787867092,Checkers,0,GAME_OVER,47,46,2,426,RandomPlayerConfig,MCTS_CheckersHeuristic
-557254966,Checkers,0,GAME_OVER,41,40,2,427,RandomPlayerConfig,MCTS_CheckersHeuristic
-151956897,Checkers,0,GAME_OVER,44,43,2,428,RandomPlayerConfig,MCTS_CheckersHeuristic
905262079,Checkers,0,GAME_OVER,57,56,2,429,RandomPlayerConfig,MCTS_CheckersHeuristic
319729427,Checkers,0,GAME_OVER,57,56,2,430,RandomPlayerConfig,MCTS_CheckersHeuristic
-1887070577,Checkers,0,GAME_OVER,40,39,2,431,RandomPlayerConfig,MCTS_CheckersHeuristic
815071997,Checkers,0,GAME_OVER,54,53,2,432,RandomPlayerConfig,MCTS_CheckersHeuristic
-1871568959,Checkers,0,GAME_OVER,36,35,2,433,RandomPlayerConfig,MCTS_CheckersHeuristic
-1344469249,Checkers,0,GAME_OVER,39,38,2,434,RandomPlayerConfig,MCTS_CheckersHeuristic
962842235,Checkers,0,GAME_OVER,50,49,2,435,RandomPlayerConfig,MCTS_CheckersHeuristic
1804951535,Checkers,0,GAME_OVER,47,46,2,436,RandomPlayerConfig,MCTS_CheckersHeuristic
-1042059033,Checkers,0,GAME_OVER,39,38,2,437,RandomPlayerConfig,MCTS_CheckersHeuristic
428568489,Checkers,0,GAME_OVER,50,49,2,438,RandomPlayerConfig,MCTS_CheckersHeuristic
478792580,Checkers,0,GAME_OVER,50,49,2,439,RandomPlayerConfig,MCTS_CheckersHeuristic
152033881,Checkers,0,GAME_OVER,47,46,2,440,RandomPlayerConfig,MCTS_CheckersHeuristic
-856509809,Checkers,0,GAME_OVER,42,41,2,441,RandomPlayerConfig,MCTS_CheckersHeuristic
77738287,Checkers,0,GAME_OVER,34,33,2,442,RandomPlayerConfig,MCTS_CheckersHeuristic
1107047337,Checkers,0,GAME_OVER,43,42,2,443,RandomPlayerConfig,MCTS_CheckersHeuristic
-1415529522,Checkers,0,GAME_OVER,47,46,2,444,RandomPlayerConfig,MCTS_CheckersHeuristic
-1397001953,Checkers,0,GAME_OVER,34,33,2,445,RandomPlayerConfig,MCTS_CheckersHeuristic
238861370,Checkers,0,GAME_OVER,48,47,2,446,RandomPlayerConfig,MCTS_CheckersHeuristic
1925653830,Checkers,0,GAME_OVER,45,44,2,447,RandomPlayerConfig,MCTS_CheckersHeuristic
-2102569706,Checkers,0,GAME_OVER,36,35,2,448,RandomPlayerConfig,MCTS_CheckersHeuristic
504708031,Checkers,0,GAME_OVER,40,39,2,449,RandomPlayerConfig,MCTS_CheckersHeuristic
-590708637,Checkers,0,GAME_OVER,57,56,2,450,RandomPlayerConfig,MCTS_CheckersHeuristic
-957917271,Checkers,0,GAME_OVER,49,48,2,451,RandomPlayerConfig,MCTS_CheckersHeuristic
-144976592,Checkers,0,GAME_OVER,43,42,2,452,RandomPlayerConfig,MCTS_CheckersHeuristic
-1611151097,Checkers,0,GAME_OVER,46,45,2,453,RandomPlayerConfig,MCTS_CheckersHeuristic
832324818,Checkers,0,GAME_OVER,52,51,2,454,RandomPlayerConfig,MCTS_CheckersHeuristic
189542628,Checkers,0,GAME_OVER,47,46,2,455,RandomPlayerConfig,MCTS_CheckersHeuristic
-226292582,Checkers,0,GAME_OVER,47,46,2,456,RandomPlayerConfig,MCTS_CheckersHeuristic
-1632619783,Checkers,0,GAME_OVER,33,32,2,457,RandomPlayerConfig,MCTS_CheckersHeuristic
-10754264,Checkers,0,GAME_OVER,42,41,2,458,RandomPlayerConfig,MCTS_CheckersHeuristic
-1702566684,Checkers,0,GAME_OVER,55,54,2,459,RandomPlayerConfig,MCTS_CheckersHeuristic
-1497587505,Checkers,0,GAME_OVER,49,48,2,460,RandomPlayerConfig,MCTS_CheckersHeuristic
-845578703,Checkers,0,GAME_OVER,37,36,2,461,RandomPlayerConfig,MCTS_CheckersHeuristic
587637918,Checkers,0,GAME_OVER,43,42,2,462,RandomPlayerConfig,MCTS_CheckersHeuristic
-1573391934,Checkers,0,GAME_OVER,46,45,2,463,RandomPlayerConfig,MCTS_CheckersHeuristic
-211258352,Checkers,0,GAME_OVER,41,40,2,464,RandomPlayerConfig,MCTS_CheckersHeuristic
-8789926,Checkers,0,GAME_OVER,40,39,2,465,RandomPlayerConfig,MCTS_CheckersHeuristic
-606056082,Checkers,0,GAME_OVER,37,36,2,466,RandomPlayerConfig,MCTS_CheckersHeuristic
-2119856807,Checkers,0,GAME_OVER,39,38,2,467,RandomPlayerConfig,MCTS_CheckersHeuristic
756565351,Checkers,0,GAME_OVER,36,35,2,468,RandomPlayerConfig,MCTS_CheckersHeuristic
701069796,Checkers,0,GAME_OVER,50,49,2,469,RandomPlayerConfig,MCTS_CheckersHeuristic
89662065,Checkers,0,GAME_OVER,41,40,2,470,RandomPlayerConfig,MCTS_CheckersHeuristic
409655320,Checkers,0,GAME_OVER,44,43,2,471,RandomPlayerConfig,MCTS_CheckersHeuristic
-1178153752,Checkers,0,GAME_OVER,41,40,2,472,RandomPlayerConfig,MCTS_CheckersHeuristic
1916696307,Checkers,0,GAME_OVER,42,41,2,473,RandomPlayerConfig,MCTS_CheckersHeuristic
-1170346743,Checkers,0,GAME_OVER,42,41,2,474,RandomPlayerConfig,MCTS_CheckersHeuristic
-1178277608,Checkers,0,GAME_OVER,41,40,2,475,RandomPlayerConfig,MCTS_CheckersHeuristic
1538119737,Checkers,0,GAME_OVER,44,43,2,476,RandomPlayerConfig,MCTS_CheckersHeuristic
725994394,Checkers,0,GAME_OVER,52,51,2,477,RandomPlayerConfig,MCTS_CheckersHeuristic
-449773248,Checkers,0,GAME_OVER,47,46,2,478,RandomPlayerConfig,MCTS_CheckersHeuristic
-1796208784,Checkers,0,GAME_OVER,55,54,2,479,RandomPlayerConfig,MCTS_CheckersHeuristic
-524080299,Checkers,0,GAME_OVER,43,42,2,480,RandomPlayerConfig,MCTS_CheckersHeuristic
-355532984,Checkers,0,GAME_OVER,43,42,2,481,RandomPlayerConfig,MCTS_CheckersHeuristic
891290161,Checkers,0,GAME_OVER,41,40,2,482,RandomPlayerConfig,MCTS_CheckersHeuristic
-533683000,Checkers,0,GAME_OVER,42,41,2,483,RandomPlayerConfig,MCTS_CheckersHeuristic
-551802484,Checkers,0,GAME_OVER,42,41,2,484,RandomPlayerConfig,MCTS_CheckersHeuristic
-1840989310,Checkers,0,GAME_OVER,50,49,2,485,RandomPlayerConfig,MCTS_CheckersHeuristic
2017681574,Checkers,0,GAME_OVER,41,40,2,486,RandomPlayerConfig,MCTS_CheckersHeuristic
-421991124,Checkers,0,GAME_OVER,50,49,2,487,RandomPlayerConfig,MCTS_CheckersHeuristic
469011149,Checkers,0,GAME_OVER,39,38,2,488,RandomPlayerConfig,MCTS_CheckersHeuristic
1173557714,Checkers,0,GAME_OVER,42,41,2,489,RandomPlayerConfig,MCTS_CheckersHeuristic
-361604094,Checkers,0,GAME_OVER,42,41,2,490,RandomPlayerConfig,MCTS_CheckersHeuristic
1282867234,Checkers,0,GAME_OVER,45,44,2,491,RandomPlayerConfig,MCTS_CheckersHeuristic
-1542151897,Checkers,0,GAME_OVER,39,38,2,492,RandomPlayerConfig,MCTS_CheckersHeuristic
1085779199,Checkers,0,GAME_OVER,48,47,2,493,RandomPlayerConfig,MCTS_CheckersHeuristic
390901089,Checkers,0,GAME_OVER,41,40,2,494,RandomPlayerConfig,MCTS_CheckersHeuristic
-981129475,Checkers,0,GAME_OVER,50,49,2,495,RandomPlayerConfig,MCTS_CheckersHeuristic
-1390939507,Checkers,0,GAME_OVER,38,37,2,496,RandomPlayerConfig,MCTS_CheckersHeuristic
-437821059,Checkers,0,GAME_OVER,41,40,2,497,RandomPlayerConfig,MCTS_CheckersHeuristic
2075214077,Checkers,0,GAME_OVER,41,40,2,498,RandomPlayerConfig,MCTS_CheckersHeuristic
565615731,Checkers,0,GAME_OVER,40,39,2,499,RandomPlayerConfig,MCTS_CheckersHeuristic
1205676761,Checkers,0,GAME_OVER,40,39,2,500,RandomPlayerConfig,MCTS_CheckersHeuristic
-501755609,Checkers,0,GAME_OVER,31,30,2,501,RandomPlayerConfig,MCTS_CheckersHeuristic
-1499684397,Checkers,0,GAME_OVER,39,38,2,502,RandomPlayerConfig,MCTS_CheckersHeuristic
-1836009107,Checkers,0,GAME_OVER,42,41,2,503,RandomPlayerConfig,MCTS_CheckersHeuristic
963947027,Checkers,0,GAME_OVER,47,46,2,504,RandomPlayerConfig,MCTS_CheckersHeuristic
-80538069,Checkers,0,GAME_OVER,39,38,2,505,RandomPlayerConfig,MCTS_CheckersHeuristic
-1374684283,Checkers,0,GAME_OVER,43,42,2,506,RandomPlayerConfig,MCTS_CheckersHeuristic
1940495134,Checkers,0,GAME_OVER,44,43,2,507,RandomPlayerConfig,MCTS_CheckersHeuristic
-109890830,Checkers,0,GAME_OVER,41,40,2,508,RandomPlayerConfig,MCTS_CheckersHeuristic
-64575164,Checkers,0,GAME_OVER,44,43,2,509,RandomPlayerConfig,MCTS_CheckersHeuristic
-78915966,Checkers,0,GAME_OVER,43,42,2,510,RandomPlayerConfig,MCTS_CheckersHeuristic
-1377659306,Checkers,0,GAME_OVER,41,40,2,511,RandomPlayerConfig,MCTS_CheckersHeuristic
-1629323870,Checkers,0,GAME_OVER,39,38,2,512,RandomPlayerConfig,MCTS_CheckersHeuristic
-2230482,Checkers,0,GAME_OVER,50,49,2,513,RandomPlayerConfig,MCTS_CheckersHeuristic
-1195904413,Checkers,0,GAME_OVER,46,45,2,514,RandomPlayerConfig,MCTS_CheckersHeuristic
-578417640,Checkers,0,GAME_OVER,50,49,2,515,RandomPlayerConfig,MCTS_CheckersHeuristic
945926855,Checkers,0,GAME_OVER,46,45,2,516,RandomPlayerConfig,MCTS_CheckersHeuristic
88889687,Checkers,0,GAME_OVER,41,40,2,517,RandomPlayerConfig,MCTS_CheckersHeuristic
763617944,Checkers,0,GAME_OVER,43,42,2,518,RandomPlayerConfig,MCTS_CheckersHeuristic
1100313449,Checkers,0,GAME_OVER,48,47,2,519,RandomPlayerConfig,MCTS_CheckersHeuristic
-1264315711,Checkers,0,GAME_OVER,55,54,2,520,RandomPlayerConfig,MCTS_CheckersHeuristic
-497981998,Checkers,0,GAME_OVER,46,45,2,521,RandomPlayerConfig,MCTS_CheckersHeuristic
-1784524477,Checkers,0,GAME_OVER,51,50,2,522,RandomPlayerConfig,MCTS_CheckersHeuristic
-770855830,Checkers,0,GAME_OVER,57,56,2,523,RandomPlayerConfig,MCTS_CheckersHeuristic
-1365488335,Checkers,0,GAME_OVER,35,34,2,524,RandomPlayerConfig,MCTS_CheckersHeuristic
1216203408,Checkers,0,GAME_OVER,41,40,2,525,RandomPlayerConfig,MCTS_CheckersHeuristic
846924899,Checkers,0,GAME_OVER,41,40,2,526,RandomPlayerConfig,MCTS_CheckersHeuristic
-1464536919,Checkers,0,GAME_OVER,33,32,2,527,RandomPlayerConfig,MCTS_CheckersHeuristic
2022132924,Checkers,0,GAME_OVER,40,39,2,528,RandomPlayerConfig,MCTS_CheckersHeuristic
-59889711,Checkers,0,GAME_OVER,41,40,2,529,RandomPlayerConfig,MCTS_CheckersHeuristic
2010005813,Checkers,0,GAME_OVER,43,42,2,530,RandomPlayerConfig,MCTS_CheckersHeuristic
-1117326157,Checkers,0,GAME_OVER,43,42,2,531,RandomPlayerConfig,MCTS_CheckersHeuristic
-84837618,Checkers,0,GAME_OVER,65,64,2,532,RandomPlayerConfig,MCTS_CheckersHeuristic
-1311466025,Checkers,0,GAME_OVER,43,42,2,533,RandomPlayerConfig,MCTS_CheckersHeuristic
184912342,Checkers,0,GAME_OVER,41,40,2,534,RandomPlayerConfig,MCTS_CheckersHeuristic
956894957,Checkers,0,GAME_OVER,36,35,2,535,RandomPlayerConfig,MCTS_CheckersHeuristic
83738914,Checkers,0,GAME_OVER,50,49,2,536,RandomPlayerConfig,MCTS_CheckersHeuristic
983630301,Checkers,0,GAME_OVER,50,49,2,537,RandomPlayerConfig,MCTS_CheckersHeuristic
1607840044,Checkers,0,GAME_OVER,50,49,2,538,RandomPlayerConfig,MCTS_CheckersHeuristic
-895912029,Checkers,0,GAME_OVER,33,32,2,539,RandomPlayerConfig,MCTS_CheckersHeuristic
-1578776641,Checkers,0,GAME_OVER,44,43,2,540,RandomPlayerConfig,MCTS_CheckersHeuristic
440593991,Checkers,0,GAME_OVER,43,42,2,541,RandomPlayerConfig,MCTS_CheckersHeuristic
-841068281,Checkers,0,GAME_OVER,43,42,2,542,RandomPlayerConfig,MCTS_CheckersHeuristic
1164572257,Checkers,0,GAME_OVER,48,47,2,543,RandomPlayerConfig,MCTS_CheckersHeuristic
-786482107,Checkers,0,GAME_OVER,49,48,2,544,RandomPlayerConfig,MCTS_CheckersHeuristic
-973069799,Checkers,0,GAME_OVER,39,38,2,545,RandomPlayerConfig,MCTS_CheckersHeuristic
639807106,Checkers,0,GAME_OVER,38,37,2,546,RandomPlayerConfig,MCTS_CheckersHeuristic
-1077440383,Checkers,0,GAME_OVER,41,40,2,547,RandomPlayerConfig,MCTS_CheckersHeuristic
-2096489047,Checkers,0,GAME_OVER,42,41,2,548,RandomPlayerConfig,MCTS_CheckersHeuristic
1275913133,Checkers,0,GAME_OVER,33,32,2,549,RandomPlayerConfig,MCTS_CheckersHeuristic
-687245137,Checkers,0,GAME_OVER,42,41,2,550,RandomPlayerConfig,MCTS_CheckersHeuristic
-1554641659,Checkers,0,GAME_OVER,45,44,2,551,RandomPlayerConfig,MCTS_CheckersHeuristic
667440573,Checkers,0,GAME_OVER,48,47,2,552,RandomPlayerConfig,MCTS_CheckersHeuristic
465263264,Checkers,0,GAME_OVER,37,36,2,553,RandomPlayerConfig,MCTS_CheckersHeuristic
944196978,Checkers,0,GAME_OVER,41,40,2,554,RandomPlayerConfig,MCTS_CheckersHeuristic
-310419034,Checkers,0,GAME_OVER,49,48,2,555,RandomPlayerConfig,MCTS_CheckersHeuristic
555688628,Checkers,0,GAME_OVER,50,49,2,556,RandomPlayerConfig,MCTS_CheckersHeuristic
-990767859,Checkers,0,GAME_OVER,40,39,2,557,RandomPlayerConfig,MCTS_CheckersHeuristic
1878141101,Checkers,0,GAME_OVER,35,34,2,558,RandomPlayerConfig,MCTS_CheckersHeuristic
-607888083,Checkers,0,GAME_OVER,40,39,2,559,RandomPlayerConfig,MCTS_CheckersHeuristic
2001147109,Checkers,0,GAME_OVER,39,38,2,560,RandomPlayerConfig,MCTS_CheckersHeuristic
-1150735363,Checkers,0,GAME_OVER,45,44,2,561,RandomPlayerConfig,MCTS_CheckersHeuristic
-1254481507,Checkers,0,GAME_OVER,54,53,2,562,RandomPlayerConfig,MCTS_CheckersHeuristic
-1631771904,Checkers,0,GAME_OVER,40,39,2,563,RandomPlayerConfig,MCTS_CheckersHeuristic
-1013472049,Checkers,0,GAME_OVER,39,38,2,564,RandomPlayerConfig,MCTS_CheckersHeuristic
774945565,Checkers,0,GAME_OVER,37,36,2,565,RandomPlayerConfig,MCTS_CheckersHeuristic
1445337731,Checkers,0,GAME_OVER,41,40,2,566,RandomPlayerConfig,MCTS_CheckersHeuristic
1953319935,Checkers,0,GAME_OVER,49,48,2,567,RandomPlayerConfig,MCTS_CheckersHeuristic
390571357,Checkers,0,GAME_OVER,40,39,2,568,RandomPlayerConfig,MCTS_CheckersHeuristic
2096799665,Checkers,0,GAME_OVER,46,45,2,569,RandomPlayerConfig,MCTS_CheckersHeuristic
-1971763578,Checkers,0,GAME_OVER,35,34,2,570,RandomPlayerConfig,MCTS_CheckersHeuristic
-797392752,Checkers,0,GAME_OVER,63,62,2,571,RandomPlayerConfig,MCTS_CheckersHeuristic
-129231254,Checkers,0,GAME_OVER,56,55,2,572,RandomPlayerConfig,MCTS_CheckersHeuristic
-1647529271,Checkers,0,GAME_OVER,45,44,2,573,RandomPlayerConfig,MCTS_CheckersHeuristic
-1596937769,Checkers,0,GAME_OVER,48,47,2,574,RandomPlayerConfig,MCTS_CheckersHeuristic
1812176888,Checkers,0,GAME_OVER,38,37,2,575,RandomPlayerConfig,MCTS_CheckersHeuristic
1727208326,Checkers,0,GAME_OVER,46,45,2,576,RandomPlayerConfig,MCTS_CheckersHeuristic
778039985,Checkers,0,GAME_OVER,47,46,2,577,RandomPlayerConfig,MCTS_CheckersHeuristic
-1302988778,Checkers,0,GAME_OVER,38,37,2,578,RandomPlayerConfig,MCTS_CheckersHeuristic
953731308,Checkers,0,GAME_OVER,45,44,2,579,RandomPlayerConfig,MCTS_CheckersHeuristic
1148263162,Checkers,0,GAME_OVER,42,41,2,580,RandomPlayerConfig,MCTS_CheckersHeuristic
-138129491,Checkers,0,GAME_OVER,46,45,2,581,RandomPlayerConfig,MCTS_CheckersHeuristic
-1487440652,Checkers,0,GAME_OVER,52,51,2,582,RandomPlayerConfig,MCTS_CheckersHeuristic
420992871,Checkers,0,GAME_OVER,36,35,2,583,RandomPlayerConfig,MCTS_CheckersHeuristic
-1317910263,Checkers,0,GAME_OVER,46,45,2,584,RandomPlayerConfig,MCTS_CheckersHeuristic
1344802789,Checkers,0,GAME_OVER,48,47,2,585,RandomPlayerConfig,MCTS_CheckersHeuristic
-1175799016,Checkers,0,GAME_OVER,48,47,2,586,RandomPlayerConfig,MCTS_CheckersHeuristic
-815486018,Checkers,0,GAME_OVER,38,37,2,587,RandomPlayerConfig,MCTS_CheckersHeuristic
-467459208,Checkers,0,GAME_OVER,38,37,2,588,RandomPlayerConfig,MCTS_CheckersHeuristic
823983774,Checkers,0,GAME_OVER,48,47,2,589,RandomPlayerConfig,MCTS_CheckersHeuristic
-1246065338,Checkers,0,GAME_OVER,37,36,2,590,RandomPlayerConfig,MCTS_CheckersHeuristic
413126385,Checkers,0,GAME_OVER,44,43,2,591,RandomPlayerConfig,MCTS_CheckersHeuristic
457613648,Checkers,0,GAME_OVER,37,36,2,592,RandomPlayerConfig,MCTS_CheckersHeuristic
-1482368342,Checkers,0,GAME_OVER,45,44,2,593,RandomPlayerConfig,MCTS_CheckersHeuristic
1132336574,Checkers,0,GAME_OVER,47,46,2,594,RandomPlayerConfig,MCTS_CheckersHeuristic
416303171,Checkers,0,GAME_OVER,51,50,2,595,RandomPlayerConfig,MCTS_CheckersHeuristic
1343822562,Checkers,0,GAME_OVER,45,44,2,596,RandomPlayerConfig,MCTS_CheckersHeuristic
-906905566,Checkers,0,GAME_OVER,45,44,2,597,RandomPlayerConfig,MCTS_CheckersHeuristic
-1919272990,Checkers,0,GAME_OVER,48,47,2,598,RandomPlayerConfig,MCTS_CheckersHeuristic
-564348917,Checkers,0,GAME_OVER,41,40,2,599,RandomPlayerConfig,MCTS_CheckersHeuristic
-148165108,Checkers,0,GAME_OVER,44,43,2,600,RandomPlayerConfig,MCTS_CheckersHeuristic
-463582895,Checkers,0,GAME_OVER,40,39,2,601,RandomPlayerConfig,MCTS_CheckersHeuristic
-2035590615,Checkers,0,GAME_OVER,43,42,2,602,MCTS_CheckersHeuristic,OSLA
-578946317,Checkers,0,GAME_OVER,73,72,2,603,MCTS_CheckersHeuristic,OSLA
1621758891,Checkers,0,GAME_OVER,54,53,2,604,MCTS_CheckersHeuristic,OSLA
522208008,Checkers,0,GAME_OVER,47,46,2,605,MCTS_CheckersHeuristic,OSLA
1481544050,Checkers,0,GAME_OVER,70,69,2,606,MCTS_CheckersHeuristic,OSLA
2045888587,Checkers,0,GAME_OVER,41,40,2,607,MCTS_CheckersHeuristic,OSLA
2071643935,Checkers,0,GAME_OVER,152,151,2,608,MCTS_CheckersHeuristic,OSLA
-1558754475,Checkers,0,GAME_OVER,72,71,2,609,MCTS_CheckersHeuristic,OSLA
-446015633,Checkers,0,GAME_OVER,47,46,2,610,MCTS_CheckersHeuristic,OSLA
-650419990,Checkers,0,GAME_OVER,82,81,2,611,MCTS_CheckersHeuristic,OSLA
144074216,Checkers,0,GAME_OVER,72,71,2,612,MCTS_CheckersHeuristic,OSLA
-314185299,Checkers,0,GAME_OVER,57,56,2,613,MCTS_CheckersHeuristic,OSLA
-1437395352,Checkers,0,GAME_OVER,67,66,2,614,MCTS_CheckersHeuristic,OSLA
563421040,Checkers,0,GAME_OVER,50,49,2,615,MCTS_CheckersHeuristic,OSLA
-1295987043,Checkers,0,GAME_OVER,45,44,2,616,MCTS_CheckersHeuristic,OSLA
-1827331606,Checkers,0,GAME_OVER,44,43,2,617,MCTS_CheckersHeuristic,OSLA
-1643482254,Checkers,0,GAME_OVER,55,54,2,618,MCTS_CheckersHeuristic,OSLA
-1452034605,Checkers,0,GAME_OVER,57,56,2,619,MCTS_CheckersHeuristic,OSLA
1282346219,Checkers,0,GAME_OVER,63,62,2,620,MCTS_CheckersHeuristic,OSLA
415036606,Checkers,0,GAME_OVER,107,106,2,621,MCTS_CheckersHeuristic,OSLA
-518486764,Checkers,0,GAME_OVER,62,61,2,622,MCTS_CheckersHeuristic,OSLA
675924267,Checkers,0,GAME_OVER,44,43,2,623,MCTS_CheckersHeuristic,OSLA
-796841250,Checkers,0,GAME_OVER,47,46,2,624,MCTS_CheckersHeuristic,OSLA
353735071,Checkers,0,GAME_OVER,73,72,2,625,MCTS_CheckersHeuristic,OSLA
-1787867092,Checkers,0,GAME_OVER,38,37,2,626,MCTS_CheckersHeuristic,OSLA
-557254966,Checkers,0,GAME_OVER,63,62,2,627,MCTS_CheckersHeuristic,OSLA
-151956897,Checkers,0,GAME_OVER,66,65,2,628,MCTS_CheckersHeuristic,OSLA
905262079,Checkers,0,GAME_OVER,54,53,2,629,MCTS_CheckersHeuristic,OSLA
319729427,Checkers,0,GAME_OVER,56,55,2,630,MCTS_CheckersHeuristic,OSLA
-1887070577,Checkers,0,GAME_OVER,47,46,2,631,MCTS_CheckersHeuristic,OSLA
815071997,Checkers,0,GAME_OVER,82,81,2,632,MCTS_CheckersHeuristic,OSLA
-1871568959,Checkers,0,GAME_OVER,64,63,2,633,MCTS_CheckersHeuristic,OSLA
-1344469249,Checkers,0,GAME_OVER,53,52,2,634,MCTS_CheckersHeuristic,OSLA
962842235,Checkers,0,GAME_OVER,43,42,2,635,MCTS_CheckersHeuristic,OSLA
1804951535,Checkers,0,GAME_OVER,50,49,2,636,MCTS_CheckersHeuristic,OSLA
-1042059033,Checkers,0,GAME_OVER,54,53,2,637,MCTS_CheckersHeuristic,OSLA
428568489,Checkers,0,GAME_OVER,46,45,2,638,MCTS_CheckersHeuristic,OSLA
478792580,Checkers,0,GAME_OVER,47,46,2,639,MCTS_CheckersHeuristic,OSLA
152033881,Checkers,0,GAME_OVER,92,91,2,640,MCTS_CheckersHeuristic,OSLA
-856509809,Checkers,0,GAME_OVER,50,49,2,641,MCTS_CheckersHeuristic,OSLA
77738287,Checkers,0,GAME_OVER,68,67,2,642,MCTS_CheckersHeuristic,OSLA
1107047337,Checkers,0,GAME_OVER,53,52,2,643,MCTS_CheckersHeuristic,OSLA
-1415529522,Checkers,0,GAME_OVER,56,55,2,644,MCTS_CheckersHeuristic,OSLA
-1397001953,Checkers,0,GAME_OVER,57,56,2,645,MCTS_CheckersHeuristic,OSLA
238861370,Checkers,0,GAME_OVER,40,39,2,646,MCTS_CheckersHeuristic,OSLA
1925653830,Checkers,0,GAME_OVER,52,51,2,647,MCTS_CheckersHeuristic,OSLA
-2102569706,Checkers,0,GAME_OVER,50,49,2,648,MCTS_CheckersHeuristic,OSLA
504708031,Checkers,0,GAME_OVER,54,53,2,649,MCTS_CheckersHeuristic,OSLA
-590708637,Checkers,0,GAME_OVER,70,69,2,650,MCTS_CheckersHeuristic,OSLA
-957917271,Checkers,0,GAME_OVER,63,62,2,651,MCTS_CheckersHeuristic,OSLA
-144976592,Checkers,0,GAME_OVER,47,46,2,652,MCTS_CheckersHeuristic,OSLA
-1611151097,Checkers,0,GAME_OVER,71,70,2,653,MCTS_CheckersHeuristic,OSLA
832324818,Checkers,0,GAME_OVER,71,70,2,654,MCTS_CheckersHeuristic,OSLA
189542628,Checkers,0,GAME_OVER,62,61,2,655,MCTS_CheckersHeuristic,OSLA
-226292582,Checkers,0,GAME_OVER,45,44,2,656,MCTS_CheckersHeuristic,OSLA
-1632619783,Checkers,0,GAME_OVER,37,36,2,657,MCTS_CheckersHeuristic,OSLA
-10754264,Checkers,0,GAME_OVER,56,55,2,658,MCTS_CheckersHeuristic,OSLA
-1702566684,Checkers,0,GAME_OVER,53,52,2,659,MCTS_CheckersHeuristic,OSLA
-1497587505,Checkers,0,GAME_OVER,42,41,2,660,MCTS_CheckersHeuristic,OSLA
-845578703,Checkers,0,GAME_OVER,43,42,2,661,MCTS_CheckersHeuristic,OSLA
587637918,Checkers,0,GAME_OVER,52,51,2,662,MCTS_CheckersHeuristic,OSLA
-1573391934,Checkers,0,GAME_OVER,51,50,2,663,MCTS_CheckersHeuristic,OSLA
-211258352,Checkers,0,GAME_OVER,41,40,2,664,MCTS_CheckersHeuristic,OSLA
-8789926,Checkers,0,GAME_OVER,51,50,2,665,MCTS_CheckersHeuristic,OSLA
-606056082,Checkers,0,GAME_OVER,44,43,2,666,MCTS_CheckersHeuristic,OSLA
-2119856807,Checkers,0,GAME_OVER,41,40,2,667,MCTS_CheckersHeuristic,OSLA
756565351,Checkers,0,GAME_OVER,39,38,2,668,MCTS_CheckersHeuristic,OSLA
701069796,Checkers,0,GAME_OVER,62,61,2,669,MCTS_CheckersHeuristic,OSLA
89662065,Checkers,0,GAME_OVER,50,49,2,670,MCTS_CheckersHeuristic,OSLA
409655320,Checkers,0,GAME_OVER,93,92,2,671,MCTS_CheckersHeuristic,OSLA
-1178153752,Checkers,0,GAME_OVER,101,100,2,672,MCTS_CheckersHeuristic,OSLA
1916696307,Checkers,0,GAME_OVER,89,88,2,673,MCTS_CheckersHeuristic,OSLA
-1170346743,Checkers,0,GAME_OVER,75,74,2,674,MCTS_CheckersHeuristic,OSLA
-1178277608,Checkers,0,GAME_OVER,53,52,2,675,MCTS_CheckersHeuristic,OSLA
1538119737,Checkers,0,GAME_OVER,67,66,2,676,MCTS_CheckersHeuristic,OSLA
725994394,Checkers,0,GAME_OVER,48,47,2,677,MCTS_CheckersHeuristic,OSLA
-449773248,Checkers,0,GAME_OVER,58,57,2,678,MCTS_CheckersHeuristic,OSLA
-1796208784,Checkers,0,GAME_OVER,58,57,2,679,MCTS_CheckersHeuristic,OSLA
-524080299,Checkers,0,GAME_OVER,79,78,2,680,MCTS_CheckersHeuristic,OSLA
-355532984,Checkers,0,GAME_OVER,51,50,2,681,MCTS_CheckersHeuristic,OSLA
891290161,Checkers,0,GAME_OVER,56,55,2,682,MCTS_CheckersHeuristic,OSLA
-533683000,Checkers,0,GAME_OVER,47,46,2,683,MCTS_CheckersHeuristic,OSLA
-551802484,Checkers,0,GAME_OVER,55,54,2,684,MCTS_CheckersHeuristic,OSLA
-1840989310,Checkers,0,GAME_OVER,66,65,2,685,MCTS_CheckersHeuristic,OSLA
2017681574,Checkers,0,GAME_OVER,57,56,2,686,MCTS_CheckersHeuristic,OSLA
-421991124,Checkers,0,GAME_OVER,85,84,2,687,MCTS_CheckersHeuristic,OSLA
469011149,Checkers,0,GAME_OVER,47,46,2,688,MCTS_CheckersHeuristic,OSLA
1173557714,Checkers,0,GAME_OVER,53,52,2,689,MCTS_CheckersHeuristic,OSLA
-361604094,Checkers,0,GAME_OVER,57,56,2,690,MCTS_CheckersHeuristic,OSLA
1282867234,Checkers,0,GAME_OVER,49,48,2,691,MCTS_CheckersHeuristic,OSLA
-1542151897,Checkers,0,GAME_OVER,66,65,2,692,MCTS_CheckersHeuristic,OSLA
1085779199,Checkers,0,GAME_OVER,50,49,2,693,MCTS_CheckersHeuristic,OSLA
390901089,Checkers,0,GAME_OVER,58,57,2,694,MCTS_CheckersHeuristic,OSLA
-981129475,Checkers,0,GAME_OVER,45,44,2,695,MCTS_CheckersHeuristic,OSLA
-1390939507,Checkers,0,GAME_OVER,42,41,2,696,MCTS_CheckersHeuristic,OSLA
-437821059,Checkers,0,GAME_OVER,80,79,2,697,MCTS_CheckersHeuristic,OSLA
2075214077,Checkers,0,GAME_OVER,61,60,2,698,MCTS_CheckersHeuristic,OSLA
565615731,Checkers,0,GAME_OVER,58,57,2,699,MCTS_CheckersHeuristic,OSLA
1205676761,Checkers,0,GAME_OVER,40,39,2,700,MCTS_CheckersHeuristic,OSLA
-501755609,Checkers,0,GAME_OVER,55,54,2,701,MCTS_CheckersHeuristic,OSLA
-1499684397,Checkers,0,GAME_OVER,51,50,2,702,MCTS_CheckersHeuristic,OSLA
-1836009107,Checkers,0,GAME_OVER,55,54,2,703,MCTS_CheckersHeuristic,OSLA
963947027,Checkers,0,GAME_OVER,56,55,2,704,MCTS_CheckersHeuristic,OSLA
-80538069,Checkers,0,GAME_OVER,67,66,2,705,MCTS_CheckersHeuristic,OSLA
-1374684283,Checkers,0,GAME_OVER,88,87,2,706,MCTS_CheckersHeuristic,OSLA
1940495134,Checkers,0,GAME_OVER,52,51,2,707,MCTS_CheckersHeuristic,OSLA
-109890830,Checkers,0,GAME_OVER,58,57,2,708,MCTS_CheckersHeuristic,OSLA
-64575164,Checkers,0,GAME_OVER,52,51,2,709,MCTS_CheckersHeuristic,OSLA
-78915966,Checkers,0,GAME_OVER,63,62,2,710,MCTS_CheckersHeuristic,OSLA
-1377659306,Checkers,0,GAME_OVER,39,38,2,711,MCTS_CheckersHeuristic,OSLA
-1629323870,Checkers,0,GAME_OVER,63,62,2,712,MCTS_CheckersHeuristic,OSLA
-2230482,Checkers,0,GAME_OVER,67,66,2,713,MCTS_CheckersHeuristic,OSLA
-1195904413,Checkers,0,GAME_OVER,48,47,2,714,MCTS_CheckersHeuristic,OSLA
-578417640,Checkers,0,GAME_OVER,58,57,2,715,MCTS_CheckersHeuristic,OSLA
945926855,Checkers,0,GAME_OVER,113,112,2,716,MCTS_CheckersHeuristic,OSLA
88889687,Checkers,0,GAME_OVER,66,65,2,717,MCTS_CheckersHeuristic,OSLA
763617944,Checkers,0,GAME_OVER,84,83,2,718,MCTS_CheckersHeuristic,OSLA
1100313449,Checkers,0,GAME_OVER,135,134,2,719,MCTS_CheckersHeuristic,OSLA
-1264315711,Checkers,0,GAME_OVER,47,46,2,720,MCTS_CheckersHeuristic,OSLA
-497981998,Checkers,0,GAME_OVER,36,35,2,721,MCTS_CheckersHeuristic,OSLA
-1784524477,Checkers,0,GAME_OVER,132,131,2,722,MCTS_CheckersHeuristic,OSLA
-770855830,Checkers,0,GAME_OVER,65,64,2,723,MCTS_CheckersHeuristic,OSLA
-1365488335,Checkers,0,GAME_OVER,42,41,2,724,MCTS_CheckersHeuristic,OSLA
1216203408,Checkers,0,GAME_OVER,56,55,2,725,MCTS_CheckersHeuristic,OSLA
846924899,Checkers,0,GAME_OVER,49,48,2,726,MCTS_CheckersHeuristic,OSLA
-1464536919,Checkers,0,GAME_OVER,55,54,2,727,MCTS_CheckersHeuristic,OSLA
2022132924,Checkers,0,GAME_OVER,60,59,2,728,MCTS_CheckersHeuristic,OSLA
-59889711,Checkers,0,GAME_OVER,48,47,2,729,MCTS_CheckersHeuristic,OSLA
2010005813,Checkers,0,GAME_OVER,53,52,2,730,MCTS_CheckersHeuristic,OSLA
-1117326157,Checkers,0,GAME_OVER,52,51,2,731,MCTS_CheckersHeuristic,OSLA
-84837618,Checkers,0,GAME_OVER,88,87,2,732,MCTS_CheckersHeuristic,OSLA
-1311466025,Checkers,0,GAME_OVER,52,51,2,733,MCTS_CheckersHeuristic,OSLA
184912342,Checkers,0,GAME_OVER,111,110,2,734,MCTS_CheckersHeuristic,OSLA
956894957,Checkers,0,GAME_OVER,46,45,2,735,MCTS_CheckersHeuristic,OSLA
83738914,Checkers,0,GAME_OVER,51,50,2,736,MCTS_CheckersHeuristic,OSLA
983630301,Checkers,0,GAME_OVER,58,57,2,737,MCTS_CheckersHeuristic,OSLA
1607840044,Checkers,0,GAME_OVER,69,68,2,738,MCTS_CheckersHeuristic,OSLA
-895912029,Checkers,0,GAME_OVER,42,41,2,739,MCTS_CheckersHeuristic,OSLA
-1578776641,Checkers,0,GAME_OVER,63,62,2,740,MCTS_CheckersHeuristic,OSLA
440593991,Checkers,0,GAME_OVER,55,54,2,741,MCTS_CheckersHeuristic,OSLA
-841068281,Checkers,0,GAME_OVER,84,83,2,742,MCTS_CheckersHeuristic,OSLA
1164572257,Checkers,0,GAME_OVER,67,66,2,743,MCTS_CheckersHeuristic,OSLA
-786482107,Checkers,0,GAME_OVER,46,45,2,744,MCTS_CheckersHeuristic,OSLA
-973069799,Checkers,0,GAME_OVER,115,114,2,745,MCTS_CheckersHeuristic,OSLA
639807106,Checkers,0,GAME_OVER,78,77,2,746,MCTS_CheckersHeuristic,OSLA
-1077440383,Checkers,0,GAME_OVER,41,40,2,747,MCTS_CheckersHeuristic,OSLA
-2096489047,Checkers,0,GAME_OVER,54,53,2,748,MCTS_CheckersHeuristic,OSLA
1275913133,Checkers,0,GAME_OVER,46,45,2,749,MCTS_CheckersHeuristic,OSLA
-687245137,Checkers,0,GAME_OVER,145,144,2,750,MCTS_CheckersHeuristic,OSLA
-1554641659,Checkers,0,GAME_OVER,52,51,2,751,MCTS_CheckersHeuristic,OSLA
667440573,Checkers,0,GAME_OVER,176,175,2,752,MCTS_CheckersHeuristic,OSLA
465263264,Checkers,0,GAME_OVER,49,48,2,753,MCTS_CheckersHeuristic,OSLA
944196978,Checkers,0,GAME_OVER,46,45,2,754,MCTS_CheckersHeuristic,OSLA
-310419034,Checkers,0,GAME_OVER,67,66,2,755,MCTS_CheckersHeuristic,OSLA
555688628,Checkers,0,GAME_OVER,81,80,2,756,MCTS_CheckersHeuristic,OSLA
-990767859,Checkers,0,GAME_OVER,79,78,2,757,MCTS_CheckersHeuristic,OSLA
1878141101,Checkers,0,GAME_OVER,65,64,2,758,MCTS_CheckersHeuristic,OSLA
-607888083,Checkers,0,GAME_OVER,44,43,2,759,MCTS_CheckersHeuristic,OSLA
2001147109,Checkers,0,GAME_OVER,73,72,2,760,MCTS_CheckersHeuristic,OSLA
-1150735363,Checkers,0,GAME_OVER,54,53,2,761,MCTS_CheckersHeuristic,OSLA
-1254481507,Checkers,0,GAME_OVER,98,97,2,762,MCTS_CheckersHeuristic,OSLA
-1631771904,Checkers,0,GAME_OVER,42,41,2,763,MCTS_CheckersHeuristic,OSLA
-1013472049,Checkers,0,GAME_OVER,63,62,2,764,MCTS_CheckersHeuristic,OSLA
774945565,Checkers,0,GAME_OVER,53,52,2,765,MCTS_CheckersHeuristic,OSLA
1445337731,Checkers,0,GAME_OVER,92,91,2,766,MCTS_CheckersHeuristic,OSLA
1953319935,Checkers,0,GAME_OVER,85,84,2,767,MCTS_CheckersHeuristic,OSLA
390571357,Checkers,0,GAME_OVER,50,49,2,768,MCTS_CheckersHeuristic,OSLA
2096799665,Checkers,0,GAME_OVER,53,52,2,769,MCTS_CheckersHeuristic,OSLA
-1971763578,Checkers,0,GAME_OVER,60,59,2,770,MCTS_CheckersHeuristic,OSLA
-797392752,Checkers,0,GAME_OVER,52,51,2,771,MCTS_CheckersHeuristic,OSLA
-129231254,Checkers,0,GAME_OVER,58,57,2,772,MCTS_CheckersHeuristic,OSLA
-1647529271,Checkers,0,GAME_OVER,59,58,2,773,MCTS_CheckersHeuristic,OSLA
-1596937769,Checkers,0,GAME_OVER,59,58,2,774,MCTS_CheckersHeuristic,OSLA
1812176888,Checkers,0,GAME_OVER,51,50,2,775,MCTS_CheckersHeuristic,OSLA
1727208326,Checkers,0,GAME_OVER,73,72,2,776,MCTS_CheckersHeuristic,OSLA
778039985,Checkers,0,GAME_OVER,50,49,2,777,MCTS_CheckersHeuristic,OSLA
-1302988778,Checkers,0,GAME_OVER,55,54,2,778,MCTS_CheckersHeuristic,OSLA
953731308,Checkers,0,GAME_OVER,60,59,2,779,MCTS_CheckersHeuristic,OSLA
1148263162,Checkers,0,GAME_OVER,48,47,2,780,MCTS_CheckersHeuristic,OSLA
-138129491,Checkers,0,GAME_OVER,60,59,2,781,MCTS_CheckersHeuristic,OSLA
-1487440652,Checkers,0,GAME_OVER,70,69,2,782,MCTS_CheckersHeuristic,OSLA
420992871,Checkers,0,GAME_OVER,69,68,2,783,MCTS_CheckersHeuristic,OSLA
-1317910263,Checkers,0,GAME_OVER,80,79,2,784,MCTS_CheckersHeuristic,OSLA
1344802789,Checkers,0,GAME_OVER,63,62,2,785,MCTS_CheckersHeuristic,OSLA
-1175799016,Checkers,0,GAME_OVER,49,48,2,786,MCTS_CheckersHeuristic,OSLA
-815486018,Checkers,0,GAME_OVER,58,57,2,787,MCTS_CheckersHeuristic,OSLA
-467459208,Checkers,0,GAME_OVER,54,53,2,788,MCTS_CheckersHeuristic,OSLA
823983774,Checkers,0,GAME_OVER,52,51,2,789,MCTS_CheckersHeuristic,OSLA
-1246065338,Checkers,0,GAME_OVER,55,54,2,790,MCTS_CheckersHeuristic,OSLA
413126385,Checkers,0,GAME_OVER,61,60,2,791,MCTS_CheckersHeuristic,OSLA
457613648,Checkers,0,GAME_OVER,58,57,2,792,MCTS_CheckersHeuristic,OSLA
-1482368342,Checkers,0,GAME_OVER,43,42,2,793,MCTS_CheckersHeuristic,OSLA
1132336574,Checkers,0,GAME_OVER,58,57,2,794,MCTS_CheckersHeuristic,OSLA
416303171,Checkers,0,GAME_OVER,90,89,2,795,MCTS_CheckersHeuristic,OSLA
1343822562,Checkers,0,GAME_OVER,50,49,2,796,MCTS_CheckersHeuristic,OSLA
-906905566,Checkers,0,GAME_OVER,56,55,2,797,MCTS_CheckersHeuristic,OSLA
-1919272990,Checkers,0,GAME_OVER,42,41,2,798,MCTS_CheckersHeuristic,OSLA
-564348917,Checkers,0,GAME_OVER,58,57,2,799,MCTS_CheckersHeuristic,OSLA
-148165108,Checkers,0,GAME_OVER,68,67,2,800,MCTS_CheckersHeuristic,OSLA
-463582895,Checkers,0,GAME_OVER,42,41,2,801,MCTS_CheckersHeuristic,OSLA
-2035590615,Checkers,0,GAME_OVER,94,93,2,802,OSLA,OSLA
-578946317,Checkers,0,GAME_OVER,46,45,2,803,OSLA,OSLA
1621758891,Checkers,0,GAME_OVER,66,65,2,804,OSLA,OSLA
522208008,Checkers,0,GAME_OVER,106,105,2,805,OSLA,OSLA
1481544050,Checkers,0,GAME_OVER,40,39,2,806,OSLA,OSLA
2045888587,Checkers,0,GAME_OVER,67,66,2,807,OSLA,OSLA
2071643935,Checkers,0,GAME_OVER,42,41,2,808,OSLA,OSLA
-1558754475,Checkers,0,GAME_OVER,36,35,2,809,OSLA,OSLA
-446015633,Checkers,0,GAME_OVER,40,39,2,810,OSLA,OSLA
-650419990,Checkers,0,GAME_OVER,49,48,2,811,OSLA,OSLA
144074216,Checkers,0,GAME_OVER,42,41,2,812,OSLA,OSLA
-314185299,Checkers,0,GAME_OVER,111,110,2,813,OSLA,OSLA
-1437395352,Checkers,0,GAME_OVER,61,60,2,814,OSLA,OSLA
563421040,Checkers,0,GAME_OVER,68,67,2,815,OSLA,OSLA
-1295987043,Checkers,0,GAME_OVER,45,44,2,816,OSLA,OSLA
-1827331606,Checkers,0,GAME_OVER,42,41,2,817,OSLA,OSLA
-1643482254,Checkers,0,GAME_OVER,98,97,2,818,OSLA,OSLA
-1452034605,Checkers,0,GAME_OVER,36,35,2,819,OSLA,OSLA
1282346219,Checkers,0,GAME_OVER,48,47,2,820,OSLA,OSLA
415036606,Checkers,0,GAME_OVER,40,39,2,821,OSLA,OSLA
-518486764,Checkers,0,GAME_OVER,97,96,2,822,OSLA,OSLA
675924267,Checkers,0,GAME_OVER,58,57,2,823,OSLA,OSLA
-796841250,Checkers,0,GAME_OVER,71,70,2,824,OSLA,OSLA
353735071,Checkers,0,GAME_OVER,84,83,2,825,OSLA,OSLA
-1787867092,Checkers,0,GAME_OVER,44,43,2,826,OSLA,OSLA
-557254966,Checkers,0,GAME_OVER,40,39,2,827,OSLA,OSLA
-151956897,Checkers,0,GAME_OVER,66,65,2,828,OSLA,OSLA
905262079,Checkers,0,GAME_OVER,40,39,2,829,OSLA,OSLA
319729427,Checkers,0,GAME_OVER,60,59,2,830,OSLA,OSLA
-1887070577,Checkers,0,GAME_OVER,53,52,2,831,OSLA,OSLA
815071997,Checkers,0,GAME_OVER,60,59,2,832,OSLA,OSLA
-1871568959,Checkers,0,GAME_OVER,56,55,2,833,OSLA,OSLA
-1344469249,Checkers,0,GAME_OVER,47,46,2,834,OSLA,OSLA
962842235,Checkers,0,GAME_OVER,71,70,2,835,OSLA,OSLA
1804951535,Checkers,0,GAME_OVER,41,40,2,836,OSLA,OSLA
-1042059033,Checkers,0,GAME_OVER,58,57,2,837,OSLA,OSLA
428568489,Checkers,0,GAME_OVER,42,41,2,838,OSLA,OSLA
478792580,Checkers,0,GAME_OVER,47,46,2,839,OSLA,OSLA
152033881,Checkers,0,GAME_OVER,46,45,2,840,OSLA,OSLA
-856509809,Checkers,0,GAME_OVER,112,111,2,841,OSLA,OSLA
77738287,Checkers,0,GAME_OVER,49,48,2,842,OSLA,OSLA
1107047337,Checkers,0,GAME_OVER,48,47,2,843,OSLA,OSLA
-1415529522,Checkers,0,GAME_OVER,49,48,2,844,OSLA,OSLA
-1397001953,Checkers,0,GAME_OVER,48,47,2,845,OSLA,OSLA
238861370,Checkers,0,GAME_OVER,42,41,2,846,OSLA,OSLA
1925653830,Checkers,0,GAME_OVER,65,64,2,847,OSLA,OSLA
-2102569706,Checkers,0,GAME_OVER,39,38,2,848,OSLA,OSLA
504708031,Checkers,0,GAME_OVER,61,60,2,849,OSLA,OSLA
-590708637,Checkers,0,GAME_OVER,46,45,2,850,OSLA,OSLA
-957917271,Checkers,0,GAME_OVER,52,51,2,851,OSLA,OSLA
-144976592,Checkers,0,GAME_OVER,89,88,2,852,OSLA,OSLA
-1611151097,Checkers,0,GAME_OVER,40,39,2,853,OSLA,OSLA
832324818,Checkers,0,GAME_OVER,67,66,2,854,OSLA,OSLA
189542628,Checkers,0,GAME_OVER,33,32,2,855,OSLA,OSLA
-226292582,Checkers,0,GAME_OVER,46,45,2,856,OSLA,OSLA
-1632619783,Checkers,0,GAME_OVER,49,48,2,857,OSLA,OSLA
-10754264,Checkers,0,GAME_OVER,147,146,2,858,OSLA,OSLA
-1702566684,Checkers,0,GAME_OVER,43,42,2,859,OSLA,OSLA
-1497587505,Checkers,0,GAME_OVER,33,32,2,860,OSLA,OSLA
-845578703,Checkers,0,GAME_OVER,43,42,2,861,OSLA,OSLA
587637918,Checkers,0,GAME_OVER,47,46,2,862,OSLA,OSLA
-1573391934,Checkers,0,GAME_OVER,97,96,2,863,OSLA,OSLA
-211258352,Checkers,0,GAME_OVER,61,60,2,864,OSLA,OSLA
-8789926,Checkers,0,GAME_OVER,39,38,2,865,OSLA,OSLA
-606056082,Checkers,0,GAME_OVER,54,53,2,866,OSLA,OSLA
-2119856807,Checkers,0,GAME_OVER,82,81,2,867,OSLA,OSLA
756565351,Checkers,0,GAME_OVER,45,44,2,868,OSLA,OSLA
701069796,Checkers,0,GAME_OVER,48,47,2,869,OSLA,OSLA
89662065,Checkers,0,GAME_OVER,35,34,2,870,OSLA,OSLA
409655320,Checkers,0,GAME_OVER,67,66,2,871,OSLA,OSLA
-1178153752,Checkers,0,GAME_OVER,37,36,2,872,OSLA,OSLA
1916696307,Checkers,0,GAME_OVER,72,71,2,873,OSLA,OSLA
-1170346743,Checkers,0,GAME_OVER,65,64,2,874,OSLA,OSLA
-1178277608,Checkers,0,GAME_OVER,92,91,2,875,OSLA,OSLA
1538119737,Checkers,0,GAME_OVER,91,90,2,876,OSLA,OSLA
725994394,Checkers,0,GAME_OVER,43,42,2,877,OSLA,OSLA
-449773248,Checkers,0,GAME_OVER,111,110,2,878,OSLA,OSLA
-1796208784,Checkers,0,GAME_OVER,44,43,2,879,OSLA,OSLA
-524080299,Checkers,0,GAME_OVER,47,46,2,880,OSLA,OSLA
-355532984,Checkers,0,GAME_OVER,52,51,2,881,OSLA,OSLA
891290161,Checkers,0,GAME_OVER,47,46,2,882,OSLA,OSLA
-533683000,Checkers,0,GAME_OVER,127,126,2,883,OSLA,OSLA
-551802484,Checkers,0,GAME_OVER,92,91,2,884,OSLA,OSLA
-1840989310,Checkers,0,GAME_OVER,71,70,2,885,OSLA,OSLA
2017681574,Checkers,0,GAME_OVER,45,44,2,886,OSLA,OSLA
-421991124,Checkers,0,GAME_OVER,41,40,2,887,OSLA,OSLA
469011149,Checkers,0,GAME_OVER,86,85,2,888,OSLA,OSLA
1173557714,Checkers,0,GAME_OVER,51,50,2,889,OSLA,OSLA
-361604094,Checkers,0,GAME_OVER,50,49,2,890,OSLA,OSLA
1282867234,Checkers,0,GAME_OVER,51,50,2,891,OSLA,OSLA
-1542151897,Checkers,0,GAME_OVER,97,96,2,892,OSLA,OSLA
1085779199,Checkers,0,GAME_OVER,49,48,2,893,OSLA,OSLA
390901089,Checkers,0,GAME_OVER,68,67,2,894,OSLA,OSLA
-981129475,Checkers,0,GAME_OVER,44,43,2,895,OSLA,OSLA
-1390939507,Checkers,0,GAME_OVER,86,85,2,896,OSLA,OSLA
-437821059,Checkers,0,GAME_OVER,45,44,2,897,OSLA,OSLA
2075214077,Checkers,0,GAME_OVER,91,90,2,898,OSLA,OSLA
565615731,Checkers,0,GAME_OVER,132,131,2,899,OSLA,OSLA
1205676761,Checkers,0,GAME_OVER,38,37,2,900,OSLA,OSLA
-501755609,Checkers,0,GAME_OVER,43,42,2,901,OSLA,OSLA
-1499684397,Checkers,0,GAME_OVER,49,48,2,902,OSLA,OSLA
-1836009107,Checkers,0,GAME_OVER,45,44,2,903,OSLA,OSLA
963947027,Checkers,0,GAME_OVER,47,46,2,904,OSLA,OSLA
-80538069,Checkers,0,GAME_OVER,39,38,2,905,OSLA,OSLA
-1374684283,Checkers,0,GAME_OVER,49,48,2,906,OSLA,OSLA
1940495134,Checkers,0,GAME_OVER,37,36,2,907,OSLA,OSLA
-109890830,Checkers,0,GAME_OVER,56,55,2,908,OSLA,OSLA
-64575164,Checkers,0,GAME_OVER,45,44,2,909,OSLA,OSLA
-78915966,Checkers,0,GAME_OVER,36,35,2,910,OSLA,OSLA
-1377659306,Checkers,0,GAME_OVER,48,47,2,911,OSLA,OSLA
-1629323870,Checkers,0,GAME_OVER,41,40,2,912,OSLA,OSLA
-2230482,Checkers,0,GAME_OVER,43,42,2,913,OSLA,OSLA
-1195904413,Checkers,0,GAME_OVER,48,47,2,914,OSLA,OSLA
-578417640,Checkers,0,GAME_OVER,53,52,2,915,OSLA,OSLA
945926855,Checkers,0,GAME_OVER,38,37,2,916,OSLA,OSLA
88889687,Checkers,0,GAME_OVER,44,43,2,917,OSLA,OSLA
763617944,Checkers,0,GAME_OVER,45,44,2,918,OSLA,OSLA
1100313449,Checkers,0,GAME_OVER,67,66,2,919,OSLA,OSLA
-1264315711,Checkers,0,GAME_OVER,52,51,2,920,OSLA,OSLA
-497981998,Checkers,0,GAME_OVER,36,35,2,921,OSLA,OSLA
-1784524477,Checkers,0,GAME_OVER,43,42,2,922,OSLA,OSLA
-770855830,Checkers,0,GAME_OVER,40,39,2,923,OSLA,OSLA
-1365488335,Checkers,0,GAME_OVER,107,106,2,924,OSLA,OSLA
1216203408,Checkers,0,GAME_OVER,39,38,2,925,OSLA,OSLA
846924899,Checkers,0,GAME_OVER,46,45,2,926,OSLA,OSLA
-1464536919,Checkers,0,GAME_OVER,43,42,2,927,OSLA,OSLA
2022132924,Checkers,0,GAME_OVER,49,48,2,928,OSLA,OSLA
-59889711,Checkers,0,GAME_OVER,40,39,2,929,OSLA,OSLA
2010005813,Checkers,0,GAME_OVER,99,98,2,930,OSLA,OSLA
-1117326157,Checkers,0,GAME_OVER,46,45,2,931,OSLA,OSLA
-84837618,Checkers,0,GAME_OVER,51,50,2,932,OSLA,OSLA
-1311466025,Checkers,0,GAME_OVER,53,52,2,933,OSLA,OSLA
184912342,Checkers,0,GAME_OVER,87,86,2,934,OSLA,OSLA
956894957,Checkers,0,GAME_OVER,58,57,2,935,OSLA,OSLA
83738914,Checkers,0,GAME_OVER,42,41,2,936,OSLA,OSLA
983630301,Checkers,0,GAME_OVER,42,41,2,937,OSLA,OSLA
1607840044,Checkers,0,GAME_OVER,46,45,2,938,OSLA,OSLA
-895912029,Checkers,0,GAME_OVER,49,48,2,939,OSLA,OSLA
-1578776641,Checkers,0,GAME_OVER,43,42,2,940,OSLA,OSLA
440593991,Checkers,0,GAME_OVER,48,47,2,941,OSLA,OSLA
-841068281,Checkers,0,GAME_OVER,63,62,2,942,OSLA,OSLA
1164572257,Checkers,0,GAME_OVER,94,93,2,943,OSLA,OSLA
-786482107,Checkers,0,GAME_OVER,34,33,2,944,OSLA,OSLA
-973069799,Checkers,0,GAME_OVER,43,42,2,945,OSLA,OSLA
639807106,Checkers,0,GAME_OVER,38,37,2,946,OSLA,OSLA
-1077440383,Checkers,0,GAME_OVER,41,40,2,947,OSLA,OSLA
-2096489047,Checkers,0,GAME_OVER,52,51,2,948,OSLA,OSLA
1275913133,Checkers,0,GAME_OVER,60,59,2,949,OSLA,OSLA
-687245137,Checkers,0,GAME_OVER,153,152,2,950,OSLA,OSLA
-1554641659,Checkers,0,GAME_OVER,49,48,2,951,OSLA,OSLA
667440573,Checkers,0,GAME_OVER,66,65,2,952,OSLA,OSLA
465263264,Checkers,0,GAME_OVER,47,46,2,953,OSLA,OSLA
944196978,Checkers,0,GAME_OVER,35,34,2,954,OSLA,OSLA
-310419034,Checkers,0,GAME_OVER,123,122,2,955,OSLA,OSLA
555688628,Checkers,0,GAME_OVER,57,56,2,956,OSLA,OSLA
-990767859,Checkers,0,GAME_OVER,52,51,2,957,OSLA,OSLA
1878141101,Checkers,0,GAME_OVER,53,52,2,958,OSLA,OSLA
-607888083,Checkers,0,GAME_OVER,53,52,2,959,OSLA,OSLA
2001147109,Checkers,0,GAME_OVER,48,47,2,960,OSLA,OSLA
-1150735363,Checkers,0,GAME_OVER,63,62,2,961,OSLA,OSLA
-1254481507,Checkers,0,GAME_OVER,46,45,2,962,OSLA,OSLA
-1631771904,Checkers,0,GAME_OVER,37,36,2,963,OSLA,OSLA
-1013472049,Checkers,0,GAME_OVER,130,129,2,964,OSLA,OSLA
774945565,Checkers,0,GAME_OVER,106,105,2,965,OSLA,OSLA
1445337731,Checkers,0,GAME_OVER,52,51,2,966,OSLA,OSLA
1953319935,Checkers,0,GAME_OVER,41,40,2,967,OSLA,OSLA
390571357,Checkers,0,GAME_OVER,36,35,2,968,OSLA,OSLA
2096799665,Checkers,0,GAME_OVER,114,113,2,969,OSLA,OSLA
-1971763578,Checkers,0,GAME_OVER,41,40,2,970,OSLA,OSLA
-797392752,Checkers,0,GAME_OVER,39,38,2,971,OSLA,OSLA
-129231254,Checkers,0,GAME_OVER,44,43,2,972,OSLA,OSLA
-1647529271,Checkers,0,GAME_OVER,49,48,2,973,OSLA,OSLA
-1596937769,Checkers,0,GAME_OVER,55,54,2,974,OSLA,OSLA
1812176888,Checkers,0,GAME_OVER,50,49,2,975,OSLA,OSLA
1727208326,Checkers,0,GAME_OVER,42,41,2,976,OSLA,OSLA
778039985,Checkers,0,GAME_OVER,60,59,2,977,OSLA,OSLA
-1302988778,Checkers,0,GAME_OVER,45,44,2,978,OSLA,OSLA
953731308,Checkers,0,GAME_OVER,44,43,2,979,OSLA,OSLA
1148263162,Checkers,0,GAME_OVER,121,120,2,980,OSLA,OSLA
-138129491,Checkers,0,GAME_OVER,41,40,2,981,OSLA,OSLA
-1487440652,Checkers,0,GAME_OVER,79,78,2,982,OSLA,OSLA
420992871,Checkers,0,GAME_OVER,39,38,2,983,OSLA,OSLA
-1317910263,Checkers,0,GAME_OVER,42,41,2,984,OSLA,OSLA
1344802789,Checkers,0,GAME_OVER,39,38,2,985,OSLA,OSLA
-1175799016,Checkers,0,GAME_OVER,50,49,2,986,OSLA,OSLA
-815486018,Checkers,0,GAME_OVER,46,45,2,987,OSLA,OSLA
-467459208,Checkers,0,GAME_OVER,40,39,2,988,OSLA,OSLA
823983774,Checkers,0,GAME_OVER,44,43,2,989,OSLA,OSLA
-1246065338,Checkers,0,GAME_OVER,42,41,2,990,OSLA,OSLA
413126385,Checkers,0,GAME_OVER,52,51,2,991,OSLA,OSLA
457613648,Checkers,0,GAME_OVER,55,54,2,992,OSLA,OSLA
-1482368342,Checkers,0,GAME_OVER,42,41,2,993,OSLA,OSLA
1132336574,Checkers,0,GAME_OVER,50,49,2,994,OSLA,OSLA
416303171,Checkers,0,GAME_OVER,46,45,2,995,OSLA,OSLA
1343822562,Checkers,0,GAME_OVER,42,41,2,996,OSLA,OSLA
-906905566,Checkers,0,GAME_OVER,128,127,2,997,OSLA,OSLA
-1919272990,Checkers,0,GAME_OVER,54,53,2,998,OSLA,OSLA
-564348917,Checkers,0,GAME_OVER,84,83,2,999,OSLA,OSLA
-148165108,Checkers,0,GAME_OVER,47,46,2,1000,OSLA,OSLA
-463582895,Checkers,0,GAME_OVER,50,49,2,1001,OSLA,OSLA
-2035590615,Checkers,0,GAME_OVER,41,40,2,1002,RandomPlayerConfig,OSLA
-578946317,Checkers,0,GAME_OVER,35,34,2,1003,RandomPlayerConfig,OSLA
1621758891,Checkers,0,GAME_OVER,41,40,2,1004,RandomPlayerConfig,OSLA
522208008,Checkers,0,GAME_OVER,41,40,2,1005,RandomPlayerConfig,OSLA
1481544050,Checkers,0,GAME_OVER,34,33,2,1006,RandomPlayerConfig,OSLA
2045888587,Checkers,0,GAME_OVER,41,40,2,1007,RandomPlayerConfig,OSLA
2071643935,Checkers,0,GAME_OVER,36,35,2,1008,RandomPlayerConfig,OSLA
-1558754475,Checkers,0,GAME_OVER,37,36,2,1009,RandomPlayerConfig,OSLA
-446015633,Checkers,0,GAME_OVER,42,41,2,1010,RandomPlayerConfig,OSLA
-650419990,Checkers,0,GAME_OVER,44,43,2,1011,RandomPlayerConfig,OSLA
144074216,Checkers,0,GAME_OVER,47,46,2,1012,RandomPlayerConfig,OSLA
-314185299,Checkers,0,GAME_OVER,34,33,2,1013,RandomPlayerConfig,OSLA
-1437395352,Checkers,0,GAME_OVER,35,34,2,1014,RandomPlayerConfig,OSLA
563421040,Checkers,0,GAME_OVER,42,41,2,1015,RandomPlayerConfig,OSLA
-1295987043,Checkers,0,GAME_OVER,38,37,2,1016,RandomPlayerConfig,OSLA
-1827331606,Checkers,0,GAME_OVER,43,42,2,1017,RandomPlayerConfig,OSLA
-1643482254,Checkers,0,GAME_OVER,40,39,2,1018,RandomPlayerConfig,OSLA
-1452034605,Checkers,0,GAME_OVER,43,42,2,1019,RandomPlayerConfig,OSLA
1282346219,Checkers,0,GAME_OVER,38,37,2,1020,RandomPlayerConfig,OSLA
415036606,Checkers,0,GAME_OVER,39,38,2,1021,RandomPlayerConfig,OSLA
-518486764,Checkers,0,GAME_OVER,48,47,2,1022,RandomPlayerConfig,OSLA
675924267,Checkers,0,GAME_OVER,41,40,2,1023,RandomPlayerConfig,OSLA
-796841250,Checkers,0,GAME_OVER,67,66,2,1024,RandomPlayerConfig,OSLA
353735071,Checkers,0,GAME_OVER,38,37,2,1025,RandomPlayerConfig,OSLA
-1787867092,Checkers,0,GAME_OVER,92,91,2,1026,RandomPlayerConfig,OSLA
-557254966,Checkers,0,GAME_OVER,39,38,2,1027,RandomPlayerConfig,OSLA
-151956897,Checkers,0,GAME_OVER,52,51,2,1028,RandomPlayerConfig,OSLA
905262079,Checkers,0,GAME_OVER,40,39,2,1029,RandomPlayerConfig,OSLA
319729427,Checkers,0,GAME_OVER,44,43,2,1030,RandomPlayerConfig,OSLA
-1887070577,Checkers,0,GAME_OVER,46,45,2,1031,RandomPlayerConfig,OSLA
815071997,Checkers,0,GAME_OVER,48,47,2,1032,RandomPlayerConfig,OSLA
-1871568959,Checkers,0,GAME_OVER,43,42,2,1033,RandomPlayerConfig,OSLA
-1344469249,Checkers,0,GAME_OVER,57,56,2,1034,RandomPlayerConfig,OSLA
962842235,Checkers,0,GAME_OVER,44,43,2,1035,RandomPlayerConfig,OSLA
1804951535,Checkers,0,GAME_OVER,56,55,2,1036,RandomPlayerConfig,OSLA
-1042059033,Checkers,0,GAME_OVER,45,44,2,1037,RandomPlayerConfig,OSLA
428568489,Checkers,0,GAME_OVER,41,40,2,1038,RandomPlayerConfig,OSLA
478792580,Checkers,0,GAME_OVER,41,40,2,1039,RandomPlayerConfig,OSLA
152033881,Checkers,0,GAME_OVER,44,43,2,1040,RandomPlayerConfig,OSLA
-856509809,Checkers,0,GAME_OVER,62,61,2,1041,RandomPlayerConfig,OSLA
77738287,Checkers,0,GAME_OVER,57,56,2,1042,RandomPlayerConfig,OSLA
1107047337,Checkers,0,GAME_OVER,70,69,2,1043,RandomPlayerConfig,OSLA
-1415529522,Checkers,0,GAME_OVER,42,41,2,1044,RandomPlayerConfig,OSLA
-1397001953,Checkers,0,GAME_OVER,37,36,2,1045,RandomPlayerConfig,OSLA
238861370,Checkers,0,GAME_OVER,51,50,2,1046,RandomPlayerConfig,OSLA
1925653830,Checkers,0,GAME_OVER,46,45,2,1047,RandomPlayerConfig,OSLA
-2102569706,Checkers,0,GAME_OVER,45,44,2,1048,RandomPlayerConfig,OSLA
504708031,Checkers,0,GAME_OVER,46,45,2,1049,RandomPlayerConfig,OSLA
-590708637,Checkers,0,GAME_OVER,46,45,2,1050,RandomPlayerConfig,OSLA
-957917271,Checkers,0,GAME_OVER,67,66,2,1051,RandomPlayerConfig,OSLA
-144976592,Checkers,0,GAME_OVER,47,46,2,1052,RandomPlayerConfig,OSLA
-1611151097,Checkers,0,GAME_OVER,46,45,2,1053,RandomPlayerConfig,OSLA
832324818,Checkers,0,GAME_OVER,47,46,2,1054,RandomPlayerConfig,OSLA
189542628,Checkers,0,GAME_OVER,45,44,2,1055,RandomPlayerConfig,OSLA
-226292582,Checkers,0,GAME_OVER,48,47,2,1056,RandomPlayerConfig,OSLA
-1632619783,Checkers,0,GAME_OVER,52,51,2,1057,RandomPlayerConfig,OSLA
-10754264,Checkers,0,GAME_OVER,44,43,2,1058,RandomPlayerConfig,OSLA
-1702566684,Checkers,0,GAME_OVER,41,40,2,1059,RandomPlayerConfig,OSLA
-1497587505,Checkers,0,GAME_OVER,41,40,2,1060,RandomPlayerConfig,OSLA
-845578703,Checkers,0,GAME_OVER,50,49,2,1061,RandomPlayerConfig,OSLA
587637918,Checkers,0,GAME_OVER,39,38,2,1062,RandomPlayerConfig,OSLA
-1573391934,Checkers,0,GAME_OVER,50,49,2,1063,RandomPlayerConfig,OSLA
-211258352,Checkers,0,GAME_OVER,56,55,2,1064,RandomPlayerConfig,OSLA
-8789926,Checkers,0,GAME_OVER,47,46,2,1065,RandomPlayerConfig,OSLA
-606056082,Checkers,0,GAME_OVER,38,37,2,1066,RandomPlayerConfig,OSLA
-2119856807,Checkers,0,GAME_OVER,56,55,2,1067,RandomPlayerConfig,OSLA
756565351,Checkers,0,GAME_OVER,41,40,2,1068,RandomPlayerConfig,OSLA
701069796,Checkers,0,GAME_OVER,40,39,2,1069,RandomPlayerConfig,OSLA
89662065,Checkers,0,GAME_OVER,43,42,2,1070,RandomPlayerConfig,OSLA
409655320,Checkers,0,GAME_OVER,48,47,2,1071,RandomPlayerConfig,OSLA
-1178153752,Checkers,0,GAME_OVER,38,37,2,1072,RandomPlayerConfig,OSLA
1916696307,Checkers,0,GAME_OVER,51,50,2,1073,RandomPlayerConfig,OSLA
-1170346743,Checkers,0,GAME_OVER,46,45,2,1074,RandomPlayerConfig,OSLA
-1178277608,Checkers,0,GAME_OVER,38,37,2,1075,RandomPlayerConfig,OSLA
1538119737,Checkers,0,GAME_OVER,27,26,2,1076,RandomPlayerConfig,OSLA
725994394,Checkers,0,GAME_OVER,46,45,2,1077,RandomPlayerConfig,OSLA
-449773248,Checkers,0,GAME_OVER,51,50,2,1078,RandomPlayerConfig,OSLA
-1796208784,Checkers,0,GAME_OVER,47,46,2,1079,RandomPlayerConfig,OSLA
-524080299,Checkers,0,GAME_OVER,63,62,2,1080,RandomPlayerConfig,OSLA
-355532984,Checkers,0,GAME_OVER,51,50,2,1081,RandomPlayerConfig,OSLA
891290161,Checkers,0,GAME_OVER,47,46,2,1082,RandomPlayerConfig,OSLA
-533683000,Checkers,0,GAME_OVER,56,55,2,1083,RandomPlayerConfig,OSLA
-551802484,Checkers,0,GAME_OVER,53,52,2,1084,RandomPlayerConfig,OSLA
-1840989310,Checkers,0,GAME_OVER,43,42,2,1085,RandomPlayerConfig,OSLA
2017681574,Checkers,0,GAME_OVER,37,36,2,1086,RandomPlayerConfig,OSLA
-421991124,Checkers,0,GAME_OVER,33,32,2,1087,RandomPlayerConfig,OSLA
469011149,Checkers,0,GAME_OVER,72,71,2,1088,RandomPlayerConfig,OSLA
1173557714,Checkers,0,GAME_OVER,46,45,2,1089,RandomPlayerConfig,OSLA
-361604094,Checkers,0,GAME_OVER,44,43,2,1090,RandomPlayerConfig,OSLA
1282867234,Checkers,0,GAME_OVER,52,51,2,1091,RandomPlayerConfig,OSLA
-1542151897,Checkers,0,GAME_OVER,40,39,2,1092,RandomPlayerConfig,OSLA
1085779199,Checkers,0,GAME_OVER,42,41,2,1093,RandomPlayerConfig,OSLA
390901089,Checkers,0,GAME_OVER,48,47,2,1094,RandomPlayerConfig,OSLA
-981129475,Checkers,0,GAME_OVER,47,46,2,1095,RandomPlayerConfig,OSLA
-1390939507,Checkers,0,GAME_OVER,38,37,2,1096,RandomPlayerConfig,OSLA
-437821059,Checkers,0,GAME_OVER,46,45,2,1097,RandomPlayerConfig,OSLA
2075214077,Checkers,0,GAME_OVER,49,48,2,1098,RandomPlayerConfig,OSLA
565615731,Checkers,0,GAME_OVER,46,45,2,1099,RandomPlayerConfig,OSLA
1205676761,Checkers,0,GAME_OVER,39,38,2,1100,RandomPlayerConfig,OSLA
-501755609,Checkers,0,GAME_OVER,55,54,2,1101,RandomPlayerConfig,OSLA
-1499684397,Checkers,0,GAME_OVER,43,42,2,1102,RandomPlayerConfig,OSLA
-1836009107,Checkers,0,GAME_OVER,63,62,2,1103,RandomPlayerConfig,OSLA
963947027,Checkers,0,GAME_OVER,36,35,2,1104,RandomPlayerConfig,OSLA
-80538069,Checkers,0,GAME_OVER,37,36,2,1105,RandomPlayerConfig,OSLA
-1374684283,Checkers,0,GAME_OVER,33,32,2,1106,RandomPlayerConfig,OSLA
1940495134,Checkers,0,GAME_OVER,42,41,2,1107,RandomPlayerConfig,OSLA
-109890830,Checkers,0,GAME_OVER,40,39,2,1108,RandomPlayerConfig,OSLA
-64575164,Checkers,0,GAME_OVER,40,39,2,1109,RandomPlayerConfig,OSLA
-78915966,Checkers,0,GAME_OVER,42,41,2,1110,RandomPlayerConfig,OSLA
-1377659306,Checkers,0,GAME_OVER,37,36,2,1111,RandomPlayerConfig,OSLA
-1629323870,Checkers,0,GAME_OVER,45,44,2,1112,RandomPlayerConfig,OSLA
-2230482,Checkers,0,GAME_OVER,43,42,2,1113,RandomPlayerConfig,OSLA
-1195904413,Checkers,0,GAME_OVER,44,43,2,1114,RandomPlayerConfig,OSLA
-578417640,Checkers,0,GAME_OVER,35,34,2,1115,RandomPlayerConfig,OSLA
945926855,Checkers,0,GAME_OVER,53,52,2,1116,RandomPlayerConfig,OSLA
88889687,Checkers,0,GAME_OVER,45,44,2,1117,RandomPlayerConfig,OSLA
763617944,Checkers,0,GAME_OVER,49,48,2,1118,RandomPlayerConfig,OSLA
1100313449,Checkers,0,GAME_OVER,40,39,2,1119,RandomPlayerConfig,OSLA
-1264315711,Checkers,0,GAME_OVER,40,39,2,1120,RandomPlayerConfig,OSLA
-497981998,Checkers,0,GAME_OVER,45,44,2,1121,RandomPlayerConfig,OSLA
-1784524477,Checkers,0,GAME_OVER,35,34,2,1122,RandomPlayerConfig,OSLA
-770855830,Checkers,0,GAME_OVER,44,43,2,1123,RandomPlayerConfig,OSLA
-1365488335,Checkers,0,GAME_OVER,56,55,2,1124,RandomPlayerConfig,OSLA
1216203408,Checkers,0,GAME_OVER,53,52,2,1125,RandomPlayerConfig,OSLA
846924899,Checkers,0,GAME_OVER,46,45,2,1126,RandomPlayerConfig,OSLA
-1464536919,Checkers,0,GAME_OVER,44,43,2,1127,RandomPlayerConfig,OSLA
2022132924,Checkers,0,GAME_OVER,60,59,2,1128,RandomPlayerConfig,OSLA
-59889711,Checkers,0,GAME_OVER,47,46,2,1129,RandomPlayerConfig,OSLA
2010005813,Checkers,0,GAME_OVER,57,56,2,1130,RandomPlayerConfig,OSLA
-1117326157,Checkers,0,GAME_OVER,52,51,2,1131,RandomPlayerConfig,OSLA
-84837618,Checkers,0,GAME_OVER,40,39,2,1132,RandomPlayerConfig,OSLA
-1311466025,Checkers,0,GAME_OVER,44,43,2,1133,RandomPlayerConfig,OSLA
184912342,Checkers,0,GAME_OVER,40,39,2,1134,RandomPlayerConfig,OSLA
956894957,Checkers,0,GAME_OVER,45,44,2,1135,RandomPlayerConfig,OSLA
83738914,Checkers,0,GAME_OVER,57,56,2,1136,RandomPlayerConfig,OSLA
983630301,Checkers,0,GAME_OVER,40,39,2,1137,RandomPlayerConfig,OSLA
1607840044,Checkers,0,GAME_OVER,43,42,2,1138,RandomPlayerConfig,OSLA
-895912029,Checkers,0,GAME_OVER,51,50,2,1139,RandomPlayerConfig,OSLA
-1578776641,Checkers,0,GAME_OVER,34,33,2,1140,RandomPlayerConfig,OSLA
440593991,Checkers,0,GAME_OVER,41,40,2,1141,RandomPlayerConfig,OSLA
-841068281,Checkers,0,GAME_OVER,43,42,2,1142,RandomPlayerConfig,OSLA
1164572257,Checkers,0,GAME_OVER,44,43,2,1143,RandomPlayerConfig,OSLA
-786482107,Checkers,0,GAME_OVER,44,43,2,1144,RandomPlayerConfig,OSLA
-973069799,Checkers,0,GAME_OVER,45,44,2,1145,RandomPlayerConfig,OSLA
639807106,Checkers,0,GAME_OVER,44,43,2,1146,RandomPlayerConfig,OSLA
-1077440383,Checkers,0,GAME_OVER,37,36,2,1147,RandomPlayerConfig,OSLA
-2096489047,Checkers,0,GAME_OVER,46,45,2,1148,RandomPlayerConfig,OSLA
1275913133,Checkers,0,GAME_OVER,50,49,2,1149,RandomPlayerConfig,OSLA
-687245137,Checkers,0,GAME_OVER,44,43,2,1150,RandomPlayerConfig,OSLA
-1554641659,Checkers,0,GAME_OVER,46,45,2,1151,RandomPlayerConfig,OSLA
667440573,Checkers,0,GAME_OVER,54,53,2,1152,RandomPlayerConfig,OSLA
465263264,Checkers,0,GAME_OVER,43,42,2,1153,RandomPlayerConfig,OSLA
944196978,Checkers,0,GAME_OVER,42,41,2,1154,RandomPlayerConfig,OSLA
-310419034,Checkers,0,GAME_OVER,39,38,2,1155,RandomPlayerConfig,OSLA
555688628,Checkers,0,GAME_OVER,40,39,2,1156,RandomPlayerConfig,OSLA
-990767859,Checkers,0,GAME_OVER,36,35,2,1157,RandomPlayerConfig,OSLA
1878141101,Checkers,0,GAME_OVER,40,39,2,1158,RandomPlayerConfig,OSLA
-607888083,Checkers,0,GAME_OVER,34,33,2,1159,RandomPlayerConfig,OSLA
2001147109,Checkers,0,GAME_OVER,41,40,2,1160,RandomPlayerConfig,OSLA
-1150735363,Checkers,0,GAME_OVER,43,42,2,1161,RandomPlayerConfig,OSLA
-1254481507,Checkers,0,GAME_OVER,36,35,2,1162,RandomPlayerConfig,OSLA
-1631771904,Checkers,0,GAME_OVER,48,47,2,1163,RandomPlayerConfig,OSLA
-1013472049,Checkers,0,GAME_OVER,43,42,2,1164,RandomPlayerConfig,OSLA
774945565,Checkers,0,GAME_OVER,40,39,2,1165,RandomPlayerConfig,OSLA
1445337731,Checkers,0,GAME_OVER,36,35,2,1166,RandomPlayerConfig,OSLA
1953319935,Checkers,0,GAME_OVER,39,38,2,1167,RandomPlayerConfig,OSLA
390571357,Checkers,0,GAME_OVER,40,39,2,1168,RandomPlayerConfig,OSLA
2096799665,Checkers,0,GAME_OVER,48,47,2,1169,RandomPlayerConfig,OSLA
-1971763578,Checkers,0,GAME_OVER,32,31,2,1170,RandomPlayerConfig,OSLA
-797392752,Checkers,0,GAME_OVER,42,41,2,1171,RandomPlayerConfig,OSLA
-129231254,Checkers,0,GAME_OVER,46,45,2,1172,RandomPlayerConfig,OSLA
-1647529271,Checkers,0,GAME_OVER,48,47,2,1173,RandomPlayerConfig,OSLA
-1596937769,Checkers,0,GAME_OVER,41,40,2,1174,RandomPlayerConfig,OSLA
1812176888,Checkers,0,GAME_OVER,29,28,2,1175,RandomPlayerConfig,OSLA
1727208326,Checkers,0,GAME_OVER,40,39,2,1176,RandomPlayerConfig,OSLA
778039985,Checkers,0,GAME_OVER,37,36,2,1177,RandomPlayerConfig,OSLA
-1302988778,Checkers,0,GAME_OVER,38,37,2,1178,RandomPlayerConfig,OSLA
953731308,Checkers,0,GAME_OVER,39,38,2,1179,RandomPlayerConfig,OSLA
1148263162,Checkers,0,GAME_OVER,49,48,2,1180,RandomPlayerConfig,OSLA
-138129491,Checkers,0,GAME_OVER,56,55,2,1181,RandomPlayerConfig,OSLA
-1487440652,Checkers,0,GAME_OVER,54,53,2,1182,RandomPlayerConfig,OSLA
420992871,Checkers,0,GAME_OVER,49,48,2,1183,RandomPlayerConfig,OSLA
-1317910263,Checkers,0,GAME_OVER,45,44,2,1184,RandomPlayerConfig,OSLA
1344802789,Checkers,0,GAME_OVER,41,40,2,1185,RandomPlayerConfig,OSLA
-1175799016,Checkers,0,GAME_OVER,41,40,2,1186,RandomPlayerConfig,OSLA
-815486018,Checkers,0,GAME_OVER,39,38,2,1187,RandomPlayerConfig,OSLA
-467459208,Checkers,0,GAME_OVER,49,48,2,1188,RandomPlayerConfig,OSLA
823983774,Checkers,0,GAME_OVER,49,48,2,1189,RandomPlayerConfig,OSLA
-1246065338,Checkers,0,GAME_OVER,65,64,2,1190,RandomPlayerConfig,OSLA
413126385,Checkers,0,GAME_OVER,38,37,2,1191,RandomPlayerConfig,OSLA
457613648,Checkers,0,GAME_OVER,50,49,2,1192,RandomPlayerConfig,OSLA
-1482368342,Checkers,0,GAME_OVER,33,32,2,1193,RandomPlayerConfig,OSLA
1132336574,Checkers,0,GAME_OVER,44,43,2,1194,RandomPlayerConfig,OSLA
416303171,Checkers,0,GAME_OVER,49,48,2,1195,RandomPlayerConfig,OSLA
1343822562,Checkers,0,GAME_OVER,41,40,2,1196,RandomPlayerConfig,OSLA
-906905566,Checkers,0,GAME_OVER,33,32,2,1197,RandomPlayerConfig,OSLA
-1919272990,Checkers,0,GAME_OVER,41,40,2,1198,RandomPlayerConfig,OSLA
-564348917,Checkers,0,GAME_OVER,38,37,2,1199,RandomPlayerConfig,OSLA
-148165108,Checkers,0,GAME_OVER,39,38,2,1200,RandomPlayerConfig,OSLA
-463582895,Checkers,0,GAME_OVER,42,41,2,1201,RandomPlayerConfig,OSLA
-2035590615,Checkers,0,GAME_OVER,40,39,2,1202,MCTS_CheckersHeuristic,RandomPlayerConfig
-578946317,Checkers,0,GAME_OVER,39,38,2,1203,MCTS_CheckersHeuristic,RandomPlayerConfig
1621758891,Checkers,0,GAME_OVER,37,36,2,1204,MCTS_CheckersHeuristic,RandomPlayerConfig
522208008,Checkers,0,GAME_OVER,35,34,2,1205,MCTS_CheckersHeuristic,RandomPlayerConfig
1481544050,Checkers,0,GAME_OVER,42,41,2,1206,MCTS_CheckersHeuristic,RandomPlayerConfig
2045888587,Checkers,0,GAME_OVER,42,41,2,1207,MCTS_CheckersHeuristic,RandomPlayerConfig
2071643935,Checkers,0,GAME_OVER,34,33,2,1208,MCTS_CheckersHeuristic,RandomPlayerConfig
-1558754475,Checkers,0,GAME_OVER,39,38,2,1209,MCTS_CheckersHeuristic,RandomPlayerConfig
-446015633,Checkers,0,GAME_OVER,33,32,2,1210,MCTS_CheckersHeuristic,RandomPlayerConfig
-650419990,Checkers,0,GAME_OVER,53,52,2,1211,MCTS_CheckersHeuristic,RandomPlayerConfig
144074216,Checkers,0,GAME_OVER,32,31,2,1212,MCTS_CheckersHeuristic,RandomPlayerConfig
-314185299,Checkers,0,GAME_OVER,39,38,2,1213,MCTS_CheckersHeuristic,RandomPlayerConfig
-1437395352,Checkers,0,GAME_OVER,41,40,2,1214,MCTS_CheckersHeuristic,RandomPlayerConfig
563421040,Checkers,0,GAME_OVER,45,44,2,1215,MCTS_CheckersHeuristic,RandomPlayerConfig
-1295987043,Checkers,0,GAME_OVER,42,41,2,1216,MCTS_CheckersHeuristic,RandomPlayerConfig
-1827331606,Checkers,0,GAME_OVER,35,34,2,1217,MCTS_CheckersHeuristic,RandomPlayerConfig
-1643482254,Checkers,0,GAME_OVER,42,41,2,1218,MCTS_CheckersHeuristic,RandomPlayerConfig
-1452034605,Checkers,0,GAME_OVER,33,32,2,1219,MCTS_CheckersHeuristic,RandomPlayerConfig
1282346219,Checkers,0,GAME_OVER,41,40,2,1220,MCTS_CheckersHeuristic,RandomPlayerConfig
415036606,Checkers,0,GAME_OVER,44,43,2,1221,MCTS_CheckersHeuristic,RandomPlayerConfig
-518486764,Checkers,0,GAME_OVER,42,41,2,1222,MCTS_CheckersHeuristic,RandomPlayerConfig
675924267,Checkers,0,GAME_OVER,50,49,2,1223,MCTS_CheckersHeuristic,RandomPlayerConfig
-796841250,Checkers,0,GAME_OVER,41,40,2,1224,MCTS_CheckersHeuristic,RandomPlayerConfig
353735071,Checkers,0,GAME_OVER,47,46,2,1225,MCTS_CheckersHeuristic,RandomPlayerConfig
-1787867092,Checkers,0,GAME_OVER,43,42,2,1226,MCTS_CheckersHeuristic,RandomPlayerConfig
-557254966,Checkers,0,GAME_OVER,41,40,2,1227,MCTS_CheckersHeuristic,RandomPlayerConfig
-151956897,Checkers,0,GAME_OVER,37,36,2,1228,MCTS_CheckersHeuristic,RandomPlayerConfig
905262079,Checkers,0,GAME_OVER,37,36,2,1229,MCTS_CheckersHeuristic,RandomPlayerConfig
319729427,Checkers,0,GAME_OVER,39,38,2,1230,MCTS_CheckersHeuristic,RandomPlayerConfig
-1887070577,Checkers,0,GAME_OVER,42,41,2,1231,MCTS_CheckersHeuristic,RandomPlayerConfig
815071997,Checkers,0,GAME_OVER,34,33,2,1232,MCTS_CheckersHeuristic,RandomPlayerConfig
-1871568959,Checkers,0,GAME_OVER,38,37,2,1233,MCTS_CheckersHeuristic,RandomPlayerConfig
-1344469249,Checkers,0,GAME_OVER,43,42,2,1234,MCTS_CheckersHeuristic,RandomPlayerConfig
962842235,Checkers,0,GAME_OVER,40,39,2,1235,MCTS_CheckersHeuristic,RandomPlayerConfig
1804951535,Checkers,0,GAME_OVER,40,39,2,1236,MCTS_CheckersHeuristic,RandomPlayerConfig
-1042059033,Checkers,0,GAME_OVER,49,48,2,1237,MCTS_CheckersHeuristic,RandomPlayerConfig
428568489,Checkers,0,GAME_OVER,39,38,2,1238,MCTS_CheckersHeuristic,RandomPlayerConfig
478792580,Checkers,0,GAME_OVER,43,42,2,1239,MCTS_CheckersHeuristic,RandomPlayerConfig
152033881,Checkers,0,GAME_OVER,40,39,2,1240,MCTS_CheckersHeuristic,RandomPlayerConfig
-856509809,Checkers,0,GAME_OVER,37,36,2,1241,MCTS_CheckersHeuristic,RandomPlayerConfig
77738287,Checkers,0,GAME_OVER,44,43,2,1242,MCTS_CheckersHeuristic,RandomPlayerConfig
1107047337,Checkers,0,GAME_OVER,34,33,2,1243,MCTS_CheckersHeuristic,RandomPlayerConfig
-1415529522,Checkers,0,GAME_OVER,40,39,2,1244,MCTS_CheckersHeuristic,RandomPlayerConfig
-1397001953,Checkers,0,GAME_OVER,40,39,2,1245,MCTS_CheckersHeuristic,RandomPlayerConfig
238861370,Checkers,0,GAME_OVER,42,41,2,1246,MCTS_CheckersHeuristic,RandomPlayerConfig
1925653830,Checkers,0,GAME_OVER,32,31,2,1247,MCTS_CheckersHeuristic,RandomPlayerConfig
-2102569706,Checkers,0,GAME_OVER,32,31,2,1248,MCTS_CheckersHeuristic,RandomPlayerConfig
504708031,Checkers,0,GAME_OVER,47,46,2,1249,MCTS_CheckersHeuristic,RandomPlayerConfig
-590708637,Checkers,0,GAME_OVER,33,32,2,1250,MCTS_CheckersHeuristic,RandomPlayerConfig
-957917271,Checkers,0,GAME_OVER,37,36,2,1251,MCTS_CheckersHeuristic,RandomPlayerConfig
-144976592,Checkers,0,GAME_OVER,38,37,2,1252,MCTS_CheckersHeuristic,RandomPlayerConfig
-1611151097,Checkers,0,GAME_OVER,36,35,2,1253,MCTS_CheckersHeuristic,RandomPlayerConfig
832324818,Checkers,0,GAME_OVER,42,41,2,1254,MCTS_CheckersHeuristic,RandomPlayerConfig
189542628,Checkers,0,GAME_OVER,38,37,2,1255,MCTS_CheckersHeuristic,RandomPlayerConfig
-226292582,Checkers,0,GAME_OVER,38,37,2,1256,MCTS_CheckersHeuristic,RandomPlayerConfig
-1632619783,Checkers,0,GAME_OVER,37,36,2,1257,MCTS_CheckersHeuristic,RandomPlayerConfig
-10754264,Checkers,0,GAME_OVER,43,42,2,1258,MCTS_CheckersHeuristic,RandomPlayerConfig
-1702566684,Checkers,0,GAME_OVER,38,37,2,1259,MCTS_CheckersHeuristic,RandomPlayerConfig
-1497587505,Checkers,0,GAME_OVER,34,33,2,1260,MCTS_CheckersHeuristic,RandomPlayerConfig
-845578703,Checkers,0,GAME_OVER,36,35,2,1261,MCTS_CheckersHeuristic,RandomPlayerConfig
587637918,Checkers,0,GAME_OVER,38,37,2,1262,MCTS_CheckersHeuristic,RandomPlayerConfig
-1573391934,Checkers,0,GAME_OVER,34,33,2,1263,MCTS_CheckersHeuristic,RandomPlayerConfig
-211258352,Checkers,0,GAME_OVER,44,43,2,1264,MCTS_CheckersHeuristic,RandomPlayerConfig
-8789926,Checkers,0,GAME_OVER,36,35,2,1265,MCTS_CheckersHeuristic,RandomPlayerConfig
-606056082,Checkers,0,GAME_OVER,32,31,2,1266,MCTS_CheckersHeuristic,RandomPlayerConfig
-2119856807,Checkers,0,GAME_OVER,41,40,2,1267,MCTS_CheckersHeuristic,RandomPlayerConfig
756565351,Checkers,0,GAME_OVER,40,39,2,1268,MCTS_CheckersHeuristic,RandomPlayerConfig
701069796,Checkers,0,GAME_OVER,34,33,2,1269,MCTS_CheckersHeuristic,RandomPlayerConfig
89662065,Checkers,0,GAME_OVER,41,40,2,1270,MCTS_CheckersHeuristic,RandomPlayerConfig
409655320,Checkers,0,GAME_OVER,44,43,2,1271,MCTS_CheckersHeuristic,RandomPlayerConfig
-1178153752,Checkers,0,GAME_OVER,30,29,2,1272,MCTS_CheckersHeuristic,RandomPlayerConfig
1916696307,Checkers,0,GAME_OVER,31,30,2,1273,MCTS_CheckersHeuristic,RandomPlayerConfig
-1170346743,Checkers,0,GAME_OVER,47,46,2,1274,MCTS_CheckersHeuristic,RandomPlayerConfig
-1178277608,Checkers,0,GAME_OVER,46,45,2,1275,MCTS_CheckersHeuristic,RandomPlayerConfig
1538119737,Checkers,0,GAME_OVER,41,40,2,1276,MCTS_CheckersHeuristic,RandomPlayerConfig
725994394,Checkers,0,GAME_OVER,28,27,2,1277,MCTS_CheckersHeuristic,RandomPlayerConfig
-449773248,Checkers,0,GAME_OVER,30,29,2,1278,MCTS_CheckersHeuristic,RandomPlayerConfig
-1796208784,Checkers,0,GAME_OVER,35,34,2,1279,MCTS_CheckersHeuristic,RandomPlayerConfig
-524080299,Checkers,0,GAME_OVER,43,42,2,1280,MCTS_CheckersHeuristic,RandomPlayerConfig
-355532984,Checkers,0,GAME_OVER,36,35,2,1281,MCTS_CheckersHeuristic,RandomPlayerConfig
891290161,Checkers,0,GAME_OVER,52,51,2,1282,MCTS_CheckersHeuristic,RandomPlayerConfig
-533683000,Checkers,0,GAME_OVER,29,28,2,1283,MCTS_CheckersHeuristic,RandomPlayerConfig
-551802484,Checkers,0,GAME_OVER,46,45,2,1284,MCTS_CheckersHeuristic,RandomPlayerConfig
-1840989310,Checkers,0,GAME_OVER,40,39,2,1285,MCTS_CheckersHeuristic,RandomPlayerConfig
2017681574,Checkers,0,GAME_OVER,42,41,2,1286,MCTS_CheckersHeuristic,RandomPlayerConfig
-421991124,Checkers,0,GAME_OVER,42,41,2,1287,MCTS_CheckersHeuristic,RandomPlayerConfig
469011149,Checkers,0,GAME_OVER,42,41,2,1288,MCTS_CheckersHeuristic,RandomPlayerConfig
1173557714,Checkers,0,GAME_OVER,39,38,2,1289,MCTS_CheckersHeuristic,RandomPlayerConfig
-361604094,Checkers,0,GAME_OVER,38,37,2,1290,MCTS_CheckersHeuristic,RandomPlayerConfig
1282867234,Checkers,0,GAME_OVER,40,39,2,1291,MCTS_CheckersHeuristic,RandomPlayerConfig
-1542151897,Checkers,0,GAME_OVER,46,45,2,1292,MCTS_CheckersHeuristic,RandomPlayerConfig
1085779199,Checkers,0,GAME_OVER,38,37,2,1293,MCTS_CheckersHeuristic,RandomPlayerConfig
390901089,Checkers,0,GAME_OVER,39,38,2,1294,MCTS_CheckersHeuristic,RandomPlayerConfig
-981129475,Checkers,0,GAME_OVER,42,41,2,1295,MCTS_CheckersHeuristic,RandomPlayerConfig
-1390939507,Checkers,0,GAME_OVER,43,42,2,1296,MCTS_CheckersHeuristic,RandomPlayerConfig
-437821059,Checkers,0,GAME_OVER,29,28,2,1297,MCTS_CheckersHeuristic,RandomPlayerConfig
2075214077,Checkers,0,GAME_OVER,37,36,2,1298,MCTS_CheckersHeuristic,RandomPlayerConfig
565615731,Checkers,0,GAME_OVER,41,40,2,1299,MCTS_CheckersHeuristic,RandomPlayerConfig
1205676761,Checkers,0,GAME_OVER,48,47,2,1300,MCTS_CheckersHeuristic,RandomPlayerConfig
-501755609,Checkers,0,GAME_OVER,43,42,2,1301,MCTS_CheckersHeuristic,RandomPlayerConfig
-1499684397,Checkers,0,GAME_OVER,44,43,2,1302,MCTS_CheckersHeuristic,RandomPlayerConfig
-1836009107,Checkers,0,GAME_OVER,39,38,2,1303,MCTS_CheckersHeuristic,RandomPlayerConfig
963947027,Checkers,0,GAME_OVER,34,33,2,1304,MCTS_CheckersHeuristic,RandomPlayerConfig
-80538069,Checkers,0,GAME_OVER,44,43,2,1305,MCTS_CheckersHeuristic,RandomPlayerConfig
-1374684283,Checkers,0,GAME_OVER,38,37,2,1306,MCTS_CheckersHeuristic,RandomPlayerConfig
1940495134,Checkers,0,GAME_OVER,43,42,2,1307,MCTS_CheckersHeuristic,RandomPlayerConfig
-109890830,Checkers,0,GAME_OVER,39,38,2,1308,MCTS_CheckersHeuristic,RandomPlayerConfig
-64575164,Checkers,0,GAME_OVER,44,43,2,1309,MCTS_CheckersHeuristic,RandomPlayerConfig
-78915966,Checkers,0,GAME_OVER,52,51,2,1310,MCTS_CheckersHeuristic,RandomPlayerConfig
-1377659306,Checkers,0,GAME_OVER,41,40,2,1311,MCTS_CheckersHeuristic,RandomPlayerConfig
-1629323870,Checkers,0,GAME_OVER,43,42,2,1312,MCTS_CheckersHeuristic,RandomPlayerConfig
-2230482,Checkers,0,GAME_OVER,31,30,2,1313,MCTS_CheckersHeuristic,RandomPlayerConfig
-1195904413,Checkers,0,GAME_OVER,35,34,2,1314,MCTS_CheckersHeuristic,RandomPlayerConfig
-578417640,Checkers,0,GAME_OVER,36,35,2,1315,MCTS_CheckersHeuristic,RandomPlayerConfig
945926855,Checkers,0,GAME_OVER,43,42,2,1316,MCTS_CheckersHeuristic,RandomPlayerConfig
88889687,Checkers,0,GAME_OVER,45,44,2,1317,MCTS_CheckersHeuristic,RandomPlayerConfig
763617944,Checkers,0,GAME_OVER,41,40,2,1318,MCTS_CheckersHeuristic,RandomPlayerConfig
1100313449,Checkers,0,GAME_OVER,42,41,2,1319,MCTS_CheckersHeuristic,RandomPlayerConfig
-1264315711,Checkers,0,GAME_OVER,40,39,2,1320,MCTS_CheckersHeuristic,RandomPlayerConfig
-497981998,Checkers,0,GAME_OVER,36,35,2,1321,MCTS_CheckersHeuristic,RandomPlayerConfig
-1784524477,Checkers,0,GAME_OVER,39,38,2,1322,MCTS_CheckersHeuristic,RandomPlayerConfig
-770855830,Checkers,0,GAME_OVER,46,45,2,1323,MCTS_CheckersHeuristic,RandomPlayerConfig
-1365488335,Checkers,0,GAME_OVER,48,47,2,1324,MCTS_CheckersHeuristic,RandomPlayerConfig
1216203408,Checkers,0,GAME_OVER,37,36,2,1325,MCTS_CheckersHeuristic,RandomPlayerConfig
846924899,Checkers,0,GAME_OVER,49,48,2,1326,MCTS_CheckersHeuristic,RandomPlayerConfig
-1464536919,Checkers,0,GAME_OVER,34,33,2,1327,MCTS_CheckersHeuristic,RandomPlayerConfig
2022132924,Checkers,0,GAME_OVER,44,43,2,1328,MCTS_CheckersHeuristic,RandomPlayerConfig
-59889711,Checkers,0,GAME_OVER,41,40,2,1329,MCTS_CheckersHeuristic,RandomPlayerConfig
2010005813,Checkers,0,GAME_OVER,39,38,2,1330,MCTS_CheckersHeuristic,RandomPlayerConfig
-1117326157,Checkers,0,GAME_OVER,36,35,2,1331,MCTS_CheckersHeuristic,RandomPlayerConfig
-84837618,Checkers,0,GAME_OVER,42,41,2,1332,MCTS_CheckersHeuristic,RandomPlayerConfig
-1311466025,Checkers,0,GAME_OVER,41,40,2,1333,MCTS_CheckersHeuristic,RandomPlayerConfig
184912342,Checkers,0,GAME_OVER,39,38,2,1334,MCTS_CheckersHeuristic,RandomPlayerConfig
956894957,Checkers,0,GAME_OVER,40,39,2,1335,MCTS_CheckersHeuristic,RandomPlayerConfig
83738914,Checkers,0,GAME_OVER,40,39,2,1336,MCTS_CheckersHeuristic,RandomPlayerConfig
983630301,Checkers,0,GAME_OVER,40,39,2,1337,MCTS_CheckersHeuristic,RandomPlayerConfig
1607840044,Checkers,0,GAME_OVER,40,39,2,1338,MCTS_CheckersHeuristic,RandomPlayerConfig
-895912029,Checkers,0,GAME_OVER,42,41,2,1339,MCTS_CheckersHeuristic,RandomPlayerConfig
-1578776641,Checkers,0,GAME_OVER,35,34,2,1340,MCTS_CheckersHeuristic,RandomPlayerConfig
440593991,Checkers,0,GAME_OVER,43,42,2,1341,MCTS_CheckersHeuristic,RandomPlayerConfig
-841068281,Checkers,0,GAME_OVER,43,42,2,1342,MCTS_CheckersHeuristic,RandomPlayerConfig
1164572257,Checkers,0,GAME_OVER,49,48,2,1343,MCTS_CheckersHeuristic,RandomPlayerConfig
-786482107,Checkers,0,GAME_OVER,40,39,2,1344,MCTS_CheckersHeuristic,RandomPlayerConfig
-973069799,Checkers,0,GAME_OVER,51,50,2,1345,MCTS_CheckersHeuristic,RandomPlayerConfig
639807106,Checkers,0,GAME_OVER,43,42,2,1346,MCTS_CheckersHeuristic,RandomPlayerConfig
-1077440383,Checkers,0,GAME_OVER,42,41,2,1347,MCTS_CheckersHeuristic,RandomPlayerConfig
-2096489047,Checkers,0,GAME_OVER,34,33,2,1348,MCTS_CheckersHeuristic,RandomPlayerConfig
1275913133,Checkers,0,GAME_OVER,40,39,2,1349,MCTS_CheckersHeuristic,RandomPlayerConfig
-687245137,Checkers,0,GAME_OVER,44,43,2,1350,MCTS_CheckersHeuristic,RandomPlayerConfig
-1554641659,Checkers,0,GAME_OVER,43,42,2,1351,MCTS_CheckersHeuristic,RandomPlayerConfig
667440573,Checkers,0,GAME_OVER,34,33,2,1352,MCTS_CheckersHeuristic,RandomPlayerConfig
465263264,Checkers,0,GAME_OVER,40,39,2,1353,MCTS_CheckersHeuristic,RandomPlayerConfig
944196978,Checkers,0,GAME_OVER,41,40,2,1354,MCTS_CheckersHeuristic,RandomPlayerConfig
-310419034,Checkers,0,GAME_OVER,48,47,2,1355,MCTS_CheckersHeuristic,RandomPlayerConfig
555688628,Checkers,0,GAME_OVER,35,34,2,1356,MCTS_CheckersHeuristic,RandomPlayerConfig
-990767859,Checkers,0,GAME_OVER,42,41,2,1357,MCTS_CheckersHeuristic,RandomPlayerConfig
1878141101,Checkers,0,GAME_OVER,34,33,2,1358,MCTS_CheckersHeuristic,RandomPlayerConfig
-607888083,Checkers,0,GAME_OVER,52,51,2,1359,MCTS_CheckersHeuristic,RandomPlayerConfig
2001147109,Checkers,0,GAME_OVER,34,33,2,1360,MCTS_CheckersHeuristic,RandomPlayerConfig
-1150735363,Checkers,0,GAME_OVER,41,40,2,1361,MCTS_CheckersHeuristic,RandomPlayerConfig
-1254481507,Checkers,0,GAME_OVER,38,37,2,1362,MCTS_CheckersHeuristic,RandomPlayerConfig
-1631771904,Checkers,0,GAME_OVER,36,35,2,1363,MCTS_CheckersHeuristic,RandomPlayerConfig
-1013472049,Checkers,0,GAME_OVER,32,31,2,1364,MCTS_CheckersHeuristic,RandomPlayerConfig
774945565,Checkers,0,GAME_OVER,42,41,2,1365,MCTS_CheckersHeuristic,RandomPlayerConfig
1445337731,Checkers,0,GAME_OVER,44,43,2,1366,MCTS_CheckersHeuristic,RandomPlayerConfig
1953319935,Checkers,0,GAME_OVER,44,43,2,1367,MCTS_CheckersHeuristic,RandomPlayerConfig
390571357,Checkers,0,GAME_OVER,29,28,2,1368,MCTS_CheckersHeuristic,RandomPlayerConfig
2096799665,Checkers,0,GAME_OVER,48,47,2,1369,MCTS_CheckersHeuristic,RandomPlayerConfig
-1971763578,Checkers,0,GAME_OVER,36,35,2,1370,MCTS_CheckersHeuristic,RandomPlayerConfig
-797392752,Checkers,0,GAME_OVER,32,31,2,1371,MCTS_CheckersHeuristic,RandomPlayerConfig
-129231254,Checkers,0,GAME_OVER,40,39,2,1372,MCTS_CheckersHeuristic,RandomPlayerConfig
-1647529271,Checkers,0,GAME_OVER,40,39,2,1373,MCTS_CheckersHeuristic,RandomPlayerConfig
-1596937769,Checkers,0,GAME_OVER,36,35,2,1374,MCTS_CheckersHeuristic,RandomPlayerConfig
1812176888,Checkers,0,GAME_OVER,41,40,2,1375,MCTS_CheckersHeuristic,RandomPlayerConfig
1727208326,Checkers,0,GAME_OVER,39,38,2,1376,MCTS_CheckersHeuristic,RandomPlayerConfig
778039985,Checkers,0,GAME_OVER,36,35,2,1377,MCTS_CheckersHeuristic,RandomPlayerConfig
-1302988778,Checkers,0,GAME_OVER,33,32,2,1378,MCTS_CheckersHeuristic,RandomPlayerConfig
953731308,Checkers,0,GAME_OVER,34,33,2,1379,MCTS_CheckersHeuristic,RandomPlayerConfig
1148263162,Checkers,0,GAME_OVER,31,30,2,1380,MCTS_CheckersHeuristic,RandomPlayerConfig
-138129491,Checkers,0,GAME_OVER,37,36,2,1381,MCTS_CheckersHeuristic,RandomPlayerConfig
-1487440652,Checkers,0,GAME_OVER,51,50,2,1382,MCTS_CheckersHeuristic,RandomPlayerConfig
420992871,Checkers,0,GAME_OVER,43,42,2,1383,MCTS_CheckersHeuristic,RandomPlayerConfig
-1317910263,Checkers,0,GAME_OVER,42,41,2,1384,MCTS_CheckersHeuristic,RandomPlayerConfig
1344802789,Checkers,0,GAME_OVER,35,34,2,1385,MCTS_CheckersHeuristic,RandomPlayerConfig
-1175799016,Checkers,0,GAME_OVER,41,40,2,1386,MCTS_CheckersHeuristic,RandomPlayerConfig
-815486018,Checkers,0,GAME_OVER,38,37,2,1387,MCTS_CheckersHeuristic,RandomPlayerConfig
-467459208,Checkers,0,GAME_OVER,48,47,2,1388,MCTS_CheckersHeuristic,RandomPlayerConfig
823983774,Checkers,0,GAME_OVER,34,33,2,1389,MCTS_CheckersHeuristic,RandomPlayerConfig
-1246065338,Checkers,0,GAME_OVER,42,41,2,1390,MCTS_CheckersHeuristic,RandomPlayerConfig
413126385,Checkers,0,GAME_OVER,37,36,2,1391,MCTS_CheckersHeuristic,RandomPlayerConfig
457613648,Checkers,0,GAME_OVER,51,50,2,1392,MCTS_CheckersHeuristic,RandomPlayerConfig
-1482368342,Checkers,0,GAME_OVER,36,35,2,1393,MCTS_CheckersHeuristic,RandomPlayerConfig
1132336574,Checkers,0,GAME_OVER,36,35,2,1394,MCTS_CheckersHeuristic,RandomPlayerConfig
416303171,Checkers,0,GAME_OVER,42,41,2,1395,MCTS_CheckersHeuristic,RandomPlayerConfig
1343822562,Checkers,0,GAME_OVER,43,42,2,1396,MCTS_CheckersHeuristic,RandomPlayerConfig
-906905566,Checkers,0,GAME_OVER,53,52,2,1397,MCTS_CheckersHeuristic,RandomPlayerConfig
-1919272990,Checkers,0,GAME_OVER,34,33,2,1398,MCTS_CheckersHeuristic,RandomPlayerConfig
-564348917,Checkers,0,GAME_OVER,46,45,2,1399,MCTS_CheckersHeuristic,RandomPlayerConfig
-148165108,Checkers,0,GAME_OVER,31,30,2,1400,MCTS_CheckersHeuristic,RandomPlayerConfig
-463582895,Checkers,0,GAME_OVER,36,35,2,1401,MCTS_CheckersHeuristic,RandomPlayerConfig
-2035590615,Checkers,0,GAME_OVER,31,30,2,1402,OSLA,RandomPlayerConfig
-578946317,Checkers,0,GAME_OVER,37,36,2,1403,OSLA,RandomPlayerConfig
1621758891,Checkers,0,GAME_OVER,38,37,2,1404,OSLA,RandomPlayerConfig
522208008,Checkers,0,GAME_OVER,33,32,2,1405,OSLA,RandomPlayerConfig
1481544050,Checkers,0,GAME_OVER,37,36,2,1406,OSLA,RandomPlayerConfig
2045888587,Checkers,0,GAME_OVER,40,39,2,1407,OSLA,RandomPlayerConfig
2071643935,Checkers,0,GAME_OVER,39,38,2,1408,OSLA,RandomPlayerConfig
-1558754475,Checkers,0,GAME_OVER,38,37,2,1409,OSLA,RandomPlayerConfig
-446015633,Checkers,0,GAME_OVER,38,37,2,1410,OSLA,RandomPlayerConfig
-650419990,Checkers,0,GAME_OVER,59,58,2,1411,OSLA,RandomPlayerConfig
144074216,Checkers,0,GAME_OVER,40,39,2,1412,OSLA,RandomPlayerConfig
-314185299,Checkers,0,GAME_OVER,39,38,2,1413,OSLA,RandomPlayerConfig
-1437395352,Checkers,0,GAME_OVER,35,34,2,1414,OSLA,RandomPlayerConfig
563421040,Checkers,0,GAME_OVER,38,37,2,1415,OSLA,RandomPlayerConfig
-1295987043,Checkers,0,GAME_OVER,49,48,2,1416,OSLA,RandomPlayerConfig
-1827331606,Checkers,0,GAME_OVER,46,45,2,1417,OSLA,RandomPlayerConfig
-1643482254,Checkers,0,GAME_OVER,39,38,2,1418,OSLA,RandomPlayerConfig
-1452034605,Checkers,0,GAME_OVER,40,39,2,1419,OSLA,RandomPlayerConfig
1282346219,Checkers,0,GAME_OVER,42,41,2,1420,OSLA,RandomPlayerConfig
415036606,Checkers,0,GAME_OVER,52,51,2,1421,OSLA,RandomPlayerConfig
-518486764,Checkers,0,GAME_OVER,66,65,2,1422,OSLA,RandomPlayerConfig
675924267,Checkers,0,GAME_OVER,38,37,2,1423,OSLA,RandomPlayerConfig
-796841250,Checkers,0,GAME_OVER,45,44,2,1424,OSLA,RandomPlayerConfig
353735071,Checkers,0,GAME_OVER,50,49,2,1425,OSLA,RandomPlayerConfig
-1787867092,Checkers,0,GAME_OVER,54,53,2,1426,OSLA,RandomPlayerConfig
-557254966,Checkers,0,GAME_OVER,46,45,2,1427,OSLA,RandomPlayerConfig
-151956897,Checkers,0,GAME_OVER,38,37,2,1428,OSLA,RandomPlayerConfig
905262079,Checkers,0,GAME_OVER,43,42,2,1429,OSLA,RandomPlayerConfig
319729427,Checkers,0,GAME_OVER,45,44,2,1430,OSLA,RandomPlayerConfig
-1887070577,Checkers,0,GAME_OVER,43,42,2,1431,OSLA,RandomPlayerConfig
815071997,Checkers,0,GAME_OVER,35,34,2,1432,OSLA,RandomPlayerConfig
-1871568959,Checkers,0,GAME_OVER,36,35,2,1433,OSLA,RandomPlayerConfig
-1344469249,Checkers,0,GAME_OVER,42,41,2,1434,OSLA,RandomPlayerConfig
962842235,Checkers,0,GAME_OVER,34,33,2,1435,OSLA,RandomPlayerConfig
1804951535,Checkers,0,GAME_OVER,44,43,2,1436,OSLA,RandomPlayerConfig
-1042059033,Checkers,0,GAME_OVER,39,38,2,1437,OSLA,RandomPlayerConfig
428568489,Checkers,0,GAME_OVER,45,44,2,1438,OSLA,RandomPlayerConfig
478792580,Checkers,0,GAME_OVER,35,34,2,1439,OSLA,RandomPlayerConfig
152033881,Checkers,0,GAME_OVER,42,41,2,1440,OSLA,RandomPlayerConfig
-856509809,Checkers,0,GAME_OVER,29,28,2,1441,OSLA,RandomPlayerConfig
77738287,Checkers,0,GAME_OVER,37,36,2,1442,OSLA,RandomPlayerConfig
1107047337,Checkers,0,GAME_OVER,40,39,2,1443,OSLA,RandomPlayerConfig
-1415529522,Checkers,0,GAME_OVER,37,36,2,1444,OSLA,RandomPlayerConfig
-1397001953,Checkers,0,GAME_OVER,38,37,2,1445,OSLA,RandomPlayerConfig
238861370,Checkers,0,GAME_OVER,50,49,2,1446,OSLA,RandomPlayerConfig
1925653830,Checkers,0,GAME_OVER,33,32,2,1447,OSLA,RandomPlayerConfig
-2102569706,Checkers,0,GAME_OVER,36,35,2,1448,OSLA,RandomPlayerConfig
504708031,Checkers,0,GAME_OVER,37,36,2,1449,OSLA,RandomPlayerConfig
-590708637,Checkers,0,GAME_OVER,41,40,2,1450,OSLA,RandomPlayerConfig
-957917271,Checkers,0,GAME_OVER,30,29,2,1451,OSLA,RandomPlayerConfig
-144976592,Checkers,0,GAME_OVER,64,63,2,1452,OSLA,RandomPlayerConfig
-1611151097,Checkers,0,GAME_OVER,41,40,2,1453,OSLA,RandomPlayerConfig
832324818,Checkers,0,GAME_OVER,33,32,2,1454,OSLA,RandomPlayerConfig
189542628,Checkers,0,GAME_OVER,40,39,2,1455,OSLA,RandomPlayerConfig
-226292582,Checkers,0,GAME_OVER,33,32,2,1456,OSLA,RandomPlayerConfig
-1632619783,Checkers,0,GAME_OVER,39,38,2,1457,OSLA,RandomPlayerConfig
-10754264,Checkers,0,GAME_OVER,37,36,2,1458,OSLA,RandomPlayerConfig
-1702566684,Checkers,0,GAME_OVER,44,43,2,1459,OSLA,RandomPlayerConfig
-1497587505,Checkers,0,GAME_OVER,30,29,2,1460,OSLA,RandomPlayerConfig
-845578703,Checkers,0,GAME_OVER,42,41,2,1461,OSLA,RandomPlayerConfig
587637918,Checkers,0,GAME_OVER,52,51,2,1462,OSLA,RandomPlayerConfig
-1573391934,Checkers,0,GAME_OVER,44,43,2,1463,OSLA,RandomPlayerConfig
-211258352,Checkers,0,GAME_OVER,43,42,2,1464,OSLA,RandomPlayerConfig
-8789926,Checkers,0,GAME_OVER,35,34,2,1465,OSLA,RandomPlayerConfig
-606056082,Checkers,0,GAME_OVER,33,32,2,1466,OSLA,RandomPlayerConfig
-2119856807,Checkers,0,GAME_OVER,36,35,2,1467,OSLA,RandomPlayerConfig
756565351,Checkers,0,GAME_OVER,35,34,2,1468,OSLA,RandomPlayerConfig
701069796,Checkers,0,GAME_OVER,41,40,2,1469,OSLA,RandomPlayerConfig
89662065,Checkers,0,GAME_OVER,34,33,2,1470,OSLA,RandomPlayerConfig
409655320,Checkers,0,GAME_OVER,40,39,2,1471,OSLA,RandomPlayerConfig
-1178153752,Checkers,0,GAME_OVER,32,31,2,1472,OSLA,RandomPlayerConfig
1916696307,Checkers,0,GAME_OVER,42,41,2,1473,OSLA,RandomPlayerConfig
-1170346743,Checkers,0,GAME_OVER,40,39,2,1474,OSLA,RandomPlayerConfig
-1178277608,Checkers,0,GAME_OVER,32,31,2,1475,OSLA,RandomPlayerConfig
1538119737,Checkers,0,GAME_OVER,43,42,2,1476,OSLA,RandomPlayerConfig
725994394,Checkers,0,GAME_OVER,33,32,2,1477,OSLA,RandomPlayerConfig
-449773248,Checkers,0,GAME_OVER,31,30,2,1478,OSLA,RandomPlayerConfig
-1796208784,Checkers,0,GAME_OVER,37,36,2,1479,OSLA,RandomPlayerConfig
-524080299,Checkers,0,GAME_OVER,43,42,2,1480,OSLA,RandomPlayerConfig
-355532984,Checkers,0,GAME_OVER,35,34,2,1481,OSLA,RandomPlayerConfig
891290161,Checkers,0,GAME_OVER,42,41,2,1482,OSLA,RandomPlayerConfig
-533683000,Checkers,0,GAME_OVER,30,29,2,1483,OSLA,RandomPlayerConfig
-551802484,Checkers,0,GAME_OVER,46,45,2,1484,OSLA,RandomPlayerConfig
-1840989310,Checkers,0,GAME_OVER,36,35,2,1485,OSLA,RandomPlayerConfig
2017681574,Checkers,0,GAME_OVER,43,42,2,1486,OSLA,RandomPlayerConfig
-421991124,Checkers,0,GAME_OVER,37,36,2,1487,OSLA,RandomPlayerConfig
469011149,Checkers,0,GAME_OVER,38,37,2,1488,OSLA,RandomPlayerConfig
1173557714,Checkers,0,GAME_OVER,39,38,2,1489,OSLA,RandomPlayerConfig
-361604094,Checkers,0,GAME_OVER,48,47,2,1490,OSLA,RandomPlayerConfig
1282867234,Checkers,0,GAME_OVER,36,35,2,1491,OSLA,RandomPlayerConfig
-1542151897,Checkers,0,GAME_OVER,34,33,2,1492,OSLA,RandomPlayerConfig
1085779199,Checkers,0,GAME_OVER,58,57,2,1493,OSLA,RandomPlayerConfig
390901089,Checkers,0,GAME_OVER,31,30,2,1494,OSLA,RandomPlayerConfig
-981129475,Checkers,0,GAME_OVER,46,45,2,1495,OSLA,RandomPlayerConfig
-1390939507,Checkers,0,GAME_OVER,33,32,2,1496,OSLA,RandomPlayerConfig
-437821059,Checkers,0,GAME_OVER,35,34,2,1497,OSLA,RandomPlayerConfig
2075214077,Checkers,0,GAME_OVER,38,37,2,1498,OSLA,RandomPlayerConfig
565615731,Checkers,0,GAME_OVER,38,37,2,1499,OSLA,RandomPlayerConfig
1205676761,Checkers,0,GAME_OVER,41,40,2,1500,OSLA,RandomPlayerConfig
-501755609,Checkers,0,GAME_OVER,35,34,2,1501,OSLA,RandomPlayerConfig
-1499684397,Checkers,0,GAME_OVER,38,37,2,1502,OSLA,RandomPlayerConfig
-1836009107,Checkers,0,GAME_OVER,29,28,2,1503,OSLA,RandomPlayerConfig
963947027,Checkers,0,GAME_OVER,43,42,2,1504,OSLA,RandomPlayerConfig
-80538069,Checkers,0,GAME_OVER,35,34,2,1505,OSLA,RandomPlayerConfig
-1374684283,Checkers,0,GAME_OVER,34,33,2,1506,OSLA,RandomPlayerConfig
1940495134,Checkers,0,GAME_OVER,35,34,2,1507,OSLA,RandomPlayerConfig
-109890830,Checkers,0,GAME_OVER,34,33,2,1508,OSLA,RandomPlayerConfig
-64575164,Checkers,0,GAME_OVER,46,45,2,1509,OSLA,RandomPlayerConfig
-78915966,Checkers,0,GAME_OVER,47,46,2,1510,OSLA,RandomPlayerConfig
-1377659306,Checkers,0,GAME_OVER,35,34,2,1511,OSLA,RandomPlayerConfig
-1629323870,Checkers,0,GAME_OVER,34,33,2,1512,OSLA,RandomPlayerConfig
-2230482,Checkers,0,GAME_OVER,38,37,2,1513,OSLA,RandomPlayerConfig
-1195904413,Checkers,0,GAME_OVER,41,40,2,1514,OSLA,RandomPlayerConfig
-578417640,Checkers,0,GAME_OVER,32,31,2,1515,OSLA,RandomPlayerConfig
945926855,Checkers,0,GAME_OVER,41,40,2,1516,OSLA,RandomPlayerConfig
88889687,Checkers,0,GAME_OVER,35,34,2,1517,OSLA,RandomPlayerConfig
763617944,Checkers,0,GAME_OVER,41,40,2,1518,OSLA,RandomPlayerConfig
1100313449,Checkers,0,GAME_OVER,43,42,2,1519,OSLA,RandomPlayerConfig
-1264315711,Checkers,0,GAME_OVER,44,43,2,1520,OSLA,RandomPlayerConfig
-497981998,Checkers,0,GAME_OVER,37,36,2,1521,OSLA,RandomPlayerConfig
-1784524477,Checkers,0,GAME_OVER,45,44,2,1522,OSLA,RandomPlayerConfig
-770855830,Checkers,0,GAME_OVER,47,46,2,1523,OSLA,RandomPlayerConfig
-1365488335,Checkers,0,GAME_OVER,41,40,2,1524,OSLA,RandomPlayerConfig
1216203408,Checkers,0,GAME_OVER,51,50,2,1525,OSLA,RandomPlayerConfig
846924899,Checkers,0,GAME_OVER,40,39,2,1526,OSLA,RandomPlayerConfig
-1464536919,Checkers,0,GAME_OVER,36,35,2,1527,OSLA,RandomPlayerConfig
2022132924,Checkers,0,GAME_OVER,40,39,2,1528,OSLA,RandomPlayerConfig
-59889711,Checkers,0,GAME_OVER,39,38,2,1529,OSLA,RandomPlayerConfig
2010005813,Checkers,0,GAME_OVER,32,31,2,1530,OSLA,RandomPlayerConfig
-1117326157,Checkers,0,GAME_OVER,28,27,2,1531,OSLA,RandomPlayerConfig
-84837618,Checkers,0,GAME_OVER,34,33,2,1532,OSLA,RandomPlayerConfig
-1311466025,Checkers,0,GAME_OVER,30,29,2,1533,OSLA,RandomPlayerConfig
184912342,Checkers,0,GAME_OVER,39,38,2,1534,OSLA,RandomPlayerConfig
956894957,Checkers,0,GAME_OVER,47,46,2,1535,OSLA,RandomPlayerConfig
83738914,Checkers,0,GAME_OVER,33,32,2,1536,OSLA,RandomPlayerConfig
983630301,Checkers,0,GAME_OVER,37,36,2,1537,OSLA,RandomPlayerConfig
1607840044,Checkers,0,GAME_OVER,43,42,2,1538,OSLA,RandomPlayerConfig
-895912029,Checkers,0,GAME_OVER,46,45,2,1539,OSLA,RandomPlayerConfig
-1578776641,Checkers,0,GAME_OVER,34,33,2,1540,OSLA,RandomPlayerConfig
440593991,Checkers,0,GAME_OVER,35,34,2,1541,OSLA,RandomPlayerConfig
-841068281,Checkers,0,GAME_OVER,35,34,2,1542,OSLA,RandomPlayerConfig
1164572257,Checkers,0,GAME_OVER,42,41,2,1543,OSLA,RandomPlayerConfig
-786482107,Checkers,0,GAME_OVER,36,35,2,1544,OSLA,RandomPlayerConfig
-973069799,Checkers,0,GAME_OVER,41,40,2,1545,OSLA,RandomPlayerConfig
639807106,Checkers,0,GAME_OVER,41,40,2,1546,OSLA,RandomPlayerConfig
-1077440383,Checkers,0,GAME_OVER,45,44,2,1547,OSLA,RandomPlayerConfig
-2096489047,Checkers,0,GAME_OVER,38,37,2,1548,OSLA,RandomPlayerConfig
1275913133,Checkers,0,GAME_OVER,47,46,2,1549,OSLA,RandomPlayerConfig
-687245137,Checkers,0,GAME_OVER,39,38,2,1550,OSLA,RandomPlayerConfig
-1554641659,Checkers,0,GAME_OVER,40,39,2,1551,OSLA,RandomPlayerConfig
667440573,Checkers,0,GAME_OVER,35,34,2,1552,OSLA,RandomPlayerConfig
465263264,Checkers,0,GAME_OVER,36,35,2,1553,OSLA,RandomPlayerConfig
944196978,Checkers,0,GAME_OVER,41,40,2,1554,OSLA,RandomPlayerConfig
-310419034,Checkers,0,GAME_OVER,52,51,2,1555,OSLA,RandomPlayerConfig
555688628,Checkers,0,GAME_OVER,37,36,2,1556,OSLA,RandomPlayerConfig
-990767859,Checkers,0,GAME_OVER,34,33,2,1557,OSLA,RandomPlayerConfig
1878141101,Checkers,0,GAME_OVER,35,34,2,1558,OSLA,RandomPlayerConfig
-607888083,Checkers,0,GAME_OVER,37,36,2,1559,OSLA,RandomPlayerConfig
2001147109,Checkers,0,GAME_OVER,42,41,2,1560,OSLA,RandomPlayerConfig
-1150735363,Checkers,0,GAME_OVER,36,35,2,1561,OSLA,RandomPlayerConfig
-1254481507,Checkers,0,GAME_OVER,42,41,2,1562,OSLA,RandomPlayerConfig
-1631771904,Checkers,0,GAME_OVER,39,38,2,1563,OSLA,RandomPlayerConfig
-1013472049,Checkers,0,GAME_OVER,45,44,2,1564,OSLA,RandomPlayerConfig
774945565,Checkers,0,GAME_OVER,39,38,2,1565,OSLA,RandomPlayerConfig
1445337731,Checkers,0,GAME_OVER,41,40,2,1566,OSLA,RandomPlayerConfig
1953319935,Checkers,0,GAME_OVER,41,40,2,1567,OSLA,RandomPlayerConfig
390571357,Checkers,0,GAME_OVER,43,42,2,1568,OSLA,RandomPlayerConfig
2096799665,Checkers,0,GAME_OVER,44,43,2,1569,OSLA,RandomPlayerConfig
-1971763578,Checkers,0,GAME_OVER,43,42,2,1570,OSLA,RandomPlayerConfig
-797392752,Checkers,0,GAME_OVER,35,34,2,1571,OSLA,RandomPlayerConfig
-129231254,Checkers,0,GAME_OVER,47,46,2,1572,OSLA,RandomPlayerConfig
-1647529271,Checkers,0,GAME_OVER,41,40,2,1573,OSLA,RandomPlayerConfig
-1596937769,Checkers,0,GAME_OVER,42,41,2,1574,OSLA,RandomPlayerConfig
1812176888,Checkers,0,GAME_OVER,42,41,2,1575,OSLA,RandomPlayerConfig
1727208326,Checkers,0,GAME_OVER,37,36,2,1576,OSLA,RandomPlayerConfig
778039985,Checkers,0,GAME_OVER,31,30,2,1577,OSLA,RandomPlayerConfig
-1302988778,Checkers,0,GAME_OVER,36,35,2,1578,OSLA,RandomPlayerConfig
953731308,Checkers,0,GAME_OVER,35,34,2,1579,OSLA,RandomPlayerConfig
1148263162,Checkers,0,GAME_OVER,44,43,2,1580,OSLA,RandomPlayerConfig
-138129491,Checkers,0,GAME_OVER,31,30,2,1581,OSLA,RandomPlayerConfig
-1487440652,Checkers,0,GAME_OVER,41,40,2,1582,OSLA,RandomPlayerConfig
420992871,Checkers,0,GAME_OVER,37,36,2,1583,OSLA,RandomPlayerConfig
-1317910263,Checkers,0,GAME_OVER,38,37,2,1584,OSLA,RandomPlayerConfig
1344802789,Checkers,0,GAME_OVER,33,32,2,1585,OSLA,RandomPlayerConfig
-1175799016,Checkers,0,GAME_OVER,40,39,2,1586,OSLA,RandomPlayerConfig
-815486018,Checkers,0,GAME_OVER,34,33,2,1587,OSLA,RandomPlayerConfig
-467459208,Checkers,0,GAME_OVER,38,37,2,1588,OSLA,RandomPlayerConfig
823983774,Checkers,0,GAME_OVER,43,42,2,1589,OSLA,RandomPlayerConfig
-1246065338,Checkers,0,GAME_OVER,40,39,2,1590,OSLA,RandomPlayerConfig
413126385,Checkers,0,GAME_OVER,40,39,2,1591,OSLA,RandomPlayerConfig
457613648,Checkers,0,GAME_OVER,38,37,2,1592,OSLA,RandomPlayerConfig
-1482368342,Checkers,0,GAME_OVER,36,35,2,1593,OSLA,RandomPlayerConfig
1132336574,Checkers,0,GAME_OVER,41,40,2,1594,OSLA,RandomPlayerConfig
416303171,Checkers,0,GAME_OVER,41,40,2,1595,OSLA,RandomPlayerConfig
1343822562,Checkers,0,GAME_OVER,35,34,2,1596,OSLA,RandomPlayerConfig
-906905566,Checkers,0,GAME_OVER,37,36,2,1597,OSLA,RandomPlayerConfig
-1919272990,Checkers,0,GAME_OVER,40,39,2,1598,OSLA,RandomPlayerConfig
-564348917,Checkers,0,GAME_OVER,41,40,2,1599,OSLA,RandomPlayerConfig
-148165108,Checkers,0,GAME_OVER,37,36,2,1600,OSLA,RandomPlayerConfig
-463582895,Checkers,0,GAME_OVER,42,41,2,1601,OSLA,RandomPlayerConfig
-2035590615,Checkers,0,GAME_OVER,46,45,2,1602,RandomPlayerConfig,RandomPlayerConfig
-578946317,Checkers,0,GAME_OVER,42,41,2,1603,RandomPlayerConfig,RandomPlayerConfig
1621758891,Checkers,0,GAME_OVER,42,41,2,1604,RandomPlayerConfig,RandomPlayerConfig
522208008,Checkers,0,GAME_OVER,40,39,2,1605,RandomPlayerConfig,RandomPlayerConfig
1481544050,Checkers,0,GAME_OVER,56,55,2,1606,RandomPlayerConfig,RandomPlayerConfig
2045888587,Checkers,0,GAME_OVER,55,54,2,1607,RandomPlayerConfig,RandomPlayerConfig
2071643935,Checkers,0,GAME_OVER,62,61,2,1608,RandomPlayerConfig,RandomPlayerConfig
-1558754475,Checkers,0,GAME_OVER,56,55,2,1609,RandomPlayerConfig,RandomPlayerConfig
-446015633,Checkers,0,GAME_OVER,46,45,2,1610,RandomPlayerConfig,RandomPlayerConfig
-650419990,Checkers,0,GAME_OVER,43,42,2,1611,RandomPlayerConfig,RandomPlayerConfig
144074216,Checkers,0,GAME_OVER,41,40,2,1612,RandomPlayerConfig,RandomPlayerConfig
-314185299,Checkers,0,GAME_OVER,45,44,2,1613,RandomPlayerConfig,RandomPlayerConfig
-1437395352,Checkers,0,GAME_OVER,47,46,2,1614,RandomPlayerConfig,RandomPlayerConfig
563421040,Checkers,0,GAME_OVER,35,34,2,1615,RandomPlayerConfig,RandomPlayerConfig
-1295987043,Checkers,0,GAME_OVER,41,40,2,1616,RandomPlayerConfig,RandomPlayerConfig
-1827331606,Checkers,0,GAME_OVER,42,41,2,1617,RandomPlayerConfig,RandomPlayerConfig
-1643482254,Checkers,0,GAME_OVER,62,61,2,1618,RandomPlayerConfig,RandomPlayerConfig
-1452034605,Checkers,0,GAME_OVER,49,48,2,1619,RandomPlayerConfig,RandomPlayerConfig
1282346219,Checkers,0,GAME_OVER,54,53,2,1620,RandomPlayerConfig,RandomPlayerConfig
415036606,Checkers,0,GAME_OVER,77,76,2,1621,RandomPlayerConfig,RandomPlayerConfig
-518486764,Checkers,0,GAME_OVER,46,45,2,1622,RandomPlayerConfig,RandomPlayerConfig
675924267,Checkers,0,GAME_OVER,63,62,2,1623,RandomPlayerConfig,RandomPlayerConfig
-796841250,Checkers,0,GAME_OVER,61,60,2,1624,RandomPlayerConfig,RandomPlayerConfig
353735071,Checkers,0,GAME_OVER,32,31,2,1625,RandomPlayerConfig,RandomPlayerConfig
-1787867092,Checkers,0,GAME_OVER,50,49,2,1626,RandomPlayerConfig,RandomPlayerConfig
-557254966,Checkers,0,GAME_OVER,46,45,2,1627,RandomPlayerConfig,RandomPlayerConfig
-151956897,Checkers,0,GAME_OVER,56,55,2,1628,RandomPlayerConfig,RandomPlayerConfig
905262079,Checkers,0,GAME_OVER,55,54,2,1629,RandomPlayerConfig,RandomPlayerConfig
319729427,Checkers,0,GAME_OVER,54,53,2,1630,RandomPlayerConfig,RandomPlayerConfig
-1887070577,Checkers,0,GAME_OVER,67,66,2,1631,RandomPlayerConfig,RandomPlayerConfig
815071997,Checkers,0,GAME_OVER,73,72,2,1632,RandomPlayerConfig,RandomPlayerConfig
-1871568959,Checkers,0,GAME_OVER,38,37,2,1633,RandomPlayerConfig,RandomPlayerConfig
-1344469249,Checkers,0,GAME_OVER,61,60,2,1634,RandomPlayerConfig,RandomPlayerConfig
962842235,Checkers,0,GAME_OVER,37,36,2,1635,RandomPlayerConfig,RandomPlayerConfig
1804951535,Checkers,0,GAME_OVER,42,41,2,1636,RandomPlayerConfig,RandomPlayerConfig
-1042059033,Checkers,0,GAME_OVER,64,63,2,1637,RandomPlayerConfig,RandomPlayerConfig
428568489,Checkers,0,GAME_OVER,81,80,2,1638,RandomPlayerConfig,RandomPlayerConfig
478792580,Checkers,0,GAME_OVER,75,74,2,1639,RandomPlayerConfig,RandomPlayerConfig
152033881,Checkers,0,GAME_OVER,72,71,2,1640,RandomPlayerConfig,RandomPlayerConfig
-856509809,Checkers,0,GAME_OVER,46,45,2,1641,RandomPlayerConfig,RandomPlayerConfig
77738287,Checkers,0,GAME_OVER,47,46,2,1642,RandomPlayerConfig,RandomPlayerConfig
1107047337,Checkers,0,GAME_OVER,78,77,2,1643,RandomPlayerConfig,RandomPlayerConfig
-1415529522,Checkers,0,GAME_OVER,69,68,2,1644,RandomPlayerConfig,RandomPlayerConfig
-1397001953,Checkers,0,GAME_OVER,48,47,2,1645,RandomPlayerConfig,RandomPlayerConfig
238861370,Checkers,0,GAME_OVER,40,39,2,1646,RandomPlayerConfig,RandomPlayerConfig
1925653830,Checkers,0,GAME_OVER,86,85,2,1647,RandomPlayerConfig,RandomPlayerConfig
-2102569706,Checkers,0,GAME_OVER,36,35,2,1648,RandomPlayerConfig,RandomPlayerConfig
504708031,Checkers,0,GAME_OVER,46,45,2,1649,RandomPlayerConfig,RandomPlayerConfig
-590708637,Checkers,0,GAME_OVER,46,45,2,1650,RandomPlayerConfig,RandomPlayerConfig
-957917271,Checkers,0,GAME_OVER,57,56,2,1651,RandomPlayerConfig,RandomPlayerConfig
-144976592,Checkers,0,GAME_OVER,80,79,2,1652,RandomPlayerConfig,RandomPlayerConfig
-1611151097,Checkers,0,GAME_OVER,61,60,2,1653,RandomPlayerConfig,RandomPlayerConfig
832324818,Checkers,0,GAME_OVER,48,47,2,1654,RandomPlayerConfig,RandomPlayerConfig
189542628,Checkers,0,GAME_OVER,78,77,2,1655,RandomPlayerConfig,RandomPlayerConfig
-226292582,Checkers,0,GAME_OVER,39,38,2,1656,RandomPlayerConfig,RandomPlayerConfig
-1632619783,Checkers,0,GAME_OVER,51,50,2,1657,RandomPlayerConfig,RandomPlayerConfig
-10754264,Checkers,0,GAME_OVER,48,47,2,1658,RandomPlayerConfig,RandomPlayerConfig
-1702566684,Checkers,0,GAME_OVER,43,42,2,1659,RandomPlayerConfig,RandomPlayerConfig
-1497587505,Checkers,0,GAME_OVER,47,46,2,1660,RandomPlayerConfig,RandomPlayerConfig
-845578703,Checkers,0,GAME_OVER,41,40,2,1661,RandomPlayerConfig,RandomPlayerConfig
587637918,Checkers,0,GAME_OVER,63,62,2,1662,RandomPlayerConfig,RandomPlayerConfig
-1573391934,Checkers,0,GAME_OVER,54,53,2,1663,RandomPlayerConfig,RandomPlayerConfig
-211258352,Checkers,0,GAME_OVER,60,59,2,1664,RandomPlayerConfig,RandomPlayerConfig
-8789926,Checkers,0,GAME_OVER,44,43,2,1665,RandomPlayerConfig,RandomPlayerConfig
-606056082,Checkers,0,GAME_OVER,38,37,2,1666,RandomPlayerConfig,RandomPlayerConfig
-2119856807,Checkers,0,GAME_OVER,55,54,2,1667,RandomPlayerConfig,RandomPlayerConfig
756565351,Checkers,0,GAME_OVER,46,45,2,1668,RandomPlayerConfig,RandomPlayerConfig
701069796,Checkers,0,GAME_OVER,57,56,2,1669,RandomPlayerConfig,RandomPlayerConfig
89662065,Checkers,0,GAME_OVER,43,42,2,1670,RandomPlayerConfig,RandomPlayerConfig
409655320,Checkers,0,GAME_OVER,43,42,2,1671,RandomPlayerConfig,RandomPlayerConfig
-1178153752,Checkers,0,GAME_OVER,44,43,2,1672,RandomPlayerConfig,RandomPlayerConfig
1916696307,Checkers,0,GAME_OVER,43,42,2,1673,RandomPlayerConfig,RandomPlayerConfig
-1170346743,Checkers,0,GAME_OVER,55,54,2,1674,RandomPlayerConfig,RandomPlayerConfig
-1178277608,Checkers,0,GAME_OVER,55,54,2,1675,RandomPlayerConfig,RandomPlayerConfig
1538119737,Checkers,0,GAME_OVER,42,41,2,1676,RandomPlayerConfig,RandomPlayerConfig
725994394,Checkers,0,GAME_OVER,45,44,2,1677,RandomPlayerConfig,RandomPlayerConfig
-449773248,Checkers,0,GAME_OVER,66,65,2,1678,RandomPlayerConfig,RandomPlayerConfig
-1796208784,Checkers,0,GAME_OVER,43,42,2,1679,RandomPlayerConfig,RandomPlayerConfig
-524080299,Checkers,0,GAME_OVER,66,65,2,1680,RandomPlayerConfig,RandomPlayerConfig
-355532984,Checkers,0,GAME_OVER,67,66,2,1681,RandomPlayerConfig,RandomPlayerConfig
891290161,Checkers,0,GAME_OVER,49,48,2,1682,RandomPlayerConfig,RandomPlayerConfig
-533683000,Checkers,0,GAME_OVER,34,33,2,1683,RandomPlayerConfig,RandomPlayerConfig
-551802484,Checkers,0,GAME_OVER,44,43,2,1684,RandomPlayerConfig,RandomPlayerConfig
-1840989310,Checkers,0,GAME_OVER,48,47,2,1685,RandomPlayerConfig,RandomPlayerConfig
2017681574,Checkers,0,GAME_OVER,36,35,2,1686,RandomPlayerConfig,RandomPlayerConfig
-421991124,Checkers,0,GAME_OVER,47,46,2,1687,RandomPlayerConfig,RandomPlayerConfig
469011149,Checkers,0,GAME_OVER,40,39,2,1688,RandomPlayerConfig,RandomPlayerConfig
1173557714,Checkers,0,GAME_OVER,52,51,2,1689,RandomPlayerConfig,RandomPlayerConfig
-361604094,Checkers,0,GAME_OVER,68,67,2,1690,RandomPlayerConfig,RandomPlayerConfig
1282867234,Checkers,0,GAME_OVER,35,34,2,1691,RandomPlayerConfig,RandomPlayerConfig
-1542151897,Checkers,0,GAME_OVER,53,52,2,1692,RandomPlayerConfig,RandomPlayerConfig
1085779199,Checkers,0,GAME_OVER,42,41,2,1693,RandomPlayerConfig,RandomPlayerConfig
390901089,Checkers,0,GAME_OVER,40,39,2,1694,RandomPlayerConfig,RandomPlayerConfig
-981129475,Checkers,0,GAME_OVER,69,68,2,1695,RandomPlayerConfig,RandomPlayerConfig
-1390939507,Checkers,0,GAME_OVER,78,77,2,1696,RandomPlayerConfig,RandomPlayerConfig
-437821059,Checkers,0,GAME_OVER,48,47,2,1697,RandomPlayerConfig,RandomPlayerConfig
2075214077,Checkers,0,GAME_OVER,38,37,2,1698,RandomPlayerConfig,RandomPlayerConfig
565615731,Checkers,0,GAME_OVER,59,58,2,1699,RandomPlayerConfig,RandomPlayerConfig
1205676761,Checkers,0,GAME_OVER,40,39,2,1700,RandomPlayerConfig,RandomPlayerConfig
-501755609,Checkers,0,GAME_OVER,84,83,2,1701,RandomPlayerConfig,RandomPlayerConfig
-1499684397,Checkers,0,GAME_OVER,42,41,2,1702,RandomPlayerConfig,RandomPlayerConfig
-1836009107,Checkers,0,GAME_OVER,36,35,2,1703,RandomPlayerConfig,RandomPlayerConfig
963947027,Checkers,0,GAME_OVER,54,53,2,1704,RandomPlayerConfig,RandomPlayerConfig
-80538069,Checkers,0,GAME_OVER,48,47,2,1705,RandomPlayerConfig,RandomPlayerConfig
-1374684283,Checkers,0,GAME_OVER,43,42,2,1706,RandomPlayerConfig,RandomPlayerConfig
1940495134,Checkers,0,GAME_OVER,59,58,2,1707,RandomPlayerConfig,RandomPlayerConfig
-109890830,Checkers,0,GAME_OVER,48,47,2,1708,RandomPlayerConfig,RandomPlayerConfig
-64575164,Checkers,0,GAME_OVER,40,39,2,1709,RandomPlayerConfig,RandomPlayerConfig
-78915966,Checkers,0,GAME_OVER,79,78,2,1710,RandomPlayerConfig,RandomPlayerConfig
-1377659306,Checkers,0,GAME_OVER,38,37,2,1711,RandomPlayerConfig,RandomPlayerConfig
-1629323870,Checkers,0,GAME_OVER,33,32,2,1712,RandomPlayerConfig,RandomPlayerConfig
-2230482,Checkers,0,GAME_OVER,50,49,2,1713,RandomPlayerConfig,RandomPlayerConfig
-1195904413,Checkers,0,GAME_OVER,50,49,2,1714,RandomPlayerConfig,RandomPlayerConfig
-578417640,Checkers,0,GAME_OVER,50,49,2,1715,RandomPlayerConfig,RandomPlayerConfig
945926855,Checkers,0,GAME_OVER,72,71,2,1716,RandomPlayerConfig,RandomPlayerConfig
88889687,Checkers,0,GAME_OVER,42,41,2,1717,RandomPlayerConfig,RandomPlayerConfig
763617944,Checkers,0,GAME_OVER,45,44,2,1718,RandomPlayerConfig,RandomPlayerConfig
1100313449,Checkers,0,GAME_OVER,60,59,2,1719,RandomPlayerConfig,RandomPlayerConfig
-1264315711,Checkers,0,GAME_OVER,54,53,2,1720,RandomPlayerConfig,RandomPlayerConfig
-497981998,Checkers,0,GAME_OVER,45,44,2,1721,RandomPlayerConfig,RandomPlayerConfig
-1784524477,Checkers,0,GAME_OVER,39,38,2,1722,RandomPlayerConfig,RandomPlayerConfig
-770855830,Checkers,0,GAME_OVER,38,37,2,1723,RandomPlayerConfig,RandomPlayerConfig
-1365488335,Checkers,0,GAME_OVER,86,85,2,1724,RandomPlayerConfig,RandomPlayerConfig
1216203408,Checkers,0,GAME_OVER,42,41,2,1725,RandomPlayerConfig,RandomPlayerConfig
846924899,Checkers,0,GAME_OVER,51,50,2,1726,RandomPlayerConfig,RandomPlayerConfig
-1464536919,Checkers,0,GAME_OVER,35,34,2,1727,RandomPlayerConfig,RandomPlayerConfig
2022132924,Checkers,0,GAME_OVER,45,44,2,1728,RandomPlayerConfig,RandomPlayerConfig
-59889711,Checkers,0,GAME_OVER,49,48,2,1729,RandomPlayerConfig,RandomPlayerConfig
2010005813,Checkers,0,GAME_OVER,47,46,2,1730,RandomPlayerConfig,RandomPlayerConfig
-1117326157,Checkers,0,GAME_OVER,69,68,2,1731,RandomPlayerConfig,RandomPlayerConfig
-84837618,Checkers,0,GAME_OVER,41,40,2,1732,RandomPlayerConfig,RandomPlayerConfig
-1311466025,Checkers,0,GAME_OVER,33,32,2,1733,RandomPlayerConfig,RandomPlayerConfig
184912342,Checkers,0,GAME_OVER,44,43,2,1734,RandomPlayerConfig,RandomPlayerConfig
956894957,Checkers,0,GAME_OVER,44,43,2,1735,RandomPlayerConfig,RandomPlayerConfig
83738914,Checkers,0,GAME_OVER,73,72,2,1736,RandomPlayerConfig,RandomPlayerConfig
983630301,Checkers,0,GAME_OVER,61,60,2,1737,RandomPlayerConfig,RandomPlayerConfig
1607840044,Checkers,0,GAME_OVER,48,47,2,1738,RandomPlayerConfig,RandomPlayerConfig
-895912029,Checkers,0,GAME_OVER,63,62,2,1739,RandomPlayerConfig,RandomPlayerConfig
-1578776641,Checkers,0,GAME_OVER,40,39,2,1740,RandomPlayerConfig,RandomPlayerConfig
440593991,Checkers,0,GAME_OVER,70,69,2,1741,RandomPlayerConfig,RandomPlayerConfig
-841068281,Checkers,0,GAME_OVER,44,43,2,1742,RandomPlayerConfig,RandomPlayerConfig
1164572257,Checkers,0,GAME_OVER,48,47,2,1743,RandomPlayerConfig,RandomPlayerConfig
-786482107,Checkers,0,GAME_OVER,69,68,2,1744,RandomPlayerConfig,RandomPlayerConfig
-973069799,Checkers,0,GAME_OVER,38,37,2,1745,RandomPlayerConfig,RandomPlayerConfig
639807106,Checkers,0,GAME_OVER,37,36,2,1746,RandomPlayerConfig,RandomPlayerConfig
-1077440383,Checkers,0,GAME_OVER,43,42,2,1747,RandomPlayerConfig,RandomPlayerConfig
-2096489047,Checkers,0,GAME_OVER,37,36,2,1748,RandomPlayerConfig,RandomPlayerConfig
1275913133,Checkers,0,GAME_OVER,86,85,2,1749,RandomPlayerConfig,RandomPlayerConfig
-687245137,Checkers,0,GAME_OVER,41,40,2,1750,RandomPlayerConfig,RandomPlayerConfig
-1554641659,Checkers,0,GAME_OVER,40,39,2,1751,RandomPlayerConfig,RandomPlayerConfig
667440573,Checkers,0,GAME_OVER,46,45,2,1752,RandomPlayerConfig,RandomPlayerConfig
465263264,Checkers,0,GAME_OVER,66,65,2,1753,RandomPlayerConfig,RandomPlayerConfig
944196978,Checkers,0,GAME_OVER,80,79,2,1754,RandomPlayerConfig,RandomPlayerConfig
-310419034,Checkers,0,GAME_OVER,60,59,2,1755,RandomPlayerConfig,RandomPlayerConfig
555688628,Checkers,0,GAME_OVER,47,46,2,1756,RandomPlayerConfig,RandomPlayerConfig
-990767859,Checkers,0,GAME_OVER,38,37,2,1757,RandomPlayerConfig,RandomPlayerConfig
1878141101,Checkers,0,GAME_OVER,57,56,2,1758,RandomPlayerConfig,RandomPlayerConfig
-607888083,Checkers,0,GAME_OVER,91,90,2,1759,RandomPlayerConfig,RandomPlayerConfig
2001147109,Checkers,0,GAME_OVER,43,42,2,1760,RandomPlayerConfig,RandomPlayerConfig
-1150735363,Checkers,0,GAME_OVER,41,40,2,1761,RandomPlayerConfig,RandomPlayerConfig
-1254481507,Checkers,0,GAME_OVER,37,36,2,1762,RandomPlayerConfig,RandomPlayerConfig
-1631771904,Checkers,0,GAME_OVER,65,64,2,1763,RandomPlayerConfig,RandomPlayerConfig
-1013472049,Checkers,0,GAME_OVER,57,56,2,1764,RandomPlayerConfig,RandomPlayerConfig
774945565,Checkers,0,GAME_OVER,67,66,2,1765,RandomPlayerConfig,RandomPlayerConfig
1445337731,Checkers,0,GAME_OVER,43,42,2,1766,RandomPlayerConfig,RandomPlayerConfig
1953319935,Checkers,0,GAME_OVER,49,48,2,1767,RandomPlayerConfig,RandomPlayerConfig
390571357,Checkers,0,GAME_OVER,70,69,2,1768,RandomPlayerConfig,RandomPlayerConfig
2096799665,Checkers,0,GAME_OVER,34,33,2,1769,RandomPlayerConfig,RandomPlayerConfig
-1971763578,Checkers,0,GAME_OVER,38,37,2,1770,RandomPlayerConfig,RandomPlayerConfig
-797392752,Checkers,0,GAME_OVER,37,36,2,1771,RandomPlayerConfig,RandomPlayerConfig
-129231254,Checkers,0,GAME_OVER,43,42,2,1772,RandomPlayerConfig,RandomPlayerConfig
-1647529271,Checkers,0,GAME_OVER,41,40,2,1773,RandomPlayerConfig,RandomPlayerConfig
-1596937769,Checkers,0,GAME_OVER,82,81,2,1774,RandomPlayerConfig,RandomPlayerConfig
1812176888,Checkers,0,GAME_OVER,42,41,2,1775,RandomPlayerConfig,RandomPlayerConfig
1727208326,Checkers,0,GAME_OVER,49,48,2,1776,RandomPlayerConfig,RandomPlayerConfig
778039985,Checkers,0,GAME_OVER,44,43,2,1777,RandomPlayerConfig,RandomPlayerConfig
-1302988778,Checkers,0,GAME_OVER,51,50,2,1778,RandomPlayerConfig,RandomPlayerConfig
953731308,Checkers,0,GAME_OVER,47,46,2,1779,RandomPlayerConfig,RandomPlayerConfig
1148263162,Checkers,0,GAME_OVER,61,60,2,1780,RandomPlayerConfig,RandomPlayerConfig
-138129491,Checkers,0,GAME_OVER,38,37,2,1781,RandomPlayerConfig,RandomPlayerConfig
-1487440652,Checkers,0,GAME_OVER,53,52,2,1782,RandomPlayerConfig,RandomPlayerConfig
420992871,Checkers,0,GAME_OVER,77,76,2,1783,RandomPlayerConfig,RandomPlayerConfig
-1317910263,Checkers,0,GAME_OVER,46,45,2,1784,RandomPlayerConfig,RandomPlayerConfig
1344802789,Checkers,0,GAME_OVER,59,58,2,1785,RandomPlayerConfig,RandomPlayerConfig
-1175799016,Checkers,0,GAME_OVER,42,41,2,1786,RandomPlayerConfig,RandomPlayerConfig
-815486018,Checkers,0,GAME_OVER,51,50,2,1787,RandomPlayerConfig,RandomPlayerConfig
-467459208,Checkers,0,GAME_OVER,53,52,2,1788,RandomPlayerConfig,RandomPlayerConfig
823983774,Checkers,0,GAME_OVER,57,56,2,1789,RandomPlayerConfig,RandomPlayerConfig
-1246065338,Checkers,0,GAME_OVER,42,41,2,1790,RandomPlayerConfig,RandomPlayerConfig
413126385,Checkers,0,GAME_OVER,33,32,2,1791,RandomPlayerConfig,RandomPlayerConfig
457613648,Checkers,0,GAME_OVER,44,43,2,1792,RandomPlayerConfig,RandomPlayerConfig
-1482368342,Checkers,0,GAME_OVER,69,68,2,1793,RandomPlayerConfig,RandomPlayerConfig
1132336574,Checkers,0,GAME_OVER,56,55,2,1794,RandomPlayerConfig,RandomPlayerConfig
416303171,Checkers,0,GAME_OVER,49,48,2,1795,RandomPlayerConfig,RandomPlayerConfig
1343822562,Checkers,0,GAME_OVER,63,62,2,1796,RandomPlayerConfig,RandomPlayerConfig
-906905566,Checkers,0,GAME_OVER,46,45,2,1797,RandomPlayerConfig,RandomPlayerConfig
-1919272990,Checkers,0,GAME_OVER,51,50,2,1798,RandomPlayerConfig,RandomPlayerConfig
-564348917,Checkers,0,GAME_OVER,45,44,2,1799,RandomPlayerConfig,RandomPlayerConfig
-148165108,Checkers,0,GAME_OVER,31,30,2,1800,RandomPlayerConfig,RandomPlayerConfig
-463582895,Checkers,0,GAME_OVER,57,56,2,1801,RandomPlayerConfig,RandomPlayerConfig
