GameSeed,GameName,Round,Event,Tick,Turn,PlayerCount,GameID,PlayerName-0,Player-1,Player-0,PlayerName-1
-1176337153,Checkers,0,GAME_OVER,141,140,2,2,MCTS_CheckersHeuristic,0.0,0.0,MCTS_CheckersHeuristic
-1203383237,Checkers,0,GAME_OVER,63,62,2,3,MCTS_CheckersHeuristic,1.0,-1.0,MCTS_CheckersHeuristic
-731044798,Checkers,0,GAME_OVER,56,55,2,4,MCTS_CheckersHeuristic,-1.0,1.0,MCTS_CheckersHeuristic
-214896742,Checkers,0,GAME_OVER,93,92,2,5,MCTS_CheckersHeuristic,1.0,-1.0,MCTS_CheckersHeuristic
904131606,Checkers,0,GAME_OVER,123,122,2,6,MCTS_CheckersHeuristic,0.0,0.0,MCTS_CheckersHeuristic
-836935709,Checkers,0,GAME_OVER,148,147,2,7,MCTS_CheckersHeuristic,0.0,0.0,MCTS_CheckersHeuristic
-722893542,Checkers,0,GAME_OVER,62,61,2,8,MCTS_CheckersHeuristic,-1.0,1.0,MCTS_CheckersHeuristic
1340300709,Checkers,0,GAME_OVER,133,132,2,9,MCTS_CheckersHeuristic,1.0,-1.0,MCTS_CheckersHeuristic
-2124934750,Checkers,0,GAME_OVER,147,146,2,10,MCTS_CheckersHeuristic,0.0,0.0,MCTS_CheckersHeuristic
-35611374,Checkers,0,GAME_OVER,44,43,2,11,MCTS_CheckersHeuristic,1.0,-1.0,MCTS_CheckersHeuristic
286717860,Checkers,0,GAME_OVER,91,90,2,12,MCTS_CheckersHeuristic,0.0,0.0,MCTS_CheckersHeuristic
59274752,Checkers,0,GAME_OVER,51,50,2,13,MCTS_CheckersHeuristic,1.0,-1.0,MCTS_CheckersHeuristic
-1426514565,Checkers,0,GAME_OVER,93,92,2,14,MCTS_CheckersHeuristic,1.0,-1.0,MCTS_CheckersHeuristic
1638937389,Checkers,0,GAME_OVER,154,153,2,15,MCTS_CheckersHeuristic,0.0,0.0,MCTS_CheckersHeuristic
-313547086,Checkers,0,GAME_OVER,132,131,2,16,MCTS_CheckersHeuristic,0.0,0.0,MCTS_CheckersHeuristic
-1292871560,Checkers,0,GAME_OVER,57,56,2,17,MCTS_CheckersHeuristic,1.0,-1.0,MCTS_CheckersHeuristic
141710200,Checkers,0,GAME_OVER,63,62,2,18,MCTS_CheckersHeuristic,1.0,-1.0,MCTS_CheckersHeuristic
-173761553,Checkers,0,GAME_OVER,100,99,2,19,MCTS_CheckersHeuristic,-1.0,1.0,MCTS_CheckersHeuristic
-527106957,Checkers,0,GAME_OVER,77,76,2,20,MCTS_CheckersHeuristic,-1.0,1.0,MCTS_CheckersHeuristic
2086646756,Checkers,0,GAME_OVER,95,94,2,21,MCTS_CheckersHeuristic,1.0,-1.0,MCTS_CheckersHeuristic
-616978944,Checkers,0,GAME_OVER,63,62,2,22,MCTS_CheckersHeuristic,1.0,-1.0,MCTS_CheckersHeuristic
-1097626520,Checkers,0,GAME_OVER,107,106,2,23,MCTS_CheckersHeuristic,0.0,0.0,MCTS_CheckersHeuristic
-1700335317,Checkers,0,GAME_OVER,59,58,2,24,MCTS_CheckersHeuristic,1.0,-1.0,MCTS_CheckersHeuristic
-970850095,Checkers,0,GAME_OVER,52,51,2,25,MCTS_CheckersHeuristic,1.0,-1.0,MCTS_CheckersHeuristic
-323875359,Checkers,0,GAME_OVER,58,57,2,26,MCTS_CheckersHeuristic,1.0,-1.0,MCTS_CheckersHeuristic
-2016122297,Checkers,0,GAME_OVER,62,61,2,27,MCTS_CheckersHeuristic,-1.0,1.0,MCTS_CheckersHeuristic
1689588006,Checkers,0,GAME_OVER,63,62,2,28,MCTS_CheckersHeuristic,1.0,-1.0,MCTS_CheckersHeuristic
-1976417695,Checkers,0,GAME_OVER,50,49,2,29,MCTS_CheckersHeuristic,-1.0,1.0,MCTS_CheckersHeuristic
-326991008,Checkers,0,GAME_OVER,176,175,2,30,MCTS_CheckersHeuristic,0.0,0.0,MCTS_CheckersHeuristic
679498075,Checkers,0,GAME_OVER,64,63,2,31,MCTS_CheckersHeuristic,-1.0,1.0,MCTS_CheckersHeuristic
-1337627158,Checkers,0,GAME_OVER,49,48,2,32,MCTS_CheckersHeuristic,-1.0,1.0,MCTS_CheckersHeuristic
523530607,Checkers,0,GAME_OVER,60,59,2,33,MCTS_CheckersHeuristic,1.0,-1.0,MCTS_CheckersHeuristic
372962448,Checkers,0,GAME_OVER,90,89,2,34,MCTS_CheckersHeuristic,1.0,-1.0,MCTS_CheckersHeuristic
762211670,Checkers,0,GAME_OVER,58,57,2,35,MCTS_CheckersHeuristic,-1.0,1.0,MCTS_CheckersHeuristic
-386077013,Checkers,0,GAME_OVER,87,86,2,36,MCTS_CheckersHeuristic,-1.0,1.0,MCTS_CheckersHeuristic
1173878263,Checkers,0,GAME_OVER,119,118,2,37,MCTS_CheckersHeuristic,0.0,0.0,MCTS_CheckersHeuristic
-886977305,Checkers,0,GAME_OVER,109,108,2,38,MCTS_CheckersHeuristic,0.0,0.0,MCTS_CheckersHeuristic
1375054804,Checkers,0,GAME_OVER,58,57,2,39,MCTS_CheckersHeuristic,1.0,-1.0,MCTS_CheckersHeuristic
2025305091,Checkers,0,GAME_OVER,82,81,2,40,MCTS_CheckersHeuristic,-1.0,1.0,MCTS_CheckersHeuristic
-748825931,Checkers,0,GAME_OVER,124,123,2,41,MCTS_CheckersHeuristic,0.0,0.0,MCTS_CheckersHeuristic
664396301,Checkers,0,GAME_OVER,62,61,2,42,MCTS_CheckersHeuristic,1.0,-1.0,MCTS_CheckersHeuristic
-628553061,Checkers,0,GAME_OVER,72,71,2,43,MCTS_CheckersHeuristic,-1.0,1.0,MCTS_CheckersHeuristic
-384335134,Checkers,0,GAME_OVER,62,61,2,44,MCTS_CheckersHeuristic,-1.0,1.0,MCTS_CheckersHeuristic
520316683,Checkers,0,GAME_OVER,68,67,2,45,MCTS_CheckersHeuristic,1.0,-1.0,MCTS_CheckersHeuristic
37345783,Checkers,0,GAME_OVER,62,61,2,46,MCTS_CheckersHeuristic,-1.0,1.0,MCTS_CheckersHeuristic
-1445722588,Checkers,0,GAME_OVER,76,75,2,47,MCTS_CheckersHeuristic,-1.0,1.0,MCTS_CheckersHeuristic
-979801406,Checkers,0,GAME_OVER,58,57,2,48,MCTS_CheckersHeuristic,-1.0,1.0,MCTS_CheckersHeuristic
163375911,Checkers,0,GAME_OVER,121,120,2,49,MCTS_CheckersHeuristic,0.0,0.0,MCTS_CheckersHeuristic
1655397940,Checkers,0,GAME_OVER,116,115,2,50,MCTS_CheckersHeuristic,0.0,0.0,MCTS_CheckersHeuristic
-1890522022,Checkers,0,GAME_OVER,60,59,2,51,MCTS_CheckersHeuristic,-1.0,1.0,MCTS_CheckersHeuristic
1688410911,Checkers,0,GAME_OVER,97,96,2,52,MCTS_CheckersHeuristic,-1.0,1.0,MCTS_CheckersHeuristic
-235337115,Checkers,0,GAME_OVER,61,60,2,53,MCTS_CheckersHeuristic,-1.0,1.0,MCTS_CheckersHeuristic
419016838,Checkers,0,GAME_OVER,45,44,2,54,MCTS_CheckersHeuristic,1.0,-1.0,MCTS_CheckersHeuristic
-1649731680,Checkers,0,GAME_OVER,58,57,2,55,MCTS_CheckersHeuristic,-1.0,1.0,MCTS_CheckersHeuristic
-804545498,Checkers,0,GAME_OVER,52,51,2,56,MCTS_CheckersHeuristic,1.0,-1.0,MCTS_CheckersHeuristic
-371638287,Checkers,0,GAME_OVER,59,58,2,57,MCTS_CheckersHeuristic,1.0,-1.0,MCTS_CheckersHeuristic
1214018740,Checkers,0,GAME_OVER,116,115,2,58,MCTS_CheckersHeuristic,0.0,0.0,MCTS_CheckersHeuristic
1541101081,Checkers,0,GAME_OVER,122,121,2,59,MCTS_CheckersHeuristic,0.0,0.0,MCTS_CheckersHeuristic
1571446444,Checkers,0,GAME_OVER,98,97,2,60,MCTS_CheckersHeuristic,1.0,-1.0,MCTS_CheckersHeuristic
-2124359248,Checkers,0,GAME_OVER,152,151,2,61,MCTS_CheckersHeuristic,0.0,0.0,MCTS_CheckersHeuristic
470074270,Checkers,0,GAME_OVER,120,119,2,62,MCTS_CheckersHeuristic,-1.0,1.0,MCTS_CheckersHeuristic
-301137630,Checkers,0,GAME_OVER,83,82,2,63,MCTS_CheckersHeuristic,-1.0,1.0,MCTS_CheckersHeuristic
296933217,Checkers,0,GAME_OVER,63,62,2,64,MCTS_CheckersHeuristic,-1.0,1.0,MCTS_CheckersHeuristic
550946144,Checkers,0,GAME_OVER,51,50,2,65,MCTS_CheckersHeuristic,-1.0,1.0,MCTS_CheckersHeuristic
1983896466,Checkers,0,GAME_OVER,67,66,2,66,MCTS_CheckersHeuristic,1.0,-1.0,MCTS_CheckersHeuristic
926845219,Checkers,0,GAME_OVER,46,45,2,67,MCTS_CheckersHeuristic,1.0,-1.0,MCTS_CheckersHeuristic
-28174011,Checkers,0,GAME_OVER,55,54,2,68,MCTS_CheckersHeuristic,1.0,-1.0,MCTS_CheckersHeuristic
1385466877,Checkers,0,GAME_OVER,67,66,2,69,MCTS_CheckersHeuristic,-1.0,1.0,MCTS_CheckersHeuristic
-878444067,Checkers,0,GAME_OVER,54,53,2,70,MCTS_CheckersHeuristic,1.0,-1.0,MCTS_CheckersHeuristic
-898074233,Checkers,0,GAME_OVER,68,67,2,71,MCTS_CheckersHeuristic,1.0,-1.0,MCTS_CheckersHeuristic
-1855511719,Checkers,0,GAME_OVER,46,45,2,72,MCTS_CheckersHeuristic,-1.0,1.0,MCTS_CheckersHeuristic
708779878,Checkers,0,GAME_OVER,120,119,2,73,MCTS_CheckersHeuristic,0.0,0.0,MCTS_CheckersHeuristic
-365860445,Checkers,0,GAME_OVER,53,52,2,74,MCTS_CheckersHeuristic,1.0,-1.0,MCTS_CheckersHeuristic
-425576184,Checkers,0,GAME_OVER,126,125,2,75,MCTS_CheckersHeuristic,-1.0,1.0,MCTS_CheckersHeuristic
696636826,Checkers,0,GAME_OVER,185,184,2,76,MCTS_CheckersHeuristic,0.0,0.0,MCTS_CheckersHeuristic
-938713536,Checkers,0,GAME_OVER,96,95,2,77,MCTS_CheckersHeuristic,1.0,-1.0,MCTS_CheckersHeuristic
-1600506893,Checkers,0,GAME_OVER,69,68,2,78,MCTS_CheckersHeuristic,-1.0,1.0,MCTS_CheckersHeuristic
-894694865,Checkers,0,GAME_OVER,52,51,2,79,MCTS_CheckersHeuristic,1.0,-1.0,MCTS_CheckersHeuristic
-1711292118,Checkers,0,GAME_OVER,102,101,2,80,MCTS_CheckersHeuristic,0.0,0.0,MCTS_CheckersHeuristic
-2088603110,Checkers,0,GAME_OVER,47,46,2,81,MCTS_CheckersHeuristic,-1.0,1.0,MCTS_CheckersHeuristic
-511582955,Checkers,0,GAME_OVER,54,53,2,82,MCTS_CheckersHeuristic,1.0,-1.0,MCTS_CheckersHeuristic
1429868571,Checkers,0,GAME_OVER,128,127,2,83,MCTS_CheckersHeuristic,-1.0,1.0,MCTS_CheckersHeuristic
699221968,Checkers,0,GAME_OVER,118,117,2,84,MCTS_CheckersHeuristic,-1.0,1.0,MCTS_CheckersHeuristic
-1337168942,Checkers,0,GAME_OVER,91,90,2,85,MCTS_CheckersHeuristic,0.0,0.0,MCTS_CheckersHeuristic
2058726182,Checkers,0,GAME_OVER,134,133,2,86,MCTS_CheckersHeuristic,-1.0,1.0,MCTS_CheckersHeuristic
57957248,Checkers,0,GAME_OVER,53,52,2,87,MCTS_CheckersHeuristic,1.0,-1.0,MCTS_CheckersHeuristic
1961148066,Checkers,0,GAME_OVER,51,50,2,88,MCTS_CheckersHeuristic,-1.0,1.0,MCTS_CheckersHeuristic
-208551370,Checkers,0,GAME_OVER,61,60,2,89,MCTS_CheckersHeuristic,1.0,-1.0,MCTS_CheckersHeuristic
-26938906,Checkers,0,GAME_OVER,99,98,2,90,MCTS_CheckersHeuristic,0.0,0.0,MCTS_CheckersHeuristic
710689778,Checkers,0,GAME_OVER,132,131,2,91,MCTS_CheckersHeuristic,0.0,0.0,MCTS_CheckersHeuristic
-944470016,Checkers,0,GAME_OVER,57,56,2,92,MCTS_CheckersHeuristic,-1.0,1.0,MCTS_CheckersHeuristic
1727305453,Checkers,0,GAME_OVER,76,75,2,93,MCTS_CheckersHeuristic,1.0,-1.0,MCTS_CheckersHeuristic
1434009552,Checkers,0,GAME_OVER,57,56,2,94,MCTS_CheckersHeuristic,1.0,-1.0,MCTS_CheckersHeuristic
1699189091,Checkers,0,GAME_OVER,52,51,2,95,MCTS_CheckersHeuristic,1.0,-1.0,MCTS_CheckersHeuristic
-1924114236,Checkers,0,GAME_OVER,113,112,2,96,MCTS_CheckersHeuristic,0.0,0.0,MCTS_CheckersHeuristic
439674264,Checkers,0,GAME_OVER,46,45,2,97,MCTS_CheckersHeuristic,-1.0,1.0,MCTS_CheckersHeuristic
1000065131,Checkers,0,GAME_OVER,83,82,2,98,MCTS_CheckersHeuristic,1.0,-1.0,MCTS_CheckersHeuristic
522598890,Checkers,0,GAME_OVER,91,90,2,99,MCTS_CheckersHeuristic,0.0,0.0,MCTS_CheckersHeuristic
1408310455,Checkers,0,GAME_OVER,44,43,2,100,MCTS_CheckersHeuristic,-1.0,1.0,MCTS_CheckersHeuristic
330629427,Checkers,0,GAME_OVER,104,103,2,101,MCTS_CheckersHeuristic,-1.0,1.0,MCTS_CheckersHeuristic
-797532192,Checkers,0,GAME_OVER,110,109,2,102,MCTS_CheckersHeuristic,0.0,0.0,MCTS_CheckersHeuristic
1262467013,Checkers,0,GAME_OVER,54,53,2,103,MCTS_CheckersHeuristic,1.0,-1.0,MCTS_CheckersHeuristic
1416244806,Checkers,0,GAME_OVER,44,43,2,104,MCTS_CheckersHeuristic,1.0,-1.0,MCTS_CheckersHeuristic
-1929509951,Checkers,0,GAME_OVER,60,59,2,105,MCTS_CheckersHeuristic,-1.0,1.0,MCTS_CheckersHeuristic
2073402315,Checkers,0,GAME_OVER,53,52,2,106,MCTS_CheckersHeuristic,1.0,-1.0,MCTS_CheckersHeuristic
-1855898719,Checkers,0,GAME_OVER,101,100,2,107,MCTS_CheckersHeuristic,0.0,0.0,MCTS_CheckersHeuristic
296605045,Checkers,0,GAME_OVER,46,45,2,108,MCTS_CheckersHeuristic,1.0,-1.0,MCTS_CheckersHeuristic
-1993796568,Checkers,0,GAME_OVER,102,101,2,109,MCTS_CheckersHeuristic,-1.0,1.0,MCTS_CheckersHeuristic
-1305219755,Checkers,0,GAME_OVER,47,46,2,110,MCTS_CheckersHeuristic,-1.0,1.0,MCTS_CheckersHeuristic
-1589231848,Checkers,0,GAME_OVER,55,54,2,111,MCTS_CheckersHeuristic,-1.0,1.0,MCTS_CheckersHeuristic
1504068114,Checkers,0,GAME_OVER,106,105,2,112,MCTS_CheckersHeuristic,0.0,0.0,MCTS_CheckersHeuristic
-503536039,Checkers,0,GAME_OVER,107,106,2,113,MCTS_CheckersHeuristic,0.0,0.0,MCTS_CheckersHeuristic
763414658,Checkers,0,GAME_OVER,55,54,2,114,MCTS_CheckersHeuristic,1.0,-1.0,MCTS_CheckersHeuristic
362363770,Checkers,0,GAME_OVER,72,71,2,115,MCTS_CheckersHeuristic,-1.0,1.0,MCTS_CheckersHeuristic
90666286,Checkers,0,GAME_OVER,124,123,2,116,MCTS_CheckersHeuristic,1.0,-1.0,MCTS_CheckersHeuristic
-1009051213,Checkers,0,GAME_OVER,85,84,2,117,MCTS_CheckersHeuristic,-1.0,1.0,MCTS_CheckersHeuristic
-843666233,Checkers,0,GAME_OVER,91,90,2,118,MCTS_CheckersHeuristic,1.0,-1.0,MCTS_CheckersHeuristic
1350731983,Checkers,0,GAME_OVER,106,105,2,119,MCTS_CheckersHeuristic,0.0,0.0,MCTS_CheckersHeuristic
1309789641,Checkers,0,GAME_OVER,122,121,2,120,MCTS_CheckersHeuristic,0.0,0.0,MCTS_CheckersHeuristic
714234281,Checkers,0,GAME_OVER,116,115,2,121,MCTS_CheckersHeuristic,0.0,0.0,MCTS_CheckersHeuristic
-1744428321,Checkers,0,GAME_OVER,97,96,2,122,MCTS_CheckersHeuristic,-1.0,1.0,MCTS_CheckersHeuristic
1452779804,Checkers,0,GAME_OVER,82,81,2,123,MCTS_CheckersHeuristic,0.0,0.0,MCTS_CheckersHeuristic
1560554700,Checkers,0,GAME_OVER,58,57,2,124,MCTS_CheckersHeuristic,1.0,-1.0,MCTS_CheckersHeuristic
267543713,Checkers,0,GAME_OVER,51,50,2,125,MCTS_CheckersHeuristic,-1.0,1.0,MCTS_CheckersHeuristic
-603061282,Checkers,0,GAME_OVER,59,58,2,126,MCTS_CheckersHeuristic,1.0,-1.0,MCTS_CheckersHeuristic
-1319271451,Checkers,0,GAME_OVER,52,51,2,127,MCTS_CheckersHeuristic,-1.0,1.0,MCTS_CheckersHeuristic
343401531,Checkers,0,GAME_OVER,52,51,2,128,MCTS_CheckersHeuristic,-1.0,1.0,MCTS_CheckersHeuristic
-1962222305,Checkers,0,GAME_OVER,64,63,2,129,MCTS_CheckersHeuristic,-1.0,1.0,MCTS_CheckersHeuristic
-693592698,Checkers,0,GAME_OVER,53,52,2,130,MCTS_CheckersHeuristic,-1.0,1.0,MCTS_CheckersHeuristic
1689540083,Checkers,0,GAME_OVER,50,49,2,131,MCTS_CheckersHeuristic,-1.0,1.0,MCTS_CheckersHeuristic
-2003835478,Checkers,0,GAME_OVER,120,119,2,132,MCTS_CheckersHeuristic,0.0,0.0,MCTS_CheckersHeuristic
1783499042,Checkers,0,GAME_OVER,117,116,2,133,MCTS_CheckersHeuristic,-1.0,1.0,MCTS_CheckersHeuristic
-327792680,Checkers,0,GAME_OVER,59,58,2,134,MCTS_CheckersHeuristic,-1.0,1.0,MCTS_CheckersHeuristic
-1699980969,Checkers,0,GAME_OVER,55,54,2,135,MCTS_CheckersHeuristic,-1.0,1.0,MCTS_CheckersHeuristic
-1819810832,Checkers,0,GAME_OVER,115,114,2,136,MCTS_CheckersHeuristic,0.0,0.0,MCTS_CheckersHeuristic
-841358386,Checkers,0,GAME_OVER,49,48,2,137,MCTS_CheckersHeuristic,1.0,-1.0,MCTS_CheckersHeuristic
2080587758,Checkers,0,GAME_OVER,52,51,2,138,MCTS_CheckersHeuristic,1.0,-1.0,MCTS_CheckersHeuristic
-1280415314,Checkers,0,GAME_OVER,58,57,2,139,MCTS_CheckersHeuristic,1.0,-1.0,MCTS_CheckersHeuristic
-1589158886,Checkers,0,GAME_OVER,46,45,2,140,MCTS_CheckersHeuristic,1.0,-1.0,MCTS_CheckersHeuristic
-938597046,Checkers,0,GAME_OVER,73,72,2,141,MCTS_CheckersHeuristic,-1.0,1.0,MCTS_CheckersHeuristic
116382727,Checkers,0,GAME_OVER,107,106,2,142,MCTS_CheckersHeuristic,0.0,0.0,MCTS_CheckersHeuristic
1171531941,Checkers,0,GAME_OVER,160,159,2,143,MCTS_CheckersHeuristic,0.0,0.0,MCTS_CheckersHeuristic
-1167607390,Checkers,0,GAME_OVER,97,96,2,144,MCTS_CheckersHeuristic,-1.0,1.0,MCTS_CheckersHeuristic
195060971,Checkers,0,GAME_OVER,65,64,2,145,MCTS_CheckersHeuristic,1.0,-1.0,MCTS_CheckersHeuristic
408906979,Checkers,0,GAME_OVER,52,51,2,146,MCTS_CheckersHeuristic,-1.0,1.0,MCTS_CheckersHeuristic
1778345663,Checkers,0,GAME_OVER,53,52,2,147,MCTS_CheckersHeuristic,1.0,-1.0,MCTS_CheckersHeuristic
-335803935,Checkers,0,GAME_OVER,51,50,2,148,MCTS_CheckersHeuristic,1.0,-1.0,MCTS_CheckersHeuristic
-1915897455,Checkers,0,GAME_OVER,52,51,2,149,MCTS_CheckersHeuristic,1.0,-1.0,MCTS_CheckersHeuristic
2120441937,Checkers,0,GAME_OVER,63,62,2,150,MCTS_CheckersHeuristic,1.0,-1.0,MCTS_CheckersHeuristic
-1476864939,Checkers,0,GAME_OVER,116,115,2,151,MCTS_CheckersHeuristic,0.0,0.0,MCTS_CheckersHeuristic
190575297,Checkers,0,GAME_OVER,83,82,2,152,MCTS_CheckersHeuristic,1.0,-1.0,MCTS_CheckersHeuristic
-1017414575,Checkers,0,GAME_OVER,93,92,2,153,MCTS_CheckersHeuristic,1.0,-1.0,MCTS_CheckersHeuristic
-1721927419,Checkers,0,GAME_OVER,53,52,2,154,MCTS_CheckersHeuristic,1.0,-1.0,MCTS_CheckersHeuristic
1356480222,Checkers,0,GAME_OVER,101,100,2,155,MCTS_CheckersHeuristic,0.0,0.0,MCTS_CheckersHeuristic
454746294,Checkers,0,GAME_OVER,70,69,2,156,MCTS_CheckersHeuristic,1.0,-1.0,MCTS_CheckersHeuristic
-1508961964,Checkers,0,GAME_OVER,101,100,2,157,MCTS_CheckersHeuristic,1.0,-1.0,MCTS_CheckersHeuristic
950874031,Checkers,0,GAME_OVER,54,53,2,158,MCTS_CheckersHeuristic,1.0,-1.0,MCTS_CheckersHeuristic
277405296,Checkers,0,GAME_OVER,143,142,2,159,MCTS_CheckersHeuristic,0.0,0.0,MCTS_CheckersHeuristic
191864814,Checkers,0,GAME_OVER,52,51,2,160,MCTS_CheckersHeuristic,1.0,-1.0,MCTS_CheckersHeuristic
140434174,Checkers,0,GAME_OVER,134,133,2,161,MCTS_CheckersHeuristic,0.0,0.0,MCTS_CheckersHeuristic
-1800826552,Checkers,0,GAME_OVER,111,110,2,162,MCTS_CheckersHeuristic,-1.0,1.0,MCTS_CheckersHeuristic
-1471645817,Checkers,0,GAME_OVER,112,111,2,163,MCTS_CheckersHeuristic,0.0,0.0,MCTS_CheckersHeuristic
1944048838,Checkers,0,GAME_OVER,62,61,2,164,MCTS_CheckersHeuristic,-1.0,1.0,MCTS_CheckersHeuristic
1419557714,Checkers,0,GAME_OVER,144,143,2,165,MCTS_CheckersHeuristic,0.0,0.0,MCTS_CheckersHeuristic
-466997586,Checkers,0,GAME_OVER,117,116,2,166,MCTS_CheckersHeuristic,0.0,0.0,MCTS_CheckersHeuristic
-709339900,Checkers,0,GAME_OVER,76,75,2,167,MCTS_CheckersHeuristic,1.0,-1.0,MCTS_CheckersHeuristic
692455296,Checkers,0,GAME_OVER,139,138,2,168,MCTS_CheckersHeuristic,1.0,-1.0,MCTS_CheckersHeuristic
-1107507308,Checkers,0,GAME_OVER,96,95,2,169,MCTS_CheckersHeuristic,1.0,-1.0,MCTS_CheckersHeuristic
351727987,Checkers,0,GAME_OVER,121,120,2,170,MCTS_CheckersHeuristic,0.0,0.0,MCTS_CheckersHeuristic
1595367031,Checkers,0,GAME_OVER,118,117,2,171,MCTS_CheckersHeuristic,0.0,0.0,MCTS_CheckersHeuristic
562050867,Checkers,0,GAME_OVER,43,42,2,172,MCTS_CheckersHeuristic,1.0,-1.0,MCTS_CheckersHeuristic
450957871,Checkers,0,GAME_OVER,61,60,2,173,MCTS_CheckersHeuristic,1.0,-1.0,MCTS_CheckersHeuristic
-1415583247,Checkers,0,GAME_OVER,120,119,2,174,MCTS_CheckersHeuristic,0.0,0.0,MCTS_CheckersHeuristic
-1749234016,Checkers,0,GAME_OVER,76,75,2,175,MCTS_CheckersHeuristic,1.0,-1.0,MCTS_CheckersHeuristic
142616578,Checkers,0,GAME_OVER,133,132,2,176,MCTS_CheckersHeuristic,0.0,0.0,MCTS_CheckersHeuristic
855486169,Checkers,0,GAME_OVER,78,77,2,177,MCTS_CheckersHeuristic,-1.0,1.0,MCTS_CheckersHeuristic
1840999073,Checkers,0,GAME_OVER,50,49,2,178,MCTS_CheckersHeuristic,1.0,-1.0,MCTS_CheckersHeuristic
-1299755470,Checkers,0,GAME_OVER,157,156,2,179,MCTS_CheckersHeuristic,0.0,0.0,MCTS_CheckersHeuristic
-799678320,Checkers,0,GAME_OVER,57,56,2,180,MCTS_CheckersHeuristic,-1.0,1.0,MCTS_CheckersHeuristic
-1082764044,Checkers,0,GAME_OVER,86,85,2,181,MCTS_CheckersHeuristic,1.0,-1.0,MCTS_CheckersHeuristic
2056914092,Checkers,0,GAME_OVER,50,49,2,182,MCTS_CheckersHeuristic,-1.0,1.0,MCTS_CheckersHeuristic
735868635,Checkers,0,GAME_OVER,74,73,2,183,MCTS_CheckersHeuristic,1.0,-1.0,MCTS_CheckersHeuristic
-1570764109,Checkers,0,GAME_OVER,57,56,2,184,MCTS_CheckersHeuristic,1.0,-1.0,MCTS_CheckersHeuristic
-783727561,Checkers,0,GAME_OVER,57,56,2,185,MCTS_CheckersHeuristic,-1.0,1.0,MCTS_CheckersHeuristic
-278578750,Checkers,0,GAME_OVER,91,90,2,186,MCTS_CheckersHeuristic,-1.0,1.0,MCTS_CheckersHeuristic
99549824,Checkers,0,GAME_OVER,142,141,2,187,MCTS_CheckersHeuristic,0.0,0.0,MCTS_CheckersHeuristic
576007015,Checkers,0,GAME_OVER,53,52,2,188,MCTS_CheckersHeuristic,1.0,-1.0,MCTS_CheckersHeuristic
-781103219,Checkers,0,GAME_OVER,53,52,2,189,MCTS_CheckersHeuristic,1.0,-1.0,MCTS_CheckersHeuristic
1301739307,Checkers,0,GAME_OVER,97,96,2,190,MCTS_CheckersHeuristic,-1.0,1.0,MCTS_CheckersHeuristic
-1868420403,Checkers,0,GAME_OVER,57,56,2,191,MCTS_CheckersHeuristic,1.0,-1.0,MCTS_CheckersHeuristic
1469310468,Checkers,0,GAME_OVER,54,53,2,192,MCTS_CheckersHeuristic,1.0,-1.0,MCTS_CheckersHeuristic
6500924,Checkers,0,GAME_OVER,53,52,2,193,MCTS_CheckersHeuristic,-1.0,1.0,MCTS_CheckersHeuristic
319106587,Checkers,0,GAME_OVER,55,54,2,194,MCTS_CheckersHeuristic,1.0,-1.0,MCTS_CheckersHeuristic
-691733268,Checkers,0,GAME_OVER,64,63,2,195,MCTS_CheckersHeuristic,-1.0,1.0,MCTS_CheckersHeuristic
-1386758477,Checkers,0,GAME_OVER,134,133,2,196,MCTS_CheckersHeuristic,0.0,0.0,MCTS_CheckersHeuristic
-836201654,Checkers,0,GAME_OVER,117,116,2,197,MCTS_CheckersHeuristic,0.0,0.0,MCTS_CheckersHeuristic
1520311625,Checkers,0,GAME_OVER,122,121,2,198,MCTS_CheckersHeuristic,0.0,0.0,MCTS_CheckersHeuristic
1690871187,Checkers,0,GAME_OVER,115,114,2,199,MCTS_CheckersHeuristic,-1.0,1.0,MCTS_CheckersHeuristic
-497872866,Checkers,0,GAME_OVER,62,61,2,200,MCTS_CheckersHeuristic,-1.0,1.0,MCTS_CheckersHeuristic
-878879973,Checkers,0,GAME_OVER,75,74,2,201,MCTS_CheckersHeuristic,1.0,-1.0,MCTS_CheckersHeuristic
-1176337153,Checkers,0,GAME_OVER,160,159,2,202,MCTS_CheckersHeuristic,-1.0,1.0,OSLA
-1203383237,Checkers,0,GAME_OVER,46,45,2,203,MCTS_CheckersHeuristic,-1.0,1.0,OSLA
-731044798,Checkers,0,GAME_OVER,52,51,2,204,MCTS_CheckersHeuristic,-1.0,1.0,OSLA
-214896742,Checkers,0,GAME_OVER,53,52,2,205,MCTS_CheckersHeuristic,-1.0,1.0,OSLA
904131606,Checkers,0,GAME_OVER,69,68,2,206,MCTS_CheckersHeuristic,-1.0,1.0,OSLA
-836935709,Checkers,0,GAME_OVER,60,59,2,207,MCTS_CheckersHeuristic,-1.0,1.0,OSLA
-722893542,Checkers,0,GAME_OVER,68,67,2,208,MCTS_CheckersHeuristic,-1.0,1.0,OSLA
1340300709,Checkers,0,GAME_OVER,50,49,2,209,MCTS_CheckersHeuristic,-1.0,1.0,OSLA
-2124934750,Checkers,0,GAME_OVER,51,50,2,210,MCTS_CheckersHeuristic,-1.0,1.0,OSLA
-35611374,Checkers,0,GAME_OVER,112,111,2,211,MCTS_CheckersHeuristic,1.0,-1.0,OSLA
286717860,Checkers,0,GAME_OVER,60,59,2,212,MCTS_CheckersHeuristic,-1.0,1.0,OSLA
59274752,Checkers,0,GAME_OVER,51,50,2,213,MCTS_CheckersHeuristic,1.0,-1.0,OSLA
-1426514565,Checkers,0,GAME_OVER,82,81,2,214,MCTS_CheckersHeuristic,-1.0,1.0,OSLA
1638937389,Checkers,0,GAME_OVER,78,77,2,215,MCTS_CheckersHeuristic,-1.0,1.0,OSLA
-313547086,Checkers,0,GAME_OVER,60,59,2,216,MCTS_CheckersHeuristic,-1.0,1.0,OSLA
-1292871560,Checkers,0,GAME_OVER,105,104,2,217,MCTS_CheckersHeuristic,-1.0,1.0,OSLA
141710200,Checkers,0,GAME_OVER,74,73,2,218,MCTS_CheckersHeuristic,-1.0,1.0,OSLA
-173761553,Checkers,0,GAME_OVER,56,55,2,219,MCTS_CheckersHeuristic,1.0,-1.0,OSLA
-527106957,Checkers,0,GAME_OVER,52,51,2,220,MCTS_CheckersHeuristic,-1.0,1.0,OSLA
2086646756,Checkers,0,GAME_OVER,48,47,2,221,MCTS_CheckersHeuristic,-1.0,1.0,OSLA
-616978944,Checkers,0,GAME_OVER,104,103,2,222,MCTS_CheckersHeuristic,-1.0,1.0,OSLA
-1097626520,Checkers,0,GAME_OVER,56,55,2,223,MCTS_CheckersHeuristic,-1.0,1.0,OSLA
-1700335317,Checkers,0,GAME_OVER,58,57,2,224,MCTS_CheckersHeuristic,-1.0,1.0,OSLA
-970850095,Checkers,0,GAME_OVER,49,48,2,225,MCTS_CheckersHeuristic,-1.0,1.0,OSLA
-323875359,Checkers,0,GAME_OVER,89,88,2,226,MCTS_CheckersHeuristic,-1.0,1.0,OSLA
-2016122297,Checkers,0,GAME_OVER,48,47,2,227,MCTS_CheckersHeuristic,-1.0,1.0,OSLA
1689588006,Checkers,0,GAME_OVER,110,109,2,228,MCTS_CheckersHeuristic,-1.0,1.0,OSLA
-1976417695,Checkers,0,GAME_OVER,76,75,2,229,MCTS_CheckersHeuristic,-1.0,1.0,OSLA
-326991008,Checkers,0,GAME_OVER,53,52,2,230,MCTS_CheckersHeuristic,-1.0,1.0,OSLA
679498075,Checkers,0,GAME_OVER,55,54,2,231,MCTS_CheckersHeuristic,-1.0,1.0,OSLA
-1337627158,Checkers,0,GAME_OVER,52,51,2,232,MCTS_CheckersHeuristic,-1.0,1.0,OSLA
523530607,Checkers,0,GAME_OVER,53,52,2,233,MCTS_CheckersHeuristic,-1.0,1.0,OSLA
372962448,Checkers,0,GAME_OVER,73,72,2,234,MCTS_CheckersHeuristic,-1.0,1.0,OSLA
762211670,Checkers,0,GAME_OVER,69,68,2,235,MCTS_CheckersHeuristic,-1.0,1.0,OSLA
-386077013,Checkers,0,GAME_OVER,68,67,2,236,MCTS_CheckersHeuristic,-1.0,1.0,OSLA
1173878263,Checkers,0,GAME_OVER,84,83,2,237,MCTS_CheckersHeuristic,-1.0,1.0,OSLA
-886977305,Checkers,0,GAME_OVER,67,66,2,238,MCTS_CheckersHeuristic,-1.0,1.0,OSLA
1375054804,Checkers,0,GAME_OVER,71,70,2,239,MCTS_CheckersHeuristic,-1.0,1.0,OSLA
2025305091,Checkers,0,GAME_OVER,67,66,2,240,MCTS_CheckersHeuristic,-1.0,1.0,OSLA
-748825931,Checkers,0,GAME_OVER,54,53,2,241,MCTS_CheckersHeuristic,-1.0,1.0,OSLA
664396301,Checkers,0,GAME_OVER,59,58,2,242,MCTS_CheckersHeuristic,-1.0,1.0,OSLA
-628553061,Checkers,0,GAME_OVER,61,60,2,243,MCTS_CheckersHeuristic,-1.0,1.0,OSLA
-384335134,Checkers,0,GAME_OVER,66,65,2,244,MCTS_CheckersHeuristic,-1.0,1.0,OSLA
520316683,Checkers,0,GAME_OVER,57,56,2,245,MCTS_CheckersHeuristic,-1.0,1.0,OSLA
37345783,Checkers,0,GAME_OVER,63,62,2,246,MCTS_CheckersHeuristic,-1.0,1.0,OSLA
-1445722588,Checkers,0,GAME_OVER,49,48,2,247,MCTS_CheckersHeuristic,-1.0,1.0,OSLA
-979801406,Checkers,0,GAME_OVER,54,53,2,248,MCTS_CheckersHeuristic,-1.0,1.0,OSLA
163375911,Checkers,0,GAME_OVER,51,50,2,249,MCTS_CheckersHeuristic,-1.0,1.0,OSLA
1655397940,Checkers,0,GAME_OVER,63,62,2,250,MCTS_CheckersHeuristic,-1.0,1.0,OSLA
-1890522022,Checkers,0,GAME_OVER,53,52,2,251,MCTS_CheckersHeuristic,-1.0,1.0,OSLA
1688410911,Checkers,0,GAME_OVER,48,47,2,252,MCTS_CheckersHeuristic,-1.0,1.0,OSLA
-235337115,Checkers,0,GAME_OVER,53,52,2,253,MCTS_CheckersHeuristic,-1.0,1.0,OSLA
419016838,Checkers,0,GAME_OVER,58,57,2,254,MCTS_CheckersHeuristic,-1.0,1.0,OSLA
-1649731680,Checkers,0,GAME_OVER,47,46,2,255,MCTS_CheckersHeuristic,-1.0,1.0,OSLA
-804545498,Checkers,0,GAME_OVER,66,65,2,256,MCTS_CheckersHeuristic,-1.0,1.0,OSLA
-371638287,Checkers,0,GAME_OVER,60,59,2,257,MCTS_CheckersHeuristic,-1.0,1.0,OSLA
1214018740,Checkers,0,GAME_OVER,59,58,2,258,MCTS_CheckersHeuristic,-1.0,1.0,OSLA
1541101081,Checkers,0,GAME_OVER,69,68,2,259,MCTS_CheckersHeuristic,-1.0,1.0,OSLA
1571446444,Checkers,0,GAME_OVER,64,63,2,260,MCTS_CheckersHeuristic,-1.0,1.0,OSLA
-2124359248,Checkers,0,GAME_OVER,79,78,2,261,MCTS_CheckersHeuristic,-1.0,1.0,OSLA
470074270,Checkers,0,GAME_OVER,109,108,2,262,MCTS_CheckersHeuristic,0.0,0.0,OSLA
-301137630,Checkers,0,GAME_OVER,67,66,2,263,MCTS_CheckersHeuristic,-1.0,1.0,OSLA
296933217,Checkers,0,GAME_OVER,49,48,2,264,MCTS_CheckersHeuristic,-1.0,1.0,OSLA
550946144,Checkers,0,GAME_OVER,61,60,2,265,MCTS_CheckersHeuristic,-1.0,1.0,OSLA
1983896466,Checkers,0,GAME_OVER,70,69,2,266,MCTS_CheckersHeuristic,-1.0,1.0,OSLA
926845219,Checkers,0,GAME_OVER,95,94,2,267,MCTS_CheckersHeuristic,0.0,0.0,OSLA
-28174011,Checkers,0,GAME_OVER,63,62,2,268,MCTS_CheckersHeuristic,-1.0,1.0,OSLA
1385466877,Checkers,0,GAME_OVER,57,56,2,269,MCTS_CheckersHeuristic,-1.0,1.0,OSLA
-878444067,Checkers,0,GAME_OVER,104,103,2,270,MCTS_CheckersHeuristic,-1.0,1.0,OSLA
-898074233,Checkers,0,GAME_OVER,52,51,2,271,MCTS_CheckersHeuristic,-1.0,1.0,OSLA
-1855511719,Checkers,0,GAME_OVER,78,77,2,272,MCTS_CheckersHeuristic,-1.0,1.0,OSLA
708779878,Checkers,0,GAME_OVER,66,65,2,273,MCTS_CheckersHeuristic,-1.0,1.0,OSLA
-365860445,Checkers,0,GAME_OVER,71,70,2,274,MCTS_CheckersHeuristic,-1.0,1.0,OSLA
-425576184,Checkers,0,GAME_OVER,53,52,2,275,MCTS_CheckersHeuristic,-1.0,1.0,OSLA
696636826,Checkers,0,GAME_OVER,91,90,2,276,MCTS_CheckersHeuristic,0.0,0.0,OSLA
-938713536,Checkers,0,GAME_OVER,52,51,2,277,MCTS_CheckersHeuristic,-1.0,1.0,OSLA
-1600506893,Checkers,0,GAME_OVER,97,96,2,278,MCTS_CheckersHeuristic,0.0,0.0,OSLA
-894694865,Checkers,0,GAME_OVER,60,59,2,279,MCTS_CheckersHeuristic,-1.0,1.0,OSLA
-1711292118,Checkers,0,GAME_OVER,65,64,2,280,MCTS_CheckersHeuristic,-1.0,1.0,OSLA
-2088603110,Checkers,0,GAME_OVER,48,47,2,281,MCTS_CheckersHeuristic,-1.0,1.0,OSLA
-511582955,Checkers,0,GAME_OVER,61,60,2,282,MCTS_CheckersHeuristic,-1.0,1.0,OSLA
1429868571,Checkers,0,GAME_OVER,53,52,2,283,MCTS_CheckersHeuristic,-1.0,1.0,OSLA
699221968,Checkers,0,GAME_OVER,85,84,2,284,MCTS_CheckersHeuristic,-1.0,1.0,OSLA
-1337168942,Checkers,0,GAME_OVER,51,50,2,285,MCTS_CheckersHeuristic,-1.0,1.0,OSLA
2058726182,Checkers,0,GAME_OVER,68,67,2,286,MCTS_CheckersHeuristic,-1.0,1.0,OSLA
57957248,Checkers,0,GAME_OVER,68,67,2,287,MCTS_CheckersHeuristic,-1.0,1.0,OSLA
1961148066,Checkers,0,GAME_OVER,79,78,2,288,MCTS_CheckersHeuristic,-1.0,1.0,OSLA
-208551370,Checkers,0,GAME_OVER,166,165,2,289,MCTS_CheckersHeuristic,-1.0,1.0,OSLA
-26938906,Checkers,0,GAME_OVER,47,46,2,290,MCTS_CheckersHeuristic,-1.0,1.0,OSLA
710689778,Checkers,0,GAME_OVER,44,43,2,291,MCTS_CheckersHeuristic,-1.0,1.0,OSLA
-944470016,Checkers,0,GAME_OVER,56,55,2,292,MCTS_CheckersHeuristic,-1.0,1.0,OSLA
1727305453,Checkers,0,GAME_OVER,89,88,2,293,MCTS_CheckersHeuristic,-1.0,1.0,OSLA
1434009552,Checkers,0,GAME_OVER,151,150,2,294,MCTS_CheckersHeuristic,0.0,0.0,OSLA
1699189091,Checkers,0,GAME_OVER,59,58,2,295,MCTS_CheckersHeuristic,-1.0,1.0,OSLA
-1924114236,Checkers,0,GAME_OVER,83,82,2,296,MCTS_CheckersHeuristic,1.0,-1.0,OSLA
439674264,Checkers,0,GAME_OVER,53,52,2,297,MCTS_CheckersHeuristic,1.0,-1.0,OSLA
1000065131,Checkers,0,GAME_OVER,61,60,2,298,MCTS_CheckersHeuristic,-1.0,1.0,OSLA
522598890,Checkers,0,GAME_OVER,113,112,2,299,MCTS_CheckersHeuristic,0.0,0.0,OSLA
1408310455,Checkers,0,GAME_OVER,49,48,2,300,MCTS_CheckersHeuristic,-1.0,1.0,OSLA
330629427,Checkers,0,GAME_OVER,58,57,2,301,MCTS_CheckersHeuristic,-1.0,1.0,OSLA
-797532192,Checkers,0,GAME_OVER,71,70,2,302,MCTS_CheckersHeuristic,-1.0,1.0,OSLA
1262467013,Checkers,0,GAME_OVER,62,61,2,303,MCTS_CheckersHeuristic,-1.0,1.0,OSLA
1416244806,Checkers,0,GAME_OVER,89,88,2,304,MCTS_CheckersHeuristic,-1.0,1.0,OSLA
-1929509951,Checkers,0,GAME_OVER,56,55,2,305,MCTS_CheckersHeuristic,1.0,-1.0,OSLA
2073402315,Checkers,0,GAME_OVER,55,54,2,306,MCTS_CheckersHeuristic,-1.0,1.0,OSLA
-1855898719,Checkers,0,GAME_OVER,56,55,2,307,MCTS_CheckersHeuristic,1.0,-1.0,OSLA
296605045,Checkers,0,GAME_OVER,60,59,2,308,MCTS_CheckersHeuristic,-1.0,1.0,OSLA
-1993796568,Checkers,0,GAME_OVER,78,77,2,309,MCTS_CheckersHeuristic,-1.0,1.0,OSLA
-1305219755,Checkers,0,GAME_OVER,41,40,2,310,MCTS_CheckersHeuristic,-1.0,1.0,OSLA
-1589231848,Checkers,0,GAME_OVER,76,75,2,311,MCTS_CheckersHeuristic,-1.0,1.0,OSLA
1504068114,Checkers,0,GAME_OVER,63,62,2,312,MCTS_CheckersHeuristic,-1.0,1.0,OSLA
-503536039,Checkers,0,GAME_OVER,65,64,2,313,MCTS_CheckersHeuristic,-1.0,1.0,OSLA
763414658,Checkers,0,GAME_OVER,68,67,2,314,MCTS_CheckersHeuristic,-1.0,1.0,OSLA
362363770,Checkers,0,GAME_OVER,88,87,2,315,MCTS_CheckersHeuristic,0.0,0.0,OSLA
90666286,Checkers,0,GAME_OVER,73,72,2,316,MCTS_CheckersHeuristic,-1.0,1.0,OSLA
-1009051213,Checkers,0,GAME_OVER,68,67,2,317,MCTS_CheckersHeuristic,-1.0,1.0,OSLA
-843666233,Checkers,0,GAME_OVER,58,57,2,318,MCTS_CheckersHeuristic,1.0,-1.0,OSLA
1350731983,Checkers,0,GAME_OVER,65,64,2,319,MCTS_CheckersHeuristic,-1.0,1.0,OSLA
1309789641,Checkers,0,GAME_OVER,56,55,2,320,MCTS_CheckersHeuristic,-1.0,1.0,OSLA
714234281,Checkers,0,GAME_OVER,59,58,2,321,MCTS_CheckersHeuristic,-1.0,1.0,OSLA
-1744428321,Checkers,0,GAME_OVER,54,53,2,322,MCTS_CheckersHeuristic,-1.0,1.0,OSLA
1452779804,Checkers,0,GAME_OVER,56,55,2,323,MCTS_CheckersHeuristic,-1.0,1.0,OSLA
1560554700,Checkers,0,GAME_OVER,51,50,2,324,MCTS_CheckersHeuristic,-1.0,1.0,OSLA
267543713,Checkers,0,GAME_OVER,69,68,2,325,MCTS_CheckersHeuristic,-1.0,1.0,OSLA
-603061282,Checkers,0,GAME_OVER,47,46,2,326,MCTS_CheckersHeuristic,-1.0,1.0,OSLA
-1319271451,Checkers,0,GAME_OVER,65,64,2,327,MCTS_CheckersHeuristic,1.0,-1.0,OSLA
343401531,Checkers,0,GAME_OVER,54,53,2,328,MCTS_CheckersHeuristic,-1.0,1.0,OSLA
-1962222305,Checkers,0,GAME_OVER,61,60,2,329,MCTS_CheckersHeuristic,1.0,-1.0,OSLA
-693592698,Checkers,0,GAME_OVER,89,88,2,330,MCTS_CheckersHeuristic,-1.0,1.0,OSLA
1689540083,Checkers,0,GAME_OVER,48,47,2,331,MCTS_CheckersHeuristic,-1.0,1.0,OSLA
-2003835478,Checkers,0,GAME_OVER,46,45,2,332,MCTS_CheckersHeuristic,-1.0,1.0,OSLA
1783499042,Checkers,0,GAME_OVER,55,54,2,333,MCTS_CheckersHeuristic,-1.0,1.0,OSLA
-327792680,Checkers,0,GAME_OVER,119,118,2,334,MCTS_CheckersHeuristic,0.0,0.0,OSLA
-1699980969,Checkers,0,GAME_OVER,52,51,2,335,MCTS_CheckersHeuristic,-1.0,1.0,OSLA
-1819810832,Checkers,0,GAME_OVER,55,54,2,336,MCTS_CheckersHeuristic,-1.0,1.0,OSLA
-841358386,Checkers,0,GAME_OVER,106,105,2,337,MCTS_CheckersHeuristic,-1.0,1.0,OSLA
2080587758,Checkers,0,GAME_OVER,126,125,2,338,MCTS_CheckersHeuristic,-1.0,1.0,OSLA
-1280415314,Checkers,0,GAME_OVER,60,59,2,339,MCTS_CheckersHeuristic,-1.0,1.0,OSLA
-1589158886,Checkers,0,GAME_OVER,71,70,2,340,MCTS_CheckersHeuristic,-1.0,1.0,OSLA
-938597046,Checkers,0,GAME_OVER,62,61,2,341,MCTS_CheckersHeuristic,-1.0,1.0,OSLA
116382727,Checkers,0,GAME_OVER,101,100,2,342,MCTS_CheckersHeuristic,0.0,0.0,OSLA
1171531941,Checkers,0,GAME_OVER,61,60,2,343,MCTS_CheckersHeuristic,-1.0,1.0,OSLA
-1167607390,Checkers,0,GAME_OVER,55,54,2,344,MCTS_CheckersHeuristic,-1.0,1.0,OSLA
195060971,Checkers,0,GAME_OVER,115,114,2,345,MCTS_CheckersHeuristic,0.0,0.0,OSLA
408906979,Checkers,0,GAME_OVER,51,50,2,346,MCTS_CheckersHeuristic,-1.0,1.0,OSLA
1778345663,Checkers,0,GAME_OVER,68,67,2,347,MCTS_CheckersHeuristic,-1.0,1.0,OSLA
-335803935,Checkers,0,GAME_OVER,55,54,2,348,MCTS_CheckersHeuristic,-1.0,1.0,OSLA
-1915897455,Checkers,0,GAME_OVER,57,56,2,349,MCTS_CheckersHeuristic,-1.0,1.0,OSLA
2120441937,Checkers,0,GAME_OVER,49,48,2,350,MCTS_CheckersHeuristic,-1.0,1.0,OSLA
-1476864939,Checkers,0,GAME_OVER,58,57,2,351,MCTS_CheckersHeuristic,-1.0,1.0,OSLA
190575297,Checkers,0,GAME_OVER,70,69,2,352,MCTS_CheckersHeuristic,-1.0,1.0,OSLA
-1017414575,Checkers,0,GAME_OVER,57,56,2,353,MCTS_CheckersHeuristic,-1.0,1.0,OSLA
-1721927419,Checkers,0,GAME_OVER,56,55,2,354,MCTS_CheckersHeuristic,-1.0,1.0,OSLA
1356480222,Checkers,0,GAME_OVER,43,42,2,355,MCTS_CheckersHeuristic,-1.0,1.0,OSLA
454746294,Checkers,0,GAME_OVER,91,90,2,356,MCTS_CheckersHeuristic,0.0,0.0,OSLA
-1508961964,Checkers,0,GAME_OVER,70,69,2,357,MCTS_CheckersHeuristic,-1.0,1.0,OSLA
950874031,Checkers,0,GAME_OVER,194,193,2,358,MCTS_CheckersHeuristic,0.0,0.0,OSLA
277405296,Checkers,0,GAME_OVER,74,73,2,359,MCTS_CheckersHeuristic,-1.0,1.0,OSLA
191864814,Checkers,0,GAME_OVER,54,53,2,360,MCTS_CheckersHeuristic,-1.0,1.0,OSLA
140434174,Checkers,0,GAME_OVER,123,122,2,361,MCTS_CheckersHeuristic,0.0,0.0,OSLA
-1800826552,Checkers,0,GAME_OVER,65,64,2,362,MCTS_CheckersHeuristic,-1.0,1.0,OSLA
-1471645817,Checkers,0,GAME_OVER,50,49,2,363,MCTS_CheckersHeuristic,-1.0,1.0,OSLA
1944048838,Checkers,0,GAME_OVER,90,89,2,364,MCTS_CheckersHeuristic,0.0,0.0,OSLA
1419557714,Checkers,0,GAME_OVER,57,56,2,365,MCTS_CheckersHeuristic,-1.0,1.0,OSLA
-466997586,Checkers,0,GAME_OVER,61,60,2,366,MCTS_CheckersHeuristic,-1.0,1.0,OSLA
-709339900,Checkers,0,GAME_OVER,50,49,2,367,MCTS_CheckersHeuristic,-1.0,1.0,OSLA
692455296,Checkers,0,GAME_OVER,63,62,2,368,MCTS_CheckersHeuristic,-1.0,1.0,OSLA
-1107507308,Checkers,0,GAME_OVER,78,77,2,369,MCTS_CheckersHeuristic,-1.0,1.0,OSLA
351727987,Checkers,0,GAME_OVER,136,135,2,370,MCTS_CheckersHeuristic,0.0,0.0,OSLA
1595367031,Checkers,0,GAME_OVER,58,57,2,371,MCTS_CheckersHeuristic,-1.0,1.0,OSLA
562050867,Checkers,0,GAME_OVER,63,62,2,372,MCTS_CheckersHeuristic,-1.0,1.0,OSLA
450957871,Checkers,0,GAME_OVER,69,68,2,373,MCTS_CheckersHeuristic,-1.0,1.0,OSLA
-1415583247,Checkers,0,GAME_OVER,43,42,2,374,MCTS_CheckersHeuristic,-1.0,1.0,OSLA
-1749234016,Checkers,0,GAME_OVER,86,85,2,375,MCTS_CheckersHeuristic,1.0,-1.0,OSLA
142616578,Checkers,0,GAME_OVER,73,72,2,376,MCTS_CheckersHeuristic,-1.0,1.0,OSLA
855486169,Checkers,0,GAME_OVER,116,115,2,377,MCTS_CheckersHeuristic,-1.0,1.0,OSLA
1840999073,Checkers,0,GAME_OVER,47,46,2,378,MCTS_CheckersHeuristic,-1.0,1.0,OSLA
-1299755470,Checkers,0,GAME_OVER,46,45,2,379,MCTS_CheckersHeuristic,-1.0,1.0,OSLA
-799678320,Checkers,0,GAME_OVER,46,45,2,380,MCTS_CheckersHeuristic,-1.0,1.0,OSLA
-1082764044,Checkers,0,GAME_OVER,53,52,2,381,MCTS_CheckersHeuristic,-1.0,1.0,OSLA
2056914092,Checkers,0,GAME_OVER,50,49,2,382,MCTS_CheckersHeuristic,-1.0,1.0,OSLA
735868635,Checkers,0,GAME_OVER,72,71,2,383,MCTS_CheckersHeuristic,-1.0,1.0,OSLA
-1570764109,Checkers,0,GAME_OVER,54,53,2,384,MCTS_CheckersHeuristic,-1.0,1.0,OSLA
-783727561,Checkers,0,GAME_OVER,58,57,2,385,MCTS_CheckersHeuristic,-1.0,1.0,OSLA
-278578750,Checkers,0,GAME_OVER,43,42,2,386,MCTS_CheckersHeuristic,-1.0,1.0,OSLA
99549824,Checkers,0,GAME_OVER,71,70,2,387,MCTS_CheckersHeuristic,-1.0,1.0,OSLA
576007015,Checkers,0,GAME_OVER,45,44,2,388,MCTS_CheckersHeuristic,-1.0,1.0,OSLA
-781103219,Checkers,0,GAME_OVER,123,122,2,389,MCTS_CheckersHeuristic,0.0,0.0,OSLA
1301739307,Checkers,0,GAME_OVER,81,80,2,390,MCTS_CheckersHeuristic,-1.0,1.0,OSLA
-1868420403,Checkers,0,GAME_OVER,57,56,2,391,MCTS_CheckersHeuristic,-1.0,1.0,OSLA
1469310468,Checkers,0,GAME_OVER,52,51,2,392,MCTS_CheckersHeuristic,-1.0,1.0,OSLA
6500924,Checkers,0,GAME_OVER,43,42,2,393,MCTS_CheckersHeuristic,-1.0,1.0,OSLA
319106587,Checkers,0,GAME_OVER,55,54,2,394,MCTS_CheckersHeuristic,-1.0,1.0,OSLA
-691733268,Checkers,0,GAME_OVER,58,57,2,395,MCTS_CheckersHeuristic,-1.0,1.0,OSLA
-1386758477,Checkers,0,GAME_OVER,60,59,2,396,MCTS_CheckersHeuristic,-1.0,1.0,OSLA
-836201654,Checkers,0,GAME_OVER,71,70,2,397,MCTS_CheckersHeuristic,-1.0,1.0,OSLA
1520311625,Checkers,0,GAME_OVER,63,62,2,398,MCTS_CheckersHeuristic,-1.0,1.0,OSLA
1690871187,Checkers,0,GAME_OVER,62,61,2,399,MCTS_CheckersHeuristic,-1.0,1.0,OSLA
-497872866,Checkers,0,GAME_OVER,53,52,2,400,MCTS_CheckersHeuristic,-1.0,1.0,OSLA
-878879973,Checkers,0,GAME_OVER,61,60,2,401,MCTS_CheckersHeuristic,-1.0,1.0,OSLA
-1176337153,Checkers,0,GAME_OVER,48,47,2,402,MCTS_CheckersHeuristic,-1.0,1.0,RandomPlayerConfig
-1203383237,Checkers,0,GAME_OVER,50,49,2,403,MCTS_CheckersHeuristic,-1.0,1.0,RandomPlayerConfig
-731044798,Checkers,0,GAME_OVER,43,42,2,404,MCTS_CheckersHeuristic,-1.0,1.0,RandomPlayerConfig
-214896742,Checkers,0,GAME_OVER,44,43,2,405,MCTS_CheckersHeuristic,-1.0,1.0,RandomPlayerConfig
904131606,Checkers,0,GAME_OVER,39,38,2,406,MCTS_CheckersHeuristic,-1.0,1.0,RandomPlayerConfig
-836935709,Checkers,0,GAME_OVER,44,43,2,407,MCTS_CheckersHeuristic,-1.0,1.0,RandomPlayerConfig
-722893542,Checkers,0,GAME_OVER,41,40,2,408,MCTS_CheckersHeuristic,-1.0,1.0,RandomPlayerConfig
1340300709,Checkers,0,GAME_OVER,41,40,2,409,MCTS_CheckersHeuristic,-1.0,1.0,RandomPlayerConfig
-2124934750,Checkers,0,GAME_OVER,38,37,2,410,MCTS_CheckersHeuristic,-1.0,1.0,RandomPlayerConfig
-35611374,Checkers,0,GAME_OVER,39,38,2,411,MCTS_CheckersHeuristic,-1.0,1.0,RandomPlayerConfig
286717860,Checkers,0,GAME_OVER,41,40,2,412,MCTS_CheckersHeuristic,-1.0,1.0,RandomPlayerConfig
59274752,Checkers,0,GAME_OVER,41,40,2,413,MCTS_CheckersHeuristic,-1.0,1.0,RandomPlayerConfig
-1426514565,Checkers,0,GAME_OVER,43,42,2,414,MCTS_CheckersHeuristic,-1.0,1.0,RandomPlayerConfig
1638937389,Checkers,0,GAME_OVER,45,44,2,415,MCTS_CheckersHeuristic,-1.0,1.0,RandomPlayerConfig
-313547086,Checkers,0,GAME_OVER,39,38,2,416,MCTS_CheckersHeuristic,-1.0,1.0,RandomPlayerConfig
-1292871560,Checkers,0,GAME_OVER,42,41,2,417,MCTS_CheckersHeuristic,-1.0,1.0,RandomPlayerConfig
141710200,Checkers,0,GAME_OVER,43,42,2,418,MCTS_CheckersHeuristic,-1.0,1.0,RandomPlayerConfig
-173761553,Checkers,0,GAME_OVER,37,36,2,419,MCTS_CheckersHeuristic,-1.0,1.0,RandomPlayerConfig
-527106957,Checkers,0,GAME_OVER,39,38,2,420,MCTS_CheckersHeuristic,-1.0,1.0,RandomPlayerConfig
2086646756,Checkers,0,GAME_OVER,52,51,2,421,MCTS_CheckersHeuristic,-1.0,1.0,RandomPlayerConfig
-616978944,Checkers,0,GAME_OVER,41,40,2,422,MCTS_CheckersHeuristic,-1.0,1.0,RandomPlayerConfig
-1097626520,Checkers,0,GAME_OVER,44,43,2,423,MCTS_CheckersHeuristic,-1.0,1.0,RandomPlayerConfig
-1700335317,Checkers,0,GAME_OVER,42,41,2,424,MCTS_CheckersHeuristic,-1.0,1.0,RandomPlayerConfig
-970850095,Checkers,0,GAME_OVER,49,48,2,425,MCTS_CheckersHeuristic,-1.0,1.0,RandomPlayerConfig
-323875359,Checkers,0,GAME_OVER,49,48,2,426,MCTS_CheckersHeuristic,-1.0,1.0,RandomPlayerConfig
-2016122297,Checkers,0,GAME_OVER,43,42,2,427,MCTS_CheckersHeuristic,-1.0,1.0,RandomPlayerConfig
1689588006,Checkers,0,GAME_OVER,41,40,2,428,MCTS_CheckersHeuristic,-1.0,1.0,RandomPlayerConfig
-1976417695,Checkers,0,GAME_OVER,37,36,2,429,MCTS_CheckersHeuristic,-1.0,1.0,RandomPlayerConfig
-326991008,Checkers,0,GAME_OVER,33,32,2,430,MCTS_CheckersHeuristic,-1.0,1.0,RandomPlayerConfig
679498075,Checkers,0,GAME_OVER,45,44,2,431,MCTS_CheckersHeuristic,-1.0,1.0,RandomPlayerConfig
-1337627158,Checkers,0,GAME_OVER,46,45,2,432,MCTS_CheckersHeuristic,-1.0,1.0,RandomPlayerConfig
523530607,Checkers,0,GAME_OVER,44,43,2,433,MCTS_CheckersHeuristic,-1.0,1.0,RandomPlayerConfig
372962448,Checkers,0,GAME_OVER,41,40,2,434,MCTS_CheckersHeuristic,-1.0,1.0,RandomPlayerConfig
762211670,Checkers,0,GAME_OVER,46,45,2,435,MCTS_CheckersHeuristic,-1.0,1.0,RandomPlayerConfig
-386077013,Checkers,0,GAME_OVER,43,42,2,436,MCTS_CheckersHeuristic,-1.0,1.0,RandomPlayerConfig
1173878263,Checkers,0,GAME_OVER,46,45,2,437,MCTS_CheckersHeuristic,-1.0,1.0,RandomPlayerConfig
-886977305,Checkers,0,GAME_OVER,42,41,2,438,MCTS_CheckersHeuristic,-1.0,1.0,RandomPlayerConfig
1375054804,Checkers,0,GAME_OVER,43,42,2,439,MCTS_CheckersHeuristic,-1.0,1.0,RandomPlayerConfig
2025305091,Checkers,0,GAME_OVER,33,32,2,440,MCTS_CheckersHeuristic,-1.0,1.0,RandomPlayerConfig
-748825931,Checkers,0,GAME_OVER,39,38,2,441,MCTS_CheckersHeuristic,-1.0,1.0,RandomPlayerConfig
664396301,Checkers,0,GAME_OVER,43,42,2,442,MCTS_CheckersHeuristic,-1.0,1.0,RandomPlayerConfig
-628553061,Checkers,0,GAME_OVER,49,48,2,443,MCTS_CheckersHeuristic,-1.0,1.0,RandomPlayerConfig
-384335134,Checkers,0,GAME_OVER,36,35,2,444,MCTS_CheckersHeuristic,-1.0,1.0,RandomPlayerConfig
520316683,Checkers,0,GAME_OVER,48,47,2,445,MCTS_CheckersHeuristic,-1.0,1.0,RandomPlayerConfig
37345783,Checkers,0,GAME_OVER,36,35,2,446,MCTS_CheckersHeuristic,-1.0,1.0,RandomPlayerConfig
-1445722588,Checkers,0,GAME_OVER,45,44,2,447,MCTS_CheckersHeuristic,-1.0,1.0,RandomPlayerConfig
-979801406,Checkers,0,GAME_OVER,40,39,2,448,MCTS_CheckersHeuristic,-1.0,1.0,RandomPlayerConfig
163375911,Checkers,0,GAME_OVER,45,44,2,449,MCTS_CheckersHeuristic,-1.0,1.0,RandomPlayerConfig
1655397940,Checkers,0,GAME_OVER,54,53,2,450,MCTS_CheckersHeuristic,-1.0,1.0,RandomPlayerConfig
-1890522022,Checkers,0,GAME_OVER,48,47,2,451,MCTS_CheckersHeuristic,-1.0,1.0,RandomPlayerConfig
1688410911,Checkers,0,GAME_OVER,40,39,2,452,MCTS_CheckersHeuristic,-1.0,1.0,RandomPlayerConfig
-235337115,Checkers,0,GAME_OVER,36,35,2,453,MCTS_CheckersHeuristic,-1.0,1.0,RandomPlayerConfig
419016838,Checkers,0,GAME_OVER,48,47,2,454,MCTS_CheckersHeuristic,-1.0,1.0,RandomPlayerConfig
-1649731680,Checkers,0,GAME_OVER,46,45,2,455,MCTS_CheckersHeuristic,-1.0,1.0,RandomPlayerConfig
-804545498,Checkers,0,GAME_OVER,47,46,2,456,MCTS_CheckersHeuristic,-1.0,1.0,RandomPlayerConfig
-371638287,Checkers,0,GAME_OVER,55,54,2,457,MCTS_CheckersHeuristic,-1.0,1.0,RandomPlayerConfig
1214018740,Checkers,0,GAME_OVER,36,35,2,458,MCTS_CheckersHeuristic,-1.0,1.0,RandomPlayerConfig
1541101081,Checkers,0,GAME_OVER,44,43,2,459,MCTS_CheckersHeuristic,-1.0,1.0,RandomPlayerConfig
1571446444,Checkers,0,GAME_OVER,42,41,2,460,MCTS_CheckersHeuristic,-1.0,1.0,RandomPlayerConfig
-2124359248,Checkers,0,GAME_OVER,37,36,2,461,MCTS_CheckersHeuristic,-1.0,1.0,RandomPlayerConfig
470074270,Checkers,0,GAME_OVER,46,45,2,462,MCTS_CheckersHeuristic,-1.0,1.0,RandomPlayerConfig
-301137630,Checkers,0,GAME_OVER,47,46,2,463,MCTS_CheckersHeuristic,-1.0,1.0,RandomPlayerConfig
296933217,Checkers,0,GAME_OVER,46,45,2,464,MCTS_CheckersHeuristic,-1.0,1.0,RandomPlayerConfig
550946144,Checkers,0,GAME_OVER,36,35,2,465,MCTS_CheckersHeuristic,-1.0,1.0,RandomPlayerConfig
1983896466,Checkers,0,GAME_OVER,44,43,2,466,MCTS_CheckersHeuristic,-1.0,1.0,RandomPlayerConfig
926845219,Checkers,0,GAME_OVER,40,39,2,467,MCTS_CheckersHeuristic,-1.0,1.0,RandomPlayerConfig
-28174011,Checkers,0,GAME_OVER,37,36,2,468,MCTS_CheckersHeuristic,-1.0,1.0,RandomPlayerConfig
1385466877,Checkers,0,GAME_OVER,48,47,2,469,MCTS_CheckersHeuristic,-1.0,1.0,RandomPlayerConfig
-878444067,Checkers,0,GAME_OVER,46,45,2,470,MCTS_CheckersHeuristic,-1.0,1.0,RandomPlayerConfig
-898074233,Checkers,0,GAME_OVER,40,39,2,471,MCTS_CheckersHeuristic,-1.0,1.0,RandomPlayerConfig
-1855511719,Checkers,0,GAME_OVER,42,41,2,472,MCTS_CheckersHeuristic,-1.0,1.0,RandomPlayerConfig
708779878,Checkers,0,GAME_OVER,42,41,2,473,MCTS_CheckersHeuristic,-1.0,1.0,RandomPlayerConfig
-365860445,Checkers,0,GAME_OVER,41,40,2,474,MCTS_CheckersHeuristic,-1.0,1.0,RandomPlayerConfig
-425576184,Checkers,0,GAME_OVER,38,37,2,475,MCTS_CheckersHeuristic,-1.0,1.0,RandomPlayerConfig
696636826,Checkers,0,GAME_OVER,41,40,2,476,MCTS_CheckersHeuristic,-1.0,1.0,RandomPlayerConfig
-938713536,Checkers,0,GAME_OVER,46,45,2,477,MCTS_CheckersHeuristic,-1.0,1.0,RandomPlayerConfig
-1600506893,Checkers,0,GAME_OVER,50,49,2,478,MCTS_CheckersHeuristic,-1.0,1.0,RandomPlayerConfig
-894694865,Checkers,0,GAME_OVER,36,35,2,479,MCTS_CheckersHeuristic,-1.0,1.0,RandomPlayerConfig
-1711292118,Checkers,0,GAME_OVER,46,45,2,480,MCTS_CheckersHeuristic,-1.0,1.0,RandomPlayerConfig
-2088603110,Checkers,0,GAME_OVER,44,43,2,481,MCTS_CheckersHeuristic,-1.0,1.0,RandomPlayerConfig
-511582955,Checkers,0,GAME_OVER,37,36,2,482,MCTS_CheckersHeuristic,-1.0,1.0,RandomPlayerConfig
1429868571,Checkers,0,GAME_OVER,49,48,2,483,MCTS_CheckersHeuristic,-1.0,1.0,RandomPlayerConfig
699221968,Checkers,0,GAME_OVER,45,44,2,484,MCTS_CheckersHeuristic,-1.0,1.0,RandomPlayerConfig
-1337168942,Checkers,0,GAME_OVER,39,38,2,485,MCTS_CheckersHeuristic,-1.0,1.0,RandomPlayerConfig
2058726182,Checkers,0,GAME_OVER,46,45,2,486,MCTS_CheckersHeuristic,-1.0,1.0,RandomPlayerConfig
57957248,Checkers,0,GAME_OVER,45,44,2,487,MCTS_CheckersHeuristic,-1.0,1.0,RandomPlayerConfig
1961148066,Checkers,0,GAME_OVER,42,41,2,488,MCTS_CheckersHeuristic,-1.0,1.0,RandomPlayerConfig
-208551370,Checkers,0,GAME_OVER,37,36,2,489,MCTS_CheckersHeuristic,-1.0,1.0,RandomPlayerConfig
-26938906,Checkers,0,GAME_OVER,46,45,2,490,MCTS_CheckersHeuristic,-1.0,1.0,RandomPlayerConfig
710689778,Checkers,0,GAME_OVER,37,36,2,491,MCTS_CheckersHeuristic,-1.0,1.0,RandomPlayerConfig
-944470016,Checkers,0,GAME_OVER,37,36,2,492,MCTS_CheckersHeuristic,-1.0,1.0,RandomPlayerConfig
1727305453,Checkers,0,GAME_OVER,40,39,2,493,MCTS_CheckersHeuristic,-1.0,1.0,RandomPlayerConfig
1434009552,Checkers,0,GAME_OVER,36,35,2,494,MCTS_CheckersHeuristic,-1.0,1.0,RandomPlayerConfig
1699189091,Checkers,0,GAME_OVER,42,41,2,495,MCTS_CheckersHeuristic,-1.0,1.0,RandomPlayerConfig
-1924114236,Checkers,0,GAME_OVER,36,35,2,496,MCTS_CheckersHeuristic,-1.0,1.0,RandomPlayerConfig
439674264,Checkers,0,GAME_OVER,38,37,2,497,MCTS_CheckersHeuristic,-1.0,1.0,RandomPlayerConfig
1000065131,Checkers,0,GAME_OVER,45,44,2,498,MCTS_CheckersHeuristic,-1.0,1.0,RandomPlayerConfig
522598890,Checkers,0,GAME_OVER,44,43,2,499,MCTS_CheckersHeuristic,-1.0,1.0,RandomPlayerConfig
1408310455,Checkers,0,GAME_OVER,41,40,2,500,MCTS_CheckersHeuristic,-1.0,1.0,RandomPlayerConfig
330629427,Checkers,0,GAME_OVER,58,57,2,501,MCTS_CheckersHeuristic,-1.0,1.0,RandomPlayerConfig
-797532192,Checkers,0,GAME_OVER,43,42,2,502,MCTS_CheckersHeuristic,-1.0,1.0,RandomPlayerConfig
1262467013,Checkers,0,GAME_OVER,49,48,2,503,MCTS_CheckersHeuristic,-1.0,1.0,RandomPlayerConfig
1416244806,Checkers,0,GAME_OVER,41,40,2,504,MCTS_CheckersHeuristic,-1.0,1.0,RandomPlayerConfig
-1929509951,Checkers,0,GAME_OVER,35,34,2,505,MCTS_CheckersHeuristic,-1.0,1.0,RandomPlayerConfig
2073402315,Checkers,0,GAME_OVER,43,42,2,506,MCTS_CheckersHeuristic,-1.0,1.0,RandomPlayerConfig
-1855898719,Checkers,0,GAME_OVER,39,38,2,507,MCTS_CheckersHeuristic,-1.0,1.0,RandomPlayerConfig
296605045,Checkers,0,GAME_OVER,36,35,2,508,MCTS_CheckersHeuristic,-1.0,1.0,RandomPlayerConfig
-1993796568,Checkers,0,GAME_OVER,54,53,2,509,MCTS_CheckersHeuristic,-1.0,1.0,RandomPlayerConfig
-1305219755,Checkers,0,GAME_OVER,39,38,2,510,MCTS_CheckersHeuristic,-1.0,1.0,RandomPlayerConfig
-1589231848,Checkers,0,GAME_OVER,32,31,2,511,MCTS_CheckersHeuristic,-1.0,1.0,RandomPlayerConfig
1504068114,Checkers,0,GAME_OVER,37,36,2,512,MCTS_CheckersHeuristic,-1.0,1.0,RandomPlayerConfig
-503536039,Checkers,0,GAME_OVER,39,38,2,513,MCTS_CheckersHeuristic,-1.0,1.0,RandomPlayerConfig
763414658,Checkers,0,GAME_OVER,42,41,2,514,MCTS_CheckersHeuristic,-1.0,1.0,RandomPlayerConfig
362363770,Checkers,0,GAME_OVER,41,40,2,515,MCTS_CheckersHeuristic,-1.0,1.0,RandomPlayerConfig
90666286,Checkers,0,GAME_OVER,41,40,2,516,MCTS_CheckersHeuristic,-1.0,1.0,RandomPlayerConfig
-1009051213,Checkers,0,GAME_OVER,44,43,2,517,MCTS_CheckersHeuristic,-1.0,1.0,RandomPlayerConfig
-843666233,Checkers,0,GAME_OVER,46,45,2,518,MCTS_CheckersHeuristic,-1.0,1.0,RandomPlayerConfig
1350731983,Checkers,0,GAME_OVER,38,37,2,519,MCTS_CheckersHeuristic,-1.0,1.0,RandomPlayerConfig
1309789641,Checkers,0,GAME_OVER,38,37,2,520,MCTS_CheckersHeuristic,-1.0,1.0,RandomPlayerConfig
714234281,Checkers,0,GAME_OVER,44,43,2,521,MCTS_CheckersHeuristic,-1.0,1.0,RandomPlayerConfig
-1744428321,Checkers,0,GAME_OVER,36,35,2,522,MCTS_CheckersHeuristic,-1.0,1.0,RandomPlayerConfig
1452779804,Checkers,0,GAME_OVER,51,50,2,523,MCTS_CheckersHeuristic,-1.0,1.0,RandomPlayerConfig
1560554700,Checkers,0,GAME_OVER,52,51,2,524,MCTS_CheckersHeuristic,-1.0,1.0,RandomPlayerConfig
267543713,Checkers,0,GAME_OVER,40,39,2,525,MCTS_CheckersHeuristic,-1.0,1.0,RandomPlayerConfig
-603061282,Checkers,0,GAME_OVER,33,32,2,526,MCTS_CheckersHeuristic,-1.0,1.0,RandomPlayerConfig
-1319271451,Checkers,0,GAME_OVER,37,36,2,527,MCTS_CheckersHeuristic,-1.0,1.0,RandomPlayerConfig
343401531,Checkers,0,GAME_OVER,45,44,2,528,MCTS_CheckersHeuristic,-1.0,1.0,RandomPlayerConfig
-1962222305,Checkers,0,GAME_OVER,37,36,2,529,MCTS_CheckersHeuristic,-1.0,1.0,RandomPlayerConfig
-693592698,Checkers,0,GAME_OVER,33,32,2,530,MCTS_CheckersHeuristic,-1.0,1.0,RandomPlayerConfig
1689540083,Checkers,0,GAME_OVER,39,38,2,531,MCTS_CheckersHeuristic,-1.0,1.0,RandomPlayerConfig
-2003835478,Checkers,0,GAME_OVER,36,35,2,532,MCTS_CheckersHeuristic,-1.0,1.0,RandomPlayerConfig
1783499042,Checkers,0,GAME_OVER,38,37,2,533,MCTS_CheckersHeuristic,-1.0,1.0,RandomPlayerConfig
-327792680,Checkers,0,GAME_OVER,41,40,2,534,MCTS_CheckersHeuristic,-1.0,1.0,RandomPlayerConfig
-1699980969,Checkers,0,GAME_OVER,42,41,2,535,MCTS_CheckersHeuristic,-1.0,1.0,RandomPlayerConfig
-1819810832,Checkers,0,GAME_OVER,38,37,2,536,MCTS_CheckersHeuristic,-1.0,1.0,RandomPlayerConfig
-841358386,Checkers,0,GAME_OVER,37,36,2,537,MCTS_CheckersHeuristic,-1.0,1.0,RandomPlayerConfig
2080587758,Checkers,0,GAME_OVER,42,41,2,538,MCTS_CheckersHeuristic,-1.0,1.0,RandomPlayerConfig
-1280415314,Checkers,0,GAME_OVER,50,49,2,539,MCTS_CheckersHeuristic,-1.0,1.0,RandomPlayerConfig
-1589158886,Checkers,0,GAME_OVER,34,33,2,540,MCTS_CheckersHeuristic,-1.0,1.0,RandomPlayerConfig
-938597046,Checkers,0,GAME_OVER,46,45,2,541,MCTS_CheckersHeuristic,-1.0,1.0,RandomPlayerConfig
116382727,Checkers,0,GAME_OVER,56,55,2,542,MCTS_CheckersHeuristic,-1.0,1.0,RandomPlayerConfig
1171531941,Checkers,0,GAME_OVER,40,39,2,543,MCTS_CheckersHeuristic,-1.0,1.0,RandomPlayerConfig
-1167607390,Checkers,0,GAME_OVER,36,35,2,544,MCTS_CheckersHeuristic,-1.0,1.0,RandomPlayerConfig
195060971,Checkers,0,GAME_OVER,48,47,2,545,MCTS_CheckersHeuristic,-1.0,1.0,RandomPlayerConfig
408906979,Checkers,0,GAME_OVER,46,45,2,546,MCTS_CheckersHeuristic,-1.0,1.0,RandomPlayerConfig
1778345663,Checkers,0,GAME_OVER,41,40,2,547,MCTS_CheckersHeuristic,-1.0,1.0,RandomPlayerConfig
-335803935,Checkers,0,GAME_OVER,38,37,2,548,MCTS_CheckersHeuristic,-1.0,1.0,RandomPlayerConfig
-1915897455,Checkers,0,GAME_OVER,42,41,2,549,MCTS_CheckersHeuristic,-1.0,1.0,RandomPlayerConfig
2120441937,Checkers,0,GAME_OVER,38,37,2,550,MCTS_CheckersHeuristic,-1.0,1.0,RandomPlayerConfig
-1476864939,Checkers,0,GAME_OVER,41,40,2,551,MCTS_CheckersHeuristic,-1.0,1.0,RandomPlayerConfig
190575297,Checkers,0,GAME_OVER,43,42,2,552,MCTS_CheckersHeuristic,-1.0,1.0,RandomPlayerConfig
-1017414575,Checkers,0,GAME_OVER,39,38,2,553,MCTS_CheckersHeuristic,-1.0,1.0,RandomPlayerConfig
-1721927419,Checkers,0,GAME_OVER,39,38,2,554,MCTS_CheckersHeuristic,-1.0,1.0,RandomPlayerConfig
1356480222,Checkers,0,GAME_OVER,32,31,2,555,MCTS_CheckersHeuristic,-1.0,1.0,RandomPlayerConfig
454746294,Checkers,0,GAME_OVER,47,46,2,556,MCTS_CheckersHeuristic,-1.0,1.0,RandomPlayerConfig
-1508961964,Checkers,0,GAME_OVER,35,34,2,557,MCTS_CheckersHeuristic,-1.0,1.0,RandomPlayerConfig
950874031,Checkers,0,GAME_OVER,45,44,2,558,MCTS_CheckersHeuristic,-1.0,1.0,RandomPlayerConfig
277405296,Checkers,0,GAME_OVER,46,45,2,559,MCTS_CheckersHeuristic,-1.0,1.0,RandomPlayerConfig
191864814,Checkers,0,GAME_OVER,53,52,2,560,MCTS_CheckersHeuristic,-1.0,1.0,RandomPlayerConfig
140434174,Checkers,0,GAME_OVER,39,38,2,561,MCTS_CheckersHeuristic,-1.0,1.0,RandomPlayerConfig
-1800826552,Checkers,0,GAME_OVER,64,63,2,562,MCTS_CheckersHeuristic,-1.0,1.0,RandomPlayerConfig
-1471645817,Checkers,0,GAME_OVER,40,39,2,563,MCTS_CheckersHeuristic,-1.0,1.0,RandomPlayerConfig
1944048838,Checkers,0,GAME_OVER,43,42,2,564,MCTS_CheckersHeuristic,-1.0,1.0,RandomPlayerConfig
1419557714,Checkers,0,GAME_OVER,40,39,2,565,MCTS_CheckersHeuristic,-1.0,1.0,RandomPlayerConfig
-466997586,Checkers,0,GAME_OVER,45,44,2,566,MCTS_CheckersHeuristic,-1.0,1.0,RandomPlayerConfig
-709339900,Checkers,0,GAME_OVER,40,39,2,567,MCTS_CheckersHeuristic,-1.0,1.0,RandomPlayerConfig
692455296,Checkers,0,GAME_OVER,41,40,2,568,MCTS_CheckersHeuristic,-1.0,1.0,RandomPlayerConfig
-1107507308,Checkers,0,GAME_OVER,41,40,2,569,MCTS_CheckersHeuristic,-1.0,1.0,RandomPlayerConfig
351727987,Checkers,0,GAME_OVER,37,36,2,570,MCTS_CheckersHeuristic,-1.0,1.0,RandomPlayerConfig
1595367031,Checkers,0,GAME_OVER,41,40,2,571,MCTS_CheckersHeuristic,-1.0,1.0,RandomPlayerConfig
562050867,Checkers,0,GAME_OVER,39,38,2,572,MCTS_CheckersHeuristic,-1.0,1.0,RandomPlayerConfig
450957871,Checkers,0,GAME_OVER,42,41,2,573,MCTS_CheckersHeuristic,-1.0,1.0,RandomPlayerConfig
-1415583247,Checkers,0,GAME_OVER,45,44,2,574,MCTS_CheckersHeuristic,-1.0,1.0,RandomPlayerConfig
-1749234016,Checkers,0,GAME_OVER,46,45,2,575,MCTS_CheckersHeuristic,-1.0,1.0,RandomPlayerConfig
142616578,Checkers,0,GAME_OVER,42,41,2,576,MCTS_CheckersHeuristic,-1.0,1.0,RandomPlayerConfig
855486169,Checkers,0,GAME_OVER,43,42,2,577,MCTS_CheckersHeuristic,-1.0,1.0,RandomPlayerConfig
1840999073,Checkers,0,GAME_OVER,48,47,2,578,MCTS_CheckersHeuristic,-1.0,1.0,RandomPlayerConfig
-1299755470,Checkers,0,GAME_OVER,39,38,2,579,MCTS_CheckersHeuristic,-1.0,1.0,RandomPlayerConfig
-799678320,Checkers,0,GAME_OVER,44,43,2,580,MCTS_CheckersHeuristic,-1.0,1.0,RandomPlayerConfig
-1082764044,Checkers,0,GAME_OVER,35,34,2,581,MCTS_CheckersHeuristic,-1.0,1.0,RandomPlayerConfig
2056914092,Checkers,0,GAME_OVER,41,40,2,582,MCTS_CheckersHeuristic,-1.0,1.0,RandomPlayerConfig
735868635,Checkers,0,GAME_OVER,41,40,2,583,MCTS_CheckersHeuristic,-1.0,1.0,RandomPlayerConfig
-1570764109,Checkers,0,GAME_OVER,42,41,2,584,MCTS_CheckersHeuristic,-1.0,1.0,RandomPlayerConfig
-783727561,Checkers,0,GAME_OVER,43,42,2,585,MCTS_CheckersHeuristic,-1.0,1.0,RandomPlayerConfig
-278578750,Checkers,0,GAME_OVER,43,42,2,586,MCTS_CheckersHeuristic,-1.0,1.0,RandomPlayerConfig
99549824,Checkers,0,GAME_OVER,38,37,2,587,MCTS_CheckersHeuristic,-1.0,1.0,RandomPlayerConfig
576007015,Checkers,0,GAME_OVER,36,35,2,588,MCTS_CheckersHeuristic,-1.0,1.0,RandomPlayerConfig
-781103219,Checkers,0,GAME_OVER,38,37,2,589,MCTS_CheckersHeuristic,-1.0,1.0,RandomPlayerConfig
1301739307,Checkers,0,GAME_OVER,35,34,2,590,MCTS_CheckersHeuristic,-1.0,1.0,RandomPlayerConfig
-1868420403,Checkers,0,GAME_OVER,42,41,2,591,MCTS_CheckersHeuristic,-1.0,1.0,RandomPlayerConfig
1469310468,Checkers,0,GAME_OVER,40,39,2,592,MCTS_CheckersHeuristic,-1.0,1.0,RandomPlayerConfig
6500924,Checkers,0,GAME_OVER,49,48,2,593,MCTS_CheckersHeuristic,-1.0,1.0,RandomPlayerConfig
319106587,Checkers,0,GAME_OVER,46,45,2,594,MCTS_CheckersHeuristic,-1.0,1.0,RandomPlayerConfig
-691733268,Checkers,0,GAME_OVER,47,46,2,595,MCTS_CheckersHeuristic,-1.0,1.0,RandomPlayerConfig
-1386758477,Checkers,0,GAME_OVER,35,34,2,596,MCTS_CheckersHeuristic,-1.0,1.0,RandomPlayerConfig
-836201654,Checkers,0,GAME_OVER,40,39,2,597,MCTS_CheckersHeuristic,-1.0,1.0,RandomPlayerConfig
1520311625,Checkers,0,GAME_OVER,52,51,2,598,MCTS_CheckersHeuristic,-1.0,1.0,RandomPlayerConfig
1690871187,Checkers,0,GAME_OVER,48,47,2,599,MCTS_CheckersHeuristic,-1.0,1.0,RandomPlayerConfig
-497872866,Checkers,0,GAME_OVER,39,38,2,600,MCTS_CheckersHeuristic,-1.0,1.0,RandomPlayerConfig
-878879973,Checkers,0,GAME_OVER,51,50,2,601,MCTS_CheckersHeuristic,-1.0,1.0,RandomPlayerConfig
-1176337153,Checkers,0,GAME_OVER,65,64,2,602,OSLA,1.0,-1.0,MCTS_CheckersHeuristic
-1203383237,Checkers,0,GAME_OVER,53,52,2,603,OSLA,1.0,-1.0,MCTS_CheckersHeuristic
-731044798,Checkers,0,GAME_OVER,60,59,2,604,OSLA,1.0,-1.0,MCTS_CheckersHeuristic
-214896742,Checkers,0,GAME_OVER,64,63,2,605,OSLA,1.0,-1.0,MCTS_CheckersHeuristic
904131606,Checkers,0,GAME_OVER,55,54,2,606,OSLA,1.0,-1.0,MCTS_CheckersHeuristic
-836935709,Checkers,0,GAME_OVER,42,41,2,607,OSLA,1.0,-1.0,MCTS_CheckersHeuristic
-722893542,Checkers,0,GAME_OVER,40,39,2,608,OSLA,1.0,-1.0,MCTS_CheckersHeuristic
1340300709,Checkers,0,GAME_OVER,84,83,2,609,OSLA,1.0,-1.0,MCTS_CheckersHeuristic
-2124934750,Checkers,0,GAME_OVER,87,86,2,610,OSLA,1.0,-1.0,MCTS_CheckersHeuristic
-35611374,Checkers,0,GAME_OVER,131,130,2,611,OSLA,0.0,0.0,MCTS_CheckersHeuristic
286717860,Checkers,0,GAME_OVER,105,104,2,612,OSLA,0.0,0.0,MCTS_CheckersHeuristic
59274752,Checkers,0,GAME_OVER,48,47,2,613,OSLA,1.0,-1.0,MCTS_CheckersHeuristic
-1426514565,Checkers,0,GAME_OVER,81,80,2,614,OSLA,1.0,-1.0,MCTS_CheckersHeuristic
1638937389,Checkers,0,GAME_OVER,49,48,2,615,OSLA,1.0,-1.0,MCTS_CheckersHeuristic
-313547086,Checkers,0,GAME_OVER,69,68,2,616,OSLA,1.0,-1.0,MCTS_CheckersHeuristic
-1292871560,Checkers,0,GAME_OVER,74,73,2,617,OSLA,1.0,-1.0,MCTS_CheckersHeuristic
141710200,Checkers,0,GAME_OVER,73,72,2,618,OSLA,1.0,-1.0,MCTS_CheckersHeuristic
-173761553,Checkers,0,GAME_OVER,108,107,2,619,OSLA,1.0,-1.0,MCTS_CheckersHeuristic
-527106957,Checkers,0,GAME_OVER,57,56,2,620,OSLA,1.0,-1.0,MCTS_CheckersHeuristic
2086646756,Checkers,0,GAME_OVER,78,77,2,621,OSLA,1.0,-1.0,MCTS_CheckersHeuristic
-616978944,Checkers,0,GAME_OVER,56,55,2,622,OSLA,1.0,-1.0,MCTS_CheckersHeuristic
-1097626520,Checkers,0,GAME_OVER,47,46,2,623,OSLA,1.0,-1.0,MCTS_CheckersHeuristic
-1700335317,Checkers,0,GAME_OVER,94,93,2,624,OSLA,1.0,-1.0,MCTS_CheckersHeuristic
-970850095,Checkers,0,GAME_OVER,42,41,2,625,OSLA,1.0,-1.0,MCTS_CheckersHeuristic
-323875359,Checkers,0,GAME_OVER,49,48,2,626,OSLA,1.0,-1.0,MCTS_CheckersHeuristic
-2016122297,Checkers,0,GAME_OVER,63,62,2,627,OSLA,1.0,-1.0,MCTS_CheckersHeuristic
1689588006,Checkers,0,GAME_OVER,60,59,2,628,OSLA,1.0,-1.0,MCTS_CheckersHeuristic
-1976417695,Checkers,0,GAME_OVER,58,57,2,629,OSLA,1.0,-1.0,MCTS_CheckersHeuristic
-326991008,Checkers,0,GAME_OVER,115,114,2,630,OSLA,1.0,-1.0,MCTS_CheckersHeuristic
679498075,Checkers,0,GAME_OVER,86,85,2,631,OSLA,1.0,-1.0,MCTS_CheckersHeuristic
-1337627158,Checkers,0,GAME_OVER,55,54,2,632,OSLA,1.0,-1.0,MCTS_CheckersHeuristic
523530607,Checkers,0,GAME_OVER,62,61,2,633,OSLA,1.0,-1.0,MCTS_CheckersHeuristic
372962448,Checkers,0,GAME_OVER,55,54,2,634,OSLA,1.0,-1.0,MCTS_CheckersHeuristic
762211670,Checkers,0,GAME_OVER,146,145,2,635,OSLA,0.0,0.0,MCTS_CheckersHeuristic
-386077013,Checkers,0,GAME_OVER,52,51,2,636,OSLA,1.0,-1.0,MCTS_CheckersHeuristic
1173878263,Checkers,0,GAME_OVER,52,51,2,637,OSLA,1.0,-1.0,MCTS_CheckersHeuristic
-886977305,Checkers,0,GAME_OVER,46,45,2,638,OSLA,1.0,-1.0,MCTS_CheckersHeuristic
1375054804,Checkers,0,GAME_OVER,87,86,2,639,OSLA,1.0,-1.0,MCTS_CheckersHeuristic
2025305091,Checkers,0,GAME_OVER,92,91,2,640,OSLA,0.0,0.0,MCTS_CheckersHeuristic
-748825931,Checkers,0,GAME_OVER,60,59,2,641,OSLA,1.0,-1.0,MCTS_CheckersHeuristic
664396301,Checkers,0,GAME_OVER,57,56,2,642,OSLA,1.0,-1.0,MCTS_CheckersHeuristic
-628553061,Checkers,0,GAME_OVER,107,106,2,643,OSLA,1.0,-1.0,MCTS_CheckersHeuristic
-384335134,Checkers,0,GAME_OVER,58,57,2,644,OSLA,1.0,-1.0,MCTS_CheckersHeuristic
520316683,Checkers,0,GAME_OVER,51,50,2,645,OSLA,1.0,-1.0,MCTS_CheckersHeuristic
37345783,Checkers,0,GAME_OVER,104,103,2,646,OSLA,1.0,-1.0,MCTS_CheckersHeuristic
-1445722588,Checkers,0,GAME_OVER,56,55,2,647,OSLA,-1.0,1.0,MCTS_CheckersHeuristic
-979801406,Checkers,0,GAME_OVER,48,47,2,648,OSLA,1.0,-1.0,MCTS_CheckersHeuristic
163375911,Checkers,0,GAME_OVER,62,61,2,649,OSLA,1.0,-1.0,MCTS_CheckersHeuristic
1655397940,Checkers,0,GAME_OVER,127,126,2,650,OSLA,0.0,0.0,MCTS_CheckersHeuristic
-1890522022,Checkers,0,GAME_OVER,55,54,2,651,OSLA,1.0,-1.0,MCTS_CheckersHeuristic
1688410911,Checkers,0,GAME_OVER,98,97,2,652,OSLA,1.0,-1.0,MCTS_CheckersHeuristic
-235337115,Checkers,0,GAME_OVER,58,57,2,653,OSLA,1.0,-1.0,MCTS_CheckersHeuristic
419016838,Checkers,0,GAME_OVER,72,71,2,654,OSLA,1.0,-1.0,MCTS_CheckersHeuristic
-1649731680,Checkers,0,GAME_OVER,112,111,2,655,OSLA,-1.0,1.0,MCTS_CheckersHeuristic
-804545498,Checkers,0,GAME_OVER,97,96,2,656,OSLA,1.0,-1.0,MCTS_CheckersHeuristic
-371638287,Checkers,0,GAME_OVER,103,102,2,657,OSLA,1.0,-1.0,MCTS_CheckersHeuristic
1214018740,Checkers,0,GAME_OVER,61,60,2,658,OSLA,1.0,-1.0,MCTS_CheckersHeuristic
1541101081,Checkers,0,GAME_OVER,51,50,2,659,OSLA,1.0,-1.0,MCTS_CheckersHeuristic
1571446444,Checkers,0,GAME_OVER,59,58,2,660,OSLA,1.0,-1.0,MCTS_CheckersHeuristic
-2124359248,Checkers,0,GAME_OVER,47,46,2,661,OSLA,1.0,-1.0,MCTS_CheckersHeuristic
470074270,Checkers,0,GAME_OVER,57,56,2,662,OSLA,1.0,-1.0,MCTS_CheckersHeuristic
-301137630,Checkers,0,GAME_OVER,44,43,2,663,OSLA,1.0,-1.0,MCTS_CheckersHeuristic
296933217,Checkers,0,GAME_OVER,63,62,2,664,OSLA,1.0,-1.0,MCTS_CheckersHeuristic
550946144,Checkers,0,GAME_OVER,48,47,2,665,OSLA,1.0,-1.0,MCTS_CheckersHeuristic
1983896466,Checkers,0,GAME_OVER,51,50,2,666,OSLA,1.0,-1.0,MCTS_CheckersHeuristic
926845219,Checkers,0,GAME_OVER,43,42,2,667,OSLA,1.0,-1.0,MCTS_CheckersHeuristic
-28174011,Checkers,0,GAME_OVER,69,68,2,668,OSLA,1.0,-1.0,MCTS_CheckersHeuristic
1385466877,Checkers,0,GAME_OVER,48,47,2,669,OSLA,1.0,-1.0,MCTS_CheckersHeuristic
-878444067,Checkers,0,GAME_OVER,67,66,2,670,OSLA,1.0,-1.0,MCTS_CheckersHeuristic
-898074233,Checkers,0,GAME_OVER,68,67,2,671,OSLA,1.0,-1.0,MCTS_CheckersHeuristic
-1855511719,Checkers,0,GAME_OVER,84,83,2,672,OSLA,1.0,-1.0,MCTS_CheckersHeuristic
708779878,Checkers,0,GAME_OVER,91,90,2,673,OSLA,0.0,0.0,MCTS_CheckersHeuristic
-365860445,Checkers,0,GAME_OVER,42,41,2,674,OSLA,1.0,-1.0,MCTS_CheckersHeuristic
-425576184,Checkers,0,GAME_OVER,63,62,2,675,OSLA,1.0,-1.0,MCTS_CheckersHeuristic
696636826,Checkers,0,GAME_OVER,103,102,2,676,OSLA,0.0,0.0,MCTS_CheckersHeuristic
-938713536,Checkers,0,GAME_OVER,65,64,2,677,OSLA,1.0,-1.0,MCTS_CheckersHeuristic
-1600506893,Checkers,0,GAME_OVER,55,54,2,678,OSLA,-1.0,1.0,MCTS_CheckersHeuristic
-894694865,Checkers,0,GAME_OVER,68,67,2,679,OSLA,1.0,-1.0,MCTS_CheckersHeuristic
-1711292118,Checkers,0,GAME_OVER,79,78,2,680,OSLA,1.0,-1.0,MCTS_CheckersHeuristic
-2088603110,Checkers,0,GAME_OVER,108,107,2,681,OSLA,0.0,0.0,MCTS_CheckersHeuristic
-511582955,Checkers,0,GAME_OVER,60,59,2,682,OSLA,1.0,-1.0,MCTS_CheckersHeuristic
1429868571,Checkers,0,GAME_OVER,72,71,2,683,OSLA,-1.0,1.0,MCTS_CheckersHeuristic
699221968,Checkers,0,GAME_OVER,76,75,2,684,OSLA,1.0,-1.0,MCTS_CheckersHeuristic
-1337168942,Checkers,0,GAME_OVER,80,79,2,685,OSLA,1.0,-1.0,MCTS_CheckersHeuristic
2058726182,Checkers,0,GAME_OVER,66,65,2,686,OSLA,1.0,-1.0,MCTS_CheckersHeuristic
57957248,Checkers,0,GAME_OVER,49,48,2,687,OSLA,1.0,-1.0,MCTS_CheckersHeuristic
1961148066,Checkers,0,GAME_OVER,79,78,2,688,OSLA,1.0,-1.0,MCTS_CheckersHeuristic
-208551370,Checkers,0,GAME_OVER,54,53,2,689,OSLA,1.0,-1.0,MCTS_CheckersHeuristic
-26938906,Checkers,0,GAME_OVER,124,123,2,690,OSLA,0.0,0.0,MCTS_CheckersHeuristic
710689778,Checkers,0,GAME_OVER,40,39,2,691,OSLA,-1.0,1.0,MCTS_CheckersHeuristic
-944470016,Checkers,0,GAME_OVER,47,46,2,692,OSLA,1.0,-1.0,MCTS_CheckersHeuristic
1727305453,Checkers,0,GAME_OVER,73,72,2,693,OSLA,1.0,-1.0,MCTS_CheckersHeuristic
1434009552,Checkers,0,GAME_OVER,68,67,2,694,OSLA,1.0,-1.0,MCTS_CheckersHeuristic
1699189091,Checkers,0,GAME_OVER,53,52,2,695,OSLA,1.0,-1.0,MCTS_CheckersHeuristic
-1924114236,Checkers,0,GAME_OVER,51,50,2,696,OSLA,1.0,-1.0,MCTS_CheckersHeuristic
439674264,Checkers,0,GAME_OVER,57,56,2,697,OSLA,1.0,-1.0,MCTS_CheckersHeuristic
1000065131,Checkers,0,GAME_OVER,78,77,2,698,OSLA,1.0,-1.0,MCTS_CheckersHeuristic
522598890,Checkers,0,GAME_OVER,57,56,2,699,OSLA,1.0,-1.0,MCTS_CheckersHeuristic
1408310455,Checkers,0,GAME_OVER,106,105,2,700,OSLA,0.0,0.0,MCTS_CheckersHeuristic
330629427,Checkers,0,GAME_OVER,162,161,2,701,OSLA,0.0,0.0,MCTS_CheckersHeuristic
-797532192,Checkers,0,GAME_OVER,87,86,2,702,OSLA,1.0,-1.0,MCTS_CheckersHeuristic
1262467013,Checkers,0,GAME_OVER,90,89,2,703,OSLA,1.0,-1.0,MCTS_CheckersHeuristic
1416244806,Checkers,0,GAME_OVER,87,86,2,704,OSLA,0.0,0.0,MCTS_CheckersHeuristic
-1929509951,Checkers,0,GAME_OVER,121,120,2,705,OSLA,0.0,0.0,MCTS_CheckersHeuristic
2073402315,Checkers,0,GAME_OVER,77,76,2,706,OSLA,1.0,-1.0,MCTS_CheckersHeuristic
-1855898719,Checkers,0,GAME_OVER,69,68,2,707,OSLA,1.0,-1.0,MCTS_CheckersHeuristic
296605045,Checkers,0,GAME_OVER,60,59,2,708,OSLA,1.0,-1.0,MCTS_CheckersHeuristic
-1993796568,Checkers,0,GAME_OVER,69,68,2,709,OSLA,1.0,-1.0,MCTS_CheckersHeuristic
-1305219755,Checkers,0,GAME_OVER,49,48,2,710,OSLA,-1.0,1.0,MCTS_CheckersHeuristic
-1589231848,Checkers,0,GAME_OVER,71,70,2,711,OSLA,1.0,-1.0,MCTS_CheckersHeuristic
1504068114,Checkers,0,GAME_OVER,49,48,2,712,OSLA,1.0,-1.0,MCTS_CheckersHeuristic
-503536039,Checkers,0,GAME_OVER,44,43,2,713,OSLA,1.0,-1.0,MCTS_CheckersHeuristic
763414658,Checkers,0,GAME_OVER,74,73,2,714,OSLA,1.0,-1.0,MCTS_CheckersHeuristic
362363770,Checkers,0,GAME_OVER,84,83,2,715,OSLA,-1.0,1.0,MCTS_CheckersHeuristic
90666286,Checkers,0,GAME_OVER,59,58,2,716,OSLA,1.0,-1.0,MCTS_CheckersHeuristic
-1009051213,Checkers,0,GAME_OVER,48,47,2,717,OSLA,1.0,-1.0,MCTS_CheckersHeuristic
-843666233,Checkers,0,GAME_OVER,52,51,2,718,OSLA,1.0,-1.0,MCTS_CheckersHeuristic
1350731983,Checkers,0,GAME_OVER,73,72,2,719,OSLA,1.0,-1.0,MCTS_CheckersHeuristic
1309789641,Checkers,0,GAME_OVER,56,55,2,720,OSLA,1.0,-1.0,MCTS_CheckersHeuristic
714234281,Checkers,0,GAME_OVER,55,54,2,721,OSLA,1.0,-1.0,MCTS_CheckersHeuristic
-1744428321,Checkers,0,GAME_OVER,40,39,2,722,OSLA,1.0,-1.0,MCTS_CheckersHeuristic
1452779804,Checkers,0,GAME_OVER,60,59,2,723,OSLA,-1.0,1.0,MCTS_CheckersHeuristic
1560554700,Checkers,0,GAME_OVER,147,146,2,724,OSLA,0.0,0.0,MCTS_CheckersHeuristic
267543713,Checkers,0,GAME_OVER,59,58,2,725,OSLA,1.0,-1.0,MCTS_CheckersHeuristic
-603061282,Checkers,0,GAME_OVER,70,69,2,726,OSLA,1.0,-1.0,MCTS_CheckersHeuristic
-1319271451,Checkers,0,GAME_OVER,43,42,2,727,OSLA,1.0,-1.0,MCTS_CheckersHeuristic
343401531,Checkers,0,GAME_OVER,56,55,2,728,OSLA,1.0,-1.0,MCTS_CheckersHeuristic
-1962222305,Checkers,0,GAME_OVER,61,60,2,729,OSLA,1.0,-1.0,MCTS_CheckersHeuristic
-693592698,Checkers,0,GAME_OVER,60,59,2,730,OSLA,1.0,-1.0,MCTS_CheckersHeuristic
1689540083,Checkers,0,GAME_OVER,57,56,2,731,OSLA,1.0,-1.0,MCTS_CheckersHeuristic
-2003835478,Checkers,0,GAME_OVER,48,47,2,732,OSLA,1.0,-1.0,MCTS_CheckersHeuristic
1783499042,Checkers,0,GAME_OVER,81,80,2,733,OSLA,1.0,-1.0,MCTS_CheckersHeuristic
-327792680,Checkers,0,GAME_OVER,47,46,2,734,OSLA,1.0,-1.0,MCTS_CheckersHeuristic
-1699980969,Checkers,0,GAME_OVER,45,44,2,735,OSLA,1.0,-1.0,MCTS_CheckersHeuristic
-1819810832,Checkers,0,GAME_OVER,49,48,2,736,OSLA,1.0,-1.0,MCTS_CheckersHeuristic
-841358386,Checkers,0,GAME_OVER,83,82,2,737,OSLA,1.0,-1.0,MCTS_CheckersHeuristic
2080587758,Checkers,0,GAME_OVER,47,46,2,738,OSLA,1.0,-1.0,MCTS_CheckersHeuristic
-1280415314,Checkers,0,GAME_OVER,46,45,2,739,OSLA,1.0,-1.0,MCTS_CheckersHeuristic
-1589158886,Checkers,0,GAME_OVER,49,48,2,740,OSLA,1.0,-1.0,MCTS_CheckersHeuristic
-938597046,Checkers,0,GAME_OVER,45,44,2,741,OSLA,1.0,-1.0,MCTS_CheckersHeuristic
116382727,Checkers,0,GAME_OVER,73,72,2,742,OSLA,1.0,-1.0,MCTS_CheckersHeuristic
1171531941,Checkers,0,GAME_OVER,58,57,2,743,OSLA,1.0,-1.0,MCTS_CheckersHeuristic
-1167607390,Checkers,0,GAME_OVER,38,37,2,744,OSLA,1.0,-1.0,MCTS_CheckersHeuristic
195060971,Checkers,0,GAME_OVER,62,61,2,745,OSLA,1.0,-1.0,MCTS_CheckersHeuristic
408906979,Checkers,0,GAME_OVER,60,59,2,746,OSLA,1.0,-1.0,MCTS_CheckersHeuristic
1778345663,Checkers,0,GAME_OVER,45,44,2,747,OSLA,1.0,-1.0,MCTS_CheckersHeuristic
-335803935,Checkers,0,GAME_OVER,53,52,2,748,OSLA,1.0,-1.0,MCTS_CheckersHeuristic
-1915897455,Checkers,0,GAME_OVER,52,51,2,749,OSLA,1.0,-1.0,MCTS_CheckersHeuristic
2120441937,Checkers,0,GAME_OVER,46,45,2,750,OSLA,1.0,-1.0,MCTS_CheckersHeuristic
-1476864939,Checkers,0,GAME_OVER,54,53,2,751,OSLA,1.0,-1.0,MCTS_CheckersHeuristic
190575297,Checkers,0,GAME_OVER,69,68,2,752,OSLA,1.0,-1.0,MCTS_CheckersHeuristic
-1017414575,Checkers,0,GAME_OVER,77,76,2,753,OSLA,1.0,-1.0,MCTS_CheckersHeuristic
-1721927419,Checkers,0,GAME_OVER,118,117,2,754,OSLA,1.0,-1.0,MCTS_CheckersHeuristic
1356480222,Checkers,0,GAME_OVER,57,56,2,755,OSLA,1.0,-1.0,MCTS_CheckersHeuristic
454746294,Checkers,0,GAME_OVER,53,52,2,756,OSLA,1.0,-1.0,MCTS_CheckersHeuristic
-1508961964,Checkers,0,GAME_OVER,43,42,2,757,OSLA,1.0,-1.0,MCTS_CheckersHeuristic
950874031,Checkers,0,GAME_OVER,49,48,2,758,OSLA,1.0,-1.0,MCTS_CheckersHeuristic
277405296,Checkers,0,GAME_OVER,97,96,2,759,OSLA,0.0,0.0,MCTS_CheckersHeuristic
191864814,Checkers,0,GAME_OVER,56,55,2,760,OSLA,1.0,-1.0,MCTS_CheckersHeuristic
140434174,Checkers,0,GAME_OVER,119,118,2,761,OSLA,0.0,0.0,MCTS_CheckersHeuristic
-1800826552,Checkers,0,GAME_OVER,45,44,2,762,OSLA,1.0,-1.0,MCTS_CheckersHeuristic
-1471645817,Checkers,0,GAME_OVER,72,71,2,763,OSLA,1.0,-1.0,MCTS_CheckersHeuristic
1944048838,Checkers,0,GAME_OVER,52,51,2,764,OSLA,1.0,-1.0,MCTS_CheckersHeuristic
1419557714,Checkers,0,GAME_OVER,110,109,2,765,OSLA,1.0,-1.0,MCTS_CheckersHeuristic
-466997586,Checkers,0,GAME_OVER,68,67,2,766,OSLA,1.0,-1.0,MCTS_CheckersHeuristic
-709339900,Checkers,0,GAME_OVER,55,54,2,767,OSLA,1.0,-1.0,MCTS_CheckersHeuristic
692455296,Checkers,0,GAME_OVER,54,53,2,768,OSLA,1.0,-1.0,MCTS_CheckersHeuristic
-1107507308,Checkers,0,GAME_OVER,52,51,2,769,OSLA,1.0,-1.0,MCTS_CheckersHeuristic
351727987,Checkers,0,GAME_OVER,85,84,2,770,OSLA,1.0,-1.0,MCTS_CheckersHeuristic
1595367031,Checkers,0,GAME_OVER,59,58,2,771,OSLA,1.0,-1.0,MCTS_CheckersHeuristic
562050867,Checkers,0,GAME_OVER,97,96,2,772,OSLA,1.0,-1.0,MCTS_CheckersHeuristic
450957871,Checkers,0,GAME_OVER,49,48,2,773,OSLA,1.0,-1.0,MCTS_CheckersHeuristic
-1415583247,Checkers,0,GAME_OVER,58,57,2,774,OSLA,1.0,-1.0,MCTS_CheckersHeuristic
-1749234016,Checkers,0,GAME_OVER,42,41,2,775,OSLA,1.0,-1.0,MCTS_CheckersHeuristic
142616578,Checkers,0,GAME_OVER,72,71,2,776,OSLA,1.0,-1.0,MCTS_CheckersHeuristic
855486169,Checkers,0,GAME_OVER,113,112,2,777,OSLA,0.0,0.0,MCTS_CheckersHeuristic
1840999073,Checkers,0,GAME_OVER,71,70,2,778,OSLA,1.0,-1.0,MCTS_CheckersHeuristic
-1299755470,Checkers,0,GAME_OVER,55,54,2,779,OSLA,1.0,-1.0,MCTS_CheckersHeuristic
-799678320,Checkers,0,GAME_OVER,94,93,2,780,OSLA,0.0,0.0,MCTS_CheckersHeuristic
-1082764044,Checkers,0,GAME_OVER,71,70,2,781,OSLA,1.0,-1.0,MCTS_CheckersHeuristic
2056914092,Checkers,0,GAME_OVER,52,51,2,782,OSLA,1.0,-1.0,MCTS_CheckersHeuristic
735868635,Checkers,0,GAME_OVER,58,57,2,783,OSLA,1.0,-1.0,MCTS_CheckersHeuristic
-1570764109,Checkers,0,GAME_OVER,51,50,2,784,OSLA,1.0,-1.0,MCTS_CheckersHeuristic
-783727561,Checkers,0,GAME_OVER,74,73,2,785,OSLA,1.0,-1.0,MCTS_CheckersHeuristic
-278578750,Checkers,0,GAME_OVER,106,105,2,786,OSLA,1.0,-1.0,MCTS_CheckersHeuristic
99549824,Checkers,0,GAME_OVER,47,46,2,787,OSLA,1.0,-1.0,MCTS_CheckersHeuristic
576007015,Checkers,0,GAME_OVER,114,113,2,788,OSLA,0.0,0.0,MCTS_CheckersHeuristic
-781103219,Checkers,0,GAME_OVER,89,88,2,789,OSLA,1.0,-1.0,MCTS_CheckersHeuristic
1301739307,Checkers,0,GAME_OVER,47,46,2,790,OSLA,1.0,-1.0,MCTS_CheckersHeuristic
-1868420403,Checkers,0,GAME_OVER,37,36,2,791,OSLA,1.0,-1.0,MCTS_CheckersHeuristic
1469310468,Checkers,0,GAME_OVER,50,49,2,792,OSLA,1.0,-1.0,MCTS_CheckersHeuristic
6500924,Checkers,0,GAME_OVER,77,76,2,793,OSLA,1.0,-1.0,MCTS_CheckersHeuristic
319106587,Checkers,0,GAME_OVER,49,48,2,794,OSLA,-1.0,1.0,MCTS_CheckersHeuristic
-691733268,Checkers,0,GAME_OVER,48,47,2,795,OSLA,1.0,-1.0,MCTS_CheckersHeuristic
-1386758477,Checkers,0,GAME_OVER,56,55,2,796,OSLA,1.0,-1.0,MCTS_CheckersHeuristic
-836201654,Checkers,0,GAME_OVER,76,75,2,797,OSLA,1.0,-1.0,MCTS_CheckersHeuristic
1520311625,Checkers,0,GAME_OVER,73,72,2,798,OSLA,0.0,0.0,MCTS_CheckersHeuristic
1690871187,Checkers,0,GAME_OVER,45,44,2,799,OSLA,1.0,-1.0,MCTS_CheckersHeuristic
-497872866,Checkers,0,GAME_OVER,86,85,2,800,OSLA,1.0,-1.0,MCTS_CheckersHeuristic
-878879973,Checkers,0,GAME_OVER,75,74,2,801,OSLA,1.0,-1.0,MCTS_CheckersHeuristic
-1176337153,Checkers,0,GAME_OVER,44,43,2,802,OSLA,-1.0,1.0,OSLA
-1203383237,Checkers,0,GAME_OVER,56,55,2,803,OSLA,1.0,-1.0,OSLA
-731044798,Checkers,0,GAME_OVER,42,41,2,804,OSLA,1.0,-1.0,OSLA
-214896742,Checkers,0,GAME_OVER,42,41,2,805,OSLA,-1.0,1.0,OSLA
904131606,Checkers,0,GAME_OVER,54,53,2,806,OSLA,1.0,-1.0,OSLA
-836935709,Checkers,0,GAME_OVER,53,52,2,807,OSLA,1.0,-1.0,OSLA
-722893542,Checkers,0,GAME_OVER,31,30,2,808,OSLA,-1.0,1.0,OSLA
1340300709,Checkers,0,GAME_OVER,54,53,2,809,OSLA,-1.0,1.0,OSLA
-2124934750,Checkers,0,GAME_OVER,116,115,2,810,OSLA,0.0,0.0,OSLA
-35611374,Checkers,0,GAME_OVER,87,86,2,811,OSLA,0.0,0.0,OSLA
286717860,Checkers,0,GAME_OVER,51,50,2,812,OSLA,1.0,-1.0,OSLA
59274752,Checkers,0,GAME_OVER,49,48,2,813,OSLA,-1.0,1.0,OSLA
-1426514565,Checkers,0,GAME_OVER,57,56,2,814,OSLA,-1.0,1.0,OSLA
1638937389,Checkers,0,GAME_OVER,79,78,2,815,OSLA,0.0,0.0,OSLA
-313547086,Checkers,0,GAME_OVER,80,79,2,816,OSLA,1.0,-1.0,OSLA
-1292871560,Checkers,0,GAME_OVER,48,47,2,817,OSLA,1.0,-1.0,OSLA
141710200,Checkers,0,GAME_OVER,27,26,2,818,OSLA,1.0,-1.0,OSLA
-173761553,Checkers,0,GAME_OVER,48,47,2,819,OSLA,-1.0,1.0,OSLA
-527106957,Checkers,0,GAME_OVER,94,93,2,820,OSLA,0.0,0.0,OSLA
2086646756,Checkers,0,GAME_OVER,58,57,2,821,OSLA,1.0,-1.0,OSLA
-616978944,Checkers,0,GAME_OVER,43,42,2,822,OSLA,-1.0,1.0,OSLA
-1097626520,Checkers,0,GAME_OVER,47,46,2,823,OSLA,-1.0,1.0,OSLA
-1700335317,Checkers,0,GAME_OVER,102,101,2,824,OSLA,0.0,0.0,OSLA
-970850095,Checkers,0,GAME_OVER,49,48,2,825,OSLA,-1.0,1.0,OSLA
-323875359,Checkers,0,GAME_OVER,50,49,2,826,OSLA,-1.0,1.0,OSLA
-2016122297,Checkers,0,GAME_OVER,33,32,2,827,OSLA,-1.0,1.0,OSLA
1689588006,Checkers,0,GAME_OVER,62,61,2,828,OSLA,-1.0,1.0,OSLA
-1976417695,Checkers,0,GAME_OVER,49,48,2,829,OSLA,-1.0,1.0,OSLA
-326991008,Checkers,0,GAME_OVER,69,68,2,830,OSLA,0.0,0.0,OSLA
679498075,Checkers,0,GAME_OVER,134,133,2,831,OSLA,0.0,0.0,OSLA
-1337627158,Checkers,0,GAME_OVER,41,40,2,832,OSLA,-1.0,1.0,OSLA
523530607,Checkers,0,GAME_OVER,49,48,2,833,OSLA,-1.0,1.0,OSLA
372962448,Checkers,0,GAME_OVER,46,45,2,834,OSLA,-1.0,1.0,OSLA
762211670,Checkers,0,GAME_OVER,44,43,2,835,OSLA,1.0,-1.0,OSLA
-386077013,Checkers,0,GAME_OVER,81,80,2,836,OSLA,1.0,-1.0,OSLA
1173878263,Checkers,0,GAME_OVER,106,105,2,837,OSLA,0.0,0.0,OSLA
-886977305,Checkers,0,GAME_OVER,57,56,2,838,OSLA,1.0,-1.0,OSLA
1375054804,Checkers,0,GAME_OVER,53,52,2,839,OSLA,-1.0,1.0,OSLA
2025305091,Checkers,0,GAME_OVER,46,45,2,840,OSLA,-1.0,1.0,OSLA
-748825931,Checkers,0,GAME_OVER,44,43,2,841,OSLA,1.0,-1.0,OSLA
664396301,Checkers,0,GAME_OVER,50,49,2,842,OSLA,1.0,-1.0,OSLA
-628553061,Checkers,0,GAME_OVER,51,50,2,843,OSLA,1.0,-1.0,OSLA
-384335134,Checkers,0,GAME_OVER,45,44,2,844,OSLA,1.0,-1.0,OSLA
520316683,Checkers,0,GAME_OVER,66,65,2,845,OSLA,-1.0,1.0,OSLA
37345783,Checkers,0,GAME_OVER,47,46,2,846,OSLA,1.0,-1.0,OSLA
-1445722588,Checkers,0,GAME_OVER,38,37,2,847,OSLA,-1.0,1.0,OSLA
-979801406,Checkers,0,GAME_OVER,68,67,2,848,OSLA,1.0,-1.0,OSLA
163375911,Checkers,0,GAME_OVER,48,47,2,849,OSLA,1.0,-1.0,OSLA
1655397940,Checkers,0,GAME_OVER,38,37,2,850,OSLA,-1.0,1.0,OSLA
-1890522022,Checkers,0,GAME_OVER,78,77,2,851,OSLA,-1.0,1.0,OSLA
1688410911,Checkers,0,GAME_OVER,103,102,2,852,OSLA,1.0,-1.0,OSLA
-235337115,Checkers,0,GAME_OVER,39,38,2,853,OSLA,-1.0,1.0,OSLA
419016838,Checkers,0,GAME_OVER,39,38,2,854,OSLA,-1.0,1.0,OSLA
-1649731680,Checkers,0,GAME_OVER,78,77,2,855,OSLA,1.0,-1.0,OSLA
-804545498,Checkers,0,GAME_OVER,101,100,2,856,OSLA,1.0,-1.0,OSLA
-371638287,Checkers,0,GAME_OVER,52,51,2,857,OSLA,1.0,-1.0,OSLA
1214018740,Checkers,0,GAME_OVER,159,158,2,858,OSLA,0.0,0.0,OSLA
1541101081,Checkers,0,GAME_OVER,47,46,2,859,OSLA,1.0,-1.0,OSLA
1571446444,Checkers,0,GAME_OVER,107,106,2,860,OSLA,0.0,0.0,OSLA
-2124359248,Checkers,0,GAME_OVER,48,47,2,861,OSLA,1.0,-1.0,OSLA
470074270,Checkers,0,GAME_OVER,44,43,2,862,OSLA,-1.0,1.0,OSLA
-301137630,Checkers,0,GAME_OVER,87,86,2,863,OSLA,0.0,0.0,OSLA
296933217,Checkers,0,GAME_OVER,51,50,2,864,OSLA,-1.0,1.0,OSLA
550946144,Checkers,0,GAME_OVER,47,46,2,865,OSLA,-1.0,1.0,OSLA
1983896466,Checkers,0,GAME_OVER,39,38,2,866,OSLA,1.0,-1.0,OSLA
926845219,Checkers,0,GAME_OVER,66,65,2,867,OSLA,-1.0,1.0,OSLA
-28174011,Checkers,0,GAME_OVER,31,30,2,868,OSLA,-1.0,1.0,OSLA
1385466877,Checkers,0,GAME_OVER,64,63,2,869,OSLA,-1.0,1.0,OSLA
-878444067,Checkers,0,GAME_OVER,51,50,2,870,OSLA,1.0,-1.0,OSLA
-898074233,Checkers,0,GAME_OVER,56,55,2,871,OSLA,-1.0,1.0,OSLA
-1855511719,Checkers,0,GAME_OVER,53,52,2,872,OSLA,1.0,-1.0,OSLA
708779878,Checkers,0,GAME_OVER,77,76,2,873,OSLA,1.0,-1.0,OSLA
-365860445,Checkers,0,GAME_OVER,63,62,2,874,OSLA,1.0,-1.0,OSLA
-425576184,Checkers,0,GAME_OVER,129,128,2,875,OSLA,0.0,0.0,OSLA
696636826,Checkers,0,GAME_OVER,42,41,2,876,OSLA,1.0,-1.0,OSLA
-938713536,Checkers,0,GAME_OVER,52,51,2,877,OSLA,-1.0,1.0,OSLA
-1600506893,Checkers,0,GAME_OVER,116,115,2,878,OSLA,0.0,0.0,OSLA
-894694865,Checkers,0,GAME_OVER,48,47,2,879,OSLA,1.0,-1.0,OSLA
-1711292118,Checkers,0,GAME_OVER,132,131,2,880,OSLA,0.0,0.0,OSLA
-2088603110,Checkers,0,GAME_OVER,46,45,2,881,OSLA,-1.0,1.0,OSLA
-511582955,Checkers,0,GAME_OVER,62,61,2,882,OSLA,1.0,-1.0,OSLA
1429868571,Checkers,0,GAME_OVER,52,51,2,883,OSLA,1.0,-1.0,OSLA
699221968,Checkers,0,GAME_OVER,49,48,2,884,OSLA,-1.0,1.0,OSLA
-1337168942,Checkers,0,GAME_OVER,91,90,2,885,OSLA,0.0,0.0,OSLA
2058726182,Checkers,0,GAME_OVER,52,51,2,886,OSLA,1.0,-1.0,OSLA
57957248,Checkers,0,GAME_OVER,51,50,2,887,OSLA,1.0,-1.0,OSLA
1961148066,Checkers,0,GAME_OVER,61,60,2,888,OSLA,-1.0,1.0,OSLA
-208551370,Checkers,0,GAME_OVER,48,47,2,889,OSLA,-1.0,1.0,OSLA
-26938906,Checkers,0,GAME_OVER,49,48,2,890,OSLA,-1.0,1.0,OSLA
710689778,Checkers,0,GAME_OVER,122,121,2,891,OSLA,0.0,0.0,OSLA
-944470016,Checkers,0,GAME_OVER,61,60,2,892,OSLA,-1.0,1.0,OSLA
1727305453,Checkers,0,GAME_OVER,50,49,2,893,OSLA,-1.0,1.0,OSLA
1434009552,Checkers,0,GAME_OVER,59,58,2,894,OSLA,-1.0,1.0,OSLA
1699189091,Checkers,0,GAME_OVER,72,71,2,895,OSLA,1.0,-1.0,OSLA
-1924114236,Checkers,0,GAME_OVER,53,52,2,896,OSLA,-1.0,1.0,OSLA
439674264,Checkers,0,GAME_OVER,56,55,2,897,OSLA,-1.0,1.0,OSLA
1000065131,Checkers,0,GAME_OVER,56,55,2,898,OSLA,-1.0,1.0,OSLA
522598890,Checkers,0,GAME_OVER,43,42,2,899,OSLA,1.0,-1.0,OSLA
1408310455,Checkers,0,GAME_OVER,51,50,2,900,OSLA,-1.0,1.0,OSLA
330629427,Checkers,0,GAME_OVER,39,38,2,901,OSLA,-1.0,1.0,OSLA
-797532192,Checkers,0,GAME_OVER,44,43,2,902,OSLA,-1.0,1.0,OSLA
1262467013,Checkers,0,GAME_OVER,56,55,2,903,OSLA,-1.0,1.0,OSLA
1416244806,Checkers,0,GAME_OVER,48,47,2,904,OSLA,-1.0,1.0,OSLA
-1929509951,Checkers,0,GAME_OVER,47,46,2,905,OSLA,1.0,-1.0,OSLA
2073402315,Checkers,0,GAME_OVER,75,74,2,906,OSLA,1.0,-1.0,OSLA
-1855898719,Checkers,0,GAME_OVER,56,55,2,907,OSLA,-1.0,1.0,OSLA
296605045,Checkers,0,GAME_OVER,54,53,2,908,OSLA,-1.0,1.0,OSLA
-1993796568,Checkers,0,GAME_OVER,40,39,2,909,OSLA,1.0,-1.0,OSLA
-1305219755,Checkers,0,GAME_OVER,108,107,2,910,OSLA,0.0,0.0,OSLA
-1589231848,Checkers,0,GAME_OVER,222,221,2,911,OSLA,0.0,0.0,OSLA
1504068114,Checkers,0,GAME_OVER,95,94,2,912,OSLA,0.0,0.0,OSLA
-503536039,Checkers,0,GAME_OVER,43,42,2,913,OSLA,1.0,-1.0,OSLA
763414658,Checkers,0,GAME_OVER,125,124,2,914,OSLA,0.0,0.0,OSLA
362363770,Checkers,0,GAME_OVER,48,47,2,915,OSLA,1.0,-1.0,OSLA
90666286,Checkers,0,GAME_OVER,105,104,2,916,OSLA,1.0,-1.0,OSLA
-1009051213,Checkers,0,GAME_OVER,54,53,2,917,OSLA,-1.0,1.0,OSLA
-843666233,Checkers,0,GAME_OVER,54,53,2,918,OSLA,-1.0,1.0,OSLA
1350731983,Checkers,0,GAME_OVER,31,30,2,919,OSLA,-1.0,1.0,OSLA
1309789641,Checkers,0,GAME_OVER,49,48,2,920,OSLA,1.0,-1.0,OSLA
714234281,Checkers,0,GAME_OVER,50,49,2,921,OSLA,-1.0,1.0,OSLA
-1744428321,Checkers,0,GAME_OVER,79,78,2,922,OSLA,0.0,0.0,OSLA
1452779804,Checkers,0,GAME_OVER,51,50,2,923,OSLA,1.0,-1.0,OSLA
1560554700,Checkers,0,GAME_OVER,39,38,2,924,OSLA,-1.0,1.0,OSLA
267543713,Checkers,0,GAME_OVER,47,46,2,925,OSLA,1.0,-1.0,OSLA
-603061282,Checkers,0,GAME_OVER,51,50,2,926,OSLA,1.0,-1.0,OSLA
-1319271451,Checkers,0,GAME_OVER,43,42,2,927,OSLA,-1.0,1.0,OSLA
343401531,Checkers,0,GAME_OVER,53,52,2,928,OSLA,1.0,-1.0,OSLA
-1962222305,Checkers,0,GAME_OVER,46,45,2,929,OSLA,-1.0,1.0,OSLA
-693592698,Checkers,0,GAME_OVER,47,46,2,930,OSLA,-1.0,1.0,OSLA
1689540083,Checkers,0,GAME_OVER,47,46,2,931,OSLA,-1.0,1.0,OSLA
-2003835478,Checkers,0,GAME_OVER,52,51,2,932,OSLA,-1.0,1.0,OSLA
1783499042,Checkers,0,GAME_OVER,42,41,2,933,OSLA,1.0,-1.0,OSLA
-327792680,Checkers,0,GAME_OVER,52,51,2,934,OSLA,1.0,-1.0,OSLA
-1699980969,Checkers,0,GAME_OVER,27,26,2,935,OSLA,1.0,-1.0,OSLA
-1819810832,Checkers,0,GAME_OVER,85,84,2,936,OSLA,1.0,-1.0,OSLA
-841358386,Checkers,0,GAME_OVER,55,54,2,937,OSLA,1.0,-1.0,OSLA
2080587758,Checkers,0,GAME_OVER,56,55,2,938,OSLA,-1.0,1.0,OSLA
-1280415314,Checkers,0,GAME_OVER,57,56,2,939,OSLA,1.0,-1.0,OSLA
-1589158886,Checkers,0,GAME_OVER,123,122,2,940,OSLA,-1.0,1.0,OSLA
-938597046,Checkers,0,GAME_OVER,43,42,2,941,OSLA,-1.0,1.0,OSLA
116382727,Checkers,0,GAME_OVER,53,52,2,942,OSLA,-1.0,1.0,OSLA
1171531941,Checkers,0,GAME_OVER,128,127,2,943,OSLA,0.0,0.0,OSLA
-1167607390,Checkers,0,GAME_OVER,61,60,2,944,OSLA,1.0,-1.0,OSLA
195060971,Checkers,0,GAME_OVER,48,47,2,945,OSLA,1.0,-1.0,OSLA
408906979,Checkers,0,GAME_OVER,40,39,2,946,OSLA,-1.0,1.0,OSLA
1778345663,Checkers,0,GAME_OVER,50,49,2,947,OSLA,-1.0,1.0,OSLA
-335803935,Checkers,0,GAME_OVER,50,49,2,948,OSLA,1.0,-1.0,OSLA
-1915897455,Checkers,0,GAME_OVER,27,26,2,949,OSLA,1.0,-1.0,OSLA
2120441937,Checkers,0,GAME_OVER,48,47,2,950,OSLA,-1.0,1.0,OSLA
-1476864939,Checkers,0,GAME_OVER,106,105,2,951,OSLA,0.0,0.0,OSLA
190575297,Checkers,0,GAME_OVER,38,37,2,952,OSLA,1.0,-1.0,OSLA
-1017414575,Checkers,0,GAME_OVER,42,41,2,953,OSLA,-1.0,1.0,OSLA
-1721927419,Checkers,0,GAME_OVER,60,59,2,954,OSLA,-1.0,1.0,OSLA
1356480222,Checkers,0,GAME_OVER,99,98,2,955,OSLA,0.0,0.0,OSLA
454746294,Checkers,0,GAME_OVER,49,48,2,956,OSLA,-1.0,1.0,OSLA
-1508961964,Checkers,0,GAME_OVER,83,82,2,957,OSLA,0.0,0.0,OSLA
950874031,Checkers,0,GAME_OVER,46,45,2,958,OSLA,-1.0,1.0,OSLA
277405296,Checkers,0,GAME_OVER,127,126,2,959,OSLA,0.0,0.0,OSLA
191864814,Checkers,0,GAME_OVER,93,92,2,960,OSLA,0.0,0.0,OSLA
140434174,Checkers,0,GAME_OVER,33,32,2,961,OSLA,-1.0,1.0,OSLA
-1800826552,Checkers,0,GAME_OVER,37,36,2,962,OSLA,-1.0,1.0,OSLA
-1471645817,Checkers,0,GAME_OVER,50,49,2,963,OSLA,1.0,-1.0,OSLA
1944048838,Checkers,0,GAME_OVER,27,26,2,964,OSLA,1.0,-1.0,OSLA
1419557714,Checkers,0,GAME_OVER,67,66,2,965,OSLA,1.0,-1.0,OSLA
-466997586,Checkers,0,GAME_OVER,43,42,2,966,OSLA,1.0,-1.0,OSLA
-709339900,Checkers,0,GAME_OVER,58,57,2,967,OSLA,-1.0,1.0,OSLA
692455296,Checkers,0,GAME_OVER,47,46,2,968,OSLA,1.0,-1.0,OSLA
-1107507308,Checkers,0,GAME_OVER,46,45,2,969,OSLA,-1.0,1.0,OSLA
351727987,Checkers,0,GAME_OVER,62,61,2,970,OSLA,-1.0,1.0,OSLA
1595367031,Checkers,0,GAME_OVER,51,50,2,971,OSLA,-1.0,1.0,OSLA
562050867,Checkers,0,GAME_OVER,108,107,2,972,OSLA,1.0,-1.0,OSLA
450957871,Checkers,0,GAME_OVER,61,60,2,973,OSLA,-1.0,1.0,OSLA
-1415583247,Checkers,0,GAME_OVER,152,151,2,974,OSLA,0.0,0.0,OSLA
-1749234016,Checkers,0,GAME_OVER,147,146,2,975,OSLA,0.0,0.0,OSLA
142616578,Checkers,0,GAME_OVER,44,43,2,976,OSLA,1.0,-1.0,OSLA
855486169,Checkers,0,GAME_OVER,47,46,2,977,OSLA,-1.0,1.0,OSLA
1840999073,Checkers,0,GAME_OVER,75,74,2,978,OSLA,-1.0,1.0,OSLA
-1299755470,Checkers,0,GAME_OVER,49,48,2,979,OSLA,-1.0,1.0,OSLA
-799678320,Checkers,0,GAME_OVER,56,55,2,980,OSLA,-1.0,1.0,OSLA
-1082764044,Checkers,0,GAME_OVER,49,48,2,981,OSLA,-1.0,1.0,OSLA
2056914092,Checkers,0,GAME_OVER,151,150,2,982,OSLA,0.0,0.0,OSLA
735868635,Checkers,0,GAME_OVER,43,42,2,983,OSLA,-1.0,1.0,OSLA
-1570764109,Checkers,0,GAME_OVER,49,48,2,984,OSLA,-1.0,1.0,OSLA
-783727561,Checkers,0,GAME_OVER,33,32,2,985,OSLA,1.0,-1.0,OSLA
-278578750,Checkers,0,GAME_OVER,43,42,2,986,OSLA,1.0,-1.0,OSLA
99549824,Checkers,0,GAME_OVER,49,48,2,987,OSLA,1.0,-1.0,OSLA
576007015,Checkers,0,GAME_OVER,59,58,2,988,OSLA,1.0,-1.0,OSLA
-781103219,Checkers,0,GAME_OVER,43,42,2,989,OSLA,-1.0,1.0,OSLA
1301739307,Checkers,0,GAME_OVER,31,30,2,990,OSLA,-1.0,1.0,OSLA
-1868420403,Checkers,0,GAME_OVER,149,148,2,991,OSLA,0.0,0.0,OSLA
1469310468,Checkers,0,GAME_OVER,45,44,2,992,OSLA,1.0,-1.0,OSLA
6500924,Checkers,0,GAME_OVER,45,44,2,993,OSLA,1.0,-1.0,OSLA
319106587,Checkers,0,GAME_OVER,101,100,2,994,OSLA,0.0,0.0,OSLA
-691733268,Checkers,0,GAME_OVER,84,83,2,995,OSLA,-1.0,1.0,OSLA
-1386758477,Checkers,0,GAME_OVER,49,48,2,996,OSLA,-1.0,1.0,OSLA
-836201654,Checkers,0,GAME_OVER,56,55,2,997,OSLA,1.0,-1.0,OSLA
1520311625,Checkers,0,GAME_OVER,56,55,2,998,OSLA,-1.0,1.0,OSLA
1690871187,Checkers,0,GAME_OVER,32,31,2,999,OSLA,-1.0,1.0,OSLA
-497872866,Checkers,0,GAME_OVER,45,44,2,1000,OSLA,1.0,-1.0,OSLA
-878879973,Checkers,0,GAME_OVER,32,31,2,1001,OSLA,-1.0,1.0,OSLA
-1176337153,Checkers,0,GAME_OVER,34,33,2,1002,OSLA,-1.0,1.0,RandomPlayerConfig
-1203383237,Checkers,0,GAME_OVER,49,48,2,1003,OSLA,-1.0,1.0,RandomPlayerConfig
-731044798,Checkers,0,GAME_OVER,50,49,2,1004,OSLA,-1.0,1.0,RandomPlayerConfig
-214896742,Checkers,0,GAME_OVER,48,47,2,1005,OSLA,-1.0,1.0,RandomPlayerConfig
904131606,Checkers,0,GAME_OVER,39,38,2,1006,OSLA,-1.0,1.0,RandomPlayerConfig
-836935709,Checkers,0,GAME_OVER,42,41,2,1007,OSLA,-1.0,1.0,RandomPlayerConfig
-722893542,Checkers,0,GAME_OVER,48,47,2,1008,OSLA,-1.0,1.0,RandomPlayerConfig
1340300709,Checkers,0,GAME_OVER,43,42,2,1009,OSLA,-1.0,1.0,RandomPlayerConfig
-2124934750,Checkers,0,GAME_OVER,41,40,2,1010,OSLA,-1.0,1.0,RandomPlayerConfig
-35611374,Checkers,0,GAME_OVER,52,51,2,1011,OSLA,-1.0,1.0,RandomPlayerConfig
286717860,Checkers,0,GAME_OVER,44,43,2,1012,OSLA,-1.0,1.0,RandomPlayerConfig
59274752,Checkers,0,GAME_OVER,44,43,2,1013,OSLA,-1.0,1.0,RandomPlayerConfig
-1426514565,Checkers,0,GAME_OVER,39,38,2,1014,OSLA,-1.0,1.0,RandomPlayerConfig
1638937389,Checkers,0,GAME_OVER,43,42,2,1015,OSLA,-1.0,1.0,RandomPlayerConfig
-313547086,Checkers,0,GAME_OVER,36,35,2,1016,OSLA,-1.0,1.0,RandomPlayerConfig
-1292871560,Checkers,0,GAME_OVER,47,46,2,1017,OSLA,-1.0,1.0,RandomPlayerConfig
141710200,Checkers,0,GAME_OVER,36,35,2,1018,OSLA,-1.0,1.0,RandomPlayerConfig
-173761553,Checkers,0,GAME_OVER,38,37,2,1019,OSLA,-1.0,1.0,RandomPlayerConfig
-527106957,Checkers,0,GAME_OVER,38,37,2,1020,OSLA,-1.0,1.0,RandomPlayerConfig
2086646756,Checkers,0,GAME_OVER,34,33,2,1021,OSLA,-1.0,1.0,RandomPlayerConfig
-616978944,Checkers,0,GAME_OVER,51,50,2,1022,OSLA,-1.0,1.0,RandomPlayerConfig
-1097626520,Checkers,0,GAME_OVER,43,42,2,1023,OSLA,-1.0,1.0,RandomPlayerConfig
-1700335317,Checkers,0,GAME_OVER,42,41,2,1024,OSLA,-1.0,1.0,RandomPlayerConfig
-970850095,Checkers,0,GAME_OVER,42,41,2,1025,OSLA,-1.0,1.0,RandomPlayerConfig
-323875359,Checkers,0,GAME_OVER,63,62,2,1026,OSLA,-1.0,1.0,RandomPlayerConfig
-2016122297,Checkers,0,GAME_OVER,38,37,2,1027,OSLA,-1.0,1.0,RandomPlayerConfig
1689588006,Checkers,0,GAME_OVER,40,39,2,1028,OSLA,-1.0,1.0,RandomPlayerConfig
-1976417695,Checkers,0,GAME_OVER,39,38,2,1029,OSLA,-1.0,1.0,RandomPlayerConfig
-326991008,Checkers,0,GAME_OVER,47,46,2,1030,OSLA,-1.0,1.0,RandomPlayerConfig
679498075,Checkers,0,GAME_OVER,38,37,2,1031,OSLA,-1.0,1.0,RandomPlayerConfig
-1337627158,Checkers,0,GAME_OVER,39,38,2,1032,OSLA,1.0,-1.0,RandomPlayerConfig
523530607,Checkers,0,GAME_OVER,47,46,2,1033,OSLA,-1.0,1.0,RandomPlayerConfig
372962448,Checkers,0,GAME_OVER,40,39,2,1034,OSLA,-1.0,1.0,RandomPlayerConfig
762211670,Checkers,0,GAME_OVER,50,49,2,1035,OSLA,-1.0,1.0,RandomPlayerConfig
-386077013,Checkers,0,GAME_OVER,35,34,2,1036,OSLA,-1.0,1.0,RandomPlayerConfig
1173878263,Checkers,0,GAME_OVER,34,33,2,1037,OSLA,-1.0,1.0,RandomPlayerConfig
-886977305,Checkers,0,GAME_OVER,41,40,2,1038,OSLA,-1.0,1.0,RandomPlayerConfig
1375054804,Checkers,0,GAME_OVER,37,36,2,1039,OSLA,-1.0,1.0,RandomPlayerConfig
2025305091,Checkers,0,GAME_OVER,50,49,2,1040,OSLA,-1.0,1.0,RandomPlayerConfig
-748825931,Checkers,0,GAME_OVER,38,37,2,1041,OSLA,-1.0,1.0,RandomPlayerConfig
664396301,Checkers,0,GAME_OVER,31,30,2,1042,OSLA,-1.0,1.0,RandomPlayerConfig
-628553061,Checkers,0,GAME_OVER,38,37,2,1043,OSLA,-1.0,1.0,RandomPlayerConfig
-384335134,Checkers,0,GAME_OVER,36,35,2,1044,OSLA,-1.0,1.0,RandomPlayerConfig
520316683,Checkers,0,GAME_OVER,37,36,2,1045,OSLA,-1.0,1.0,RandomPlayerConfig
37345783,Checkers,0,GAME_OVER,45,44,2,1046,OSLA,-1.0,1.0,RandomPlayerConfig
-1445722588,Checkers,0,GAME_OVER,37,36,2,1047,OSLA,-1.0,1.0,RandomPlayerConfig
-979801406,Checkers,0,GAME_OVER,43,42,2,1048,OSLA,-1.0,1.0,RandomPlayerConfig
163375911,Checkers,0,GAME_OVER,44,43,2,1049,OSLA,-1.0,1.0,RandomPlayerConfig
1655397940,Checkers,0,GAME_OVER,44,43,2,1050,OSLA,-1.0,1.0,RandomPlayerConfig
-1890522022,Checkers,0,GAME_OVER,43,42,2,1051,OSLA,-1.0,1.0,RandomPlayerConfig
1688410911,Checkers,0,GAME_OVER,37,36,2,1052,OSLA,-1.0,1.0,RandomPlayerConfig
-235337115,Checkers,0,GAME_OVER,41,40,2,1053,OSLA,-1.0,1.0,RandomPlayerConfig
419016838,Checkers,0,GAME_OVER,38,37,2,1054,OSLA,-1.0,1.0,RandomPlayerConfig
-1649731680,Checkers,0,GAME_OVER,48,47,2,1055,OSLA,-1.0,1.0,RandomPlayerConfig
-804545498,Checkers,0,GAME_OVER,39,38,2,1056,OSLA,-1.0,1.0,RandomPlayerConfig
-371638287,Checkers,0,GAME_OVER,47,46,2,1057,OSLA,-1.0,1.0,RandomPlayerConfig
1214018740,Checkers,0,GAME_OVER,42,41,2,1058,OSLA,-1.0,1.0,RandomPlayerConfig
1541101081,Checkers,0,GAME_OVER,42,41,2,1059,OSLA,-1.0,1.0,RandomPlayerConfig
1571446444,Checkers,0,GAME_OVER,39,38,2,1060,OSLA,-1.0,1.0,RandomPlayerConfig
-2124359248,Checkers,0,GAME_OVER,42,41,2,1061,OSLA,-1.0,1.0,RandomPlayerConfig
470074270,Checkers,0,GAME_OVER,45,44,2,1062,OSLA,-1.0,1.0,RandomPlayerConfig
-301137630,Checkers,0,GAME_OVER,38,37,2,1063,OSLA,-1.0,1.0,RandomPlayerConfig
296933217,Checkers,0,GAME_OVER,42,41,2,1064,OSLA,-1.0,1.0,RandomPlayerConfig
550946144,Checkers,0,GAME_OVER,41,40,2,1065,OSLA,-1.0,1.0,RandomPlayerConfig
1983896466,Checkers,0,GAME_OVER,42,41,2,1066,OSLA,-1.0,1.0,RandomPlayerConfig
926845219,Checkers,0,GAME_OVER,44,43,2,1067,OSLA,-1.0,1.0,RandomPlayerConfig
-28174011,Checkers,0,GAME_OVER,51,50,2,1068,OSLA,-1.0,1.0,RandomPlayerConfig
1385466877,Checkers,0,GAME_OVER,41,40,2,1069,OSLA,-1.0,1.0,RandomPlayerConfig
-878444067,Checkers,0,GAME_OVER,39,38,2,1070,OSLA,-1.0,1.0,RandomPlayerConfig
-898074233,Checkers,0,GAME_OVER,52,51,2,1071,OSLA,-1.0,1.0,RandomPlayerConfig
-1855511719,Checkers,0,GAME_OVER,37,36,2,1072,OSLA,-1.0,1.0,RandomPlayerConfig
708779878,Checkers,0,GAME_OVER,37,36,2,1073,OSLA,-1.0,1.0,RandomPlayerConfig
-365860445,Checkers,0,GAME_OVER,57,56,2,1074,OSLA,1.0,-1.0,RandomPlayerConfig
-425576184,Checkers,0,GAME_OVER,43,42,2,1075,OSLA,-1.0,1.0,RandomPlayerConfig
696636826,Checkers,0,GAME_OVER,42,41,2,1076,OSLA,-1.0,1.0,RandomPlayerConfig
-938713536,Checkers,0,GAME_OVER,41,40,2,1077,OSLA,-1.0,1.0,RandomPlayerConfig
-1600506893,Checkers,0,GAME_OVER,41,40,2,1078,OSLA,-1.0,1.0,RandomPlayerConfig
-894694865,Checkers,0,GAME_OVER,47,46,2,1079,OSLA,-1.0,1.0,RandomPlayerConfig
-1711292118,Checkers,0,GAME_OVER,49,48,2,1080,OSLA,-1.0,1.0,RandomPlayerConfig
-2088603110,Checkers,0,GAME_OVER,48,47,2,1081,OSLA,-1.0,1.0,RandomPlayerConfig
-511582955,Checkers,0,GAME_OVER,39,38,2,1082,OSLA,-1.0,1.0,RandomPlayerConfig
1429868571,Checkers,0,GAME_OVER,48,47,2,1083,OSLA,-1.0,1.0,RandomPlayerConfig
699221968,Checkers,0,GAME_OVER,40,39,2,1084,OSLA,-1.0,1.0,RandomPlayerConfig
-1337168942,Checkers,0,GAME_OVER,44,43,2,1085,OSLA,-1.0,1.0,RandomPlayerConfig
2058726182,Checkers,0,GAME_OVER,38,37,2,1086,OSLA,-1.0,1.0,RandomPlayerConfig
57957248,Checkers,0,GAME_OVER,52,51,2,1087,OSLA,-1.0,1.0,RandomPlayerConfig
1961148066,Checkers,0,GAME_OVER,55,54,2,1088,OSLA,-1.0,1.0,RandomPlayerConfig
-208551370,Checkers,0,GAME_OVER,56,55,2,1089,OSLA,-1.0,1.0,RandomPlayerConfig
-26938906,Checkers,0,GAME_OVER,50,49,2,1090,OSLA,-1.0,1.0,RandomPlayerConfig
710689778,Checkers,0,GAME_OVER,39,38,2,1091,OSLA,-1.0,1.0,RandomPlayerConfig
-944470016,Checkers,0,GAME_OVER,42,41,2,1092,OSLA,-1.0,1.0,RandomPlayerConfig
1727305453,Checkers,0,GAME_OVER,41,40,2,1093,OSLA,-1.0,1.0,RandomPlayerConfig
1434009552,Checkers,0,GAME_OVER,38,37,2,1094,OSLA,-1.0,1.0,RandomPlayerConfig
1699189091,Checkers,0,GAME_OVER,40,39,2,1095,OSLA,-1.0,1.0,RandomPlayerConfig
-1924114236,Checkers,0,GAME_OVER,57,56,2,1096,OSLA,-1.0,1.0,RandomPlayerConfig
439674264,Checkers,0,GAME_OVER,67,66,2,1097,OSLA,-1.0,1.0,RandomPlayerConfig
1000065131,Checkers,0,GAME_OVER,37,36,2,1098,OSLA,-1.0,1.0,RandomPlayerConfig
522598890,Checkers,0,GAME_OVER,43,42,2,1099,OSLA,-1.0,1.0,RandomPlayerConfig
1408310455,Checkers,0,GAME_OVER,41,40,2,1100,OSLA,-1.0,1.0,RandomPlayerConfig
330629427,Checkers,0,GAME_OVER,43,42,2,1101,OSLA,-1.0,1.0,RandomPlayerConfig
-797532192,Checkers,0,GAME_OVER,34,33,2,1102,OSLA,-1.0,1.0,RandomPlayerConfig
1262467013,Checkers,0,GAME_OVER,45,44,2,1103,OSLA,-1.0,1.0,RandomPlayerConfig
1416244806,Checkers,0,GAME_OVER,43,42,2,1104,OSLA,-1.0,1.0,RandomPlayerConfig
-1929509951,Checkers,0,GAME_OVER,43,42,2,1105,OSLA,-1.0,1.0,RandomPlayerConfig
2073402315,Checkers,0,GAME_OVER,39,38,2,1106,OSLA,-1.0,1.0,RandomPlayerConfig
-1855898719,Checkers,0,GAME_OVER,43,42,2,1107,OSLA,-1.0,1.0,RandomPlayerConfig
296605045,Checkers,0,GAME_OVER,34,33,2,1108,OSLA,-1.0,1.0,RandomPlayerConfig
-1993796568,Checkers,0,GAME_OVER,41,40,2,1109,OSLA,-1.0,1.0,RandomPlayerConfig
-1305219755,Checkers,0,GAME_OVER,44,43,2,1110,OSLA,-1.0,1.0,RandomPlayerConfig
-1589231848,Checkers,0,GAME_OVER,44,43,2,1111,OSLA,-1.0,1.0,RandomPlayerConfig
1504068114,Checkers,0,GAME_OVER,46,45,2,1112,OSLA,-1.0,1.0,RandomPlayerConfig
-503536039,Checkers,0,GAME_OVER,43,42,2,1113,OSLA,-1.0,1.0,RandomPlayerConfig
763414658,Checkers,0,GAME_OVER,46,45,2,1114,OSLA,-1.0,1.0,RandomPlayerConfig
362363770,Checkers,0,GAME_OVER,31,30,2,1115,OSLA,-1.0,1.0,RandomPlayerConfig
90666286,Checkers,0,GAME_OVER,47,46,2,1116,OSLA,-1.0,1.0,RandomPlayerConfig
-1009051213,Checkers,0,GAME_OVER,44,43,2,1117,OSLA,-1.0,1.0,RandomPlayerConfig
-843666233,Checkers,0,GAME_OVER,39,38,2,1118,OSLA,-1.0,1.0,RandomPlayerConfig
1350731983,Checkers,0,GAME_OVER,34,33,2,1119,OSLA,-1.0,1.0,RandomPlayerConfig
1309789641,Checkers,0,GAME_OVER,42,41,2,1120,OSLA,-1.0,1.0,RandomPlayerConfig
714234281,Checkers,0,GAME_OVER,40,39,2,1121,OSLA,-1.0,1.0,RandomPlayerConfig
-1744428321,Checkers,0,GAME_OVER,57,56,2,1122,OSLA,-1.0,1.0,RandomPlayerConfig
1452779804,Checkers,0,GAME_OVER,44,43,2,1123,OSLA,-1.0,1.0,RandomPlayerConfig
1560554700,Checkers,0,GAME_OVER,33,32,2,1124,OSLA,-1.0,1.0,RandomPlayerConfig
267543713,Checkers,0,GAME_OVER,42,41,2,1125,OSLA,-1.0,1.0,RandomPlayerConfig
-603061282,Checkers,0,GAME_OVER,41,40,2,1126,OSLA,-1.0,1.0,RandomPlayerConfig
-1319271451,Checkers,0,GAME_OVER,63,62,2,1127,OSLA,-1.0,1.0,RandomPlayerConfig
343401531,Checkers,0,GAME_OVER,39,38,2,1128,OSLA,-1.0,1.0,RandomPlayerConfig
-1962222305,Checkers,0,GAME_OVER,72,71,2,1129,OSLA,-1.0,1.0,RandomPlayerConfig
-693592698,Checkers,0,GAME_OVER,49,48,2,1130,OSLA,-1.0,1.0,RandomPlayerConfig
1689540083,Checkers,0,GAME_OVER,46,45,2,1131,OSLA,-1.0,1.0,RandomPlayerConfig
-2003835478,Checkers,0,GAME_OVER,40,39,2,1132,OSLA,-1.0,1.0,RandomPlayerConfig
1783499042,Checkers,0,GAME_OVER,52,51,2,1133,OSLA,-1.0,1.0,RandomPlayerConfig
-327792680,Checkers,0,GAME_OVER,33,32,2,1134,OSLA,-1.0,1.0,RandomPlayerConfig
-1699980969,Checkers,0,GAME_OVER,40,39,2,1135,OSLA,-1.0,1.0,RandomPlayerConfig
-1819810832,Checkers,0,GAME_OVER,38,37,2,1136,OSLA,-1.0,1.0,RandomPlayerConfig
-841358386,Checkers,0,GAME_OVER,41,40,2,1137,OSLA,-1.0,1.0,RandomPlayerConfig
2080587758,Checkers,0,GAME_OVER,41,40,2,1138,OSLA,-1.0,1.0,RandomPlayerConfig
-1280415314,Checkers,0,GAME_OVER,46,45,2,1139,OSLA,-1.0,1.0,RandomPlayerConfig
-1589158886,Checkers,0,GAME_OVER,45,44,2,1140,OSLA,-1.0,1.0,RandomPlayerConfig
-938597046,Checkers,0,GAME_OVER,33,32,2,1141,OSLA,-1.0,1.0,RandomPlayerConfig
116382727,Checkers,0,GAME_OVER,46,45,2,1142,OSLA,-1.0,1.0,RandomPlayerConfig
1171531941,Checkers,0,GAME_OVER,59,58,2,1143,OSLA,-1.0,1.0,RandomPlayerConfig
-1167607390,Checkers,0,GAME_OVER,40,39,2,1144,OSLA,-1.0,1.0,RandomPlayerConfig
195060971,Checkers,0,GAME_OVER,35,34,2,1145,OSLA,-1.0,1.0,RandomPlayerConfig
408906979,Checkers,0,GAME_OVER,34,33,2,1146,OSLA,-1.0,1.0,RandomPlayerConfig
1778345663,Checkers,0,GAME_OVER,52,51,2,1147,OSLA,-1.0,1.0,RandomPlayerConfig
-335803935,Checkers,0,GAME_OVER,36,35,2,1148,OSLA,-1.0,1.0,RandomPlayerConfig
-1915897455,Checkers,0,GAME_OVER,33,32,2,1149,OSLA,-1.0,1.0,RandomPlayerConfig
2120441937,Checkers,0,GAME_OVER,46,45,2,1150,OSLA,-1.0,1.0,RandomPlayerConfig
-1476864939,Checkers,0,GAME_OVER,49,48,2,1151,OSLA,-1.0,1.0,RandomPlayerConfig
190575297,Checkers,0,GAME_OVER,46,45,2,1152,OSLA,1.0,-1.0,RandomPlayerConfig
-1017414575,Checkers,0,GAME_OVER,43,42,2,1153,OSLA,-1.0,1.0,RandomPlayerConfig
-1721927419,Checkers,0,GAME_OVER,52,51,2,1154,OSLA,-1.0,1.0,RandomPlayerConfig
1356480222,Checkers,0,GAME_OVER,41,40,2,1155,OSLA,-1.0,1.0,RandomPlayerConfig
454746294,Checkers,0,GAME_OVER,48,47,2,1156,OSLA,-1.0,1.0,RandomPlayerConfig
-1508961964,Checkers,0,GAME_OVER,44,43,2,1157,OSLA,-1.0,1.0,RandomPlayerConfig
950874031,Checkers,0,GAME_OVER,42,41,2,1158,OSLA,-1.0,1.0,RandomPlayerConfig
277405296,Checkers,0,GAME_OVER,43,42,2,1159,OSLA,-1.0,1.0,RandomPlayerConfig
191864814,Checkers,0,GAME_OVER,36,35,2,1160,OSLA,-1.0,1.0,RandomPlayerConfig
140434174,Checkers,0,GAME_OVER,53,52,2,1161,OSLA,-1.0,1.0,RandomPlayerConfig
-1800826552,Checkers,0,GAME_OVER,38,37,2,1162,OSLA,-1.0,1.0,RandomPlayerConfig
-1471645817,Checkers,0,GAME_OVER,48,47,2,1163,OSLA,-1.0,1.0,RandomPlayerConfig
1944048838,Checkers,0,GAME_OVER,43,42,2,1164,OSLA,-1.0,1.0,RandomPlayerConfig
1419557714,Checkers,0,GAME_OVER,42,41,2,1165,OSLA,-1.0,1.0,RandomPlayerConfig
-466997586,Checkers,0,GAME_OVER,40,39,2,1166,OSLA,-1.0,1.0,RandomPlayerConfig
-709339900,Checkers,0,GAME_OVER,50,49,2,1167,OSLA,-1.0,1.0,RandomPlayerConfig
692455296,Checkers,0,GAME_OVER,46,45,2,1168,OSLA,-1.0,1.0,RandomPlayerConfig
-1107507308,Checkers,0,GAME_OVER,51,50,2,1169,OSLA,-1.0,1.0,RandomPlayerConfig
351727987,Checkers,0,GAME_OVER,49,48,2,1170,OSLA,-1.0,1.0,RandomPlayerConfig
1595367031,Checkers,0,GAME_OVER,39,38,2,1171,OSLA,-1.0,1.0,RandomPlayerConfig
562050867,Checkers,0,GAME_OVER,38,37,2,1172,OSLA,-1.0,1.0,RandomPlayerConfig
450957871,Checkers,0,GAME_OVER,44,43,2,1173,OSLA,-1.0,1.0,RandomPlayerConfig
-1415583247,Checkers,0,GAME_OVER,43,42,2,1174,OSLA,-1.0,1.0,RandomPlayerConfig
-1749234016,Checkers,0,GAME_OVER,41,40,2,1175,OSLA,-1.0,1.0,RandomPlayerConfig
142616578,Checkers,0,GAME_OVER,42,41,2,1176,OSLA,-1.0,1.0,RandomPlayerConfig
855486169,Checkers,0,GAME_OVER,42,41,2,1177,OSLA,-1.0,1.0,RandomPlayerConfig
1840999073,Checkers,0,GAME_OVER,34,33,2,1178,OSLA,-1.0,1.0,RandomPlayerConfig
-1299755470,Checkers,0,GAME_OVER,52,51,2,1179,OSLA,-1.0,1.0,RandomPlayerConfig
-799678320,Checkers,0,GAME_OVER,34,33,2,1180,OSLA,-1.0,1.0,RandomPlayerConfig
-1082764044,Checkers,0,GAME_OVER,44,43,2,1181,OSLA,-1.0,1.0,RandomPlayerConfig
2056914092,Checkers,0,GAME_OVER,39,38,2,1182,OSLA,-1.0,1.0,RandomPlayerConfig
735868635,Checkers,0,GAME_OVER,45,44,2,1183,OSLA,-1.0,1.0,RandomPlayerConfig
-1570764109,Checkers,0,GAME_OVER,46,45,2,1184,OSLA,-1.0,1.0,RandomPlayerConfig
-783727561,Checkers,0,GAME_OVER,47,46,2,1185,OSLA,-1.0,1.0,RandomPlayerConfig
-278578750,Checkers,0,GAME_OVER,49,48,2,1186,OSLA,-1.0,1.0,RandomPlayerConfig
99549824,Checkers,0,GAME_OVER,48,47,2,1187,OSLA,-1.0,1.0,RandomPlayerConfig
576007015,Checkers,0,GAME_OVER,46,45,2,1188,OSLA,-1.0,1.0,RandomPlayerConfig
-781103219,Checkers,0,GAME_OVER,45,44,2,1189,OSLA,-1.0,1.0,RandomPlayerConfig
1301739307,Checkers,0,GAME_OVER,40,39,2,1190,OSLA,-1.0,1.0,RandomPlayerConfig
-1868420403,Checkers,0,GAME_OVER,43,42,2,1191,OSLA,-1.0,1.0,RandomPlayerConfig
1469310468,Checkers,0,GAME_OVER,46,45,2,1192,OSLA,-1.0,1.0,RandomPlayerConfig
6500924,Checkers,0,GAME_OVER,39,38,2,1193,OSLA,-1.0,1.0,RandomPlayerConfig
319106587,Checkers,0,GAME_OVER,45,44,2,1194,OSLA,-1.0,1.0,RandomPlayerConfig
-691733268,Checkers,0,GAME_OVER,45,44,2,1195,OSLA,-1.0,1.0,RandomPlayerConfig
-1386758477,Checkers,0,GAME_OVER,39,38,2,1196,OSLA,-1.0,1.0,RandomPlayerConfig
-836201654,Checkers,0,GAME_OVER,40,39,2,1197,OSLA,-1.0,1.0,RandomPlayerConfig
1520311625,Checkers,0,GAME_OVER,36,35,2,1198,OSLA,-1.0,1.0,RandomPlayerConfig
1690871187,Checkers,0,GAME_OVER,42,41,2,1199,OSLA,-1.0,1.0,RandomPlayerConfig
-497872866,Checkers,0,GAME_OVER,44,43,2,1200,OSLA,-1.0,1.0,RandomPlayerConfig
-878879973,Checkers,0,GAME_OVER,41,40,2,1201,OSLA,-1.0,1.0,RandomPlayerConfig
-1176337153,Checkers,0,GAME_OVER,39,38,2,1202,RandomPlayerConfig,1.0,-1.0,MCTS_CheckersHeuristic
-1203383237,Checkers,0,GAME_OVER,48,47,2,1203,RandomPlayerConfig,1.0,-1.0,MCTS_CheckersHeuristic
-731044798,Checkers,0,GAME_OVER,35,34,2,1204,RandomPlayerConfig,1.0,-1.0,MCTS_CheckersHeuristic
-214896742,Checkers,0,GAME_OVER,51,50,2,1205,RandomPlayerConfig,1.0,-1.0,MCTS_CheckersHeuristic
904131606,Checkers,0,GAME_OVER,40,39,2,1206,RandomPlayerConfig,1.0,-1.0,MCTS_CheckersHeuristic
-836935709,Checkers,0,GAME_OVER,43,42,2,1207,RandomPlayerConfig,1.0,-1.0,MCTS_CheckersHeuristic
-722893542,Checkers,0,GAME_OVER,47,46,2,1208,RandomPlayerConfig,1.0,-1.0,MCTS_CheckersHeuristic
1340300709,Checkers,0,GAME_OVER,34,33,2,1209,RandomPlayerConfig,1.0,-1.0,MCTS_CheckersHeuristic
-2124934750,Checkers,0,GAME_OVER,31,30,2,1210,RandomPlayerConfig,1.0,-1.0,MCTS_CheckersHeuristic
-35611374,Checkers,0,GAME_OVER,39,38,2,1211,RandomPlayerConfig,1.0,-1.0,MCTS_CheckersHeuristic
286717860,Checkers,0,GAME_OVER,40,39,2,1212,RandomPlayerConfig,1.0,-1.0,MCTS_CheckersHeuristic
59274752,Checkers,0,GAME_OVER,37,36,2,1213,RandomPlayerConfig,1.0,-1.0,MCTS_CheckersHeuristic
-1426514565,Checkers,0,GAME_OVER,48,47,2,1214,RandomPlayerConfig,1.0,-1.0,MCTS_CheckersHeuristic
1638937389,Checkers,0,GAME_OVER,38,37,2,1215,RandomPlayerConfig,1.0,-1.0,MCTS_CheckersHeuristic
-313547086,Checkers,0,GAME_OVER,45,44,2,1216,RandomPlayerConfig,1.0,-1.0,MCTS_CheckersHeuristic
-1292871560,Checkers,0,GAME_OVER,40,39,2,1217,RandomPlayerConfig,1.0,-1.0,MCTS_CheckersHeuristic
141710200,Checkers,0,GAME_OVER,42,41,2,1218,RandomPlayerConfig,1.0,-1.0,MCTS_CheckersHeuristic
-173761553,Checkers,0,GAME_OVER,42,41,2,1219,RandomPlayerConfig,1.0,-1.0,MCTS_CheckersHeuristic
-527106957,Checkers,0,GAME_OVER,44,43,2,1220,RandomPlayerConfig,1.0,-1.0,MCTS_CheckersHeuristic
2086646756,Checkers,0,GAME_OVER,41,40,2,1221,RandomPlayerConfig,1.0,-1.0,MCTS_CheckersHeuristic
-616978944,Checkers,0,GAME_OVER,46,45,2,1222,RandomPlayerConfig,1.0,-1.0,MCTS_CheckersHeuristic
-1097626520,Checkers,0,GAME_OVER,46,45,2,1223,RandomPlayerConfig,1.0,-1.0,MCTS_CheckersHeuristic
-1700335317,Checkers,0,GAME_OVER,51,50,2,1224,RandomPlayerConfig,1.0,-1.0,MCTS_CheckersHeuristic
-970850095,Checkers,0,GAME_OVER,36,35,2,1225,RandomPlayerConfig,1.0,-1.0,MCTS_CheckersHeuristic
-323875359,Checkers,0,GAME_OVER,46,45,2,1226,RandomPlayerConfig,1.0,-1.0,MCTS_CheckersHeuristic
-2016122297,Checkers,0,GAME_OVER,39,38,2,1227,RandomPlayerConfig,1.0,-1.0,MCTS_CheckersHeuristic
1689588006,Checkers,0,GAME_OVER,38,37,2,1228,RandomPlayerConfig,1.0,-1.0,MCTS_CheckersHeuristic
-1976417695,Checkers,0,GAME_OVER,46,45,2,1229,RandomPlayerConfig,1.0,-1.0,MCTS_CheckersHeuristic
-326991008,Checkers,0,GAME_OVER,34,33,2,1230,RandomPlayerConfig,1.0,-1.0,MCTS_CheckersHeuristic
679498075,Checkers,0,GAME_OVER,36,35,2,1231,RandomPlayerConfig,1.0,-1.0,MCTS_CheckersHeuristic
-1337627158,Checkers,0,GAME_OVER,42,41,2,1232,RandomPlayerConfig,1.0,-1.0,MCTS_CheckersHeuristic
523530607,Checkers,0,GAME_OVER,41,40,2,1233,RandomPlayerConfig,1.0,-1.0,MCTS_CheckersHeuristic
372962448,Checkers,0,GAME_OVER,39,38,2,1234,RandomPlayerConfig,1.0,-1.0,MCTS_CheckersHeuristic
762211670,Checkers,0,GAME_OVER,38,37,2,1235,RandomPlayerConfig,1.0,-1.0,MCTS_CheckersHeuristic
-386077013,Checkers,0,GAME_OVER,42,41,2,1236,RandomPlayerConfig,1.0,-1.0,MCTS_CheckersHeuristic
1173878263,Checkers,0,GAME_OVER,37,36,2,1237,RandomPlayerConfig,1.0,-1.0,MCTS_CheckersHeuristic
-886977305,Checkers,0,GAME_OVER,46,45,2,1238,RandomPlayerConfig,1.0,-1.0,MCTS_CheckersHeuristic
1375054804,Checkers,0,GAME_OVER,43,42,2,1239,RandomPlayerConfig,1.0,-1.0,MCTS_CheckersHeuristic
2025305091,Checkers,0,GAME_OVER,38,37,2,1240,RandomPlayerConfig,1.0,-1.0,MCTS_CheckersHeuristic
-748825931,Checkers,0,GAME_OVER,49,48,2,1241,RandomPlayerConfig,1.0,-1.0,MCTS_CheckersHeuristic
664396301,Checkers,0,GAME_OVER,48,47,2,1242,RandomPlayerConfig,1.0,-1.0,MCTS_CheckersHeuristic
-628553061,Checkers,0,GAME_OVER,46,45,2,1243,RandomPlayerConfig,1.0,-1.0,MCTS_CheckersHeuristic
-384335134,Checkers,0,GAME_OVER,33,32,2,1244,RandomPlayerConfig,1.0,-1.0,MCTS_CheckersHeuristic
520316683,Checkers,0,GAME_OVER,36,35,2,1245,RandomPlayerConfig,1.0,-1.0,MCTS_CheckersHeuristic
37345783,Checkers,0,GAME_OVER,33,32,2,1246,RandomPlayerConfig,1.0,-1.0,MCTS_CheckersHeuristic
-1445722588,Checkers,0,GAME_OVER,52,51,2,1247,RandomPlayerConfig,1.0,-1.0,MCTS_CheckersHeuristic
-979801406,Checkers,0,GAME_OVER,45,44,2,1248,RandomPlayerConfig,1.0,-1.0,MCTS_CheckersHeuristic
163375911,Checkers,0,GAME_OVER,40,39,2,1249,RandomPlayerConfig,1.0,-1.0,MCTS_CheckersHeuristic
1655397940,Checkers,0,GAME_OVER,46,45,2,1250,RandomPlayerConfig,1.0,-1.0,MCTS_CheckersHeuristic
-1890522022,Checkers,0,GAME_OVER,49,48,2,1251,RandomPlayerConfig,1.0,-1.0,MCTS_CheckersHeuristic
1688410911,Checkers,0,GAME_OVER,46,45,2,1252,RandomPlayerConfig,1.0,-1.0,MCTS_CheckersHeuristic
-235337115,Checkers,0,GAME_OVER,52,51,2,1253,RandomPlayerConfig,1.0,-1.0,MCTS_CheckersHeuristic
419016838,Checkers,0,GAME_OVER,37,36,2,1254,RandomPlayerConfig,1.0,-1.0,MCTS_CheckersHeuristic
-1649731680,Checkers,0,GAME_OVER,53,52,2,1255,RandomPlayerConfig,1.0,-1.0,MCTS_CheckersHeuristic
-804545498,Checkers,0,GAME_OVER,40,39,2,1256,RandomPlayerConfig,1.0,-1.0,MCTS_CheckersHeuristic
-371638287,Checkers,0,GAME_OVER,43,42,2,1257,RandomPlayerConfig,1.0,-1.0,MCTS_CheckersHeuristic
1214018740,Checkers,0,GAME_OVER,42,41,2,1258,RandomPlayerConfig,1.0,-1.0,MCTS_CheckersHeuristic
1541101081,Checkers,0,GAME_OVER,37,36,2,1259,RandomPlayerConfig,1.0,-1.0,MCTS_CheckersHeuristic
1571446444,Checkers,0,GAME_OVER,39,38,2,1260,RandomPlayerConfig,1.0,-1.0,MCTS_CheckersHeuristic
-2124359248,Checkers,0,GAME_OVER,37,36,2,1261,RandomPlayerConfig,1.0,-1.0,MCTS_CheckersHeuristic
470074270,Checkers,0,GAME_OVER,46,45,2,1262,RandomPlayerConfig,1.0,-1.0,MCTS_CheckersHeuristic
-301137630,Checkers,0,GAME_OVER,45,44,2,1263,RandomPlayerConfig,1.0,-1.0,MCTS_CheckersHeuristic
296933217,Checkers,0,GAME_OVER,37,36,2,1264,RandomPlayerConfig,1.0,-1.0,MCTS_CheckersHeuristic
550946144,Checkers,0,GAME_OVER,43,42,2,1265,RandomPlayerConfig,1.0,-1.0,MCTS_CheckersHeuristic
1983896466,Checkers,0,GAME_OVER,42,41,2,1266,RandomPlayerConfig,1.0,-1.0,MCTS_CheckersHeuristic
926845219,Checkers,0,GAME_OVER,43,42,2,1267,RandomPlayerConfig,1.0,-1.0,MCTS_CheckersHeuristic
-28174011,Checkers,0,GAME_OVER,41,40,2,1268,RandomPlayerConfig,1.0,-1.0,MCTS_CheckersHeuristic
1385466877,Checkers,0,GAME_OVER,46,45,2,1269,RandomPlayerConfig,1.0,-1.0,MCTS_CheckersHeuristic
-878444067,Checkers,0,GAME_OVER,43,42,2,1270,RandomPlayerConfig,1.0,-1.0,MCTS_CheckersHeuristic
-898074233,Checkers,0,GAME_OVER,46,45,2,1271,RandomPlayerConfig,1.0,-1.0,MCTS_CheckersHeuristic
-1855511719,Checkers,0,GAME_OVER,43,42,2,1272,RandomPlayerConfig,1.0,-1.0,MCTS_CheckersHeuristic
708779878,Checkers,0,GAME_OVER,45,44,2,1273,RandomPlayerConfig,1.0,-1.0,MCTS_CheckersHeuristic
-365860445,Checkers,0,GAME_OVER,40,39,2,1274,RandomPlayerConfig,1.0,-1.0,MCTS_CheckersHeuristic
-425576184,Checkers,0,GAME_OVER,50,49,2,1275,RandomPlayerConfig,1.0,-1.0,MCTS_CheckersHeuristic
696636826,Checkers,0,GAME_OVER,45,44,2,1276,RandomPlayerConfig,1.0,-1.0,MCTS_CheckersHeuristic
-938713536,Checkers,0,GAME_OVER,45,44,2,1277,RandomPlayerConfig,1.0,-1.0,MCTS_CheckersHeuristic
-1600506893,Checkers,0,GAME_OVER,36,35,2,1278,RandomPlayerConfig,1.0,-1.0,MCTS_CheckersHeuristic
-894694865,Checkers,0,GAME_OVER,48,47,2,1279,RandomPlayerConfig,1.0,-1.0,MCTS_CheckersHeuristic
-1711292118,Checkers,0,GAME_OVER,41,40,2,1280,RandomPlayerConfig,1.0,-1.0,MCTS_CheckersHeuristic
-2088603110,Checkers,0,GAME_OVER,40,39,2,1281,RandomPlayerConfig,1.0,-1.0,MCTS_CheckersHeuristic
-511582955,Checkers,0,GAME_OVER,42,41,2,1282,RandomPlayerConfig,1.0,-1.0,MCTS_CheckersHeuristic
1429868571,Checkers,0,GAME_OVER,43,42,2,1283,RandomPlayerConfig,1.0,-1.0,MCTS_CheckersHeuristic
699221968,Checkers,0,GAME_OVER,41,40,2,1284,RandomPlayerConfig,1.0,-1.0,MCTS_CheckersHeuristic
-1337168942,Checkers,0,GAME_OVER,49,48,2,1285,RandomPlayerConfig,1.0,-1.0,MCTS_CheckersHeuristic
2058726182,Checkers,0,GAME_OVER,39,38,2,1286,RandomPlayerConfig,1.0,-1.0,MCTS_CheckersHeuristic
57957248,Checkers,0,GAME_OVER,42,41,2,1287,RandomPlayerConfig,1.0,-1.0,MCTS_CheckersHeuristic
1961148066,Checkers,0,GAME_OVER,40,39,2,1288,RandomPlayerConfig,1.0,-1.0,MCTS_CheckersHeuristic
-208551370,Checkers,0,GAME_OVER,40,39,2,1289,RandomPlayerConfig,1.0,-1.0,MCTS_CheckersHeuristic
-26938906,Checkers,0,GAME_OVER,44,43,2,1290,RandomPlayerConfig,1.0,-1.0,MCTS_CheckersHeuristic
710689778,Checkers,0,GAME_OVER,44,43,2,1291,RandomPlayerConfig,1.0,-1.0,MCTS_CheckersHeuristic
-944470016,Checkers,0,GAME_OVER,45,44,2,1292,RandomPlayerConfig,1.0,-1.0,MCTS_CheckersHeuristic
1727305453,Checkers,0,GAME_OVER,46,45,2,1293,RandomPlayerConfig,1.0,-1.0,MCTS_CheckersHeuristic
1434009552,Checkers,0,GAME_OVER,40,39,2,1294,RandomPlayerConfig,1.0,-1.0,MCTS_CheckersHeuristic
1699189091,Checkers,0,GAME_OVER,43,42,2,1295,RandomPlayerConfig,1.0,-1.0,MCTS_CheckersHeuristic
-1924114236,Checkers,0,GAME_OVER,46,45,2,1296,RandomPlayerConfig,1.0,-1.0,MCTS_CheckersHeuristic
439674264,Checkers,0,GAME_OVER,40,39,2,1297,RandomPlayerConfig,1.0,-1.0,MCTS_CheckersHeuristic
1000065131,Checkers,0,GAME_OVER,45,44,2,1298,RandomPlayerConfig,1.0,-1.0,MCTS_CheckersHeuristic
522598890,Checkers,0,GAME_OVER,44,43,2,1299,RandomPlayerConfig,1.0,-1.0,MCTS_CheckersHeuristic
1408310455,Checkers,0,GAME_OVER,45,44,2,1300,RandomPlayerConfig,1.0,-1.0,MCTS_CheckersHeuristic
330629427,Checkers,0,GAME_OVER,37,36,2,1301,RandomPlayerConfig,1.0,-1.0,MCTS_CheckersHeuristic
-797532192,Checkers,0,GAME_OVER,53,52,2,1302,RandomPlayerConfig,1.0,-1.0,MCTS_CheckersHeuristic
1262467013,Checkers,0,GAME_OVER,48,47,2,1303,RandomPlayerConfig,1.0,-1.0,MCTS_CheckersHeuristic
1416244806,Checkers,0,GAME_OVER,42,41,2,1304,RandomPlayerConfig,1.0,-1.0,MCTS_CheckersHeuristic
-1929509951,Checkers,0,GAME_OVER,44,43,2,1305,RandomPlayerConfig,1.0,-1.0,MCTS_CheckersHeuristic
2073402315,Checkers,0,GAME_OVER,40,39,2,1306,RandomPlayerConfig,1.0,-1.0,MCTS_CheckersHeuristic
-1855898719,Checkers,0,GAME_OVER,41,40,2,1307,RandomPlayerConfig,1.0,-1.0,MCTS_CheckersHeuristic
296605045,Checkers,0,GAME_OVER,45,44,2,1308,RandomPlayerConfig,1.0,-1.0,MCTS_CheckersHeuristic
-1993796568,Checkers,0,GAME_OVER,56,55,2,1309,RandomPlayerConfig,1.0,-1.0,MCTS_CheckersHeuristic
-1305219755,Checkers,0,GAME_OVER,43,42,2,1310,RandomPlayerConfig,1.0,-1.0,MCTS_CheckersHeuristic
-1589231848,Checkers,0,GAME_OVER,44,43,2,1311,RandomPlayerConfig,1.0,-1.0,MCTS_CheckersHeuristic
1504068114,Checkers,0,GAME_OVER,39,38,2,1312,RandomPlayerConfig,1.0,-1.0,MCTS_CheckersHeuristic
-503536039,Checkers,0,GAME_OVER,40,39,2,1313,RandomPlayerConfig,1.0,-1.0,MCTS_CheckersHeuristic
763414658,Checkers,0,GAME_OVER,38,37,2,1314,RandomPlayerConfig,1.0,-1.0,MCTS_CheckersHeuristic
362363770,Checkers,0,GAME_OVER,54,53,2,1315,RandomPlayerConfig,1.0,-1.0,MCTS_CheckersHeuristic
90666286,Checkers,0,GAME_OVER,44,43,2,1316,RandomPlayerConfig,1.0,-1.0,MCTS_CheckersHeuristic
-1009051213,Checkers,0,GAME_OVER,45,44,2,1317,RandomPlayerConfig,1.0,-1.0,MCTS_CheckersHeuristic
-843666233,Checkers,0,GAME_OVER,52,51,2,1318,RandomPlayerConfig,1.0,-1.0,MCTS_CheckersHeuristic
1350731983,Checkers,0,GAME_OVER,50,49,2,1319,RandomPlayerConfig,1.0,-1.0,MCTS_CheckersHeuristic
1309789641,Checkers,0,GAME_OVER,47,46,2,1320,RandomPlayerConfig,1.0,-1.0,MCTS_CheckersHeuristic
714234281,Checkers,0,GAME_OVER,35,34,2,1321,RandomPlayerConfig,1.0,-1.0,MCTS_CheckersHeuristic
-1744428321,Checkers,0,GAME_OVER,51,50,2,1322,RandomPlayerConfig,1.0,-1.0,MCTS_CheckersHeuristic
1452779804,Checkers,0,GAME_OVER,46,45,2,1323,RandomPlayerConfig,1.0,-1.0,MCTS_CheckersHeuristic
1560554700,Checkers,0,GAME_OVER,44,43,2,1324,RandomPlayerConfig,1.0,-1.0,MCTS_CheckersHeuristic
267543713,Checkers,0,GAME_OVER,35,34,2,1325,RandomPlayerConfig,1.0,-1.0,MCTS_CheckersHeuristic
-603061282,Checkers,0,GAME_OVER,43,42,2,1326,RandomPlayerConfig,1.0,-1.0,MCTS_CheckersHeuristic
-1319271451,Checkers,0,GAME_OVER,52,51,2,1327,RandomPlayerConfig,1.0,-1.0,MCTS_CheckersHeuristic
343401531,Checkers,0,GAME_OVER,38,37,2,1328,RandomPlayerConfig,1.0,-1.0,MCTS_CheckersHeuristic
-1962222305,Checkers,0,GAME_OVER,42,41,2,1329,RandomPlayerConfig,1.0,-1.0,MCTS_CheckersHeuristic
-693592698,Checkers,0,GAME_OVER,48,47,2,1330,RandomPlayerConfig,1.0,-1.0,MCTS_CheckersHeuristic
1689540083,Checkers,0,GAME_OVER,40,39,2,1331,RandomPlayerConfig,1.0,-1.0,MCTS_CheckersHeuristic
-2003835478,Checkers,0,GAME_OVER,38,37,2,1332,RandomPlayerConfig,1.0,-1.0,MCTS_CheckersHeuristic
1783499042,Checkers,0,GAME_OVER,37,36,2,1333,RandomPlayerConfig,1.0,-1.0,MCTS_CheckersHeuristic
-327792680,Checkers,0,GAME_OVER,39,38,2,1334,RandomPlayerConfig,1.0,-1.0,MCTS_CheckersHeuristic
-1699980969,Checkers,0,GAME_OVER,58,57,2,1335,RandomPlayerConfig,1.0,-1.0,MCTS_CheckersHeuristic
-1819810832,Checkers,0,GAME_OVER,47,46,2,1336,RandomPlayerConfig,1.0,-1.0,MCTS_CheckersHeuristic
-841358386,Checkers,0,GAME_OVER,35,34,2,1337,RandomPlayerConfig,1.0,-1.0,MCTS_CheckersHeuristic
2080587758,Checkers,0,GAME_OVER,47,46,2,1338,RandomPlayerConfig,1.0,-1.0,MCTS_CheckersHeuristic
-1280415314,Checkers,0,GAME_OVER,38,37,2,1339,RandomPlayerConfig,1.0,-1.0,MCTS_CheckersHeuristic
-1589158886,Checkers,0,GAME_OVER,41,40,2,1340,RandomPlayerConfig,1.0,-1.0,MCTS_CheckersHeuristic
-938597046,Checkers,0,GAME_OVER,44,43,2,1341,RandomPlayerConfig,1.0,-1.0,MCTS_CheckersHeuristic
116382727,Checkers,0,GAME_OVER,42,41,2,1342,RandomPlayerConfig,1.0,-1.0,MCTS_CheckersHeuristic
1171531941,Checkers,0,GAME_OVER,45,44,2,1343,RandomPlayerConfig,1.0,-1.0,MCTS_CheckersHeuristic
-1167607390,Checkers,0,GAME_OVER,43,42,2,1344,RandomPlayerConfig,1.0,-1.0,MCTS_CheckersHeuristic
195060971,Checkers,0,GAME_OVER,44,43,2,1345,RandomPlayerConfig,1.0,-1.0,MCTS_CheckersHeuristic
408906979,Checkers,0,GAME_OVER,45,44,2,1346,RandomPlayerConfig,1.0,-1.0,MCTS_CheckersHeuristic
1778345663,Checkers,0,GAME_OVER,48,47,2,1347,RandomPlayerConfig,1.0,-1.0,MCTS_CheckersHeuristic
-335803935,Checkers,0,GAME_OVER,41,40,2,1348,RandomPlayerConfig,1.0,-1.0,MCTS_CheckersHeuristic
-1915897455,Checkers,0,GAME_OVER,51,50,2,1349,RandomPlayerConfig,1.0,-1.0,MCTS_CheckersHeuristic
2120441937,Checkers,0,GAME_OVER,38,37,2,1350,RandomPlayerConfig,1.0,-1.0,MCTS_CheckersHeuristic
-1476864939,Checkers,0,GAME_OVER,48,47,2,1351,RandomPlayerConfig,1.0,-1.0,MCTS_CheckersHeuristic
190575297,Checkers,0,GAME_OVER,53,52,2,1352,RandomPlayerConfig,1.0,-1.0,MCTS_CheckersHeuristic
-1017414575,Checkers,0,GAME_OVER,33,32,2,1353,RandomPlayerConfig,1.0,-1.0,MCTS_CheckersHeuristic
-1721927419,Checkers,0,GAME_OVER,37,36,2,1354,RandomPlayerConfig,1.0,-1.0,MCTS_CheckersHeuristic
1356480222,Checkers,0,GAME_OVER,48,47,2,1355,RandomPlayerConfig,1.0,-1.0,MCTS_CheckersHeuristic
454746294,Checkers,0,GAME_OVER,39,38,2,1356,RandomPlayerConfig,1.0,-1.0,MCTS_CheckersHeuristic
-1508961964,Checkers,0,GAME_OVER,32,31,2,1357,RandomPlayerConfig,1.0,-1.0,MCTS_CheckersHeuristic
950874031,Checkers,0,GAME_OVER,47,46,2,1358,RandomPlayerConfig,1.0,-1.0,MCTS_CheckersHeuristic
277405296,Checkers,0,GAME_OVER,46,45,2,1359,RandomPlayerConfig,1.0,-1.0,MCTS_CheckersHeuristic
191864814,Checkers,0,GAME_OVER,48,47,2,1360,RandomPlayerConfig,1.0,-1.0,MCTS_CheckersHeuristic
140434174,Checkers,0,GAME_OVER,46,45,2,1361,RandomPlayerConfig,1.0,-1.0,MCTS_CheckersHeuristic
-1800826552,Checkers,0,GAME_OVER,39,38,2,1362,RandomPlayerConfig,1.0,-1.0,MCTS_CheckersHeuristic
-1471645817,Checkers,0,GAME_OVER,41,40,2,1363,RandomPlayerConfig,1.0,-1.0,MCTS_CheckersHeuristic
1944048838,Checkers,0,GAME_OVER,42,41,2,1364,RandomPlayerConfig,1.0,-1.0,MCTS_CheckersHeuristic
1419557714,Checkers,0,GAME_OVER,33,32,2,1365,RandomPlayerConfig,1.0,-1.0,MCTS_CheckersHeuristic
-466997586,Checkers,0,GAME_OVER,36,35,2,1366,RandomPlayerConfig,1.0,-1.0,MCTS_CheckersHeuristic
-709339900,Checkers,0,GAME_OVER,37,36,2,1367,RandomPlayerConfig,1.0,-1.0,MCTS_CheckersHeuristic
692455296,Checkers,0,GAME_OVER,49,48,2,1368,RandomPlayerConfig,1.0,-1.0,MCTS_CheckersHeuristic
-1107507308,Checkers,0,GAME_OVER,57,56,2,1369,RandomPlayerConfig,1.0,-1.0,MCTS_CheckersHeuristic
351727987,Checkers,0,GAME_OVER,39,38,2,1370,RandomPlayerConfig,1.0,-1.0,MCTS_CheckersHeuristic
1595367031,Checkers,0,GAME_OVER,39,38,2,1371,RandomPlayerConfig,1.0,-1.0,MCTS_CheckersHeuristic
562050867,Checkers,0,GAME_OVER,43,42,2,1372,RandomPlayerConfig,1.0,-1.0,MCTS_CheckersHeuristic
450957871,Checkers,0,GAME_OVER,42,41,2,1373,RandomPlayerConfig,1.0,-1.0,MCTS_CheckersHeuristic
-1415583247,Checkers,0,GAME_OVER,45,44,2,1374,RandomPlayerConfig,1.0,-1.0,MCTS_CheckersHeuristic
-1749234016,Checkers,0,GAME_OVER,44,43,2,1375,RandomPlayerConfig,1.0,-1.0,MCTS_CheckersHeuristic
142616578,Checkers,0,GAME_OVER,45,44,2,1376,RandomPlayerConfig,1.0,-1.0,MCTS_CheckersHeuristic
855486169,Checkers,0,GAME_OVER,44,43,2,1377,RandomPlayerConfig,1.0,-1.0,MCTS_CheckersHeuristic
1840999073,Checkers,0,GAME_OVER,47,46,2,1378,RandomPlayerConfig,1.0,-1.0,MCTS_CheckersHeuristic
-1299755470,Checkers,0,GAME_OVER,43,42,2,1379,RandomPlayerConfig,1.0,-1.0,MCTS_CheckersHeuristic
-799678320,Checkers,0,GAME_OVER,40,39,2,1380,RandomPlayerConfig,1.0,-1.0,MCTS_CheckersHeuristic
-1082764044,Checkers,0,GAME_OVER,45,44,2,1381,RandomPlayerConfig,1.0,-1.0,MCTS_CheckersHeuristic
2056914092,Checkers,0,GAME_OVER,45,44,2,1382,RandomPlayerConfig,1.0,-1.0,MCTS_CheckersHeuristic
735868635,Checkers,0,GAME_OVER,36,35,2,1383,RandomPlayerConfig,1.0,-1.0,MCTS_CheckersHeuristic
-1570764109,Checkers,0,GAME_OVER,40,39,2,1384,RandomPlayerConfig,1.0,-1.0,MCTS_CheckersHeuristic
-783727561,Checkers,0,GAME_OVER,32,31,2,1385,RandomPlayerConfig,1.0,-1.0,MCTS_CheckersHeuristic
-278578750,Checkers,0,GAME_OVER,36,35,2,1386,RandomPlayerConfig,1.0,-1.0,MCTS_CheckersHeuristic
99549824,Checkers,0,GAME_OVER,55,54,2,1387,RandomPlayerConfig,1.0,-1.0,MCTS_CheckersHeuristic
576007015,Checkers,0,GAME_OVER,43,42,2,1388,RandomPlayerConfig,1.0,-1.0,MCTS_CheckersHeuristic
-781103219,Checkers,0,GAME_OVER,49,48,2,1389,RandomPlayerConfig,1.0,-1.0,MCTS_CheckersHeuristic
1301739307,Checkers,0,GAME_OVER,40,39,2,1390,RandomPlayerConfig,1.0,-1.0,MCTS_CheckersHeuristic
-1868420403,Checkers,0,GAME_OVER,42,41,2,1391,RandomPlayerConfig,1.0,-1.0,MCTS_CheckersHeuristic
1469310468,Checkers,0,GAME_OVER,40,39,2,1392,RandomPlayerConfig,1.0,-1.0,MCTS_CheckersHeuristic
6500924,Checkers,0,GAME_OVER,42,41,2,1393,RandomPlayerConfig,1.0,-1.0,MCTS_CheckersHeuristic
319106587,Checkers,0,GAME_OVER,42,41,2,1394,RandomPlayerConfig,1.0,-1.0,MCTS_CheckersHeuristic
-691733268,Checkers,0,GAME_OVER,38,37,2,1395,RandomPlayerConfig,1.0,-1.0,MCTS_CheckersHeuristic
-1386758477,Checkers,0,GAME_OVER,42,41,2,1396,RandomPlayerConfig,1.0,-1.0,MCTS_CheckersHeuristic
-836201654,Checkers,0,GAME_OVER,35,34,2,1397,RandomPlayerConfig,1.0,-1.0,MCTS_CheckersHeuristic
1520311625,Checkers,0,GAME_OVER,53,52,2,1398,RandomPlayerConfig,1.0,-1.0,MCTS_CheckersHeuristic
1690871187,Checkers,0,GAME_OVER,26,25,2,1399,RandomPlayerConfig,1.0,-1.0,MCTS_CheckersHeuristic
-497872866,Checkers,0,GAME_OVER,43,42,2,1400,RandomPlayerConfig,1.0,-1.0,MCTS_CheckersHeuristic
-878879973,Checkers,0,GAME_OVER,47,46,2,1401,RandomPlayerConfig,1.0,-1.0,MCTS_CheckersHeuristic
-1176337153,Checkers,0,GAME_OVER,51,50,2,1402,RandomPlayerConfig,1.0,-1.0,OSLA
-1203383237,Checkers,0,GAME_OVER,45,44,2,1403,RandomPlayerConfig,1.0,-1.0,OSLA
-731044798,Checkers,0,GAME_OVER,58,57,2,1404,RandomPlayerConfig,1.0,-1.0,OSLA
-214896742,Checkers,0,GAME_OVER,53,52,2,1405,RandomPlayerConfig,1.0,-1.0,OSLA
904131606,Checkers,0,GAME_OVER,52,51,2,1406,RandomPlayerConfig,1.0,-1.0,OSLA
-836935709,Checkers,0,GAME_OVER,54,53,2,1407,RandomPlayerConfig,1.0,-1.0,OSLA
-722893542,Checkers,0,GAME_OVER,43,42,2,1408,RandomPlayerConfig,1.0,-1.0,OSLA
1340300709,Checkers,0,GAME_OVER,40,39,2,1409,RandomPlayerConfig,1.0,-1.0,OSLA
-2124934750,Checkers,0,GAME_OVER,54,53,2,1410,RandomPlayerConfig,1.0,-1.0,OSLA
-35611374,Checkers,0,GAME_OVER,39,38,2,1411,RandomPlayerConfig,1.0,-1.0,OSLA
286717860,Checkers,0,GAME_OVER,44,43,2,1412,RandomPlayerConfig,1.0,-1.0,OSLA
59274752,Checkers,0,GAME_OVER,44,43,2,1413,RandomPlayerConfig,1.0,-1.0,OSLA
-1426514565,Checkers,0,GAME_OVER,39,38,2,1414,RandomPlayerConfig,1.0,-1.0,OSLA
1638937389,Checkers,0,GAME_OVER,46,45,2,1415,RandomPlayerConfig,1.0,-1.0,OSLA
-313547086,Checkers,0,GAME_OVER,39,38,2,1416,RandomPlayerConfig,1.0,-1.0,OSLA
-1292871560,Checkers,0,GAME_OVER,36,35,2,1417,RandomPlayerConfig,1.0,-1.0,OSLA
141710200,Checkers,0,GAME_OVER,34,33,2,1418,RandomPlayerConfig,1.0,-1.0,OSLA
-173761553,Checkers,0,GAME_OVER,50,49,2,1419,RandomPlayerConfig,1.0,-1.0,OSLA
-527106957,Checkers,0,GAME_OVER,38,37,2,1420,RandomPlayerConfig,1.0,-1.0,OSLA
2086646756,Checkers,0,GAME_OVER,45,44,2,1421,RandomPlayerConfig,1.0,-1.0,OSLA
-616978944,Checkers,0,GAME_OVER,39,38,2,1422,RandomPlayerConfig,1.0,-1.0,OSLA
-1097626520,Checkers,0,GAME_OVER,37,36,2,1423,RandomPlayerConfig,1.0,-1.0,OSLA
-1700335317,Checkers,0,GAME_OVER,41,40,2,1424,RandomPlayerConfig,1.0,-1.0,OSLA
-970850095,Checkers,0,GAME_OVER,38,37,2,1425,RandomPlayerConfig,1.0,-1.0,OSLA
-323875359,Checkers,0,GAME_OVER,40,39,2,1426,RandomPlayerConfig,1.0,-1.0,OSLA
-2016122297,Checkers,0,GAME_OVER,42,41,2,1427,RandomPlayerConfig,1.0,-1.0,OSLA
1689588006,Checkers,0,GAME_OVER,41,40,2,1428,RandomPlayerConfig,1.0,-1.0,OSLA
-1976417695,Checkers,0,GAME_OVER,45,44,2,1429,RandomPlayerConfig,1.0,-1.0,OSLA
-326991008,Checkers,0,GAME_OVER,43,42,2,1430,RandomPlayerConfig,1.0,-1.0,OSLA
679498075,Checkers,0,GAME_OVER,39,38,2,1431,RandomPlayerConfig,1.0,-1.0,OSLA
-1337627158,Checkers,0,GAME_OVER,43,42,2,1432,RandomPlayerConfig,1.0,-1.0,OSLA
523530607,Checkers,0,GAME_OVER,41,40,2,1433,RandomPlayerConfig,1.0,-1.0,OSLA
372962448,Checkers,0,GAME_OVER,47,46,2,1434,RandomPlayerConfig,1.0,-1.0,OSLA
762211670,Checkers,0,GAME_OVER,69,68,2,1435,RandomPlayerConfig,1.0,-1.0,OSLA
-386077013,Checkers,0,GAME_OVER,52,51,2,1436,RandomPlayerConfig,1.0,-1.0,OSLA
1173878263,Checkers,0,GAME_OVER,35,34,2,1437,RandomPlayerConfig,1.0,-1.0,OSLA
-886977305,Checkers,0,GAME_OVER,43,42,2,1438,RandomPlayerConfig,1.0,-1.0,OSLA
1375054804,Checkers,0,GAME_OVER,38,37,2,1439,RandomPlayerConfig,1.0,-1.0,OSLA
2025305091,Checkers,0,GAME_OVER,36,35,2,1440,RandomPlayerConfig,1.0,-1.0,OSLA
-748825931,Checkers,0,GAME_OVER,52,51,2,1441,RandomPlayerConfig,1.0,-1.0,OSLA
664396301,Checkers,0,GAME_OVER,47,46,2,1442,RandomPlayerConfig,1.0,-1.0,OSLA
-628553061,Checkers,0,GAME_OVER,39,38,2,1443,RandomPlayerConfig,1.0,-1.0,OSLA
-384335134,Checkers,0,GAME_OVER,49,48,2,1444,RandomPlayerConfig,1.0,-1.0,OSLA
520316683,Checkers,0,GAME_OVER,35,34,2,1445,RandomPlayerConfig,1.0,-1.0,OSLA
37345783,Checkers,0,GAME_OVER,42,41,2,1446,RandomPlayerConfig,1.0,-1.0,OSLA
-1445722588,Checkers,0,GAME_OVER,40,39,2,1447,RandomPlayerConfig,1.0,-1.0,OSLA
-979801406,Checkers,0,GAME_OVER,39,38,2,1448,RandomPlayerConfig,1.0,-1.0,OSLA
163375911,Checkers,0,GAME_OVER,39,38,2,1449,RandomPlayerConfig,1.0,-1.0,OSLA
1655397940,Checkers,0,GAME_OVER,45,44,2,1450,RandomPlayerConfig,1.0,-1.0,OSLA
-1890522022,Checkers,0,GAME_OVER,48,47,2,1451,RandomPlayerConfig,1.0,-1.0,OSLA
1688410911,Checkers,0,GAME_OVER,38,37,2,1452,RandomPlayerConfig,1.0,-1.0,OSLA
-235337115,Checkers,0,GAME_OVER,39,38,2,1453,RandomPlayerConfig,1.0,-1.0,OSLA
419016838,Checkers,0,GAME_OVER,35,34,2,1454,RandomPlayerConfig,1.0,-1.0,OSLA
-1649731680,Checkers,0,GAME_OVER,42,41,2,1455,RandomPlayerConfig,1.0,-1.0,OSLA
-804545498,Checkers,0,GAME_OVER,43,42,2,1456,RandomPlayerConfig,1.0,-1.0,OSLA
-371638287,Checkers,0,GAME_OVER,33,32,2,1457,RandomPlayerConfig,1.0,-1.0,OSLA
1214018740,Checkers,0,GAME_OVER,41,40,2,1458,RandomPlayerConfig,1.0,-1.0,OSLA
1541101081,Checkers,0,GAME_OVER,37,36,2,1459,RandomPlayerConfig,1.0,-1.0,OSLA
1571446444,Checkers,0,GAME_OVER,38,37,2,1460,RandomPlayerConfig,1.0,-1.0,OSLA
-2124359248,Checkers,0,GAME_OVER,40,39,2,1461,RandomPlayerConfig,1.0,-1.0,OSLA
470074270,Checkers,0,GAME_OVER,42,41,2,1462,RandomPlayerConfig,1.0,-1.0,OSLA
-301137630,Checkers,0,GAME_OVER,34,33,2,1463,RandomPlayerConfig,1.0,-1.0,OSLA
296933217,Checkers,0,GAME_OVER,47,46,2,1464,RandomPlayerConfig,1.0,-1.0,OSLA
550946144,Checkers,0,GAME_OVER,45,44,2,1465,RandomPlayerConfig,1.0,-1.0,OSLA
1983896466,Checkers,0,GAME_OVER,48,47,2,1466,RandomPlayerConfig,1.0,-1.0,OSLA
926845219,Checkers,0,GAME_OVER,38,37,2,1467,RandomPlayerConfig,1.0,-1.0,OSLA
-28174011,Checkers,0,GAME_OVER,40,39,2,1468,RandomPlayerConfig,1.0,-1.0,OSLA
1385466877,Checkers,0,GAME_OVER,40,39,2,1469,RandomPlayerConfig,1.0,-1.0,OSLA
-878444067,Checkers,0,GAME_OVER,62,61,2,1470,RandomPlayerConfig,1.0,-1.0,OSLA
-898074233,Checkers,0,GAME_OVER,41,40,2,1471,RandomPlayerConfig,1.0,-1.0,OSLA
-1855511719,Checkers,0,GAME_OVER,45,44,2,1472,RandomPlayerConfig,1.0,-1.0,OSLA
708779878,Checkers,0,GAME_OVER,46,45,2,1473,RandomPlayerConfig,1.0,-1.0,OSLA
-365860445,Checkers,0,GAME_OVER,40,39,2,1474,RandomPlayerConfig,1.0,-1.0,OSLA
-425576184,Checkers,0,GAME_OVER,52,51,2,1475,RandomPlayerConfig,1.0,-1.0,OSLA
696636826,Checkers,0,GAME_OVER,49,48,2,1476,RandomPlayerConfig,1.0,-1.0,OSLA
-938713536,Checkers,0,GAME_OVER,43,42,2,1477,RandomPlayerConfig,1.0,-1.0,OSLA
-1600506893,Checkers,0,GAME_OVER,46,45,2,1478,RandomPlayerConfig,1.0,-1.0,OSLA
-894694865,Checkers,0,GAME_OVER,40,39,2,1479,RandomPlayerConfig,1.0,-1.0,OSLA
-1711292118,Checkers,0,GAME_OVER,47,46,2,1480,RandomPlayerConfig,1.0,-1.0,OSLA
-2088603110,Checkers,0,GAME_OVER,44,43,2,1481,RandomPlayerConfig,1.0,-1.0,OSLA
-511582955,Checkers,0,GAME_OVER,45,44,2,1482,RandomPlayerConfig,1.0,-1.0,OSLA
1429868571,Checkers,0,GAME_OVER,42,41,2,1483,RandomPlayerConfig,1.0,-1.0,OSLA
699221968,Checkers,0,GAME_OVER,42,41,2,1484,RandomPlayerConfig,1.0,-1.0,OSLA
-1337168942,Checkers,0,GAME_OVER,44,43,2,1485,RandomPlayerConfig,1.0,-1.0,OSLA
2058726182,Checkers,0,GAME_OVER,34,33,2,1486,RandomPlayerConfig,1.0,-1.0,OSLA
57957248,Checkers,0,GAME_OVER,39,38,2,1487,RandomPlayerConfig,1.0,-1.0,OSLA
1961148066,Checkers,0,GAME_OVER,64,63,2,1488,RandomPlayerConfig,1.0,-1.0,OSLA
-208551370,Checkers,0,GAME_OVER,36,35,2,1489,RandomPlayerConfig,1.0,-1.0,OSLA
-26938906,Checkers,0,GAME_OVER,34,33,2,1490,RandomPlayerConfig,1.0,-1.0,OSLA
710689778,Checkers,0,GAME_OVER,51,50,2,1491,RandomPlayerConfig,1.0,-1.0,OSLA
-944470016,Checkers,0,GAME_OVER,41,40,2,1492,RandomPlayerConfig,1.0,-1.0,OSLA
1727305453,Checkers,0,GAME_OVER,44,43,2,1493,RandomPlayerConfig,1.0,-1.0,OSLA
1434009552,Checkers,0,GAME_OVER,40,39,2,1494,RandomPlayerConfig,1.0,-1.0,OSLA
1699189091,Checkers,0,GAME_OVER,39,38,2,1495,RandomPlayerConfig,1.0,-1.0,OSLA
-1924114236,Checkers,0,GAME_OVER,36,35,2,1496,RandomPlayerConfig,1.0,-1.0,OSLA
439674264,Checkers,0,GAME_OVER,37,36,2,1497,RandomPlayerConfig,1.0,-1.0,OSLA
1000065131,Checkers,0,GAME_OVER,34,33,2,1498,RandomPlayerConfig,1.0,-1.0,OSLA
522598890,Checkers,0,GAME_OVER,42,41,2,1499,RandomPlayerConfig,1.0,-1.0,OSLA
1408310455,Checkers,0,GAME_OVER,54,53,2,1500,RandomPlayerConfig,1.0,-1.0,OSLA
330629427,Checkers,0,GAME_OVER,44,43,2,1501,RandomPlayerConfig,1.0,-1.0,OSLA
-797532192,Checkers,0,GAME_OVER,33,32,2,1502,RandomPlayerConfig,1.0,-1.0,OSLA
1262467013,Checkers,0,GAME_OVER,35,34,2,1503,RandomPlayerConfig,1.0,-1.0,OSLA
1416244806,Checkers,0,GAME_OVER,47,46,2,1504,RandomPlayerConfig,1.0,-1.0,OSLA
-1929509951,Checkers,0,GAME_OVER,40,39,2,1505,RandomPlayerConfig,1.0,-1.0,OSLA
2073402315,Checkers,0,GAME_OVER,47,46,2,1506,RandomPlayerConfig,1.0,-1.0,OSLA
-1855898719,Checkers,0,GAME_OVER,36,35,2,1507,RandomPlayerConfig,1.0,-1.0,OSLA
296605045,Checkers,0,GAME_OVER,43,42,2,1508,RandomPlayerConfig,1.0,-1.0,OSLA
-1993796568,Checkers,0,GAME_OVER,43,42,2,1509,RandomPlayerConfig,1.0,-1.0,OSLA
-1305219755,Checkers,0,GAME_OVER,37,36,2,1510,RandomPlayerConfig,1.0,-1.0,OSLA
-1589231848,Checkers,0,GAME_OVER,38,37,2,1511,RandomPlayerConfig,1.0,-1.0,OSLA
1504068114,Checkers,0,GAME_OVER,38,37,2,1512,RandomPlayerConfig,1.0,-1.0,OSLA
-503536039,Checkers,0,GAME_OVER,44,43,2,1513,RandomPlayerConfig,1.0,-1.0,OSLA
763414658,Checkers,0,GAME_OVER,43,42,2,1514,RandomPlayerConfig,1.0,-1.0,OSLA
362363770,Checkers,0,GAME_OVER,40,39,2,1515,RandomPlayerConfig,1.0,-1.0,OSLA
90666286,Checkers,0,GAME_OVER,38,37,2,1516,RandomPlayerConfig,1.0,-1.0,OSLA
-1009051213,Checkers,0,GAME_OVER,41,40,2,1517,RandomPlayerConfig,1.0,-1.0,OSLA
-843666233,Checkers,0,GAME_OVER,44,43,2,1518,RandomPlayerConfig,1.0,-1.0,OSLA
1350731983,Checkers,0,GAME_OVER,41,40,2,1519,RandomPlayerConfig,1.0,-1.0,OSLA
1309789641,Checkers,0,GAME_OVER,34,33,2,1520,RandomPlayerConfig,1.0,-1.0,OSLA
714234281,Checkers,0,GAME_OVER,44,43,2,1521,RandomPlayerConfig,1.0,-1.0,OSLA
-1744428321,Checkers,0,GAME_OVER,46,45,2,1522,RandomPlayerConfig,1.0,-1.0,OSLA
1452779804,Checkers,0,GAME_OVER,36,35,2,1523,RandomPlayerConfig,1.0,-1.0,OSLA
1560554700,Checkers,0,GAME_OVER,41,40,2,1524,RandomPlayerConfig,1.0,-1.0,OSLA
267543713,Checkers,0,GAME_OVER,70,69,2,1525,RandomPlayerConfig,1.0,-1.0,OSLA
-603061282,Checkers,0,GAME_OVER,37,36,2,1526,RandomPlayerConfig,1.0,-1.0,OSLA
-1319271451,Checkers,0,GAME_OVER,43,42,2,1527,RandomPlayerConfig,1.0,-1.0,OSLA
343401531,Checkers,0,GAME_OVER,39,38,2,1528,RandomPlayerConfig,1.0,-1.0,OSLA
-1962222305,Checkers,0,GAME_OVER,46,45,2,1529,RandomPlayerConfig,1.0,-1.0,OSLA
-693592698,Checkers,0,GAME_OVER,36,35,2,1530,RandomPlayerConfig,1.0,-1.0,OSLA
1689540083,Checkers,0,GAME_OVER,39,38,2,1531,RandomPlayerConfig,1.0,-1.0,OSLA
-2003835478,Checkers,0,GAME_OVER,43,42,2,1532,RandomPlayerConfig,1.0,-1.0,OSLA
1783499042,Checkers,0,GAME_OVER,30,29,2,1533,RandomPlayerConfig,1.0,-1.0,OSLA
-327792680,Checkers,0,GAME_OVER,40,39,2,1534,RandomPlayerConfig,1.0,-1.0,OSLA
-1699980969,Checkers,0,GAME_OVER,41,40,2,1535,RandomPlayerConfig,1.0,-1.0,OSLA
-1819810832,Checkers,0,GAME_OVER,41,40,2,1536,RandomPlayerConfig,1.0,-1.0,OSLA
-841358386,Checkers,0,GAME_OVER,50,49,2,1537,RandomPlayerConfig,1.0,-1.0,OSLA
2080587758,Checkers,0,GAME_OVER,40,39,2,1538,RandomPlayerConfig,1.0,-1.0,OSLA
-1280415314,Checkers,0,GAME_OVER,62,61,2,1539,RandomPlayerConfig,1.0,-1.0,OSLA
-1589158886,Checkers,0,GAME_OVER,41,40,2,1540,RandomPlayerConfig,1.0,-1.0,OSLA
-938597046,Checkers,0,GAME_OVER,48,47,2,1541,RandomPlayerConfig,1.0,-1.0,OSLA
116382727,Checkers,0,GAME_OVER,60,59,2,1542,RandomPlayerConfig,1.0,-1.0,OSLA
1171531941,Checkers,0,GAME_OVER,40,39,2,1543,RandomPlayerConfig,1.0,-1.0,OSLA
-1167607390,Checkers,0,GAME_OVER,39,38,2,1544,RandomPlayerConfig,1.0,-1.0,OSLA
195060971,Checkers,0,GAME_OVER,39,38,2,1545,RandomPlayerConfig,1.0,-1.0,OSLA
408906979,Checkers,0,GAME_OVER,30,29,2,1546,RandomPlayerConfig,1.0,-1.0,OSLA
1778345663,Checkers,0,GAME_OVER,41,40,2,1547,RandomPlayerConfig,1.0,-1.0,OSLA
-335803935,Checkers,0,GAME_OVER,38,37,2,1548,RandomPlayerConfig,1.0,-1.0,OSLA
-1915897455,Checkers,0,GAME_OVER,44,43,2,1549,RandomPlayerConfig,1.0,-1.0,OSLA
2120441937,Checkers,0,GAME_OVER,38,37,2,1550,RandomPlayerConfig,1.0,-1.0,OSLA
-1476864939,Checkers,0,GAME_OVER,48,47,2,1551,RandomPlayerConfig,1.0,-1.0,OSLA
190575297,Checkers,0,GAME_OVER,37,36,2,1552,RandomPlayerConfig,1.0,-1.0,OSLA
-1017414575,Checkers,0,GAME_OVER,51,50,2,1553,RandomPlayerConfig,1.0,-1.0,OSLA
-1721927419,Checkers,0,GAME_OVER,49,48,2,1554,RandomPlayerConfig,1.0,-1.0,OSLA
1356480222,Checkers,0,GAME_OVER,43,42,2,1555,RandomPlayerConfig,1.0,-1.0,OSLA
454746294,Checkers,0,GAME_OVER,40,39,2,1556,RandomPlayerConfig,1.0,-1.0,OSLA
-1508961964,Checkers,0,GAME_OVER,37,36,2,1557,RandomPlayerConfig,1.0,-1.0,OSLA
950874031,Checkers,0,GAME_OVER,39,38,2,1558,RandomPlayerConfig,1.0,-1.0,OSLA
277405296,Checkers,0,GAME_OVER,42,41,2,1559,RandomPlayerConfig,1.0,-1.0,OSLA
191864814,Checkers,0,GAME_OVER,40,39,2,1560,RandomPlayerConfig,1.0,-1.0,OSLA
140434174,Checkers,0,GAME_OVER,42,41,2,1561,RandomPlayerConfig,1.0,-1.0,OSLA
-1800826552,Checkers,0,GAME_OVER,45,44,2,1562,RandomPlayerConfig,1.0,-1.0,OSLA
-1471645817,Checkers,0,GAME_OVER,42,41,2,1563,RandomPlayerConfig,1.0,-1.0,OSLA
1944048838,Checkers,0,GAME_OVER,41,40,2,1564,RandomPlayerConfig,1.0,-1.0,OSLA
1419557714,Checkers,0,GAME_OVER,45,44,2,1565,RandomPlayerConfig,1.0,-1.0,OSLA
-466997586,Checkers,0,GAME_OVER,35,34,2,1566,RandomPlayerConfig,1.0,-1.0,OSLA
-709339900,Checkers,0,GAME_OVER,44,43,2,1567,RandomPlayerConfig,1.0,-1.0,OSLA
692455296,Checkers,0,GAME_OVER,39,38,2,1568,RandomPlayerConfig,1.0,-1.0,OSLA
-1107507308,Checkers,0,GAME_OVER,46,45,2,1569,RandomPlayerConfig,-1.0,1.0,OSLA
351727987,Checkers,0,GAME_OVER,60,59,2,1570,RandomPlayerConfig,1.0,-1.0,OSLA
1595367031,Checkers,0,GAME_OVER,36,35,2,1571,RandomPlayerConfig,1.0,-1.0,OSLA
562050867,Checkers,0,GAME_OVER,47,46,2,1572,RandomPlayerConfig,1.0,-1.0,OSLA
450957871,Checkers,0,GAME_OVER,37,36,2,1573,RandomPlayerConfig,1.0,-1.0,OSLA
-1415583247,Checkers,0,GAME_OVER,42,41,2,1574,RandomPlayerConfig,1.0,-1.0,OSLA
-1749234016,Checkers,0,GAME_OVER,41,40,2,1575,RandomPlayerConfig,1.0,-1.0,OSLA
142616578,Checkers,0,GAME_OVER,45,44,2,1576,RandomPlayerConfig,1.0,-1.0,OSLA
855486169,Checkers,0,GAME_OVER,39,38,2,1577,RandomPlayerConfig,1.0,-1.0,OSLA
1840999073,Checkers,0,GAME_OVER,42,41,2,1578,RandomPlayerConfig,1.0,-1.0,OSLA
-1299755470,Checkers,0,GAME_OVER,37,36,2,1579,RandomPlayerConfig,1.0,-1.0,OSLA
-799678320,Checkers,0,GAME_OVER,42,41,2,1580,RandomPlayerConfig,1.0,-1.0,OSLA
-1082764044,Checkers,0,GAME_OVER,46,45,2,1581,RandomPlayerConfig,1.0,-1.0,OSLA
2056914092,Checkers,0,GAME_OVER,39,38,2,1582,RandomPlayerConfig,1.0,-1.0,OSLA
735868635,Checkers,0,GAME_OVER,41,40,2,1583,RandomPlayerConfig,1.0,-1.0,OSLA
-1570764109,Checkers,0,GAME_OVER,54,53,2,1584,RandomPlayerConfig,1.0,-1.0,OSLA
-783727561,Checkers,0,GAME_OVER,38,37,2,1585,RandomPlayerConfig,1.0,-1.0,OSLA
-278578750,Checkers,0,GAME_OVER,45,44,2,1586,RandomPlayerConfig,1.0,-1.0,OSLA
99549824,Checkers,0,GAME_OVER,43,42,2,1587,RandomPlayerConfig,1.0,-1.0,OSLA
576007015,Checkers,0,GAME_OVER,37,36,2,1588,RandomPlayerConfig,1.0,-1.0,OSLA
-781103219,Checkers,0,GAME_OVER,55,54,2,1589,RandomPlayerConfig,1.0,-1.0,OSLA
1301739307,Checkers,0,GAME_OVER,41,40,2,1590,RandomPlayerConfig,1.0,-1.0,OSLA
-1868420403,Checkers,0,GAME_OVER,42,41,2,1591,RandomPlayerConfig,1.0,-1.0,OSLA
1469310468,Checkers,0,GAME_OVER,46,45,2,1592,RandomPlayerConfig,1.0,-1.0,OSLA
6500924,Checkers,0,GAME_OVER,39,38,2,1593,RandomPlayerConfig,1.0,-1.0,OSLA
319106587,Checkers,0,GAME_OVER,41,40,2,1594,RandomPlayerConfig,1.0,-1.0,OSLA
-691733268,Checkers,0,GAME_OVER,41,40,2,1595,RandomPlayerConfig,1.0,-1.0,OSLA
-1386758477,Checkers,0,GAME_OVER,45,44,2,1596,RandomPlayerConfig,1.0,-1.0,OSLA
-836201654,Checkers,0,GAME_OVER,38,37,2,1597,RandomPlayerConfig,1.0,-1.0,OSLA
1520311625,Checkers,0,GAME_OVER,43,42,2,1598,RandomPlayerConfig,1.0,-1.0,OSLA
1690871187,Checkers,0,GAME_OVER,48,47,2,1599,RandomPlayerConfig,1.0,-1.0,OSLA
-497872866,Checkers,0,GAME_OVER,46,45,2,1600,RandomPlayerConfig,1.0,-1.0,OSLA
-878879973,Checkers,0,GAME_OVER,38,37,2,1601,RandomPlayerConfig,1.0,-1.0,OSLA
-1176337153,Checkers,0,GAME_OVER,76,75,2,1602,RandomPlayerConfig,1.0,-1.0,RandomPlayerConfig
-1203383237,Checkers,0,GAME_OVER,37,36,2,1603,RandomPlayerConfig,1.0,-1.0,RandomPlayerConfig
-731044798,Checkers,0,GAME_OVER,74,73,2,1604,RandomPlayerConfig,-1.0,1.0,RandomPlayerConfig
-214896742,Checkers,0,GAME_OVER,50,49,2,1605,RandomPlayerConfig,1.0,-1.0,RandomPlayerConfig
904131606,Checkers,0,GAME_OVER,47,46,2,1606,RandomPlayerConfig,-1.0,1.0,RandomPlayerConfig
-836935709,Checkers,0,GAME_OVER,40,39,2,1607,RandomPlayerConfig,-1.0,1.0,RandomPlayerConfig
-722893542,Checkers,0,GAME_OVER,72,71,2,1608,RandomPlayerConfig,-1.0,1.0,RandomPlayerConfig
1340300709,Checkers,0,GAME_OVER,41,40,2,1609,RandomPlayerConfig,-1.0,1.0,RandomPlayerConfig
-2124934750,Checkers,0,GAME_OVER,39,38,2,1610,RandomPlayerConfig,1.0,-1.0,RandomPlayerConfig
-35611374,Checkers,0,GAME_OVER,74,73,2,1611,RandomPlayerConfig,-1.0,1.0,RandomPlayerConfig
286717860,Checkers,0,GAME_OVER,53,52,2,1612,RandomPlayerConfig,-1.0,1.0,RandomPlayerConfig
59274752,Checkers,0,GAME_OVER,61,60,2,1613,RandomPlayerConfig,-1.0,1.0,RandomPlayerConfig
-1426514565,Checkers,0,GAME_OVER,55,54,2,1614,RandomPlayerConfig,1.0,-1.0,RandomPlayerConfig
1638937389,Checkers,0,GAME_OVER,57,56,2,1615,RandomPlayerConfig,1.0,-1.0,RandomPlayerConfig
-313547086,Checkers,0,GAME_OVER,43,42,2,1616,RandomPlayerConfig,-1.0,1.0,RandomPlayerConfig
-1292871560,Checkers,0,GAME_OVER,99,98,2,1617,RandomPlayerConfig,-1.0,1.0,RandomPlayerConfig
141710200,Checkers,0,GAME_OVER,50,49,2,1618,RandomPlayerConfig,1.0,-1.0,RandomPlayerConfig
-173761553,Checkers,0,GAME_OVER,61,60,2,1619,RandomPlayerConfig,-1.0,1.0,RandomPlayerConfig
-527106957,Checkers,0,GAME_OVER,66,65,2,1620,RandomPlayerConfig,-1.0,1.0,RandomPlayerConfig
2086646756,Checkers,0,GAME_OVER,45,44,2,1621,RandomPlayerConfig,-1.0,1.0,RandomPlayerConfig
-616978944,Checkers,0,GAME_OVER,74,73,2,1622,RandomPlayerConfig,-1.0,1.0,RandomPlayerConfig
-1097626520,Checkers,0,GAME_OVER,55,54,2,1623,RandomPlayerConfig,-1.0,1.0,RandomPlayerConfig
-1700335317,Checkers,0,GAME_OVER,44,43,2,1624,RandomPlayerConfig,-1.0,1.0,RandomPlayerConfig
-970850095,Checkers,0,GAME_OVER,39,38,2,1625,RandomPlayerConfig,1.0,-1.0,RandomPlayerConfig
-323875359,Checkers,0,GAME_OVER,46,45,2,1626,RandomPlayerConfig,-1.0,1.0,RandomPlayerConfig
-2016122297,Checkers,0,GAME_OVER,41,40,2,1627,RandomPlayerConfig,-1.0,1.0,RandomPlayerConfig
1689588006,Checkers,0,GAME_OVER,46,45,2,1628,RandomPlayerConfig,1.0,-1.0,RandomPlayerConfig
-1976417695,Checkers,0,GAME_OVER,57,56,2,1629,RandomPlayerConfig,1.0,-1.0,RandomPlayerConfig
-326991008,Checkers,0,GAME_OVER,53,52,2,1630,RandomPlayerConfig,1.0,-1.0,RandomPlayerConfig
679498075,Checkers,0,GAME_OVER,48,47,2,1631,RandomPlayerConfig,1.0,-1.0,RandomPlayerConfig
-1337627158,Checkers,0,GAME_OVER,38,37,2,1632,RandomPlayerConfig,1.0,-1.0,RandomPlayerConfig
523530607,Checkers,0,GAME_OVER,51,50,2,1633,RandomPlayerConfig,1.0,-1.0,RandomPlayerConfig
372962448,Checkers,0,GAME_OVER,57,56,2,1634,RandomPlayerConfig,-1.0,1.0,RandomPlayerConfig
762211670,Checkers,0,GAME_OVER,53,52,2,1635,RandomPlayerConfig,1.0,-1.0,RandomPlayerConfig
-386077013,Checkers,0,GAME_OVER,85,84,2,1636,RandomPlayerConfig,1.0,-1.0,RandomPlayerConfig
1173878263,Checkers,0,GAME_OVER,49,48,2,1637,RandomPlayerConfig,-1.0,1.0,RandomPlayerConfig
-886977305,Checkers,0,GAME_OVER,44,43,2,1638,RandomPlayerConfig,-1.0,1.0,RandomPlayerConfig
1375054804,Checkers,0,GAME_OVER,40,39,2,1639,RandomPlayerConfig,1.0,-1.0,RandomPlayerConfig
2025305091,Checkers,0,GAME_OVER,64,63,2,1640,RandomPlayerConfig,1.0,-1.0,RandomPlayerConfig
-748825931,Checkers,0,GAME_OVER,37,36,2,1641,RandomPlayerConfig,-1.0,1.0,RandomPlayerConfig
664396301,Checkers,0,GAME_OVER,52,51,2,1642,RandomPlayerConfig,-1.0,1.0,RandomPlayerConfig
-628553061,Checkers,0,GAME_OVER,77,76,2,1643,RandomPlayerConfig,1.0,-1.0,RandomPlayerConfig
-384335134,Checkers,0,GAME_OVER,43,42,2,1644,RandomPlayerConfig,-1.0,1.0,RandomPlayerConfig
520316683,Checkers,0,GAME_OVER,51,50,2,1645,RandomPlayerConfig,1.0,-1.0,RandomPlayerConfig
37345783,Checkers,0,GAME_OVER,56,55,2,1646,RandomPlayerConfig,1.0,-1.0,RandomPlayerConfig
-1445722588,Checkers,0,GAME_OVER,49,48,2,1647,RandomPlayerConfig,-1.0,1.0,RandomPlayerConfig
-979801406,Checkers,0,GAME_OVER,48,47,2,1648,RandomPlayerConfig,1.0,-1.0,RandomPlayerConfig
163375911,Checkers,0,GAME_OVER,45,44,2,1649,RandomPlayerConfig,-1.0,1.0,RandomPlayerConfig
1655397940,Checkers,0,GAME_OVER,42,41,2,1650,RandomPlayerConfig,1.0,-1.0,RandomPlayerConfig
-1890522022,Checkers,0,GAME_OVER,42,41,2,1651,RandomPlayerConfig,1.0,-1.0,RandomPlayerConfig
1688410911,Checkers,0,GAME_OVER,49,48,2,1652,RandomPlayerConfig,1.0,-1.0,RandomPlayerConfig
-235337115,Checkers,0,GAME_OVER,52,51,2,1653,RandomPlayerConfig,-1.0,1.0,RandomPlayerConfig
419016838,Checkers,0,GAME_OVER,55,54,2,1654,RandomPlayerConfig,-1.0,1.0,RandomPlayerConfig
-1649731680,Checkers,0,GAME_OVER,45,44,2,1655,RandomPlayerConfig,-1.0,1.0,RandomPlayerConfig
-804545498,Checkers,0,GAME_OVER,40,39,2,1656,RandomPlayerConfig,1.0,-1.0,RandomPlayerConfig
-371638287,Checkers,0,GAME_OVER,65,64,2,1657,RandomPlayerConfig,-1.0,1.0,RandomPlayerConfig
1214018740,Checkers,0,GAME_OVER,44,43,2,1658,RandomPlayerConfig,1.0,-1.0,RandomPlayerConfig
1541101081,Checkers,0,GAME_OVER,40,39,2,1659,RandomPlayerConfig,-1.0,1.0,RandomPlayerConfig
1571446444,Checkers,0,GAME_OVER,53,52,2,1660,RandomPlayerConfig,-1.0,1.0,RandomPlayerConfig
-2124359248,Checkers,0,GAME_OVER,50,49,2,1661,RandomPlayerConfig,-1.0,1.0,RandomPlayerConfig
470074270,Checkers,0,GAME_OVER,51,50,2,1662,RandomPlayerConfig,-1.0,1.0,RandomPlayerConfig
-301137630,Checkers,0,GAME_OVER,42,41,2,1663,RandomPlayerConfig,-1.0,1.0,RandomPlayerConfig
296933217,Checkers,0,GAME_OVER,50,49,2,1664,RandomPlayerConfig,-1.0,1.0,RandomPlayerConfig
550946144,Checkers,0,GAME_OVER,74,73,2,1665,RandomPlayerConfig,1.0,-1.0,RandomPlayerConfig
1983896466,Checkers,0,GAME_OVER,58,57,2,1666,RandomPlayerConfig,1.0,-1.0,RandomPlayerConfig
926845219,Checkers,0,GAME_OVER,71,70,2,1667,RandomPlayerConfig,-1.0,1.0,RandomPlayerConfig
-28174011,Checkers,0,GAME_OVER,44,43,2,1668,RandomPlayerConfig,1.0,-1.0,RandomPlayerConfig
1385466877,Checkers,0,GAME_OVER,42,41,2,1669,RandomPlayerConfig,-1.0,1.0,RandomPlayerConfig
-878444067,Checkers,0,GAME_OVER,52,51,2,1670,RandomPlayerConfig,1.0,-1.0,RandomPlayerConfig
-898074233,Checkers,0,GAME_OVER,53,52,2,1671,RandomPlayerConfig,1.0,-1.0,RandomPlayerConfig
-1855511719,Checkers,0,GAME_OVER,44,43,2,1672,RandomPlayerConfig,1.0,-1.0,RandomPlayerConfig
708779878,Checkers,0,GAME_OVER,46,45,2,1673,RandomPlayerConfig,-1.0,1.0,RandomPlayerConfig
-365860445,Checkers,0,GAME_OVER,85,84,2,1674,RandomPlayerConfig,1.0,-1.0,RandomPlayerConfig
-425576184,Checkers,0,GAME_OVER,54,53,2,1675,RandomPlayerConfig,-1.0,1.0,RandomPlayerConfig
696636826,Checkers,0,GAME_OVER,71,70,2,1676,RandomPlayerConfig,-1.0,1.0,RandomPlayerConfig
-938713536,Checkers,0,GAME_OVER,52,51,2,1677,RandomPlayerConfig,-1.0,1.0,RandomPlayerConfig
-1600506893,Checkers,0,GAME_OVER,41,40,2,1678,RandomPlayerConfig,-1.0,1.0,RandomPlayerConfig
-894694865,Checkers,0,GAME_OVER,50,49,2,1679,RandomPlayerConfig,1.0,-1.0,RandomPlayerConfig
-1711292118,Checkers,0,GAME_OVER,46,45,2,1680,RandomPlayerConfig,-1.0,1.0,RandomPlayerConfig
-2088603110,Checkers,0,GAME_OVER,85,84,2,1681,RandomPlayerConfig,-1.0,1.0,RandomPlayerConfig
-511582955,Checkers,0,GAME_OVER,48,47,2,1682,RandomPlayerConfig,-1.0,1.0,RandomPlayerConfig
1429868571,Checkers,0,GAME_OVER,42,41,2,1683,RandomPlayerConfig,-1.0,1.0,RandomPlayerConfig
699221968,Checkers,0,GAME_OVER,59,58,2,1684,RandomPlayerConfig,-1.0,1.0,RandomPlayerConfig
-1337168942,Checkers,0,GAME_OVER,65,64,2,1685,RandomPlayerConfig,1.0,-1.0,RandomPlayerConfig
2058726182,Checkers,0,GAME_OVER,40,39,2,1686,RandomPlayerConfig,-1.0,1.0,RandomPlayerConfig
57957248,Checkers,0,GAME_OVER,44,43,2,1687,RandomPlayerConfig,-1.0,1.0,RandomPlayerConfig
1961148066,Checkers,0,GAME_OVER,47,46,2,1688,RandomPlayerConfig,1.0,-1.0,RandomPlayerConfig
-208551370,Checkers,0,GAME_OVER,81,80,2,1689,RandomPlayerConfig,-1.0,1.0,RandomPlayerConfig
-26938906,Checkers,0,GAME_OVER,44,43,2,1690,RandomPlayerConfig,-1.0,1.0,RandomPlayerConfig
710689778,Checkers,0,GAME_OVER,63,62,2,1691,RandomPlayerConfig,1.0,-1.0,RandomPlayerConfig
-944470016,Checkers,0,GAME_OVER,41,40,2,1692,RandomPlayerConfig,-1.0,1.0,RandomPlayerConfig
1727305453,Checkers,0,GAME_OVER,42,41,2,1693,RandomPlayerConfig,-1.0,1.0,RandomPlayerConfig
1434009552,Checkers,0,GAME_OVER,41,40,2,1694,RandomPlayerConfig,1.0,-1.0,RandomPlayerConfig
1699189091,Checkers,0,GAME_OVER,46,45,2,1695,RandomPlayerConfig,-1.0,1.0,RandomPlayerConfig
-1924114236,Checkers,0,GAME_OVER,65,64,2,1696,RandomPlayerConfig,-1.0,1.0,RandomPlayerConfig
439674264,Checkers,0,GAME_OVER,68,67,2,1697,RandomPlayerConfig,-1.0,1.0,RandomPlayerConfig
1000065131,Checkers,0,GAME_OVER,50,49,2,1698,RandomPlayerConfig,1.0,-1.0,RandomPlayerConfig
522598890,Checkers,0,GAME_OVER,49,48,2,1699,RandomPlayerConfig,-1.0,1.0,RandomPlayerConfig
1408310455,Checkers,0,GAME_OVER,48,47,2,1700,RandomPlayerConfig,-1.0,1.0,RandomPlayerConfig
330629427,Checkers,0,GAME_OVER,49,48,2,1701,RandomPlayerConfig,-1.0,1.0,RandomPlayerConfig
-797532192,Checkers,0,GAME_OVER,70,69,2,1702,RandomPlayerConfig,-1.0,1.0,RandomPlayerConfig
1262467013,Checkers,0,GAME_OVER,46,45,2,1703,RandomPlayerConfig,-1.0,1.0,RandomPlayerConfig
1416244806,Checkers,0,GAME_OVER,110,109,2,1704,RandomPlayerConfig,0.0,0.0,RandomPlayerConfig
-1929509951,Checkers,0,GAME_OVER,39,38,2,1705,RandomPlayerConfig,1.0,-1.0,RandomPlayerConfig
2073402315,Checkers,0,GAME_OVER,74,73,2,1706,RandomPlayerConfig,-1.0,1.0,RandomPlayerConfig
-1855898719,Checkers,0,GAME_OVER,35,34,2,1707,RandomPlayerConfig,-1.0,1.0,RandomPlayerConfig
296605045,Checkers,0,GAME_OVER,64,63,2,1708,RandomPlayerConfig,-1.0,1.0,RandomPlayerConfig
-1993796568,Checkers,0,GAME_OVER,49,48,2,1709,RandomPlayerConfig,1.0,-1.0,RandomPlayerConfig
-1305219755,Checkers,0,GAME_OVER,94,93,2,1710,RandomPlayerConfig,1.0,-1.0,RandomPlayerConfig
-1589231848,Checkers,0,GAME_OVER,75,74,2,1711,RandomPlayerConfig,-1.0,1.0,RandomPlayerConfig
1504068114,Checkers,0,GAME_OVER,51,50,2,1712,RandomPlayerConfig,-1.0,1.0,RandomPlayerConfig
-503536039,Checkers,0,GAME_OVER,56,55,2,1713,RandomPlayerConfig,1.0,-1.0,RandomPlayerConfig
763414658,Checkers,0,GAME_OVER,43,42,2,1714,RandomPlayerConfig,-1.0,1.0,RandomPlayerConfig
362363770,Checkers,0,GAME_OVER,78,77,2,1715,RandomPlayerConfig,-1.0,1.0,RandomPlayerConfig
90666286,Checkers,0,GAME_OVER,55,54,2,1716,RandomPlayerConfig,-1.0,1.0,RandomPlayerConfig
-1009051213,Checkers,0,GAME_OVER,60,59,2,1717,RandomPlayerConfig,1.0,-1.0,RandomPlayerConfig
-843666233,Checkers,0,GAME_OVER,71,70,2,1718,RandomPlayerConfig,1.0,-1.0,RandomPlayerConfig
1350731983,Checkers,0,GAME_OVER,50,49,2,1719,RandomPlayerConfig,1.0,-1.0,RandomPlayerConfig
1309789641,Checkers,0,GAME_OVER,46,45,2,1720,RandomPlayerConfig,1.0,-1.0,RandomPlayerConfig
714234281,Checkers,0,GAME_OVER,36,35,2,1721,RandomPlayerConfig,-1.0,1.0,RandomPlayerConfig
-1744428321,Checkers,0,GAME_OVER,36,35,2,1722,RandomPlayerConfig,-1.0,1.0,RandomPlayerConfig
1452779804,Checkers,0,GAME_OVER,49,48,2,1723,RandomPlayerConfig,-1.0,1.0,RandomPlayerConfig
1560554700,Checkers,0,GAME_OVER,62,61,2,1724,RandomPlayerConfig,1.0,-1.0,RandomPlayerConfig
267543713,Checkers,0,GAME_OVER,48,47,2,1725,RandomPlayerConfig,-1.0,1.0,RandomPlayerConfig
-603061282,Checkers,0,GAME_OVER,57,56,2,1726,RandomPlayerConfig,-1.0,1.0,RandomPlayerConfig
-1319271451,Checkers,0,GAME_OVER,41,40,2,1727,RandomPlayerConfig,-1.0,1.0,RandomPlayerConfig
343401531,Checkers,0,GAME_OVER,53,52,2,1728,RandomPlayerConfig,-1.0,1.0,RandomPlayerConfig
-1962222305,Checkers,0,GAME_OVER,36,35,2,1729,RandomPlayerConfig,-1.0,1.0,RandomPlayerConfig
-693592698,Checkers,0,GAME_OVER,44,43,2,1730,RandomPlayerConfig,1.0,-1.0,RandomPlayerConfig
1689540083,Checkers,0,GAME_OVER,39,38,2,1731,RandomPlayerConfig,-1.0,1.0,RandomPlayerConfig
-2003835478,Checkers,0,GAME_OVER,38,37,2,1732,RandomPlayerConfig,1.0,-1.0,RandomPlayerConfig
1783499042,Checkers,0,GAME_OVER,57,56,2,1733,RandomPlayerConfig,-1.0,1.0,RandomPlayerConfig
-327792680,Checkers,0,GAME_OVER,34,33,2,1734,RandomPlayerConfig,1.0,-1.0,RandomPlayerConfig
-1699980969,Checkers,0,GAME_OVER,53,52,2,1735,RandomPlayerConfig,-1.0,1.0,RandomPlayerConfig
-1819810832,Checkers,0,GAME_OVER,48,47,2,1736,RandomPlayerConfig,1.0,-1.0,RandomPlayerConfig
-841358386,Checkers,0,GAME_OVER,61,60,2,1737,RandomPlayerConfig,1.0,-1.0,RandomPlayerConfig
2080587758,Checkers,0,GAME_OVER,68,67,2,1738,RandomPlayerConfig,1.0,-1.0,RandomPlayerConfig
-1280415314,Checkers,0,GAME_OVER,50,49,2,1739,RandomPlayerConfig,1.0,-1.0,RandomPlayerConfig
-1589158886,Checkers,0,GAME_OVER,43,42,2,1740,RandomPlayerConfig,1.0,-1.0,RandomPlayerConfig
-938597046,Checkers,0,GAME_OVER,45,44,2,1741,RandomPlayerConfig,-1.0,1.0,RandomPlayerConfig
116382727,Checkers,0,GAME_OVER,43,42,2,1742,RandomPlayerConfig,-1.0,1.0,RandomPlayerConfig
1171531941,Checkers,0,GAME_OVER,58,57,2,1743,RandomPlayerConfig,1.0,-1.0,RandomPlayerConfig
-1167607390,Checkers,0,GAME_OVER,52,51,2,1744,RandomPlayerConfig,1.0,-1.0,RandomPlayerConfig
195060971,Checkers,0,GAME_OVER,81,80,2,1745,RandomPlayerConfig,1.0,-1.0,RandomPlayerConfig
408906979,Checkers,0,GAME_OVER,89,88,2,1746,RandomPlayerConfig,-1.0,1.0,RandomPlayerConfig
1778345663,Checkers,0,GAME_OVER,58,57,2,1747,RandomPlayerConfig,1.0,-1.0,RandomPlayerConfig
-335803935,Checkers,0,GAME_OVER,55,54,2,1748,RandomPlayerConfig,-1.0,1.0,RandomPlayerConfig
-1915897455,Checkers,0,GAME_OVER,45,44,2,1749,RandomPlayerConfig,1.0,-1.0,RandomPlayerConfig
2120441937,Checkers,0,GAME_OVER,65,64,2,1750,RandomPlayerConfig,1.0,-1.0,RandomPlayerConfig
-1476864939,Checkers,0,GAME_OVER,46,45,2,1751,RandomPlayerConfig,1.0,-1.0,RandomPlayerConfig
190575297,Checkers,0,GAME_OVER,49,48,2,1752,RandomPlayerConfig,1.0,-1.0,RandomPlayerConfig
-1017414575,Checkers,0,GAME_OVER,58,57,2,1753,RandomPlayerConfig,-1.0,1.0,RandomPlayerConfig
-1721927419,Checkers,0,GAME_OVER,42,41,2,1754,RandomPlayerConfig,-1.0,1.0,RandomPlayerConfig
1356480222,Checkers,0,GAME_OVER,55,54,2,1755,RandomPlayerConfig,1.0,-1.0,RandomPlayerConfig
454746294,Checkers,0,GAME_OVER,44,43,2,1756,RandomPlayerConfig,1.0,-1.0,RandomPlayerConfig
-1508961964,Checkers,0,GAME_OVER,45,44,2,1757,RandomPlayerConfig,-1.0,1.0,RandomPlayerConfig
950874031,Checkers,0,GAME_OVER,74,73,2,1758,RandomPlayerConfig,-1.0,1.0,RandomPlayerConfig
277405296,Checkers,0,GAME_OVER,75,74,2,1759,RandomPlayerConfig,1.0,-1.0,RandomPlayerConfig
191864814,Checkers,0,GAME_OVER,42,41,2,1760,RandomPlayerConfig,-1.0,1.0,RandomPlayerConfig
140434174,Checkers,0,GAME_OVER,63,62,2,1761,RandomPlayerConfig,-1.0,1.0,RandomPlayerConfig
-1800826552,Checkers,0,GAME_OVER,68,67,2,1762,RandomPlayerConfig,-1.0,1.0,RandomPlayerConfig
-1471645817,Checkers,0,GAME_OVER,55,54,2,1763,RandomPlayerConfig,1.0,-1.0,RandomPlayerConfig
1944048838,Checkers,0,GAME_OVER,72,71,2,1764,RandomPlayerConfig,-1.0,1.0,RandomPlayerConfig
1419557714,Checkers,0,GAME_OVER,86,85,2,1765,RandomPlayerConfig,1.0,-1.0,RandomPlayerConfig
-466997586,Checkers,0,GAME_OVER,65,64,2,1766,RandomPlayerConfig,1.0,-1.0,RandomPlayerConfig
-709339900,Checkers,0,GAME_OVER,62,61,2,1767,RandomPlayerConfig,1.0,-1.0,RandomPlayerConfig
692455296,Checkers,0,GAME_OVER,45,44,2,1768,RandomPlayerConfig,1.0,-1.0,RandomPlayerConfig
-1107507308,Checkers,0,GAME_OVER,36,35,2,1769,RandomPlayerConfig,1.0,-1.0,RandomPlayerConfig
351727987,Checkers,0,GAME_OVER,48,47,2,1770,RandomPlayerConfig,-1.0,1.0,RandomPlayerConfig
1595367031,Checkers,0,GAME_OVER,57,56,2,1771,RandomPlayerConfig,1.0,-1.0,RandomPlayerConfig
562050867,Checkers,0,GAME_OVER,72,71,2,1772,RandomPlayerConfig,-1.0,1.0,RandomPlayerConfig
450957871,Checkers,0,GAME_OVER,45,44,2,1773,RandomPlayerConfig,-1.0,1.0,RandomPlayerConfig
-1415583247,Checkers,0,GAME_OVER,96,95,2,1774,RandomPlayerConfig,1.0,-1.0,RandomPlayerConfig
-1749234016,Checkers,0,GAME_OVER,48,47,2,1775,RandomPlayerConfig,1.0,-1.0,RandomPlayerConfig
142616578,Checkers,0,GAME_OVER,47,46,2,1776,RandomPlayerConfig,-1.0,1.0,RandomPlayerConfig
855486169,Checkers,0,GAME_OVER,48,47,2,1777,RandomPlayerConfig,-1.0,1.0,RandomPlayerConfig
1840999073,Checkers,0,GAME_OVER,44,43,2,1778,RandomPlayerConfig,1.0,-1.0,RandomPlayerConfig
-1299755470,Checkers,0,GAME_OVER,55,54,2,1779,RandomPlayerConfig,-1.0,1.0,RandomPlayerConfig
-799678320,Checkers,0,GAME_OVER,45,44,2,1780,RandomPlayerConfig,-1.0,1.0,RandomPlayerConfig
-1082764044,Checkers,0,GAME_OVER,43,42,2,1781,RandomPlayerConfig,-1.0,1.0,RandomPlayerConfig
2056914092,Checkers,0,GAME_OVER,64,63,2,1782,RandomPlayerConfig,1.0,-1.0,RandomPlayerConfig
735868635,Checkers,0,GAME_OVER,46,45,2,1783,RandomPlayerConfig,1.0,-1.0,RandomPlayerConfig
-1570764109,Checkers,0,GAME_OVER,53,52,2,1784,RandomPlayerConfig,-1.0,1.0,RandomPlayerConfig
-783727561,Checkers,0,GAME_OVER,84,83,2,1785,RandomPlayerConfig,1.0,-1.0,RandomPlayerConfig
-278578750,Checkers,0,GAME_OVER,44,43,2,1786,RandomPlayerConfig,1.0,-1.0,RandomPlayerConfig
99549824,Checkers,0,GAME_OVER,44,43,2,1787,RandomPlayerConfig,-1.0,1.0,RandomPlayerConfig
576007015,Checkers,0,GAME_OVER,62,61,2,1788,RandomPlayerConfig,-1.0,1.0,RandomPlayerConfig
-781103219,Checkers,0,GAME_OVER,48,47,2,1789,RandomPlayerConfig,1.0,-1.0,RandomPlayerConfig
1301739307,Checkers,0,GAME_OVER,65,64,2,1790,RandomPlayerConfig,1.0,-1.0,RandomPlayerConfig
-1868420403,Checkers,0,GAME_OVER,53,52,2,1791,RandomPlayerConfig,-1.0,1.0,RandomPlayerConfig
1469310468,Checkers,0,GAME_OVER,95,94,2,1792,RandomPlayerConfig,-1.0,1.0,RandomPlayerConfig
6500924,Checkers,0,GAME_OVER,49,48,2,1793,RandomPlayerConfig,-1.0,1.0,RandomPlayerConfig
319106587,Checkers,0,GAME_OVER,49,48,2,1794,RandomPlayerConfig,-1.0,1.0,RandomPlayerConfig
-691733268,Checkers,0,GAME_OVER,48,47,2,1795,RandomPlayerConfig,1.0,-1.0,RandomPlayerConfig
-1386758477,Checkers,0,GAME_OVER,71,70,2,1796,RandomPlayerConfig,-1.0,1.0,RandomPlayerConfig
-836201654,Checkers,0,GAME_OVER,91,90,2,1797,RandomPlayerConfig,-1.0,1.0,RandomPlayerConfig
1520311625,Checkers,0,GAME_OVER,67,66,2,1798,RandomPlayerConfig,-1.0,1.0,RandomPlayerConfig
1690871187,Checkers,0,GAME_OVER,39,38,2,1799,RandomPlayerConfig,1.0,-1.0,RandomPlayerConfig
-497872866,Checkers,0,GAME_OVER,43,42,2,1800,RandomPlayerConfig,-1.0,1.0,RandomPlayerConfig
-878879973,Checkers,0,GAME_OVER,55,54,2,1801,RandomPlayerConfig,1.0,-1.0,RandomPlayerConfig
