GameSeed,GameName,Round,Event,Tick,Turn,PlayerCount,GameID,Player-1 rank,PlayerName-0,Player-1,Player-0,Player-0 rank,PlayerName-1
-1176337153,Checkers,0,GAME_OVER,141,140,2,2,1,MCTS_CheckersHeuristic,1,1,1,MCTS_CheckersHeuristic
-1203383237,Checkers,0,GAME_OVER,63,62,2,3,1,MCTS_CheckersHeuristic,1,2,2,MCTS_CheckersHeuristic
-731044798,Checkers,0,GAME_OVER,56,55,2,4,2,MCTS_CheckersHeuristic,2,1,1,MCTS_CheckersHeuristic
-214896742,Checkers,0,GAME_OVER,93,92,2,5,1,MCTS_CheckersHeuristic,1,2,2,MCTS_CheckersHeuristic
904131606,Checkers,0,GAME_OVER,123,122,2,6,1,MCTS_CheckersHeuristic,1,1,1,MCTS_CheckersHeuristic
-836935709,Checkers,0,GAME_OVER,148,147,2,7,1,MCTS_CheckersHeuristic,1,1,1,MCTS_CheckersHeuristic
-722893542,Checkers,0,GAME_OVER,62,61,2,8,2,MCTS_CheckersHeuristic,2,1,1,MCTS_CheckersHeuristic
1340300709,Checkers,0,GAME_OVER,133,132,2,9,1,MCTS_CheckersHeuristic,1,2,2,MCTS_CheckersHeuristic
-2124934750,Checkers,0,GAME_OVER,147,146,2,10,1,MCTS_CheckersHeuristic,1,1,1,MCTS_CheckersHeuristic
-35611374,Checkers,0,GAME_OVER,44,43,2,11,1,MCTS_CheckersHeuristic,1,2,2,MCTS_CheckersHeuristic
286717860,Checkers,0,GAME_OVER,91,90,2,12,1,MCTS_CheckersHeuristic,1,1,1,MCTS_CheckersHeuristic
59274752,Checkers,0,GAME_OVER,51,50,2,13,1,MCTS_CheckersHeuristic,1,2,2,MCTS_CheckersHeuristic
-1426514565,Checkers,0,GAME_OVER,93,92,2,14,1,MCTS_CheckersHeuristic,1,2,2,MCTS_CheckersHeuristic
1638937389,Checkers,0,GAME_OVER,154,153,2,15,1,MCTS_CheckersHeuristic,1,1,1,MCTS_CheckersHeuristic
-313547086,Checkers,0,GAME_OVER,132,131,2,16,1,MCTS_CheckersHeuristic,1,1,1,MCTS_CheckersHeuristic
-1292871560,Checkers,0,GAME_OVER,57,56,2,17,1,MCTS_CheckersHeuristic,1,2,2,MCTS_CheckersHeuristic
141710200,Checkers,0,GAME_OVER,63,62,2,18,1,MCTS_CheckersHeuristic,1,2,2,MCTS_CheckersHeuristic
-173761553,Checkers,0,GAME_OVER,100,99,2,19,2,MCTS_CheckersHeuristic,2,1,1,MCTS_CheckersHeuristic
-527106957,Checkers,0,GAME_OVER,77,76,2,20,2,MCTS_CheckersHeuristic,2,1,1,MCTS_CheckersHeuristic
2086646756,Checkers,0,GAME_OVER,95,94,2,21,1,MCTS_CheckersHeuristic,1,2,2,MCTS_CheckersHeuristic
-616978944,Checkers,0,GAME_OVER,63,62,2,22,1,MCTS_CheckersHeuristic,1,2,2,MCTS_CheckersHeuristic
-1097626520,Checkers,0,GAME_OVER,107,106,2,23,1,MCTS_CheckersHeuristic,1,1,1,MCTS_CheckersHeuristic
-1700335317,Checkers,0,GAME_OVER,59,58,2,24,1,MCTS_CheckersHeuristic,1,2,2,MCTS_CheckersHeuristic
-970850095,Checkers,0,GAME_OVER,52,51,2,25,1,MCTS_CheckersHeuristic,1,2,2,MCTS_CheckersHeuristic
-323875359,Checkers,0,GAME_OVER,58,57,2,26,1,MCTS_CheckersHeuristic,1,2,2,MCTS_CheckersHeuristic
-2016122297,Checkers,0,GAME_OVER,62,61,2,27,2,MCTS_CheckersHeuristic,2,1,1,MCTS_CheckersHeuristic
1689588006,Checkers,0,GAME_OVER,63,62,2,28,1,MCTS_CheckersHeuristic,1,2,2,MCTS_CheckersHeuristic
-1976417695,Checkers,0,GAME_OVER,50,49,2,29,2,MCTS_CheckersHeuristic,2,1,1,MCTS_CheckersHeuristic
-326991008,Checkers,0,GAME_OVER,176,175,2,30,1,MCTS_CheckersHeuristic,1,1,1,MCTS_CheckersHeuristic
679498075,Checkers,0,GAME_OVER,64,63,2,31,2,MCTS_CheckersHeuristic,2,1,1,MCTS_CheckersHeuristic
-1337627158,Checkers,0,GAME_OVER,49,48,2,32,2,MCTS_CheckersHeuristic,2,1,1,MCTS_CheckersHeuristic
523530607,Checkers,0,GAME_OVER,60,59,2,33,1,MCTS_CheckersHeuristic,1,2,2,MCTS_CheckersHeuristic
372962448,Checkers,0,GAME_OVER,90,89,2,34,1,MCTS_CheckersHeuristic,1,2,2,MCTS_CheckersHeuristic
762211670,Checkers,0,GAME_OVER,58,57,2,35,2,MCTS_CheckersHeuristic,2,1,1,MCTS_CheckersHeuristic
-386077013,Checkers,0,GAME_OVER,87,86,2,36,2,MCTS_CheckersHeuristic,2,1,1,MCTS_CheckersHeuristic
1173878263,Checkers,0,GAME_OVER,119,118,2,37,1,MCTS_CheckersHeuristic,1,1,1,MCTS_CheckersHeuristic
-886977305,Checkers,0,GAME_OVER,109,108,2,38,1,MCTS_CheckersHeuristic,1,1,1,MCTS_CheckersHeuristic
1375054804,Checkers,0,GAME_OVER,58,57,2,39,1,MCTS_CheckersHeuristic,1,2,2,MCTS_CheckersHeuristic
2025305091,Checkers,0,GAME_OVER,82,81,2,40,2,MCTS_CheckersHeuristic,2,1,1,MCTS_CheckersHeuristic
-748825931,Checkers,0,GAME_OVER,124,123,2,41,1,MCTS_CheckersHeuristic,1,1,1,MCTS_CheckersHeuristic
664396301,Checkers,0,GAME_OVER,62,61,2,42,1,MCTS_CheckersHeuristic,1,2,2,MCTS_CheckersHeuristic
-628553061,Checkers,0,GAME_OVER,72,71,2,43,2,MCTS_CheckersHeuristic,2,1,1,MCTS_CheckersHeuristic
-384335134,Checkers,0,GAME_OVER,62,61,2,44,2,MCTS_CheckersHeuristic,2,1,1,MCTS_CheckersHeuristic
520316683,Checkers,0,GAME_OVER,68,67,2,45,1,MCTS_CheckersHeuristic,1,2,2,MCTS_CheckersHeuristic
37345783,Checkers,0,GAME_OVER,62,61,2,46,2,MCTS_CheckersHeuristic,2,1,1,MCTS_CheckersHeuristic
-1445722588,Checkers,0,GAME_OVER,76,75,2,47,2,MCTS_CheckersHeuristic,2,1,1,MCTS_CheckersHeuristic
-979801406,Checkers,0,GAME_OVER,58,57,2,48,2,MCTS_CheckersHeuristic,2,1,1,MCTS_CheckersHeuristic
163375911,Checkers,0,GAME_OVER,121,120,2,49,1,MCTS_CheckersHeuristic,1,1,1,MCTS_CheckersHeuristic
1655397940,Checkers,0,GAME_OVER,116,115,2,50,1,MCTS_CheckersHeuristic,1,1,1,MCTS_CheckersHeuristic
-1890522022,Checkers,0,GAME_OVER,60,59,2,51,2,MCTS_CheckersHeuristic,2,1,1,MCTS_CheckersHeuristic
1688410911,Checkers,0,GAME_OVER,97,96,2,52,2,MCTS_CheckersHeuristic,2,1,1,MCTS_CheckersHeuristic
-235337115,Checkers,0,GAME_OVER,61,60,2,53,2,MCTS_CheckersHeuristic,2,1,1,MCTS_CheckersHeuristic
419016838,Checkers,0,GAME_OVER,45,44,2,54,1,MCTS_CheckersHeuristic,1,2,2,MCTS_CheckersHeuristic
-1649731680,Checkers,0,GAME_OVER,58,57,2,55,2,MCTS_CheckersHeuristic,2,1,1,MCTS_CheckersHeuristic
-804545498,Checkers,0,GAME_OVER,52,51,2,56,1,MCTS_CheckersHeuristic,1,2,2,MCTS_CheckersHeuristic
-371638287,Checkers,0,GAME_OVER,59,58,2,57,1,MCTS_CheckersHeuristic,1,2,2,MCTS_CheckersHeuristic
1214018740,Checkers,0,GAME_OVER,116,115,2,58,1,MCTS_CheckersHeuristic,1,1,1,MCTS_CheckersHeuristic
1541101081,Checkers,0,GAME_OVER,122,121,2,59,1,MCTS_CheckersHeuristic,1,1,1,MCTS_CheckersHeuristic
1571446444,Checkers,0,GAME_OVER,98,97,2,60,1,MCTS_CheckersHeuristic,1,2,2,MCTS_CheckersHeuristic
-2124359248,Checkers,0,GAME_OVER,152,151,2,61,1,MCTS_CheckersHeuristic,1,1,1,MCTS_CheckersHeuristic
470074270,Checkers,0,GAME_OVER,120,119,2,62,2,MCTS_CheckersHeuristic,2,1,1,MCTS_CheckersHeuristic
-301137630,Checkers,0,GAME_OVER,83,82,2,63,2,MCTS_CheckersHeuristic,2,1,1,MCTS_CheckersHeuristic
296933217,Checkers,0,GAME_OVER,63,62,2,64,2,MCTS_CheckersHeuristic,2,1,1,MCTS_CheckersHeuristic
550946144,Checkers,0,GAME_OVER,51,50,2,65,2,MCTS_CheckersHeuristic,2,1,1,MCTS_CheckersHeuristic
1983896466,Checkers,0,GAME_OVER,67,66,2,66,1,MCTS_CheckersHeuristic,1,2,2,MCTS_CheckersHeuristic
926845219,Checkers,0,GAME_OVER,46,45,2,67,1,MCTS_CheckersHeuristic,1,2,2,MCTS_CheckersHeuristic
-28174011,Checkers,0,GAME_OVER,55,54,2,68,1,MCTS_CheckersHeuristic,1,2,2,MCTS_CheckersHeuristic
1385466877,Checkers,0,GAME_OVER,67,66,2,69,2,MCTS_CheckersHeuristic,2,1,1,MCTS_CheckersHeuristic
-878444067,Checkers,0,GAME_OVER,54,53,2,70,1,MCTS_CheckersHeuristic,1,2,2,MCTS_CheckersHeuristic
-898074233,Checkers,0,GAME_OVER,68,67,2,71,1,MCTS_CheckersHeuristic,1,2,2,MCTS_CheckersHeuristic
-1855511719,Checkers,0,GAME_OVER,46,45,2,72,2,MCTS_CheckersHeuristic,2,1,1,MCTS_CheckersHeuristic
708779878,Checkers,0,GAME_OVER,120,119,2,73,1,MCTS_CheckersHeuristic,1,1,1,MCTS_CheckersHeuristic
-365860445,Checkers,0,GAME_OVER,53,52,2,74,1,MCTS_CheckersHeuristic,1,2,2,MCTS_CheckersHeuristic
-425576184,Checkers,0,GAME_OVER,126,125,2,75,2,MCTS_CheckersHeuristic,2,1,1,MCTS_CheckersHeuristic
696636826,Checkers,0,GAME_OVER,185,184,2,76,1,MCTS_CheckersHeuristic,1,1,1,MCTS_CheckersHeuristic
-938713536,Checkers,0,GAME_OVER,96,95,2,77,1,MCTS_CheckersHeuristic,1,2,2,MCTS_CheckersHeuristic
-1600506893,Checkers,0,GAME_OVER,69,68,2,78,2,MCTS_CheckersHeuristic,2,1,1,MCTS_CheckersHeuristic
-894694865,Checkers,0,GAME_OVER,52,51,2,79,1,MCTS_CheckersHeuristic,1,2,2,MCTS_CheckersHeuristic
-1711292118,Checkers,0,GAME_OVER,102,101,2,80,1,MCTS_CheckersHeuristic,1,1,1,MCTS_CheckersHeuristic
-2088603110,Checkers,0,GAME_OVER,47,46,2,81,2,MCTS_CheckersHeuristic,2,1,1,MCTS_CheckersHeuristic
-511582955,Checkers,0,GAME_OVER,54,53,2,82,1,MCTS_CheckersHeuristic,1,2,2,MCTS_CheckersHeuristic
1429868571,Checkers,0,GAME_OVER,128,127,2,83,2,MCTS_CheckersHeuristic,2,1,1,MCTS_CheckersHeuristic
699221968,Checkers,0,GAME_OVER,118,117,2,84,2,MCTS_CheckersHeuristic,2,1,1,MCTS_CheckersHeuristic
-1337168942,Checkers,0,GAME_OVER,91,90,2,85,1,MCTS_CheckersHeuristic,1,1,1,MCTS_CheckersHeuristic
2058726182,Checkers,0,GAME_OVER,134,133,2,86,2,MCTS_CheckersHeuristic,2,1,1,MCTS_CheckersHeuristic
57957248,Checkers,0,GAME_OVER,53,52,2,87,1,MCTS_CheckersHeuristic,1,2,2,MCTS_CheckersHeuristic
1961148066,Checkers,0,GAME_OVER,51,50,2,88,2,MCTS_CheckersHeuristic,2,1,1,MCTS_CheckersHeuristic
-208551370,Checkers,0,GAME_OVER,61,60,2,89,1,MCTS_CheckersHeuristic,1,2,2,MCTS_CheckersHeuristic
-26938906,Checkers,0,GAME_OVER,99,98,2,90,1,MCTS_CheckersHeuristic,1,1,1,MCTS_CheckersHeuristic
710689778,Checkers,0,GAME_OVER,132,131,2,91,1,MCTS_CheckersHeuristic,1,1,1,MCTS_CheckersHeuristic
-944470016,Checkers,0,GAME_OVER,57,56,2,92,2,MCTS_CheckersHeuristic,2,1,1,MCTS_CheckersHeuristic
1727305453,Checkers,0,GAME_OVER,76,75,2,93,1,MCTS_CheckersHeuristic,1,2,2,MCTS_CheckersHeuristic
1434009552,Checkers,0,GAME_OVER,57,56,2,94,1,MCTS_CheckersHeuristic,1,2,2,MCTS_CheckersHeuristic
1699189091,Checkers,0,GAME_OVER,52,51,2,95,1,MCTS_CheckersHeuristic,1,2,2,MCTS_CheckersHeuristic
-1924114236,Checkers,0,GAME_OVER,113,112,2,96,1,MCTS_CheckersHeuristic,1,1,1,MCTS_CheckersHeuristic
439674264,Checkers,0,GAME_OVER,46,45,2,97,2,MCTS_CheckersHeuristic,2,1,1,MCTS_CheckersHeuristic
1000065131,Checkers,0,GAME_OVER,83,82,2,98,1,MCTS_CheckersHeuristic,1,2,2,MCTS_CheckersHeuristic
522598890,Checkers,0,GAME_OVER,91,90,2,99,1,MCTS_CheckersHeuristic,1,1,1,MCTS_CheckersHeuristic
1408310455,Checkers,0,GAME_OVER,44,43,2,100,2,MCTS_CheckersHeuristic,2,1,1,MCTS_CheckersHeuristic
330629427,Checkers,0,GAME_OVER,104,103,2,101,2,MCTS_CheckersHeuristic,2,1,1,MCTS_CheckersHeuristic
-797532192,Checkers,0,GAME_OVER,110,109,2,102,1,MCTS_CheckersHeuristic,1,1,1,MCTS_CheckersHeuristic
1262467013,Checkers,0,GAME_OVER,54,53,2,103,1,MCTS_CheckersHeuristic,1,2,2,MCTS_CheckersHeuristic
1416244806,Checkers,0,GAME_OVER,44,43,2,104,1,MCTS_CheckersHeuristic,1,2,2,MCTS_CheckersHeuristic
-1929509951,Checkers,0,GAME_OVER,60,59,2,105,2,MCTS_CheckersHeuristic,2,1,1,MCTS_CheckersHeuristic
2073402315,Checkers,0,GAME_OVER,53,52,2,106,1,MCTS_CheckersHeuristic,1,2,2,MCTS_CheckersHeuristic
-1855898719,Checkers,0,GAME_OVER,101,100,2,107,1,MCTS_CheckersHeuristic,1,1,1,MCTS_CheckersHeuristic
296605045,Checkers,0,GAME_OVER,46,45,2,108,1,MCTS_CheckersHeuristic,1,2,2,MCTS_CheckersHeuristic
-1993796568,Checkers,0,GAME_OVER,102,101,2,109,2,MCTS_CheckersHeuristic,2,1,1,MCTS_CheckersHeuristic
-1305219755,Checkers,0,GAME_OVER,47,46,2,110,2,MCTS_CheckersHeuristic,2,1,1,MCTS_CheckersHeuristic
-1589231848,Checkers,0,GAME_OVER,55,54,2,111,2,MCTS_CheckersHeuristic,2,1,1,MCTS_CheckersHeuristic
1504068114,Checkers,0,GAME_OVER,106,105,2,112,1,MCTS_CheckersHeuristic,1,1,1,MCTS_CheckersHeuristic
-503536039,Checkers,0,GAME_OVER,107,106,2,113,1,MCTS_CheckersHeuristic,1,1,1,MCTS_CheckersHeuristic
763414658,Checkers,0,GAME_OVER,55,54,2,114,1,MCTS_CheckersHeuristic,1,2,2,MCTS_CheckersHeuristic
362363770,Checkers,0,GAME_OVER,72,71,2,115,2,MCTS_CheckersHeuristic,2,1,1,MCTS_CheckersHeuristic
90666286,Checkers,0,GAME_OVER,124,123,2,116,1,MCTS_CheckersHeuristic,1,2,2,MCTS_CheckersHeuristic
-1009051213,Checkers,0,GAME_OVER,85,84,2,117,2,MCTS_CheckersHeuristic,2,1,1,MCTS_CheckersHeuristic
-843666233,Checkers,0,GAME_OVER,91,90,2,118,1,MCTS_CheckersHeuristic,1,2,2,MCTS_CheckersHeuristic
1350731983,Checkers,0,GAME_OVER,106,105,2,119,1,MCTS_CheckersHeuristic,1,1,1,MCTS_CheckersHeuristic
1309789641,Checkers,0,GAME_OVER,122,121,2,120,1,MCTS_CheckersHeuristic,1,1,1,MCTS_CheckersHeuristic
714234281,Checkers,0,GAME_OVER,116,115,2,121,1,MCTS_CheckersHeuristic,1,1,1,MCTS_CheckersHeuristic
-1744428321,Checkers,0,GAME_OVER,97,96,2,122,2,MCTS_CheckersHeuristic,2,1,1,MCTS_CheckersHeuristic
1452779804,Checkers,0,GAME_OVER,82,81,2,123,1,MCTS_CheckersHeuristic,1,1,1,MCTS_CheckersHeuristic
1560554700,Checkers,0,GAME_OVER,58,57,2,124,1,MCTS_CheckersHeuristic,1,2,2,MCTS_CheckersHeuristic
267543713,Checkers,0,GAME_OVER,51,50,2,125,2,MCTS_CheckersHeuristic,2,1,1,MCTS_CheckersHeuristic
-603061282,Checkers,0,GAME_OVER,59,58,2,126,1,MCTS_CheckersHeuristic,1,2,2,MCTS_CheckersHeuristic
-1319271451,Checkers,0,GAME_OVER,52,51,2,127,2,MCTS_CheckersHeuristic,2,1,1,MCTS_CheckersHeuristic
343401531,Checkers,0,GAME_OVER,52,51,2,128,2,MCTS_CheckersHeuristic,2,1,1,MCTS_CheckersHeuristic
-1962222305,Checkers,0,GAME_OVER,64,63,2,129,2,MCTS_CheckersHeuristic,2,1,1,MCTS_CheckersHeuristic
-693592698,Checkers,0,GAME_OVER,53,52,2,130,2,MCTS_CheckersHeuristic,2,1,1,MCTS_CheckersHeuristic
1689540083,Checkers,0,GAME_OVER,50,49,2,131,2,MCTS_CheckersHeuristic,2,1,1,MCTS_CheckersHeuristic
-2003835478,Checkers,0,GAME_OVER,120,119,2,132,1,MCTS_CheckersHeuristic,1,1,1,MCTS_CheckersHeuristic
1783499042,Checkers,0,GAME_OVER,117,116,2,133,2,MCTS_CheckersHeuristic,2,1,1,MCTS_CheckersHeuristic
-327792680,Checkers,0,GAME_OVER,59,58,2,134,2,MCTS_CheckersHeuristic,2,1,1,MCTS_CheckersHeuristic
-1699980969,Checkers,0,GAME_OVER,55,54,2,135,2,MCTS_CheckersHeuristic,2,1,1,MCTS_CheckersHeuristic
-1819810832,Checkers,0,GAME_OVER,115,114,2,136,1,MCTS_CheckersHeuristic,1,1,1,MCTS_CheckersHeuristic
-841358386,Checkers,0,GAME_OVER,49,48,2,137,1,MCTS_CheckersHeuristic,1,2,2,MCTS_CheckersHeuristic
2080587758,Checkers,0,GAME_OVER,52,51,2,138,1,MCTS_CheckersHeuristic,1,2,2,MCTS_CheckersHeuristic
-1280415314,Checkers,0,GAME_OVER,58,57,2,139,1,MCTS_CheckersHeuristic,1,2,2,MCTS_CheckersHeuristic
-1589158886,Checkers,0,GAME_OVER,46,45,2,140,1,MCTS_CheckersHeuristic,1,2,2,MCTS_CheckersHeuristic
-938597046,Checkers,0,GAME_OVER,73,72,2,141,2,MCTS_CheckersHeuristic,2,1,1,MCTS_CheckersHeuristic
116382727,Checkers,0,GAME_OVER,107,106,2,142,1,MCTS_CheckersHeuristic,1,1,1,MCTS_CheckersHeuristic
1171531941,Checkers,0,GAME_OVER,160,159,2,143,1,MCTS_CheckersHeuristic,1,1,1,MCTS_CheckersHeuristic
-1167607390,Checkers,0,GAME_OVER,97,96,2,144,2,MCTS_CheckersHeuristic,2,1,1,MCTS_CheckersHeuristic
195060971,Checkers,0,GAME_OVER,65,64,2,145,1,MCTS_CheckersHeuristic,1,2,2,MCTS_CheckersHeuristic
408906979,Checkers,0,GAME_OVER,52,51,2,146,2,MCTS_CheckersHeuristic,2,1,1,MCTS_CheckersHeuristic
1778345663,Checkers,0,GAME_OVER,53,52,2,147,1,MCTS_CheckersHeuristic,1,2,2,MCTS_CheckersHeuristic
-335803935,Checkers,0,GAME_OVER,51,50,2,148,1,MCTS_CheckersHeuristic,1,2,2,MCTS_CheckersHeuristic
-1915897455,Checkers,0,GAME_OVER,52,51,2,149,1,MCTS_CheckersHeuristic,1,2,2,MCTS_CheckersHeuristic
2120441937,Checkers,0,GAME_OVER,63,62,2,150,1,MCTS_CheckersHeuristic,1,2,2,MCTS_CheckersHeuristic
-1476864939,Checkers,0,GAME_OVER,116,115,2,151,1,MCTS_CheckersHeuristic,1,1,1,MCTS_CheckersHeuristic
190575297,Checkers,0,GAME_OVER,83,82,2,152,1,MCTS_CheckersHeuristic,1,2,2,MCTS_CheckersHeuristic
-1017414575,Checkers,0,GAME_OVER,93,92,2,153,1,MCTS_CheckersHeuristic,1,2,2,MCTS_CheckersHeuristic
-1721927419,Checkers,0,GAME_OVER,53,52,2,154,1,MCTS_CheckersHeuristic,1,2,2,MCTS_CheckersHeuristic
1356480222,Checkers,0,GAME_OVER,101,100,2,155,1,MCTS_CheckersHeuristic,1,1,1,MCTS_CheckersHeuristic
454746294,Checkers,0,GAME_OVER,70,69,2,156,1,MCTS_CheckersHeuristic,1,2,2,MCTS_CheckersHeuristic
-1508961964,Checkers,0,GAME_OVER,101,100,2,157,1,MCTS_CheckersHeuristic,1,2,2,MCTS_CheckersHeuristic
950874031,Checkers,0,GAME_OVER,54,53,2,158,1,MCTS_CheckersHeuristic,1,2,2,MCTS_CheckersHeuristic
277405296,Checkers,0,GAME_OVER,143,142,2,159,1,MCTS_CheckersHeuristic,1,1,1,MCTS_CheckersHeuristic
191864814,Checkers,0,GAME_OVER,52,51,2,160,1,MCTS_CheckersHeuristic,1,2,2,MCTS_CheckersHeuristic
140434174,Checkers,0,GAME_OVER,134,133,2,161,1,MCTS_CheckersHeuristic,1,1,1,MCTS_CheckersHeuristic
-1800826552,Checkers,0,GAME_OVER,111,110,2,162,2,MCTS_CheckersHeuristic,2,1,1,MCTS_CheckersHeuristic
-1471645817,Checkers,0,GAME_OVER,112,111,2,163,1,MCTS_CheckersHeuristic,1,1,1,MCTS_CheckersHeuristic
1944048838,Checkers,0,GAME_OVER,62,61,2,164,2,MCTS_CheckersHeuristic,2,1,1,MCTS_CheckersHeuristic
1419557714,Checkers,0,GAME_OVER,144,143,2,165,1,MCTS_CheckersHeuristic,1,1,1,MCTS_CheckersHeuristic
-466997586,Checkers,0,GAME_OVER,117,116,2,166,1,MCTS_CheckersHeuristic,1,1,1,MCTS_CheckersHeuristic
-709339900,Checkers,0,GAME_OVER,76,75,2,167,1,MCTS_CheckersHeuristic,1,2,2,MCTS_CheckersHeuristic
692455296,Checkers,0,GAME_OVER,139,138,2,168,1,MCTS_CheckersHeuristic,1,2,2,MCTS_CheckersHeuristic
-1107507308,Checkers,0,GAME_OVER,96,95,2,169,1,MCTS_CheckersHeuristic,1,2,2,MCTS_CheckersHeuristic
351727987,Checkers,0,GAME_OVER,121,120,2,170,1,MCTS_CheckersHeuristic,1,1,1,MCTS_CheckersHeuristic
1595367031,Checkers,0,GAME_OVER,118,117,2,171,1,MCTS_CheckersHeuristic,1,1,1,MCTS_CheckersHeuristic
562050867,Checkers,0,GAME_OVER,43,42,2,172,1,MCTS_CheckersHeuristic,1,2,2,MCTS_CheckersHeuristic
450957871,Checkers,0,GAME_OVER,61,60,2,173,1,MCTS_CheckersHeuristic,1,2,2,MCTS_CheckersHeuristic
-1415583247,Checkers,0,GAME_OVER,120,119,2,174,1,MCTS_CheckersHeuristic,1,1,1,MCTS_CheckersHeuristic
-1749234016,Checkers,0,GAME_OVER,76,75,2,175,1,MCTS_CheckersHeuristic,1,2,2,MCTS_CheckersHeuristic
142616578,Checkers,0,GAME_OVER,133,132,2,176,1,MCTS_CheckersHeuristic,1,1,1,MCTS_CheckersHeuristic
855486169,Checkers,0,GAME_OVER,78,77,2,177,2,MCTS_CheckersHeuristic,2,1,1,MCTS_CheckersHeuristic
1840999073,Checkers,0,GAME_OVER,50,49,2,178,1,MCTS_CheckersHeuristic,1,2,2,MCTS_CheckersHeuristic
-1299755470,Checkers,0,GAME_OVER,157,156,2,179,1,MCTS_CheckersHeuristic,1,1,1,MCTS_CheckersHeuristic
-799678320,Checkers,0,GAME_OVER,57,56,2,180,2,MCTS_CheckersHeuristic,2,1,1,MCTS_CheckersHeuristic
-1082764044,Checkers,0,GAME_OVER,86,85,2,181,1,MCTS_CheckersHeuristic,1,2,2,MCTS_CheckersHeuristic
2056914092,Checkers,0,GAME_OVER,50,49,2,182,2,MCTS_CheckersHeuristic,2,1,1,MCTS_CheckersHeuristic
735868635,Checkers,0,GAME_OVER,74,73,2,183,1,MCTS_CheckersHeuristic,1,2,2,MCTS_CheckersHeuristic
-1570764109,Checkers,0,GAME_OVER,57,56,2,184,1,MCTS_CheckersHeuristic,1,2,2,MCTS_CheckersHeuristic
-783727561,Checkers,0,GAME_OVER,57,56,2,185,2,MCTS_CheckersHeuristic,2,1,1,MCTS_CheckersHeuristic
-278578750,Checkers,0,GAME_OVER,91,90,2,186,2,MCTS_CheckersHeuristic,2,1,1,MCTS_CheckersHeuristic
99549824,Checkers,0,GAME_OVER,142,141,2,187,1,MCTS_CheckersHeuristic,1,1,1,MCTS_CheckersHeuristic
576007015,Checkers,0,GAME_OVER,53,52,2,188,1,MCTS_CheckersHeuristic,1,2,2,MCTS_CheckersHeuristic
-781103219,Checkers,0,GAME_OVER,53,52,2,189,1,MCTS_CheckersHeuristic,1,2,2,MCTS_CheckersHeuristic
1301739307,Checkers,0,GAME_OVER,97,96,2,190,2,MCTS_CheckersHeuristic,2,1,1,MCTS_CheckersHeuristic
-1868420403,Checkers,0,GAME_OVER,57,56,2,191,1,MCTS_CheckersHeuristic,1,2,2,MCTS_CheckersHeuristic
1469310468,Checkers,0,GAME_OVER,54,53,2,192,1,MCTS_CheckersHeuristic,1,2,2,MCTS_CheckersHeuristic
6500924,Checkers,0,GAME_OVER,53,52,2,193,2,MCTS_CheckersHeuristic,2,1,1,MCTS_CheckersHeuristic
319106587,Checkers,0,GAME_OVER,55,54,2,194,1,MCTS_CheckersHeuristic,1,2,2,MCTS_CheckersHeuristic
-691733268,Checkers,0,GAME_OVER,64,63,2,195,2,MCTS_CheckersHeuristic,2,1,1,MCTS_CheckersHeuristic
-1386758477,Checkers,0,GAME_OVER,134,133,2,196,1,MCTS_CheckersHeuristic,1,1,1,MCTS_CheckersHeuristic
-836201654,Checkers,0,GAME_OVER,117,116,2,197,1,MCTS_CheckersHeuristic,1,1,1,MCTS_CheckersHeuristic
1520311625,Checkers,0,GAME_OVER,122,121,2,198,1,MCTS_CheckersHeuristic,1,1,1,MCTS_CheckersHeuristic
1690871187,Checkers,0,GAME_OVER,115,114,2,199,2,MCTS_CheckersHeuristic,2,1,1,MCTS_CheckersHeuristic
-497872866,Checkers,0,GAME_OVER,62,61,2,200,2,MCTS_CheckersHeuristic,2,1,1,MCTS_CheckersHeuristic
-878879973,Checkers,0,GAME_OVER,75,74,2,201,1,MCTS_CheckersHeuristic,1,2,2,MCTS_CheckersHeuristic
-1176337153,Checkers,0,GAME_OVER,160,159,2,202,2,MCTS_CheckersHeuristic,2,1,1,OSLA
-1203383237,Checkers,0,GAME_OVER,46,45,2,203,2,MCTS_CheckersHeuristic,2,1,1,OSLA
-731044798,Checkers,0,GAME_OVER,52,51,2,204,2,MCTS_CheckersHeuristic,2,1,1,OSLA
-214896742,Checkers,0,GAME_OVER,53,52,2,205,2,MCTS_CheckersHeuristic,2,1,1,OSLA
904131606,Checkers,0,GAME_OVER,69,68,2,206,2,MCTS_CheckersHeuristic,2,1,1,OSLA
-836935709,Checkers,0,GAME_OVER,60,59,2,207,2,MCTS_CheckersHeuristic,2,1,1,OSLA
-722893542,Checkers,0,GAME_OVER,68,67,2,208,2,MCTS_CheckersHeuristic,2,1,1,OSLA
1340300709,Checkers,0,GAME_OVER,50,49,2,209,2,MCTS_CheckersHeuristic,2,1,1,OSLA
-2124934750,Checkers,0,GAME_OVER,51,50,2,210,2,MCTS_CheckersHeuristic,2,1,1,OSLA
-35611374,Checkers,0,GAME_OVER,112,111,2,211,1,MCTS_CheckersHeuristic,1,2,2,OSLA
286717860,Checkers,0,GAME_OVER,60,59,2,212,2,MCTS_CheckersHeuristic,2,1,1,OSLA
59274752,Checkers,0,GAME_OVER,51,50,2,213,1,MCTS_CheckersHeuristic,1,2,2,OSLA
-1426514565,Checkers,0,GAME_OVER,82,81,2,214,2,MCTS_CheckersHeuristic,2,1,1,OSLA
1638937389,Checkers,0,GAME_OVER,78,77,2,215,2,MCTS_CheckersHeuristic,2,1,1,OSLA
-313547086,Checkers,0,GAME_OVER,60,59,2,216,2,MCTS_CheckersHeuristic,2,1,1,OSLA
-1292871560,Checkers,0,GAME_OVER,105,104,2,217,2,MCTS_CheckersHeuristic,2,1,1,OSLA
141710200,Checkers,0,GAME_OVER,74,73,2,218,2,MCTS_CheckersHeuristic,2,1,1,OSLA
-173761553,Checkers,0,GAME_OVER,56,55,2,219,1,MCTS_CheckersHeuristic,1,2,2,OSLA
-527106957,Checkers,0,GAME_OVER,52,51,2,220,2,MCTS_CheckersHeuristic,2,1,1,OSLA
2086646756,Checkers,0,GAME_OVER,48,47,2,221,2,MCTS_CheckersHeuristic,2,1,1,OSLA
-616978944,Checkers,0,GAME_OVER,104,103,2,222,2,MCTS_CheckersHeuristic,2,1,1,OSLA
-1097626520,Checkers,0,GAME_OVER,56,55,2,223,2,MCTS_CheckersHeuristic,2,1,1,OSLA
-1700335317,Checkers,0,GAME_OVER,58,57,2,224,2,MCTS_CheckersHeuristic,2,1,1,OSLA
-970850095,Checkers,0,GAME_OVER,49,48,2,225,2,MCTS_CheckersHeuristic,2,1,1,OSLA
-323875359,Checkers,0,GAME_OVER,89,88,2,226,2,MCTS_CheckersHeuristic,2,1,1,OSLA
-2016122297,Checkers,0,GAME_OVER,48,47,2,227,2,MCTS_CheckersHeuristic,2,1,1,OSLA
1689588006,Checkers,0,GAME_OVER,110,109,2,228,2,MCTS_CheckersHeuristic,2,1,1,OSLA
-1976417695,Checkers,0,GAME_OVER,76,75,2,229,2,MCTS_CheckersHeuristic,2,1,1,OSLA
-326991008,Checkers,0,GAME_OVER,53,52,2,230,2,MCTS_CheckersHeuristic,2,1,1,OSLA
679498075,Checkers,0,GAME_OVER,55,54,2,231,2,MCTS_CheckersHeuristic,2,1,1,OSLA
-1337627158,Checkers,0,GAME_OVER,52,51,2,232,2,MCTS_CheckersHeuristic,2,1,1,OSLA
523530607,Checkers,0,GAME_OVER,53,52,2,233,2,MCTS_CheckersHeuristic,2,1,1,OSLA
372962448,Checkers,0,GAME_OVER,73,72,2,234,2,MCTS_CheckersHeuristic,2,1,1,OSLA
762211670,Checkers,0,GAME_OVER,69,68,2,235,2,MCTS_CheckersHeuristic,2,1,1,OSLA
-386077013,Checkers,0,GAME_OVER,68,67,2,236,2,MCTS_CheckersHeuristic,2,1,1,OSLA
1173878263,Checkers,0,GAME_OVER,84,83,2,237,2,MCTS_CheckersHeuristic,2,1,1,OSLA
-886977305,Checkers,0,GAME_OVER,67,66,2,238,2,MCTS_CheckersHeuristic,2,1,1,OSLA
1375054804,Checkers,0,GAME_OVER,71,70,2,239,2,MCTS_CheckersHeuristic,2,1,1,OSLA
2025305091,Checkers,0,GAME_OVER,67,66,2,240,2,MCTS_CheckersHeuristic,2,1,1,OSLA
-748825931,Checkers,0,GAME_OVER,54,53,2,241,2,MCTS_CheckersHeuristic,2,1,1,OSLA
664396301,Checkers,0,GAME_OVER,59,58,2,242,2,MCTS_CheckersHeuristic,2,1,1,OSLA
-628553061,Checkers,0,GAME_OVER,61,60,2,243,2,MCTS_CheckersHeuristic,2,1,1,OSLA
-384335134,Checkers,0,GAME_OVER,66,65,2,244,2,MCTS_CheckersHeuristic,2,1,1,OSLA
520316683,Checkers,0,GAME_OVER,57,56,2,245,2,MCTS_CheckersHeuristic,2,1,1,OSLA
37345783,Checkers,0,GAME_OVER,63,62,2,246,2,MCTS_CheckersHeuristic,2,1,1,OSLA
-1445722588,Checkers,0,GAME_OVER,49,48,2,247,2,MCTS_CheckersHeuristic,2,1,1,OSLA
-979801406,Checkers,0,GAME_OVER,54,53,2,248,2,MCTS_CheckersHeuristic,2,1,1,OSLA
163375911,Checkers,0,GAME_OVER,51,50,2,249,2,MCTS_CheckersHeuristic,2,1,1,OSLA
1655397940,Checkers,0,GAME_OVER,63,62,2,250,2,MCTS_CheckersHeuristic,2,1,1,OSLA
-1890522022,Checkers,0,GAME_OVER,53,52,2,251,2,MCTS_CheckersHeuristic,2,1,1,OSLA
1688410911,Checkers,0,GAME_OVER,48,47,2,252,2,MCTS_CheckersHeuristic,2,1,1,OSLA
-235337115,Checkers,0,GAME_OVER,53,52,2,253,2,MCTS_CheckersHeuristic,2,1,1,OSLA
419016838,Checkers,0,GAME_OVER,58,57,2,254,2,MCTS_CheckersHeuristic,2,1,1,OSLA
-1649731680,Checkers,0,GAME_OVER,47,46,2,255,2,MCTS_CheckersHeuristic,2,1,1,OSLA
-804545498,Checkers,0,GAME_OVER,66,65,2,256,2,MCTS_CheckersHeuristic,2,1,1,OSLA
-371638287,Checkers,0,GAME_OVER,60,59,2,257,2,MCTS_CheckersHeuristic,2,1,1,OSLA
1214018740,Checkers,0,GAME_OVER,59,58,2,258,2,MCTS_CheckersHeuristic,2,1,1,OSLA
1541101081,Checkers,0,GAME_OVER,69,68,2,259,2,MCTS_CheckersHeuristic,2,1,1,OSLA
1571446444,Checkers,0,GAME_OVER,64,63,2,260,2,MCTS_CheckersHeuristic,2,1,1,OSLA
-2124359248,Checkers,0,GAME_OVER,79,78,2,261,2,MCTS_CheckersHeuristic,2,1,1,OSLA
470074270,Checkers,0,GAME_OVER,109,108,2,262,1,MCTS_CheckersHeuristic,1,1,1,OSLA
-301137630,Checkers,0,GAME_OVER,67,66,2,263,2,MCTS_CheckersHeuristic,2,1,1,OSLA
296933217,Checkers,0,GAME_OVER,49,48,2,264,2,MCTS_CheckersHeuristic,2,1,1,OSLA
550946144,Checkers,0,GAME_OVER,61,60,2,265,2,MCTS_CheckersHeuristic,2,1,1,OSLA
1983896466,Checkers,0,GAME_OVER,70,69,2,266,2,MCTS_CheckersHeuristic,2,1,1,OSLA
926845219,Checkers,0,GAME_OVER,95,94,2,267,1,MCTS_CheckersHeuristic,1,1,1,OSLA
-28174011,Checkers,0,GAME_OVER,63,62,2,268,2,MCTS_CheckersHeuristic,2,1,1,OSLA
1385466877,Checkers,0,GAME_OVER,57,56,2,269,2,MCTS_CheckersHeuristic,2,1,1,OSLA
-878444067,Checkers,0,GAME_OVER,104,103,2,270,2,MCTS_CheckersHeuristic,2,1,1,OSLA
-898074233,Checkers,0,GAME_OVER,52,51,2,271,2,MCTS_CheckersHeuristic,2,1,1,OSLA
-1855511719,Checkers,0,GAME_OVER,78,77,2,272,2,MCTS_CheckersHeuristic,2,1,1,OSLA
708779878,Checkers,0,GAME_OVER,66,65,2,273,2,MCTS_CheckersHeuristic,2,1,1,OSLA
-365860445,Checkers,0,GAME_OVER,71,70,2,274,2,MCTS_CheckersHeuristic,2,1,1,OSLA
-425576184,Checkers,0,GAME_OVER,53,52,2,275,2,MCTS_CheckersHeuristic,2,1,1,OSLA
696636826,Checkers,0,GAME_OVER,91,90,2,276,1,MCTS_CheckersHeuristic,1,1,1,OSLA
-938713536,Checkers,0,GAME_OVER,52,51,2,277,2,MCTS_CheckersHeuristic,2,1,1,OSLA
-1600506893,Checkers,0,GAME_OVER,97,96,2,278,1,MCTS_CheckersHeuristic,1,1,1,OSLA
-894694865,Checkers,0,GAME_OVER,60,59,2,279,2,MCTS_CheckersHeuristic,2,1,1,OSLA
-1711292118,Checkers,0,GAME_OVER,65,64,2,280,2,MCTS_CheckersHeuristic,2,1,1,OSLA
-2088603110,Checkers,0,GAME_OVER,48,47,2,281,2,MCTS_CheckersHeuristic,2,1,1,OSLA
-511582955,Checkers,0,GAME_OVER,61,60,2,282,2,MCTS_CheckersHeuristic,2,1,1,OSLA
1429868571,Checkers,0,GAME_OVER,53,52,2,283,2,MCTS_CheckersHeuristic,2,1,1,OSLA
699221968,Checkers,0,GAME_OVER,85,84,2,284,2,MCTS_CheckersHeuristic,2,1,1,OSLA
-1337168942,Checkers,0,GAME_OVER,51,50,2,285,2,MCTS_CheckersHeuristic,2,1,1,OSLA
2058726182,Checkers,0,GAME_OVER,68,67,2,286,2,MCTS_CheckersHeuristic,2,1,1,OSLA
57957248,Checkers,0,GAME_OVER,68,67,2,287,2,MCTS_CheckersHeuristic,2,1,1,OSLA
1961148066,Checkers,0,GAME_OVER,79,78,2,288,2,MCTS_CheckersHeuristic,2,1,1,OSLA
-208551370,Checkers,0,GAME_OVER,166,165,2,289,2,MCTS_CheckersHeuristic,2,1,1,OSLA
-26938906,Checkers,0,GAME_OVER,47,46,2,290,2,MCTS_CheckersHeuristic,2,1,1,OSLA
710689778,Checkers,0,GAME_OVER,44,43,2,291,2,MCTS_CheckersHeuristic,2,1,1,OSLA
-944470016,Checkers,0,GAME_OVER,56,55,2,292,2,MCTS_CheckersHeuristic,2,1,1,OSLA
1727305453,Checkers,0,GAME_OVER,89,88,2,293,2,MCTS_CheckersHeuristic,2,1,1,OSLA
1434009552,Checkers,0,GAME_OVER,151,150,2,294,1,MCTS_CheckersHeuristic,1,1,1,OSLA
1699189091,Checkers,0,GAME_OVER,59,58,2,295,2,MCTS_CheckersHeuristic,2,1,1,OSLA
-1924114236,Checkers,0,GAME_OVER,83,82,2,296,1,MCTS_CheckersHeuristic,1,2,2,OSLA
439674264,Checkers,0,GAME_OVER,53,52,2,297,1,MCTS_CheckersHeuristic,1,2,2,OSLA
1000065131,Checkers,0,GAME_OVER,61,60,2,298,2,MCTS_CheckersHeuristic,2,1,1,OSLA
522598890,Checkers,0,GAME_OVER,113,112,2,299,1,MCTS_CheckersHeuristic,1,1,1,OSLA
1408310455,Checkers,0,GAME_OVER,49,48,2,300,2,MCTS_CheckersHeuristic,2,1,1,OSLA
330629427,Checkers,0,GAME_OVER,58,57,2,301,2,MCTS_CheckersHeuristic,2,1,1,OSLA
-797532192,Checkers,0,GAME_OVER,71,70,2,302,2,MCTS_CheckersHeuristic,2,1,1,OSLA
1262467013,Checkers,0,GAME_OVER,62,61,2,303,2,MCTS_CheckersHeuristic,2,1,1,OSLA
1416244806,Checkers,0,GAME_OVER,89,88,2,304,2,MCTS_CheckersHeuristic,2,1,1,OSLA
-1929509951,Checkers,0,GAME_OVER,56,55,2,305,1,MCTS_CheckersHeuristic,1,2,2,OSLA
2073402315,Checkers,0,GAME_OVER,55,54,2,306,2,MCTS_CheckersHeuristic,2,1,1,OSLA
-1855898719,Checkers,0,GAME_OVER,56,55,2,307,1,MCTS_CheckersHeuristic,1,2,2,OSLA
296605045,Checkers,0,GAME_OVER,60,59,2,308,2,MCTS_CheckersHeuristic,2,1,1,OSLA
-1993796568,Checkers,0,GAME_OVER,78,77,2,309,2,MCTS_CheckersHeuristic,2,1,1,OSLA
-1305219755,Checkers,0,GAME_OVER,41,40,2,310,2,MCTS_CheckersHeuristic,2,1,1,OSLA
-1589231848,Checkers,0,GAME_OVER,76,75,2,311,2,MCTS_CheckersHeuristic,2,1,1,OSLA
1504068114,Checkers,0,GAME_OVER,63,62,2,312,2,MCTS_CheckersHeuristic,2,1,1,OSLA
-503536039,Checkers,0,GAME_OVER,65,64,2,313,2,MCTS_CheckersHeuristic,2,1,1,OSLA
763414658,Checkers,0,GAME_OVER,68,67,2,314,2,MCTS_CheckersHeuristic,2,1,1,OSLA
362363770,Checkers,0,GAME_OVER,88,87,2,315,1,MCTS_CheckersHeuristic,1,1,1,OSLA
90666286,Checkers,0,GAME_OVER,73,72,2,316,2,MCTS_CheckersHeuristic,2,1,1,OSLA
-1009051213,Checkers,0,GAME_OVER,68,67,2,317,2,MCTS_CheckersHeuristic,2,1,1,OSLA
-843666233,Checkers,0,GAME_OVER,58,57,2,318,1,MCTS_CheckersHeuristic,1,2,2,OSLA
1350731983,Checkers,0,GAME_OVER,65,64,2,319,2,MCTS_CheckersHeuristic,2,1,1,OSLA
1309789641,Checkers,0,GAME_OVER,56,55,2,320,2,MCTS_CheckersHeuristic,2,1,1,OSLA
714234281,Checkers,0,GAME_OVER,59,58,2,321,2,MCTS_CheckersHeuristic,2,1,1,OSLA
-1744428321,Checkers,0,GAME_OVER,54,53,2,322,2,MCTS_CheckersHeuristic,2,1,1,OSLA
1452779804,Checkers,0,GAME_OVER,56,55,2,323,2,MCTS_CheckersHeuristic,2,1,1,OSLA
1560554700,Checkers,0,GAME_OVER,51,50,2,324,2,MCTS_CheckersHeuristic,2,1,1,OSLA
267543713,Checkers,0,GAME_OVER,69,68,2,325,2,MCTS_CheckersHeuristic,2,1,1,OSLA
-603061282,Checkers,0,GAME_OVER,47,46,2,326,2,MCTS_CheckersHeuristic,2,1,1,OSLA
-1319271451,Checkers,0,GAME_OVER,65,64,2,327,1,MCTS_CheckersHeuristic,1,2,2,OSLA
343401531,Checkers,0,GAME_OVER,54,53,2,328,2,MCTS_CheckersHeuristic,2,1,1,OSLA
-1962222305,Checkers,0,GAME_OVER,61,60,2,329,1,MCTS_CheckersHeuristic,1,2,2,OSLA
-693592698,Checkers,0,GAME_OVER,89,88,2,330,2,MCTS_CheckersHeuristic,2,1,1,OSLA
1689540083,Checkers,0,GAME_OVER,48,47,2,331,2,MCTS_CheckersHeuristic,2,1,1,OSLA
-2003835478,Checkers,0,GAME_OVER,46,45,2,332,2,MCTS_CheckersHeuristic,2,1,1,OSLA
1783499042,Checkers,0,GAME_OVER,55,54,2,333,2,MCTS_CheckersHeuristic,2,1,1,OSLA
-327792680,Checkers,0,GAME_OVER,119,118,2,334,1,MCTS_CheckersHeuristic,1,1,1,OSLA
-1699980969,Checkers,0,GAME_OVER,52,51,2,335,2,MCTS_CheckersHeuristic,2,1,1,OSLA
-1819810832,Checkers,0,GAME_OVER,55,54,2,336,2,MCTS_CheckersHeuristic,2,1,1,OSLA
-841358386,Checkers,0,GAME_OVER,106,105,2,337,2,MCTS_CheckersHeuristic,2,1,1,OSLA
2080587758,Checkers,0,GAME_OVER,126,125,2,338,2,MCTS_CheckersHeuristic,2,1,1,OSLA
-1280415314,Checkers,0,GAME_OVER,60,59,2,339,2,MCTS_CheckersHeuristic,2,1,1,OSLA
-1589158886,Checkers,0,GAME_OVER,71,70,2,340,2,MCTS_CheckersHeuristic,2,1,1,OSLA
-938597046,Checkers,0,GAME_OVER,62,61,2,341,2,MCTS_CheckersHeuristic,2,1,1,OSLA
116382727,Checkers,0,GAME_OVER,101,100,2,342,1,MCTS_CheckersHeuristic,1,1,1,OSLA
1171531941,Checkers,0,GAME_OVER,61,60,2,343,2,MCTS_CheckersHeuristic,2,1,1,OSLA
-1167607390,Checkers,0,GAME_OVER,55,54,2,344,2,MCTS_CheckersHeuristic,2,1,1,OSLA
195060971,Checkers,0,GAME_OVER,115,114,2,345,1,MCTS_CheckersHeuristic,1,1,1,OSLA
408906979,Checkers,0,GAME_OVER,51,50,2,346,2,MCTS_CheckersHeuristic,2,1,1,OSLA
1778345663,Checkers,0,GAME_OVER,68,67,2,347,2,MCTS_CheckersHeuristic,2,1,1,OSLA
-335803935,Checkers,0,GAME_OVER,55,54,2,348,2,MCTS_CheckersHeuristic,2,1,1,OSLA
-1915897455,Checkers,0,GAME_OVER,57,56,2,349,2,MCTS_CheckersHeuristic,2,1,1,OSLA
2120441937,Checkers,0,GAME_OVER,49,48,2,350,2,MCTS_CheckersHeuristic,2,1,1,OSLA
-1476864939,Checkers,0,GAME_OVER,58,57,2,351,2,MCTS_CheckersHeuristic,2,1,1,OSLA
190575297,Checkers,0,GAME_OVER,70,69,2,352,2,MCTS_CheckersHeuristic,2,1,1,OSLA
-1017414575,Checkers,0,GAME_OVER,57,56,2,353,2,MCTS_CheckersHeuristic,2,1,1,OSLA
-1721927419,Checkers,0,GAME_OVER,56,55,2,354,2,MCTS_CheckersHeuristic,2,1,1,OSLA
1356480222,Checkers,0,GAME_OVER,43,42,2,355,2,MCTS_CheckersHeuristic,2,1,1,OSLA
454746294,Checkers,0,GAME_OVER,91,90,2,356,1,MCTS_CheckersHeuristic,1,1,1,OSLA
-1508961964,Checkers,0,GAME_OVER,70,69,2,357,2,MCTS_CheckersHeuristic,2,1,1,OSLA
950874031,Checkers,0,GAME_OVER,194,193,2,358,1,MCTS_CheckersHeuristic,1,1,1,OSLA
277405296,Checkers,0,GAME_OVER,74,73,2,359,2,MCTS_CheckersHeuristic,2,1,1,OSLA
191864814,Checkers,0,GAME_OVER,54,53,2,360,2,MCTS_CheckersHeuristic,2,1,1,OSLA
140434174,Checkers,0,GAME_OVER,123,122,2,361,1,MCTS_CheckersHeuristic,1,1,1,OSLA
-1800826552,Checkers,0,GAME_OVER,65,64,2,362,2,MCTS_CheckersHeuristic,2,1,1,OSLA
-1471645817,Checkers,0,GAME_OVER,50,49,2,363,2,MCTS_CheckersHeuristic,2,1,1,OSLA
1944048838,Checkers,0,GAME_OVER,90,89,2,364,1,MCTS_CheckersHeuristic,1,1,1,OSLA
1419557714,Checkers,0,GAME_OVER,57,56,2,365,2,MCTS_CheckersHeuristic,2,1,1,OSLA
-466997586,Checkers,0,GAME_OVER,61,60,2,366,2,MCTS_CheckersHeuristic,2,1,1,OSLA
-709339900,Checkers,0,GAME_OVER,50,49,2,367,2,MCTS_CheckersHeuristic,2,1,1,OSLA
692455296,Checkers,0,GAME_OVER,63,62,2,368,2,MCTS_CheckersHeuristic,2,1,1,OSLA
-1107507308,Checkers,0,GAME_OVER,78,77,2,369,2,MCTS_CheckersHeuristic,2,1,1,OSLA
351727987,Checkers,0,GAME_OVER,136,135,2,370,1,MCTS_CheckersHeuristic,1,1,1,OSLA
1595367031,Checkers,0,GAME_OVER,58,57,2,371,2,MCTS_CheckersHeuristic,2,1,1,OSLA
562050867,Checkers,0,GAME_OVER,63,62,2,372,2,MCTS_CheckersHeuristic,2,1,1,OSLA
450957871,Checkers,0,GAME_OVER,69,68,2,373,2,MCTS_CheckersHeuristic,2,1,1,OSLA
-1415583247,Checkers,0,GAME_OVER,43,42,2,374,2,MCTS_CheckersHeuristic,2,1,1,OSLA
-1749234016,Checkers,0,GAME_OVER,86,85,2,375,1,MCTS_CheckersHeuristic,1,2,2,OSLA
142616578,Checkers,0,GAME_OVER,73,72,2,376,2,MCTS_CheckersHeuristic,2,1,1,OSLA
855486169,Checkers,0,GAME_OVER,116,115,2,377,2,MCTS_CheckersHeuristic,2,1,1,OSLA
1840999073,Checkers,0,GAME_OVER,47,46,2,378,2,MCTS_CheckersHeuristic,2,1,1,OSLA
-1299755470,Checkers,0,GAME_OVER,46,45,2,379,2,MCTS_CheckersHeuristic,2,1,1,OSLA
-799678320,Checkers,0,GAME_OVER,46,45,2,380,2,MCTS_CheckersHeuristic,2,1,1,OSLA
-1082764044,Checkers,0,GAME_OVER,53,52,2,381,2,MCTS_CheckersHeuristic,2,1,1,OSLA
2056914092,Checkers,0,GAME_OVER,50,49,2,382,2,MCTS_CheckersHeuristic,2,1,1,OSLA
735868635,Checkers,0,GAME_OVER,72,71,2,383,2,MCTS_CheckersHeuristic,2,1,1,OSLA
-1570764109,Checkers,0,GAME_OVER,54,53,2,384,2,MCTS_CheckersHeuristic,2,1,1,OSLA
-783727561,Checkers,0,GAME_OVER,58,57,2,385,2,MCTS_CheckersHeuristic,2,1,1,OSLA
-278578750,Checkers,0,GAME_OVER,43,42,2,386,2,MCTS_CheckersHeuristic,2,1,1,OSLA
99549824,Checkers,0,GAME_OVER,71,70,2,387,2,MCTS_CheckersHeuristic,2,1,1,OSLA
576007015,Checkers,0,GAME_OVER,45,44,2,388,2,MCTS_CheckersHeuristic,2,1,1,OSLA
-781103219,Checkers,0,GAME_OVER,123,122,2,389,1,MCTS_CheckersHeuristic,1,1,1,OSLA
1301739307,Checkers,0,GAME_OVER,81,80,2,390,2,MCTS_CheckersHeuristic,2,1,1,OSLA
-1868420403,Checkers,0,GAME_OVER,57,56,2,391,2,MCTS_CheckersHeuristic,2,1,1,OSLA
1469310468,Checkers,0,GAME_OVER,52,51,2,392,2,MCTS_CheckersHeuristic,2,1,1,OSLA
6500924,Checkers,0,GAME_OVER,43,42,2,393,2,MCTS_CheckersHeuristic,2,1,1,OSLA
319106587,Checkers,0,GAME_OVER,55,54,2,394,2,MCTS_CheckersHeuristic,2,1,1,OSLA
-691733268,Checkers,0,GAME_OVER,58,57,2,395,2,MCTS_CheckersHeuristic,2,1,1,OSLA
-1386758477,Checkers,0,GAME_OVER,60,59,2,396,2,MCTS_CheckersHeuristic,2,1,1,OSLA
-836201654,Checkers,0,GAME_OVER,71,70,2,397,2,MCTS_CheckersHeuristic,2,1,1,OSLA
1520311625,Checkers,0,GAME_OVER,63,62,2,398,2,MCTS_CheckersHeuristic,2,1,1,OSLA
1690871187,Checkers,0,GAME_OVER,62,61,2,399,2,MCTS_CheckersHeuristic,2,1,1,OSLA
-497872866,Checkers,0,GAME_OVER,53,52,2,400,2,MCTS_CheckersHeuristic,2,1,1,OSLA
-878879973,Checkers,0,GAME_OVER,61,60,2,401,2,MCTS_CheckersHeuristic,2,1,1,OSLA
-1176337153,Checkers,0,GAME_OVER,48,47,2,402,2,MCTS_CheckersHeuristic,2,1,1,RandomPlayerConfig
-1203383237,Checkers,0,GAME_OVER,50,49,2,403,2,MCTS_CheckersHeuristic,2,1,1,RandomPlayerConfig
-731044798,Checkers,0,GAME_OVER,43,42,2,404,2,MCTS_CheckersHeuristic,2,1,1,RandomPlayerConfig
-214896742,Checkers,0,GAME_OVER,44,43,2,405,2,MCTS_CheckersHeuristic,2,1,1,RandomPlayerConfig
904131606,Checkers,0,GAME_OVER,39,38,2,406,2,MCTS_CheckersHeuristic,2,1,1,RandomPlayerConfig
-836935709,Checkers,0,GAME_OVER,44,43,2,407,2,MCTS_CheckersHeuristic,2,1,1,RandomPlayerConfig
-722893542,Checkers,0,GAME_OVER,41,40,2,408,2,MCTS_CheckersHeuristic,2,1,1,RandomPlayerConfig
1340300709,Checkers,0,GAME_OVER,41,40,2,409,2,MCTS_CheckersHeuristic,2,1,1,RandomPlayerConfig
-2124934750,Checkers,0,GAME_OVER,38,37,2,410,2,MCTS_CheckersHeuristic,2,1,1,RandomPlayerConfig
-35611374,Checkers,0,GAME_OVER,39,38,2,411,2,MCTS_CheckersHeuristic,2,1,1,RandomPlayerConfig
286717860,Checkers,0,GAME_OVER,41,40,2,412,2,MCTS_CheckersHeuristic,2,1,1,RandomPlayerConfig
59274752,Checkers,0,GAME_OVER,41,40,2,413,2,MCTS_CheckersHeuristic,2,1,1,RandomPlayerConfig
-1426514565,Checkers,0,GAME_OVER,43,42,2,414,2,MCTS_CheckersHeuristic,2,1,1,RandomPlayerConfig
1638937389,Checkers,0,GAME_OVER,45,44,2,415,2,MCTS_CheckersHeuristic,2,1,1,RandomPlayerConfig
-313547086,Checkers,0,GAME_OVER,39,38,2,416,2,MCTS_CheckersHeuristic,2,1,1,RandomPlayerConfig
-1292871560,Checkers,0,GAME_OVER,42,41,2,417,2,MCTS_CheckersHeuristic,2,1,1,RandomPlayerConfig
141710200,Checkers,0,GAME_OVER,43,42,2,418,2,MCTS_CheckersHeuristic,2,1,1,RandomPlayerConfig
-173761553,Checkers,0,GAME_OVER,37,36,2,419,2,MCTS_CheckersHeuristic,2,1,1,RandomPlayerConfig
-527106957,Checkers,0,GAME_OVER,39,38,2,420,2,MCTS_CheckersHeuristic,2,1,1,RandomPlayerConfig
2086646756,Checkers,0,GAME_OVER,52,51,2,421,2,MCTS_CheckersHeuristic,2,1,1,RandomPlayerConfig
-616978944,Checkers,0,GAME_OVER,41,40,2,422,2,MCTS_CheckersHeuristic,2,1,1,RandomPlayerConfig
-1097626520,Checkers,0,GAME_OVER,44,43,2,423,2,MCTS_CheckersHeuristic,2,1,1,RandomPlayerConfig
-1700335317,Checkers,0,GAME_OVER,42,41,2,424,2,MCTS_CheckersHeuristic,2,1,1,RandomPlayerConfig
-970850095,Checkers,0,GAME_OVER,49,48,2,425,2,MCTS_CheckersHeuristic,2,1,1,RandomPlayerConfig
-323875359,Checkers,0,GAME_OVER,49,48,2,426,2,MCTS_CheckersHeuristic,2,1,1,RandomPlayerConfig
-2016122297,Checkers,0,GAME_OVER,43,42,2,427,2,MCTS_CheckersHeuristic,2,1,1,RandomPlayerConfig
1689588006,Checkers,0,GAME_OVER,41,40,2,428,2,MCTS_CheckersHeuristic,2,1,1,RandomPlayerConfig
-1976417695,Checkers,0,GAME_OVER,37,36,2,429,2,MCTS_CheckersHeuristic,2,1,1,RandomPlayerConfig
-326991008,Checkers,0,GAME_OVER,33,32,2,430,2,MCTS_CheckersHeuristic,2,1,1,RandomPlayerConfig
679498075,Checkers,0,GAME_OVER,45,44,2,431,2,MCTS_CheckersHeuristic,2,1,1,RandomPlayerConfig
-1337627158,Checkers,0,GAME_OVER,46,45,2,432,2,MCTS_CheckersHeuristic,2,1,1,RandomPlayerConfig
523530607,Checkers,0,GAME_OVER,44,43,2,433,2,MCTS_CheckersHeuristic,2,1,1,RandomPlayerConfig
372962448,Checkers,0,GAME_OVER,41,40,2,434,2,MCTS_CheckersHeuristic,2,1,1,RandomPlayerConfig
762211670,Checkers,0,GAME_OVER,46,45,2,435,2,MCTS_CheckersHeuristic,2,1,1,RandomPlayerConfig
-386077013,Checkers,0,GAME_OVER,43,42,2,436,2,MCTS_CheckersHeuristic,2,1,1,RandomPlayerConfig
1173878263,Checkers,0,GAME_OVER,46,45,2,437,2,MCTS_CheckersHeuristic,2,1,1,RandomPlayerConfig
-886977305,Checkers,0,GAME_OVER,42,41,2,438,2,MCTS_CheckersHeuristic,2,1,1,RandomPlayerConfig
1375054804,Checkers,0,GAME_OVER,43,42,2,439,2,MCTS_CheckersHeuristic,2,1,1,RandomPlayerConfig
2025305091,Checkers,0,GAME_OVER,33,32,2,440,2,MCTS_CheckersHeuristic,2,1,1,RandomPlayerConfig
-748825931,Checkers,0,GAME_OVER,39,38,2,441,2,MCTS_CheckersHeuristic,2,1,1,RandomPlayerConfig
664396301,Checkers,0,GAME_OVER,43,42,2,442,2,MCTS_CheckersHeuristic,2,1,1,RandomPlayerConfig
-628553061,Checkers,0,GAME_OVER,49,48,2,443,2,MCTS_CheckersHeuristic,2,1,1,RandomPlayerConfig
-384335134,Checkers,0,GAME_OVER,36,35,2,444,2,MCTS_CheckersHeuristic,2,1,1,RandomPlayerConfig
520316683,Checkers,0,GAME_OVER,48,47,2,445,2,MCTS_CheckersHeuristic,2,1,1,RandomPlayerConfig
37345783,Checkers,0,GAME_OVER,36,35,2,446,2,MCTS_CheckersHeuristic,2,1,1,RandomPlayerConfig
-1445722588,Checkers,0,GAME_OVER,45,44,2,447,2,MCTS_CheckersHeuristic,2,1,1,RandomPlayerConfig
-979801406,Checkers,0,GAME_OVER,40,39,2,448,2,MCTS_CheckersHeuristic,2,1,1,RandomPlayerConfig
163375911,Checkers,0,GAME_OVER,45,44,2,449,2,MCTS_CheckersHeuristic,2,1,1,RandomPlayerConfig
1655397940,Checkers,0,GAME_OVER,54,53,2,450,2,MCTS_CheckersHeuristic,2,1,1,RandomPlayerConfig
-1890522022,Checkers,0,GAME_OVER,48,47,2,451,2,MCTS_CheckersHeuristic,2,1,1,RandomPlayerConfig
1688410911,Checkers,0,GAME_OVER,40,39,2,452,2,MCTS_CheckersHeuristic,2,1,1,RandomPlayerConfig
-235337115,Checkers,0,GAME_OVER,36,35,2,453,2,MCTS_CheckersHeuristic,2,1,1,RandomPlayerConfig
419016838,Checkers,0,GAME_OVER,48,47,2,454,2,MCTS_CheckersHeuristic,2,1,1,RandomPlayerConfig
-1649731680,Checkers,0,GAME_OVER,46,45,2,455,2,MCTS_CheckersHeuristic,2,1,1,RandomPlayerConfig
-804545498,Checkers,0,GAME_OVER,47,46,2,456,2,MCTS_CheckersHeuristic,2,1,1,RandomPlayerConfig
-371638287,Checkers,0,GAME_OVER,55,54,2,457,2,MCTS_CheckersHeuristic,2,1,1,RandomPlayerConfig
1214018740,Checkers,0,GAME_OVER,36,35,2,458,2,MCTS_CheckersHeuristic,2,1,1,RandomPlayerConfig
1541101081,Checkers,0,GAME_OVER,44,43,2,459,2,MCTS_CheckersHeuristic,2,1,1,RandomPlayerConfig
1571446444,Checkers,0,GAME_OVER,42,41,2,460,2,MCTS_CheckersHeuristic,2,1,1,RandomPlayerConfig
-2124359248,Checkers,0,GAME_OVER,37,36,2,461,2,MCTS_CheckersHeuristic,2,1,1,RandomPlayerConfig
470074270,Checkers,0,GAME_OVER,46,45,2,462,2,MCTS_CheckersHeuristic,2,1,1,RandomPlayerConfig
-301137630,Checkers,0,GAME_OVER,47,46,2,463,2,MCTS_CheckersHeuristic,2,1,1,RandomPlayerConfig
296933217,Checkers,0,GAME_OVER,46,45,2,464,2,MCTS_CheckersHeuristic,2,1,1,RandomPlayerConfig
550946144,Checkers,0,GAME_OVER,36,35,2,465,2,MCTS_CheckersHeuristic,2,1,1,RandomPlayerConfig
1983896466,Checkers,0,GAME_OVER,44,43,2,466,2,MCTS_CheckersHeuristic,2,1,1,RandomPlayerConfig
926845219,Checkers,0,GAME_OVER,40,39,2,467,2,MCTS_CheckersHeuristic,2,1,1,RandomPlayerConfig
-28174011,Checkers,0,GAME_OVER,37,36,2,468,2,MCTS_CheckersHeuristic,2,1,1,RandomPlayerConfig
1385466877,Checkers,0,GAME_OVER,48,47,2,469,2,MCTS_CheckersHeuristic,2,1,1,RandomPlayerConfig
-878444067,Checkers,0,GAME_OVER,46,45,2,470,2,MCTS_CheckersHeuristic,2,1,1,RandomPlayerConfig
-898074233,Checkers,0,GAME_OVER,40,39,2,471,2,MCTS_CheckersHeuristic,2,1,1,RandomPlayerConfig
-1855511719,Checkers,0,GAME_OVER,42,41,2,472,2,MCTS_CheckersHeuristic,2,1,1,RandomPlayerConfig
708779878,Checkers,0,GAME_OVER,42,41,2,473,2,MCTS_CheckersHeuristic,2,1,1,RandomPlayerConfig
-365860445,Checkers,0,GAME_OVER,41,40,2,474,2,MCTS_CheckersHeuristic,2,1,1,RandomPlayerConfig
-425576184,Checkers,0,GAME_OVER,38,37,2,475,2,MCTS_CheckersHeuristic,2,1,1,RandomPlayerConfig
696636826,Checkers,0,GAME_OVER,41,40,2,476,2,MCTS_CheckersHeuristic,2,1,1,RandomPlayerConfig
-938713536,Checkers,0,GAME_OVER,46,45,2,477,2,MCTS_CheckersHeuristic,2,1,1,RandomPlayerConfig
-1600506893,Checkers,0,GAME_OVER,50,49,2,478,2,MCTS_CheckersHeuristic,2,1,1,RandomPlayerConfig
-894694865,Checkers,0,GAME_OVER,36,35,2,479,2,MCTS_CheckersHeuristic,2,1,1,RandomPlayerConfig
-1711292118,Checkers,0,GAME_OVER,46,45,2,480,2,MCTS_CheckersHeuristic,2,1,1,RandomPlayerConfig
-2088603110,Checkers,0,GAME_OVER,44,43,2,481,2,MCTS_CheckersHeuristic,2,1,1,RandomPlayerConfig
-511582955,Checkers,0,GAME_OVER,37,36,2,482,2,MCTS_CheckersHeuristic,2,1,1,RandomPlayerConfig
1429868571,Checkers,0,GAME_OVER,49,48,2,483,2,MCTS_CheckersHeuristic,2,1,1,RandomPlayerConfig
699221968,Checkers,0,GAME_OVER,45,44,2,484,2,MCTS_CheckersHeuristic,2,1,1,RandomPlayerConfig
-1337168942,Checkers,0,GAME_OVER,39,38,2,485,2,MCTS_CheckersHeuristic,2,1,1,RandomPlayerConfig
2058726182,Checkers,0,GAME_OVER,46,45,2,486,2,MCTS_CheckersHeuristic,2,1,1,RandomPlayerConfig
57957248,Checkers,0,GAME_OVER,45,44,2,487,2,MCTS_CheckersHeuristic,2,1,1,RandomPlayerConfig
1961148066,Checkers,0,GAME_OVER,42,41,2,488,2,MCTS_CheckersHeuristic,2,1,1,RandomPlayerConfig
-208551370,Checkers,0,GAME_OVER,37,36,2,489,2,MCTS_CheckersHeuristic,2,1,1,RandomPlayerConfig
-26938906,Checkers,0,GAME_OVER,46,45,2,490,2,MCTS_CheckersHeuristic,2,1,1,RandomPlayerConfig
710689778,Checkers,0,GAME_OVER,37,36,2,491,2,MCTS_CheckersHeuristic,2,1,1,RandomPlayerConfig
-944470016,Checkers,0,GAME_OVER,37,36,2,492,2,MCTS_CheckersHeuristic,2,1,1,RandomPlayerConfig
1727305453,Checkers,0,GAME_OVER,40,39,2,493,2,MCTS_CheckersHeuristic,2,1,1,RandomPlayerConfig
1434009552,Checkers,0,GAME_OVER,36,35,2,494,2,MCTS_CheckersHeuristic,2,1,1,RandomPlayerConfig
1699189091,Checkers,0,GAME_OVER,42,41,2,495,2,MCTS_CheckersHeuristic,2,1,1,RandomPlayerConfig
-1924114236,Checkers,0,GAME_OVER,36,35,2,496,2,MCTS_CheckersHeuristic,2,1,1,RandomPlayerConfig
439674264,Checkers,0,GAME_OVER,38,37,2,497,2,MCTS_CheckersHeuristic,2,1,1,RandomPlayerConfig
1000065131,Checkers,0,GAME_OVER,45,44,2,498,2,MCTS_CheckersHeuristic,2,1,1,RandomPlayerConfig
522598890,Checkers,0,GAME_OVER,44,43,2,499,2,MCTS_CheckersHeuristic,2,1,1,RandomPlayerConfig
1408310455,Checkers,0,GAME_OVER,41,40,2,500,2,MCTS_CheckersHeuristic,2,1,1,RandomPlayerConfig
330629427,Checkers,0,GAME_OVER,58,57,2,501,2,MCTS_CheckersHeuristic,2,1,1,RandomPlayerConfig
-797532192,Checkers,0,GAME_OVER,43,42,2,502,2,MCTS_CheckersHeuristic,2,1,1,RandomPlayerConfig
1262467013,Checkers,0,GAME_OVER,49,48,2,503,2,MCTS_CheckersHeuristic,2,1,1,RandomPlayerConfig
1416244806,Checkers,0,GAME_OVER,41,40,2,504,2,MCTS_CheckersHeuristic,2,1,1,RandomPlayerConfig
-1929509951,Checkers,0,GAME_OVER,35,34,2,505,2,MCTS_CheckersHeuristic,2,1,1,RandomPlayerConfig
2073402315,Checkers,0,GAME_OVER,43,42,2,506,2,MCTS_CheckersHeuristic,2,1,1,RandomPlayerConfig
-1855898719,Checkers,0,GAME_OVER,39,38,2,507,2,MCTS_CheckersHeuristic,2,1,1,RandomPlayerConfig
296605045,Checkers,0,GAME_OVER,36,35,2,508,2,MCTS_CheckersHeuristic,2,1,1,RandomPlayerConfig
-1993796568,Checkers,0,GAME_OVER,54,53,2,509,2,MCTS_CheckersHeuristic,2,1,1,RandomPlayerConfig
-1305219755,Checkers,0,GAME_OVER,39,38,2,510,2,MCTS_CheckersHeuristic,2,1,1,RandomPlayerConfig
-1589231848,Checkers,0,GAME_OVER,32,31,2,511,2,MCTS_CheckersHeuristic,2,1,1,RandomPlayerConfig
1504068114,Checkers,0,GAME_OVER,37,36,2,512,2,MCTS_CheckersHeuristic,2,1,1,RandomPlayerConfig
-503536039,Checkers,0,GAME_OVER,39,38,2,513,2,MCTS_CheckersHeuristic,2,1,1,RandomPlayerConfig
763414658,Checkers,0,GAME_OVER,42,41,2,514,2,MCTS_CheckersHeuristic,2,1,1,RandomPlayerConfig
362363770,Checkers,0,GAME_OVER,41,40,2,515,2,MCTS_CheckersHeuristic,2,1,1,RandomPlayerConfig
90666286,Checkers,0,GAME_OVER,41,40,2,516,2,MCTS_CheckersHeuristic,2,1,1,RandomPlayerConfig
-1009051213,Checkers,0,GAME_OVER,44,43,2,517,2,MCTS_CheckersHeuristic,2,1,1,RandomPlayerConfig
-843666233,Checkers,0,GAME_OVER,46,45,2,518,2,MCTS_CheckersHeuristic,2,1,1,RandomPlayerConfig
1350731983,Checkers,0,GAME_OVER,38,37,2,519,2,MCTS_CheckersHeuristic,2,1,1,RandomPlayerConfig
1309789641,Checkers,0,GAME_OVER,38,37,2,520,2,MCTS_CheckersHeuristic,2,1,1,RandomPlayerConfig
714234281,Checkers,0,GAME_OVER,44,43,2,521,2,MCTS_CheckersHeuristic,2,1,1,RandomPlayerConfig
-1744428321,Checkers,0,GAME_OVER,36,35,2,522,2,MCTS_CheckersHeuristic,2,1,1,RandomPlayerConfig
1452779804,Checkers,0,GAME_OVER,51,50,2,523,2,MCTS_CheckersHeuristic,2,1,1,RandomPlayerConfig
1560554700,Checkers,0,GAME_OVER,52,51,2,524,2,MCTS_CheckersHeuristic,2,1,1,RandomPlayerConfig
267543713,Checkers,0,GAME_OVER,40,39,2,525,2,MCTS_CheckersHeuristic,2,1,1,RandomPlayerConfig
-603061282,Checkers,0,GAME_OVER,33,32,2,526,2,MCTS_CheckersHeuristic,2,1,1,RandomPlayerConfig
-1319271451,Checkers,0,GAME_OVER,37,36,2,527,2,MCTS_CheckersHeuristic,2,1,1,RandomPlayerConfig
343401531,Checkers,0,GAME_OVER,45,44,2,528,2,MCTS_CheckersHeuristic,2,1,1,RandomPlayerConfig
-1962222305,Checkers,0,GAME_OVER,37,36,2,529,2,MCTS_CheckersHeuristic,2,1,1,RandomPlayerConfig
-693592698,Checkers,0,GAME_OVER,33,32,2,530,2,MCTS_CheckersHeuristic,2,1,1,RandomPlayerConfig
1689540083,Checkers,0,GAME_OVER,39,38,2,531,2,MCTS_CheckersHeuristic,2,1,1,RandomPlayerConfig
-2003835478,Checkers,0,GAME_OVER,36,35,2,532,2,MCTS_CheckersHeuristic,2,1,1,RandomPlayerConfig
1783499042,Checkers,0,GAME_OVER,38,37,2,533,2,MCTS_CheckersHeuristic,2,1,1,RandomPlayerConfig
-327792680,Checkers,0,GAME_OVER,41,40,2,534,2,MCTS_CheckersHeuristic,2,1,1,RandomPlayerConfig
-1699980969,Checkers,0,GAME_OVER,42,41,2,535,2,MCTS_CheckersHeuristic,2,1,1,RandomPlayerConfig
-1819810832,Checkers,0,GAME_OVER,38,37,2,536,2,MCTS_CheckersHeuristic,2,1,1,RandomPlayerConfig
-841358386,Checkers,0,GAME_OVER,37,36,2,537,2,MCTS_CheckersHeuristic,2,1,1,RandomPlayerConfig
2080587758,Checkers,0,GAME_OVER,42,41,2,538,2,MCTS_CheckersHeuristic,2,1,1,RandomPlayerConfig
-1280415314,Checkers,0,GAME_OVER,50,49,2,539,2,MCTS_CheckersHeuristic,2,1,1,RandomPlayerConfig
-1589158886,Checkers,0,GAME_OVER,34,33,2,540,2,MCTS_CheckersHeuristic,2,1,1,RandomPlayerConfig
-938597046,Checkers,0,GAME_OVER,46,45,2,541,2,MCTS_CheckersHeuristic,2,1,1,RandomPlayerConfig
116382727,Checkers,0,GAME_OVER,56,55,2,542,2,MCTS_CheckersHeuristic,2,1,1,RandomPlayerConfig
1171531941,Checkers,0,GAME_OVER,40,39,2,543,2,MCTS_CheckersHeuristic,2,1,1,RandomPlayerConfig
-1167607390,Checkers,0,GAME_OVER,36,35,2,544,2,MCTS_CheckersHeuristic,2,1,1,RandomPlayerConfig
195060971,Checkers,0,GAME_OVER,48,47,2,545,2,MCTS_CheckersHeuristic,2,1,1,RandomPlayerConfig
408906979,Checkers,0,GAME_OVER,46,45,2,546,2,MCTS_CheckersHeuristic,2,1,1,RandomPlayerConfig
1778345663,Checkers,0,GAME_OVER,41,40,2,547,2,MCTS_CheckersHeuristic,2,1,1,RandomPlayerConfig
-335803935,Checkers,0,GAME_OVER,38,37,2,548,2,MCTS_CheckersHeuristic,2,1,1,RandomPlayerConfig
-1915897455,Checkers,0,GAME_OVER,42,41,2,549,2,MCTS_CheckersHeuristic,2,1,1,RandomPlayerConfig
2120441937,Checkers,0,GAME_OVER,38,37,2,550,2,MCTS_CheckersHeuristic,2,1,1,RandomPlayerConfig
-1476864939,Checkers,0,GAME_OVER,41,40,2,551,2,MCTS_CheckersHeuristic,2,1,1,RandomPlayerConfig
190575297,Checkers,0,GAME_OVER,43,42,2,552,2,MCTS_CheckersHeuristic,2,1,1,RandomPlayerConfig
-1017414575,Checkers,0,GAME_OVER,39,38,2,553,2,MCTS_CheckersHeuristic,2,1,1,RandomPlayerConfig
-1721927419,Checkers,0,GAME_OVER,39,38,2,554,2,MCTS_CheckersHeuristic,2,1,1,RandomPlayerConfig
1356480222,Checkers,0,GAME_OVER,32,31,2,555,2,MCTS_CheckersHeuristic,2,1,1,RandomPlayerConfig
454746294,Checkers,0,GAME_OVER,47,46,2,556,2,MCTS_CheckersHeuristic,2,1,1,RandomPlayerConfig
-1508961964,Checkers,0,GAME_OVER,35,34,2,557,2,MCTS_CheckersHeuristic,2,1,1,RandomPlayerConfig
950874031,Checkers,0,GAME_OVER,45,44,2,558,2,MCTS_CheckersHeuristic,2,1,1,RandomPlayerConfig
277405296,Checkers,0,GAME_OVER,46,45,2,559,2,MCTS_CheckersHeuristic,2,1,1,RandomPlayerConfig
191864814,Checkers,0,GAME_OVER,53,52,2,560,2,MCTS_CheckersHeuristic,2,1,1,RandomPlayerConfig
140434174,Checkers,0,GAME_OVER,39,38,2,561,2,MCTS_CheckersHeuristic,2,1,1,RandomPlayerConfig
-1800826552,Checkers,0,GAME_OVER,64,63,2,562,2,MCTS_CheckersHeuristic,2,1,1,RandomPlayerConfig
-1471645817,Checkers,0,GAME_OVER,40,39,2,563,2,MCTS_CheckersHeuristic,2,1,1,RandomPlayerConfig
1944048838,Checkers,0,GAME_OVER,43,42,2,564,2,MCTS_CheckersHeuristic,2,1,1,RandomPlayerConfig
1419557714,Checkers,0,GAME_OVER,40,39,2,565,2,MCTS_CheckersHeuristic,2,1,1,RandomPlayerConfig
-466997586,Checkers,0,GAME_OVER,45,44,2,566,2,MCTS_CheckersHeuristic,2,1,1,RandomPlayerConfig
-709339900,Checkers,0,GAME_OVER,40,39,2,567,2,MCTS_CheckersHeuristic,2,1,1,RandomPlayerConfig
692455296,Checkers,0,GAME_OVER,41,40,2,568,2,MCTS_CheckersHeuristic,2,1,1,RandomPlayerConfig
-1107507308,Checkers,0,GAME_OVER,41,40,2,569,2,MCTS_CheckersHeuristic,2,1,1,RandomPlayerConfig
351727987,Checkers,0,GAME_OVER,37,36,2,570,2,MCTS_CheckersHeuristic,2,1,1,RandomPlayerConfig
1595367031,Checkers,0,GAME_OVER,41,40,2,571,2,MCTS_CheckersHeuristic,2,1,1,RandomPlayerConfig
562050867,Checkers,0,GAME_OVER,39,38,2,572,2,MCTS_CheckersHeuristic,2,1,1,RandomPlayerConfig
450957871,Checkers,0,GAME_OVER,42,41,2,573,2,MCTS_CheckersHeuristic,2,1,1,RandomPlayerConfig
-1415583247,Checkers,0,GAME_OVER,45,44,2,574,2,MCTS_CheckersHeuristic,2,1,1,RandomPlayerConfig
-1749234016,Checkers,0,GAME_OVER,46,45,2,575,2,MCTS_CheckersHeuristic,2,1,1,RandomPlayerConfig
142616578,Checkers,0,GAME_OVER,42,41,2,576,2,MCTS_CheckersHeuristic,2,1,1,RandomPlayerConfig
855486169,Checkers,0,GAME_OVER,43,42,2,577,2,MCTS_CheckersHeuristic,2,1,1,RandomPlayerConfig
1840999073,Checkers,0,GAME_OVER,48,47,2,578,2,MCTS_CheckersHeuristic,2,1,1,RandomPlayerConfig
-1299755470,Checkers,0,GAME_OVER,39,38,2,579,2,MCTS_CheckersHeuristic,2,1,1,RandomPlayerConfig
-799678320,Checkers,0,GAME_OVER,44,43,2,580,2,MCTS_CheckersHeuristic,2,1,1,RandomPlayerConfig
-1082764044,Checkers,0,GAME_OVER,35,34,2,581,2,MCTS_CheckersHeuristic,2,1,1,RandomPlayerConfig
2056914092,Checkers,0,GAME_OVER,41,40,2,582,2,MCTS_CheckersHeuristic,2,1,1,RandomPlayerConfig
735868635,Checkers,0,GAME_OVER,41,40,2,583,2,MCTS_CheckersHeuristic,2,1,1,RandomPlayerConfig
-1570764109,Checkers,0,GAME_OVER,42,41,2,584,2,MCTS_CheckersHeuristic,2,1,1,RandomPlayerConfig
-783727561,Checkers,0,GAME_OVER,43,42,2,585,2,MCTS_CheckersHeuristic,2,1,1,RandomPlayerConfig
-278578750,Checkers,0,GAME_OVER,43,42,2,586,2,MCTS_CheckersHeuristic,2,1,1,RandomPlayerConfig
99549824,Checkers,0,GAME_OVER,38,37,2,587,2,MCTS_CheckersHeuristic,2,1,1,RandomPlayerConfig
576007015,Checkers,0,GAME_OVER,36,35,2,588,2,MCTS_CheckersHeuristic,2,1,1,RandomPlayerConfig
-781103219,Checkers,0,GAME_OVER,38,37,2,589,2,MCTS_CheckersHeuristic,2,1,1,RandomPlayerConfig
1301739307,Checkers,0,GAME_OVER,35,34,2,590,2,MCTS_CheckersHeuristic,2,1,1,RandomPlayerConfig
-1868420403,Checkers,0,GAME_OVER,42,41,2,591,2,MCTS_CheckersHeuristic,2,1,1,RandomPlayerConfig
1469310468,Checkers,0,GAME_OVER,40,39,2,592,2,MCTS_CheckersHeuristic,2,1,1,RandomPlayerConfig
6500924,Checkers,0,GAME_OVER,49,48,2,593,2,MCTS_CheckersHeuristic,2,1,1,RandomPlayerConfig
319106587,Checkers,0,GAME_OVER,46,45,2,594,2,MCTS_CheckersHeuristic,2,1,1,RandomPlayerConfig
-691733268,Checkers,0,GAME_OVER,47,46,2,595,2,MCTS_CheckersHeuristic,2,1,1,RandomPlayerConfig
-1386758477,Checkers,0,GAME_OVER,35,34,2,596,2,MCTS_CheckersHeuristic,2,1,1,RandomPlayerConfig
-836201654,Checkers,0,GAME_OVER,40,39,2,597,2,MCTS_CheckersHeuristic,2,1,1,RandomPlayerConfig
1520311625,Checkers,0,GAME_OVER,52,51,2,598,2,MCTS_CheckersHeuristic,2,1,1,RandomPlayerConfig
1690871187,Checkers,0,GAME_OVER,48,47,2,599,2,MCTS_CheckersHeuristic,2,1,1,RandomPlayerConfig
-497872866,Checkers,0,GAME_OVER,39,38,2,600,2,MCTS_CheckersHeuristic,2,1,1,RandomPlayerConfig
-878879973,Checkers,0,GAME_OVER,51,50,2,601,2,MCTS_CheckersHeuristic,2,1,1,RandomPlayerConfig
-1176337153,Checkers,0,GAME_OVER,65,64,2,602,1,OSLA,1,2,2,MCTS_CheckersHeuristic
-1203383237,Checkers,0,GAME_OVER,53,52,2,603,1,OSLA,1,2,2,MCTS_CheckersHeuristic
-731044798,Checkers,0,GAME_OVER,60,59,2,604,1,OSLA,1,2,2,MCTS_CheckersHeuristic
-214896742,Checkers,0,GAME_OVER,64,63,2,605,1,OSLA,1,2,2,MCTS_CheckersHeuristic
904131606,Checkers,0,GAME_OVER,55,54,2,606,1,OSLA,1,2,2,MCTS_CheckersHeuristic
-836935709,Checkers,0,GAME_OVER,42,41,2,607,1,OSLA,1,2,2,MCTS_CheckersHeuristic
-722893542,Checkers,0,GAME_OVER,40,39,2,608,1,OSLA,1,2,2,MCTS_CheckersHeuristic
1340300709,Checkers,0,GAME_OVER,84,83,2,609,1,OSLA,1,2,2,MCTS_CheckersHeuristic
-2124934750,Checkers,0,GAME_OVER,87,86,2,610,1,OSLA,1,2,2,MCTS_CheckersHeuristic
-35611374,Checkers,0,GAME_OVER,131,130,2,611,1,OSLA,1,1,1,MCTS_CheckersHeuristic
286717860,Checkers,0,GAME_OVER,105,104,2,612,1,OSLA,1,1,1,MCTS_CheckersHeuristic
59274752,Checkers,0,GAME_OVER,48,47,2,613,1,OSLA,1,2,2,MCTS_CheckersHeuristic
-1426514565,Checkers,0,GAME_OVER,81,80,2,614,1,OSLA,1,2,2,MCTS_CheckersHeuristic
1638937389,Checkers,0,GAME_OVER,49,48,2,615,1,OSLA,1,2,2,MCTS_CheckersHeuristic
-313547086,Checkers,0,GAME_OVER,69,68,2,616,1,OSLA,1,2,2,MCTS_CheckersHeuristic
-1292871560,Checkers,0,GAME_OVER,74,73,2,617,1,OSLA,1,2,2,MCTS_CheckersHeuristic
141710200,Checkers,0,GAME_OVER,73,72,2,618,1,OSLA,1,2,2,MCTS_CheckersHeuristic
-173761553,Checkers,0,GAME_OVER,108,107,2,619,1,OSLA,1,2,2,MCTS_CheckersHeuristic
-527106957,Checkers,0,GAME_OVER,57,56,2,620,1,OSLA,1,2,2,MCTS_CheckersHeuristic
2086646756,Checkers,0,GAME_OVER,78,77,2,621,1,OSLA,1,2,2,MCTS_CheckersHeuristic
-616978944,Checkers,0,GAME_OVER,56,55,2,622,1,OSLA,1,2,2,MCTS_CheckersHeuristic
-1097626520,Checkers,0,GAME_OVER,47,46,2,623,1,OSLA,1,2,2,MCTS_CheckersHeuristic
-1700335317,Checkers,0,GAME_OVER,94,93,2,624,1,OSLA,1,2,2,MCTS_CheckersHeuristic
-970850095,Checkers,0,GAME_OVER,42,41,2,625,1,OSLA,1,2,2,MCTS_CheckersHeuristic
-323875359,Checkers,0,GAME_OVER,49,48,2,626,1,OSLA,1,2,2,MCTS_CheckersHeuristic
-2016122297,Checkers,0,GAME_OVER,63,62,2,627,1,OSLA,1,2,2,MCTS_CheckersHeuristic
1689588006,Checkers,0,GAME_OVER,60,59,2,628,1,OSLA,1,2,2,MCTS_CheckersHeuristic
-1976417695,Checkers,0,GAME_OVER,58,57,2,629,1,OSLA,1,2,2,MCTS_CheckersHeuristic
-326991008,Checkers,0,GAME_OVER,115,114,2,630,1,OSLA,1,2,2,MCTS_CheckersHeuristic
679498075,Checkers,0,GAME_OVER,86,85,2,631,1,OSLA,1,2,2,MCTS_CheckersHeuristic
-1337627158,Checkers,0,GAME_OVER,55,54,2,632,1,OSLA,1,2,2,MCTS_CheckersHeuristic
523530607,Checkers,0,GAME_OVER,62,61,2,633,1,OSLA,1,2,2,MCTS_CheckersHeuristic
372962448,Checkers,0,GAME_OVER,55,54,2,634,1,OSLA,1,2,2,MCTS_CheckersHeuristic
762211670,Checkers,0,GAME_OVER,146,145,2,635,1,OSLA,1,1,1,MCTS_CheckersHeuristic
-386077013,Checkers,0,GAME_OVER,52,51,2,636,1,OSLA,1,2,2,MCTS_CheckersHeuristic
1173878263,Checkers,0,GAME_OVER,52,51,2,637,1,OSLA,1,2,2,MCTS_CheckersHeuristic
-886977305,Checkers,0,GAME_OVER,46,45,2,638,1,OSLA,1,2,2,MCTS_CheckersHeuristic
1375054804,Checkers,0,GAME_OVER,87,86,2,639,1,OSLA,1,2,2,MCTS_CheckersHeuristic
2025305091,Checkers,0,GAME_OVER,92,91,2,640,1,OSLA,1,1,1,MCTS_CheckersHeuristic
-748825931,Checkers,0,GAME_OVER,60,59,2,641,1,OSLA,1,2,2,MCTS_CheckersHeuristic
664396301,Checkers,0,GAME_OVER,57,56,2,642,1,OSLA,1,2,2,MCTS_CheckersHeuristic
-628553061,Checkers,0,GAME_OVER,107,106,2,643,1,OSLA,1,2,2,MCTS_CheckersHeuristic
-384335134,Checkers,0,GAME_OVER,58,57,2,644,1,OSLA,1,2,2,MCTS_CheckersHeuristic
520316683,Checkers,0,GAME_OVER,51,50,2,645,1,OSLA,1,2,2,MCTS_CheckersHeuristic
37345783,Checkers,0,GAME_OVER,104,103,2,646,1,OSLA,1,2,2,MCTS_CheckersHeuristic
-1445722588,Checkers,0,GAME_OVER,56,55,2,647,2,OSLA,2,1,1,MCTS_CheckersHeuristic
-979801406,Checkers,0,GAME_OVER,48,47,2,648,1,OSLA,1,2,2,MCTS_CheckersHeuristic
163375911,Checkers,0,GAME_OVER,62,61,2,649,1,OSLA,1,2,2,MCTS_CheckersHeuristic
1655397940,Checkers,0,GAME_OVER,127,126,2,650,1,OSLA,1,1,1,MCTS_CheckersHeuristic
-1890522022,Checkers,0,GAME_OVER,55,54,2,651,1,OSLA,1,2,2,MCTS_CheckersHeuristic
1688410911,Checkers,0,GAME_OVER,98,97,2,652,1,OSLA,1,2,2,MCTS_CheckersHeuristic
-235337115,Checkers,0,GAME_OVER,58,57,2,653,1,OSLA,1,2,2,MCTS_CheckersHeuristic
419016838,Checkers,0,GAME_OVER,72,71,2,654,1,OSLA,1,2,2,MCTS_CheckersHeuristic
-1649731680,Checkers,0,GAME_OVER,112,111,2,655,2,OSLA,2,1,1,MCTS_CheckersHeuristic
-804545498,Checkers,0,GAME_OVER,97,96,2,656,1,OSLA,1,2,2,MCTS_CheckersHeuristic
-371638287,Checkers,0,GAME_OVER,103,102,2,657,1,OSLA,1,2,2,MCTS_CheckersHeuristic
1214018740,Checkers,0,GAME_OVER,61,60,2,658,1,OSLA,1,2,2,MCTS_CheckersHeuristic
1541101081,Checkers,0,GAME_OVER,51,50,2,659,1,OSLA,1,2,2,MCTS_CheckersHeuristic
1571446444,Checkers,0,GAME_OVER,59,58,2,660,1,OSLA,1,2,2,MCTS_CheckersHeuristic
-2124359248,Checkers,0,GAME_OVER,47,46,2,661,1,OSLA,1,2,2,MCTS_CheckersHeuristic
470074270,Checkers,0,GAME_OVER,57,56,2,662,1,OSLA,1,2,2,MCTS_CheckersHeuristic
-301137630,Checkers,0,GAME_OVER,44,43,2,663,1,OSLA,1,2,2,MCTS_CheckersHeuristic
296933217,Checkers,0,GAME_OVER,63,62,2,664,1,OSLA,1,2,2,MCTS_CheckersHeuristic
550946144,Checkers,0,GAME_OVER,48,47,2,665,1,OSLA,1,2,2,MCTS_CheckersHeuristic
1983896466,Checkers,0,GAME_OVER,51,50,2,666,1,OSLA,1,2,2,MCTS_CheckersHeuristic
926845219,Checkers,0,GAME_OVER,43,42,2,667,1,OSLA,1,2,2,MCTS_CheckersHeuristic
-28174011,Checkers,0,GAME_OVER,69,68,2,668,1,OSLA,1,2,2,MCTS_CheckersHeuristic
1385466877,Checkers,0,GAME_OVER,48,47,2,669,1,OSLA,1,2,2,MCTS_CheckersHeuristic
-878444067,Checkers,0,GAME_OVER,67,66,2,670,1,OSLA,1,2,2,MCTS_CheckersHeuristic
-898074233,Checkers,0,GAME_OVER,68,67,2,671,1,OSLA,1,2,2,MCTS_CheckersHeuristic
-1855511719,Checkers,0,GAME_OVER,84,83,2,672,1,OSLA,1,2,2,MCTS_CheckersHeuristic
708779878,Checkers,0,GAME_OVER,91,90,2,673,1,OSLA,1,1,1,MCTS_CheckersHeuristic
-365860445,Checkers,0,GAME_OVER,42,41,2,674,1,OSLA,1,2,2,MCTS_CheckersHeuristic
-425576184,Checkers,0,GAME_OVER,63,62,2,675,1,OSLA,1,2,2,MCTS_CheckersHeuristic
696636826,Checkers,0,GAME_OVER,103,102,2,676,1,OSLA,1,1,1,MCTS_CheckersHeuristic
-938713536,Checkers,0,GAME_OVER,65,64,2,677,1,OSLA,1,2,2,MCTS_CheckersHeuristic
-1600506893,Checkers,0,GAME_OVER,55,54,2,678,2,OSLA,2,1,1,MCTS_CheckersHeuristic
-894694865,Checkers,0,GAME_OVER,68,67,2,679,1,OSLA,1,2,2,MCTS_CheckersHeuristic
-1711292118,Checkers,0,GAME_OVER,79,78,2,680,1,OSLA,1,2,2,MCTS_CheckersHeuristic
-2088603110,Checkers,0,GAME_OVER,108,107,2,681,1,OSLA,1,1,1,MCTS_CheckersHeuristic
-511582955,Checkers,0,GAME_OVER,60,59,2,682,1,OSLA,1,2,2,MCTS_CheckersHeuristic
1429868571,Checkers,0,GAME_OVER,72,71,2,683,2,OSLA,2,1,1,MCTS_CheckersHeuristic
699221968,Checkers,0,GAME_OVER,76,75,2,684,1,OSLA,1,2,2,MCTS_CheckersHeuristic
-1337168942,Checkers,0,GAME_OVER,80,79,2,685,1,OSLA,1,2,2,MCTS_CheckersHeuristic
2058726182,Checkers,0,GAME_OVER,66,65,2,686,1,OSLA,1,2,2,MCTS_CheckersHeuristic
57957248,Checkers,0,GAME_OVER,49,48,2,687,1,OSLA,1,2,2,MCTS_CheckersHeuristic
1961148066,Checkers,0,GAME_OVER,79,78,2,688,1,OSLA,1,2,2,MCTS_CheckersHeuristic
-208551370,Checkers,0,GAME_OVER,54,53,2,689,1,OSLA,1,2,2,MCTS_CheckersHeuristic
-26938906,Checkers,0,GAME_OVER,124,123,2,690,1,OSLA,1,1,1,MCTS_CheckersHeuristic
710689778,Checkers,0,GAME_OVER,40,39,2,691,2,OSLA,2,1,1,MCTS_CheckersHeuristic
-944470016,Checkers,0,GAME_OVER,47,46,2,692,1,OSLA,1,2,2,MCTS_CheckersHeuristic
1727305453,Checkers,0,GAME_OVER,73,72,2,693,1,OSLA,1,2,2,MCTS_CheckersHeuristic
1434009552,Checkers,0,GAME_OVER,68,67,2,694,1,OSLA,1,2,2,MCTS_CheckersHeuristic
1699189091,Checkers,0,GAME_OVER,53,52,2,695,1,OSLA,1,2,2,MCTS_CheckersHeuristic
-1924114236,Checkers,0,GAME_OVER,51,50,2,696,1,OSLA,1,2,2,MCTS_CheckersHeuristic
439674264,Checkers,0,GAME_OVER,57,56,2,697,1,OSLA,1,2,2,MCTS_CheckersHeuristic
1000065131,Checkers,0,GAME_OVER,78,77,2,698,1,OSLA,1,2,2,MCTS_CheckersHeuristic
522598890,Checkers,0,GAME_OVER,57,56,2,699,1,OSLA,1,2,2,MCTS_CheckersHeuristic
1408310455,Checkers,0,GAME_OVER,106,105,2,700,1,OSLA,1,1,1,MCTS_CheckersHeuristic
330629427,Checkers,0,GAME_OVER,162,161,2,701,1,OSLA,1,1,1,MCTS_CheckersHeuristic
-797532192,Checkers,0,GAME_OVER,87,86,2,702,1,OSLA,1,2,2,MCTS_CheckersHeuristic
1262467013,Checkers,0,GAME_OVER,90,89,2,703,1,OSLA,1,2,2,MCTS_CheckersHeuristic
1416244806,Checkers,0,GAME_OVER,87,86,2,704,1,OSLA,1,1,1,MCTS_CheckersHeuristic
-1929509951,Checkers,0,GAME_OVER,121,120,2,705,1,OSLA,1,1,1,MCTS_CheckersHeuristic
2073402315,Checkers,0,GAME_OVER,77,76,2,706,1,OSLA,1,2,2,MCTS_CheckersHeuristic
-1855898719,Checkers,0,GAME_OVER,69,68,2,707,1,OSLA,1,2,2,MCTS_CheckersHeuristic
296605045,Checkers,0,GAME_OVER,60,59,2,708,1,OSLA,1,2,2,MCTS_CheckersHeuristic
-1993796568,Checkers,0,GAME_OVER,69,68,2,709,1,OSLA,1,2,2,MCTS_CheckersHeuristic
-1305219755,Checkers,0,GAME_OVER,49,48,2,710,2,OSLA,2,1,1,MCTS_CheckersHeuristic
-1589231848,Checkers,0,GAME_OVER,71,70,2,711,1,OSLA,1,2,2,MCTS_CheckersHeuristic
1504068114,Checkers,0,GAME_OVER,49,48,2,712,1,OSLA,1,2,2,MCTS_CheckersHeuristic
-503536039,Checkers,0,GAME_OVER,44,43,2,713,1,OSLA,1,2,2,MCTS_CheckersHeuristic
763414658,Checkers,0,GAME_OVER,74,73,2,714,1,OSLA,1,2,2,MCTS_CheckersHeuristic
362363770,Checkers,0,GAME_OVER,84,83,2,715,2,OSLA,2,1,1,MCTS_CheckersHeuristic
90666286,Checkers,0,GAME_OVER,59,58,2,716,1,OSLA,1,2,2,MCTS_CheckersHeuristic
-1009051213,Checkers,0,GAME_OVER,48,47,2,717,1,OSLA,1,2,2,MCTS_CheckersHeuristic
-843666233,Checkers,0,GAME_OVER,52,51,2,718,1,OSLA,1,2,2,MCTS_CheckersHeuristic
1350731983,Checkers,0,GAME_OVER,73,72,2,719,1,OSLA,1,2,2,MCTS_CheckersHeuristic
1309789641,Checkers,0,GAME_OVER,56,55,2,720,1,OSLA,1,2,2,MCTS_CheckersHeuristic
714234281,Checkers,0,GAME_OVER,55,54,2,721,1,OSLA,1,2,2,MCTS_CheckersHeuristic
-1744428321,Checkers,0,GAME_OVER,40,39,2,722,1,OSLA,1,2,2,MCTS_CheckersHeuristic
1452779804,Checkers,0,GAME_OVER,60,59,2,723,2,OSLA,2,1,1,MCTS_CheckersHeuristic
1560554700,Checkers,0,GAME_OVER,147,146,2,724,1,OSLA,1,1,1,MCTS_CheckersHeuristic
267543713,Checkers,0,GAME_OVER,59,58,2,725,1,OSLA,1,2,2,MCTS_CheckersHeuristic
-603061282,Checkers,0,GAME_OVER,70,69,2,726,1,OSLA,1,2,2,MCTS_CheckersHeuristic
-1319271451,Checkers,0,GAME_OVER,43,42,2,727,1,OSLA,1,2,2,MCTS_CheckersHeuristic
343401531,Checkers,0,GAME_OVER,56,55,2,728,1,OSLA,1,2,2,MCTS_CheckersHeuristic
-1962222305,Checkers,0,GAME_OVER,61,60,2,729,1,OSLA,1,2,2,MCTS_CheckersHeuristic
-693592698,Checkers,0,GAME_OVER,60,59,2,730,1,OSLA,1,2,2,MCTS_CheckersHeuristic
1689540083,Checkers,0,GAME_OVER,57,56,2,731,1,OSLA,1,2,2,MCTS_CheckersHeuristic
-2003835478,Checkers,0,GAME_OVER,48,47,2,732,1,OSLA,1,2,2,MCTS_CheckersHeuristic
1783499042,Checkers,0,GAME_OVER,81,80,2,733,1,OSLA,1,2,2,MCTS_CheckersHeuristic
-327792680,Checkers,0,GAME_OVER,47,46,2,734,1,OSLA,1,2,2,MCTS_CheckersHeuristic
-1699980969,Checkers,0,GAME_OVER,45,44,2,735,1,OSLA,1,2,2,MCTS_CheckersHeuristic
-1819810832,Checkers,0,GAME_OVER,49,48,2,736,1,OSLA,1,2,2,MCTS_CheckersHeuristic
-841358386,Checkers,0,GAME_OVER,83,82,2,737,1,OSLA,1,2,2,MCTS_CheckersHeuristic
2080587758,Checkers,0,GAME_OVER,47,46,2,738,1,OSLA,1,2,2,MCTS_CheckersHeuristic
-1280415314,Checkers,0,GAME_OVER,46,45,2,739,1,OSLA,1,2,2,MCTS_CheckersHeuristic
-1589158886,Checkers,0,GAME_OVER,49,48,2,740,1,OSLA,1,2,2,MCTS_CheckersHeuristic
-938597046,Checkers,0,GAME_OVER,45,44,2,741,1,OSLA,1,2,2,MCTS_CheckersHeuristic
116382727,Checkers,0,GAME_OVER,73,72,2,742,1,OSLA,1,2,2,MCTS_CheckersHeuristic
1171531941,Checkers,0,GAME_OVER,58,57,2,743,1,OSLA,1,2,2,MCTS_CheckersHeuristic
-1167607390,Checkers,0,GAME_OVER,38,37,2,744,1,OSLA,1,2,2,MCTS_CheckersHeuristic
195060971,Checkers,0,GAME_OVER,62,61,2,745,1,OSLA,1,2,2,MCTS_CheckersHeuristic
408906979,Checkers,0,GAME_OVER,60,59,2,746,1,OSLA,1,2,2,MCTS_CheckersHeuristic
1778345663,Checkers,0,GAME_OVER,45,44,2,747,1,OSLA,1,2,2,MCTS_CheckersHeuristic
-335803935,Checkers,0,GAME_OVER,53,52,2,748,1,OSLA,1,2,2,MCTS_CheckersHeuristic
-1915897455,Checkers,0,GAME_OVER,52,51,2,749,1,OSLA,1,2,2,MCTS_CheckersHeuristic
2120441937,Checkers,0,GAME_OVER,46,45,2,750,1,OSLA,1,2,2,MCTS_CheckersHeuristic
-1476864939,Checkers,0,GAME_OVER,54,53,2,751,1,OSLA,1,2,2,MCTS_CheckersHeuristic
190575297,Checkers,0,GAME_OVER,69,68,2,752,1,OSLA,1,2,2,MCTS_CheckersHeuristic
-1017414575,Checkers,0,GAME_OVER,77,76,2,753,1,OSLA,1,2,2,MCTS_CheckersHeuristic
-1721927419,Checkers,0,GAME_OVER,118,117,2,754,1,OSLA,1,2,2,MCTS_CheckersHeuristic
1356480222,Checkers,0,GAME_OVER,57,56,2,755,1,OSLA,1,2,2,MCTS_CheckersHeuristic
454746294,Checkers,0,GAME_OVER,53,52,2,756,1,OSLA,1,2,2,MCTS_CheckersHeuristic
-1508961964,Checkers,0,GAME_OVER,43,42,2,757,1,OSLA,1,2,2,MCTS_CheckersHeuristic
950874031,Checkers,0,GAME_OVER,49,48,2,758,1,OSLA,1,2,2,MCTS_CheckersHeuristic
277405296,Checkers,0,GAME_OVER,97,96,2,759,1,OSLA,1,1,1,MCTS_CheckersHeuristic
191864814,Checkers,0,GAME_OVER,56,55,2,760,1,OSLA,1,2,2,MCTS_CheckersHeuristic
140434174,Checkers,0,GAME_OVER,119,118,2,761,1,OSLA,1,1,1,MCTS_CheckersHeuristic
-1800826552,Checkers,0,GAME_OVER,45,44,2,762,1,OSLA,1,2,2,MCTS_CheckersHeuristic
-1471645817,Checkers,0,GAME_OVER,72,71,2,763,1,OSLA,1,2,2,MCTS_CheckersHeuristic
1944048838,Checkers,0,GAME_OVER,52,51,2,764,1,OSLA,1,2,2,MCTS_CheckersHeuristic
1419557714,Checkers,0,GAME_OVER,110,109,2,765,1,OSLA,1,2,2,MCTS_CheckersHeuristic
-466997586,Checkers,0,GAME_OVER,68,67,2,766,1,OSLA,1,2,2,MCTS_CheckersHeuristic
-709339900,Checkers,0,GAME_OVER,55,54,2,767,1,OSLA,1,2,2,MCTS_CheckersHeuristic
692455296,Checkers,0,GAME_OVER,54,53,2,768,1,OSLA,1,2,2,MCTS_CheckersHeuristic
-1107507308,Checkers,0,GAME_OVER,52,51,2,769,1,OSLA,1,2,2,MCTS_CheckersHeuristic
351727987,Checkers,0,GAME_OVER,85,84,2,770,1,OSLA,1,2,2,MCTS_CheckersHeuristic
1595367031,Checkers,0,GAME_OVER,59,58,2,771,1,OSLA,1,2,2,MCTS_CheckersHeuristic
562050867,Checkers,0,GAME_OVER,97,96,2,772,1,OSLA,1,2,2,MCTS_CheckersHeuristic
450957871,Checkers,0,GAME_OVER,49,48,2,773,1,OSLA,1,2,2,MCTS_CheckersHeuristic
-1415583247,Checkers,0,GAME_OVER,58,57,2,774,1,OSLA,1,2,2,MCTS_CheckersHeuristic
-1749234016,Checkers,0,GAME_OVER,42,41,2,775,1,OSLA,1,2,2,MCTS_CheckersHeuristic
142616578,Checkers,0,GAME_OVER,72,71,2,776,1,OSLA,1,2,2,MCTS_CheckersHeuristic
855486169,Checkers,0,GAME_OVER,113,112,2,777,1,OSLA,1,1,1,MCTS_CheckersHeuristic
1840999073,Checkers,0,GAME_OVER,71,70,2,778,1,OSLA,1,2,2,MCTS_CheckersHeuristic
-1299755470,Checkers,0,GAME_OVER,55,54,2,779,1,OSLA,1,2,2,MCTS_CheckersHeuristic
-799678320,Checkers,0,GAME_OVER,94,93,2,780,1,OSLA,1,1,1,MCTS_CheckersHeuristic
-1082764044,Checkers,0,GAME_OVER,71,70,2,781,1,OSLA,1,2,2,MCTS_CheckersHeuristic
2056914092,Checkers,0,GAME_OVER,52,51,2,782,1,OSLA,1,2,2,MCTS_CheckersHeuristic
735868635,Checkers,0,GAME_OVER,58,57,2,783,1,OSLA,1,2,2,MCTS_CheckersHeuristic
-1570764109,Checkers,0,GAME_OVER,51,50,2,784,1,OSLA,1,2,2,MCTS_CheckersHeuristic
-783727561,Checkers,0,GAME_OVER,74,73,2,785,1,OSLA,1,2,2,MCTS_CheckersHeuristic
-278578750,Checkers,0,GAME_OVER,106,105,2,786,1,OSLA,1,2,2,MCTS_CheckersHeuristic
99549824,Checkers,0,GAME_OVER,47,46,2,787,1,OSLA,1,2,2,MCTS_CheckersHeuristic
576007015,Checkers,0,GAME_OVER,114,113,2,788,1,OSLA,1,1,1,MCTS_CheckersHeuristic
-781103219,Checkers,0,GAME_OVER,89,88,2,789,1,OSLA,1,2,2,MCTS_CheckersHeuristic
1301739307,Checkers,0,GAME_OVER,47,46,2,790,1,OSLA,1,2,2,MCTS_CheckersHeuristic
-1868420403,Checkers,0,GAME_OVER,37,36,2,791,1,OSLA,1,2,2,MCTS_CheckersHeuristic
1469310468,Checkers,0,GAME_OVER,50,49,2,792,1,OSLA,1,2,2,MCTS_CheckersHeuristic
6500924,Checkers,0,GAME_OVER,77,76,2,793,1,OSLA,1,2,2,MCTS_CheckersHeuristic
319106587,Checkers,0,GAME_OVER,49,48,2,794,2,OSLA,2,1,1,MCTS_CheckersHeuristic
-691733268,Checkers,0,GAME_OVER,48,47,2,795,1,OSLA,1,2,2,MCTS_CheckersHeuristic
-1386758477,Checkers,0,GAME_OVER,56,55,2,796,1,OSLA,1,2,2,MCTS_CheckersHeuristic
-836201654,Checkers,0,GAME_OVER,76,75,2,797,1,OSLA,1,2,2,MCTS_CheckersHeuristic
1520311625,Checkers,0,GAME_OVER,73,72,2,798,1,OSLA,1,1,1,MCTS_CheckersHeuristic
1690871187,Checkers,0,GAME_OVER,45,44,2,799,1,OSLA,1,2,2,MCTS_CheckersHeuristic
-497872866,Checkers,0,GAME_OVER,86,85,2,800,1,OSLA,1,2,2,MCTS_CheckersHeuristic
-878879973,Checkers,0,GAME_OVER,75,74,2,801,1,OSLA,1,2,2,MCTS_CheckersHeuristic
-1176337153,Checkers,0,GAME_OVER,44,43,2,802,2,OSLA,2,1,1,OSLA
-1203383237,Checkers,0,GAME_OVER,56,55,2,803,1,OSLA,1,2,2,OSLA
-731044798,Checkers,0,GAME_OVER,42,41,2,804,1,OSLA,1,2,2,OSLA
-214896742,Checkers,0,GAME_OVER,42,41,2,805,2,OSLA,2,1,1,OSLA
904131606,Checkers,0,GAME_OVER,54,53,2,806,1,OSLA,1,2,2,OSLA
-836935709,Checkers,0,GAME_OVER,53,52,2,807,1,OSLA,1,2,2,OSLA
-722893542,Checkers,0,GAME_OVER,31,30,2,808,2,OSLA,2,1,1,OSLA
1340300709,Checkers,0,GAME_OVER,54,53,2,809,2,OSLA,2,1,1,OSLA
-2124934750,Checkers,0,GAME_OVER,116,115,2,810,1,OSLA,1,1,1,OSLA
-35611374,Checkers,0,GAME_OVER,87,86,2,811,1,OSLA,1,1,1,OSLA
286717860,Checkers,0,GAME_OVER,51,50,2,812,1,OSLA,1,2,2,OSLA
59274752,Checkers,0,GAME_OVER,49,48,2,813,2,OSLA,2,1,1,OSLA
-1426514565,Checkers,0,GAME_OVER,57,56,2,814,2,OSLA,2,1,1,OSLA
1638937389,Checkers,0,GAME_OVER,79,78,2,815,1,OSLA,1,1,1,OSLA
-313547086,Checkers,0,GAME_OVER,80,79,2,816,1,OSLA,1,2,2,OSLA
-1292871560,Checkers,0,GAME_OVER,48,47,2,817,1,OSLA,1,2,2,OSLA
141710200,Checkers,0,GAME_OVER,27,26,2,818,1,OSLA,1,2,2,OSLA
-173761553,Checkers,0,GAME_OVER,48,47,2,819,2,OSLA,2,1,1,OSLA
-527106957,Checkers,0,GAME_OVER,94,93,2,820,1,OSLA,1,1,1,OSLA
2086646756,Checkers,0,GAME_OVER,58,57,2,821,1,OSLA,1,2,2,OSLA
-616978944,Checkers,0,GAME_OVER,43,42,2,822,2,OSLA,2,1,1,OSLA
-1097626520,Checkers,0,GAME_OVER,47,46,2,823,2,OSLA,2,1,1,OSLA
-1700335317,Checkers,0,GAME_OVER,102,101,2,824,1,OSLA,1,1,1,OSLA
-970850095,Checkers,0,GAME_OVER,49,48,2,825,2,OSLA,2,1,1,OSLA
-323875359,Checkers,0,GAME_OVER,50,49,2,826,2,OSLA,2,1,1,OSLA
-2016122297,Checkers,0,GAME_OVER,33,32,2,827,2,OSLA,2,1,1,OSLA
1689588006,Checkers,0,GAME_OVER,62,61,2,828,2,OSLA,2,1,1,OSLA
-1976417695,Checkers,0,GAME_OVER,49,48,2,829,2,OSLA,2,1,1,OSLA
-326991008,Checkers,0,GAME_OVER,69,68,2,830,1,OSLA,1,1,1,OSLA
679498075,Checkers,0,GAME_OVER,134,133,2,831,1,OSLA,1,1,1,OSLA
-1337627158,Checkers,0,GAME_OVER,41,40,2,832,2,OSLA,2,1,1,OSLA
523530607,Checkers,0,GAME_OVER,49,48,2,833,2,OSLA,2,1,1,OSLA
372962448,Checkers,0,GAME_OVER,46,45,2,834,2,OSLA,2,1,1,OSLA
762211670,Checkers,0,GAME_OVER,44,43,2,835,1,OSLA,1,2,2,OSLA
-386077013,Checkers,0,GAME_OVER,81,80,2,836,1,OSLA,1,2,2,OSLA
1173878263,Checkers,0,GAME_OVER,106,105,2,837,1,OSLA,1,1,1,OSLA
-886977305,Checkers,0,GAME_OVER,57,56,2,838,1,OSLA,1,2,2,OSLA
1375054804,Checkers,0,GAME_OVER,53,52,2,839,2,OSLA,2,1,1,OSLA
2025305091,Checkers,0,GAME_OVER,46,45,2,840,2,OSLA,2,1,1,OSLA
-748825931,Checkers,0,GAME_OVER,44,43,2,841,1,OSLA,1,2,2,OSLA
664396301,Checkers,0,GAME_OVER,50,49,2,842,1,OSLA,1,2,2,OSLA
-628553061,Checkers,0,GAME_OVER,51,50,2,843,1,OSLA,1,2,2,OSLA
-384335134,Checkers,0,GAME_OVER,45,44,2,844,1,OSLA,1,2,2,OSLA
520316683,Checkers,0,GAME_OVER,66,65,2,845,2,OSLA,2,1,1,OSLA
37345783,Checkers,0,GAME_OVER,47,46,2,846,1,OSLA,1,2,2,OSLA
-1445722588,Checkers,0,GAME_OVER,38,37,2,847,2,OSLA,2,1,1,OSLA
-979801406,Checkers,0,GAME_OVER,68,67,2,848,1,OSLA,1,2,2,OSLA
163375911,Checkers,0,GAME_OVER,48,47,2,849,1,OSLA,1,2,2,OSLA
1655397940,Checkers,0,GAME_OVER,38,37,2,850,2,OSLA,2,1,1,OSLA
-1890522022,Checkers,0,GAME_OVER,78,77,2,851,2,OSLA,2,1,1,OSLA
1688410911,Checkers,0,GAME_OVER,103,102,2,852,1,OSLA,1,2,2,OSLA
-235337115,Checkers,0,GAME_OVER,39,38,2,853,2,OSLA,2,1,1,OSLA
419016838,Checkers,0,GAME_OVER,39,38,2,854,2,OSLA,2,1,1,OSLA
-1649731680,Checkers,0,GAME_OVER,78,77,2,855,1,OSLA,1,2,2,OSLA
-804545498,Checkers,0,GAME_OVER,101,100,2,856,1,OSLA,1,2,2,OSLA
-371638287,Checkers,0,GAME_OVER,52,51,2,857,1,OSLA,1,2,2,OSLA
1214018740,Checkers,0,GAME_OVER,159,158,2,858,1,OSLA,1,1,1,OSLA
1541101081,Checkers,0,GAME_OVER,47,46,2,859,1,OSLA,1,2,2,OSLA
1571446444,Checkers,0,GAME_OVER,107,106,2,860,1,OSLA,1,1,1,OSLA
-2124359248,Checkers,0,GAME_OVER,48,47,2,861,1,OSLA,1,2,2,OSLA
470074270,Checkers,0,GAME_OVER,44,43,2,862,2,OSLA,2,1,1,OSLA
-301137630,Checkers,0,GAME_OVER,87,86,2,863,1,OSLA,1,1,1,OSLA
296933217,Checkers,0,GAME_OVER,51,50,2,864,2,OSLA,2,1,1,OSLA
550946144,Checkers,0,GAME_OVER,47,46,2,865,2,OSLA,2,1,1,OSLA
1983896466,Checkers,0,GAME_OVER,39,38,2,866,1,OSLA,1,2,2,OSLA
926845219,Checkers,0,GAME_OVER,66,65,2,867,2,OSLA,2,1,1,OSLA
-28174011,Checkers,0,GAME_OVER,31,30,2,868,2,OSLA,2,1,1,OSLA
1385466877,Checkers,0,GAME_OVER,64,63,2,869,2,OSLA,2,1,1,OSLA
-878444067,Checkers,0,GAME_OVER,51,50,2,870,1,OSLA,1,2,2,OSLA
-898074233,Checkers,0,GAME_OVER,56,55,2,871,2,OSLA,2,1,1,OSLA
-1855511719,Checkers,0,GAME_OVER,53,52,2,872,1,OSLA,1,2,2,OSLA
708779878,Checkers,0,GAME_OVER,77,76,2,873,1,OSLA,1,2,2,OSLA
-365860445,Checkers,0,GAME_OVER,63,62,2,874,1,OSLA,1,2,2,OSLA
-425576184,Checkers,0,GAME_OVER,129,128,2,875,1,OSLA,1,1,1,OSLA
696636826,Checkers,0,GAME_OVER,42,41,2,876,1,OSLA,1,2,2,OSLA
-938713536,Checkers,0,GAME_OVER,52,51,2,877,2,OSLA,2,1,1,OSLA
-1600506893,Checkers,0,GAME_OVER,116,115,2,878,1,OSLA,1,1,1,OSLA
-894694865,Checkers,0,GAME_OVER,48,47,2,879,1,OSLA,1,2,2,OSLA
-1711292118,Checkers,0,GAME_OVER,132,131,2,880,1,OSLA,1,1,1,OSLA
-2088603110,Checkers,0,GAME_OVER,46,45,2,881,2,OSLA,2,1,1,OSLA
-511582955,Checkers,0,GAME_OVER,62,61,2,882,1,OSLA,1,2,2,OSLA
1429868571,Checkers,0,GAME_OVER,52,51,2,883,1,OSLA,1,2,2,OSLA
699221968,Checkers,0,GAME_OVER,49,48,2,884,2,OSLA,2,1,1,OSLA
-1337168942,Checkers,0,GAME_OVER,91,90,2,885,1,OSLA,1,1,1,OSLA
2058726182,Checkers,0,GAME_OVER,52,51,2,886,1,OSLA,1,2,2,OSLA
57957248,Checkers,0,GAME_OVER,51,50,2,887,1,OSLA,1,2,2,OSLA
1961148066,Checkers,0,GAME_OVER,61,60,2,888,2,OSLA,2,1,1,OSLA
-208551370,Checkers,0,GAME_OVER,48,47,2,889,2,OSLA,2,1,1,OSLA
-26938906,Checkers,0,GAME_OVER,49,48,2,890,2,OSLA,2,1,1,OSLA
710689778,Checkers,0,GAME_OVER,122,121,2,891,1,OSLA,1,1,1,OSLA
-944470016,Checkers,0,GAME_OVER,61,60,2,892,2,OSLA,2,1,1,OSLA
1727305453,Checkers,0,GAME_OVER,50,49,2,893,2,OSLA,2,1,1,OSLA
1434009552,Checkers,0,GAME_OVER,59,58,2,894,2,OSLA,2,1,1,OSLA
1699189091,Checkers,0,GAME_OVER,72,71,2,895,1,OSLA,1,2,2,OSLA
-1924114236,Checkers,0,GAME_OVER,53,52,2,896,2,OSLA,2,1,1,OSLA
439674264,Checkers,0,GAME_OVER,56,55,2,897,2,OSLA,2,1,1,OSLA
1000065131,Checkers,0,GAME_OVER,56,55,2,898,2,OSLA,2,1,1,OSLA
522598890,Checkers,0,GAME_OVER,43,42,2,899,1,OSLA,1,2,2,OSLA
1408310455,Checkers,0,GAME_OVER,51,50,2,900,2,OSLA,2,1,1,OSLA
330629427,Checkers,0,GAME_OVER,39,38,2,901,2,OSLA,2,1,1,OSLA
-797532192,Checkers,0,GAME_OVER,44,43,2,902,2,OSLA,2,1,1,OSLA
1262467013,Checkers,0,GAME_OVER,56,55,2,903,2,OSLA,2,1,1,OSLA
1416244806,Checkers,0,GAME_OVER,48,47,2,904,2,OSLA,2,1,1,OSLA
-1929509951,Checkers,0,GAME_OVER,47,46,2,905,1,OSLA,1,2,2,OSLA
2073402315,Checkers,0,GAME_OVER,75,74,2,906,1,OSLA,1,2,2,OSLA
-1855898719,Checkers,0,GAME_OVER,56,55,2,907,2,OSLA,2,1,1,OSLA
296605045,Checkers,0,GAME_OVER,54,53,2,908,2,OSLA,2,1,1,OSLA
-1993796568,Checkers,0,GAME_OVER,40,39,2,909,1,OSLA,1,2,2,OSLA
-1305219755,Checkers,0,GAME_OVER,108,107,2,910,1,OSLA,1,1,1,OSLA
-1589231848,Checkers,0,GAME_OVER,222,221,2,911,1,OSLA,1,1,1,OSLA
1504068114,Checkers,0,GAME_OVER,95,94,2,912,1,OSLA,1,1,1,OSLA
-503536039,Checkers,0,GAME_OVER,43,42,2,913,1,OSLA,1,2,2,OSLA
763414658,Checkers,0,GAME_OVER,125,124,2,914,1,OSLA,1,1,1,OSLA
362363770,Checkers,0,GAME_OVER,48,47,2,915,1,OSLA,1,2,2,OSLA
90666286,Checkers,0,GAME_OVER,105,104,2,916,1,OSLA,1,2,2,OSLA
-1009051213,Checkers,0,GAME_OVER,54,53,2,917,2,OSLA,2,1,1,OSLA
-843666233,Checkers,0,GAME_OVER,54,53,2,918,2,OSLA,2,1,1,OSLA
1350731983,Checkers,0,GAME_OVER,31,30,2,919,2,OSLA,2,1,1,OSLA
1309789641,Checkers,0,GAME_OVER,49,48,2,920,1,OSLA,1,2,2,OSLA
714234281,Checkers,0,GAME_OVER,50,49,2,921,2,OSLA,2,1,1,OSLA
-1744428321,Checkers,0,GAME_OVER,79,78,2,922,1,OSLA,1,1,1,OSLA
1452779804,Checkers,0,GAME_OVER,51,50,2,923,1,OSLA,1,2,2,OSLA
1560554700,Checkers,0,GAME_OVER,39,38,2,924,2,OSLA,2,1,1,OSLA
267543713,Checkers,0,GAME_OVER,47,46,2,925,1,OSLA,1,2,2,OSLA
-603061282,Checkers,0,GAME_OVER,51,50,2,926,1,OSLA,1,2,2,OSLA
-1319271451,Checkers,0,GAME_OVER,43,42,2,927,2,OSLA,2,1,1,OSLA
343401531,Checkers,0,GAME_OVER,53,52,2,928,1,OSLA,1,2,2,OSLA
-1962222305,Checkers,0,GAME_OVER,46,45,2,929,2,OSLA,2,1,1,OSLA
-693592698,Checkers,0,GAME_OVER,47,46,2,930,2,OSLA,2,1,1,OSLA
1689540083,Checkers,0,GAME_OVER,47,46,2,931,2,OSLA,2,1,1,OSLA
-2003835478,Checkers,0,GAME_OVER,52,51,2,932,2,OSLA,2,1,1,OSLA
1783499042,Checkers,0,GAME_OVER,42,41,2,933,1,OSLA,1,2,2,OSLA
-327792680,Checkers,0,GAME_OVER,52,51,2,934,1,OSLA,1,2,2,OSLA
-1699980969,Checkers,0,GAME_OVER,27,26,2,935,1,OSLA,1,2,2,OSLA
-1819810832,Checkers,0,GAME_OVER,85,84,2,936,1,OSLA,1,2,2,OSLA
-841358386,Checkers,0,GAME_OVER,55,54,2,937,1,OSLA,1,2,2,OSLA
2080587758,Checkers,0,GAME_OVER,56,55,2,938,2,OSLA,2,1,1,OSLA
-1280415314,Checkers,0,GAME_OVER,57,56,2,939,1,OSLA,1,2,2,OSLA
-1589158886,Checkers,0,GAME_OVER,123,122,2,940,2,OSLA,2,1,1,OSLA
-938597046,Checkers,0,GAME_OVER,43,42,2,941,2,OSLA,2,1,1,OSLA
116382727,Checkers,0,GAME_OVER,53,52,2,942,2,OSLA,2,1,1,OSLA
1171531941,Checkers,0,GAME_OVER,128,127,2,943,1,OSLA,1,1,1,OSLA
-1167607390,Checkers,0,GAME_OVER,61,60,2,944,1,OSLA,1,2,2,OSLA
195060971,Checkers,0,GAME_OVER,48,47,2,945,1,OSLA,1,2,2,OSLA
408906979,Checkers,0,GAME_OVER,40,39,2,946,2,OSLA,2,1,1,OSLA
1778345663,Checkers,0,GAME_OVER,50,49,2,947,2,OSLA,2,1,1,OSLA
-335803935,Checkers,0,GAME_OVER,50,49,2,948,1,OSLA,1,2,2,OSLA
-1915897455,Checkers,0,GAME_OVER,27,26,2,949,1,OSLA,1,2,2,OSLA
2120441937,Checkers,0,GAME_OVER,48,47,2,950,2,OSLA,2,1,1,OSLA
-1476864939,Checkers,0,GAME_OVER,106,105,2,951,1,OSLA,1,1,1,OSLA
190575297,Checkers,0,GAME_OVER,38,37,2,952,1,OSLA,1,2,2,OSLA
-1017414575,Checkers,0,GAME_OVER,42,41,2,953,2,OSLA,2,1,1,OSLA
-1721927419,Checkers,0,GAME_OVER,60,59,2,954,2,OSLA,2,1,1,OSLA
1356480222,Checkers,0,GAME_OVER,99,98,2,955,1,OSLA,1,1,1,OSLA
454746294,Checkers,0,GAME_OVER,49,48,2,956,2,OSLA,2,1,1,OSLA
-1508961964,Checkers,0,GAME_OVER,83,82,2,957,1,OSLA,1,1,1,OSLA
950874031,Checkers,0,GAME_OVER,46,45,2,958,2,OSLA,2,1,1,OSLA
277405296,Checkers,0,GAME_OVER,127,126,2,959,1,OSLA,1,1,1,OSLA
191864814,Checkers,0,GAME_OVER,93,92,2,960,1,OSLA,1,1,1,OSLA
140434174,Checkers,0,GAME_OVER,33,32,2,961,2,OSLA,2,1,1,OSLA
-1800826552,Checkers,0,GAME_OVER,37,36,2,962,2,OSLA,2,1,1,OSLA
-1471645817,Checkers,0,GAME_OVER,50,49,2,963,1,OSLA,1,2,2,OSLA
1944048838,Checkers,0,GAME_OVER,27,26,2,964,1,OSLA,1,2,2,OSLA
1419557714,Checkers,0,GAME_OVER,67,66,2,965,1,OSLA,1,2,2,OSLA
-466997586,Checkers,0,GAME_OVER,43,42,2,966,1,OSLA,1,2,2,OSLA
-709339900,Checkers,0,GAME_OVER,58,57,2,967,2,OSLA,2,1,1,OSLA
692455296,Checkers,0,GAME_OVER,47,46,2,968,1,OSLA,1,2,2,OSLA
-1107507308,Checkers,0,GAME_OVER,46,45,2,969,2,OSLA,2,1,1,OSLA
351727987,Checkers,0,GAME_OVER,62,61,2,970,2,OSLA,2,1,1,OSLA
1595367031,Checkers,0,GAME_OVER,51,50,2,971,2,OSLA,2,1,1,OSLA
562050867,Checkers,0,GAME_OVER,108,107,2,972,1,OSLA,1,2,2,OSLA
450957871,Checkers,0,GAME_OVER,61,60,2,973,2,OSLA,2,1,1,OSLA
-1415583247,Checkers,0,GAME_OVER,152,151,2,974,1,OSLA,1,1,1,OSLA
-1749234016,Checkers,0,GAME_OVER,147,146,2,975,1,OSLA,1,1,1,OSLA
142616578,Checkers,0,GAME_OVER,44,43,2,976,1,OSLA,1,2,2,OSLA
855486169,Checkers,0,GAME_OVER,47,46,2,977,2,OSLA,2,1,1,OSLA
1840999073,Checkers,0,GAME_OVER,75,74,2,978,2,OSLA,2,1,1,OSLA
-1299755470,Checkers,0,GAME_OVER,49,48,2,979,2,OSLA,2,1,1,OSLA
-799678320,Checkers,0,GAME_OVER,56,55,2,980,2,OSLA,2,1,1,OSLA
-1082764044,Checkers,0,GAME_OVER,49,48,2,981,2,OSLA,2,1,1,OSLA
2056914092,Checkers,0,GAME_OVER,151,150,2,982,1,OSLA,1,1,1,OSLA
735868635,Checkers,0,GAME_OVER,43,42,2,983,2,OSLA,2,1,1,OSLA
-1570764109,Checkers,0,GAME_OVER,49,48,2,984,2,OSLA,2,1,1,OSLA
-783727561,Checkers,0,GAME_OVER,33,32,2,985,1,OSLA,1,2,2,OSLA
-278578750,Checkers,0,GAME_OVER,43,42,2,986,1,OSLA,1,2,2,OSLA
99549824,Checkers,0,GAME_OVER,49,48,2,987,1,OSLA,1,2,2,OSLA
576007015,Checkers,0,GAME_OVER,59,58,2,988,1,OSLA,1,2,2,OSLA
-781103219,Checkers,0,GAME_OVER,43,42,2,989,2,OSLA,2,1,1,OSLA
1301739307,Checkers,0,GAME_OVER,31,30,2,990,2,OSLA,2,1,1,OSLA
-1868420403,Checkers,0,GAME_OVER,149,148,2,991,1,OSLA,1,1,1,OSLA
1469310468,Checkers,0,GAME_OVER,45,44,2,992,1,OSLA,1,2,2,OSLA
6500924,Checkers,0,GAME_OVER,45,44,2,993,1,OSLA,1,2,2,OSLA
319106587,Checkers,0,GAME_OVER,101,100,2,994,1,OSLA,1,1,1,OSLA
-691733268,Checkers,0,GAME_OVER,84,83,2,995,2,OSLA,2,1,1,OSLA
-1386758477,Checkers,0,GAME_OVER,49,48,2,996,2,OSLA,2,1,1,OSLA
-836201654,Checkers,0,GAME_OVER,56,55,2,997,1,OSLA,1,2,2,OSLA
1520311625,Checkers,0,GAME_OVER,56,55,2,998,2,OSLA,2,1,1,OSLA
1690871187,Checkers,0,GAME_OVER,32,31,2,999,2,OSLA,2,1,1,OSLA
-497872866,Checkers,0,GAME_OVER,45,44,2,1000,1,OSLA,1,2,2,OSLA
-878879973,Checkers,0,GAME_OVER,32,31,2,1001,2,OSLA,2,1,1,OSLA
-1176337153,Checkers,0,GAME_OVER,34,33,2,1002,2,OSLA,2,1,1,RandomPlayerConfig
-1203383237,Checkers,0,GAME_OVER,49,48,2,1003,2,OSLA,2,1,1,RandomPlayerConfig
-731044798,Checkers,0,GAME_OVER,50,49,2,1004,2,OSLA,2,1,1,RandomPlayerConfig
-214896742,Checkers,0,GAME_OVER,48,47,2,1005,2,OSLA,2,1,1,RandomPlayerConfig
904131606,Checkers,0,GAME_OVER,39,38,2,1006,2,OSLA,2,1,1,RandomPlayerConfig
-836935709,Checkers,0,GAME_OVER,42,41,2,1007,2,OSLA,2,1,1,RandomPlayerConfig
-722893542,Checkers,0,GAME_OVER,48,47,2,1008,2,OSLA,2,1,1,RandomPlayerConfig
1340300709,Checkers,0,GAME_OVER,43,42,2,1009,2,OSLA,2,1,1,RandomPlayerConfig
-2124934750,Checkers,0,GAME_OVER,41,40,2,1010,2,OSLA,2,1,1,RandomPlayerConfig
-35611374,Checkers,0,GAME_OVER,52,51,2,1011,2,OSLA,2,1,1,RandomPlayerConfig
286717860,Checkers,0,GAME_OVER,44,43,2,1012,2,OSLA,2,1,1,RandomPlayerConfig
59274752,Checkers,0,GAME_OVER,44,43,2,1013,2,OSLA,2,1,1,RandomPlayerConfig
-1426514565,Checkers,0,GAME_OVER,39,38,2,1014,2,OSLA,2,1,1,RandomPlayerConfig
1638937389,Checkers,0,GAME_OVER,43,42,2,1015,2,OSLA,2,1,1,RandomPlayerConfig
-313547086,Checkers,0,GAME_OVER,36,35,2,1016,2,OSLA,2,1,1,RandomPlayerConfig
-1292871560,Checkers,0,GAME_OVER,47,46,2,1017,2,OSLA,2,1,1,RandomPlayerConfig
141710200,Checkers,0,GAME_OVER,36,35,2,1018,2,OSLA,2,1,1,RandomPlayerConfig
-173761553,Checkers,0,GAME_OVER,38,37,2,1019,2,OSLA,2,1,1,RandomPlayerConfig
-527106957,Checkers,0,GAME_OVER,38,37,2,1020,2,OSLA,2,1,1,RandomPlayerConfig
2086646756,Checkers,0,GAME_OVER,34,33,2,1021,2,OSLA,2,1,1,RandomPlayerConfig
-616978944,Checkers,0,GAME_OVER,51,50,2,1022,2,OSLA,2,1,1,RandomPlayerConfig
-1097626520,Checkers,0,GAME_OVER,43,42,2,1023,2,OSLA,2,1,1,RandomPlayerConfig
-1700335317,Checkers,0,GAME_OVER,42,41,2,1024,2,OSLA,2,1,1,RandomPlayerConfig
-970850095,Checkers,0,GAME_OVER,42,41,2,1025,2,OSLA,2,1,1,RandomPlayerConfig
-323875359,Checkers,0,GAME_OVER,63,62,2,1026,2,OSLA,2,1,1,RandomPlayerConfig
-2016122297,Checkers,0,GAME_OVER,38,37,2,1027,2,OSLA,2,1,1,RandomPlayerConfig
1689588006,Checkers,0,GAME_OVER,40,39,2,1028,2,OSLA,2,1,1,RandomPlayerConfig
-1976417695,Checkers,0,GAME_OVER,39,38,2,1029,2,OSLA,2,1,1,RandomPlayerConfig
-326991008,Checkers,0,GAME_OVER,47,46,2,1030,2,OSLA,2,1,1,RandomPlayerConfig
679498075,Checkers,0,GAME_OVER,38,37,2,1031,2,OSLA,2,1,1,RandomPlayerConfig
-1337627158,Checkers,0,GAME_OVER,39,38,2,1032,1,OSLA,1,2,2,RandomPlayerConfig
523530607,Checkers,0,GAME_OVER,47,46,2,1033,2,OSLA,2,1,1,RandomPlayerConfig
372962448,Checkers,0,GAME_OVER,40,39,2,1034,2,OSLA,2,1,1,RandomPlayerConfig
762211670,Checkers,0,GAME_OVER,50,49,2,1035,2,OSLA,2,1,1,RandomPlayerConfig
-386077013,Checkers,0,GAME_OVER,35,34,2,1036,2,OSLA,2,1,1,RandomPlayerConfig
1173878263,Checkers,0,GAME_OVER,34,33,2,1037,2,OSLA,2,1,1,RandomPlayerConfig
-886977305,Checkers,0,GAME_OVER,41,40,2,1038,2,OSLA,2,1,1,RandomPlayerConfig
1375054804,Checkers,0,GAME_OVER,37,36,2,1039,2,OSLA,2,1,1,RandomPlayerConfig
2025305091,Checkers,0,GAME_OVER,50,49,2,1040,2,OSLA,2,1,1,RandomPlayerConfig
-748825931,Checkers,0,GAME_OVER,38,37,2,1041,2,OSLA,2,1,1,RandomPlayerConfig
664396301,Checkers,0,GAME_OVER,31,30,2,1042,2,OSLA,2,1,1,RandomPlayerConfig
-628553061,Checkers,0,GAME_OVER,38,37,2,1043,2,OSLA,2,1,1,RandomPlayerConfig
-384335134,Checkers,0,GAME_OVER,36,35,2,1044,2,OSLA,2,1,1,RandomPlayerConfig
520316683,Checkers,0,GAME_OVER,37,36,2,1045,2,OSLA,2,1,1,RandomPlayerConfig
37345783,Checkers,0,GAME_OVER,45,44,2,1046,2,OSLA,2,1,1,RandomPlayerConfig
-1445722588,Checkers,0,GAME_OVER,37,36,2,1047,2,OSLA,2,1,1,RandomPlayerConfig
-979801406,Checkers,0,GAME_OVER,43,42,2,1048,2,OSLA,2,1,1,RandomPlayerConfig
163375911,Checkers,0,GAME_OVER,44,43,2,1049,2,OSLA,2,1,1,RandomPlayerConfig
1655397940,Checkers,0,GAME_OVER,44,43,2,1050,2,OSLA,2,1,1,RandomPlayerConfig
-1890522022,Checkers,0,GAME_OVER,43,42,2,1051,2,OSLA,2,1,1,RandomPlayerConfig
1688410911,Checkers,0,GAME_OVER,37,36,2,1052,2,OSLA,2,1,1,RandomPlayerConfig
-235337115,Checkers,0,GAME_OVER,41,40,2,1053,2,OSLA,2,1,1,RandomPlayerConfig
419016838,Checkers,0,GAME_OVER,38,37,2,1054,2,OSLA,2,1,1,RandomPlayerConfig
-1649731680,Checkers,0,GAME_OVER,48,47,2,1055,2,OSLA,2,1,1,RandomPlayerConfig
-804545498,Checkers,0,GAME_OVER,39,38,2,1056,2,OSLA,2,1,1,RandomPlayerConfig
-371638287,Checkers,0,GAME_OVER,47,46,2,1057,2,OSLA,2,1,1,RandomPlayerConfig
1214018740,Checkers,0,GAME_OVER,42,41,2,1058,2,OSLA,2,1,1,RandomPlayerConfig
1541101081,Checkers,0,GAME_OVER,42,41,2,1059,2,OSLA,2,1,1,RandomPlayerConfig
1571446444,Checkers,0,GAME_OVER,39,38,2,1060,2,OSLA,2,1,1,RandomPlayerConfig
-2124359248,Checkers,0,GAME_OVER,42,41,2,1061,2,OSLA,2,1,1,RandomPlayerConfig
470074270,Checkers,0,GAME_OVER,45,44,2,1062,2,OSLA,2,1,1,RandomPlayerConfig
-301137630,Checkers,0,GAME_OVER,38,37,2,1063,2,OSLA,2,1,1,RandomPlayerConfig
296933217,Checkers,0,GAME_OVER,42,41,2,1064,2,OSLA,2,1,1,RandomPlayerConfig
550946144,Checkers,0,GAME_OVER,41,40,2,1065,2,OSLA,2,1,1,RandomPlayerConfig
1983896466,Checkers,0,GAME_OVER,42,41,2,1066,2,OSLA,2,1,1,RandomPlayerConfig
926845219,Checkers,0,GAME_OVER,44,43,2,1067,2,OSLA,2,1,1,RandomPlayerConfig
-28174011,Checkers,0,GAME_OVER,51,50,2,1068,2,OSLA,2,1,1,RandomPlayerConfig
1385466877,Checkers,0,GAME_OVER,41,40,2,1069,2,OSLA,2,1,1,RandomPlayerConfig
-878444067,Checkers,0,GAME_OVER,39,38,2,1070,2,OSLA,2,1,1,RandomPlayerConfig
-898074233,Checkers,0,GAME_OVER,52,51,2,1071,2,OSLA,2,1,1,RandomPlayerConfig
-1855511719,Checkers,0,GAME_OVER,37,36,2,1072,2,OSLA,2,1,1,RandomPlayerConfig
708779878,Checkers,0,GAME_OVER,37,36,2,1073,2,OSLA,2,1,1,RandomPlayerConfig
-365860445,Checkers,0,GAME_OVER,57,56,2,1074,1,OSLA,1,2,2,RandomPlayerConfig
-425576184,Checkers,0,GAME_OVER,43,42,2,1075,2,OSLA,2,1,1,RandomPlayerConfig
696636826,Checkers,0,GAME_OVER,42,41,2,1076,2,OSLA,2,1,1,RandomPlayerConfig
-938713536,Checkers,0,GAME_OVER,41,40,2,1077,2,OSLA,2,1,1,RandomPlayerConfig
-1600506893,Checkers,0,GAME_OVER,41,40,2,1078,2,OSLA,2,1,1,RandomPlayerConfig
-894694865,Checkers,0,GAME_OVER,47,46,2,1079,2,OSLA,2,1,1,RandomPlayerConfig
-1711292118,Checkers,0,GAME_OVER,49,48,2,1080,2,OSLA,2,1,1,RandomPlayerConfig
-2088603110,Checkers,0,GAME_OVER,48,47,2,1081,2,OSLA,2,1,1,RandomPlayerConfig
-511582955,Checkers,0,GAME_OVER,39,38,2,1082,2,OSLA,2,1,1,RandomPlayerConfig
1429868571,Checkers,0,GAME_OVER,48,47,2,1083,2,OSLA,2,1,1,RandomPlayerConfig
699221968,Checkers,0,GAME_OVER,40,39,2,1084,2,OSLA,2,1,1,RandomPlayerConfig
-1337168942,Checkers,0,GAME_OVER,44,43,2,1085,2,OSLA,2,1,1,RandomPlayerConfig
2058726182,Checkers,0,GAME_OVER,38,37,2,1086,2,OSLA,2,1,1,RandomPlayerConfig
57957248,Checkers,0,GAME_OVER,52,51,2,1087,2,OSLA,2,1,1,RandomPlayerConfig
1961148066,Checkers,0,GAME_OVER,55,54,2,1088,2,OSLA,2,1,1,RandomPlayerConfig
-208551370,Checkers,0,GAME_OVER,56,55,2,1089,2,OSLA,2,1,1,RandomPlayerConfig
-26938906,Checkers,0,GAME_OVER,50,49,2,1090,2,OSLA,2,1,1,RandomPlayerConfig
710689778,Checkers,0,GAME_OVER,39,38,2,1091,2,OSLA,2,1,1,RandomPlayerConfig
-944470016,Checkers,0,GAME_OVER,42,41,2,1092,2,OSLA,2,1,1,RandomPlayerConfig
1727305453,Checkers,0,GAME_OVER,41,40,2,1093,2,OSLA,2,1,1,RandomPlayerConfig
1434009552,Checkers,0,GAME_OVER,38,37,2,1094,2,OSLA,2,1,1,RandomPlayerConfig
1699189091,Checkers,0,GAME_OVER,40,39,2,1095,2,OSLA,2,1,1,RandomPlayerConfig
-1924114236,Checkers,0,GAME_OVER,57,56,2,1096,2,OSLA,2,1,1,RandomPlayerConfig
439674264,Checkers,0,GAME_OVER,67,66,2,1097,2,OSLA,2,1,1,RandomPlayerConfig
1000065131,Checkers,0,GAME_OVER,37,36,2,1098,2,OSLA,2,1,1,RandomPlayerConfig
522598890,Checkers,0,GAME_OVER,43,42,2,1099,2,OSLA,2,1,1,RandomPlayerConfig
1408310455,Checkers,0,GAME_OVER,41,40,2,1100,2,OSLA,2,1,1,RandomPlayerConfig
330629427,Checkers,0,GAME_OVER,43,42,2,1101,2,OSLA,2,1,1,RandomPlayerConfig
-797532192,Checkers,0,GAME_OVER,34,33,2,1102,2,OSLA,2,1,1,RandomPlayerConfig
1262467013,Checkers,0,GAME_OVER,45,44,2,1103,2,OSLA,2,1,1,RandomPlayerConfig
1416244806,Checkers,0,GAME_OVER,43,42,2,1104,2,OSLA,2,1,1,RandomPlayerConfig
-1929509951,Checkers,0,GAME_OVER,43,42,2,1105,2,OSLA,2,1,1,RandomPlayerConfig
2073402315,Checkers,0,GAME_OVER,39,38,2,1106,2,OSLA,2,1,1,RandomPlayerConfig
-1855898719,Checkers,0,GAME_OVER,43,42,2,1107,2,OSLA,2,1,1,RandomPlayerConfig
296605045,Checkers,0,GAME_OVER,34,33,2,1108,2,OSLA,2,1,1,RandomPlayerConfig
-1993796568,Checkers,0,GAME_OVER,41,40,2,1109,2,OSLA,2,1,1,RandomPlayerConfig
-1305219755,Checkers,0,GAME_OVER,44,43,2,1110,2,OSLA,2,1,1,RandomPlayerConfig
-1589231848,Checkers,0,GAME_OVER,44,43,2,1111,2,OSLA,2,1,1,RandomPlayerConfig
1504068114,Checkers,0,GAME_OVER,46,45,2,1112,2,OSLA,2,1,1,RandomPlayerConfig
-503536039,Checkers,0,GAME_OVER,43,42,2,1113,2,OSLA,2,1,1,RandomPlayerConfig
763414658,Checkers,0,GAME_OVER,46,45,2,1114,2,OSLA,2,1,1,RandomPlayerConfig
362363770,Checkers,0,GAME_OVER,31,30,2,1115,2,OSLA,2,1,1,RandomPlayerConfig
90666286,Checkers,0,GAME_OVER,47,46,2,1116,2,OSLA,2,1,1,RandomPlayerConfig
-1009051213,Checkers,0,GAME_OVER,44,43,2,1117,2,OSLA,2,1,1,RandomPlayerConfig
-843666233,Checkers,0,GAME_OVER,39,38,2,1118,2,OSLA,2,1,1,RandomPlayerConfig
1350731983,Checkers,0,GAME_OVER,34,33,2,1119,2,OSLA,2,1,1,RandomPlayerConfig
1309789641,Checkers,0,GAME_OVER,42,41,2,1120,2,OSLA,2,1,1,RandomPlayerConfig
714234281,Checkers,0,GAME_OVER,40,39,2,1121,2,OSLA,2,1,1,RandomPlayerConfig
-1744428321,Checkers,0,GAME_OVER,57,56,2,1122,2,OSLA,2,1,1,RandomPlayerConfig
1452779804,Checkers,0,GAME_OVER,44,43,2,1123,2,OSLA,2,1,1,RandomPlayerConfig
1560554700,Checkers,0,GAME_OVER,33,32,2,1124,2,OSLA,2,1,1,RandomPlayerConfig
267543713,Checkers,0,GAME_OVER,42,41,2,1125,2,OSLA,2,1,1,RandomPlayerConfig
-603061282,Checkers,0,GAME_OVER,41,40,2,1126,2,OSLA,2,1,1,RandomPlayerConfig
-1319271451,Checkers,0,GAME_OVER,63,62,2,1127,2,OSLA,2,1,1,RandomPlayerConfig
343401531,Checkers,0,GAME_OVER,39,38,2,1128,2,OSLA,2,1,1,RandomPlayerConfig
-1962222305,Checkers,0,GAME_OVER,72,71,2,1129,2,OSLA,2,1,1,RandomPlayerConfig
-693592698,Checkers,0,GAME_OVER,49,48,2,1130,2,OSLA,2,1,1,RandomPlayerConfig
1689540083,Checkers,0,GAME_OVER,46,45,2,1131,2,OSLA,2,1,1,RandomPlayerConfig
-2003835478,Checkers,0,GAME_OVER,40,39,2,1132,2,OSLA,2,1,1,RandomPlayerConfig
1783499042,Checkers,0,GAME_OVER,52,51,2,1133,2,OSLA,2,1,1,RandomPlayerConfig
-327792680,Checkers,0,GAME_OVER,33,32,2,1134,2,OSLA,2,1,1,RandomPlayerConfig
-1699980969,Checkers,0,GAME_OVER,40,39,2,1135,2,OSLA,2,1,1,RandomPlayerConfig
-1819810832,Checkers,0,GAME_OVER,38,37,2,1136,2,OSLA,2,1,1,RandomPlayerConfig
-841358386,Checkers,0,GAME_OVER,41,40,2,1137,2,OSLA,2,1,1,RandomPlayerConfig
2080587758,Checkers,0,GAME_OVER,41,40,2,1138,2,OSLA,2,1,1,RandomPlayerConfig
-1280415314,Checkers,0,GAME_OVER,46,45,2,1139,2,OSLA,2,1,1,RandomPlayerConfig
-1589158886,Checkers,0,GAME_OVER,45,44,2,1140,2,OSLA,2,1,1,RandomPlayerConfig
-938597046,Checkers,0,GAME_OVER,33,32,2,1141,2,OSLA,2,1,1,RandomPlayerConfig
116382727,Checkers,0,GAME_OVER,46,45,2,1142,2,OSLA,2,1,1,RandomPlayerConfig
1171531941,Checkers,0,GAME_OVER,59,58,2,1143,2,OSLA,2,1,1,RandomPlayerConfig
-1167607390,Checkers,0,GAME_OVER,40,39,2,1144,2,OSLA,2,1,1,RandomPlayerConfig
195060971,Checkers,0,GAME_OVER,35,34,2,1145,2,OSLA,2,1,1,RandomPlayerConfig
408906979,Checkers,0,GAME_OVER,34,33,2,1146,2,OSLA,2,1,1,RandomPlayerConfig
1778345663,Checkers,0,GAME_OVER,52,51,2,1147,2,OSLA,2,1,1,RandomPlayerConfig
-335803935,Checkers,0,GAME_OVER,36,35,2,1148,2,OSLA,2,1,1,RandomPlayerConfig
-1915897455,Checkers,0,GAME_OVER,33,32,2,1149,2,OSLA,2,1,1,RandomPlayerConfig
2120441937,Checkers,0,GAME_OVER,46,45,2,1150,2,OSLA,2,1,1,RandomPlayerConfig
-1476864939,Checkers,0,GAME_OVER,49,48,2,1151,2,OSLA,2,1,1,RandomPlayerConfig
190575297,Checkers,0,GAME_OVER,46,45,2,1152,1,OSLA,1,2,2,RandomPlayerConfig
-1017414575,Checkers,0,GAME_OVER,43,42,2,1153,2,OSLA,2,1,1,RandomPlayerConfig
-1721927419,Checkers,0,GAME_OVER,52,51,2,1154,2,OSLA,2,1,1,RandomPlayerConfig
1356480222,Checkers,0,GAME_OVER,41,40,2,1155,2,OSLA,2,1,1,RandomPlayerConfig
454746294,Checkers,0,GAME_OVER,48,47,2,1156,2,OSLA,2,1,1,RandomPlayerConfig
-1508961964,Checkers,0,GAME_OVER,44,43,2,1157,2,OSLA,2,1,1,RandomPlayerConfig
950874031,Checkers,0,GAME_OVER,42,41,2,1158,2,OSLA,2,1,1,RandomPlayerConfig
277405296,Checkers,0,GAME_OVER,43,42,2,1159,2,OSLA,2,1,1,RandomPlayerConfig
191864814,Checkers,0,GAME_OVER,36,35,2,1160,2,OSLA,2,1,1,RandomPlayerConfig
140434174,Checkers,0,GAME_OVER,53,52,2,1161,2,OSLA,2,1,1,RandomPlayerConfig
-1800826552,Checkers,0,GAME_OVER,38,37,2,1162,2,OSLA,2,1,1,RandomPlayerConfig
-1471645817,Checkers,0,GAME_OVER,48,47,2,1163,2,OSLA,2,1,1,RandomPlayerConfig
1944048838,Checkers,0,GAME_OVER,43,42,2,1164,2,OSLA,2,1,1,RandomPlayerConfig
1419557714,Checkers,0,GAME_OVER,42,41,2,1165,2,OSLA,2,1,1,RandomPlayerConfig
-466997586,Checkers,0,GAME_OVER,40,39,2,1166,2,OSLA,2,1,1,RandomPlayerConfig
-709339900,Checkers,0,GAME_OVER,50,49,2,1167,2,OSLA,2,1,1,RandomPlayerConfig
692455296,Checkers,0,GAME_OVER,46,45,2,1168,2,OSLA,2,1,1,RandomPlayerConfig
-1107507308,Checkers,0,GAME_OVER,51,50,2,1169,2,OSLA,2,1,1,RandomPlayerConfig
351727987,Checkers,0,GAME_OVER,49,48,2,1170,2,OSLA,2,1,1,RandomPlayerConfig
1595367031,Checkers,0,GAME_OVER,39,38,2,1171,2,OSLA,2,1,1,RandomPlayerConfig
562050867,Checkers,0,GAME_OVER,38,37,2,1172,2,OSLA,2,1,1,RandomPlayerConfig
450957871,Checkers,0,GAME_OVER,44,43,2,1173,2,OSLA,2,1,1,RandomPlayerConfig
-1415583247,Checkers,0,GAME_OVER,43,42,2,1174,2,OSLA,2,1,1,RandomPlayerConfig
-1749234016,Checkers,0,GAME_OVER,41,40,2,1175,2,OSLA,2,1,1,RandomPlayerConfig
142616578,Checkers,0,GAME_OVER,42,41,2,1176,2,OSLA,2,1,1,RandomPlayerConfig
855486169,Checkers,0,GAME_OVER,42,41,2,1177,2,OSLA,2,1,1,RandomPlayerConfig
1840999073,Checkers,0,GAME_OVER,34,33,2,1178,2,OSLA,2,1,1,RandomPlayerConfig
-1299755470,Checkers,0,GAME_OVER,52,51,2,1179,2,OSLA,2,1,1,RandomPlayerConfig
-799678320,Checkers,0,GAME_OVER,34,33,2,1180,2,OSLA,2,1,1,RandomPlayerConfig
-1082764044,Checkers,0,GAME_OVER,44,43,2,1181,2,OSLA,2,1,1,RandomPlayerConfig
2056914092,Checkers,0,GAME_OVER,39,38,2,1182,2,OSLA,2,1,1,RandomPlayerConfig
735868635,Checkers,0,GAME_OVER,45,44,2,1183,2,OSLA,2,1,1,RandomPlayerConfig
-1570764109,Checkers,0,GAME_OVER,46,45,2,1184,2,OSLA,2,1,1,RandomPlayerConfig
-783727561,Checkers,0,GAME_OVER,47,46,2,1185,2,OSLA,2,1,1,RandomPlayerConfig
-278578750,Checkers,0,GAME_OVER,49,48,2,1186,2,OSLA,2,1,1,RandomPlayerConfig
99549824,Checkers,0,GAME_OVER,48,47,2,1187,2,OSLA,2,1,1,RandomPlayerConfig
576007015,Checkers,0,GAME_OVER,46,45,2,1188,2,OSLA,2,1,1,RandomPlayerConfig
-781103219,Checkers,0,GAME_OVER,45,44,2,1189,2,OSLA,2,1,1,RandomPlayerConfig
1301739307,Checkers,0,GAME_OVER,40,39,2,1190,2,OSLA,2,1,1,RandomPlayerConfig
-1868420403,Checkers,0,GAME_OVER,43,42,2,1191,2,OSLA,2,1,1,RandomPlayerConfig
1469310468,Checkers,0,GAME_OVER,46,45,2,1192,2,OSLA,2,1,1,RandomPlayerConfig
6500924,Checkers,0,GAME_OVER,39,38,2,1193,2,OSLA,2,1,1,RandomPlayerConfig
319106587,Checkers,0,GAME_OVER,45,44,2,1194,2,OSLA,2,1,1,RandomPlayerConfig
-691733268,Checkers,0,GAME_OVER,45,44,2,1195,2,OSLA,2,1,1,RandomPlayerConfig
-1386758477,Checkers,0,GAME_OVER,39,38,2,1196,2,OSLA,2,1,1,RandomPlayerConfig
-836201654,Checkers,0,GAME_OVER,40,39,2,1197,2,OSLA,2,1,1,RandomPlayerConfig
1520311625,Checkers,0,GAME_OVER,36,35,2,1198,2,OSLA,2,1,1,RandomPlayerConfig
1690871187,Checkers,0,GAME_OVER,42,41,2,1199,2,OSLA,2,1,1,RandomPlayerConfig
-497872866,Checkers,0,GAME_OVER,44,43,2,1200,2,OSLA,2,1,1,RandomPlayerConfig
-878879973,Checkers,0,GAME_OVER,41,40,2,1201,2,OSLA,2,1,1,RandomPlayerConfig
-1176337153,Checkers,0,GAME_OVER,39,38,2,1202,1,RandomPlayerConfig,1,2,2,MCTS_CheckersHeuristic
-1203383237,Checkers,0,GAME_OVER,48,47,2,1203,1,RandomPlayerConfig,1,2,2,MCTS_CheckersHeuristic
-731044798,Checkers,0,GAME_OVER,35,34,2,1204,1,RandomPlayerConfig,1,2,2,MCTS_CheckersHeuristic
-214896742,Checkers,0,GAME_OVER,51,50,2,1205,1,RandomPlayerConfig,1,2,2,MCTS_CheckersHeuristic
904131606,Checkers,0,GAME_OVER,40,39,2,1206,1,RandomPlayerConfig,1,2,2,MCTS_CheckersHeuristic
-836935709,Checkers,0,GAME_OVER,43,42,2,1207,1,RandomPlayerConfig,1,2,2,MCTS_CheckersHeuristic
-722893542,Checkers,0,GAME_OVER,47,46,2,1208,1,RandomPlayerConfig,1,2,2,MCTS_CheckersHeuristic
1340300709,Checkers,0,GAME_OVER,34,33,2,1209,1,RandomPlayerConfig,1,2,2,MCTS_CheckersHeuristic
-2124934750,Checkers,0,GAME_OVER,31,30,2,1210,1,RandomPlayerConfig,1,2,2,MCTS_CheckersHeuristic
-35611374,Checkers,0,GAME_OVER,39,38,2,1211,1,RandomPlayerConfig,1,2,2,MCTS_CheckersHeuristic
286717860,Checkers,0,GAME_OVER,40,39,2,1212,1,RandomPlayerConfig,1,2,2,MCTS_CheckersHeuristic
59274752,Checkers,0,GAME_OVER,37,36,2,1213,1,RandomPlayerConfig,1,2,2,MCTS_CheckersHeuristic
-1426514565,Checkers,0,GAME_OVER,48,47,2,1214,1,RandomPlayerConfig,1,2,2,MCTS_CheckersHeuristic
1638937389,Checkers,0,GAME_OVER,38,37,2,1215,1,RandomPlayerConfig,1,2,2,MCTS_CheckersHeuristic
-313547086,Checkers,0,GAME_OVER,45,44,2,1216,1,RandomPlayerConfig,1,2,2,MCTS_CheckersHeuristic
-1292871560,Checkers,0,GAME_OVER,40,39,2,1217,1,RandomPlayerConfig,1,2,2,MCTS_CheckersHeuristic
141710200,Checkers,0,GAME_OVER,42,41,2,1218,1,RandomPlayerConfig,1,2,2,MCTS_CheckersHeuristic
-173761553,Checkers,0,GAME_OVER,42,41,2,1219,1,RandomPlayerConfig,1,2,2,MCTS_CheckersHeuristic
-527106957,Checkers,0,GAME_OVER,44,43,2,1220,1,RandomPlayerConfig,1,2,2,MCTS_CheckersHeuristic
2086646756,Checkers,0,GAME_OVER,41,40,2,1221,1,RandomPlayerConfig,1,2,2,MCTS_CheckersHeuristic
-616978944,Checkers,0,GAME_OVER,46,45,2,1222,1,RandomPlayerConfig,1,2,2,MCTS_CheckersHeuristic
-1097626520,Checkers,0,GAME_OVER,46,45,2,1223,1,RandomPlayerConfig,1,2,2,MCTS_CheckersHeuristic
-1700335317,Checkers,0,GAME_OVER,51,50,2,1224,1,RandomPlayerConfig,1,2,2,MCTS_CheckersHeuristic
-970850095,Checkers,0,GAME_OVER,36,35,2,1225,1,RandomPlayerConfig,1,2,2,MCTS_CheckersHeuristic
-323875359,Checkers,0,GAME_OVER,46,45,2,1226,1,RandomPlayerConfig,1,2,2,MCTS_CheckersHeuristic
-2016122297,Checkers,0,GAME_OVER,39,38,2,1227,1,RandomPlayerConfig,1,2,2,MCTS_CheckersHeuristic
1689588006,Checkers,0,GAME_OVER,38,37,2,1228,1,RandomPlayerConfig,1,2,2,MCTS_CheckersHeuristic
-1976417695,Checkers,0,GAME_OVER,46,45,2,1229,1,RandomPlayerConfig,1,2,2,MCTS_CheckersHeuristic
-326991008,Checkers,0,GAME_OVER,34,33,2,1230,1,RandomPlayerConfig,1,2,2,MCTS_CheckersHeuristic
679498075,Checkers,0,GAME_OVER,36,35,2,1231,1,RandomPlayerConfig,1,2,2,MCTS_CheckersHeuristic
-1337627158,Checkers,0,GAME_OVER,42,41,2,1232,1,RandomPlayerConfig,1,2,2,MCTS_CheckersHeuristic
523530607,Checkers,0,GAME_OVER,41,40,2,1233,1,RandomPlayerConfig,1,2,2,MCTS_CheckersHeuristic
372962448,Checkers,0,GAME_OVER,39,38,2,1234,1,RandomPlayerConfig,1,2,2,MCTS_CheckersHeuristic
762211670,Checkers,0,GAME_OVER,38,37,2,1235,1,RandomPlayerConfig,1,2,2,MCTS_CheckersHeuristic
-386077013,Checkers,0,GAME_OVER,42,41,2,1236,1,RandomPlayerConfig,1,2,2,MCTS_CheckersHeuristic
1173878263,Checkers,0,GAME_OVER,37,36,2,1237,1,RandomPlayerConfig,1,2,2,MCTS_CheckersHeuristic
-886977305,Checkers,0,GAME_OVER,46,45,2,1238,1,RandomPlayerConfig,1,2,2,MCTS_CheckersHeuristic
1375054804,Checkers,0,GAME_OVER,43,42,2,1239,1,RandomPlayerConfig,1,2,2,MCTS_CheckersHeuristic
2025305091,Checkers,0,GAME_OVER,38,37,2,1240,1,RandomPlayerConfig,1,2,2,MCTS_CheckersHeuristic
-748825931,Checkers,0,GAME_OVER,49,48,2,1241,1,RandomPlayerConfig,1,2,2,MCTS_CheckersHeuristic
664396301,Checkers,0,GAME_OVER,48,47,2,1242,1,RandomPlayerConfig,1,2,2,MCTS_CheckersHeuristic
-628553061,Checkers,0,GAME_OVER,46,45,2,1243,1,RandomPlayerConfig,1,2,2,MCTS_CheckersHeuristic
-384335134,Checkers,0,GAME_OVER,33,32,2,1244,1,RandomPlayerConfig,1,2,2,MCTS_CheckersHeuristic
520316683,Checkers,0,GAME_OVER,36,35,2,1245,1,RandomPlayerConfig,1,2,2,MCTS_CheckersHeuristic
37345783,Checkers,0,GAME_OVER,33,32,2,1246,1,RandomPlayerConfig,1,2,2,MCTS_CheckersHeuristic
-1445722588,Checkers,0,GAME_OVER,52,51,2,1247,1,RandomPlayerConfig,1,2,2,MCTS_CheckersHeuristic
-979801406,Checkers,0,GAME_OVER,45,44,2,1248,1,RandomPlayerConfig,1,2,2,MCTS_CheckersHeuristic
163375911,Checkers,0,GAME_OVER,40,39,2,1249,1,RandomPlayerConfig,1,2,2,MCTS_CheckersHeuristic
1655397940,Checkers,0,GAME_OVER,46,45,2,1250,1,RandomPlayerConfig,1,2,2,MCTS_CheckersHeuristic
-1890522022,Checkers,0,GAME_OVER,49,48,2,1251,1,RandomPlayerConfig,1,2,2,MCTS_CheckersHeuristic
1688410911,Checkers,0,GAME_OVER,46,45,2,1252,1,RandomPlayerConfig,1,2,2,MCTS_CheckersHeuristic
-235337115,Checkers,0,GAME_OVER,52,51,2,1253,1,RandomPlayerConfig,1,2,2,MCTS_CheckersHeuristic
419016838,Checkers,0,GAME_OVER,37,36,2,1254,1,RandomPlayerConfig,1,2,2,MCTS_CheckersHeuristic
-1649731680,Checkers,0,GAME_OVER,53,52,2,1255,1,RandomPlayerConfig,1,2,2,MCTS_CheckersHeuristic
-804545498,Checkers,0,GAME_OVER,40,39,2,1256,1,RandomPlayerConfig,1,2,2,MCTS_CheckersHeuristic
-371638287,Checkers,0,GAME_OVER,43,42,2,1257,1,RandomPlayerConfig,1,2,2,MCTS_CheckersHeuristic
1214018740,Checkers,0,GAME_OVER,42,41,2,1258,1,RandomPlayerConfig,1,2,2,MCTS_CheckersHeuristic
1541101081,Checkers,0,GAME_OVER,37,36,2,1259,1,RandomPlayerConfig,1,2,2,MCTS_CheckersHeuristic
1571446444,Checkers,0,GAME_OVER,39,38,2,1260,1,RandomPlayerConfig,1,2,2,MCTS_CheckersHeuristic
-2124359248,Checkers,0,GAME_OVER,37,36,2,1261,1,RandomPlayerConfig,1,2,2,MCTS_CheckersHeuristic
470074270,Checkers,0,GAME_OVER,46,45,2,1262,1,RandomPlayerConfig,1,2,2,MCTS_CheckersHeuristic
-301137630,Checkers,0,GAME_OVER,45,44,2,1263,1,RandomPlayerConfig,1,2,2,MCTS_CheckersHeuristic
296933217,Checkers,0,GAME_OVER,37,36,2,1264,1,RandomPlayerConfig,1,2,2,MCTS_CheckersHeuristic
550946144,Checkers,0,GAME_OVER,43,42,2,1265,1,RandomPlayerConfig,1,2,2,MCTS_CheckersHeuristic
1983896466,Checkers,0,GAME_OVER,42,41,2,1266,1,RandomPlayerConfig,1,2,2,MCTS_CheckersHeuristic
926845219,Checkers,0,GAME_OVER,43,42,2,1267,1,RandomPlayerConfig,1,2,2,MCTS_CheckersHeuristic
-28174011,Checkers,0,GAME_OVER,41,40,2,1268,1,RandomPlayerConfig,1,2,2,MCTS_CheckersHeuristic
1385466877,Checkers,0,GAME_OVER,46,45,2,1269,1,RandomPlayerConfig,1,2,2,MCTS_CheckersHeuristic
-878444067,Checkers,0,GAME_OVER,43,42,2,1270,1,RandomPlayerConfig,1,2,2,MCTS_CheckersHeuristic
-898074233,Checkers,0,GAME_OVER,46,45,2,1271,1,RandomPlayerConfig,1,2,2,MCTS_CheckersHeuristic
-1855511719,Checkers,0,GAME_OVER,43,42,2,1272,1,RandomPlayerConfig,1,2,2,MCTS_CheckersHeuristic
708779878,Checkers,0,GAME_OVER,45,44,2,1273,1,RandomPlayerConfig,1,2,2,MCTS_CheckersHeuristic
-365860445,Checkers,0,GAME_OVER,40,39,2,1274,1,RandomPlayerConfig,1,2,2,MCTS_CheckersHeuristic
-425576184,Checkers,0,GAME_OVER,50,49,2,1275,1,RandomPlayerConfig,1,2,2,MCTS_CheckersHeuristic
696636826,Checkers,0,GAME_OVER,45,44,2,1276,1,RandomPlayerConfig,1,2,2,MCTS_CheckersHeuristic
-938713536,Checkers,0,GAME_OVER,45,44,2,1277,1,RandomPlayerConfig,1,2,2,MCTS_CheckersHeuristic
-1600506893,Checkers,0,GAME_OVER,36,35,2,1278,1,RandomPlayerConfig,1,2,2,MCTS_CheckersHeuristic
-894694865,Checkers,0,GAME_OVER,48,47,2,1279,1,RandomPlayerConfig,1,2,2,MCTS_CheckersHeuristic
-1711292118,Checkers,0,GAME_OVER,41,40,2,1280,1,RandomPlayerConfig,1,2,2,MCTS_CheckersHeuristic
-2088603110,Checkers,0,GAME_OVER,40,39,2,1281,1,RandomPlayerConfig,1,2,2,MCTS_CheckersHeuristic
-511582955,Checkers,0,GAME_OVER,42,41,2,1282,1,RandomPlayerConfig,1,2,2,MCTS_CheckersHeuristic
1429868571,Checkers,0,GAME_OVER,43,42,2,1283,1,RandomPlayerConfig,1,2,2,MCTS_CheckersHeuristic
699221968,Checkers,0,GAME_OVER,41,40,2,1284,1,RandomPlayerConfig,1,2,2,MCTS_CheckersHeuristic
-1337168942,Checkers,0,GAME_OVER,49,48,2,1285,1,RandomPlayerConfig,1,2,2,MCTS_CheckersHeuristic
2058726182,Checkers,0,GAME_OVER,39,38,2,1286,1,RandomPlayerConfig,1,2,2,MCTS_CheckersHeuristic
57957248,Checkers,0,GAME_OVER,42,41,2,1287,1,RandomPlayerConfig,1,2,2,MCTS_CheckersHeuristic
1961148066,Checkers,0,GAME_OVER,40,39,2,1288,1,RandomPlayerConfig,1,2,2,MCTS_CheckersHeuristic
-208551370,Checkers,0,GAME_OVER,40,39,2,1289,1,RandomPlayerConfig,1,2,2,MCTS_CheckersHeuristic
-26938906,Checkers,0,GAME_OVER,44,43,2,1290,1,RandomPlayerConfig,1,2,2,MCTS_CheckersHeuristic
710689778,Checkers,0,GAME_OVER,44,43,2,1291,1,RandomPlayerConfig,1,2,2,MCTS_CheckersHeuristic
-944470016,Checkers,0,GAME_OVER,45,44,2,1292,1,RandomPlayerConfig,1,2,2,MCTS_CheckersHeuristic
1727305453,Checkers,0,GAME_OVER,46,45,2,1293,1,RandomPlayerConfig,1,2,2,MCTS_CheckersHeuristic
1434009552,Checkers,0,GAME_OVER,40,39,2,1294,1,RandomPlayerConfig,1,2,2,MCTS_CheckersHeuristic
1699189091,Checkers,0,GAME_OVER,43,42,2,1295,1,RandomPlayerConfig,1,2,2,MCTS_CheckersHeuristic
-1924114236,Checkers,0,GAME_OVER,46,45,2,1296,1,RandomPlayerConfig,1,2,2,MCTS_CheckersHeuristic
439674264,Checkers,0,GAME_OVER,40,39,2,1297,1,RandomPlayerConfig,1,2,2,MCTS_CheckersHeuristic
1000065131,Checkers,0,GAME_OVER,45,44,2,1298,1,RandomPlayerConfig,1,2,2,MCTS_CheckersHeuristic
522598890,Checkers,0,GAME_OVER,44,43,2,1299,1,RandomPlayerConfig,1,2,2,MCTS_CheckersHeuristic
1408310455,Checkers,0,GAME_OVER,45,44,2,1300,1,RandomPlayerConfig,1,2,2,MCTS_CheckersHeuristic
330629427,Checkers,0,GAME_OVER,37,36,2,1301,1,RandomPlayerConfig,1,2,2,MCTS_CheckersHeuristic
-797532192,Checkers,0,GAME_OVER,53,52,2,1302,1,RandomPlayerConfig,1,2,2,MCTS_CheckersHeuristic
1262467013,Checkers,0,GAME_OVER,48,47,2,1303,1,RandomPlayerConfig,1,2,2,MCTS_CheckersHeuristic
1416244806,Checkers,0,GAME_OVER,42,41,2,1304,1,RandomPlayerConfig,1,2,2,MCTS_CheckersHeuristic
-1929509951,Checkers,0,GAME_OVER,44,43,2,1305,1,RandomPlayerConfig,1,2,2,MCTS_CheckersHeuristic
2073402315,Checkers,0,GAME_OVER,40,39,2,1306,1,RandomPlayerConfig,1,2,2,MCTS_CheckersHeuristic
-1855898719,Checkers,0,GAME_OVER,41,40,2,1307,1,RandomPlayerConfig,1,2,2,MCTS_CheckersHeuristic
296605045,Checkers,0,GAME_OVER,45,44,2,1308,1,RandomPlayerConfig,1,2,2,MCTS_CheckersHeuristic
-1993796568,Checkers,0,GAME_OVER,56,55,2,1309,1,RandomPlayerConfig,1,2,2,MCTS_CheckersHeuristic
-1305219755,Checkers,0,GAME_OVER,43,42,2,1310,1,RandomPlayerConfig,1,2,2,MCTS_CheckersHeuristic
-1589231848,Checkers,0,GAME_OVER,44,43,2,1311,1,RandomPlayerConfig,1,2,2,MCTS_CheckersHeuristic
1504068114,Checkers,0,GAME_OVER,39,38,2,1312,1,RandomPlayerConfig,1,2,2,MCTS_CheckersHeuristic
-503536039,Checkers,0,GAME_OVER,40,39,2,1313,1,RandomPlayerConfig,1,2,2,MCTS_CheckersHeuristic
763414658,Checkers,0,GAME_OVER,38,37,2,1314,1,RandomPlayerConfig,1,2,2,MCTS_CheckersHeuristic
362363770,Checkers,0,GAME_OVER,54,53,2,1315,1,RandomPlayerConfig,1,2,2,MCTS_CheckersHeuristic
90666286,Checkers,0,GAME_OVER,44,43,2,1316,1,RandomPlayerConfig,1,2,2,MCTS_CheckersHeuristic
-1009051213,Checkers,0,GAME_OVER,45,44,2,1317,1,RandomPlayerConfig,1,2,2,MCTS_CheckersHeuristic
-843666233,Checkers,0,GAME_OVER,52,51,2,1318,1,RandomPlayerConfig,1,2,2,MCTS_CheckersHeuristic
1350731983,Checkers,0,GAME_OVER,50,49,2,1319,1,RandomPlayerConfig,1,2,2,MCTS_CheckersHeuristic
1309789641,Checkers,0,GAME_OVER,47,46,2,1320,1,RandomPlayerConfig,1,2,2,MCTS_CheckersHeuristic
714234281,Checkers,0,GAME_OVER,35,34,2,1321,1,RandomPlayerConfig,1,2,2,MCTS_CheckersHeuristic
-1744428321,Checkers,0,GAME_OVER,51,50,2,1322,1,RandomPlayerConfig,1,2,2,MCTS_CheckersHeuristic
1452779804,Checkers,0,GAME_OVER,46,45,2,1323,1,RandomPlayerConfig,1,2,2,MCTS_CheckersHeuristic
1560554700,Checkers,0,GAME_OVER,44,43,2,1324,1,RandomPlayerConfig,1,2,2,MCTS_CheckersHeuristic
267543713,Checkers,0,GAME_OVER,35,34,2,1325,1,RandomPlayerConfig,1,2,2,MCTS_CheckersHeuristic
-603061282,Checkers,0,GAME_OVER,43,42,2,1326,1,RandomPlayerConfig,1,2,2,MCTS_CheckersHeuristic
-1319271451,Checkers,0,GAME_OVER,52,51,2,1327,1,RandomPlayerConfig,1,2,2,MCTS_CheckersHeuristic
343401531,Checkers,0,GAME_OVER,38,37,2,1328,1,RandomPlayerConfig,1,2,2,MCTS_CheckersHeuristic
-1962222305,Checkers,0,GAME_OVER,42,41,2,1329,1,RandomPlayerConfig,1,2,2,MCTS_CheckersHeuristic
-693592698,Checkers,0,GAME_OVER,48,47,2,1330,1,RandomPlayerConfig,1,2,2,MCTS_CheckersHeuristic
1689540083,Checkers,0,GAME_OVER,40,39,2,1331,1,RandomPlayerConfig,1,2,2,MCTS_CheckersHeuristic
-2003835478,Checkers,0,GAME_OVER,38,37,2,1332,1,RandomPlayerConfig,1,2,2,MCTS_CheckersHeuristic
1783499042,Checkers,0,GAME_OVER,37,36,2,1333,1,RandomPlayerConfig,1,2,2,MCTS_CheckersHeuristic
-327792680,Checkers,0,GAME_OVER,39,38,2,1334,1,RandomPlayerConfig,1,2,2,MCTS_CheckersHeuristic
-1699980969,Checkers,0,GAME_OVER,58,57,2,1335,1,RandomPlayerConfig,1,2,2,MCTS_CheckersHeuristic
-1819810832,Checkers,0,GAME_OVER,47,46,2,1336,1,RandomPlayerConfig,1,2,2,MCTS_CheckersHeuristic
-841358386,Checkers,0,GAME_OVER,35,34,2,1337,1,RandomPlayerConfig,1,2,2,MCTS_CheckersHeuristic
2080587758,Checkers,0,GAME_OVER,47,46,2,1338,1,RandomPlayerConfig,1,2,2,MCTS_CheckersHeuristic
-1280415314,Checkers,0,GAME_OVER,38,37,2,1339,1,RandomPlayerConfig,1,2,2,MCTS_CheckersHeuristic
-1589158886,Checkers,0,GAME_OVER,41,40,2,1340,1,RandomPlayerConfig,1,2,2,MCTS_CheckersHeuristic
-938597046,Checkers,0,GAME_OVER,44,43,2,1341,1,RandomPlayerConfig,1,2,2,MCTS_CheckersHeuristic
116382727,Checkers,0,GAME_OVER,42,41,2,1342,1,RandomPlayerConfig,1,2,2,MCTS_CheckersHeuristic
1171531941,Checkers,0,GAME_OVER,45,44,2,1343,1,RandomPlayerConfig,1,2,2,MCTS_CheckersHeuristic
-1167607390,Checkers,0,GAME_OVER,43,42,2,1344,1,RandomPlayerConfig,1,2,2,MCTS_CheckersHeuristic
195060971,Checkers,0,GAME_OVER,44,43,2,1345,1,RandomPlayerConfig,1,2,2,MCTS_CheckersHeuristic
408906979,Checkers,0,GAME_OVER,45,44,2,1346,1,RandomPlayerConfig,1,2,2,MCTS_CheckersHeuristic
1778345663,Checkers,0,GAME_OVER,48,47,2,1347,1,RandomPlayerConfig,1,2,2,MCTS_CheckersHeuristic
-335803935,Checkers,0,GAME_OVER,41,40,2,1348,1,RandomPlayerConfig,1,2,2,MCTS_CheckersHeuristic
-1915897455,Checkers,0,GAME_OVER,51,50,2,1349,1,RandomPlayerConfig,1,2,2,MCTS_CheckersHeuristic
2120441937,Checkers,0,GAME_OVER,38,37,2,1350,1,RandomPlayerConfig,1,2,2,MCTS_CheckersHeuristic
-1476864939,Checkers,0,GAME_OVER,48,47,2,1351,1,RandomPlayerConfig,1,2,2,MCTS_CheckersHeuristic
190575297,Checkers,0,GAME_OVER,53,52,2,1352,1,RandomPlayerConfig,1,2,2,MCTS_CheckersHeuristic
-1017414575,Checkers,0,GAME_OVER,33,32,2,1353,1,RandomPlayerConfig,1,2,2,MCTS_CheckersHeuristic
-1721927419,Checkers,0,GAME_OVER,37,36,2,1354,1,RandomPlayerConfig,1,2,2,MCTS_CheckersHeuristic
1356480222,Checkers,0,GAME_OVER,48,47,2,1355,1,RandomPlayerConfig,1,2,2,MCTS_CheckersHeuristic
454746294,Checkers,0,GAME_OVER,39,38,2,1356,1,RandomPlayerConfig,1,2,2,MCTS_CheckersHeuristic
-1508961964,Checkers,0,GAME_OVER,32,31,2,1357,1,RandomPlayerConfig,1,2,2,MCTS_CheckersHeuristic
950874031,Checkers,0,GAME_OVER,47,46,2,1358,1,RandomPlayerConfig,1,2,2,MCTS_CheckersHeuristic
277405296,Checkers,0,GAME_OVER,46,45,2,1359,1,RandomPlayerConfig,1,2,2,MCTS_CheckersHeuristic
191864814,Checkers,0,GAME_OVER,48,47,2,1360,1,RandomPlayerConfig,1,2,2,MCTS_CheckersHeuristic
140434174,Checkers,0,GAME_OVER,46,45,2,1361,1,RandomPlayerConfig,1,2,2,MCTS_CheckersHeuristic
-1800826552,Checkers,0,GAME_OVER,39,38,2,1362,1,RandomPlayerConfig,1,2,2,MCTS_CheckersHeuristic
-1471645817,Checkers,0,GAME_OVER,41,40,2,1363,1,RandomPlayerConfig,1,2,2,MCTS_CheckersHeuristic
1944048838,Checkers,0,GAME_OVER,42,41,2,1364,1,RandomPlayerConfig,1,2,2,MCTS_CheckersHeuristic
1419557714,Checkers,0,GAME_OVER,33,32,2,1365,1,RandomPlayerConfig,1,2,2,MCTS_CheckersHeuristic
-466997586,Checkers,0,GAME_OVER,36,35,2,1366,1,RandomPlayerConfig,1,2,2,MCTS_CheckersHeuristic
-709339900,Checkers,0,GAME_OVER,37,36,2,1367,1,RandomPlayerConfig,1,2,2,MCTS_CheckersHeuristic
692455296,Checkers,0,GAME_OVER,49,48,2,1368,1,RandomPlayerConfig,1,2,2,MCTS_CheckersHeuristic
-1107507308,Checkers,0,GAME_OVER,57,56,2,1369,1,RandomPlayerConfig,1,2,2,MCTS_CheckersHeuristic
351727987,Checkers,0,GAME_OVER,39,38,2,1370,1,RandomPlayerConfig,1,2,2,MCTS_CheckersHeuristic
1595367031,Checkers,0,GAME_OVER,39,38,2,1371,1,RandomPlayerConfig,1,2,2,MCTS_CheckersHeuristic
562050867,Checkers,0,GAME_OVER,43,42,2,1372,1,RandomPlayerConfig,1,2,2,MCTS_CheckersHeuristic
450957871,Checkers,0,GAME_OVER,42,41,2,1373,1,RandomPlayerConfig,1,2,2,MCTS_CheckersHeuristic
-1415583247,Checkers,0,GAME_OVER,45,44,2,1374,1,RandomPlayerConfig,1,2,2,MCTS_CheckersHeuristic
-1749234016,Checkers,0,GAME_OVER,44,43,2,1375,1,RandomPlayerConfig,1,2,2,MCTS_CheckersHeuristic
142616578,Checkers,0,GAME_OVER,45,44,2,1376,1,RandomPlayerConfig,1,2,2,MCTS_CheckersHeuristic
855486169,Checkers,0,GAME_OVER,44,43,2,1377,1,RandomPlayerConfig,1,2,2,MCTS_CheckersHeuristic
1840999073,Checkers,0,GAME_OVER,47,46,2,1378,1,RandomPlayerConfig,1,2,2,MCTS_CheckersHeuristic
-1299755470,Checkers,0,GAME_OVER,43,42,2,1379,1,RandomPlayerConfig,1,2,2,MCTS_CheckersHeuristic
-799678320,Checkers,0,GAME_OVER,40,39,2,1380,1,RandomPlayerConfig,1,2,2,MCTS_CheckersHeuristic
-1082764044,Checkers,0,GAME_OVER,45,44,2,1381,1,RandomPlayerConfig,1,2,2,MCTS_CheckersHeuristic
2056914092,Checkers,0,GAME_OVER,45,44,2,1382,1,RandomPlayerConfig,1,2,2,MCTS_CheckersHeuristic
735868635,Checkers,0,GAME_OVER,36,35,2,1383,1,RandomPlayerConfig,1,2,2,MCTS_CheckersHeuristic
-1570764109,Checkers,0,GAME_OVER,40,39,2,1384,1,RandomPlayerConfig,1,2,2,MCTS_CheckersHeuristic
-783727561,Checkers,0,GAME_OVER,32,31,2,1385,1,RandomPlayerConfig,1,2,2,MCTS_CheckersHeuristic
-278578750,Checkers,0,GAME_OVER,36,35,2,1386,1,RandomPlayerConfig,1,2,2,MCTS_CheckersHeuristic
99549824,Checkers,0,GAME_OVER,55,54,2,1387,1,RandomPlayerConfig,1,2,2,MCTS_CheckersHeuristic
576007015,Checkers,0,GAME_OVER,43,42,2,1388,1,RandomPlayerConfig,1,2,2,MCTS_CheckersHeuristic
-781103219,Checkers,0,GAME_OVER,49,48,2,1389,1,RandomPlayerConfig,1,2,2,MCTS_CheckersHeuristic
1301739307,Checkers,0,GAME_OVER,40,39,2,1390,1,RandomPlayerConfig,1,2,2,MCTS_CheckersHeuristic
-1868420403,Checkers,0,GAME_OVER,42,41,2,1391,1,RandomPlayerConfig,1,2,2,MCTS_CheckersHeuristic
1469310468,Checkers,0,GAME_OVER,40,39,2,1392,1,RandomPlayerConfig,1,2,2,MCTS_CheckersHeuristic
6500924,Checkers,0,GAME_OVER,42,41,2,1393,1,RandomPlayerConfig,1,2,2,MCTS_CheckersHeuristic
319106587,Checkers,0,GAME_OVER,42,41,2,1394,1,RandomPlayerConfig,1,2,2,MCTS_CheckersHeuristic
-691733268,Checkers,0,GAME_OVER,38,37,2,1395,1,RandomPlayerConfig,1,2,2,MCTS_CheckersHeuristic
-1386758477,Checkers,0,GAME_OVER,42,41,2,1396,1,RandomPlayerConfig,1,2,2,MCTS_CheckersHeuristic
-836201654,Checkers,0,GAME_OVER,35,34,2,1397,1,RandomPlayerConfig,1,2,2,MCTS_CheckersHeuristic
1520311625,Checkers,0,GAME_OVER,53,52,2,1398,1,RandomPlayerConfig,1,2,2,MCTS_CheckersHeuristic
1690871187,Checkers,0,GAME_OVER,26,25,2,1399,1,RandomPlayerConfig,1,2,2,MCTS_CheckersHeuristic
-497872866,Checkers,0,GAME_OVER,43,42,2,1400,1,RandomPlayerConfig,1,2,2,MCTS_CheckersHeuristic
-878879973,Checkers,0,GAME_OVER,47,46,2,1401,1,RandomPlayerConfig,1,2,2,MCTS_CheckersHeuristic
-1176337153,Checkers,0,GAME_OVER,51,50,2,1402,1,RandomPlayerConfig,1,2,2,OSLA
-1203383237,Checkers,0,GAME_OVER,45,44,2,1403,1,RandomPlayerConfig,1,2,2,OSLA
-731044798,Checkers,0,GAME_OVER,58,57,2,1404,1,RandomPlayerConfig,1,2,2,OSLA
-214896742,Checkers,0,GAME_OVER,53,52,2,1405,1,RandomPlayerConfig,1,2,2,OSLA
904131606,Checkers,0,GAME_OVER,52,51,2,1406,1,RandomPlayerConfig,1,2,2,OSLA
-836935709,Checkers,0,GAME_OVER,54,53,2,1407,1,RandomPlayerConfig,1,2,2,OSLA
-722893542,Checkers,0,GAME_OVER,43,42,2,1408,1,RandomPlayerConfig,1,2,2,OSLA
1340300709,Checkers,0,GAME_OVER,40,39,2,1409,1,RandomPlayerConfig,1,2,2,OSLA
-2124934750,Checkers,0,GAME_OVER,54,53,2,1410,1,RandomPlayerConfig,1,2,2,OSLA
-35611374,Checkers,0,GAME_OVER,39,38,2,1411,1,RandomPlayerConfig,1,2,2,OSLA
286717860,Checkers,0,GAME_OVER,44,43,2,1412,1,RandomPlayerConfig,1,2,2,OSLA
59274752,Checkers,0,GAME_OVER,44,43,2,1413,1,RandomPlayerConfig,1,2,2,OSLA
-1426514565,Checkers,0,GAME_OVER,39,38,2,1414,1,RandomPlayerConfig,1,2,2,OSLA
1638937389,Checkers,0,GAME_OVER,46,45,2,1415,1,RandomPlayerConfig,1,2,2,OSLA
-313547086,Checkers,0,GAME_OVER,39,38,2,1416,1,RandomPlayerConfig,1,2,2,OSLA
-1292871560,Checkers,0,GAME_OVER,36,35,2,1417,1,RandomPlayerConfig,1,2,2,OSLA
141710200,Checkers,0,GAME_OVER,34,33,2,1418,1,RandomPlayerConfig,1,2,2,OSLA
-173761553,Checkers,0,GAME_OVER,50,49,2,1419,1,RandomPlayerConfig,1,2,2,OSLA
-527106957,Checkers,0,GAME_OVER,38,37,2,1420,1,RandomPlayerConfig,1,2,2,OSLA
2086646756,Checkers,0,GAME_OVER,45,44,2,1421,1,RandomPlayerConfig,1,2,2,OSLA
-616978944,Checkers,0,GAME_OVER,39,38,2,1422,1,RandomPlayerConfig,1,2,2,OSLA
-1097626520,Checkers,0,GAME_OVER,37,36,2,1423,1,RandomPlayerConfig,1,2,2,OSLA
-1700335317,Checkers,0,GAME_OVER,41,40,2,1424,1,RandomPlayerConfig,1,2,2,OSLA
-970850095,Checkers,0,GAME_OVER,38,37,2,1425,1,RandomPlayerConfig,1,2,2,OSLA
-323875359,Checkers,0,GAME_OVER,40,39,2,1426,1,RandomPlayerConfig,1,2,2,OSLA
-2016122297,Checkers,0,GAME_OVER,42,41,2,1427,1,RandomPlayerConfig,1,2,2,OSLA
1689588006,Checkers,0,GAME_OVER,41,40,2,1428,1,RandomPlayerConfig,1,2,2,OSLA
-1976417695,Checkers,0,GAME_OVER,45,44,2,1429,1,RandomPlayerConfig,1,2,2,OSLA
-326991008,Checkers,0,GAME_OVER,43,42,2,1430,1,RandomPlayerConfig,1,2,2,OSLA
679498075,Checkers,0,GAME_OVER,39,38,2,1431,1,RandomPlayerConfig,1,2,2,OSLA
-1337627158,Checkers,0,GAME_OVER,43,42,2,1432,1,RandomPlayerConfig,1,2,2,OSLA
523530607,Checkers,0,GAME_OVER,41,40,2,1433,1,RandomPlayerConfig,1,2,2,OSLA
372962448,Checkers,0,GAME_OVER,47,46,2,1434,1,RandomPlayerConfig,1,2,2,OSLA
762211670,Checkers,0,GAME_OVER,69,68,2,1435,1,RandomPlayerConfig,1,2,2,OSLA
-386077013,Checkers,0,GAME_OVER,52,51,2,1436,1,RandomPlayerConfig,1,2,2,OSLA
1173878263,Checkers,0,GAME_OVER,35,34,2,1437,1,RandomPlayerConfig,1,2,2,OSLA
-886977305,Checkers,0,GAME_OVER,43,42,2,1438,1,RandomPlayerConfig,1,2,2,OSLA
1375054804,Checkers,0,GAME_OVER,38,37,2,1439,1,RandomPlayerConfig,1,2,2,OSLA
2025305091,Checkers,0,GAME_OVER,36,35,2,1440,1,RandomPlayerConfig,1,2,2,OSLA
-748825931,Checkers,0,GAME_OVER,52,51,2,1441,1,RandomPlayerConfig,1,2,2,OSLA
664396301,Checkers,0,GAME_OVER,47,46,2,1442,1,RandomPlayerConfig,1,2,2,OSLA
-628553061,Checkers,0,GAME_OVER,39,38,2,1443,1,RandomPlayerConfig,1,2,2,OSLA
-384335134,Checkers,0,GAME_OVER,49,48,2,1444,1,RandomPlayerConfig,1,2,2,OSLA
520316683,Checkers,0,GAME_OVER,35,34,2,1445,1,RandomPlayerConfig,1,2,2,OSLA
37345783,Checkers,0,GAME_OVER,42,41,2,1446,1,RandomPlayerConfig,1,2,2,OSLA
-1445722588,Checkers,0,GAME_OVER,40,39,2,1447,1,RandomPlayerConfig,1,2,2,OSLA
-979801406,Checkers,0,GAME_OVER,39,38,2,1448,1,RandomPlayerConfig,1,2,2,OSLA
163375911,Checkers,0,GAME_OVER,39,38,2,1449,1,RandomPlayerConfig,1,2,2,OSLA
1655397940,Checkers,0,GAME_OVER,45,44,2,1450,1,RandomPlayerConfig,1,2,2,OSLA
-1890522022,Checkers,0,GAME_OVER,48,47,2,1451,1,RandomPlayerConfig,1,2,2,OSLA
1688410911,Checkers,0,GAME_OVER,38,37,2,1452,1,RandomPlayerConfig,1,2,2,OSLA
-235337115,Checkers,0,GAME_OVER,39,38,2,1453,1,RandomPlayerConfig,1,2,2,OSLA
419016838,Checkers,0,GAME_OVER,35,34,2,1454,1,RandomPlayerConfig,1,2,2,OSLA
-1649731680,Checkers,0,GAME_OVER,42,41,2,1455,1,RandomPlayerConfig,1,2,2,OSLA
-804545498,Checkers,0,GAME_OVER,43,42,2,1456,1,RandomPlayerConfig,1,2,2,OSLA
-371638287,Checkers,0,GAME_OVER,33,32,2,1457,1,RandomPlayerConfig,1,2,2,OSLA
1214018740,Checkers,0,GAME_OVER,41,40,2,1458,1,RandomPlayerConfig,1,2,2,OSLA
1541101081,Checkers,0,GAME_OVER,37,36,2,1459,1,RandomPlayerConfig,1,2,2,OSLA
1571446444,Checkers,0,GAME_OVER,38,37,2,1460,1,RandomPlayerConfig,1,2,2,OSLA
-2124359248,Checkers,0,GAME_OVER,40,39,2,1461,1,RandomPlayerConfig,1,2,2,OSLA
470074270,Checkers,0,GAME_OVER,42,41,2,1462,1,RandomPlayerConfig,1,2,2,OSLA
-301137630,Checkers,0,GAME_OVER,34,33,2,1463,1,RandomPlayerConfig,1,2,2,OSLA
296933217,Checkers,0,GAME_OVER,47,46,2,1464,1,RandomPlayerConfig,1,2,2,OSLA
550946144,Checkers,0,GAME_OVER,45,44,2,1465,1,RandomPlayerConfig,1,2,2,OSLA
1983896466,Checkers,0,GAME_OVER,48,47,2,1466,1,RandomPlayerConfig,1,2,2,OSLA
926845219,Checkers,0,GAME_OVER,38,37,2,1467,1,RandomPlayerConfig,1,2,2,OSLA
-28174011,Checkers,0,GAME_OVER,40,39,2,1468,1,RandomPlayerConfig,1,2,2,OSLA
1385466877,Checkers,0,GAME_OVER,40,39,2,1469,1,RandomPlayerConfig,1,2,2,OSLA
-878444067,Checkers,0,GAME_OVER,62,61,2,1470,1,RandomPlayerConfig,1,2,2,OSLA
-898074233,Checkers,0,GAME_OVER,41,40,2,1471,1,RandomPlayerConfig,1,2,2,OSLA
-1855511719,Checkers,0,GAME_OVER,45,44,2,1472,1,RandomPlayerConfig,1,2,2,OSLA
708779878,Checkers,0,GAME_OVER,46,45,2,1473,1,RandomPlayerConfig,1,2,2,OSLA
-365860445,Checkers,0,GAME_OVER,40,39,2,1474,1,RandomPlayerConfig,1,2,2,OSLA
-425576184,Checkers,0,GAME_OVER,52,51,2,1475,1,RandomPlayerConfig,1,2,2,OSLA
696636826,Checkers,0,GAME_OVER,49,48,2,1476,1,RandomPlayerConfig,1,2,2,OSLA
-938713536,Checkers,0,GAME_OVER,43,42,2,1477,1,RandomPlayerConfig,1,2,2,OSLA
-1600506893,Checkers,0,GAME_OVER,46,45,2,1478,1,RandomPlayerConfig,1,2,2,OSLA
-894694865,Checkers,0,GAME_OVER,40,39,2,1479,1,RandomPlayerConfig,1,2,2,OSLA
-1711292118,Checkers,0,GAME_OVER,47,46,2,1480,1,RandomPlayerConfig,1,2,2,OSLA
-2088603110,Checkers,0,GAME_OVER,44,43,2,1481,1,RandomPlayerConfig,1,2,2,OSLA
-511582955,Checkers,0,GAME_OVER,45,44,2,1482,1,RandomPlayerConfig,1,2,2,OSLA
1429868571,Checkers,0,GAME_OVER,42,41,2,1483,1,RandomPlayerConfig,1,2,2,OSLA
699221968,Checkers,0,GAME_OVER,42,41,2,1484,1,RandomPlayerConfig,1,2,2,OSLA
-1337168942,Checkers,0,GAME_OVER,44,43,2,1485,1,RandomPlayerConfig,1,2,2,OSLA
2058726182,Checkers,0,GAME_OVER,34,33,2,1486,1,RandomPlayerConfig,1,2,2,OSLA
57957248,Checkers,0,GAME_OVER,39,38,2,1487,1,RandomPlayerConfig,1,2,2,OSLA
1961148066,Checkers,0,GAME_OVER,64,63,2,1488,1,RandomPlayerConfig,1,2,2,OSLA
-208551370,Checkers,0,GAME_OVER,36,35,2,1489,1,RandomPlayerConfig,1,2,2,OSLA
-26938906,Checkers,0,GAME_OVER,34,33,2,1490,1,RandomPlayerConfig,1,2,2,OSLA
710689778,Checkers,0,GAME_OVER,51,50,2,1491,1,RandomPlayerConfig,1,2,2,OSLA
-944470016,Checkers,0,GAME_OVER,41,40,2,1492,1,RandomPlayerConfig,1,2,2,OSLA
1727305453,Checkers,0,GAME_OVER,44,43,2,1493,1,RandomPlayerConfig,1,2,2,OSLA
1434009552,Checkers,0,GAME_OVER,40,39,2,1494,1,RandomPlayerConfig,1,2,2,OSLA
1699189091,Checkers,0,GAME_OVER,39,38,2,1495,1,RandomPlayerConfig,1,2,2,OSLA
-1924114236,Checkers,0,GAME_OVER,36,35,2,1496,1,RandomPlayerConfig,1,2,2,OSLA
439674264,Checkers,0,GAME_OVER,37,36,2,1497,1,RandomPlayerConfig,1,2,2,OSLA
1000065131,Checkers,0,GAME_OVER,34,33,2,1498,1,RandomPlayerConfig,1,2,2,OSLA
522598890,Checkers,0,GAME_OVER,42,41,2,1499,1,RandomPlayerConfig,1,2,2,OSLA
1408310455,Checkers,0,GAME_OVER,54,53,2,1500,1,RandomPlayerConfig,1,2,2,OSLA
330629427,Checkers,0,GAME_OVER,44,43,2,1501,1,RandomPlayerConfig,1,2,2,OSLA
-797532192,Checkers,0,GAME_OVER,33,32,2,1502,1,RandomPlayerConfig,1,2,2,OSLA
1262467013,Checkers,0,GAME_OVER,35,34,2,1503,1,RandomPlayerConfig,1,2,2,OSLA
1416244806,Checkers,0,GAME_OVER,47,46,2,1504,1,RandomPlayerConfig,1,2,2,OSLA
-1929509951,Checkers,0,GAME_OVER,40,39,2,1505,1,RandomPlayerConfig,1,2,2,OSLA
2073402315,Checkers,0,GAME_OVER,47,46,2,1506,1,RandomPlayerConfig,1,2,2,OSLA
-1855898719,Checkers,0,GAME_OVER,36,35,2,1507,1,RandomPlayerConfig,1,2,2,OSLA
296605045,Checkers,0,GAME_OVER,43,42,2,1508,1,RandomPlayerConfig,1,2,2,OSLA
-1993796568,Checkers,0,GAME_OVER,43,42,2,1509,1,RandomPlayerConfig,1,2,2,OSLA
-1305219755,Checkers,0,GAME_OVER,37,36,2,1510,1,RandomPlayerConfig,1,2,2,OSLA
-1589231848,Checkers,0,GAME_OVER,38,37,2,1511,1,RandomPlayerConfig,1,2,2,OSLA
1504068114,Checkers,0,GAME_OVER,38,37,2,1512,1,RandomPlayerConfig,1,2,2,OSLA
-503536039,Checkers,0,GAME_OVER,44,43,2,1513,1,RandomPlayerConfig,1,2,2,OSLA
763414658,Checkers,0,GAME_OVER,43,42,2,1514,1,RandomPlayerConfig,1,2,2,OSLA
362363770,Checkers,0,GAME_OVER,40,39,2,1515,1,RandomPlayerConfig,1,2,2,OSLA
90666286,Checkers,0,GAME_OVER,38,37,2,1516,1,RandomPlayerConfig,1,2,2,OSLA
-1009051213,Checkers,0,GAME_OVER,41,40,2,1517,1,RandomPlayerConfig,1,2,2,OSLA
-843666233,Checkers,0,GAME_OVER,44,43,2,1518,1,RandomPlayerConfig,1,2,2,OSLA
1350731983,Checkers,0,GAME_OVER,41,40,2,1519,1,RandomPlayerConfig,1,2,2,OSLA
1309789641,Checkers,0,GAME_OVER,34,33,2,1520,1,RandomPlayerConfig,1,2,2,OSLA
714234281,Checkers,0,GAME_OVER,44,43,2,1521,1,RandomPlayerConfig,1,2,2,OSLA
-1744428321,Checkers,0,GAME_OVER,46,45,2,1522,1,RandomPlayerConfig,1,2,2,OSLA
1452779804,Checkers,0,GAME_OVER,36,35,2,1523,1,RandomPlayerConfig,1,2,2,OSLA
1560554700,Checkers,0,GAME_OVER,41,40,2,1524,1,RandomPlayerConfig,1,2,2,OSLA
267543713,Checkers,0,GAME_OVER,70,69,2,1525,1,RandomPlayerConfig,1,2,2,OSLA
-603061282,Checkers,0,GAME_OVER,37,36,2,1526,1,RandomPlayerConfig,1,2,2,OSLA
-1319271451,Checkers,0,GAME_OVER,43,42,2,1527,1,RandomPlayerConfig,1,2,2,OSLA
343401531,Checkers,0,GAME_OVER,39,38,2,1528,1,RandomPlayerConfig,1,2,2,OSLA
-1962222305,Checkers,0,GAME_OVER,46,45,2,1529,1,RandomPlayerConfig,1,2,2,OSLA
-693592698,Checkers,0,GAME_OVER,36,35,2,1530,1,RandomPlayerConfig,1,2,2,OSLA
1689540083,Checkers,0,GAME_OVER,39,38,2,1531,1,RandomPlayerConfig,1,2,2,OSLA
-2003835478,Checkers,0,GAME_OVER,43,42,2,1532,1,RandomPlayerConfig,1,2,2,OSLA
1783499042,Checkers,0,GAME_OVER,30,29,2,1533,1,RandomPlayerConfig,1,2,2,OSLA
-327792680,Checkers,0,GAME_OVER,40,39,2,1534,1,RandomPlayerConfig,1,2,2,OSLA
-1699980969,Checkers,0,GAME_OVER,41,40,2,1535,1,RandomPlayerConfig,1,2,2,OSLA
-1819810832,Checkers,0,GAME_OVER,41,40,2,1536,1,RandomPlayerConfig,1,2,2,OSLA
-841358386,Checkers,0,GAME_OVER,50,49,2,1537,1,RandomPlayerConfig,1,2,2,OSLA
2080587758,Checkers,0,GAME_OVER,40,39,2,1538,1,RandomPlayerConfig,1,2,2,OSLA
-1280415314,Checkers,0,GAME_OVER,62,61,2,1539,1,RandomPlayerConfig,1,2,2,OSLA
-1589158886,Checkers,0,GAME_OVER,41,40,2,1540,1,RandomPlayerConfig,1,2,2,OSLA
-938597046,Checkers,0,GAME_OVER,48,47,2,1541,1,RandomPlayerConfig,1,2,2,OSLA
116382727,Checkers,0,GAME_OVER,60,59,2,1542,1,RandomPlayerConfig,1,2,2,OSLA
1171531941,Checkers,0,GAME_OVER,40,39,2,1543,1,RandomPlayerConfig,1,2,2,OSLA
-1167607390,Checkers,0,GAME_OVER,39,38,2,1544,1,RandomPlayerConfig,1,2,2,OSLA
195060971,Checkers,0,GAME_OVER,39,38,2,1545,1,RandomPlayerConfig,1,2,2,OSLA
408906979,Checkers,0,GAME_OVER,30,29,2,1546,1,RandomPlayerConfig,1,2,2,OSLA
1778345663,Checkers,0,GAME_OVER,41,40,2,1547,1,RandomPlayerConfig,1,2,2,OSLA
-335803935,Checkers,0,GAME_OVER,38,37,2,1548,1,RandomPlayerConfig,1,2,2,OSLA
-1915897455,Checkers,0,GAME_OVER,44,43,2,1549,1,RandomPlayerConfig,1,2,2,OSLA
2120441937,Checkers,0,GAME_OVER,38,37,2,1550,1,RandomPlayerConfig,1,2,2,OSLA
-1476864939,Checkers,0,GAME_OVER,48,47,2,1551,1,RandomPlayerConfig,1,2,2,OSLA
190575297,Checkers,0,GAME_OVER,37,36,2,1552,1,RandomPlayerConfig,1,2,2,OSLA
-1017414575,Checkers,0,GAME_OVER,51,50,2,1553,1,RandomPlayerConfig,1,2,2,OSLA
-1721927419,Checkers,0,GAME_OVER,49,48,2,1554,1,RandomPlayerConfig,1,2,2,OSLA
1356480222,Checkers,0,GAME_OVER,43,42,2,1555,1,RandomPlayerConfig,1,2,2,OSLA
454746294,Checkers,0,GAME_OVER,40,39,2,1556,1,RandomPlayerConfig,1,2,2,OSLA
-1508961964,Checkers,0,GAME_OVER,37,36,2,1557,1,RandomPlayerConfig,1,2,2,OSLA
950874031,Checkers,0,GAME_OVER,39,38,2,1558,1,RandomPlayerConfig,1,2,2,OSLA
277405296,Checkers,0,GAME_OVER,42,41,2,1559,1,RandomPlayerConfig,1,2,2,OSLA
191864814,Checkers,0,GAME_OVER,40,39,2,1560,1,RandomPlayerConfig,1,2,2,OSLA
140434174,Checkers,0,GAME_OVER,42,41,2,1561,1,RandomPlayerConfig,1,2,2,OSLA
-1800826552,Checkers,0,GAME_OVER,45,44,2,1562,1,RandomPlayerConfig,1,2,2,OSLA
-1471645817,Checkers,0,GAME_OVER,42,41,2,1563,1,RandomPlayerConfig,1,2,2,OSLA
1944048838,Checkers,0,GAME_OVER,41,40,2,1564,1,RandomPlayerConfig,1,2,2,OSLA
1419557714,Checkers,0,GAME_OVER,45,44,2,1565,1,RandomPlayerConfig,1,2,2,OSLA
-466997586,Checkers,0,GAME_OVER,35,34,2,1566,1,RandomPlayerConfig,1,2,2,OSLA
-709339900,Checkers,0,GAME_OVER,44,43,2,1567,1,RandomPlayerConfig,1,2,2,OSLA
692455296,Checkers,0,GAME_OVER,39,38,2,1568,1,RandomPlayerConfig,1,2,2,OSLA
-1107507308,Checkers,0,GAME_OVER,46,45,2,1569,2,RandomPlayerConfig,2,1,1,OSLA
351727987,Checkers,0,GAME_OVER,60,59,2,1570,1,RandomPlayerConfig,1,2,2,OSLA
1595367031,Checkers,0,GAME_OVER,36,35,2,1571,1,RandomPlayerConfig,1,2,2,OSLA
562050867,Checkers,0,GAME_OVER,47,46,2,1572,1,RandomPlayerConfig,1,2,2,OSLA
450957871,Checkers,0,GAME_OVER,37,36,2,1573,1,RandomPlayerConfig,1,2,2,OSLA
-1415583247,Checkers,0,GAME_OVER,42,41,2,1574,1,RandomPlayerConfig,1,2,2,OSLA
-1749234016,Checkers,0,GAME_OVER,41,40,2,1575,1,RandomPlayerConfig,1,2,2,OSLA
142616578,Checkers,0,GAME_OVER,45,44,2,1576,1,RandomPlayerConfig,1,2,2,OSLA
855486169,Checkers,0,GAME_OVER,39,38,2,1577,1,RandomPlayerConfig,1,2,2,OSLA
1840999073,Checkers,0,GAME_OVER,42,41,2,1578,1,RandomPlayerConfig,1,2,2,OSLA
-1299755470,Checkers,0,GAME_OVER,37,36,2,1579,1,RandomPlayerConfig,1,2,2,OSLA
-799678320,Checkers,0,GAME_OVER,42,41,2,1580,1,RandomPlayerConfig,1,2,2,OSLA
-1082764044,Checkers,0,GAME_OVER,46,45,2,1581,1,RandomPlayerConfig,1,2,2,OSLA
2056914092,Checkers,0,GAME_OVER,39,38,2,1582,1,RandomPlayerConfig,1,2,2,OSLA
735868635,Checkers,0,GAME_OVER,41,40,2,1583,1,RandomPlayerConfig,1,2,2,OSLA
-1570764109,Checkers,0,GAME_OVER,54,53,2,1584,1,RandomPlayerConfig,1,2,2,OSLA
-783727561,Checkers,0,GAME_OVER,38,37,2,1585,1,RandomPlayerConfig,1,2,2,OSLA
-278578750,Checkers,0,GAME_OVER,45,44,2,1586,1,RandomPlayerConfig,1,2,2,OSLA
99549824,Checkers,0,GAME_OVER,43,42,2,1587,1,RandomPlayerConfig,1,2,2,OSLA
576007015,Checkers,0,GAME_OVER,37,36,2,1588,1,RandomPlayerConfig,1,2,2,OSLA
-781103219,Checkers,0,GAME_OVER,55,54,2,1589,1,RandomPlayerConfig,1,2,2,OSLA
1301739307,Checkers,0,GAME_OVER,41,40,2,1590,1,RandomPlayerConfig,1,2,2,OSLA
-1868420403,Checkers,0,GAME_OVER,42,41,2,1591,1,RandomPlayerConfig,1,2,2,OSLA
1469310468,Checkers,0,GAME_OVER,46,45,2,1592,1,RandomPlayerConfig,1,2,2,OSLA
6500924,Checkers,0,GAME_OVER,39,38,2,1593,1,RandomPlayerConfig,1,2,2,OSLA
319106587,Checkers,0,GAME_OVER,41,40,2,1594,1,RandomPlayerConfig,1,2,2,OSLA
-691733268,Checkers,0,GAME_OVER,41,40,2,1595,1,RandomPlayerConfig,1,2,2,OSLA
-1386758477,Checkers,0,GAME_OVER,45,44,2,1596,1,RandomPlayerConfig,1,2,2,OSLA
-836201654,Checkers,0,GAME_OVER,38,37,2,1597,1,RandomPlayerConfig,1,2,2,OSLA
1520311625,Checkers,0,GAME_OVER,43,42,2,1598,1,RandomPlayerConfig,1,2,2,OSLA
1690871187,Checkers,0,GAME_OVER,48,47,2,1599,1,RandomPlayerConfig,1,2,2,OSLA
-497872866,Checkers,0,GAME_OVER,46,45,2,1600,1,RandomPlayerConfig,1,2,2,OSLA
-878879973,Checkers,0,GAME_OVER,38,37,2,1601,1,RandomPlayerConfig,1,2,2,OSLA
-1176337153,Checkers,0,GAME_OVER,76,75,2,1602,1,RandomPlayerConfig,1,2,2,RandomPlayerConfig
-1203383237,Checkers,0,GAME_OVER,37,36,2,1603,1,RandomPlayerConfig,1,2,2,RandomPlayerConfig
-731044798,Checkers,0,GAME_OVER,74,73,2,1604,2,RandomPlayerConfig,2,1,1,RandomPlayerConfig
-214896742,Checkers,0,GAME_OVER,50,49,2,1605,1,RandomPlayerConfig,1,2,2,RandomPlayerConfig
904131606,Checkers,0,GAME_OVER,47,46,2,1606,2,RandomPlayerConfig,2,1,1,RandomPlayerConfig
-836935709,Checkers,0,GAME_OVER,40,39,2,1607,2,RandomPlayerConfig,2,1,1,RandomPlayerConfig
-722893542,Checkers,0,GAME_OVER,72,71,2,1608,2,RandomPlayerConfig,2,1,1,RandomPlayerConfig
1340300709,Checkers,0,GAME_OVER,41,40,2,1609,2,RandomPlayerConfig,2,1,1,RandomPlayerConfig
-2124934750,Checkers,0,GAME_OVER,39,38,2,1610,1,RandomPlayerConfig,1,2,2,RandomPlayerConfig
-35611374,Checkers,0,GAME_OVER,74,73,2,1611,2,RandomPlayerConfig,2,1,1,RandomPlayerConfig
286717860,Checkers,0,GAME_OVER,53,52,2,1612,2,RandomPlayerConfig,2,1,1,RandomPlayerConfig
59274752,Checkers,0,GAME_OVER,61,60,2,1613,2,RandomPlayerConfig,2,1,1,RandomPlayerConfig
-1426514565,Checkers,0,GAME_OVER,55,54,2,1614,1,RandomPlayerConfig,1,2,2,RandomPlayerConfig
1638937389,Checkers,0,GAME_OVER,57,56,2,1615,1,RandomPlayerConfig,1,2,2,RandomPlayerConfig
-313547086,Checkers,0,GAME_OVER,43,42,2,1616,2,RandomPlayerConfig,2,1,1,RandomPlayerConfig
-1292871560,Checkers,0,GAME_OVER,99,98,2,1617,2,RandomPlayerConfig,2,1,1,RandomPlayerConfig
141710200,Checkers,0,GAME_OVER,50,49,2,1618,1,RandomPlayerConfig,1,2,2,RandomPlayerConfig
-173761553,Checkers,0,GAME_OVER,61,60,2,1619,2,RandomPlayerConfig,2,1,1,RandomPlayerConfig
-527106957,Checkers,0,GAME_OVER,66,65,2,1620,2,RandomPlayerConfig,2,1,1,RandomPlayerConfig
2086646756,Checkers,0,GAME_OVER,45,44,2,1621,2,RandomPlayerConfig,2,1,1,RandomPlayerConfig
-616978944,Checkers,0,GAME_OVER,74,73,2,1622,2,RandomPlayerConfig,2,1,1,RandomPlayerConfig
-1097626520,Checkers,0,GAME_OVER,55,54,2,1623,2,RandomPlayerConfig,2,1,1,RandomPlayerConfig
-1700335317,Checkers,0,GAME_OVER,44,43,2,1624,2,RandomPlayerConfig,2,1,1,RandomPlayerConfig
-970850095,Checkers,0,GAME_OVER,39,38,2,1625,1,RandomPlayerConfig,1,2,2,RandomPlayerConfig
-323875359,Checkers,0,GAME_OVER,46,45,2,1626,2,RandomPlayerConfig,2,1,1,RandomPlayerConfig
-2016122297,Checkers,0,GAME_OVER,41,40,2,1627,2,RandomPlayerConfig,2,1,1,RandomPlayerConfig
1689588006,Checkers,0,GAME_OVER,46,45,2,1628,1,RandomPlayerConfig,1,2,2,RandomPlayerConfig
-1976417695,Checkers,0,GAME_OVER,57,56,2,1629,1,RandomPlayerConfig,1,2,2,RandomPlayerConfig
-326991008,Checkers,0,GAME_OVER,53,52,2,1630,1,RandomPlayerConfig,1,2,2,RandomPlayerConfig
679498075,Checkers,0,GAME_OVER,48,47,2,1631,1,RandomPlayerConfig,1,2,2,RandomPlayerConfig
-1337627158,Checkers,0,GAME_OVER,38,37,2,1632,1,RandomPlayerConfig,1,2,2,RandomPlayerConfig
523530607,Checkers,0,GAME_OVER,51,50,2,1633,1,RandomPlayerConfig,1,2,2,RandomPlayerConfig
372962448,Checkers,0,GAME_OVER,57,56,2,1634,2,RandomPlayerConfig,2,1,1,RandomPlayerConfig
762211670,Checkers,0,GAME_OVER,53,52,2,1635,1,RandomPlayerConfig,1,2,2,RandomPlayerConfig
-386077013,Checkers,0,GAME_OVER,85,84,2,1636,1,RandomPlayerConfig,1,2,2,RandomPlayerConfig
1173878263,Checkers,0,GAME_OVER,49,48,2,1637,2,RandomPlayerConfig,2,1,1,RandomPlayerConfig
-886977305,Checkers,0,GAME_OVER,44,43,2,1638,2,RandomPlayerConfig,2,1,1,RandomPlayerConfig
1375054804,Checkers,0,GAME_OVER,40,39,2,1639,1,RandomPlayerConfig,1,2,2,RandomPlayerConfig
2025305091,Checkers,0,GAME_OVER,64,63,2,1640,1,RandomPlayerConfig,1,2,2,RandomPlayerConfig
-748825931,Checkers,0,GAME_OVER,37,36,2,1641,2,RandomPlayerConfig,2,1,1,RandomPlayerConfig
664396301,Checkers,0,GAME_OVER,52,51,2,1642,2,RandomPlayerConfig,2,1,1,RandomPlayerConfig
-628553061,Checkers,0,GAME_OVER,77,76,2,1643,1,RandomPlayerConfig,1,2,2,RandomPlayerConfig
-384335134,Checkers,0,GAME_OVER,43,42,2,1644,2,RandomPlayerConfig,2,1,1,RandomPlayerConfig
520316683,Checkers,0,GAME_OVER,51,50,2,1645,1,RandomPlayerConfig,1,2,2,RandomPlayerConfig
37345783,Checkers,0,GAME_OVER,56,55,2,1646,1,RandomPlayerConfig,1,2,2,RandomPlayerConfig
-1445722588,Checkers,0,GAME_OVER,49,48,2,1647,2,RandomPlayerConfig,2,1,1,RandomPlayerConfig
-979801406,Checkers,0,GAME_OVER,48,47,2,1648,1,RandomPlayerConfig,1,2,2,RandomPlayerConfig
163375911,Checkers,0,GAME_OVER,45,44,2,1649,2,RandomPlayerConfig,2,1,1,RandomPlayerConfig
1655397940,Checkers,0,GAME_OVER,42,41,2,1650,1,RandomPlayerConfig,1,2,2,RandomPlayerConfig
-1890522022,Checkers,0,GAME_OVER,42,41,2,1651,1,RandomPlayerConfig,1,2,2,RandomPlayerConfig
1688410911,Checkers,0,GAME_OVER,49,48,2,1652,1,RandomPlayerConfig,1,2,2,RandomPlayerConfig
-235337115,Checkers,0,GAME_OVER,52,51,2,1653,2,RandomPlayerConfig,2,1,1,RandomPlayerConfig
419016838,Checkers,0,GAME_OVER,55,54,2,1654,2,RandomPlayerConfig,2,1,1,RandomPlayerConfig
-1649731680,Checkers,0,GAME_OVER,45,44,2,1655,2,RandomPlayerConfig,2,1,1,RandomPlayerConfig
-804545498,Checkers,0,GAME_OVER,40,39,2,1656,1,RandomPlayerConfig,1,2,2,RandomPlayerConfig
-371638287,Checkers,0,GAME_OVER,65,64,2,1657,2,RandomPlayerConfig,2,1,1,RandomPlayerConfig
1214018740,Checkers,0,GAME_OVER,44,43,2,1658,1,RandomPlayerConfig,1,2,2,RandomPlayerConfig
1541101081,Checkers,0,GAME_OVER,40,39,2,1659,2,RandomPlayerConfig,2,1,1,RandomPlayerConfig
1571446444,Checkers,0,GAME_OVER,53,52,2,1660,2,RandomPlayerConfig,2,1,1,RandomPlayerConfig
-2124359248,Checkers,0,GAME_OVER,50,49,2,1661,2,RandomPlayerConfig,2,1,1,RandomPlayerConfig
470074270,Checkers,0,GAME_OVER,51,50,2,1662,2,RandomPlayerConfig,2,1,1,RandomPlayerConfig
-301137630,Checkers,0,GAME_OVER,42,41,2,1663,2,RandomPlayerConfig,2,1,1,RandomPlayerConfig
296933217,Checkers,0,GAME_OVER,50,49,2,1664,2,RandomPlayerConfig,2,1,1,RandomPlayerConfig
550946144,Checkers,0,GAME_OVER,74,73,2,1665,1,RandomPlayerConfig,1,2,2,RandomPlayerConfig
1983896466,Checkers,0,GAME_OVER,58,57,2,1666,1,RandomPlayerConfig,1,2,2,RandomPlayerConfig
926845219,Checkers,0,GAME_OVER,71,70,2,1667,2,RandomPlayerConfig,2,1,1,RandomPlayerConfig
-28174011,Checkers,0,GAME_OVER,44,43,2,1668,1,RandomPlayerConfig,1,2,2,RandomPlayerConfig
1385466877,Checkers,0,GAME_OVER,42,41,2,1669,2,RandomPlayerConfig,2,1,1,RandomPlayerConfig
-878444067,Checkers,0,GAME_OVER,52,51,2,1670,1,RandomPlayerConfig,1,2,2,RandomPlayerConfig
-898074233,Checkers,0,GAME_OVER,53,52,2,1671,1,RandomPlayerConfig,1,2,2,RandomPlayerConfig
-1855511719,Checkers,0,GAME_OVER,44,43,2,1672,1,RandomPlayerConfig,1,2,2,RandomPlayerConfig
708779878,Checkers,0,GAME_OVER,46,45,2,1673,2,RandomPlayerConfig,2,1,1,RandomPlayerConfig
-365860445,Checkers,0,GAME_OVER,85,84,2,1674,1,RandomPlayerConfig,1,2,2,RandomPlayerConfig
-425576184,Checkers,0,GAME_OVER,54,53,2,1675,2,RandomPlayerConfig,2,1,1,RandomPlayerConfig
696636826,Checkers,0,GAME_OVER,71,70,2,1676,2,RandomPlayerConfig,2,1,1,RandomPlayerConfig
-938713536,Checkers,0,GAME_OVER,52,51,2,1677,2,RandomPlayerConfig,2,1,1,RandomPlayerConfig
-1600506893,Checkers,0,GAME_OVER,41,40,2,1678,2,RandomPlayerConfig,2,1,1,RandomPlayerConfig
-894694865,Checkers,0,GAME_OVER,50,49,2,1679,1,RandomPlayerConfig,1,2,2,RandomPlayerConfig
-1711292118,Checkers,0,GAME_OVER,46,45,2,1680,2,RandomPlayerConfig,2,1,1,RandomPlayerConfig
-2088603110,Checkers,0,GAME_OVER,85,84,2,1681,2,RandomPlayerConfig,2,1,1,RandomPlayerConfig
-511582955,Checkers,0,GAME_OVER,48,47,2,1682,2,RandomPlayerConfig,2,1,1,RandomPlayerConfig
1429868571,Checkers,0,GAME_OVER,42,41,2,1683,2,RandomPlayerConfig,2,1,1,RandomPlayerConfig
699221968,Checkers,0,GAME_OVER,59,58,2,1684,2,RandomPlayerConfig,2,1,1,RandomPlayerConfig
-1337168942,Checkers,0,GAME_OVER,65,64,2,1685,1,RandomPlayerConfig,1,2,2,RandomPlayerConfig
2058726182,Checkers,0,GAME_OVER,40,39,2,1686,2,RandomPlayerConfig,2,1,1,RandomPlayerConfig
57957248,Checkers,0,GAME_OVER,44,43,2,1687,2,RandomPlayerConfig,2,1,1,RandomPlayerConfig
1961148066,Checkers,0,GAME_OVER,47,46,2,1688,1,RandomPlayerConfig,1,2,2,RandomPlayerConfig
-208551370,Checkers,0,GAME_OVER,81,80,2,1689,2,RandomPlayerConfig,2,1,1,RandomPlayerConfig
-26938906,Checkers,0,GAME_OVER,44,43,2,1690,2,RandomPlayerConfig,2,1,1,RandomPlayerConfig
710689778,Checkers,0,GAME_OVER,63,62,2,1691,1,RandomPlayerConfig,1,2,2,RandomPlayerConfig
-944470016,Checkers,0,GAME_OVER,41,40,2,1692,2,RandomPlayerConfig,2,1,1,RandomPlayerConfig
1727305453,Checkers,0,GAME_OVER,42,41,2,1693,2,RandomPlayerConfig,2,1,1,RandomPlayerConfig
1434009552,Checkers,0,GAME_OVER,41,40,2,1694,1,RandomPlayerConfig,1,2,2,RandomPlayerConfig
1699189091,Checkers,0,GAME_OVER,46,45,2,1695,2,RandomPlayerConfig,2,1,1,RandomPlayerConfig
-1924114236,Checkers,0,GAME_OVER,65,64,2,1696,2,RandomPlayerConfig,2,1,1,RandomPlayerConfig
439674264,Checkers,0,GAME_OVER,68,67,2,1697,2,RandomPlayerConfig,2,1,1,RandomPlayerConfig
1000065131,Checkers,0,GAME_OVER,50,49,2,1698,1,RandomPlayerConfig,1,2,2,RandomPlayerConfig
522598890,Checkers,0,GAME_OVER,49,48,2,1699,2,RandomPlayerConfig,2,1,1,RandomPlayerConfig
1408310455,Checkers,0,GAME_OVER,48,47,2,1700,2,RandomPlayerConfig,2,1,1,RandomPlayerConfig
330629427,Checkers,0,GAME_OVER,49,48,2,1701,2,RandomPlayerConfig,2,1,1,RandomPlayerConfig
-797532192,Checkers,0,GAME_OVER,70,69,2,1702,2,RandomPlayerConfig,2,1,1,RandomPlayerConfig
1262467013,Checkers,0,GAME_OVER,46,45,2,1703,2,RandomPlayerConfig,2,1,1,RandomPlayerConfig
1416244806,Checkers,0,GAME_OVER,110,109,2,1704,1,RandomPlayerConfig,1,1,1,RandomPlayerConfig
-1929509951,Checkers,0,GAME_OVER,39,38,2,1705,1,RandomPlayerConfig,1,2,2,RandomPlayerConfig
2073402315,Checkers,0,GAME_OVER,74,73,2,1706,2,RandomPlayerConfig,2,1,1,RandomPlayerConfig
-1855898719,Checkers,0,GAME_OVER,35,34,2,1707,2,RandomPlayerConfig,2,1,1,RandomPlayerConfig
296605045,Checkers,0,GAME_OVER,64,63,2,1708,2,RandomPlayerConfig,2,1,1,RandomPlayerConfig
-1993796568,Checkers,0,GAME_OVER,49,48,2,1709,1,RandomPlayerConfig,1,2,2,RandomPlayerConfig
-1305219755,Checkers,0,GAME_OVER,94,93,2,1710,1,RandomPlayerConfig,1,2,2,RandomPlayerConfig
-1589231848,Checkers,0,GAME_OVER,75,74,2,1711,2,RandomPlayerConfig,2,1,1,RandomPlayerConfig
1504068114,Checkers,0,GAME_OVER,51,50,2,1712,2,RandomPlayerConfig,2,1,1,RandomPlayerConfig
-503536039,Checkers,0,GAME_OVER,56,55,2,1713,1,RandomPlayerConfig,1,2,2,RandomPlayerConfig
763414658,Checkers,0,GAME_OVER,43,42,2,1714,2,RandomPlayerConfig,2,1,1,RandomPlayerConfig
362363770,Checkers,0,GAME_OVER,78,77,2,1715,2,RandomPlayerConfig,2,1,1,RandomPlayerConfig
90666286,Checkers,0,GAME_OVER,55,54,2,1716,2,RandomPlayerConfig,2,1,1,RandomPlayerConfig
-1009051213,Checkers,0,GAME_OVER,60,59,2,1717,1,RandomPlayerConfig,1,2,2,RandomPlayerConfig
-843666233,Checkers,0,GAME_OVER,71,70,2,1718,1,RandomPlayerConfig,1,2,2,RandomPlayerConfig
1350731983,Checkers,0,GAME_OVER,50,49,2,1719,1,RandomPlayerConfig,1,2,2,RandomPlayerConfig
1309789641,Checkers,0,GAME_OVER,46,45,2,1720,1,RandomPlayerConfig,1,2,2,RandomPlayerConfig
714234281,Checkers,0,GAME_OVER,36,35,2,1721,2,RandomPlayerConfig,2,1,1,RandomPlayerConfig
-1744428321,Checkers,0,GAME_OVER,36,35,2,1722,2,RandomPlayerConfig,2,1,1,RandomPlayerConfig
1452779804,Checkers,0,GAME_OVER,49,48,2,1723,2,RandomPlayerConfig,2,1,1,RandomPlayerConfig
1560554700,Checkers,0,GAME_OVER,62,61,2,1724,1,RandomPlayerConfig,1,2,2,RandomPlayerConfig
267543713,Checkers,0,GAME_OVER,48,47,2,1725,2,RandomPlayerConfig,2,1,1,RandomPlayerConfig
-603061282,Checkers,0,GAME_OVER,57,56,2,1726,2,RandomPlayerConfig,2,1,1,RandomPlayerConfig
-1319271451,Checkers,0,GAME_OVER,41,40,2,1727,2,RandomPlayerConfig,2,1,1,RandomPlayerConfig
343401531,Checkers,0,GAME_OVER,53,52,2,1728,2,RandomPlayerConfig,2,1,1,RandomPlayerConfig
-1962222305,Checkers,0,GAME_OVER,36,35,2,1729,2,RandomPlayerConfig,2,1,1,RandomPlayerConfig
-693592698,Checkers,0,GAME_OVER,44,43,2,1730,1,RandomPlayerConfig,1,2,2,RandomPlayerConfig
1689540083,Checkers,0,GAME_OVER,39,38,2,1731,2,RandomPlayerConfig,2,1,1,RandomPlayerConfig
-2003835478,Checkers,0,GAME_OVER,38,37,2,1732,1,RandomPlayerConfig,1,2,2,RandomPlayerConfig
1783499042,Checkers,0,GAME_OVER,57,56,2,1733,2,RandomPlayerConfig,2,1,1,RandomPlayerConfig
-327792680,Checkers,0,GAME_OVER,34,33,2,1734,1,RandomPlayerConfig,1,2,2,RandomPlayerConfig
-1699980969,Checkers,0,GAME_OVER,53,52,2,1735,2,RandomPlayerConfig,2,1,1,RandomPlayerConfig
-1819810832,Checkers,0,GAME_OVER,48,47,2,1736,1,RandomPlayerConfig,1,2,2,RandomPlayerConfig
-841358386,Checkers,0,GAME_OVER,61,60,2,1737,1,RandomPlayerConfig,1,2,2,RandomPlayerConfig
2080587758,Checkers,0,GAME_OVER,68,67,2,1738,1,RandomPlayerConfig,1,2,2,RandomPlayerConfig
-1280415314,Checkers,0,GAME_OVER,50,49,2,1739,1,RandomPlayerConfig,1,2,2,RandomPlayerConfig
-1589158886,Checkers,0,GAME_OVER,43,42,2,1740,1,RandomPlayerConfig,1,2,2,RandomPlayerConfig
-938597046,Checkers,0,GAME_OVER,45,44,2,1741,2,RandomPlayerConfig,2,1,1,RandomPlayerConfig
116382727,Checkers,0,GAME_OVER,43,42,2,1742,2,RandomPlayerConfig,2,1,1,RandomPlayerConfig
1171531941,Checkers,0,GAME_OVER,58,57,2,1743,1,RandomPlayerConfig,1,2,2,RandomPlayerConfig
-1167607390,Checkers,0,GAME_OVER,52,51,2,1744,1,RandomPlayerConfig,1,2,2,RandomPlayerConfig
195060971,Checkers,0,GAME_OVER,81,80,2,1745,1,RandomPlayerConfig,1,2,2,RandomPlayerConfig
408906979,Checkers,0,GAME_OVER,89,88,2,1746,2,RandomPlayerConfig,2,1,1,RandomPlayerConfig
1778345663,Checkers,0,GAME_OVER,58,57,2,1747,1,RandomPlayerConfig,1,2,2,RandomPlayerConfig
-335803935,Checkers,0,GAME_OVER,55,54,2,1748,2,RandomPlayerConfig,2,1,1,RandomPlayerConfig
-1915897455,Checkers,0,GAME_OVER,45,44,2,1749,1,RandomPlayerConfig,1,2,2,RandomPlayerConfig
2120441937,Checkers,0,GAME_OVER,65,64,2,1750,1,RandomPlayerConfig,1,2,2,RandomPlayerConfig
-1476864939,Checkers,0,GAME_OVER,46,45,2,1751,1,RandomPlayerConfig,1,2,2,RandomPlayerConfig
190575297,Checkers,0,GAME_OVER,49,48,2,1752,1,RandomPlayerConfig,1,2,2,RandomPlayerConfig
-1017414575,Checkers,0,GAME_OVER,58,57,2,1753,2,RandomPlayerConfig,2,1,1,RandomPlayerConfig
-1721927419,Checkers,0,GAME_OVER,42,41,2,1754,2,RandomPlayerConfig,2,1,1,RandomPlayerConfig
1356480222,Checkers,0,GAME_OVER,55,54,2,1755,1,RandomPlayerConfig,1,2,2,RandomPlayerConfig
454746294,Checkers,0,GAME_OVER,44,43,2,1756,1,RandomPlayerConfig,1,2,2,RandomPlayerConfig
-1508961964,Checkers,0,GAME_OVER,45,44,2,1757,2,RandomPlayerConfig,2,1,1,RandomPlayerConfig
950874031,Checkers,0,GAME_OVER,74,73,2,1758,2,RandomPlayerConfig,2,1,1,RandomPlayerConfig
277405296,Checkers,0,GAME_OVER,75,74,2,1759,1,RandomPlayerConfig,1,2,2,RandomPlayerConfig
191864814,Checkers,0,GAME_OVER,42,41,2,1760,2,RandomPlayerConfig,2,1,1,RandomPlayerConfig
140434174,Checkers,0,GAME_OVER,63,62,2,1761,2,RandomPlayerConfig,2,1,1,RandomPlayerConfig
-1800826552,Checkers,0,GAME_OVER,68,67,2,1762,2,RandomPlayerConfig,2,1,1,RandomPlayerConfig
-1471645817,Checkers,0,GAME_OVER,55,54,2,1763,1,RandomPlayerConfig,1,2,2,RandomPlayerConfig
1944048838,Checkers,0,GAME_OVER,72,71,2,1764,2,RandomPlayerConfig,2,1,1,RandomPlayerConfig
1419557714,Checkers,0,GAME_OVER,86,85,2,1765,1,RandomPlayerConfig,1,2,2,RandomPlayerConfig
-466997586,Checkers,0,GAME_OVER,65,64,2,1766,1,RandomPlayerConfig,1,2,2,RandomPlayerConfig
-709339900,Checkers,0,GAME_OVER,62,61,2,1767,1,RandomPlayerConfig,1,2,2,RandomPlayerConfig
692455296,Checkers,0,GAME_OVER,45,44,2,1768,1,RandomPlayerConfig,1,2,2,RandomPlayerConfig
-1107507308,Checkers,0,GAME_OVER,36,35,2,1769,1,RandomPlayerConfig,1,2,2,RandomPlayerConfig
351727987,Checkers,0,GAME_OVER,48,47,2,1770,2,RandomPlayerConfig,2,1,1,RandomPlayerConfig
1595367031,Checkers,0,GAME_OVER,57,56,2,1771,1,RandomPlayerConfig,1,2,2,RandomPlayerConfig
562050867,Checkers,0,GAME_OVER,72,71,2,1772,2,RandomPlayerConfig,2,1,1,RandomPlayerConfig
450957871,Checkers,0,GAME_OVER,45,44,2,1773,2,RandomPlayerConfig,2,1,1,RandomPlayerConfig
-1415583247,Checkers,0,GAME_OVER,96,95,2,1774,1,RandomPlayerConfig,1,2,2,RandomPlayerConfig
-1749234016,Checkers,0,GAME_OVER,48,47,2,1775,1,RandomPlayerConfig,1,2,2,RandomPlayerConfig
142616578,Checkers,0,GAME_OVER,47,46,2,1776,2,RandomPlayerConfig,2,1,1,RandomPlayerConfig
855486169,Checkers,0,GAME_OVER,48,47,2,1777,2,RandomPlayerConfig,2,1,1,RandomPlayerConfig
1840999073,Checkers,0,GAME_OVER,44,43,2,1778,1,RandomPlayerConfig,1,2,2,RandomPlayerConfig
-1299755470,Checkers,0,GAME_OVER,55,54,2,1779,2,RandomPlayerConfig,2,1,1,RandomPlayerConfig
-799678320,Checkers,0,GAME_OVER,45,44,2,1780,2,RandomPlayerConfig,2,1,1,RandomPlayerConfig
-1082764044,Checkers,0,GAME_OVER,43,42,2,1781,2,RandomPlayerConfig,2,1,1,RandomPlayerConfig
2056914092,Checkers,0,GAME_OVER,64,63,2,1782,1,RandomPlayerConfig,1,2,2,RandomPlayerConfig
735868635,Checkers,0,GAME_OVER,46,45,2,1783,1,RandomPlayerConfig,1,2,2,RandomPlayerConfig
-1570764109,Checkers,0,GAME_OVER,53,52,2,1784,2,RandomPlayerConfig,2,1,1,RandomPlayerConfig
-783727561,Checkers,0,GAME_OVER,84,83,2,1785,1,RandomPlayerConfig,1,2,2,RandomPlayerConfig
-278578750,Checkers,0,GAME_OVER,44,43,2,1786,1,RandomPlayerConfig,1,2,2,RandomPlayerConfig
99549824,Checkers,0,GAME_OVER,44,43,2,1787,2,RandomPlayerConfig,2,1,1,RandomPlayerConfig
576007015,Checkers,0,GAME_OVER,62,61,2,1788,2,RandomPlayerConfig,2,1,1,RandomPlayerConfig
-781103219,Checkers,0,GAME_OVER,48,47,2,1789,1,RandomPlayerConfig,1,2,2,RandomPlayerConfig
1301739307,Checkers,0,GAME_OVER,65,64,2,1790,1,RandomPlayerConfig,1,2,2,RandomPlayerConfig
-1868420403,Checkers,0,GAME_OVER,53,52,2,1791,2,RandomPlayerConfig,2,1,1,RandomPlayerConfig
1469310468,Checkers,0,GAME_OVER,95,94,2,1792,2,RandomPlayerConfig,2,1,1,RandomPlayerConfig
6500924,Checkers,0,GAME_OVER,49,48,2,1793,2,RandomPlayerConfig,2,1,1,RandomPlayerConfig
319106587,Checkers,0,GAME_OVER,49,48,2,1794,2,RandomPlayerConfig,2,1,1,RandomPlayerConfig
-691733268,Checkers,0,GAME_OVER,48,47,2,1795,1,RandomPlayerConfig,1,2,2,RandomPlayerConfig
-1386758477,Checkers,0,GAME_OVER,71,70,2,1796,2,RandomPlayerConfig,2,1,1,RandomPlayerConfig
-836201654,Checkers,0,GAME_OVER,91,90,2,1797,2,RandomPlayerConfig,2,1,1,RandomPlayerConfig
1520311625,Checkers,0,GAME_OVER,67,66,2,1798,2,RandomPlayerConfig,2,1,1,RandomPlayerConfig
1690871187,Checkers,0,GAME_OVER,39,38,2,1799,1,RandomPlayerConfig,1,2,2,RandomPlayerConfig
-497872866,Checkers,0,GAME_OVER,43,42,2,1800,2,RandomPlayerConfig,2,1,1,RandomPlayerConfig
-878879973,Checkers,0,GAME_OVER,55,54,2,1801,1,RandomPlayerConfig,1,2,2,RandomPlayerConfig
