GameSeed,GameName,Round,Event,Tick,Turn,PlayerCount,GameID,Player-1 rank,PlayerName-0,Player-1,Player-0,Player-0 rank,PlayerName-1
-404168193,Checkers,0,GAME_OVER,23,22,2,2,2,MCTS_CheckersHeuristic,2,1,1,MCTS_CheckersHeuristic
-387014737,Checkers,0,GAME_OVER,25,24,2,3,1,MCTS_CheckersHeuristic,1,2,2,MCTS_CheckersHeuristic
357572797,Checkers,0,GAME_OVER,61,60,2,4,1,MCTS_CheckersHeuristic,1,1,1,MCTS_CheckersHeuristic
-1920641588,Checkers,0,GAME_OVER,63,62,2,5,1,MCTS_CheckersHeuristic,1,1,1,MCTS_CheckersHeuristic
-453948078,Checkers,0,GAME_OVER,26,25,2,6,2,MCTS_CheckersHeuristic,2,1,1,MCTS_CheckersHeuristic
728410788,Checkers,0,GAME_OVER,59,58,2,7,1,MCTS_CheckersHeuristic,1,1,1,MCTS_CheckersHeuristic
-900145433,Checkers,0,GAME_OVER,82,81,2,8,1,MCTS_CheckersHeuristic,1,1,1,MCTS_CheckersHeuristic
344606389,Checkers,0,GAME_OVER,62,61,2,9,1,MCTS_CheckersHeuristic,1,1,1,MCTS_CheckersHeuristic
-1335101607,Checkers,0,GAME_OVER,23,22,2,10,1,MCTS_CheckersHeuristic,1,2,2,MCTS_CheckersHeuristic
-827583292,Checkers,0,GAME_OVER,23,22,2,11,2,MCTS_CheckersHeuristic,2,1,1,MCTS_CheckersHeuristic
473978057,Checkers,0,GAME_OVER,35,34,2,12,2,MCTS_CheckersHeuristic,2,1,1,MCTS_CheckersHeuristic
-1118339258,Checkers,0,GAME_OVER,28,27,2,13,2,MCTS_CheckersHeuristic,2,1,1,MCTS_CheckersHeuristic
36298063,Checkers,0,GAME_OVER,39,38,2,14,1,MCTS_CheckersHeuristic,1,2,2,MCTS_CheckersHeuristic
-58081034,Checkers,0,GAME_OVER,66,65,2,15,1,MCTS_CheckersHeuristic,1,1,1,MCTS_CheckersHeuristic
1068116273,Checkers,0,GAME_OVER,72,71,2,16,1,MCTS_CheckersHeuristic,1,1,1,MCTS_CheckersHeuristic
-2078364872,Checkers,0,GAME_OVER,63,62,2,17,1,MCTS_CheckersHeuristic,1,1,1,MCTS_CheckersHeuristic
971111684,Checkers,0,GAME_OVER,43,42,2,18,1,MCTS_CheckersHeuristic,1,2,2,MCTS_CheckersHeuristic
929425713,Checkers,0,GAME_OVER,26,25,2,19,2,MCTS_CheckersHeuristic,2,1,1,MCTS_CheckersHeuristic
1804473508,Checkers,0,GAME_OVER,33,32,2,20,2,MCTS_CheckersHeuristic,2,1,1,MCTS_CheckersHeuristic
1765188812,Checkers,0,GAME_OVER,79,78,2,21,1,MCTS_CheckersHeuristic,1,1,1,MCTS_CheckersHeuristic
1915732207,Checkers,0,GAME_OVER,34,33,2,22,2,MCTS_CheckersHeuristic,2,1,1,MCTS_CheckersHeuristic
793339,Checkers,0,GAME_OVER,28,27,2,23,2,MCTS_CheckersHeuristic,2,1,1,MCTS_CheckersHeuristic
726334869,Checkers,0,GAME_OVER,69,68,2,24,1,MCTS_CheckersHeuristic,1,1,1,MCTS_CheckersHeuristic
-1501221137,Checkers,0,GAME_OVER,31,30,2,25,2,MCTS_CheckersHeuristic,2,1,1,MCTS_CheckersHeuristic
218339721,Checkers,0,GAME_OVER,24,23,2,26,2,MCTS_CheckersHeuristic,2,1,1,MCTS_CheckersHeuristic
-53217236,Checkers,0,GAME_OVER,28,27,2,27,2,MCTS_CheckersHeuristic,2,1,1,MCTS_CheckersHeuristic
-296541228,Checkers,0,GAME_OVER,68,67,2,28,1,MCTS_CheckersHeuristic,1,1,1,MCTS_CheckersHeuristic
835169688,Checkers,0,GAME_OVER,61,60,2,29,1,MCTS_CheckersHeuristic,1,1,1,MCTS_CheckersHeuristic
913528792,Checkers,0,GAME_OVER,26,25,2,30,2,MCTS_CheckersHeuristic,2,1,1,MCTS_CheckersHeuristic
-1238843401,Checkers,0,GAME_OVER,71,70,2,31,1,MCTS_CheckersHeuristic,1,1,1,MCTS_CheckersHeuristic
-626323644,Checkers,0,GAME_OVER,55,54,2,32,1,MCTS_CheckersHeuristic,1,1,1,MCTS_CheckersHeuristic
-1929084812,Checkers,0,GAME_OVER,70,69,2,33,1,MCTS_CheckersHeuristic,1,1,1,MCTS_CheckersHeuristic
1134370121,Checkers,0,GAME_OVER,65,64,2,34,1,MCTS_CheckersHeuristic,1,1,1,MCTS_CheckersHeuristic
-804133846,Checkers,0,GAME_OVER,108,107,2,35,1,MCTS_CheckersHeuristic,1,1,1,MCTS_CheckersHeuristic
-1797507631,Checkers,0,GAME_OVER,32,31,2,36,2,MCTS_CheckersHeuristic,2,1,1,MCTS_CheckersHeuristic
2128929733,Checkers,0,GAME_OVER,31,30,2,37,2,MCTS_CheckersHeuristic,2,1,1,MCTS_CheckersHeuristic
-81201981,Checkers,0,GAME_OVER,37,36,2,38,1,MCTS_CheckersHeuristic,1,2,2,MCTS_CheckersHeuristic
-816238924,Checkers,0,GAME_OVER,22,21,2,39,2,MCTS_CheckersHeuristic,2,1,1,MCTS_CheckersHeuristic
-2070442848,Checkers,0,GAME_OVER,80,79,2,40,1,MCTS_CheckersHeuristic,1,1,1,MCTS_CheckersHeuristic
1313962887,Checkers,0,GAME_OVER,61,60,2,41,1,MCTS_CheckersHeuristic,1,1,1,MCTS_CheckersHeuristic
421685496,Checkers,0,GAME_OVER,28,27,2,42,1,MCTS_CheckersHeuristic,1,2,2,MCTS_CheckersHeuristic
665795432,Checkers,0,GAME_OVER,96,95,2,43,1,MCTS_CheckersHeuristic,1,1,1,MCTS_CheckersHeuristic
-665618297,Checkers,0,GAME_OVER,39,38,2,44,1,MCTS_CheckersHeuristic,1,2,2,MCTS_CheckersHeuristic
1974070484,Checkers,0,GAME_OVER,39,38,2,45,1,MCTS_CheckersHeuristic,1,2,2,MCTS_CheckersHeuristic
-1314608131,Checkers,0,GAME_OVER,28,27,2,46,1,MCTS_CheckersHeuristic,1,2,2,MCTS_CheckersHeuristic
-1091089921,Checkers,0,GAME_OVER,29,28,2,47,2,MCTS_CheckersHeuristic,2,1,1,MCTS_CheckersHeuristic
-1628188226,Checkers,0,GAME_OVER,23,22,2,48,1,MCTS_CheckersHeuristic,1,2,2,MCTS_CheckersHeuristic
76687752,Checkers,0,GAME_OVER,84,83,2,49,1,MCTS_CheckersHeuristic,1,1,1,MCTS_CheckersHeuristic
979969052,Checkers,0,GAME_OVER,34,33,2,50,2,MCTS_CheckersHeuristic,2,1,1,MCTS_CheckersHeuristic
-1125143453,Checkers,0,GAME_OVER,29,28,2,51,2,MCTS_CheckersHeuristic,2,1,1,MCTS_CheckersHeuristic
608300759,Checkers,0,GAME_OVER,33,32,2,52,1,MCTS_CheckersHeuristic,1,2,2,MCTS_CheckersHeuristic
-1982442968,Checkers,0,GAME_OVER,76,75,2,53,1,MCTS_CheckersHeuristic,1,1,1,MCTS_CheckersHeuristic
-739151383,Checkers,0,GAME_OVER,58,57,2,54,1,MCTS_CheckersHeuristic,1,1,1,MCTS_CheckersHeuristic
1711035690,Checkers,0,GAME_OVER,105,104,2,55,1,MCTS_CheckersHeuristic,1,1,1,MCTS_CheckersHeuristic
-286922005,Checkers,0,GAME_OVER,80,79,2,56,1,MCTS_CheckersHeuristic,1,1,1,MCTS_CheckersHeuristic
-74427905,Checkers,0,GAME_OVER,72,71,2,57,1,MCTS_CheckersHeuristic,1,1,1,MCTS_CheckersHeuristic
352535442,Checkers,0,GAME_OVER,71,70,2,58,1,MCTS_CheckersHeuristic,1,1,1,MCTS_CheckersHeuristic
-1473426848,Checkers,0,GAME_OVER,36,35,2,59,2,MCTS_CheckersHeuristic,2,1,1,MCTS_CheckersHeuristic
1542560533,Checkers,0,GAME_OVER,93,92,2,60,1,MCTS_CheckersHeuristic,1,1,1,MCTS_CheckersHeuristic
-1463248502,Checkers,0,GAME_OVER,93,92,2,61,1,MCTS_CheckersHeuristic,1,1,1,MCTS_CheckersHeuristic
-541226629,Checkers,0,GAME_OVER,36,35,2,62,1,MCTS_CheckersHeuristic,1,2,2,MCTS_CheckersHeuristic
-1292697463,Checkers,0,GAME_OVER,33,32,2,63,2,MCTS_CheckersHeuristic,2,1,1,MCTS_CheckersHeuristic
-1608456412,Checkers,0,GAME_OVER,111,110,2,64,1,MCTS_CheckersHeuristic,1,1,1,MCTS_CheckersHeuristic
1870502677,Checkers,0,GAME_OVER,71,70,2,65,1,MCTS_CheckersHeuristic,1,1,1,MCTS_CheckersHeuristic
1005838346,Checkers,0,GAME_OVER,71,70,2,66,1,MCTS_CheckersHeuristic,1,1,1,MCTS_CheckersHeuristic
2022629861,Checkers,0,GAME_OVER,100,99,2,67,1,MCTS_CheckersHeuristic,1,1,1,MCTS_CheckersHeuristic
-1459979893,Checkers,0,GAME_OVER,35,34,2,68,1,MCTS_CheckersHeuristic,1,2,2,MCTS_CheckersHeuristic
-1030492763,Checkers,0,GAME_OVER,81,80,2,69,1,MCTS_CheckersHeuristic,1,1,1,MCTS_CheckersHeuristic
2146845374,Checkers,0,GAME_OVER,64,63,2,70,1,MCTS_CheckersHeuristic,1,1,1,MCTS_CheckersHeuristic
-462518795,Checkers,0,GAME_OVER,67,66,2,71,1,MCTS_CheckersHeuristic,1,1,1,MCTS_CheckersHeuristic
-617153892,Checkers,0,GAME_OVER,44,43,2,72,1,MCTS_CheckersHeuristic,1,2,2,MCTS_CheckersHeuristic
652950040,Checkers,0,GAME_OVER,70,69,2,73,1,MCTS_CheckersHeuristic,1,1,1,MCTS_CheckersHeuristic
884497542,Checkers,0,GAME_OVER,26,25,2,74,1,MCTS_CheckersHeuristic,1,2,2,MCTS_CheckersHeuristic
931421502,Checkers,0,GAME_OVER,21,20,2,75,1,MCTS_CheckersHeuristic,1,2,2,MCTS_CheckersHeuristic
1602505461,Checkers,0,GAME_OVER,75,74,2,76,1,MCTS_CheckersHeuristic,1,1,1,MCTS_CheckersHeuristic
-1007528309,Checkers,0,GAME_OVER,22,21,2,77,1,MCTS_CheckersHeuristic,1,2,2,MCTS_CheckersHeuristic
-1381168816,Checkers,0,GAME_OVER,73,72,2,78,1,MCTS_CheckersHeuristic,1,1,1,MCTS_CheckersHeuristic
-1281829556,Checkers,0,GAME_OVER,99,98,2,79,1,MCTS_CheckersHeuristic,1,1,1,MCTS_CheckersHeuristic
-1508019910,Checkers,0,GAME_OVER,65,64,2,80,1,MCTS_CheckersHeuristic,1,1,1,MCTS_CheckersHeuristic
618083323,Checkers,0,GAME_OVER,27,26,2,81,2,MCTS_CheckersHeuristic,2,1,1,MCTS_CheckersHeuristic
-1528832801,Checkers,0,GAME_OVER,26,25,2,82,1,MCTS_CheckersHeuristic,1,2,2,MCTS_CheckersHeuristic
616249593,Checkers,0,GAME_OVER,21,20,2,83,1,MCTS_CheckersHeuristic,1,2,2,MCTS_CheckersHeuristic
201797380,Checkers,0,GAME_OVER,39,38,2,84,1,MCTS_CheckersHeuristic,1,2,2,MCTS_CheckersHeuristic
-367689170,Checkers,0,GAME_OVER,24,23,2,85,1,MCTS_CheckersHeuristic,1,2,2,MCTS_CheckersHeuristic
-903888159,Checkers,0,GAME_OVER,101,100,2,86,1,MCTS_CheckersHeuristic,1,1,1,MCTS_CheckersHeuristic
212455662,Checkers,0,GAME_OVER,26,25,2,87,1,MCTS_CheckersHeuristic,1,2,2,MCTS_CheckersHeuristic
1431073048,Checkers,0,GAME_OVER,67,66,2,88,1,MCTS_CheckersHeuristic,1,1,1,MCTS_CheckersHeuristic
-1443811885,Checkers,0,GAME_OVER,36,35,2,89,1,MCTS_CheckersHeuristic,1,2,2,MCTS_CheckersHeuristic
-441775040,Checkers,0,GAME_OVER,36,35,2,90,2,MCTS_CheckersHeuristic,2,1,1,MCTS_CheckersHeuristic
461178986,Checkers,0,GAME_OVER,54,53,2,91,1,MCTS_CheckersHeuristic,1,1,1,MCTS_CheckersHeuristic
-1382740261,Checkers,0,GAME_OVER,74,73,2,92,1,MCTS_CheckersHeuristic,1,1,1,MCTS_CheckersHeuristic
-1214767896,Checkers,0,GAME_OVER,39,38,2,93,1,MCTS_CheckersHeuristic,1,2,2,MCTS_CheckersHeuristic
1425964472,Checkers,0,GAME_OVER,61,60,2,94,1,MCTS_CheckersHeuristic,1,1,1,MCTS_CheckersHeuristic
593074754,Checkers,0,GAME_OVER,70,69,2,95,1,MCTS_CheckersHeuristic,1,1,1,MCTS_CheckersHeuristic
1998884101,Checkers,0,GAME_OVER,22,21,2,96,1,MCTS_CheckersHeuristic,1,2,2,MCTS_CheckersHeuristic
-1099379365,Checkers,0,GAME_OVER,55,54,2,97,1,MCTS_CheckersHeuristic,1,2,2,MCTS_CheckersHeuristic
2020488105,Checkers,0,GAME_OVER,66,65,2,98,1,MCTS_CheckersHeuristic,1,2,2,MCTS_CheckersHeuristic
-22410712,Checkers,0,GAME_OVER,30,29,2,99,1,MCTS_CheckersHeuristic,1,2,2,MCTS_CheckersHeuristic
-1225402475,Checkers,0,GAME_OVER,78,77,2,100,1,MCTS_CheckersHeuristic,1,1,1,MCTS_CheckersHeuristic
-1206797836,Checkers,0,GAME_OVER,62,61,2,101,1,MCTS_CheckersHeuristic,1,1,1,MCTS_CheckersHeuristic
1799909165,Checkers,0,GAME_OVER,28,27,2,102,2,MCTS_CheckersHeuristic,2,1,1,MCTS_CheckersHeuristic
-1583354321,Checkers,0,GAME_OVER,71,70,2,103,1,MCTS_CheckersHeuristic,1,1,1,MCTS_CheckersHeuristic
-293329148,Checkers,0,GAME_OVER,67,66,2,104,1,MCTS_CheckersHeuristic,1,1,1,MCTS_CheckersHeuristic
-2007520911,Checkers,0,GAME_OVER,28,27,2,105,2,MCTS_CheckersHeuristic,2,1,1,MCTS_CheckersHeuristic
-1280335763,Checkers,0,GAME_OVER,60,59,2,106,1,MCTS_CheckersHeuristic,1,1,1,MCTS_CheckersHeuristic
1019333774,Checkers,0,GAME_OVER,56,55,2,107,1,MCTS_CheckersHeuristic,1,1,1,MCTS_CheckersHeuristic
-1340046147,Checkers,0,GAME_OVER,97,96,2,108,1,MCTS_CheckersHeuristic,1,1,1,MCTS_CheckersHeuristic
-1374729230,Checkers,0,GAME_OVER,32,31,2,109,1,MCTS_CheckersHeuristic,1,2,2,MCTS_CheckersHeuristic
-1403370960,Checkers,0,GAME_OVER,56,55,2,110,1,MCTS_CheckersHeuristic,1,1,1,MCTS_CheckersHeuristic
1733464483,Checkers,0,GAME_OVER,41,40,2,111,2,MCTS_CheckersHeuristic,2,1,1,MCTS_CheckersHeuristic
-457792821,Checkers,0,GAME_OVER,26,25,2,112,1,MCTS_CheckersHeuristic,1,2,2,MCTS_CheckersHeuristic
-1017591145,Checkers,0,GAME_OVER,27,26,2,113,1,MCTS_CheckersHeuristic,1,2,2,MCTS_CheckersHeuristic
1178360500,Checkers,0,GAME_OVER,73,72,2,114,1,MCTS_CheckersHeuristic,1,1,1,MCTS_CheckersHeuristic
2041307707,Checkers,0,GAME_OVER,35,34,2,115,2,MCTS_CheckersHeuristic,2,1,1,MCTS_CheckersHeuristic
953875155,Checkers,0,GAME_OVER,67,66,2,116,1,MCTS_CheckersHeuristic,1,1,1,MCTS_CheckersHeuristic
-1116590745,Checkers,0,GAME_OVER,20,19,2,117,2,MCTS_CheckersHeuristic,2,1,1,MCTS_CheckersHeuristic
2080880065,Checkers,0,GAME_OVER,23,22,2,118,2,MCTS_CheckersHeuristic,2,1,1,MCTS_CheckersHeuristic
-780874224,Checkers,0,GAME_OVER,57,56,2,119,1,MCTS_CheckersHeuristic,1,1,1,MCTS_CheckersHeuristic
1445423173,Checkers,0,GAME_OVER,24,23,2,120,2,MCTS_CheckersHeuristic,2,1,1,MCTS_CheckersHeuristic
-878724237,Checkers,0,GAME_OVER,104,103,2,121,1,MCTS_CheckersHeuristic,1,1,1,MCTS_CheckersHeuristic
-626185222,Checkers,0,GAME_OVER,23,22,2,122,1,MCTS_CheckersHeuristic,1,2,2,MCTS_CheckersHeuristic
-1338857838,Checkers,0,GAME_OVER,54,53,2,123,1,MCTS_CheckersHeuristic,1,1,1,MCTS_CheckersHeuristic
-1131761202,Checkers,0,GAME_OVER,56,55,2,124,1,MCTS_CheckersHeuristic,1,1,1,MCTS_CheckersHeuristic
-1569212102,Checkers,0,GAME_OVER,22,21,2,125,1,MCTS_CheckersHeuristic,1,2,2,MCTS_CheckersHeuristic
-639988875,Checkers,0,GAME_OVER,34,33,2,126,2,MCTS_CheckersHeuristic,2,1,1,MCTS_CheckersHeuristic
-934674966,Checkers,0,GAME_OVER,30,29,2,127,1,MCTS_CheckersHeuristic,1,2,2,MCTS_CheckersHeuristic
1082308112,Checkers,0,GAME_OVER,35,34,2,128,2,MCTS_CheckersHeuristic,2,1,1,MCTS_CheckersHeuristic
-859756209,Checkers,0,GAME_OVER,33,32,2,129,1,MCTS_CheckersHeuristic,1,2,2,MCTS_CheckersHeuristic
991294862,Checkers,0,GAME_OVER,24,23,2,130,1,MCTS_CheckersHeuristic,1,2,2,MCTS_CheckersHeuristic
-1453190597,Checkers,0,GAME_OVER,68,67,2,131,1,MCTS_CheckersHeuristic,1,1,1,MCTS_CheckersHeuristic
1585459093,Checkers,0,GAME_OVER,59,58,2,132,1,MCTS_CheckersHeuristic,1,1,1,MCTS_CheckersHeuristic
199979832,Checkers,0,GAME_OVER,29,28,2,133,2,MCTS_CheckersHeuristic,2,1,1,MCTS_CheckersHeuristic
785434104,Checkers,0,GAME_OVER,35,34,2,134,2,MCTS_CheckersHeuristic,2,1,1,MCTS_CheckersHeuristic
-478336726,Checkers,0,GAME_OVER,24,23,2,135,1,MCTS_CheckersHeuristic,1,2,2,MCTS_CheckersHeuristic
-466729984,Checkers,0,GAME_OVER,26,25,2,136,1,MCTS_CheckersHeuristic,1,2,2,MCTS_CheckersHeuristic
-769715047,Checkers,0,GAME_OVER,57,56,2,137,1,MCTS_CheckersHeuristic,1,1,1,MCTS_CheckersHeuristic
-774285548,Checkers,0,GAME_OVER,100,99,2,138,1,MCTS_CheckersHeuristic,1,1,1,MCTS_CheckersHeuristic
2084347808,Checkers,0,GAME_OVER,117,116,2,139,1,MCTS_CheckersHeuristic,1,2,2,MCTS_CheckersHeuristic
-2058923387,Checkers,0,GAME_OVER,58,57,2,140,2,MCTS_CheckersHeuristic,2,1,1,MCTS_CheckersHeuristic
-1119502190,Checkers,0,GAME_OVER,115,114,2,141,2,MCTS_CheckersHeuristic,2,1,1,MCTS_CheckersHeuristic
-2076952699,Checkers,0,GAME_OVER,24,23,2,142,2,MCTS_CheckersHeuristic,2,1,1,MCTS_CheckersHeuristic
-873483826,Checkers,0,GAME_OVER,67,66,2,143,1,MCTS_CheckersHeuristic,1,1,1,MCTS_CheckersHeuristic
507753882,Checkers,0,GAME_OVER,24,23,2,144,2,MCTS_CheckersHeuristic,2,1,1,MCTS_CheckersHeuristic
-1486188188,Checkers,0,GAME_OVER,27,26,2,145,1,MCTS_CheckersHeuristic,1,2,2,MCTS_CheckersHeuristic
1239065860,Checkers,0,GAME_OVER,62,61,2,146,1,MCTS_CheckersHeuristic,1,1,1,MCTS_CheckersHeuristic
-461881487,Checkers,0,GAME_OVER,102,101,2,147,1,MCTS_CheckersHeuristic,1,1,1,MCTS_CheckersHeuristic
-221877266,Checkers,0,GAME_OVER,92,91,2,148,1,MCTS_CheckersHeuristic,1,1,1,MCTS_CheckersHeuristic
867774554,Checkers,0,GAME_OVER,84,83,2,149,1,MCTS_CheckersHeuristic,1,1,1,MCTS_CheckersHeuristic
-1889181584,Checkers,0,GAME_OVER,68,67,2,150,1,MCTS_CheckersHeuristic,1,1,1,MCTS_CheckersHeuristic
-1560211370,Checkers,0,GAME_OVER,61,60,2,151,1,MCTS_CheckersHeuristic,1,1,1,MCTS_CheckersHeuristic
-1686709094,Checkers,0,GAME_OVER,38,37,2,152,1,MCTS_CheckersHeuristic,1,2,2,MCTS_CheckersHeuristic
-1301473306,Checkers,0,GAME_OVER,102,101,2,153,1,MCTS_CheckersHeuristic,1,1,1,MCTS_CheckersHeuristic
1569206056,Checkers,0,GAME_OVER,81,80,2,154,1,MCTS_CheckersHeuristic,1,1,1,MCTS_CheckersHeuristic
-1556783840,Checkers,0,GAME_OVER,61,60,2,155,1,MCTS_CheckersHeuristic,1,1,1,MCTS_CheckersHeuristic
-2043270506,Checkers,0,GAME_OVER,82,81,2,156,1,MCTS_CheckersHeuristic,1,1,1,MCTS_CheckersHeuristic
661672969,Checkers,0,GAME_OVER,28,27,2,157,2,MCTS_CheckersHeuristic,2,1,1,MCTS_CheckersHeuristic
-541876835,Checkers,0,GAME_OVER,20,19,2,158,2,MCTS_CheckersHeuristic,2,1,1,MCTS_CheckersHeuristic
-1620991927,Checkers,0,GAME_OVER,54,53,2,159,1,MCTS_CheckersHeuristic,1,2,2,MCTS_CheckersHeuristic
-2020488339,Checkers,0,GAME_OVER,47,46,2,160,1,MCTS_CheckersHeuristic,1,2,2,MCTS_CheckersHeuristic
830170360,Checkers,0,GAME_OVER,23,22,2,161,2,MCTS_CheckersHeuristic,2,1,1,MCTS_CheckersHeuristic
-1720199390,Checkers,0,GAME_OVER,22,21,2,162,2,MCTS_CheckersHeuristic,2,1,1,MCTS_CheckersHeuristic
-924716186,Checkers,0,GAME_OVER,28,27,2,163,2,MCTS_CheckersHeuristic,2,1,1,MCTS_CheckersHeuristic
-1673767628,Checkers,0,GAME_OVER,33,32,2,164,1,MCTS_CheckersHeuristic,1,2,2,MCTS_CheckersHeuristic
1753098236,Checkers,0,GAME_OVER,32,31,2,165,1,MCTS_CheckersHeuristic,1,2,2,MCTS_CheckersHeuristic
1151117062,Checkers,0,GAME_OVER,80,79,2,166,1,MCTS_CheckersHeuristic,1,2,2,MCTS_CheckersHeuristic
1069710510,Checkers,0,GAME_OVER,38,37,2,167,2,MCTS_CheckersHeuristic,2,1,1,MCTS_CheckersHeuristic
1752217528,Checkers,0,GAME_OVER,40,39,2,168,2,MCTS_CheckersHeuristic,2,1,1,MCTS_CheckersHeuristic
-1808536935,Checkers,0,GAME_OVER,102,101,2,169,1,MCTS_CheckersHeuristic,1,2,2,MCTS_CheckersHeuristic
-191891741,Checkers,0,GAME_OVER,28,27,2,170,2,MCTS_CheckersHeuristic,2,1,1,MCTS_CheckersHeuristic
-1145392964,Checkers,0,GAME_OVER,63,62,2,171,1,MCTS_CheckersHeuristic,1,2,2,MCTS_CheckersHeuristic
-2135730954,Checkers,0,GAME_OVER,30,29,2,172,1,MCTS_CheckersHeuristic,1,2,2,MCTS_CheckersHeuristic
1162021874,Checkers,0,GAME_OVER,23,22,2,173,2,MCTS_CheckersHeuristic,2,1,1,MCTS_CheckersHeuristic
873291320,Checkers,0,GAME_OVER,40,39,2,174,1,MCTS_CheckersHeuristic,1,2,2,MCTS_CheckersHeuristic
1811180692,Checkers,0,GAME_OVER,28,27,2,175,2,MCTS_CheckersHeuristic,2,1,1,MCTS_CheckersHeuristic
111652047,Checkers,0,GAME_OVER,23,22,2,176,2,MCTS_CheckersHeuristic,2,1,1,MCTS_CheckersHeuristic
-160771989,Checkers,0,GAME_OVER,56,55,2,177,1,MCTS_CheckersHeuristic,1,2,2,MCTS_CheckersHeuristic
-1527343307,Checkers,0,GAME_OVER,35,34,2,178,2,MCTS_CheckersHeuristic,2,1,1,MCTS_CheckersHeuristic
178007011,Checkers,0,GAME_OVER,28,27,2,179,1,MCTS_CheckersHeuristic,1,2,2,MCTS_CheckersHeuristic
-1930915844,Checkers,0,GAME_OVER,80,79,2,180,1,MCTS_CheckersHeuristic,1,1,1,MCTS_CheckersHeuristic
-565687408,Checkers,0,GAME_OVER,70,69,2,181,1,MCTS_CheckersHeuristic,1,1,1,MCTS_CheckersHeuristic
-1854018346,Checkers,0,GAME_OVER,24,23,2,182,2,MCTS_CheckersHeuristic,2,1,1,MCTS_CheckersHeuristic
-1656234102,Checkers,0,GAME_OVER,37,36,2,183,2,MCTS_CheckersHeuristic,2,1,1,MCTS_CheckersHeuristic
-1589899714,Checkers,0,GAME_OVER,71,70,2,184,1,MCTS_CheckersHeuristic,1,1,1,MCTS_CheckersHeuristic
526746677,Checkers,0,GAME_OVER,63,62,2,185,1,MCTS_CheckersHeuristic,1,1,1,MCTS_CheckersHeuristic
-2042563021,Checkers,0,GAME_OVER,82,81,2,186,1,MCTS_CheckersHeuristic,1,1,1,MCTS_CheckersHeuristic
-1609160611,Checkers,0,GAME_OVER,65,64,2,187,1,MCTS_CheckersHeuristic,1,1,1,MCTS_CheckersHeuristic
1549505498,Checkers,0,GAME_OVER,28,27,2,188,1,MCTS_CheckersHeuristic,1,2,2,MCTS_CheckersHeuristic
-1982581027,Checkers,0,GAME_OVER,57,56,2,189,1,MCTS_CheckersHeuristic,1,1,1,MCTS_CheckersHeuristic
-1207749867,Checkers,0,GAME_OVER,22,21,2,190,1,MCTS_CheckersHeuristic,1,2,2,MCTS_CheckersHeuristic
-1354761689,Checkers,0,GAME_OVER,147,146,2,191,1,MCTS_CheckersHeuristic,1,1,1,MCTS_CheckersHeuristic
756804164,Checkers,0,GAME_OVER,38,37,2,192,1,MCTS_CheckersHeuristic,1,2,2,MCTS_CheckersHeuristic
-909649313,Checkers,0,GAME_OVER,23,22,2,193,1,MCTS_CheckersHeuristic,1,2,2,MCTS_CheckersHeuristic
-1164091956,Checkers,0,GAME_OVER,48,47,2,194,1,MCTS_CheckersHeuristic,1,2,2,MCTS_CheckersHeuristic
-1242371343,Checkers,0,GAME_OVER,73,72,2,195,1,MCTS_CheckersHeuristic,1,2,2,MCTS_CheckersHeuristic
-112717798,Checkers,0,GAME_OVER,39,38,2,196,2,MCTS_CheckersHeuristic,2,1,1,MCTS_CheckersHeuristic
-1346843962,Checkers,0,GAME_OVER,32,31,2,197,1,MCTS_CheckersHeuristic,1,2,2,MCTS_CheckersHeuristic
313493055,Checkers,0,GAME_OVER,89,88,2,198,1,MCTS_CheckersHeuristic,1,1,1,MCTS_CheckersHeuristic
1240117891,Checkers,0,GAME_OVER,65,64,2,199,1,MCTS_CheckersHeuristic,1,1,1,MCTS_CheckersHeuristic
205331539,Checkers,0,GAME_OVER,66,65,2,200,1,MCTS_CheckersHeuristic,1,1,1,MCTS_CheckersHeuristic
1658109561,Checkers,0,GAME_OVER,55,54,2,201,1,MCTS_CheckersHeuristic,1,1,1,MCTS_CheckersHeuristic
-404168193,Checkers,0,GAME_OVER,22,21,2,202,2,MCTS_CheckersHeuristic,2,1,1,OSLA
-387014737,Checkers,0,GAME_OVER,33,32,2,203,2,MCTS_CheckersHeuristic,2,1,1,OSLA
357572797,Checkers,0,GAME_OVER,37,36,2,204,2,MCTS_CheckersHeuristic,2,1,1,OSLA
-1920641588,Checkers,0,GAME_OVER,24,23,2,205,2,MCTS_CheckersHeuristic,2,1,1,OSLA
-453948078,Checkers,0,GAME_OVER,34,33,2,206,2,MCTS_CheckersHeuristic,2,1,1,OSLA
728410788,Checkers,0,GAME_OVER,21,20,2,207,2,MCTS_CheckersHeuristic,2,1,1,OSLA
-900145433,Checkers,0,GAME_OVER,25,24,2,208,2,MCTS_CheckersHeuristic,2,1,1,OSLA
344606389,Checkers,0,GAME_OVER,23,22,2,209,2,MCTS_CheckersHeuristic,2,1,1,OSLA
-1335101607,Checkers,0,GAME_OVER,26,25,2,210,2,MCTS_CheckersHeuristic,2,1,1,OSLA
-827583292,Checkers,0,GAME_OVER,58,57,2,211,2,MCTS_CheckersHeuristic,2,1,1,OSLA
473978057,Checkers,0,GAME_OVER,22,21,2,212,2,MCTS_CheckersHeuristic,2,1,1,OSLA
-1118339258,Checkers,0,GAME_OVER,27,26,2,213,2,MCTS_CheckersHeuristic,2,1,1,OSLA
36298063,Checkers,0,GAME_OVER,55,54,2,214,2,MCTS_CheckersHeuristic,2,1,1,OSLA
-58081034,Checkers,0,GAME_OVER,20,19,2,215,2,MCTS_CheckersHeuristic,2,1,1,OSLA
1068116273,Checkers,0,GAME_OVER,27,26,2,216,2,MCTS_CheckersHeuristic,2,1,1,OSLA
-2078364872,Checkers,0,GAME_OVER,27,26,2,217,2,MCTS_CheckersHeuristic,2,1,1,OSLA
971111684,Checkers,0,GAME_OVER,20,19,2,218,2,MCTS_CheckersHeuristic,2,1,1,OSLA
929425713,Checkers,0,GAME_OVER,67,66,2,219,2,MCTS_CheckersHeuristic,2,1,1,OSLA
1804473508,Checkers,0,GAME_OVER,25,24,2,220,2,MCTS_CheckersHeuristic,2,1,1,OSLA
1765188812,Checkers,0,GAME_OVER,33,32,2,221,2,MCTS_CheckersHeuristic,2,1,1,OSLA
1915732207,Checkers,0,GAME_OVER,21,20,2,222,2,MCTS_CheckersHeuristic,2,1,1,OSLA
793339,Checkers,0,GAME_OVER,27,26,2,223,2,MCTS_CheckersHeuristic,2,1,1,OSLA
726334869,Checkers,0,GAME_OVER,21,20,2,224,2,MCTS_CheckersHeuristic,2,1,1,OSLA
-1501221137,Checkers,0,GAME_OVER,37,36,2,225,2,MCTS_CheckersHeuristic,2,1,1,OSLA
218339721,Checkers,0,GAME_OVER,35,34,2,226,2,MCTS_CheckersHeuristic,2,1,1,OSLA
-53217236,Checkers,0,GAME_OVER,27,26,2,227,2,MCTS_CheckersHeuristic,2,1,1,OSLA
-296541228,Checkers,0,GAME_OVER,21,20,2,228,2,MCTS_CheckersHeuristic,2,1,1,OSLA
835169688,Checkers,0,GAME_OVER,67,66,2,229,1,MCTS_CheckersHeuristic,1,1,1,OSLA
913528792,Checkers,0,GAME_OVER,24,23,2,230,2,MCTS_CheckersHeuristic,2,1,1,OSLA
-1238843401,Checkers,0,GAME_OVER,44,43,2,231,2,MCTS_CheckersHeuristic,2,1,1,OSLA
-626323644,Checkers,0,GAME_OVER,24,23,2,232,2,MCTS_CheckersHeuristic,2,1,1,OSLA
-1929084812,Checkers,0,GAME_OVER,23,22,2,233,2,MCTS_CheckersHeuristic,2,1,1,OSLA
1134370121,Checkers,0,GAME_OVER,53,52,2,234,2,MCTS_CheckersHeuristic,2,1,1,OSLA
-804133846,Checkers,0,GAME_OVER,27,26,2,235,2,MCTS_CheckersHeuristic,2,1,1,OSLA
-1797507631,Checkers,0,GAME_OVER,60,59,2,236,1,MCTS_CheckersHeuristic,1,1,1,OSLA
2128929733,Checkers,0,GAME_OVER,29,28,2,237,2,MCTS_CheckersHeuristic,2,1,1,OSLA
-81201981,Checkers,0,GAME_OVER,35,34,2,238,2,MCTS_CheckersHeuristic,2,1,1,OSLA
-816238924,Checkers,0,GAME_OVER,21,20,2,239,2,MCTS_CheckersHeuristic,2,1,1,OSLA
-2070442848,Checkers,0,GAME_OVER,27,26,2,240,2,MCTS_CheckersHeuristic,2,1,1,OSLA
1313962887,Checkers,0,GAME_OVER,35,34,2,241,2,MCTS_CheckersHeuristic,2,1,1,OSLA
421685496,Checkers,0,GAME_OVER,29,28,2,242,2,MCTS_CheckersHeuristic,2,1,1,OSLA
665795432,Checkers,0,GAME_OVER,51,50,2,243,2,MCTS_CheckersHeuristic,2,1,1,OSLA
-665618297,Checkers,0,GAME_OVER,20,19,2,244,2,MCTS_CheckersHeuristic,2,1,1,OSLA
1974070484,Checkers,0,GAME_OVER,27,26,2,245,2,MCTS_CheckersHeuristic,2,1,1,OSLA
-1314608131,Checkers,0,GAME_OVER,19,18,2,246,2,MCTS_CheckersHeuristic,2,1,1,OSLA
-1091089921,Checkers,0,GAME_OVER,25,24,2,247,2,MCTS_CheckersHeuristic,2,1,1,OSLA
-1628188226,Checkers,0,GAME_OVER,21,20,2,248,2,MCTS_CheckersHeuristic,2,1,1,OSLA
76687752,Checkers,0,GAME_OVER,64,63,2,249,1,MCTS_CheckersHeuristic,1,1,1,OSLA
979969052,Checkers,0,GAME_OVER,59,58,2,250,1,MCTS_CheckersHeuristic,1,1,1,OSLA
-1125143453,Checkers,0,GAME_OVER,21,20,2,251,2,MCTS_CheckersHeuristic,2,1,1,OSLA
608300759,Checkers,0,GAME_OVER,32,31,2,252,2,MCTS_CheckersHeuristic,2,1,1,OSLA
-1982442968,Checkers,0,GAME_OVER,27,26,2,253,2,MCTS_CheckersHeuristic,2,1,1,OSLA
-739151383,Checkers,0,GAME_OVER,26,25,2,254,2,MCTS_CheckersHeuristic,2,1,1,OSLA
1711035690,Checkers,0,GAME_OVER,21,20,2,255,2,MCTS_CheckersHeuristic,2,1,1,OSLA
-286922005,Checkers,0,GAME_OVER,38,37,2,256,2,MCTS_CheckersHeuristic,2,1,1,OSLA
-74427905,Checkers,0,GAME_OVER,27,26,2,257,2,MCTS_CheckersHeuristic,2,1,1,OSLA
352535442,Checkers,0,GAME_OVER,49,48,2,258,2,MCTS_CheckersHeuristic,2,1,1,OSLA
-1473426848,Checkers,0,GAME_OVER,41,40,2,259,2,MCTS_CheckersHeuristic,2,1,1,OSLA
1542560533,Checkers,0,GAME_OVER,24,23,2,260,2,MCTS_CheckersHeuristic,2,1,1,OSLA
-1463248502,Checkers,0,GAME_OVER,25,24,2,261,2,MCTS_CheckersHeuristic,2,1,1,OSLA
-541226629,Checkers,0,GAME_OVER,95,94,2,262,1,MCTS_CheckersHeuristic,1,1,1,OSLA
-1292697463,Checkers,0,GAME_OVER,22,21,2,263,2,MCTS_CheckersHeuristic,2,1,1,OSLA
-1608456412,Checkers,0,GAME_OVER,34,33,2,264,2,MCTS_CheckersHeuristic,2,1,1,OSLA
1870502677,Checkers,0,GAME_OVER,34,33,2,265,2,MCTS_CheckersHeuristic,2,1,1,OSLA
1005838346,Checkers,0,GAME_OVER,20,19,2,266,2,MCTS_CheckersHeuristic,2,1,1,OSLA
2022629861,Checkers,0,GAME_OVER,32,31,2,267,2,MCTS_CheckersHeuristic,2,1,1,OSLA
-1459979893,Checkers,0,GAME_OVER,24,23,2,268,2,MCTS_CheckersHeuristic,2,1,1,OSLA
-1030492763,Checkers,0,GAME_OVER,20,19,2,269,2,MCTS_CheckersHeuristic,2,1,1,OSLA
2146845374,Checkers,0,GAME_OVER,34,33,2,270,2,MCTS_CheckersHeuristic,2,1,1,OSLA
-462518795,Checkers,0,GAME_OVER,24,23,2,271,2,MCTS_CheckersHeuristic,2,1,1,OSLA
-617153892,Checkers,0,GAME_OVER,21,20,2,272,2,MCTS_CheckersHeuristic,2,1,1,OSLA
652950040,Checkers,0,GAME_OVER,26,25,2,273,2,MCTS_CheckersHeuristic,2,1,1,OSLA
884497542,Checkers,0,GAME_OVER,21,20,2,274,2,MCTS_CheckersHeuristic,2,1,1,OSLA
931421502,Checkers,0,GAME_OVER,26,25,2,275,2,MCTS_CheckersHeuristic,2,1,1,OSLA
1602505461,Checkers,0,GAME_OVER,75,74,2,276,1,MCTS_CheckersHeuristic,1,1,1,OSLA
-1007528309,Checkers,0,GAME_OVER,35,34,2,277,2,MCTS_CheckersHeuristic,2,1,1,OSLA
-1381168816,Checkers,0,GAME_OVER,27,26,2,278,2,MCTS_CheckersHeuristic,2,1,1,OSLA
-1281829556,Checkers,0,GAME_OVER,87,86,2,279,1,MCTS_CheckersHeuristic,1,1,1,OSLA
-1508019910,Checkers,0,GAME_OVER,76,75,2,280,1,MCTS_CheckersHeuristic,1,1,1,OSLA
618083323,Checkers,0,GAME_OVER,25,24,2,281,2,MCTS_CheckersHeuristic,2,1,1,OSLA
-1528832801,Checkers,0,GAME_OVER,20,19,2,282,2,MCTS_CheckersHeuristic,2,1,1,OSLA
616249593,Checkers,0,GAME_OVER,34,33,2,283,2,MCTS_CheckersHeuristic,2,1,1,OSLA
201797380,Checkers,0,GAME_OVER,40,39,2,284,2,MCTS_CheckersHeuristic,2,1,1,OSLA
-367689170,Checkers,0,GAME_OVER,21,20,2,285,2,MCTS_CheckersHeuristic,2,1,1,OSLA
-903888159,Checkers,0,GAME_OVER,27,26,2,286,2,MCTS_CheckersHeuristic,2,1,1,OSLA
212455662,Checkers,0,GAME_OVER,27,26,2,287,2,MCTS_CheckersHeuristic,2,1,1,OSLA
1431073048,Checkers,0,GAME_OVER,25,24,2,288,2,MCTS_CheckersHeuristic,2,1,1,OSLA
-1443811885,Checkers,0,GAME_OVER,48,47,2,289,2,MCTS_CheckersHeuristic,2,1,1,OSLA
-441775040,Checkers,0,GAME_OVER,31,30,2,290,2,MCTS_CheckersHeuristic,2,1,1,OSLA
461178986,Checkers,0,GAME_OVER,22,21,2,291,2,MCTS_CheckersHeuristic,2,1,1,OSLA
-1382740261,Checkers,0,GAME_OVER,21,20,2,292,2,MCTS_CheckersHeuristic,2,1,1,OSLA
-1214767896,Checkers,0,GAME_OVER,38,37,2,293,2,MCTS_CheckersHeuristic,2,1,1,OSLA
1425964472,Checkers,0,GAME_OVER,21,20,2,294,2,MCTS_CheckersHeuristic,2,1,1,OSLA
593074754,Checkers,0,GAME_OVER,29,28,2,295,2,MCTS_CheckersHeuristic,2,1,1,OSLA
1998884101,Checkers,0,GAME_OVER,21,20,2,296,2,MCTS_CheckersHeuristic,2,1,1,OSLA
-1099379365,Checkers,0,GAME_OVER,21,20,2,297,2,MCTS_CheckersHeuristic,2,1,1,OSLA
2020488105,Checkers,0,GAME_OVER,36,35,2,298,2,MCTS_CheckersHeuristic,2,1,1,OSLA
-22410712,Checkers,0,GAME_OVER,25,24,2,299,1,MCTS_CheckersHeuristic,1,2,2,OSLA
-1225402475,Checkers,0,GAME_OVER,24,23,2,300,2,MCTS_CheckersHeuristic,2,1,1,OSLA
-1206797836,Checkers,0,GAME_OVER,33,32,2,301,2,MCTS_CheckersHeuristic,2,1,1,OSLA
1799909165,Checkers,0,GAME_OVER,25,24,2,302,2,MCTS_CheckersHeuristic,2,1,1,OSLA
-1583354321,Checkers,0,GAME_OVER,52,51,2,303,2,MCTS_CheckersHeuristic,2,1,1,OSLA
-293329148,Checkers,0,GAME_OVER,24,23,2,304,2,MCTS_CheckersHeuristic,2,1,1,OSLA
-2007520911,Checkers,0,GAME_OVER,36,35,2,305,2,MCTS_CheckersHeuristic,2,1,1,OSLA
-1280335763,Checkers,0,GAME_OVER,21,20,2,306,2,MCTS_CheckersHeuristic,2,1,1,OSLA
1019333774,Checkers,0,GAME_OVER,27,26,2,307,2,MCTS_CheckersHeuristic,2,1,1,OSLA
-1340046147,Checkers,0,GAME_OVER,83,82,2,308,1,MCTS_CheckersHeuristic,1,1,1,OSLA
-1374729230,Checkers,0,GAME_OVER,25,24,2,309,2,MCTS_CheckersHeuristic,2,1,1,OSLA
-1403370960,Checkers,0,GAME_OVER,27,26,2,310,2,MCTS_CheckersHeuristic,2,1,1,OSLA
1733464483,Checkers,0,GAME_OVER,25,24,2,311,2,MCTS_CheckersHeuristic,2,1,1,OSLA
-457792821,Checkers,0,GAME_OVER,22,21,2,312,2,MCTS_CheckersHeuristic,2,1,1,OSLA
-1017591145,Checkers,0,GAME_OVER,26,25,2,313,2,MCTS_CheckersHeuristic,2,1,1,OSLA
1178360500,Checkers,0,GAME_OVER,21,20,2,314,2,MCTS_CheckersHeuristic,2,1,1,OSLA
2041307707,Checkers,0,GAME_OVER,27,26,2,315,2,MCTS_CheckersHeuristic,2,1,1,OSLA
953875155,Checkers,0,GAME_OVER,30,29,2,316,2,MCTS_CheckersHeuristic,2,1,1,OSLA
-1116590745,Checkers,0,GAME_OVER,20,19,2,317,2,MCTS_CheckersHeuristic,2,1,1,OSLA
2080880065,Checkers,0,GAME_OVER,36,35,2,318,2,MCTS_CheckersHeuristic,2,1,1,OSLA
-780874224,Checkers,0,GAME_OVER,26,25,2,319,2,MCTS_CheckersHeuristic,2,1,1,OSLA
1445423173,Checkers,0,GAME_OVER,20,19,2,320,2,MCTS_CheckersHeuristic,2,1,1,OSLA
-878724237,Checkers,0,GAME_OVER,20,19,2,321,2,MCTS_CheckersHeuristic,2,1,1,OSLA
-626185222,Checkers,0,GAME_OVER,30,29,2,322,2,MCTS_CheckersHeuristic,2,1,1,OSLA
-1338857838,Checkers,0,GAME_OVER,64,63,2,323,1,MCTS_CheckersHeuristic,1,1,1,OSLA
-1131761202,Checkers,0,GAME_OVER,27,26,2,324,2,MCTS_CheckersHeuristic,2,1,1,OSLA
-1569212102,Checkers,0,GAME_OVER,27,26,2,325,2,MCTS_CheckersHeuristic,2,1,1,OSLA
-639988875,Checkers,0,GAME_OVER,26,25,2,326,2,MCTS_CheckersHeuristic,2,1,1,OSLA
-934674966,Checkers,0,GAME_OVER,20,19,2,327,2,MCTS_CheckersHeuristic,2,1,1,OSLA
1082308112,Checkers,0,GAME_OVER,56,55,2,328,2,MCTS_CheckersHeuristic,2,1,1,OSLA
-859756209,Checkers,0,GAME_OVER,20,19,2,329,2,MCTS_CheckersHeuristic,2,1,1,OSLA
991294862,Checkers,0,GAME_OVER,27,26,2,330,2,MCTS_CheckersHeuristic,2,1,1,OSLA
-1453190597,Checkers,0,GAME_OVER,33,32,2,331,2,MCTS_CheckersHeuristic,2,1,1,OSLA
1585459093,Checkers,0,GAME_OVER,34,33,2,332,2,MCTS_CheckersHeuristic,2,1,1,OSLA
199979832,Checkers,0,GAME_OVER,20,19,2,333,2,MCTS_CheckersHeuristic,2,1,1,OSLA
785434104,Checkers,0,GAME_OVER,23,22,2,334,2,MCTS_CheckersHeuristic,2,1,1,OSLA
-478336726,Checkers,0,GAME_OVER,52,51,2,335,2,MCTS_CheckersHeuristic,2,1,1,OSLA
-466729984,Checkers,0,GAME_OVER,62,61,2,336,1,MCTS_CheckersHeuristic,1,1,1,OSLA
-769715047,Checkers,0,GAME_OVER,21,20,2,337,2,MCTS_CheckersHeuristic,2,1,1,OSLA
-774285548,Checkers,0,GAME_OVER,25,24,2,338,2,MCTS_CheckersHeuristic,2,1,1,OSLA
2084347808,Checkers,0,GAME_OVER,21,20,2,339,2,MCTS_CheckersHeuristic,2,1,1,OSLA
-2058923387,Checkers,0,GAME_OVER,42,41,2,340,2,MCTS_CheckersHeuristic,2,1,1,OSLA
-1119502190,Checkers,0,GAME_OVER,22,21,2,341,2,MCTS_CheckersHeuristic,2,1,1,OSLA
-2076952699,Checkers,0,GAME_OVER,27,26,2,342,2,MCTS_CheckersHeuristic,2,1,1,OSLA
-873483826,Checkers,0,GAME_OVER,20,19,2,343,2,MCTS_CheckersHeuristic,2,1,1,OSLA
507753882,Checkers,0,GAME_OVER,33,32,2,344,2,MCTS_CheckersHeuristic,2,1,1,OSLA
-1486188188,Checkers,0,GAME_OVER,63,62,2,345,1,MCTS_CheckersHeuristic,1,1,1,OSLA
1239065860,Checkers,0,GAME_OVER,21,20,2,346,2,MCTS_CheckersHeuristic,2,1,1,OSLA
-461881487,Checkers,0,GAME_OVER,42,41,2,347,2,MCTS_CheckersHeuristic,2,1,1,OSLA
-221877266,Checkers,0,GAME_OVER,36,35,2,348,2,MCTS_CheckersHeuristic,2,1,1,OSLA
867774554,Checkers,0,GAME_OVER,33,32,2,349,2,MCTS_CheckersHeuristic,2,1,1,OSLA
-1889181584,Checkers,0,GAME_OVER,51,50,2,350,2,MCTS_CheckersHeuristic,2,1,1,OSLA
-1560211370,Checkers,0,GAME_OVER,20,19,2,351,2,MCTS_CheckersHeuristic,2,1,1,OSLA
-1686709094,Checkers,0,GAME_OVER,63,62,2,352,1,MCTS_CheckersHeuristic,1,1,1,OSLA
-1301473306,Checkers,0,GAME_OVER,20,19,2,353,2,MCTS_CheckersHeuristic,2,1,1,OSLA
1569206056,Checkers,0,GAME_OVER,26,25,2,354,2,MCTS_CheckersHeuristic,2,1,1,OSLA
-1556783840,Checkers,0,GAME_OVER,27,26,2,355,2,MCTS_CheckersHeuristic,2,1,1,OSLA
-2043270506,Checkers,0,GAME_OVER,23,22,2,356,2,MCTS_CheckersHeuristic,2,1,1,OSLA
661672969,Checkers,0,GAME_OVER,29,28,2,357,2,MCTS_CheckersHeuristic,2,1,1,OSLA
-541876835,Checkers,0,GAME_OVER,35,34,2,358,2,MCTS_CheckersHeuristic,2,1,1,OSLA
-1620991927,Checkers,0,GAME_OVER,25,24,2,359,2,MCTS_CheckersHeuristic,2,1,1,OSLA
-2020488339,Checkers,0,GAME_OVER,25,24,2,360,2,MCTS_CheckersHeuristic,2,1,1,OSLA
830170360,Checkers,0,GAME_OVER,37,36,2,361,2,MCTS_CheckersHeuristic,2,1,1,OSLA
-1720199390,Checkers,0,GAME_OVER,20,19,2,362,2,MCTS_CheckersHeuristic,2,1,1,OSLA
-924716186,Checkers,0,GAME_OVER,46,45,2,363,2,MCTS_CheckersHeuristic,2,1,1,OSLA
-1673767628,Checkers,0,GAME_OVER,26,25,2,364,2,MCTS_CheckersHeuristic,2,1,1,OSLA
1753098236,Checkers,0,GAME_OVER,24,23,2,365,2,MCTS_CheckersHeuristic,2,1,1,OSLA
1151117062,Checkers,0,GAME_OVER,26,25,2,366,2,MCTS_CheckersHeuristic,2,1,1,OSLA
1069710510,Checkers,0,GAME_OVER,69,68,2,367,1,MCTS_CheckersHeuristic,1,1,1,OSLA
1752217528,Checkers,0,GAME_OVER,88,87,2,368,1,MCTS_CheckersHeuristic,1,1,1,OSLA
-1808536935,Checkers,0,GAME_OVER,24,23,2,369,2,MCTS_CheckersHeuristic,2,1,1,OSLA
-191891741,Checkers,0,GAME_OVER,22,21,2,370,2,MCTS_CheckersHeuristic,2,1,1,OSLA
-1145392964,Checkers,0,GAME_OVER,30,29,2,371,2,MCTS_CheckersHeuristic,2,1,1,OSLA
-2135730954,Checkers,0,GAME_OVER,20,19,2,372,2,MCTS_CheckersHeuristic,2,1,1,OSLA
1162021874,Checkers,0,GAME_OVER,24,23,2,373,2,MCTS_CheckersHeuristic,2,1,1,OSLA
873291320,Checkers,0,GAME_OVER,63,62,2,374,1,MCTS_CheckersHeuristic,1,1,1,OSLA
1811180692,Checkers,0,GAME_OVER,47,46,2,375,2,MCTS_CheckersHeuristic,2,1,1,OSLA
111652047,Checkers,0,GAME_OVER,21,20,2,376,2,MCTS_CheckersHeuristic,2,1,1,OSLA
-160771989,Checkers,0,GAME_OVER,23,22,2,377,2,MCTS_CheckersHeuristic,2,1,1,OSLA
-1527343307,Checkers,0,GAME_OVER,64,63,2,378,1,MCTS_CheckersHeuristic,1,1,1,OSLA
178007011,Checkers,0,GAME_OVER,21,20,2,379,2,MCTS_CheckersHeuristic,2,1,1,OSLA
-1930915844,Checkers,0,GAME_OVER,57,56,2,380,2,MCTS_CheckersHeuristic,2,1,1,OSLA
-565687408,Checkers,0,GAME_OVER,23,22,2,381,2,MCTS_CheckersHeuristic,2,1,1,OSLA
-1854018346,Checkers,0,GAME_OVER,27,26,2,382,2,MCTS_CheckersHeuristic,2,1,1,OSLA
-1656234102,Checkers,0,GAME_OVER,27,26,2,383,2,MCTS_CheckersHeuristic,2,1,1,OSLA
-1589899714,Checkers,0,GAME_OVER,25,24,2,384,2,MCTS_CheckersHeuristic,2,1,1,OSLA
526746677,Checkers,0,GAME_OVER,38,37,2,385,2,MCTS_CheckersHeuristic,2,1,1,OSLA
-2042563021,Checkers,0,GAME_OVER,27,26,2,386,2,MCTS_CheckersHeuristic,2,1,1,OSLA
-1609160611,Checkers,0,GAME_OVER,24,23,2,387,2,MCTS_CheckersHeuristic,2,1,1,OSLA
1549505498,Checkers,0,GAME_OVER,29,28,2,388,2,MCTS_CheckersHeuristic,2,1,1,OSLA
-1982581027,Checkers,0,GAME_OVER,42,41,2,389,2,MCTS_CheckersHeuristic,2,1,1,OSLA
-1207749867,Checkers,0,GAME_OVER,20,19,2,390,2,MCTS_CheckersHeuristic,2,1,1,OSLA
-1354761689,Checkers,0,GAME_OVER,35,34,2,391,2,MCTS_CheckersHeuristic,2,1,1,OSLA
756804164,Checkers,0,GAME_OVER,19,18,2,392,2,MCTS_CheckersHeuristic,2,1,1,OSLA
-909649313,Checkers,0,GAME_OVER,48,47,2,393,2,MCTS_CheckersHeuristic,2,1,1,OSLA
-1164091956,Checkers,0,GAME_OVER,26,25,2,394,2,MCTS_CheckersHeuristic,2,1,1,OSLA
-1242371343,Checkers,0,GAME_OVER,31,30,2,395,2,MCTS_CheckersHeuristic,2,1,1,OSLA
-112717798,Checkers,0,GAME_OVER,62,61,2,396,1,MCTS_CheckersHeuristic,1,1,1,OSLA
-1346843962,Checkers,0,GAME_OVER,40,39,2,397,2,MCTS_CheckersHeuristic,2,1,1,OSLA
313493055,Checkers,0,GAME_OVER,24,23,2,398,2,MCTS_CheckersHeuristic,2,1,1,OSLA
1240117891,Checkers,0,GAME_OVER,20,19,2,399,2,MCTS_CheckersHeuristic,2,1,1,OSLA
205331539,Checkers,0,GAME_OVER,23,22,2,400,2,MCTS_CheckersHeuristic,2,1,1,OSLA
1658109561,Checkers,0,GAME_OVER,26,25,2,401,2,MCTS_CheckersHeuristic,2,1,1,OSLA
-404168193,Checkers,0,GAME_OVER,15,14,2,402,2,MCTS_CheckersHeuristic,2,1,1,RandomPlayerConfig
-387014737,Checkers,0,GAME_OVER,16,15,2,403,2,MCTS_CheckersHeuristic,2,1,1,RandomPlayerConfig
357572797,Checkers,0,GAME_OVER,20,19,2,404,2,MCTS_CheckersHeuristic,2,1,1,RandomPlayerConfig
-1920641588,Checkers,0,GAME_OVER,17,16,2,405,2,MCTS_CheckersHeuristic,2,1,1,RandomPlayerConfig
-453948078,Checkers,0,GAME_OVER,27,26,2,406,2,MCTS_CheckersHeuristic,2,1,1,RandomPlayerConfig
728410788,Checkers,0,GAME_OVER,16,15,2,407,2,MCTS_CheckersHeuristic,2,1,1,RandomPlayerConfig
-900145433,Checkers,0,GAME_OVER,21,20,2,408,2,MCTS_CheckersHeuristic,2,1,1,RandomPlayerConfig
344606389,Checkers,0,GAME_OVER,18,17,2,409,2,MCTS_CheckersHeuristic,2,1,1,RandomPlayerConfig
-1335101607,Checkers,0,GAME_OVER,16,15,2,410,2,MCTS_CheckersHeuristic,2,1,1,RandomPlayerConfig
-827583292,Checkers,0,GAME_OVER,19,18,2,411,2,MCTS_CheckersHeuristic,2,1,1,RandomPlayerConfig
473978057,Checkers,0,GAME_OVER,21,20,2,412,2,MCTS_CheckersHeuristic,2,1,1,RandomPlayerConfig
-1118339258,Checkers,0,GAME_OVER,27,26,2,413,2,MCTS_CheckersHeuristic,2,1,1,RandomPlayerConfig
36298063,Checkers,0,GAME_OVER,24,23,2,414,2,MCTS_CheckersHeuristic,2,1,1,RandomPlayerConfig
-58081034,Checkers,0,GAME_OVER,19,18,2,415,2,MCTS_CheckersHeuristic,2,1,1,RandomPlayerConfig
1068116273,Checkers,0,GAME_OVER,23,22,2,416,2,MCTS_CheckersHeuristic,2,1,1,RandomPlayerConfig
-2078364872,Checkers,0,GAME_OVER,15,14,2,417,2,MCTS_CheckersHeuristic,2,1,1,RandomPlayerConfig
971111684,Checkers,0,GAME_OVER,19,18,2,418,2,MCTS_CheckersHeuristic,2,1,1,RandomPlayerConfig
929425713,Checkers,0,GAME_OVER,19,18,2,419,2,MCTS_CheckersHeuristic,2,1,1,RandomPlayerConfig
1804473508,Checkers,0,GAME_OVER,19,18,2,420,2,MCTS_CheckersHeuristic,2,1,1,RandomPlayerConfig
1765188812,Checkers,0,GAME_OVER,18,17,2,421,2,MCTS_CheckersHeuristic,2,1,1,RandomPlayerConfig
1915732207,Checkers,0,GAME_OVER,22,21,2,422,2,MCTS_CheckersHeuristic,2,1,1,RandomPlayerConfig
793339,Checkers,0,GAME_OVER,20,19,2,423,2,MCTS_CheckersHeuristic,2,1,1,RandomPlayerConfig
726334869,Checkers,0,GAME_OVER,19,18,2,424,2,MCTS_CheckersHeuristic,2,1,1,RandomPlayerConfig
-1501221137,Checkers,0,GAME_OVER,18,17,2,425,2,MCTS_CheckersHeuristic,2,1,1,RandomPlayerConfig
218339721,Checkers,0,GAME_OVER,17,16,2,426,2,MCTS_CheckersHeuristic,2,1,1,RandomPlayerConfig
-53217236,Checkers,0,GAME_OVER,18,17,2,427,2,MCTS_CheckersHeuristic,2,1,1,RandomPlayerConfig
-296541228,Checkers,0,GAME_OVER,21,20,2,428,2,MCTS_CheckersHeuristic,2,1,1,RandomPlayerConfig
835169688,Checkers,0,GAME_OVER,23,22,2,429,2,MCTS_CheckersHeuristic,2,1,1,RandomPlayerConfig
913528792,Checkers,0,GAME_OVER,20,19,2,430,2,MCTS_CheckersHeuristic,2,1,1,RandomPlayerConfig
-1238843401,Checkers,0,GAME_OVER,18,17,2,431,2,MCTS_CheckersHeuristic,2,1,1,RandomPlayerConfig
-626323644,Checkers,0,GAME_OVER,21,20,2,432,2,MCTS_CheckersHeuristic,2,1,1,RandomPlayerConfig
-1929084812,Checkers,0,GAME_OVER,21,20,2,433,2,MCTS_CheckersHeuristic,2,1,1,RandomPlayerConfig
1134370121,Checkers,0,GAME_OVER,20,19,2,434,2,MCTS_CheckersHeuristic,2,1,1,RandomPlayerConfig
-804133846,Checkers,0,GAME_OVER,19,18,2,435,2,MCTS_CheckersHeuristic,2,1,1,RandomPlayerConfig
-1797507631,Checkers,0,GAME_OVER,21,20,2,436,2,MCTS_CheckersHeuristic,2,1,1,RandomPlayerConfig
2128929733,Checkers,0,GAME_OVER,21,20,2,437,2,MCTS_CheckersHeuristic,2,1,1,RandomPlayerConfig
-81201981,Checkers,0,GAME_OVER,22,21,2,438,2,MCTS_CheckersHeuristic,2,1,1,RandomPlayerConfig
-816238924,Checkers,0,GAME_OVER,21,20,2,439,2,MCTS_CheckersHeuristic,2,1,1,RandomPlayerConfig
-2070442848,Checkers,0,GAME_OVER,16,15,2,440,2,MCTS_CheckersHeuristic,2,1,1,RandomPlayerConfig
1313962887,Checkers,0,GAME_OVER,20,19,2,441,2,MCTS_CheckersHeuristic,2,1,1,RandomPlayerConfig
421685496,Checkers,0,GAME_OVER,22,21,2,442,2,MCTS_CheckersHeuristic,2,1,1,RandomPlayerConfig
665795432,Checkers,0,GAME_OVER,21,20,2,443,2,MCTS_CheckersHeuristic,2,1,1,RandomPlayerConfig
-665618297,Checkers,0,GAME_OVER,23,22,2,444,2,MCTS_CheckersHeuristic,2,1,1,RandomPlayerConfig
1974070484,Checkers,0,GAME_OVER,20,19,2,445,2,MCTS_CheckersHeuristic,2,1,1,RandomPlayerConfig
-1314608131,Checkers,0,GAME_OVER,20,19,2,446,2,MCTS_CheckersHeuristic,2,1,1,RandomPlayerConfig
-1091089921,Checkers,0,GAME_OVER,18,17,2,447,2,MCTS_CheckersHeuristic,2,1,1,RandomPlayerConfig
-1628188226,Checkers,0,GAME_OVER,57,56,2,448,2,MCTS_CheckersHeuristic,2,1,1,RandomPlayerConfig
76687752,Checkers,0,GAME_OVER,22,21,2,449,2,MCTS_CheckersHeuristic,2,1,1,RandomPlayerConfig
979969052,Checkers,0,GAME_OVER,21,20,2,450,2,MCTS_CheckersHeuristic,2,1,1,RandomPlayerConfig
-1125143453,Checkers,0,GAME_OVER,22,21,2,451,2,MCTS_CheckersHeuristic,2,1,1,RandomPlayerConfig
608300759,Checkers,0,GAME_OVER,17,16,2,452,2,MCTS_CheckersHeuristic,2,1,1,RandomPlayerConfig
-1982442968,Checkers,0,GAME_OVER,18,17,2,453,2,MCTS_CheckersHeuristic,2,1,1,RandomPlayerConfig
-739151383,Checkers,0,GAME_OVER,18,17,2,454,2,MCTS_CheckersHeuristic,2,1,1,RandomPlayerConfig
1711035690,Checkers,0,GAME_OVER,19,18,2,455,2,MCTS_CheckersHeuristic,2,1,1,RandomPlayerConfig
-286922005,Checkers,0,GAME_OVER,15,14,2,456,2,MCTS_CheckersHeuristic,2,1,1,RandomPlayerConfig
-74427905,Checkers,0,GAME_OVER,19,18,2,457,2,MCTS_CheckersHeuristic,2,1,1,RandomPlayerConfig
352535442,Checkers,0,GAME_OVER,18,17,2,458,2,MCTS_CheckersHeuristic,2,1,1,RandomPlayerConfig
-1473426848,Checkers,0,GAME_OVER,21,20,2,459,2,MCTS_CheckersHeuristic,2,1,1,RandomPlayerConfig
1542560533,Checkers,0,GAME_OVER,23,22,2,460,2,MCTS_CheckersHeuristic,2,1,1,RandomPlayerConfig
-1463248502,Checkers,0,GAME_OVER,23,22,2,461,2,MCTS_CheckersHeuristic,2,1,1,RandomPlayerConfig
-541226629,Checkers,0,GAME_OVER,19,18,2,462,2,MCTS_CheckersHeuristic,2,1,1,RandomPlayerConfig
-1292697463,Checkers,0,GAME_OVER,21,20,2,463,2,MCTS_CheckersHeuristic,2,1,1,RandomPlayerConfig
-1608456412,Checkers,0,GAME_OVER,22,21,2,464,2,MCTS_CheckersHeuristic,2,1,1,RandomPlayerConfig
1870502677,Checkers,0,GAME_OVER,21,20,2,465,2,MCTS_CheckersHeuristic,2,1,1,RandomPlayerConfig
1005838346,Checkers,0,GAME_OVER,14,13,2,466,2,MCTS_CheckersHeuristic,2,1,1,RandomPlayerConfig
2022629861,Checkers,0,GAME_OVER,17,16,2,467,2,MCTS_CheckersHeuristic,2,1,1,RandomPlayerConfig
-1459979893,Checkers,0,GAME_OVER,22,21,2,468,2,MCTS_CheckersHeuristic,2,1,1,RandomPlayerConfig
-1030492763,Checkers,0,GAME_OVER,24,23,2,469,2,MCTS_CheckersHeuristic,2,1,1,RandomPlayerConfig
2146845374,Checkers,0,GAME_OVER,19,18,2,470,2,MCTS_CheckersHeuristic,2,1,1,RandomPlayerConfig
-462518795,Checkers,0,GAME_OVER,19,18,2,471,2,MCTS_CheckersHeuristic,2,1,1,RandomPlayerConfig
-617153892,Checkers,0,GAME_OVER,20,19,2,472,2,MCTS_CheckersHeuristic,2,1,1,RandomPlayerConfig
652950040,Checkers,0,GAME_OVER,22,21,2,473,2,MCTS_CheckersHeuristic,2,1,1,RandomPlayerConfig
884497542,Checkers,0,GAME_OVER,20,19,2,474,2,MCTS_CheckersHeuristic,2,1,1,RandomPlayerConfig
931421502,Checkers,0,GAME_OVER,19,18,2,475,2,MCTS_CheckersHeuristic,2,1,1,RandomPlayerConfig
1602505461,Checkers,0,GAME_OVER,32,31,2,476,2,MCTS_CheckersHeuristic,2,1,1,RandomPlayerConfig
-1007528309,Checkers,0,GAME_OVER,28,27,2,477,2,MCTS_CheckersHeuristic,2,1,1,RandomPlayerConfig
-1381168816,Checkers,0,GAME_OVER,23,22,2,478,2,MCTS_CheckersHeuristic,2,1,1,RandomPlayerConfig
-1281829556,Checkers,0,GAME_OVER,22,21,2,479,2,MCTS_CheckersHeuristic,2,1,1,RandomPlayerConfig
-1508019910,Checkers,0,GAME_OVER,16,15,2,480,2,MCTS_CheckersHeuristic,2,1,1,RandomPlayerConfig
618083323,Checkers,0,GAME_OVER,31,30,2,481,2,MCTS_CheckersHeuristic,2,1,1,RandomPlayerConfig
-1528832801,Checkers,0,GAME_OVER,20,19,2,482,2,MCTS_CheckersHeuristic,2,1,1,RandomPlayerConfig
616249593,Checkers,0,GAME_OVER,19,18,2,483,2,MCTS_CheckersHeuristic,2,1,1,RandomPlayerConfig
201797380,Checkers,0,GAME_OVER,23,22,2,484,2,MCTS_CheckersHeuristic,2,1,1,RandomPlayerConfig
-367689170,Checkers,0,GAME_OVER,19,18,2,485,2,MCTS_CheckersHeuristic,2,1,1,RandomPlayerConfig
-903888159,Checkers,0,GAME_OVER,15,14,2,486,2,MCTS_CheckersHeuristic,2,1,1,RandomPlayerConfig
212455662,Checkers,0,GAME_OVER,16,15,2,487,2,MCTS_CheckersHeuristic,2,1,1,RandomPlayerConfig
1431073048,Checkers,0,GAME_OVER,17,16,2,488,2,MCTS_CheckersHeuristic,2,1,1,RandomPlayerConfig
-1443811885,Checkers,0,GAME_OVER,18,17,2,489,2,MCTS_CheckersHeuristic,2,1,1,RandomPlayerConfig
-441775040,Checkers,0,GAME_OVER,20,19,2,490,2,MCTS_CheckersHeuristic,2,1,1,RandomPlayerConfig
461178986,Checkers,0,GAME_OVER,20,19,2,491,2,MCTS_CheckersHeuristic,2,1,1,RandomPlayerConfig
-1382740261,Checkers,0,GAME_OVER,21,20,2,492,2,MCTS_CheckersHeuristic,2,1,1,RandomPlayerConfig
-1214767896,Checkers,0,GAME_OVER,17,16,2,493,2,MCTS_CheckersHeuristic,2,1,1,RandomPlayerConfig
1425964472,Checkers,0,GAME_OVER,20,19,2,494,2,MCTS_CheckersHeuristic,2,1,1,RandomPlayerConfig
593074754,Checkers,0,GAME_OVER,20,19,2,495,2,MCTS_CheckersHeuristic,2,1,1,RandomPlayerConfig
1998884101,Checkers,0,GAME_OVER,21,20,2,496,2,MCTS_CheckersHeuristic,2,1,1,RandomPlayerConfig
-1099379365,Checkers,0,GAME_OVER,26,25,2,497,2,MCTS_CheckersHeuristic,2,1,1,RandomPlayerConfig
2020488105,Checkers,0,GAME_OVER,34,33,2,498,2,MCTS_CheckersHeuristic,2,1,1,RandomPlayerConfig
-22410712,Checkers,0,GAME_OVER,18,17,2,499,2,MCTS_CheckersHeuristic,2,1,1,RandomPlayerConfig
-1225402475,Checkers,0,GAME_OVER,20,19,2,500,2,MCTS_CheckersHeuristic,2,1,1,RandomPlayerConfig
-1206797836,Checkers,0,GAME_OVER,23,22,2,501,2,MCTS_CheckersHeuristic,2,1,1,RandomPlayerConfig
1799909165,Checkers,0,GAME_OVER,18,17,2,502,2,MCTS_CheckersHeuristic,2,1,1,RandomPlayerConfig
-1583354321,Checkers,0,GAME_OVER,23,22,2,503,2,MCTS_CheckersHeuristic,2,1,1,RandomPlayerConfig
-293329148,Checkers,0,GAME_OVER,24,23,2,504,2,MCTS_CheckersHeuristic,2,1,1,RandomPlayerConfig
-2007520911,Checkers,0,GAME_OVER,23,22,2,505,2,MCTS_CheckersHeuristic,2,1,1,RandomPlayerConfig
-1280335763,Checkers,0,GAME_OVER,18,17,2,506,2,MCTS_CheckersHeuristic,2,1,1,RandomPlayerConfig
1019333774,Checkers,0,GAME_OVER,21,20,2,507,2,MCTS_CheckersHeuristic,2,1,1,RandomPlayerConfig
-1340046147,Checkers,0,GAME_OVER,21,20,2,508,2,MCTS_CheckersHeuristic,2,1,1,RandomPlayerConfig
-1374729230,Checkers,0,GAME_OVER,23,22,2,509,2,MCTS_CheckersHeuristic,2,1,1,RandomPlayerConfig
-1403370960,Checkers,0,GAME_OVER,24,23,2,510,2,MCTS_CheckersHeuristic,2,1,1,RandomPlayerConfig
1733464483,Checkers,0,GAME_OVER,21,20,2,511,2,MCTS_CheckersHeuristic,2,1,1,RandomPlayerConfig
-457792821,Checkers,0,GAME_OVER,18,17,2,512,2,MCTS_CheckersHeuristic,2,1,1,RandomPlayerConfig
-1017591145,Checkers,0,GAME_OVER,21,20,2,513,2,MCTS_CheckersHeuristic,2,1,1,RandomPlayerConfig
1178360500,Checkers,0,GAME_OVER,20,19,2,514,2,MCTS_CheckersHeuristic,2,1,1,RandomPlayerConfig
2041307707,Checkers,0,GAME_OVER,16,15,2,515,2,MCTS_CheckersHeuristic,2,1,1,RandomPlayerConfig
953875155,Checkers,0,GAME_OVER,16,15,2,516,2,MCTS_CheckersHeuristic,2,1,1,RandomPlayerConfig
-1116590745,Checkers,0,GAME_OVER,20,19,2,517,2,MCTS_CheckersHeuristic,2,1,1,RandomPlayerConfig
2080880065,Checkers,0,GAME_OVER,18,17,2,518,2,MCTS_CheckersHeuristic,2,1,1,RandomPlayerConfig
-780874224,Checkers,0,GAME_OVER,21,20,2,519,2,MCTS_CheckersHeuristic,2,1,1,RandomPlayerConfig
1445423173,Checkers,0,GAME_OVER,20,19,2,520,2,MCTS_CheckersHeuristic,2,1,1,RandomPlayerConfig
-878724237,Checkers,0,GAME_OVER,21,20,2,521,2,MCTS_CheckersHeuristic,2,1,1,RandomPlayerConfig
-626185222,Checkers,0,GAME_OVER,23,22,2,522,2,MCTS_CheckersHeuristic,2,1,1,RandomPlayerConfig
-1338857838,Checkers,0,GAME_OVER,17,16,2,523,2,MCTS_CheckersHeuristic,2,1,1,RandomPlayerConfig
-1131761202,Checkers,0,GAME_OVER,21,20,2,524,2,MCTS_CheckersHeuristic,2,1,1,RandomPlayerConfig
-1569212102,Checkers,0,GAME_OVER,26,25,2,525,2,MCTS_CheckersHeuristic,2,1,1,RandomPlayerConfig
-639988875,Checkers,0,GAME_OVER,18,17,2,526,2,MCTS_CheckersHeuristic,2,1,1,RandomPlayerConfig
-934674966,Checkers,0,GAME_OVER,16,15,2,527,2,MCTS_CheckersHeuristic,2,1,1,RandomPlayerConfig
1082308112,Checkers,0,GAME_OVER,18,17,2,528,2,MCTS_CheckersHeuristic,2,1,1,RandomPlayerConfig
-859756209,Checkers,0,GAME_OVER,18,17,2,529,2,MCTS_CheckersHeuristic,2,1,1,RandomPlayerConfig
991294862,Checkers,0,GAME_OVER,21,20,2,530,2,MCTS_CheckersHeuristic,2,1,1,RandomPlayerConfig
-1453190597,Checkers,0,GAME_OVER,20,19,2,531,2,MCTS_CheckersHeuristic,2,1,1,RandomPlayerConfig
1585459093,Checkers,0,GAME_OVER,21,20,2,532,2,MCTS_CheckersHeuristic,2,1,1,RandomPlayerConfig
199979832,Checkers,0,GAME_OVER,22,21,2,533,2,MCTS_CheckersHeuristic,2,1,1,RandomPlayerConfig
785434104,Checkers,0,GAME_OVER,19,18,2,534,2,MCTS_CheckersHeuristic,2,1,1,RandomPlayerConfig
-478336726,Checkers,0,GAME_OVER,18,17,2,535,2,MCTS_CheckersHeuristic,2,1,1,RandomPlayerConfig
-466729984,Checkers,0,GAME_OVER,24,23,2,536,2,MCTS_CheckersHeuristic,2,1,1,RandomPlayerConfig
-769715047,Checkers,0,GAME_OVER,19,18,2,537,2,MCTS_CheckersHeuristic,2,1,1,RandomPlayerConfig
-774285548,Checkers,0,GAME_OVER,27,26,2,538,2,MCTS_CheckersHeuristic,2,1,1,RandomPlayerConfig
2084347808,Checkers,0,GAME_OVER,18,17,2,539,2,MCTS_CheckersHeuristic,2,1,1,RandomPlayerConfig
-2058923387,Checkers,0,GAME_OVER,27,26,2,540,2,MCTS_CheckersHeuristic,2,1,1,RandomPlayerConfig
-1119502190,Checkers,0,GAME_OVER,23,22,2,541,2,MCTS_CheckersHeuristic,2,1,1,RandomPlayerConfig
-2076952699,Checkers,0,GAME_OVER,20,19,2,542,2,MCTS_CheckersHeuristic,2,1,1,RandomPlayerConfig
-873483826,Checkers,0,GAME_OVER,18,17,2,543,2,MCTS_CheckersHeuristic,2,1,1,RandomPlayerConfig
507753882,Checkers,0,GAME_OVER,17,16,2,544,2,MCTS_CheckersHeuristic,2,1,1,RandomPlayerConfig
-1486188188,Checkers,0,GAME_OVER,18,17,2,545,2,MCTS_CheckersHeuristic,2,1,1,RandomPlayerConfig
1239065860,Checkers,0,GAME_OVER,25,24,2,546,2,MCTS_CheckersHeuristic,2,1,1,RandomPlayerConfig
-461881487,Checkers,0,GAME_OVER,18,17,2,547,2,MCTS_CheckersHeuristic,2,1,1,RandomPlayerConfig
-221877266,Checkers,0,GAME_OVER,16,15,2,548,2,MCTS_CheckersHeuristic,2,1,1,RandomPlayerConfig
867774554,Checkers,0,GAME_OVER,19,18,2,549,2,MCTS_CheckersHeuristic,2,1,1,RandomPlayerConfig
-1889181584,Checkers,0,GAME_OVER,21,20,2,550,2,MCTS_CheckersHeuristic,2,1,1,RandomPlayerConfig
-1560211370,Checkers,0,GAME_OVER,21,20,2,551,2,MCTS_CheckersHeuristic,2,1,1,RandomPlayerConfig
-1686709094,Checkers,0,GAME_OVER,19,18,2,552,2,MCTS_CheckersHeuristic,2,1,1,RandomPlayerConfig
-1301473306,Checkers,0,GAME_OVER,20,19,2,553,2,MCTS_CheckersHeuristic,2,1,1,RandomPlayerConfig
1569206056,Checkers,0,GAME_OVER,19,18,2,554,2,MCTS_CheckersHeuristic,2,1,1,RandomPlayerConfig
-1556783840,Checkers,0,GAME_OVER,23,22,2,555,2,MCTS_CheckersHeuristic,2,1,1,RandomPlayerConfig
-2043270506,Checkers,0,GAME_OVER,16,15,2,556,2,MCTS_CheckersHeuristic,2,1,1,RandomPlayerConfig
661672969,Checkers,0,GAME_OVER,36,35,2,557,2,MCTS_CheckersHeuristic,2,1,1,RandomPlayerConfig
-541876835,Checkers,0,GAME_OVER,18,17,2,558,2,MCTS_CheckersHeuristic,2,1,1,RandomPlayerConfig
-1620991927,Checkers,0,GAME_OVER,18,17,2,559,2,MCTS_CheckersHeuristic,2,1,1,RandomPlayerConfig
-2020488339,Checkers,0,GAME_OVER,24,23,2,560,2,MCTS_CheckersHeuristic,2,1,1,RandomPlayerConfig
830170360,Checkers,0,GAME_OVER,21,20,2,561,2,MCTS_CheckersHeuristic,2,1,1,RandomPlayerConfig
-1720199390,Checkers,0,GAME_OVER,15,14,2,562,2,MCTS_CheckersHeuristic,2,1,1,RandomPlayerConfig
-924716186,Checkers,0,GAME_OVER,20,19,2,563,2,MCTS_CheckersHeuristic,2,1,1,RandomPlayerConfig
-1673767628,Checkers,0,GAME_OVER,18,17,2,564,2,MCTS_CheckersHeuristic,2,1,1,RandomPlayerConfig
1753098236,Checkers,0,GAME_OVER,18,17,2,565,2,MCTS_CheckersHeuristic,2,1,1,RandomPlayerConfig
1151117062,Checkers,0,GAME_OVER,21,20,2,566,2,MCTS_CheckersHeuristic,2,1,1,RandomPlayerConfig
1069710510,Checkers,0,GAME_OVER,23,22,2,567,2,MCTS_CheckersHeuristic,2,1,1,RandomPlayerConfig
1752217528,Checkers,0,GAME_OVER,18,17,2,568,2,MCTS_CheckersHeuristic,2,1,1,RandomPlayerConfig
-1808536935,Checkers,0,GAME_OVER,19,18,2,569,2,MCTS_CheckersHeuristic,2,1,1,RandomPlayerConfig
-191891741,Checkers,0,GAME_OVER,24,23,2,570,2,MCTS_CheckersHeuristic,2,1,1,RandomPlayerConfig
-1145392964,Checkers,0,GAME_OVER,18,17,2,571,2,MCTS_CheckersHeuristic,2,1,1,RandomPlayerConfig
-2135730954,Checkers,0,GAME_OVER,23,22,2,572,2,MCTS_CheckersHeuristic,2,1,1,RandomPlayerConfig
1162021874,Checkers,0,GAME_OVER,16,15,2,573,2,MCTS_CheckersHeuristic,2,1,1,RandomPlayerConfig
873291320,Checkers,0,GAME_OVER,16,15,2,574,2,MCTS_CheckersHeuristic,2,1,1,RandomPlayerConfig
1811180692,Checkers,0,GAME_OVER,19,18,2,575,2,MCTS_CheckersHeuristic,2,1,1,RandomPlayerConfig
111652047,Checkers,0,GAME_OVER,17,16,2,576,2,MCTS_CheckersHeuristic,2,1,1,RandomPlayerConfig
-160771989,Checkers,0,GAME_OVER,28,27,2,577,2,MCTS_CheckersHeuristic,2,1,1,RandomPlayerConfig
-1527343307,Checkers,0,GAME_OVER,31,30,2,578,2,MCTS_CheckersHeuristic,2,1,1,RandomPlayerConfig
178007011,Checkers,0,GAME_OVER,29,28,2,579,2,MCTS_CheckersHeuristic,2,1,1,RandomPlayerConfig
-1930915844,Checkers,0,GAME_OVER,17,16,2,580,2,MCTS_CheckersHeuristic,2,1,1,RandomPlayerConfig
-565687408,Checkers,0,GAME_OVER,30,29,2,581,2,MCTS_CheckersHeuristic,2,1,1,RandomPlayerConfig
-1854018346,Checkers,0,GAME_OVER,29,28,2,582,2,MCTS_CheckersHeuristic,2,1,1,RandomPlayerConfig
-1656234102,Checkers,0,GAME_OVER,18,17,2,583,2,MCTS_CheckersHeuristic,2,1,1,RandomPlayerConfig
-1589899714,Checkers,0,GAME_OVER,20,19,2,584,2,MCTS_CheckersHeuristic,2,1,1,RandomPlayerConfig
526746677,Checkers,0,GAME_OVER,21,20,2,585,2,MCTS_CheckersHeuristic,2,1,1,RandomPlayerConfig
-2042563021,Checkers,0,GAME_OVER,18,17,2,586,2,MCTS_CheckersHeuristic,2,1,1,RandomPlayerConfig
-1609160611,Checkers,0,GAME_OVER,20,19,2,587,2,MCTS_CheckersHeuristic,2,1,1,RandomPlayerConfig
1549505498,Checkers,0,GAME_OVER,18,17,2,588,2,MCTS_CheckersHeuristic,2,1,1,RandomPlayerConfig
-1982581027,Checkers,0,GAME_OVER,20,19,2,589,2,MCTS_CheckersHeuristic,2,1,1,RandomPlayerConfig
-1207749867,Checkers,0,GAME_OVER,21,20,2,590,2,MCTS_CheckersHeuristic,2,1,1,RandomPlayerConfig
-1354761689,Checkers,0,GAME_OVER,21,20,2,591,2,MCTS_CheckersHeuristic,2,1,1,RandomPlayerConfig
756804164,Checkers,0,GAME_OVER,22,21,2,592,2,MCTS_CheckersHeuristic,2,1,1,RandomPlayerConfig
-909649313,Checkers,0,GAME_OVER,15,14,2,593,2,MCTS_CheckersHeuristic,2,1,1,RandomPlayerConfig
-1164091956,Checkers,0,GAME_OVER,33,32,2,594,2,MCTS_CheckersHeuristic,2,1,1,RandomPlayerConfig
-1242371343,Checkers,0,GAME_OVER,19,18,2,595,2,MCTS_CheckersHeuristic,2,1,1,RandomPlayerConfig
-112717798,Checkers,0,GAME_OVER,21,20,2,596,2,MCTS_CheckersHeuristic,2,1,1,RandomPlayerConfig
-1346843962,Checkers,0,GAME_OVER,19,18,2,597,2,MCTS_CheckersHeuristic,2,1,1,RandomPlayerConfig
313493055,Checkers,0,GAME_OVER,38,37,2,598,2,MCTS_CheckersHeuristic,2,1,1,RandomPlayerConfig
1240117891,Checkers,0,GAME_OVER,19,18,2,599,2,MCTS_CheckersHeuristic,2,1,1,RandomPlayerConfig
205331539,Checkers,0,GAME_OVER,17,16,2,600,2,MCTS_CheckersHeuristic,2,1,1,RandomPlayerConfig
1658109561,Checkers,0,GAME_OVER,20,19,2,601,2,MCTS_CheckersHeuristic,2,1,1,RandomPlayerConfig
-404168193,Checkers,0,GAME_OVER,55,54,2,602,1,OSLA,1,2,2,MCTS_CheckersHeuristic
-387014737,Checkers,0,GAME_OVER,22,21,2,603,1,OSLA,1,2,2,MCTS_CheckersHeuristic
357572797,Checkers,0,GAME_OVER,32,31,2,604,1,OSLA,1,2,2,MCTS_CheckersHeuristic
-1920641588,Checkers,0,GAME_OVER,25,24,2,605,1,OSLA,1,2,2,MCTS_CheckersHeuristic
-453948078,Checkers,0,GAME_OVER,28,27,2,606,1,OSLA,1,2,2,MCTS_CheckersHeuristic
728410788,Checkers,0,GAME_OVER,34,33,2,607,1,OSLA,1,2,2,MCTS_CheckersHeuristic
-900145433,Checkers,0,GAME_OVER,23,22,2,608,1,OSLA,1,2,2,MCTS_CheckersHeuristic
344606389,Checkers,0,GAME_OVER,21,20,2,609,1,OSLA,1,2,2,MCTS_CheckersHeuristic
-1335101607,Checkers,0,GAME_OVER,90,89,2,610,1,OSLA,1,1,1,MCTS_CheckersHeuristic
-827583292,Checkers,0,GAME_OVER,21,20,2,611,1,OSLA,1,2,2,MCTS_CheckersHeuristic
473978057,Checkers,0,GAME_OVER,23,22,2,612,1,OSLA,1,2,2,MCTS_CheckersHeuristic
-1118339258,Checkers,0,GAME_OVER,27,26,2,613,1,OSLA,1,2,2,MCTS_CheckersHeuristic
36298063,Checkers,0,GAME_OVER,18,17,2,614,1,OSLA,1,2,2,MCTS_CheckersHeuristic
-58081034,Checkers,0,GAME_OVER,60,59,2,615,1,OSLA,1,2,2,MCTS_CheckersHeuristic
1068116273,Checkers,0,GAME_OVER,26,25,2,616,1,OSLA,1,2,2,MCTS_CheckersHeuristic
-2078364872,Checkers,0,GAME_OVER,31,30,2,617,1,OSLA,1,2,2,MCTS_CheckersHeuristic
971111684,Checkers,0,GAME_OVER,22,21,2,618,1,OSLA,1,2,2,MCTS_CheckersHeuristic
929425713,Checkers,0,GAME_OVER,69,68,2,619,2,OSLA,2,1,1,MCTS_CheckersHeuristic
1804473508,Checkers,0,GAME_OVER,23,22,2,620,1,OSLA,1,2,2,MCTS_CheckersHeuristic
1765188812,Checkers,0,GAME_OVER,29,28,2,621,1,OSLA,1,2,2,MCTS_CheckersHeuristic
1915732207,Checkers,0,GAME_OVER,25,24,2,622,1,OSLA,1,2,2,MCTS_CheckersHeuristic
793339,Checkers,0,GAME_OVER,79,78,2,623,1,OSLA,1,1,1,MCTS_CheckersHeuristic
726334869,Checkers,0,GAME_OVER,80,79,2,624,1,OSLA,1,1,1,MCTS_CheckersHeuristic
-1501221137,Checkers,0,GAME_OVER,22,21,2,625,1,OSLA,1,2,2,MCTS_CheckersHeuristic
218339721,Checkers,0,GAME_OVER,23,22,2,626,1,OSLA,1,2,2,MCTS_CheckersHeuristic
-53217236,Checkers,0,GAME_OVER,24,23,2,627,1,OSLA,1,2,2,MCTS_CheckersHeuristic
-296541228,Checkers,0,GAME_OVER,99,98,2,628,1,OSLA,1,1,1,MCTS_CheckersHeuristic
835169688,Checkers,0,GAME_OVER,62,61,2,629,1,OSLA,1,1,1,MCTS_CheckersHeuristic
913528792,Checkers,0,GAME_OVER,24,23,2,630,1,OSLA,1,2,2,MCTS_CheckersHeuristic
-1238843401,Checkers,0,GAME_OVER,21,20,2,631,1,OSLA,1,2,2,MCTS_CheckersHeuristic
-626323644,Checkers,0,GAME_OVER,29,28,2,632,1,OSLA,1,2,2,MCTS_CheckersHeuristic
-1929084812,Checkers,0,GAME_OVER,33,32,2,633,1,OSLA,1,2,2,MCTS_CheckersHeuristic
1134370121,Checkers,0,GAME_OVER,23,22,2,634,1,OSLA,1,2,2,MCTS_CheckersHeuristic
-804133846,Checkers,0,GAME_OVER,39,38,2,635,1,OSLA,1,2,2,MCTS_CheckersHeuristic
-1797507631,Checkers,0,GAME_OVER,16,15,2,636,1,OSLA,1,2,2,MCTS_CheckersHeuristic
2128929733,Checkers,0,GAME_OVER,49,48,2,637,1,OSLA,1,2,2,MCTS_CheckersHeuristic
-81201981,Checkers,0,GAME_OVER,68,67,2,638,1,OSLA,1,1,1,MCTS_CheckersHeuristic
-816238924,Checkers,0,GAME_OVER,30,29,2,639,1,OSLA,1,2,2,MCTS_CheckersHeuristic
-2070442848,Checkers,0,GAME_OVER,23,22,2,640,1,OSLA,1,2,2,MCTS_CheckersHeuristic
1313962887,Checkers,0,GAME_OVER,23,22,2,641,1,OSLA,1,2,2,MCTS_CheckersHeuristic
421685496,Checkers,0,GAME_OVER,21,20,2,642,1,OSLA,1,2,2,MCTS_CheckersHeuristic
665795432,Checkers,0,GAME_OVER,22,21,2,643,1,OSLA,1,2,2,MCTS_CheckersHeuristic
-665618297,Checkers,0,GAME_OVER,23,22,2,644,1,OSLA,1,2,2,MCTS_CheckersHeuristic
1974070484,Checkers,0,GAME_OVER,24,23,2,645,1,OSLA,1,2,2,MCTS_CheckersHeuristic
-1314608131,Checkers,0,GAME_OVER,61,60,2,646,1,OSLA,1,2,2,MCTS_CheckersHeuristic
-1091089921,Checkers,0,GAME_OVER,23,22,2,647,1,OSLA,1,2,2,MCTS_CheckersHeuristic
-1628188226,Checkers,0,GAME_OVER,32,31,2,648,1,OSLA,1,2,2,MCTS_CheckersHeuristic
76687752,Checkers,0,GAME_OVER,21,20,2,649,1,OSLA,1,2,2,MCTS_CheckersHeuristic
979969052,Checkers,0,GAME_OVER,29,28,2,650,1,OSLA,1,2,2,MCTS_CheckersHeuristic
-1125143453,Checkers,0,GAME_OVER,22,21,2,651,1,OSLA,1,2,2,MCTS_CheckersHeuristic
608300759,Checkers,0,GAME_OVER,21,20,2,652,1,OSLA,1,2,2,MCTS_CheckersHeuristic
-1982442968,Checkers,0,GAME_OVER,21,20,2,653,1,OSLA,1,2,2,MCTS_CheckersHeuristic
-739151383,Checkers,0,GAME_OVER,43,42,2,654,1,OSLA,1,2,2,MCTS_CheckersHeuristic
1711035690,Checkers,0,GAME_OVER,21,20,2,655,1,OSLA,1,2,2,MCTS_CheckersHeuristic
-286922005,Checkers,0,GAME_OVER,25,24,2,656,1,OSLA,1,2,2,MCTS_CheckersHeuristic
-74427905,Checkers,0,GAME_OVER,21,20,2,657,1,OSLA,1,2,2,MCTS_CheckersHeuristic
352535442,Checkers,0,GAME_OVER,36,35,2,658,1,OSLA,1,2,2,MCTS_CheckersHeuristic
-1473426848,Checkers,0,GAME_OVER,21,20,2,659,1,OSLA,1,2,2,MCTS_CheckersHeuristic
1542560533,Checkers,0,GAME_OVER,19,18,2,660,1,OSLA,1,2,2,MCTS_CheckersHeuristic
-1463248502,Checkers,0,GAME_OVER,59,58,2,661,1,OSLA,1,1,1,MCTS_CheckersHeuristic
-541226629,Checkers,0,GAME_OVER,27,26,2,662,1,OSLA,1,2,2,MCTS_CheckersHeuristic
-1292697463,Checkers,0,GAME_OVER,22,21,2,663,1,OSLA,1,2,2,MCTS_CheckersHeuristic
-1608456412,Checkers,0,GAME_OVER,44,43,2,664,1,OSLA,1,2,2,MCTS_CheckersHeuristic
1870502677,Checkers,0,GAME_OVER,18,17,2,665,1,OSLA,1,2,2,MCTS_CheckersHeuristic
1005838346,Checkers,0,GAME_OVER,22,21,2,666,1,OSLA,1,2,2,MCTS_CheckersHeuristic
2022629861,Checkers,0,GAME_OVER,52,51,2,667,1,OSLA,1,2,2,MCTS_CheckersHeuristic
-1459979893,Checkers,0,GAME_OVER,40,39,2,668,1,OSLA,1,2,2,MCTS_CheckersHeuristic
-1030492763,Checkers,0,GAME_OVER,27,26,2,669,1,OSLA,1,2,2,MCTS_CheckersHeuristic
2146845374,Checkers,0,GAME_OVER,57,56,2,670,1,OSLA,1,2,2,MCTS_CheckersHeuristic
-462518795,Checkers,0,GAME_OVER,22,21,2,671,1,OSLA,1,2,2,MCTS_CheckersHeuristic
-617153892,Checkers,0,GAME_OVER,20,19,2,672,1,OSLA,1,2,2,MCTS_CheckersHeuristic
652950040,Checkers,0,GAME_OVER,23,22,2,673,1,OSLA,1,2,2,MCTS_CheckersHeuristic
884497542,Checkers,0,GAME_OVER,30,29,2,674,1,OSLA,1,2,2,MCTS_CheckersHeuristic
931421502,Checkers,0,GAME_OVER,26,25,2,675,1,OSLA,1,2,2,MCTS_CheckersHeuristic
1602505461,Checkers,0,GAME_OVER,23,22,2,676,1,OSLA,1,2,2,MCTS_CheckersHeuristic
-1007528309,Checkers,0,GAME_OVER,40,39,2,677,1,OSLA,1,2,2,MCTS_CheckersHeuristic
-1381168816,Checkers,0,GAME_OVER,21,20,2,678,1,OSLA,1,2,2,MCTS_CheckersHeuristic
-1281829556,Checkers,0,GAME_OVER,28,27,2,679,1,OSLA,1,2,2,MCTS_CheckersHeuristic
-1508019910,Checkers,0,GAME_OVER,24,23,2,680,1,OSLA,1,2,2,MCTS_CheckersHeuristic
618083323,Checkers,0,GAME_OVER,23,22,2,681,1,OSLA,1,2,2,MCTS_CheckersHeuristic
-1528832801,Checkers,0,GAME_OVER,20,19,2,682,1,OSLA,1,2,2,MCTS_CheckersHeuristic
616249593,Checkers,0,GAME_OVER,46,45,2,683,1,OSLA,1,2,2,MCTS_CheckersHeuristic
201797380,Checkers,0,GAME_OVER,28,27,2,684,1,OSLA,1,2,2,MCTS_CheckersHeuristic
-367689170,Checkers,0,GAME_OVER,24,23,2,685,1,OSLA,1,2,2,MCTS_CheckersHeuristic
-903888159,Checkers,0,GAME_OVER,28,27,2,686,1,OSLA,1,2,2,MCTS_CheckersHeuristic
212455662,Checkers,0,GAME_OVER,33,32,2,687,1,OSLA,1,2,2,MCTS_CheckersHeuristic
1431073048,Checkers,0,GAME_OVER,64,63,2,688,1,OSLA,1,1,1,MCTS_CheckersHeuristic
-1443811885,Checkers,0,GAME_OVER,22,21,2,689,1,OSLA,1,2,2,MCTS_CheckersHeuristic
-441775040,Checkers,0,GAME_OVER,20,19,2,690,1,OSLA,1,2,2,MCTS_CheckersHeuristic
461178986,Checkers,0,GAME_OVER,27,26,2,691,1,OSLA,1,2,2,MCTS_CheckersHeuristic
-1382740261,Checkers,0,GAME_OVER,47,46,2,692,1,OSLA,1,2,2,MCTS_CheckersHeuristic
-1214767896,Checkers,0,GAME_OVER,23,22,2,693,1,OSLA,1,2,2,MCTS_CheckersHeuristic
1425964472,Checkers,0,GAME_OVER,28,27,2,694,1,OSLA,1,2,2,MCTS_CheckersHeuristic
593074754,Checkers,0,GAME_OVER,23,22,2,695,1,OSLA,1,2,2,MCTS_CheckersHeuristic
1998884101,Checkers,0,GAME_OVER,23,22,2,696,1,OSLA,1,2,2,MCTS_CheckersHeuristic
-1099379365,Checkers,0,GAME_OVER,41,40,2,697,1,OSLA,1,2,2,MCTS_CheckersHeuristic
2020488105,Checkers,0,GAME_OVER,21,20,2,698,1,OSLA,1,2,2,MCTS_CheckersHeuristic
-22410712,Checkers,0,GAME_OVER,20,19,2,699,1,OSLA,1,2,2,MCTS_CheckersHeuristic
-1225402475,Checkers,0,GAME_OVER,28,27,2,700,1,OSLA,1,2,2,MCTS_CheckersHeuristic
-1206797836,Checkers,0,GAME_OVER,23,22,2,701,1,OSLA,1,2,2,MCTS_CheckersHeuristic
1799909165,Checkers,0,GAME_OVER,59,58,2,702,1,OSLA,1,1,1,MCTS_CheckersHeuristic
-1583354321,Checkers,0,GAME_OVER,47,46,2,703,1,OSLA,1,2,2,MCTS_CheckersHeuristic
-293329148,Checkers,0,GAME_OVER,26,25,2,704,1,OSLA,1,2,2,MCTS_CheckersHeuristic
-2007520911,Checkers,0,GAME_OVER,23,22,2,705,1,OSLA,1,2,2,MCTS_CheckersHeuristic
-1280335763,Checkers,0,GAME_OVER,17,16,2,706,1,OSLA,1,2,2,MCTS_CheckersHeuristic
1019333774,Checkers,0,GAME_OVER,23,22,2,707,1,OSLA,1,2,2,MCTS_CheckersHeuristic
-1340046147,Checkers,0,GAME_OVER,46,45,2,708,1,OSLA,1,2,2,MCTS_CheckersHeuristic
-1374729230,Checkers,0,GAME_OVER,24,23,2,709,1,OSLA,1,2,2,MCTS_CheckersHeuristic
-1403370960,Checkers,0,GAME_OVER,25,24,2,710,1,OSLA,1,2,2,MCTS_CheckersHeuristic
1733464483,Checkers,0,GAME_OVER,21,20,2,711,1,OSLA,1,2,2,MCTS_CheckersHeuristic
-457792821,Checkers,0,GAME_OVER,30,29,2,712,1,OSLA,1,2,2,MCTS_CheckersHeuristic
-1017591145,Checkers,0,GAME_OVER,47,46,2,713,1,OSLA,1,2,2,MCTS_CheckersHeuristic
1178360500,Checkers,0,GAME_OVER,23,22,2,714,1,OSLA,1,2,2,MCTS_CheckersHeuristic
2041307707,Checkers,0,GAME_OVER,21,20,2,715,1,OSLA,1,2,2,MCTS_CheckersHeuristic
953875155,Checkers,0,GAME_OVER,56,55,2,716,1,OSLA,1,1,1,MCTS_CheckersHeuristic
-1116590745,Checkers,0,GAME_OVER,22,21,2,717,1,OSLA,1,2,2,MCTS_CheckersHeuristic
2080880065,Checkers,0,GAME_OVER,20,19,2,718,1,OSLA,1,2,2,MCTS_CheckersHeuristic
-780874224,Checkers,0,GAME_OVER,22,21,2,719,1,OSLA,1,2,2,MCTS_CheckersHeuristic
1445423173,Checkers,0,GAME_OVER,28,27,2,720,1,OSLA,1,2,2,MCTS_CheckersHeuristic
-878724237,Checkers,0,GAME_OVER,20,19,2,721,1,OSLA,1,2,2,MCTS_CheckersHeuristic
-626185222,Checkers,0,GAME_OVER,20,19,2,722,1,OSLA,1,2,2,MCTS_CheckersHeuristic
-1338857838,Checkers,0,GAME_OVER,14,13,2,723,1,OSLA,1,2,2,MCTS_CheckersHeuristic
-1131761202,Checkers,0,GAME_OVER,25,24,2,724,1,OSLA,1,2,2,MCTS_CheckersHeuristic
-1569212102,Checkers,0,GAME_OVER,58,57,2,725,1,OSLA,1,1,1,MCTS_CheckersHeuristic
-639988875,Checkers,0,GAME_OVER,17,16,2,726,1,OSLA,1,2,2,MCTS_CheckersHeuristic
-934674966,Checkers,0,GAME_OVER,35,34,2,727,1,OSLA,1,2,2,MCTS_CheckersHeuristic
1082308112,Checkers,0,GAME_OVER,109,108,2,728,1,OSLA,1,1,1,MCTS_CheckersHeuristic
-859756209,Checkers,0,GAME_OVER,87,86,2,729,1,OSLA,1,1,1,MCTS_CheckersHeuristic
991294862,Checkers,0,GAME_OVER,22,21,2,730,1,OSLA,1,2,2,MCTS_CheckersHeuristic
-1453190597,Checkers,0,GAME_OVER,33,32,2,731,1,OSLA,1,2,2,MCTS_CheckersHeuristic
1585459093,Checkers,0,GAME_OVER,23,22,2,732,1,OSLA,1,2,2,MCTS_CheckersHeuristic
199979832,Checkers,0,GAME_OVER,23,22,2,733,1,OSLA,1,2,2,MCTS_CheckersHeuristic
785434104,Checkers,0,GAME_OVER,20,19,2,734,1,OSLA,1,2,2,MCTS_CheckersHeuristic
-478336726,Checkers,0,GAME_OVER,22,21,2,735,1,OSLA,1,2,2,MCTS_CheckersHeuristic
-466729984,Checkers,0,GAME_OVER,24,23,2,736,1,OSLA,1,2,2,MCTS_CheckersHeuristic
-769715047,Checkers,0,GAME_OVER,47,46,2,737,1,OSLA,1,2,2,MCTS_CheckersHeuristic
-774285548,Checkers,0,GAME_OVER,32,31,2,738,1,OSLA,1,2,2,MCTS_CheckersHeuristic
2084347808,Checkers,0,GAME_OVER,32,31,2,739,1,OSLA,1,2,2,MCTS_CheckersHeuristic
-2058923387,Checkers,0,GAME_OVER,33,32,2,740,1,OSLA,1,2,2,MCTS_CheckersHeuristic
-1119502190,Checkers,0,GAME_OVER,23,22,2,741,1,OSLA,1,2,2,MCTS_CheckersHeuristic
-2076952699,Checkers,0,GAME_OVER,23,22,2,742,1,OSLA,1,2,2,MCTS_CheckersHeuristic
-873483826,Checkers,0,GAME_OVER,74,73,2,743,1,OSLA,1,1,1,MCTS_CheckersHeuristic
507753882,Checkers,0,GAME_OVER,22,21,2,744,1,OSLA,1,2,2,MCTS_CheckersHeuristic
-1486188188,Checkers,0,GAME_OVER,34,33,2,745,1,OSLA,1,2,2,MCTS_CheckersHeuristic
1239065860,Checkers,0,GAME_OVER,23,22,2,746,1,OSLA,1,2,2,MCTS_CheckersHeuristic
-461881487,Checkers,0,GAME_OVER,20,19,2,747,1,OSLA,1,2,2,MCTS_CheckersHeuristic
-221877266,Checkers,0,GAME_OVER,26,25,2,748,1,OSLA,1,2,2,MCTS_CheckersHeuristic
867774554,Checkers,0,GAME_OVER,21,20,2,749,1,OSLA,1,2,2,MCTS_CheckersHeuristic
-1889181584,Checkers,0,GAME_OVER,23,22,2,750,1,OSLA,1,2,2,MCTS_CheckersHeuristic
-1560211370,Checkers,0,GAME_OVER,20,19,2,751,1,OSLA,1,2,2,MCTS_CheckersHeuristic
-1686709094,Checkers,0,GAME_OVER,37,36,2,752,1,OSLA,1,2,2,MCTS_CheckersHeuristic
-1301473306,Checkers,0,GAME_OVER,17,16,2,753,1,OSLA,1,2,2,MCTS_CheckersHeuristic
1569206056,Checkers,0,GAME_OVER,22,21,2,754,1,OSLA,1,2,2,MCTS_CheckersHeuristic
-1556783840,Checkers,0,GAME_OVER,23,22,2,755,1,OSLA,1,2,2,MCTS_CheckersHeuristic
-2043270506,Checkers,0,GAME_OVER,35,34,2,756,1,OSLA,1,2,2,MCTS_CheckersHeuristic
661672969,Checkers,0,GAME_OVER,16,15,2,757,1,OSLA,1,2,2,MCTS_CheckersHeuristic
-541876835,Checkers,0,GAME_OVER,24,23,2,758,1,OSLA,1,2,2,MCTS_CheckersHeuristic
-1620991927,Checkers,0,GAME_OVER,21,20,2,759,1,OSLA,1,2,2,MCTS_CheckersHeuristic
-2020488339,Checkers,0,GAME_OVER,24,23,2,760,1,OSLA,1,2,2,MCTS_CheckersHeuristic
830170360,Checkers,0,GAME_OVER,25,24,2,761,1,OSLA,1,2,2,MCTS_CheckersHeuristic
-1720199390,Checkers,0,GAME_OVER,20,19,2,762,1,OSLA,1,2,2,MCTS_CheckersHeuristic
-924716186,Checkers,0,GAME_OVER,24,23,2,763,1,OSLA,1,2,2,MCTS_CheckersHeuristic
-1673767628,Checkers,0,GAME_OVER,69,68,2,764,1,OSLA,1,1,1,MCTS_CheckersHeuristic
1753098236,Checkers,0,GAME_OVER,27,26,2,765,1,OSLA,1,2,2,MCTS_CheckersHeuristic
1151117062,Checkers,0,GAME_OVER,20,19,2,766,1,OSLA,1,2,2,MCTS_CheckersHeuristic
1069710510,Checkers,0,GAME_OVER,65,64,2,767,1,OSLA,1,1,1,MCTS_CheckersHeuristic
1752217528,Checkers,0,GAME_OVER,30,29,2,768,1,OSLA,1,2,2,MCTS_CheckersHeuristic
-1808536935,Checkers,0,GAME_OVER,32,31,2,769,1,OSLA,1,2,2,MCTS_CheckersHeuristic
-191891741,Checkers,0,GAME_OVER,27,26,2,770,1,OSLA,1,2,2,MCTS_CheckersHeuristic
-1145392964,Checkers,0,GAME_OVER,27,26,2,771,1,OSLA,1,2,2,MCTS_CheckersHeuristic
-2135730954,Checkers,0,GAME_OVER,60,59,2,772,1,OSLA,1,1,1,MCTS_CheckersHeuristic
1162021874,Checkers,0,GAME_OVER,29,28,2,773,1,OSLA,1,2,2,MCTS_CheckersHeuristic
873291320,Checkers,0,GAME_OVER,28,27,2,774,1,OSLA,1,2,2,MCTS_CheckersHeuristic
1811180692,Checkers,0,GAME_OVER,62,61,2,775,1,OSLA,1,2,2,MCTS_CheckersHeuristic
111652047,Checkers,0,GAME_OVER,25,24,2,776,1,OSLA,1,2,2,MCTS_CheckersHeuristic
-160771989,Checkers,0,GAME_OVER,75,74,2,777,1,OSLA,1,2,2,MCTS_CheckersHeuristic
-1527343307,Checkers,0,GAME_OVER,66,65,2,778,1,OSLA,1,1,1,MCTS_CheckersHeuristic
178007011,Checkers,0,GAME_OVER,23,22,2,779,1,OSLA,1,2,2,MCTS_CheckersHeuristic
-1930915844,Checkers,0,GAME_OVER,22,21,2,780,1,OSLA,1,2,2,MCTS_CheckersHeuristic
-565687408,Checkers,0,GAME_OVER,32,31,2,781,1,OSLA,1,2,2,MCTS_CheckersHeuristic
-1854018346,Checkers,0,GAME_OVER,23,22,2,782,1,OSLA,1,2,2,MCTS_CheckersHeuristic
-1656234102,Checkers,0,GAME_OVER,25,24,2,783,1,OSLA,1,2,2,MCTS_CheckersHeuristic
-1589899714,Checkers,0,GAME_OVER,112,111,2,784,1,OSLA,1,1,1,MCTS_CheckersHeuristic
526746677,Checkers,0,GAME_OVER,41,40,2,785,1,OSLA,1,2,2,MCTS_CheckersHeuristic
-2042563021,Checkers,0,GAME_OVER,20,19,2,786,1,OSLA,1,2,2,MCTS_CheckersHeuristic
-1609160611,Checkers,0,GAME_OVER,24,23,2,787,1,OSLA,1,2,2,MCTS_CheckersHeuristic
1549505498,Checkers,0,GAME_OVER,33,32,2,788,1,OSLA,1,2,2,MCTS_CheckersHeuristic
-1982581027,Checkers,0,GAME_OVER,32,31,2,789,1,OSLA,1,2,2,MCTS_CheckersHeuristic
-1207749867,Checkers,0,GAME_OVER,34,33,2,790,1,OSLA,1,2,2,MCTS_CheckersHeuristic
-1354761689,Checkers,0,GAME_OVER,52,51,2,791,1,OSLA,1,2,2,MCTS_CheckersHeuristic
756804164,Checkers,0,GAME_OVER,22,21,2,792,1,OSLA,1,2,2,MCTS_CheckersHeuristic
-909649313,Checkers,0,GAME_OVER,23,22,2,793,1,OSLA,1,2,2,MCTS_CheckersHeuristic
-1164091956,Checkers,0,GAME_OVER,24,23,2,794,1,OSLA,1,2,2,MCTS_CheckersHeuristic
-1242371343,Checkers,0,GAME_OVER,44,43,2,795,1,OSLA,1,2,2,MCTS_CheckersHeuristic
-112717798,Checkers,0,GAME_OVER,22,21,2,796,1,OSLA,1,2,2,MCTS_CheckersHeuristic
-1346843962,Checkers,0,GAME_OVER,27,26,2,797,1,OSLA,1,2,2,MCTS_CheckersHeuristic
313493055,Checkers,0,GAME_OVER,24,23,2,798,1,OSLA,1,2,2,MCTS_CheckersHeuristic
1240117891,Checkers,0,GAME_OVER,20,19,2,799,1,OSLA,1,2,2,MCTS_CheckersHeuristic
205331539,Checkers,0,GAME_OVER,21,20,2,800,1,OSLA,1,2,2,MCTS_CheckersHeuristic
1658109561,Checkers,0,GAME_OVER,24,23,2,801,1,OSLA,1,2,2,MCTS_CheckersHeuristic
-404168193,Checkers,0,GAME_OVER,20,19,2,802,1,OSLA,1,2,2,OSLA
-387014737,Checkers,0,GAME_OVER,18,17,2,803,1,OSLA,1,2,2,OSLA
357572797,Checkers,0,GAME_OVER,23,22,2,804,1,OSLA,1,2,2,OSLA
-1920641588,Checkers,0,GAME_OVER,20,19,2,805,1,OSLA,1,2,2,OSLA
-453948078,Checkers,0,GAME_OVER,24,23,2,806,2,OSLA,2,1,1,OSLA
728410788,Checkers,0,GAME_OVER,23,22,2,807,1,OSLA,1,2,2,OSLA
-900145433,Checkers,0,GAME_OVER,24,23,2,808,2,OSLA,2,1,1,OSLA
344606389,Checkers,0,GAME_OVER,24,23,2,809,2,OSLA,2,1,1,OSLA
-1335101607,Checkers,0,GAME_OVER,25,24,2,810,2,OSLA,2,1,1,OSLA
-827583292,Checkers,0,GAME_OVER,32,31,2,811,2,OSLA,2,1,1,OSLA
473978057,Checkers,0,GAME_OVER,26,25,2,812,2,OSLA,2,1,1,OSLA
-1118339258,Checkers,0,GAME_OVER,19,18,2,813,1,OSLA,1,2,2,OSLA
36298063,Checkers,0,GAME_OVER,19,18,2,814,1,OSLA,1,2,2,OSLA
-58081034,Checkers,0,GAME_OVER,20,19,2,815,1,OSLA,1,2,2,OSLA
1068116273,Checkers,0,GAME_OVER,29,28,2,816,1,OSLA,1,2,2,OSLA
-2078364872,Checkers,0,GAME_OVER,100,99,2,817,1,OSLA,1,2,2,OSLA
971111684,Checkers,0,GAME_OVER,21,20,2,818,1,OSLA,1,2,2,OSLA
929425713,Checkers,0,GAME_OVER,115,114,2,819,1,OSLA,1,1,1,OSLA
1804473508,Checkers,0,GAME_OVER,58,57,2,820,2,OSLA,2,1,1,OSLA
1765188812,Checkers,0,GAME_OVER,53,52,2,821,2,OSLA,2,1,1,OSLA
1915732207,Checkers,0,GAME_OVER,23,22,2,822,1,OSLA,1,2,2,OSLA
793339,Checkers,0,GAME_OVER,68,67,2,823,2,OSLA,2,1,1,OSLA
726334869,Checkers,0,GAME_OVER,33,32,2,824,2,OSLA,2,1,1,OSLA
-1501221137,Checkers,0,GAME_OVER,24,23,2,825,2,OSLA,2,1,1,OSLA
218339721,Checkers,0,GAME_OVER,24,23,2,826,2,OSLA,2,1,1,OSLA
-53217236,Checkers,0,GAME_OVER,24,23,2,827,2,OSLA,2,1,1,OSLA
-296541228,Checkers,0,GAME_OVER,94,93,2,828,1,OSLA,1,1,1,OSLA
835169688,Checkers,0,GAME_OVER,19,18,2,829,2,OSLA,2,1,1,OSLA
913528792,Checkers,0,GAME_OVER,25,24,2,830,2,OSLA,2,1,1,OSLA
-1238843401,Checkers,0,GAME_OVER,23,22,2,831,1,OSLA,1,2,2,OSLA
-626323644,Checkers,0,GAME_OVER,20,19,2,832,1,OSLA,1,2,2,OSLA
-1929084812,Checkers,0,GAME_OVER,19,18,2,833,1,OSLA,1,2,2,OSLA
1134370121,Checkers,0,GAME_OVER,19,18,2,834,1,OSLA,1,2,2,OSLA
-804133846,Checkers,0,GAME_OVER,21,20,2,835,1,OSLA,1,2,2,OSLA
-1797507631,Checkers,0,GAME_OVER,36,35,2,836,1,OSLA,1,2,2,OSLA
2128929733,Checkers,0,GAME_OVER,29,28,2,837,1,OSLA,1,2,2,OSLA
-81201981,Checkers,0,GAME_OVER,64,63,2,838,1,OSLA,1,1,1,OSLA
-816238924,Checkers,0,GAME_OVER,90,89,2,839,1,OSLA,1,2,2,OSLA
-2070442848,Checkers,0,GAME_OVER,20,19,2,840,1,OSLA,1,2,2,OSLA
1313962887,Checkers,0,GAME_OVER,18,17,2,841,1,OSLA,1,2,2,OSLA
421685496,Checkers,0,GAME_OVER,67,66,2,842,1,OSLA,1,1,1,OSLA
665795432,Checkers,0,GAME_OVER,26,25,2,843,1,OSLA,1,2,2,OSLA
-665618297,Checkers,0,GAME_OVER,28,27,2,844,1,OSLA,1,2,2,OSLA
1974070484,Checkers,0,GAME_OVER,25,24,2,845,1,OSLA,1,2,2,OSLA
-1314608131,Checkers,0,GAME_OVER,21,20,2,846,2,OSLA,2,1,1,OSLA
-1091089921,Checkers,0,GAME_OVER,21,20,2,847,1,OSLA,1,2,2,OSLA
-1628188226,Checkers,0,GAME_OVER,23,22,2,848,1,OSLA,1,2,2,OSLA
76687752,Checkers,0,GAME_OVER,18,17,2,849,1,OSLA,1,2,2,OSLA
979969052,Checkers,0,GAME_OVER,25,24,2,850,2,OSLA,2,1,1,OSLA
-1125143453,Checkers,0,GAME_OVER,21,20,2,851,1,OSLA,1,2,2,OSLA
608300759,Checkers,0,GAME_OVER,23,22,2,852,1,OSLA,1,2,2,OSLA
-1982442968,Checkers,0,GAME_OVER,20,19,2,853,1,OSLA,1,2,2,OSLA
-739151383,Checkers,0,GAME_OVER,29,28,2,854,1,OSLA,1,2,2,OSLA
1711035690,Checkers,0,GAME_OVER,26,25,2,855,1,OSLA,1,2,2,OSLA
-286922005,Checkers,0,GAME_OVER,112,111,2,856,1,OSLA,1,1,1,OSLA
-74427905,Checkers,0,GAME_OVER,16,15,2,857,1,OSLA,1,2,2,OSLA
352535442,Checkers,0,GAME_OVER,66,65,2,858,1,OSLA,1,1,1,OSLA
-1473426848,Checkers,0,GAME_OVER,21,20,2,859,2,OSLA,2,1,1,OSLA
1542560533,Checkers,0,GAME_OVER,35,34,2,860,1,OSLA,1,2,2,OSLA
-1463248502,Checkers,0,GAME_OVER,23,22,2,861,1,OSLA,1,2,2,OSLA
-541226629,Checkers,0,GAME_OVER,23,22,2,862,1,OSLA,1,2,2,OSLA
-1292697463,Checkers,0,GAME_OVER,36,35,2,863,1,OSLA,1,2,2,OSLA
-1608456412,Checkers,0,GAME_OVER,63,62,2,864,1,OSLA,1,1,1,OSLA
1870502677,Checkers,0,GAME_OVER,19,18,2,865,1,OSLA,1,2,2,OSLA
1005838346,Checkers,0,GAME_OVER,23,22,2,866,1,OSLA,1,2,2,OSLA
2022629861,Checkers,0,GAME_OVER,89,88,2,867,1,OSLA,1,1,1,OSLA
-1459979893,Checkers,0,GAME_OVER,23,22,2,868,1,OSLA,1,2,2,OSLA
-1030492763,Checkers,0,GAME_OVER,26,25,2,869,1,OSLA,1,2,2,OSLA
2146845374,Checkers,0,GAME_OVER,26,25,2,870,1,OSLA,1,2,2,OSLA
-462518795,Checkers,0,GAME_OVER,23,22,2,871,1,OSLA,1,2,2,OSLA
-617153892,Checkers,0,GAME_OVER,23,22,2,872,1,OSLA,1,2,2,OSLA
652950040,Checkers,0,GAME_OVER,60,59,2,873,1,OSLA,1,1,1,OSLA
884497542,Checkers,0,GAME_OVER,52,51,2,874,2,OSLA,2,1,1,OSLA
931421502,Checkers,0,GAME_OVER,23,22,2,875,1,OSLA,1,2,2,OSLA
1602505461,Checkers,0,GAME_OVER,43,42,2,876,2,OSLA,2,1,1,OSLA
-1007528309,Checkers,0,GAME_OVER,98,97,2,877,1,OSLA,1,1,1,OSLA
-1381168816,Checkers,0,GAME_OVER,23,22,2,878,1,OSLA,1,2,2,OSLA
-1281829556,Checkers,0,GAME_OVER,61,60,2,879,1,OSLA,1,2,2,OSLA
-1508019910,Checkers,0,GAME_OVER,85,84,2,880,2,OSLA,2,1,1,OSLA
618083323,Checkers,0,GAME_OVER,29,28,2,881,2,OSLA,2,1,1,OSLA
-1528832801,Checkers,0,GAME_OVER,23,22,2,882,2,OSLA,2,1,1,OSLA
616249593,Checkers,0,GAME_OVER,19,18,2,883,1,OSLA,1,2,2,OSLA
201797380,Checkers,0,GAME_OVER,60,59,2,884,2,OSLA,2,1,1,OSLA
-367689170,Checkers,0,GAME_OVER,23,22,2,885,1,OSLA,1,2,2,OSLA
-903888159,Checkers,0,GAME_OVER,29,28,2,886,1,OSLA,1,2,2,OSLA
212455662,Checkers,0,GAME_OVER,56,55,2,887,1,OSLA,1,2,2,OSLA
1431073048,Checkers,0,GAME_OVER,21,20,2,888,2,OSLA,2,1,1,OSLA
-1443811885,Checkers,0,GAME_OVER,21,20,2,889,2,OSLA,2,1,1,OSLA
-441775040,Checkers,0,GAME_OVER,23,22,2,890,1,OSLA,1,2,2,OSLA
461178986,Checkers,0,GAME_OVER,23,22,2,891,1,OSLA,1,2,2,OSLA
-1382740261,Checkers,0,GAME_OVER,33,32,2,892,1,OSLA,1,2,2,OSLA
-1214767896,Checkers,0,GAME_OVER,20,19,2,893,1,OSLA,1,2,2,OSLA
1425964472,Checkers,0,GAME_OVER,23,22,2,894,1,OSLA,1,2,2,OSLA
593074754,Checkers,0,GAME_OVER,21,20,2,895,1,OSLA,1,2,2,OSLA
1998884101,Checkers,0,GAME_OVER,23,22,2,896,1,OSLA,1,2,2,OSLA
-1099379365,Checkers,0,GAME_OVER,23,22,2,897,1,OSLA,1,2,2,OSLA
2020488105,Checkers,0,GAME_OVER,19,18,2,898,1,OSLA,1,2,2,OSLA
-22410712,Checkers,0,GAME_OVER,20,19,2,899,1,OSLA,1,2,2,OSLA
-1225402475,Checkers,0,GAME_OVER,57,56,2,900,1,OSLA,1,1,1,OSLA
-1206797836,Checkers,0,GAME_OVER,21,20,2,901,2,OSLA,2,1,1,OSLA
1799909165,Checkers,0,GAME_OVER,19,18,2,902,1,OSLA,1,2,2,OSLA
-1583354321,Checkers,0,GAME_OVER,23,22,2,903,1,OSLA,1,2,2,OSLA
-293329148,Checkers,0,GAME_OVER,25,24,2,904,2,OSLA,2,1,1,OSLA
-2007520911,Checkers,0,GAME_OVER,21,20,2,905,1,OSLA,1,2,2,OSLA
-1280335763,Checkers,0,GAME_OVER,26,25,2,906,1,OSLA,1,2,2,OSLA
1019333774,Checkers,0,GAME_OVER,26,25,2,907,1,OSLA,1,2,2,OSLA
-1340046147,Checkers,0,GAME_OVER,23,22,2,908,1,OSLA,1,2,2,OSLA
-1374729230,Checkers,0,GAME_OVER,23,22,2,909,1,OSLA,1,2,2,OSLA
-1403370960,Checkers,0,GAME_OVER,23,22,2,910,1,OSLA,1,2,2,OSLA
1733464483,Checkers,0,GAME_OVER,21,20,2,911,2,OSLA,2,1,1,OSLA
-457792821,Checkers,0,GAME_OVER,21,20,2,912,2,OSLA,2,1,1,OSLA
-1017591145,Checkers,0,GAME_OVER,19,18,2,913,1,OSLA,1,2,2,OSLA
1178360500,Checkers,0,GAME_OVER,26,25,2,914,1,OSLA,1,2,2,OSLA
2041307707,Checkers,0,GAME_OVER,23,22,2,915,1,OSLA,1,2,2,OSLA
953875155,Checkers,0,GAME_OVER,21,20,2,916,2,OSLA,2,1,1,OSLA
-1116590745,Checkers,0,GAME_OVER,21,20,2,917,1,OSLA,1,2,2,OSLA
2080880065,Checkers,0,GAME_OVER,68,67,2,918,1,OSLA,1,1,1,OSLA
-780874224,Checkers,0,GAME_OVER,19,18,2,919,1,OSLA,1,2,2,OSLA
1445423173,Checkers,0,GAME_OVER,23,22,2,920,1,OSLA,1,2,2,OSLA
-878724237,Checkers,0,GAME_OVER,43,42,2,921,2,OSLA,2,1,1,OSLA
-626185222,Checkers,0,GAME_OVER,23,22,2,922,1,OSLA,1,2,2,OSLA
-1338857838,Checkers,0,GAME_OVER,23,22,2,923,1,OSLA,1,2,2,OSLA
-1131761202,Checkers,0,GAME_OVER,21,20,2,924,1,OSLA,1,2,2,OSLA
-1569212102,Checkers,0,GAME_OVER,26,25,2,925,1,OSLA,1,2,2,OSLA
-639988875,Checkers,0,GAME_OVER,70,69,2,926,1,OSLA,1,1,1,OSLA
-934674966,Checkers,0,GAME_OVER,19,18,2,927,1,OSLA,1,2,2,OSLA
1082308112,Checkers,0,GAME_OVER,21,20,2,928,2,OSLA,2,1,1,OSLA
-859756209,Checkers,0,GAME_OVER,21,20,2,929,1,OSLA,1,2,2,OSLA
991294862,Checkers,0,GAME_OVER,21,20,2,930,2,OSLA,2,1,1,OSLA
-1453190597,Checkers,0,GAME_OVER,74,73,2,931,1,OSLA,1,1,1,OSLA
1585459093,Checkers,0,GAME_OVER,23,22,2,932,1,OSLA,1,2,2,OSLA
199979832,Checkers,0,GAME_OVER,23,22,2,933,1,OSLA,1,2,2,OSLA
785434104,Checkers,0,GAME_OVER,49,48,2,934,2,OSLA,2,1,1,OSLA
-478336726,Checkers,0,GAME_OVER,40,39,2,935,1,OSLA,1,2,2,OSLA
-466729984,Checkers,0,GAME_OVER,21,20,2,936,1,OSLA,1,2,2,OSLA
-769715047,Checkers,0,GAME_OVER,23,22,2,937,1,OSLA,1,2,2,OSLA
-774285548,Checkers,0,GAME_OVER,21,20,2,938,2,OSLA,2,1,1,OSLA
2084347808,Checkers,0,GAME_OVER,33,32,2,939,2,OSLA,2,1,1,OSLA
-2058923387,Checkers,0,GAME_OVER,21,20,2,940,1,OSLA,1,2,2,OSLA
-1119502190,Checkers,0,GAME_OVER,57,56,2,941,1,OSLA,1,1,1,OSLA
-2076952699,Checkers,0,GAME_OVER,23,22,2,942,1,OSLA,1,2,2,OSLA
-873483826,Checkers,0,GAME_OVER,19,18,2,943,1,OSLA,1,2,2,OSLA
507753882,Checkers,0,GAME_OVER,63,62,2,944,1,OSLA,1,1,1,OSLA
-1486188188,Checkers,0,GAME_OVER,19,18,2,945,2,OSLA,2,1,1,OSLA
1239065860,Checkers,0,GAME_OVER,26,25,2,946,1,OSLA,1,2,2,OSLA
-461881487,Checkers,0,GAME_OVER,23,22,2,947,1,OSLA,1,2,2,OSLA
-221877266,Checkers,0,GAME_OVER,23,22,2,948,1,OSLA,1,2,2,OSLA
867774554,Checkers,0,GAME_OVER,20,19,2,949,1,OSLA,1,2,2,OSLA
-1889181584,Checkers,0,GAME_OVER,18,17,2,950,1,OSLA,1,2,2,OSLA
-1560211370,Checkers,0,GAME_OVER,19,18,2,951,1,OSLA,1,2,2,OSLA
-1686709094,Checkers,0,GAME_OVER,21,20,2,952,1,OSLA,1,2,2,OSLA
-1301473306,Checkers,0,GAME_OVER,23,22,2,953,1,OSLA,1,2,2,OSLA
1569206056,Checkers,0,GAME_OVER,67,66,2,954,1,OSLA,1,1,1,OSLA
-1556783840,Checkers,0,GAME_OVER,25,24,2,955,2,OSLA,2,1,1,OSLA
-2043270506,Checkers,0,GAME_OVER,38,37,2,956,1,OSLA,1,2,2,OSLA
661672969,Checkers,0,GAME_OVER,18,17,2,957,1,OSLA,1,2,2,OSLA
-541876835,Checkers,0,GAME_OVER,24,23,2,958,2,OSLA,2,1,1,OSLA
-1620991927,Checkers,0,GAME_OVER,26,25,2,959,1,OSLA,1,2,2,OSLA
-2020488339,Checkers,0,GAME_OVER,21,20,2,960,1,OSLA,1,2,2,OSLA
830170360,Checkers,0,GAME_OVER,23,22,2,961,1,OSLA,1,2,2,OSLA
-1720199390,Checkers,0,GAME_OVER,23,22,2,962,1,OSLA,1,2,2,OSLA
-924716186,Checkers,0,GAME_OVER,23,22,2,963,1,OSLA,1,2,2,OSLA
-1673767628,Checkers,0,GAME_OVER,29,28,2,964,1,OSLA,1,2,2,OSLA
1753098236,Checkers,0,GAME_OVER,21,20,2,965,1,OSLA,1,2,2,OSLA
1151117062,Checkers,0,GAME_OVER,23,22,2,966,1,OSLA,1,2,2,OSLA
1069710510,Checkers,0,GAME_OVER,23,22,2,967,1,OSLA,1,2,2,OSLA
1752217528,Checkers,0,GAME_OVER,57,56,2,968,1,OSLA,1,1,1,OSLA
-1808536935,Checkers,0,GAME_OVER,24,23,2,969,2,OSLA,2,1,1,OSLA
-191891741,Checkers,0,GAME_OVER,21,20,2,970,1,OSLA,1,2,2,OSLA
-1145392964,Checkers,0,GAME_OVER,30,29,2,971,2,OSLA,2,1,1,OSLA
-2135730954,Checkers,0,GAME_OVER,21,20,2,972,1,OSLA,1,2,2,OSLA
1162021874,Checkers,0,GAME_OVER,25,24,2,973,1,OSLA,1,2,2,OSLA
873291320,Checkers,0,GAME_OVER,23,22,2,974,1,OSLA,1,2,2,OSLA
1811180692,Checkers,0,GAME_OVER,50,49,2,975,2,OSLA,2,1,1,OSLA
111652047,Checkers,0,GAME_OVER,57,56,2,976,1,OSLA,1,1,1,OSLA
-160771989,Checkers,0,GAME_OVER,53,52,2,977,1,OSLA,1,2,2,OSLA
-1527343307,Checkers,0,GAME_OVER,23,22,2,978,1,OSLA,1,2,2,OSLA
178007011,Checkers,0,GAME_OVER,57,56,2,979,1,OSLA,1,1,1,OSLA
-1930915844,Checkers,0,GAME_OVER,23,22,2,980,1,OSLA,1,2,2,OSLA
-565687408,Checkers,0,GAME_OVER,20,19,2,981,1,OSLA,1,2,2,OSLA
-1854018346,Checkers,0,GAME_OVER,23,22,2,982,1,OSLA,1,2,2,OSLA
-1656234102,Checkers,0,GAME_OVER,16,15,2,983,1,OSLA,1,2,2,OSLA
-1589899714,Checkers,0,GAME_OVER,23,22,2,984,1,OSLA,1,2,2,OSLA
526746677,Checkers,0,GAME_OVER,23,22,2,985,1,OSLA,1,2,2,OSLA
-2042563021,Checkers,0,GAME_OVER,20,19,2,986,1,OSLA,1,2,2,OSLA
-1609160611,Checkers,0,GAME_OVER,23,22,2,987,1,OSLA,1,2,2,OSLA
1549505498,Checkers,0,GAME_OVER,23,22,2,988,1,OSLA,1,2,2,OSLA
-1982581027,Checkers,0,GAME_OVER,18,17,2,989,1,OSLA,1,2,2,OSLA
-1207749867,Checkers,0,GAME_OVER,21,20,2,990,2,OSLA,2,1,1,OSLA
-1354761689,Checkers,0,GAME_OVER,28,27,2,991,1,OSLA,1,2,2,OSLA
756804164,Checkers,0,GAME_OVER,16,15,2,992,1,OSLA,1,2,2,OSLA
-909649313,Checkers,0,GAME_OVER,57,56,2,993,1,OSLA,1,2,2,OSLA
-1164091956,Checkers,0,GAME_OVER,20,19,2,994,1,OSLA,1,2,2,OSLA
-1242371343,Checkers,0,GAME_OVER,23,22,2,995,1,OSLA,1,2,2,OSLA
-112717798,Checkers,0,GAME_OVER,23,22,2,996,1,OSLA,1,2,2,OSLA
-1346843962,Checkers,0,GAME_OVER,25,24,2,997,2,OSLA,2,1,1,OSLA
313493055,Checkers,0,GAME_OVER,23,22,2,998,1,OSLA,1,2,2,OSLA
1240117891,Checkers,0,GAME_OVER,25,24,2,999,2,OSLA,2,1,1,OSLA
205331539,Checkers,0,GAME_OVER,23,22,2,1000,1,OSLA,1,2,2,OSLA
1658109561,Checkers,0,GAME_OVER,18,17,2,1001,1,OSLA,1,2,2,OSLA
-404168193,Checkers,0,GAME_OVER,29,28,2,1002,2,OSLA,2,1,1,RandomPlayerConfig
-387014737,Checkers,0,GAME_OVER,36,35,2,1003,2,OSLA,2,1,1,RandomPlayerConfig
357572797,Checkers,0,GAME_OVER,25,24,2,1004,2,OSLA,2,1,1,RandomPlayerConfig
-1920641588,Checkers,0,GAME_OVER,23,22,2,1005,2,OSLA,2,1,1,RandomPlayerConfig
-453948078,Checkers,0,GAME_OVER,23,22,2,1006,2,OSLA,2,1,1,RandomPlayerConfig
728410788,Checkers,0,GAME_OVER,22,21,2,1007,2,OSLA,2,1,1,RandomPlayerConfig
-900145433,Checkers,0,GAME_OVER,22,21,2,1008,2,OSLA,2,1,1,RandomPlayerConfig
344606389,Checkers,0,GAME_OVER,19,18,2,1009,2,OSLA,2,1,1,RandomPlayerConfig
-1335101607,Checkers,0,GAME_OVER,21,20,2,1010,2,OSLA,2,1,1,RandomPlayerConfig
-827583292,Checkers,0,GAME_OVER,27,26,2,1011,2,OSLA,2,1,1,RandomPlayerConfig
473978057,Checkers,0,GAME_OVER,27,26,2,1012,2,OSLA,2,1,1,RandomPlayerConfig
-1118339258,Checkers,0,GAME_OVER,19,18,2,1013,2,OSLA,2,1,1,RandomPlayerConfig
36298063,Checkers,0,GAME_OVER,18,17,2,1014,2,OSLA,2,1,1,RandomPlayerConfig
-58081034,Checkers,0,GAME_OVER,24,23,2,1015,2,OSLA,2,1,1,RandomPlayerConfig
1068116273,Checkers,0,GAME_OVER,22,21,2,1016,2,OSLA,2,1,1,RandomPlayerConfig
-2078364872,Checkers,0,GAME_OVER,20,19,2,1017,2,OSLA,2,1,1,RandomPlayerConfig
971111684,Checkers,0,GAME_OVER,17,16,2,1018,2,OSLA,2,1,1,RandomPlayerConfig
929425713,Checkers,0,GAME_OVER,16,15,2,1019,2,OSLA,2,1,1,RandomPlayerConfig
1804473508,Checkers,0,GAME_OVER,20,19,2,1020,2,OSLA,2,1,1,RandomPlayerConfig
1765188812,Checkers,0,GAME_OVER,16,15,2,1021,2,OSLA,2,1,1,RandomPlayerConfig
1915732207,Checkers,0,GAME_OVER,21,20,2,1022,2,OSLA,2,1,1,RandomPlayerConfig
793339,Checkers,0,GAME_OVER,29,28,2,1023,2,OSLA,2,1,1,RandomPlayerConfig
726334869,Checkers,0,GAME_OVER,21,20,2,1024,2,OSLA,2,1,1,RandomPlayerConfig
-1501221137,Checkers,0,GAME_OVER,16,15,2,1025,2,OSLA,2,1,1,RandomPlayerConfig
218339721,Checkers,0,GAME_OVER,26,25,2,1026,1,OSLA,1,2,2,RandomPlayerConfig
-53217236,Checkers,0,GAME_OVER,18,17,2,1027,2,OSLA,2,1,1,RandomPlayerConfig
-296541228,Checkers,0,GAME_OVER,20,19,2,1028,2,OSLA,2,1,1,RandomPlayerConfig
835169688,Checkers,0,GAME_OVER,20,19,2,1029,2,OSLA,2,1,1,RandomPlayerConfig
913528792,Checkers,0,GAME_OVER,19,18,2,1030,2,OSLA,2,1,1,RandomPlayerConfig
-1238843401,Checkers,0,GAME_OVER,18,17,2,1031,2,OSLA,2,1,1,RandomPlayerConfig
-626323644,Checkers,0,GAME_OVER,23,22,2,1032,2,OSLA,2,1,1,RandomPlayerConfig
-1929084812,Checkers,0,GAME_OVER,18,17,2,1033,2,OSLA,2,1,1,RandomPlayerConfig
1134370121,Checkers,0,GAME_OVER,23,22,2,1034,2,OSLA,2,1,1,RandomPlayerConfig
-804133846,Checkers,0,GAME_OVER,21,20,2,1035,2,OSLA,2,1,1,RandomPlayerConfig
-1797507631,Checkers,0,GAME_OVER,19,18,2,1036,2,OSLA,2,1,1,RandomPlayerConfig
2128929733,Checkers,0,GAME_OVER,24,23,2,1037,2,OSLA,2,1,1,RandomPlayerConfig
-81201981,Checkers,0,GAME_OVER,23,22,2,1038,2,OSLA,2,1,1,RandomPlayerConfig
-816238924,Checkers,0,GAME_OVER,19,18,2,1039,2,OSLA,2,1,1,RandomPlayerConfig
-2070442848,Checkers,0,GAME_OVER,21,20,2,1040,2,OSLA,2,1,1,RandomPlayerConfig
1313962887,Checkers,0,GAME_OVER,14,13,2,1041,2,OSLA,2,1,1,RandomPlayerConfig
421685496,Checkers,0,GAME_OVER,16,15,2,1042,2,OSLA,2,1,1,RandomPlayerConfig
665795432,Checkers,0,GAME_OVER,16,15,2,1043,2,OSLA,2,1,1,RandomPlayerConfig
-665618297,Checkers,0,GAME_OVER,37,36,2,1044,2,OSLA,2,1,1,RandomPlayerConfig
1974070484,Checkers,0,GAME_OVER,19,18,2,1045,2,OSLA,2,1,1,RandomPlayerConfig
-1314608131,Checkers,0,GAME_OVER,22,21,2,1046,2,OSLA,2,1,1,RandomPlayerConfig
-1091089921,Checkers,0,GAME_OVER,29,28,2,1047,1,OSLA,1,2,2,RandomPlayerConfig
-1628188226,Checkers,0,GAME_OVER,23,22,2,1048,2,OSLA,2,1,1,RandomPlayerConfig
76687752,Checkers,0,GAME_OVER,19,18,2,1049,2,OSLA,2,1,1,RandomPlayerConfig
979969052,Checkers,0,GAME_OVER,20,19,2,1050,2,OSLA,2,1,1,RandomPlayerConfig
-1125143453,Checkers,0,GAME_OVER,34,33,2,1051,2,OSLA,2,1,1,RandomPlayerConfig
608300759,Checkers,0,GAME_OVER,18,17,2,1052,2,OSLA,2,1,1,RandomPlayerConfig
-1982442968,Checkers,0,GAME_OVER,15,14,2,1053,2,OSLA,2,1,1,RandomPlayerConfig
-739151383,Checkers,0,GAME_OVER,23,22,2,1054,2,OSLA,2,1,1,RandomPlayerConfig
1711035690,Checkers,0,GAME_OVER,37,36,2,1055,2,OSLA,2,1,1,RandomPlayerConfig
-286922005,Checkers,0,GAME_OVER,32,31,2,1056,2,OSLA,2,1,1,RandomPlayerConfig
-74427905,Checkers,0,GAME_OVER,25,24,2,1057,2,OSLA,2,1,1,RandomPlayerConfig
352535442,Checkers,0,GAME_OVER,30,29,2,1058,2,OSLA,2,1,1,RandomPlayerConfig
-1473426848,Checkers,0,GAME_OVER,20,19,2,1059,2,OSLA,2,1,1,RandomPlayerConfig
1542560533,Checkers,0,GAME_OVER,20,19,2,1060,2,OSLA,2,1,1,RandomPlayerConfig
-1463248502,Checkers,0,GAME_OVER,23,22,2,1061,2,OSLA,2,1,1,RandomPlayerConfig
-541226629,Checkers,0,GAME_OVER,24,23,2,1062,2,OSLA,2,1,1,RandomPlayerConfig
-1292697463,Checkers,0,GAME_OVER,19,18,2,1063,2,OSLA,2,1,1,RandomPlayerConfig
-1608456412,Checkers,0,GAME_OVER,23,22,2,1064,2,OSLA,2,1,1,RandomPlayerConfig
1870502677,Checkers,0,GAME_OVER,24,23,2,1065,2,OSLA,2,1,1,RandomPlayerConfig
1005838346,Checkers,0,GAME_OVER,27,26,2,1066,2,OSLA,2,1,1,RandomPlayerConfig
2022629861,Checkers,0,GAME_OVER,32,31,2,1067,2,OSLA,2,1,1,RandomPlayerConfig
-1459979893,Checkers,0,GAME_OVER,16,15,2,1068,2,OSLA,2,1,1,RandomPlayerConfig
-1030492763,Checkers,0,GAME_OVER,20,19,2,1069,2,OSLA,2,1,1,RandomPlayerConfig
2146845374,Checkers,0,GAME_OVER,18,17,2,1070,2,OSLA,2,1,1,RandomPlayerConfig
-462518795,Checkers,0,GAME_OVER,29,28,2,1071,2,OSLA,2,1,1,RandomPlayerConfig
-617153892,Checkers,0,GAME_OVER,23,22,2,1072,2,OSLA,2,1,1,RandomPlayerConfig
652950040,Checkers,0,GAME_OVER,21,20,2,1073,2,OSLA,2,1,1,RandomPlayerConfig
884497542,Checkers,0,GAME_OVER,20,19,2,1074,2,OSLA,2,1,1,RandomPlayerConfig
931421502,Checkers,0,GAME_OVER,23,22,2,1075,2,OSLA,2,1,1,RandomPlayerConfig
1602505461,Checkers,0,GAME_OVER,25,24,2,1076,2,OSLA,2,1,1,RandomPlayerConfig
-1007528309,Checkers,0,GAME_OVER,25,24,2,1077,2,OSLA,2,1,1,RandomPlayerConfig
-1381168816,Checkers,0,GAME_OVER,23,22,2,1078,2,OSLA,2,1,1,RandomPlayerConfig
-1281829556,Checkers,0,GAME_OVER,21,20,2,1079,2,OSLA,2,1,1,RandomPlayerConfig
-1508019910,Checkers,0,GAME_OVER,26,25,2,1080,2,OSLA,2,1,1,RandomPlayerConfig
618083323,Checkers,0,GAME_OVER,25,24,2,1081,2,OSLA,2,1,1,RandomPlayerConfig
-1528832801,Checkers,0,GAME_OVER,35,34,2,1082,2,OSLA,2,1,1,RandomPlayerConfig
616249593,Checkers,0,GAME_OVER,24,23,2,1083,2,OSLA,2,1,1,RandomPlayerConfig
201797380,Checkers,0,GAME_OVER,20,19,2,1084,2,OSLA,2,1,1,RandomPlayerConfig
-367689170,Checkers,0,GAME_OVER,19,18,2,1085,2,OSLA,2,1,1,RandomPlayerConfig
-903888159,Checkers,0,GAME_OVER,21,20,2,1086,2,OSLA,2,1,1,RandomPlayerConfig
212455662,Checkers,0,GAME_OVER,24,23,2,1087,2,OSLA,2,1,1,RandomPlayerConfig
1431073048,Checkers,0,GAME_OVER,24,23,2,1088,2,OSLA,2,1,1,RandomPlayerConfig
-1443811885,Checkers,0,GAME_OVER,23,22,2,1089,2,OSLA,2,1,1,RandomPlayerConfig
-441775040,Checkers,0,GAME_OVER,20,19,2,1090,2,OSLA,2,1,1,RandomPlayerConfig
461178986,Checkers,0,GAME_OVER,27,26,2,1091,2,OSLA,2,1,1,RandomPlayerConfig
-1382740261,Checkers,0,GAME_OVER,20,19,2,1092,2,OSLA,2,1,1,RandomPlayerConfig
-1214767896,Checkers,0,GAME_OVER,17,16,2,1093,2,OSLA,2,1,1,RandomPlayerConfig
1425964472,Checkers,0,GAME_OVER,31,30,2,1094,2,OSLA,2,1,1,RandomPlayerConfig
593074754,Checkers,0,GAME_OVER,29,28,2,1095,2,OSLA,2,1,1,RandomPlayerConfig
1998884101,Checkers,0,GAME_OVER,18,17,2,1096,2,OSLA,2,1,1,RandomPlayerConfig
-1099379365,Checkers,0,GAME_OVER,22,21,2,1097,2,OSLA,2,1,1,RandomPlayerConfig
2020488105,Checkers,0,GAME_OVER,18,17,2,1098,2,OSLA,2,1,1,RandomPlayerConfig
-22410712,Checkers,0,GAME_OVER,23,22,2,1099,2,OSLA,2,1,1,RandomPlayerConfig
-1225402475,Checkers,0,GAME_OVER,33,32,2,1100,2,OSLA,2,1,1,RandomPlayerConfig
-1206797836,Checkers,0,GAME_OVER,20,19,2,1101,2,OSLA,2,1,1,RandomPlayerConfig
1799909165,Checkers,0,GAME_OVER,23,22,2,1102,2,OSLA,2,1,1,RandomPlayerConfig
-1583354321,Checkers,0,GAME_OVER,24,23,2,1103,1,OSLA,1,2,2,RandomPlayerConfig
-293329148,Checkers,0,GAME_OVER,25,24,2,1104,2,OSLA,2,1,1,RandomPlayerConfig
-2007520911,Checkers,0,GAME_OVER,33,32,2,1105,2,OSLA,2,1,1,RandomPlayerConfig
-1280335763,Checkers,0,GAME_OVER,19,18,2,1106,2,OSLA,2,1,1,RandomPlayerConfig
1019333774,Checkers,0,GAME_OVER,27,26,2,1107,2,OSLA,2,1,1,RandomPlayerConfig
-1340046147,Checkers,0,GAME_OVER,20,19,2,1108,2,OSLA,2,1,1,RandomPlayerConfig
-1374729230,Checkers,0,GAME_OVER,24,23,2,1109,2,OSLA,2,1,1,RandomPlayerConfig
-1403370960,Checkers,0,GAME_OVER,21,20,2,1110,2,OSLA,2,1,1,RandomPlayerConfig
1733464483,Checkers,0,GAME_OVER,21,20,2,1111,2,OSLA,2,1,1,RandomPlayerConfig
-457792821,Checkers,0,GAME_OVER,35,34,2,1112,2,OSLA,2,1,1,RandomPlayerConfig
-1017591145,Checkers,0,GAME_OVER,20,19,2,1113,2,OSLA,2,1,1,RandomPlayerConfig
1178360500,Checkers,0,GAME_OVER,20,19,2,1114,2,OSLA,2,1,1,RandomPlayerConfig
2041307707,Checkers,0,GAME_OVER,21,20,2,1115,2,OSLA,2,1,1,RandomPlayerConfig
953875155,Checkers,0,GAME_OVER,24,23,2,1116,2,OSLA,2,1,1,RandomPlayerConfig
-1116590745,Checkers,0,GAME_OVER,21,20,2,1117,2,OSLA,2,1,1,RandomPlayerConfig
2080880065,Checkers,0,GAME_OVER,19,18,2,1118,2,OSLA,2,1,1,RandomPlayerConfig
-780874224,Checkers,0,GAME_OVER,16,15,2,1119,2,OSLA,2,1,1,RandomPlayerConfig
1445423173,Checkers,0,GAME_OVER,20,19,2,1120,2,OSLA,2,1,1,RandomPlayerConfig
-878724237,Checkers,0,GAME_OVER,25,24,2,1121,2,OSLA,2,1,1,RandomPlayerConfig
-626185222,Checkers,0,GAME_OVER,25,24,2,1122,2,OSLA,2,1,1,RandomPlayerConfig
-1338857838,Checkers,0,GAME_OVER,20,19,2,1123,2,OSLA,2,1,1,RandomPlayerConfig
-1131761202,Checkers,0,GAME_OVER,21,20,2,1124,2,OSLA,2,1,1,RandomPlayerConfig
-1569212102,Checkers,0,GAME_OVER,17,16,2,1125,2,OSLA,2,1,1,RandomPlayerConfig
-639988875,Checkers,0,GAME_OVER,23,22,2,1126,2,OSLA,2,1,1,RandomPlayerConfig
-934674966,Checkers,0,GAME_OVER,31,30,2,1127,2,OSLA,2,1,1,RandomPlayerConfig
1082308112,Checkers,0,GAME_OVER,19,18,2,1128,2,OSLA,2,1,1,RandomPlayerConfig
-859756209,Checkers,0,GAME_OVER,19,18,2,1129,2,OSLA,2,1,1,RandomPlayerConfig
991294862,Checkers,0,GAME_OVER,22,21,2,1130,2,OSLA,2,1,1,RandomPlayerConfig
-1453190597,Checkers,0,GAME_OVER,21,20,2,1131,2,OSLA,2,1,1,RandomPlayerConfig
1585459093,Checkers,0,GAME_OVER,19,18,2,1132,2,OSLA,2,1,1,RandomPlayerConfig
199979832,Checkers,0,GAME_OVER,27,26,2,1133,2,OSLA,2,1,1,RandomPlayerConfig
785434104,Checkers,0,GAME_OVER,21,20,2,1134,2,OSLA,2,1,1,RandomPlayerConfig
-478336726,Checkers,0,GAME_OVER,18,17,2,1135,2,OSLA,2,1,1,RandomPlayerConfig
-466729984,Checkers,0,GAME_OVER,22,21,2,1136,2,OSLA,2,1,1,RandomPlayerConfig
-769715047,Checkers,0,GAME_OVER,20,19,2,1137,2,OSLA,2,1,1,RandomPlayerConfig
-774285548,Checkers,0,GAME_OVER,23,22,2,1138,2,OSLA,2,1,1,RandomPlayerConfig
2084347808,Checkers,0,GAME_OVER,18,17,2,1139,2,OSLA,2,1,1,RandomPlayerConfig
-2058923387,Checkers,0,GAME_OVER,23,22,2,1140,2,OSLA,2,1,1,RandomPlayerConfig
-1119502190,Checkers,0,GAME_OVER,35,34,2,1141,2,OSLA,2,1,1,RandomPlayerConfig
-2076952699,Checkers,0,GAME_OVER,33,32,2,1142,2,OSLA,2,1,1,RandomPlayerConfig
-873483826,Checkers,0,GAME_OVER,54,53,2,1143,2,OSLA,2,1,1,RandomPlayerConfig
507753882,Checkers,0,GAME_OVER,16,15,2,1144,2,OSLA,2,1,1,RandomPlayerConfig
-1486188188,Checkers,0,GAME_OVER,18,17,2,1145,2,OSLA,2,1,1,RandomPlayerConfig
1239065860,Checkers,0,GAME_OVER,29,28,2,1146,2,OSLA,2,1,1,RandomPlayerConfig
-461881487,Checkers,0,GAME_OVER,41,40,2,1147,2,OSLA,2,1,1,RandomPlayerConfig
-221877266,Checkers,0,GAME_OVER,32,31,2,1148,2,OSLA,2,1,1,RandomPlayerConfig
867774554,Checkers,0,GAME_OVER,24,23,2,1149,2,OSLA,2,1,1,RandomPlayerConfig
-1889181584,Checkers,0,GAME_OVER,19,18,2,1150,2,OSLA,2,1,1,RandomPlayerConfig
-1560211370,Checkers,0,GAME_OVER,21,20,2,1151,2,OSLA,2,1,1,RandomPlayerConfig
-1686709094,Checkers,0,GAME_OVER,22,21,2,1152,2,OSLA,2,1,1,RandomPlayerConfig
-1301473306,Checkers,0,GAME_OVER,30,29,2,1153,2,OSLA,2,1,1,RandomPlayerConfig
1569206056,Checkers,0,GAME_OVER,19,18,2,1154,2,OSLA,2,1,1,RandomPlayerConfig
-1556783840,Checkers,0,GAME_OVER,21,20,2,1155,2,OSLA,2,1,1,RandomPlayerConfig
-2043270506,Checkers,0,GAME_OVER,18,17,2,1156,1,OSLA,1,2,2,RandomPlayerConfig
661672969,Checkers,0,GAME_OVER,43,42,2,1157,2,OSLA,2,1,1,RandomPlayerConfig
-541876835,Checkers,0,GAME_OVER,20,19,2,1158,2,OSLA,2,1,1,RandomPlayerConfig
-1620991927,Checkers,0,GAME_OVER,24,23,2,1159,2,OSLA,2,1,1,RandomPlayerConfig
-2020488339,Checkers,0,GAME_OVER,21,20,2,1160,2,OSLA,2,1,1,RandomPlayerConfig
830170360,Checkers,0,GAME_OVER,23,22,2,1161,2,OSLA,2,1,1,RandomPlayerConfig
-1720199390,Checkers,0,GAME_OVER,25,24,2,1162,1,OSLA,1,2,2,RandomPlayerConfig
-924716186,Checkers,0,GAME_OVER,18,17,2,1163,2,OSLA,2,1,1,RandomPlayerConfig
-1673767628,Checkers,0,GAME_OVER,27,26,2,1164,2,OSLA,2,1,1,RandomPlayerConfig
1753098236,Checkers,0,GAME_OVER,27,26,2,1165,2,OSLA,2,1,1,RandomPlayerConfig
1151117062,Checkers,0,GAME_OVER,27,26,2,1166,2,OSLA,2,1,1,RandomPlayerConfig
1069710510,Checkers,0,GAME_OVER,21,20,2,1167,2,OSLA,2,1,1,RandomPlayerConfig
1752217528,Checkers,0,GAME_OVER,19,18,2,1168,2,OSLA,2,1,1,RandomPlayerConfig
-1808536935,Checkers,0,GAME_OVER,17,16,2,1169,2,OSLA,2,1,1,RandomPlayerConfig
-191891741,Checkers,0,GAME_OVER,26,25,2,1170,2,OSLA,2,1,1,RandomPlayerConfig
-1145392964,Checkers,0,GAME_OVER,20,19,2,1171,2,OSLA,2,1,1,RandomPlayerConfig
-2135730954,Checkers,0,GAME_OVER,26,25,2,1172,2,OSLA,2,1,1,RandomPlayerConfig
1162021874,Checkers,0,GAME_OVER,33,32,2,1173,2,OSLA,2,1,1,RandomPlayerConfig
873291320,Checkers,0,GAME_OVER,48,47,2,1174,2,OSLA,2,1,1,RandomPlayerConfig
1811180692,Checkers,0,GAME_OVER,19,18,2,1175,2,OSLA,2,1,1,RandomPlayerConfig
111652047,Checkers,0,GAME_OVER,19,18,2,1176,2,OSLA,2,1,1,RandomPlayerConfig
-160771989,Checkers,0,GAME_OVER,20,19,2,1177,2,OSLA,2,1,1,RandomPlayerConfig
-1527343307,Checkers,0,GAME_OVER,28,27,2,1178,2,OSLA,2,1,1,RandomPlayerConfig
178007011,Checkers,0,GAME_OVER,23,22,2,1179,2,OSLA,2,1,1,RandomPlayerConfig
-1930915844,Checkers,0,GAME_OVER,25,24,2,1180,2,OSLA,2,1,1,RandomPlayerConfig
-565687408,Checkers,0,GAME_OVER,18,17,2,1181,2,OSLA,2,1,1,RandomPlayerConfig
-1854018346,Checkers,0,GAME_OVER,33,32,2,1182,2,OSLA,2,1,1,RandomPlayerConfig
-1656234102,Checkers,0,GAME_OVER,24,23,2,1183,2,OSLA,2,1,1,RandomPlayerConfig
-1589899714,Checkers,0,GAME_OVER,40,39,2,1184,2,OSLA,2,1,1,RandomPlayerConfig
526746677,Checkers,0,GAME_OVER,20,19,2,1185,1,OSLA,1,2,2,RandomPlayerConfig
-2042563021,Checkers,0,GAME_OVER,21,20,2,1186,2,OSLA,2,1,1,RandomPlayerConfig
-1609160611,Checkers,0,GAME_OVER,20,19,2,1187,2,OSLA,2,1,1,RandomPlayerConfig
1549505498,Checkers,0,GAME_OVER,20,19,2,1188,2,OSLA,2,1,1,RandomPlayerConfig
-1982581027,Checkers,0,GAME_OVER,23,22,2,1189,2,OSLA,2,1,1,RandomPlayerConfig
-1207749867,Checkers,0,GAME_OVER,19,18,2,1190,2,OSLA,2,1,1,RandomPlayerConfig
-1354761689,Checkers,0,GAME_OVER,17,16,2,1191,1,OSLA,1,2,2,RandomPlayerConfig
756804164,Checkers,0,GAME_OVER,39,38,2,1192,2,OSLA,2,1,1,RandomPlayerConfig
-909649313,Checkers,0,GAME_OVER,22,21,2,1193,2,OSLA,2,1,1,RandomPlayerConfig
-1164091956,Checkers,0,GAME_OVER,27,26,2,1194,2,OSLA,2,1,1,RandomPlayerConfig
-1242371343,Checkers,0,GAME_OVER,18,17,2,1195,2,OSLA,2,1,1,RandomPlayerConfig
-112717798,Checkers,0,GAME_OVER,21,20,2,1196,2,OSLA,2,1,1,RandomPlayerConfig
-1346843962,Checkers,0,GAME_OVER,24,23,2,1197,2,OSLA,2,1,1,RandomPlayerConfig
313493055,Checkers,0,GAME_OVER,22,21,2,1198,2,OSLA,2,1,1,RandomPlayerConfig
1240117891,Checkers,0,GAME_OVER,20,19,2,1199,2,OSLA,2,1,1,RandomPlayerConfig
205331539,Checkers,0,GAME_OVER,30,29,2,1200,2,OSLA,2,1,1,RandomPlayerConfig
1658109561,Checkers,0,GAME_OVER,23,22,2,1201,2,OSLA,2,1,1,RandomPlayerConfig
-404168193,Checkers,0,GAME_OVER,15,14,2,1202,1,RandomPlayerConfig,1,2,2,MCTS_CheckersHeuristic
-387014737,Checkers,0,GAME_OVER,20,19,2,1203,1,RandomPlayerConfig,1,2,2,MCTS_CheckersHeuristic
357572797,Checkers,0,GAME_OVER,18,17,2,1204,1,RandomPlayerConfig,1,2,2,MCTS_CheckersHeuristic
-1920641588,Checkers,0,GAME_OVER,24,23,2,1205,1,RandomPlayerConfig,1,2,2,MCTS_CheckersHeuristic
-453948078,Checkers,0,GAME_OVER,19,18,2,1206,1,RandomPlayerConfig,1,2,2,MCTS_CheckersHeuristic
728410788,Checkers,0,GAME_OVER,20,19,2,1207,1,RandomPlayerConfig,1,2,2,MCTS_CheckersHeuristic
-900145433,Checkers,0,GAME_OVER,20,19,2,1208,1,RandomPlayerConfig,1,2,2,MCTS_CheckersHeuristic
344606389,Checkers,0,GAME_OVER,22,21,2,1209,1,RandomPlayerConfig,1,2,2,MCTS_CheckersHeuristic
-1335101607,Checkers,0,GAME_OVER,15,14,2,1210,1,RandomPlayerConfig,1,2,2,MCTS_CheckersHeuristic
-827583292,Checkers,0,GAME_OVER,18,17,2,1211,1,RandomPlayerConfig,1,2,2,MCTS_CheckersHeuristic
473978057,Checkers,0,GAME_OVER,19,18,2,1212,1,RandomPlayerConfig,1,2,2,MCTS_CheckersHeuristic
-1118339258,Checkers,0,GAME_OVER,22,21,2,1213,1,RandomPlayerConfig,1,2,2,MCTS_CheckersHeuristic
36298063,Checkers,0,GAME_OVER,20,19,2,1214,1,RandomPlayerConfig,1,2,2,MCTS_CheckersHeuristic
-58081034,Checkers,0,GAME_OVER,20,19,2,1215,1,RandomPlayerConfig,1,2,2,MCTS_CheckersHeuristic
1068116273,Checkers,0,GAME_OVER,24,23,2,1216,1,RandomPlayerConfig,1,2,2,MCTS_CheckersHeuristic
-2078364872,Checkers,0,GAME_OVER,30,29,2,1217,1,RandomPlayerConfig,1,2,2,MCTS_CheckersHeuristic
971111684,Checkers,0,GAME_OVER,20,19,2,1218,1,RandomPlayerConfig,1,2,2,MCTS_CheckersHeuristic
929425713,Checkers,0,GAME_OVER,18,17,2,1219,1,RandomPlayerConfig,1,2,2,MCTS_CheckersHeuristic
1804473508,Checkers,0,GAME_OVER,14,13,2,1220,1,RandomPlayerConfig,1,2,2,MCTS_CheckersHeuristic
1765188812,Checkers,0,GAME_OVER,19,18,2,1221,1,RandomPlayerConfig,1,2,2,MCTS_CheckersHeuristic
1915732207,Checkers,0,GAME_OVER,16,15,2,1222,1,RandomPlayerConfig,1,2,2,MCTS_CheckersHeuristic
793339,Checkers,0,GAME_OVER,21,20,2,1223,1,RandomPlayerConfig,1,2,2,MCTS_CheckersHeuristic
726334869,Checkers,0,GAME_OVER,19,18,2,1224,1,RandomPlayerConfig,1,2,2,MCTS_CheckersHeuristic
-1501221137,Checkers,0,GAME_OVER,17,16,2,1225,1,RandomPlayerConfig,1,2,2,MCTS_CheckersHeuristic
218339721,Checkers,0,GAME_OVER,19,18,2,1226,1,RandomPlayerConfig,1,2,2,MCTS_CheckersHeuristic
-53217236,Checkers,0,GAME_OVER,19,18,2,1227,1,RandomPlayerConfig,1,2,2,MCTS_CheckersHeuristic
-296541228,Checkers,0,GAME_OVER,17,16,2,1228,1,RandomPlayerConfig,1,2,2,MCTS_CheckersHeuristic
835169688,Checkers,0,GAME_OVER,19,18,2,1229,1,RandomPlayerConfig,1,2,2,MCTS_CheckersHeuristic
913528792,Checkers,0,GAME_OVER,20,19,2,1230,1,RandomPlayerConfig,1,2,2,MCTS_CheckersHeuristic
-1238843401,Checkers,0,GAME_OVER,15,14,2,1231,1,RandomPlayerConfig,1,2,2,MCTS_CheckersHeuristic
-626323644,Checkers,0,GAME_OVER,18,17,2,1232,1,RandomPlayerConfig,1,2,2,MCTS_CheckersHeuristic
-1929084812,Checkers,0,GAME_OVER,14,13,2,1233,1,RandomPlayerConfig,1,2,2,MCTS_CheckersHeuristic
1134370121,Checkers,0,GAME_OVER,22,21,2,1234,1,RandomPlayerConfig,1,2,2,MCTS_CheckersHeuristic
-804133846,Checkers,0,GAME_OVER,19,18,2,1235,1,RandomPlayerConfig,1,2,2,MCTS_CheckersHeuristic
-1797507631,Checkers,0,GAME_OVER,22,21,2,1236,1,RandomPlayerConfig,1,2,2,MCTS_CheckersHeuristic
2128929733,Checkers,0,GAME_OVER,22,21,2,1237,1,RandomPlayerConfig,1,2,2,MCTS_CheckersHeuristic
-81201981,Checkers,0,GAME_OVER,16,15,2,1238,1,RandomPlayerConfig,1,2,2,MCTS_CheckersHeuristic
-816238924,Checkers,0,GAME_OVER,18,17,2,1239,1,RandomPlayerConfig,1,2,2,MCTS_CheckersHeuristic
-2070442848,Checkers,0,GAME_OVER,15,14,2,1240,1,RandomPlayerConfig,1,2,2,MCTS_CheckersHeuristic
1313962887,Checkers,0,GAME_OVER,17,16,2,1241,1,RandomPlayerConfig,1,2,2,MCTS_CheckersHeuristic
421685496,Checkers,0,GAME_OVER,20,19,2,1242,1,RandomPlayerConfig,1,2,2,MCTS_CheckersHeuristic
665795432,Checkers,0,GAME_OVER,20,19,2,1243,1,RandomPlayerConfig,1,2,2,MCTS_CheckersHeuristic
-665618297,Checkers,0,GAME_OVER,18,17,2,1244,1,RandomPlayerConfig,1,2,2,MCTS_CheckersHeuristic
1974070484,Checkers,0,GAME_OVER,20,19,2,1245,1,RandomPlayerConfig,1,2,2,MCTS_CheckersHeuristic
-1314608131,Checkers,0,GAME_OVER,17,16,2,1246,1,RandomPlayerConfig,1,2,2,MCTS_CheckersHeuristic
-1091089921,Checkers,0,GAME_OVER,24,23,2,1247,1,RandomPlayerConfig,1,2,2,MCTS_CheckersHeuristic
-1628188226,Checkers,0,GAME_OVER,16,15,2,1248,1,RandomPlayerConfig,1,2,2,MCTS_CheckersHeuristic
76687752,Checkers,0,GAME_OVER,20,19,2,1249,1,RandomPlayerConfig,1,2,2,MCTS_CheckersHeuristic
979969052,Checkers,0,GAME_OVER,18,17,2,1250,1,RandomPlayerConfig,1,2,2,MCTS_CheckersHeuristic
-1125143453,Checkers,0,GAME_OVER,14,13,2,1251,1,RandomPlayerConfig,1,2,2,MCTS_CheckersHeuristic
608300759,Checkers,0,GAME_OVER,17,16,2,1252,1,RandomPlayerConfig,1,2,2,MCTS_CheckersHeuristic
-1982442968,Checkers,0,GAME_OVER,22,21,2,1253,1,RandomPlayerConfig,1,2,2,MCTS_CheckersHeuristic
-739151383,Checkers,0,GAME_OVER,15,14,2,1254,1,RandomPlayerConfig,1,2,2,MCTS_CheckersHeuristic
1711035690,Checkers,0,GAME_OVER,18,17,2,1255,1,RandomPlayerConfig,1,2,2,MCTS_CheckersHeuristic
-286922005,Checkers,0,GAME_OVER,20,19,2,1256,1,RandomPlayerConfig,1,2,2,MCTS_CheckersHeuristic
-74427905,Checkers,0,GAME_OVER,21,20,2,1257,1,RandomPlayerConfig,1,2,2,MCTS_CheckersHeuristic
352535442,Checkers,0,GAME_OVER,18,17,2,1258,1,RandomPlayerConfig,1,2,2,MCTS_CheckersHeuristic
-1473426848,Checkers,0,GAME_OVER,23,22,2,1259,1,RandomPlayerConfig,1,2,2,MCTS_CheckersHeuristic
1542560533,Checkers,0,GAME_OVER,18,17,2,1260,1,RandomPlayerConfig,1,2,2,MCTS_CheckersHeuristic
-1463248502,Checkers,0,GAME_OVER,25,24,2,1261,1,RandomPlayerConfig,1,2,2,MCTS_CheckersHeuristic
-541226629,Checkers,0,GAME_OVER,19,18,2,1262,1,RandomPlayerConfig,1,2,2,MCTS_CheckersHeuristic
-1292697463,Checkers,0,GAME_OVER,26,25,2,1263,1,RandomPlayerConfig,1,2,2,MCTS_CheckersHeuristic
-1608456412,Checkers,0,GAME_OVER,19,18,2,1264,1,RandomPlayerConfig,1,2,2,MCTS_CheckersHeuristic
1870502677,Checkers,0,GAME_OVER,20,19,2,1265,1,RandomPlayerConfig,1,2,2,MCTS_CheckersHeuristic
1005838346,Checkers,0,GAME_OVER,32,31,2,1266,1,RandomPlayerConfig,1,2,2,MCTS_CheckersHeuristic
2022629861,Checkers,0,GAME_OVER,18,17,2,1267,1,RandomPlayerConfig,1,2,2,MCTS_CheckersHeuristic
-1459979893,Checkers,0,GAME_OVER,18,17,2,1268,1,RandomPlayerConfig,1,2,2,MCTS_CheckersHeuristic
-1030492763,Checkers,0,GAME_OVER,21,20,2,1269,1,RandomPlayerConfig,1,2,2,MCTS_CheckersHeuristic
2146845374,Checkers,0,GAME_OVER,19,18,2,1270,1,RandomPlayerConfig,1,2,2,MCTS_CheckersHeuristic
-462518795,Checkers,0,GAME_OVER,18,17,2,1271,1,RandomPlayerConfig,1,2,2,MCTS_CheckersHeuristic
-617153892,Checkers,0,GAME_OVER,22,21,2,1272,1,RandomPlayerConfig,1,2,2,MCTS_CheckersHeuristic
652950040,Checkers,0,GAME_OVER,16,15,2,1273,1,RandomPlayerConfig,1,2,2,MCTS_CheckersHeuristic
884497542,Checkers,0,GAME_OVER,19,18,2,1274,1,RandomPlayerConfig,1,2,2,MCTS_CheckersHeuristic
931421502,Checkers,0,GAME_OVER,21,20,2,1275,1,RandomPlayerConfig,1,2,2,MCTS_CheckersHeuristic
1602505461,Checkers,0,GAME_OVER,15,14,2,1276,1,RandomPlayerConfig,1,2,2,MCTS_CheckersHeuristic
-1007528309,Checkers,0,GAME_OVER,16,15,2,1277,1,RandomPlayerConfig,1,2,2,MCTS_CheckersHeuristic
-1381168816,Checkers,0,GAME_OVER,22,21,2,1278,1,RandomPlayerConfig,1,2,2,MCTS_CheckersHeuristic
-1281829556,Checkers,0,GAME_OVER,22,21,2,1279,1,RandomPlayerConfig,1,2,2,MCTS_CheckersHeuristic
-1508019910,Checkers,0,GAME_OVER,22,21,2,1280,1,RandomPlayerConfig,1,2,2,MCTS_CheckersHeuristic
618083323,Checkers,0,GAME_OVER,20,19,2,1281,1,RandomPlayerConfig,1,2,2,MCTS_CheckersHeuristic
-1528832801,Checkers,0,GAME_OVER,23,22,2,1282,1,RandomPlayerConfig,1,2,2,MCTS_CheckersHeuristic
616249593,Checkers,0,GAME_OVER,14,13,2,1283,1,RandomPlayerConfig,1,2,2,MCTS_CheckersHeuristic
201797380,Checkers,0,GAME_OVER,18,17,2,1284,1,RandomPlayerConfig,1,2,2,MCTS_CheckersHeuristic
-367689170,Checkers,0,GAME_OVER,14,13,2,1285,1,RandomPlayerConfig,1,2,2,MCTS_CheckersHeuristic
-903888159,Checkers,0,GAME_OVER,20,19,2,1286,1,RandomPlayerConfig,1,2,2,MCTS_CheckersHeuristic
212455662,Checkers,0,GAME_OVER,19,18,2,1287,1,RandomPlayerConfig,1,2,2,MCTS_CheckersHeuristic
1431073048,Checkers,0,GAME_OVER,19,18,2,1288,1,RandomPlayerConfig,1,2,2,MCTS_CheckersHeuristic
-1443811885,Checkers,0,GAME_OVER,13,12,2,1289,1,RandomPlayerConfig,1,2,2,MCTS_CheckersHeuristic
-441775040,Checkers,0,GAME_OVER,19,18,2,1290,1,RandomPlayerConfig,1,2,2,MCTS_CheckersHeuristic
461178986,Checkers,0,GAME_OVER,18,17,2,1291,1,RandomPlayerConfig,1,2,2,MCTS_CheckersHeuristic
-1382740261,Checkers,0,GAME_OVER,18,17,2,1292,1,RandomPlayerConfig,1,2,2,MCTS_CheckersHeuristic
-1214767896,Checkers,0,GAME_OVER,19,18,2,1293,1,RandomPlayerConfig,1,2,2,MCTS_CheckersHeuristic
1425964472,Checkers,0,GAME_OVER,19,18,2,1294,1,RandomPlayerConfig,1,2,2,MCTS_CheckersHeuristic
593074754,Checkers,0,GAME_OVER,20,19,2,1295,1,RandomPlayerConfig,1,2,2,MCTS_CheckersHeuristic
1998884101,Checkers,0,GAME_OVER,22,21,2,1296,1,RandomPlayerConfig,1,2,2,MCTS_CheckersHeuristic
-1099379365,Checkers,0,GAME_OVER,25,24,2,1297,1,RandomPlayerConfig,1,2,2,MCTS_CheckersHeuristic
2020488105,Checkers,0,GAME_OVER,20,19,2,1298,1,RandomPlayerConfig,1,2,2,MCTS_CheckersHeuristic
-22410712,Checkers,0,GAME_OVER,17,16,2,1299,1,RandomPlayerConfig,1,2,2,MCTS_CheckersHeuristic
-1225402475,Checkers,0,GAME_OVER,20,19,2,1300,1,RandomPlayerConfig,1,2,2,MCTS_CheckersHeuristic
-1206797836,Checkers,0,GAME_OVER,17,16,2,1301,1,RandomPlayerConfig,1,2,2,MCTS_CheckersHeuristic
1799909165,Checkers,0,GAME_OVER,32,31,2,1302,1,RandomPlayerConfig,1,2,2,MCTS_CheckersHeuristic
-1583354321,Checkers,0,GAME_OVER,15,14,2,1303,1,RandomPlayerConfig,1,2,2,MCTS_CheckersHeuristic
-293329148,Checkers,0,GAME_OVER,19,18,2,1304,1,RandomPlayerConfig,1,2,2,MCTS_CheckersHeuristic
-2007520911,Checkers,0,GAME_OVER,20,19,2,1305,1,RandomPlayerConfig,1,2,2,MCTS_CheckersHeuristic
-1280335763,Checkers,0,GAME_OVER,18,17,2,1306,1,RandomPlayerConfig,1,2,2,MCTS_CheckersHeuristic
1019333774,Checkers,0,GAME_OVER,19,18,2,1307,1,RandomPlayerConfig,1,2,2,MCTS_CheckersHeuristic
-1340046147,Checkers,0,GAME_OVER,20,19,2,1308,1,RandomPlayerConfig,1,2,2,MCTS_CheckersHeuristic
-1374729230,Checkers,0,GAME_OVER,18,17,2,1309,1,RandomPlayerConfig,1,2,2,MCTS_CheckersHeuristic
-1403370960,Checkers,0,GAME_OVER,22,21,2,1310,1,RandomPlayerConfig,1,2,2,MCTS_CheckersHeuristic
1733464483,Checkers,0,GAME_OVER,17,16,2,1311,1,RandomPlayerConfig,1,2,2,MCTS_CheckersHeuristic
-457792821,Checkers,0,GAME_OVER,19,18,2,1312,1,RandomPlayerConfig,1,2,2,MCTS_CheckersHeuristic
-1017591145,Checkers,0,GAME_OVER,21,20,2,1313,1,RandomPlayerConfig,1,2,2,MCTS_CheckersHeuristic
1178360500,Checkers,0,GAME_OVER,19,18,2,1314,1,RandomPlayerConfig,1,2,2,MCTS_CheckersHeuristic
2041307707,Checkers,0,GAME_OVER,19,18,2,1315,1,RandomPlayerConfig,1,2,2,MCTS_CheckersHeuristic
953875155,Checkers,0,GAME_OVER,18,17,2,1316,1,RandomPlayerConfig,1,2,2,MCTS_CheckersHeuristic
-1116590745,Checkers,0,GAME_OVER,21,20,2,1317,1,RandomPlayerConfig,1,2,2,MCTS_CheckersHeuristic
2080880065,Checkers,0,GAME_OVER,22,21,2,1318,1,RandomPlayerConfig,1,2,2,MCTS_CheckersHeuristic
-780874224,Checkers,0,GAME_OVER,19,18,2,1319,1,RandomPlayerConfig,1,2,2,MCTS_CheckersHeuristic
1445423173,Checkers,0,GAME_OVER,21,20,2,1320,1,RandomPlayerConfig,1,2,2,MCTS_CheckersHeuristic
-878724237,Checkers,0,GAME_OVER,21,20,2,1321,1,RandomPlayerConfig,1,2,2,MCTS_CheckersHeuristic
-626185222,Checkers,0,GAME_OVER,21,20,2,1322,1,RandomPlayerConfig,1,2,2,MCTS_CheckersHeuristic
-1338857838,Checkers,0,GAME_OVER,19,18,2,1323,1,RandomPlayerConfig,1,2,2,MCTS_CheckersHeuristic
-1131761202,Checkers,0,GAME_OVER,24,23,2,1324,1,RandomPlayerConfig,1,2,2,MCTS_CheckersHeuristic
-1569212102,Checkers,0,GAME_OVER,21,20,2,1325,1,RandomPlayerConfig,1,2,2,MCTS_CheckersHeuristic
-639988875,Checkers,0,GAME_OVER,23,22,2,1326,1,RandomPlayerConfig,1,2,2,MCTS_CheckersHeuristic
-934674966,Checkers,0,GAME_OVER,20,19,2,1327,1,RandomPlayerConfig,1,2,2,MCTS_CheckersHeuristic
1082308112,Checkers,0,GAME_OVER,22,21,2,1328,1,RandomPlayerConfig,1,2,2,MCTS_CheckersHeuristic
-859756209,Checkers,0,GAME_OVER,20,19,2,1329,1,RandomPlayerConfig,1,2,2,MCTS_CheckersHeuristic
991294862,Checkers,0,GAME_OVER,25,24,2,1330,1,RandomPlayerConfig,1,2,2,MCTS_CheckersHeuristic
-1453190597,Checkers,0,GAME_OVER,17,16,2,1331,1,RandomPlayerConfig,1,2,2,MCTS_CheckersHeuristic
1585459093,Checkers,0,GAME_OVER,19,18,2,1332,1,RandomPlayerConfig,1,2,2,MCTS_CheckersHeuristic
199979832,Checkers,0,GAME_OVER,19,18,2,1333,1,RandomPlayerConfig,1,2,2,MCTS_CheckersHeuristic
785434104,Checkers,0,GAME_OVER,19,18,2,1334,1,RandomPlayerConfig,1,2,2,MCTS_CheckersHeuristic
-478336726,Checkers,0,GAME_OVER,21,20,2,1335,1,RandomPlayerConfig,1,2,2,MCTS_CheckersHeuristic
-466729984,Checkers,0,GAME_OVER,19,18,2,1336,1,RandomPlayerConfig,1,2,2,MCTS_CheckersHeuristic
-769715047,Checkers,0,GAME_OVER,21,20,2,1337,1,RandomPlayerConfig,1,2,2,MCTS_CheckersHeuristic
-774285548,Checkers,0,GAME_OVER,27,26,2,1338,1,RandomPlayerConfig,1,2,2,MCTS_CheckersHeuristic
2084347808,Checkers,0,GAME_OVER,20,19,2,1339,1,RandomPlayerConfig,1,2,2,MCTS_CheckersHeuristic
-2058923387,Checkers,0,GAME_OVER,22,21,2,1340,1,RandomPlayerConfig,1,2,2,MCTS_CheckersHeuristic
-1119502190,Checkers,0,GAME_OVER,31,30,2,1341,1,RandomPlayerConfig,1,2,2,MCTS_CheckersHeuristic
-2076952699,Checkers,0,GAME_OVER,17,16,2,1342,1,RandomPlayerConfig,1,2,2,MCTS_CheckersHeuristic
-873483826,Checkers,0,GAME_OVER,26,25,2,1343,1,RandomPlayerConfig,1,2,2,MCTS_CheckersHeuristic
507753882,Checkers,0,GAME_OVER,25,24,2,1344,1,RandomPlayerConfig,1,2,2,MCTS_CheckersHeuristic
-1486188188,Checkers,0,GAME_OVER,18,17,2,1345,1,RandomPlayerConfig,1,2,2,MCTS_CheckersHeuristic
1239065860,Checkers,0,GAME_OVER,20,19,2,1346,1,RandomPlayerConfig,1,2,2,MCTS_CheckersHeuristic
-461881487,Checkers,0,GAME_OVER,16,15,2,1347,1,RandomPlayerConfig,1,2,2,MCTS_CheckersHeuristic
-221877266,Checkers,0,GAME_OVER,20,19,2,1348,1,RandomPlayerConfig,1,2,2,MCTS_CheckersHeuristic
867774554,Checkers,0,GAME_OVER,19,18,2,1349,1,RandomPlayerConfig,1,2,2,MCTS_CheckersHeuristic
-1889181584,Checkers,0,GAME_OVER,19,18,2,1350,1,RandomPlayerConfig,1,2,2,MCTS_CheckersHeuristic
-1560211370,Checkers,0,GAME_OVER,20,19,2,1351,1,RandomPlayerConfig,1,2,2,MCTS_CheckersHeuristic
-1686709094,Checkers,0,GAME_OVER,19,18,2,1352,1,RandomPlayerConfig,1,2,2,MCTS_CheckersHeuristic
-1301473306,Checkers,0,GAME_OVER,19,18,2,1353,1,RandomPlayerConfig,1,2,2,MCTS_CheckersHeuristic
1569206056,Checkers,0,GAME_OVER,20,19,2,1354,1,RandomPlayerConfig,1,2,2,MCTS_CheckersHeuristic
-1556783840,Checkers,0,GAME_OVER,20,19,2,1355,1,RandomPlayerConfig,1,2,2,MCTS_CheckersHeuristic
-2043270506,Checkers,0,GAME_OVER,18,17,2,1356,1,RandomPlayerConfig,1,2,2,MCTS_CheckersHeuristic
661672969,Checkers,0,GAME_OVER,20,19,2,1357,1,RandomPlayerConfig,1,2,2,MCTS_CheckersHeuristic
-541876835,Checkers,0,GAME_OVER,21,20,2,1358,1,RandomPlayerConfig,1,2,2,MCTS_CheckersHeuristic
-1620991927,Checkers,0,GAME_OVER,22,21,2,1359,1,RandomPlayerConfig,1,2,2,MCTS_CheckersHeuristic
-2020488339,Checkers,0,GAME_OVER,20,19,2,1360,1,RandomPlayerConfig,1,2,2,MCTS_CheckersHeuristic
830170360,Checkers,0,GAME_OVER,17,16,2,1361,1,RandomPlayerConfig,1,2,2,MCTS_CheckersHeuristic
-1720199390,Checkers,0,GAME_OVER,16,15,2,1362,1,RandomPlayerConfig,1,2,2,MCTS_CheckersHeuristic
-924716186,Checkers,0,GAME_OVER,19,18,2,1363,1,RandomPlayerConfig,1,2,2,MCTS_CheckersHeuristic
-1673767628,Checkers,0,GAME_OVER,17,16,2,1364,1,RandomPlayerConfig,1,2,2,MCTS_CheckersHeuristic
1753098236,Checkers,0,GAME_OVER,17,16,2,1365,1,RandomPlayerConfig,1,2,2,MCTS_CheckersHeuristic
1151117062,Checkers,0,GAME_OVER,21,20,2,1366,1,RandomPlayerConfig,1,2,2,MCTS_CheckersHeuristic
1069710510,Checkers,0,GAME_OVER,32,31,2,1367,1,RandomPlayerConfig,1,2,2,MCTS_CheckersHeuristic
1752217528,Checkers,0,GAME_OVER,18,17,2,1368,1,RandomPlayerConfig,1,2,2,MCTS_CheckersHeuristic
-1808536935,Checkers,0,GAME_OVER,17,16,2,1369,1,RandomPlayerConfig,1,2,2,MCTS_CheckersHeuristic
-191891741,Checkers,0,GAME_OVER,26,25,2,1370,1,RandomPlayerConfig,1,2,2,MCTS_CheckersHeuristic
-1145392964,Checkers,0,GAME_OVER,22,21,2,1371,1,RandomPlayerConfig,1,2,2,MCTS_CheckersHeuristic
-2135730954,Checkers,0,GAME_OVER,28,27,2,1372,1,RandomPlayerConfig,1,2,2,MCTS_CheckersHeuristic
1162021874,Checkers,0,GAME_OVER,20,19,2,1373,1,RandomPlayerConfig,1,2,2,MCTS_CheckersHeuristic
873291320,Checkers,0,GAME_OVER,20,19,2,1374,1,RandomPlayerConfig,1,2,2,MCTS_CheckersHeuristic
1811180692,Checkers,0,GAME_OVER,19,18,2,1375,1,RandomPlayerConfig,1,2,2,MCTS_CheckersHeuristic
111652047,Checkers,0,GAME_OVER,20,19,2,1376,1,RandomPlayerConfig,1,2,2,MCTS_CheckersHeuristic
-160771989,Checkers,0,GAME_OVER,19,18,2,1377,1,RandomPlayerConfig,1,2,2,MCTS_CheckersHeuristic
-1527343307,Checkers,0,GAME_OVER,21,20,2,1378,1,RandomPlayerConfig,1,2,2,MCTS_CheckersHeuristic
178007011,Checkers,0,GAME_OVER,25,24,2,1379,1,RandomPlayerConfig,1,2,2,MCTS_CheckersHeuristic
-1930915844,Checkers,0,GAME_OVER,19,18,2,1380,1,RandomPlayerConfig,1,2,2,MCTS_CheckersHeuristic
-565687408,Checkers,0,GAME_OVER,24,23,2,1381,1,RandomPlayerConfig,1,2,2,MCTS_CheckersHeuristic
-1854018346,Checkers,0,GAME_OVER,18,17,2,1382,1,RandomPlayerConfig,1,2,2,MCTS_CheckersHeuristic
-1656234102,Checkers,0,GAME_OVER,22,21,2,1383,1,RandomPlayerConfig,1,2,2,MCTS_CheckersHeuristic
-1589899714,Checkers,0,GAME_OVER,17,16,2,1384,1,RandomPlayerConfig,1,2,2,MCTS_CheckersHeuristic
526746677,Checkers,0,GAME_OVER,19,18,2,1385,1,RandomPlayerConfig,1,2,2,MCTS_CheckersHeuristic
-2042563021,Checkers,0,GAME_OVER,17,16,2,1386,1,RandomPlayerConfig,1,2,2,MCTS_CheckersHeuristic
-1609160611,Checkers,0,GAME_OVER,20,19,2,1387,1,RandomPlayerConfig,1,2,2,MCTS_CheckersHeuristic
1549505498,Checkers,0,GAME_OVER,21,20,2,1388,1,RandomPlayerConfig,1,2,2,MCTS_CheckersHeuristic
-1982581027,Checkers,0,GAME_OVER,14,13,2,1389,1,RandomPlayerConfig,1,2,2,MCTS_CheckersHeuristic
-1207749867,Checkers,0,GAME_OVER,16,15,2,1390,1,RandomPlayerConfig,1,2,2,MCTS_CheckersHeuristic
-1354761689,Checkers,0,GAME_OVER,21,20,2,1391,1,RandomPlayerConfig,1,2,2,MCTS_CheckersHeuristic
756804164,Checkers,0,GAME_OVER,14,13,2,1392,1,RandomPlayerConfig,1,2,2,MCTS_CheckersHeuristic
-909649313,Checkers,0,GAME_OVER,21,20,2,1393,1,RandomPlayerConfig,1,2,2,MCTS_CheckersHeuristic
-1164091956,Checkers,0,GAME_OVER,20,19,2,1394,1,RandomPlayerConfig,1,2,2,MCTS_CheckersHeuristic
-1242371343,Checkers,0,GAME_OVER,18,17,2,1395,1,RandomPlayerConfig,1,2,2,MCTS_CheckersHeuristic
-112717798,Checkers,0,GAME_OVER,22,21,2,1396,1,RandomPlayerConfig,1,2,2,MCTS_CheckersHeuristic
-1346843962,Checkers,0,GAME_OVER,17,16,2,1397,1,RandomPlayerConfig,1,2,2,MCTS_CheckersHeuristic
313493055,Checkers,0,GAME_OVER,18,17,2,1398,1,RandomPlayerConfig,1,2,2,MCTS_CheckersHeuristic
1240117891,Checkers,0,GAME_OVER,24,23,2,1399,1,RandomPlayerConfig,1,2,2,MCTS_CheckersHeuristic
205331539,Checkers,0,GAME_OVER,19,18,2,1400,1,RandomPlayerConfig,1,2,2,MCTS_CheckersHeuristic
1658109561,Checkers,0,GAME_OVER,16,15,2,1401,1,RandomPlayerConfig,1,2,2,MCTS_CheckersHeuristic
-404168193,Checkers,0,GAME_OVER,19,18,2,1402,1,RandomPlayerConfig,1,2,2,OSLA
-387014737,Checkers,0,GAME_OVER,48,47,2,1403,1,RandomPlayerConfig,1,2,2,OSLA
357572797,Checkers,0,GAME_OVER,24,23,2,1404,1,RandomPlayerConfig,1,2,2,OSLA
-1920641588,Checkers,0,GAME_OVER,20,19,2,1405,1,RandomPlayerConfig,1,2,2,OSLA
-453948078,Checkers,0,GAME_OVER,13,12,2,1406,1,RandomPlayerConfig,1,2,2,OSLA
728410788,Checkers,0,GAME_OVER,23,22,2,1407,1,RandomPlayerConfig,1,2,2,OSLA
-900145433,Checkers,0,GAME_OVER,18,17,2,1408,1,RandomPlayerConfig,1,2,2,OSLA
344606389,Checkers,0,GAME_OVER,21,20,2,1409,1,RandomPlayerConfig,1,2,2,OSLA
-1335101607,Checkers,0,GAME_OVER,19,18,2,1410,1,RandomPlayerConfig,1,2,2,OSLA
-827583292,Checkers,0,GAME_OVER,23,22,2,1411,1,RandomPlayerConfig,1,2,2,OSLA
473978057,Checkers,0,GAME_OVER,25,24,2,1412,1,RandomPlayerConfig,1,2,2,OSLA
-1118339258,Checkers,0,GAME_OVER,18,17,2,1413,1,RandomPlayerConfig,1,2,2,OSLA
36298063,Checkers,0,GAME_OVER,21,20,2,1414,1,RandomPlayerConfig,1,2,2,OSLA
-58081034,Checkers,0,GAME_OVER,24,23,2,1415,1,RandomPlayerConfig,1,2,2,OSLA
1068116273,Checkers,0,GAME_OVER,36,35,2,1416,1,RandomPlayerConfig,1,2,2,OSLA
-2078364872,Checkers,0,GAME_OVER,22,21,2,1417,1,RandomPlayerConfig,1,2,2,OSLA
971111684,Checkers,0,GAME_OVER,20,19,2,1418,1,RandomPlayerConfig,1,2,2,OSLA
929425713,Checkers,0,GAME_OVER,30,29,2,1419,1,RandomPlayerConfig,1,2,2,OSLA
1804473508,Checkers,0,GAME_OVER,15,14,2,1420,1,RandomPlayerConfig,1,2,2,OSLA
1765188812,Checkers,0,GAME_OVER,21,20,2,1421,1,RandomPlayerConfig,1,2,2,OSLA
1915732207,Checkers,0,GAME_OVER,31,30,2,1422,1,RandomPlayerConfig,1,2,2,OSLA
793339,Checkers,0,GAME_OVER,18,17,2,1423,1,RandomPlayerConfig,1,2,2,OSLA
726334869,Checkers,0,GAME_OVER,25,24,2,1424,1,RandomPlayerConfig,1,2,2,OSLA
-1501221137,Checkers,0,GAME_OVER,22,21,2,1425,1,RandomPlayerConfig,1,2,2,OSLA
218339721,Checkers,0,GAME_OVER,18,17,2,1426,1,RandomPlayerConfig,1,2,2,OSLA
-53217236,Checkers,0,GAME_OVER,34,33,2,1427,1,RandomPlayerConfig,1,2,2,OSLA
-296541228,Checkers,0,GAME_OVER,22,21,2,1428,1,RandomPlayerConfig,1,2,2,OSLA
835169688,Checkers,0,GAME_OVER,22,21,2,1429,1,RandomPlayerConfig,1,2,2,OSLA
913528792,Checkers,0,GAME_OVER,44,43,2,1430,1,RandomPlayerConfig,1,2,2,OSLA
-1238843401,Checkers,0,GAME_OVER,15,14,2,1431,1,RandomPlayerConfig,1,2,2,OSLA
-626323644,Checkers,0,GAME_OVER,17,16,2,1432,1,RandomPlayerConfig,1,2,2,OSLA
-1929084812,Checkers,0,GAME_OVER,23,22,2,1433,1,RandomPlayerConfig,1,2,2,OSLA
1134370121,Checkers,0,GAME_OVER,19,18,2,1434,1,RandomPlayerConfig,1,2,2,OSLA
-804133846,Checkers,0,GAME_OVER,24,23,2,1435,1,RandomPlayerConfig,1,2,2,OSLA
-1797507631,Checkers,0,GAME_OVER,20,19,2,1436,1,RandomPlayerConfig,1,2,2,OSLA
2128929733,Checkers,0,GAME_OVER,22,21,2,1437,1,RandomPlayerConfig,1,2,2,OSLA
-81201981,Checkers,0,GAME_OVER,22,21,2,1438,1,RandomPlayerConfig,1,2,2,OSLA
-816238924,Checkers,0,GAME_OVER,20,19,2,1439,1,RandomPlayerConfig,1,2,2,OSLA
-2070442848,Checkers,0,GAME_OVER,21,20,2,1440,1,RandomPlayerConfig,1,2,2,OSLA
1313962887,Checkers,0,GAME_OVER,24,23,2,1441,1,RandomPlayerConfig,1,2,2,OSLA
421685496,Checkers,0,GAME_OVER,21,20,2,1442,1,RandomPlayerConfig,1,2,2,OSLA
665795432,Checkers,0,GAME_OVER,20,19,2,1443,1,RandomPlayerConfig,1,2,2,OSLA
-665618297,Checkers,0,GAME_OVER,22,21,2,1444,1,RandomPlayerConfig,1,2,2,OSLA
1974070484,Checkers,0,GAME_OVER,16,15,2,1445,1,RandomPlayerConfig,1,2,2,OSLA
-1314608131,Checkers,0,GAME_OVER,16,15,2,1446,1,RandomPlayerConfig,1,2,2,OSLA
-1091089921,Checkers,0,GAME_OVER,28,27,2,1447,1,RandomPlayerConfig,1,2,2,OSLA
-1628188226,Checkers,0,GAME_OVER,25,24,2,1448,2,RandomPlayerConfig,2,1,1,OSLA
76687752,Checkers,0,GAME_OVER,36,35,2,1449,1,RandomPlayerConfig,1,2,2,OSLA
979969052,Checkers,0,GAME_OVER,18,17,2,1450,1,RandomPlayerConfig,1,2,2,OSLA
-1125143453,Checkers,0,GAME_OVER,23,22,2,1451,1,RandomPlayerConfig,1,2,2,OSLA
608300759,Checkers,0,GAME_OVER,22,21,2,1452,1,RandomPlayerConfig,1,2,2,OSLA
-1982442968,Checkers,0,GAME_OVER,21,20,2,1453,1,RandomPlayerConfig,1,2,2,OSLA
-739151383,Checkers,0,GAME_OVER,27,26,2,1454,1,RandomPlayerConfig,1,2,2,OSLA
1711035690,Checkers,0,GAME_OVER,21,20,2,1455,1,RandomPlayerConfig,1,2,2,OSLA
-286922005,Checkers,0,GAME_OVER,21,20,2,1456,1,RandomPlayerConfig,1,2,2,OSLA
-74427905,Checkers,0,GAME_OVER,34,33,2,1457,1,RandomPlayerConfig,1,2,2,OSLA
352535442,Checkers,0,GAME_OVER,18,17,2,1458,1,RandomPlayerConfig,1,2,2,OSLA
-1473426848,Checkers,0,GAME_OVER,21,20,2,1459,1,RandomPlayerConfig,1,2,2,OSLA
1542560533,Checkers,0,GAME_OVER,19,18,2,1460,1,RandomPlayerConfig,1,2,2,OSLA
-1463248502,Checkers,0,GAME_OVER,22,21,2,1461,1,RandomPlayerConfig,1,2,2,OSLA
-541226629,Checkers,0,GAME_OVER,19,18,2,1462,2,RandomPlayerConfig,2,1,1,OSLA
-1292697463,Checkers,0,GAME_OVER,46,45,2,1463,1,RandomPlayerConfig,1,2,2,OSLA
-1608456412,Checkers,0,GAME_OVER,17,16,2,1464,1,RandomPlayerConfig,1,2,2,OSLA
1870502677,Checkers,0,GAME_OVER,17,16,2,1465,1,RandomPlayerConfig,1,2,2,OSLA
1005838346,Checkers,0,GAME_OVER,40,39,2,1466,1,RandomPlayerConfig,1,2,2,OSLA
2022629861,Checkers,0,GAME_OVER,25,24,2,1467,1,RandomPlayerConfig,1,2,2,OSLA
-1459979893,Checkers,0,GAME_OVER,30,29,2,1468,1,RandomPlayerConfig,1,2,2,OSLA
-1030492763,Checkers,0,GAME_OVER,18,17,2,1469,1,RandomPlayerConfig,1,2,2,OSLA
2146845374,Checkers,0,GAME_OVER,38,37,2,1470,1,RandomPlayerConfig,1,2,2,OSLA
-462518795,Checkers,0,GAME_OVER,18,17,2,1471,1,RandomPlayerConfig,1,2,2,OSLA
-617153892,Checkers,0,GAME_OVER,16,15,2,1472,1,RandomPlayerConfig,1,2,2,OSLA
652950040,Checkers,0,GAME_OVER,26,25,2,1473,1,RandomPlayerConfig,1,2,2,OSLA
884497542,Checkers,0,GAME_OVER,19,18,2,1474,1,RandomPlayerConfig,1,2,2,OSLA
931421502,Checkers,0,GAME_OVER,22,21,2,1475,1,RandomPlayerConfig,1,2,2,OSLA
1602505461,Checkers,0,GAME_OVER,22,21,2,1476,1,RandomPlayerConfig,1,2,2,OSLA
-1007528309,Checkers,0,GAME_OVER,25,24,2,1477,1,RandomPlayerConfig,1,2,2,OSLA
-1381168816,Checkers,0,GAME_OVER,22,21,2,1478,1,RandomPlayerConfig,1,2,2,OSLA
-1281829556,Checkers,0,GAME_OVER,30,29,2,1479,1,RandomPlayerConfig,1,2,2,OSLA
-1508019910,Checkers,0,GAME_OVER,22,21,2,1480,1,RandomPlayerConfig,1,2,2,OSLA
618083323,Checkers,0,GAME_OVER,16,15,2,1481,1,RandomPlayerConfig,1,2,2,OSLA
-1528832801,Checkers,0,GAME_OVER,19,18,2,1482,1,RandomPlayerConfig,1,2,2,OSLA
616249593,Checkers,0,GAME_OVER,35,34,2,1483,1,RandomPlayerConfig,1,2,2,OSLA
201797380,Checkers,0,GAME_OVER,23,22,2,1484,1,RandomPlayerConfig,1,2,2,OSLA
-367689170,Checkers,0,GAME_OVER,26,25,2,1485,1,RandomPlayerConfig,1,2,2,OSLA
-903888159,Checkers,0,GAME_OVER,28,27,2,1486,1,RandomPlayerConfig,1,2,2,OSLA
212455662,Checkers,0,GAME_OVER,35,34,2,1487,1,RandomPlayerConfig,1,2,2,OSLA
1431073048,Checkers,0,GAME_OVER,17,16,2,1488,1,RandomPlayerConfig,1,2,2,OSLA
-1443811885,Checkers,0,GAME_OVER,14,13,2,1489,1,RandomPlayerConfig,1,2,2,OSLA
-441775040,Checkers,0,GAME_OVER,21,20,2,1490,1,RandomPlayerConfig,1,2,2,OSLA
461178986,Checkers,0,GAME_OVER,21,20,2,1491,1,RandomPlayerConfig,1,2,2,OSLA
-1382740261,Checkers,0,GAME_OVER,27,26,2,1492,1,RandomPlayerConfig,1,2,2,OSLA
-1214767896,Checkers,0,GAME_OVER,23,22,2,1493,1,RandomPlayerConfig,1,2,2,OSLA
1425964472,Checkers,0,GAME_OVER,21,20,2,1494,1,RandomPlayerConfig,1,2,2,OSLA
593074754,Checkers,0,GAME_OVER,28,27,2,1495,1,RandomPlayerConfig,1,2,2,OSLA
1998884101,Checkers,0,GAME_OVER,21,20,2,1496,1,RandomPlayerConfig,1,2,2,OSLA
-1099379365,Checkers,0,GAME_OVER,21,20,2,1497,1,RandomPlayerConfig,1,2,2,OSLA
2020488105,Checkers,0,GAME_OVER,25,24,2,1498,1,RandomPlayerConfig,1,2,2,OSLA
-22410712,Checkers,0,GAME_OVER,18,17,2,1499,1,RandomPlayerConfig,1,2,2,OSLA
-1225402475,Checkers,0,GAME_OVER,15,14,2,1500,1,RandomPlayerConfig,1,2,2,OSLA
-1206797836,Checkers,0,GAME_OVER,20,19,2,1501,1,RandomPlayerConfig,1,2,2,OSLA
1799909165,Checkers,0,GAME_OVER,21,20,2,1502,1,RandomPlayerConfig,1,2,2,OSLA
-1583354321,Checkers,0,GAME_OVER,22,21,2,1503,1,RandomPlayerConfig,1,2,2,OSLA
-293329148,Checkers,0,GAME_OVER,25,24,2,1504,1,RandomPlayerConfig,1,2,2,OSLA
-2007520911,Checkers,0,GAME_OVER,21,20,2,1505,1,RandomPlayerConfig,1,2,2,OSLA
-1280335763,Checkers,0,GAME_OVER,19,18,2,1506,1,RandomPlayerConfig,1,2,2,OSLA
1019333774,Checkers,0,GAME_OVER,19,18,2,1507,1,RandomPlayerConfig,1,2,2,OSLA
-1340046147,Checkers,0,GAME_OVER,19,18,2,1508,1,RandomPlayerConfig,1,2,2,OSLA
-1374729230,Checkers,0,GAME_OVER,20,19,2,1509,1,RandomPlayerConfig,1,2,2,OSLA
-1403370960,Checkers,0,GAME_OVER,21,20,2,1510,1,RandomPlayerConfig,1,2,2,OSLA
1733464483,Checkers,0,GAME_OVER,23,22,2,1511,1,RandomPlayerConfig,1,2,2,OSLA
-457792821,Checkers,0,GAME_OVER,19,18,2,1512,1,RandomPlayerConfig,1,2,2,OSLA
-1017591145,Checkers,0,GAME_OVER,23,22,2,1513,1,RandomPlayerConfig,1,2,2,OSLA
1178360500,Checkers,0,GAME_OVER,20,19,2,1514,1,RandomPlayerConfig,1,2,2,OSLA
2041307707,Checkers,0,GAME_OVER,36,35,2,1515,1,RandomPlayerConfig,1,2,2,OSLA
953875155,Checkers,0,GAME_OVER,20,19,2,1516,1,RandomPlayerConfig,1,2,2,OSLA
-1116590745,Checkers,0,GAME_OVER,18,17,2,1517,1,RandomPlayerConfig,1,2,2,OSLA
2080880065,Checkers,0,GAME_OVER,26,25,2,1518,1,RandomPlayerConfig,1,2,2,OSLA
-780874224,Checkers,0,GAME_OVER,39,38,2,1519,1,RandomPlayerConfig,1,2,2,OSLA
1445423173,Checkers,0,GAME_OVER,19,18,2,1520,1,RandomPlayerConfig,1,2,2,OSLA
-878724237,Checkers,0,GAME_OVER,22,21,2,1521,1,RandomPlayerConfig,1,2,2,OSLA
-626185222,Checkers,0,GAME_OVER,32,31,2,1522,1,RandomPlayerConfig,1,2,2,OSLA
-1338857838,Checkers,0,GAME_OVER,23,22,2,1523,1,RandomPlayerConfig,1,2,2,OSLA
-1131761202,Checkers,0,GAME_OVER,30,29,2,1524,1,RandomPlayerConfig,1,2,2,OSLA
-1569212102,Checkers,0,GAME_OVER,22,21,2,1525,1,RandomPlayerConfig,1,2,2,OSLA
-639988875,Checkers,0,GAME_OVER,47,46,2,1526,1,RandomPlayerConfig,1,2,2,OSLA
-934674966,Checkers,0,GAME_OVER,23,22,2,1527,1,RandomPlayerConfig,1,2,2,OSLA
1082308112,Checkers,0,GAME_OVER,41,40,2,1528,1,RandomPlayerConfig,1,2,2,OSLA
-859756209,Checkers,0,GAME_OVER,28,27,2,1529,1,RandomPlayerConfig,1,2,2,OSLA
991294862,Checkers,0,GAME_OVER,34,33,2,1530,1,RandomPlayerConfig,1,2,2,OSLA
-1453190597,Checkers,0,GAME_OVER,16,15,2,1531,1,RandomPlayerConfig,1,2,2,OSLA
1585459093,Checkers,0,GAME_OVER,26,25,2,1532,1,RandomPlayerConfig,1,2,2,OSLA
199979832,Checkers,0,GAME_OVER,19,18,2,1533,1,RandomPlayerConfig,1,2,2,OSLA
785434104,Checkers,0,GAME_OVER,17,16,2,1534,1,RandomPlayerConfig,1,2,2,OSLA
-478336726,Checkers,0,GAME_OVER,17,16,2,1535,1,RandomPlayerConfig,1,2,2,OSLA
-466729984,Checkers,0,GAME_OVER,20,19,2,1536,1,RandomPlayerConfig,1,2,2,OSLA
-769715047,Checkers,0,GAME_OVER,36,35,2,1537,1,RandomPlayerConfig,1,2,2,OSLA
-774285548,Checkers,0,GAME_OVER,30,29,2,1538,1,RandomPlayerConfig,1,2,2,OSLA
2084347808,Checkers,0,GAME_OVER,22,21,2,1539,1,RandomPlayerConfig,1,2,2,OSLA
-2058923387,Checkers,0,GAME_OVER,21,20,2,1540,1,RandomPlayerConfig,1,2,2,OSLA
-1119502190,Checkers,0,GAME_OVER,19,18,2,1541,1,RandomPlayerConfig,1,2,2,OSLA
-2076952699,Checkers,0,GAME_OVER,18,17,2,1542,1,RandomPlayerConfig,1,2,2,OSLA
-873483826,Checkers,0,GAME_OVER,16,15,2,1543,1,RandomPlayerConfig,1,2,2,OSLA
507753882,Checkers,0,GAME_OVER,20,19,2,1544,1,RandomPlayerConfig,1,2,2,OSLA
-1486188188,Checkers,0,GAME_OVER,19,18,2,1545,1,RandomPlayerConfig,1,2,2,OSLA
1239065860,Checkers,0,GAME_OVER,24,23,2,1546,1,RandomPlayerConfig,1,2,2,OSLA
-461881487,Checkers,0,GAME_OVER,33,32,2,1547,1,RandomPlayerConfig,1,2,2,OSLA
-221877266,Checkers,0,GAME_OVER,18,17,2,1548,1,RandomPlayerConfig,1,2,2,OSLA
867774554,Checkers,0,GAME_OVER,20,19,2,1549,1,RandomPlayerConfig,1,2,2,OSLA
-1889181584,Checkers,0,GAME_OVER,23,22,2,1550,1,RandomPlayerConfig,1,2,2,OSLA
-1560211370,Checkers,0,GAME_OVER,21,20,2,1551,1,RandomPlayerConfig,1,2,2,OSLA
-1686709094,Checkers,0,GAME_OVER,22,21,2,1552,1,RandomPlayerConfig,1,2,2,OSLA
-1301473306,Checkers,0,GAME_OVER,20,19,2,1553,1,RandomPlayerConfig,1,2,2,OSLA
1569206056,Checkers,0,GAME_OVER,17,16,2,1554,1,RandomPlayerConfig,1,2,2,OSLA
-1556783840,Checkers,0,GAME_OVER,20,19,2,1555,1,RandomPlayerConfig,1,2,2,OSLA
-2043270506,Checkers,0,GAME_OVER,19,18,2,1556,1,RandomPlayerConfig,1,2,2,OSLA
661672969,Checkers,0,GAME_OVER,21,20,2,1557,1,RandomPlayerConfig,1,2,2,OSLA
-541876835,Checkers,0,GAME_OVER,20,19,2,1558,1,RandomPlayerConfig,1,2,2,OSLA
-1620991927,Checkers,0,GAME_OVER,18,17,2,1559,1,RandomPlayerConfig,1,2,2,OSLA
-2020488339,Checkers,0,GAME_OVER,18,17,2,1560,1,RandomPlayerConfig,1,2,2,OSLA
830170360,Checkers,0,GAME_OVER,16,15,2,1561,1,RandomPlayerConfig,1,2,2,OSLA
-1720199390,Checkers,0,GAME_OVER,17,16,2,1562,1,RandomPlayerConfig,1,2,2,OSLA
-924716186,Checkers,0,GAME_OVER,21,20,2,1563,1,RandomPlayerConfig,1,2,2,OSLA
-1673767628,Checkers,0,GAME_OVER,26,25,2,1564,1,RandomPlayerConfig,1,2,2,OSLA
1753098236,Checkers,0,GAME_OVER,43,42,2,1565,1,RandomPlayerConfig,1,2,2,OSLA
1151117062,Checkers,0,GAME_OVER,24,23,2,1566,1,RandomPlayerConfig,1,2,2,OSLA
1069710510,Checkers,0,GAME_OVER,27,26,2,1567,1,RandomPlayerConfig,1,2,2,OSLA
1752217528,Checkers,0,GAME_OVER,18,17,2,1568,1,RandomPlayerConfig,1,2,2,OSLA
-1808536935,Checkers,0,GAME_OVER,19,18,2,1569,1,RandomPlayerConfig,1,2,2,OSLA
-191891741,Checkers,0,GAME_OVER,18,17,2,1570,1,RandomPlayerConfig,1,2,2,OSLA
-1145392964,Checkers,0,GAME_OVER,19,18,2,1571,1,RandomPlayerConfig,1,2,2,OSLA
-2135730954,Checkers,0,GAME_OVER,19,18,2,1572,1,RandomPlayerConfig,1,2,2,OSLA
1162021874,Checkers,0,GAME_OVER,22,21,2,1573,1,RandomPlayerConfig,1,2,2,OSLA
873291320,Checkers,0,GAME_OVER,22,21,2,1574,1,RandomPlayerConfig,1,2,2,OSLA
1811180692,Checkers,0,GAME_OVER,18,17,2,1575,1,RandomPlayerConfig,1,2,2,OSLA
111652047,Checkers,0,GAME_OVER,18,17,2,1576,2,RandomPlayerConfig,2,1,1,OSLA
-160771989,Checkers,0,GAME_OVER,17,16,2,1577,1,RandomPlayerConfig,1,2,2,OSLA
-1527343307,Checkers,0,GAME_OVER,26,25,2,1578,1,RandomPlayerConfig,1,2,2,OSLA
178007011,Checkers,0,GAME_OVER,16,15,2,1579,1,RandomPlayerConfig,1,2,2,OSLA
-1930915844,Checkers,0,GAME_OVER,20,19,2,1580,1,RandomPlayerConfig,1,2,2,OSLA
-565687408,Checkers,0,GAME_OVER,25,24,2,1581,2,RandomPlayerConfig,2,1,1,OSLA
-1854018346,Checkers,0,GAME_OVER,23,22,2,1582,1,RandomPlayerConfig,1,2,2,OSLA
-1656234102,Checkers,0,GAME_OVER,24,23,2,1583,1,RandomPlayerConfig,1,2,2,OSLA
-1589899714,Checkers,0,GAME_OVER,22,21,2,1584,1,RandomPlayerConfig,1,2,2,OSLA
526746677,Checkers,0,GAME_OVER,17,16,2,1585,1,RandomPlayerConfig,1,2,2,OSLA
-2042563021,Checkers,0,GAME_OVER,19,18,2,1586,1,RandomPlayerConfig,1,2,2,OSLA
-1609160611,Checkers,0,GAME_OVER,28,27,2,1587,1,RandomPlayerConfig,1,2,2,OSLA
1549505498,Checkers,0,GAME_OVER,20,19,2,1588,1,RandomPlayerConfig,1,2,2,OSLA
-1982581027,Checkers,0,GAME_OVER,17,16,2,1589,1,RandomPlayerConfig,1,2,2,OSLA
-1207749867,Checkers,0,GAME_OVER,24,23,2,1590,1,RandomPlayerConfig,1,2,2,OSLA
-1354761689,Checkers,0,GAME_OVER,44,43,2,1591,1,RandomPlayerConfig,1,2,2,OSLA
756804164,Checkers,0,GAME_OVER,21,20,2,1592,1,RandomPlayerConfig,1,2,2,OSLA
-909649313,Checkers,0,GAME_OVER,20,19,2,1593,1,RandomPlayerConfig,1,2,2,OSLA
-1164091956,Checkers,0,GAME_OVER,27,26,2,1594,1,RandomPlayerConfig,1,2,2,OSLA
-1242371343,Checkers,0,GAME_OVER,17,16,2,1595,1,RandomPlayerConfig,1,2,2,OSLA
-112717798,Checkers,0,GAME_OVER,22,21,2,1596,1,RandomPlayerConfig,1,2,2,OSLA
-1346843962,Checkers,0,GAME_OVER,26,25,2,1597,1,RandomPlayerConfig,1,2,2,OSLA
313493055,Checkers,0,GAME_OVER,31,30,2,1598,1,RandomPlayerConfig,1,2,2,OSLA
1240117891,Checkers,0,GAME_OVER,16,15,2,1599,1,RandomPlayerConfig,1,2,2,OSLA
205331539,Checkers,0,GAME_OVER,54,53,2,1600,1,RandomPlayerConfig,1,2,2,OSLA
1658109561,Checkers,0,GAME_OVER,22,21,2,1601,1,RandomPlayerConfig,1,2,2,OSLA
-404168193,Checkers,0,GAME_OVER,17,16,2,1602,1,RandomPlayerConfig,1,2,2,RandomPlayerConfig
-387014737,Checkers,0,GAME_OVER,33,32,2,1603,1,RandomPlayerConfig,1,2,2,RandomPlayerConfig
357572797,Checkers,0,GAME_OVER,39,38,2,1604,1,RandomPlayerConfig,1,2,2,RandomPlayerConfig
-1920641588,Checkers,0,GAME_OVER,24,23,2,1605,1,RandomPlayerConfig,1,2,2,RandomPlayerConfig
-453948078,Checkers,0,GAME_OVER,29,28,2,1606,2,RandomPlayerConfig,2,1,1,RandomPlayerConfig
728410788,Checkers,0,GAME_OVER,22,21,2,1607,1,RandomPlayerConfig,1,2,2,RandomPlayerConfig
-900145433,Checkers,0,GAME_OVER,30,29,2,1608,2,RandomPlayerConfig,2,1,1,RandomPlayerConfig
344606389,Checkers,0,GAME_OVER,39,38,2,1609,1,RandomPlayerConfig,1,2,2,RandomPlayerConfig
-1335101607,Checkers,0,GAME_OVER,31,30,2,1610,1,RandomPlayerConfig,1,2,2,RandomPlayerConfig
-827583292,Checkers,0,GAME_OVER,29,28,2,1611,2,RandomPlayerConfig,2,1,1,RandomPlayerConfig
473978057,Checkers,0,GAME_OVER,14,13,2,1612,1,RandomPlayerConfig,1,2,2,RandomPlayerConfig
-1118339258,Checkers,0,GAME_OVER,36,35,2,1613,1,RandomPlayerConfig,1,2,2,RandomPlayerConfig
36298063,Checkers,0,GAME_OVER,22,21,2,1614,2,RandomPlayerConfig,2,1,1,RandomPlayerConfig
-58081034,Checkers,0,GAME_OVER,23,22,2,1615,2,RandomPlayerConfig,2,1,1,RandomPlayerConfig
1068116273,Checkers,0,GAME_OVER,17,16,2,1616,1,RandomPlayerConfig,1,2,2,RandomPlayerConfig
-2078364872,Checkers,0,GAME_OVER,29,28,2,1617,2,RandomPlayerConfig,2,1,1,RandomPlayerConfig
971111684,Checkers,0,GAME_OVER,29,28,2,1618,2,RandomPlayerConfig,2,1,1,RandomPlayerConfig
929425713,Checkers,0,GAME_OVER,21,20,2,1619,2,RandomPlayerConfig,2,1,1,RandomPlayerConfig
1804473508,Checkers,0,GAME_OVER,24,23,2,1620,2,RandomPlayerConfig,2,1,1,RandomPlayerConfig
1765188812,Checkers,0,GAME_OVER,26,25,2,1621,2,RandomPlayerConfig,2,1,1,RandomPlayerConfig
1915732207,Checkers,0,GAME_OVER,30,29,2,1622,1,RandomPlayerConfig,1,2,2,RandomPlayerConfig
793339,Checkers,0,GAME_OVER,40,39,2,1623,2,RandomPlayerConfig,2,1,1,RandomPlayerConfig
726334869,Checkers,0,GAME_OVER,29,28,2,1624,2,RandomPlayerConfig,2,1,1,RandomPlayerConfig
-1501221137,Checkers,0,GAME_OVER,19,18,2,1625,2,RandomPlayerConfig,2,1,1,RandomPlayerConfig
218339721,Checkers,0,GAME_OVER,20,19,2,1626,1,RandomPlayerConfig,1,2,2,RandomPlayerConfig
-53217236,Checkers,0,GAME_OVER,23,22,2,1627,1,RandomPlayerConfig,1,2,2,RandomPlayerConfig
-296541228,Checkers,0,GAME_OVER,31,30,2,1628,1,RandomPlayerConfig,1,2,2,RandomPlayerConfig
835169688,Checkers,0,GAME_OVER,28,27,2,1629,2,RandomPlayerConfig,2,1,1,RandomPlayerConfig
913528792,Checkers,0,GAME_OVER,32,31,2,1630,1,RandomPlayerConfig,1,2,2,RandomPlayerConfig
-1238843401,Checkers,0,GAME_OVER,22,21,2,1631,1,RandomPlayerConfig,1,2,2,RandomPlayerConfig
-626323644,Checkers,0,GAME_OVER,20,19,2,1632,1,RandomPlayerConfig,1,2,2,RandomPlayerConfig
-1929084812,Checkers,0,GAME_OVER,20,19,2,1633,1,RandomPlayerConfig,1,2,2,RandomPlayerConfig
1134370121,Checkers,0,GAME_OVER,21,20,2,1634,1,RandomPlayerConfig,1,2,2,RandomPlayerConfig
-804133846,Checkers,0,GAME_OVER,34,33,2,1635,1,RandomPlayerConfig,1,2,2,RandomPlayerConfig
-1797507631,Checkers,0,GAME_OVER,16,15,2,1636,1,RandomPlayerConfig,1,2,2,RandomPlayerConfig
2128929733,Checkers,0,GAME_OVER,29,28,2,1637,2,RandomPlayerConfig,2,1,1,RandomPlayerConfig
-81201981,Checkers,0,GAME_OVER,20,19,2,1638,2,RandomPlayerConfig,2,1,1,RandomPlayerConfig
-816238924,Checkers,0,GAME_OVER,18,17,2,1639,1,RandomPlayerConfig,1,2,2,RandomPlayerConfig
-2070442848,Checkers,0,GAME_OVER,34,33,2,1640,1,RandomPlayerConfig,1,2,2,RandomPlayerConfig
1313962887,Checkers,0,GAME_OVER,21,20,2,1641,1,RandomPlayerConfig,1,2,2,RandomPlayerConfig
421685496,Checkers,0,GAME_OVER,28,27,2,1642,1,RandomPlayerConfig,1,2,2,RandomPlayerConfig
665795432,Checkers,0,GAME_OVER,20,19,2,1643,1,RandomPlayerConfig,1,2,2,RandomPlayerConfig
-665618297,Checkers,0,GAME_OVER,19,18,2,1644,1,RandomPlayerConfig,1,2,2,RandomPlayerConfig
1974070484,Checkers,0,GAME_OVER,19,18,2,1645,1,RandomPlayerConfig,1,2,2,RandomPlayerConfig
-1314608131,Checkers,0,GAME_OVER,19,18,2,1646,1,RandomPlayerConfig,1,2,2,RandomPlayerConfig
-1091089921,Checkers,0,GAME_OVER,19,18,2,1647,1,RandomPlayerConfig,1,2,2,RandomPlayerConfig
-1628188226,Checkers,0,GAME_OVER,27,26,2,1648,1,RandomPlayerConfig,1,2,2,RandomPlayerConfig
76687752,Checkers,0,GAME_OVER,32,31,2,1649,2,RandomPlayerConfig,2,1,1,RandomPlayerConfig
979969052,Checkers,0,GAME_OVER,27,26,2,1650,1,RandomPlayerConfig,1,2,2,RandomPlayerConfig
-1125143453,Checkers,0,GAME_OVER,41,40,2,1651,2,RandomPlayerConfig,2,1,1,RandomPlayerConfig
608300759,Checkers,0,GAME_OVER,20,19,2,1652,1,RandomPlayerConfig,1,2,2,RandomPlayerConfig
-1982442968,Checkers,0,GAME_OVER,37,36,2,1653,2,RandomPlayerConfig,2,1,1,RandomPlayerConfig
-739151383,Checkers,0,GAME_OVER,19,18,2,1654,2,RandomPlayerConfig,2,1,1,RandomPlayerConfig
1711035690,Checkers,0,GAME_OVER,20,19,2,1655,1,RandomPlayerConfig,1,2,2,RandomPlayerConfig
-286922005,Checkers,0,GAME_OVER,25,24,2,1656,2,RandomPlayerConfig,2,1,1,RandomPlayerConfig
-74427905,Checkers,0,GAME_OVER,45,44,2,1657,2,RandomPlayerConfig,2,1,1,RandomPlayerConfig
352535442,Checkers,0,GAME_OVER,21,20,2,1658,2,RandomPlayerConfig,2,1,1,RandomPlayerConfig
-1473426848,Checkers,0,GAME_OVER,21,20,2,1659,1,RandomPlayerConfig,1,2,2,RandomPlayerConfig
1542560533,Checkers,0,GAME_OVER,38,37,2,1660,1,RandomPlayerConfig,1,2,2,RandomPlayerConfig
-1463248502,Checkers,0,GAME_OVER,19,18,2,1661,2,RandomPlayerConfig,2,1,1,RandomPlayerConfig
-541226629,Checkers,0,GAME_OVER,27,26,2,1662,1,RandomPlayerConfig,1,2,2,RandomPlayerConfig
-1292697463,Checkers,0,GAME_OVER,17,16,2,1663,2,RandomPlayerConfig,2,1,1,RandomPlayerConfig
-1608456412,Checkers,0,GAME_OVER,22,21,2,1664,1,RandomPlayerConfig,1,2,2,RandomPlayerConfig
1870502677,Checkers,0,GAME_OVER,31,30,2,1665,2,RandomPlayerConfig,2,1,1,RandomPlayerConfig
1005838346,Checkers,0,GAME_OVER,35,34,2,1666,2,RandomPlayerConfig,2,1,1,RandomPlayerConfig
2022629861,Checkers,0,GAME_OVER,34,33,2,1667,2,RandomPlayerConfig,2,1,1,RandomPlayerConfig
-1459979893,Checkers,0,GAME_OVER,19,18,2,1668,1,RandomPlayerConfig,1,2,2,RandomPlayerConfig
-1030492763,Checkers,0,GAME_OVER,20,19,2,1669,1,RandomPlayerConfig,1,2,2,RandomPlayerConfig
2146845374,Checkers,0,GAME_OVER,17,16,2,1670,1,RandomPlayerConfig,1,2,2,RandomPlayerConfig
-462518795,Checkers,0,GAME_OVER,21,20,2,1671,1,RandomPlayerConfig,1,2,2,RandomPlayerConfig
-617153892,Checkers,0,GAME_OVER,46,45,2,1672,1,RandomPlayerConfig,1,2,2,RandomPlayerConfig
652950040,Checkers,0,GAME_OVER,40,39,2,1673,2,RandomPlayerConfig,2,1,1,RandomPlayerConfig
884497542,Checkers,0,GAME_OVER,27,26,2,1674,1,RandomPlayerConfig,1,2,2,RandomPlayerConfig
931421502,Checkers,0,GAME_OVER,33,32,2,1675,2,RandomPlayerConfig,2,1,1,RandomPlayerConfig
1602505461,Checkers,0,GAME_OVER,22,21,2,1676,2,RandomPlayerConfig,2,1,1,RandomPlayerConfig
-1007528309,Checkers,0,GAME_OVER,35,34,2,1677,2,RandomPlayerConfig,2,1,1,RandomPlayerConfig
-1381168816,Checkers,0,GAME_OVER,26,25,2,1678,1,RandomPlayerConfig,1,2,2,RandomPlayerConfig
-1281829556,Checkers,0,GAME_OVER,40,39,2,1679,2,RandomPlayerConfig,2,1,1,RandomPlayerConfig
-1508019910,Checkers,0,GAME_OVER,37,36,2,1680,2,RandomPlayerConfig,2,1,1,RandomPlayerConfig
618083323,Checkers,0,GAME_OVER,28,27,2,1681,1,RandomPlayerConfig,1,2,2,RandomPlayerConfig
-1528832801,Checkers,0,GAME_OVER,21,20,2,1682,2,RandomPlayerConfig,2,1,1,RandomPlayerConfig
616249593,Checkers,0,GAME_OVER,20,19,2,1683,2,RandomPlayerConfig,2,1,1,RandomPlayerConfig
201797380,Checkers,0,GAME_OVER,30,29,2,1684,2,RandomPlayerConfig,2,1,1,RandomPlayerConfig
-367689170,Checkers,0,GAME_OVER,20,19,2,1685,1,RandomPlayerConfig,1,2,2,RandomPlayerConfig
-903888159,Checkers,0,GAME_OVER,20,19,2,1686,1,RandomPlayerConfig,1,2,2,RandomPlayerConfig
212455662,Checkers,0,GAME_OVER,43,42,2,1687,2,RandomPlayerConfig,2,1,1,RandomPlayerConfig
1431073048,Checkers,0,GAME_OVER,21,20,2,1688,2,RandomPlayerConfig,2,1,1,RandomPlayerConfig
-1443811885,Checkers,0,GAME_OVER,20,19,2,1689,2,RandomPlayerConfig,2,1,1,RandomPlayerConfig
-441775040,Checkers,0,GAME_OVER,23,22,2,1690,2,RandomPlayerConfig,2,1,1,RandomPlayerConfig
461178986,Checkers,0,GAME_OVER,18,17,2,1691,2,RandomPlayerConfig,2,1,1,RandomPlayerConfig
-1382740261,Checkers,0,GAME_OVER,24,23,2,1692,1,RandomPlayerConfig,1,2,2,RandomPlayerConfig
-1214767896,Checkers,0,GAME_OVER,31,30,2,1693,1,RandomPlayerConfig,1,2,2,RandomPlayerConfig
1425964472,Checkers,0,GAME_OVER,32,31,2,1694,1,RandomPlayerConfig,1,2,2,RandomPlayerConfig
593074754,Checkers,0,GAME_OVER,17,16,2,1695,2,RandomPlayerConfig,2,1,1,RandomPlayerConfig
1998884101,Checkers,0,GAME_OVER,22,21,2,1696,2,RandomPlayerConfig,2,1,1,RandomPlayerConfig
-1099379365,Checkers,0,GAME_OVER,20,19,2,1697,2,RandomPlayerConfig,2,1,1,RandomPlayerConfig
2020488105,Checkers,0,GAME_OVER,19,18,2,1698,1,RandomPlayerConfig,1,2,2,RandomPlayerConfig
-22410712,Checkers,0,GAME_OVER,19,18,2,1699,1,RandomPlayerConfig,1,2,2,RandomPlayerConfig
-1225402475,Checkers,0,GAME_OVER,16,15,2,1700,1,RandomPlayerConfig,1,2,2,RandomPlayerConfig
-1206797836,Checkers,0,GAME_OVER,19,18,2,1701,2,RandomPlayerConfig,2,1,1,RandomPlayerConfig
1799909165,Checkers,0,GAME_OVER,23,22,2,1702,2,RandomPlayerConfig,2,1,1,RandomPlayerConfig
-1583354321,Checkers,0,GAME_OVER,21,20,2,1703,2,RandomPlayerConfig,2,1,1,RandomPlayerConfig
-293329148,Checkers,0,GAME_OVER,30,29,2,1704,2,RandomPlayerConfig,2,1,1,RandomPlayerConfig
-2007520911,Checkers,0,GAME_OVER,28,27,2,1705,1,RandomPlayerConfig,1,2,2,RandomPlayerConfig
-1280335763,Checkers,0,GAME_OVER,38,37,2,1706,1,RandomPlayerConfig,1,2,2,RandomPlayerConfig
1019333774,Checkers,0,GAME_OVER,20,19,2,1707,2,RandomPlayerConfig,2,1,1,RandomPlayerConfig
-1340046147,Checkers,0,GAME_OVER,26,25,2,1708,2,RandomPlayerConfig,2,1,1,RandomPlayerConfig
-1374729230,Checkers,0,GAME_OVER,28,27,2,1709,2,RandomPlayerConfig,2,1,1,RandomPlayerConfig
-1403370960,Checkers,0,GAME_OVER,18,17,2,1710,1,RandomPlayerConfig,1,2,2,RandomPlayerConfig
1733464483,Checkers,0,GAME_OVER,51,50,2,1711,2,RandomPlayerConfig,2,1,1,RandomPlayerConfig
-457792821,Checkers,0,GAME_OVER,17,16,2,1712,1,RandomPlayerConfig,1,2,2,RandomPlayerConfig
-1017591145,Checkers,0,GAME_OVER,33,32,2,1713,2,RandomPlayerConfig,2,1,1,RandomPlayerConfig
1178360500,Checkers,0,GAME_OVER,18,17,2,1714,2,RandomPlayerConfig,2,1,1,RandomPlayerConfig
2041307707,Checkers,0,GAME_OVER,19,18,2,1715,2,RandomPlayerConfig,2,1,1,RandomPlayerConfig
953875155,Checkers,0,GAME_OVER,24,23,2,1716,1,RandomPlayerConfig,1,2,2,RandomPlayerConfig
-1116590745,Checkers,0,GAME_OVER,15,14,2,1717,1,RandomPlayerConfig,1,2,2,RandomPlayerConfig
2080880065,Checkers,0,GAME_OVER,25,24,2,1718,2,RandomPlayerConfig,2,1,1,RandomPlayerConfig
-780874224,Checkers,0,GAME_OVER,26,25,2,1719,1,RandomPlayerConfig,1,2,2,RandomPlayerConfig
1445423173,Checkers,0,GAME_OVER,31,30,2,1720,2,RandomPlayerConfig,2,1,1,RandomPlayerConfig
-878724237,Checkers,0,GAME_OVER,48,47,2,1721,1,RandomPlayerConfig,1,2,2,RandomPlayerConfig
-626185222,Checkers,0,GAME_OVER,24,23,2,1722,1,RandomPlayerConfig,1,2,2,RandomPlayerConfig
-1338857838,Checkers,0,GAME_OVER,42,41,2,1723,1,RandomPlayerConfig,1,2,2,RandomPlayerConfig
-1131761202,Checkers,0,GAME_OVER,25,24,2,1724,2,RandomPlayerConfig,2,1,1,RandomPlayerConfig
-1569212102,Checkers,0,GAME_OVER,23,22,2,1725,2,RandomPlayerConfig,2,1,1,RandomPlayerConfig
-639988875,Checkers,0,GAME_OVER,38,37,2,1726,2,RandomPlayerConfig,2,1,1,RandomPlayerConfig
-934674966,Checkers,0,GAME_OVER,22,21,2,1727,1,RandomPlayerConfig,1,2,2,RandomPlayerConfig
1082308112,Checkers,0,GAME_OVER,32,31,2,1728,1,RandomPlayerConfig,1,2,2,RandomPlayerConfig
-859756209,Checkers,0,GAME_OVER,31,30,2,1729,2,RandomPlayerConfig,2,1,1,RandomPlayerConfig
991294862,Checkers,0,GAME_OVER,20,19,2,1730,1,RandomPlayerConfig,1,2,2,RandomPlayerConfig
-1453190597,Checkers,0,GAME_OVER,17,16,2,1731,1,RandomPlayerConfig,1,2,2,RandomPlayerConfig
1585459093,Checkers,0,GAME_OVER,43,42,2,1732,1,RandomPlayerConfig,1,2,2,RandomPlayerConfig
199979832,Checkers,0,GAME_OVER,20,19,2,1733,1,RandomPlayerConfig,1,2,2,RandomPlayerConfig
785434104,Checkers,0,GAME_OVER,18,17,2,1734,2,RandomPlayerConfig,2,1,1,RandomPlayerConfig
-478336726,Checkers,0,GAME_OVER,17,16,2,1735,2,RandomPlayerConfig,2,1,1,RandomPlayerConfig
-466729984,Checkers,0,GAME_OVER,29,28,2,1736,2,RandomPlayerConfig,2,1,1,RandomPlayerConfig
-769715047,Checkers,0,GAME_OVER,20,19,2,1737,2,RandomPlayerConfig,2,1,1,RandomPlayerConfig
-774285548,Checkers,0,GAME_OVER,37,36,2,1738,2,RandomPlayerConfig,2,1,1,RandomPlayerConfig
2084347808,Checkers,0,GAME_OVER,20,19,2,1739,1,RandomPlayerConfig,1,2,2,RandomPlayerConfig
-2058923387,Checkers,0,GAME_OVER,28,27,2,1740,1,RandomPlayerConfig,1,2,2,RandomPlayerConfig
-1119502190,Checkers,0,GAME_OVER,22,21,2,1741,1,RandomPlayerConfig,1,2,2,RandomPlayerConfig
-2076952699,Checkers,0,GAME_OVER,19,18,2,1742,1,RandomPlayerConfig,1,2,2,RandomPlayerConfig
-873483826,Checkers,0,GAME_OVER,24,23,2,1743,1,RandomPlayerConfig,1,2,2,RandomPlayerConfig
507753882,Checkers,0,GAME_OVER,37,36,2,1744,2,RandomPlayerConfig,2,1,1,RandomPlayerConfig
-1486188188,Checkers,0,GAME_OVER,19,18,2,1745,2,RandomPlayerConfig,2,1,1,RandomPlayerConfig
1239065860,Checkers,0,GAME_OVER,23,22,2,1746,2,RandomPlayerConfig,2,1,1,RandomPlayerConfig
-461881487,Checkers,0,GAME_OVER,24,23,2,1747,1,RandomPlayerConfig,1,2,2,RandomPlayerConfig
-221877266,Checkers,0,GAME_OVER,21,20,2,1748,1,RandomPlayerConfig,1,2,2,RandomPlayerConfig
867774554,Checkers,0,GAME_OVER,19,18,2,1749,2,RandomPlayerConfig,2,1,1,RandomPlayerConfig
-1889181584,Checkers,0,GAME_OVER,20,19,2,1750,2,RandomPlayerConfig,2,1,1,RandomPlayerConfig
-1560211370,Checkers,0,GAME_OVER,20,19,2,1751,2,RandomPlayerConfig,2,1,1,RandomPlayerConfig
-1686709094,Checkers,0,GAME_OVER,28,27,2,1752,1,RandomPlayerConfig,1,2,2,RandomPlayerConfig
-1301473306,Checkers,0,GAME_OVER,19,18,2,1753,1,RandomPlayerConfig,1,2,2,RandomPlayerConfig
1569206056,Checkers,0,GAME_OVER,31,30,2,1754,2,RandomPlayerConfig,2,1,1,RandomPlayerConfig
-1556783840,Checkers,0,GAME_OVER,34,33,2,1755,2,RandomPlayerConfig,2,1,1,RandomPlayerConfig
-2043270506,Checkers,0,GAME_OVER,28,27,2,1756,2,RandomPlayerConfig,2,1,1,RandomPlayerConfig
661672969,Checkers,0,GAME_OVER,29,28,2,1757,1,RandomPlayerConfig,1,2,2,RandomPlayerConfig
-541876835,Checkers,0,GAME_OVER,18,17,2,1758,2,RandomPlayerConfig,2,1,1,RandomPlayerConfig
-1620991927,Checkers,0,GAME_OVER,17,16,2,1759,1,RandomPlayerConfig,1,2,2,RandomPlayerConfig
-2020488339,Checkers,0,GAME_OVER,19,18,2,1760,1,RandomPlayerConfig,1,2,2,RandomPlayerConfig
830170360,Checkers,0,GAME_OVER,22,21,2,1761,2,RandomPlayerConfig,2,1,1,RandomPlayerConfig
-1720199390,Checkers,0,GAME_OVER,31,30,2,1762,2,RandomPlayerConfig,2,1,1,RandomPlayerConfig
-924716186,Checkers,0,GAME_OVER,20,19,2,1763,1,RandomPlayerConfig,1,2,2,RandomPlayerConfig
-1673767628,Checkers,0,GAME_OVER,19,18,2,1764,1,RandomPlayerConfig,1,2,2,RandomPlayerConfig
1753098236,Checkers,0,GAME_OVER,18,17,2,1765,1,RandomPlayerConfig,1,2,2,RandomPlayerConfig
1151117062,Checkers,0,GAME_OVER,39,38,2,1766,2,RandomPlayerConfig,2,1,1,RandomPlayerConfig
1069710510,Checkers,0,GAME_OVER,25,24,2,1767,2,RandomPlayerConfig,2,1,1,RandomPlayerConfig
1752217528,Checkers,0,GAME_OVER,21,20,2,1768,1,RandomPlayerConfig,1,2,2,RandomPlayerConfig
-1808536935,Checkers,0,GAME_OVER,18,17,2,1769,2,RandomPlayerConfig,2,1,1,RandomPlayerConfig
-191891741,Checkers,0,GAME_OVER,30,29,2,1770,1,RandomPlayerConfig,1,2,2,RandomPlayerConfig
-1145392964,Checkers,0,GAME_OVER,27,26,2,1771,1,RandomPlayerConfig,1,2,2,RandomPlayerConfig
-2135730954,Checkers,0,GAME_OVER,22,21,2,1772,1,RandomPlayerConfig,1,2,2,RandomPlayerConfig
1162021874,Checkers,0,GAME_OVER,31,30,2,1773,2,RandomPlayerConfig,2,1,1,RandomPlayerConfig
873291320,Checkers,0,GAME_OVER,30,29,2,1774,1,RandomPlayerConfig,1,2,2,RandomPlayerConfig
1811180692,Checkers,0,GAME_OVER,37,36,2,1775,2,RandomPlayerConfig,2,1,1,RandomPlayerConfig
111652047,Checkers,0,GAME_OVER,37,36,2,1776,2,RandomPlayerConfig,2,1,1,RandomPlayerConfig
-160771989,Checkers,0,GAME_OVER,17,16,2,1777,2,RandomPlayerConfig,2,1,1,RandomPlayerConfig
-1527343307,Checkers,0,GAME_OVER,18,17,2,1778,2,RandomPlayerConfig,2,1,1,RandomPlayerConfig
178007011,Checkers,0,GAME_OVER,14,13,2,1779,2,RandomPlayerConfig,2,1,1,RandomPlayerConfig
-1930915844,Checkers,0,GAME_OVER,26,25,2,1780,1,RandomPlayerConfig,1,2,2,RandomPlayerConfig
-565687408,Checkers,0,GAME_OVER,16,15,2,1781,2,RandomPlayerConfig,2,1,1,RandomPlayerConfig
-1854018346,Checkers,0,GAME_OVER,24,23,2,1782,1,RandomPlayerConfig,1,2,2,RandomPlayerConfig
-1656234102,Checkers,0,GAME_OVER,29,28,2,1783,1,RandomPlayerConfig,1,2,2,RandomPlayerConfig
-1589899714,Checkers,0,GAME_OVER,25,24,2,1784,1,RandomPlayerConfig,1,2,2,RandomPlayerConfig
526746677,Checkers,0,GAME_OVER,21,20,2,1785,1,RandomPlayerConfig,1,2,2,RandomPlayerConfig
-2042563021,Checkers,0,GAME_OVER,22,21,2,1786,1,RandomPlayerConfig,1,2,2,RandomPlayerConfig
-1609160611,Checkers,0,GAME_OVER,29,28,2,1787,2,RandomPlayerConfig,2,1,1,RandomPlayerConfig
1549505498,Checkers,0,GAME_OVER,43,42,2,1788,1,RandomPlayerConfig,1,2,2,RandomPlayerConfig
-1982581027,Checkers,0,GAME_OVER,37,36,2,1789,2,RandomPlayerConfig,2,1,1,RandomPlayerConfig
-1207749867,Checkers,0,GAME_OVER,20,19,2,1790,1,RandomPlayerConfig,1,2,2,RandomPlayerConfig
-1354761689,Checkers,0,GAME_OVER,47,46,2,1791,2,RandomPlayerConfig,2,1,1,RandomPlayerConfig
756804164,Checkers,0,GAME_OVER,21,20,2,1792,1,RandomPlayerConfig,1,2,2,RandomPlayerConfig
-909649313,Checkers,0,GAME_OVER,20,19,2,1793,1,RandomPlayerConfig,1,2,2,RandomPlayerConfig
-1164091956,Checkers,0,GAME_OVER,20,19,2,1794,1,RandomPlayerConfig,1,2,2,RandomPlayerConfig
-1242371343,Checkers,0,GAME_OVER,20,19,2,1795,1,RandomPlayerConfig,1,2,2,RandomPlayerConfig
-112717798,Checkers,0,GAME_OVER,21,20,2,1796,2,RandomPlayerConfig,2,1,1,RandomPlayerConfig
-1346843962,Checkers,0,GAME_OVER,21,20,2,1797,1,RandomPlayerConfig,1,2,2,RandomPlayerConfig
313493055,Checkers,0,GAME_OVER,28,27,2,1798,1,RandomPlayerConfig,1,2,2,RandomPlayerConfig
1240117891,Checkers,0,GAME_OVER,43,42,2,1799,2,RandomPlayerConfig,2,1,1,RandomPlayerConfig
205331539,Checkers,0,GAME_OVER,20,19,2,1800,2,RandomPlayerConfig,2,1,1,RandomPlayerConfig
1658109561,Checkers,0,GAME_OVER,16,15,2,1801,1,RandomPlayerConfig,1,2,2,RandomPlayerConfig
