GameSeed,GameName,Round,Event,Tick,Turn,PlayerCount,GameID,Player-1 rank,PlayerName-0,Player-1,Player-0,Player-0 rank,PlayerName-1
-2143063354,Checkers,0,GAME_OVER,98,97,2,2,1,MCTS_CheckersHeuristic,1,1,1,MCTS_CheckersHeuristic
200594778,Checkers,0,GAME_OVER,124,123,2,3,1,MCTS_CheckersHeuristic,1,1,1,MCTS_CheckersHeuristic
-514941224,Checkers,0,GAME_OVER,78,77,2,4,2,MCTS_CheckersHeuristic,2,1,1,MCTS_CheckersHeuristic
179287199,Checkers,0,GAME_OVER,47,46,2,5,2,MCTS_CheckersHeuristic,2,1,1,MCTS_CheckersHeuristic
2146590640,Checkers,0,GAME_OVER,42,41,2,6,2,MCTS_CheckersHeuristic,2,1,1,MCTS_CheckersHeuristic
1378180065,Checkers,0,GAME_OVER,45,44,2,7,2,MCTS_CheckersHeuristic,2,1,1,MCTS_CheckersHeuristic
-2036371014,Checkers,0,GAME_OVER,51,50,2,8,2,MCTS_CheckersHeuristic,2,1,1,MCTS_CheckersHeuristic
1437296834,Checkers,0,GAME_OVER,40,39,2,9,2,MCTS_CheckersHeuristic,2,1,1,MCTS_CheckersHeuristic
1700070603,Checkers,0,GAME_OVER,46,45,2,10,2,MCTS_CheckersHeuristic,2,1,1,MCTS_CheckersHeuristic
-1561081910,Checkers,0,GAME_OVER,45,44,2,11,2,MCTS_CheckersHeuristic,2,1,1,MCTS_CheckersHeuristic
-969854519,Checkers,0,GAME_OVER,41,40,2,12,2,MCTS_CheckersHeuristic,2,1,1,MCTS_CheckersHeuristic
1843078800,Checkers,0,GAME_OVER,46,45,2,13,2,MCTS_CheckersHeuristic,2,1,1,MCTS_CheckersHeuristic
1066787509,Checkers,0,GAME_OVER,50,49,2,14,2,MCTS_CheckersHeuristic,2,1,1,MCTS_CheckersHeuristic
1189586314,Checkers,0,GAME_OVER,39,38,2,15,2,MCTS_CheckersHeuristic,2,1,1,MCTS_CheckersHeuristic
-611826476,Checkers,0,GAME_OVER,48,47,2,16,2,MCTS_CheckersHeuristic,2,1,1,MCTS_CheckersHeuristic
-1544709741,Checkers,0,GAME_OVER,39,38,2,17,2,MCTS_CheckersHeuristic,2,1,1,MCTS_CheckersHeuristic
794318347,Checkers,0,GAME_OVER,40,39,2,18,2,MCTS_CheckersHeuristic,2,1,1,MCTS_CheckersHeuristic
-1286713953,Checkers,0,GAME_OVER,37,36,2,19,2,MCTS_CheckersHeuristic,2,1,1,MCTS_CheckersHeuristic
1187731884,Checkers,0,GAME_OVER,103,102,2,20,2,MCTS_CheckersHeuristic,2,1,1,MCTS_CheckersHeuristic
-1346212036,Checkers,0,GAME_OVER,145,144,2,21,1,MCTS_CheckersHeuristic,1,1,1,MCTS_CheckersHeuristic
2095173186,Checkers,0,GAME_OVER,51,50,2,22,2,MCTS_CheckersHeuristic,2,1,1,MCTS_CheckersHeuristic
1685697746,Checkers,0,GAME_OVER,39,38,2,23,2,MCTS_CheckersHeuristic,2,1,1,MCTS_CheckersHeuristic
525282589,Checkers,0,GAME_OVER,41,40,2,24,2,MCTS_CheckersHeuristic,2,1,1,MCTS_CheckersHeuristic
-1848612161,Checkers,0,GAME_OVER,61,60,2,25,2,MCTS_CheckersHeuristic,2,1,1,MCTS_CheckersHeuristic
1419713974,Checkers,0,GAME_OVER,80,79,2,26,2,MCTS_CheckersHeuristic,2,1,1,MCTS_CheckersHeuristic
317029565,Checkers,0,GAME_OVER,55,54,2,27,2,MCTS_CheckersHeuristic,2,1,1,MCTS_CheckersHeuristic
-1293604324,Checkers,0,GAME_OVER,43,42,2,28,2,MCTS_CheckersHeuristic,2,1,1,MCTS_CheckersHeuristic
-746695878,Checkers,0,GAME_OVER,92,91,2,29,2,MCTS_CheckersHeuristic,2,1,1,MCTS_CheckersHeuristic
-735693053,Checkers,0,GAME_OVER,44,43,2,30,2,MCTS_CheckersHeuristic,2,1,1,MCTS_CheckersHeuristic
780011660,Checkers,0,GAME_OVER,47,46,2,31,2,MCTS_CheckersHeuristic,2,1,1,MCTS_CheckersHeuristic
-59287236,Checkers,0,GAME_OVER,40,39,2,32,2,MCTS_CheckersHeuristic,2,1,1,MCTS_CheckersHeuristic
2006589468,Checkers,0,GAME_OVER,44,43,2,33,2,MCTS_CheckersHeuristic,2,1,1,MCTS_CheckersHeuristic
587590548,Checkers,0,GAME_OVER,46,45,2,34,2,MCTS_CheckersHeuristic,2,1,1,MCTS_CheckersHeuristic
482187783,Checkers,0,GAME_OVER,144,143,2,35,1,MCTS_CheckersHeuristic,1,1,1,MCTS_CheckersHeuristic
1982813031,Checkers,0,GAME_OVER,34,33,2,36,2,MCTS_CheckersHeuristic,2,1,1,MCTS_CheckersHeuristic
1223428036,Checkers,0,GAME_OVER,69,68,2,37,1,MCTS_CheckersHeuristic,1,2,2,MCTS_CheckersHeuristic
-1111851144,Checkers,0,GAME_OVER,71,70,2,38,2,MCTS_CheckersHeuristic,2,1,1,MCTS_CheckersHeuristic
-15746353,Checkers,0,GAME_OVER,37,36,2,39,2,MCTS_CheckersHeuristic,2,1,1,MCTS_CheckersHeuristic
-452121655,Checkers,0,GAME_OVER,39,38,2,40,2,MCTS_CheckersHeuristic,2,1,1,MCTS_CheckersHeuristic
1687770216,Checkers,0,GAME_OVER,40,39,2,41,2,MCTS_CheckersHeuristic,2,1,1,MCTS_CheckersHeuristic
657925756,Checkers,0,GAME_OVER,45,44,2,42,2,MCTS_CheckersHeuristic,2,1,1,MCTS_CheckersHeuristic
1999336935,Checkers,0,GAME_OVER,117,116,2,43,1,MCTS_CheckersHeuristic,1,1,1,MCTS_CheckersHeuristic
-2136046321,Checkers,0,GAME_OVER,38,37,2,44,2,MCTS_CheckersHeuristic,2,1,1,MCTS_CheckersHeuristic
-1427823816,Checkers,0,GAME_OVER,43,42,2,45,2,MCTS_CheckersHeuristic,2,1,1,MCTS_CheckersHeuristic
-2082357643,Checkers,0,GAME_OVER,42,41,2,46,2,MCTS_CheckersHeuristic,2,1,1,MCTS_CheckersHeuristic
1796810102,Checkers,0,GAME_OVER,55,54,2,47,2,MCTS_CheckersHeuristic,2,1,1,MCTS_CheckersHeuristic
1230325200,Checkers,0,GAME_OVER,44,43,2,48,2,MCTS_CheckersHeuristic,2,1,1,MCTS_CheckersHeuristic
1494970818,Checkers,0,GAME_OVER,53,52,2,49,2,MCTS_CheckersHeuristic,2,1,1,MCTS_CheckersHeuristic
1625250525,Checkers,0,GAME_OVER,40,39,2,50,2,MCTS_CheckersHeuristic,2,1,1,MCTS_CheckersHeuristic
-1432299318,Checkers,0,GAME_OVER,55,54,2,51,2,MCTS_CheckersHeuristic,2,1,1,MCTS_CheckersHeuristic
725655627,Checkers,0,GAME_OVER,76,75,2,52,2,MCTS_CheckersHeuristic,2,1,1,MCTS_CheckersHeuristic
1163206040,Checkers,0,GAME_OVER,44,43,2,53,2,MCTS_CheckersHeuristic,2,1,1,MCTS_CheckersHeuristic
560297376,Checkers,0,GAME_OVER,43,42,2,54,2,MCTS_CheckersHeuristic,2,1,1,MCTS_CheckersHeuristic
1210750624,Checkers,0,GAME_OVER,38,37,2,55,2,MCTS_CheckersHeuristic,2,1,1,MCTS_CheckersHeuristic
1617060179,Checkers,0,GAME_OVER,41,40,2,56,2,MCTS_CheckersHeuristic,2,1,1,MCTS_CheckersHeuristic
-1098270161,Checkers,0,GAME_OVER,41,40,2,57,2,MCTS_CheckersHeuristic,2,1,1,MCTS_CheckersHeuristic
1387059512,Checkers,0,GAME_OVER,38,37,2,58,2,MCTS_CheckersHeuristic,2,1,1,MCTS_CheckersHeuristic
-1209401438,Checkers,0,GAME_OVER,44,43,2,59,2,MCTS_CheckersHeuristic,2,1,1,MCTS_CheckersHeuristic
866499206,Checkers,0,GAME_OVER,64,63,2,60,2,MCTS_CheckersHeuristic,2,1,1,MCTS_CheckersHeuristic
-884055799,Checkers,0,GAME_OVER,43,42,2,61,2,MCTS_CheckersHeuristic,2,1,1,MCTS_CheckersHeuristic
-345991177,Checkers,0,GAME_OVER,122,121,2,62,1,MCTS_CheckersHeuristic,1,1,1,MCTS_CheckersHeuristic
1573066032,Checkers,0,GAME_OVER,46,45,2,63,2,MCTS_CheckersHeuristic,2,1,1,MCTS_CheckersHeuristic
714865605,Checkers,0,GAME_OVER,105,104,2,64,1,MCTS_CheckersHeuristic,1,1,1,MCTS_CheckersHeuristic
-1511071722,Checkers,0,GAME_OVER,41,40,2,65,2,MCTS_CheckersHeuristic,2,1,1,MCTS_CheckersHeuristic
1043637411,Checkers,0,GAME_OVER,75,74,2,66,2,MCTS_CheckersHeuristic,2,1,1,MCTS_CheckersHeuristic
619587682,Checkers,0,GAME_OVER,43,42,2,67,2,MCTS_CheckersHeuristic,2,1,1,MCTS_CheckersHeuristic
-1363742753,Checkers,0,GAME_OVER,40,39,2,68,2,MCTS_CheckersHeuristic,2,1,1,MCTS_CheckersHeuristic
-947852713,Checkers,0,GAME_OVER,122,121,2,69,2,MCTS_CheckersHeuristic,2,1,1,MCTS_CheckersHeuristic
-34283449,Checkers,0,GAME_OVER,40,39,2,70,2,MCTS_CheckersHeuristic,2,1,1,MCTS_CheckersHeuristic
1480406349,Checkers,0,GAME_OVER,40,39,2,71,2,MCTS_CheckersHeuristic,2,1,1,MCTS_CheckersHeuristic
-1921003377,Checkers,0,GAME_OVER,40,39,2,72,2,MCTS_CheckersHeuristic,2,1,1,MCTS_CheckersHeuristic
1533488837,Checkers,0,GAME_OVER,44,43,2,73,2,MCTS_CheckersHeuristic,2,1,1,MCTS_CheckersHeuristic
85373256,Checkers,0,GAME_OVER,51,50,2,74,2,MCTS_CheckersHeuristic,2,1,1,MCTS_CheckersHeuristic
121974405,Checkers,0,GAME_OVER,35,34,2,75,2,MCTS_CheckersHeuristic,2,1,1,MCTS_CheckersHeuristic
984941992,Checkers,0,GAME_OVER,84,83,2,76,2,MCTS_CheckersHeuristic,2,1,1,MCTS_CheckersHeuristic
2075425136,Checkers,0,GAME_OVER,45,44,2,77,2,MCTS_CheckersHeuristic,2,1,1,MCTS_CheckersHeuristic
-521898058,Checkers,0,GAME_OVER,40,39,2,78,2,MCTS_CheckersHeuristic,2,1,1,MCTS_CheckersHeuristic
1741815011,Checkers,0,GAME_OVER,65,64,2,79,2,MCTS_CheckersHeuristic,2,1,1,MCTS_CheckersHeuristic
1193812878,Checkers,0,GAME_OVER,57,56,2,80,2,MCTS_CheckersHeuristic,2,1,1,MCTS_CheckersHeuristic
1799176938,Checkers,0,GAME_OVER,44,43,2,81,2,MCTS_CheckersHeuristic,2,1,1,MCTS_CheckersHeuristic
972780260,Checkers,0,GAME_OVER,68,67,2,82,1,MCTS_CheckersHeuristic,1,2,2,MCTS_CheckersHeuristic
1815361416,Checkers,0,GAME_OVER,58,57,2,83,2,MCTS_CheckersHeuristic,2,1,1,MCTS_CheckersHeuristic
1322835176,Checkers,0,GAME_OVER,63,62,2,84,2,MCTS_CheckersHeuristic,2,1,1,MCTS_CheckersHeuristic
371741157,Checkers,0,GAME_OVER,38,37,2,85,2,MCTS_CheckersHeuristic,2,1,1,MCTS_CheckersHeuristic
-1102451655,Checkers,0,GAME_OVER,41,40,2,86,2,MCTS_CheckersHeuristic,2,1,1,MCTS_CheckersHeuristic
308533281,Checkers,0,GAME_OVER,47,46,2,87,2,MCTS_CheckersHeuristic,2,1,1,MCTS_CheckersHeuristic
-10429549,Checkers,0,GAME_OVER,35,34,2,88,2,MCTS_CheckersHeuristic,2,1,1,MCTS_CheckersHeuristic
1270174490,Checkers,0,GAME_OVER,44,43,2,89,2,MCTS_CheckersHeuristic,2,1,1,MCTS_CheckersHeuristic
-448480440,Checkers,0,GAME_OVER,45,44,2,90,2,MCTS_CheckersHeuristic,2,1,1,MCTS_CheckersHeuristic
501444460,Checkers,0,GAME_OVER,44,43,2,91,2,MCTS_CheckersHeuristic,2,1,1,MCTS_CheckersHeuristic
1083159769,Checkers,0,GAME_OVER,65,64,2,92,2,MCTS_CheckersHeuristic,2,1,1,MCTS_CheckersHeuristic
1576700780,Checkers,0,GAME_OVER,62,61,2,93,2,MCTS_CheckersHeuristic,2,1,1,MCTS_CheckersHeuristic
-756517090,Checkers,0,GAME_OVER,61,60,2,94,2,MCTS_CheckersHeuristic,2,1,1,MCTS_CheckersHeuristic
587439610,Checkers,0,GAME_OVER,48,47,2,95,2,MCTS_CheckersHeuristic,2,1,1,MCTS_CheckersHeuristic
-346723102,Checkers,0,GAME_OVER,73,72,2,96,2,MCTS_CheckersHeuristic,2,1,1,MCTS_CheckersHeuristic
2093549645,Checkers,0,GAME_OVER,43,42,2,97,2,MCTS_CheckersHeuristic,2,1,1,MCTS_CheckersHeuristic
1653336284,Checkers,0,GAME_OVER,44,43,2,98,2,MCTS_CheckersHeuristic,2,1,1,MCTS_CheckersHeuristic
769578293,Checkers,0,GAME_OVER,43,42,2,99,2,MCTS_CheckersHeuristic,2,1,1,MCTS_CheckersHeuristic
2047688042,Checkers,0,GAME_OVER,46,45,2,100,2,MCTS_CheckersHeuristic,2,1,1,MCTS_CheckersHeuristic
972616288,Checkers,0,GAME_OVER,43,42,2,101,2,MCTS_CheckersHeuristic,2,1,1,MCTS_CheckersHeuristic
1959695236,Checkers,0,GAME_OVER,38,37,2,102,2,MCTS_CheckersHeuristic,2,1,1,MCTS_CheckersHeuristic
1315021988,Checkers,0,GAME_OVER,36,35,2,103,2,MCTS_CheckersHeuristic,2,1,1,MCTS_CheckersHeuristic
1344377780,Checkers,0,GAME_OVER,43,42,2,104,2,MCTS_CheckersHeuristic,2,1,1,MCTS_CheckersHeuristic
357951072,Checkers,0,GAME_OVER,45,44,2,105,2,MCTS_CheckersHeuristic,2,1,1,MCTS_CheckersHeuristic
-2058918633,Checkers,0,GAME_OVER,41,40,2,106,2,MCTS_CheckersHeuristic,2,1,1,MCTS_CheckersHeuristic
-583788691,Checkers,0,GAME_OVER,37,36,2,107,2,MCTS_CheckersHeuristic,2,1,1,MCTS_CheckersHeuristic
1763539389,Checkers,0,GAME_OVER,42,41,2,108,2,MCTS_CheckersHeuristic,2,1,1,MCTS_CheckersHeuristic
-1082296257,Checkers,0,GAME_OVER,142,141,2,109,2,MCTS_CheckersHeuristic,2,1,1,MCTS_CheckersHeuristic
709158110,Checkers,0,GAME_OVER,42,41,2,110,2,MCTS_CheckersHeuristic,2,1,1,MCTS_CheckersHeuristic
396158491,Checkers,0,GAME_OVER,41,40,2,111,2,MCTS_CheckersHeuristic,2,1,1,MCTS_CheckersHeuristic
-1345397067,Checkers,0,GAME_OVER,39,38,2,112,2,MCTS_CheckersHeuristic,2,1,1,MCTS_CheckersHeuristic
1669350546,Checkers,0,GAME_OVER,39,38,2,113,2,MCTS_CheckersHeuristic,2,1,1,MCTS_CheckersHeuristic
-466521336,Checkers,0,GAME_OVER,42,41,2,114,2,MCTS_CheckersHeuristic,2,1,1,MCTS_CheckersHeuristic
1925152929,Checkers,0,GAME_OVER,38,37,2,115,2,MCTS_CheckersHeuristic,2,1,1,MCTS_CheckersHeuristic
-530550102,Checkers,0,GAME_OVER,39,38,2,116,2,MCTS_CheckersHeuristic,2,1,1,MCTS_CheckersHeuristic
-919063509,Checkers,0,GAME_OVER,41,40,2,117,2,MCTS_CheckersHeuristic,2,1,1,MCTS_CheckersHeuristic
-800887435,Checkers,0,GAME_OVER,45,44,2,118,2,MCTS_CheckersHeuristic,2,1,1,MCTS_CheckersHeuristic
-1121831777,Checkers,0,GAME_OVER,51,50,2,119,2,MCTS_CheckersHeuristic,2,1,1,MCTS_CheckersHeuristic
-1819735674,Checkers,0,GAME_OVER,40,39,2,120,2,MCTS_CheckersHeuristic,2,1,1,MCTS_CheckersHeuristic
2085410311,Checkers,0,GAME_OVER,86,85,2,121,1,MCTS_CheckersHeuristic,1,2,2,MCTS_CheckersHeuristic
-1001763376,Checkers,0,GAME_OVER,43,42,2,122,2,MCTS_CheckersHeuristic,2,1,1,MCTS_CheckersHeuristic
1350169571,Checkers,0,GAME_OVER,44,43,2,123,2,MCTS_CheckersHeuristic,2,1,1,MCTS_CheckersHeuristic
5880123,Checkers,0,GAME_OVER,38,37,2,124,2,MCTS_CheckersHeuristic,2,1,1,MCTS_CheckersHeuristic
1879634794,Checkers,0,GAME_OVER,43,42,2,125,2,MCTS_CheckersHeuristic,2,1,1,MCTS_CheckersHeuristic
-1125706525,Checkers,0,GAME_OVER,47,46,2,126,2,MCTS_CheckersHeuristic,2,1,1,MCTS_CheckersHeuristic
2039316273,Checkers,0,GAME_OVER,44,43,2,127,2,MCTS_CheckersHeuristic,2,1,1,MCTS_CheckersHeuristic
-1257035972,Checkers,0,GAME_OVER,41,40,2,128,2,MCTS_CheckersHeuristic,2,1,1,MCTS_CheckersHeuristic
1421001288,Checkers,0,GAME_OVER,48,47,2,129,2,MCTS_CheckersHeuristic,2,1,1,MCTS_CheckersHeuristic
-1651534043,Checkers,0,GAME_OVER,33,32,2,130,2,MCTS_CheckersHeuristic,2,1,1,MCTS_CheckersHeuristic
551156039,Checkers,0,GAME_OVER,44,43,2,131,2,MCTS_CheckersHeuristic,2,1,1,MCTS_CheckersHeuristic
1090369838,Checkers,0,GAME_OVER,39,38,2,132,2,MCTS_CheckersHeuristic,2,1,1,MCTS_CheckersHeuristic
575298023,Checkers,0,GAME_OVER,48,47,2,133,2,MCTS_CheckersHeuristic,2,1,1,MCTS_CheckersHeuristic
530677400,Checkers,0,GAME_OVER,38,37,2,134,2,MCTS_CheckersHeuristic,2,1,1,MCTS_CheckersHeuristic
817833498,Checkers,0,GAME_OVER,37,36,2,135,2,MCTS_CheckersHeuristic,2,1,1,MCTS_CheckersHeuristic
-1060660001,Checkers,0,GAME_OVER,54,53,2,136,2,MCTS_CheckersHeuristic,2,1,1,MCTS_CheckersHeuristic
1151880641,Checkers,0,GAME_OVER,46,45,2,137,2,MCTS_CheckersHeuristic,2,1,1,MCTS_CheckersHeuristic
-1664936495,Checkers,0,GAME_OVER,53,52,2,138,2,MCTS_CheckersHeuristic,2,1,1,MCTS_CheckersHeuristic
1167710822,Checkers,0,GAME_OVER,39,38,2,139,2,MCTS_CheckersHeuristic,2,1,1,MCTS_CheckersHeuristic
-542712970,Checkers,0,GAME_OVER,69,68,2,140,2,MCTS_CheckersHeuristic,2,1,1,MCTS_CheckersHeuristic
-2144300370,Checkers,0,GAME_OVER,41,40,2,141,2,MCTS_CheckersHeuristic,2,1,1,MCTS_CheckersHeuristic
-1642254248,Checkers,0,GAME_OVER,40,39,2,142,2,MCTS_CheckersHeuristic,2,1,1,MCTS_CheckersHeuristic
-1248370843,Checkers,0,GAME_OVER,34,33,2,143,2,MCTS_CheckersHeuristic,2,1,1,MCTS_CheckersHeuristic
145550316,Checkers,0,GAME_OVER,39,38,2,144,2,MCTS_CheckersHeuristic,2,1,1,MCTS_CheckersHeuristic
-1561587134,Checkers,0,GAME_OVER,39,38,2,145,2,MCTS_CheckersHeuristic,2,1,1,MCTS_CheckersHeuristic
-690305999,Checkers,0,GAME_OVER,40,39,2,146,2,MCTS_CheckersHeuristic,2,1,1,MCTS_CheckersHeuristic
-915091747,Checkers,0,GAME_OVER,43,42,2,147,2,MCTS_CheckersHeuristic,2,1,1,MCTS_CheckersHeuristic
-929269573,Checkers,0,GAME_OVER,38,37,2,148,2,MCTS_CheckersHeuristic,2,1,1,MCTS_CheckersHeuristic
-1776447373,Checkers,0,GAME_OVER,53,52,2,149,2,MCTS_CheckersHeuristic,2,1,1,MCTS_CheckersHeuristic
1376782522,Checkers,0,GAME_OVER,46,45,2,150,2,MCTS_CheckersHeuristic,2,1,1,MCTS_CheckersHeuristic
822717280,Checkers,0,GAME_OVER,49,48,2,151,2,MCTS_CheckersHeuristic,2,1,1,MCTS_CheckersHeuristic
1214860500,Checkers,0,GAME_OVER,38,37,2,152,2,MCTS_CheckersHeuristic,2,1,1,MCTS_CheckersHeuristic
2123155327,Checkers,0,GAME_OVER,44,43,2,153,2,MCTS_CheckersHeuristic,2,1,1,MCTS_CheckersHeuristic
468987575,Checkers,0,GAME_OVER,44,43,2,154,2,MCTS_CheckersHeuristic,2,1,1,MCTS_CheckersHeuristic
-156419889,Checkers,0,GAME_OVER,47,46,2,155,2,MCTS_CheckersHeuristic,2,1,1,MCTS_CheckersHeuristic
244685781,Checkers,0,GAME_OVER,44,43,2,156,2,MCTS_CheckersHeuristic,2,1,1,MCTS_CheckersHeuristic
-2012422644,Checkers,0,GAME_OVER,43,42,2,157,2,MCTS_CheckersHeuristic,2,1,1,MCTS_CheckersHeuristic
-646576725,Checkers,0,GAME_OVER,45,44,2,158,2,MCTS_CheckersHeuristic,2,1,1,MCTS_CheckersHeuristic
-679847649,Checkers,0,GAME_OVER,41,40,2,159,2,MCTS_CheckersHeuristic,2,1,1,MCTS_CheckersHeuristic
153033083,Checkers,0,GAME_OVER,48,47,2,160,2,MCTS_CheckersHeuristic,2,1,1,MCTS_CheckersHeuristic
1500617616,Checkers,0,GAME_OVER,38,37,2,161,2,MCTS_CheckersHeuristic,2,1,1,MCTS_CheckersHeuristic
2028282473,Checkers,0,GAME_OVER,76,75,2,162,2,MCTS_CheckersHeuristic,2,1,1,MCTS_CheckersHeuristic
1550709087,Checkers,0,GAME_OVER,34,33,2,163,2,MCTS_CheckersHeuristic,2,1,1,MCTS_CheckersHeuristic
635540564,Checkers,0,GAME_OVER,61,60,2,164,1,MCTS_CheckersHeuristic,1,2,2,MCTS_CheckersHeuristic
1132003058,Checkers,0,GAME_OVER,38,37,2,165,2,MCTS_CheckersHeuristic,2,1,1,MCTS_CheckersHeuristic
535714537,Checkers,0,GAME_OVER,41,40,2,166,2,MCTS_CheckersHeuristic,2,1,1,MCTS_CheckersHeuristic
93854457,Checkers,0,GAME_OVER,82,81,2,167,1,MCTS_CheckersHeuristic,1,1,1,MCTS_CheckersHeuristic
1266419641,Checkers,0,GAME_OVER,40,39,2,168,2,MCTS_CheckersHeuristic,2,1,1,MCTS_CheckersHeuristic
761600881,Checkers,0,GAME_OVER,51,50,2,169,2,MCTS_CheckersHeuristic,2,1,1,MCTS_CheckersHeuristic
2143529823,Checkers,0,GAME_OVER,44,43,2,170,2,MCTS_CheckersHeuristic,2,1,1,MCTS_CheckersHeuristic
2102961463,Checkers,0,GAME_OVER,41,40,2,171,2,MCTS_CheckersHeuristic,2,1,1,MCTS_CheckersHeuristic
1679841531,Checkers,0,GAME_OVER,57,56,2,172,2,MCTS_CheckersHeuristic,2,1,1,MCTS_CheckersHeuristic
1465671621,Checkers,0,GAME_OVER,49,48,2,173,2,MCTS_CheckersHeuristic,2,1,1,MCTS_CheckersHeuristic
-449521527,Checkers,0,GAME_OVER,42,41,2,174,2,MCTS_CheckersHeuristic,2,1,1,MCTS_CheckersHeuristic
304327433,Checkers,0,GAME_OVER,43,42,2,175,2,MCTS_CheckersHeuristic,2,1,1,MCTS_CheckersHeuristic
-578472996,Checkers,0,GAME_OVER,52,51,2,176,2,MCTS_CheckersHeuristic,2,1,1,MCTS_CheckersHeuristic
-211506301,Checkers,0,GAME_OVER,61,60,2,177,2,MCTS_CheckersHeuristic,2,1,1,MCTS_CheckersHeuristic
1627349832,Checkers,0,GAME_OVER,42,41,2,178,2,MCTS_CheckersHeuristic,2,1,1,MCTS_CheckersHeuristic
-1714208507,Checkers,0,GAME_OVER,61,60,2,179,2,MCTS_CheckersHeuristic,2,1,1,MCTS_CheckersHeuristic
-1196115391,Checkers,0,GAME_OVER,46,45,2,180,2,MCTS_CheckersHeuristic,2,1,1,MCTS_CheckersHeuristic
-1540368699,Checkers,0,GAME_OVER,42,41,2,181,2,MCTS_CheckersHeuristic,2,1,1,MCTS_CheckersHeuristic
-906911374,Checkers,0,GAME_OVER,43,42,2,182,2,MCTS_CheckersHeuristic,2,1,1,MCTS_CheckersHeuristic
-1638432850,Checkers,0,GAME_OVER,42,41,2,183,2,MCTS_CheckersHeuristic,2,1,1,MCTS_CheckersHeuristic
686422820,Checkers,0,GAME_OVER,41,40,2,184,2,MCTS_CheckersHeuristic,2,1,1,MCTS_CheckersHeuristic
1530302473,Checkers,0,GAME_OVER,58,57,2,185,2,MCTS_CheckersHeuristic,2,1,1,MCTS_CheckersHeuristic
-1209659418,Checkers,0,GAME_OVER,113,112,2,186,1,MCTS_CheckersHeuristic,1,2,2,MCTS_CheckersHeuristic
149319160,Checkers,0,GAME_OVER,41,40,2,187,2,MCTS_CheckersHeuristic,2,1,1,MCTS_CheckersHeuristic
760898767,Checkers,0,GAME_OVER,37,36,2,188,2,MCTS_CheckersHeuristic,2,1,1,MCTS_CheckersHeuristic
805876825,Checkers,0,GAME_OVER,147,146,2,189,1,MCTS_CheckersHeuristic,1,1,1,MCTS_CheckersHeuristic
-648465952,Checkers,0,GAME_OVER,139,138,2,190,2,MCTS_CheckersHeuristic,2,1,1,MCTS_CheckersHeuristic
-220098549,Checkers,0,GAME_OVER,38,37,2,191,2,MCTS_CheckersHeuristic,2,1,1,MCTS_CheckersHeuristic
1441244742,Checkers,0,GAME_OVER,39,38,2,192,2,MCTS_CheckersHeuristic,2,1,1,MCTS_CheckersHeuristic
1602782636,Checkers,0,GAME_OVER,35,34,2,193,2,MCTS_CheckersHeuristic,2,1,1,MCTS_CheckersHeuristic
-1364356723,Checkers,0,GAME_OVER,26,25,2,194,2,MCTS_CheckersHeuristic,2,1,1,MCTS_CheckersHeuristic
1522474567,Checkers,0,GAME_OVER,116,115,2,195,2,MCTS_CheckersHeuristic,2,1,1,MCTS_CheckersHeuristic
-2121681916,Checkers,0,GAME_OVER,46,45,2,196,2,MCTS_CheckersHeuristic,2,1,1,MCTS_CheckersHeuristic
221799308,Checkers,0,GAME_OVER,47,46,2,197,2,MCTS_CheckersHeuristic,2,1,1,MCTS_CheckersHeuristic
458667489,Checkers,0,GAME_OVER,49,48,2,198,2,MCTS_CheckersHeuristic,2,1,1,MCTS_CheckersHeuristic
60893320,Checkers,0,GAME_OVER,40,39,2,199,2,MCTS_CheckersHeuristic,2,1,1,MCTS_CheckersHeuristic
1443357674,Checkers,0,GAME_OVER,106,105,2,200,1,MCTS_CheckersHeuristic,1,1,1,MCTS_CheckersHeuristic
-384243208,Checkers,0,GAME_OVER,102,101,2,201,2,MCTS_CheckersHeuristic,2,1,1,MCTS_CheckersHeuristic
-2143063354,Checkers,0,GAME_OVER,45,44,2,202,2,MCTS_CheckersHeuristic,2,1,1,OSLA
200594778,Checkers,0,GAME_OVER,43,42,2,203,2,MCTS_CheckersHeuristic,2,1,1,OSLA
-514941224,Checkers,0,GAME_OVER,48,47,2,204,2,MCTS_CheckersHeuristic,2,1,1,OSLA
179287199,Checkers,0,GAME_OVER,51,50,2,205,2,MCTS_CheckersHeuristic,2,1,1,OSLA
2146590640,Checkers,0,GAME_OVER,45,44,2,206,2,MCTS_CheckersHeuristic,2,1,1,OSLA
1378180065,Checkers,0,GAME_OVER,51,50,2,207,2,MCTS_CheckersHeuristic,2,1,1,OSLA
-2036371014,Checkers,0,GAME_OVER,41,40,2,208,2,MCTS_CheckersHeuristic,2,1,1,OSLA
1437296834,Checkers,0,GAME_OVER,51,50,2,209,2,MCTS_CheckersHeuristic,2,1,1,OSLA
1700070603,Checkers,0,GAME_OVER,41,40,2,210,2,MCTS_CheckersHeuristic,2,1,1,OSLA
-1561081910,Checkers,0,GAME_OVER,51,50,2,211,2,MCTS_CheckersHeuristic,2,1,1,OSLA
-969854519,Checkers,0,GAME_OVER,37,36,2,212,2,MCTS_CheckersHeuristic,2,1,1,OSLA
1843078800,Checkers,0,GAME_OVER,44,43,2,213,2,MCTS_CheckersHeuristic,2,1,1,OSLA
1066787509,Checkers,0,GAME_OVER,40,39,2,214,2,MCTS_CheckersHeuristic,2,1,1,OSLA
1189586314,Checkers,0,GAME_OVER,43,42,2,215,2,MCTS_CheckersHeuristic,2,1,1,OSLA
-611826476,Checkers,0,GAME_OVER,59,58,2,216,2,MCTS_CheckersHeuristic,2,1,1,OSLA
-1544709741,Checkers,0,GAME_OVER,44,43,2,217,2,MCTS_CheckersHeuristic,2,1,1,OSLA
794318347,Checkers,0,GAME_OVER,38,37,2,218,2,MCTS_CheckersHeuristic,2,1,1,OSLA
-1286713953,Checkers,0,GAME_OVER,47,46,2,219,2,MCTS_CheckersHeuristic,2,1,1,OSLA
1187731884,Checkers,0,GAME_OVER,62,61,2,220,2,MCTS_CheckersHeuristic,2,1,1,OSLA
-1346212036,Checkers,0,GAME_OVER,46,45,2,221,2,MCTS_CheckersHeuristic,2,1,1,OSLA
2095173186,Checkers,0,GAME_OVER,44,43,2,222,2,MCTS_CheckersHeuristic,2,1,1,OSLA
1685697746,Checkers,0,GAME_OVER,43,42,2,223,2,MCTS_CheckersHeuristic,2,1,1,OSLA
525282589,Checkers,0,GAME_OVER,36,35,2,224,2,MCTS_CheckersHeuristic,2,1,1,OSLA
-1848612161,Checkers,0,GAME_OVER,46,45,2,225,2,MCTS_CheckersHeuristic,2,1,1,OSLA
1419713974,Checkers,0,GAME_OVER,43,42,2,226,2,MCTS_CheckersHeuristic,2,1,1,OSLA
317029565,Checkers,0,GAME_OVER,54,53,2,227,2,MCTS_CheckersHeuristic,2,1,1,OSLA
-1293604324,Checkers,0,GAME_OVER,43,42,2,228,2,MCTS_CheckersHeuristic,2,1,1,OSLA
-746695878,Checkers,0,GAME_OVER,49,48,2,229,2,MCTS_CheckersHeuristic,2,1,1,OSLA
-735693053,Checkers,0,GAME_OVER,43,42,2,230,2,MCTS_CheckersHeuristic,2,1,1,OSLA
780011660,Checkers,0,GAME_OVER,47,46,2,231,2,MCTS_CheckersHeuristic,2,1,1,OSLA
-59287236,Checkers,0,GAME_OVER,156,155,2,232,1,MCTS_CheckersHeuristic,1,1,1,OSLA
2006589468,Checkers,0,GAME_OVER,131,130,2,233,2,MCTS_CheckersHeuristic,2,1,1,OSLA
587590548,Checkers,0,GAME_OVER,39,38,2,234,2,MCTS_CheckersHeuristic,2,1,1,OSLA
482187783,Checkers,0,GAME_OVER,51,50,2,235,2,MCTS_CheckersHeuristic,2,1,1,OSLA
1982813031,Checkers,0,GAME_OVER,42,41,2,236,2,MCTS_CheckersHeuristic,2,1,1,OSLA
1223428036,Checkers,0,GAME_OVER,39,38,2,237,2,MCTS_CheckersHeuristic,2,1,1,OSLA
-1111851144,Checkers,0,GAME_OVER,36,35,2,238,2,MCTS_CheckersHeuristic,2,1,1,OSLA
-15746353,Checkers,0,GAME_OVER,42,41,2,239,2,MCTS_CheckersHeuristic,2,1,1,OSLA
-452121655,Checkers,0,GAME_OVER,46,45,2,240,2,MCTS_CheckersHeuristic,2,1,1,OSLA
1687770216,Checkers,0,GAME_OVER,49,48,2,241,2,MCTS_CheckersHeuristic,2,1,1,OSLA
657925756,Checkers,0,GAME_OVER,46,45,2,242,2,MCTS_CheckersHeuristic,2,1,1,OSLA
1999336935,Checkers,0,GAME_OVER,58,57,2,243,2,MCTS_CheckersHeuristic,2,1,1,OSLA
-2136046321,Checkers,0,GAME_OVER,41,40,2,244,2,MCTS_CheckersHeuristic,2,1,1,OSLA
-1427823816,Checkers,0,GAME_OVER,43,42,2,245,2,MCTS_CheckersHeuristic,2,1,1,OSLA
-2082357643,Checkers,0,GAME_OVER,171,170,2,246,1,MCTS_CheckersHeuristic,1,1,1,OSLA
1796810102,Checkers,0,GAME_OVER,45,44,2,247,2,MCTS_CheckersHeuristic,2,1,1,OSLA
1230325200,Checkers,0,GAME_OVER,46,45,2,248,2,MCTS_CheckersHeuristic,2,1,1,OSLA
1494970818,Checkers,0,GAME_OVER,73,72,2,249,2,MCTS_CheckersHeuristic,2,1,1,OSLA
1625250525,Checkers,0,GAME_OVER,58,57,2,250,2,MCTS_CheckersHeuristic,2,1,1,OSLA
-1432299318,Checkers,0,GAME_OVER,40,39,2,251,2,MCTS_CheckersHeuristic,2,1,1,OSLA
725655627,Checkers,0,GAME_OVER,40,39,2,252,2,MCTS_CheckersHeuristic,2,1,1,OSLA
1163206040,Checkers,0,GAME_OVER,45,44,2,253,2,MCTS_CheckersHeuristic,2,1,1,OSLA
560297376,Checkers,0,GAME_OVER,37,36,2,254,2,MCTS_CheckersHeuristic,2,1,1,OSLA
1210750624,Checkers,0,GAME_OVER,66,65,2,255,2,MCTS_CheckersHeuristic,2,1,1,OSLA
1617060179,Checkers,0,GAME_OVER,50,49,2,256,2,MCTS_CheckersHeuristic,2,1,1,OSLA
-1098270161,Checkers,0,GAME_OVER,54,53,2,257,2,MCTS_CheckersHeuristic,2,1,1,OSLA
1387059512,Checkers,0,GAME_OVER,48,47,2,258,2,MCTS_CheckersHeuristic,2,1,1,OSLA
-1209401438,Checkers,0,GAME_OVER,49,48,2,259,2,MCTS_CheckersHeuristic,2,1,1,OSLA
866499206,Checkers,0,GAME_OVER,70,69,2,260,2,MCTS_CheckersHeuristic,2,1,1,OSLA
-884055799,Checkers,0,GAME_OVER,41,40,2,261,2,MCTS_CheckersHeuristic,2,1,1,OSLA
-345991177,Checkers,0,GAME_OVER,42,41,2,262,2,MCTS_CheckersHeuristic,2,1,1,OSLA
1573066032,Checkers,0,GAME_OVER,58,57,2,263,2,MCTS_CheckersHeuristic,2,1,1,OSLA
714865605,Checkers,0,GAME_OVER,39,38,2,264,2,MCTS_CheckersHeuristic,2,1,1,OSLA
-1511071722,Checkers,0,GAME_OVER,42,41,2,265,2,MCTS_CheckersHeuristic,2,1,1,OSLA
1043637411,Checkers,0,GAME_OVER,50,49,2,266,2,MCTS_CheckersHeuristic,2,1,1,OSLA
619587682,Checkers,0,GAME_OVER,40,39,2,267,2,MCTS_CheckersHeuristic,2,1,1,OSLA
-1363742753,Checkers,0,GAME_OVER,42,41,2,268,2,MCTS_CheckersHeuristic,2,1,1,OSLA
-947852713,Checkers,0,GAME_OVER,106,105,2,269,2,MCTS_CheckersHeuristic,2,1,1,OSLA
-34283449,Checkers,0,GAME_OVER,47,46,2,270,2,MCTS_CheckersHeuristic,2,1,1,OSLA
1480406349,Checkers,0,GAME_OVER,45,44,2,271,2,MCTS_CheckersHeuristic,2,1,1,OSLA
-1921003377,Checkers,0,GAME_OVER,43,42,2,272,2,MCTS_CheckersHeuristic,2,1,1,OSLA
1533488837,Checkers,0,GAME_OVER,59,58,2,273,2,MCTS_CheckersHeuristic,2,1,1,OSLA
85373256,Checkers,0,GAME_OVER,121,120,2,274,2,MCTS_CheckersHeuristic,2,1,1,OSLA
121974405,Checkers,0,GAME_OVER,42,41,2,275,2,MCTS_CheckersHeuristic,2,1,1,OSLA
984941992,Checkers,0,GAME_OVER,48,47,2,276,2,MCTS_CheckersHeuristic,2,1,1,OSLA
2075425136,Checkers,0,GAME_OVER,97,96,2,277,2,MCTS_CheckersHeuristic,2,1,1,OSLA
-521898058,Checkers,0,GAME_OVER,35,34,2,278,2,MCTS_CheckersHeuristic,2,1,1,OSLA
1741815011,Checkers,0,GAME_OVER,39,38,2,279,2,MCTS_CheckersHeuristic,2,1,1,OSLA
1193812878,Checkers,0,GAME_OVER,49,48,2,280,2,MCTS_CheckersHeuristic,2,1,1,OSLA
1799176938,Checkers,0,GAME_OVER,62,61,2,281,2,MCTS_CheckersHeuristic,2,1,1,OSLA
972780260,Checkers,0,GAME_OVER,49,48,2,282,2,MCTS_CheckersHeuristic,2,1,1,OSLA
1815361416,Checkers,0,GAME_OVER,111,110,2,283,1,MCTS_CheckersHeuristic,1,1,1,OSLA
1322835176,Checkers,0,GAME_OVER,44,43,2,284,2,MCTS_CheckersHeuristic,2,1,1,OSLA
371741157,Checkers,0,GAME_OVER,37,36,2,285,2,MCTS_CheckersHeuristic,2,1,1,OSLA
-1102451655,Checkers,0,GAME_OVER,41,40,2,286,2,MCTS_CheckersHeuristic,2,1,1,OSLA
308533281,Checkers,0,GAME_OVER,47,46,2,287,2,MCTS_CheckersHeuristic,2,1,1,OSLA
-10429549,Checkers,0,GAME_OVER,45,44,2,288,2,MCTS_CheckersHeuristic,2,1,1,OSLA
1270174490,Checkers,0,GAME_OVER,48,47,2,289,2,MCTS_CheckersHeuristic,2,1,1,OSLA
-448480440,Checkers,0,GAME_OVER,45,44,2,290,2,MCTS_CheckersHeuristic,2,1,1,OSLA
501444460,Checkers,0,GAME_OVER,60,59,2,291,2,MCTS_CheckersHeuristic,2,1,1,OSLA
1083159769,Checkers,0,GAME_OVER,51,50,2,292,2,MCTS_CheckersHeuristic,2,1,1,OSLA
1576700780,Checkers,0,GAME_OVER,56,55,2,293,1,MCTS_CheckersHeuristic,1,2,2,OSLA
-756517090,Checkers,0,GAME_OVER,39,38,2,294,2,MCTS_CheckersHeuristic,2,1,1,OSLA
587439610,Checkers,0,GAME_OVER,46,45,2,295,2,MCTS_CheckersHeuristic,2,1,1,OSLA
-346723102,Checkers,0,GAME_OVER,49,48,2,296,2,MCTS_CheckersHeuristic,2,1,1,OSLA
2093549645,Checkers,0,GAME_OVER,42,41,2,297,2,MCTS_CheckersHeuristic,2,1,1,OSLA
1653336284,Checkers,0,GAME_OVER,69,68,2,298,2,MCTS_CheckersHeuristic,2,1,1,OSLA
769578293,Checkers,0,GAME_OVER,40,39,2,299,2,MCTS_CheckersHeuristic,2,1,1,OSLA
2047688042,Checkers,0,GAME_OVER,42,41,2,300,2,MCTS_CheckersHeuristic,2,1,1,OSLA
972616288,Checkers,0,GAME_OVER,43,42,2,301,2,MCTS_CheckersHeuristic,2,1,1,OSLA
1959695236,Checkers,0,GAME_OVER,44,43,2,302,2,MCTS_CheckersHeuristic,2,1,1,OSLA
1315021988,Checkers,0,GAME_OVER,58,57,2,303,2,MCTS_CheckersHeuristic,2,1,1,OSLA
1344377780,Checkers,0,GAME_OVER,57,56,2,304,2,MCTS_CheckersHeuristic,2,1,1,OSLA
357951072,Checkers,0,GAME_OVER,44,43,2,305,2,MCTS_CheckersHeuristic,2,1,1,OSLA
-2058918633,Checkers,0,GAME_OVER,41,40,2,306,2,MCTS_CheckersHeuristic,2,1,1,OSLA
-583788691,Checkers,0,GAME_OVER,45,44,2,307,2,MCTS_CheckersHeuristic,2,1,1,OSLA
1763539389,Checkers,0,GAME_OVER,44,43,2,308,2,MCTS_CheckersHeuristic,2,1,1,OSLA
-1082296257,Checkers,0,GAME_OVER,44,43,2,309,2,MCTS_CheckersHeuristic,2,1,1,OSLA
709158110,Checkers,0,GAME_OVER,37,36,2,310,2,MCTS_CheckersHeuristic,2,1,1,OSLA
396158491,Checkers,0,GAME_OVER,43,42,2,311,2,MCTS_CheckersHeuristic,2,1,1,OSLA
-1345397067,Checkers,0,GAME_OVER,68,67,2,312,2,MCTS_CheckersHeuristic,2,1,1,OSLA
1669350546,Checkers,0,GAME_OVER,47,46,2,313,2,MCTS_CheckersHeuristic,2,1,1,OSLA
-466521336,Checkers,0,GAME_OVER,45,44,2,314,2,MCTS_CheckersHeuristic,2,1,1,OSLA
1925152929,Checkers,0,GAME_OVER,109,108,2,315,2,MCTS_CheckersHeuristic,2,1,1,OSLA
-530550102,Checkers,0,GAME_OVER,44,43,2,316,2,MCTS_CheckersHeuristic,2,1,1,OSLA
-919063509,Checkers,0,GAME_OVER,49,48,2,317,2,MCTS_CheckersHeuristic,2,1,1,OSLA
-800887435,Checkers,0,GAME_OVER,47,46,2,318,2,MCTS_CheckersHeuristic,2,1,1,OSLA
-1121831777,Checkers,0,GAME_OVER,47,46,2,319,2,MCTS_CheckersHeuristic,2,1,1,OSLA
-1819735674,Checkers,0,GAME_OVER,45,44,2,320,2,MCTS_CheckersHeuristic,2,1,1,OSLA
2085410311,Checkers,0,GAME_OVER,46,45,2,321,2,MCTS_CheckersHeuristic,2,1,1,OSLA
-1001763376,Checkers,0,GAME_OVER,41,40,2,322,2,MCTS_CheckersHeuristic,2,1,1,OSLA
1350169571,Checkers,0,GAME_OVER,47,46,2,323,2,MCTS_CheckersHeuristic,2,1,1,OSLA
5880123,Checkers,0,GAME_OVER,48,47,2,324,2,MCTS_CheckersHeuristic,2,1,1,OSLA
1879634794,Checkers,0,GAME_OVER,53,52,2,325,2,MCTS_CheckersHeuristic,2,1,1,OSLA
-1125706525,Checkers,0,GAME_OVER,41,40,2,326,2,MCTS_CheckersHeuristic,2,1,1,OSLA
2039316273,Checkers,0,GAME_OVER,50,49,2,327,2,MCTS_CheckersHeuristic,2,1,1,OSLA
-1257035972,Checkers,0,GAME_OVER,68,67,2,328,2,MCTS_CheckersHeuristic,2,1,1,OSLA
1421001288,Checkers,0,GAME_OVER,57,56,2,329,2,MCTS_CheckersHeuristic,2,1,1,OSLA
-1651534043,Checkers,0,GAME_OVER,46,45,2,330,2,MCTS_CheckersHeuristic,2,1,1,OSLA
551156039,Checkers,0,GAME_OVER,41,40,2,331,2,MCTS_CheckersHeuristic,2,1,1,OSLA
1090369838,Checkers,0,GAME_OVER,42,41,2,332,2,MCTS_CheckersHeuristic,2,1,1,OSLA
575298023,Checkers,0,GAME_OVER,36,35,2,333,2,MCTS_CheckersHeuristic,2,1,1,OSLA
530677400,Checkers,0,GAME_OVER,41,40,2,334,2,MCTS_CheckersHeuristic,2,1,1,OSLA
817833498,Checkers,0,GAME_OVER,41,40,2,335,2,MCTS_CheckersHeuristic,2,1,1,OSLA
-1060660001,Checkers,0,GAME_OVER,36,35,2,336,2,MCTS_CheckersHeuristic,2,1,1,OSLA
1151880641,Checkers,0,GAME_OVER,40,39,2,337,2,MCTS_CheckersHeuristic,2,1,1,OSLA
-1664936495,Checkers,0,GAME_OVER,111,110,2,338,2,MCTS_CheckersHeuristic,2,1,1,OSLA
1167710822,Checkers,0,GAME_OVER,40,39,2,339,2,MCTS_CheckersHeuristic,2,1,1,OSLA
-542712970,Checkers,0,GAME_OVER,45,44,2,340,2,MCTS_CheckersHeuristic,2,1,1,OSLA
-2144300370,Checkers,0,GAME_OVER,52,51,2,341,2,MCTS_CheckersHeuristic,2,1,1,OSLA
-1642254248,Checkers,0,GAME_OVER,40,39,2,342,2,MCTS_CheckersHeuristic,2,1,1,OSLA
-1248370843,Checkers,0,GAME_OVER,54,53,2,343,2,MCTS_CheckersHeuristic,2,1,1,OSLA
145550316,Checkers,0,GAME_OVER,43,42,2,344,2,MCTS_CheckersHeuristic,2,1,1,OSLA
-1561587134,Checkers,0,GAME_OVER,64,63,2,345,2,MCTS_CheckersHeuristic,2,1,1,OSLA
-690305999,Checkers,0,GAME_OVER,50,49,2,346,2,MCTS_CheckersHeuristic,2,1,1,OSLA
-915091747,Checkers,0,GAME_OVER,41,40,2,347,2,MCTS_CheckersHeuristic,2,1,1,OSLA
-929269573,Checkers,0,GAME_OVER,55,54,2,348,2,MCTS_CheckersHeuristic,2,1,1,OSLA
-1776447373,Checkers,0,GAME_OVER,36,35,2,349,2,MCTS_CheckersHeuristic,2,1,1,OSLA
1376782522,Checkers,0,GAME_OVER,48,47,2,350,2,MCTS_CheckersHeuristic,2,1,1,OSLA
822717280,Checkers,0,GAME_OVER,46,45,2,351,2,MCTS_CheckersHeuristic,2,1,1,OSLA
1214860500,Checkers,0,GAME_OVER,67,66,2,352,2,MCTS_CheckersHeuristic,2,1,1,OSLA
2123155327,Checkers,0,GAME_OVER,47,46,2,353,2,MCTS_CheckersHeuristic,2,1,1,OSLA
468987575,Checkers,0,GAME_OVER,57,56,2,354,2,MCTS_CheckersHeuristic,2,1,1,OSLA
-156419889,Checkers,0,GAME_OVER,39,38,2,355,2,MCTS_CheckersHeuristic,2,1,1,OSLA
244685781,Checkers,0,GAME_OVER,44,43,2,356,2,MCTS_CheckersHeuristic,2,1,1,OSLA
-2012422644,Checkers,0,GAME_OVER,42,41,2,357,2,MCTS_CheckersHeuristic,2,1,1,OSLA
-646576725,Checkers,0,GAME_OVER,45,44,2,358,2,MCTS_CheckersHeuristic,2,1,1,OSLA
-679847649,Checkers,0,GAME_OVER,43,42,2,359,2,MCTS_CheckersHeuristic,2,1,1,OSLA
153033083,Checkers,0,GAME_OVER,43,42,2,360,2,MCTS_CheckersHeuristic,2,1,1,OSLA
1500617616,Checkers,0,GAME_OVER,55,54,2,361,2,MCTS_CheckersHeuristic,2,1,1,OSLA
2028282473,Checkers,0,GAME_OVER,47,46,2,362,2,MCTS_CheckersHeuristic,2,1,1,OSLA
1550709087,Checkers,0,GAME_OVER,47,46,2,363,2,MCTS_CheckersHeuristic,2,1,1,OSLA
635540564,Checkers,0,GAME_OVER,42,41,2,364,2,MCTS_CheckersHeuristic,2,1,1,OSLA
1132003058,Checkers,0,GAME_OVER,53,52,2,365,2,MCTS_CheckersHeuristic,2,1,1,OSLA
535714537,Checkers,0,GAME_OVER,42,41,2,366,2,MCTS_CheckersHeuristic,2,1,1,OSLA
93854457,Checkers,0,GAME_OVER,42,41,2,367,2,MCTS_CheckersHeuristic,2,1,1,OSLA
1266419641,Checkers,0,GAME_OVER,55,54,2,368,2,MCTS_CheckersHeuristic,2,1,1,OSLA
761600881,Checkers,0,GAME_OVER,42,41,2,369,2,MCTS_CheckersHeuristic,2,1,1,OSLA
2143529823,Checkers,0,GAME_OVER,40,39,2,370,2,MCTS_CheckersHeuristic,2,1,1,OSLA
2102961463,Checkers,0,GAME_OVER,41,40,2,371,2,MCTS_CheckersHeuristic,2,1,1,OSLA
1679841531,Checkers,0,GAME_OVER,44,43,2,372,2,MCTS_CheckersHeuristic,2,1,1,OSLA
1465671621,Checkers,0,GAME_OVER,40,39,2,373,2,MCTS_CheckersHeuristic,2,1,1,OSLA
-449521527,Checkers,0,GAME_OVER,44,43,2,374,2,MCTS_CheckersHeuristic,2,1,1,OSLA
304327433,Checkers,0,GAME_OVER,47,46,2,375,2,MCTS_CheckersHeuristic,2,1,1,OSLA
-578472996,Checkers,0,GAME_OVER,41,40,2,376,2,MCTS_CheckersHeuristic,2,1,1,OSLA
-211506301,Checkers,0,GAME_OVER,48,47,2,377,2,MCTS_CheckersHeuristic,2,1,1,OSLA
1627349832,Checkers,0,GAME_OVER,48,47,2,378,2,MCTS_CheckersHeuristic,2,1,1,OSLA
-1714208507,Checkers,0,GAME_OVER,41,40,2,379,2,MCTS_CheckersHeuristic,2,1,1,OSLA
-1196115391,Checkers,0,GAME_OVER,38,37,2,380,2,MCTS_CheckersHeuristic,2,1,1,OSLA
-1540368699,Checkers,0,GAME_OVER,41,40,2,381,2,MCTS_CheckersHeuristic,2,1,1,OSLA
-906911374,Checkers,0,GAME_OVER,43,42,2,382,2,MCTS_CheckersHeuristic,2,1,1,OSLA
-1638432850,Checkers,0,GAME_OVER,46,45,2,383,2,MCTS_CheckersHeuristic,2,1,1,OSLA
686422820,Checkers,0,GAME_OVER,41,40,2,384,2,MCTS_CheckersHeuristic,2,1,1,OSLA
1530302473,Checkers,0,GAME_OVER,44,43,2,385,2,MCTS_CheckersHeuristic,2,1,1,OSLA
-1209659418,Checkers,0,GAME_OVER,42,41,2,386,2,MCTS_CheckersHeuristic,2,1,1,OSLA
149319160,Checkers,0,GAME_OVER,50,49,2,387,2,MCTS_CheckersHeuristic,2,1,1,OSLA
760898767,Checkers,0,GAME_OVER,39,38,2,388,2,MCTS_CheckersHeuristic,2,1,1,OSLA
805876825,Checkers,0,GAME_OVER,47,46,2,389,2,MCTS_CheckersHeuristic,2,1,1,OSLA
-648465952,Checkers,0,GAME_OVER,39,38,2,390,2,MCTS_CheckersHeuristic,2,1,1,OSLA
-220098549,Checkers,0,GAME_OVER,49,48,2,391,2,MCTS_CheckersHeuristic,2,1,1,OSLA
1441244742,Checkers,0,GAME_OVER,78,77,2,392,2,MCTS_CheckersHeuristic,2,1,1,OSLA
1602782636,Checkers,0,GAME_OVER,52,51,2,393,2,MCTS_CheckersHeuristic,2,1,1,OSLA
-1364356723,Checkers,0,GAME_OVER,36,35,2,394,2,MCTS_CheckersHeuristic,2,1,1,OSLA
1522474567,Checkers,0,GAME_OVER,45,44,2,395,2,MCTS_CheckersHeuristic,2,1,1,OSLA
-2121681916,Checkers,0,GAME_OVER,44,43,2,396,2,MCTS_CheckersHeuristic,2,1,1,OSLA
221799308,Checkers,0,GAME_OVER,201,200,2,397,1,MCTS_CheckersHeuristic,1,1,1,OSLA
458667489,Checkers,0,GAME_OVER,47,46,2,398,2,MCTS_CheckersHeuristic,2,1,1,OSLA
60893320,Checkers,0,GAME_OVER,41,40,2,399,2,MCTS_CheckersHeuristic,2,1,1,OSLA
1443357674,Checkers,0,GAME_OVER,32,31,2,400,2,MCTS_CheckersHeuristic,2,1,1,OSLA
-384243208,Checkers,0,GAME_OVER,41,40,2,401,2,MCTS_CheckersHeuristic,2,1,1,OSLA
-2143063354,Checkers,0,GAME_OVER,41,40,2,402,2,MCTS_CheckersHeuristic,2,1,1,RandomPlayerConfig
200594778,Checkers,0,GAME_OVER,32,31,2,403,2,MCTS_CheckersHeuristic,2,1,1,RandomPlayerConfig
-514941224,Checkers,0,GAME_OVER,48,47,2,404,2,MCTS_CheckersHeuristic,2,1,1,RandomPlayerConfig
179287199,Checkers,0,GAME_OVER,31,30,2,405,2,MCTS_CheckersHeuristic,2,1,1,RandomPlayerConfig
2146590640,Checkers,0,GAME_OVER,33,32,2,406,2,MCTS_CheckersHeuristic,2,1,1,RandomPlayerConfig
1378180065,Checkers,0,GAME_OVER,28,27,2,407,2,MCTS_CheckersHeuristic,2,1,1,RandomPlayerConfig
-2036371014,Checkers,0,GAME_OVER,33,32,2,408,2,MCTS_CheckersHeuristic,2,1,1,RandomPlayerConfig
1437296834,Checkers,0,GAME_OVER,26,25,2,409,2,MCTS_CheckersHeuristic,2,1,1,RandomPlayerConfig
1700070603,Checkers,0,GAME_OVER,38,37,2,410,2,MCTS_CheckersHeuristic,2,1,1,RandomPlayerConfig
-1561081910,Checkers,0,GAME_OVER,33,32,2,411,2,MCTS_CheckersHeuristic,2,1,1,RandomPlayerConfig
-969854519,Checkers,0,GAME_OVER,33,32,2,412,2,MCTS_CheckersHeuristic,2,1,1,RandomPlayerConfig
1843078800,Checkers,0,GAME_OVER,30,29,2,413,2,MCTS_CheckersHeuristic,2,1,1,RandomPlayerConfig
1066787509,Checkers,0,GAME_OVER,39,38,2,414,2,MCTS_CheckersHeuristic,2,1,1,RandomPlayerConfig
1189586314,Checkers,0,GAME_OVER,33,32,2,415,2,MCTS_CheckersHeuristic,2,1,1,RandomPlayerConfig
-611826476,Checkers,0,GAME_OVER,28,27,2,416,2,MCTS_CheckersHeuristic,2,1,1,RandomPlayerConfig
-1544709741,Checkers,0,GAME_OVER,35,34,2,417,2,MCTS_CheckersHeuristic,2,1,1,RandomPlayerConfig
794318347,Checkers,0,GAME_OVER,28,27,2,418,2,MCTS_CheckersHeuristic,2,1,1,RandomPlayerConfig
-1286713953,Checkers,0,GAME_OVER,38,37,2,419,2,MCTS_CheckersHeuristic,2,1,1,RandomPlayerConfig
1187731884,Checkers,0,GAME_OVER,34,33,2,420,2,MCTS_CheckersHeuristic,2,1,1,RandomPlayerConfig
-1346212036,Checkers,0,GAME_OVER,32,31,2,421,2,MCTS_CheckersHeuristic,2,1,1,RandomPlayerConfig
2095173186,Checkers,0,GAME_OVER,34,33,2,422,2,MCTS_CheckersHeuristic,2,1,1,RandomPlayerConfig
1685697746,Checkers,0,GAME_OVER,40,39,2,423,2,MCTS_CheckersHeuristic,2,1,1,RandomPlayerConfig
525282589,Checkers,0,GAME_OVER,33,32,2,424,2,MCTS_CheckersHeuristic,2,1,1,RandomPlayerConfig
-1848612161,Checkers,0,GAME_OVER,29,28,2,425,2,MCTS_CheckersHeuristic,2,1,1,RandomPlayerConfig
1419713974,Checkers,0,GAME_OVER,33,32,2,426,2,MCTS_CheckersHeuristic,2,1,1,RandomPlayerConfig
317029565,Checkers,0,GAME_OVER,34,33,2,427,2,MCTS_CheckersHeuristic,2,1,1,RandomPlayerConfig
-1293604324,Checkers,0,GAME_OVER,27,26,2,428,2,MCTS_CheckersHeuristic,2,1,1,RandomPlayerConfig
-746695878,Checkers,0,GAME_OVER,32,31,2,429,2,MCTS_CheckersHeuristic,2,1,1,RandomPlayerConfig
-735693053,Checkers,0,GAME_OVER,27,26,2,430,2,MCTS_CheckersHeuristic,2,1,1,RandomPlayerConfig
780011660,Checkers,0,GAME_OVER,34,33,2,431,2,MCTS_CheckersHeuristic,2,1,1,RandomPlayerConfig
-59287236,Checkers,0,GAME_OVER,38,37,2,432,2,MCTS_CheckersHeuristic,2,1,1,RandomPlayerConfig
2006589468,Checkers,0,GAME_OVER,31,30,2,433,2,MCTS_CheckersHeuristic,2,1,1,RandomPlayerConfig
587590548,Checkers,0,GAME_OVER,35,34,2,434,2,MCTS_CheckersHeuristic,2,1,1,RandomPlayerConfig
482187783,Checkers,0,GAME_OVER,30,29,2,435,2,MCTS_CheckersHeuristic,2,1,1,RandomPlayerConfig
1982813031,Checkers,0,GAME_OVER,34,33,2,436,2,MCTS_CheckersHeuristic,2,1,1,RandomPlayerConfig
1223428036,Checkers,0,GAME_OVER,35,34,2,437,2,MCTS_CheckersHeuristic,2,1,1,RandomPlayerConfig
-1111851144,Checkers,0,GAME_OVER,33,32,2,438,2,MCTS_CheckersHeuristic,2,1,1,RandomPlayerConfig
-15746353,Checkers,0,GAME_OVER,30,29,2,439,2,MCTS_CheckersHeuristic,2,1,1,RandomPlayerConfig
-452121655,Checkers,0,GAME_OVER,33,32,2,440,2,MCTS_CheckersHeuristic,2,1,1,RandomPlayerConfig
1687770216,Checkers,0,GAME_OVER,30,29,2,441,2,MCTS_CheckersHeuristic,2,1,1,RandomPlayerConfig
657925756,Checkers,0,GAME_OVER,33,32,2,442,2,MCTS_CheckersHeuristic,2,1,1,RandomPlayerConfig
1999336935,Checkers,0,GAME_OVER,33,32,2,443,2,MCTS_CheckersHeuristic,2,1,1,RandomPlayerConfig
-2136046321,Checkers,0,GAME_OVER,40,39,2,444,2,MCTS_CheckersHeuristic,2,1,1,RandomPlayerConfig
-1427823816,Checkers,0,GAME_OVER,29,28,2,445,2,MCTS_CheckersHeuristic,2,1,1,RandomPlayerConfig
-2082357643,Checkers,0,GAME_OVER,31,30,2,446,2,MCTS_CheckersHeuristic,2,1,1,RandomPlayerConfig
1796810102,Checkers,0,GAME_OVER,28,27,2,447,2,MCTS_CheckersHeuristic,2,1,1,RandomPlayerConfig
1230325200,Checkers,0,GAME_OVER,26,25,2,448,2,MCTS_CheckersHeuristic,2,1,1,RandomPlayerConfig
1494970818,Checkers,0,GAME_OVER,33,32,2,449,2,MCTS_CheckersHeuristic,2,1,1,RandomPlayerConfig
1625250525,Checkers,0,GAME_OVER,30,29,2,450,2,MCTS_CheckersHeuristic,2,1,1,RandomPlayerConfig
-1432299318,Checkers,0,GAME_OVER,44,43,2,451,2,MCTS_CheckersHeuristic,2,1,1,RandomPlayerConfig
725655627,Checkers,0,GAME_OVER,28,27,2,452,2,MCTS_CheckersHeuristic,2,1,1,RandomPlayerConfig
1163206040,Checkers,0,GAME_OVER,32,31,2,453,2,MCTS_CheckersHeuristic,2,1,1,RandomPlayerConfig
560297376,Checkers,0,GAME_OVER,28,27,2,454,2,MCTS_CheckersHeuristic,2,1,1,RandomPlayerConfig
1210750624,Checkers,0,GAME_OVER,31,30,2,455,2,MCTS_CheckersHeuristic,2,1,1,RandomPlayerConfig
1617060179,Checkers,0,GAME_OVER,32,31,2,456,2,MCTS_CheckersHeuristic,2,1,1,RandomPlayerConfig
-1098270161,Checkers,0,GAME_OVER,26,25,2,457,2,MCTS_CheckersHeuristic,2,1,1,RandomPlayerConfig
1387059512,Checkers,0,GAME_OVER,42,41,2,458,2,MCTS_CheckersHeuristic,2,1,1,RandomPlayerConfig
-1209401438,Checkers,0,GAME_OVER,29,28,2,459,2,MCTS_CheckersHeuristic,2,1,1,RandomPlayerConfig
866499206,Checkers,0,GAME_OVER,32,31,2,460,2,MCTS_CheckersHeuristic,2,1,1,RandomPlayerConfig
-884055799,Checkers,0,GAME_OVER,32,31,2,461,2,MCTS_CheckersHeuristic,2,1,1,RandomPlayerConfig
-345991177,Checkers,0,GAME_OVER,37,36,2,462,2,MCTS_CheckersHeuristic,2,1,1,RandomPlayerConfig
1573066032,Checkers,0,GAME_OVER,46,45,2,463,2,MCTS_CheckersHeuristic,2,1,1,RandomPlayerConfig
714865605,Checkers,0,GAME_OVER,33,32,2,464,2,MCTS_CheckersHeuristic,2,1,1,RandomPlayerConfig
-1511071722,Checkers,0,GAME_OVER,34,33,2,465,2,MCTS_CheckersHeuristic,2,1,1,RandomPlayerConfig
1043637411,Checkers,0,GAME_OVER,41,40,2,466,2,MCTS_CheckersHeuristic,2,1,1,RandomPlayerConfig
619587682,Checkers,0,GAME_OVER,47,46,2,467,2,MCTS_CheckersHeuristic,2,1,1,RandomPlayerConfig
-1363742753,Checkers,0,GAME_OVER,28,27,2,468,2,MCTS_CheckersHeuristic,2,1,1,RandomPlayerConfig
-947852713,Checkers,0,GAME_OVER,38,37,2,469,2,MCTS_CheckersHeuristic,2,1,1,RandomPlayerConfig
-34283449,Checkers,0,GAME_OVER,28,27,2,470,2,MCTS_CheckersHeuristic,2,1,1,RandomPlayerConfig
1480406349,Checkers,0,GAME_OVER,30,29,2,471,2,MCTS_CheckersHeuristic,2,1,1,RandomPlayerConfig
-1921003377,Checkers,0,GAME_OVER,33,32,2,472,2,MCTS_CheckersHeuristic,2,1,1,RandomPlayerConfig
1533488837,Checkers,0,GAME_OVER,38,37,2,473,2,MCTS_CheckersHeuristic,2,1,1,RandomPlayerConfig
85373256,Checkers,0,GAME_OVER,36,35,2,474,2,MCTS_CheckersHeuristic,2,1,1,RandomPlayerConfig
121974405,Checkers,0,GAME_OVER,39,38,2,475,2,MCTS_CheckersHeuristic,2,1,1,RandomPlayerConfig
984941992,Checkers,0,GAME_OVER,37,36,2,476,2,MCTS_CheckersHeuristic,2,1,1,RandomPlayerConfig
2075425136,Checkers,0,GAME_OVER,33,32,2,477,2,MCTS_CheckersHeuristic,2,1,1,RandomPlayerConfig
-521898058,Checkers,0,GAME_OVER,33,32,2,478,2,MCTS_CheckersHeuristic,2,1,1,RandomPlayerConfig
1741815011,Checkers,0,GAME_OVER,34,33,2,479,2,MCTS_CheckersHeuristic,2,1,1,RandomPlayerConfig
1193812878,Checkers,0,GAME_OVER,32,31,2,480,2,MCTS_CheckersHeuristic,2,1,1,RandomPlayerConfig
1799176938,Checkers,0,GAME_OVER,30,29,2,481,2,MCTS_CheckersHeuristic,2,1,1,RandomPlayerConfig
972780260,Checkers,0,GAME_OVER,28,27,2,482,2,MCTS_CheckersHeuristic,2,1,1,RandomPlayerConfig
1815361416,Checkers,0,GAME_OVER,34,33,2,483,2,MCTS_CheckersHeuristic,2,1,1,RandomPlayerConfig
1322835176,Checkers,0,GAME_OVER,34,33,2,484,2,MCTS_CheckersHeuristic,2,1,1,RandomPlayerConfig
371741157,Checkers,0,GAME_OVER,30,29,2,485,2,MCTS_CheckersHeuristic,2,1,1,RandomPlayerConfig
-1102451655,Checkers,0,GAME_OVER,33,32,2,486,2,MCTS_CheckersHeuristic,2,1,1,RandomPlayerConfig
308533281,Checkers,0,GAME_OVER,34,33,2,487,2,MCTS_CheckersHeuristic,2,1,1,RandomPlayerConfig
-10429549,Checkers,0,GAME_OVER,44,43,2,488,2,MCTS_CheckersHeuristic,2,1,1,RandomPlayerConfig
1270174490,Checkers,0,GAME_OVER,35,34,2,489,2,MCTS_CheckersHeuristic,2,1,1,RandomPlayerConfig
-448480440,Checkers,0,GAME_OVER,35,34,2,490,2,MCTS_CheckersHeuristic,2,1,1,RandomPlayerConfig
501444460,Checkers,0,GAME_OVER,29,28,2,491,2,MCTS_CheckersHeuristic,2,1,1,RandomPlayerConfig
1083159769,Checkers,0,GAME_OVER,29,28,2,492,2,MCTS_CheckersHeuristic,2,1,1,RandomPlayerConfig
1576700780,Checkers,0,GAME_OVER,28,27,2,493,2,MCTS_CheckersHeuristic,2,1,1,RandomPlayerConfig
-756517090,Checkers,0,GAME_OVER,39,38,2,494,2,MCTS_CheckersHeuristic,2,1,1,RandomPlayerConfig
587439610,Checkers,0,GAME_OVER,34,33,2,495,2,MCTS_CheckersHeuristic,2,1,1,RandomPlayerConfig
-346723102,Checkers,0,GAME_OVER,33,32,2,496,2,MCTS_CheckersHeuristic,2,1,1,RandomPlayerConfig
2093549645,Checkers,0,GAME_OVER,37,36,2,497,2,MCTS_CheckersHeuristic,2,1,1,RandomPlayerConfig
1653336284,Checkers,0,GAME_OVER,36,35,2,498,2,MCTS_CheckersHeuristic,2,1,1,RandomPlayerConfig
769578293,Checkers,0,GAME_OVER,36,35,2,499,2,MCTS_CheckersHeuristic,2,1,1,RandomPlayerConfig
2047688042,Checkers,0,GAME_OVER,35,34,2,500,2,MCTS_CheckersHeuristic,2,1,1,RandomPlayerConfig
972616288,Checkers,0,GAME_OVER,27,26,2,501,2,MCTS_CheckersHeuristic,2,1,1,RandomPlayerConfig
1959695236,Checkers,0,GAME_OVER,35,34,2,502,2,MCTS_CheckersHeuristic,2,1,1,RandomPlayerConfig
1315021988,Checkers,0,GAME_OVER,36,35,2,503,2,MCTS_CheckersHeuristic,2,1,1,RandomPlayerConfig
1344377780,Checkers,0,GAME_OVER,32,31,2,504,2,MCTS_CheckersHeuristic,2,1,1,RandomPlayerConfig
357951072,Checkers,0,GAME_OVER,33,32,2,505,2,MCTS_CheckersHeuristic,2,1,1,RandomPlayerConfig
-2058918633,Checkers,0,GAME_OVER,39,38,2,506,2,MCTS_CheckersHeuristic,2,1,1,RandomPlayerConfig
-583788691,Checkers,0,GAME_OVER,33,32,2,507,2,MCTS_CheckersHeuristic,2,1,1,RandomPlayerConfig
1763539389,Checkers,0,GAME_OVER,26,25,2,508,2,MCTS_CheckersHeuristic,2,1,1,RandomPlayerConfig
-1082296257,Checkers,0,GAME_OVER,39,38,2,509,2,MCTS_CheckersHeuristic,2,1,1,RandomPlayerConfig
709158110,Checkers,0,GAME_OVER,35,34,2,510,2,MCTS_CheckersHeuristic,2,1,1,RandomPlayerConfig
396158491,Checkers,0,GAME_OVER,39,38,2,511,2,MCTS_CheckersHeuristic,2,1,1,RandomPlayerConfig
-1345397067,Checkers,0,GAME_OVER,41,40,2,512,2,MCTS_CheckersHeuristic,2,1,1,RandomPlayerConfig
1669350546,Checkers,0,GAME_OVER,36,35,2,513,2,MCTS_CheckersHeuristic,2,1,1,RandomPlayerConfig
-466521336,Checkers,0,GAME_OVER,37,36,2,514,2,MCTS_CheckersHeuristic,2,1,1,RandomPlayerConfig
1925152929,Checkers,0,GAME_OVER,29,28,2,515,2,MCTS_CheckersHeuristic,2,1,1,RandomPlayerConfig
-530550102,Checkers,0,GAME_OVER,38,37,2,516,2,MCTS_CheckersHeuristic,2,1,1,RandomPlayerConfig
-919063509,Checkers,0,GAME_OVER,36,35,2,517,2,MCTS_CheckersHeuristic,2,1,1,RandomPlayerConfig
-800887435,Checkers,0,GAME_OVER,32,31,2,518,2,MCTS_CheckersHeuristic,2,1,1,RandomPlayerConfig
-1121831777,Checkers,0,GAME_OVER,35,34,2,519,2,MCTS_CheckersHeuristic,2,1,1,RandomPlayerConfig
-1819735674,Checkers,0,GAME_OVER,36,35,2,520,2,MCTS_CheckersHeuristic,2,1,1,RandomPlayerConfig
2085410311,Checkers,0,GAME_OVER,28,27,2,521,2,MCTS_CheckersHeuristic,2,1,1,RandomPlayerConfig
-1001763376,Checkers,0,GAME_OVER,35,34,2,522,2,MCTS_CheckersHeuristic,2,1,1,RandomPlayerConfig
1350169571,Checkers,0,GAME_OVER,38,37,2,523,2,MCTS_CheckersHeuristic,2,1,1,RandomPlayerConfig
5880123,Checkers,0,GAME_OVER,21,20,2,524,2,MCTS_CheckersHeuristic,2,1,1,RandomPlayerConfig
1879634794,Checkers,0,GAME_OVER,23,22,2,525,2,MCTS_CheckersHeuristic,2,1,1,RandomPlayerConfig
-1125706525,Checkers,0,GAME_OVER,43,42,2,526,2,MCTS_CheckersHeuristic,2,1,1,RandomPlayerConfig
2039316273,Checkers,0,GAME_OVER,37,36,2,527,2,MCTS_CheckersHeuristic,2,1,1,RandomPlayerConfig
-1257035972,Checkers,0,GAME_OVER,39,38,2,528,2,MCTS_CheckersHeuristic,2,1,1,RandomPlayerConfig
1421001288,Checkers,0,GAME_OVER,41,40,2,529,2,MCTS_CheckersHeuristic,2,1,1,RandomPlayerConfig
-1651534043,Checkers,0,GAME_OVER,36,35,2,530,2,MCTS_CheckersHeuristic,2,1,1,RandomPlayerConfig
551156039,Checkers,0,GAME_OVER,27,26,2,531,2,MCTS_CheckersHeuristic,2,1,1,RandomPlayerConfig
1090369838,Checkers,0,GAME_OVER,33,32,2,532,2,MCTS_CheckersHeuristic,2,1,1,RandomPlayerConfig
575298023,Checkers,0,GAME_OVER,28,27,2,533,2,MCTS_CheckersHeuristic,2,1,1,RandomPlayerConfig
530677400,Checkers,0,GAME_OVER,36,35,2,534,2,MCTS_CheckersHeuristic,2,1,1,RandomPlayerConfig
817833498,Checkers,0,GAME_OVER,31,30,2,535,2,MCTS_CheckersHeuristic,2,1,1,RandomPlayerConfig
-1060660001,Checkers,0,GAME_OVER,31,30,2,536,2,MCTS_CheckersHeuristic,2,1,1,RandomPlayerConfig
1151880641,Checkers,0,GAME_OVER,32,31,2,537,2,MCTS_CheckersHeuristic,2,1,1,RandomPlayerConfig
-1664936495,Checkers,0,GAME_OVER,28,27,2,538,2,MCTS_CheckersHeuristic,2,1,1,RandomPlayerConfig
1167710822,Checkers,0,GAME_OVER,27,26,2,539,2,MCTS_CheckersHeuristic,2,1,1,RandomPlayerConfig
-542712970,Checkers,0,GAME_OVER,35,34,2,540,2,MCTS_CheckersHeuristic,2,1,1,RandomPlayerConfig
-2144300370,Checkers,0,GAME_OVER,24,23,2,541,2,MCTS_CheckersHeuristic,2,1,1,RandomPlayerConfig
-1642254248,Checkers,0,GAME_OVER,31,30,2,542,2,MCTS_CheckersHeuristic,2,1,1,RandomPlayerConfig
-1248370843,Checkers,0,GAME_OVER,29,28,2,543,2,MCTS_CheckersHeuristic,2,1,1,RandomPlayerConfig
145550316,Checkers,0,GAME_OVER,52,51,2,544,2,MCTS_CheckersHeuristic,2,1,1,RandomPlayerConfig
-1561587134,Checkers,0,GAME_OVER,41,40,2,545,2,MCTS_CheckersHeuristic,2,1,1,RandomPlayerConfig
-690305999,Checkers,0,GAME_OVER,32,31,2,546,2,MCTS_CheckersHeuristic,2,1,1,RandomPlayerConfig
-915091747,Checkers,0,GAME_OVER,32,31,2,547,2,MCTS_CheckersHeuristic,2,1,1,RandomPlayerConfig
-929269573,Checkers,0,GAME_OVER,35,34,2,548,2,MCTS_CheckersHeuristic,2,1,1,RandomPlayerConfig
-1776447373,Checkers,0,GAME_OVER,27,26,2,549,2,MCTS_CheckersHeuristic,2,1,1,RandomPlayerConfig
1376782522,Checkers,0,GAME_OVER,28,27,2,550,2,MCTS_CheckersHeuristic,2,1,1,RandomPlayerConfig
822717280,Checkers,0,GAME_OVER,32,31,2,551,2,MCTS_CheckersHeuristic,2,1,1,RandomPlayerConfig
1214860500,Checkers,0,GAME_OVER,37,36,2,552,2,MCTS_CheckersHeuristic,2,1,1,RandomPlayerConfig
2123155327,Checkers,0,GAME_OVER,37,36,2,553,2,MCTS_CheckersHeuristic,2,1,1,RandomPlayerConfig
468987575,Checkers,0,GAME_OVER,29,28,2,554,2,MCTS_CheckersHeuristic,2,1,1,RandomPlayerConfig
-156419889,Checkers,0,GAME_OVER,33,32,2,555,2,MCTS_CheckersHeuristic,2,1,1,RandomPlayerConfig
244685781,Checkers,0,GAME_OVER,43,42,2,556,2,MCTS_CheckersHeuristic,2,1,1,RandomPlayerConfig
-2012422644,Checkers,0,GAME_OVER,31,30,2,557,2,MCTS_CheckersHeuristic,2,1,1,RandomPlayerConfig
-646576725,Checkers,0,GAME_OVER,31,30,2,558,2,MCTS_CheckersHeuristic,2,1,1,RandomPlayerConfig
-679847649,Checkers,0,GAME_OVER,37,36,2,559,2,MCTS_CheckersHeuristic,2,1,1,RandomPlayerConfig
153033083,Checkers,0,GAME_OVER,33,32,2,560,2,MCTS_CheckersHeuristic,2,1,1,RandomPlayerConfig
1500617616,Checkers,0,GAME_OVER,45,44,2,561,2,MCTS_CheckersHeuristic,2,1,1,RandomPlayerConfig
2028282473,Checkers,0,GAME_OVER,29,28,2,562,2,MCTS_CheckersHeuristic,2,1,1,RandomPlayerConfig
1550709087,Checkers,0,GAME_OVER,39,38,2,563,2,MCTS_CheckersHeuristic,2,1,1,RandomPlayerConfig
635540564,Checkers,0,GAME_OVER,33,32,2,564,2,MCTS_CheckersHeuristic,2,1,1,RandomPlayerConfig
1132003058,Checkers,0,GAME_OVER,30,29,2,565,2,MCTS_CheckersHeuristic,2,1,1,RandomPlayerConfig
535714537,Checkers,0,GAME_OVER,32,31,2,566,2,MCTS_CheckersHeuristic,2,1,1,RandomPlayerConfig
93854457,Checkers,0,GAME_OVER,32,31,2,567,2,MCTS_CheckersHeuristic,2,1,1,RandomPlayerConfig
1266419641,Checkers,0,GAME_OVER,34,33,2,568,2,MCTS_CheckersHeuristic,2,1,1,RandomPlayerConfig
761600881,Checkers,0,GAME_OVER,36,35,2,569,2,MCTS_CheckersHeuristic,2,1,1,RandomPlayerConfig
2143529823,Checkers,0,GAME_OVER,42,41,2,570,2,MCTS_CheckersHeuristic,2,1,1,RandomPlayerConfig
2102961463,Checkers,0,GAME_OVER,37,36,2,571,2,MCTS_CheckersHeuristic,2,1,1,RandomPlayerConfig
1679841531,Checkers,0,GAME_OVER,36,35,2,572,2,MCTS_CheckersHeuristic,2,1,1,RandomPlayerConfig
1465671621,Checkers,0,GAME_OVER,42,41,2,573,2,MCTS_CheckersHeuristic,2,1,1,RandomPlayerConfig
-449521527,Checkers,0,GAME_OVER,25,24,2,574,2,MCTS_CheckersHeuristic,2,1,1,RandomPlayerConfig
304327433,Checkers,0,GAME_OVER,29,28,2,575,2,MCTS_CheckersHeuristic,2,1,1,RandomPlayerConfig
-578472996,Checkers,0,GAME_OVER,31,30,2,576,2,MCTS_CheckersHeuristic,2,1,1,RandomPlayerConfig
-211506301,Checkers,0,GAME_OVER,33,32,2,577,2,MCTS_CheckersHeuristic,2,1,1,RandomPlayerConfig
1627349832,Checkers,0,GAME_OVER,35,34,2,578,2,MCTS_CheckersHeuristic,2,1,1,RandomPlayerConfig
-1714208507,Checkers,0,GAME_OVER,28,27,2,579,2,MCTS_CheckersHeuristic,2,1,1,RandomPlayerConfig
-1196115391,Checkers,0,GAME_OVER,33,32,2,580,2,MCTS_CheckersHeuristic,2,1,1,RandomPlayerConfig
-1540368699,Checkers,0,GAME_OVER,35,34,2,581,2,MCTS_CheckersHeuristic,2,1,1,RandomPlayerConfig
-906911374,Checkers,0,GAME_OVER,35,34,2,582,2,MCTS_CheckersHeuristic,2,1,1,RandomPlayerConfig
-1638432850,Checkers,0,GAME_OVER,35,34,2,583,2,MCTS_CheckersHeuristic,2,1,1,RandomPlayerConfig
686422820,Checkers,0,GAME_OVER,31,30,2,584,2,MCTS_CheckersHeuristic,2,1,1,RandomPlayerConfig
1530302473,Checkers,0,GAME_OVER,29,28,2,585,2,MCTS_CheckersHeuristic,2,1,1,RandomPlayerConfig
-1209659418,Checkers,0,GAME_OVER,30,29,2,586,2,MCTS_CheckersHeuristic,2,1,1,RandomPlayerConfig
149319160,Checkers,0,GAME_OVER,36,35,2,587,2,MCTS_CheckersHeuristic,2,1,1,RandomPlayerConfig
760898767,Checkers,0,GAME_OVER,29,28,2,588,2,MCTS_CheckersHeuristic,2,1,1,RandomPlayerConfig
805876825,Checkers,0,GAME_OVER,33,32,2,589,2,MCTS_CheckersHeuristic,2,1,1,RandomPlayerConfig
-648465952,Checkers,0,GAME_OVER,29,28,2,590,2,MCTS_CheckersHeuristic,2,1,1,RandomPlayerConfig
-220098549,Checkers,0,GAME_OVER,32,31,2,591,2,MCTS_CheckersHeuristic,2,1,1,RandomPlayerConfig
1441244742,Checkers,0,GAME_OVER,40,39,2,592,2,MCTS_CheckersHeuristic,2,1,1,RandomPlayerConfig
1602782636,Checkers,0,GAME_OVER,32,31,2,593,2,MCTS_CheckersHeuristic,2,1,1,RandomPlayerConfig
-1364356723,Checkers,0,GAME_OVER,38,37,2,594,2,MCTS_CheckersHeuristic,2,1,1,RandomPlayerConfig
1522474567,Checkers,0,GAME_OVER,40,39,2,595,2,MCTS_CheckersHeuristic,2,1,1,RandomPlayerConfig
-2121681916,Checkers,0,GAME_OVER,32,31,2,596,2,MCTS_CheckersHeuristic,2,1,1,RandomPlayerConfig
221799308,Checkers,0,GAME_OVER,37,36,2,597,2,MCTS_CheckersHeuristic,2,1,1,RandomPlayerConfig
458667489,Checkers,0,GAME_OVER,27,26,2,598,2,MCTS_CheckersHeuristic,2,1,1,RandomPlayerConfig
60893320,Checkers,0,GAME_OVER,31,30,2,599,2,MCTS_CheckersHeuristic,2,1,1,RandomPlayerConfig
1443357674,Checkers,0,GAME_OVER,31,30,2,600,2,MCTS_CheckersHeuristic,2,1,1,RandomPlayerConfig
-384243208,Checkers,0,GAME_OVER,32,31,2,601,2,MCTS_CheckersHeuristic,2,1,1,RandomPlayerConfig
-2143063354,Checkers,0,GAME_OVER,41,40,2,602,2,OSLA,2,1,1,MCTS_CheckersHeuristic
200594778,Checkers,0,GAME_OVER,66,65,2,603,1,OSLA,1,2,2,MCTS_CheckersHeuristic
-514941224,Checkers,0,GAME_OVER,52,51,2,604,2,OSLA,2,1,1,MCTS_CheckersHeuristic
179287199,Checkers,0,GAME_OVER,37,36,2,605,2,OSLA,2,1,1,MCTS_CheckersHeuristic
2146590640,Checkers,0,GAME_OVER,114,113,2,606,1,OSLA,1,1,1,MCTS_CheckersHeuristic
1378180065,Checkers,0,GAME_OVER,49,48,2,607,2,OSLA,2,1,1,MCTS_CheckersHeuristic
-2036371014,Checkers,0,GAME_OVER,38,37,2,608,2,OSLA,2,1,1,MCTS_CheckersHeuristic
1437296834,Checkers,0,GAME_OVER,91,90,2,609,1,OSLA,1,2,2,MCTS_CheckersHeuristic
1700070603,Checkers,0,GAME_OVER,118,117,2,610,2,OSLA,2,1,1,MCTS_CheckersHeuristic
-1561081910,Checkers,0,GAME_OVER,51,50,2,611,1,OSLA,1,2,2,MCTS_CheckersHeuristic
-969854519,Checkers,0,GAME_OVER,94,93,2,612,1,OSLA,1,1,1,MCTS_CheckersHeuristic
1843078800,Checkers,0,GAME_OVER,166,165,2,613,1,OSLA,1,1,1,MCTS_CheckersHeuristic
1066787509,Checkers,0,GAME_OVER,115,114,2,614,1,OSLA,1,1,1,MCTS_CheckersHeuristic
1189586314,Checkers,0,GAME_OVER,80,79,2,615,1,OSLA,1,2,2,MCTS_CheckersHeuristic
-611826476,Checkers,0,GAME_OVER,39,38,2,616,2,OSLA,2,1,1,MCTS_CheckersHeuristic
-1544709741,Checkers,0,GAME_OVER,96,95,2,617,1,OSLA,1,2,2,MCTS_CheckersHeuristic
794318347,Checkers,0,GAME_OVER,37,36,2,618,2,OSLA,2,1,1,MCTS_CheckersHeuristic
-1286713953,Checkers,0,GAME_OVER,78,77,2,619,1,OSLA,1,2,2,MCTS_CheckersHeuristic
1187731884,Checkers,0,GAME_OVER,67,66,2,620,1,OSLA,1,1,1,MCTS_CheckersHeuristic
-1346212036,Checkers,0,GAME_OVER,38,37,2,621,2,OSLA,2,1,1,MCTS_CheckersHeuristic
2095173186,Checkers,0,GAME_OVER,40,39,2,622,2,OSLA,2,1,1,MCTS_CheckersHeuristic
1685697746,Checkers,0,GAME_OVER,45,44,2,623,2,OSLA,2,1,1,MCTS_CheckersHeuristic
525282589,Checkers,0,GAME_OVER,43,42,2,624,2,OSLA,2,1,1,MCTS_CheckersHeuristic
-1848612161,Checkers,0,GAME_OVER,36,35,2,625,2,OSLA,2,1,1,MCTS_CheckersHeuristic
1419713974,Checkers,0,GAME_OVER,43,42,2,626,2,OSLA,2,1,1,MCTS_CheckersHeuristic
317029565,Checkers,0,GAME_OVER,114,113,2,627,1,OSLA,1,1,1,MCTS_CheckersHeuristic
-1293604324,Checkers,0,GAME_OVER,34,33,2,628,2,OSLA,2,1,1,MCTS_CheckersHeuristic
-746695878,Checkers,0,GAME_OVER,78,77,2,629,1,OSLA,1,1,1,MCTS_CheckersHeuristic
-735693053,Checkers,0,GAME_OVER,82,81,2,630,1,OSLA,1,1,1,MCTS_CheckersHeuristic
780011660,Checkers,0,GAME_OVER,42,41,2,631,2,OSLA,2,1,1,MCTS_CheckersHeuristic
-59287236,Checkers,0,GAME_OVER,124,123,2,632,1,OSLA,1,1,1,MCTS_CheckersHeuristic
2006589468,Checkers,0,GAME_OVER,31,30,2,633,2,OSLA,2,1,1,MCTS_CheckersHeuristic
587590548,Checkers,0,GAME_OVER,97,96,2,634,1,OSLA,1,1,1,MCTS_CheckersHeuristic
482187783,Checkers,0,GAME_OVER,68,67,2,635,1,OSLA,1,2,2,MCTS_CheckersHeuristic
1982813031,Checkers,0,GAME_OVER,41,40,2,636,2,OSLA,2,1,1,MCTS_CheckersHeuristic
1223428036,Checkers,0,GAME_OVER,98,97,2,637,1,OSLA,1,1,1,MCTS_CheckersHeuristic
-1111851144,Checkers,0,GAME_OVER,57,56,2,638,2,OSLA,2,1,1,MCTS_CheckersHeuristic
-15746353,Checkers,0,GAME_OVER,58,57,2,639,2,OSLA,2,1,1,MCTS_CheckersHeuristic
-452121655,Checkers,0,GAME_OVER,89,88,2,640,1,OSLA,1,2,2,MCTS_CheckersHeuristic
1687770216,Checkers,0,GAME_OVER,81,80,2,641,1,OSLA,1,1,1,MCTS_CheckersHeuristic
657925756,Checkers,0,GAME_OVER,42,41,2,642,2,OSLA,2,1,1,MCTS_CheckersHeuristic
1999336935,Checkers,0,GAME_OVER,92,91,2,643,1,OSLA,1,2,2,MCTS_CheckersHeuristic
-2136046321,Checkers,0,GAME_OVER,38,37,2,644,2,OSLA,2,1,1,MCTS_CheckersHeuristic
-1427823816,Checkers,0,GAME_OVER,52,51,2,645,2,OSLA,2,1,1,MCTS_CheckersHeuristic
-2082357643,Checkers,0,GAME_OVER,46,45,2,646,2,OSLA,2,1,1,MCTS_CheckersHeuristic
1796810102,Checkers,0,GAME_OVER,89,88,2,647,1,OSLA,1,1,1,MCTS_CheckersHeuristic
1230325200,Checkers,0,GAME_OVER,45,44,2,648,2,OSLA,2,1,1,MCTS_CheckersHeuristic
1494970818,Checkers,0,GAME_OVER,33,32,2,649,2,OSLA,2,1,1,MCTS_CheckersHeuristic
1625250525,Checkers,0,GAME_OVER,96,95,2,650,2,OSLA,2,1,1,MCTS_CheckersHeuristic
-1432299318,Checkers,0,GAME_OVER,44,43,2,651,2,OSLA,2,1,1,MCTS_CheckersHeuristic
725655627,Checkers,0,GAME_OVER,48,47,2,652,2,OSLA,2,1,1,MCTS_CheckersHeuristic
1163206040,Checkers,0,GAME_OVER,127,126,2,653,1,OSLA,1,1,1,MCTS_CheckersHeuristic
560297376,Checkers,0,GAME_OVER,120,119,2,654,1,OSLA,1,1,1,MCTS_CheckersHeuristic
1210750624,Checkers,0,GAME_OVER,44,43,2,655,2,OSLA,2,1,1,MCTS_CheckersHeuristic
1617060179,Checkers,0,GAME_OVER,92,91,2,656,1,OSLA,1,1,1,MCTS_CheckersHeuristic
-1098270161,Checkers,0,GAME_OVER,39,38,2,657,2,OSLA,2,1,1,MCTS_CheckersHeuristic
1387059512,Checkers,0,GAME_OVER,31,30,2,658,2,OSLA,2,1,1,MCTS_CheckersHeuristic
-1209401438,Checkers,0,GAME_OVER,45,44,2,659,2,OSLA,2,1,1,MCTS_CheckersHeuristic
866499206,Checkers,0,GAME_OVER,36,35,2,660,2,OSLA,2,1,1,MCTS_CheckersHeuristic
-884055799,Checkers,0,GAME_OVER,38,37,2,661,2,OSLA,2,1,1,MCTS_CheckersHeuristic
-345991177,Checkers,0,GAME_OVER,55,54,2,662,1,OSLA,1,2,2,MCTS_CheckersHeuristic
1573066032,Checkers,0,GAME_OVER,41,40,2,663,2,OSLA,2,1,1,MCTS_CheckersHeuristic
714865605,Checkers,0,GAME_OVER,73,72,2,664,2,OSLA,2,1,1,MCTS_CheckersHeuristic
-1511071722,Checkers,0,GAME_OVER,75,74,2,665,1,OSLA,1,1,1,MCTS_CheckersHeuristic
1043637411,Checkers,0,GAME_OVER,90,89,2,666,1,OSLA,1,2,2,MCTS_CheckersHeuristic
619587682,Checkers,0,GAME_OVER,52,51,2,667,2,OSLA,2,1,1,MCTS_CheckersHeuristic
-1363742753,Checkers,0,GAME_OVER,42,41,2,668,2,OSLA,2,1,1,MCTS_CheckersHeuristic
-947852713,Checkers,0,GAME_OVER,101,100,2,669,1,OSLA,1,1,1,MCTS_CheckersHeuristic
-34283449,Checkers,0,GAME_OVER,42,41,2,670,2,OSLA,2,1,1,MCTS_CheckersHeuristic
1480406349,Checkers,0,GAME_OVER,49,48,2,671,2,OSLA,2,1,1,MCTS_CheckersHeuristic
-1921003377,Checkers,0,GAME_OVER,75,74,2,672,1,OSLA,1,1,1,MCTS_CheckersHeuristic
1533488837,Checkers,0,GAME_OVER,89,88,2,673,1,OSLA,1,1,1,MCTS_CheckersHeuristic
85373256,Checkers,0,GAME_OVER,68,67,2,674,1,OSLA,1,2,2,MCTS_CheckersHeuristic
121974405,Checkers,0,GAME_OVER,38,37,2,675,2,OSLA,2,1,1,MCTS_CheckersHeuristic
984941992,Checkers,0,GAME_OVER,73,72,2,676,1,OSLA,1,2,2,MCTS_CheckersHeuristic
2075425136,Checkers,0,GAME_OVER,62,61,2,677,2,OSLA,2,1,1,MCTS_CheckersHeuristic
-521898058,Checkers,0,GAME_OVER,36,35,2,678,2,OSLA,2,1,1,MCTS_CheckersHeuristic
1741815011,Checkers,0,GAME_OVER,34,33,2,679,2,OSLA,2,1,1,MCTS_CheckersHeuristic
1193812878,Checkers,0,GAME_OVER,73,72,2,680,1,OSLA,1,2,2,MCTS_CheckersHeuristic
1799176938,Checkers,0,GAME_OVER,74,73,2,681,1,OSLA,1,1,1,MCTS_CheckersHeuristic
972780260,Checkers,0,GAME_OVER,49,48,2,682,2,OSLA,2,1,1,MCTS_CheckersHeuristic
1815361416,Checkers,0,GAME_OVER,44,43,2,683,2,OSLA,2,1,1,MCTS_CheckersHeuristic
1322835176,Checkers,0,GAME_OVER,52,51,2,684,2,OSLA,2,1,1,MCTS_CheckersHeuristic
371741157,Checkers,0,GAME_OVER,138,137,2,685,1,OSLA,1,1,1,MCTS_CheckersHeuristic
-1102451655,Checkers,0,GAME_OVER,48,47,2,686,2,OSLA,2,1,1,MCTS_CheckersHeuristic
308533281,Checkers,0,GAME_OVER,36,35,2,687,2,OSLA,2,1,1,MCTS_CheckersHeuristic
-10429549,Checkers,0,GAME_OVER,123,122,2,688,2,OSLA,2,1,1,MCTS_CheckersHeuristic
1270174490,Checkers,0,GAME_OVER,43,42,2,689,2,OSLA,2,1,1,MCTS_CheckersHeuristic
-448480440,Checkers,0,GAME_OVER,76,75,2,690,1,OSLA,1,1,1,MCTS_CheckersHeuristic
501444460,Checkers,0,GAME_OVER,40,39,2,691,2,OSLA,2,1,1,MCTS_CheckersHeuristic
1083159769,Checkers,0,GAME_OVER,83,82,2,692,1,OSLA,1,1,1,MCTS_CheckersHeuristic
1576700780,Checkers,0,GAME_OVER,38,37,2,693,2,OSLA,2,1,1,MCTS_CheckersHeuristic
-756517090,Checkers,0,GAME_OVER,34,33,2,694,2,OSLA,2,1,1,MCTS_CheckersHeuristic
587439610,Checkers,0,GAME_OVER,31,30,2,695,2,OSLA,2,1,1,MCTS_CheckersHeuristic
-346723102,Checkers,0,GAME_OVER,77,76,2,696,1,OSLA,1,2,2,MCTS_CheckersHeuristic
2093549645,Checkers,0,GAME_OVER,68,67,2,697,2,OSLA,2,1,1,MCTS_CheckersHeuristic
1653336284,Checkers,0,GAME_OVER,39,38,2,698,2,OSLA,2,1,1,MCTS_CheckersHeuristic
769578293,Checkers,0,GAME_OVER,30,29,2,699,2,OSLA,2,1,1,MCTS_CheckersHeuristic
2047688042,Checkers,0,GAME_OVER,42,41,2,700,2,OSLA,2,1,1,MCTS_CheckersHeuristic
972616288,Checkers,0,GAME_OVER,66,65,2,701,1,OSLA,1,2,2,MCTS_CheckersHeuristic
1959695236,Checkers,0,GAME_OVER,35,34,2,702,2,OSLA,2,1,1,MCTS_CheckersHeuristic
1315021988,Checkers,0,GAME_OVER,48,47,2,703,2,OSLA,2,1,1,MCTS_CheckersHeuristic
1344377780,Checkers,0,GAME_OVER,106,105,2,704,1,OSLA,1,2,2,MCTS_CheckersHeuristic
357951072,Checkers,0,GAME_OVER,36,35,2,705,2,OSLA,2,1,1,MCTS_CheckersHeuristic
-2058918633,Checkers,0,GAME_OVER,43,42,2,706,2,OSLA,2,1,1,MCTS_CheckersHeuristic
-583788691,Checkers,0,GAME_OVER,47,46,2,707,2,OSLA,2,1,1,MCTS_CheckersHeuristic
1763539389,Checkers,0,GAME_OVER,47,46,2,708,2,OSLA,2,1,1,MCTS_CheckersHeuristic
-1082296257,Checkers,0,GAME_OVER,35,34,2,709,2,OSLA,2,1,1,MCTS_CheckersHeuristic
709158110,Checkers,0,GAME_OVER,98,97,2,710,1,OSLA,1,1,1,MCTS_CheckersHeuristic
396158491,Checkers,0,GAME_OVER,43,42,2,711,2,OSLA,2,1,1,MCTS_CheckersHeuristic
-1345397067,Checkers,0,GAME_OVER,46,45,2,712,2,OSLA,2,1,1,MCTS_CheckersHeuristic
1669350546,Checkers,0,GAME_OVER,47,46,2,713,2,OSLA,2,1,1,MCTS_CheckersHeuristic
-466521336,Checkers,0,GAME_OVER,43,42,2,714,2,OSLA,2,1,1,MCTS_CheckersHeuristic
1925152929,Checkers,0,GAME_OVER,42,41,2,715,2,OSLA,2,1,1,MCTS_CheckersHeuristic
-530550102,Checkers,0,GAME_OVER,134,133,2,716,1,OSLA,1,2,2,MCTS_CheckersHeuristic
-919063509,Checkers,0,GAME_OVER,106,105,2,717,1,OSLA,1,2,2,MCTS_CheckersHeuristic
-800887435,Checkers,0,GAME_OVER,33,32,2,718,2,OSLA,2,1,1,MCTS_CheckersHeuristic
-1121831777,Checkers,0,GAME_OVER,32,31,2,719,2,OSLA,2,1,1,MCTS_CheckersHeuristic
-1819735674,Checkers,0,GAME_OVER,54,53,2,720,2,OSLA,2,1,1,MCTS_CheckersHeuristic
2085410311,Checkers,0,GAME_OVER,77,76,2,721,2,OSLA,2,1,1,MCTS_CheckersHeuristic
-1001763376,Checkers,0,GAME_OVER,35,34,2,722,2,OSLA,2,1,1,MCTS_CheckersHeuristic
1350169571,Checkers,0,GAME_OVER,47,46,2,723,2,OSLA,2,1,1,MCTS_CheckersHeuristic
5880123,Checkers,0,GAME_OVER,41,40,2,724,2,OSLA,2,1,1,MCTS_CheckersHeuristic
1879634794,Checkers,0,GAME_OVER,46,45,2,725,2,OSLA,2,1,1,MCTS_CheckersHeuristic
-1125706525,Checkers,0,GAME_OVER,63,62,2,726,1,OSLA,1,2,2,MCTS_CheckersHeuristic
2039316273,Checkers,0,GAME_OVER,47,46,2,727,2,OSLA,2,1,1,MCTS_CheckersHeuristic
-1257035972,Checkers,0,GAME_OVER,43,42,2,728,2,OSLA,2,1,1,MCTS_CheckersHeuristic
1421001288,Checkers,0,GAME_OVER,41,40,2,729,2,OSLA,2,1,1,MCTS_CheckersHeuristic
-1651534043,Checkers,0,GAME_OVER,128,127,2,730,1,OSLA,1,1,1,MCTS_CheckersHeuristic
551156039,Checkers,0,GAME_OVER,100,99,2,731,1,OSLA,1,1,1,MCTS_CheckersHeuristic
1090369838,Checkers,0,GAME_OVER,43,42,2,732,2,OSLA,2,1,1,MCTS_CheckersHeuristic
575298023,Checkers,0,GAME_OVER,35,34,2,733,2,OSLA,2,1,1,MCTS_CheckersHeuristic
530677400,Checkers,0,GAME_OVER,41,40,2,734,2,OSLA,2,1,1,MCTS_CheckersHeuristic
817833498,Checkers,0,GAME_OVER,44,43,2,735,2,OSLA,2,1,1,MCTS_CheckersHeuristic
-1060660001,Checkers,0,GAME_OVER,34,33,2,736,2,OSLA,2,1,1,MCTS_CheckersHeuristic
1151880641,Checkers,0,GAME_OVER,40,39,2,737,2,OSLA,2,1,1,MCTS_CheckersHeuristic
-1664936495,Checkers,0,GAME_OVER,54,53,2,738,2,OSLA,2,1,1,MCTS_CheckersHeuristic
1167710822,Checkers,0,GAME_OVER,50,49,2,739,2,OSLA,2,1,1,MCTS_CheckersHeuristic
-542712970,Checkers,0,GAME_OVER,43,42,2,740,2,OSLA,2,1,1,MCTS_CheckersHeuristic
-2144300370,Checkers,0,GAME_OVER,46,45,2,741,2,OSLA,2,1,1,MCTS_CheckersHeuristic
-1642254248,Checkers,0,GAME_OVER,41,40,2,742,2,OSLA,2,1,1,MCTS_CheckersHeuristic
-1248370843,Checkers,0,GAME_OVER,43,42,2,743,2,OSLA,2,1,1,MCTS_CheckersHeuristic
145550316,Checkers,0,GAME_OVER,38,37,2,744,2,OSLA,2,1,1,MCTS_CheckersHeuristic
-1561587134,Checkers,0,GAME_OVER,98,97,2,745,1,OSLA,1,1,1,MCTS_CheckersHeuristic
-690305999,Checkers,0,GAME_OVER,35,34,2,746,2,OSLA,2,1,1,MCTS_CheckersHeuristic
-915091747,Checkers,0,GAME_OVER,38,37,2,747,2,OSLA,2,1,1,MCTS_CheckersHeuristic
-929269573,Checkers,0,GAME_OVER,75,74,2,748,1,OSLA,1,2,2,MCTS_CheckersHeuristic
-1776447373,Checkers,0,GAME_OVER,73,72,2,749,1,OSLA,1,2,2,MCTS_CheckersHeuristic
1376782522,Checkers,0,GAME_OVER,109,108,2,750,1,OSLA,1,1,1,MCTS_CheckersHeuristic
822717280,Checkers,0,GAME_OVER,48,47,2,751,2,OSLA,2,1,1,MCTS_CheckersHeuristic
1214860500,Checkers,0,GAME_OVER,80,79,2,752,1,OSLA,1,1,1,MCTS_CheckersHeuristic
2123155327,Checkers,0,GAME_OVER,42,41,2,753,2,OSLA,2,1,1,MCTS_CheckersHeuristic
468987575,Checkers,0,GAME_OVER,39,38,2,754,2,OSLA,2,1,1,MCTS_CheckersHeuristic
-156419889,Checkers,0,GAME_OVER,45,44,2,755,2,OSLA,2,1,1,MCTS_CheckersHeuristic
244685781,Checkers,0,GAME_OVER,46,45,2,756,2,OSLA,2,1,1,MCTS_CheckersHeuristic
-2012422644,Checkers,0,GAME_OVER,46,45,2,757,2,OSLA,2,1,1,MCTS_CheckersHeuristic
-646576725,Checkers,0,GAME_OVER,40,39,2,758,2,OSLA,2,1,1,MCTS_CheckersHeuristic
-679847649,Checkers,0,GAME_OVER,92,91,2,759,1,OSLA,1,1,1,MCTS_CheckersHeuristic
153033083,Checkers,0,GAME_OVER,62,61,2,760,2,OSLA,2,1,1,MCTS_CheckersHeuristic
1500617616,Checkers,0,GAME_OVER,39,38,2,761,2,OSLA,2,1,1,MCTS_CheckersHeuristic
2028282473,Checkers,0,GAME_OVER,123,122,2,762,1,OSLA,1,1,1,MCTS_CheckersHeuristic
1550709087,Checkers,0,GAME_OVER,74,73,2,763,1,OSLA,1,2,2,MCTS_CheckersHeuristic
635540564,Checkers,0,GAME_OVER,92,91,2,764,1,OSLA,1,1,1,MCTS_CheckersHeuristic
1132003058,Checkers,0,GAME_OVER,34,33,2,765,2,OSLA,2,1,1,MCTS_CheckersHeuristic
535714537,Checkers,0,GAME_OVER,132,131,2,766,1,OSLA,1,1,1,MCTS_CheckersHeuristic
93854457,Checkers,0,GAME_OVER,84,83,2,767,2,OSLA,2,1,1,MCTS_CheckersHeuristic
1266419641,Checkers,0,GAME_OVER,44,43,2,768,2,OSLA,2,1,1,MCTS_CheckersHeuristic
761600881,Checkers,0,GAME_OVER,46,45,2,769,2,OSLA,2,1,1,MCTS_CheckersHeuristic
2143529823,Checkers,0,GAME_OVER,85,84,2,770,1,OSLA,1,1,1,MCTS_CheckersHeuristic
2102961463,Checkers,0,GAME_OVER,43,42,2,771,2,OSLA,2,1,1,MCTS_CheckersHeuristic
1679841531,Checkers,0,GAME_OVER,39,38,2,772,2,OSLA,2,1,1,MCTS_CheckersHeuristic
1465671621,Checkers,0,GAME_OVER,62,61,2,773,1,OSLA,1,2,2,MCTS_CheckersHeuristic
-449521527,Checkers,0,GAME_OVER,126,125,2,774,1,OSLA,1,1,1,MCTS_CheckersHeuristic
304327433,Checkers,0,GAME_OVER,37,36,2,775,2,OSLA,2,1,1,MCTS_CheckersHeuristic
-578472996,Checkers,0,GAME_OVER,39,38,2,776,2,OSLA,2,1,1,MCTS_CheckersHeuristic
-211506301,Checkers,0,GAME_OVER,41,40,2,777,2,OSLA,2,1,1,MCTS_CheckersHeuristic
1627349832,Checkers,0,GAME_OVER,41,40,2,778,2,OSLA,2,1,1,MCTS_CheckersHeuristic
-1714208507,Checkers,0,GAME_OVER,39,38,2,779,2,OSLA,2,1,1,MCTS_CheckersHeuristic
-1196115391,Checkers,0,GAME_OVER,39,38,2,780,2,OSLA,2,1,1,MCTS_CheckersHeuristic
-1540368699,Checkers,0,GAME_OVER,57,56,2,781,1,OSLA,1,2,2,MCTS_CheckersHeuristic
-906911374,Checkers,0,GAME_OVER,37,36,2,782,2,OSLA,2,1,1,MCTS_CheckersHeuristic
-1638432850,Checkers,0,GAME_OVER,40,39,2,783,2,OSLA,2,1,1,MCTS_CheckersHeuristic
686422820,Checkers,0,GAME_OVER,47,46,2,784,2,OSLA,2,1,1,MCTS_CheckersHeuristic
1530302473,Checkers,0,GAME_OVER,43,42,2,785,2,OSLA,2,1,1,MCTS_CheckersHeuristic
-1209659418,Checkers,0,GAME_OVER,48,47,2,786,2,OSLA,2,1,1,MCTS_CheckersHeuristic
149319160,Checkers,0,GAME_OVER,44,43,2,787,2,OSLA,2,1,1,MCTS_CheckersHeuristic
760898767,Checkers,0,GAME_OVER,106,105,2,788,1,OSLA,1,2,2,MCTS_CheckersHeuristic
805876825,Checkers,0,GAME_OVER,29,28,2,789,2,OSLA,2,1,1,MCTS_CheckersHeuristic
-648465952,Checkers,0,GAME_OVER,87,86,2,790,1,OSLA,1,1,1,MCTS_CheckersHeuristic
-220098549,Checkers,0,GAME_OVER,50,49,2,791,1,OSLA,1,2,2,MCTS_CheckersHeuristic
1441244742,Checkers,0,GAME_OVER,108,107,2,792,1,OSLA,1,1,1,MCTS_CheckersHeuristic
1602782636,Checkers,0,GAME_OVER,40,39,2,793,2,OSLA,2,1,1,MCTS_CheckersHeuristic
-1364356723,Checkers,0,GAME_OVER,130,129,2,794,1,OSLA,1,1,1,MCTS_CheckersHeuristic
1522474567,Checkers,0,GAME_OVER,83,82,2,795,1,OSLA,1,2,2,MCTS_CheckersHeuristic
-2121681916,Checkers,0,GAME_OVER,71,70,2,796,1,OSLA,1,2,2,MCTS_CheckersHeuristic
221799308,Checkers,0,GAME_OVER,43,42,2,797,2,OSLA,2,1,1,MCTS_CheckersHeuristic
458667489,Checkers,0,GAME_OVER,43,42,2,798,2,OSLA,2,1,1,MCTS_CheckersHeuristic
60893320,Checkers,0,GAME_OVER,91,90,2,799,1,OSLA,1,2,2,MCTS_CheckersHeuristic
1443357674,Checkers,0,GAME_OVER,39,38,2,800,2,OSLA,2,1,1,MCTS_CheckersHeuristic
-384243208,Checkers,0,GAME_OVER,61,60,2,801,1,OSLA,1,2,2,MCTS_CheckersHeuristic
-2143063354,Checkers,0,GAME_OVER,165,164,2,802,1,OSLA,1,1,1,OSLA
200594778,Checkers,0,GAME_OVER,48,47,2,803,2,OSLA,2,1,1,OSLA
-514941224,Checkers,0,GAME_OVER,43,42,2,804,2,OSLA,2,1,1,OSLA
179287199,Checkers,0,GAME_OVER,68,67,2,805,2,OSLA,2,1,1,OSLA
2146590640,Checkers,0,GAME_OVER,47,46,2,806,2,OSLA,2,1,1,OSLA
1378180065,Checkers,0,GAME_OVER,51,50,2,807,2,OSLA,2,1,1,OSLA
-2036371014,Checkers,0,GAME_OVER,38,37,2,808,2,OSLA,2,1,1,OSLA
1437296834,Checkers,0,GAME_OVER,48,47,2,809,2,OSLA,2,1,1,OSLA
1700070603,Checkers,0,GAME_OVER,64,63,2,810,1,OSLA,1,1,1,OSLA
-1561081910,Checkers,0,GAME_OVER,42,41,2,811,2,OSLA,2,1,1,OSLA
-969854519,Checkers,0,GAME_OVER,50,49,2,812,2,OSLA,2,1,1,OSLA
1843078800,Checkers,0,GAME_OVER,208,207,2,813,1,OSLA,1,1,1,OSLA
1066787509,Checkers,0,GAME_OVER,45,44,2,814,2,OSLA,2,1,1,OSLA
1189586314,Checkers,0,GAME_OVER,157,156,2,815,1,OSLA,1,1,1,OSLA
-611826476,Checkers,0,GAME_OVER,43,42,2,816,2,OSLA,2,1,1,OSLA
-1544709741,Checkers,0,GAME_OVER,103,102,2,817,2,OSLA,2,1,1,OSLA
794318347,Checkers,0,GAME_OVER,44,43,2,818,2,OSLA,2,1,1,OSLA
-1286713953,Checkers,0,GAME_OVER,32,31,2,819,2,OSLA,2,1,1,OSLA
1187731884,Checkers,0,GAME_OVER,32,31,2,820,2,OSLA,2,1,1,OSLA
-1346212036,Checkers,0,GAME_OVER,43,42,2,821,2,OSLA,2,1,1,OSLA
2095173186,Checkers,0,GAME_OVER,36,35,2,822,2,OSLA,2,1,1,OSLA
1685697746,Checkers,0,GAME_OVER,45,44,2,823,2,OSLA,2,1,1,OSLA
525282589,Checkers,0,GAME_OVER,64,63,2,824,1,OSLA,1,2,2,OSLA
-1848612161,Checkers,0,GAME_OVER,38,37,2,825,2,OSLA,2,1,1,OSLA
1419713974,Checkers,0,GAME_OVER,120,119,2,826,1,OSLA,1,1,1,OSLA
317029565,Checkers,0,GAME_OVER,40,39,2,827,2,OSLA,2,1,1,OSLA
-1293604324,Checkers,0,GAME_OVER,146,145,2,828,1,OSLA,1,1,1,OSLA
-746695878,Checkers,0,GAME_OVER,40,39,2,829,2,OSLA,2,1,1,OSLA
-735693053,Checkers,0,GAME_OVER,40,39,2,830,2,OSLA,2,1,1,OSLA
780011660,Checkers,0,GAME_OVER,69,68,2,831,2,OSLA,2,1,1,OSLA
-59287236,Checkers,0,GAME_OVER,35,34,2,832,2,OSLA,2,1,1,OSLA
2006589468,Checkers,0,GAME_OVER,41,40,2,833,2,OSLA,2,1,1,OSLA
587590548,Checkers,0,GAME_OVER,49,48,2,834,2,OSLA,2,1,1,OSLA
482187783,Checkers,0,GAME_OVER,108,107,2,835,1,OSLA,1,2,2,OSLA
1982813031,Checkers,0,GAME_OVER,39,38,2,836,2,OSLA,2,1,1,OSLA
1223428036,Checkers,0,GAME_OVER,40,39,2,837,2,OSLA,2,1,1,OSLA
-1111851144,Checkers,0,GAME_OVER,40,39,2,838,2,OSLA,2,1,1,OSLA
-15746353,Checkers,0,GAME_OVER,61,60,2,839,2,OSLA,2,1,1,OSLA
-452121655,Checkers,0,GAME_OVER,50,49,2,840,2,OSLA,2,1,1,OSLA
1687770216,Checkers,0,GAME_OVER,42,41,2,841,2,OSLA,2,1,1,OSLA
657925756,Checkers,0,GAME_OVER,85,84,2,842,2,OSLA,2,1,1,OSLA
1999336935,Checkers,0,GAME_OVER,40,39,2,843,2,OSLA,2,1,1,OSLA
-2136046321,Checkers,0,GAME_OVER,109,108,2,844,1,OSLA,1,1,1,OSLA
-1427823816,Checkers,0,GAME_OVER,43,42,2,845,2,OSLA,2,1,1,OSLA
-2082357643,Checkers,0,GAME_OVER,116,115,2,846,1,OSLA,1,1,1,OSLA
1796810102,Checkers,0,GAME_OVER,38,37,2,847,2,OSLA,2,1,1,OSLA
1230325200,Checkers,0,GAME_OVER,39,38,2,848,2,OSLA,2,1,1,OSLA
1494970818,Checkers,0,GAME_OVER,41,40,2,849,2,OSLA,2,1,1,OSLA
1625250525,Checkers,0,GAME_OVER,33,32,2,850,2,OSLA,2,1,1,OSLA
-1432299318,Checkers,0,GAME_OVER,62,61,2,851,2,OSLA,2,1,1,OSLA
725655627,Checkers,0,GAME_OVER,32,31,2,852,2,OSLA,2,1,1,OSLA
1163206040,Checkers,0,GAME_OVER,42,41,2,853,2,OSLA,2,1,1,OSLA
560297376,Checkers,0,GAME_OVER,54,53,2,854,2,OSLA,2,1,1,OSLA
1210750624,Checkers,0,GAME_OVER,37,36,2,855,2,OSLA,2,1,1,OSLA
1617060179,Checkers,0,GAME_OVER,41,40,2,856,2,OSLA,2,1,1,OSLA
-1098270161,Checkers,0,GAME_OVER,74,73,2,857,2,OSLA,2,1,1,OSLA
1387059512,Checkers,0,GAME_OVER,39,38,2,858,2,OSLA,2,1,1,OSLA
-1209401438,Checkers,0,GAME_OVER,40,39,2,859,2,OSLA,2,1,1,OSLA
866499206,Checkers,0,GAME_OVER,37,36,2,860,2,OSLA,2,1,1,OSLA
-884055799,Checkers,0,GAME_OVER,37,36,2,861,2,OSLA,2,1,1,OSLA
-345991177,Checkers,0,GAME_OVER,54,53,2,862,2,OSLA,2,1,1,OSLA
1573066032,Checkers,0,GAME_OVER,36,35,2,863,2,OSLA,2,1,1,OSLA
714865605,Checkers,0,GAME_OVER,35,34,2,864,2,OSLA,2,1,1,OSLA
-1511071722,Checkers,0,GAME_OVER,50,49,2,865,2,OSLA,2,1,1,OSLA
1043637411,Checkers,0,GAME_OVER,50,49,2,866,2,OSLA,2,1,1,OSLA
619587682,Checkers,0,GAME_OVER,79,78,2,867,2,OSLA,2,1,1,OSLA
-1363742753,Checkers,0,GAME_OVER,64,63,2,868,1,OSLA,1,1,1,OSLA
-947852713,Checkers,0,GAME_OVER,107,106,2,869,1,OSLA,1,2,2,OSLA
-34283449,Checkers,0,GAME_OVER,47,46,2,870,2,OSLA,2,1,1,OSLA
1480406349,Checkers,0,GAME_OVER,51,50,2,871,2,OSLA,2,1,1,OSLA
-1921003377,Checkers,0,GAME_OVER,38,37,2,872,2,OSLA,2,1,1,OSLA
1533488837,Checkers,0,GAME_OVER,89,88,2,873,1,OSLA,1,2,2,OSLA
85373256,Checkers,0,GAME_OVER,76,75,2,874,1,OSLA,1,2,2,OSLA
121974405,Checkers,0,GAME_OVER,43,42,2,875,2,OSLA,2,1,1,OSLA
984941992,Checkers,0,GAME_OVER,28,27,2,876,2,OSLA,2,1,1,OSLA
2075425136,Checkers,0,GAME_OVER,42,41,2,877,2,OSLA,2,1,1,OSLA
-521898058,Checkers,0,GAME_OVER,42,41,2,878,2,OSLA,2,1,1,OSLA
1741815011,Checkers,0,GAME_OVER,45,44,2,879,2,OSLA,2,1,1,OSLA
1193812878,Checkers,0,GAME_OVER,55,54,2,880,2,OSLA,2,1,1,OSLA
1799176938,Checkers,0,GAME_OVER,85,84,2,881,1,OSLA,1,1,1,OSLA
972780260,Checkers,0,GAME_OVER,41,40,2,882,2,OSLA,2,1,1,OSLA
1815361416,Checkers,0,GAME_OVER,44,43,2,883,2,OSLA,2,1,1,OSLA
1322835176,Checkers,0,GAME_OVER,39,38,2,884,2,OSLA,2,1,1,OSLA
371741157,Checkers,0,GAME_OVER,33,32,2,885,2,OSLA,2,1,1,OSLA
-1102451655,Checkers,0,GAME_OVER,49,48,2,886,2,OSLA,2,1,1,OSLA
308533281,Checkers,0,GAME_OVER,38,37,2,887,2,OSLA,2,1,1,OSLA
-10429549,Checkers,0,GAME_OVER,46,45,2,888,2,OSLA,2,1,1,OSLA
1270174490,Checkers,0,GAME_OVER,38,37,2,889,2,OSLA,2,1,1,OSLA
-448480440,Checkers,0,GAME_OVER,108,107,2,890,1,OSLA,1,1,1,OSLA
501444460,Checkers,0,GAME_OVER,35,34,2,891,2,OSLA,2,1,1,OSLA
1083159769,Checkers,0,GAME_OVER,37,36,2,892,2,OSLA,2,1,1,OSLA
1576700780,Checkers,0,GAME_OVER,156,155,2,893,1,OSLA,1,1,1,OSLA
-756517090,Checkers,0,GAME_OVER,73,72,2,894,1,OSLA,1,2,2,OSLA
587439610,Checkers,0,GAME_OVER,43,42,2,895,2,OSLA,2,1,1,OSLA
-346723102,Checkers,0,GAME_OVER,38,37,2,896,2,OSLA,2,1,1,OSLA
2093549645,Checkers,0,GAME_OVER,38,37,2,897,2,OSLA,2,1,1,OSLA
1653336284,Checkers,0,GAME_OVER,42,41,2,898,2,OSLA,2,1,1,OSLA
769578293,Checkers,0,GAME_OVER,81,80,2,899,2,OSLA,2,1,1,OSLA
2047688042,Checkers,0,GAME_OVER,80,79,2,900,2,OSLA,2,1,1,OSLA
972616288,Checkers,0,GAME_OVER,42,41,2,901,2,OSLA,2,1,1,OSLA
1959695236,Checkers,0,GAME_OVER,41,40,2,902,2,OSLA,2,1,1,OSLA
1315021988,Checkers,0,GAME_OVER,39,38,2,903,2,OSLA,2,1,1,OSLA
1344377780,Checkers,0,GAME_OVER,95,94,2,904,1,OSLA,1,1,1,OSLA
357951072,Checkers,0,GAME_OVER,53,52,2,905,1,OSLA,1,2,2,OSLA
-2058918633,Checkers,0,GAME_OVER,43,42,2,906,2,OSLA,2,1,1,OSLA
-583788691,Checkers,0,GAME_OVER,44,43,2,907,2,OSLA,2,1,1,OSLA
1763539389,Checkers,0,GAME_OVER,37,36,2,908,2,OSLA,2,1,1,OSLA
-1082296257,Checkers,0,GAME_OVER,109,108,2,909,2,OSLA,2,1,1,OSLA
709158110,Checkers,0,GAME_OVER,31,30,2,910,2,OSLA,2,1,1,OSLA
396158491,Checkers,0,GAME_OVER,33,32,2,911,2,OSLA,2,1,1,OSLA
-1345397067,Checkers,0,GAME_OVER,36,35,2,912,2,OSLA,2,1,1,OSLA
1669350546,Checkers,0,GAME_OVER,46,45,2,913,2,OSLA,2,1,1,OSLA
-466521336,Checkers,0,GAME_OVER,42,41,2,914,2,OSLA,2,1,1,OSLA
1925152929,Checkers,0,GAME_OVER,54,53,2,915,2,OSLA,2,1,1,OSLA
-530550102,Checkers,0,GAME_OVER,88,87,2,916,1,OSLA,1,1,1,OSLA
-919063509,Checkers,0,GAME_OVER,54,53,2,917,2,OSLA,2,1,1,OSLA
-800887435,Checkers,0,GAME_OVER,38,37,2,918,2,OSLA,2,1,1,OSLA
-1121831777,Checkers,0,GAME_OVER,45,44,2,919,2,OSLA,2,1,1,OSLA
-1819735674,Checkers,0,GAME_OVER,35,34,2,920,2,OSLA,2,1,1,OSLA
2085410311,Checkers,0,GAME_OVER,38,37,2,921,2,OSLA,2,1,1,OSLA
-1001763376,Checkers,0,GAME_OVER,39,38,2,922,2,OSLA,2,1,1,OSLA
1350169571,Checkers,0,GAME_OVER,51,50,2,923,2,OSLA,2,1,1,OSLA
5880123,Checkers,0,GAME_OVER,42,41,2,924,2,OSLA,2,1,1,OSLA
1879634794,Checkers,0,GAME_OVER,44,43,2,925,2,OSLA,2,1,1,OSLA
-1125706525,Checkers,0,GAME_OVER,135,134,2,926,1,OSLA,1,1,1,OSLA
2039316273,Checkers,0,GAME_OVER,37,36,2,927,2,OSLA,2,1,1,OSLA
-1257035972,Checkers,0,GAME_OVER,58,57,2,928,2,OSLA,2,1,1,OSLA
1421001288,Checkers,0,GAME_OVER,50,49,2,929,2,OSLA,2,1,1,OSLA
-1651534043,Checkers,0,GAME_OVER,118,117,2,930,1,OSLA,1,1,1,OSLA
551156039,Checkers,0,GAME_OVER,137,136,2,931,1,OSLA,1,1,1,OSLA
1090369838,Checkers,0,GAME_OVER,156,155,2,932,1,OSLA,1,1,1,OSLA
575298023,Checkers,0,GAME_OVER,53,52,2,933,2,OSLA,2,1,1,OSLA
530677400,Checkers,0,GAME_OVER,39,38,2,934,2,OSLA,2,1,1,OSLA
817833498,Checkers,0,GAME_OVER,78,77,2,935,2,OSLA,2,1,1,OSLA
-1060660001,Checkers,0,GAME_OVER,55,54,2,936,2,OSLA,2,1,1,OSLA
1151880641,Checkers,0,GAME_OVER,34,33,2,937,2,OSLA,2,1,1,OSLA
-1664936495,Checkers,0,GAME_OVER,119,118,2,938,1,OSLA,1,1,1,OSLA
1167710822,Checkers,0,GAME_OVER,121,120,2,939,1,OSLA,1,1,1,OSLA
-542712970,Checkers,0,GAME_OVER,44,43,2,940,2,OSLA,2,1,1,OSLA
-2144300370,Checkers,0,GAME_OVER,45,44,2,941,2,OSLA,2,1,1,OSLA
-1642254248,Checkers,0,GAME_OVER,135,134,2,942,1,OSLA,1,1,1,OSLA
-1248370843,Checkers,0,GAME_OVER,42,41,2,943,2,OSLA,2,1,1,OSLA
145550316,Checkers,0,GAME_OVER,43,42,2,944,2,OSLA,2,1,1,OSLA
-1561587134,Checkers,0,GAME_OVER,38,37,2,945,2,OSLA,2,1,1,OSLA
-690305999,Checkers,0,GAME_OVER,154,153,2,946,1,OSLA,1,1,1,OSLA
-915091747,Checkers,0,GAME_OVER,32,31,2,947,2,OSLA,2,1,1,OSLA
-929269573,Checkers,0,GAME_OVER,36,35,2,948,2,OSLA,2,1,1,OSLA
-1776447373,Checkers,0,GAME_OVER,63,62,2,949,1,OSLA,1,1,1,OSLA
1376782522,Checkers,0,GAME_OVER,32,31,2,950,2,OSLA,2,1,1,OSLA
822717280,Checkers,0,GAME_OVER,103,102,2,951,1,OSLA,1,1,1,OSLA
1214860500,Checkers,0,GAME_OVER,48,47,2,952,2,OSLA,2,1,1,OSLA
2123155327,Checkers,0,GAME_OVER,62,61,2,953,2,OSLA,2,1,1,OSLA
468987575,Checkers,0,GAME_OVER,35,34,2,954,2,OSLA,2,1,1,OSLA
-156419889,Checkers,0,GAME_OVER,43,42,2,955,2,OSLA,2,1,1,OSLA
244685781,Checkers,0,GAME_OVER,112,111,2,956,1,OSLA,1,1,1,OSLA
-2012422644,Checkers,0,GAME_OVER,39,38,2,957,2,OSLA,2,1,1,OSLA
-646576725,Checkers,0,GAME_OVER,115,114,2,958,1,OSLA,1,1,1,OSLA
-679847649,Checkers,0,GAME_OVER,71,70,2,959,2,OSLA,2,1,1,OSLA
153033083,Checkers,0,GAME_OVER,37,36,2,960,2,OSLA,2,1,1,OSLA
1500617616,Checkers,0,GAME_OVER,29,28,2,961,2,OSLA,2,1,1,OSLA
2028282473,Checkers,0,GAME_OVER,111,110,2,962,2,OSLA,2,1,1,OSLA
1550709087,Checkers,0,GAME_OVER,44,43,2,963,2,OSLA,2,1,1,OSLA
635540564,Checkers,0,GAME_OVER,41,40,2,964,2,OSLA,2,1,1,OSLA
1132003058,Checkers,0,GAME_OVER,63,62,2,965,2,OSLA,2,1,1,OSLA
535714537,Checkers,0,GAME_OVER,32,31,2,966,2,OSLA,2,1,1,OSLA
93854457,Checkers,0,GAME_OVER,141,140,2,967,1,OSLA,1,1,1,OSLA
1266419641,Checkers,0,GAME_OVER,33,32,2,968,2,OSLA,2,1,1,OSLA
761600881,Checkers,0,GAME_OVER,63,62,2,969,1,OSLA,1,1,1,OSLA
2143529823,Checkers,0,GAME_OVER,41,40,2,970,2,OSLA,2,1,1,OSLA
2102961463,Checkers,0,GAME_OVER,46,45,2,971,2,OSLA,2,1,1,OSLA
1679841531,Checkers,0,GAME_OVER,41,40,2,972,2,OSLA,2,1,1,OSLA
1465671621,Checkers,0,GAME_OVER,38,37,2,973,2,OSLA,2,1,1,OSLA
-449521527,Checkers,0,GAME_OVER,32,31,2,974,2,OSLA,2,1,1,OSLA
304327433,Checkers,0,GAME_OVER,43,42,2,975,2,OSLA,2,1,1,OSLA
-578472996,Checkers,0,GAME_OVER,44,43,2,976,2,OSLA,2,1,1,OSLA
-211506301,Checkers,0,GAME_OVER,65,64,2,977,2,OSLA,2,1,1,OSLA
1627349832,Checkers,0,GAME_OVER,78,77,2,978,1,OSLA,1,1,1,OSLA
-1714208507,Checkers,0,GAME_OVER,54,53,2,979,2,OSLA,2,1,1,OSLA
-1196115391,Checkers,0,GAME_OVER,46,45,2,980,2,OSLA,2,1,1,OSLA
-1540368699,Checkers,0,GAME_OVER,51,50,2,981,2,OSLA,2,1,1,OSLA
-906911374,Checkers,0,GAME_OVER,33,32,2,982,2,OSLA,2,1,1,OSLA
-1638432850,Checkers,0,GAME_OVER,40,39,2,983,2,OSLA,2,1,1,OSLA
686422820,Checkers,0,GAME_OVER,78,77,2,984,2,OSLA,2,1,1,OSLA
1530302473,Checkers,0,GAME_OVER,38,37,2,985,2,OSLA,2,1,1,OSLA
-1209659418,Checkers,0,GAME_OVER,39,38,2,986,2,OSLA,2,1,1,OSLA
149319160,Checkers,0,GAME_OVER,70,69,2,987,2,OSLA,2,1,1,OSLA
760898767,Checkers,0,GAME_OVER,43,42,2,988,2,OSLA,2,1,1,OSLA
805876825,Checkers,0,GAME_OVER,48,47,2,989,2,OSLA,2,1,1,OSLA
-648465952,Checkers,0,GAME_OVER,36,35,2,990,2,OSLA,2,1,1,OSLA
-220098549,Checkers,0,GAME_OVER,131,130,2,991,1,OSLA,1,1,1,OSLA
1441244742,Checkers,0,GAME_OVER,50,49,2,992,2,OSLA,2,1,1,OSLA
1602782636,Checkers,0,GAME_OVER,35,34,2,993,2,OSLA,2,1,1,OSLA
-1364356723,Checkers,0,GAME_OVER,129,128,2,994,1,OSLA,1,1,1,OSLA
1522474567,Checkers,0,GAME_OVER,29,28,2,995,2,OSLA,2,1,1,OSLA
-2121681916,Checkers,0,GAME_OVER,38,37,2,996,2,OSLA,2,1,1,OSLA
221799308,Checkers,0,GAME_OVER,40,39,2,997,2,OSLA,2,1,1,OSLA
458667489,Checkers,0,GAME_OVER,43,42,2,998,2,OSLA,2,1,1,OSLA
60893320,Checkers,0,GAME_OVER,46,45,2,999,2,OSLA,2,1,1,OSLA
1443357674,Checkers,0,GAME_OVER,31,30,2,1000,2,OSLA,2,1,1,OSLA
-384243208,Checkers,0,GAME_OVER,38,37,2,1001,2,OSLA,2,1,1,OSLA
-2143063354,Checkers,0,GAME_OVER,37,36,2,1002,2,OSLA,2,1,1,RandomPlayerConfig
200594778,Checkers,0,GAME_OVER,29,28,2,1003,2,OSLA,2,1,1,RandomPlayerConfig
-514941224,Checkers,0,GAME_OVER,30,29,2,1004,2,OSLA,2,1,1,RandomPlayerConfig
179287199,Checkers,0,GAME_OVER,37,36,2,1005,2,OSLA,2,1,1,RandomPlayerConfig
2146590640,Checkers,0,GAME_OVER,30,29,2,1006,2,OSLA,2,1,1,RandomPlayerConfig
1378180065,Checkers,0,GAME_OVER,35,34,2,1007,2,OSLA,2,1,1,RandomPlayerConfig
-2036371014,Checkers,0,GAME_OVER,29,28,2,1008,2,OSLA,2,1,1,RandomPlayerConfig
1437296834,Checkers,0,GAME_OVER,31,30,2,1009,2,OSLA,2,1,1,RandomPlayerConfig
1700070603,Checkers,0,GAME_OVER,28,27,2,1010,2,OSLA,2,1,1,RandomPlayerConfig
-1561081910,Checkers,0,GAME_OVER,31,30,2,1011,2,OSLA,2,1,1,RandomPlayerConfig
-969854519,Checkers,0,GAME_OVER,40,39,2,1012,2,OSLA,2,1,1,RandomPlayerConfig
1843078800,Checkers,0,GAME_OVER,36,35,2,1013,2,OSLA,2,1,1,RandomPlayerConfig
1066787509,Checkers,0,GAME_OVER,36,35,2,1014,2,OSLA,2,1,1,RandomPlayerConfig
1189586314,Checkers,0,GAME_OVER,26,25,2,1015,2,OSLA,2,1,1,RandomPlayerConfig
-611826476,Checkers,0,GAME_OVER,33,32,2,1016,2,OSLA,2,1,1,RandomPlayerConfig
-1544709741,Checkers,0,GAME_OVER,33,32,2,1017,2,OSLA,2,1,1,RandomPlayerConfig
794318347,Checkers,0,GAME_OVER,26,25,2,1018,2,OSLA,2,1,1,RandomPlayerConfig
-1286713953,Checkers,0,GAME_OVER,26,25,2,1019,2,OSLA,2,1,1,RandomPlayerConfig
1187731884,Checkers,0,GAME_OVER,29,28,2,1020,2,OSLA,2,1,1,RandomPlayerConfig
-1346212036,Checkers,0,GAME_OVER,37,36,2,1021,2,OSLA,2,1,1,RandomPlayerConfig
2095173186,Checkers,0,GAME_OVER,33,32,2,1022,2,OSLA,2,1,1,RandomPlayerConfig
1685697746,Checkers,0,GAME_OVER,33,32,2,1023,2,OSLA,2,1,1,RandomPlayerConfig
525282589,Checkers,0,GAME_OVER,32,31,2,1024,2,OSLA,2,1,1,RandomPlayerConfig
-1848612161,Checkers,0,GAME_OVER,41,40,2,1025,2,OSLA,2,1,1,RandomPlayerConfig
1419713974,Checkers,0,GAME_OVER,32,31,2,1026,2,OSLA,2,1,1,RandomPlayerConfig
317029565,Checkers,0,GAME_OVER,30,29,2,1027,2,OSLA,2,1,1,RandomPlayerConfig
-1293604324,Checkers,0,GAME_OVER,31,30,2,1028,2,OSLA,2,1,1,RandomPlayerConfig
-746695878,Checkers,0,GAME_OVER,35,34,2,1029,2,OSLA,2,1,1,RandomPlayerConfig
-735693053,Checkers,0,GAME_OVER,34,33,2,1030,2,OSLA,2,1,1,RandomPlayerConfig
780011660,Checkers,0,GAME_OVER,32,31,2,1031,2,OSLA,2,1,1,RandomPlayerConfig
-59287236,Checkers,0,GAME_OVER,28,27,2,1032,2,OSLA,2,1,1,RandomPlayerConfig
2006589468,Checkers,0,GAME_OVER,34,33,2,1033,2,OSLA,2,1,1,RandomPlayerConfig
587590548,Checkers,0,GAME_OVER,30,29,2,1034,2,OSLA,2,1,1,RandomPlayerConfig
482187783,Checkers,0,GAME_OVER,33,32,2,1035,2,OSLA,2,1,1,RandomPlayerConfig
1982813031,Checkers,0,GAME_OVER,34,33,2,1036,2,OSLA,2,1,1,RandomPlayerConfig
1223428036,Checkers,0,GAME_OVER,31,30,2,1037,2,OSLA,2,1,1,RandomPlayerConfig
-1111851144,Checkers,0,GAME_OVER,32,31,2,1038,2,OSLA,2,1,1,RandomPlayerConfig
-15746353,Checkers,0,GAME_OVER,25,24,2,1039,2,OSLA,2,1,1,RandomPlayerConfig
-452121655,Checkers,0,GAME_OVER,32,31,2,1040,2,OSLA,2,1,1,RandomPlayerConfig
1687770216,Checkers,0,GAME_OVER,33,32,2,1041,2,OSLA,2,1,1,RandomPlayerConfig
657925756,Checkers,0,GAME_OVER,39,38,2,1042,2,OSLA,2,1,1,RandomPlayerConfig
1999336935,Checkers,0,GAME_OVER,25,24,2,1043,2,OSLA,2,1,1,RandomPlayerConfig
-2136046321,Checkers,0,GAME_OVER,25,24,2,1044,2,OSLA,2,1,1,RandomPlayerConfig
-1427823816,Checkers,0,GAME_OVER,33,32,2,1045,2,OSLA,2,1,1,RandomPlayerConfig
-2082357643,Checkers,0,GAME_OVER,21,20,2,1046,2,OSLA,2,1,1,RandomPlayerConfig
1796810102,Checkers,0,GAME_OVER,34,33,2,1047,2,OSLA,2,1,1,RandomPlayerConfig
1230325200,Checkers,0,GAME_OVER,38,37,2,1048,2,OSLA,2,1,1,RandomPlayerConfig
1494970818,Checkers,0,GAME_OVER,39,38,2,1049,2,OSLA,2,1,1,RandomPlayerConfig
1625250525,Checkers,0,GAME_OVER,35,34,2,1050,2,OSLA,2,1,1,RandomPlayerConfig
-1432299318,Checkers,0,GAME_OVER,30,29,2,1051,2,OSLA,2,1,1,RandomPlayerConfig
725655627,Checkers,0,GAME_OVER,37,36,2,1052,2,OSLA,2,1,1,RandomPlayerConfig
1163206040,Checkers,0,GAME_OVER,30,29,2,1053,2,OSLA,2,1,1,RandomPlayerConfig
560297376,Checkers,0,GAME_OVER,34,33,2,1054,2,OSLA,2,1,1,RandomPlayerConfig
1210750624,Checkers,0,GAME_OVER,36,35,2,1055,2,OSLA,2,1,1,RandomPlayerConfig
1617060179,Checkers,0,GAME_OVER,32,31,2,1056,2,OSLA,2,1,1,RandomPlayerConfig
-1098270161,Checkers,0,GAME_OVER,37,36,2,1057,2,OSLA,2,1,1,RandomPlayerConfig
1387059512,Checkers,0,GAME_OVER,34,33,2,1058,2,OSLA,2,1,1,RandomPlayerConfig
-1209401438,Checkers,0,GAME_OVER,34,33,2,1059,2,OSLA,2,1,1,RandomPlayerConfig
866499206,Checkers,0,GAME_OVER,32,31,2,1060,2,OSLA,2,1,1,RandomPlayerConfig
-884055799,Checkers,0,GAME_OVER,35,34,2,1061,2,OSLA,2,1,1,RandomPlayerConfig
-345991177,Checkers,0,GAME_OVER,20,19,2,1062,2,OSLA,2,1,1,RandomPlayerConfig
1573066032,Checkers,0,GAME_OVER,33,32,2,1063,2,OSLA,2,1,1,RandomPlayerConfig
714865605,Checkers,0,GAME_OVER,30,29,2,1064,2,OSLA,2,1,1,RandomPlayerConfig
-1511071722,Checkers,0,GAME_OVER,27,26,2,1065,2,OSLA,2,1,1,RandomPlayerConfig
1043637411,Checkers,0,GAME_OVER,33,32,2,1066,2,OSLA,2,1,1,RandomPlayerConfig
619587682,Checkers,0,GAME_OVER,36,35,2,1067,2,OSLA,2,1,1,RandomPlayerConfig
-1363742753,Checkers,0,GAME_OVER,32,31,2,1068,2,OSLA,2,1,1,RandomPlayerConfig
-947852713,Checkers,0,GAME_OVER,24,23,2,1069,2,OSLA,2,1,1,RandomPlayerConfig
-34283449,Checkers,0,GAME_OVER,27,26,2,1070,2,OSLA,2,1,1,RandomPlayerConfig
1480406349,Checkers,0,GAME_OVER,29,28,2,1071,2,OSLA,2,1,1,RandomPlayerConfig
-1921003377,Checkers,0,GAME_OVER,35,34,2,1072,2,OSLA,2,1,1,RandomPlayerConfig
1533488837,Checkers,0,GAME_OVER,31,30,2,1073,2,OSLA,2,1,1,RandomPlayerConfig
85373256,Checkers,0,GAME_OVER,32,31,2,1074,2,OSLA,2,1,1,RandomPlayerConfig
121974405,Checkers,0,GAME_OVER,35,34,2,1075,2,OSLA,2,1,1,RandomPlayerConfig
984941992,Checkers,0,GAME_OVER,36,35,2,1076,2,OSLA,2,1,1,RandomPlayerConfig
2075425136,Checkers,0,GAME_OVER,36,35,2,1077,2,OSLA,2,1,1,RandomPlayerConfig
-521898058,Checkers,0,GAME_OVER,27,26,2,1078,2,OSLA,2,1,1,RandomPlayerConfig
1741815011,Checkers,0,GAME_OVER,32,31,2,1079,2,OSLA,2,1,1,RandomPlayerConfig
1193812878,Checkers,0,GAME_OVER,38,37,2,1080,2,OSLA,2,1,1,RandomPlayerConfig
1799176938,Checkers,0,GAME_OVER,34,33,2,1081,2,OSLA,2,1,1,RandomPlayerConfig
972780260,Checkers,0,GAME_OVER,25,24,2,1082,2,OSLA,2,1,1,RandomPlayerConfig
1815361416,Checkers,0,GAME_OVER,29,28,2,1083,2,OSLA,2,1,1,RandomPlayerConfig
1322835176,Checkers,0,GAME_OVER,30,29,2,1084,2,OSLA,2,1,1,RandomPlayerConfig
371741157,Checkers,0,GAME_OVER,38,37,2,1085,2,OSLA,2,1,1,RandomPlayerConfig
-1102451655,Checkers,0,GAME_OVER,29,28,2,1086,2,OSLA,2,1,1,RandomPlayerConfig
308533281,Checkers,0,GAME_OVER,34,33,2,1087,2,OSLA,2,1,1,RandomPlayerConfig
-10429549,Checkers,0,GAME_OVER,28,27,2,1088,2,OSLA,2,1,1,RandomPlayerConfig
1270174490,Checkers,0,GAME_OVER,35,34,2,1089,2,OSLA,2,1,1,RandomPlayerConfig
-448480440,Checkers,0,GAME_OVER,33,32,2,1090,2,OSLA,2,1,1,RandomPlayerConfig
501444460,Checkers,0,GAME_OVER,30,29,2,1091,2,OSLA,2,1,1,RandomPlayerConfig
1083159769,Checkers,0,GAME_OVER,37,36,2,1092,2,OSLA,2,1,1,RandomPlayerConfig
1576700780,Checkers,0,GAME_OVER,29,28,2,1093,2,OSLA,2,1,1,RandomPlayerConfig
-756517090,Checkers,0,GAME_OVER,25,24,2,1094,2,OSLA,2,1,1,RandomPlayerConfig
587439610,Checkers,0,GAME_OVER,30,29,2,1095,2,OSLA,2,1,1,RandomPlayerConfig
-346723102,Checkers,0,GAME_OVER,33,32,2,1096,2,OSLA,2,1,1,RandomPlayerConfig
2093549645,Checkers,0,GAME_OVER,25,24,2,1097,2,OSLA,2,1,1,RandomPlayerConfig
1653336284,Checkers,0,GAME_OVER,31,30,2,1098,2,OSLA,2,1,1,RandomPlayerConfig
769578293,Checkers,0,GAME_OVER,34,33,2,1099,2,OSLA,2,1,1,RandomPlayerConfig
2047688042,Checkers,0,GAME_OVER,33,32,2,1100,2,OSLA,2,1,1,RandomPlayerConfig
972616288,Checkers,0,GAME_OVER,30,29,2,1101,2,OSLA,2,1,1,RandomPlayerConfig
1959695236,Checkers,0,GAME_OVER,28,27,2,1102,2,OSLA,2,1,1,RandomPlayerConfig
1315021988,Checkers,0,GAME_OVER,30,29,2,1103,2,OSLA,2,1,1,RandomPlayerConfig
1344377780,Checkers,0,GAME_OVER,31,30,2,1104,2,OSLA,2,1,1,RandomPlayerConfig
357951072,Checkers,0,GAME_OVER,39,38,2,1105,2,OSLA,2,1,1,RandomPlayerConfig
-2058918633,Checkers,0,GAME_OVER,37,36,2,1106,2,OSLA,2,1,1,RandomPlayerConfig
-583788691,Checkers,0,GAME_OVER,32,31,2,1107,2,OSLA,2,1,1,RandomPlayerConfig
1763539389,Checkers,0,GAME_OVER,29,28,2,1108,2,OSLA,2,1,1,RandomPlayerConfig
-1082296257,Checkers,0,GAME_OVER,36,35,2,1109,2,OSLA,2,1,1,RandomPlayerConfig
709158110,Checkers,0,GAME_OVER,30,29,2,1110,2,OSLA,2,1,1,RandomPlayerConfig
396158491,Checkers,0,GAME_OVER,33,32,2,1111,2,OSLA,2,1,1,RandomPlayerConfig
-1345397067,Checkers,0,GAME_OVER,33,32,2,1112,2,OSLA,2,1,1,RandomPlayerConfig
1669350546,Checkers,0,GAME_OVER,27,26,2,1113,2,OSLA,2,1,1,RandomPlayerConfig
-466521336,Checkers,0,GAME_OVER,30,29,2,1114,2,OSLA,2,1,1,RandomPlayerConfig
1925152929,Checkers,0,GAME_OVER,35,34,2,1115,2,OSLA,2,1,1,RandomPlayerConfig
-530550102,Checkers,0,GAME_OVER,31,30,2,1116,2,OSLA,2,1,1,RandomPlayerConfig
-919063509,Checkers,0,GAME_OVER,37,36,2,1117,2,OSLA,2,1,1,RandomPlayerConfig
-800887435,Checkers,0,GAME_OVER,30,29,2,1118,2,OSLA,2,1,1,RandomPlayerConfig
-1121831777,Checkers,0,GAME_OVER,29,28,2,1119,2,OSLA,2,1,1,RandomPlayerConfig
-1819735674,Checkers,0,GAME_OVER,37,36,2,1120,2,OSLA,2,1,1,RandomPlayerConfig
2085410311,Checkers,0,GAME_OVER,27,26,2,1121,2,OSLA,2,1,1,RandomPlayerConfig
-1001763376,Checkers,0,GAME_OVER,35,34,2,1122,2,OSLA,2,1,1,RandomPlayerConfig
1350169571,Checkers,0,GAME_OVER,23,22,2,1123,2,OSLA,2,1,1,RandomPlayerConfig
5880123,Checkers,0,GAME_OVER,36,35,2,1124,2,OSLA,2,1,1,RandomPlayerConfig
1879634794,Checkers,0,GAME_OVER,42,41,2,1125,2,OSLA,2,1,1,RandomPlayerConfig
-1125706525,Checkers,0,GAME_OVER,33,32,2,1126,2,OSLA,2,1,1,RandomPlayerConfig
2039316273,Checkers,0,GAME_OVER,29,28,2,1127,2,OSLA,2,1,1,RandomPlayerConfig
-1257035972,Checkers,0,GAME_OVER,59,58,2,1128,2,OSLA,2,1,1,RandomPlayerConfig
1421001288,Checkers,0,GAME_OVER,30,29,2,1129,2,OSLA,2,1,1,RandomPlayerConfig
-1651534043,Checkers,0,GAME_OVER,37,36,2,1130,2,OSLA,2,1,1,RandomPlayerConfig
551156039,Checkers,0,GAME_OVER,32,31,2,1131,2,OSLA,2,1,1,RandomPlayerConfig
1090369838,Checkers,0,GAME_OVER,30,29,2,1132,2,OSLA,2,1,1,RandomPlayerConfig
575298023,Checkers,0,GAME_OVER,30,29,2,1133,2,OSLA,2,1,1,RandomPlayerConfig
530677400,Checkers,0,GAME_OVER,28,27,2,1134,2,OSLA,2,1,1,RandomPlayerConfig
817833498,Checkers,0,GAME_OVER,27,26,2,1135,2,OSLA,2,1,1,RandomPlayerConfig
-1060660001,Checkers,0,GAME_OVER,30,29,2,1136,2,OSLA,2,1,1,RandomPlayerConfig
1151880641,Checkers,0,GAME_OVER,30,29,2,1137,2,OSLA,2,1,1,RandomPlayerConfig
-1664936495,Checkers,0,GAME_OVER,34,33,2,1138,2,OSLA,2,1,1,RandomPlayerConfig
1167710822,Checkers,0,GAME_OVER,37,36,2,1139,2,OSLA,2,1,1,RandomPlayerConfig
-542712970,Checkers,0,GAME_OVER,32,31,2,1140,2,OSLA,2,1,1,RandomPlayerConfig
-2144300370,Checkers,0,GAME_OVER,33,32,2,1141,2,OSLA,2,1,1,RandomPlayerConfig
-1642254248,Checkers,0,GAME_OVER,30,29,2,1142,2,OSLA,2,1,1,RandomPlayerConfig
-1248370843,Checkers,0,GAME_OVER,33,32,2,1143,2,OSLA,2,1,1,RandomPlayerConfig
145550316,Checkers,0,GAME_OVER,31,30,2,1144,2,OSLA,2,1,1,RandomPlayerConfig
-1561587134,Checkers,0,GAME_OVER,32,31,2,1145,2,OSLA,2,1,1,RandomPlayerConfig
-690305999,Checkers,0,GAME_OVER,31,30,2,1146,2,OSLA,2,1,1,RandomPlayerConfig
-915091747,Checkers,0,GAME_OVER,23,22,2,1147,2,OSLA,2,1,1,RandomPlayerConfig
-929269573,Checkers,0,GAME_OVER,36,35,2,1148,2,OSLA,2,1,1,RandomPlayerConfig
-1776447373,Checkers,0,GAME_OVER,49,48,2,1149,2,OSLA,2,1,1,RandomPlayerConfig
1376782522,Checkers,0,GAME_OVER,36,35,2,1150,2,OSLA,2,1,1,RandomPlayerConfig
822717280,Checkers,0,GAME_OVER,25,24,2,1151,2,OSLA,2,1,1,RandomPlayerConfig
1214860500,Checkers,0,GAME_OVER,37,36,2,1152,2,OSLA,2,1,1,RandomPlayerConfig
2123155327,Checkers,0,GAME_OVER,30,29,2,1153,2,OSLA,2,1,1,RandomPlayerConfig
468987575,Checkers,0,GAME_OVER,25,24,2,1154,2,OSLA,2,1,1,RandomPlayerConfig
-156419889,Checkers,0,GAME_OVER,30,29,2,1155,2,OSLA,2,1,1,RandomPlayerConfig
244685781,Checkers,0,GAME_OVER,28,27,2,1156,2,OSLA,2,1,1,RandomPlayerConfig
-2012422644,Checkers,0,GAME_OVER,38,37,2,1157,2,OSLA,2,1,1,RandomPlayerConfig
-646576725,Checkers,0,GAME_OVER,42,41,2,1158,2,OSLA,2,1,1,RandomPlayerConfig
-679847649,Checkers,0,GAME_OVER,35,34,2,1159,2,OSLA,2,1,1,RandomPlayerConfig
153033083,Checkers,0,GAME_OVER,28,27,2,1160,2,OSLA,2,1,1,RandomPlayerConfig
1500617616,Checkers,0,GAME_OVER,28,27,2,1161,2,OSLA,2,1,1,RandomPlayerConfig
2028282473,Checkers,0,GAME_OVER,36,35,2,1162,2,OSLA,2,1,1,RandomPlayerConfig
1550709087,Checkers,0,GAME_OVER,32,31,2,1163,2,OSLA,2,1,1,RandomPlayerConfig
635540564,Checkers,0,GAME_OVER,26,25,2,1164,2,OSLA,2,1,1,RandomPlayerConfig
1132003058,Checkers,0,GAME_OVER,30,29,2,1165,2,OSLA,2,1,1,RandomPlayerConfig
535714537,Checkers,0,GAME_OVER,27,26,2,1166,2,OSLA,2,1,1,RandomPlayerConfig
93854457,Checkers,0,GAME_OVER,41,40,2,1167,2,OSLA,2,1,1,RandomPlayerConfig
1266419641,Checkers,0,GAME_OVER,30,29,2,1168,2,OSLA,2,1,1,RandomPlayerConfig
761600881,Checkers,0,GAME_OVER,36,35,2,1169,2,OSLA,2,1,1,RandomPlayerConfig
2143529823,Checkers,0,GAME_OVER,27,26,2,1170,2,OSLA,2,1,1,RandomPlayerConfig
2102961463,Checkers,0,GAME_OVER,34,33,2,1171,2,OSLA,2,1,1,RandomPlayerConfig
1679841531,Checkers,0,GAME_OVER,30,29,2,1172,2,OSLA,2,1,1,RandomPlayerConfig
1465671621,Checkers,0,GAME_OVER,27,26,2,1173,2,OSLA,2,1,1,RandomPlayerConfig
-449521527,Checkers,0,GAME_OVER,25,24,2,1174,2,OSLA,2,1,1,RandomPlayerConfig
304327433,Checkers,0,GAME_OVER,31,30,2,1175,2,OSLA,2,1,1,RandomPlayerConfig
-578472996,Checkers,0,GAME_OVER,25,24,2,1176,2,OSLA,2,1,1,RandomPlayerConfig
-211506301,Checkers,0,GAME_OVER,23,22,2,1177,2,OSLA,2,1,1,RandomPlayerConfig
1627349832,Checkers,0,GAME_OVER,34,33,2,1178,2,OSLA,2,1,1,RandomPlayerConfig
-1714208507,Checkers,0,GAME_OVER,28,27,2,1179,2,OSLA,2,1,1,RandomPlayerConfig
-1196115391,Checkers,0,GAME_OVER,30,29,2,1180,2,OSLA,2,1,1,RandomPlayerConfig
-1540368699,Checkers,0,GAME_OVER,28,27,2,1181,2,OSLA,2,1,1,RandomPlayerConfig
-906911374,Checkers,0,GAME_OVER,37,36,2,1182,2,OSLA,2,1,1,RandomPlayerConfig
-1638432850,Checkers,0,GAME_OVER,25,24,2,1183,2,OSLA,2,1,1,RandomPlayerConfig
686422820,Checkers,0,GAME_OVER,34,33,2,1184,2,OSLA,2,1,1,RandomPlayerConfig
1530302473,Checkers,0,GAME_OVER,44,43,2,1185,2,OSLA,2,1,1,RandomPlayerConfig
-1209659418,Checkers,0,GAME_OVER,33,32,2,1186,2,OSLA,2,1,1,RandomPlayerConfig
149319160,Checkers,0,GAME_OVER,35,34,2,1187,2,OSLA,2,1,1,RandomPlayerConfig
760898767,Checkers,0,GAME_OVER,31,30,2,1188,2,OSLA,2,1,1,RandomPlayerConfig
805876825,Checkers,0,GAME_OVER,28,27,2,1189,2,OSLA,2,1,1,RandomPlayerConfig
-648465952,Checkers,0,GAME_OVER,26,25,2,1190,2,OSLA,2,1,1,RandomPlayerConfig
-220098549,Checkers,0,GAME_OVER,35,34,2,1191,2,OSLA,2,1,1,RandomPlayerConfig
1441244742,Checkers,0,GAME_OVER,31,30,2,1192,2,OSLA,2,1,1,RandomPlayerConfig
1602782636,Checkers,0,GAME_OVER,37,36,2,1193,2,OSLA,2,1,1,RandomPlayerConfig
-1364356723,Checkers,0,GAME_OVER,28,27,2,1194,2,OSLA,2,1,1,RandomPlayerConfig
1522474567,Checkers,0,GAME_OVER,25,24,2,1195,2,OSLA,2,1,1,RandomPlayerConfig
-2121681916,Checkers,0,GAME_OVER,31,30,2,1196,2,OSLA,2,1,1,RandomPlayerConfig
221799308,Checkers,0,GAME_OVER,33,32,2,1197,2,OSLA,2,1,1,RandomPlayerConfig
458667489,Checkers,0,GAME_OVER,26,25,2,1198,2,OSLA,2,1,1,RandomPlayerConfig
60893320,Checkers,0,GAME_OVER,20,19,2,1199,2,OSLA,2,1,1,RandomPlayerConfig
1443357674,Checkers,0,GAME_OVER,37,36,2,1200,2,OSLA,2,1,1,RandomPlayerConfig
-384243208,Checkers,0,GAME_OVER,38,37,2,1201,2,OSLA,2,1,1,RandomPlayerConfig
-2143063354,Checkers,0,GAME_OVER,51,50,2,1202,1,RandomPlayerConfig,1,2,2,MCTS_CheckersHeuristic
200594778,Checkers,0,GAME_OVER,51,50,2,1203,1,RandomPlayerConfig,1,2,2,MCTS_CheckersHeuristic
-514941224,Checkers,0,GAME_OVER,45,44,2,1204,1,RandomPlayerConfig,1,2,2,MCTS_CheckersHeuristic
179287199,Checkers,0,GAME_OVER,50,49,2,1205,1,RandomPlayerConfig,1,2,2,MCTS_CheckersHeuristic
2146590640,Checkers,0,GAME_OVER,71,70,2,1206,1,RandomPlayerConfig,1,2,2,MCTS_CheckersHeuristic
1378180065,Checkers,0,GAME_OVER,47,46,2,1207,1,RandomPlayerConfig,1,2,2,MCTS_CheckersHeuristic
-2036371014,Checkers,0,GAME_OVER,45,44,2,1208,1,RandomPlayerConfig,1,2,2,MCTS_CheckersHeuristic
1437296834,Checkers,0,GAME_OVER,44,43,2,1209,1,RandomPlayerConfig,1,2,2,MCTS_CheckersHeuristic
1700070603,Checkers,0,GAME_OVER,47,46,2,1210,1,RandomPlayerConfig,1,2,2,MCTS_CheckersHeuristic
-1561081910,Checkers,0,GAME_OVER,36,35,2,1211,1,RandomPlayerConfig,1,2,2,MCTS_CheckersHeuristic
-969854519,Checkers,0,GAME_OVER,49,48,2,1212,1,RandomPlayerConfig,1,2,2,MCTS_CheckersHeuristic
1843078800,Checkers,0,GAME_OVER,46,45,2,1213,1,RandomPlayerConfig,1,2,2,MCTS_CheckersHeuristic
1066787509,Checkers,0,GAME_OVER,34,33,2,1214,1,RandomPlayerConfig,1,2,2,MCTS_CheckersHeuristic
1189586314,Checkers,0,GAME_OVER,49,48,2,1215,1,RandomPlayerConfig,1,2,2,MCTS_CheckersHeuristic
-611826476,Checkers,0,GAME_OVER,45,44,2,1216,1,RandomPlayerConfig,1,2,2,MCTS_CheckersHeuristic
-1544709741,Checkers,0,GAME_OVER,50,49,2,1217,1,RandomPlayerConfig,1,2,2,MCTS_CheckersHeuristic
794318347,Checkers,0,GAME_OVER,40,39,2,1218,1,RandomPlayerConfig,1,2,2,MCTS_CheckersHeuristic
-1286713953,Checkers,0,GAME_OVER,56,55,2,1219,1,RandomPlayerConfig,1,2,2,MCTS_CheckersHeuristic
1187731884,Checkers,0,GAME_OVER,61,60,2,1220,1,RandomPlayerConfig,1,2,2,MCTS_CheckersHeuristic
-1346212036,Checkers,0,GAME_OVER,42,41,2,1221,1,RandomPlayerConfig,1,2,2,MCTS_CheckersHeuristic
2095173186,Checkers,0,GAME_OVER,43,42,2,1222,1,RandomPlayerConfig,1,2,2,MCTS_CheckersHeuristic
1685697746,Checkers,0,GAME_OVER,57,56,2,1223,1,RandomPlayerConfig,1,2,2,MCTS_CheckersHeuristic
525282589,Checkers,0,GAME_OVER,40,39,2,1224,2,RandomPlayerConfig,2,1,1,MCTS_CheckersHeuristic
-1848612161,Checkers,0,GAME_OVER,49,48,2,1225,1,RandomPlayerConfig,1,2,2,MCTS_CheckersHeuristic
1419713974,Checkers,0,GAME_OVER,44,43,2,1226,1,RandomPlayerConfig,1,2,2,MCTS_CheckersHeuristic
317029565,Checkers,0,GAME_OVER,55,54,2,1227,1,RandomPlayerConfig,1,2,2,MCTS_CheckersHeuristic
-1293604324,Checkers,0,GAME_OVER,48,47,2,1228,1,RandomPlayerConfig,1,2,2,MCTS_CheckersHeuristic
-746695878,Checkers,0,GAME_OVER,47,46,2,1229,1,RandomPlayerConfig,1,2,2,MCTS_CheckersHeuristic
-735693053,Checkers,0,GAME_OVER,51,50,2,1230,1,RandomPlayerConfig,1,2,2,MCTS_CheckersHeuristic
780011660,Checkers,0,GAME_OVER,69,68,2,1231,1,RandomPlayerConfig,1,2,2,MCTS_CheckersHeuristic
-59287236,Checkers,0,GAME_OVER,46,45,2,1232,1,RandomPlayerConfig,1,2,2,MCTS_CheckersHeuristic
2006589468,Checkers,0,GAME_OVER,69,68,2,1233,1,RandomPlayerConfig,1,2,2,MCTS_CheckersHeuristic
587590548,Checkers,0,GAME_OVER,43,42,2,1234,1,RandomPlayerConfig,1,2,2,MCTS_CheckersHeuristic
482187783,Checkers,0,GAME_OVER,40,39,2,1235,1,RandomPlayerConfig,1,2,2,MCTS_CheckersHeuristic
1982813031,Checkers,0,GAME_OVER,54,53,2,1236,1,RandomPlayerConfig,1,2,2,MCTS_CheckersHeuristic
1223428036,Checkers,0,GAME_OVER,46,45,2,1237,1,RandomPlayerConfig,1,2,2,MCTS_CheckersHeuristic
-1111851144,Checkers,0,GAME_OVER,43,42,2,1238,1,RandomPlayerConfig,1,2,2,MCTS_CheckersHeuristic
-15746353,Checkers,0,GAME_OVER,43,42,2,1239,1,RandomPlayerConfig,1,2,2,MCTS_CheckersHeuristic
-452121655,Checkers,0,GAME_OVER,38,37,2,1240,1,RandomPlayerConfig,1,2,2,MCTS_CheckersHeuristic
1687770216,Checkers,0,GAME_OVER,48,47,2,1241,1,RandomPlayerConfig,1,2,2,MCTS_CheckersHeuristic
657925756,Checkers,0,GAME_OVER,57,56,2,1242,1,RandomPlayerConfig,1,2,2,MCTS_CheckersHeuristic
1999336935,Checkers,0,GAME_OVER,54,53,2,1243,1,RandomPlayerConfig,1,2,2,MCTS_CheckersHeuristic
-2136046321,Checkers,0,GAME_OVER,47,46,2,1244,1,RandomPlayerConfig,1,2,2,MCTS_CheckersHeuristic
-1427823816,Checkers,0,GAME_OVER,47,46,2,1245,1,RandomPlayerConfig,1,2,2,MCTS_CheckersHeuristic
-2082357643,Checkers,0,GAME_OVER,51,50,2,1246,1,RandomPlayerConfig,1,2,2,MCTS_CheckersHeuristic
1796810102,Checkers,0,GAME_OVER,58,57,2,1247,1,RandomPlayerConfig,1,2,2,MCTS_CheckersHeuristic
1230325200,Checkers,0,GAME_OVER,39,38,2,1248,1,RandomPlayerConfig,1,2,2,MCTS_CheckersHeuristic
1494970818,Checkers,0,GAME_OVER,46,45,2,1249,1,RandomPlayerConfig,1,2,2,MCTS_CheckersHeuristic
1625250525,Checkers,0,GAME_OVER,48,47,2,1250,1,RandomPlayerConfig,1,2,2,MCTS_CheckersHeuristic
-1432299318,Checkers,0,GAME_OVER,45,44,2,1251,1,RandomPlayerConfig,1,2,2,MCTS_CheckersHeuristic
725655627,Checkers,0,GAME_OVER,50,49,2,1252,1,RandomPlayerConfig,1,2,2,MCTS_CheckersHeuristic
1163206040,Checkers,0,GAME_OVER,48,47,2,1253,1,RandomPlayerConfig,1,2,2,MCTS_CheckersHeuristic
560297376,Checkers,0,GAME_OVER,57,56,2,1254,1,RandomPlayerConfig,1,2,2,MCTS_CheckersHeuristic
1210750624,Checkers,0,GAME_OVER,59,58,2,1255,1,RandomPlayerConfig,1,2,2,MCTS_CheckersHeuristic
1617060179,Checkers,0,GAME_OVER,49,48,2,1256,1,RandomPlayerConfig,1,2,2,MCTS_CheckersHeuristic
-1098270161,Checkers,0,GAME_OVER,53,52,2,1257,1,RandomPlayerConfig,1,2,2,MCTS_CheckersHeuristic
1387059512,Checkers,0,GAME_OVER,45,44,2,1258,1,RandomPlayerConfig,1,2,2,MCTS_CheckersHeuristic
-1209401438,Checkers,0,GAME_OVER,51,50,2,1259,1,RandomPlayerConfig,1,2,2,MCTS_CheckersHeuristic
866499206,Checkers,0,GAME_OVER,44,43,2,1260,1,RandomPlayerConfig,1,2,2,MCTS_CheckersHeuristic
-884055799,Checkers,0,GAME_OVER,83,82,2,1261,1,RandomPlayerConfig,1,2,2,MCTS_CheckersHeuristic
-345991177,Checkers,0,GAME_OVER,49,48,2,1262,1,RandomPlayerConfig,1,2,2,MCTS_CheckersHeuristic
1573066032,Checkers,0,GAME_OVER,48,47,2,1263,1,RandomPlayerConfig,1,2,2,MCTS_CheckersHeuristic
714865605,Checkers,0,GAME_OVER,50,49,2,1264,1,RandomPlayerConfig,1,2,2,MCTS_CheckersHeuristic
-1511071722,Checkers,0,GAME_OVER,46,45,2,1265,1,RandomPlayerConfig,1,2,2,MCTS_CheckersHeuristic
1043637411,Checkers,0,GAME_OVER,39,38,2,1266,1,RandomPlayerConfig,1,2,2,MCTS_CheckersHeuristic
619587682,Checkers,0,GAME_OVER,57,56,2,1267,1,RandomPlayerConfig,1,2,2,MCTS_CheckersHeuristic
-1363742753,Checkers,0,GAME_OVER,44,43,2,1268,1,RandomPlayerConfig,1,2,2,MCTS_CheckersHeuristic
-947852713,Checkers,0,GAME_OVER,44,43,2,1269,1,RandomPlayerConfig,1,2,2,MCTS_CheckersHeuristic
-34283449,Checkers,0,GAME_OVER,53,52,2,1270,1,RandomPlayerConfig,1,2,2,MCTS_CheckersHeuristic
1480406349,Checkers,0,GAME_OVER,47,46,2,1271,1,RandomPlayerConfig,1,2,2,MCTS_CheckersHeuristic
-1921003377,Checkers,0,GAME_OVER,42,41,2,1272,1,RandomPlayerConfig,1,2,2,MCTS_CheckersHeuristic
1533488837,Checkers,0,GAME_OVER,45,44,2,1273,1,RandomPlayerConfig,1,2,2,MCTS_CheckersHeuristic
85373256,Checkers,0,GAME_OVER,42,41,2,1274,1,RandomPlayerConfig,1,2,2,MCTS_CheckersHeuristic
121974405,Checkers,0,GAME_OVER,42,41,2,1275,1,RandomPlayerConfig,1,2,2,MCTS_CheckersHeuristic
984941992,Checkers,0,GAME_OVER,40,39,2,1276,1,RandomPlayerConfig,1,2,2,MCTS_CheckersHeuristic
2075425136,Checkers,0,GAME_OVER,51,50,2,1277,1,RandomPlayerConfig,1,2,2,MCTS_CheckersHeuristic
-521898058,Checkers,0,GAME_OVER,39,38,2,1278,1,RandomPlayerConfig,1,2,2,MCTS_CheckersHeuristic
1741815011,Checkers,0,GAME_OVER,40,39,2,1279,1,RandomPlayerConfig,1,2,2,MCTS_CheckersHeuristic
1193812878,Checkers,0,GAME_OVER,43,42,2,1280,1,RandomPlayerConfig,1,2,2,MCTS_CheckersHeuristic
1799176938,Checkers,0,GAME_OVER,64,63,2,1281,1,RandomPlayerConfig,1,2,2,MCTS_CheckersHeuristic
972780260,Checkers,0,GAME_OVER,40,39,2,1282,1,RandomPlayerConfig,1,2,2,MCTS_CheckersHeuristic
1815361416,Checkers,0,GAME_OVER,47,46,2,1283,1,RandomPlayerConfig,1,2,2,MCTS_CheckersHeuristic
1322835176,Checkers,0,GAME_OVER,40,39,2,1284,1,RandomPlayerConfig,1,2,2,MCTS_CheckersHeuristic
371741157,Checkers,0,GAME_OVER,47,46,2,1285,1,RandomPlayerConfig,1,2,2,MCTS_CheckersHeuristic
-1102451655,Checkers,0,GAME_OVER,45,44,2,1286,1,RandomPlayerConfig,1,2,2,MCTS_CheckersHeuristic
308533281,Checkers,0,GAME_OVER,47,46,2,1287,1,RandomPlayerConfig,1,2,2,MCTS_CheckersHeuristic
-10429549,Checkers,0,GAME_OVER,66,65,2,1288,1,RandomPlayerConfig,1,2,2,MCTS_CheckersHeuristic
1270174490,Checkers,0,GAME_OVER,46,45,2,1289,1,RandomPlayerConfig,1,2,2,MCTS_CheckersHeuristic
-448480440,Checkers,0,GAME_OVER,58,57,2,1290,1,RandomPlayerConfig,1,2,2,MCTS_CheckersHeuristic
501444460,Checkers,0,GAME_OVER,46,45,2,1291,1,RandomPlayerConfig,1,2,2,MCTS_CheckersHeuristic
1083159769,Checkers,0,GAME_OVER,40,39,2,1292,1,RandomPlayerConfig,1,2,2,MCTS_CheckersHeuristic
1576700780,Checkers,0,GAME_OVER,41,40,2,1293,1,RandomPlayerConfig,1,2,2,MCTS_CheckersHeuristic
-756517090,Checkers,0,GAME_OVER,48,47,2,1294,1,RandomPlayerConfig,1,2,2,MCTS_CheckersHeuristic
587439610,Checkers,0,GAME_OVER,35,34,2,1295,1,RandomPlayerConfig,1,2,2,MCTS_CheckersHeuristic
-346723102,Checkers,0,GAME_OVER,41,40,2,1296,1,RandomPlayerConfig,1,2,2,MCTS_CheckersHeuristic
2093549645,Checkers,0,GAME_OVER,46,45,2,1297,1,RandomPlayerConfig,1,2,2,MCTS_CheckersHeuristic
1653336284,Checkers,0,GAME_OVER,48,47,2,1298,1,RandomPlayerConfig,1,2,2,MCTS_CheckersHeuristic
769578293,Checkers,0,GAME_OVER,58,57,2,1299,1,RandomPlayerConfig,1,2,2,MCTS_CheckersHeuristic
2047688042,Checkers,0,GAME_OVER,47,46,2,1300,1,RandomPlayerConfig,1,2,2,MCTS_CheckersHeuristic
972616288,Checkers,0,GAME_OVER,45,44,2,1301,1,RandomPlayerConfig,1,2,2,MCTS_CheckersHeuristic
1959695236,Checkers,0,GAME_OVER,41,40,2,1302,1,RandomPlayerConfig,1,2,2,MCTS_CheckersHeuristic
1315021988,Checkers,0,GAME_OVER,49,48,2,1303,1,RandomPlayerConfig,1,2,2,MCTS_CheckersHeuristic
1344377780,Checkers,0,GAME_OVER,48,47,2,1304,1,RandomPlayerConfig,1,2,2,MCTS_CheckersHeuristic
357951072,Checkers,0,GAME_OVER,66,65,2,1305,1,RandomPlayerConfig,1,2,2,MCTS_CheckersHeuristic
-2058918633,Checkers,0,GAME_OVER,73,72,2,1306,1,RandomPlayerConfig,1,2,2,MCTS_CheckersHeuristic
-583788691,Checkers,0,GAME_OVER,50,49,2,1307,1,RandomPlayerConfig,1,2,2,MCTS_CheckersHeuristic
1763539389,Checkers,0,GAME_OVER,41,40,2,1308,1,RandomPlayerConfig,1,2,2,MCTS_CheckersHeuristic
-1082296257,Checkers,0,GAME_OVER,42,41,2,1309,1,RandomPlayerConfig,1,2,2,MCTS_CheckersHeuristic
709158110,Checkers,0,GAME_OVER,57,56,2,1310,1,RandomPlayerConfig,1,2,2,MCTS_CheckersHeuristic
396158491,Checkers,0,GAME_OVER,46,45,2,1311,1,RandomPlayerConfig,1,2,2,MCTS_CheckersHeuristic
-1345397067,Checkers,0,GAME_OVER,46,45,2,1312,2,RandomPlayerConfig,2,1,1,MCTS_CheckersHeuristic
1669350546,Checkers,0,GAME_OVER,47,46,2,1313,1,RandomPlayerConfig,1,2,2,MCTS_CheckersHeuristic
-466521336,Checkers,0,GAME_OVER,44,43,2,1314,1,RandomPlayerConfig,1,2,2,MCTS_CheckersHeuristic
1925152929,Checkers,0,GAME_OVER,47,46,2,1315,1,RandomPlayerConfig,1,2,2,MCTS_CheckersHeuristic
-530550102,Checkers,0,GAME_OVER,45,44,2,1316,1,RandomPlayerConfig,1,2,2,MCTS_CheckersHeuristic
-919063509,Checkers,0,GAME_OVER,48,47,2,1317,1,RandomPlayerConfig,1,2,2,MCTS_CheckersHeuristic
-800887435,Checkers,0,GAME_OVER,61,60,2,1318,1,RandomPlayerConfig,1,2,2,MCTS_CheckersHeuristic
-1121831777,Checkers,0,GAME_OVER,52,51,2,1319,1,RandomPlayerConfig,1,2,2,MCTS_CheckersHeuristic
-1819735674,Checkers,0,GAME_OVER,45,44,2,1320,1,RandomPlayerConfig,1,2,2,MCTS_CheckersHeuristic
2085410311,Checkers,0,GAME_OVER,60,59,2,1321,1,RandomPlayerConfig,1,2,2,MCTS_CheckersHeuristic
-1001763376,Checkers,0,GAME_OVER,55,54,2,1322,1,RandomPlayerConfig,1,2,2,MCTS_CheckersHeuristic
1350169571,Checkers,0,GAME_OVER,43,42,2,1323,1,RandomPlayerConfig,1,2,2,MCTS_CheckersHeuristic
5880123,Checkers,0,GAME_OVER,46,45,2,1324,1,RandomPlayerConfig,1,2,2,MCTS_CheckersHeuristic
1879634794,Checkers,0,GAME_OVER,43,42,2,1325,1,RandomPlayerConfig,1,2,2,MCTS_CheckersHeuristic
-1125706525,Checkers,0,GAME_OVER,44,43,2,1326,1,RandomPlayerConfig,1,2,2,MCTS_CheckersHeuristic
2039316273,Checkers,0,GAME_OVER,43,42,2,1327,1,RandomPlayerConfig,1,2,2,MCTS_CheckersHeuristic
-1257035972,Checkers,0,GAME_OVER,69,68,2,1328,1,RandomPlayerConfig,1,2,2,MCTS_CheckersHeuristic
1421001288,Checkers,0,GAME_OVER,48,47,2,1329,1,RandomPlayerConfig,1,2,2,MCTS_CheckersHeuristic
-1651534043,Checkers,0,GAME_OVER,40,39,2,1330,1,RandomPlayerConfig,1,2,2,MCTS_CheckersHeuristic
551156039,Checkers,0,GAME_OVER,56,55,2,1331,1,RandomPlayerConfig,1,2,2,MCTS_CheckersHeuristic
1090369838,Checkers,0,GAME_OVER,43,42,2,1332,1,RandomPlayerConfig,1,2,2,MCTS_CheckersHeuristic
575298023,Checkers,0,GAME_OVER,43,42,2,1333,1,RandomPlayerConfig,1,2,2,MCTS_CheckersHeuristic
530677400,Checkers,0,GAME_OVER,49,48,2,1334,1,RandomPlayerConfig,1,2,2,MCTS_CheckersHeuristic
817833498,Checkers,0,GAME_OVER,46,45,2,1335,1,RandomPlayerConfig,1,2,2,MCTS_CheckersHeuristic
-1060660001,Checkers,0,GAME_OVER,43,42,2,1336,1,RandomPlayerConfig,1,2,2,MCTS_CheckersHeuristic
1151880641,Checkers,0,GAME_OVER,46,45,2,1337,1,RandomPlayerConfig,1,2,2,MCTS_CheckersHeuristic
-1664936495,Checkers,0,GAME_OVER,42,41,2,1338,1,RandomPlayerConfig,1,2,2,MCTS_CheckersHeuristic
1167710822,Checkers,0,GAME_OVER,42,41,2,1339,1,RandomPlayerConfig,1,2,2,MCTS_CheckersHeuristic
-542712970,Checkers,0,GAME_OVER,42,41,2,1340,1,RandomPlayerConfig,1,2,2,MCTS_CheckersHeuristic
-2144300370,Checkers,0,GAME_OVER,51,50,2,1341,1,RandomPlayerConfig,1,2,2,MCTS_CheckersHeuristic
-1642254248,Checkers,0,GAME_OVER,51,50,2,1342,1,RandomPlayerConfig,1,2,2,MCTS_CheckersHeuristic
-1248370843,Checkers,0,GAME_OVER,68,67,2,1343,1,RandomPlayerConfig,1,2,2,MCTS_CheckersHeuristic
145550316,Checkers,0,GAME_OVER,50,49,2,1344,1,RandomPlayerConfig,1,2,2,MCTS_CheckersHeuristic
-1561587134,Checkers,0,GAME_OVER,53,52,2,1345,1,RandomPlayerConfig,1,2,2,MCTS_CheckersHeuristic
-690305999,Checkers,0,GAME_OVER,55,54,2,1346,1,RandomPlayerConfig,1,2,2,MCTS_CheckersHeuristic
-915091747,Checkers,0,GAME_OVER,50,49,2,1347,1,RandomPlayerConfig,1,2,2,MCTS_CheckersHeuristic
-929269573,Checkers,0,GAME_OVER,51,50,2,1348,1,RandomPlayerConfig,1,2,2,MCTS_CheckersHeuristic
-1776447373,Checkers,0,GAME_OVER,44,43,2,1349,1,RandomPlayerConfig,1,2,2,MCTS_CheckersHeuristic
1376782522,Checkers,0,GAME_OVER,47,46,2,1350,1,RandomPlayerConfig,1,2,2,MCTS_CheckersHeuristic
822717280,Checkers,0,GAME_OVER,47,46,2,1351,1,RandomPlayerConfig,1,2,2,MCTS_CheckersHeuristic
1214860500,Checkers,0,GAME_OVER,62,61,2,1352,1,RandomPlayerConfig,1,2,2,MCTS_CheckersHeuristic
2123155327,Checkers,0,GAME_OVER,37,36,2,1353,1,RandomPlayerConfig,1,2,2,MCTS_CheckersHeuristic
468987575,Checkers,0,GAME_OVER,61,60,2,1354,1,RandomPlayerConfig,1,2,2,MCTS_CheckersHeuristic
-156419889,Checkers,0,GAME_OVER,58,57,2,1355,1,RandomPlayerConfig,1,2,2,MCTS_CheckersHeuristic
244685781,Checkers,0,GAME_OVER,55,54,2,1356,1,RandomPlayerConfig,1,2,2,MCTS_CheckersHeuristic
-2012422644,Checkers,0,GAME_OVER,50,49,2,1357,1,RandomPlayerConfig,1,2,2,MCTS_CheckersHeuristic
-646576725,Checkers,0,GAME_OVER,54,53,2,1358,1,RandomPlayerConfig,1,2,2,MCTS_CheckersHeuristic
-679847649,Checkers,0,GAME_OVER,63,62,2,1359,1,RandomPlayerConfig,1,2,2,MCTS_CheckersHeuristic
153033083,Checkers,0,GAME_OVER,57,56,2,1360,1,RandomPlayerConfig,1,2,2,MCTS_CheckersHeuristic
1500617616,Checkers,0,GAME_OVER,42,41,2,1361,1,RandomPlayerConfig,1,2,2,MCTS_CheckersHeuristic
2028282473,Checkers,0,GAME_OVER,36,35,2,1362,1,RandomPlayerConfig,1,2,2,MCTS_CheckersHeuristic
1550709087,Checkers,0,GAME_OVER,47,46,2,1363,1,RandomPlayerConfig,1,2,2,MCTS_CheckersHeuristic
635540564,Checkers,0,GAME_OVER,43,42,2,1364,1,RandomPlayerConfig,1,2,2,MCTS_CheckersHeuristic
1132003058,Checkers,0,GAME_OVER,45,44,2,1365,1,RandomPlayerConfig,1,2,2,MCTS_CheckersHeuristic
535714537,Checkers,0,GAME_OVER,49,48,2,1366,1,RandomPlayerConfig,1,2,2,MCTS_CheckersHeuristic
93854457,Checkers,0,GAME_OVER,54,53,2,1367,1,RandomPlayerConfig,1,2,2,MCTS_CheckersHeuristic
1266419641,Checkers,0,GAME_OVER,49,48,2,1368,1,RandomPlayerConfig,1,2,2,MCTS_CheckersHeuristic
761600881,Checkers,0,GAME_OVER,54,53,2,1369,1,RandomPlayerConfig,1,2,2,MCTS_CheckersHeuristic
2143529823,Checkers,0,GAME_OVER,58,57,2,1370,1,RandomPlayerConfig,1,2,2,MCTS_CheckersHeuristic
2102961463,Checkers,0,GAME_OVER,50,49,2,1371,1,RandomPlayerConfig,1,2,2,MCTS_CheckersHeuristic
1679841531,Checkers,0,GAME_OVER,45,44,2,1372,1,RandomPlayerConfig,1,2,2,MCTS_CheckersHeuristic
1465671621,Checkers,0,GAME_OVER,52,51,2,1373,1,RandomPlayerConfig,1,2,2,MCTS_CheckersHeuristic
-449521527,Checkers,0,GAME_OVER,53,52,2,1374,1,RandomPlayerConfig,1,2,2,MCTS_CheckersHeuristic
304327433,Checkers,0,GAME_OVER,53,52,2,1375,1,RandomPlayerConfig,1,2,2,MCTS_CheckersHeuristic
-578472996,Checkers,0,GAME_OVER,50,49,2,1376,1,RandomPlayerConfig,1,2,2,MCTS_CheckersHeuristic
-211506301,Checkers,0,GAME_OVER,39,38,2,1377,1,RandomPlayerConfig,1,2,2,MCTS_CheckersHeuristic
1627349832,Checkers,0,GAME_OVER,51,50,2,1378,1,RandomPlayerConfig,1,2,2,MCTS_CheckersHeuristic
-1714208507,Checkers,0,GAME_OVER,42,41,2,1379,1,RandomPlayerConfig,1,2,2,MCTS_CheckersHeuristic
-1196115391,Checkers,0,GAME_OVER,39,38,2,1380,2,RandomPlayerConfig,2,1,1,MCTS_CheckersHeuristic
-1540368699,Checkers,0,GAME_OVER,50,49,2,1381,1,RandomPlayerConfig,1,2,2,MCTS_CheckersHeuristic
-906911374,Checkers,0,GAME_OVER,38,37,2,1382,1,RandomPlayerConfig,1,2,2,MCTS_CheckersHeuristic
-1638432850,Checkers,0,GAME_OVER,55,54,2,1383,1,RandomPlayerConfig,1,2,2,MCTS_CheckersHeuristic
686422820,Checkers,0,GAME_OVER,50,49,2,1384,1,RandomPlayerConfig,1,2,2,MCTS_CheckersHeuristic
1530302473,Checkers,0,GAME_OVER,52,51,2,1385,1,RandomPlayerConfig,1,2,2,MCTS_CheckersHeuristic
-1209659418,Checkers,0,GAME_OVER,65,64,2,1386,1,RandomPlayerConfig,1,2,2,MCTS_CheckersHeuristic
149319160,Checkers,0,GAME_OVER,49,48,2,1387,1,RandomPlayerConfig,1,2,2,MCTS_CheckersHeuristic
760898767,Checkers,0,GAME_OVER,53,52,2,1388,1,RandomPlayerConfig,1,2,2,MCTS_CheckersHeuristic
805876825,Checkers,0,GAME_OVER,52,51,2,1389,1,RandomPlayerConfig,1,2,2,MCTS_CheckersHeuristic
-648465952,Checkers,0,GAME_OVER,49,48,2,1390,1,RandomPlayerConfig,1,2,2,MCTS_CheckersHeuristic
-220098549,Checkers,0,GAME_OVER,46,45,2,1391,1,RandomPlayerConfig,1,2,2,MCTS_CheckersHeuristic
1441244742,Checkers,0,GAME_OVER,46,45,2,1392,1,RandomPlayerConfig,1,2,2,MCTS_CheckersHeuristic
1602782636,Checkers,0,GAME_OVER,49,48,2,1393,1,RandomPlayerConfig,1,2,2,MCTS_CheckersHeuristic
-1364356723,Checkers,0,GAME_OVER,49,48,2,1394,1,RandomPlayerConfig,1,2,2,MCTS_CheckersHeuristic
1522474567,Checkers,0,GAME_OVER,53,52,2,1395,1,RandomPlayerConfig,1,2,2,MCTS_CheckersHeuristic
-2121681916,Checkers,0,GAME_OVER,44,43,2,1396,1,RandomPlayerConfig,1,2,2,MCTS_CheckersHeuristic
221799308,Checkers,0,GAME_OVER,50,49,2,1397,1,RandomPlayerConfig,1,2,2,MCTS_CheckersHeuristic
458667489,Checkers,0,GAME_OVER,62,61,2,1398,1,RandomPlayerConfig,1,2,2,MCTS_CheckersHeuristic
60893320,Checkers,0,GAME_OVER,45,44,2,1399,1,RandomPlayerConfig,1,2,2,MCTS_CheckersHeuristic
1443357674,Checkers,0,GAME_OVER,46,45,2,1400,1,RandomPlayerConfig,1,2,2,MCTS_CheckersHeuristic
-384243208,Checkers,0,GAME_OVER,44,43,2,1401,1,RandomPlayerConfig,1,2,2,MCTS_CheckersHeuristic
-2143063354,Checkers,0,GAME_OVER,48,47,2,1402,1,RandomPlayerConfig,1,2,2,OSLA
200594778,Checkers,0,GAME_OVER,48,47,2,1403,1,RandomPlayerConfig,1,2,2,OSLA
-514941224,Checkers,0,GAME_OVER,45,44,2,1404,1,RandomPlayerConfig,1,2,2,OSLA
179287199,Checkers,0,GAME_OVER,47,46,2,1405,1,RandomPlayerConfig,1,2,2,OSLA
2146590640,Checkers,0,GAME_OVER,49,48,2,1406,1,RandomPlayerConfig,1,2,2,OSLA
1378180065,Checkers,0,GAME_OVER,44,43,2,1407,1,RandomPlayerConfig,1,2,2,OSLA
-2036371014,Checkers,0,GAME_OVER,52,51,2,1408,1,RandomPlayerConfig,1,2,2,OSLA
1437296834,Checkers,0,GAME_OVER,47,46,2,1409,1,RandomPlayerConfig,1,2,2,OSLA
1700070603,Checkers,0,GAME_OVER,38,37,2,1410,1,RandomPlayerConfig,1,2,2,OSLA
-1561081910,Checkers,0,GAME_OVER,48,47,2,1411,1,RandomPlayerConfig,1,2,2,OSLA
-969854519,Checkers,0,GAME_OVER,55,54,2,1412,1,RandomPlayerConfig,1,2,2,OSLA
1843078800,Checkers,0,GAME_OVER,41,40,2,1413,1,RandomPlayerConfig,1,2,2,OSLA
1066787509,Checkers,0,GAME_OVER,48,47,2,1414,1,RandomPlayerConfig,1,2,2,OSLA
1189586314,Checkers,0,GAME_OVER,45,44,2,1415,1,RandomPlayerConfig,1,2,2,OSLA
-611826476,Checkers,0,GAME_OVER,94,93,2,1416,1,RandomPlayerConfig,1,2,2,OSLA
-1544709741,Checkers,0,GAME_OVER,42,41,2,1417,1,RandomPlayerConfig,1,2,2,OSLA
794318347,Checkers,0,GAME_OVER,47,46,2,1418,1,RandomPlayerConfig,1,2,2,OSLA
-1286713953,Checkers,0,GAME_OVER,45,44,2,1419,1,RandomPlayerConfig,1,2,2,OSLA
1187731884,Checkers,0,GAME_OVER,51,50,2,1420,1,RandomPlayerConfig,1,2,2,OSLA
-1346212036,Checkers,0,GAME_OVER,37,36,2,1421,1,RandomPlayerConfig,1,2,2,OSLA
2095173186,Checkers,0,GAME_OVER,45,44,2,1422,1,RandomPlayerConfig,1,2,2,OSLA
1685697746,Checkers,0,GAME_OVER,53,52,2,1423,1,RandomPlayerConfig,1,2,2,OSLA
525282589,Checkers,0,GAME_OVER,34,33,2,1424,1,RandomPlayerConfig,1,2,2,OSLA
-1848612161,Checkers,0,GAME_OVER,65,64,2,1425,1,RandomPlayerConfig,1,2,2,OSLA
1419713974,Checkers,0,GAME_OVER,50,49,2,1426,1,RandomPlayerConfig,1,2,2,OSLA
317029565,Checkers,0,GAME_OVER,43,42,2,1427,1,RandomPlayerConfig,1,2,2,OSLA
-1293604324,Checkers,0,GAME_OVER,35,34,2,1428,1,RandomPlayerConfig,1,2,2,OSLA
-746695878,Checkers,0,GAME_OVER,40,39,2,1429,1,RandomPlayerConfig,1,2,2,OSLA
-735693053,Checkers,0,GAME_OVER,43,42,2,1430,1,RandomPlayerConfig,1,2,2,OSLA
780011660,Checkers,0,GAME_OVER,44,43,2,1431,1,RandomPlayerConfig,1,2,2,OSLA
-59287236,Checkers,0,GAME_OVER,42,41,2,1432,1,RandomPlayerConfig,1,2,2,OSLA
2006589468,Checkers,0,GAME_OVER,44,43,2,1433,1,RandomPlayerConfig,1,2,2,OSLA
587590548,Checkers,0,GAME_OVER,52,51,2,1434,1,RandomPlayerConfig,1,2,2,OSLA
482187783,Checkers,0,GAME_OVER,47,46,2,1435,1,RandomPlayerConfig,1,2,2,OSLA
1982813031,Checkers,0,GAME_OVER,38,37,2,1436,1,RandomPlayerConfig,1,2,2,OSLA
1223428036,Checkers,0,GAME_OVER,39,38,2,1437,2,RandomPlayerConfig,2,1,1,OSLA
-1111851144,Checkers,0,GAME_OVER,52,51,2,1438,1,RandomPlayerConfig,1,2,2,OSLA
-15746353,Checkers,0,GAME_OVER,42,41,2,1439,1,RandomPlayerConfig,1,2,2,OSLA
-452121655,Checkers,0,GAME_OVER,73,72,2,1440,1,RandomPlayerConfig,1,2,2,OSLA
1687770216,Checkers,0,GAME_OVER,39,38,2,1441,1,RandomPlayerConfig,1,2,2,OSLA
657925756,Checkers,0,GAME_OVER,42,41,2,1442,1,RandomPlayerConfig,1,2,2,OSLA
1999336935,Checkers,0,GAME_OVER,47,46,2,1443,1,RandomPlayerConfig,1,2,2,OSLA
-2136046321,Checkers,0,GAME_OVER,61,60,2,1444,1,RandomPlayerConfig,1,2,2,OSLA
-1427823816,Checkers,0,GAME_OVER,40,39,2,1445,1,RandomPlayerConfig,1,2,2,OSLA
-2082357643,Checkers,0,GAME_OVER,49,48,2,1446,1,RandomPlayerConfig,1,2,2,OSLA
1796810102,Checkers,0,GAME_OVER,70,69,2,1447,1,RandomPlayerConfig,1,2,2,OSLA
1230325200,Checkers,0,GAME_OVER,55,54,2,1448,1,RandomPlayerConfig,1,2,2,OSLA
1494970818,Checkers,0,GAME_OVER,41,40,2,1449,1,RandomPlayerConfig,1,2,2,OSLA
1625250525,Checkers,0,GAME_OVER,40,39,2,1450,1,RandomPlayerConfig,1,2,2,OSLA
-1432299318,Checkers,0,GAME_OVER,44,43,2,1451,1,RandomPlayerConfig,1,2,2,OSLA
725655627,Checkers,0,GAME_OVER,46,45,2,1452,1,RandomPlayerConfig,1,2,2,OSLA
1163206040,Checkers,0,GAME_OVER,61,60,2,1453,1,RandomPlayerConfig,1,2,2,OSLA
560297376,Checkers,0,GAME_OVER,49,48,2,1454,1,RandomPlayerConfig,1,2,2,OSLA
1210750624,Checkers,0,GAME_OVER,44,43,2,1455,1,RandomPlayerConfig,1,2,2,OSLA
1617060179,Checkers,0,GAME_OVER,54,53,2,1456,1,RandomPlayerConfig,1,2,2,OSLA
-1098270161,Checkers,0,GAME_OVER,57,56,2,1457,1,RandomPlayerConfig,1,2,2,OSLA
1387059512,Checkers,0,GAME_OVER,51,50,2,1458,1,RandomPlayerConfig,1,2,2,OSLA
-1209401438,Checkers,0,GAME_OVER,52,51,2,1459,1,RandomPlayerConfig,1,2,2,OSLA
866499206,Checkers,0,GAME_OVER,47,46,2,1460,1,RandomPlayerConfig,1,2,2,OSLA
-884055799,Checkers,0,GAME_OVER,67,66,2,1461,1,RandomPlayerConfig,1,2,2,OSLA
-345991177,Checkers,0,GAME_OVER,60,59,2,1462,1,RandomPlayerConfig,1,2,2,OSLA
1573066032,Checkers,0,GAME_OVER,41,40,2,1463,1,RandomPlayerConfig,1,2,2,OSLA
714865605,Checkers,0,GAME_OVER,42,41,2,1464,1,RandomPlayerConfig,1,2,2,OSLA
-1511071722,Checkers,0,GAME_OVER,47,46,2,1465,1,RandomPlayerConfig,1,2,2,OSLA
1043637411,Checkers,0,GAME_OVER,53,52,2,1466,1,RandomPlayerConfig,1,2,2,OSLA
619587682,Checkers,0,GAME_OVER,46,45,2,1467,1,RandomPlayerConfig,1,2,2,OSLA
-1363742753,Checkers,0,GAME_OVER,53,52,2,1468,1,RandomPlayerConfig,1,2,2,OSLA
-947852713,Checkers,0,GAME_OVER,39,38,2,1469,1,RandomPlayerConfig,1,2,2,OSLA
-34283449,Checkers,0,GAME_OVER,43,42,2,1470,1,RandomPlayerConfig,1,2,2,OSLA
1480406349,Checkers,0,GAME_OVER,43,42,2,1471,1,RandomPlayerConfig,1,2,2,OSLA
-1921003377,Checkers,0,GAME_OVER,48,47,2,1472,1,RandomPlayerConfig,1,2,2,OSLA
1533488837,Checkers,0,GAME_OVER,57,56,2,1473,1,RandomPlayerConfig,1,2,2,OSLA
85373256,Checkers,0,GAME_OVER,48,47,2,1474,1,RandomPlayerConfig,1,2,2,OSLA
121974405,Checkers,0,GAME_OVER,46,45,2,1475,1,RandomPlayerConfig,1,2,2,OSLA
984941992,Checkers,0,GAME_OVER,37,36,2,1476,1,RandomPlayerConfig,1,2,2,OSLA
2075425136,Checkers,0,GAME_OVER,45,44,2,1477,2,RandomPlayerConfig,2,1,1,OSLA
-521898058,Checkers,0,GAME_OVER,50,49,2,1478,1,RandomPlayerConfig,1,2,2,OSLA
1741815011,Checkers,0,GAME_OVER,45,44,2,1479,2,RandomPlayerConfig,2,1,1,OSLA
1193812878,Checkers,0,GAME_OVER,50,49,2,1480,1,RandomPlayerConfig,1,2,2,OSLA
1799176938,Checkers,0,GAME_OVER,41,40,2,1481,1,RandomPlayerConfig,1,2,2,OSLA
972780260,Checkers,0,GAME_OVER,82,81,2,1482,1,RandomPlayerConfig,1,2,2,OSLA
1815361416,Checkers,0,GAME_OVER,74,73,2,1483,1,RandomPlayerConfig,1,2,2,OSLA
1322835176,Checkers,0,GAME_OVER,40,39,2,1484,1,RandomPlayerConfig,1,2,2,OSLA
371741157,Checkers,0,GAME_OVER,76,75,2,1485,1,RandomPlayerConfig,1,2,2,OSLA
-1102451655,Checkers,0,GAME_OVER,67,66,2,1486,1,RandomPlayerConfig,1,2,2,OSLA
308533281,Checkers,0,GAME_OVER,48,47,2,1487,1,RandomPlayerConfig,1,2,2,OSLA
-10429549,Checkers,0,GAME_OVER,47,46,2,1488,1,RandomPlayerConfig,1,2,2,OSLA
1270174490,Checkers,0,GAME_OVER,48,47,2,1489,1,RandomPlayerConfig,1,2,2,OSLA
-448480440,Checkers,0,GAME_OVER,62,61,2,1490,1,RandomPlayerConfig,1,2,2,OSLA
501444460,Checkers,0,GAME_OVER,48,47,2,1491,1,RandomPlayerConfig,1,2,2,OSLA
1083159769,Checkers,0,GAME_OVER,55,54,2,1492,1,RandomPlayerConfig,1,2,2,OSLA
1576700780,Checkers,0,GAME_OVER,50,49,2,1493,1,RandomPlayerConfig,1,2,2,OSLA
-756517090,Checkers,0,GAME_OVER,73,72,2,1494,1,RandomPlayerConfig,1,2,2,OSLA
587439610,Checkers,0,GAME_OVER,56,55,2,1495,1,RandomPlayerConfig,1,2,2,OSLA
-346723102,Checkers,0,GAME_OVER,54,53,2,1496,1,RandomPlayerConfig,1,2,2,OSLA
2093549645,Checkers,0,GAME_OVER,58,57,2,1497,1,RandomPlayerConfig,1,2,2,OSLA
1653336284,Checkers,0,GAME_OVER,45,44,2,1498,1,RandomPlayerConfig,1,2,2,OSLA
769578293,Checkers,0,GAME_OVER,49,48,2,1499,1,RandomPlayerConfig,1,2,2,OSLA
2047688042,Checkers,0,GAME_OVER,40,39,2,1500,1,RandomPlayerConfig,1,2,2,OSLA
972616288,Checkers,0,GAME_OVER,41,40,2,1501,2,RandomPlayerConfig,2,1,1,OSLA
1959695236,Checkers,0,GAME_OVER,41,40,2,1502,1,RandomPlayerConfig,1,2,2,OSLA
1315021988,Checkers,0,GAME_OVER,49,48,2,1503,1,RandomPlayerConfig,1,2,2,OSLA
1344377780,Checkers,0,GAME_OVER,42,41,2,1504,1,RandomPlayerConfig,1,2,2,OSLA
357951072,Checkers,0,GAME_OVER,49,48,2,1505,1,RandomPlayerConfig,1,2,2,OSLA
-2058918633,Checkers,0,GAME_OVER,40,39,2,1506,2,RandomPlayerConfig,2,1,1,OSLA
-583788691,Checkers,0,GAME_OVER,43,42,2,1507,1,RandomPlayerConfig,1,2,2,OSLA
1763539389,Checkers,0,GAME_OVER,48,47,2,1508,1,RandomPlayerConfig,1,2,2,OSLA
-1082296257,Checkers,0,GAME_OVER,62,61,2,1509,1,RandomPlayerConfig,1,2,2,OSLA
709158110,Checkers,0,GAME_OVER,48,47,2,1510,1,RandomPlayerConfig,1,2,2,OSLA
396158491,Checkers,0,GAME_OVER,57,56,2,1511,1,RandomPlayerConfig,1,2,2,OSLA
-1345397067,Checkers,0,GAME_OVER,48,47,2,1512,1,RandomPlayerConfig,1,2,2,OSLA
1669350546,Checkers,0,GAME_OVER,52,51,2,1513,1,RandomPlayerConfig,1,2,2,OSLA
-466521336,Checkers,0,GAME_OVER,47,46,2,1514,1,RandomPlayerConfig,1,2,2,OSLA
1925152929,Checkers,0,GAME_OVER,40,39,2,1515,1,RandomPlayerConfig,1,2,2,OSLA
-530550102,Checkers,0,GAME_OVER,44,43,2,1516,1,RandomPlayerConfig,1,2,2,OSLA
-919063509,Checkers,0,GAME_OVER,64,63,2,1517,1,RandomPlayerConfig,1,2,2,OSLA
-800887435,Checkers,0,GAME_OVER,40,39,2,1518,2,RandomPlayerConfig,2,1,1,OSLA
-1121831777,Checkers,0,GAME_OVER,54,53,2,1519,1,RandomPlayerConfig,1,2,2,OSLA
-1819735674,Checkers,0,GAME_OVER,42,41,2,1520,2,RandomPlayerConfig,2,1,1,OSLA
2085410311,Checkers,0,GAME_OVER,44,43,2,1521,1,RandomPlayerConfig,1,2,2,OSLA
-1001763376,Checkers,0,GAME_OVER,56,55,2,1522,1,RandomPlayerConfig,1,2,2,OSLA
1350169571,Checkers,0,GAME_OVER,44,43,2,1523,1,RandomPlayerConfig,1,2,2,OSLA
5880123,Checkers,0,GAME_OVER,56,55,2,1524,1,RandomPlayerConfig,1,2,2,OSLA
1879634794,Checkers,0,GAME_OVER,53,52,2,1525,1,RandomPlayerConfig,1,2,2,OSLA
-1125706525,Checkers,0,GAME_OVER,46,45,2,1526,1,RandomPlayerConfig,1,2,2,OSLA
2039316273,Checkers,0,GAME_OVER,48,47,2,1527,1,RandomPlayerConfig,1,2,2,OSLA
-1257035972,Checkers,0,GAME_OVER,47,46,2,1528,2,RandomPlayerConfig,2,1,1,OSLA
1421001288,Checkers,0,GAME_OVER,52,51,2,1529,1,RandomPlayerConfig,1,2,2,OSLA
-1651534043,Checkers,0,GAME_OVER,42,41,2,1530,1,RandomPlayerConfig,1,2,2,OSLA
551156039,Checkers,0,GAME_OVER,36,35,2,1531,1,RandomPlayerConfig,1,2,2,OSLA
1090369838,Checkers,0,GAME_OVER,49,48,2,1532,1,RandomPlayerConfig,1,2,2,OSLA
575298023,Checkers,0,GAME_OVER,68,67,2,1533,1,RandomPlayerConfig,1,2,2,OSLA
530677400,Checkers,0,GAME_OVER,42,41,2,1534,1,RandomPlayerConfig,1,2,2,OSLA
817833498,Checkers,0,GAME_OVER,45,44,2,1535,1,RandomPlayerConfig,1,2,2,OSLA
-1060660001,Checkers,0,GAME_OVER,51,50,2,1536,1,RandomPlayerConfig,1,2,2,OSLA
1151880641,Checkers,0,GAME_OVER,68,67,2,1537,1,RandomPlayerConfig,1,2,2,OSLA
-1664936495,Checkers,0,GAME_OVER,39,38,2,1538,1,RandomPlayerConfig,1,2,2,OSLA
1167710822,Checkers,0,GAME_OVER,40,39,2,1539,1,RandomPlayerConfig,1,2,2,OSLA
-542712970,Checkers,0,GAME_OVER,44,43,2,1540,1,RandomPlayerConfig,1,2,2,OSLA
-2144300370,Checkers,0,GAME_OVER,54,53,2,1541,1,RandomPlayerConfig,1,2,2,OSLA
-1642254248,Checkers,0,GAME_OVER,52,51,2,1542,1,RandomPlayerConfig,1,2,2,OSLA
-1248370843,Checkers,0,GAME_OVER,43,42,2,1543,1,RandomPlayerConfig,1,2,2,OSLA
145550316,Checkers,0,GAME_OVER,53,52,2,1544,1,RandomPlayerConfig,1,2,2,OSLA
-1561587134,Checkers,0,GAME_OVER,44,43,2,1545,1,RandomPlayerConfig,1,2,2,OSLA
-690305999,Checkers,0,GAME_OVER,51,50,2,1546,1,RandomPlayerConfig,1,2,2,OSLA
-915091747,Checkers,0,GAME_OVER,64,63,2,1547,1,RandomPlayerConfig,1,2,2,OSLA
-929269573,Checkers,0,GAME_OVER,52,51,2,1548,1,RandomPlayerConfig,1,2,2,OSLA
-1776447373,Checkers,0,GAME_OVER,37,36,2,1549,1,RandomPlayerConfig,1,2,2,OSLA
1376782522,Checkers,0,GAME_OVER,89,88,2,1550,1,RandomPlayerConfig,1,2,2,OSLA
822717280,Checkers,0,GAME_OVER,51,50,2,1551,1,RandomPlayerConfig,1,2,2,OSLA
1214860500,Checkers,0,GAME_OVER,49,48,2,1552,1,RandomPlayerConfig,1,2,2,OSLA
2123155327,Checkers,0,GAME_OVER,84,83,2,1553,2,RandomPlayerConfig,2,1,1,OSLA
468987575,Checkers,0,GAME_OVER,46,45,2,1554,1,RandomPlayerConfig,1,2,2,OSLA
-156419889,Checkers,0,GAME_OVER,47,46,2,1555,1,RandomPlayerConfig,1,2,2,OSLA
244685781,Checkers,0,GAME_OVER,44,43,2,1556,1,RandomPlayerConfig,1,2,2,OSLA
-2012422644,Checkers,0,GAME_OVER,54,53,2,1557,1,RandomPlayerConfig,1,2,2,OSLA
-646576725,Checkers,0,GAME_OVER,51,50,2,1558,1,RandomPlayerConfig,1,2,2,OSLA
-679847649,Checkers,0,GAME_OVER,54,53,2,1559,1,RandomPlayerConfig,1,2,2,OSLA
153033083,Checkers,0,GAME_OVER,38,37,2,1560,1,RandomPlayerConfig,1,2,2,OSLA
1500617616,Checkers,0,GAME_OVER,55,54,2,1561,1,RandomPlayerConfig,1,2,2,OSLA
2028282473,Checkers,0,GAME_OVER,50,49,2,1562,1,RandomPlayerConfig,1,2,2,OSLA
1550709087,Checkers,0,GAME_OVER,59,58,2,1563,1,RandomPlayerConfig,1,2,2,OSLA
635540564,Checkers,0,GAME_OVER,51,50,2,1564,1,RandomPlayerConfig,1,2,2,OSLA
1132003058,Checkers,0,GAME_OVER,56,55,2,1565,1,RandomPlayerConfig,1,2,2,OSLA
535714537,Checkers,0,GAME_OVER,53,52,2,1566,1,RandomPlayerConfig,1,2,2,OSLA
93854457,Checkers,0,GAME_OVER,48,47,2,1567,1,RandomPlayerConfig,1,2,2,OSLA
1266419641,Checkers,0,GAME_OVER,38,37,2,1568,1,RandomPlayerConfig,1,2,2,OSLA
761600881,Checkers,0,GAME_OVER,40,39,2,1569,1,RandomPlayerConfig,1,2,2,OSLA
2143529823,Checkers,0,GAME_OVER,63,62,2,1570,1,RandomPlayerConfig,1,2,2,OSLA
2102961463,Checkers,0,GAME_OVER,89,88,2,1571,1,RandomPlayerConfig,1,2,2,OSLA
1679841531,Checkers,0,GAME_OVER,55,54,2,1572,1,RandomPlayerConfig,1,2,2,OSLA
1465671621,Checkers,0,GAME_OVER,65,64,2,1573,1,RandomPlayerConfig,1,2,2,OSLA
-449521527,Checkers,0,GAME_OVER,61,60,2,1574,1,RandomPlayerConfig,1,2,2,OSLA
304327433,Checkers,0,GAME_OVER,70,69,2,1575,1,RandomPlayerConfig,1,2,2,OSLA
-578472996,Checkers,0,GAME_OVER,41,40,2,1576,1,RandomPlayerConfig,1,2,2,OSLA
-211506301,Checkers,0,GAME_OVER,41,40,2,1577,1,RandomPlayerConfig,1,2,2,OSLA
1627349832,Checkers,0,GAME_OVER,96,95,2,1578,1,RandomPlayerConfig,1,2,2,OSLA
-1714208507,Checkers,0,GAME_OVER,51,50,2,1579,1,RandomPlayerConfig,1,2,2,OSLA
-1196115391,Checkers,0,GAME_OVER,54,53,2,1580,1,RandomPlayerConfig,1,2,2,OSLA
-1540368699,Checkers,0,GAME_OVER,46,45,2,1581,1,RandomPlayerConfig,1,2,2,OSLA
-906911374,Checkers,0,GAME_OVER,73,72,2,1582,1,RandomPlayerConfig,1,2,2,OSLA
-1638432850,Checkers,0,GAME_OVER,44,43,2,1583,1,RandomPlayerConfig,1,2,2,OSLA
686422820,Checkers,0,GAME_OVER,41,40,2,1584,1,RandomPlayerConfig,1,2,2,OSLA
1530302473,Checkers,0,GAME_OVER,59,58,2,1585,2,RandomPlayerConfig,2,1,1,OSLA
-1209659418,Checkers,0,GAME_OVER,45,44,2,1586,1,RandomPlayerConfig,1,2,2,OSLA
149319160,Checkers,0,GAME_OVER,47,46,2,1587,1,RandomPlayerConfig,1,2,2,OSLA
760898767,Checkers,0,GAME_OVER,48,47,2,1588,1,RandomPlayerConfig,1,2,2,OSLA
805876825,Checkers,0,GAME_OVER,45,44,2,1589,1,RandomPlayerConfig,1,2,2,OSLA
-648465952,Checkers,0,GAME_OVER,46,45,2,1590,1,RandomPlayerConfig,1,2,2,OSLA
-220098549,Checkers,0,GAME_OVER,48,47,2,1591,1,RandomPlayerConfig,1,2,2,OSLA
1441244742,Checkers,0,GAME_OVER,78,77,2,1592,1,RandomPlayerConfig,1,2,2,OSLA
1602782636,Checkers,0,GAME_OVER,39,38,2,1593,1,RandomPlayerConfig,1,2,2,OSLA
-1364356723,Checkers,0,GAME_OVER,52,51,2,1594,1,RandomPlayerConfig,1,2,2,OSLA
1522474567,Checkers,0,GAME_OVER,48,47,2,1595,1,RandomPlayerConfig,1,2,2,OSLA
-2121681916,Checkers,0,GAME_OVER,59,58,2,1596,1,RandomPlayerConfig,1,2,2,OSLA
221799308,Checkers,0,GAME_OVER,45,44,2,1597,1,RandomPlayerConfig,1,2,2,OSLA
458667489,Checkers,0,GAME_OVER,55,54,2,1598,1,RandomPlayerConfig,1,2,2,OSLA
60893320,Checkers,0,GAME_OVER,44,43,2,1599,1,RandomPlayerConfig,1,2,2,OSLA
1443357674,Checkers,0,GAME_OVER,49,48,2,1600,1,RandomPlayerConfig,1,2,2,OSLA
-384243208,Checkers,0,GAME_OVER,51,50,2,1601,1,RandomPlayerConfig,1,2,2,OSLA
-2143063354,Checkers,0,GAME_OVER,38,37,2,1602,2,RandomPlayerConfig,2,1,1,RandomPlayerConfig
200594778,Checkers,0,GAME_OVER,50,49,2,1603,2,RandomPlayerConfig,2,1,1,RandomPlayerConfig
-514941224,Checkers,0,GAME_OVER,32,31,2,1604,2,RandomPlayerConfig,2,1,1,RandomPlayerConfig
179287199,Checkers,0,GAME_OVER,33,32,2,1605,2,RandomPlayerConfig,2,1,1,RandomPlayerConfig
2146590640,Checkers,0,GAME_OVER,36,35,2,1606,2,RandomPlayerConfig,2,1,1,RandomPlayerConfig
1378180065,Checkers,0,GAME_OVER,39,38,2,1607,2,RandomPlayerConfig,2,1,1,RandomPlayerConfig
-2036371014,Checkers,0,GAME_OVER,61,60,2,1608,2,RandomPlayerConfig,2,1,1,RandomPlayerConfig
1437296834,Checkers,0,GAME_OVER,39,38,2,1609,2,RandomPlayerConfig,2,1,1,RandomPlayerConfig
1700070603,Checkers,0,GAME_OVER,36,35,2,1610,2,RandomPlayerConfig,2,1,1,RandomPlayerConfig
-1561081910,Checkers,0,GAME_OVER,50,49,2,1611,2,RandomPlayerConfig,2,1,1,RandomPlayerConfig
-969854519,Checkers,0,GAME_OVER,35,34,2,1612,2,RandomPlayerConfig,2,1,1,RandomPlayerConfig
1843078800,Checkers,0,GAME_OVER,29,28,2,1613,2,RandomPlayerConfig,2,1,1,RandomPlayerConfig
1066787509,Checkers,0,GAME_OVER,36,35,2,1614,2,RandomPlayerConfig,2,1,1,RandomPlayerConfig
1189586314,Checkers,0,GAME_OVER,61,60,2,1615,2,RandomPlayerConfig,2,1,1,RandomPlayerConfig
-611826476,Checkers,0,GAME_OVER,28,27,2,1616,2,RandomPlayerConfig,2,1,1,RandomPlayerConfig
-1544709741,Checkers,0,GAME_OVER,53,52,2,1617,1,RandomPlayerConfig,1,2,2,RandomPlayerConfig
794318347,Checkers,0,GAME_OVER,47,46,2,1618,1,RandomPlayerConfig,1,2,2,RandomPlayerConfig
-1286713953,Checkers,0,GAME_OVER,29,28,2,1619,2,RandomPlayerConfig,2,1,1,RandomPlayerConfig
1187731884,Checkers,0,GAME_OVER,30,29,2,1620,2,RandomPlayerConfig,2,1,1,RandomPlayerConfig
-1346212036,Checkers,0,GAME_OVER,38,37,2,1621,2,RandomPlayerConfig,2,1,1,RandomPlayerConfig
2095173186,Checkers,0,GAME_OVER,32,31,2,1622,2,RandomPlayerConfig,2,1,1,RandomPlayerConfig
1685697746,Checkers,0,GAME_OVER,65,64,2,1623,2,RandomPlayerConfig,2,1,1,RandomPlayerConfig
525282589,Checkers,0,GAME_OVER,50,49,2,1624,1,RandomPlayerConfig,1,2,2,RandomPlayerConfig
-1848612161,Checkers,0,GAME_OVER,55,54,2,1625,2,RandomPlayerConfig,2,1,1,RandomPlayerConfig
1419713974,Checkers,0,GAME_OVER,31,30,2,1626,2,RandomPlayerConfig,2,1,1,RandomPlayerConfig
317029565,Checkers,0,GAME_OVER,29,28,2,1627,2,RandomPlayerConfig,2,1,1,RandomPlayerConfig
-1293604324,Checkers,0,GAME_OVER,33,32,2,1628,2,RandomPlayerConfig,2,1,1,RandomPlayerConfig
-746695878,Checkers,0,GAME_OVER,39,38,2,1629,2,RandomPlayerConfig,2,1,1,RandomPlayerConfig
-735693053,Checkers,0,GAME_OVER,33,32,2,1630,2,RandomPlayerConfig,2,1,1,RandomPlayerConfig
780011660,Checkers,0,GAME_OVER,52,51,2,1631,2,RandomPlayerConfig,2,1,1,RandomPlayerConfig
-59287236,Checkers,0,GAME_OVER,32,31,2,1632,2,RandomPlayerConfig,2,1,1,RandomPlayerConfig
2006589468,Checkers,0,GAME_OVER,43,42,2,1633,1,RandomPlayerConfig,1,2,2,RandomPlayerConfig
587590548,Checkers,0,GAME_OVER,32,31,2,1634,2,RandomPlayerConfig,2,1,1,RandomPlayerConfig
482187783,Checkers,0,GAME_OVER,35,34,2,1635,2,RandomPlayerConfig,2,1,1,RandomPlayerConfig
1982813031,Checkers,0,GAME_OVER,43,42,2,1636,2,RandomPlayerConfig,2,1,1,RandomPlayerConfig
1223428036,Checkers,0,GAME_OVER,41,40,2,1637,2,RandomPlayerConfig,2,1,1,RandomPlayerConfig
-1111851144,Checkers,0,GAME_OVER,30,29,2,1638,2,RandomPlayerConfig,2,1,1,RandomPlayerConfig
-15746353,Checkers,0,GAME_OVER,39,38,2,1639,2,RandomPlayerConfig,2,1,1,RandomPlayerConfig
-452121655,Checkers,0,GAME_OVER,34,33,2,1640,2,RandomPlayerConfig,2,1,1,RandomPlayerConfig
1687770216,Checkers,0,GAME_OVER,46,45,2,1641,2,RandomPlayerConfig,2,1,1,RandomPlayerConfig
657925756,Checkers,0,GAME_OVER,32,31,2,1642,2,RandomPlayerConfig,2,1,1,RandomPlayerConfig
1999336935,Checkers,0,GAME_OVER,27,26,2,1643,2,RandomPlayerConfig,2,1,1,RandomPlayerConfig
-2136046321,Checkers,0,GAME_OVER,70,69,2,1644,2,RandomPlayerConfig,2,1,1,RandomPlayerConfig
-1427823816,Checkers,0,GAME_OVER,37,36,2,1645,1,RandomPlayerConfig,1,2,2,RandomPlayerConfig
-2082357643,Checkers,0,GAME_OVER,38,37,2,1646,2,RandomPlayerConfig,2,1,1,RandomPlayerConfig
1796810102,Checkers,0,GAME_OVER,39,38,2,1647,2,RandomPlayerConfig,2,1,1,RandomPlayerConfig
1230325200,Checkers,0,GAME_OVER,43,42,2,1648,2,RandomPlayerConfig,2,1,1,RandomPlayerConfig
1494970818,Checkers,0,GAME_OVER,26,25,2,1649,2,RandomPlayerConfig,2,1,1,RandomPlayerConfig
1625250525,Checkers,0,GAME_OVER,31,30,2,1650,2,RandomPlayerConfig,2,1,1,RandomPlayerConfig
-1432299318,Checkers,0,GAME_OVER,47,46,2,1651,2,RandomPlayerConfig,2,1,1,RandomPlayerConfig
725655627,Checkers,0,GAME_OVER,44,43,2,1652,2,RandomPlayerConfig,2,1,1,RandomPlayerConfig
1163206040,Checkers,0,GAME_OVER,41,40,2,1653,2,RandomPlayerConfig,2,1,1,RandomPlayerConfig
560297376,Checkers,0,GAME_OVER,31,30,2,1654,2,RandomPlayerConfig,2,1,1,RandomPlayerConfig
1210750624,Checkers,0,GAME_OVER,57,56,2,1655,1,RandomPlayerConfig,1,2,2,RandomPlayerConfig
1617060179,Checkers,0,GAME_OVER,41,40,2,1656,2,RandomPlayerConfig,2,1,1,RandomPlayerConfig
-1098270161,Checkers,0,GAME_OVER,51,50,2,1657,1,RandomPlayerConfig,1,2,2,RandomPlayerConfig
1387059512,Checkers,0,GAME_OVER,43,42,2,1658,2,RandomPlayerConfig,2,1,1,RandomPlayerConfig
-1209401438,Checkers,0,GAME_OVER,41,40,2,1659,2,RandomPlayerConfig,2,1,1,RandomPlayerConfig
866499206,Checkers,0,GAME_OVER,53,52,2,1660,2,RandomPlayerConfig,2,1,1,RandomPlayerConfig
-884055799,Checkers,0,GAME_OVER,28,27,2,1661,2,RandomPlayerConfig,2,1,1,RandomPlayerConfig
-345991177,Checkers,0,GAME_OVER,43,42,2,1662,2,RandomPlayerConfig,2,1,1,RandomPlayerConfig
1573066032,Checkers,0,GAME_OVER,40,39,2,1663,1,RandomPlayerConfig,1,2,2,RandomPlayerConfig
714865605,Checkers,0,GAME_OVER,70,69,2,1664,1,RandomPlayerConfig,1,2,2,RandomPlayerConfig
-1511071722,Checkers,0,GAME_OVER,67,66,2,1665,1,RandomPlayerConfig,1,2,2,RandomPlayerConfig
1043637411,Checkers,0,GAME_OVER,31,30,2,1666,2,RandomPlayerConfig,2,1,1,RandomPlayerConfig
619587682,Checkers,0,GAME_OVER,31,30,2,1667,2,RandomPlayerConfig,2,1,1,RandomPlayerConfig
-1363742753,Checkers,0,GAME_OVER,43,42,2,1668,1,RandomPlayerConfig,1,2,2,RandomPlayerConfig
-947852713,Checkers,0,GAME_OVER,80,79,2,1669,2,RandomPlayerConfig,2,1,1,RandomPlayerConfig
-34283449,Checkers,0,GAME_OVER,34,33,2,1670,2,RandomPlayerConfig,2,1,1,RandomPlayerConfig
1480406349,Checkers,0,GAME_OVER,51,50,2,1671,1,RandomPlayerConfig,1,2,2,RandomPlayerConfig
-1921003377,Checkers,0,GAME_OVER,42,41,2,1672,2,RandomPlayerConfig,2,1,1,RandomPlayerConfig
1533488837,Checkers,0,GAME_OVER,72,71,2,1673,2,RandomPlayerConfig,2,1,1,RandomPlayerConfig
85373256,Checkers,0,GAME_OVER,42,41,2,1674,2,RandomPlayerConfig,2,1,1,RandomPlayerConfig
121974405,Checkers,0,GAME_OVER,46,45,2,1675,2,RandomPlayerConfig,2,1,1,RandomPlayerConfig
984941992,Checkers,0,GAME_OVER,46,45,2,1676,2,RandomPlayerConfig,2,1,1,RandomPlayerConfig
2075425136,Checkers,0,GAME_OVER,34,33,2,1677,2,RandomPlayerConfig,2,1,1,RandomPlayerConfig
-521898058,Checkers,0,GAME_OVER,39,38,2,1678,2,RandomPlayerConfig,2,1,1,RandomPlayerConfig
1741815011,Checkers,0,GAME_OVER,39,38,2,1679,2,RandomPlayerConfig,2,1,1,RandomPlayerConfig
1193812878,Checkers,0,GAME_OVER,76,75,2,1680,2,RandomPlayerConfig,2,1,1,RandomPlayerConfig
1799176938,Checkers,0,GAME_OVER,77,76,2,1681,1,RandomPlayerConfig,1,2,2,RandomPlayerConfig
972780260,Checkers,0,GAME_OVER,46,45,2,1682,1,RandomPlayerConfig,1,2,2,RandomPlayerConfig
1815361416,Checkers,0,GAME_OVER,61,60,2,1683,1,RandomPlayerConfig,1,2,2,RandomPlayerConfig
1322835176,Checkers,0,GAME_OVER,29,28,2,1684,2,RandomPlayerConfig,2,1,1,RandomPlayerConfig
371741157,Checkers,0,GAME_OVER,31,30,2,1685,2,RandomPlayerConfig,2,1,1,RandomPlayerConfig
-1102451655,Checkers,0,GAME_OVER,42,41,2,1686,2,RandomPlayerConfig,2,1,1,RandomPlayerConfig
308533281,Checkers,0,GAME_OVER,46,45,2,1687,1,RandomPlayerConfig,1,2,2,RandomPlayerConfig
-10429549,Checkers,0,GAME_OVER,44,43,2,1688,2,RandomPlayerConfig,2,1,1,RandomPlayerConfig
1270174490,Checkers,0,GAME_OVER,30,29,2,1689,2,RandomPlayerConfig,2,1,1,RandomPlayerConfig
-448480440,Checkers,0,GAME_OVER,58,57,2,1690,1,RandomPlayerConfig,1,2,2,RandomPlayerConfig
501444460,Checkers,0,GAME_OVER,41,40,2,1691,2,RandomPlayerConfig,2,1,1,RandomPlayerConfig
1083159769,Checkers,0,GAME_OVER,33,32,2,1692,2,RandomPlayerConfig,2,1,1,RandomPlayerConfig
1576700780,Checkers,0,GAME_OVER,37,36,2,1693,2,RandomPlayerConfig,2,1,1,RandomPlayerConfig
-756517090,Checkers,0,GAME_OVER,33,32,2,1694,2,RandomPlayerConfig,2,1,1,RandomPlayerConfig
587439610,Checkers,0,GAME_OVER,31,30,2,1695,2,RandomPlayerConfig,2,1,1,RandomPlayerConfig
-346723102,Checkers,0,GAME_OVER,30,29,2,1696,2,RandomPlayerConfig,2,1,1,RandomPlayerConfig
2093549645,Checkers,0,GAME_OVER,63,62,2,1697,2,RandomPlayerConfig,2,1,1,RandomPlayerConfig
1653336284,Checkers,0,GAME_OVER,49,48,2,1698,2,RandomPlayerConfig,2,1,1,RandomPlayerConfig
769578293,Checkers,0,GAME_OVER,35,34,2,1699,2,RandomPlayerConfig,2,1,1,RandomPlayerConfig
2047688042,Checkers,0,GAME_OVER,40,39,2,1700,2,RandomPlayerConfig,2,1,1,RandomPlayerConfig
972616288,Checkers,0,GAME_OVER,47,46,2,1701,2,RandomPlayerConfig,2,1,1,RandomPlayerConfig
1959695236,Checkers,0,GAME_OVER,53,52,2,1702,2,RandomPlayerConfig,2,1,1,RandomPlayerConfig
1315021988,Checkers,0,GAME_OVER,43,42,2,1703,2,RandomPlayerConfig,2,1,1,RandomPlayerConfig
1344377780,Checkers,0,GAME_OVER,50,49,2,1704,2,RandomPlayerConfig,2,1,1,RandomPlayerConfig
357951072,Checkers,0,GAME_OVER,27,26,2,1705,2,RandomPlayerConfig,2,1,1,RandomPlayerConfig
-2058918633,Checkers,0,GAME_OVER,53,52,2,1706,1,RandomPlayerConfig,1,2,2,RandomPlayerConfig
-583788691,Checkers,0,GAME_OVER,40,39,2,1707,2,RandomPlayerConfig,2,1,1,RandomPlayerConfig
1763539389,Checkers,0,GAME_OVER,72,71,2,1708,1,RandomPlayerConfig,1,2,2,RandomPlayerConfig
-1082296257,Checkers,0,GAME_OVER,35,34,2,1709,2,RandomPlayerConfig,2,1,1,RandomPlayerConfig
709158110,Checkers,0,GAME_OVER,37,36,2,1710,2,RandomPlayerConfig,2,1,1,RandomPlayerConfig
396158491,Checkers,0,GAME_OVER,40,39,2,1711,2,RandomPlayerConfig,2,1,1,RandomPlayerConfig
-1345397067,Checkers,0,GAME_OVER,42,41,2,1712,2,RandomPlayerConfig,2,1,1,RandomPlayerConfig
1669350546,Checkers,0,GAME_OVER,34,33,2,1713,2,RandomPlayerConfig,2,1,1,RandomPlayerConfig
-466521336,Checkers,0,GAME_OVER,33,32,2,1714,2,RandomPlayerConfig,2,1,1,RandomPlayerConfig
1925152929,Checkers,0,GAME_OVER,28,27,2,1715,2,RandomPlayerConfig,2,1,1,RandomPlayerConfig
-530550102,Checkers,0,GAME_OVER,30,29,2,1716,2,RandomPlayerConfig,2,1,1,RandomPlayerConfig
-919063509,Checkers,0,GAME_OVER,41,40,2,1717,2,RandomPlayerConfig,2,1,1,RandomPlayerConfig
-800887435,Checkers,0,GAME_OVER,23,22,2,1718,2,RandomPlayerConfig,2,1,1,RandomPlayerConfig
-1121831777,Checkers,0,GAME_OVER,33,32,2,1719,2,RandomPlayerConfig,2,1,1,RandomPlayerConfig
-1819735674,Checkers,0,GAME_OVER,43,42,2,1720,2,RandomPlayerConfig,2,1,1,RandomPlayerConfig
2085410311,Checkers,0,GAME_OVER,49,48,2,1721,1,RandomPlayerConfig,1,2,2,RandomPlayerConfig
-1001763376,Checkers,0,GAME_OVER,32,31,2,1722,2,RandomPlayerConfig,2,1,1,RandomPlayerConfig
1350169571,Checkers,0,GAME_OVER,70,69,2,1723,1,RandomPlayerConfig,1,2,2,RandomPlayerConfig
5880123,Checkers,0,GAME_OVER,48,47,2,1724,1,RandomPlayerConfig,1,2,2,RandomPlayerConfig
1879634794,Checkers,0,GAME_OVER,53,52,2,1725,1,RandomPlayerConfig,1,2,2,RandomPlayerConfig
-1125706525,Checkers,0,GAME_OVER,56,55,2,1726,2,RandomPlayerConfig,2,1,1,RandomPlayerConfig
2039316273,Checkers,0,GAME_OVER,36,35,2,1727,2,RandomPlayerConfig,2,1,1,RandomPlayerConfig
-1257035972,Checkers,0,GAME_OVER,38,37,2,1728,2,RandomPlayerConfig,2,1,1,RandomPlayerConfig
1421001288,Checkers,0,GAME_OVER,49,48,2,1729,1,RandomPlayerConfig,1,2,2,RandomPlayerConfig
-1651534043,Checkers,0,GAME_OVER,69,68,2,1730,2,RandomPlayerConfig,2,1,1,RandomPlayerConfig
551156039,Checkers,0,GAME_OVER,43,42,2,1731,2,RandomPlayerConfig,2,1,1,RandomPlayerConfig
1090369838,Checkers,0,GAME_OVER,36,35,2,1732,2,RandomPlayerConfig,2,1,1,RandomPlayerConfig
575298023,Checkers,0,GAME_OVER,31,30,2,1733,2,RandomPlayerConfig,2,1,1,RandomPlayerConfig
530677400,Checkers,0,GAME_OVER,34,33,2,1734,2,RandomPlayerConfig,2,1,1,RandomPlayerConfig
817833498,Checkers,0,GAME_OVER,34,33,2,1735,2,RandomPlayerConfig,2,1,1,RandomPlayerConfig
-1060660001,Checkers,0,GAME_OVER,28,27,2,1736,2,RandomPlayerConfig,2,1,1,RandomPlayerConfig
1151880641,Checkers,0,GAME_OVER,56,55,2,1737,2,RandomPlayerConfig,2,1,1,RandomPlayerConfig
-1664936495,Checkers,0,GAME_OVER,32,31,2,1738,2,RandomPlayerConfig,2,1,1,RandomPlayerConfig
1167710822,Checkers,0,GAME_OVER,82,81,2,1739,2,RandomPlayerConfig,2,1,1,RandomPlayerConfig
-542712970,Checkers,0,GAME_OVER,30,29,2,1740,2,RandomPlayerConfig,2,1,1,RandomPlayerConfig
-2144300370,Checkers,0,GAME_OVER,68,67,2,1741,1,RandomPlayerConfig,1,2,2,RandomPlayerConfig
-1642254248,Checkers,0,GAME_OVER,52,51,2,1742,2,RandomPlayerConfig,2,1,1,RandomPlayerConfig
-1248370843,Checkers,0,GAME_OVER,32,31,2,1743,2,RandomPlayerConfig,2,1,1,RandomPlayerConfig
145550316,Checkers,0,GAME_OVER,52,51,2,1744,1,RandomPlayerConfig,1,2,2,RandomPlayerConfig
-1561587134,Checkers,0,GAME_OVER,41,40,2,1745,2,RandomPlayerConfig,2,1,1,RandomPlayerConfig
-690305999,Checkers,0,GAME_OVER,30,29,2,1746,2,RandomPlayerConfig,2,1,1,RandomPlayerConfig
-915091747,Checkers,0,GAME_OVER,35,34,2,1747,2,RandomPlayerConfig,2,1,1,RandomPlayerConfig
-929269573,Checkers,0,GAME_OVER,63,62,2,1748,1,RandomPlayerConfig,1,2,2,RandomPlayerConfig
-1776447373,Checkers,0,GAME_OVER,40,39,2,1749,2,RandomPlayerConfig,2,1,1,RandomPlayerConfig
1376782522,Checkers,0,GAME_OVER,46,45,2,1750,2,RandomPlayerConfig,2,1,1,RandomPlayerConfig
822717280,Checkers,0,GAME_OVER,46,45,2,1751,2,RandomPlayerConfig,2,1,1,RandomPlayerConfig
1214860500,Checkers,0,GAME_OVER,44,43,2,1752,1,RandomPlayerConfig,1,2,2,RandomPlayerConfig
2123155327,Checkers,0,GAME_OVER,49,48,2,1753,1,RandomPlayerConfig,1,2,2,RandomPlayerConfig
468987575,Checkers,0,GAME_OVER,34,33,2,1754,2,RandomPlayerConfig,2,1,1,RandomPlayerConfig
-156419889,Checkers,0,GAME_OVER,32,31,2,1755,2,RandomPlayerConfig,2,1,1,RandomPlayerConfig
244685781,Checkers,0,GAME_OVER,34,33,2,1756,2,RandomPlayerConfig,2,1,1,RandomPlayerConfig
-2012422644,Checkers,0,GAME_OVER,39,38,2,1757,2,RandomPlayerConfig,2,1,1,RandomPlayerConfig
-646576725,Checkers,0,GAME_OVER,37,36,2,1758,2,RandomPlayerConfig,2,1,1,RandomPlayerConfig
-679847649,Checkers,0,GAME_OVER,56,55,2,1759,2,RandomPlayerConfig,2,1,1,RandomPlayerConfig
153033083,Checkers,0,GAME_OVER,36,35,2,1760,2,RandomPlayerConfig,2,1,1,RandomPlayerConfig
1500617616,Checkers,0,GAME_OVER,40,39,2,1761,2,RandomPlayerConfig,2,1,1,RandomPlayerConfig
2028282473,Checkers,0,GAME_OVER,56,55,2,1762,1,RandomPlayerConfig,1,2,2,RandomPlayerConfig
1550709087,Checkers,0,GAME_OVER,31,30,2,1763,2,RandomPlayerConfig,2,1,1,RandomPlayerConfig
635540564,Checkers,0,GAME_OVER,36,35,2,1764,2,RandomPlayerConfig,2,1,1,RandomPlayerConfig
1132003058,Checkers,0,GAME_OVER,21,20,2,1765,2,RandomPlayerConfig,2,1,1,RandomPlayerConfig
535714537,Checkers,0,GAME_OVER,32,31,2,1766,2,RandomPlayerConfig,2,1,1,RandomPlayerConfig
93854457,Checkers,0,GAME_OVER,37,36,2,1767,2,RandomPlayerConfig,2,1,1,RandomPlayerConfig
1266419641,Checkers,0,GAME_OVER,47,46,2,1768,2,RandomPlayerConfig,2,1,1,RandomPlayerConfig
761600881,Checkers,0,GAME_OVER,52,51,2,1769,1,RandomPlayerConfig,1,2,2,RandomPlayerConfig
2143529823,Checkers,0,GAME_OVER,52,51,2,1770,1,RandomPlayerConfig,1,2,2,RandomPlayerConfig
2102961463,Checkers,0,GAME_OVER,30,29,2,1771,2,RandomPlayerConfig,2,1,1,RandomPlayerConfig
1679841531,Checkers,0,GAME_OVER,41,40,2,1772,2,RandomPlayerConfig,2,1,1,RandomPlayerConfig
1465671621,Checkers,0,GAME_OVER,24,23,2,1773,2,RandomPlayerConfig,2,1,1,RandomPlayerConfig
-449521527,Checkers,0,GAME_OVER,28,27,2,1774,2,RandomPlayerConfig,2,1,1,RandomPlayerConfig
304327433,Checkers,0,GAME_OVER,46,45,2,1775,1,RandomPlayerConfig,1,2,2,RandomPlayerConfig
-578472996,Checkers,0,GAME_OVER,35,34,2,1776,2,RandomPlayerConfig,2,1,1,RandomPlayerConfig
-211506301,Checkers,0,GAME_OVER,32,31,2,1777,2,RandomPlayerConfig,2,1,1,RandomPlayerConfig
1627349832,Checkers,0,GAME_OVER,41,40,2,1778,2,RandomPlayerConfig,2,1,1,RandomPlayerConfig
-1714208507,Checkers,0,GAME_OVER,37,36,2,1779,1,RandomPlayerConfig,1,2,2,RandomPlayerConfig
-1196115391,Checkers,0,GAME_OVER,51,50,2,1780,2,RandomPlayerConfig,2,1,1,RandomPlayerConfig
-1540368699,Checkers,0,GAME_OVER,34,33,2,1781,2,RandomPlayerConfig,2,1,1,RandomPlayerConfig
-906911374,Checkers,0,GAME_OVER,44,43,2,1782,1,RandomPlayerConfig,1,2,2,RandomPlayerConfig
-1638432850,Checkers,0,GAME_OVER,38,37,2,1783,2,RandomPlayerConfig,2,1,1,RandomPlayerConfig
686422820,Checkers,0,GAME_OVER,41,40,2,1784,2,RandomPlayerConfig,2,1,1,RandomPlayerConfig
1530302473,Checkers,0,GAME_OVER,39,38,2,1785,2,RandomPlayerConfig,2,1,1,RandomPlayerConfig
-1209659418,Checkers,0,GAME_OVER,45,44,2,1786,1,RandomPlayerConfig,1,2,2,RandomPlayerConfig
149319160,Checkers,0,GAME_OVER,39,38,2,1787,2,RandomPlayerConfig,2,1,1,RandomPlayerConfig
760898767,Checkers,0,GAME_OVER,43,42,2,1788,2,RandomPlayerConfig,2,1,1,RandomPlayerConfig
805876825,Checkers,0,GAME_OVER,67,66,2,1789,2,RandomPlayerConfig,2,1,1,RandomPlayerConfig
-648465952,Checkers,0,GAME_OVER,35,34,2,1790,2,RandomPlayerConfig,2,1,1,RandomPlayerConfig
-220098549,Checkers,0,GAME_OVER,41,40,2,1791,2,RandomPlayerConfig,2,1,1,RandomPlayerConfig
1441244742,Checkers,0,GAME_OVER,49,48,2,1792,1,RandomPlayerConfig,1,2,2,RandomPlayerConfig
1602782636,Checkers,0,GAME_OVER,47,46,2,1793,1,RandomPlayerConfig,1,2,2,RandomPlayerConfig
-1364356723,Checkers,0,GAME_OVER,48,47,2,1794,2,RandomPlayerConfig,2,1,1,RandomPlayerConfig
1522474567,Checkers,0,GAME_OVER,36,35,2,1795,2,RandomPlayerConfig,2,1,1,RandomPlayerConfig
-2121681916,Checkers,0,GAME_OVER,36,35,2,1796,2,RandomPlayerConfig,2,1,1,RandomPlayerConfig
221799308,Checkers,0,GAME_OVER,41,40,2,1797,2,RandomPlayerConfig,2,1,1,RandomPlayerConfig
458667489,Checkers,0,GAME_OVER,47,46,2,1798,1,RandomPlayerConfig,1,2,2,RandomPlayerConfig
60893320,Checkers,0,GAME_OVER,34,33,2,1799,2,RandomPlayerConfig,2,1,1,RandomPlayerConfig
1443357674,Checkers,0,GAME_OVER,28,27,2,1800,2,RandomPlayerConfig,2,1,1,RandomPlayerConfig
-384243208,Checkers,0,GAME_OVER,33,32,2,1801,2,RandomPlayerConfig,2,1,1,RandomPlayerConfig
