GameSeed,GameName,Round,Event,Tick,Turn,PlayerCount,GameID,PlayerType-1,PlayerType-0
-2143063354,Checkers,0,GAME_OVER,98,97,2,2,MCTS_CheckersHeuristic,MCTS_CheckersHeuristic
200594778,Checkers,0,GAME_OVER,124,123,2,3,MCTS_CheckersHeuristic,MCTS_CheckersHeuristic
-514941224,Checkers,0,GAME_OVER,78,77,2,4,MCTS_CheckersHeuristic,MCTS_CheckersHeuristic
179287199,Checkers,0,GAME_OVER,47,46,2,5,MCTS_CheckersHeuristic,MCTS_CheckersHeuristic
2146590640,Checkers,0,GAME_OVER,42,41,2,6,MCTS_CheckersHeuristic,MCTS_CheckersHeuristic
1378180065,Checkers,0,GAME_OVER,45,44,2,7,MCTS_CheckersHeuristic,MCTS_CheckersHeuristic
-2036371014,Checkers,0,GAME_OVER,51,50,2,8,MCTS_CheckersHeuristic,MCTS_CheckersHeuristic
1437296834,Checkers,0,GAME_OVER,40,39,2,9,MCTS_CheckersHeuristic,MCTS_CheckersHeuristic
1700070603,Checkers,0,GAME_OVER,46,45,2,10,MCTS_CheckersHeuristic,MCTS_CheckersHeuristic
-1561081910,Checkers,0,GAME_OVER,45,44,2,11,MCTS_CheckersHeuristic,MCTS_CheckersHeuristic
-969854519,Checkers,0,GAME_OVER,41,40,2,12,MCTS_CheckersHeuristic,MCTS_CheckersHeuristic
1843078800,Checkers,0,GAME_OVER,46,45,2,13,MCTS_CheckersHeuristic,MCTS_CheckersHeuristic
1066787509,Checkers,0,GAME_OVER,50,49,2,14,MCTS_CheckersHeuristic,MCTS_CheckersHeuristic
1189586314,Checkers,0,GAME_OVER,39,38,2,15,MCTS_CheckersHeuristic,MCTS_CheckersHeuristic
-611826476,Checkers,0,GAME_OVER,48,47,2,16,MCTS_CheckersHeuristic,MCTS_CheckersHeuristic
-1544709741,Checkers,0,GAME_OVER,39,38,2,17,MCTS_CheckersHeuristic,MCTS_CheckersHeuristic
794318347,Checkers,0,GAME_OVER,40,39,2,18,MCTS_CheckersHeuristic,MCTS_CheckersHeuristic
-1286713953,Checkers,0,GAME_OVER,37,36,2,19,MCTS_CheckersHeuristic,MCTS_CheckersHeuristic
1187731884,Checkers,0,GAME_OVER,103,102,2,20,MCTS_CheckersHeuristic,MCTS_CheckersHeuristic
-1346212036,Checkers,0,GAME_OVER,145,144,2,21,MCTS_CheckersHeuristic,MCTS_CheckersHeuristic
2095173186,Checkers,0,GAME_OVER,51,50,2,22,MCTS_CheckersHeuristic,MCTS_CheckersHeuristic
1685697746,Checkers,0,GAME_OVER,39,38,2,23,MCTS_CheckersHeuristic,MCTS_CheckersHeuristic
525282589,Checkers,0,GAME_OVER,41,40,2,24,MCTS_CheckersHeuristic,MCTS_CheckersHeuristic
-1848612161,Checkers,0,GAME_OVER,61,60,2,25,MCTS_CheckersHeuristic,MCTS_CheckersHeuristic
1419713974,Checkers,0,GAME_OVER,80,79,2,26,MCTS_CheckersHeuristic,MCTS_CheckersHeuristic
317029565,Checkers,0,GAME_OVER,55,54,2,27,MCTS_CheckersHeuristic,MCTS_CheckersHeuristic
-1293604324,Checkers,0,GAME_OVER,43,42,2,28,MCTS_CheckersHeuristic,MCTS_CheckersHeuristic
-746695878,Checkers,0,GAME_OVER,92,91,2,29,MCTS_CheckersHeuristic,MCTS_CheckersHeuristic
-735693053,Checkers,0,GAME_OVER,44,43,2,30,MCTS_CheckersHeuristic,MCTS_CheckersHeuristic
780011660,Checkers,0,GAME_OVER,47,46,2,31,MCTS_CheckersHeuristic,MCTS_CheckersHeuristic
-59287236,Checkers,0,GAME_OVER,40,39,2,32,MCTS_CheckersHeuristic,MCTS_CheckersHeuristic
2006589468,Checkers,0,GAME_OVER,44,43,2,33,MCTS_CheckersHeuristic,MCTS_CheckersHeuristic
587590548,Checkers,0,GAME_OVER,46,45,2,34,MCTS_CheckersHeuristic,MCTS_CheckersHeuristic
482187783,Checkers,0,GAME_OVER,144,143,2,35,MCTS_CheckersHeuristic,MCTS_CheckersHeuristic
1982813031,Checkers,0,GAME_OVER,34,33,2,36,MCTS_CheckersHeuristic,MCTS_CheckersHeuristic
1223428036,Checkers,0,GAME_OVER,69,68,2,37,MCTS_CheckersHeuristic,MCTS_CheckersHeuristic
-1111851144,Checkers,0,GAME_OVER,71,70,2,38,MCTS_CheckersHeuristic,MCTS_CheckersHeuristic
-15746353,Checkers,0,GAME_OVER,37,36,2,39,MCTS_CheckersHeuristic,MCTS_CheckersHeuristic
-452121655,Checkers,0,GAME_OVER,39,38,2,40,MCTS_CheckersHeuristic,MCTS_CheckersHeuristic
1687770216,Checkers,0,GAME_OVER,40,39,2,41,MCTS_CheckersHeuristic,MCTS_CheckersHeuristic
657925756,Checkers,0,GAME_OVER,45,44,2,42,MCTS_CheckersHeuristic,MCTS_CheckersHeuristic
1999336935,Checkers,0,GAME_OVER,117,116,2,43,MCTS_CheckersHeuristic,MCTS_CheckersHeuristic
-2136046321,Checkers,0,GAME_OVER,38,37,2,44,MCTS_CheckersHeuristic,MCTS_CheckersHeuristic
-1427823816,Checkers,0,GAME_OVER,43,42,2,45,MCTS_CheckersHeuristic,MCTS_CheckersHeuristic
-2082357643,Checkers,0,GAME_OVER,42,41,2,46,MCTS_CheckersHeuristic,MCTS_CheckersHeuristic
1796810102,Checkers,0,GAME_OVER,55,54,2,47,MCTS_CheckersHeuristic,MCTS_CheckersHeuristic
1230325200,Checkers,0,GAME_OVER,44,43,2,48,MCTS_CheckersHeuristic,MCTS_CheckersHeuristic
1494970818,Checkers,0,GAME_OVER,53,52,2,49,MCTS_CheckersHeuristic,MCTS_CheckersHeuristic
1625250525,Checkers,0,GAME_OVER,40,39,2,50,MCTS_CheckersHeuristic,MCTS_CheckersHeuristic
-1432299318,Checkers,0,GAME_OVER,55,54,2,51,MCTS_CheckersHeuristic,MCTS_CheckersHeuristic
725655627,Checkers,0,GAME_OVER,76,75,2,52,MCTS_CheckersHeuristic,MCTS_CheckersHeuristic
1163206040,Checkers,0,GAME_OVER,44,43,2,53,MCTS_CheckersHeuristic,MCTS_CheckersHeuristic
560297376,Checkers,0,GAME_OVER,43,42,2,54,MCTS_CheckersHeuristic,MCTS_CheckersHeuristic
1210750624,Checkers,0,GAME_OVER,38,37,2,55,MCTS_CheckersHeuristic,MCTS_CheckersHeuristic
1617060179,Checkers,0,GAME_OVER,41,40,2,56,MCTS_CheckersHeuristic,MCTS_CheckersHeuristic
-1098270161,Checkers,0,GAME_OVER,41,40,2,57,MCTS_CheckersHeuristic,MCTS_CheckersHeuristic
1387059512,Checkers,0,GAME_OVER,38,37,2,58,MCTS_CheckersHeuristic,MCTS_CheckersHeuristic
-1209401438,Checkers,0,GAME_OVER,44,43,2,59,MCTS_CheckersHeuristic,MCTS_CheckersHeuristic
866499206,Checkers,0,GAME_OVER,64,63,2,60,MCTS_CheckersHeuristic,MCTS_CheckersHeuristic
-884055799,Checkers,0,GAME_OVER,43,42,2,61,MCTS_CheckersHeuristic,MCTS_CheckersHeuristic
-345991177,Checkers,0,GAME_OVER,122,121,2,62,MCTS_CheckersHeuristic,MCTS_CheckersHeuristic
1573066032,Checkers,0,GAME_OVER,46,45,2,63,MCTS_CheckersHeuristic,MCTS_CheckersHeuristic
714865605,Checkers,0,GAME_OVER,105,104,2,64,MCTS_CheckersHeuristic,MCTS_CheckersHeuristic
-1511071722,Checkers,0,GAME_OVER,41,40,2,65,MCTS_CheckersHeuristic,MCTS_CheckersHeuristic
1043637411,Checkers,0,GAME_OVER,75,74,2,66,MCTS_CheckersHeuristic,MCTS_CheckersHeuristic
619587682,Checkers,0,GAME_OVER,43,42,2,67,MCTS_CheckersHeuristic,MCTS_CheckersHeuristic
-1363742753,Checkers,0,GAME_OVER,40,39,2,68,MCTS_CheckersHeuristic,MCTS_CheckersHeuristic
-947852713,Checkers,0,GAME_OVER,122,121,2,69,MCTS_CheckersHeuristic,MCTS_CheckersHeuristic
-34283449,Checkers,0,GAME_OVER,40,39,2,70,MCTS_CheckersHeuristic,MCTS_CheckersHeuristic
1480406349,Checkers,0,GAME_OVER,40,39,2,71,MCTS_CheckersHeuristic,MCTS_CheckersHeuristic
-1921003377,Checkers,0,GAME_OVER,40,39,2,72,MCTS_CheckersHeuristic,MCTS_CheckersHeuristic
1533488837,Checkers,0,GAME_OVER,44,43,2,73,MCTS_CheckersHeuristic,MCTS_CheckersHeuristic
85373256,Checkers,0,GAME_OVER,51,50,2,74,MCTS_CheckersHeuristic,MCTS_CheckersHeuristic
121974405,Checkers,0,GAME_OVER,35,34,2,75,MCTS_CheckersHeuristic,MCTS_CheckersHeuristic
984941992,Checkers,0,GAME_OVER,84,83,2,76,MCTS_CheckersHeuristic,MCTS_CheckersHeuristic
2075425136,Checkers,0,GAME_OVER,45,44,2,77,MCTS_CheckersHeuristic,MCTS_CheckersHeuristic
-521898058,Checkers,0,GAME_OVER,40,39,2,78,MCTS_CheckersHeuristic,MCTS_CheckersHeuristic
1741815011,Checkers,0,GAME_OVER,65,64,2,79,MCTS_CheckersHeuristic,MCTS_CheckersHeuristic
1193812878,Checkers,0,GAME_OVER,57,56,2,80,MCTS_CheckersHeuristic,MCTS_CheckersHeuristic
1799176938,Checkers,0,GAME_OVER,44,43,2,81,MCTS_CheckersHeuristic,MCTS_CheckersHeuristic
972780260,Checkers,0,GAME_OVER,68,67,2,82,MCTS_CheckersHeuristic,MCTS_CheckersHeuristic
1815361416,Checkers,0,GAME_OVER,58,57,2,83,MCTS_CheckersHeuristic,MCTS_CheckersHeuristic
1322835176,Checkers,0,GAME_OVER,63,62,2,84,MCTS_CheckersHeuristic,MCTS_CheckersHeuristic
371741157,Checkers,0,GAME_OVER,38,37,2,85,MCTS_CheckersHeuristic,MCTS_CheckersHeuristic
-1102451655,Checkers,0,GAME_OVER,41,40,2,86,MCTS_CheckersHeuristic,MCTS_CheckersHeuristic
308533281,Checkers,0,GAME_OVER,47,46,2,87,MCTS_CheckersHeuristic,MCTS_CheckersHeuristic
-10429549,Checkers,0,GAME_OVER,35,34,2,88,MCTS_CheckersHeuristic,MCTS_CheckersHeuristic
1270174490,Checkers,0,GAME_OVER,44,43,2,89,MCTS_CheckersHeuristic,MCTS_CheckersHeuristic
-448480440,Checkers,0,GAME_OVER,45,44,2,90,MCTS_CheckersHeuristic,MCTS_CheckersHeuristic
501444460,Checkers,0,GAME_OVER,44,43,2,91,MCTS_CheckersHeuristic,MCTS_CheckersHeuristic
1083159769,Checkers,0,GAME_OVER,65,64,2,92,MCTS_CheckersHeuristic,MCTS_CheckersHeuristic
1576700780,Checkers,0,GAME_OVER,62,61,2,93,MCTS_CheckersHeuristic,MCTS_CheckersHeuristic
-756517090,Checkers,0,GAME_OVER,61,60,2,94,MCTS_CheckersHeuristic,MCTS_CheckersHeuristic
587439610,Checkers,0,GAME_OVER,48,47,2,95,MCTS_CheckersHeuristic,MCTS_CheckersHeuristic
-346723102,Checkers,0,GAME_OVER,73,72,2,96,MCTS_CheckersHeuristic,MCTS_CheckersHeuristic
2093549645,Checkers,0,GAME_OVER,43,42,2,97,MCTS_CheckersHeuristic,MCTS_CheckersHeuristic
1653336284,Checkers,0,GAME_OVER,44,43,2,98,MCTS_CheckersHeuristic,MCTS_CheckersHeuristic
769578293,Checkers,0,GAME_OVER,43,42,2,99,MCTS_CheckersHeuristic,MCTS_CheckersHeuristic
2047688042,Checkers,0,GAME_OVER,46,45,2,100,MCTS_CheckersHeuristic,MCTS_CheckersHeuristic
972616288,Checkers,0,GAME_OVER,43,42,2,101,MCTS_CheckersHeuristic,MCTS_CheckersHeuristic
1959695236,Checkers,0,GAME_OVER,38,37,2,102,MCTS_CheckersHeuristic,MCTS_CheckersHeuristic
1315021988,Checkers,0,GAME_OVER,36,35,2,103,MCTS_CheckersHeuristic,MCTS_CheckersHeuristic
1344377780,Checkers,0,GAME_OVER,43,42,2,104,MCTS_CheckersHeuristic,MCTS_CheckersHeuristic
357951072,Checkers,0,GAME_OVER,45,44,2,105,MCTS_CheckersHeuristic,MCTS_CheckersHeuristic
-2058918633,Checkers,0,GAME_OVER,41,40,2,106,MCTS_CheckersHeuristic,MCTS_CheckersHeuristic
-583788691,Checkers,0,GAME_OVER,37,36,2,107,MCTS_CheckersHeuristic,MCTS_CheckersHeuristic
1763539389,Checkers,0,GAME_OVER,42,41,2,108,MCTS_CheckersHeuristic,MCTS_CheckersHeuristic
-1082296257,Checkers,0,GAME_OVER,142,141,2,109,MCTS_CheckersHeuristic,MCTS_CheckersHeuristic
709158110,Checkers,0,GAME_OVER,42,41,2,110,MCTS_CheckersHeuristic,MCTS_CheckersHeuristic
396158491,Checkers,0,GAME_OVER,41,40,2,111,MCTS_CheckersHeuristic,MCTS_CheckersHeuristic
-1345397067,Checkers,0,GAME_OVER,39,38,2,112,MCTS_CheckersHeuristic,MCTS_CheckersHeuristic
1669350546,Checkers,0,GAME_OVER,39,38,2,113,MCTS_CheckersHeuristic,MCTS_CheckersHeuristic
-466521336,Checkers,0,GAME_OVER,42,41,2,114,MCTS_CheckersHeuristic,MCTS_CheckersHeuristic
1925152929,Checkers,0,GAME_OVER,38,37,2,115,MCTS_CheckersHeuristic,MCTS_CheckersHeuristic
-530550102,Checkers,0,GAME_OVER,39,38,2,116,MCTS_CheckersHeuristic,MCTS_CheckersHeuristic
-919063509,Checkers,0,GAME_OVER,41,40,2,117,MCTS_CheckersHeuristic,MCTS_CheckersHeuristic
-800887435,Checkers,0,GAME_OVER,45,44,2,118,MCTS_CheckersHeuristic,MCTS_CheckersHeuristic
-1121831777,Checkers,0,GAME_OVER,51,50,2,119,MCTS_CheckersHeuristic,MCTS_CheckersHeuristic
-1819735674,Checkers,0,GAME_OVER,40,39,2,120,MCTS_CheckersHeuristic,MCTS_CheckersHeuristic
2085410311,Checkers,0,GAME_OVER,86,85,2,121,MCTS_CheckersHeuristic,MCTS_CheckersHeuristic
-1001763376,Checkers,0,GAME_OVER,43,42,2,122,MCTS_CheckersHeuristic,MCTS_CheckersHeuristic
1350169571,Checkers,0,GAME_OVER,44,43,2,123,MCTS_CheckersHeuristic,MCTS_CheckersHeuristic
5880123,Checkers,0,GAME_OVER,38,37,2,124,MCTS_CheckersHeuristic,MCTS_CheckersHeuristic
1879634794,Checkers,0,GAME_OVER,43,42,2,125,MCTS_CheckersHeuristic,MCTS_CheckersHeuristic
-1125706525,Checkers,0,GAME_OVER,47,46,2,126,MCTS_CheckersHeuristic,MCTS_CheckersHeuristic
2039316273,Checkers,0,GAME_OVER,44,43,2,127,MCTS_CheckersHeuristic,MCTS_CheckersHeuristic
-1257035972,Checkers,0,GAME_OVER,41,40,2,128,MCTS_CheckersHeuristic,MCTS_CheckersHeuristic
1421001288,Checkers,0,GAME_OVER,48,47,2,129,MCTS_CheckersHeuristic,MCTS_CheckersHeuristic
-1651534043,Checkers,0,GAME_OVER,33,32,2,130,MCTS_CheckersHeuristic,MCTS_CheckersHeuristic
551156039,Checkers,0,GAME_OVER,44,43,2,131,MCTS_CheckersHeuristic,MCTS_CheckersHeuristic
1090369838,Checkers,0,GAME_OVER,39,38,2,132,MCTS_CheckersHeuristic,MCTS_CheckersHeuristic
575298023,Checkers,0,GAME_OVER,48,47,2,133,MCTS_CheckersHeuristic,MCTS_CheckersHeuristic
530677400,Checkers,0,GAME_OVER,38,37,2,134,MCTS_CheckersHeuristic,MCTS_CheckersHeuristic
817833498,Checkers,0,GAME_OVER,37,36,2,135,MCTS_CheckersHeuristic,MCTS_CheckersHeuristic
-1060660001,Checkers,0,GAME_OVER,54,53,2,136,MCTS_CheckersHeuristic,MCTS_CheckersHeuristic
1151880641,Checkers,0,GAME_OVER,46,45,2,137,MCTS_CheckersHeuristic,MCTS_CheckersHeuristic
-1664936495,Checkers,0,GAME_OVER,53,52,2,138,MCTS_CheckersHeuristic,MCTS_CheckersHeuristic
1167710822,Checkers,0,GAME_OVER,39,38,2,139,MCTS_CheckersHeuristic,MCTS_CheckersHeuristic
-542712970,Checkers,0,GAME_OVER,69,68,2,140,MCTS_CheckersHeuristic,MCTS_CheckersHeuristic
-2144300370,Checkers,0,GAME_OVER,41,40,2,141,MCTS_CheckersHeuristic,MCTS_CheckersHeuristic
-1642254248,Checkers,0,GAME_OVER,40,39,2,142,MCTS_CheckersHeuristic,MCTS_CheckersHeuristic
-1248370843,Checkers,0,GAME_OVER,34,33,2,143,MCTS_CheckersHeuristic,MCTS_CheckersHeuristic
145550316,Checkers,0,GAME_OVER,39,38,2,144,MCTS_CheckersHeuristic,MCTS_CheckersHeuristic
-1561587134,Checkers,0,GAME_OVER,39,38,2,145,MCTS_CheckersHeuristic,MCTS_CheckersHeuristic
-690305999,Checkers,0,GAME_OVER,40,39,2,146,MCTS_CheckersHeuristic,MCTS_CheckersHeuristic
-915091747,Checkers,0,GAME_OVER,43,42,2,147,MCTS_CheckersHeuristic,MCTS_CheckersHeuristic
-929269573,Checkers,0,GAME_OVER,38,37,2,148,MCTS_CheckersHeuristic,MCTS_CheckersHeuristic
-1776447373,Checkers,0,GAME_OVER,53,52,2,149,MCTS_CheckersHeuristic,MCTS_CheckersHeuristic
1376782522,Checkers,0,GAME_OVER,46,45,2,150,MCTS_CheckersHeuristic,MCTS_CheckersHeuristic
822717280,Checkers,0,GAME_OVER,49,48,2,151,MCTS_CheckersHeuristic,MCTS_CheckersHeuristic
1214860500,Checkers,0,GAME_OVER,38,37,2,152,MCTS_CheckersHeuristic,MCTS_CheckersHeuristic
2123155327,Checkers,0,GAME_OVER,44,43,2,153,MCTS_CheckersHeuristic,MCTS_CheckersHeuristic
468987575,Checkers,0,GAME_OVER,44,43,2,154,MCTS_CheckersHeuristic,MCTS_CheckersHeuristic
-156419889,Checkers,0,GAME_OVER,47,46,2,155,MCTS_CheckersHeuristic,MCTS_CheckersHeuristic
244685781,Checkers,0,GAME_OVER,44,43,2,156,MCTS_CheckersHeuristic,MCTS_CheckersHeuristic
-2012422644,Checkers,0,GAME_OVER,43,42,2,157,MCTS_CheckersHeuristic,MCTS_CheckersHeuristic
-646576725,Checkers,0,GAME_OVER,45,44,2,158,MCTS_CheckersHeuristic,MCTS_CheckersHeuristic
-679847649,Checkers,0,GAME_OVER,41,40,2,159,MCTS_CheckersHeuristic,MCTS_CheckersHeuristic
153033083,Checkers,0,GAME_OVER,48,47,2,160,MCTS_CheckersHeuristic,MCTS_CheckersHeuristic
1500617616,Checkers,0,GAME_OVER,38,37,2,161,MCTS_CheckersHeuristic,MCTS_CheckersHeuristic
2028282473,Checkers,0,GAME_OVER,76,75,2,162,MCTS_CheckersHeuristic,MCTS_CheckersHeuristic
1550709087,Checkers,0,GAME_OVER,34,33,2,163,MCTS_CheckersHeuristic,MCTS_CheckersHeuristic
635540564,Checkers,0,GAME_OVER,61,60,2,164,MCTS_CheckersHeuristic,MCTS_CheckersHeuristic
1132003058,Checkers,0,GAME_OVER,38,37,2,165,MCTS_CheckersHeuristic,MCTS_CheckersHeuristic
535714537,Checkers,0,GAME_OVER,41,40,2,166,MCTS_CheckersHeuristic,MCTS_CheckersHeuristic
93854457,Checkers,0,GAME_OVER,82,81,2,167,MCTS_CheckersHeuristic,MCTS_CheckersHeuristic
1266419641,Checkers,0,GAME_OVER,40,39,2,168,MCTS_CheckersHeuristic,MCTS_CheckersHeuristic
761600881,Checkers,0,GAME_OVER,51,50,2,169,MCTS_CheckersHeuristic,MCTS_CheckersHeuristic
2143529823,Checkers,0,GAME_OVER,44,43,2,170,MCTS_CheckersHeuristic,MCTS_CheckersHeuristic
2102961463,Checkers,0,GAME_OVER,41,40,2,171,MCTS_CheckersHeuristic,MCTS_CheckersHeuristic
1679841531,Checkers,0,GAME_OVER,57,56,2,172,MCTS_CheckersHeuristic,MCTS_CheckersHeuristic
1465671621,Checkers,0,GAME_OVER,49,48,2,173,MCTS_CheckersHeuristic,MCTS_CheckersHeuristic
-449521527,Checkers,0,GAME_OVER,42,41,2,174,MCTS_CheckersHeuristic,MCTS_CheckersHeuristic
304327433,Checkers,0,GAME_OVER,43,42,2,175,MCTS_CheckersHeuristic,MCTS_CheckersHeuristic
-578472996,Checkers,0,GAME_OVER,52,51,2,176,MCTS_CheckersHeuristic,MCTS_CheckersHeuristic
-211506301,Checkers,0,GAME_OVER,61,60,2,177,MCTS_CheckersHeuristic,MCTS_CheckersHeuristic
1627349832,Checkers,0,GAME_OVER,42,41,2,178,MCTS_CheckersHeuristic,MCTS_CheckersHeuristic
-1714208507,Checkers,0,GAME_OVER,61,60,2,179,MCTS_CheckersHeuristic,MCTS_CheckersHeuristic
-1196115391,Checkers,0,GAME_OVER,46,45,2,180,MCTS_CheckersHeuristic,MCTS_CheckersHeuristic
-1540368699,Checkers,0,GAME_OVER,42,41,2,181,MCTS_CheckersHeuristic,MCTS_CheckersHeuristic
-906911374,Checkers,0,GAME_OVER,43,42,2,182,MCTS_CheckersHeuristic,MCTS_CheckersHeuristic
-1638432850,Checkers,0,GAME_OVER,42,41,2,183,MCTS_CheckersHeuristic,MCTS_CheckersHeuristic
686422820,Checkers,0,GAME_OVER,41,40,2,184,MCTS_CheckersHeuristic,MCTS_CheckersHeuristic
1530302473,Checkers,0,GAME_OVER,58,57,2,185,MCTS_CheckersHeuristic,MCTS_CheckersHeuristic
-1209659418,Checkers,0,GAME_OVER,113,112,2,186,MCTS_CheckersHeuristic,MCTS_CheckersHeuristic
149319160,Checkers,0,GAME_OVER,41,40,2,187,MCTS_CheckersHeuristic,MCTS_CheckersHeuristic
760898767,Checkers,0,GAME_OVER,37,36,2,188,MCTS_CheckersHeuristic,MCTS_CheckersHeuristic
805876825,Checkers,0,GAME_OVER,147,146,2,189,MCTS_CheckersHeuristic,MCTS_CheckersHeuristic
-648465952,Checkers,0,GAME_OVER,139,138,2,190,MCTS_CheckersHeuristic,MCTS_CheckersHeuristic
-220098549,Checkers,0,GAME_OVER,38,37,2,191,MCTS_CheckersHeuristic,MCTS_CheckersHeuristic
1441244742,Checkers,0,GAME_OVER,39,38,2,192,MCTS_CheckersHeuristic,MCTS_CheckersHeuristic
1602782636,Checkers,0,GAME_OVER,35,34,2,193,MCTS_CheckersHeuristic,MCTS_CheckersHeuristic
-1364356723,Checkers,0,GAME_OVER,26,25,2,194,MCTS_CheckersHeuristic,MCTS_CheckersHeuristic
1522474567,Checkers,0,GAME_OVER,116,115,2,195,MCTS_CheckersHeuristic,MCTS_CheckersHeuristic
-2121681916,Checkers,0,GAME_OVER,46,45,2,196,MCTS_CheckersHeuristic,MCTS_CheckersHeuristic
221799308,Checkers,0,GAME_OVER,47,46,2,197,MCTS_CheckersHeuristic,MCTS_CheckersHeuristic
458667489,Checkers,0,GAME_OVER,49,48,2,198,MCTS_CheckersHeuristic,MCTS_CheckersHeuristic
60893320,Checkers,0,GAME_OVER,40,39,2,199,MCTS_CheckersHeuristic,MCTS_CheckersHeuristic
1443357674,Checkers,0,GAME_OVER,106,105,2,200,MCTS_CheckersHeuristic,MCTS_CheckersHeuristic
-384243208,Checkers,0,GAME_OVER,102,101,2,201,MCTS_CheckersHeuristic,MCTS_CheckersHeuristic
-2143063354,Checkers,0,GAME_OVER,45,44,2,202,OSLA,MCTS_CheckersHeuristic
200594778,Checkers,0,GAME_OVER,43,42,2,203,OSLA,MCTS_CheckersHeuristic
-514941224,Checkers,0,GAME_OVER,48,47,2,204,OSLA,MCTS_CheckersHeuristic
179287199,Checkers,0,GAME_OVER,51,50,2,205,OSLA,MCTS_CheckersHeuristic
2146590640,Checkers,0,GAME_OVER,45,44,2,206,OSLA,MCTS_CheckersHeuristic
1378180065,Checkers,0,GAME_OVER,51,50,2,207,OSLA,MCTS_CheckersHeuristic
-2036371014,Checkers,0,GAME_OVER,41,40,2,208,OSLA,MCTS_CheckersHeuristic
1437296834,Checkers,0,GAME_OVER,51,50,2,209,OSLA,MCTS_CheckersHeuristic
1700070603,Checkers,0,GAME_OVER,41,40,2,210,OSLA,MCTS_CheckersHeuristic
-1561081910,Checkers,0,GAME_OVER,51,50,2,211,OSLA,MCTS_CheckersHeuristic
-969854519,Checkers,0,GAME_OVER,37,36,2,212,OSLA,MCTS_CheckersHeuristic
1843078800,Checkers,0,GAME_OVER,44,43,2,213,OSLA,MCTS_CheckersHeuristic
1066787509,Checkers,0,GAME_OVER,40,39,2,214,OSLA,MCTS_CheckersHeuristic
1189586314,Checkers,0,GAME_OVER,43,42,2,215,OSLA,MCTS_CheckersHeuristic
-611826476,Checkers,0,GAME_OVER,59,58,2,216,OSLA,MCTS_CheckersHeuristic
-1544709741,Checkers,0,GAME_OVER,44,43,2,217,OSLA,MCTS_CheckersHeuristic
794318347,Checkers,0,GAME_OVER,38,37,2,218,OSLA,MCTS_CheckersHeuristic
-1286713953,Checkers,0,GAME_OVER,47,46,2,219,OSLA,MCTS_CheckersHeuristic
1187731884,Checkers,0,GAME_OVER,62,61,2,220,OSLA,MCTS_CheckersHeuristic
-1346212036,Checkers,0,GAME_OVER,46,45,2,221,OSLA,MCTS_CheckersHeuristic
2095173186,Checkers,0,GAME_OVER,44,43,2,222,OSLA,MCTS_CheckersHeuristic
1685697746,Checkers,0,GAME_OVER,43,42,2,223,OSLA,MCTS_CheckersHeuristic
525282589,Checkers,0,GAME_OVER,36,35,2,224,OSLA,MCTS_CheckersHeuristic
-1848612161,Checkers,0,GAME_OVER,46,45,2,225,OSLA,MCTS_CheckersHeuristic
1419713974,Checkers,0,GAME_OVER,43,42,2,226,OSLA,MCTS_CheckersHeuristic
317029565,Checkers,0,GAME_OVER,54,53,2,227,OSLA,MCTS_CheckersHeuristic
-1293604324,Checkers,0,GAME_OVER,43,42,2,228,OSLA,MCTS_CheckersHeuristic
-746695878,Checkers,0,GAME_OVER,49,48,2,229,OSLA,MCTS_CheckersHeuristic
-735693053,Checkers,0,GAME_OVER,43,42,2,230,OSLA,MCTS_CheckersHeuristic
780011660,Checkers,0,GAME_OVER,47,46,2,231,OSLA,MCTS_CheckersHeuristic
-59287236,Checkers,0,GAME_OVER,156,155,2,232,OSLA,MCTS_CheckersHeuristic
2006589468,Checkers,0,GAME_OVER,131,130,2,233,OSLA,MCTS_CheckersHeuristic
587590548,Checkers,0,GAME_OVER,39,38,2,234,OSLA,MCTS_CheckersHeuristic
482187783,Checkers,0,GAME_OVER,51,50,2,235,OSLA,MCTS_CheckersHeuristic
1982813031,Checkers,0,GAME_OVER,42,41,2,236,OSLA,MCTS_CheckersHeuristic
1223428036,Checkers,0,GAME_OVER,39,38,2,237,OSLA,MCTS_CheckersHeuristic
-1111851144,Checkers,0,GAME_OVER,36,35,2,238,OSLA,MCTS_CheckersHeuristic
-15746353,Checkers,0,GAME_OVER,42,41,2,239,OSLA,MCTS_CheckersHeuristic
-452121655,Checkers,0,GAME_OVER,46,45,2,240,OSLA,MCTS_CheckersHeuristic
1687770216,Checkers,0,GAME_OVER,49,48,2,241,OSLA,MCTS_CheckersHeuristic
657925756,Checkers,0,GAME_OVER,46,45,2,242,OSLA,MCTS_CheckersHeuristic
1999336935,Checkers,0,GAME_OVER,58,57,2,243,OSLA,MCTS_CheckersHeuristic
-2136046321,Checkers,0,GAME_OVER,41,40,2,244,OSLA,MCTS_CheckersHeuristic
-1427823816,Checkers,0,GAME_OVER,43,42,2,245,OSLA,MCTS_CheckersHeuristic
-2082357643,Checkers,0,GAME_OVER,171,170,2,246,OSLA,MCTS_CheckersHeuristic
1796810102,Checkers,0,GAME_OVER,45,44,2,247,OSLA,MCTS_CheckersHeuristic
1230325200,Checkers,0,GAME_OVER,46,45,2,248,OSLA,MCTS_CheckersHeuristic
1494970818,Checkers,0,GAME_OVER,73,72,2,249,OSLA,MCTS_CheckersHeuristic
1625250525,Checkers,0,GAME_OVER,58,57,2,250,OSLA,MCTS_CheckersHeuristic
-1432299318,Checkers,0,GAME_OVER,40,39,2,251,OSLA,MCTS_CheckersHeuristic
725655627,Checkers,0,GAME_OVER,40,39,2,252,OSLA,MCTS_CheckersHeuristic
1163206040,Checkers,0,GAME_OVER,45,44,2,253,OSLA,MCTS_CheckersHeuristic
560297376,Checkers,0,GAME_OVER,37,36,2,254,OSLA,MCTS_CheckersHeuristic
1210750624,Checkers,0,GAME_OVER,66,65,2,255,OSLA,MCTS_CheckersHeuristic
1617060179,Checkers,0,GAME_OVER,50,49,2,256,OSLA,MCTS_CheckersHeuristic
-1098270161,Checkers,0,GAME_OVER,54,53,2,257,OSLA,MCTS_CheckersHeuristic
1387059512,Checkers,0,GAME_OVER,48,47,2,258,OSLA,MCTS_CheckersHeuristic
-1209401438,Checkers,0,GAME_OVER,49,48,2,259,OSLA,MCTS_CheckersHeuristic
866499206,Checkers,0,GAME_OVER,70,69,2,260,OSLA,MCTS_CheckersHeuristic
-884055799,Checkers,0,GAME_OVER,41,40,2,261,OSLA,MCTS_CheckersHeuristic
-345991177,Checkers,0,GAME_OVER,42,41,2,262,OSLA,MCTS_CheckersHeuristic
1573066032,Checkers,0,GAME_OVER,58,57,2,263,OSLA,MCTS_CheckersHeuristic
714865605,Checkers,0,GAME_OVER,39,38,2,264,OSLA,MCTS_CheckersHeuristic
-1511071722,Checkers,0,GAME_OVER,42,41,2,265,OSLA,MCTS_CheckersHeuristic
1043637411,Checkers,0,GAME_OVER,50,49,2,266,OSLA,MCTS_CheckersHeuristic
619587682,Checkers,0,GAME_OVER,40,39,2,267,OSLA,MCTS_CheckersHeuristic
-1363742753,Checkers,0,GAME_OVER,42,41,2,268,OSLA,MCTS_CheckersHeuristic
-947852713,Checkers,0,GAME_OVER,106,105,2,269,OSLA,MCTS_CheckersHeuristic
-34283449,Checkers,0,GAME_OVER,47,46,2,270,OSLA,MCTS_CheckersHeuristic
1480406349,Checkers,0,GAME_OVER,45,44,2,271,OSLA,MCTS_CheckersHeuristic
-1921003377,Checkers,0,GAME_OVER,43,42,2,272,OSLA,MCTS_CheckersHeuristic
1533488837,Checkers,0,GAME_OVER,59,58,2,273,OSLA,MCTS_CheckersHeuristic
85373256,Checkers,0,GAME_OVER,121,120,2,274,OSLA,MCTS_CheckersHeuristic
121974405,Checkers,0,GAME_OVER,42,41,2,275,OSLA,MCTS_CheckersHeuristic
984941992,Checkers,0,GAME_OVER,48,47,2,276,OSLA,MCTS_CheckersHeuristic
2075425136,Checkers,0,GAME_OVER,97,96,2,277,OSLA,MCTS_CheckersHeuristic
-521898058,Checkers,0,GAME_OVER,35,34,2,278,OSLA,MCTS_CheckersHeuristic
1741815011,Checkers,0,GAME_OVER,39,38,2,279,OSLA,MCTS_CheckersHeuristic
1193812878,Checkers,0,GAME_OVER,49,48,2,280,OSLA,MCTS_CheckersHeuristic
1799176938,Checkers,0,GAME_OVER,62,61,2,281,OSLA,MCTS_CheckersHeuristic
972780260,Checkers,0,GAME_OVER,49,48,2,282,OSLA,MCTS_CheckersHeuristic
1815361416,Checkers,0,GAME_OVER,111,110,2,283,OSLA,MCTS_CheckersHeuristic
1322835176,Checkers,0,GAME_OVER,44,43,2,284,OSLA,MCTS_CheckersHeuristic
371741157,Checkers,0,GAME_OVER,37,36,2,285,OSLA,MCTS_CheckersHeuristic
-1102451655,Checkers,0,GAME_OVER,41,40,2,286,OSLA,MCTS_CheckersHeuristic
308533281,Checkers,0,GAME_OVER,47,46,2,287,OSLA,MCTS_CheckersHeuristic
-10429549,Checkers,0,GAME_OVER,45,44,2,288,OSLA,MCTS_CheckersHeuristic
1270174490,Checkers,0,GAME_OVER,48,47,2,289,OSLA,MCTS_CheckersHeuristic
-448480440,Checkers,0,GAME_OVER,45,44,2,290,OSLA,MCTS_CheckersHeuristic
501444460,Checkers,0,GAME_OVER,60,59,2,291,OSLA,MCTS_CheckersHeuristic
1083159769,Checkers,0,GAME_OVER,51,50,2,292,OSLA,MCTS_CheckersHeuristic
1576700780,Checkers,0,GAME_OVER,56,55,2,293,OSLA,MCTS_CheckersHeuristic
-756517090,Checkers,0,GAME_OVER,39,38,2,294,OSLA,MCTS_CheckersHeuristic
587439610,Checkers,0,GAME_OVER,46,45,2,295,OSLA,MCTS_CheckersHeuristic
-346723102,Checkers,0,GAME_OVER,49,48,2,296,OSLA,MCTS_CheckersHeuristic
2093549645,Checkers,0,GAME_OVER,42,41,2,297,OSLA,MCTS_CheckersHeuristic
1653336284,Checkers,0,GAME_OVER,69,68,2,298,OSLA,MCTS_CheckersHeuristic
769578293,Checkers,0,GAME_OVER,40,39,2,299,OSLA,MCTS_CheckersHeuristic
2047688042,Checkers,0,GAME_OVER,42,41,2,300,OSLA,MCTS_CheckersHeuristic
972616288,Checkers,0,GAME_OVER,43,42,2,301,OSLA,MCTS_CheckersHeuristic
1959695236,Checkers,0,GAME_OVER,44,43,2,302,OSLA,MCTS_CheckersHeuristic
1315021988,Checkers,0,GAME_OVER,58,57,2,303,OSLA,MCTS_CheckersHeuristic
1344377780,Checkers,0,GAME_OVER,57,56,2,304,OSLA,MCTS_CheckersHeuristic
357951072,Checkers,0,GAME_OVER,44,43,2,305,OSLA,MCTS_CheckersHeuristic
-2058918633,Checkers,0,GAME_OVER,41,40,2,306,OSLA,MCTS_CheckersHeuristic
-583788691,Checkers,0,GAME_OVER,45,44,2,307,OSLA,MCTS_CheckersHeuristic
1763539389,Checkers,0,GAME_OVER,44,43,2,308,OSLA,MCTS_CheckersHeuristic
-1082296257,Checkers,0,GAME_OVER,44,43,2,309,OSLA,MCTS_CheckersHeuristic
709158110,Checkers,0,GAME_OVER,37,36,2,310,OSLA,MCTS_CheckersHeuristic
396158491,Checkers,0,GAME_OVER,43,42,2,311,OSLA,MCTS_CheckersHeuristic
-1345397067,Checkers,0,GAME_OVER,68,67,2,312,OSLA,MCTS_CheckersHeuristic
1669350546,Checkers,0,GAME_OVER,47,46,2,313,OSLA,MCTS_CheckersHeuristic
-466521336,Checkers,0,GAME_OVER,45,44,2,314,OSLA,MCTS_CheckersHeuristic
1925152929,Checkers,0,GAME_OVER,109,108,2,315,OSLA,MCTS_CheckersHeuristic
-530550102,Checkers,0,GAME_OVER,44,43,2,316,OSLA,MCTS_CheckersHeuristic
-919063509,Checkers,0,GAME_OVER,49,48,2,317,OSLA,MCTS_CheckersHeuristic
-800887435,Checkers,0,GAME_OVER,47,46,2,318,OSLA,MCTS_CheckersHeuristic
-1121831777,Checkers,0,GAME_OVER,47,46,2,319,OSLA,MCTS_CheckersHeuristic
-1819735674,Checkers,0,GAME_OVER,45,44,2,320,OSLA,MCTS_CheckersHeuristic
2085410311,Checkers,0,GAME_OVER,46,45,2,321,OSLA,MCTS_CheckersHeuristic
-1001763376,Checkers,0,GAME_OVER,41,40,2,322,OSLA,MCTS_CheckersHeuristic
1350169571,Checkers,0,GAME_OVER,47,46,2,323,OSLA,MCTS_CheckersHeuristic
5880123,Checkers,0,GAME_OVER,48,47,2,324,OSLA,MCTS_CheckersHeuristic
1879634794,Checkers,0,GAME_OVER,53,52,2,325,OSLA,MCTS_CheckersHeuristic
-1125706525,Checkers,0,GAME_OVER,41,40,2,326,OSLA,MCTS_CheckersHeuristic
2039316273,Checkers,0,GAME_OVER,50,49,2,327,OSLA,MCTS_CheckersHeuristic
-1257035972,Checkers,0,GAME_OVER,68,67,2,328,OSLA,MCTS_CheckersHeuristic
1421001288,Checkers,0,GAME_OVER,57,56,2,329,OSLA,MCTS_CheckersHeuristic
-1651534043,Checkers,0,GAME_OVER,46,45,2,330,OSLA,MCTS_CheckersHeuristic
551156039,Checkers,0,GAME_OVER,41,40,2,331,OSLA,MCTS_CheckersHeuristic
1090369838,Checkers,0,GAME_OVER,42,41,2,332,OSLA,MCTS_CheckersHeuristic
575298023,Checkers,0,GAME_OVER,36,35,2,333,OSLA,MCTS_CheckersHeuristic
530677400,Checkers,0,GAME_OVER,41,40,2,334,OSLA,MCTS_CheckersHeuristic
817833498,Checkers,0,GAME_OVER,41,40,2,335,OSLA,MCTS_CheckersHeuristic
-1060660001,Checkers,0,GAME_OVER,36,35,2,336,OSLA,MCTS_CheckersHeuristic
1151880641,Checkers,0,GAME_OVER,40,39,2,337,OSLA,MCTS_CheckersHeuristic
-1664936495,Checkers,0,GAME_OVER,111,110,2,338,OSLA,MCTS_CheckersHeuristic
1167710822,Checkers,0,GAME_OVER,40,39,2,339,OSLA,MCTS_CheckersHeuristic
-542712970,Checkers,0,GAME_OVER,45,44,2,340,OSLA,MCTS_CheckersHeuristic
-2144300370,Checkers,0,GAME_OVER,52,51,2,341,OSLA,MCTS_CheckersHeuristic
-1642254248,Checkers,0,GAME_OVER,40,39,2,342,OSLA,MCTS_CheckersHeuristic
-1248370843,Checkers,0,GAME_OVER,54,53,2,343,OSLA,MCTS_CheckersHeuristic
145550316,Checkers,0,GAME_OVER,43,42,2,344,OSLA,MCTS_CheckersHeuristic
-1561587134,Checkers,0,GAME_OVER,64,63,2,345,OSLA,MCTS_CheckersHeuristic
-690305999,Checkers,0,GAME_OVER,50,49,2,346,OSLA,MCTS_CheckersHeuristic
-915091747,Checkers,0,GAME_OVER,41,40,2,347,OSLA,MCTS_CheckersHeuristic
-929269573,Checkers,0,GAME_OVER,55,54,2,348,OSLA,MCTS_CheckersHeuristic
-1776447373,Checkers,0,GAME_OVER,36,35,2,349,OSLA,MCTS_CheckersHeuristic
1376782522,Checkers,0,GAME_OVER,48,47,2,350,OSLA,MCTS_CheckersHeuristic
822717280,Checkers,0,GAME_OVER,46,45,2,351,OSLA,MCTS_CheckersHeuristic
1214860500,Checkers,0,GAME_OVER,67,66,2,352,OSLA,MCTS_CheckersHeuristic
2123155327,Checkers,0,GAME_OVER,47,46,2,353,OSLA,MCTS_CheckersHeuristic
468987575,Checkers,0,GAME_OVER,57,56,2,354,OSLA,MCTS_CheckersHeuristic
-156419889,Checkers,0,GAME_OVER,39,38,2,355,OSLA,MCTS_CheckersHeuristic
244685781,Checkers,0,GAME_OVER,44,43,2,356,OSLA,MCTS_CheckersHeuristic
-2012422644,Checkers,0,GAME_OVER,42,41,2,357,OSLA,MCTS_CheckersHeuristic
-646576725,Checkers,0,GAME_OVER,45,44,2,358,OSLA,MCTS_CheckersHeuristic
-679847649,Checkers,0,GAME_OVER,43,42,2,359,OSLA,MCTS_CheckersHeuristic
153033083,Checkers,0,GAME_OVER,43,42,2,360,OSLA,MCTS_CheckersHeuristic
1500617616,Checkers,0,GAME_OVER,55,54,2,361,OSLA,MCTS_CheckersHeuristic
2028282473,Checkers,0,GAME_OVER,47,46,2,362,OSLA,MCTS_CheckersHeuristic
1550709087,Checkers,0,GAME_OVER,47,46,2,363,OSLA,MCTS_CheckersHeuristic
635540564,Checkers,0,GAME_OVER,42,41,2,364,OSLA,MCTS_CheckersHeuristic
1132003058,Checkers,0,GAME_OVER,53,52,2,365,OSLA,MCTS_CheckersHeuristic
535714537,Checkers,0,GAME_OVER,42,41,2,366,OSLA,MCTS_CheckersHeuristic
93854457,Checkers,0,GAME_OVER,42,41,2,367,OSLA,MCTS_CheckersHeuristic
1266419641,Checkers,0,GAME_OVER,55,54,2,368,OSLA,MCTS_CheckersHeuristic
761600881,Checkers,0,GAME_OVER,42,41,2,369,OSLA,MCTS_CheckersHeuristic
2143529823,Checkers,0,GAME_OVER,40,39,2,370,OSLA,MCTS_CheckersHeuristic
2102961463,Checkers,0,GAME_OVER,41,40,2,371,OSLA,MCTS_CheckersHeuristic
1679841531,Checkers,0,GAME_OVER,44,43,2,372,OSLA,MCTS_CheckersHeuristic
1465671621,Checkers,0,GAME_OVER,40,39,2,373,OSLA,MCTS_CheckersHeuristic
-449521527,Checkers,0,GAME_OVER,44,43,2,374,OSLA,MCTS_CheckersHeuristic
304327433,Checkers,0,GAME_OVER,47,46,2,375,OSLA,MCTS_CheckersHeuristic
-578472996,Checkers,0,GAME_OVER,41,40,2,376,OSLA,MCTS_CheckersHeuristic
-211506301,Checkers,0,GAME_OVER,48,47,2,377,OSLA,MCTS_CheckersHeuristic
1627349832,Checkers,0,GAME_OVER,48,47,2,378,OSLA,MCTS_CheckersHeuristic
-1714208507,Checkers,0,GAME_OVER,41,40,2,379,OSLA,MCTS_CheckersHeuristic
-1196115391,Checkers,0,GAME_OVER,38,37,2,380,OSLA,MCTS_CheckersHeuristic
-1540368699,Checkers,0,GAME_OVER,41,40,2,381,OSLA,MCTS_CheckersHeuristic
-906911374,Checkers,0,GAME_OVER,43,42,2,382,OSLA,MCTS_CheckersHeuristic
-1638432850,Checkers,0,GAME_OVER,46,45,2,383,OSLA,MCTS_CheckersHeuristic
686422820,Checkers,0,GAME_OVER,41,40,2,384,OSLA,MCTS_CheckersHeuristic
1530302473,Checkers,0,GAME_OVER,44,43,2,385,OSLA,MCTS_CheckersHeuristic
-1209659418,Checkers,0,GAME_OVER,42,41,2,386,OSLA,MCTS_CheckersHeuristic
149319160,Checkers,0,GAME_OVER,50,49,2,387,OSLA,MCTS_CheckersHeuristic
760898767,Checkers,0,GAME_OVER,39,38,2,388,OSLA,MCTS_CheckersHeuristic
805876825,Checkers,0,GAME_OVER,47,46,2,389,OSLA,MCTS_CheckersHeuristic
-648465952,Checkers,0,GAME_OVER,39,38,2,390,OSLA,MCTS_CheckersHeuristic
-220098549,Checkers,0,GAME_OVER,49,48,2,391,OSLA,MCTS_CheckersHeuristic
1441244742,Checkers,0,GAME_OVER,78,77,2,392,OSLA,MCTS_CheckersHeuristic
1602782636,Checkers,0,GAME_OVER,52,51,2,393,OSLA,MCTS_CheckersHeuristic
-1364356723,Checkers,0,GAME_OVER,36,35,2,394,OSLA,MCTS_CheckersHeuristic
1522474567,Checkers,0,GAME_OVER,45,44,2,395,OSLA,MCTS_CheckersHeuristic
-2121681916,Checkers,0,GAME_OVER,44,43,2,396,OSLA,MCTS_CheckersHeuristic
221799308,Checkers,0,GAME_OVER,201,200,2,397,OSLA,MCTS_CheckersHeuristic
458667489,Checkers,0,GAME_OVER,47,46,2,398,OSLA,MCTS_CheckersHeuristic
60893320,Checkers,0,GAME_OVER,41,40,2,399,OSLA,MCTS_CheckersHeuristic
1443357674,Checkers,0,GAME_OVER,32,31,2,400,OSLA,MCTS_CheckersHeuristic
-384243208,Checkers,0,GAME_OVER,41,40,2,401,OSLA,MCTS_CheckersHeuristic
-2143063354,Checkers,0,GAME_OVER,41,40,2,402,RandomPlayerConfig,MCTS_CheckersHeuristic
200594778,Checkers,0,GAME_OVER,32,31,2,403,RandomPlayerConfig,MCTS_CheckersHeuristic
-514941224,Checkers,0,GAME_OVER,48,47,2,404,RandomPlayerConfig,MCTS_CheckersHeuristic
179287199,Checkers,0,GAME_OVER,31,30,2,405,RandomPlayerConfig,MCTS_CheckersHeuristic
2146590640,Checkers,0,GAME_OVER,33,32,2,406,RandomPlayerConfig,MCTS_CheckersHeuristic
1378180065,Checkers,0,GAME_OVER,28,27,2,407,RandomPlayerConfig,MCTS_CheckersHeuristic
-2036371014,Checkers,0,GAME_OVER,33,32,2,408,RandomPlayerConfig,MCTS_CheckersHeuristic
1437296834,Checkers,0,GAME_OVER,26,25,2,409,RandomPlayerConfig,MCTS_CheckersHeuristic
1700070603,Checkers,0,GAME_OVER,38,37,2,410,RandomPlayerConfig,MCTS_CheckersHeuristic
-1561081910,Checkers,0,GAME_OVER,33,32,2,411,RandomPlayerConfig,MCTS_CheckersHeuristic
-969854519,Checkers,0,GAME_OVER,33,32,2,412,RandomPlayerConfig,MCTS_CheckersHeuristic
1843078800,Checkers,0,GAME_OVER,30,29,2,413,RandomPlayerConfig,MCTS_CheckersHeuristic
1066787509,Checkers,0,GAME_OVER,39,38,2,414,RandomPlayerConfig,MCTS_CheckersHeuristic
1189586314,Checkers,0,GAME_OVER,33,32,2,415,RandomPlayerConfig,MCTS_CheckersHeuristic
-611826476,Checkers,0,GAME_OVER,28,27,2,416,RandomPlayerConfig,MCTS_CheckersHeuristic
-1544709741,Checkers,0,GAME_OVER,35,34,2,417,RandomPlayerConfig,MCTS_CheckersHeuristic
794318347,Checkers,0,GAME_OVER,28,27,2,418,RandomPlayerConfig,MCTS_CheckersHeuristic
-1286713953,Checkers,0,GAME_OVER,38,37,2,419,RandomPlayerConfig,MCTS_CheckersHeuristic
1187731884,Checkers,0,GAME_OVER,34,33,2,420,RandomPlayerConfig,MCTS_CheckersHeuristic
-1346212036,Checkers,0,GAME_OVER,32,31,2,421,RandomPlayerConfig,MCTS_CheckersHeuristic
2095173186,Checkers,0,GAME_OVER,34,33,2,422,RandomPlayerConfig,MCTS_CheckersHeuristic
1685697746,Checkers,0,GAME_OVER,40,39,2,423,RandomPlayerConfig,MCTS_CheckersHeuristic
525282589,Checkers,0,GAME_OVER,33,32,2,424,RandomPlayerConfig,MCTS_CheckersHeuristic
-1848612161,Checkers,0,GAME_OVER,29,28,2,425,RandomPlayerConfig,MCTS_CheckersHeuristic
1419713974,Checkers,0,GAME_OVER,33,32,2,426,RandomPlayerConfig,MCTS_CheckersHeuristic
317029565,Checkers,0,GAME_OVER,34,33,2,427,RandomPlayerConfig,MCTS_CheckersHeuristic
-1293604324,Checkers,0,GAME_OVER,27,26,2,428,RandomPlayerConfig,MCTS_CheckersHeuristic
-746695878,Checkers,0,GAME_OVER,32,31,2,429,RandomPlayerConfig,MCTS_CheckersHeuristic
-735693053,Checkers,0,GAME_OVER,27,26,2,430,RandomPlayerConfig,MCTS_CheckersHeuristic
780011660,Checkers,0,GAME_OVER,34,33,2,431,RandomPlayerConfig,MCTS_CheckersHeuristic
-59287236,Checkers,0,GAME_OVER,38,37,2,432,RandomPlayerConfig,MCTS_CheckersHeuristic
2006589468,Checkers,0,GAME_OVER,31,30,2,433,RandomPlayerConfig,MCTS_CheckersHeuristic
587590548,Checkers,0,GAME_OVER,35,34,2,434,RandomPlayerConfig,MCTS_CheckersHeuristic
482187783,Checkers,0,GAME_OVER,30,29,2,435,RandomPlayerConfig,MCTS_CheckersHeuristic
1982813031,Checkers,0,GAME_OVER,34,33,2,436,RandomPlayerConfig,MCTS_CheckersHeuristic
1223428036,Checkers,0,GAME_OVER,35,34,2,437,RandomPlayerConfig,MCTS_CheckersHeuristic
-1111851144,Checkers,0,GAME_OVER,33,32,2,438,RandomPlayerConfig,MCTS_CheckersHeuristic
-15746353,Checkers,0,GAME_OVER,30,29,2,439,RandomPlayerConfig,MCTS_CheckersHeuristic
-452121655,Checkers,0,GAME_OVER,33,32,2,440,RandomPlayerConfig,MCTS_CheckersHeuristic
1687770216,Checkers,0,GAME_OVER,30,29,2,441,RandomPlayerConfig,MCTS_CheckersHeuristic
657925756,Checkers,0,GAME_OVER,33,32,2,442,RandomPlayerConfig,MCTS_CheckersHeuristic
1999336935,Checkers,0,GAME_OVER,33,32,2,443,RandomPlayerConfig,MCTS_CheckersHeuristic
-2136046321,Checkers,0,GAME_OVER,40,39,2,444,RandomPlayerConfig,MCTS_CheckersHeuristic
-1427823816,Checkers,0,GAME_OVER,29,28,2,445,RandomPlayerConfig,MCTS_CheckersHeuristic
-2082357643,Checkers,0,GAME_OVER,31,30,2,446,RandomPlayerConfig,MCTS_CheckersHeuristic
1796810102,Checkers,0,GAME_OVER,28,27,2,447,RandomPlayerConfig,MCTS_CheckersHeuristic
1230325200,Checkers,0,GAME_OVER,26,25,2,448,RandomPlayerConfig,MCTS_CheckersHeuristic
1494970818,Checkers,0,GAME_OVER,33,32,2,449,RandomPlayerConfig,MCTS_CheckersHeuristic
1625250525,Checkers,0,GAME_OVER,30,29,2,450,RandomPlayerConfig,MCTS_CheckersHeuristic
-1432299318,Checkers,0,GAME_OVER,44,43,2,451,RandomPlayerConfig,MCTS_CheckersHeuristic
725655627,Checkers,0,GAME_OVER,28,27,2,452,RandomPlayerConfig,MCTS_CheckersHeuristic
1163206040,Checkers,0,GAME_OVER,32,31,2,453,RandomPlayerConfig,MCTS_CheckersHeuristic
560297376,Checkers,0,GAME_OVER,28,27,2,454,RandomPlayerConfig,MCTS_CheckersHeuristic
1210750624,Checkers,0,GAME_OVER,31,30,2,455,RandomPlayerConfig,MCTS_CheckersHeuristic
1617060179,Checkers,0,GAME_OVER,32,31,2,456,RandomPlayerConfig,MCTS_CheckersHeuristic
-1098270161,Checkers,0,GAME_OVER,26,25,2,457,RandomPlayerConfig,MCTS_CheckersHeuristic
1387059512,Checkers,0,GAME_OVER,42,41,2,458,RandomPlayerConfig,MCTS_CheckersHeuristic
-1209401438,Checkers,0,GAME_OVER,29,28,2,459,RandomPlayerConfig,MCTS_CheckersHeuristic
866499206,Checkers,0,GAME_OVER,32,31,2,460,RandomPlayerConfig,MCTS_CheckersHeuristic
-884055799,Checkers,0,GAME_OVER,32,31,2,461,RandomPlayerConfig,MCTS_CheckersHeuristic
-345991177,Checkers,0,GAME_OVER,37,36,2,462,RandomPlayerConfig,MCTS_CheckersHeuristic
1573066032,Checkers,0,GAME_OVER,46,45,2,463,RandomPlayerConfig,MCTS_CheckersHeuristic
714865605,Checkers,0,GAME_OVER,33,32,2,464,RandomPlayerConfig,MCTS_CheckersHeuristic
-1511071722,Checkers,0,GAME_OVER,34,33,2,465,RandomPlayerConfig,MCTS_CheckersHeuristic
1043637411,Checkers,0,GAME_OVER,41,40,2,466,RandomPlayerConfig,MCTS_CheckersHeuristic
619587682,Checkers,0,GAME_OVER,47,46,2,467,RandomPlayerConfig,MCTS_CheckersHeuristic
-1363742753,Checkers,0,GAME_OVER,28,27,2,468,RandomPlayerConfig,MCTS_CheckersHeuristic
-947852713,Checkers,0,GAME_OVER,38,37,2,469,RandomPlayerConfig,MCTS_CheckersHeuristic
-34283449,Checkers,0,GAME_OVER,28,27,2,470,RandomPlayerConfig,MCTS_CheckersHeuristic
1480406349,Checkers,0,GAME_OVER,30,29,2,471,RandomPlayerConfig,MCTS_CheckersHeuristic
-1921003377,Checkers,0,GAME_OVER,33,32,2,472,RandomPlayerConfig,MCTS_CheckersHeuristic
1533488837,Checkers,0,GAME_OVER,38,37,2,473,RandomPlayerConfig,MCTS_CheckersHeuristic
85373256,Checkers,0,GAME_OVER,36,35,2,474,RandomPlayerConfig,MCTS_CheckersHeuristic
121974405,Checkers,0,GAME_OVER,39,38,2,475,RandomPlayerConfig,MCTS_CheckersHeuristic
984941992,Checkers,0,GAME_OVER,37,36,2,476,RandomPlayerConfig,MCTS_CheckersHeuristic
2075425136,Checkers,0,GAME_OVER,33,32,2,477,RandomPlayerConfig,MCTS_CheckersHeuristic
-521898058,Checkers,0,GAME_OVER,33,32,2,478,RandomPlayerConfig,MCTS_CheckersHeuristic
1741815011,Checkers,0,GAME_OVER,34,33,2,479,RandomPlayerConfig,MCTS_CheckersHeuristic
1193812878,Checkers,0,GAME_OVER,32,31,2,480,RandomPlayerConfig,MCTS_CheckersHeuristic
1799176938,Checkers,0,GAME_OVER,30,29,2,481,RandomPlayerConfig,MCTS_CheckersHeuristic
972780260,Checkers,0,GAME_OVER,28,27,2,482,RandomPlayerConfig,MCTS_CheckersHeuristic
1815361416,Checkers,0,GAME_OVER,34,33,2,483,RandomPlayerConfig,MCTS_CheckersHeuristic
1322835176,Checkers,0,GAME_OVER,34,33,2,484,RandomPlayerConfig,MCTS_CheckersHeuristic
371741157,Checkers,0,GAME_OVER,30,29,2,485,RandomPlayerConfig,MCTS_CheckersHeuristic
-1102451655,Checkers,0,GAME_OVER,33,32,2,486,RandomPlayerConfig,MCTS_CheckersHeuristic
308533281,Checkers,0,GAME_OVER,34,33,2,487,RandomPlayerConfig,MCTS_CheckersHeuristic
-10429549,Checkers,0,GAME_OVER,44,43,2,488,RandomPlayerConfig,MCTS_CheckersHeuristic
1270174490,Checkers,0,GAME_OVER,35,34,2,489,RandomPlayerConfig,MCTS_CheckersHeuristic
-448480440,Checkers,0,GAME_OVER,35,34,2,490,RandomPlayerConfig,MCTS_CheckersHeuristic
501444460,Checkers,0,GAME_OVER,29,28,2,491,RandomPlayerConfig,MCTS_CheckersHeuristic
1083159769,Checkers,0,GAME_OVER,29,28,2,492,RandomPlayerConfig,MCTS_CheckersHeuristic
1576700780,Checkers,0,GAME_OVER,28,27,2,493,RandomPlayerConfig,MCTS_CheckersHeuristic
-756517090,Checkers,0,GAME_OVER,39,38,2,494,RandomPlayerConfig,MCTS_CheckersHeuristic
587439610,Checkers,0,GAME_OVER,34,33,2,495,RandomPlayerConfig,MCTS_CheckersHeuristic
-346723102,Checkers,0,GAME_OVER,33,32,2,496,RandomPlayerConfig,MCTS_CheckersHeuristic
2093549645,Checkers,0,GAME_OVER,37,36,2,497,RandomPlayerConfig,MCTS_CheckersHeuristic
1653336284,Checkers,0,GAME_OVER,36,35,2,498,RandomPlayerConfig,MCTS_CheckersHeuristic
769578293,Checkers,0,GAME_OVER,36,35,2,499,RandomPlayerConfig,MCTS_CheckersHeuristic
2047688042,Checkers,0,GAME_OVER,35,34,2,500,RandomPlayerConfig,MCTS_CheckersHeuristic
972616288,Checkers,0,GAME_OVER,27,26,2,501,RandomPlayerConfig,MCTS_CheckersHeuristic
1959695236,Checkers,0,GAME_OVER,35,34,2,502,RandomPlayerConfig,MCTS_CheckersHeuristic
1315021988,Checkers,0,GAME_OVER,36,35,2,503,RandomPlayerConfig,MCTS_CheckersHeuristic
1344377780,Checkers,0,GAME_OVER,32,31,2,504,RandomPlayerConfig,MCTS_CheckersHeuristic
357951072,Checkers,0,GAME_OVER,33,32,2,505,RandomPlayerConfig,MCTS_CheckersHeuristic
-2058918633,Checkers,0,GAME_OVER,39,38,2,506,RandomPlayerConfig,MCTS_CheckersHeuristic
-583788691,Checkers,0,GAME_OVER,33,32,2,507,RandomPlayerConfig,MCTS_CheckersHeuristic
1763539389,Checkers,0,GAME_OVER,26,25,2,508,RandomPlayerConfig,MCTS_CheckersHeuristic
-1082296257,Checkers,0,GAME_OVER,39,38,2,509,RandomPlayerConfig,MCTS_CheckersHeuristic
709158110,Checkers,0,GAME_OVER,35,34,2,510,RandomPlayerConfig,MCTS_CheckersHeuristic
396158491,Checkers,0,GAME_OVER,39,38,2,511,RandomPlayerConfig,MCTS_CheckersHeuristic
-1345397067,Checkers,0,GAME_OVER,41,40,2,512,RandomPlayerConfig,MCTS_CheckersHeuristic
1669350546,Checkers,0,GAME_OVER,36,35,2,513,RandomPlayerConfig,MCTS_CheckersHeuristic
-466521336,Checkers,0,GAME_OVER,37,36,2,514,RandomPlayerConfig,MCTS_CheckersHeuristic
1925152929,Checkers,0,GAME_OVER,29,28,2,515,RandomPlayerConfig,MCTS_CheckersHeuristic
-530550102,Checkers,0,GAME_OVER,38,37,2,516,RandomPlayerConfig,MCTS_CheckersHeuristic
-919063509,Checkers,0,GAME_OVER,36,35,2,517,RandomPlayerConfig,MCTS_CheckersHeuristic
-800887435,Checkers,0,GAME_OVER,32,31,2,518,RandomPlayerConfig,MCTS_CheckersHeuristic
-1121831777,Checkers,0,GAME_OVER,35,34,2,519,RandomPlayerConfig,MCTS_CheckersHeuristic
-1819735674,Checkers,0,GAME_OVER,36,35,2,520,RandomPlayerConfig,MCTS_CheckersHeuristic
2085410311,Checkers,0,GAME_OVER,28,27,2,521,RandomPlayerConfig,MCTS_CheckersHeuristic
-1001763376,Checkers,0,GAME_OVER,35,34,2,522,RandomPlayerConfig,MCTS_CheckersHeuristic
1350169571,Checkers,0,GAME_OVER,38,37,2,523,RandomPlayerConfig,MCTS_CheckersHeuristic
5880123,Checkers,0,GAME_OVER,21,20,2,524,RandomPlayerConfig,MCTS_CheckersHeuristic
1879634794,Checkers,0,GAME_OVER,23,22,2,525,RandomPlayerConfig,MCTS_CheckersHeuristic
-1125706525,Checkers,0,GAME_OVER,43,42,2,526,RandomPlayerConfig,MCTS_CheckersHeuristic
2039316273,Checkers,0,GAME_OVER,37,36,2,527,RandomPlayerConfig,MCTS_CheckersHeuristic
-1257035972,Checkers,0,GAME_OVER,39,38,2,528,RandomPlayerConfig,MCTS_CheckersHeuristic
1421001288,Checkers,0,GAME_OVER,41,40,2,529,RandomPlayerConfig,MCTS_CheckersHeuristic
-1651534043,Checkers,0,GAME_OVER,36,35,2,530,RandomPlayerConfig,MCTS_CheckersHeuristic
551156039,Checkers,0,GAME_OVER,27,26,2,531,RandomPlayerConfig,MCTS_CheckersHeuristic
1090369838,Checkers,0,GAME_OVER,33,32,2,532,RandomPlayerConfig,MCTS_CheckersHeuristic
575298023,Checkers,0,GAME_OVER,28,27,2,533,RandomPlayerConfig,MCTS_CheckersHeuristic
530677400,Checkers,0,GAME_OVER,36,35,2,534,RandomPlayerConfig,MCTS_CheckersHeuristic
817833498,Checkers,0,GAME_OVER,31,30,2,535,RandomPlayerConfig,MCTS_CheckersHeuristic
-1060660001,Checkers,0,GAME_OVER,31,30,2,536,RandomPlayerConfig,MCTS_CheckersHeuristic
1151880641,Checkers,0,GAME_OVER,32,31,2,537,RandomPlayerConfig,MCTS_CheckersHeuristic
-1664936495,Checkers,0,GAME_OVER,28,27,2,538,RandomPlayerConfig,MCTS_CheckersHeuristic
1167710822,Checkers,0,GAME_OVER,27,26,2,539,RandomPlayerConfig,MCTS_CheckersHeuristic
-542712970,Checkers,0,GAME_OVER,35,34,2,540,RandomPlayerConfig,MCTS_CheckersHeuristic
-2144300370,Checkers,0,GAME_OVER,24,23,2,541,RandomPlayerConfig,MCTS_CheckersHeuristic
-1642254248,Checkers,0,GAME_OVER,31,30,2,542,RandomPlayerConfig,MCTS_CheckersHeuristic
-1248370843,Checkers,0,GAME_OVER,29,28,2,543,RandomPlayerConfig,MCTS_CheckersHeuristic
145550316,Checkers,0,GAME_OVER,52,51,2,544,RandomPlayerConfig,MCTS_CheckersHeuristic
-1561587134,Checkers,0,GAME_OVER,41,40,2,545,RandomPlayerConfig,MCTS_CheckersHeuristic
-690305999,Checkers,0,GAME_OVER,32,31,2,546,RandomPlayerConfig,MCTS_CheckersHeuristic
-915091747,Checkers,0,GAME_OVER,32,31,2,547,RandomPlayerConfig,MCTS_CheckersHeuristic
-929269573,Checkers,0,GAME_OVER,35,34,2,548,RandomPlayerConfig,MCTS_CheckersHeuristic
-1776447373,Checkers,0,GAME_OVER,27,26,2,549,RandomPlayerConfig,MCTS_CheckersHeuristic
1376782522,Checkers,0,GAME_OVER,28,27,2,550,RandomPlayerConfig,MCTS_CheckersHeuristic
822717280,Checkers,0,GAME_OVER,32,31,2,551,RandomPlayerConfig,MCTS_CheckersHeuristic
1214860500,Checkers,0,GAME_OVER,37,36,2,552,RandomPlayerConfig,MCTS_CheckersHeuristic
2123155327,Checkers,0,GAME_OVER,37,36,2,553,RandomPlayerConfig,MCTS_CheckersHeuristic
468987575,Checkers,0,GAME_OVER,29,28,2,554,RandomPlayerConfig,MCTS_CheckersHeuristic
-156419889,Checkers,0,GAME_OVER,33,32,2,555,RandomPlayerConfig,MCTS_CheckersHeuristic
244685781,Checkers,0,GAME_OVER,43,42,2,556,RandomPlayerConfig,MCTS_CheckersHeuristic
-2012422644,Checkers,0,GAME_OVER,31,30,2,557,RandomPlayerConfig,MCTS_CheckersHeuristic
-646576725,Checkers,0,GAME_OVER,31,30,2,558,RandomPlayerConfig,MCTS_CheckersHeuristic
-679847649,Checkers,0,GAME_OVER,37,36,2,559,RandomPlayerConfig,MCTS_CheckersHeuristic
153033083,Checkers,0,GAME_OVER,33,32,2,560,RandomPlayerConfig,MCTS_CheckersHeuristic
1500617616,Checkers,0,GAME_OVER,45,44,2,561,RandomPlayerConfig,MCTS_CheckersHeuristic
2028282473,Checkers,0,GAME_OVER,29,28,2,562,RandomPlayerConfig,MCTS_CheckersHeuristic
1550709087,Checkers,0,GAME_OVER,39,38,2,563,RandomPlayerConfig,MCTS_CheckersHeuristic
635540564,Checkers,0,GAME_OVER,33,32,2,564,RandomPlayerConfig,MCTS_CheckersHeuristic
1132003058,Checkers,0,GAME_OVER,30,29,2,565,RandomPlayerConfig,MCTS_CheckersHeuristic
535714537,Checkers,0,GAME_OVER,32,31,2,566,RandomPlayerConfig,MCTS_CheckersHeuristic
93854457,Checkers,0,GAME_OVER,32,31,2,567,RandomPlayerConfig,MCTS_CheckersHeuristic
1266419641,Checkers,0,GAME_OVER,34,33,2,568,RandomPlayerConfig,MCTS_CheckersHeuristic
761600881,Checkers,0,GAME_OVER,36,35,2,569,RandomPlayerConfig,MCTS_CheckersHeuristic
2143529823,Checkers,0,GAME_OVER,42,41,2,570,RandomPlayerConfig,MCTS_CheckersHeuristic
2102961463,Checkers,0,GAME_OVER,37,36,2,571,RandomPlayerConfig,MCTS_CheckersHeuristic
1679841531,Checkers,0,GAME_OVER,36,35,2,572,RandomPlayerConfig,MCTS_CheckersHeuristic
1465671621,Checkers,0,GAME_OVER,42,41,2,573,RandomPlayerConfig,MCTS_CheckersHeuristic
-449521527,Checkers,0,GAME_OVER,25,24,2,574,RandomPlayerConfig,MCTS_CheckersHeuristic
304327433,Checkers,0,GAME_OVER,29,28,2,575,RandomPlayerConfig,MCTS_CheckersHeuristic
-578472996,Checkers,0,GAME_OVER,31,30,2,576,RandomPlayerConfig,MCTS_CheckersHeuristic
-211506301,Checkers,0,GAME_OVER,33,32,2,577,RandomPlayerConfig,MCTS_CheckersHeuristic
1627349832,Checkers,0,GAME_OVER,35,34,2,578,RandomPlayerConfig,MCTS_CheckersHeuristic
-1714208507,Checkers,0,GAME_OVER,28,27,2,579,RandomPlayerConfig,MCTS_CheckersHeuristic
-1196115391,Checkers,0,GAME_OVER,33,32,2,580,RandomPlayerConfig,MCTS_CheckersHeuristic
-1540368699,Checkers,0,GAME_OVER,35,34,2,581,RandomPlayerConfig,MCTS_CheckersHeuristic
-906911374,Checkers,0,GAME_OVER,35,34,2,582,RandomPlayerConfig,MCTS_CheckersHeuristic
-1638432850,Checkers,0,GAME_OVER,35,34,2,583,RandomPlayerConfig,MCTS_CheckersHeuristic
686422820,Checkers,0,GAME_OVER,31,30,2,584,RandomPlayerConfig,MCTS_CheckersHeuristic
1530302473,Checkers,0,GAME_OVER,29,28,2,585,RandomPlayerConfig,MCTS_CheckersHeuristic
-1209659418,Checkers,0,GAME_OVER,30,29,2,586,RandomPlayerConfig,MCTS_CheckersHeuristic
149319160,Checkers,0,GAME_OVER,36,35,2,587,RandomPlayerConfig,MCTS_CheckersHeuristic
760898767,Checkers,0,GAME_OVER,29,28,2,588,RandomPlayerConfig,MCTS_CheckersHeuristic
805876825,Checkers,0,GAME_OVER,33,32,2,589,RandomPlayerConfig,MCTS_CheckersHeuristic
-648465952,Checkers,0,GAME_OVER,29,28,2,590,RandomPlayerConfig,MCTS_CheckersHeuristic
-220098549,Checkers,0,GAME_OVER,32,31,2,591,RandomPlayerConfig,MCTS_CheckersHeuristic
1441244742,Checkers,0,GAME_OVER,40,39,2,592,RandomPlayerConfig,MCTS_CheckersHeuristic
1602782636,Checkers,0,GAME_OVER,32,31,2,593,RandomPlayerConfig,MCTS_CheckersHeuristic
-1364356723,Checkers,0,GAME_OVER,38,37,2,594,RandomPlayerConfig,MCTS_CheckersHeuristic
1522474567,Checkers,0,GAME_OVER,40,39,2,595,RandomPlayerConfig,MCTS_CheckersHeuristic
-2121681916,Checkers,0,GAME_OVER,32,31,2,596,RandomPlayerConfig,MCTS_CheckersHeuristic
221799308,Checkers,0,GAME_OVER,37,36,2,597,RandomPlayerConfig,MCTS_CheckersHeuristic
458667489,Checkers,0,GAME_OVER,27,26,2,598,RandomPlayerConfig,MCTS_CheckersHeuristic
60893320,Checkers,0,GAME_OVER,31,30,2,599,RandomPlayerConfig,MCTS_CheckersHeuristic
1443357674,Checkers,0,GAME_OVER,31,30,2,600,RandomPlayerConfig,MCTS_CheckersHeuristic
-384243208,Checkers,0,GAME_OVER,32,31,2,601,RandomPlayerConfig,MCTS_CheckersHeuristic
-2143063354,Checkers,0,GAME_OVER,41,40,2,602,MCTS_CheckersHeuristic,OSLA
200594778,Checkers,0,GAME_OVER,66,65,2,603,MCTS_CheckersHeuristic,OSLA
-514941224,Checkers,0,GAME_OVER,52,51,2,604,MCTS_CheckersHeuristic,OSLA
179287199,Checkers,0,GAME_OVER,37,36,2,605,MCTS_CheckersHeuristic,OSLA
2146590640,Checkers,0,GAME_OVER,114,113,2,606,MCTS_CheckersHeuristic,OSLA
1378180065,Checkers,0,GAME_OVER,49,48,2,607,MCTS_CheckersHeuristic,OSLA
-2036371014,Checkers,0,GAME_OVER,38,37,2,608,MCTS_CheckersHeuristic,OSLA
1437296834,Checkers,0,GAME_OVER,91,90,2,609,MCTS_CheckersHeuristic,OSLA
1700070603,Checkers,0,GAME_OVER,118,117,2,610,MCTS_CheckersHeuristic,OSLA
-1561081910,Checkers,0,GAME_OVER,51,50,2,611,MCTS_CheckersHeuristic,OSLA
-969854519,Checkers,0,GAME_OVER,94,93,2,612,MCTS_CheckersHeuristic,OSLA
1843078800,Checkers,0,GAME_OVER,166,165,2,613,MCTS_CheckersHeuristic,OSLA
1066787509,Checkers,0,GAME_OVER,115,114,2,614,MCTS_CheckersHeuristic,OSLA
1189586314,Checkers,0,GAME_OVER,80,79,2,615,MCTS_CheckersHeuristic,OSLA
-611826476,Checkers,0,GAME_OVER,39,38,2,616,MCTS_CheckersHeuristic,OSLA
-1544709741,Checkers,0,GAME_OVER,96,95,2,617,MCTS_CheckersHeuristic,OSLA
794318347,Checkers,0,GAME_OVER,37,36,2,618,MCTS_CheckersHeuristic,OSLA
-1286713953,Checkers,0,GAME_OVER,78,77,2,619,MCTS_CheckersHeuristic,OSLA
1187731884,Checkers,0,GAME_OVER,67,66,2,620,MCTS_CheckersHeuristic,OSLA
-1346212036,Checkers,0,GAME_OVER,38,37,2,621,MCTS_CheckersHeuristic,OSLA
2095173186,Checkers,0,GAME_OVER,40,39,2,622,MCTS_CheckersHeuristic,OSLA
1685697746,Checkers,0,GAME_OVER,45,44,2,623,MCTS_CheckersHeuristic,OSLA
525282589,Checkers,0,GAME_OVER,43,42,2,624,MCTS_CheckersHeuristic,OSLA
-1848612161,Checkers,0,GAME_OVER,36,35,2,625,MCTS_CheckersHeuristic,OSLA
1419713974,Checkers,0,GAME_OVER,43,42,2,626,MCTS_CheckersHeuristic,OSLA
317029565,Checkers,0,GAME_OVER,114,113,2,627,MCTS_CheckersHeuristic,OSLA
-1293604324,Checkers,0,GAME_OVER,34,33,2,628,MCTS_CheckersHeuristic,OSLA
-746695878,Checkers,0,GAME_OVER,78,77,2,629,MCTS_CheckersHeuristic,OSLA
-735693053,Checkers,0,GAME_OVER,82,81,2,630,MCTS_CheckersHeuristic,OSLA
780011660,Checkers,0,GAME_OVER,42,41,2,631,MCTS_CheckersHeuristic,OSLA
-59287236,Checkers,0,GAME_OVER,124,123,2,632,MCTS_CheckersHeuristic,OSLA
2006589468,Checkers,0,GAME_OVER,31,30,2,633,MCTS_CheckersHeuristic,OSLA
587590548,Checkers,0,GAME_OVER,97,96,2,634,MCTS_CheckersHeuristic,OSLA
482187783,Checkers,0,GAME_OVER,68,67,2,635,MCTS_CheckersHeuristic,OSLA
1982813031,Checkers,0,GAME_OVER,41,40,2,636,MCTS_CheckersHeuristic,OSLA
1223428036,Checkers,0,GAME_OVER,98,97,2,637,MCTS_CheckersHeuristic,OSLA
-1111851144,Checkers,0,GAME_OVER,57,56,2,638,MCTS_CheckersHeuristic,OSLA
-15746353,Checkers,0,GAME_OVER,58,57,2,639,MCTS_CheckersHeuristic,OSLA
-452121655,Checkers,0,GAME_OVER,89,88,2,640,MCTS_CheckersHeuristic,OSLA
1687770216,Checkers,0,GAME_OVER,81,80,2,641,MCTS_CheckersHeuristic,OSLA
657925756,Checkers,0,GAME_OVER,42,41,2,642,MCTS_CheckersHeuristic,OSLA
1999336935,Checkers,0,GAME_OVER,92,91,2,643,MCTS_CheckersHeuristic,OSLA
-2136046321,Checkers,0,GAME_OVER,38,37,2,644,MCTS_CheckersHeuristic,OSLA
-1427823816,Checkers,0,GAME_OVER,52,51,2,645,MCTS_CheckersHeuristic,OSLA
-2082357643,Checkers,0,GAME_OVER,46,45,2,646,MCTS_CheckersHeuristic,OSLA
1796810102,Checkers,0,GAME_OVER,89,88,2,647,MCTS_CheckersHeuristic,OSLA
1230325200,Checkers,0,GAME_OVER,45,44,2,648,MCTS_CheckersHeuristic,OSLA
1494970818,Checkers,0,GAME_OVER,33,32,2,649,MCTS_CheckersHeuristic,OSLA
1625250525,Checkers,0,GAME_OVER,96,95,2,650,MCTS_CheckersHeuristic,OSLA
-1432299318,Checkers,0,GAME_OVER,44,43,2,651,MCTS_CheckersHeuristic,OSLA
725655627,Checkers,0,GAME_OVER,48,47,2,652,MCTS_CheckersHeuristic,OSLA
1163206040,Checkers,0,GAME_OVER,127,126,2,653,MCTS_CheckersHeuristic,OSLA
560297376,Checkers,0,GAME_OVER,120,119,2,654,MCTS_CheckersHeuristic,OSLA
1210750624,Checkers,0,GAME_OVER,44,43,2,655,MCTS_CheckersHeuristic,OSLA
1617060179,Checkers,0,GAME_OVER,92,91,2,656,MCTS_CheckersHeuristic,OSLA
-1098270161,Checkers,0,GAME_OVER,39,38,2,657,MCTS_CheckersHeuristic,OSLA
1387059512,Checkers,0,GAME_OVER,31,30,2,658,MCTS_CheckersHeuristic,OSLA
-1209401438,Checkers,0,GAME_OVER,45,44,2,659,MCTS_CheckersHeuristic,OSLA
866499206,Checkers,0,GAME_OVER,36,35,2,660,MCTS_CheckersHeuristic,OSLA
-884055799,Checkers,0,GAME_OVER,38,37,2,661,MCTS_CheckersHeuristic,OSLA
-345991177,Checkers,0,GAME_OVER,55,54,2,662,MCTS_CheckersHeuristic,OSLA
1573066032,Checkers,0,GAME_OVER,41,40,2,663,MCTS_CheckersHeuristic,OSLA
714865605,Checkers,0,GAME_OVER,73,72,2,664,MCTS_CheckersHeuristic,OSLA
-1511071722,Checkers,0,GAME_OVER,75,74,2,665,MCTS_CheckersHeuristic,OSLA
1043637411,Checkers,0,GAME_OVER,90,89,2,666,MCTS_CheckersHeuristic,OSLA
619587682,Checkers,0,GAME_OVER,52,51,2,667,MCTS_CheckersHeuristic,OSLA
-1363742753,Checkers,0,GAME_OVER,42,41,2,668,MCTS_CheckersHeuristic,OSLA
-947852713,Checkers,0,GAME_OVER,101,100,2,669,MCTS_CheckersHeuristic,OSLA
-34283449,Checkers,0,GAME_OVER,42,41,2,670,MCTS_CheckersHeuristic,OSLA
1480406349,Checkers,0,GAME_OVER,49,48,2,671,MCTS_CheckersHeuristic,OSLA
-1921003377,Checkers,0,GAME_OVER,75,74,2,672,MCTS_CheckersHeuristic,OSLA
1533488837,Checkers,0,GAME_OVER,89,88,2,673,MCTS_CheckersHeuristic,OSLA
85373256,Checkers,0,GAME_OVER,68,67,2,674,MCTS_CheckersHeuristic,OSLA
121974405,Checkers,0,GAME_OVER,38,37,2,675,MCTS_CheckersHeuristic,OSLA
984941992,Checkers,0,GAME_OVER,73,72,2,676,MCTS_CheckersHeuristic,OSLA
2075425136,Checkers,0,GAME_OVER,62,61,2,677,MCTS_CheckersHeuristic,OSLA
-521898058,Checkers,0,GAME_OVER,36,35,2,678,MCTS_CheckersHeuristic,OSLA
1741815011,Checkers,0,GAME_OVER,34,33,2,679,MCTS_CheckersHeuristic,OSLA
1193812878,Checkers,0,GAME_OVER,73,72,2,680,MCTS_CheckersHeuristic,OSLA
1799176938,Checkers,0,GAME_OVER,74,73,2,681,MCTS_CheckersHeuristic,OSLA
972780260,Checkers,0,GAME_OVER,49,48,2,682,MCTS_CheckersHeuristic,OSLA
1815361416,Checkers,0,GAME_OVER,44,43,2,683,MCTS_CheckersHeuristic,OSLA
1322835176,Checkers,0,GAME_OVER,52,51,2,684,MCTS_CheckersHeuristic,OSLA
371741157,Checkers,0,GAME_OVER,138,137,2,685,MCTS_CheckersHeuristic,OSLA
-1102451655,Checkers,0,GAME_OVER,48,47,2,686,MCTS_CheckersHeuristic,OSLA
308533281,Checkers,0,GAME_OVER,36,35,2,687,MCTS_CheckersHeuristic,OSLA
-10429549,Checkers,0,GAME_OVER,123,122,2,688,MCTS_CheckersHeuristic,OSLA
1270174490,Checkers,0,GAME_OVER,43,42,2,689,MCTS_CheckersHeuristic,OSLA
-448480440,Checkers,0,GAME_OVER,76,75,2,690,MCTS_CheckersHeuristic,OSLA
501444460,Checkers,0,GAME_OVER,40,39,2,691,MCTS_CheckersHeuristic,OSLA
1083159769,Checkers,0,GAME_OVER,83,82,2,692,MCTS_CheckersHeuristic,OSLA
1576700780,Checkers,0,GAME_OVER,38,37,2,693,MCTS_CheckersHeuristic,OSLA
-756517090,Checkers,0,GAME_OVER,34,33,2,694,MCTS_CheckersHeuristic,OSLA
587439610,Checkers,0,GAME_OVER,31,30,2,695,MCTS_CheckersHeuristic,OSLA
-346723102,Checkers,0,GAME_OVER,77,76,2,696,MCTS_CheckersHeuristic,OSLA
2093549645,Checkers,0,GAME_OVER,68,67,2,697,MCTS_CheckersHeuristic,OSLA
1653336284,Checkers,0,GAME_OVER,39,38,2,698,MCTS_CheckersHeuristic,OSLA
769578293,Checkers,0,GAME_OVER,30,29,2,699,MCTS_CheckersHeuristic,OSLA
2047688042,Checkers,0,GAME_OVER,42,41,2,700,MCTS_CheckersHeuristic,OSLA
972616288,Checkers,0,GAME_OVER,66,65,2,701,MCTS_CheckersHeuristic,OSLA
1959695236,Checkers,0,GAME_OVER,35,34,2,702,MCTS_CheckersHeuristic,OSLA
1315021988,Checkers,0,GAME_OVER,48,47,2,703,MCTS_CheckersHeuristic,OSLA
1344377780,Checkers,0,GAME_OVER,106,105,2,704,MCTS_CheckersHeuristic,OSLA
357951072,Checkers,0,GAME_OVER,36,35,2,705,MCTS_CheckersHeuristic,OSLA
-2058918633,Checkers,0,GAME_OVER,43,42,2,706,MCTS_CheckersHeuristic,OSLA
-583788691,Checkers,0,GAME_OVER,47,46,2,707,MCTS_CheckersHeuristic,OSLA
1763539389,Checkers,0,GAME_OVER,47,46,2,708,MCTS_CheckersHeuristic,OSLA
-1082296257,Checkers,0,GAME_OVER,35,34,2,709,MCTS_CheckersHeuristic,OSLA
709158110,Checkers,0,GAME_OVER,98,97,2,710,MCTS_CheckersHeuristic,OSLA
396158491,Checkers,0,GAME_OVER,43,42,2,711,MCTS_CheckersHeuristic,OSLA
-1345397067,Checkers,0,GAME_OVER,46,45,2,712,MCTS_CheckersHeuristic,OSLA
1669350546,Checkers,0,GAME_OVER,47,46,2,713,MCTS_CheckersHeuristic,OSLA
-466521336,Checkers,0,GAME_OVER,43,42,2,714,MCTS_CheckersHeuristic,OSLA
1925152929,Checkers,0,GAME_OVER,42,41,2,715,MCTS_CheckersHeuristic,OSLA
-530550102,Checkers,0,GAME_OVER,134,133,2,716,MCTS_CheckersHeuristic,OSLA
-919063509,Checkers,0,GAME_OVER,106,105,2,717,MCTS_CheckersHeuristic,OSLA
-800887435,Checkers,0,GAME_OVER,33,32,2,718,MCTS_CheckersHeuristic,OSLA
-1121831777,Checkers,0,GAME_OVER,32,31,2,719,MCTS_CheckersHeuristic,OSLA
-1819735674,Checkers,0,GAME_OVER,54,53,2,720,MCTS_CheckersHeuristic,OSLA
2085410311,Checkers,0,GAME_OVER,77,76,2,721,MCTS_CheckersHeuristic,OSLA
-1001763376,Checkers,0,GAME_OVER,35,34,2,722,MCTS_CheckersHeuristic,OSLA
1350169571,Checkers,0,GAME_OVER,47,46,2,723,MCTS_CheckersHeuristic,OSLA
5880123,Checkers,0,GAME_OVER,41,40,2,724,MCTS_CheckersHeuristic,OSLA
1879634794,Checkers,0,GAME_OVER,46,45,2,725,MCTS_CheckersHeuristic,OSLA
-1125706525,Checkers,0,GAME_OVER,63,62,2,726,MCTS_CheckersHeuristic,OSLA
2039316273,Checkers,0,GAME_OVER,47,46,2,727,MCTS_CheckersHeuristic,OSLA
-1257035972,Checkers,0,GAME_OVER,43,42,2,728,MCTS_CheckersHeuristic,OSLA
1421001288,Checkers,0,GAME_OVER,41,40,2,729,MCTS_CheckersHeuristic,OSLA
-1651534043,Checkers,0,GAME_OVER,128,127,2,730,MCTS_CheckersHeuristic,OSLA
551156039,Checkers,0,GAME_OVER,100,99,2,731,MCTS_CheckersHeuristic,OSLA
1090369838,Checkers,0,GAME_OVER,43,42,2,732,MCTS_CheckersHeuristic,OSLA
575298023,Checkers,0,GAME_OVER,35,34,2,733,MCTS_CheckersHeuristic,OSLA
530677400,Checkers,0,GAME_OVER,41,40,2,734,MCTS_CheckersHeuristic,OSLA
817833498,Checkers,0,GAME_OVER,44,43,2,735,MCTS_CheckersHeuristic,OSLA
-1060660001,Checkers,0,GAME_OVER,34,33,2,736,MCTS_CheckersHeuristic,OSLA
1151880641,Checkers,0,GAME_OVER,40,39,2,737,MCTS_CheckersHeuristic,OSLA
-1664936495,Checkers,0,GAME_OVER,54,53,2,738,MCTS_CheckersHeuristic,OSLA
1167710822,Checkers,0,GAME_OVER,50,49,2,739,MCTS_CheckersHeuristic,OSLA
-542712970,Checkers,0,GAME_OVER,43,42,2,740,MCTS_CheckersHeuristic,OSLA
-2144300370,Checkers,0,GAME_OVER,46,45,2,741,MCTS_CheckersHeuristic,OSLA
-1642254248,Checkers,0,GAME_OVER,41,40,2,742,MCTS_CheckersHeuristic,OSLA
-1248370843,Checkers,0,GAME_OVER,43,42,2,743,MCTS_CheckersHeuristic,OSLA
145550316,Checkers,0,GAME_OVER,38,37,2,744,MCTS_CheckersHeuristic,OSLA
-1561587134,Checkers,0,GAME_OVER,98,97,2,745,MCTS_CheckersHeuristic,OSLA
-690305999,Checkers,0,GAME_OVER,35,34,2,746,MCTS_CheckersHeuristic,OSLA
-915091747,Checkers,0,GAME_OVER,38,37,2,747,MCTS_CheckersHeuristic,OSLA
-929269573,Checkers,0,GAME_OVER,75,74,2,748,MCTS_CheckersHeuristic,OSLA
-1776447373,Checkers,0,GAME_OVER,73,72,2,749,MCTS_CheckersHeuristic,OSLA
1376782522,Checkers,0,GAME_OVER,109,108,2,750,MCTS_CheckersHeuristic,OSLA
822717280,Checkers,0,GAME_OVER,48,47,2,751,MCTS_CheckersHeuristic,OSLA
1214860500,Checkers,0,GAME_OVER,80,79,2,752,MCTS_CheckersHeuristic,OSLA
2123155327,Checkers,0,GAME_OVER,42,41,2,753,MCTS_CheckersHeuristic,OSLA
468987575,Checkers,0,GAME_OVER,39,38,2,754,MCTS_CheckersHeuristic,OSLA
-156419889,Checkers,0,GAME_OVER,45,44,2,755,MCTS_CheckersHeuristic,OSLA
244685781,Checkers,0,GAME_OVER,46,45,2,756,MCTS_CheckersHeuristic,OSLA
-2012422644,Checkers,0,GAME_OVER,46,45,2,757,MCTS_CheckersHeuristic,OSLA
-646576725,Checkers,0,GAME_OVER,40,39,2,758,MCTS_CheckersHeuristic,OSLA
-679847649,Checkers,0,GAME_OVER,92,91,2,759,MCTS_CheckersHeuristic,OSLA
153033083,Checkers,0,GAME_OVER,62,61,2,760,MCTS_CheckersHeuristic,OSLA
1500617616,Checkers,0,GAME_OVER,39,38,2,761,MCTS_CheckersHeuristic,OSLA
2028282473,Checkers,0,GAME_OVER,123,122,2,762,MCTS_CheckersHeuristic,OSLA
1550709087,Checkers,0,GAME_OVER,74,73,2,763,MCTS_CheckersHeuristic,OSLA
635540564,Checkers,0,GAME_OVER,92,91,2,764,MCTS_CheckersHeuristic,OSLA
1132003058,Checkers,0,GAME_OVER,34,33,2,765,MCTS_CheckersHeuristic,OSLA
535714537,Checkers,0,GAME_OVER,132,131,2,766,MCTS_CheckersHeuristic,OSLA
93854457,Checkers,0,GAME_OVER,84,83,2,767,MCTS_CheckersHeuristic,OSLA
1266419641,Checkers,0,GAME_OVER,44,43,2,768,MCTS_CheckersHeuristic,OSLA
761600881,Checkers,0,GAME_OVER,46,45,2,769,MCTS_CheckersHeuristic,OSLA
2143529823,Checkers,0,GAME_OVER,85,84,2,770,MCTS_CheckersHeuristic,OSLA
2102961463,Checkers,0,GAME_OVER,43,42,2,771,MCTS_CheckersHeuristic,OSLA
1679841531,Checkers,0,GAME_OVER,39,38,2,772,MCTS_CheckersHeuristic,OSLA
1465671621,Checkers,0,GAME_OVER,62,61,2,773,MCTS_CheckersHeuristic,OSLA
-449521527,Checkers,0,GAME_OVER,126,125,2,774,MCTS_CheckersHeuristic,OSLA
304327433,Checkers,0,GAME_OVER,37,36,2,775,MCTS_CheckersHeuristic,OSLA
-578472996,Checkers,0,GAME_OVER,39,38,2,776,MCTS_CheckersHeuristic,OSLA
-211506301,Checkers,0,GAME_OVER,41,40,2,777,MCTS_CheckersHeuristic,OSLA
1627349832,Checkers,0,GAME_OVER,41,40,2,778,MCTS_CheckersHeuristic,OSLA
-1714208507,Checkers,0,GAME_OVER,39,38,2,779,MCTS_CheckersHeuristic,OSLA
-1196115391,Checkers,0,GAME_OVER,39,38,2,780,MCTS_CheckersHeuristic,OSLA
-1540368699,Checkers,0,GAME_OVER,57,56,2,781,MCTS_CheckersHeuristic,OSLA
-906911374,Checkers,0,GAME_OVER,37,36,2,782,MCTS_CheckersHeuristic,OSLA
-1638432850,Checkers,0,GAME_OVER,40,39,2,783,MCTS_CheckersHeuristic,OSLA
686422820,Checkers,0,GAME_OVER,47,46,2,784,MCTS_CheckersHeuristic,OSLA
1530302473,Checkers,0,GAME_OVER,43,42,2,785,MCTS_CheckersHeuristic,OSLA
-1209659418,Checkers,0,GAME_OVER,48,47,2,786,MCTS_CheckersHeuristic,OSLA
149319160,Checkers,0,GAME_OVER,44,43,2,787,MCTS_CheckersHeuristic,OSLA
760898767,Checkers,0,GAME_OVER,106,105,2,788,MCTS_CheckersHeuristic,OSLA
805876825,Checkers,0,GAME_OVER,29,28,2,789,MCTS_CheckersHeuristic,OSLA
-648465952,Checkers,0,GAME_OVER,87,86,2,790,MCTS_CheckersHeuristic,OSLA
-220098549,Checkers,0,GAME_OVER,50,49,2,791,MCTS_CheckersHeuristic,OSLA
1441244742,Checkers,0,GAME_OVER,108,107,2,792,MCTS_CheckersHeuristic,OSLA
1602782636,Checkers,0,GAME_OVER,40,39,2,793,MCTS_CheckersHeuristic,OSLA
-1364356723,Checkers,0,GAME_OVER,130,129,2,794,MCTS_CheckersHeuristic,OSLA
1522474567,Checkers,0,GAME_OVER,83,82,2,795,MCTS_CheckersHeuristic,OSLA
-2121681916,Checkers,0,GAME_OVER,71,70,2,796,MCTS_CheckersHeuristic,OSLA
221799308,Checkers,0,GAME_OVER,43,42,2,797,MCTS_CheckersHeuristic,OSLA
458667489,Checkers,0,GAME_OVER,43,42,2,798,MCTS_CheckersHeuristic,OSLA
60893320,Checkers,0,GAME_OVER,91,90,2,799,MCTS_CheckersHeuristic,OSLA
1443357674,Checkers,0,GAME_OVER,39,38,2,800,MCTS_CheckersHeuristic,OSLA
-384243208,Checkers,0,GAME_OVER,61,60,2,801,MCTS_CheckersHeuristic,OSLA
-2143063354,Checkers,0,GAME_OVER,165,164,2,802,OSLA,OSLA
200594778,Checkers,0,GAME_OVER,48,47,2,803,OSLA,OSLA
-514941224,Checkers,0,GAME_OVER,43,42,2,804,OSLA,OSLA
179287199,Checkers,0,GAME_OVER,68,67,2,805,OSLA,OSLA
2146590640,Checkers,0,GAME_OVER,47,46,2,806,OSLA,OSLA
1378180065,Checkers,0,GAME_OVER,51,50,2,807,OSLA,OSLA
-2036371014,Checkers,0,GAME_OVER,38,37,2,808,OSLA,OSLA
1437296834,Checkers,0,GAME_OVER,48,47,2,809,OSLA,OSLA
1700070603,Checkers,0,GAME_OVER,64,63,2,810,OSLA,OSLA
-1561081910,Checkers,0,GAME_OVER,42,41,2,811,OSLA,OSLA
-969854519,Checkers,0,GAME_OVER,50,49,2,812,OSLA,OSLA
1843078800,Checkers,0,GAME_OVER,208,207,2,813,OSLA,OSLA
1066787509,Checkers,0,GAME_OVER,45,44,2,814,OSLA,OSLA
1189586314,Checkers,0,GAME_OVER,157,156,2,815,OSLA,OSLA
-611826476,Checkers,0,GAME_OVER,43,42,2,816,OSLA,OSLA
-1544709741,Checkers,0,GAME_OVER,103,102,2,817,OSLA,OSLA
794318347,Checkers,0,GAME_OVER,44,43,2,818,OSLA,OSLA
-1286713953,Checkers,0,GAME_OVER,32,31,2,819,OSLA,OSLA
1187731884,Checkers,0,GAME_OVER,32,31,2,820,OSLA,OSLA
-1346212036,Checkers,0,GAME_OVER,43,42,2,821,OSLA,OSLA
2095173186,Checkers,0,GAME_OVER,36,35,2,822,OSLA,OSLA
1685697746,Checkers,0,GAME_OVER,45,44,2,823,OSLA,OSLA
525282589,Checkers,0,GAME_OVER,64,63,2,824,OSLA,OSLA
-1848612161,Checkers,0,GAME_OVER,38,37,2,825,OSLA,OSLA
1419713974,Checkers,0,GAME_OVER,120,119,2,826,OSLA,OSLA
317029565,Checkers,0,GAME_OVER,40,39,2,827,OSLA,OSLA
-1293604324,Checkers,0,GAME_OVER,146,145,2,828,OSLA,OSLA
-746695878,Checkers,0,GAME_OVER,40,39,2,829,OSLA,OSLA
-735693053,Checkers,0,GAME_OVER,40,39,2,830,OSLA,OSLA
780011660,Checkers,0,GAME_OVER,69,68,2,831,OSLA,OSLA
-59287236,Checkers,0,GAME_OVER,35,34,2,832,OSLA,OSLA
2006589468,Checkers,0,GAME_OVER,41,40,2,833,OSLA,OSLA
587590548,Checkers,0,GAME_OVER,49,48,2,834,OSLA,OSLA
482187783,Checkers,0,GAME_OVER,108,107,2,835,OSLA,OSLA
1982813031,Checkers,0,GAME_OVER,39,38,2,836,OSLA,OSLA
1223428036,Checkers,0,GAME_OVER,40,39,2,837,OSLA,OSLA
-1111851144,Checkers,0,GAME_OVER,40,39,2,838,OSLA,OSLA
-15746353,Checkers,0,GAME_OVER,61,60,2,839,OSLA,OSLA
-452121655,Checkers,0,GAME_OVER,50,49,2,840,OSLA,OSLA
1687770216,Checkers,0,GAME_OVER,42,41,2,841,OSLA,OSLA
657925756,Checkers,0,GAME_OVER,85,84,2,842,OSLA,OSLA
1999336935,Checkers,0,GAME_OVER,40,39,2,843,OSLA,OSLA
-2136046321,Checkers,0,GAME_OVER,109,108,2,844,OSLA,OSLA
-1427823816,Checkers,0,GAME_OVER,43,42,2,845,OSLA,OSLA
-2082357643,Checkers,0,GAME_OVER,116,115,2,846,OSLA,OSLA
1796810102,Checkers,0,GAME_OVER,38,37,2,847,OSLA,OSLA
1230325200,Checkers,0,GAME_OVER,39,38,2,848,OSLA,OSLA
1494970818,Checkers,0,GAME_OVER,41,40,2,849,OSLA,OSLA
1625250525,Checkers,0,GAME_OVER,33,32,2,850,OSLA,OSLA
-1432299318,Checkers,0,GAME_OVER,62,61,2,851,OSLA,OSLA
725655627,Checkers,0,GAME_OVER,32,31,2,852,OSLA,OSLA
1163206040,Checkers,0,GAME_OVER,42,41,2,853,OSLA,OSLA
560297376,Checkers,0,GAME_OVER,54,53,2,854,OSLA,OSLA
1210750624,Checkers,0,GAME_OVER,37,36,2,855,OSLA,OSLA
1617060179,Checkers,0,GAME_OVER,41,40,2,856,OSLA,OSLA
-1098270161,Checkers,0,GAME_OVER,74,73,2,857,OSLA,OSLA
1387059512,Checkers,0,GAME_OVER,39,38,2,858,OSLA,OSLA
-1209401438,Checkers,0,GAME_OVER,40,39,2,859,OSLA,OSLA
866499206,Checkers,0,GAME_OVER,37,36,2,860,OSLA,OSLA
-884055799,Checkers,0,GAME_OVER,37,36,2,861,OSLA,OSLA
-345991177,Checkers,0,GAME_OVER,54,53,2,862,OSLA,OSLA
1573066032,Checkers,0,GAME_OVER,36,35,2,863,OSLA,OSLA
714865605,Checkers,0,GAME_OVER,35,34,2,864,OSLA,OSLA
-1511071722,Checkers,0,GAME_OVER,50,49,2,865,OSLA,OSLA
1043637411,Checkers,0,GAME_OVER,50,49,2,866,OSLA,OSLA
619587682,Checkers,0,GAME_OVER,79,78,2,867,OSLA,OSLA
-1363742753,Checkers,0,GAME_OVER,64,63,2,868,OSLA,OSLA
-947852713,Checkers,0,GAME_OVER,107,106,2,869,OSLA,OSLA
-34283449,Checkers,0,GAME_OVER,47,46,2,870,OSLA,OSLA
1480406349,Checkers,0,GAME_OVER,51,50,2,871,OSLA,OSLA
-1921003377,Checkers,0,GAME_OVER,38,37,2,872,OSLA,OSLA
1533488837,Checkers,0,GAME_OVER,89,88,2,873,OSLA,OSLA
85373256,Checkers,0,GAME_OVER,76,75,2,874,OSLA,OSLA
121974405,Checkers,0,GAME_OVER,43,42,2,875,OSLA,OSLA
984941992,Checkers,0,GAME_OVER,28,27,2,876,OSLA,OSLA
2075425136,Checkers,0,GAME_OVER,42,41,2,877,OSLA,OSLA
-521898058,Checkers,0,GAME_OVER,42,41,2,878,OSLA,OSLA
1741815011,Checkers,0,GAME_OVER,45,44,2,879,OSLA,OSLA
1193812878,Checkers,0,GAME_OVER,55,54,2,880,OSLA,OSLA
1799176938,Checkers,0,GAME_OVER,85,84,2,881,OSLA,OSLA
972780260,Checkers,0,GAME_OVER,41,40,2,882,OSLA,OSLA
1815361416,Checkers,0,GAME_OVER,44,43,2,883,OSLA,OSLA
1322835176,Checkers,0,GAME_OVER,39,38,2,884,OSLA,OSLA
371741157,Checkers,0,GAME_OVER,33,32,2,885,OSLA,OSLA
-1102451655,Checkers,0,GAME_OVER,49,48,2,886,OSLA,OSLA
308533281,Checkers,0,GAME_OVER,38,37,2,887,OSLA,OSLA
-10429549,Checkers,0,GAME_OVER,46,45,2,888,OSLA,OSLA
1270174490,Checkers,0,GAME_OVER,38,37,2,889,OSLA,OSLA
-448480440,Checkers,0,GAME_OVER,108,107,2,890,OSLA,OSLA
501444460,Checkers,0,GAME_OVER,35,34,2,891,OSLA,OSLA
1083159769,Checkers,0,GAME_OVER,37,36,2,892,OSLA,OSLA
1576700780,Checkers,0,GAME_OVER,156,155,2,893,OSLA,OSLA
-756517090,Checkers,0,GAME_OVER,73,72,2,894,OSLA,OSLA
587439610,Checkers,0,GAME_OVER,43,42,2,895,OSLA,OSLA
-346723102,Checkers,0,GAME_OVER,38,37,2,896,OSLA,OSLA
2093549645,Checkers,0,GAME_OVER,38,37,2,897,OSLA,OSLA
1653336284,Checkers,0,GAME_OVER,42,41,2,898,OSLA,OSLA
769578293,Checkers,0,GAME_OVER,81,80,2,899,OSLA,OSLA
2047688042,Checkers,0,GAME_OVER,80,79,2,900,OSLA,OSLA
972616288,Checkers,0,GAME_OVER,42,41,2,901,OSLA,OSLA
1959695236,Checkers,0,GAME_OVER,41,40,2,902,OSLA,OSLA
1315021988,Checkers,0,GAME_OVER,39,38,2,903,OSLA,OSLA
1344377780,Checkers,0,GAME_OVER,95,94,2,904,OSLA,OSLA
357951072,Checkers,0,GAME_OVER,53,52,2,905,OSLA,OSLA
-2058918633,Checkers,0,GAME_OVER,43,42,2,906,OSLA,OSLA
-583788691,Checkers,0,GAME_OVER,44,43,2,907,OSLA,OSLA
1763539389,Checkers,0,GAME_OVER,37,36,2,908,OSLA,OSLA
-1082296257,Checkers,0,GAME_OVER,109,108,2,909,OSLA,OSLA
709158110,Checkers,0,GAME_OVER,31,30,2,910,OSLA,OSLA
396158491,Checkers,0,GAME_OVER,33,32,2,911,OSLA,OSLA
-1345397067,Checkers,0,GAME_OVER,36,35,2,912,OSLA,OSLA
1669350546,Checkers,0,GAME_OVER,46,45,2,913,OSLA,OSLA
-466521336,Checkers,0,GAME_OVER,42,41,2,914,OSLA,OSLA
1925152929,Checkers,0,GAME_OVER,54,53,2,915,OSLA,OSLA
-530550102,Checkers,0,GAME_OVER,88,87,2,916,OSLA,OSLA
-919063509,Checkers,0,GAME_OVER,54,53,2,917,OSLA,OSLA
-800887435,Checkers,0,GAME_OVER,38,37,2,918,OSLA,OSLA
-1121831777,Checkers,0,GAME_OVER,45,44,2,919,OSLA,OSLA
-1819735674,Checkers,0,GAME_OVER,35,34,2,920,OSLA,OSLA
2085410311,Checkers,0,GAME_OVER,38,37,2,921,OSLA,OSLA
-1001763376,Checkers,0,GAME_OVER,39,38,2,922,OSLA,OSLA
1350169571,Checkers,0,GAME_OVER,51,50,2,923,OSLA,OSLA
5880123,Checkers,0,GAME_OVER,42,41,2,924,OSLA,OSLA
1879634794,Checkers,0,GAME_OVER,44,43,2,925,OSLA,OSLA
-1125706525,Checkers,0,GAME_OVER,135,134,2,926,OSLA,OSLA
2039316273,Checkers,0,GAME_OVER,37,36,2,927,OSLA,OSLA
-1257035972,Checkers,0,GAME_OVER,58,57,2,928,OSLA,OSLA
1421001288,Checkers,0,GAME_OVER,50,49,2,929,OSLA,OSLA
-1651534043,Checkers,0,GAME_OVER,118,117,2,930,OSLA,OSLA
551156039,Checkers,0,GAME_OVER,137,136,2,931,OSLA,OSLA
1090369838,Checkers,0,GAME_OVER,156,155,2,932,OSLA,OSLA
575298023,Checkers,0,GAME_OVER,53,52,2,933,OSLA,OSLA
530677400,Checkers,0,GAME_OVER,39,38,2,934,OSLA,OSLA
817833498,Checkers,0,GAME_OVER,78,77,2,935,OSLA,OSLA
-1060660001,Checkers,0,GAME_OVER,55,54,2,936,OSLA,OSLA
1151880641,Checkers,0,GAME_OVER,34,33,2,937,OSLA,OSLA
-1664936495,Checkers,0,GAME_OVER,119,118,2,938,OSLA,OSLA
1167710822,Checkers,0,GAME_OVER,121,120,2,939,OSLA,OSLA
-542712970,Checkers,0,GAME_OVER,44,43,2,940,OSLA,OSLA
-2144300370,Checkers,0,GAME_OVER,45,44,2,941,OSLA,OSLA
-1642254248,Checkers,0,GAME_OVER,135,134,2,942,OSLA,OSLA
-1248370843,Checkers,0,GAME_OVER,42,41,2,943,OSLA,OSLA
145550316,Checkers,0,GAME_OVER,43,42,2,944,OSLA,OSLA
-1561587134,Checkers,0,GAME_OVER,38,37,2,945,OSLA,OSLA
-690305999,Checkers,0,GAME_OVER,154,153,2,946,OSLA,OSLA
-915091747,Checkers,0,GAME_OVER,32,31,2,947,OSLA,OSLA
-929269573,Checkers,0,GAME_OVER,36,35,2,948,OSLA,OSLA
-1776447373,Checkers,0,GAME_OVER,63,62,2,949,OSLA,OSLA
1376782522,Checkers,0,GAME_OVER,32,31,2,950,OSLA,OSLA
822717280,Checkers,0,GAME_OVER,103,102,2,951,OSLA,OSLA
1214860500,Checkers,0,GAME_OVER,48,47,2,952,OSLA,OSLA
2123155327,Checkers,0,GAME_OVER,62,61,2,953,OSLA,OSLA
468987575,Checkers,0,GAME_OVER,35,34,2,954,OSLA,OSLA
-156419889,Checkers,0,GAME_OVER,43,42,2,955,OSLA,OSLA
244685781,Checkers,0,GAME_OVER,112,111,2,956,OSLA,OSLA
-2012422644,Checkers,0,GAME_OVER,39,38,2,957,OSLA,OSLA
-646576725,Checkers,0,GAME_OVER,115,114,2,958,OSLA,OSLA
-679847649,Checkers,0,GAME_OVER,71,70,2,959,OSLA,OSLA
153033083,Checkers,0,GAME_OVER,37,36,2,960,OSLA,OSLA
1500617616,Checkers,0,GAME_OVER,29,28,2,961,OSLA,OSLA
2028282473,Checkers,0,GAME_OVER,111,110,2,962,OSLA,OSLA
1550709087,Checkers,0,GAME_OVER,44,43,2,963,OSLA,OSLA
635540564,Checkers,0,GAME_OVER,41,40,2,964,OSLA,OSLA
1132003058,Checkers,0,GAME_OVER,63,62,2,965,OSLA,OSLA
535714537,Checkers,0,GAME_OVER,32,31,2,966,OSLA,OSLA
93854457,Checkers,0,GAME_OVER,141,140,2,967,OSLA,OSLA
1266419641,Checkers,0,GAME_OVER,33,32,2,968,OSLA,OSLA
761600881,Checkers,0,GAME_OVER,63,62,2,969,OSLA,OSLA
2143529823,Checkers,0,GAME_OVER,41,40,2,970,OSLA,OSLA
2102961463,Checkers,0,GAME_OVER,46,45,2,971,OSLA,OSLA
1679841531,Checkers,0,GAME_OVER,41,40,2,972,OSLA,OSLA
1465671621,Checkers,0,GAME_OVER,38,37,2,973,OSLA,OSLA
-449521527,Checkers,0,GAME_OVER,32,31,2,974,OSLA,OSLA
304327433,Checkers,0,GAME_OVER,43,42,2,975,OSLA,OSLA
-578472996,Checkers,0,GAME_OVER,44,43,2,976,OSLA,OSLA
-211506301,Checkers,0,GAME_OVER,65,64,2,977,OSLA,OSLA
1627349832,Checkers,0,GAME_OVER,78,77,2,978,OSLA,OSLA
-1714208507,Checkers,0,GAME_OVER,54,53,2,979,OSLA,OSLA
-1196115391,Checkers,0,GAME_OVER,46,45,2,980,OSLA,OSLA
-1540368699,Checkers,0,GAME_OVER,51,50,2,981,OSLA,OSLA
-906911374,Checkers,0,GAME_OVER,33,32,2,982,OSLA,OSLA
-1638432850,Checkers,0,GAME_OVER,40,39,2,983,OSLA,OSLA
686422820,Checkers,0,GAME_OVER,78,77,2,984,OSLA,OSLA
1530302473,Checkers,0,GAME_OVER,38,37,2,985,OSLA,OSLA
-1209659418,Checkers,0,GAME_OVER,39,38,2,986,OSLA,OSLA
149319160,Checkers,0,GAME_OVER,70,69,2,987,OSLA,OSLA
760898767,Checkers,0,GAME_OVER,43,42,2,988,OSLA,OSLA
805876825,Checkers,0,GAME_OVER,48,47,2,989,OSLA,OSLA
-648465952,Checkers,0,GAME_OVER,36,35,2,990,OSLA,OSLA
-220098549,Checkers,0,GAME_OVER,131,130,2,991,OSLA,OSLA
1441244742,Checkers,0,GAME_OVER,50,49,2,992,OSLA,OSLA
1602782636,Checkers,0,GAME_OVER,35,34,2,993,OSLA,OSLA
-1364356723,Checkers,0,GAME_OVER,129,128,2,994,OSLA,OSLA
1522474567,Checkers,0,GAME_OVER,29,28,2,995,OSLA,OSLA
-2121681916,Checkers,0,GAME_OVER,38,37,2,996,OSLA,OSLA
221799308,Checkers,0,GAME_OVER,40,39,2,997,OSLA,OSLA
458667489,Checkers,0,GAME_OVER,43,42,2,998,OSLA,OSLA
60893320,Checkers,0,GAME_OVER,46,45,2,999,OSLA,OSLA
1443357674,Checkers,0,GAME_OVER,31,30,2,1000,OSLA,OSLA
-384243208,Checkers,0,GAME_OVER,38,37,2,1001,OSLA,OSLA
-2143063354,Checkers,0,GAME_OVER,37,36,2,1002,RandomPlayerConfig,OSLA
200594778,Checkers,0,GAME_OVER,29,28,2,1003,RandomPlayerConfig,OSLA
-514941224,Checkers,0,GAME_OVER,30,29,2,1004,RandomPlayerConfig,OSLA
179287199,Checkers,0,GAME_OVER,37,36,2,1005,RandomPlayerConfig,OSLA
2146590640,Checkers,0,GAME_OVER,30,29,2,1006,RandomPlayerConfig,OSLA
1378180065,Checkers,0,GAME_OVER,35,34,2,1007,RandomPlayerConfig,OSLA
-2036371014,Checkers,0,GAME_OVER,29,28,2,1008,RandomPlayerConfig,OSLA
1437296834,Checkers,0,GAME_OVER,31,30,2,1009,RandomPlayerConfig,OSLA
1700070603,Checkers,0,GAME_OVER,28,27,2,1010,RandomPlayerConfig,OSLA
-1561081910,Checkers,0,GAME_OVER,31,30,2,1011,RandomPlayerConfig,OSLA
-969854519,Checkers,0,GAME_OVER,40,39,2,1012,RandomPlayerConfig,OSLA
1843078800,Checkers,0,GAME_OVER,36,35,2,1013,RandomPlayerConfig,OSLA
1066787509,Checkers,0,GAME_OVER,36,35,2,1014,RandomPlayerConfig,OSLA
1189586314,Checkers,0,GAME_OVER,26,25,2,1015,RandomPlayerConfig,OSLA
-611826476,Checkers,0,GAME_OVER,33,32,2,1016,RandomPlayerConfig,OSLA
-1544709741,Checkers,0,GAME_OVER,33,32,2,1017,RandomPlayerConfig,OSLA
794318347,Checkers,0,GAME_OVER,26,25,2,1018,RandomPlayerConfig,OSLA
-1286713953,Checkers,0,GAME_OVER,26,25,2,1019,RandomPlayerConfig,OSLA
1187731884,Checkers,0,GAME_OVER,29,28,2,1020,RandomPlayerConfig,OSLA
-1346212036,Checkers,0,GAME_OVER,37,36,2,1021,RandomPlayerConfig,OSLA
2095173186,Checkers,0,GAME_OVER,33,32,2,1022,RandomPlayerConfig,OSLA
1685697746,Checkers,0,GAME_OVER,33,32,2,1023,RandomPlayerConfig,OSLA
525282589,Checkers,0,GAME_OVER,32,31,2,1024,RandomPlayerConfig,OSLA
-1848612161,Checkers,0,GAME_OVER,41,40,2,1025,RandomPlayerConfig,OSLA
1419713974,Checkers,0,GAME_OVER,32,31,2,1026,RandomPlayerConfig,OSLA
317029565,Checkers,0,GAME_OVER,30,29,2,1027,RandomPlayerConfig,OSLA
-1293604324,Checkers,0,GAME_OVER,31,30,2,1028,RandomPlayerConfig,OSLA
-746695878,Checkers,0,GAME_OVER,35,34,2,1029,RandomPlayerConfig,OSLA
-735693053,Checkers,0,GAME_OVER,34,33,2,1030,RandomPlayerConfig,OSLA
780011660,Checkers,0,GAME_OVER,32,31,2,1031,RandomPlayerConfig,OSLA
-59287236,Checkers,0,GAME_OVER,28,27,2,1032,RandomPlayerConfig,OSLA
2006589468,Checkers,0,GAME_OVER,34,33,2,1033,RandomPlayerConfig,OSLA
587590548,Checkers,0,GAME_OVER,30,29,2,1034,RandomPlayerConfig,OSLA
482187783,Checkers,0,GAME_OVER,33,32,2,1035,RandomPlayerConfig,OSLA
1982813031,Checkers,0,GAME_OVER,34,33,2,1036,RandomPlayerConfig,OSLA
1223428036,Checkers,0,GAME_OVER,31,30,2,1037,RandomPlayerConfig,OSLA
-1111851144,Checkers,0,GAME_OVER,32,31,2,1038,RandomPlayerConfig,OSLA
-15746353,Checkers,0,GAME_OVER,25,24,2,1039,RandomPlayerConfig,OSLA
-452121655,Checkers,0,GAME_OVER,32,31,2,1040,RandomPlayerConfig,OSLA
1687770216,Checkers,0,GAME_OVER,33,32,2,1041,RandomPlayerConfig,OSLA
657925756,Checkers,0,GAME_OVER,39,38,2,1042,RandomPlayerConfig,OSLA
1999336935,Checkers,0,GAME_OVER,25,24,2,1043,RandomPlayerConfig,OSLA
-2136046321,Checkers,0,GAME_OVER,25,24,2,1044,RandomPlayerConfig,OSLA
-1427823816,Checkers,0,GAME_OVER,33,32,2,1045,RandomPlayerConfig,OSLA
-2082357643,Checkers,0,GAME_OVER,21,20,2,1046,RandomPlayerConfig,OSLA
1796810102,Checkers,0,GAME_OVER,34,33,2,1047,RandomPlayerConfig,OSLA
1230325200,Checkers,0,GAME_OVER,38,37,2,1048,RandomPlayerConfig,OSLA
1494970818,Checkers,0,GAME_OVER,39,38,2,1049,RandomPlayerConfig,OSLA
1625250525,Checkers,0,GAME_OVER,35,34,2,1050,RandomPlayerConfig,OSLA
-1432299318,Checkers,0,GAME_OVER,30,29,2,1051,RandomPlayerConfig,OSLA
725655627,Checkers,0,GAME_OVER,37,36,2,1052,RandomPlayerConfig,OSLA
1163206040,Checkers,0,GAME_OVER,30,29,2,1053,RandomPlayerConfig,OSLA
560297376,Checkers,0,GAME_OVER,34,33,2,1054,RandomPlayerConfig,OSLA
1210750624,Checkers,0,GAME_OVER,36,35,2,1055,RandomPlayerConfig,OSLA
1617060179,Checkers,0,GAME_OVER,32,31,2,1056,RandomPlayerConfig,OSLA
-1098270161,Checkers,0,GAME_OVER,37,36,2,1057,RandomPlayerConfig,OSLA
1387059512,Checkers,0,GAME_OVER,34,33,2,1058,RandomPlayerConfig,OSLA
-1209401438,Checkers,0,GAME_OVER,34,33,2,1059,RandomPlayerConfig,OSLA
866499206,Checkers,0,GAME_OVER,32,31,2,1060,RandomPlayerConfig,OSLA
-884055799,Checkers,0,GAME_OVER,35,34,2,1061,RandomPlayerConfig,OSLA
-345991177,Checkers,0,GAME_OVER,20,19,2,1062,RandomPlayerConfig,OSLA
1573066032,Checkers,0,GAME_OVER,33,32,2,1063,RandomPlayerConfig,OSLA
714865605,Checkers,0,GAME_OVER,30,29,2,1064,RandomPlayerConfig,OSLA
-1511071722,Checkers,0,GAME_OVER,27,26,2,1065,RandomPlayerConfig,OSLA
1043637411,Checkers,0,GAME_OVER,33,32,2,1066,RandomPlayerConfig,OSLA
619587682,Checkers,0,GAME_OVER,36,35,2,1067,RandomPlayerConfig,OSLA
-1363742753,Checkers,0,GAME_OVER,32,31,2,1068,RandomPlayerConfig,OSLA
-947852713,Checkers,0,GAME_OVER,24,23,2,1069,RandomPlayerConfig,OSLA
-34283449,Checkers,0,GAME_OVER,27,26,2,1070,RandomPlayerConfig,OSLA
1480406349,Checkers,0,GAME_OVER,29,28,2,1071,RandomPlayerConfig,OSLA
-1921003377,Checkers,0,GAME_OVER,35,34,2,1072,RandomPlayerConfig,OSLA
1533488837,Checkers,0,GAME_OVER,31,30,2,1073,RandomPlayerConfig,OSLA
85373256,Checkers,0,GAME_OVER,32,31,2,1074,RandomPlayerConfig,OSLA
121974405,Checkers,0,GAME_OVER,35,34,2,1075,RandomPlayerConfig,OSLA
984941992,Checkers,0,GAME_OVER,36,35,2,1076,RandomPlayerConfig,OSLA
2075425136,Checkers,0,GAME_OVER,36,35,2,1077,RandomPlayerConfig,OSLA
-521898058,Checkers,0,GAME_OVER,27,26,2,1078,RandomPlayerConfig,OSLA
1741815011,Checkers,0,GAME_OVER,32,31,2,1079,RandomPlayerConfig,OSLA
1193812878,Checkers,0,GAME_OVER,38,37,2,1080,RandomPlayerConfig,OSLA
1799176938,Checkers,0,GAME_OVER,34,33,2,1081,RandomPlayerConfig,OSLA
972780260,Checkers,0,GAME_OVER,25,24,2,1082,RandomPlayerConfig,OSLA
1815361416,Checkers,0,GAME_OVER,29,28,2,1083,RandomPlayerConfig,OSLA
1322835176,Checkers,0,GAME_OVER,30,29,2,1084,RandomPlayerConfig,OSLA
371741157,Checkers,0,GAME_OVER,38,37,2,1085,RandomPlayerConfig,OSLA
-1102451655,Checkers,0,GAME_OVER,29,28,2,1086,RandomPlayerConfig,OSLA
308533281,Checkers,0,GAME_OVER,34,33,2,1087,RandomPlayerConfig,OSLA
-10429549,Checkers,0,GAME_OVER,28,27,2,1088,RandomPlayerConfig,OSLA
1270174490,Checkers,0,GAME_OVER,35,34,2,1089,RandomPlayerConfig,OSLA
-448480440,Checkers,0,GAME_OVER,33,32,2,1090,RandomPlayerConfig,OSLA
501444460,Checkers,0,GAME_OVER,30,29,2,1091,RandomPlayerConfig,OSLA
1083159769,Checkers,0,GAME_OVER,37,36,2,1092,RandomPlayerConfig,OSLA
1576700780,Checkers,0,GAME_OVER,29,28,2,1093,RandomPlayerConfig,OSLA
-756517090,Checkers,0,GAME_OVER,25,24,2,1094,RandomPlayerConfig,OSLA
587439610,Checkers,0,GAME_OVER,30,29,2,1095,RandomPlayerConfig,OSLA
-346723102,Checkers,0,GAME_OVER,33,32,2,1096,RandomPlayerConfig,OSLA
2093549645,Checkers,0,GAME_OVER,25,24,2,1097,RandomPlayerConfig,OSLA
1653336284,Checkers,0,GAME_OVER,31,30,2,1098,RandomPlayerConfig,OSLA
769578293,Checkers,0,GAME_OVER,34,33,2,1099,RandomPlayerConfig,OSLA
2047688042,Checkers,0,GAME_OVER,33,32,2,1100,RandomPlayerConfig,OSLA
972616288,Checkers,0,GAME_OVER,30,29,2,1101,RandomPlayerConfig,OSLA
1959695236,Checkers,0,GAME_OVER,28,27,2,1102,RandomPlayerConfig,OSLA
1315021988,Checkers,0,GAME_OVER,30,29,2,1103,RandomPlayerConfig,OSLA
1344377780,Checkers,0,GAME_OVER,31,30,2,1104,RandomPlayerConfig,OSLA
357951072,Checkers,0,GAME_OVER,39,38,2,1105,RandomPlayerConfig,OSLA
-2058918633,Checkers,0,GAME_OVER,37,36,2,1106,RandomPlayerConfig,OSLA
-583788691,Checkers,0,GAME_OVER,32,31,2,1107,RandomPlayerConfig,OSLA
1763539389,Checkers,0,GAME_OVER,29,28,2,1108,RandomPlayerConfig,OSLA
-1082296257,Checkers,0,GAME_OVER,36,35,2,1109,RandomPlayerConfig,OSLA
709158110,Checkers,0,GAME_OVER,30,29,2,1110,RandomPlayerConfig,OSLA
396158491,Checkers,0,GAME_OVER,33,32,2,1111,RandomPlayerConfig,OSLA
-1345397067,Checkers,0,GAME_OVER,33,32,2,1112,RandomPlayerConfig,OSLA
1669350546,Checkers,0,GAME_OVER,27,26,2,1113,RandomPlayerConfig,OSLA
-466521336,Checkers,0,GAME_OVER,30,29,2,1114,RandomPlayerConfig,OSLA
1925152929,Checkers,0,GAME_OVER,35,34,2,1115,RandomPlayerConfig,OSLA
-530550102,Checkers,0,GAME_OVER,31,30,2,1116,RandomPlayerConfig,OSLA
-919063509,Checkers,0,GAME_OVER,37,36,2,1117,RandomPlayerConfig,OSLA
-800887435,Checkers,0,GAME_OVER,30,29,2,1118,RandomPlayerConfig,OSLA
-1121831777,Checkers,0,GAME_OVER,29,28,2,1119,RandomPlayerConfig,OSLA
-1819735674,Checkers,0,GAME_OVER,37,36,2,1120,RandomPlayerConfig,OSLA
2085410311,Checkers,0,GAME_OVER,27,26,2,1121,RandomPlayerConfig,OSLA
-1001763376,Checkers,0,GAME_OVER,35,34,2,1122,RandomPlayerConfig,OSLA
1350169571,Checkers,0,GAME_OVER,23,22,2,1123,RandomPlayerConfig,OSLA
5880123,Checkers,0,GAME_OVER,36,35,2,1124,RandomPlayerConfig,OSLA
1879634794,Checkers,0,GAME_OVER,42,41,2,1125,RandomPlayerConfig,OSLA
-1125706525,Checkers,0,GAME_OVER,33,32,2,1126,RandomPlayerConfig,OSLA
2039316273,Checkers,0,GAME_OVER,29,28,2,1127,RandomPlayerConfig,OSLA
-1257035972,Checkers,0,GAME_OVER,59,58,2,1128,RandomPlayerConfig,OSLA
1421001288,Checkers,0,GAME_OVER,30,29,2,1129,RandomPlayerConfig,OSLA
-1651534043,Checkers,0,GAME_OVER,37,36,2,1130,RandomPlayerConfig,OSLA
551156039,Checkers,0,GAME_OVER,32,31,2,1131,RandomPlayerConfig,OSLA
1090369838,Checkers,0,GAME_OVER,30,29,2,1132,RandomPlayerConfig,OSLA
575298023,Checkers,0,GAME_OVER,30,29,2,1133,RandomPlayerConfig,OSLA
530677400,Checkers,0,GAME_OVER,28,27,2,1134,RandomPlayerConfig,OSLA
817833498,Checkers,0,GAME_OVER,27,26,2,1135,RandomPlayerConfig,OSLA
-1060660001,Checkers,0,GAME_OVER,30,29,2,1136,RandomPlayerConfig,OSLA
1151880641,Checkers,0,GAME_OVER,30,29,2,1137,RandomPlayerConfig,OSLA
-1664936495,Checkers,0,GAME_OVER,34,33,2,1138,RandomPlayerConfig,OSLA
1167710822,Checkers,0,GAME_OVER,37,36,2,1139,RandomPlayerConfig,OSLA
-542712970,Checkers,0,GAME_OVER,32,31,2,1140,RandomPlayerConfig,OSLA
-2144300370,Checkers,0,GAME_OVER,33,32,2,1141,RandomPlayerConfig,OSLA
-1642254248,Checkers,0,GAME_OVER,30,29,2,1142,RandomPlayerConfig,OSLA
-1248370843,Checkers,0,GAME_OVER,33,32,2,1143,RandomPlayerConfig,OSLA
145550316,Checkers,0,GAME_OVER,31,30,2,1144,RandomPlayerConfig,OSLA
-1561587134,Checkers,0,GAME_OVER,32,31,2,1145,RandomPlayerConfig,OSLA
-690305999,Checkers,0,GAME_OVER,31,30,2,1146,RandomPlayerConfig,OSLA
-915091747,Checkers,0,GAME_OVER,23,22,2,1147,RandomPlayerConfig,OSLA
-929269573,Checkers,0,GAME_OVER,36,35,2,1148,RandomPlayerConfig,OSLA
-1776447373,Checkers,0,GAME_OVER,49,48,2,1149,RandomPlayerConfig,OSLA
1376782522,Checkers,0,GAME_OVER,36,35,2,1150,RandomPlayerConfig,OSLA
822717280,Checkers,0,GAME_OVER,25,24,2,1151,RandomPlayerConfig,OSLA
1214860500,Checkers,0,GAME_OVER,37,36,2,1152,RandomPlayerConfig,OSLA
2123155327,Checkers,0,GAME_OVER,30,29,2,1153,RandomPlayerConfig,OSLA
468987575,Checkers,0,GAME_OVER,25,24,2,1154,RandomPlayerConfig,OSLA
-156419889,Checkers,0,GAME_OVER,30,29,2,1155,RandomPlayerConfig,OSLA
244685781,Checkers,0,GAME_OVER,28,27,2,1156,RandomPlayerConfig,OSLA
-2012422644,Checkers,0,GAME_OVER,38,37,2,1157,RandomPlayerConfig,OSLA
-646576725,Checkers,0,GAME_OVER,42,41,2,1158,RandomPlayerConfig,OSLA
-679847649,Checkers,0,GAME_OVER,35,34,2,1159,RandomPlayerConfig,OSLA
153033083,Checkers,0,GAME_OVER,28,27,2,1160,RandomPlayerConfig,OSLA
1500617616,Checkers,0,GAME_OVER,28,27,2,1161,RandomPlayerConfig,OSLA
2028282473,Checkers,0,GAME_OVER,36,35,2,1162,RandomPlayerConfig,OSLA
1550709087,Checkers,0,GAME_OVER,32,31,2,1163,RandomPlayerConfig,OSLA
635540564,Checkers,0,GAME_OVER,26,25,2,1164,RandomPlayerConfig,OSLA
1132003058,Checkers,0,GAME_OVER,30,29,2,1165,RandomPlayerConfig,OSLA
535714537,Checkers,0,GAME_OVER,27,26,2,1166,RandomPlayerConfig,OSLA
93854457,Checkers,0,GAME_OVER,41,40,2,1167,RandomPlayerConfig,OSLA
1266419641,Checkers,0,GAME_OVER,30,29,2,1168,RandomPlayerConfig,OSLA
761600881,Checkers,0,GAME_OVER,36,35,2,1169,RandomPlayerConfig,OSLA
2143529823,Checkers,0,GAME_OVER,27,26,2,1170,RandomPlayerConfig,OSLA
2102961463,Checkers,0,GAME_OVER,34,33,2,1171,RandomPlayerConfig,OSLA
1679841531,Checkers,0,GAME_OVER,30,29,2,1172,RandomPlayerConfig,OSLA
1465671621,Checkers,0,GAME_OVER,27,26,2,1173,RandomPlayerConfig,OSLA
-449521527,Checkers,0,GAME_OVER,25,24,2,1174,RandomPlayerConfig,OSLA
304327433,Checkers,0,GAME_OVER,31,30,2,1175,RandomPlayerConfig,OSLA
-578472996,Checkers,0,GAME_OVER,25,24,2,1176,RandomPlayerConfig,OSLA
-211506301,Checkers,0,GAME_OVER,23,22,2,1177,RandomPlayerConfig,OSLA
1627349832,Checkers,0,GAME_OVER,34,33,2,1178,RandomPlayerConfig,OSLA
-1714208507,Checkers,0,GAME_OVER,28,27,2,1179,RandomPlayerConfig,OSLA
-1196115391,Checkers,0,GAME_OVER,30,29,2,1180,RandomPlayerConfig,OSLA
-1540368699,Checkers,0,GAME_OVER,28,27,2,1181,RandomPlayerConfig,OSLA
-906911374,Checkers,0,GAME_OVER,37,36,2,1182,RandomPlayerConfig,OSLA
-1638432850,Checkers,0,GAME_OVER,25,24,2,1183,RandomPlayerConfig,OSLA
686422820,Checkers,0,GAME_OVER,34,33,2,1184,RandomPlayerConfig,OSLA
1530302473,Checkers,0,GAME_OVER,44,43,2,1185,RandomPlayerConfig,OSLA
-1209659418,Checkers,0,GAME_OVER,33,32,2,1186,RandomPlayerConfig,OSLA
149319160,Checkers,0,GAME_OVER,35,34,2,1187,RandomPlayerConfig,OSLA
760898767,Checkers,0,GAME_OVER,31,30,2,1188,RandomPlayerConfig,OSLA
805876825,Checkers,0,GAME_OVER,28,27,2,1189,RandomPlayerConfig,OSLA
-648465952,Checkers,0,GAME_OVER,26,25,2,1190,RandomPlayerConfig,OSLA
-220098549,Checkers,0,GAME_OVER,35,34,2,1191,RandomPlayerConfig,OSLA
1441244742,Checkers,0,GAME_OVER,31,30,2,1192,RandomPlayerConfig,OSLA
1602782636,Checkers,0,GAME_OVER,37,36,2,1193,RandomPlayerConfig,OSLA
-1364356723,Checkers,0,GAME_OVER,28,27,2,1194,RandomPlayerConfig,OSLA
1522474567,Checkers,0,GAME_OVER,25,24,2,1195,RandomPlayerConfig,OSLA
-2121681916,Checkers,0,GAME_OVER,31,30,2,1196,RandomPlayerConfig,OSLA
221799308,Checkers,0,GAME_OVER,33,32,2,1197,RandomPlayerConfig,OSLA
458667489,Checkers,0,GAME_OVER,26,25,2,1198,RandomPlayerConfig,OSLA
60893320,Checkers,0,GAME_OVER,20,19,2,1199,RandomPlayerConfig,OSLA
1443357674,Checkers,0,GAME_OVER,37,36,2,1200,RandomPlayerConfig,OSLA
-384243208,Checkers,0,GAME_OVER,38,37,2,1201,RandomPlayerConfig,OSLA
-2143063354,Checkers,0,GAME_OVER,51,50,2,1202,MCTS_CheckersHeuristic,RandomPlayerConfig
200594778,Checkers,0,GAME_OVER,51,50,2,1203,MCTS_CheckersHeuristic,RandomPlayerConfig
-514941224,Checkers,0,GAME_OVER,45,44,2,1204,MCTS_CheckersHeuristic,RandomPlayerConfig
179287199,Checkers,0,GAME_OVER,50,49,2,1205,MCTS_CheckersHeuristic,RandomPlayerConfig
2146590640,Checkers,0,GAME_OVER,71,70,2,1206,MCTS_CheckersHeuristic,RandomPlayerConfig
1378180065,Checkers,0,GAME_OVER,47,46,2,1207,MCTS_CheckersHeuristic,RandomPlayerConfig
-2036371014,Checkers,0,GAME_OVER,45,44,2,1208,MCTS_CheckersHeuristic,RandomPlayerConfig
1437296834,Checkers,0,GAME_OVER,44,43,2,1209,MCTS_CheckersHeuristic,RandomPlayerConfig
1700070603,Checkers,0,GAME_OVER,47,46,2,1210,MCTS_CheckersHeuristic,RandomPlayerConfig
-1561081910,Checkers,0,GAME_OVER,36,35,2,1211,MCTS_CheckersHeuristic,RandomPlayerConfig
-969854519,Checkers,0,GAME_OVER,49,48,2,1212,MCTS_CheckersHeuristic,RandomPlayerConfig
1843078800,Checkers,0,GAME_OVER,46,45,2,1213,MCTS_CheckersHeuristic,RandomPlayerConfig
1066787509,Checkers,0,GAME_OVER,34,33,2,1214,MCTS_CheckersHeuristic,RandomPlayerConfig
1189586314,Checkers,0,GAME_OVER,49,48,2,1215,MCTS_CheckersHeuristic,RandomPlayerConfig
-611826476,Checkers,0,GAME_OVER,45,44,2,1216,MCTS_CheckersHeuristic,RandomPlayerConfig
-1544709741,Checkers,0,GAME_OVER,50,49,2,1217,MCTS_CheckersHeuristic,RandomPlayerConfig
794318347,Checkers,0,GAME_OVER,40,39,2,1218,MCTS_CheckersHeuristic,RandomPlayerConfig
-1286713953,Checkers,0,GAME_OVER,56,55,2,1219,MCTS_CheckersHeuristic,RandomPlayerConfig
1187731884,Checkers,0,GAME_OVER,61,60,2,1220,MCTS_CheckersHeuristic,RandomPlayerConfig
-1346212036,Checkers,0,GAME_OVER,42,41,2,1221,MCTS_CheckersHeuristic,RandomPlayerConfig
2095173186,Checkers,0,GAME_OVER,43,42,2,1222,MCTS_CheckersHeuristic,RandomPlayerConfig
1685697746,Checkers,0,GAME_OVER,57,56,2,1223,MCTS_CheckersHeuristic,RandomPlayerConfig
525282589,Checkers,0,GAME_OVER,40,39,2,1224,MCTS_CheckersHeuristic,RandomPlayerConfig
-1848612161,Checkers,0,GAME_OVER,49,48,2,1225,MCTS_CheckersHeuristic,RandomPlayerConfig
1419713974,Checkers,0,GAME_OVER,44,43,2,1226,MCTS_CheckersHeuristic,RandomPlayerConfig
317029565,Checkers,0,GAME_OVER,55,54,2,1227,MCTS_CheckersHeuristic,RandomPlayerConfig
-1293604324,Checkers,0,GAME_OVER,48,47,2,1228,MCTS_CheckersHeuristic,RandomPlayerConfig
-746695878,Checkers,0,GAME_OVER,47,46,2,1229,MCTS_CheckersHeuristic,RandomPlayerConfig
-735693053,Checkers,0,GAME_OVER,51,50,2,1230,MCTS_CheckersHeuristic,RandomPlayerConfig
780011660,Checkers,0,GAME_OVER,69,68,2,1231,MCTS_CheckersHeuristic,RandomPlayerConfig
-59287236,Checkers,0,GAME_OVER,46,45,2,1232,MCTS_CheckersHeuristic,RandomPlayerConfig
2006589468,Checkers,0,GAME_OVER,69,68,2,1233,MCTS_CheckersHeuristic,RandomPlayerConfig
587590548,Checkers,0,GAME_OVER,43,42,2,1234,MCTS_CheckersHeuristic,RandomPlayerConfig
482187783,Checkers,0,GAME_OVER,40,39,2,1235,MCTS_CheckersHeuristic,RandomPlayerConfig
1982813031,Checkers,0,GAME_OVER,54,53,2,1236,MCTS_CheckersHeuristic,RandomPlayerConfig
1223428036,Checkers,0,GAME_OVER,46,45,2,1237,MCTS_CheckersHeuristic,RandomPlayerConfig
-1111851144,Checkers,0,GAME_OVER,43,42,2,1238,MCTS_CheckersHeuristic,RandomPlayerConfig
-15746353,Checkers,0,GAME_OVER,43,42,2,1239,MCTS_CheckersHeuristic,RandomPlayerConfig
-452121655,Checkers,0,GAME_OVER,38,37,2,1240,MCTS_CheckersHeuristic,RandomPlayerConfig
1687770216,Checkers,0,GAME_OVER,48,47,2,1241,MCTS_CheckersHeuristic,RandomPlayerConfig
657925756,Checkers,0,GAME_OVER,57,56,2,1242,MCTS_CheckersHeuristic,RandomPlayerConfig
1999336935,Checkers,0,GAME_OVER,54,53,2,1243,MCTS_CheckersHeuristic,RandomPlayerConfig
-2136046321,Checkers,0,GAME_OVER,47,46,2,1244,MCTS_CheckersHeuristic,RandomPlayerConfig
-1427823816,Checkers,0,GAME_OVER,47,46,2,1245,MCTS_CheckersHeuristic,RandomPlayerConfig
-2082357643,Checkers,0,GAME_OVER,51,50,2,1246,MCTS_CheckersHeuristic,RandomPlayerConfig
1796810102,Checkers,0,GAME_OVER,58,57,2,1247,MCTS_CheckersHeuristic,RandomPlayerConfig
1230325200,Checkers,0,GAME_OVER,39,38,2,1248,MCTS_CheckersHeuristic,RandomPlayerConfig
1494970818,Checkers,0,GAME_OVER,46,45,2,1249,MCTS_CheckersHeuristic,RandomPlayerConfig
1625250525,Checkers,0,GAME_OVER,48,47,2,1250,MCTS_CheckersHeuristic,RandomPlayerConfig
-1432299318,Checkers,0,GAME_OVER,45,44,2,1251,MCTS_CheckersHeuristic,RandomPlayerConfig
725655627,Checkers,0,GAME_OVER,50,49,2,1252,MCTS_CheckersHeuristic,RandomPlayerConfig
1163206040,Checkers,0,GAME_OVER,48,47,2,1253,MCTS_CheckersHeuristic,RandomPlayerConfig
560297376,Checkers,0,GAME_OVER,57,56,2,1254,MCTS_CheckersHeuristic,RandomPlayerConfig
1210750624,Checkers,0,GAME_OVER,59,58,2,1255,MCTS_CheckersHeuristic,RandomPlayerConfig
1617060179,Checkers,0,GAME_OVER,49,48,2,1256,MCTS_CheckersHeuristic,RandomPlayerConfig
-1098270161,Checkers,0,GAME_OVER,53,52,2,1257,MCTS_CheckersHeuristic,RandomPlayerConfig
1387059512,Checkers,0,GAME_OVER,45,44,2,1258,MCTS_CheckersHeuristic,RandomPlayerConfig
-1209401438,Checkers,0,GAME_OVER,51,50,2,1259,MCTS_CheckersHeuristic,RandomPlayerConfig
866499206,Checkers,0,GAME_OVER,44,43,2,1260,MCTS_CheckersHeuristic,RandomPlayerConfig
-884055799,Checkers,0,GAME_OVER,83,82,2,1261,MCTS_CheckersHeuristic,RandomPlayerConfig
-345991177,Checkers,0,GAME_OVER,49,48,2,1262,MCTS_CheckersHeuristic,RandomPlayerConfig
1573066032,Checkers,0,GAME_OVER,48,47,2,1263,MCTS_CheckersHeuristic,RandomPlayerConfig
714865605,Checkers,0,GAME_OVER,50,49,2,1264,MCTS_CheckersHeuristic,RandomPlayerConfig
-1511071722,Checkers,0,GAME_OVER,46,45,2,1265,MCTS_CheckersHeuristic,RandomPlayerConfig
1043637411,Checkers,0,GAME_OVER,39,38,2,1266,MCTS_CheckersHeuristic,RandomPlayerConfig
619587682,Checkers,0,GAME_OVER,57,56,2,1267,MCTS_CheckersHeuristic,RandomPlayerConfig
-1363742753,Checkers,0,GAME_OVER,44,43,2,1268,MCTS_CheckersHeuristic,RandomPlayerConfig
-947852713,Checkers,0,GAME_OVER,44,43,2,1269,MCTS_CheckersHeuristic,RandomPlayerConfig
-34283449,Checkers,0,GAME_OVER,53,52,2,1270,MCTS_CheckersHeuristic,RandomPlayerConfig
1480406349,Checkers,0,GAME_OVER,47,46,2,1271,MCTS_CheckersHeuristic,RandomPlayerConfig
-1921003377,Checkers,0,GAME_OVER,42,41,2,1272,MCTS_CheckersHeuristic,RandomPlayerConfig
1533488837,Checkers,0,GAME_OVER,45,44,2,1273,MCTS_CheckersHeuristic,RandomPlayerConfig
85373256,Checkers,0,GAME_OVER,42,41,2,1274,MCTS_CheckersHeuristic,RandomPlayerConfig
121974405,Checkers,0,GAME_OVER,42,41,2,1275,MCTS_CheckersHeuristic,RandomPlayerConfig
984941992,Checkers,0,GAME_OVER,40,39,2,1276,MCTS_CheckersHeuristic,RandomPlayerConfig
2075425136,Checkers,0,GAME_OVER,51,50,2,1277,MCTS_CheckersHeuristic,RandomPlayerConfig
-521898058,Checkers,0,GAME_OVER,39,38,2,1278,MCTS_CheckersHeuristic,RandomPlayerConfig
1741815011,Checkers,0,GAME_OVER,40,39,2,1279,MCTS_CheckersHeuristic,RandomPlayerConfig
1193812878,Checkers,0,GAME_OVER,43,42,2,1280,MCTS_CheckersHeuristic,RandomPlayerConfig
1799176938,Checkers,0,GAME_OVER,64,63,2,1281,MCTS_CheckersHeuristic,RandomPlayerConfig
972780260,Checkers,0,GAME_OVER,40,39,2,1282,MCTS_CheckersHeuristic,RandomPlayerConfig
1815361416,Checkers,0,GAME_OVER,47,46,2,1283,MCTS_CheckersHeuristic,RandomPlayerConfig
1322835176,Checkers,0,GAME_OVER,40,39,2,1284,MCTS_CheckersHeuristic,RandomPlayerConfig
371741157,Checkers,0,GAME_OVER,47,46,2,1285,MCTS_CheckersHeuristic,RandomPlayerConfig
-1102451655,Checkers,0,GAME_OVER,45,44,2,1286,MCTS_CheckersHeuristic,RandomPlayerConfig
308533281,Checkers,0,GAME_OVER,47,46,2,1287,MCTS_CheckersHeuristic,RandomPlayerConfig
-10429549,Checkers,0,GAME_OVER,66,65,2,1288,MCTS_CheckersHeuristic,RandomPlayerConfig
1270174490,Checkers,0,GAME_OVER,46,45,2,1289,MCTS_CheckersHeuristic,RandomPlayerConfig
-448480440,Checkers,0,GAME_OVER,58,57,2,1290,MCTS_CheckersHeuristic,RandomPlayerConfig
501444460,Checkers,0,GAME_OVER,46,45,2,1291,MCTS_CheckersHeuristic,RandomPlayerConfig
1083159769,Checkers,0,GAME_OVER,40,39,2,1292,MCTS_CheckersHeuristic,RandomPlayerConfig
1576700780,Checkers,0,GAME_OVER,41,40,2,1293,MCTS_CheckersHeuristic,RandomPlayerConfig
-756517090,Checkers,0,GAME_OVER,48,47,2,1294,MCTS_CheckersHeuristic,RandomPlayerConfig
587439610,Checkers,0,GAME_OVER,35,34,2,1295,MCTS_CheckersHeuristic,RandomPlayerConfig
-346723102,Checkers,0,GAME_OVER,41,40,2,1296,MCTS_CheckersHeuristic,RandomPlayerConfig
2093549645,Checkers,0,GAME_OVER,46,45,2,1297,MCTS_CheckersHeuristic,RandomPlayerConfig
1653336284,Checkers,0,GAME_OVER,48,47,2,1298,MCTS_CheckersHeuristic,RandomPlayerConfig
769578293,Checkers,0,GAME_OVER,58,57,2,1299,MCTS_CheckersHeuristic,RandomPlayerConfig
2047688042,Checkers,0,GAME_OVER,47,46,2,1300,MCTS_CheckersHeuristic,RandomPlayerConfig
972616288,Checkers,0,GAME_OVER,45,44,2,1301,MCTS_CheckersHeuristic,RandomPlayerConfig
1959695236,Checkers,0,GAME_OVER,41,40,2,1302,MCTS_CheckersHeuristic,RandomPlayerConfig
1315021988,Checkers,0,GAME_OVER,49,48,2,1303,MCTS_CheckersHeuristic,RandomPlayerConfig
1344377780,Checkers,0,GAME_OVER,48,47,2,1304,MCTS_CheckersHeuristic,RandomPlayerConfig
357951072,Checkers,0,GAME_OVER,66,65,2,1305,MCTS_CheckersHeuristic,RandomPlayerConfig
-2058918633,Checkers,0,GAME_OVER,73,72,2,1306,MCTS_CheckersHeuristic,RandomPlayerConfig
-583788691,Checkers,0,GAME_OVER,50,49,2,1307,MCTS_CheckersHeuristic,RandomPlayerConfig
1763539389,Checkers,0,GAME_OVER,41,40,2,1308,MCTS_CheckersHeuristic,RandomPlayerConfig
-1082296257,Checkers,0,GAME_OVER,42,41,2,1309,MCTS_CheckersHeuristic,RandomPlayerConfig
709158110,Checkers,0,GAME_OVER,57,56,2,1310,MCTS_CheckersHeuristic,RandomPlayerConfig
396158491,Checkers,0,GAME_OVER,46,45,2,1311,MCTS_CheckersHeuristic,RandomPlayerConfig
-1345397067,Checkers,0,GAME_OVER,46,45,2,1312,MCTS_CheckersHeuristic,RandomPlayerConfig
1669350546,Checkers,0,GAME_OVER,47,46,2,1313,MCTS_CheckersHeuristic,RandomPlayerConfig
-466521336,Checkers,0,GAME_OVER,44,43,2,1314,MCTS_CheckersHeuristic,RandomPlayerConfig
1925152929,Checkers,0,GAME_OVER,47,46,2,1315,MCTS_CheckersHeuristic,RandomPlayerConfig
-530550102,Checkers,0,GAME_OVER,45,44,2,1316,MCTS_CheckersHeuristic,RandomPlayerConfig
-919063509,Checkers,0,GAME_OVER,48,47,2,1317,MCTS_CheckersHeuristic,RandomPlayerConfig
-800887435,Checkers,0,GAME_OVER,61,60,2,1318,MCTS_CheckersHeuristic,RandomPlayerConfig
-1121831777,Checkers,0,GAME_OVER,52,51,2,1319,MCTS_CheckersHeuristic,RandomPlayerConfig
-1819735674,Checkers,0,GAME_OVER,45,44,2,1320,MCTS_CheckersHeuristic,RandomPlayerConfig
2085410311,Checkers,0,GAME_OVER,60,59,2,1321,MCTS_CheckersHeuristic,RandomPlayerConfig
-1001763376,Checkers,0,GAME_OVER,55,54,2,1322,MCTS_CheckersHeuristic,RandomPlayerConfig
1350169571,Checkers,0,GAME_OVER,43,42,2,1323,MCTS_CheckersHeuristic,RandomPlayerConfig
5880123,Checkers,0,GAME_OVER,46,45,2,1324,MCTS_CheckersHeuristic,RandomPlayerConfig
1879634794,Checkers,0,GAME_OVER,43,42,2,1325,MCTS_CheckersHeuristic,RandomPlayerConfig
-1125706525,Checkers,0,GAME_OVER,44,43,2,1326,MCTS_CheckersHeuristic,RandomPlayerConfig
2039316273,Checkers,0,GAME_OVER,43,42,2,1327,MCTS_CheckersHeuristic,RandomPlayerConfig
-1257035972,Checkers,0,GAME_OVER,69,68,2,1328,MCTS_CheckersHeuristic,RandomPlayerConfig
1421001288,Checkers,0,GAME_OVER,48,47,2,1329,MCTS_CheckersHeuristic,RandomPlayerConfig
-1651534043,Checkers,0,GAME_OVER,40,39,2,1330,MCTS_CheckersHeuristic,RandomPlayerConfig
551156039,Checkers,0,GAME_OVER,56,55,2,1331,MCTS_CheckersHeuristic,RandomPlayerConfig
1090369838,Checkers,0,GAME_OVER,43,42,2,1332,MCTS_CheckersHeuristic,RandomPlayerConfig
575298023,Checkers,0,GAME_OVER,43,42,2,1333,MCTS_CheckersHeuristic,RandomPlayerConfig
530677400,Checkers,0,GAME_OVER,49,48,2,1334,MCTS_CheckersHeuristic,RandomPlayerConfig
817833498,Checkers,0,GAME_OVER,46,45,2,1335,MCTS_CheckersHeuristic,RandomPlayerConfig
-1060660001,Checkers,0,GAME_OVER,43,42,2,1336,MCTS_CheckersHeuristic,RandomPlayerConfig
1151880641,Checkers,0,GAME_OVER,46,45,2,1337,MCTS_CheckersHeuristic,RandomPlayerConfig
-1664936495,Checkers,0,GAME_OVER,42,41,2,1338,MCTS_CheckersHeuristic,RandomPlayerConfig
1167710822,Checkers,0,GAME_OVER,42,41,2,1339,MCTS_CheckersHeuristic,RandomPlayerConfig
-542712970,Checkers,0,GAME_OVER,42,41,2,1340,MCTS_CheckersHeuristic,RandomPlayerConfig
-2144300370,Checkers,0,GAME_OVER,51,50,2,1341,MCTS_CheckersHeuristic,RandomPlayerConfig
-1642254248,Checkers,0,GAME_OVER,51,50,2,1342,MCTS_CheckersHeuristic,RandomPlayerConfig
-1248370843,Checkers,0,GAME_OVER,68,67,2,1343,MCTS_CheckersHeuristic,RandomPlayerConfig
145550316,Checkers,0,GAME_OVER,50,49,2,1344,MCTS_CheckersHeuristic,RandomPlayerConfig
-1561587134,Checkers,0,GAME_OVER,53,52,2,1345,MCTS_CheckersHeuristic,RandomPlayerConfig
-690305999,Checkers,0,GAME_OVER,55,54,2,1346,MCTS_CheckersHeuristic,RandomPlayerConfig
-915091747,Checkers,0,GAME_OVER,50,49,2,1347,MCTS_CheckersHeuristic,RandomPlayerConfig
-929269573,Checkers,0,GAME_OVER,51,50,2,1348,MCTS_CheckersHeuristic,RandomPlayerConfig
-1776447373,Checkers,0,GAME_OVER,44,43,2,1349,MCTS_CheckersHeuristic,RandomPlayerConfig
1376782522,Checkers,0,GAME_OVER,47,46,2,1350,MCTS_CheckersHeuristic,RandomPlayerConfig
822717280,Checkers,0,GAME_OVER,47,46,2,1351,MCTS_CheckersHeuristic,RandomPlayerConfig
1214860500,Checkers,0,GAME_OVER,62,61,2,1352,MCTS_CheckersHeuristic,RandomPlayerConfig
2123155327,Checkers,0,GAME_OVER,37,36,2,1353,MCTS_CheckersHeuristic,RandomPlayerConfig
468987575,Checkers,0,GAME_OVER,61,60,2,1354,MCTS_CheckersHeuristic,RandomPlayerConfig
-156419889,Checkers,0,GAME_OVER,58,57,2,1355,MCTS_CheckersHeuristic,RandomPlayerConfig
244685781,Checkers,0,GAME_OVER,55,54,2,1356,MCTS_CheckersHeuristic,RandomPlayerConfig
-2012422644,Checkers,0,GAME_OVER,50,49,2,1357,MCTS_CheckersHeuristic,RandomPlayerConfig
-646576725,Checkers,0,GAME_OVER,54,53,2,1358,MCTS_CheckersHeuristic,RandomPlayerConfig
-679847649,Checkers,0,GAME_OVER,63,62,2,1359,MCTS_CheckersHeuristic,RandomPlayerConfig
153033083,Checkers,0,GAME_OVER,57,56,2,1360,MCTS_CheckersHeuristic,RandomPlayerConfig
1500617616,Checkers,0,GAME_OVER,42,41,2,1361,MCTS_CheckersHeuristic,RandomPlayerConfig
2028282473,Checkers,0,GAME_OVER,36,35,2,1362,MCTS_CheckersHeuristic,RandomPlayerConfig
1550709087,Checkers,0,GAME_OVER,47,46,2,1363,MCTS_CheckersHeuristic,RandomPlayerConfig
635540564,Checkers,0,GAME_OVER,43,42,2,1364,MCTS_CheckersHeuristic,RandomPlayerConfig
1132003058,Checkers,0,GAME_OVER,45,44,2,1365,MCTS_CheckersHeuristic,RandomPlayerConfig
535714537,Checkers,0,GAME_OVER,49,48,2,1366,MCTS_CheckersHeuristic,RandomPlayerConfig
93854457,Checkers,0,GAME_OVER,54,53,2,1367,MCTS_CheckersHeuristic,RandomPlayerConfig
1266419641,Checkers,0,GAME_OVER,49,48,2,1368,MCTS_CheckersHeuristic,RandomPlayerConfig
761600881,Checkers,0,GAME_OVER,54,53,2,1369,MCTS_CheckersHeuristic,RandomPlayerConfig
2143529823,Checkers,0,GAME_OVER,58,57,2,1370,MCTS_CheckersHeuristic,RandomPlayerConfig
2102961463,Checkers,0,GAME_OVER,50,49,2,1371,MCTS_CheckersHeuristic,RandomPlayerConfig
1679841531,Checkers,0,GAME_OVER,45,44,2,1372,MCTS_CheckersHeuristic,RandomPlayerConfig
1465671621,Checkers,0,GAME_OVER,52,51,2,1373,MCTS_CheckersHeuristic,RandomPlayerConfig
-449521527,Checkers,0,GAME_OVER,53,52,2,1374,MCTS_CheckersHeuristic,RandomPlayerConfig
304327433,Checkers,0,GAME_OVER,53,52,2,1375,MCTS_CheckersHeuristic,RandomPlayerConfig
-578472996,Checkers,0,GAME_OVER,50,49,2,1376,MCTS_CheckersHeuristic,RandomPlayerConfig
-211506301,Checkers,0,GAME_OVER,39,38,2,1377,MCTS_CheckersHeuristic,RandomPlayerConfig
1627349832,Checkers,0,GAME_OVER,51,50,2,1378,MCTS_CheckersHeuristic,RandomPlayerConfig
-1714208507,Checkers,0,GAME_OVER,42,41,2,1379,MCTS_CheckersHeuristic,RandomPlayerConfig
-1196115391,Checkers,0,GAME_OVER,39,38,2,1380,MCTS_CheckersHeuristic,RandomPlayerConfig
-1540368699,Checkers,0,GAME_OVER,50,49,2,1381,MCTS_CheckersHeuristic,RandomPlayerConfig
-906911374,Checkers,0,GAME_OVER,38,37,2,1382,MCTS_CheckersHeuristic,RandomPlayerConfig
-1638432850,Checkers,0,GAME_OVER,55,54,2,1383,MCTS_CheckersHeuristic,RandomPlayerConfig
686422820,Checkers,0,GAME_OVER,50,49,2,1384,MCTS_CheckersHeuristic,RandomPlayerConfig
1530302473,Checkers,0,GAME_OVER,52,51,2,1385,MCTS_CheckersHeuristic,RandomPlayerConfig
-1209659418,Checkers,0,GAME_OVER,65,64,2,1386,MCTS_CheckersHeuristic,RandomPlayerConfig
149319160,Checkers,0,GAME_OVER,49,48,2,1387,MCTS_CheckersHeuristic,RandomPlayerConfig
760898767,Checkers,0,GAME_OVER,53,52,2,1388,MCTS_CheckersHeuristic,RandomPlayerConfig
805876825,Checkers,0,GAME_OVER,52,51,2,1389,MCTS_CheckersHeuristic,RandomPlayerConfig
-648465952,Checkers,0,GAME_OVER,49,48,2,1390,MCTS_CheckersHeuristic,RandomPlayerConfig
-220098549,Checkers,0,GAME_OVER,46,45,2,1391,MCTS_CheckersHeuristic,RandomPlayerConfig
1441244742,Checkers,0,GAME_OVER,46,45,2,1392,MCTS_CheckersHeuristic,RandomPlayerConfig
1602782636,Checkers,0,GAME_OVER,49,48,2,1393,MCTS_CheckersHeuristic,RandomPlayerConfig
-1364356723,Checkers,0,GAME_OVER,49,48,2,1394,MCTS_CheckersHeuristic,RandomPlayerConfig
1522474567,Checkers,0,GAME_OVER,53,52,2,1395,MCTS_CheckersHeuristic,RandomPlayerConfig
-2121681916,Checkers,0,GAME_OVER,44,43,2,1396,MCTS_CheckersHeuristic,RandomPlayerConfig
221799308,Checkers,0,GAME_OVER,50,49,2,1397,MCTS_CheckersHeuristic,RandomPlayerConfig
458667489,Checkers,0,GAME_OVER,62,61,2,1398,MCTS_CheckersHeuristic,RandomPlayerConfig
60893320,Checkers,0,GAME_OVER,45,44,2,1399,MCTS_CheckersHeuristic,RandomPlayerConfig
1443357674,Checkers,0,GAME_OVER,46,45,2,1400,MCTS_CheckersHeuristic,RandomPlayerConfig
-384243208,Checkers,0,GAME_OVER,44,43,2,1401,MCTS_CheckersHeuristic,RandomPlayerConfig
-2143063354,Checkers,0,GAME_OVER,48,47,2,1402,OSLA,RandomPlayerConfig
200594778,Checkers,0,GAME_OVER,48,47,2,1403,OSLA,RandomPlayerConfig
-514941224,Checkers,0,GAME_OVER,45,44,2,1404,OSLA,RandomPlayerConfig
179287199,Checkers,0,GAME_OVER,47,46,2,1405,OSLA,RandomPlayerConfig
2146590640,Checkers,0,GAME_OVER,49,48,2,1406,OSLA,RandomPlayerConfig
1378180065,Checkers,0,GAME_OVER,44,43,2,1407,OSLA,RandomPlayerConfig
-2036371014,Checkers,0,GAME_OVER,52,51,2,1408,OSLA,RandomPlayerConfig
1437296834,Checkers,0,GAME_OVER,47,46,2,1409,OSLA,RandomPlayerConfig
1700070603,Checkers,0,GAME_OVER,38,37,2,1410,OSLA,RandomPlayerConfig
-1561081910,Checkers,0,GAME_OVER,48,47,2,1411,OSLA,RandomPlayerConfig
-969854519,Checkers,0,GAME_OVER,55,54,2,1412,OSLA,RandomPlayerConfig
1843078800,Checkers,0,GAME_OVER,41,40,2,1413,OSLA,RandomPlayerConfig
1066787509,Checkers,0,GAME_OVER,48,47,2,1414,OSLA,RandomPlayerConfig
1189586314,Checkers,0,GAME_OVER,45,44,2,1415,OSLA,RandomPlayerConfig
-611826476,Checkers,0,GAME_OVER,94,93,2,1416,OSLA,RandomPlayerConfig
-1544709741,Checkers,0,GAME_OVER,42,41,2,1417,OSLA,RandomPlayerConfig
794318347,Checkers,0,GAME_OVER,47,46,2,1418,OSLA,RandomPlayerConfig
-1286713953,Checkers,0,GAME_OVER,45,44,2,1419,OSLA,RandomPlayerConfig
1187731884,Checkers,0,GAME_OVER,51,50,2,1420,OSLA,RandomPlayerConfig
-1346212036,Checkers,0,GAME_OVER,37,36,2,1421,OSLA,RandomPlayerConfig
2095173186,Checkers,0,GAME_OVER,45,44,2,1422,OSLA,RandomPlayerConfig
1685697746,Checkers,0,GAME_OVER,53,52,2,1423,OSLA,RandomPlayerConfig
525282589,Checkers,0,GAME_OVER,34,33,2,1424,OSLA,RandomPlayerConfig
-1848612161,Checkers,0,GAME_OVER,65,64,2,1425,OSLA,RandomPlayerConfig
1419713974,Checkers,0,GAME_OVER,50,49,2,1426,OSLA,RandomPlayerConfig
317029565,Checkers,0,GAME_OVER,43,42,2,1427,OSLA,RandomPlayerConfig
-1293604324,Checkers,0,GAME_OVER,35,34,2,1428,OSLA,RandomPlayerConfig
-746695878,Checkers,0,GAME_OVER,40,39,2,1429,OSLA,RandomPlayerConfig
-735693053,Checkers,0,GAME_OVER,43,42,2,1430,OSLA,RandomPlayerConfig
780011660,Checkers,0,GAME_OVER,44,43,2,1431,OSLA,RandomPlayerConfig
-59287236,Checkers,0,GAME_OVER,42,41,2,1432,OSLA,RandomPlayerConfig
2006589468,Checkers,0,GAME_OVER,44,43,2,1433,OSLA,RandomPlayerConfig
587590548,Checkers,0,GAME_OVER,52,51,2,1434,OSLA,RandomPlayerConfig
482187783,Checkers,0,GAME_OVER,47,46,2,1435,OSLA,RandomPlayerConfig
1982813031,Checkers,0,GAME_OVER,38,37,2,1436,OSLA,RandomPlayerConfig
1223428036,Checkers,0,GAME_OVER,39,38,2,1437,OSLA,RandomPlayerConfig
-1111851144,Checkers,0,GAME_OVER,52,51,2,1438,OSLA,RandomPlayerConfig
-15746353,Checkers,0,GAME_OVER,42,41,2,1439,OSLA,RandomPlayerConfig
-452121655,Checkers,0,GAME_OVER,73,72,2,1440,OSLA,RandomPlayerConfig
1687770216,Checkers,0,GAME_OVER,39,38,2,1441,OSLA,RandomPlayerConfig
657925756,Checkers,0,GAME_OVER,42,41,2,1442,OSLA,RandomPlayerConfig
1999336935,Checkers,0,GAME_OVER,47,46,2,1443,OSLA,RandomPlayerConfig
-2136046321,Checkers,0,GAME_OVER,61,60,2,1444,OSLA,RandomPlayerConfig
-1427823816,Checkers,0,GAME_OVER,40,39,2,1445,OSLA,RandomPlayerConfig
-2082357643,Checkers,0,GAME_OVER,49,48,2,1446,OSLA,RandomPlayerConfig
1796810102,Checkers,0,GAME_OVER,70,69,2,1447,OSLA,RandomPlayerConfig
1230325200,Checkers,0,GAME_OVER,55,54,2,1448,OSLA,RandomPlayerConfig
1494970818,Checkers,0,GAME_OVER,41,40,2,1449,OSLA,RandomPlayerConfig
1625250525,Checkers,0,GAME_OVER,40,39,2,1450,OSLA,RandomPlayerConfig
-1432299318,Checkers,0,GAME_OVER,44,43,2,1451,OSLA,RandomPlayerConfig
725655627,Checkers,0,GAME_OVER,46,45,2,1452,OSLA,RandomPlayerConfig
1163206040,Checkers,0,GAME_OVER,61,60,2,1453,OSLA,RandomPlayerConfig
560297376,Checkers,0,GAME_OVER,49,48,2,1454,OSLA,RandomPlayerConfig
1210750624,Checkers,0,GAME_OVER,44,43,2,1455,OSLA,RandomPlayerConfig
1617060179,Checkers,0,GAME_OVER,54,53,2,1456,OSLA,RandomPlayerConfig
-1098270161,Checkers,0,GAME_OVER,57,56,2,1457,OSLA,RandomPlayerConfig
1387059512,Checkers,0,GAME_OVER,51,50,2,1458,OSLA,RandomPlayerConfig
-1209401438,Checkers,0,GAME_OVER,52,51,2,1459,OSLA,RandomPlayerConfig
866499206,Checkers,0,GAME_OVER,47,46,2,1460,OSLA,RandomPlayerConfig
-884055799,Checkers,0,GAME_OVER,67,66,2,1461,OSLA,RandomPlayerConfig
-345991177,Checkers,0,GAME_OVER,60,59,2,1462,OSLA,RandomPlayerConfig
1573066032,Checkers,0,GAME_OVER,41,40,2,1463,OSLA,RandomPlayerConfig
714865605,Checkers,0,GAME_OVER,42,41,2,1464,OSLA,RandomPlayerConfig
-1511071722,Checkers,0,GAME_OVER,47,46,2,1465,OSLA,RandomPlayerConfig
1043637411,Checkers,0,GAME_OVER,53,52,2,1466,OSLA,RandomPlayerConfig
619587682,Checkers,0,GAME_OVER,46,45,2,1467,OSLA,RandomPlayerConfig
-1363742753,Checkers,0,GAME_OVER,53,52,2,1468,OSLA,RandomPlayerConfig
-947852713,Checkers,0,GAME_OVER,39,38,2,1469,OSLA,RandomPlayerConfig
-34283449,Checkers,0,GAME_OVER,43,42,2,1470,OSLA,RandomPlayerConfig
1480406349,Checkers,0,GAME_OVER,43,42,2,1471,OSLA,RandomPlayerConfig
-1921003377,Checkers,0,GAME_OVER,48,47,2,1472,OSLA,RandomPlayerConfig
1533488837,Checkers,0,GAME_OVER,57,56,2,1473,OSLA,RandomPlayerConfig
85373256,Checkers,0,GAME_OVER,48,47,2,1474,OSLA,RandomPlayerConfig
121974405,Checkers,0,GAME_OVER,46,45,2,1475,OSLA,RandomPlayerConfig
984941992,Checkers,0,GAME_OVER,37,36,2,1476,OSLA,RandomPlayerConfig
2075425136,Checkers,0,GAME_OVER,45,44,2,1477,OSLA,RandomPlayerConfig
-521898058,Checkers,0,GAME_OVER,50,49,2,1478,OSLA,RandomPlayerConfig
1741815011,Checkers,0,GAME_OVER,45,44,2,1479,OSLA,RandomPlayerConfig
1193812878,Checkers,0,GAME_OVER,50,49,2,1480,OSLA,RandomPlayerConfig
1799176938,Checkers,0,GAME_OVER,41,40,2,1481,OSLA,RandomPlayerConfig
972780260,Checkers,0,GAME_OVER,82,81,2,1482,OSLA,RandomPlayerConfig
1815361416,Checkers,0,GAME_OVER,74,73,2,1483,OSLA,RandomPlayerConfig
1322835176,Checkers,0,GAME_OVER,40,39,2,1484,OSLA,RandomPlayerConfig
371741157,Checkers,0,GAME_OVER,76,75,2,1485,OSLA,RandomPlayerConfig
-1102451655,Checkers,0,GAME_OVER,67,66,2,1486,OSLA,RandomPlayerConfig
308533281,Checkers,0,GAME_OVER,48,47,2,1487,OSLA,RandomPlayerConfig
-10429549,Checkers,0,GAME_OVER,47,46,2,1488,OSLA,RandomPlayerConfig
1270174490,Checkers,0,GAME_OVER,48,47,2,1489,OSLA,RandomPlayerConfig
-448480440,Checkers,0,GAME_OVER,62,61,2,1490,OSLA,RandomPlayerConfig
501444460,Checkers,0,GAME_OVER,48,47,2,1491,OSLA,RandomPlayerConfig
1083159769,Checkers,0,GAME_OVER,55,54,2,1492,OSLA,RandomPlayerConfig
1576700780,Checkers,0,GAME_OVER,50,49,2,1493,OSLA,RandomPlayerConfig
-756517090,Checkers,0,GAME_OVER,73,72,2,1494,OSLA,RandomPlayerConfig
587439610,Checkers,0,GAME_OVER,56,55,2,1495,OSLA,RandomPlayerConfig
-346723102,Checkers,0,GAME_OVER,54,53,2,1496,OSLA,RandomPlayerConfig
2093549645,Checkers,0,GAME_OVER,58,57,2,1497,OSLA,RandomPlayerConfig
1653336284,Checkers,0,GAME_OVER,45,44,2,1498,OSLA,RandomPlayerConfig
769578293,Checkers,0,GAME_OVER,49,48,2,1499,OSLA,RandomPlayerConfig
2047688042,Checkers,0,GAME_OVER,40,39,2,1500,OSLA,RandomPlayerConfig
972616288,Checkers,0,GAME_OVER,41,40,2,1501,OSLA,RandomPlayerConfig
1959695236,Checkers,0,GAME_OVER,41,40,2,1502,OSLA,RandomPlayerConfig
1315021988,Checkers,0,GAME_OVER,49,48,2,1503,OSLA,RandomPlayerConfig
1344377780,Checkers,0,GAME_OVER,42,41,2,1504,OSLA,RandomPlayerConfig
357951072,Checkers,0,GAME_OVER,49,48,2,1505,OSLA,RandomPlayerConfig
-2058918633,Checkers,0,GAME_OVER,40,39,2,1506,OSLA,RandomPlayerConfig
-583788691,Checkers,0,GAME_OVER,43,42,2,1507,OSLA,RandomPlayerConfig
1763539389,Checkers,0,GAME_OVER,48,47,2,1508,OSLA,RandomPlayerConfig
-1082296257,Checkers,0,GAME_OVER,62,61,2,1509,OSLA,RandomPlayerConfig
709158110,Checkers,0,GAME_OVER,48,47,2,1510,OSLA,RandomPlayerConfig
396158491,Checkers,0,GAME_OVER,57,56,2,1511,OSLA,RandomPlayerConfig
-1345397067,Checkers,0,GAME_OVER,48,47,2,1512,OSLA,RandomPlayerConfig
1669350546,Checkers,0,GAME_OVER,52,51,2,1513,OSLA,RandomPlayerConfig
-466521336,Checkers,0,GAME_OVER,47,46,2,1514,OSLA,RandomPlayerConfig
1925152929,Checkers,0,GAME_OVER,40,39,2,1515,OSLA,RandomPlayerConfig
-530550102,Checkers,0,GAME_OVER,44,43,2,1516,OSLA,RandomPlayerConfig
-919063509,Checkers,0,GAME_OVER,64,63,2,1517,OSLA,RandomPlayerConfig
-800887435,Checkers,0,GAME_OVER,40,39,2,1518,OSLA,RandomPlayerConfig
-1121831777,Checkers,0,GAME_OVER,54,53,2,1519,OSLA,RandomPlayerConfig
-1819735674,Checkers,0,GAME_OVER,42,41,2,1520,OSLA,RandomPlayerConfig
2085410311,Checkers,0,GAME_OVER,44,43,2,1521,OSLA,RandomPlayerConfig
-1001763376,Checkers,0,GAME_OVER,56,55,2,1522,OSLA,RandomPlayerConfig
1350169571,Checkers,0,GAME_OVER,44,43,2,1523,OSLA,RandomPlayerConfig
5880123,Checkers,0,GAME_OVER,56,55,2,1524,OSLA,RandomPlayerConfig
1879634794,Checkers,0,GAME_OVER,53,52,2,1525,OSLA,RandomPlayerConfig
-1125706525,Checkers,0,GAME_OVER,46,45,2,1526,OSLA,RandomPlayerConfig
2039316273,Checkers,0,GAME_OVER,48,47,2,1527,OSLA,RandomPlayerConfig
-1257035972,Checkers,0,GAME_OVER,47,46,2,1528,OSLA,RandomPlayerConfig
1421001288,Checkers,0,GAME_OVER,52,51,2,1529,OSLA,RandomPlayerConfig
-1651534043,Checkers,0,GAME_OVER,42,41,2,1530,OSLA,RandomPlayerConfig
551156039,Checkers,0,GAME_OVER,36,35,2,1531,OSLA,RandomPlayerConfig
1090369838,Checkers,0,GAME_OVER,49,48,2,1532,OSLA,RandomPlayerConfig
575298023,Checkers,0,GAME_OVER,68,67,2,1533,OSLA,RandomPlayerConfig
530677400,Checkers,0,GAME_OVER,42,41,2,1534,OSLA,RandomPlayerConfig
817833498,Checkers,0,GAME_OVER,45,44,2,1535,OSLA,RandomPlayerConfig
-1060660001,Checkers,0,GAME_OVER,51,50,2,1536,OSLA,RandomPlayerConfig
1151880641,Checkers,0,GAME_OVER,68,67,2,1537,OSLA,RandomPlayerConfig
-1664936495,Checkers,0,GAME_OVER,39,38,2,1538,OSLA,RandomPlayerConfig
1167710822,Checkers,0,GAME_OVER,40,39,2,1539,OSLA,RandomPlayerConfig
-542712970,Checkers,0,GAME_OVER,44,43,2,1540,OSLA,RandomPlayerConfig
-2144300370,Checkers,0,GAME_OVER,54,53,2,1541,OSLA,RandomPlayerConfig
-1642254248,Checkers,0,GAME_OVER,52,51,2,1542,OSLA,RandomPlayerConfig
-1248370843,Checkers,0,GAME_OVER,43,42,2,1543,OSLA,RandomPlayerConfig
145550316,Checkers,0,GAME_OVER,53,52,2,1544,OSLA,RandomPlayerConfig
-1561587134,Checkers,0,GAME_OVER,44,43,2,1545,OSLA,RandomPlayerConfig
-690305999,Checkers,0,GAME_OVER,51,50,2,1546,OSLA,RandomPlayerConfig
-915091747,Checkers,0,GAME_OVER,64,63,2,1547,OSLA,RandomPlayerConfig
-929269573,Checkers,0,GAME_OVER,52,51,2,1548,OSLA,RandomPlayerConfig
-1776447373,Checkers,0,GAME_OVER,37,36,2,1549,OSLA,RandomPlayerConfig
1376782522,Checkers,0,GAME_OVER,89,88,2,1550,OSLA,RandomPlayerConfig
822717280,Checkers,0,GAME_OVER,51,50,2,1551,OSLA,RandomPlayerConfig
1214860500,Checkers,0,GAME_OVER,49,48,2,1552,OSLA,RandomPlayerConfig
2123155327,Checkers,0,GAME_OVER,84,83,2,1553,OSLA,RandomPlayerConfig
468987575,Checkers,0,GAME_OVER,46,45,2,1554,OSLA,RandomPlayerConfig
-156419889,Checkers,0,GAME_OVER,47,46,2,1555,OSLA,RandomPlayerConfig
244685781,Checkers,0,GAME_OVER,44,43,2,1556,OSLA,RandomPlayerConfig
-2012422644,Checkers,0,GAME_OVER,54,53,2,1557,OSLA,RandomPlayerConfig
-646576725,Checkers,0,GAME_OVER,51,50,2,1558,OSLA,RandomPlayerConfig
-679847649,Checkers,0,GAME_OVER,54,53,2,1559,OSLA,RandomPlayerConfig
153033083,Checkers,0,GAME_OVER,38,37,2,1560,OSLA,RandomPlayerConfig
1500617616,Checkers,0,GAME_OVER,55,54,2,1561,OSLA,RandomPlayerConfig
2028282473,Checkers,0,GAME_OVER,50,49,2,1562,OSLA,RandomPlayerConfig
1550709087,Checkers,0,GAME_OVER,59,58,2,1563,OSLA,RandomPlayerConfig
635540564,Checkers,0,GAME_OVER,51,50,2,1564,OSLA,RandomPlayerConfig
1132003058,Checkers,0,GAME_OVER,56,55,2,1565,OSLA,RandomPlayerConfig
535714537,Checkers,0,GAME_OVER,53,52,2,1566,OSLA,RandomPlayerConfig
93854457,Checkers,0,GAME_OVER,48,47,2,1567,OSLA,RandomPlayerConfig
1266419641,Checkers,0,GAME_OVER,38,37,2,1568,OSLA,RandomPlayerConfig
761600881,Checkers,0,GAME_OVER,40,39,2,1569,OSLA,RandomPlayerConfig
2143529823,Checkers,0,GAME_OVER,63,62,2,1570,OSLA,RandomPlayerConfig
2102961463,Checkers,0,GAME_OVER,89,88,2,1571,OSLA,RandomPlayerConfig
1679841531,Checkers,0,GAME_OVER,55,54,2,1572,OSLA,RandomPlayerConfig
1465671621,Checkers,0,GAME_OVER,65,64,2,1573,OSLA,RandomPlayerConfig
-449521527,Checkers,0,GAME_OVER,61,60,2,1574,OSLA,RandomPlayerConfig
304327433,Checkers,0,GAME_OVER,70,69,2,1575,OSLA,RandomPlayerConfig
-578472996,Checkers,0,GAME_OVER,41,40,2,1576,OSLA,RandomPlayerConfig
-211506301,Checkers,0,GAME_OVER,41,40,2,1577,OSLA,RandomPlayerConfig
1627349832,Checkers,0,GAME_OVER,96,95,2,1578,OSLA,RandomPlayerConfig
-1714208507,Checkers,0,GAME_OVER,51,50,2,1579,OSLA,RandomPlayerConfig
-1196115391,Checkers,0,GAME_OVER,54,53,2,1580,OSLA,RandomPlayerConfig
-1540368699,Checkers,0,GAME_OVER,46,45,2,1581,OSLA,RandomPlayerConfig
-906911374,Checkers,0,GAME_OVER,73,72,2,1582,OSLA,RandomPlayerConfig
-1638432850,Checkers,0,GAME_OVER,44,43,2,1583,OSLA,RandomPlayerConfig
686422820,Checkers,0,GAME_OVER,41,40,2,1584,OSLA,RandomPlayerConfig
1530302473,Checkers,0,GAME_OVER,59,58,2,1585,OSLA,RandomPlayerConfig
-1209659418,Checkers,0,GAME_OVER,45,44,2,1586,OSLA,RandomPlayerConfig
149319160,Checkers,0,GAME_OVER,47,46,2,1587,OSLA,RandomPlayerConfig
760898767,Checkers,0,GAME_OVER,48,47,2,1588,OSLA,RandomPlayerConfig
805876825,Checkers,0,GAME_OVER,45,44,2,1589,OSLA,RandomPlayerConfig
-648465952,Checkers,0,GAME_OVER,46,45,2,1590,OSLA,RandomPlayerConfig
-220098549,Checkers,0,GAME_OVER,48,47,2,1591,OSLA,RandomPlayerConfig
1441244742,Checkers,0,GAME_OVER,78,77,2,1592,OSLA,RandomPlayerConfig
1602782636,Checkers,0,GAME_OVER,39,38,2,1593,OSLA,RandomPlayerConfig
-1364356723,Checkers,0,GAME_OVER,52,51,2,1594,OSLA,RandomPlayerConfig
1522474567,Checkers,0,GAME_OVER,48,47,2,1595,OSLA,RandomPlayerConfig
-2121681916,Checkers,0,GAME_OVER,59,58,2,1596,OSLA,RandomPlayerConfig
221799308,Checkers,0,GAME_OVER,45,44,2,1597,OSLA,RandomPlayerConfig
458667489,Checkers,0,GAME_OVER,55,54,2,1598,OSLA,RandomPlayerConfig
60893320,Checkers,0,GAME_OVER,44,43,2,1599,OSLA,RandomPlayerConfig
1443357674,Checkers,0,GAME_OVER,49,48,2,1600,OSLA,RandomPlayerConfig
-384243208,Checkers,0,GAME_OVER,51,50,2,1601,OSLA,RandomPlayerConfig
-2143063354,Checkers,0,GAME_OVER,38,37,2,1602,RandomPlayerConfig,RandomPlayerConfig
200594778,Checkers,0,GAME_OVER,50,49,2,1603,RandomPlayerConfig,RandomPlayerConfig
-514941224,Checkers,0,GAME_OVER,32,31,2,1604,RandomPlayerConfig,RandomPlayerConfig
179287199,Checkers,0,GAME_OVER,33,32,2,1605,RandomPlayerConfig,RandomPlayerConfig
2146590640,Checkers,0,GAME_OVER,36,35,2,1606,RandomPlayerConfig,RandomPlayerConfig
1378180065,Checkers,0,GAME_OVER,39,38,2,1607,RandomPlayerConfig,RandomPlayerConfig
-2036371014,Checkers,0,GAME_OVER,61,60,2,1608,RandomPlayerConfig,RandomPlayerConfig
1437296834,Checkers,0,GAME_OVER,39,38,2,1609,RandomPlayerConfig,RandomPlayerConfig
1700070603,Checkers,0,GAME_OVER,36,35,2,1610,RandomPlayerConfig,RandomPlayerConfig
-1561081910,Checkers,0,GAME_OVER,50,49,2,1611,RandomPlayerConfig,RandomPlayerConfig
-969854519,Checkers,0,GAME_OVER,35,34,2,1612,RandomPlayerConfig,RandomPlayerConfig
1843078800,Checkers,0,GAME_OVER,29,28,2,1613,RandomPlayerConfig,RandomPlayerConfig
1066787509,Checkers,0,GAME_OVER,36,35,2,1614,RandomPlayerConfig,RandomPlayerConfig
1189586314,Checkers,0,GAME_OVER,61,60,2,1615,RandomPlayerConfig,RandomPlayerConfig
-611826476,Checkers,0,GAME_OVER,28,27,2,1616,RandomPlayerConfig,RandomPlayerConfig
-1544709741,Checkers,0,GAME_OVER,53,52,2,1617,RandomPlayerConfig,RandomPlayerConfig
794318347,Checkers,0,GAME_OVER,47,46,2,1618,RandomPlayerConfig,RandomPlayerConfig
-1286713953,Checkers,0,GAME_OVER,29,28,2,1619,RandomPlayerConfig,RandomPlayerConfig
1187731884,Checkers,0,GAME_OVER,30,29,2,1620,RandomPlayerConfig,RandomPlayerConfig
-1346212036,Checkers,0,GAME_OVER,38,37,2,1621,RandomPlayerConfig,RandomPlayerConfig
2095173186,Checkers,0,GAME_OVER,32,31,2,1622,RandomPlayerConfig,RandomPlayerConfig
1685697746,Checkers,0,GAME_OVER,65,64,2,1623,RandomPlayerConfig,RandomPlayerConfig
525282589,Checkers,0,GAME_OVER,50,49,2,1624,RandomPlayerConfig,RandomPlayerConfig
-1848612161,Checkers,0,GAME_OVER,55,54,2,1625,RandomPlayerConfig,RandomPlayerConfig
1419713974,Checkers,0,GAME_OVER,31,30,2,1626,RandomPlayerConfig,RandomPlayerConfig
317029565,Checkers,0,GAME_OVER,29,28,2,1627,RandomPlayerConfig,RandomPlayerConfig
-1293604324,Checkers,0,GAME_OVER,33,32,2,1628,RandomPlayerConfig,RandomPlayerConfig
-746695878,Checkers,0,GAME_OVER,39,38,2,1629,RandomPlayerConfig,RandomPlayerConfig
-735693053,Checkers,0,GAME_OVER,33,32,2,1630,RandomPlayerConfig,RandomPlayerConfig
780011660,Checkers,0,GAME_OVER,52,51,2,1631,RandomPlayerConfig,RandomPlayerConfig
-59287236,Checkers,0,GAME_OVER,32,31,2,1632,RandomPlayerConfig,RandomPlayerConfig
2006589468,Checkers,0,GAME_OVER,43,42,2,1633,RandomPlayerConfig,RandomPlayerConfig
587590548,Checkers,0,GAME_OVER,32,31,2,1634,RandomPlayerConfig,RandomPlayerConfig
482187783,Checkers,0,GAME_OVER,35,34,2,1635,RandomPlayerConfig,RandomPlayerConfig
1982813031,Checkers,0,GAME_OVER,43,42,2,1636,RandomPlayerConfig,RandomPlayerConfig
1223428036,Checkers,0,GAME_OVER,41,40,2,1637,RandomPlayerConfig,RandomPlayerConfig
-1111851144,Checkers,0,GAME_OVER,30,29,2,1638,RandomPlayerConfig,RandomPlayerConfig
-15746353,Checkers,0,GAME_OVER,39,38,2,1639,RandomPlayerConfig,RandomPlayerConfig
-452121655,Checkers,0,GAME_OVER,34,33,2,1640,RandomPlayerConfig,RandomPlayerConfig
1687770216,Checkers,0,GAME_OVER,46,45,2,1641,RandomPlayerConfig,RandomPlayerConfig
657925756,Checkers,0,GAME_OVER,32,31,2,1642,RandomPlayerConfig,RandomPlayerConfig
1999336935,Checkers,0,GAME_OVER,27,26,2,1643,RandomPlayerConfig,RandomPlayerConfig
-2136046321,Checkers,0,GAME_OVER,70,69,2,1644,RandomPlayerConfig,RandomPlayerConfig
-1427823816,Checkers,0,GAME_OVER,37,36,2,1645,RandomPlayerConfig,RandomPlayerConfig
-2082357643,Checkers,0,GAME_OVER,38,37,2,1646,RandomPlayerConfig,RandomPlayerConfig
1796810102,Checkers,0,GAME_OVER,39,38,2,1647,RandomPlayerConfig,RandomPlayerConfig
1230325200,Checkers,0,GAME_OVER,43,42,2,1648,RandomPlayerConfig,RandomPlayerConfig
1494970818,Checkers,0,GAME_OVER,26,25,2,1649,RandomPlayerConfig,RandomPlayerConfig
1625250525,Checkers,0,GAME_OVER,31,30,2,1650,RandomPlayerConfig,RandomPlayerConfig
-1432299318,Checkers,0,GAME_OVER,47,46,2,1651,RandomPlayerConfig,RandomPlayerConfig
725655627,Checkers,0,GAME_OVER,44,43,2,1652,RandomPlayerConfig,RandomPlayerConfig
1163206040,Checkers,0,GAME_OVER,41,40,2,1653,RandomPlayerConfig,RandomPlayerConfig
560297376,Checkers,0,GAME_OVER,31,30,2,1654,RandomPlayerConfig,RandomPlayerConfig
1210750624,Checkers,0,GAME_OVER,57,56,2,1655,RandomPlayerConfig,RandomPlayerConfig
1617060179,Checkers,0,GAME_OVER,41,40,2,1656,RandomPlayerConfig,RandomPlayerConfig
-1098270161,Checkers,0,GAME_OVER,51,50,2,1657,RandomPlayerConfig,RandomPlayerConfig
1387059512,Checkers,0,GAME_OVER,43,42,2,1658,RandomPlayerConfig,RandomPlayerConfig
-1209401438,Checkers,0,GAME_OVER,41,40,2,1659,RandomPlayerConfig,RandomPlayerConfig
866499206,Checkers,0,GAME_OVER,53,52,2,1660,RandomPlayerConfig,RandomPlayerConfig
-884055799,Checkers,0,GAME_OVER,28,27,2,1661,RandomPlayerConfig,RandomPlayerConfig
-345991177,Checkers,0,GAME_OVER,43,42,2,1662,RandomPlayerConfig,RandomPlayerConfig
1573066032,Checkers,0,GAME_OVER,40,39,2,1663,RandomPlayerConfig,RandomPlayerConfig
714865605,Checkers,0,GAME_OVER,70,69,2,1664,RandomPlayerConfig,RandomPlayerConfig
-1511071722,Checkers,0,GAME_OVER,67,66,2,1665,RandomPlayerConfig,RandomPlayerConfig
1043637411,Checkers,0,GAME_OVER,31,30,2,1666,RandomPlayerConfig,RandomPlayerConfig
619587682,Checkers,0,GAME_OVER,31,30,2,1667,RandomPlayerConfig,RandomPlayerConfig
-1363742753,Checkers,0,GAME_OVER,43,42,2,1668,RandomPlayerConfig,RandomPlayerConfig
-947852713,Checkers,0,GAME_OVER,80,79,2,1669,RandomPlayerConfig,RandomPlayerConfig
-34283449,Checkers,0,GAME_OVER,34,33,2,1670,RandomPlayerConfig,RandomPlayerConfig
1480406349,Checkers,0,GAME_OVER,51,50,2,1671,RandomPlayerConfig,RandomPlayerConfig
-1921003377,Checkers,0,GAME_OVER,42,41,2,1672,RandomPlayerConfig,RandomPlayerConfig
1533488837,Checkers,0,GAME_OVER,72,71,2,1673,RandomPlayerConfig,RandomPlayerConfig
85373256,Checkers,0,GAME_OVER,42,41,2,1674,RandomPlayerConfig,RandomPlayerConfig
121974405,Checkers,0,GAME_OVER,46,45,2,1675,RandomPlayerConfig,RandomPlayerConfig
984941992,Checkers,0,GAME_OVER,46,45,2,1676,RandomPlayerConfig,RandomPlayerConfig
2075425136,Checkers,0,GAME_OVER,34,33,2,1677,RandomPlayerConfig,RandomPlayerConfig
-521898058,Checkers,0,GAME_OVER,39,38,2,1678,RandomPlayerConfig,RandomPlayerConfig
1741815011,Checkers,0,GAME_OVER,39,38,2,1679,RandomPlayerConfig,RandomPlayerConfig
1193812878,Checkers,0,GAME_OVER,76,75,2,1680,RandomPlayerConfig,RandomPlayerConfig
1799176938,Checkers,0,GAME_OVER,77,76,2,1681,RandomPlayerConfig,RandomPlayerConfig
972780260,Checkers,0,GAME_OVER,46,45,2,1682,RandomPlayerConfig,RandomPlayerConfig
1815361416,Checkers,0,GAME_OVER,61,60,2,1683,RandomPlayerConfig,RandomPlayerConfig
1322835176,Checkers,0,GAME_OVER,29,28,2,1684,RandomPlayerConfig,RandomPlayerConfig
371741157,Checkers,0,GAME_OVER,31,30,2,1685,RandomPlayerConfig,RandomPlayerConfig
-1102451655,Checkers,0,GAME_OVER,42,41,2,1686,RandomPlayerConfig,RandomPlayerConfig
308533281,Checkers,0,GAME_OVER,46,45,2,1687,RandomPlayerConfig,RandomPlayerConfig
-10429549,Checkers,0,GAME_OVER,44,43,2,1688,RandomPlayerConfig,RandomPlayerConfig
1270174490,Checkers,0,GAME_OVER,30,29,2,1689,RandomPlayerConfig,RandomPlayerConfig
-448480440,Checkers,0,GAME_OVER,58,57,2,1690,RandomPlayerConfig,RandomPlayerConfig
501444460,Checkers,0,GAME_OVER,41,40,2,1691,RandomPlayerConfig,RandomPlayerConfig
1083159769,Checkers,0,GAME_OVER,33,32,2,1692,RandomPlayerConfig,RandomPlayerConfig
1576700780,Checkers,0,GAME_OVER,37,36,2,1693,RandomPlayerConfig,RandomPlayerConfig
-756517090,Checkers,0,GAME_OVER,33,32,2,1694,RandomPlayerConfig,RandomPlayerConfig
587439610,Checkers,0,GAME_OVER,31,30,2,1695,RandomPlayerConfig,RandomPlayerConfig
-346723102,Checkers,0,GAME_OVER,30,29,2,1696,RandomPlayerConfig,RandomPlayerConfig
2093549645,Checkers,0,GAME_OVER,63,62,2,1697,RandomPlayerConfig,RandomPlayerConfig
1653336284,Checkers,0,GAME_OVER,49,48,2,1698,RandomPlayerConfig,RandomPlayerConfig
769578293,Checkers,0,GAME_OVER,35,34,2,1699,RandomPlayerConfig,RandomPlayerConfig
2047688042,Checkers,0,GAME_OVER,40,39,2,1700,RandomPlayerConfig,RandomPlayerConfig
972616288,Checkers,0,GAME_OVER,47,46,2,1701,RandomPlayerConfig,RandomPlayerConfig
1959695236,Checkers,0,GAME_OVER,53,52,2,1702,RandomPlayerConfig,RandomPlayerConfig
1315021988,Checkers,0,GAME_OVER,43,42,2,1703,RandomPlayerConfig,RandomPlayerConfig
1344377780,Checkers,0,GAME_OVER,50,49,2,1704,RandomPlayerConfig,RandomPlayerConfig
357951072,Checkers,0,GAME_OVER,27,26,2,1705,RandomPlayerConfig,RandomPlayerConfig
-2058918633,Checkers,0,GAME_OVER,53,52,2,1706,RandomPlayerConfig,RandomPlayerConfig
-583788691,Checkers,0,GAME_OVER,40,39,2,1707,RandomPlayerConfig,RandomPlayerConfig
1763539389,Checkers,0,GAME_OVER,72,71,2,1708,RandomPlayerConfig,RandomPlayerConfig
-1082296257,Checkers,0,GAME_OVER,35,34,2,1709,RandomPlayerConfig,RandomPlayerConfig
709158110,Checkers,0,GAME_OVER,37,36,2,1710,RandomPlayerConfig,RandomPlayerConfig
396158491,Checkers,0,GAME_OVER,40,39,2,1711,RandomPlayerConfig,RandomPlayerConfig
-1345397067,Checkers,0,GAME_OVER,42,41,2,1712,RandomPlayerConfig,RandomPlayerConfig
1669350546,Checkers,0,GAME_OVER,34,33,2,1713,RandomPlayerConfig,RandomPlayerConfig
-466521336,Checkers,0,GAME_OVER,33,32,2,1714,RandomPlayerConfig,RandomPlayerConfig
1925152929,Checkers,0,GAME_OVER,28,27,2,1715,RandomPlayerConfig,RandomPlayerConfig
-530550102,Checkers,0,GAME_OVER,30,29,2,1716,RandomPlayerConfig,RandomPlayerConfig
-919063509,Checkers,0,GAME_OVER,41,40,2,1717,RandomPlayerConfig,RandomPlayerConfig
-800887435,Checkers,0,GAME_OVER,23,22,2,1718,RandomPlayerConfig,RandomPlayerConfig
-1121831777,Checkers,0,GAME_OVER,33,32,2,1719,RandomPlayerConfig,RandomPlayerConfig
-1819735674,Checkers,0,GAME_OVER,43,42,2,1720,RandomPlayerConfig,RandomPlayerConfig
2085410311,Checkers,0,GAME_OVER,49,48,2,1721,RandomPlayerConfig,RandomPlayerConfig
-1001763376,Checkers,0,GAME_OVER,32,31,2,1722,RandomPlayerConfig,RandomPlayerConfig
1350169571,Checkers,0,GAME_OVER,70,69,2,1723,RandomPlayerConfig,RandomPlayerConfig
5880123,Checkers,0,GAME_OVER,48,47,2,1724,RandomPlayerConfig,RandomPlayerConfig
1879634794,Checkers,0,GAME_OVER,53,52,2,1725,RandomPlayerConfig,RandomPlayerConfig
-1125706525,Checkers,0,GAME_OVER,56,55,2,1726,RandomPlayerConfig,RandomPlayerConfig
2039316273,Checkers,0,GAME_OVER,36,35,2,1727,RandomPlayerConfig,RandomPlayerConfig
-1257035972,Checkers,0,GAME_OVER,38,37,2,1728,RandomPlayerConfig,RandomPlayerConfig
1421001288,Checkers,0,GAME_OVER,49,48,2,1729,RandomPlayerConfig,RandomPlayerConfig
-1651534043,Checkers,0,GAME_OVER,69,68,2,1730,RandomPlayerConfig,RandomPlayerConfig
551156039,Checkers,0,GAME_OVER,43,42,2,1731,RandomPlayerConfig,RandomPlayerConfig
1090369838,Checkers,0,GAME_OVER,36,35,2,1732,RandomPlayerConfig,RandomPlayerConfig
575298023,Checkers,0,GAME_OVER,31,30,2,1733,RandomPlayerConfig,RandomPlayerConfig
530677400,Checkers,0,GAME_OVER,34,33,2,1734,RandomPlayerConfig,RandomPlayerConfig
817833498,Checkers,0,GAME_OVER,34,33,2,1735,RandomPlayerConfig,RandomPlayerConfig
-1060660001,Checkers,0,GAME_OVER,28,27,2,1736,RandomPlayerConfig,RandomPlayerConfig
1151880641,Checkers,0,GAME_OVER,56,55,2,1737,RandomPlayerConfig,RandomPlayerConfig
-1664936495,Checkers,0,GAME_OVER,32,31,2,1738,RandomPlayerConfig,RandomPlayerConfig
1167710822,Checkers,0,GAME_OVER,82,81,2,1739,RandomPlayerConfig,RandomPlayerConfig
-542712970,Checkers,0,GAME_OVER,30,29,2,1740,RandomPlayerConfig,RandomPlayerConfig
-2144300370,Checkers,0,GAME_OVER,68,67,2,1741,RandomPlayerConfig,RandomPlayerConfig
-1642254248,Checkers,0,GAME_OVER,52,51,2,1742,RandomPlayerConfig,RandomPlayerConfig
-1248370843,Checkers,0,GAME_OVER,32,31,2,1743,RandomPlayerConfig,RandomPlayerConfig
145550316,Checkers,0,GAME_OVER,52,51,2,1744,RandomPlayerConfig,RandomPlayerConfig
-1561587134,Checkers,0,GAME_OVER,41,40,2,1745,RandomPlayerConfig,RandomPlayerConfig
-690305999,Checkers,0,GAME_OVER,30,29,2,1746,RandomPlayerConfig,RandomPlayerConfig
-915091747,Checkers,0,GAME_OVER,35,34,2,1747,RandomPlayerConfig,RandomPlayerConfig
-929269573,Checkers,0,GAME_OVER,63,62,2,1748,RandomPlayerConfig,RandomPlayerConfig
-1776447373,Checkers,0,GAME_OVER,40,39,2,1749,RandomPlayerConfig,RandomPlayerConfig
1376782522,Checkers,0,GAME_OVER,46,45,2,1750,RandomPlayerConfig,RandomPlayerConfig
822717280,Checkers,0,GAME_OVER,46,45,2,1751,RandomPlayerConfig,RandomPlayerConfig
1214860500,Checkers,0,GAME_OVER,44,43,2,1752,RandomPlayerConfig,RandomPlayerConfig
2123155327,Checkers,0,GAME_OVER,49,48,2,1753,RandomPlayerConfig,RandomPlayerConfig
468987575,Checkers,0,GAME_OVER,34,33,2,1754,RandomPlayerConfig,RandomPlayerConfig
-156419889,Checkers,0,GAME_OVER,32,31,2,1755,RandomPlayerConfig,RandomPlayerConfig
244685781,Checkers,0,GAME_OVER,34,33,2,1756,RandomPlayerConfig,RandomPlayerConfig
-2012422644,Checkers,0,GAME_OVER,39,38,2,1757,RandomPlayerConfig,RandomPlayerConfig
-646576725,Checkers,0,GAME_OVER,37,36,2,1758,RandomPlayerConfig,RandomPlayerConfig
-679847649,Checkers,0,GAME_OVER,56,55,2,1759,RandomPlayerConfig,RandomPlayerConfig
153033083,Checkers,0,GAME_OVER,36,35,2,1760,RandomPlayerConfig,RandomPlayerConfig
1500617616,Checkers,0,GAME_OVER,40,39,2,1761,RandomPlayerConfig,RandomPlayerConfig
2028282473,Checkers,0,GAME_OVER,56,55,2,1762,RandomPlayerConfig,RandomPlayerConfig
1550709087,Checkers,0,GAME_OVER,31,30,2,1763,RandomPlayerConfig,RandomPlayerConfig
635540564,Checkers,0,GAME_OVER,36,35,2,1764,RandomPlayerConfig,RandomPlayerConfig
1132003058,Checkers,0,GAME_OVER,21,20,2,1765,RandomPlayerConfig,RandomPlayerConfig
535714537,Checkers,0,GAME_OVER,32,31,2,1766,RandomPlayerConfig,RandomPlayerConfig
93854457,Checkers,0,GAME_OVER,37,36,2,1767,RandomPlayerConfig,RandomPlayerConfig
1266419641,Checkers,0,GAME_OVER,47,46,2,1768,RandomPlayerConfig,RandomPlayerConfig
761600881,Checkers,0,GAME_OVER,52,51,2,1769,RandomPlayerConfig,RandomPlayerConfig
2143529823,Checkers,0,GAME_OVER,52,51,2,1770,RandomPlayerConfig,RandomPlayerConfig
2102961463,Checkers,0,GAME_OVER,30,29,2,1771,RandomPlayerConfig,RandomPlayerConfig
1679841531,Checkers,0,GAME_OVER,41,40,2,1772,RandomPlayerConfig,RandomPlayerConfig
1465671621,Checkers,0,GAME_OVER,24,23,2,1773,RandomPlayerConfig,RandomPlayerConfig
-449521527,Checkers,0,GAME_OVER,28,27,2,1774,RandomPlayerConfig,RandomPlayerConfig
304327433,Checkers,0,GAME_OVER,46,45,2,1775,RandomPlayerConfig,RandomPlayerConfig
-578472996,Checkers,0,GAME_OVER,35,34,2,1776,RandomPlayerConfig,RandomPlayerConfig
-211506301,Checkers,0,GAME_OVER,32,31,2,1777,RandomPlayerConfig,RandomPlayerConfig
1627349832,Checkers,0,GAME_OVER,41,40,2,1778,RandomPlayerConfig,RandomPlayerConfig
-1714208507,Checkers,0,GAME_OVER,37,36,2,1779,RandomPlayerConfig,RandomPlayerConfig
-1196115391,Checkers,0,GAME_OVER,51,50,2,1780,RandomPlayerConfig,RandomPlayerConfig
-1540368699,Checkers,0,GAME_OVER,34,33,2,1781,RandomPlayerConfig,RandomPlayerConfig
-906911374,Checkers,0,GAME_OVER,44,43,2,1782,RandomPlayerConfig,RandomPlayerConfig
-1638432850,Checkers,0,GAME_OVER,38,37,2,1783,RandomPlayerConfig,RandomPlayerConfig
686422820,Checkers,0,GAME_OVER,41,40,2,1784,RandomPlayerConfig,RandomPlayerConfig
1530302473,Checkers,0,GAME_OVER,39,38,2,1785,RandomPlayerConfig,RandomPlayerConfig
-1209659418,Checkers,0,GAME_OVER,45,44,2,1786,RandomPlayerConfig,RandomPlayerConfig
149319160,Checkers,0,GAME_OVER,39,38,2,1787,RandomPlayerConfig,RandomPlayerConfig
760898767,Checkers,0,GAME_OVER,43,42,2,1788,RandomPlayerConfig,RandomPlayerConfig
805876825,Checkers,0,GAME_OVER,67,66,2,1789,RandomPlayerConfig,RandomPlayerConfig
-648465952,Checkers,0,GAME_OVER,35,34,2,1790,RandomPlayerConfig,RandomPlayerConfig
-220098549,Checkers,0,GAME_OVER,41,40,2,1791,RandomPlayerConfig,RandomPlayerConfig
1441244742,Checkers,0,GAME_OVER,49,48,2,1792,RandomPlayerConfig,RandomPlayerConfig
1602782636,Checkers,0,GAME_OVER,47,46,2,1793,RandomPlayerConfig,RandomPlayerConfig
-1364356723,Checkers,0,GAME_OVER,48,47,2,1794,RandomPlayerConfig,RandomPlayerConfig
1522474567,Checkers,0,GAME_OVER,36,35,2,1795,RandomPlayerConfig,RandomPlayerConfig
-2121681916,Checkers,0,GAME_OVER,36,35,2,1796,RandomPlayerConfig,RandomPlayerConfig
221799308,Checkers,0,GAME_OVER,41,40,2,1797,RandomPlayerConfig,RandomPlayerConfig
458667489,Checkers,0,GAME_OVER,47,46,2,1798,RandomPlayerConfig,RandomPlayerConfig
60893320,Checkers,0,GAME_OVER,34,33,2,1799,RandomPlayerConfig,RandomPlayerConfig
1443357674,Checkers,0,GAME_OVER,28,27,2,1800,RandomPlayerConfig,RandomPlayerConfig
-384243208,Checkers,0,GAME_OVER,33,32,2,1801,RandomPlayerConfig,RandomPlayerConfig
