GameSeed,GameName,Round,Event,Tick,Turn,PlayerCount,GameID,PlayerType-1,PlayerType-0
-1210320415,Checkers,0,GAME_OVER,68,67,2,2,MCTS_CheckersHeuristic,MCTS_CheckersHeuristic
-1139274145,Checkers,0,GAME_OVER,140,139,2,3,MCTS_CheckersHeuristic,MCTS_CheckersHeuristic
-548388131,Checkers,0,GAME_OVER,69,68,2,4,MCTS_CheckersHeuristic,MCTS_CheckersHeuristic
427996678,Checkers,0,GAME_OVER,67,66,2,5,MCTS_CheckersHeuristic,MCTS_CheckersHeuristic
1464741833,Checkers,0,GAME_OVER,63,62,2,6,MCTS_CheckersHeuristic,MCTS_CheckersHeuristic
-118749914,Checkers,0,GAME_OVER,85,84,2,7,MCTS_CheckersHeuristic,MCTS_CheckersHeuristic
-205383728,Checkers,0,GAME_OVER,110,109,2,8,MCTS_CheckersHeuristic,MCTS_CheckersHeuristic
-1129042402,Checkers,0,GAME_OVER,106,105,2,9,MCTS_CheckersHeuristic,MCTS_CheckersHeuristic
1522064747,Checkers,0,GAME_OVER,124,123,2,10,MCTS_CheckersHeuristic,MCTS_CheckersHeuristic
-1238878224,Checkers,0,GAME_OVER,57,56,2,11,MCTS_CheckersHeuristic,MCTS_CheckersHeuristic
924786831,Checkers,0,GAME_OVER,53,52,2,12,MCTS_CheckersHeuristic,MCTS_CheckersHeuristic
539908436,Checkers,0,GAME_OVER,109,108,2,13,MCTS_CheckersHeuristic,MCTS_CheckersHeuristic
-522295409,Checkers,0,GAME_OVER,113,112,2,14,MCTS_CheckersHeuristic,MCTS_CheckersHeuristic
1452394984,Checkers,0,GAME_OVER,62,61,2,15,MCTS_CheckersHeuristic,MCTS_CheckersHeuristic
277350197,Checkers,0,GAME_OVER,89,88,2,16,MCTS_CheckersHeuristic,MCTS_CheckersHeuristic
439602663,Checkers,0,GAME_OVER,90,89,2,17,MCTS_CheckersHeuristic,MCTS_CheckersHeuristic
1559956640,Checkers,0,GAME_OVER,55,54,2,18,MCTS_CheckersHeuristic,MCTS_CheckersHeuristic
1131040206,Checkers,0,GAME_OVER,106,105,2,19,MCTS_CheckersHeuristic,MCTS_CheckersHeuristic
24121318,Checkers,0,GAME_OVER,101,100,2,20,MCTS_CheckersHeuristic,MCTS_CheckersHeuristic
-815482163,Checkers,0,GAME_OVER,67,66,2,21,MCTS_CheckersHeuristic,MCTS_CheckersHeuristic
-1446464370,Checkers,0,GAME_OVER,101,100,2,22,MCTS_CheckersHeuristic,MCTS_CheckersHeuristic
-804904439,Checkers,0,GAME_OVER,79,78,2,23,MCTS_CheckersHeuristic,MCTS_CheckersHeuristic
-573815463,Checkers,0,GAME_OVER,125,124,2,24,MCTS_CheckersHeuristic,MCTS_CheckersHeuristic
-2105314328,Checkers,0,GAME_OVER,131,130,2,25,MCTS_CheckersHeuristic,MCTS_CheckersHeuristic
1846893301,Checkers,0,GAME_OVER,56,55,2,26,MCTS_CheckersHeuristic,MCTS_CheckersHeuristic
1113848322,Checkers,0,GAME_OVER,49,48,2,27,MCTS_CheckersHeuristic,MCTS_CheckersHeuristic
191523222,Checkers,0,GAME_OVER,137,136,2,28,MCTS_CheckersHeuristic,MCTS_CheckersHeuristic
-1787228809,Checkers,0,GAME_OVER,65,64,2,29,MCTS_CheckersHeuristic,MCTS_CheckersHeuristic
-1772914818,Checkers,0,GAME_OVER,57,56,2,30,MCTS_CheckersHeuristic,MCTS_CheckersHeuristic
1201875119,Checkers,0,GAME_OVER,52,51,2,31,MCTS_CheckersHeuristic,MCTS_CheckersHeuristic
2009050880,Checkers,0,GAME_OVER,78,77,2,32,MCTS_CheckersHeuristic,MCTS_CheckersHeuristic
-196887858,Checkers,0,GAME_OVER,117,116,2,33,MCTS_CheckersHeuristic,MCTS_CheckersHeuristic
1797130373,Checkers,0,GAME_OVER,91,90,2,34,MCTS_CheckersHeuristic,MCTS_CheckersHeuristic
855343213,Checkers,0,GAME_OVER,112,111,2,35,MCTS_CheckersHeuristic,MCTS_CheckersHeuristic
1241218454,Checkers,0,GAME_OVER,64,63,2,36,MCTS_CheckersHeuristic,MCTS_CheckersHeuristic
-1763711927,Checkers,0,GAME_OVER,76,75,2,37,MCTS_CheckersHeuristic,MCTS_CheckersHeuristic
538977276,Checkers,0,GAME_OVER,52,51,2,38,MCTS_CheckersHeuristic,MCTS_CheckersHeuristic
749919250,Checkers,0,GAME_OVER,96,95,2,39,MCTS_CheckersHeuristic,MCTS_CheckersHeuristic
824887413,Checkers,0,GAME_OVER,82,81,2,40,MCTS_CheckersHeuristic,MCTS_CheckersHeuristic
-757585794,Checkers,0,GAME_OVER,68,67,2,41,MCTS_CheckersHeuristic,MCTS_CheckersHeuristic
594162318,Checkers,0,GAME_OVER,71,70,2,42,MCTS_CheckersHeuristic,MCTS_CheckersHeuristic
1236903234,Checkers,0,GAME_OVER,47,46,2,43,MCTS_CheckersHeuristic,MCTS_CheckersHeuristic
-1073956960,Checkers,0,GAME_OVER,113,112,2,44,MCTS_CheckersHeuristic,MCTS_CheckersHeuristic
-1757954895,Checkers,0,GAME_OVER,45,44,2,45,MCTS_CheckersHeuristic,MCTS_CheckersHeuristic
-381863673,Checkers,0,GAME_OVER,41,40,2,46,MCTS_CheckersHeuristic,MCTS_CheckersHeuristic
1431890945,Checkers,0,GAME_OVER,89,88,2,47,MCTS_CheckersHeuristic,MCTS_CheckersHeuristic
-914249212,Checkers,0,GAME_OVER,50,49,2,48,MCTS_CheckersHeuristic,MCTS_CheckersHeuristic
-648159092,Checkers,0,GAME_OVER,57,56,2,49,MCTS_CheckersHeuristic,MCTS_CheckersHeuristic
-34155534,Checkers,0,GAME_OVER,69,68,2,50,MCTS_CheckersHeuristic,MCTS_CheckersHeuristic
-1443765366,Checkers,0,GAME_OVER,121,120,2,51,MCTS_CheckersHeuristic,MCTS_CheckersHeuristic
-1605774411,Checkers,0,GAME_OVER,56,55,2,52,MCTS_CheckersHeuristic,MCTS_CheckersHeuristic
-706193137,Checkers,0,GAME_OVER,65,64,2,53,MCTS_CheckersHeuristic,MCTS_CheckersHeuristic
1162791299,Checkers,0,GAME_OVER,58,57,2,54,MCTS_CheckersHeuristic,MCTS_CheckersHeuristic
-1518872482,Checkers,0,GAME_OVER,59,58,2,55,MCTS_CheckersHeuristic,MCTS_CheckersHeuristic
1943600253,Checkers,0,GAME_OVER,51,50,2,56,MCTS_CheckersHeuristic,MCTS_CheckersHeuristic
-237623611,Checkers,0,GAME_OVER,81,80,2,57,MCTS_CheckersHeuristic,MCTS_CheckersHeuristic
364991927,Checkers,0,GAME_OVER,91,90,2,58,MCTS_CheckersHeuristic,MCTS_CheckersHeuristic
1061876639,Checkers,0,GAME_OVER,69,68,2,59,MCTS_CheckersHeuristic,MCTS_CheckersHeuristic
-1816583528,Checkers,0,GAME_OVER,55,54,2,60,MCTS_CheckersHeuristic,MCTS_CheckersHeuristic
207809336,Checkers,0,GAME_OVER,116,115,2,61,MCTS_CheckersHeuristic,MCTS_CheckersHeuristic
1326421177,Checkers,0,GAME_OVER,80,79,2,62,MCTS_CheckersHeuristic,MCTS_CheckersHeuristic
-928292963,Checkers,0,GAME_OVER,58,57,2,63,MCTS_CheckersHeuristic,MCTS_CheckersHeuristic
-473037384,Checkers,0,GAME_OVER,51,50,2,64,MCTS_CheckersHeuristic,MCTS_CheckersHeuristic
-1255231066,Checkers,0,GAME_OVER,65,64,2,65,MCTS_CheckersHeuristic,MCTS_CheckersHeuristic
1165078408,Checkers,0,GAME_OVER,66,65,2,66,MCTS_CheckersHeuristic,MCTS_CheckersHeuristic
-2073976399,Checkers,0,GAME_OVER,58,57,2,67,MCTS_CheckersHeuristic,MCTS_CheckersHeuristic
1462230606,Checkers,0,GAME_OVER,57,56,2,68,MCTS_CheckersHeuristic,MCTS_CheckersHeuristic
-1286795533,Checkers,0,GAME_OVER,52,51,2,69,MCTS_CheckersHeuristic,MCTS_CheckersHeuristic
-424890667,Checkers,0,GAME_OVER,147,146,2,70,MCTS_CheckersHeuristic,MCTS_CheckersHeuristic
783433033,Checkers,0,GAME_OVER,116,115,2,71,MCTS_CheckersHeuristic,MCTS_CheckersHeuristic
1706280203,Checkers,0,GAME_OVER,56,55,2,72,MCTS_CheckersHeuristic,MCTS_CheckersHeuristic
-2079208222,Checkers,0,GAME_OVER,64,63,2,73,MCTS_CheckersHeuristic,MCTS_CheckersHeuristic
-2064115663,Checkers,0,GAME_OVER,110,109,2,74,MCTS_CheckersHeuristic,MCTS_CheckersHeuristic
-1048579004,Checkers,0,GAME_OVER,63,62,2,75,MCTS_CheckersHeuristic,MCTS_CheckersHeuristic
2047643300,Checkers,0,GAME_OVER,61,60,2,76,MCTS_CheckersHeuristic,MCTS_CheckersHeuristic
1394644095,Checkers,0,GAME_OVER,115,114,2,77,MCTS_CheckersHeuristic,MCTS_CheckersHeuristic
1136507239,Checkers,0,GAME_OVER,92,91,2,78,MCTS_CheckersHeuristic,MCTS_CheckersHeuristic
1256274048,Checkers,0,GAME_OVER,64,63,2,79,MCTS_CheckersHeuristic,MCTS_CheckersHeuristic
-1617485867,Checkers,0,GAME_OVER,50,49,2,80,MCTS_CheckersHeuristic,MCTS_CheckersHeuristic
2074627039,Checkers,0,GAME_OVER,53,52,2,81,MCTS_CheckersHeuristic,MCTS_CheckersHeuristic
-301971930,Checkers,0,GAME_OVER,68,67,2,82,MCTS_CheckersHeuristic,MCTS_CheckersHeuristic
-207445328,Checkers,0,GAME_OVER,58,57,2,83,MCTS_CheckersHeuristic,MCTS_CheckersHeuristic
-499024471,Checkers,0,GAME_OVER,68,67,2,84,MCTS_CheckersHeuristic,MCTS_CheckersHeuristic
-334882036,Checkers,0,GAME_OVER,62,61,2,85,MCTS_CheckersHeuristic,MCTS_CheckersHeuristic
-1680102429,Checkers,0,GAME_OVER,61,60,2,86,MCTS_CheckersHeuristic,MCTS_CheckersHeuristic
-797343118,Checkers,0,GAME_OVER,47,46,2,87,MCTS_CheckersHeuristic,MCTS_CheckersHeuristic
-118743561,Checkers,0,GAME_OVER,116,115,2,88,MCTS_CheckersHeuristic,MCTS_CheckersHeuristic
79121465,Checkers,0,GAME_OVER,58,57,2,89,MCTS_CheckersHeuristic,MCTS_CheckersHeuristic
-1235468291,Checkers,0,GAME_OVER,64,63,2,90,MCTS_CheckersHeuristic,MCTS_CheckersHeuristic
-1723409504,Checkers,0,GAME_OVER,41,40,2,91,MCTS_CheckersHeuristic,MCTS_CheckersHeuristic
-570868689,Checkers,0,GAME_OVER,63,62,2,92,MCTS_CheckersHeuristic,MCTS_CheckersHeuristic
1880128317,Checkers,0,GAME_OVER,105,104,2,93,MCTS_CheckersHeuristic,MCTS_CheckersHeuristic
-1122489311,Checkers,0,GAME_OVER,72,71,2,94,MCTS_CheckersHeuristic,MCTS_CheckersHeuristic
1190946021,Checkers,0,GAME_OVER,111,110,2,95,MCTS_CheckersHeuristic,MCTS_CheckersHeuristic
-822725034,Checkers,0,GAME_OVER,112,111,2,96,MCTS_CheckersHeuristic,MCTS_CheckersHeuristic
1589889086,Checkers,0,GAME_OVER,117,116,2,97,MCTS_CheckersHeuristic,MCTS_CheckersHeuristic
1908980975,Checkers,0,GAME_OVER,111,110,2,98,MCTS_CheckersHeuristic,MCTS_CheckersHeuristic
398089107,Checkers,0,GAME_OVER,140,139,2,99,MCTS_CheckersHeuristic,MCTS_CheckersHeuristic
-116443570,Checkers,0,GAME_OVER,61,60,2,100,MCTS_CheckersHeuristic,MCTS_CheckersHeuristic
-506527316,Checkers,0,GAME_OVER,97,96,2,101,MCTS_CheckersHeuristic,MCTS_CheckersHeuristic
1641510621,Checkers,0,GAME_OVER,105,104,2,102,MCTS_CheckersHeuristic,MCTS_CheckersHeuristic
-623492940,Checkers,0,GAME_OVER,110,109,2,103,MCTS_CheckersHeuristic,MCTS_CheckersHeuristic
-1942115493,Checkers,0,GAME_OVER,156,155,2,104,MCTS_CheckersHeuristic,MCTS_CheckersHeuristic
1411774833,Checkers,0,GAME_OVER,171,170,2,105,MCTS_CheckersHeuristic,MCTS_CheckersHeuristic
-156428965,Checkers,0,GAME_OVER,130,129,2,106,MCTS_CheckersHeuristic,MCTS_CheckersHeuristic
1223152478,Checkers,0,GAME_OVER,64,63,2,107,MCTS_CheckersHeuristic,MCTS_CheckersHeuristic
2133219298,Checkers,0,GAME_OVER,72,71,2,108,MCTS_CheckersHeuristic,MCTS_CheckersHeuristic
-380864154,Checkers,0,GAME_OVER,118,117,2,109,MCTS_CheckersHeuristic,MCTS_CheckersHeuristic
1909381176,Checkers,0,GAME_OVER,77,76,2,110,MCTS_CheckersHeuristic,MCTS_CheckersHeuristic
-1074078645,Checkers,0,GAME_OVER,151,150,2,111,MCTS_CheckersHeuristic,MCTS_CheckersHeuristic
1906571122,Checkers,0,GAME_OVER,118,117,2,112,MCTS_CheckersHeuristic,MCTS_CheckersHeuristic
926321416,Checkers,0,GAME_OVER,98,97,2,113,MCTS_CheckersHeuristic,MCTS_CheckersHeuristic
1404617540,Checkers,0,GAME_OVER,135,134,2,114,MCTS_CheckersHeuristic,MCTS_CheckersHeuristic
114925225,Checkers,0,GAME_OVER,106,105,2,115,MCTS_CheckersHeuristic,MCTS_CheckersHeuristic
-1874345720,Checkers,0,GAME_OVER,101,100,2,116,MCTS_CheckersHeuristic,MCTS_CheckersHeuristic
-1749481877,Checkers,0,GAME_OVER,58,57,2,117,MCTS_CheckersHeuristic,MCTS_CheckersHeuristic
1512682549,Checkers,0,GAME_OVER,48,47,2,118,MCTS_CheckersHeuristic,MCTS_CheckersHeuristic
-716373459,Checkers,0,GAME_OVER,130,129,2,119,MCTS_CheckersHeuristic,MCTS_CheckersHeuristic
1609124238,Checkers,0,GAME_OVER,70,69,2,120,MCTS_CheckersHeuristic,MCTS_CheckersHeuristic
1677696110,Checkers,0,GAME_OVER,45,44,2,121,MCTS_CheckersHeuristic,MCTS_CheckersHeuristic
1585476302,Checkers,0,GAME_OVER,49,48,2,122,MCTS_CheckersHeuristic,MCTS_CheckersHeuristic
929876589,Checkers,0,GAME_OVER,46,45,2,123,MCTS_CheckersHeuristic,MCTS_CheckersHeuristic
-235697499,Checkers,0,GAME_OVER,54,53,2,124,MCTS_CheckersHeuristic,MCTS_CheckersHeuristic
-1575170001,Checkers,0,GAME_OVER,80,79,2,125,MCTS_CheckersHeuristic,MCTS_CheckersHeuristic
622272317,Checkers,0,GAME_OVER,156,155,2,126,MCTS_CheckersHeuristic,MCTS_CheckersHeuristic
2028695407,Checkers,0,GAME_OVER,44,43,2,127,MCTS_CheckersHeuristic,MCTS_CheckersHeuristic
951390628,Checkers,0,GAME_OVER,151,150,2,128,MCTS_CheckersHeuristic,MCTS_CheckersHeuristic
-988048447,Checkers,0,GAME_OVER,137,136,2,129,MCTS_CheckersHeuristic,MCTS_CheckersHeuristic
-2055429436,Checkers,0,GAME_OVER,56,55,2,130,MCTS_CheckersHeuristic,MCTS_CheckersHeuristic
-269587588,Checkers,0,GAME_OVER,50,49,2,131,MCTS_CheckersHeuristic,MCTS_CheckersHeuristic
1389730527,Checkers,0,GAME_OVER,166,165,2,132,MCTS_CheckersHeuristic,MCTS_CheckersHeuristic
-1841202148,Checkers,0,GAME_OVER,51,50,2,133,MCTS_CheckersHeuristic,MCTS_CheckersHeuristic
-12450148,Checkers,0,GAME_OVER,102,101,2,134,MCTS_CheckersHeuristic,MCTS_CheckersHeuristic
-1497558470,Checkers,0,GAME_OVER,125,124,2,135,MCTS_CheckersHeuristic,MCTS_CheckersHeuristic
2121506091,Checkers,0,GAME_OVER,83,82,2,136,MCTS_CheckersHeuristic,MCTS_CheckersHeuristic
1168883797,Checkers,0,GAME_OVER,51,50,2,137,MCTS_CheckersHeuristic,MCTS_CheckersHeuristic
-1173629675,Checkers,0,GAME_OVER,50,49,2,138,MCTS_CheckersHeuristic,MCTS_CheckersHeuristic
-979548935,Checkers,0,GAME_OVER,71,70,2,139,MCTS_CheckersHeuristic,MCTS_CheckersHeuristic
-1953461855,Checkers,0,GAME_OVER,147,146,2,140,MCTS_CheckersHeuristic,MCTS_CheckersHeuristic
1281390606,Checkers,0,GAME_OVER,56,55,2,141,MCTS_CheckersHeuristic,MCTS_CheckersHeuristic
1744169217,Checkers,0,GAME_OVER,53,52,2,142,MCTS_CheckersHeuristic,MCTS_CheckersHeuristic
-1948870580,Checkers,0,GAME_OVER,144,143,2,143,MCTS_CheckersHeuristic,MCTS_CheckersHeuristic
-1298480222,Checkers,0,GAME_OVER,119,118,2,144,MCTS_CheckersHeuristic,MCTS_CheckersHeuristic
-1383019217,Checkers,0,GAME_OVER,57,56,2,145,MCTS_CheckersHeuristic,MCTS_CheckersHeuristic
2035961683,Checkers,0,GAME_OVER,117,116,2,146,MCTS_CheckersHeuristic,MCTS_CheckersHeuristic
1162460892,Checkers,0,GAME_OVER,58,57,2,147,MCTS_CheckersHeuristic,MCTS_CheckersHeuristic
-2091870948,Checkers,0,GAME_OVER,58,57,2,148,MCTS_CheckersHeuristic,MCTS_CheckersHeuristic
-815786795,Checkers,0,GAME_OVER,137,136,2,149,MCTS_CheckersHeuristic,MCTS_CheckersHeuristic
1592925954,Checkers,0,GAME_OVER,71,70,2,150,MCTS_CheckersHeuristic,MCTS_CheckersHeuristic
-1298969224,Checkers,0,GAME_OVER,72,71,2,151,MCTS_CheckersHeuristic,MCTS_CheckersHeuristic
-1842896118,Checkers,0,GAME_OVER,72,71,2,152,MCTS_CheckersHeuristic,MCTS_CheckersHeuristic
542049162,Checkers,0,GAME_OVER,66,65,2,153,MCTS_CheckersHeuristic,MCTS_CheckersHeuristic
894528306,Checkers,0,GAME_OVER,91,90,2,154,MCTS_CheckersHeuristic,MCTS_CheckersHeuristic
-644993937,Checkers,0,GAME_OVER,50,49,2,155,MCTS_CheckersHeuristic,MCTS_CheckersHeuristic
-1021794751,Checkers,0,GAME_OVER,56,55,2,156,MCTS_CheckersHeuristic,MCTS_CheckersHeuristic
1151955127,Checkers,0,GAME_OVER,113,112,2,157,MCTS_CheckersHeuristic,MCTS_CheckersHeuristic
-2127711338,Checkers,0,GAME_OVER,81,80,2,158,MCTS_CheckersHeuristic,MCTS_CheckersHeuristic
-864335327,Checkers,0,GAME_OVER,84,83,2,159,MCTS_CheckersHeuristic,MCTS_CheckersHeuristic
-1201181592,Checkers,0,GAME_OVER,69,68,2,160,MCTS_CheckersHeuristic,MCTS_CheckersHeuristic
1514691926,Checkers,0,GAME_OVER,55,54,2,161,MCTS_CheckersHeuristic,MCTS_CheckersHeuristic
-1594853617,Checkers,0,GAME_OVER,76,75,2,162,MCTS_CheckersHeuristic,MCTS_CheckersHeuristic
475620051,Checkers,0,GAME_OVER,71,70,2,163,MCTS_CheckersHeuristic,MCTS_CheckersHeuristic
1861969223,Checkers,0,GAME_OVER,152,151,2,164,MCTS_CheckersHeuristic,MCTS_CheckersHeuristic
1273049579,Checkers,0,GAME_OVER,207,206,2,165,MCTS_CheckersHeuristic,MCTS_CheckersHeuristic
739101849,Checkers,0,GAME_OVER,57,56,2,166,MCTS_CheckersHeuristic,MCTS_CheckersHeuristic
-397348413,Checkers,0,GAME_OVER,156,155,2,167,MCTS_CheckersHeuristic,MCTS_CheckersHeuristic
1616724037,Checkers,0,GAME_OVER,59,58,2,168,MCTS_CheckersHeuristic,MCTS_CheckersHeuristic
-751409228,Checkers,0,GAME_OVER,106,105,2,169,MCTS_CheckersHeuristic,MCTS_CheckersHeuristic
-1380899225,Checkers,0,GAME_OVER,104,103,2,170,MCTS_CheckersHeuristic,MCTS_CheckersHeuristic
-1379557508,Checkers,0,GAME_OVER,79,78,2,171,MCTS_CheckersHeuristic,MCTS_CheckersHeuristic
1353866795,Checkers,0,GAME_OVER,51,50,2,172,MCTS_CheckersHeuristic,MCTS_CheckersHeuristic
-301133538,Checkers,0,GAME_OVER,102,101,2,173,MCTS_CheckersHeuristic,MCTS_CheckersHeuristic
1825612619,Checkers,0,GAME_OVER,127,126,2,174,MCTS_CheckersHeuristic,MCTS_CheckersHeuristic
-1814052501,Checkers,0,GAME_OVER,99,98,2,175,MCTS_CheckersHeuristic,MCTS_CheckersHeuristic
-178840786,Checkers,0,GAME_OVER,65,64,2,176,MCTS_CheckersHeuristic,MCTS_CheckersHeuristic
537785723,Checkers,0,GAME_OVER,97,96,2,177,MCTS_CheckersHeuristic,MCTS_CheckersHeuristic
1507431003,Checkers,0,GAME_OVER,118,117,2,178,MCTS_CheckersHeuristic,MCTS_CheckersHeuristic
796245681,Checkers,0,GAME_OVER,126,125,2,179,MCTS_CheckersHeuristic,MCTS_CheckersHeuristic
-616221397,Checkers,0,GAME_OVER,88,87,2,180,MCTS_CheckersHeuristic,MCTS_CheckersHeuristic
-890227726,Checkers,0,GAME_OVER,131,130,2,181,MCTS_CheckersHeuristic,MCTS_CheckersHeuristic
-1204876079,Checkers,0,GAME_OVER,151,150,2,182,MCTS_CheckersHeuristic,MCTS_CheckersHeuristic
40267321,Checkers,0,GAME_OVER,45,44,2,183,MCTS_CheckersHeuristic,MCTS_CheckersHeuristic
-477900236,Checkers,0,GAME_OVER,60,59,2,184,MCTS_CheckersHeuristic,MCTS_CheckersHeuristic
1236705718,Checkers,0,GAME_OVER,109,108,2,185,MCTS_CheckersHeuristic,MCTS_CheckersHeuristic
-908211661,Checkers,0,GAME_OVER,90,89,2,186,MCTS_CheckersHeuristic,MCTS_CheckersHeuristic
-252526067,Checkers,0,GAME_OVER,144,143,2,187,MCTS_CheckersHeuristic,MCTS_CheckersHeuristic
-1816990902,Checkers,0,GAME_OVER,86,85,2,188,MCTS_CheckersHeuristic,MCTS_CheckersHeuristic
-492284037,Checkers,0,GAME_OVER,56,55,2,189,MCTS_CheckersHeuristic,MCTS_CheckersHeuristic
611750579,Checkers,0,GAME_OVER,111,110,2,190,MCTS_CheckersHeuristic,MCTS_CheckersHeuristic
-776580123,Checkers,0,GAME_OVER,67,66,2,191,MCTS_CheckersHeuristic,MCTS_CheckersHeuristic
-1583603860,Checkers,0,GAME_OVER,48,47,2,192,MCTS_CheckersHeuristic,MCTS_CheckersHeuristic
1363157540,Checkers,0,GAME_OVER,44,43,2,193,MCTS_CheckersHeuristic,MCTS_CheckersHeuristic
-1993149481,Checkers,0,GAME_OVER,57,56,2,194,MCTS_CheckersHeuristic,MCTS_CheckersHeuristic
784574209,Checkers,0,GAME_OVER,62,61,2,195,MCTS_CheckersHeuristic,MCTS_CheckersHeuristic
382677712,Checkers,0,GAME_OVER,118,117,2,196,MCTS_CheckersHeuristic,MCTS_CheckersHeuristic
-724186432,Checkers,0,GAME_OVER,53,52,2,197,MCTS_CheckersHeuristic,MCTS_CheckersHeuristic
647895900,Checkers,0,GAME_OVER,94,93,2,198,MCTS_CheckersHeuristic,MCTS_CheckersHeuristic
1902261048,Checkers,0,GAME_OVER,67,66,2,199,MCTS_CheckersHeuristic,MCTS_CheckersHeuristic
1022410351,Checkers,0,GAME_OVER,54,53,2,200,MCTS_CheckersHeuristic,MCTS_CheckersHeuristic
-981505609,Checkers,0,GAME_OVER,48,47,2,201,MCTS_CheckersHeuristic,MCTS_CheckersHeuristic
-1210320415,Checkers,0,GAME_OVER,43,42,2,202,OSLA,MCTS_CheckersHeuristic
-1139274145,Checkers,0,GAME_OVER,55,54,2,203,OSLA,MCTS_CheckersHeuristic
-548388131,Checkers,0,GAME_OVER,68,67,2,204,OSLA,MCTS_CheckersHeuristic
427996678,Checkers,0,GAME_OVER,68,67,2,205,OSLA,MCTS_CheckersHeuristic
1464741833,Checkers,0,GAME_OVER,38,37,2,206,OSLA,MCTS_CheckersHeuristic
-118749914,Checkers,0,GAME_OVER,64,63,2,207,OSLA,MCTS_CheckersHeuristic
-205383728,Checkers,0,GAME_OVER,56,55,2,208,OSLA,MCTS_CheckersHeuristic
-1129042402,Checkers,0,GAME_OVER,60,59,2,209,OSLA,MCTS_CheckersHeuristic
1522064747,Checkers,0,GAME_OVER,70,69,2,210,OSLA,MCTS_CheckersHeuristic
-1238878224,Checkers,0,GAME_OVER,52,51,2,211,OSLA,MCTS_CheckersHeuristic
924786831,Checkers,0,GAME_OVER,54,53,2,212,OSLA,MCTS_CheckersHeuristic
539908436,Checkers,0,GAME_OVER,87,86,2,213,OSLA,MCTS_CheckersHeuristic
-522295409,Checkers,0,GAME_OVER,49,48,2,214,OSLA,MCTS_CheckersHeuristic
1452394984,Checkers,0,GAME_OVER,84,83,2,215,OSLA,MCTS_CheckersHeuristic
277350197,Checkers,0,GAME_OVER,43,42,2,216,OSLA,MCTS_CheckersHeuristic
439602663,Checkers,0,GAME_OVER,90,89,2,217,OSLA,MCTS_CheckersHeuristic
1559956640,Checkers,0,GAME_OVER,57,56,2,218,OSLA,MCTS_CheckersHeuristic
1131040206,Checkers,0,GAME_OVER,54,53,2,219,OSLA,MCTS_CheckersHeuristic
24121318,Checkers,0,GAME_OVER,55,54,2,220,OSLA,MCTS_CheckersHeuristic
-815482163,Checkers,0,GAME_OVER,49,48,2,221,OSLA,MCTS_CheckersHeuristic
-1446464370,Checkers,0,GAME_OVER,53,52,2,222,OSLA,MCTS_CheckersHeuristic
-804904439,Checkers,0,GAME_OVER,81,80,2,223,OSLA,MCTS_CheckersHeuristic
-573815463,Checkers,0,GAME_OVER,72,71,2,224,OSLA,MCTS_CheckersHeuristic
-2105314328,Checkers,0,GAME_OVER,60,59,2,225,OSLA,MCTS_CheckersHeuristic
1846893301,Checkers,0,GAME_OVER,57,56,2,226,OSLA,MCTS_CheckersHeuristic
1113848322,Checkers,0,GAME_OVER,54,53,2,227,OSLA,MCTS_CheckersHeuristic
191523222,Checkers,0,GAME_OVER,75,74,2,228,OSLA,MCTS_CheckersHeuristic
-1787228809,Checkers,0,GAME_OVER,60,59,2,229,OSLA,MCTS_CheckersHeuristic
-1772914818,Checkers,0,GAME_OVER,90,89,2,230,OSLA,MCTS_CheckersHeuristic
1201875119,Checkers,0,GAME_OVER,102,101,2,231,OSLA,MCTS_CheckersHeuristic
2009050880,Checkers,0,GAME_OVER,56,55,2,232,OSLA,MCTS_CheckersHeuristic
-196887858,Checkers,0,GAME_OVER,76,75,2,233,OSLA,MCTS_CheckersHeuristic
1797130373,Checkers,0,GAME_OVER,49,48,2,234,OSLA,MCTS_CheckersHeuristic
855343213,Checkers,0,GAME_OVER,92,91,2,235,OSLA,MCTS_CheckersHeuristic
1241218454,Checkers,0,GAME_OVER,57,56,2,236,OSLA,MCTS_CheckersHeuristic
-1763711927,Checkers,0,GAME_OVER,61,60,2,237,OSLA,MCTS_CheckersHeuristic
538977276,Checkers,0,GAME_OVER,57,56,2,238,OSLA,MCTS_CheckersHeuristic
749919250,Checkers,0,GAME_OVER,82,81,2,239,OSLA,MCTS_CheckersHeuristic
824887413,Checkers,0,GAME_OVER,87,86,2,240,OSLA,MCTS_CheckersHeuristic
-757585794,Checkers,0,GAME_OVER,55,54,2,241,OSLA,MCTS_CheckersHeuristic
594162318,Checkers,0,GAME_OVER,52,51,2,242,OSLA,MCTS_CheckersHeuristic
1236903234,Checkers,0,GAME_OVER,58,57,2,243,OSLA,MCTS_CheckersHeuristic
-1073956960,Checkers,0,GAME_OVER,97,96,2,244,OSLA,MCTS_CheckersHeuristic
-1757954895,Checkers,0,GAME_OVER,58,57,2,245,OSLA,MCTS_CheckersHeuristic
-381863673,Checkers,0,GAME_OVER,67,66,2,246,OSLA,MCTS_CheckersHeuristic
1431890945,Checkers,0,GAME_OVER,51,50,2,247,OSLA,MCTS_CheckersHeuristic
-914249212,Checkers,0,GAME_OVER,78,77,2,248,OSLA,MCTS_CheckersHeuristic
-648159092,Checkers,0,GAME_OVER,31,30,2,249,OSLA,MCTS_CheckersHeuristic
-34155534,Checkers,0,GAME_OVER,54,53,2,250,OSLA,MCTS_CheckersHeuristic
-1443765366,Checkers,0,GAME_OVER,47,46,2,251,OSLA,MCTS_CheckersHeuristic
-1605774411,Checkers,0,GAME_OVER,86,85,2,252,OSLA,MCTS_CheckersHeuristic
-706193137,Checkers,0,GAME_OVER,49,48,2,253,OSLA,MCTS_CheckersHeuristic
1162791299,Checkers,0,GAME_OVER,57,56,2,254,OSLA,MCTS_CheckersHeuristic
-1518872482,Checkers,0,GAME_OVER,65,64,2,255,OSLA,MCTS_CheckersHeuristic
1943600253,Checkers,0,GAME_OVER,56,55,2,256,OSLA,MCTS_CheckersHeuristic
-237623611,Checkers,0,GAME_OVER,67,66,2,257,OSLA,MCTS_CheckersHeuristic
364991927,Checkers,0,GAME_OVER,94,93,2,258,OSLA,MCTS_CheckersHeuristic
1061876639,Checkers,0,GAME_OVER,69,68,2,259,OSLA,MCTS_CheckersHeuristic
-1816583528,Checkers,0,GAME_OVER,54,53,2,260,OSLA,MCTS_CheckersHeuristic
207809336,Checkers,0,GAME_OVER,56,55,2,261,OSLA,MCTS_CheckersHeuristic
1326421177,Checkers,0,GAME_OVER,87,86,2,262,OSLA,MCTS_CheckersHeuristic
-928292963,Checkers,0,GAME_OVER,50,49,2,263,OSLA,MCTS_CheckersHeuristic
-473037384,Checkers,0,GAME_OVER,51,50,2,264,OSLA,MCTS_CheckersHeuristic
-1255231066,Checkers,0,GAME_OVER,58,57,2,265,OSLA,MCTS_CheckersHeuristic
1165078408,Checkers,0,GAME_OVER,66,65,2,266,OSLA,MCTS_CheckersHeuristic
-2073976399,Checkers,0,GAME_OVER,58,57,2,267,OSLA,MCTS_CheckersHeuristic
1462230606,Checkers,0,GAME_OVER,72,71,2,268,OSLA,MCTS_CheckersHeuristic
-1286795533,Checkers,0,GAME_OVER,85,84,2,269,OSLA,MCTS_CheckersHeuristic
-424890667,Checkers,0,GAME_OVER,82,81,2,270,OSLA,MCTS_CheckersHeuristic
783433033,Checkers,0,GAME_OVER,68,67,2,271,OSLA,MCTS_CheckersHeuristic
1706280203,Checkers,0,GAME_OVER,89,88,2,272,OSLA,MCTS_CheckersHeuristic
-2079208222,Checkers,0,GAME_OVER,63,62,2,273,OSLA,MCTS_CheckersHeuristic
-2064115663,Checkers,0,GAME_OVER,52,51,2,274,OSLA,MCTS_CheckersHeuristic
-1048579004,Checkers,0,GAME_OVER,129,128,2,275,OSLA,MCTS_CheckersHeuristic
2047643300,Checkers,0,GAME_OVER,138,137,2,276,OSLA,MCTS_CheckersHeuristic
1394644095,Checkers,0,GAME_OVER,57,56,2,277,OSLA,MCTS_CheckersHeuristic
1136507239,Checkers,0,GAME_OVER,69,68,2,278,OSLA,MCTS_CheckersHeuristic
1256274048,Checkers,0,GAME_OVER,104,103,2,279,OSLA,MCTS_CheckersHeuristic
-1617485867,Checkers,0,GAME_OVER,80,79,2,280,OSLA,MCTS_CheckersHeuristic
2074627039,Checkers,0,GAME_OVER,50,49,2,281,OSLA,MCTS_CheckersHeuristic
-301971930,Checkers,0,GAME_OVER,60,59,2,282,OSLA,MCTS_CheckersHeuristic
-207445328,Checkers,0,GAME_OVER,65,64,2,283,OSLA,MCTS_CheckersHeuristic
-499024471,Checkers,0,GAME_OVER,82,81,2,284,OSLA,MCTS_CheckersHeuristic
-334882036,Checkers,0,GAME_OVER,51,50,2,285,OSLA,MCTS_CheckersHeuristic
-1680102429,Checkers,0,GAME_OVER,69,68,2,286,OSLA,MCTS_CheckersHeuristic
-797343118,Checkers,0,GAME_OVER,103,102,2,287,OSLA,MCTS_CheckersHeuristic
-118743561,Checkers,0,GAME_OVER,62,61,2,288,OSLA,MCTS_CheckersHeuristic
79121465,Checkers,0,GAME_OVER,48,47,2,289,OSLA,MCTS_CheckersHeuristic
-1235468291,Checkers,0,GAME_OVER,45,44,2,290,OSLA,MCTS_CheckersHeuristic
-1723409504,Checkers,0,GAME_OVER,52,51,2,291,OSLA,MCTS_CheckersHeuristic
-570868689,Checkers,0,GAME_OVER,63,62,2,292,OSLA,MCTS_CheckersHeuristic
1880128317,Checkers,0,GAME_OVER,73,72,2,293,OSLA,MCTS_CheckersHeuristic
-1122489311,Checkers,0,GAME_OVER,57,56,2,294,OSLA,MCTS_CheckersHeuristic
1190946021,Checkers,0,GAME_OVER,75,74,2,295,OSLA,MCTS_CheckersHeuristic
-822725034,Checkers,0,GAME_OVER,62,61,2,296,OSLA,MCTS_CheckersHeuristic
1589889086,Checkers,0,GAME_OVER,102,101,2,297,OSLA,MCTS_CheckersHeuristic
1908980975,Checkers,0,GAME_OVER,62,61,2,298,OSLA,MCTS_CheckersHeuristic
398089107,Checkers,0,GAME_OVER,59,58,2,299,OSLA,MCTS_CheckersHeuristic
-116443570,Checkers,0,GAME_OVER,56,55,2,300,OSLA,MCTS_CheckersHeuristic
-506527316,Checkers,0,GAME_OVER,70,69,2,301,OSLA,MCTS_CheckersHeuristic
1641510621,Checkers,0,GAME_OVER,98,97,2,302,OSLA,MCTS_CheckersHeuristic
-623492940,Checkers,0,GAME_OVER,66,65,2,303,OSLA,MCTS_CheckersHeuristic
-1942115493,Checkers,0,GAME_OVER,52,51,2,304,OSLA,MCTS_CheckersHeuristic
1411774833,Checkers,0,GAME_OVER,52,51,2,305,OSLA,MCTS_CheckersHeuristic
-156428965,Checkers,0,GAME_OVER,58,57,2,306,OSLA,MCTS_CheckersHeuristic
1223152478,Checkers,0,GAME_OVER,180,179,2,307,OSLA,MCTS_CheckersHeuristic
2133219298,Checkers,0,GAME_OVER,52,51,2,308,OSLA,MCTS_CheckersHeuristic
-380864154,Checkers,0,GAME_OVER,58,57,2,309,OSLA,MCTS_CheckersHeuristic
1909381176,Checkers,0,GAME_OVER,44,43,2,310,OSLA,MCTS_CheckersHeuristic
-1074078645,Checkers,0,GAME_OVER,99,98,2,311,OSLA,MCTS_CheckersHeuristic
1906571122,Checkers,0,GAME_OVER,47,46,2,312,OSLA,MCTS_CheckersHeuristic
926321416,Checkers,0,GAME_OVER,67,66,2,313,OSLA,MCTS_CheckersHeuristic
1404617540,Checkers,0,GAME_OVER,77,76,2,314,OSLA,MCTS_CheckersHeuristic
114925225,Checkers,0,GAME_OVER,63,62,2,315,OSLA,MCTS_CheckersHeuristic
-1874345720,Checkers,0,GAME_OVER,75,74,2,316,OSLA,MCTS_CheckersHeuristic
-1749481877,Checkers,0,GAME_OVER,53,52,2,317,OSLA,MCTS_CheckersHeuristic
1512682549,Checkers,0,GAME_OVER,55,54,2,318,OSLA,MCTS_CheckersHeuristic
-716373459,Checkers,0,GAME_OVER,64,63,2,319,OSLA,MCTS_CheckersHeuristic
1609124238,Checkers,0,GAME_OVER,45,44,2,320,OSLA,MCTS_CheckersHeuristic
1677696110,Checkers,0,GAME_OVER,50,49,2,321,OSLA,MCTS_CheckersHeuristic
1585476302,Checkers,0,GAME_OVER,46,45,2,322,OSLA,MCTS_CheckersHeuristic
929876589,Checkers,0,GAME_OVER,61,60,2,323,OSLA,MCTS_CheckersHeuristic
-235697499,Checkers,0,GAME_OVER,48,47,2,324,OSLA,MCTS_CheckersHeuristic
-1575170001,Checkers,0,GAME_OVER,76,75,2,325,OSLA,MCTS_CheckersHeuristic
622272317,Checkers,0,GAME_OVER,66,65,2,326,OSLA,MCTS_CheckersHeuristic
2028695407,Checkers,0,GAME_OVER,80,79,2,327,OSLA,MCTS_CheckersHeuristic
951390628,Checkers,0,GAME_OVER,102,101,2,328,OSLA,MCTS_CheckersHeuristic
-988048447,Checkers,0,GAME_OVER,81,80,2,329,OSLA,MCTS_CheckersHeuristic
-2055429436,Checkers,0,GAME_OVER,54,53,2,330,OSLA,MCTS_CheckersHeuristic
-269587588,Checkers,0,GAME_OVER,59,58,2,331,OSLA,MCTS_CheckersHeuristic
1389730527,Checkers,0,GAME_OVER,50,49,2,332,OSLA,MCTS_CheckersHeuristic
-1841202148,Checkers,0,GAME_OVER,53,52,2,333,OSLA,MCTS_CheckersHeuristic
-12450148,Checkers,0,GAME_OVER,53,52,2,334,OSLA,MCTS_CheckersHeuristic
-1497558470,Checkers,0,GAME_OVER,61,60,2,335,OSLA,MCTS_CheckersHeuristic
2121506091,Checkers,0,GAME_OVER,47,46,2,336,OSLA,MCTS_CheckersHeuristic
1168883797,Checkers,0,GAME_OVER,58,57,2,337,OSLA,MCTS_CheckersHeuristic
-1173629675,Checkers,0,GAME_OVER,53,52,2,338,OSLA,MCTS_CheckersHeuristic
-979548935,Checkers,0,GAME_OVER,55,54,2,339,OSLA,MCTS_CheckersHeuristic
-1953461855,Checkers,0,GAME_OVER,76,75,2,340,OSLA,MCTS_CheckersHeuristic
1281390606,Checkers,0,GAME_OVER,163,162,2,341,OSLA,MCTS_CheckersHeuristic
1744169217,Checkers,0,GAME_OVER,103,102,2,342,OSLA,MCTS_CheckersHeuristic
-1948870580,Checkers,0,GAME_OVER,89,88,2,343,OSLA,MCTS_CheckersHeuristic
-1298480222,Checkers,0,GAME_OVER,58,57,2,344,OSLA,MCTS_CheckersHeuristic
-1383019217,Checkers,0,GAME_OVER,59,58,2,345,OSLA,MCTS_CheckersHeuristic
2035961683,Checkers,0,GAME_OVER,58,57,2,346,OSLA,MCTS_CheckersHeuristic
1162460892,Checkers,0,GAME_OVER,59,58,2,347,OSLA,MCTS_CheckersHeuristic
-2091870948,Checkers,0,GAME_OVER,46,45,2,348,OSLA,MCTS_CheckersHeuristic
-815786795,Checkers,0,GAME_OVER,54,53,2,349,OSLA,MCTS_CheckersHeuristic
1592925954,Checkers,0,GAME_OVER,47,46,2,350,OSLA,MCTS_CheckersHeuristic
-1298969224,Checkers,0,GAME_OVER,71,70,2,351,OSLA,MCTS_CheckersHeuristic
-1842896118,Checkers,0,GAME_OVER,68,67,2,352,OSLA,MCTS_CheckersHeuristic
542049162,Checkers,0,GAME_OVER,51,50,2,353,OSLA,MCTS_CheckersHeuristic
894528306,Checkers,0,GAME_OVER,51,50,2,354,OSLA,MCTS_CheckersHeuristic
-644993937,Checkers,0,GAME_OVER,50,49,2,355,OSLA,MCTS_CheckersHeuristic
-1021794751,Checkers,0,GAME_OVER,43,42,2,356,OSLA,MCTS_CheckersHeuristic
1151955127,Checkers,0,GAME_OVER,86,85,2,357,OSLA,MCTS_CheckersHeuristic
-2127711338,Checkers,0,GAME_OVER,135,134,2,358,OSLA,MCTS_CheckersHeuristic
-864335327,Checkers,0,GAME_OVER,101,100,2,359,OSLA,MCTS_CheckersHeuristic
-1201181592,Checkers,0,GAME_OVER,73,72,2,360,OSLA,MCTS_CheckersHeuristic
1514691926,Checkers,0,GAME_OVER,49,48,2,361,OSLA,MCTS_CheckersHeuristic
-1594853617,Checkers,0,GAME_OVER,50,49,2,362,OSLA,MCTS_CheckersHeuristic
475620051,Checkers,0,GAME_OVER,64,63,2,363,OSLA,MCTS_CheckersHeuristic
1861969223,Checkers,0,GAME_OVER,48,47,2,364,OSLA,MCTS_CheckersHeuristic
1273049579,Checkers,0,GAME_OVER,49,48,2,365,OSLA,MCTS_CheckersHeuristic
739101849,Checkers,0,GAME_OVER,51,50,2,366,OSLA,MCTS_CheckersHeuristic
-397348413,Checkers,0,GAME_OVER,96,95,2,367,OSLA,MCTS_CheckersHeuristic
1616724037,Checkers,0,GAME_OVER,59,58,2,368,OSLA,MCTS_CheckersHeuristic
-751409228,Checkers,0,GAME_OVER,61,60,2,369,OSLA,MCTS_CheckersHeuristic
-1380899225,Checkers,0,GAME_OVER,52,51,2,370,OSLA,MCTS_CheckersHeuristic
-1379557508,Checkers,0,GAME_OVER,57,56,2,371,OSLA,MCTS_CheckersHeuristic
1353866795,Checkers,0,GAME_OVER,58,57,2,372,OSLA,MCTS_CheckersHeuristic
-301133538,Checkers,0,GAME_OVER,141,140,2,373,OSLA,MCTS_CheckersHeuristic
1825612619,Checkers,0,GAME_OVER,63,62,2,374,OSLA,MCTS_CheckersHeuristic
-1814052501,Checkers,0,GAME_OVER,51,50,2,375,OSLA,MCTS_CheckersHeuristic
-178840786,Checkers,0,GAME_OVER,43,42,2,376,OSLA,MCTS_CheckersHeuristic
537785723,Checkers,0,GAME_OVER,47,46,2,377,OSLA,MCTS_CheckersHeuristic
1507431003,Checkers,0,GAME_OVER,102,101,2,378,OSLA,MCTS_CheckersHeuristic
796245681,Checkers,0,GAME_OVER,53,52,2,379,OSLA,MCTS_CheckersHeuristic
-616221397,Checkers,0,GAME_OVER,59,58,2,380,OSLA,MCTS_CheckersHeuristic
-890227726,Checkers,0,GAME_OVER,94,93,2,381,OSLA,MCTS_CheckersHeuristic
-1204876079,Checkers,0,GAME_OVER,44,43,2,382,OSLA,MCTS_CheckersHeuristic
40267321,Checkers,0,GAME_OVER,55,54,2,383,OSLA,MCTS_CheckersHeuristic
-477900236,Checkers,0,GAME_OVER,88,87,2,384,OSLA,MCTS_CheckersHeuristic
1236705718,Checkers,0,GAME_OVER,73,72,2,385,OSLA,MCTS_CheckersHeuristic
-908211661,Checkers,0,GAME_OVER,66,65,2,386,OSLA,MCTS_CheckersHeuristic
-252526067,Checkers,0,GAME_OVER,46,45,2,387,OSLA,MCTS_CheckersHeuristic
-1816990902,Checkers,0,GAME_OVER,33,32,2,388,OSLA,MCTS_CheckersHeuristic
-492284037,Checkers,0,GAME_OVER,90,89,2,389,OSLA,MCTS_CheckersHeuristic
611750579,Checkers,0,GAME_OVER,53,52,2,390,OSLA,MCTS_CheckersHeuristic
-776580123,Checkers,0,GAME_OVER,70,69,2,391,OSLA,MCTS_CheckersHeuristic
-1583603860,Checkers,0,GAME_OVER,55,54,2,392,OSLA,MCTS_CheckersHeuristic
1363157540,Checkers,0,GAME_OVER,73,72,2,393,OSLA,MCTS_CheckersHeuristic
-1993149481,Checkers,0,GAME_OVER,59,58,2,394,OSLA,MCTS_CheckersHeuristic
784574209,Checkers,0,GAME_OVER,69,68,2,395,OSLA,MCTS_CheckersHeuristic
382677712,Checkers,0,GAME_OVER,128,127,2,396,OSLA,MCTS_CheckersHeuristic
-724186432,Checkers,0,GAME_OVER,57,56,2,397,OSLA,MCTS_CheckersHeuristic
647895900,Checkers,0,GAME_OVER,181,180,2,398,OSLA,MCTS_CheckersHeuristic
1902261048,Checkers,0,GAME_OVER,55,54,2,399,OSLA,MCTS_CheckersHeuristic
1022410351,Checkers,0,GAME_OVER,48,47,2,400,OSLA,MCTS_CheckersHeuristic
-981505609,Checkers,0,GAME_OVER,67,66,2,401,OSLA,MCTS_CheckersHeuristic
-1210320415,Checkers,0,GAME_OVER,47,46,2,402,RandomPlayerConfig,MCTS_CheckersHeuristic
-1139274145,Checkers,0,GAME_OVER,39,38,2,403,RandomPlayerConfig,MCTS_CheckersHeuristic
-548388131,Checkers,0,GAME_OVER,44,43,2,404,RandomPlayerConfig,MCTS_CheckersHeuristic
427996678,Checkers,0,GAME_OVER,44,43,2,405,RandomPlayerConfig,MCTS_CheckersHeuristic
1464741833,Checkers,0,GAME_OVER,40,39,2,406,RandomPlayerConfig,MCTS_CheckersHeuristic
-118749914,Checkers,0,GAME_OVER,49,48,2,407,RandomPlayerConfig,MCTS_CheckersHeuristic
-205383728,Checkers,0,GAME_OVER,44,43,2,408,RandomPlayerConfig,MCTS_CheckersHeuristic
-1129042402,Checkers,0,GAME_OVER,46,45,2,409,RandomPlayerConfig,MCTS_CheckersHeuristic
1522064747,Checkers,0,GAME_OVER,48,47,2,410,RandomPlayerConfig,MCTS_CheckersHeuristic
-1238878224,Checkers,0,GAME_OVER,40,39,2,411,RandomPlayerConfig,MCTS_CheckersHeuristic
924786831,Checkers,0,GAME_OVER,45,44,2,412,RandomPlayerConfig,MCTS_CheckersHeuristic
539908436,Checkers,0,GAME_OVER,45,44,2,413,RandomPlayerConfig,MCTS_CheckersHeuristic
-522295409,Checkers,0,GAME_OVER,42,41,2,414,RandomPlayerConfig,MCTS_CheckersHeuristic
1452394984,Checkers,0,GAME_OVER,38,37,2,415,RandomPlayerConfig,MCTS_CheckersHeuristic
277350197,Checkers,0,GAME_OVER,42,41,2,416,RandomPlayerConfig,MCTS_CheckersHeuristic
439602663,Checkers,0,GAME_OVER,46,45,2,417,RandomPlayerConfig,MCTS_CheckersHeuristic
1559956640,Checkers,0,GAME_OVER,42,41,2,418,RandomPlayerConfig,MCTS_CheckersHeuristic
1131040206,Checkers,0,GAME_OVER,43,42,2,419,RandomPlayerConfig,MCTS_CheckersHeuristic
24121318,Checkers,0,GAME_OVER,39,38,2,420,RandomPlayerConfig,MCTS_CheckersHeuristic
-815482163,Checkers,0,GAME_OVER,47,46,2,421,RandomPlayerConfig,MCTS_CheckersHeuristic
-1446464370,Checkers,0,GAME_OVER,40,39,2,422,RandomPlayerConfig,MCTS_CheckersHeuristic
-804904439,Checkers,0,GAME_OVER,45,44,2,423,RandomPlayerConfig,MCTS_CheckersHeuristic
-573815463,Checkers,0,GAME_OVER,48,47,2,424,RandomPlayerConfig,MCTS_CheckersHeuristic
-2105314328,Checkers,0,GAME_OVER,50,49,2,425,RandomPlayerConfig,MCTS_CheckersHeuristic
1846893301,Checkers,0,GAME_OVER,41,40,2,426,RandomPlayerConfig,MCTS_CheckersHeuristic
1113848322,Checkers,0,GAME_OVER,48,47,2,427,RandomPlayerConfig,MCTS_CheckersHeuristic
191523222,Checkers,0,GAME_OVER,35,34,2,428,RandomPlayerConfig,MCTS_CheckersHeuristic
-1787228809,Checkers,0,GAME_OVER,36,35,2,429,RandomPlayerConfig,MCTS_CheckersHeuristic
-1772914818,Checkers,0,GAME_OVER,39,38,2,430,RandomPlayerConfig,MCTS_CheckersHeuristic
1201875119,Checkers,0,GAME_OVER,39,38,2,431,RandomPlayerConfig,MCTS_CheckersHeuristic
2009050880,Checkers,0,GAME_OVER,47,46,2,432,RandomPlayerConfig,MCTS_CheckersHeuristic
-196887858,Checkers,0,GAME_OVER,47,46,2,433,RandomPlayerConfig,MCTS_CheckersHeuristic
1797130373,Checkers,0,GAME_OVER,35,34,2,434,RandomPlayerConfig,MCTS_CheckersHeuristic
855343213,Checkers,0,GAME_OVER,52,51,2,435,RandomPlayerConfig,MCTS_CheckersHeuristic
1241218454,Checkers,0,GAME_OVER,43,42,2,436,RandomPlayerConfig,MCTS_CheckersHeuristic
-1763711927,Checkers,0,GAME_OVER,32,31,2,437,RandomPlayerConfig,MCTS_CheckersHeuristic
538977276,Checkers,0,GAME_OVER,34,33,2,438,RandomPlayerConfig,MCTS_CheckersHeuristic
749919250,Checkers,0,GAME_OVER,46,45,2,439,RandomPlayerConfig,MCTS_CheckersHeuristic
824887413,Checkers,0,GAME_OVER,44,43,2,440,RandomPlayerConfig,MCTS_CheckersHeuristic
-757585794,Checkers,0,GAME_OVER,47,46,2,441,RandomPlayerConfig,MCTS_CheckersHeuristic
594162318,Checkers,0,GAME_OVER,47,46,2,442,RandomPlayerConfig,MCTS_CheckersHeuristic
1236903234,Checkers,0,GAME_OVER,36,35,2,443,RandomPlayerConfig,MCTS_CheckersHeuristic
-1073956960,Checkers,0,GAME_OVER,41,40,2,444,RandomPlayerConfig,MCTS_CheckersHeuristic
-1757954895,Checkers,0,GAME_OVER,41,40,2,445,RandomPlayerConfig,MCTS_CheckersHeuristic
-381863673,Checkers,0,GAME_OVER,44,43,2,446,RandomPlayerConfig,MCTS_CheckersHeuristic
1431890945,Checkers,0,GAME_OVER,45,44,2,447,RandomPlayerConfig,MCTS_CheckersHeuristic
-914249212,Checkers,0,GAME_OVER,45,44,2,448,RandomPlayerConfig,MCTS_CheckersHeuristic
-648159092,Checkers,0,GAME_OVER,37,36,2,449,RandomPlayerConfig,MCTS_CheckersHeuristic
-34155534,Checkers,0,GAME_OVER,42,41,2,450,RandomPlayerConfig,MCTS_CheckersHeuristic
-1443765366,Checkers,0,GAME_OVER,35,34,2,451,RandomPlayerConfig,MCTS_CheckersHeuristic
-1605774411,Checkers,0,GAME_OVER,45,44,2,452,RandomPlayerConfig,MCTS_CheckersHeuristic
-706193137,Checkers,0,GAME_OVER,39,38,2,453,RandomPlayerConfig,MCTS_CheckersHeuristic
1162791299,Checkers,0,GAME_OVER,51,50,2,454,RandomPlayerConfig,MCTS_CheckersHeuristic
-1518872482,Checkers,0,GAME_OVER,40,39,2,455,RandomPlayerConfig,MCTS_CheckersHeuristic
1943600253,Checkers,0,GAME_OVER,48,47,2,456,RandomPlayerConfig,MCTS_CheckersHeuristic
-237623611,Checkers,0,GAME_OVER,48,47,2,457,RandomPlayerConfig,MCTS_CheckersHeuristic
364991927,Checkers,0,GAME_OVER,46,45,2,458,RandomPlayerConfig,MCTS_CheckersHeuristic
1061876639,Checkers,0,GAME_OVER,46,45,2,459,RandomPlayerConfig,MCTS_CheckersHeuristic
-1816583528,Checkers,0,GAME_OVER,63,62,2,460,RandomPlayerConfig,MCTS_CheckersHeuristic
207809336,Checkers,0,GAME_OVER,45,44,2,461,RandomPlayerConfig,MCTS_CheckersHeuristic
1326421177,Checkers,0,GAME_OVER,40,39,2,462,RandomPlayerConfig,MCTS_CheckersHeuristic
-928292963,Checkers,0,GAME_OVER,46,45,2,463,RandomPlayerConfig,MCTS_CheckersHeuristic
-473037384,Checkers,0,GAME_OVER,35,34,2,464,RandomPlayerConfig,MCTS_CheckersHeuristic
-1255231066,Checkers,0,GAME_OVER,34,33,2,465,RandomPlayerConfig,MCTS_CheckersHeuristic
1165078408,Checkers,0,GAME_OVER,44,43,2,466,RandomPlayerConfig,MCTS_CheckersHeuristic
-2073976399,Checkers,0,GAME_OVER,63,62,2,467,RandomPlayerConfig,MCTS_CheckersHeuristic
1462230606,Checkers,0,GAME_OVER,43,42,2,468,RandomPlayerConfig,MCTS_CheckersHeuristic
-1286795533,Checkers,0,GAME_OVER,41,40,2,469,RandomPlayerConfig,MCTS_CheckersHeuristic
-424890667,Checkers,0,GAME_OVER,40,39,2,470,RandomPlayerConfig,MCTS_CheckersHeuristic
783433033,Checkers,0,GAME_OVER,54,53,2,471,RandomPlayerConfig,MCTS_CheckersHeuristic
1706280203,Checkers,0,GAME_OVER,41,40,2,472,RandomPlayerConfig,MCTS_CheckersHeuristic
-2079208222,Checkers,0,GAME_OVER,36,35,2,473,RandomPlayerConfig,MCTS_CheckersHeuristic
-2064115663,Checkers,0,GAME_OVER,50,49,2,474,RandomPlayerConfig,MCTS_CheckersHeuristic
-1048579004,Checkers,0,GAME_OVER,42,41,2,475,RandomPlayerConfig,MCTS_CheckersHeuristic
2047643300,Checkers,0,GAME_OVER,39,38,2,476,RandomPlayerConfig,MCTS_CheckersHeuristic
1394644095,Checkers,0,GAME_OVER,34,33,2,477,RandomPlayerConfig,MCTS_CheckersHeuristic
1136507239,Checkers,0,GAME_OVER,45,44,2,478,RandomPlayerConfig,MCTS_CheckersHeuristic
1256274048,Checkers,0,GAME_OVER,39,38,2,479,RandomPlayerConfig,MCTS_CheckersHeuristic
-1617485867,Checkers,0,GAME_OVER,38,37,2,480,RandomPlayerConfig,MCTS_CheckersHeuristic
2074627039,Checkers,0,GAME_OVER,41,40,2,481,RandomPlayerConfig,MCTS_CheckersHeuristic
-301971930,Checkers,0,GAME_OVER,38,37,2,482,RandomPlayerConfig,MCTS_CheckersHeuristic
-207445328,Checkers,0,GAME_OVER,51,50,2,483,RandomPlayerConfig,MCTS_CheckersHeuristic
-499024471,Checkers,0,GAME_OVER,42,41,2,484,RandomPlayerConfig,MCTS_CheckersHeuristic
-334882036,Checkers,0,GAME_OVER,40,39,2,485,RandomPlayerConfig,MCTS_CheckersHeuristic
-1680102429,Checkers,0,GAME_OVER,50,49,2,486,RandomPlayerConfig,MCTS_CheckersHeuristic
-797343118,Checkers,0,GAME_OVER,38,37,2,487,RandomPlayerConfig,MCTS_CheckersHeuristic
-118743561,Checkers,0,GAME_OVER,51,50,2,488,RandomPlayerConfig,MCTS_CheckersHeuristic
79121465,Checkers,0,GAME_OVER,38,37,2,489,RandomPlayerConfig,MCTS_CheckersHeuristic
-1235468291,Checkers,0,GAME_OVER,46,45,2,490,RandomPlayerConfig,MCTS_CheckersHeuristic
-1723409504,Checkers,0,GAME_OVER,40,39,2,491,RandomPlayerConfig,MCTS_CheckersHeuristic
-570868689,Checkers,0,GAME_OVER,47,46,2,492,RandomPlayerConfig,MCTS_CheckersHeuristic
1880128317,Checkers,0,GAME_OVER,34,33,2,493,RandomPlayerConfig,MCTS_CheckersHeuristic
-1122489311,Checkers,0,GAME_OVER,39,38,2,494,RandomPlayerConfig,MCTS_CheckersHeuristic
1190946021,Checkers,0,GAME_OVER,45,44,2,495,RandomPlayerConfig,MCTS_CheckersHeuristic
-822725034,Checkers,0,GAME_OVER,29,28,2,496,RandomPlayerConfig,MCTS_CheckersHeuristic
1589889086,Checkers,0,GAME_OVER,45,44,2,497,RandomPlayerConfig,MCTS_CheckersHeuristic
1908980975,Checkers,0,GAME_OVER,40,39,2,498,RandomPlayerConfig,MCTS_CheckersHeuristic
398089107,Checkers,0,GAME_OVER,51,50,2,499,RandomPlayerConfig,MCTS_CheckersHeuristic
-116443570,Checkers,0,GAME_OVER,40,39,2,500,RandomPlayerConfig,MCTS_CheckersHeuristic
-506527316,Checkers,0,GAME_OVER,41,40,2,501,RandomPlayerConfig,MCTS_CheckersHeuristic
1641510621,Checkers,0,GAME_OVER,43,42,2,502,RandomPlayerConfig,MCTS_CheckersHeuristic
-623492940,Checkers,0,GAME_OVER,42,41,2,503,RandomPlayerConfig,MCTS_CheckersHeuristic
-1942115493,Checkers,0,GAME_OVER,55,54,2,504,RandomPlayerConfig,MCTS_CheckersHeuristic
1411774833,Checkers,0,GAME_OVER,41,40,2,505,RandomPlayerConfig,MCTS_CheckersHeuristic
-156428965,Checkers,0,GAME_OVER,48,47,2,506,RandomPlayerConfig,MCTS_CheckersHeuristic
1223152478,Checkers,0,GAME_OVER,31,30,2,507,RandomPlayerConfig,MCTS_CheckersHeuristic
2133219298,Checkers,0,GAME_OVER,48,47,2,508,RandomPlayerConfig,MCTS_CheckersHeuristic
-380864154,Checkers,0,GAME_OVER,44,43,2,509,RandomPlayerConfig,MCTS_CheckersHeuristic
1909381176,Checkers,0,GAME_OVER,37,36,2,510,RandomPlayerConfig,MCTS_CheckersHeuristic
-1074078645,Checkers,0,GAME_OVER,43,42,2,511,RandomPlayerConfig,MCTS_CheckersHeuristic
1906571122,Checkers,0,GAME_OVER,35,34,2,512,RandomPlayerConfig,MCTS_CheckersHeuristic
926321416,Checkers,0,GAME_OVER,40,39,2,513,RandomPlayerConfig,MCTS_CheckersHeuristic
1404617540,Checkers,0,GAME_OVER,39,38,2,514,RandomPlayerConfig,MCTS_CheckersHeuristic
114925225,Checkers,0,GAME_OVER,42,41,2,515,RandomPlayerConfig,MCTS_CheckersHeuristic
-1874345720,Checkers,0,GAME_OVER,40,39,2,516,RandomPlayerConfig,MCTS_CheckersHeuristic
-1749481877,Checkers,0,GAME_OVER,39,38,2,517,RandomPlayerConfig,MCTS_CheckersHeuristic
1512682549,Checkers,0,GAME_OVER,47,46,2,518,RandomPlayerConfig,MCTS_CheckersHeuristic
-716373459,Checkers,0,GAME_OVER,43,42,2,519,RandomPlayerConfig,MCTS_CheckersHeuristic
1609124238,Checkers,0,GAME_OVER,40,39,2,520,RandomPlayerConfig,MCTS_CheckersHeuristic
1677696110,Checkers,0,GAME_OVER,45,44,2,521,RandomPlayerConfig,MCTS_CheckersHeuristic
1585476302,Checkers,0,GAME_OVER,39,38,2,522,RandomPlayerConfig,MCTS_CheckersHeuristic
929876589,Checkers,0,GAME_OVER,40,39,2,523,RandomPlayerConfig,MCTS_CheckersHeuristic
-235697499,Checkers,0,GAME_OVER,42,41,2,524,RandomPlayerConfig,MCTS_CheckersHeuristic
-1575170001,Checkers,0,GAME_OVER,36,35,2,525,RandomPlayerConfig,MCTS_CheckersHeuristic
622272317,Checkers,0,GAME_OVER,44,43,2,526,RandomPlayerConfig,MCTS_CheckersHeuristic
2028695407,Checkers,0,GAME_OVER,42,41,2,527,RandomPlayerConfig,MCTS_CheckersHeuristic
951390628,Checkers,0,GAME_OVER,38,37,2,528,RandomPlayerConfig,MCTS_CheckersHeuristic
-988048447,Checkers,0,GAME_OVER,38,37,2,529,RandomPlayerConfig,MCTS_CheckersHeuristic
-2055429436,Checkers,0,GAME_OVER,46,45,2,530,RandomPlayerConfig,MCTS_CheckersHeuristic
-269587588,Checkers,0,GAME_OVER,46,45,2,531,RandomPlayerConfig,MCTS_CheckersHeuristic
1389730527,Checkers,0,GAME_OVER,40,39,2,532,RandomPlayerConfig,MCTS_CheckersHeuristic
-1841202148,Checkers,0,GAME_OVER,46,45,2,533,RandomPlayerConfig,MCTS_CheckersHeuristic
-12450148,Checkers,0,GAME_OVER,46,45,2,534,RandomPlayerConfig,MCTS_CheckersHeuristic
-1497558470,Checkers,0,GAME_OVER,50,49,2,535,RandomPlayerConfig,MCTS_CheckersHeuristic
2121506091,Checkers,0,GAME_OVER,40,39,2,536,RandomPlayerConfig,MCTS_CheckersHeuristic
1168883797,Checkers,0,GAME_OVER,44,43,2,537,RandomPlayerConfig,MCTS_CheckersHeuristic
-1173629675,Checkers,0,GAME_OVER,44,43,2,538,RandomPlayerConfig,MCTS_CheckersHeuristic
-979548935,Checkers,0,GAME_OVER,56,55,2,539,RandomPlayerConfig,MCTS_CheckersHeuristic
-1953461855,Checkers,0,GAME_OVER,39,38,2,540,RandomPlayerConfig,MCTS_CheckersHeuristic
1281390606,Checkers,0,GAME_OVER,43,42,2,541,RandomPlayerConfig,MCTS_CheckersHeuristic
1744169217,Checkers,0,GAME_OVER,43,42,2,542,RandomPlayerConfig,MCTS_CheckersHeuristic
-1948870580,Checkers,0,GAME_OVER,50,49,2,543,RandomPlayerConfig,MCTS_CheckersHeuristic
-1298480222,Checkers,0,GAME_OVER,48,47,2,544,RandomPlayerConfig,MCTS_CheckersHeuristic
-1383019217,Checkers,0,GAME_OVER,47,46,2,545,RandomPlayerConfig,MCTS_CheckersHeuristic
2035961683,Checkers,0,GAME_OVER,53,52,2,546,RandomPlayerConfig,MCTS_CheckersHeuristic
1162460892,Checkers,0,GAME_OVER,35,34,2,547,RandomPlayerConfig,MCTS_CheckersHeuristic
-2091870948,Checkers,0,GAME_OVER,46,45,2,548,RandomPlayerConfig,MCTS_CheckersHeuristic
-815786795,Checkers,0,GAME_OVER,33,32,2,549,RandomPlayerConfig,MCTS_CheckersHeuristic
1592925954,Checkers,0,GAME_OVER,47,46,2,550,RandomPlayerConfig,MCTS_CheckersHeuristic
-1298969224,Checkers,0,GAME_OVER,54,53,2,551,RandomPlayerConfig,MCTS_CheckersHeuristic
-1842896118,Checkers,0,GAME_OVER,42,41,2,552,RandomPlayerConfig,MCTS_CheckersHeuristic
542049162,Checkers,0,GAME_OVER,43,42,2,553,RandomPlayerConfig,MCTS_CheckersHeuristic
894528306,Checkers,0,GAME_OVER,34,33,2,554,RandomPlayerConfig,MCTS_CheckersHeuristic
-644993937,Checkers,0,GAME_OVER,40,39,2,555,RandomPlayerConfig,MCTS_CheckersHeuristic
-1021794751,Checkers,0,GAME_OVER,43,42,2,556,RandomPlayerConfig,MCTS_CheckersHeuristic
1151955127,Checkers,0,GAME_OVER,39,38,2,557,RandomPlayerConfig,MCTS_CheckersHeuristic
-2127711338,Checkers,0,GAME_OVER,40,39,2,558,RandomPlayerConfig,MCTS_CheckersHeuristic
-864335327,Checkers,0,GAME_OVER,44,43,2,559,RandomPlayerConfig,MCTS_CheckersHeuristic
-1201181592,Checkers,0,GAME_OVER,44,43,2,560,RandomPlayerConfig,MCTS_CheckersHeuristic
1514691926,Checkers,0,GAME_OVER,41,40,2,561,RandomPlayerConfig,MCTS_CheckersHeuristic
-1594853617,Checkers,0,GAME_OVER,42,41,2,562,RandomPlayerConfig,MCTS_CheckersHeuristic
475620051,Checkers,0,GAME_OVER,43,42,2,563,RandomPlayerConfig,MCTS_CheckersHeuristic
1861969223,Checkers,0,GAME_OVER,37,36,2,564,RandomPlayerConfig,MCTS_CheckersHeuristic
1273049579,Checkers,0,GAME_OVER,42,41,2,565,RandomPlayerConfig,MCTS_CheckersHeuristic
739101849,Checkers,0,GAME_OVER,38,37,2,566,RandomPlayerConfig,MCTS_CheckersHeuristic
-397348413,Checkers,0,GAME_OVER,53,52,2,567,RandomPlayerConfig,MCTS_CheckersHeuristic
1616724037,Checkers,0,GAME_OVER,39,38,2,568,RandomPlayerConfig,MCTS_CheckersHeuristic
-751409228,Checkers,0,GAME_OVER,41,40,2,569,RandomPlayerConfig,MCTS_CheckersHeuristic
-1380899225,Checkers,0,GAME_OVER,45,44,2,570,RandomPlayerConfig,MCTS_CheckersHeuristic
-1379557508,Checkers,0,GAME_OVER,47,46,2,571,RandomPlayerConfig,MCTS_CheckersHeuristic
1353866795,Checkers,0,GAME_OVER,44,43,2,572,RandomPlayerConfig,MCTS_CheckersHeuristic
-301133538,Checkers,0,GAME_OVER,36,35,2,573,RandomPlayerConfig,MCTS_CheckersHeuristic
1825612619,Checkers,0,GAME_OVER,50,49,2,574,RandomPlayerConfig,MCTS_CheckersHeuristic
-1814052501,Checkers,0,GAME_OVER,47,46,2,575,RandomPlayerConfig,MCTS_CheckersHeuristic
-178840786,Checkers,0,GAME_OVER,43,42,2,576,RandomPlayerConfig,MCTS_CheckersHeuristic
537785723,Checkers,0,GAME_OVER,45,44,2,577,RandomPlayerConfig,MCTS_CheckersHeuristic
1507431003,Checkers,0,GAME_OVER,38,37,2,578,RandomPlayerConfig,MCTS_CheckersHeuristic
796245681,Checkers,0,GAME_OVER,48,47,2,579,RandomPlayerConfig,MCTS_CheckersHeuristic
-616221397,Checkers,0,GAME_OVER,44,43,2,580,RandomPlayerConfig,MCTS_CheckersHeuristic
-890227726,Checkers,0,GAME_OVER,38,37,2,581,RandomPlayerConfig,MCTS_CheckersHeuristic
-1204876079,Checkers,0,GAME_OVER,27,26,2,582,RandomPlayerConfig,MCTS_CheckersHeuristic
40267321,Checkers,0,GAME_OVER,44,43,2,583,RandomPlayerConfig,MCTS_CheckersHeuristic
-477900236,Checkers,0,GAME_OVER,40,39,2,584,RandomPlayerConfig,MCTS_CheckersHeuristic
1236705718,Checkers,0,GAME_OVER,38,37,2,585,RandomPlayerConfig,MCTS_CheckersHeuristic
-908211661,Checkers,0,GAME_OVER,51,50,2,586,RandomPlayerConfig,MCTS_CheckersHeuristic
-252526067,Checkers,0,GAME_OVER,46,45,2,587,RandomPlayerConfig,MCTS_CheckersHeuristic
-1816990902,Checkers,0,GAME_OVER,42,41,2,588,RandomPlayerConfig,MCTS_CheckersHeuristic
-492284037,Checkers,0,GAME_OVER,48,47,2,589,RandomPlayerConfig,MCTS_CheckersHeuristic
611750579,Checkers,0,GAME_OVER,49,48,2,590,RandomPlayerConfig,MCTS_CheckersHeuristic
-776580123,Checkers,0,GAME_OVER,42,41,2,591,RandomPlayerConfig,MCTS_CheckersHeuristic
-1583603860,Checkers,0,GAME_OVER,44,43,2,592,RandomPlayerConfig,MCTS_CheckersHeuristic
1363157540,Checkers,0,GAME_OVER,46,45,2,593,RandomPlayerConfig,MCTS_CheckersHeuristic
-1993149481,Checkers,0,GAME_OVER,39,38,2,594,RandomPlayerConfig,MCTS_CheckersHeuristic
784574209,Checkers,0,GAME_OVER,53,52,2,595,RandomPlayerConfig,MCTS_CheckersHeuristic
382677712,Checkers,0,GAME_OVER,45,44,2,596,RandomPlayerConfig,MCTS_CheckersHeuristic
-724186432,Checkers,0,GAME_OVER,51,50,2,597,RandomPlayerConfig,MCTS_CheckersHeuristic
647895900,Checkers,0,GAME_OVER,44,43,2,598,RandomPlayerConfig,MCTS_CheckersHeuristic
1902261048,Checkers,0,GAME_OVER,47,46,2,599,RandomPlayerConfig,MCTS_CheckersHeuristic
1022410351,Checkers,0,GAME_OVER,36,35,2,600,RandomPlayerConfig,MCTS_CheckersHeuristic
-981505609,Checkers,0,GAME_OVER,37,36,2,601,RandomPlayerConfig,MCTS_CheckersHeuristic
-1210320415,Checkers,0,GAME_OVER,59,58,2,602,MCTS_CheckersHeuristic,OSLA
-1139274145,Checkers,0,GAME_OVER,127,126,2,603,MCTS_CheckersHeuristic,OSLA
-548388131,Checkers,0,GAME_OVER,63,62,2,604,MCTS_CheckersHeuristic,OSLA
427996678,Checkers,0,GAME_OVER,55,54,2,605,MCTS_CheckersHeuristic,OSLA
1464741833,Checkers,0,GAME_OVER,60,59,2,606,MCTS_CheckersHeuristic,OSLA
-118749914,Checkers,0,GAME_OVER,75,74,2,607,MCTS_CheckersHeuristic,OSLA
-205383728,Checkers,0,GAME_OVER,95,94,2,608,MCTS_CheckersHeuristic,OSLA
-1129042402,Checkers,0,GAME_OVER,67,66,2,609,MCTS_CheckersHeuristic,OSLA
1522064747,Checkers,0,GAME_OVER,36,35,2,610,MCTS_CheckersHeuristic,OSLA
-1238878224,Checkers,0,GAME_OVER,151,150,2,611,MCTS_CheckersHeuristic,OSLA
924786831,Checkers,0,GAME_OVER,93,92,2,612,MCTS_CheckersHeuristic,OSLA
539908436,Checkers,0,GAME_OVER,48,47,2,613,MCTS_CheckersHeuristic,OSLA
-522295409,Checkers,0,GAME_OVER,41,40,2,614,MCTS_CheckersHeuristic,OSLA
1452394984,Checkers,0,GAME_OVER,48,47,2,615,MCTS_CheckersHeuristic,OSLA
277350197,Checkers,0,GAME_OVER,49,48,2,616,MCTS_CheckersHeuristic,OSLA
439602663,Checkers,0,GAME_OVER,53,52,2,617,MCTS_CheckersHeuristic,OSLA
1559956640,Checkers,0,GAME_OVER,49,48,2,618,MCTS_CheckersHeuristic,OSLA
1131040206,Checkers,0,GAME_OVER,120,119,2,619,MCTS_CheckersHeuristic,OSLA
24121318,Checkers,0,GAME_OVER,47,46,2,620,MCTS_CheckersHeuristic,OSLA
-815482163,Checkers,0,GAME_OVER,93,92,2,621,MCTS_CheckersHeuristic,OSLA
-1446464370,Checkers,0,GAME_OVER,50,49,2,622,MCTS_CheckersHeuristic,OSLA
-804904439,Checkers,0,GAME_OVER,143,142,2,623,MCTS_CheckersHeuristic,OSLA
-573815463,Checkers,0,GAME_OVER,64,63,2,624,MCTS_CheckersHeuristic,OSLA
-2105314328,Checkers,0,GAME_OVER,87,86,2,625,MCTS_CheckersHeuristic,OSLA
1846893301,Checkers,0,GAME_OVER,103,102,2,626,MCTS_CheckersHeuristic,OSLA
1113848322,Checkers,0,GAME_OVER,42,41,2,627,MCTS_CheckersHeuristic,OSLA
191523222,Checkers,0,GAME_OVER,53,52,2,628,MCTS_CheckersHeuristic,OSLA
-1787228809,Checkers,0,GAME_OVER,50,49,2,629,MCTS_CheckersHeuristic,OSLA
-1772914818,Checkers,0,GAME_OVER,54,53,2,630,MCTS_CheckersHeuristic,OSLA
1201875119,Checkers,0,GAME_OVER,88,87,2,631,MCTS_CheckersHeuristic,OSLA
2009050880,Checkers,0,GAME_OVER,76,75,2,632,MCTS_CheckersHeuristic,OSLA
-196887858,Checkers,0,GAME_OVER,53,52,2,633,MCTS_CheckersHeuristic,OSLA
1797130373,Checkers,0,GAME_OVER,50,49,2,634,MCTS_CheckersHeuristic,OSLA
855343213,Checkers,0,GAME_OVER,131,130,2,635,MCTS_CheckersHeuristic,OSLA
1241218454,Checkers,0,GAME_OVER,76,75,2,636,MCTS_CheckersHeuristic,OSLA
-1763711927,Checkers,0,GAME_OVER,76,75,2,637,MCTS_CheckersHeuristic,OSLA
538977276,Checkers,0,GAME_OVER,56,55,2,638,MCTS_CheckersHeuristic,OSLA
749919250,Checkers,0,GAME_OVER,55,54,2,639,MCTS_CheckersHeuristic,OSLA
824887413,Checkers,0,GAME_OVER,56,55,2,640,MCTS_CheckersHeuristic,OSLA
-757585794,Checkers,0,GAME_OVER,54,53,2,641,MCTS_CheckersHeuristic,OSLA
594162318,Checkers,0,GAME_OVER,62,61,2,642,MCTS_CheckersHeuristic,OSLA
1236903234,Checkers,0,GAME_OVER,57,56,2,643,MCTS_CheckersHeuristic,OSLA
-1073956960,Checkers,0,GAME_OVER,50,49,2,644,MCTS_CheckersHeuristic,OSLA
-1757954895,Checkers,0,GAME_OVER,159,158,2,645,MCTS_CheckersHeuristic,OSLA
-381863673,Checkers,0,GAME_OVER,48,47,2,646,MCTS_CheckersHeuristic,OSLA
1431890945,Checkers,0,GAME_OVER,46,45,2,647,MCTS_CheckersHeuristic,OSLA
-914249212,Checkers,0,GAME_OVER,66,65,2,648,MCTS_CheckersHeuristic,OSLA
-648159092,Checkers,0,GAME_OVER,63,62,2,649,MCTS_CheckersHeuristic,OSLA
-34155534,Checkers,0,GAME_OVER,47,46,2,650,MCTS_CheckersHeuristic,OSLA
-1443765366,Checkers,0,GAME_OVER,44,43,2,651,MCTS_CheckersHeuristic,OSLA
-1605774411,Checkers,0,GAME_OVER,45,44,2,652,MCTS_CheckersHeuristic,OSLA
-706193137,Checkers,0,GAME_OVER,56,55,2,653,MCTS_CheckersHeuristic,OSLA
1162791299,Checkers,0,GAME_OVER,79,78,2,654,MCTS_CheckersHeuristic,OSLA
-1518872482,Checkers,0,GAME_OVER,59,58,2,655,MCTS_CheckersHeuristic,OSLA
1943600253,Checkers,0,GAME_OVER,90,89,2,656,MCTS_CheckersHeuristic,OSLA
-237623611,Checkers,0,GAME_OVER,62,61,2,657,MCTS_CheckersHeuristic,OSLA
364991927,Checkers,0,GAME_OVER,54,53,2,658,MCTS_CheckersHeuristic,OSLA
1061876639,Checkers,0,GAME_OVER,146,145,2,659,MCTS_CheckersHeuristic,OSLA
-1816583528,Checkers,0,GAME_OVER,47,46,2,660,MCTS_CheckersHeuristic,OSLA
207809336,Checkers,0,GAME_OVER,69,68,2,661,MCTS_CheckersHeuristic,OSLA
1326421177,Checkers,0,GAME_OVER,88,87,2,662,MCTS_CheckersHeuristic,OSLA
-928292963,Checkers,0,GAME_OVER,67,66,2,663,MCTS_CheckersHeuristic,OSLA
-473037384,Checkers,0,GAME_OVER,73,72,2,664,MCTS_CheckersHeuristic,OSLA
-1255231066,Checkers,0,GAME_OVER,142,141,2,665,MCTS_CheckersHeuristic,OSLA
1165078408,Checkers,0,GAME_OVER,44,43,2,666,MCTS_CheckersHeuristic,OSLA
-2073976399,Checkers,0,GAME_OVER,44,43,2,667,MCTS_CheckersHeuristic,OSLA
1462230606,Checkers,0,GAME_OVER,49,48,2,668,MCTS_CheckersHeuristic,OSLA
-1286795533,Checkers,0,GAME_OVER,66,65,2,669,MCTS_CheckersHeuristic,OSLA
-424890667,Checkers,0,GAME_OVER,59,58,2,670,MCTS_CheckersHeuristic,OSLA
783433033,Checkers,0,GAME_OVER,75,74,2,671,MCTS_CheckersHeuristic,OSLA
1706280203,Checkers,0,GAME_OVER,48,47,2,672,MCTS_CheckersHeuristic,OSLA
-2079208222,Checkers,0,GAME_OVER,66,65,2,673,MCTS_CheckersHeuristic,OSLA
-2064115663,Checkers,0,GAME_OVER,43,42,2,674,MCTS_CheckersHeuristic,OSLA
-1048579004,Checkers,0,GAME_OVER,87,86,2,675,MCTS_CheckersHeuristic,OSLA
2047643300,Checkers,0,GAME_OVER,63,62,2,676,MCTS_CheckersHeuristic,OSLA
1394644095,Checkers,0,GAME_OVER,53,52,2,677,MCTS_CheckersHeuristic,OSLA
1136507239,Checkers,0,GAME_OVER,97,96,2,678,MCTS_CheckersHeuristic,OSLA
1256274048,Checkers,0,GAME_OVER,52,51,2,679,MCTS_CheckersHeuristic,OSLA
-1617485867,Checkers,0,GAME_OVER,47,46,2,680,MCTS_CheckersHeuristic,OSLA
2074627039,Checkers,0,GAME_OVER,53,52,2,681,MCTS_CheckersHeuristic,OSLA
-301971930,Checkers,0,GAME_OVER,61,60,2,682,MCTS_CheckersHeuristic,OSLA
-207445328,Checkers,0,GAME_OVER,53,52,2,683,MCTS_CheckersHeuristic,OSLA
-499024471,Checkers,0,GAME_OVER,49,48,2,684,MCTS_CheckersHeuristic,OSLA
-334882036,Checkers,0,GAME_OVER,42,41,2,685,MCTS_CheckersHeuristic,OSLA
-1680102429,Checkers,0,GAME_OVER,88,87,2,686,MCTS_CheckersHeuristic,OSLA
-797343118,Checkers,0,GAME_OVER,129,128,2,687,MCTS_CheckersHeuristic,OSLA
-118743561,Checkers,0,GAME_OVER,53,52,2,688,MCTS_CheckersHeuristic,OSLA
79121465,Checkers,0,GAME_OVER,90,89,2,689,MCTS_CheckersHeuristic,OSLA
-1235468291,Checkers,0,GAME_OVER,69,68,2,690,MCTS_CheckersHeuristic,OSLA
-1723409504,Checkers,0,GAME_OVER,56,55,2,691,MCTS_CheckersHeuristic,OSLA
-570868689,Checkers,0,GAME_OVER,55,54,2,692,MCTS_CheckersHeuristic,OSLA
1880128317,Checkers,0,GAME_OVER,57,56,2,693,MCTS_CheckersHeuristic,OSLA
-1122489311,Checkers,0,GAME_OVER,106,105,2,694,MCTS_CheckersHeuristic,OSLA
1190946021,Checkers,0,GAME_OVER,55,54,2,695,MCTS_CheckersHeuristic,OSLA
-822725034,Checkers,0,GAME_OVER,40,39,2,696,MCTS_CheckersHeuristic,OSLA
1589889086,Checkers,0,GAME_OVER,59,58,2,697,MCTS_CheckersHeuristic,OSLA
1908980975,Checkers,0,GAME_OVER,56,55,2,698,MCTS_CheckersHeuristic,OSLA
398089107,Checkers,0,GAME_OVER,57,56,2,699,MCTS_CheckersHeuristic,OSLA
-116443570,Checkers,0,GAME_OVER,51,50,2,700,MCTS_CheckersHeuristic,OSLA
-506527316,Checkers,0,GAME_OVER,56,55,2,701,MCTS_CheckersHeuristic,OSLA
1641510621,Checkers,0,GAME_OVER,50,49,2,702,MCTS_CheckersHeuristic,OSLA
-623492940,Checkers,0,GAME_OVER,71,70,2,703,MCTS_CheckersHeuristic,OSLA
-1942115493,Checkers,0,GAME_OVER,143,142,2,704,MCTS_CheckersHeuristic,OSLA
1411774833,Checkers,0,GAME_OVER,57,56,2,705,MCTS_CheckersHeuristic,OSLA
-156428965,Checkers,0,GAME_OVER,54,53,2,706,MCTS_CheckersHeuristic,OSLA
1223152478,Checkers,0,GAME_OVER,118,117,2,707,MCTS_CheckersHeuristic,OSLA
2133219298,Checkers,0,GAME_OVER,48,47,2,708,MCTS_CheckersHeuristic,OSLA
-380864154,Checkers,0,GAME_OVER,96,95,2,709,MCTS_CheckersHeuristic,OSLA
1909381176,Checkers,0,GAME_OVER,59,58,2,710,MCTS_CheckersHeuristic,OSLA
-1074078645,Checkers,0,GAME_OVER,61,60,2,711,MCTS_CheckersHeuristic,OSLA
1906571122,Checkers,0,GAME_OVER,52,51,2,712,MCTS_CheckersHeuristic,OSLA
926321416,Checkers,0,GAME_OVER,35,34,2,713,MCTS_CheckersHeuristic,OSLA
1404617540,Checkers,0,GAME_OVER,89,88,2,714,MCTS_CheckersHeuristic,OSLA
114925225,Checkers,0,GAME_OVER,56,55,2,715,MCTS_CheckersHeuristic,OSLA
-1874345720,Checkers,0,GAME_OVER,82,81,2,716,MCTS_CheckersHeuristic,OSLA
-1749481877,Checkers,0,GAME_OVER,59,58,2,717,MCTS_CheckersHeuristic,OSLA
1512682549,Checkers,0,GAME_OVER,48,47,2,718,MCTS_CheckersHeuristic,OSLA
-716373459,Checkers,0,GAME_OVER,65,64,2,719,MCTS_CheckersHeuristic,OSLA
1609124238,Checkers,0,GAME_OVER,55,54,2,720,MCTS_CheckersHeuristic,OSLA
1677696110,Checkers,0,GAME_OVER,43,42,2,721,MCTS_CheckersHeuristic,OSLA
1585476302,Checkers,0,GAME_OVER,77,76,2,722,MCTS_CheckersHeuristic,OSLA
929876589,Checkers,0,GAME_OVER,79,78,2,723,MCTS_CheckersHeuristic,OSLA
-235697499,Checkers,0,GAME_OVER,79,78,2,724,MCTS_CheckersHeuristic,OSLA
-1575170001,Checkers,0,GAME_OVER,53,52,2,725,MCTS_CheckersHeuristic,OSLA
622272317,Checkers,0,GAME_OVER,66,65,2,726,MCTS_CheckersHeuristic,OSLA
2028695407,Checkers,0,GAME_OVER,73,72,2,727,MCTS_CheckersHeuristic,OSLA
951390628,Checkers,0,GAME_OVER,58,57,2,728,MCTS_CheckersHeuristic,OSLA
-988048447,Checkers,0,GAME_OVER,59,58,2,729,MCTS_CheckersHeuristic,OSLA
-2055429436,Checkers,0,GAME_OVER,52,51,2,730,MCTS_CheckersHeuristic,OSLA
-269587588,Checkers,0,GAME_OVER,67,66,2,731,MCTS_CheckersHeuristic,OSLA
1389730527,Checkers,0,GAME_OVER,61,60,2,732,MCTS_CheckersHeuristic,OSLA
-1841202148,Checkers,0,GAME_OVER,62,61,2,733,MCTS_CheckersHeuristic,OSLA
-12450148,Checkers,0,GAME_OVER,82,81,2,734,MCTS_CheckersHeuristic,OSLA
-1497558470,Checkers,0,GAME_OVER,48,47,2,735,MCTS_CheckersHeuristic,OSLA
2121506091,Checkers,0,GAME_OVER,69,68,2,736,MCTS_CheckersHeuristic,OSLA
1168883797,Checkers,0,GAME_OVER,50,49,2,737,MCTS_CheckersHeuristic,OSLA
-1173629675,Checkers,0,GAME_OVER,68,67,2,738,MCTS_CheckersHeuristic,OSLA
-979548935,Checkers,0,GAME_OVER,56,55,2,739,MCTS_CheckersHeuristic,OSLA
-1953461855,Checkers,0,GAME_OVER,49,48,2,740,MCTS_CheckersHeuristic,OSLA
1281390606,Checkers,0,GAME_OVER,66,65,2,741,MCTS_CheckersHeuristic,OSLA
1744169217,Checkers,0,GAME_OVER,50,49,2,742,MCTS_CheckersHeuristic,OSLA
-1948870580,Checkers,0,GAME_OVER,50,49,2,743,MCTS_CheckersHeuristic,OSLA
-1298480222,Checkers,0,GAME_OVER,58,57,2,744,MCTS_CheckersHeuristic,OSLA
-1383019217,Checkers,0,GAME_OVER,68,67,2,745,MCTS_CheckersHeuristic,OSLA
2035961683,Checkers,0,GAME_OVER,71,70,2,746,MCTS_CheckersHeuristic,OSLA
1162460892,Checkers,0,GAME_OVER,49,48,2,747,MCTS_CheckersHeuristic,OSLA
-2091870948,Checkers,0,GAME_OVER,49,48,2,748,MCTS_CheckersHeuristic,OSLA
-815786795,Checkers,0,GAME_OVER,53,52,2,749,MCTS_CheckersHeuristic,OSLA
1592925954,Checkers,0,GAME_OVER,66,65,2,750,MCTS_CheckersHeuristic,OSLA
-1298969224,Checkers,0,GAME_OVER,76,75,2,751,MCTS_CheckersHeuristic,OSLA
-1842896118,Checkers,0,GAME_OVER,58,57,2,752,MCTS_CheckersHeuristic,OSLA
542049162,Checkers,0,GAME_OVER,55,54,2,753,MCTS_CheckersHeuristic,OSLA
894528306,Checkers,0,GAME_OVER,49,48,2,754,MCTS_CheckersHeuristic,OSLA
-644993937,Checkers,0,GAME_OVER,55,54,2,755,MCTS_CheckersHeuristic,OSLA
-1021794751,Checkers,0,GAME_OVER,136,135,2,756,MCTS_CheckersHeuristic,OSLA
1151955127,Checkers,0,GAME_OVER,51,50,2,757,MCTS_CheckersHeuristic,OSLA
-2127711338,Checkers,0,GAME_OVER,98,97,2,758,MCTS_CheckersHeuristic,OSLA
-864335327,Checkers,0,GAME_OVER,58,57,2,759,MCTS_CheckersHeuristic,OSLA
-1201181592,Checkers,0,GAME_OVER,54,53,2,760,MCTS_CheckersHeuristic,OSLA
1514691926,Checkers,0,GAME_OVER,47,46,2,761,MCTS_CheckersHeuristic,OSLA
-1594853617,Checkers,0,GAME_OVER,62,61,2,762,MCTS_CheckersHeuristic,OSLA
475620051,Checkers,0,GAME_OVER,64,63,2,763,MCTS_CheckersHeuristic,OSLA
1861969223,Checkers,0,GAME_OVER,91,90,2,764,MCTS_CheckersHeuristic,OSLA
1273049579,Checkers,0,GAME_OVER,53,52,2,765,MCTS_CheckersHeuristic,OSLA
739101849,Checkers,0,GAME_OVER,63,62,2,766,MCTS_CheckersHeuristic,OSLA
-397348413,Checkers,0,GAME_OVER,52,51,2,767,MCTS_CheckersHeuristic,OSLA
1616724037,Checkers,0,GAME_OVER,58,57,2,768,MCTS_CheckersHeuristic,OSLA
-751409228,Checkers,0,GAME_OVER,45,44,2,769,MCTS_CheckersHeuristic,OSLA
-1380899225,Checkers,0,GAME_OVER,48,47,2,770,MCTS_CheckersHeuristic,OSLA
-1379557508,Checkers,0,GAME_OVER,57,56,2,771,MCTS_CheckersHeuristic,OSLA
1353866795,Checkers,0,GAME_OVER,54,53,2,772,MCTS_CheckersHeuristic,OSLA
-301133538,Checkers,0,GAME_OVER,70,69,2,773,MCTS_CheckersHeuristic,OSLA
1825612619,Checkers,0,GAME_OVER,52,51,2,774,MCTS_CheckersHeuristic,OSLA
-1814052501,Checkers,0,GAME_OVER,65,64,2,775,MCTS_CheckersHeuristic,OSLA
-178840786,Checkers,0,GAME_OVER,47,46,2,776,MCTS_CheckersHeuristic,OSLA
537785723,Checkers,0,GAME_OVER,47,46,2,777,MCTS_CheckersHeuristic,OSLA
1507431003,Checkers,0,GAME_OVER,54,53,2,778,MCTS_CheckersHeuristic,OSLA
796245681,Checkers,0,GAME_OVER,95,94,2,779,MCTS_CheckersHeuristic,OSLA
-616221397,Checkers,0,GAME_OVER,63,62,2,780,MCTS_CheckersHeuristic,OSLA
-890227726,Checkers,0,GAME_OVER,58,57,2,781,MCTS_CheckersHeuristic,OSLA
-1204876079,Checkers,0,GAME_OVER,67,66,2,782,MCTS_CheckersHeuristic,OSLA
40267321,Checkers,0,GAME_OVER,50,49,2,783,MCTS_CheckersHeuristic,OSLA
-477900236,Checkers,0,GAME_OVER,102,101,2,784,MCTS_CheckersHeuristic,OSLA
1236705718,Checkers,0,GAME_OVER,95,94,2,785,MCTS_CheckersHeuristic,OSLA
-908211661,Checkers,0,GAME_OVER,61,60,2,786,MCTS_CheckersHeuristic,OSLA
-252526067,Checkers,0,GAME_OVER,60,59,2,787,MCTS_CheckersHeuristic,OSLA
-1816990902,Checkers,0,GAME_OVER,74,73,2,788,MCTS_CheckersHeuristic,OSLA
-492284037,Checkers,0,GAME_OVER,82,81,2,789,MCTS_CheckersHeuristic,OSLA
611750579,Checkers,0,GAME_OVER,52,51,2,790,MCTS_CheckersHeuristic,OSLA
-776580123,Checkers,0,GAME_OVER,52,51,2,791,MCTS_CheckersHeuristic,OSLA
-1583603860,Checkers,0,GAME_OVER,71,70,2,792,MCTS_CheckersHeuristic,OSLA
1363157540,Checkers,0,GAME_OVER,37,36,2,793,MCTS_CheckersHeuristic,OSLA
-1993149481,Checkers,0,GAME_OVER,58,57,2,794,MCTS_CheckersHeuristic,OSLA
784574209,Checkers,0,GAME_OVER,50,49,2,795,MCTS_CheckersHeuristic,OSLA
382677712,Checkers,0,GAME_OVER,61,60,2,796,MCTS_CheckersHeuristic,OSLA
-724186432,Checkers,0,GAME_OVER,54,53,2,797,MCTS_CheckersHeuristic,OSLA
647895900,Checkers,0,GAME_OVER,56,55,2,798,MCTS_CheckersHeuristic,OSLA
1902261048,Checkers,0,GAME_OVER,48,47,2,799,MCTS_CheckersHeuristic,OSLA
1022410351,Checkers,0,GAME_OVER,85,84,2,800,MCTS_CheckersHeuristic,OSLA
-981505609,Checkers,0,GAME_OVER,49,48,2,801,MCTS_CheckersHeuristic,OSLA
-1210320415,Checkers,0,GAME_OVER,56,55,2,802,OSLA,OSLA
-1139274145,Checkers,0,GAME_OVER,41,40,2,803,OSLA,OSLA
-548388131,Checkers,0,GAME_OVER,58,57,2,804,OSLA,OSLA
427996678,Checkers,0,GAME_OVER,48,47,2,805,OSLA,OSLA
1464741833,Checkers,0,GAME_OVER,89,88,2,806,OSLA,OSLA
-118749914,Checkers,0,GAME_OVER,47,46,2,807,OSLA,OSLA
-205383728,Checkers,0,GAME_OVER,32,31,2,808,OSLA,OSLA
-1129042402,Checkers,0,GAME_OVER,46,45,2,809,OSLA,OSLA
1522064747,Checkers,0,GAME_OVER,113,112,2,810,OSLA,OSLA
-1238878224,Checkers,0,GAME_OVER,49,48,2,811,OSLA,OSLA
924786831,Checkers,0,GAME_OVER,48,47,2,812,OSLA,OSLA
539908436,Checkers,0,GAME_OVER,95,94,2,813,OSLA,OSLA
-522295409,Checkers,0,GAME_OVER,45,44,2,814,OSLA,OSLA
1452394984,Checkers,0,GAME_OVER,70,69,2,815,OSLA,OSLA
277350197,Checkers,0,GAME_OVER,44,43,2,816,OSLA,OSLA
439602663,Checkers,0,GAME_OVER,53,52,2,817,OSLA,OSLA
1559956640,Checkers,0,GAME_OVER,48,47,2,818,OSLA,OSLA
1131040206,Checkers,0,GAME_OVER,81,80,2,819,OSLA,OSLA
24121318,Checkers,0,GAME_OVER,57,56,2,820,OSLA,OSLA
-815482163,Checkers,0,GAME_OVER,45,44,2,821,OSLA,OSLA
-1446464370,Checkers,0,GAME_OVER,67,66,2,822,OSLA,OSLA
-804904439,Checkers,0,GAME_OVER,53,52,2,823,OSLA,OSLA
-573815463,Checkers,0,GAME_OVER,94,93,2,824,OSLA,OSLA
-2105314328,Checkers,0,GAME_OVER,86,85,2,825,OSLA,OSLA
1846893301,Checkers,0,GAME_OVER,58,57,2,826,OSLA,OSLA
1113848322,Checkers,0,GAME_OVER,151,150,2,827,OSLA,OSLA
191523222,Checkers,0,GAME_OVER,76,75,2,828,OSLA,OSLA
-1787228809,Checkers,0,GAME_OVER,56,55,2,829,OSLA,OSLA
-1772914818,Checkers,0,GAME_OVER,45,44,2,830,OSLA,OSLA
1201875119,Checkers,0,GAME_OVER,27,26,2,831,OSLA,OSLA
2009050880,Checkers,0,GAME_OVER,38,37,2,832,OSLA,OSLA
-196887858,Checkers,0,GAME_OVER,62,61,2,833,OSLA,OSLA
1797130373,Checkers,0,GAME_OVER,80,79,2,834,OSLA,OSLA
855343213,Checkers,0,GAME_OVER,37,36,2,835,OSLA,OSLA
1241218454,Checkers,0,GAME_OVER,65,64,2,836,OSLA,OSLA
-1763711927,Checkers,0,GAME_OVER,44,43,2,837,OSLA,OSLA
538977276,Checkers,0,GAME_OVER,51,50,2,838,OSLA,OSLA
749919250,Checkers,0,GAME_OVER,56,55,2,839,OSLA,OSLA
824887413,Checkers,0,GAME_OVER,46,45,2,840,OSLA,OSLA
-757585794,Checkers,0,GAME_OVER,51,50,2,841,OSLA,OSLA
594162318,Checkers,0,GAME_OVER,114,113,2,842,OSLA,OSLA
1236903234,Checkers,0,GAME_OVER,103,102,2,843,OSLA,OSLA
-1073956960,Checkers,0,GAME_OVER,54,53,2,844,OSLA,OSLA
-1757954895,Checkers,0,GAME_OVER,51,50,2,845,OSLA,OSLA
-381863673,Checkers,0,GAME_OVER,73,72,2,846,OSLA,OSLA
1431890945,Checkers,0,GAME_OVER,40,39,2,847,OSLA,OSLA
-914249212,Checkers,0,GAME_OVER,47,46,2,848,OSLA,OSLA
-648159092,Checkers,0,GAME_OVER,50,49,2,849,OSLA,OSLA
-34155534,Checkers,0,GAME_OVER,40,39,2,850,OSLA,OSLA
-1443765366,Checkers,0,GAME_OVER,41,40,2,851,OSLA,OSLA
-1605774411,Checkers,0,GAME_OVER,49,48,2,852,OSLA,OSLA
-706193137,Checkers,0,GAME_OVER,99,98,2,853,OSLA,OSLA
1162791299,Checkers,0,GAME_OVER,39,38,2,854,OSLA,OSLA
-1518872482,Checkers,0,GAME_OVER,86,85,2,855,OSLA,OSLA
1943600253,Checkers,0,GAME_OVER,49,48,2,856,OSLA,OSLA
-237623611,Checkers,0,GAME_OVER,41,40,2,857,OSLA,OSLA
364991927,Checkers,0,GAME_OVER,52,51,2,858,OSLA,OSLA
1061876639,Checkers,0,GAME_OVER,61,60,2,859,OSLA,OSLA
-1816583528,Checkers,0,GAME_OVER,77,76,2,860,OSLA,OSLA
207809336,Checkers,0,GAME_OVER,67,66,2,861,OSLA,OSLA
1326421177,Checkers,0,GAME_OVER,59,58,2,862,OSLA,OSLA
-928292963,Checkers,0,GAME_OVER,57,56,2,863,OSLA,OSLA
-473037384,Checkers,0,GAME_OVER,43,42,2,864,OSLA,OSLA
-1255231066,Checkers,0,GAME_OVER,66,65,2,865,OSLA,OSLA
1165078408,Checkers,0,GAME_OVER,72,71,2,866,OSLA,OSLA
-2073976399,Checkers,0,GAME_OVER,44,43,2,867,OSLA,OSLA
1462230606,Checkers,0,GAME_OVER,53,52,2,868,OSLA,OSLA
-1286795533,Checkers,0,GAME_OVER,97,96,2,869,OSLA,OSLA
-424890667,Checkers,0,GAME_OVER,47,46,2,870,OSLA,OSLA
783433033,Checkers,0,GAME_OVER,57,56,2,871,OSLA,OSLA
1706280203,Checkers,0,GAME_OVER,196,195,2,872,OSLA,OSLA
-2079208222,Checkers,0,GAME_OVER,42,41,2,873,OSLA,OSLA
-2064115663,Checkers,0,GAME_OVER,76,75,2,874,OSLA,OSLA
-1048579004,Checkers,0,GAME_OVER,48,47,2,875,OSLA,OSLA
2047643300,Checkers,0,GAME_OVER,62,61,2,876,OSLA,OSLA
1394644095,Checkers,0,GAME_OVER,84,83,2,877,OSLA,OSLA
1136507239,Checkers,0,GAME_OVER,47,46,2,878,OSLA,OSLA
1256274048,Checkers,0,GAME_OVER,64,63,2,879,OSLA,OSLA
-1617485867,Checkers,0,GAME_OVER,50,49,2,880,OSLA,OSLA
2074627039,Checkers,0,GAME_OVER,72,71,2,881,OSLA,OSLA
-301971930,Checkers,0,GAME_OVER,46,45,2,882,OSLA,OSLA
-207445328,Checkers,0,GAME_OVER,44,43,2,883,OSLA,OSLA
-499024471,Checkers,0,GAME_OVER,42,41,2,884,OSLA,OSLA
-334882036,Checkers,0,GAME_OVER,79,78,2,885,OSLA,OSLA
-1680102429,Checkers,0,GAME_OVER,36,35,2,886,OSLA,OSLA
-797343118,Checkers,0,GAME_OVER,47,46,2,887,OSLA,OSLA
-118743561,Checkers,0,GAME_OVER,67,66,2,888,OSLA,OSLA
79121465,Checkers,0,GAME_OVER,46,45,2,889,OSLA,OSLA
-1235468291,Checkers,0,GAME_OVER,60,59,2,890,OSLA,OSLA
-1723409504,Checkers,0,GAME_OVER,51,50,2,891,OSLA,OSLA
-570868689,Checkers,0,GAME_OVER,39,38,2,892,OSLA,OSLA
1880128317,Checkers,0,GAME_OVER,27,26,2,893,OSLA,OSLA
-1122489311,Checkers,0,GAME_OVER,120,119,2,894,OSLA,OSLA
1190946021,Checkers,0,GAME_OVER,53,52,2,895,OSLA,OSLA
-822725034,Checkers,0,GAME_OVER,42,41,2,896,OSLA,OSLA
1589889086,Checkers,0,GAME_OVER,50,49,2,897,OSLA,OSLA
1908980975,Checkers,0,GAME_OVER,63,62,2,898,OSLA,OSLA
398089107,Checkers,0,GAME_OVER,45,44,2,899,OSLA,OSLA
-116443570,Checkers,0,GAME_OVER,27,26,2,900,OSLA,OSLA
-506527316,Checkers,0,GAME_OVER,81,80,2,901,OSLA,OSLA
1641510621,Checkers,0,GAME_OVER,40,39,2,902,OSLA,OSLA
-623492940,Checkers,0,GAME_OVER,44,43,2,903,OSLA,OSLA
-1942115493,Checkers,0,GAME_OVER,80,79,2,904,OSLA,OSLA
1411774833,Checkers,0,GAME_OVER,67,66,2,905,OSLA,OSLA
-156428965,Checkers,0,GAME_OVER,53,52,2,906,OSLA,OSLA
1223152478,Checkers,0,GAME_OVER,44,43,2,907,OSLA,OSLA
2133219298,Checkers,0,GAME_OVER,49,48,2,908,OSLA,OSLA
-380864154,Checkers,0,GAME_OVER,27,26,2,909,OSLA,OSLA
1909381176,Checkers,0,GAME_OVER,92,91,2,910,OSLA,OSLA
-1074078645,Checkers,0,GAME_OVER,105,104,2,911,OSLA,OSLA
1906571122,Checkers,0,GAME_OVER,51,50,2,912,OSLA,OSLA
926321416,Checkers,0,GAME_OVER,92,91,2,913,OSLA,OSLA
1404617540,Checkers,0,GAME_OVER,72,71,2,914,OSLA,OSLA
114925225,Checkers,0,GAME_OVER,41,40,2,915,OSLA,OSLA
-1874345720,Checkers,0,GAME_OVER,75,74,2,916,OSLA,OSLA
-1749481877,Checkers,0,GAME_OVER,86,85,2,917,OSLA,OSLA
1512682549,Checkers,0,GAME_OVER,40,39,2,918,OSLA,OSLA
-716373459,Checkers,0,GAME_OVER,53,52,2,919,OSLA,OSLA
1609124238,Checkers,0,GAME_OVER,50,49,2,920,OSLA,OSLA
1677696110,Checkers,0,GAME_OVER,50,49,2,921,OSLA,OSLA
1585476302,Checkers,0,GAME_OVER,113,112,2,922,OSLA,OSLA
929876589,Checkers,0,GAME_OVER,40,39,2,923,OSLA,OSLA
-235697499,Checkers,0,GAME_OVER,106,105,2,924,OSLA,OSLA
-1575170001,Checkers,0,GAME_OVER,109,108,2,925,OSLA,OSLA
622272317,Checkers,0,GAME_OVER,41,40,2,926,OSLA,OSLA
2028695407,Checkers,0,GAME_OVER,64,63,2,927,OSLA,OSLA
951390628,Checkers,0,GAME_OVER,48,47,2,928,OSLA,OSLA
-988048447,Checkers,0,GAME_OVER,52,51,2,929,OSLA,OSLA
-2055429436,Checkers,0,GAME_OVER,46,45,2,930,OSLA,OSLA
-269587588,Checkers,0,GAME_OVER,59,58,2,931,OSLA,OSLA
1389730527,Checkers,0,GAME_OVER,52,51,2,932,OSLA,OSLA
-1841202148,Checkers,0,GAME_OVER,60,59,2,933,OSLA,OSLA
-12450148,Checkers,0,GAME_OVER,41,40,2,934,OSLA,OSLA
-1497558470,Checkers,0,GAME_OVER,147,146,2,935,OSLA,OSLA
2121506091,Checkers,0,GAME_OVER,54,53,2,936,OSLA,OSLA
1168883797,Checkers,0,GAME_OVER,51,50,2,937,OSLA,OSLA
-1173629675,Checkers,0,GAME_OVER,41,40,2,938,OSLA,OSLA
-979548935,Checkers,0,GAME_OVER,42,41,2,939,OSLA,OSLA
-1953461855,Checkers,0,GAME_OVER,58,57,2,940,OSLA,OSLA
1281390606,Checkers,0,GAME_OVER,109,108,2,941,OSLA,OSLA
1744169217,Checkers,0,GAME_OVER,73,72,2,942,OSLA,OSLA
-1948870580,Checkers,0,GAME_OVER,37,36,2,943,OSLA,OSLA
-1298480222,Checkers,0,GAME_OVER,54,53,2,944,OSLA,OSLA
-1383019217,Checkers,0,GAME_OVER,47,46,2,945,OSLA,OSLA
2035961683,Checkers,0,GAME_OVER,67,66,2,946,OSLA,OSLA
1162460892,Checkers,0,GAME_OVER,121,120,2,947,OSLA,OSLA
-2091870948,Checkers,0,GAME_OVER,60,59,2,948,OSLA,OSLA
-815786795,Checkers,0,GAME_OVER,61,60,2,949,OSLA,OSLA
1592925954,Checkers,0,GAME_OVER,40,39,2,950,OSLA,OSLA
-1298969224,Checkers,0,GAME_OVER,46,45,2,951,OSLA,OSLA
-1842896118,Checkers,0,GAME_OVER,44,43,2,952,OSLA,OSLA
542049162,Checkers,0,GAME_OVER,46,45,2,953,OSLA,OSLA
894528306,Checkers,0,GAME_OVER,146,145,2,954,OSLA,OSLA
-644993937,Checkers,0,GAME_OVER,86,85,2,955,OSLA,OSLA
-1021794751,Checkers,0,GAME_OVER,25,24,2,956,OSLA,OSLA
1151955127,Checkers,0,GAME_OVER,106,105,2,957,OSLA,OSLA
-2127711338,Checkers,0,GAME_OVER,58,57,2,958,OSLA,OSLA
-864335327,Checkers,0,GAME_OVER,49,48,2,959,OSLA,OSLA
-1201181592,Checkers,0,GAME_OVER,45,44,2,960,OSLA,OSLA
1514691926,Checkers,0,GAME_OVER,69,68,2,961,OSLA,OSLA
-1594853617,Checkers,0,GAME_OVER,50,49,2,962,OSLA,OSLA
475620051,Checkers,0,GAME_OVER,48,47,2,963,OSLA,OSLA
1861969223,Checkers,0,GAME_OVER,161,160,2,964,OSLA,OSLA
1273049579,Checkers,0,GAME_OVER,81,80,2,965,OSLA,OSLA
739101849,Checkers,0,GAME_OVER,51,50,2,966,OSLA,OSLA
-397348413,Checkers,0,GAME_OVER,46,45,2,967,OSLA,OSLA
1616724037,Checkers,0,GAME_OVER,27,26,2,968,OSLA,OSLA
-751409228,Checkers,0,GAME_OVER,39,38,2,969,OSLA,OSLA
-1380899225,Checkers,0,GAME_OVER,81,80,2,970,OSLA,OSLA
-1379557508,Checkers,0,GAME_OVER,105,104,2,971,OSLA,OSLA
1353866795,Checkers,0,GAME_OVER,49,48,2,972,OSLA,OSLA
-301133538,Checkers,0,GAME_OVER,53,52,2,973,OSLA,OSLA
1825612619,Checkers,0,GAME_OVER,67,66,2,974,OSLA,OSLA
-1814052501,Checkers,0,GAME_OVER,51,50,2,975,OSLA,OSLA
-178840786,Checkers,0,GAME_OVER,87,86,2,976,OSLA,OSLA
537785723,Checkers,0,GAME_OVER,56,55,2,977,OSLA,OSLA
1507431003,Checkers,0,GAME_OVER,48,47,2,978,OSLA,OSLA
796245681,Checkers,0,GAME_OVER,31,30,2,979,OSLA,OSLA
-616221397,Checkers,0,GAME_OVER,54,53,2,980,OSLA,OSLA
-890227726,Checkers,0,GAME_OVER,44,43,2,981,OSLA,OSLA
-1204876079,Checkers,0,GAME_OVER,44,43,2,982,OSLA,OSLA
40267321,Checkers,0,GAME_OVER,142,141,2,983,OSLA,OSLA
-477900236,Checkers,0,GAME_OVER,43,42,2,984,OSLA,OSLA
1236705718,Checkers,0,GAME_OVER,42,41,2,985,OSLA,OSLA
-908211661,Checkers,0,GAME_OVER,46,45,2,986,OSLA,OSLA
-252526067,Checkers,0,GAME_OVER,69,68,2,987,OSLA,OSLA
-1816990902,Checkers,0,GAME_OVER,92,91,2,988,OSLA,OSLA
-492284037,Checkers,0,GAME_OVER,98,97,2,989,OSLA,OSLA
611750579,Checkers,0,GAME_OVER,80,79,2,990,OSLA,OSLA
-776580123,Checkers,0,GAME_OVER,46,45,2,991,OSLA,OSLA
-1583603860,Checkers,0,GAME_OVER,69,68,2,992,OSLA,OSLA
1363157540,Checkers,0,GAME_OVER,42,41,2,993,OSLA,OSLA
-1993149481,Checkers,0,GAME_OVER,45,44,2,994,OSLA,OSLA
784574209,Checkers,0,GAME_OVER,44,43,2,995,OSLA,OSLA
382677712,Checkers,0,GAME_OVER,119,118,2,996,OSLA,OSLA
-724186432,Checkers,0,GAME_OVER,108,107,2,997,OSLA,OSLA
647895900,Checkers,0,GAME_OVER,112,111,2,998,OSLA,OSLA
1902261048,Checkers,0,GAME_OVER,46,45,2,999,OSLA,OSLA
1022410351,Checkers,0,GAME_OVER,41,40,2,1000,OSLA,OSLA
-981505609,Checkers,0,GAME_OVER,38,37,2,1001,OSLA,OSLA
-1210320415,Checkers,0,GAME_OVER,42,41,2,1002,RandomPlayerConfig,OSLA
-1139274145,Checkers,0,GAME_OVER,37,36,2,1003,RandomPlayerConfig,OSLA
-548388131,Checkers,0,GAME_OVER,54,53,2,1004,RandomPlayerConfig,OSLA
427996678,Checkers,0,GAME_OVER,43,42,2,1005,RandomPlayerConfig,OSLA
1464741833,Checkers,0,GAME_OVER,52,51,2,1006,RandomPlayerConfig,OSLA
-118749914,Checkers,0,GAME_OVER,44,43,2,1007,RandomPlayerConfig,OSLA
-205383728,Checkers,0,GAME_OVER,52,51,2,1008,RandomPlayerConfig,OSLA
-1129042402,Checkers,0,GAME_OVER,38,37,2,1009,RandomPlayerConfig,OSLA
1522064747,Checkers,0,GAME_OVER,46,45,2,1010,RandomPlayerConfig,OSLA
-1238878224,Checkers,0,GAME_OVER,32,31,2,1011,RandomPlayerConfig,OSLA
924786831,Checkers,0,GAME_OVER,40,39,2,1012,RandomPlayerConfig,OSLA
539908436,Checkers,0,GAME_OVER,42,41,2,1013,RandomPlayerConfig,OSLA
-522295409,Checkers,0,GAME_OVER,46,45,2,1014,RandomPlayerConfig,OSLA
1452394984,Checkers,0,GAME_OVER,41,40,2,1015,RandomPlayerConfig,OSLA
277350197,Checkers,0,GAME_OVER,51,50,2,1016,RandomPlayerConfig,OSLA
439602663,Checkers,0,GAME_OVER,38,37,2,1017,RandomPlayerConfig,OSLA
1559956640,Checkers,0,GAME_OVER,39,38,2,1018,RandomPlayerConfig,OSLA
1131040206,Checkers,0,GAME_OVER,42,41,2,1019,RandomPlayerConfig,OSLA
24121318,Checkers,0,GAME_OVER,43,42,2,1020,RandomPlayerConfig,OSLA
-815482163,Checkers,0,GAME_OVER,42,41,2,1021,RandomPlayerConfig,OSLA
-1446464370,Checkers,0,GAME_OVER,35,34,2,1022,RandomPlayerConfig,OSLA
-804904439,Checkers,0,GAME_OVER,41,40,2,1023,RandomPlayerConfig,OSLA
-573815463,Checkers,0,GAME_OVER,41,40,2,1024,RandomPlayerConfig,OSLA
-2105314328,Checkers,0,GAME_OVER,42,41,2,1025,RandomPlayerConfig,OSLA
1846893301,Checkers,0,GAME_OVER,47,46,2,1026,RandomPlayerConfig,OSLA
1113848322,Checkers,0,GAME_OVER,49,48,2,1027,RandomPlayerConfig,OSLA
191523222,Checkers,0,GAME_OVER,39,38,2,1028,RandomPlayerConfig,OSLA
-1787228809,Checkers,0,GAME_OVER,47,46,2,1029,RandomPlayerConfig,OSLA
-1772914818,Checkers,0,GAME_OVER,50,49,2,1030,RandomPlayerConfig,OSLA
1201875119,Checkers,0,GAME_OVER,40,39,2,1031,RandomPlayerConfig,OSLA
2009050880,Checkers,0,GAME_OVER,34,33,2,1032,RandomPlayerConfig,OSLA
-196887858,Checkers,0,GAME_OVER,52,51,2,1033,RandomPlayerConfig,OSLA
1797130373,Checkers,0,GAME_OVER,85,84,2,1034,RandomPlayerConfig,OSLA
855343213,Checkers,0,GAME_OVER,46,45,2,1035,RandomPlayerConfig,OSLA
1241218454,Checkers,0,GAME_OVER,43,42,2,1036,RandomPlayerConfig,OSLA
-1763711927,Checkers,0,GAME_OVER,48,47,2,1037,RandomPlayerConfig,OSLA
538977276,Checkers,0,GAME_OVER,44,43,2,1038,RandomPlayerConfig,OSLA
749919250,Checkers,0,GAME_OVER,34,33,2,1039,RandomPlayerConfig,OSLA
824887413,Checkers,0,GAME_OVER,41,40,2,1040,RandomPlayerConfig,OSLA
-757585794,Checkers,0,GAME_OVER,51,50,2,1041,RandomPlayerConfig,OSLA
594162318,Checkers,0,GAME_OVER,38,37,2,1042,RandomPlayerConfig,OSLA
1236903234,Checkers,0,GAME_OVER,57,56,2,1043,RandomPlayerConfig,OSLA
-1073956960,Checkers,0,GAME_OVER,28,27,2,1044,RandomPlayerConfig,OSLA
-1757954895,Checkers,0,GAME_OVER,36,35,2,1045,RandomPlayerConfig,OSLA
-381863673,Checkers,0,GAME_OVER,43,42,2,1046,RandomPlayerConfig,OSLA
1431890945,Checkers,0,GAME_OVER,51,50,2,1047,RandomPlayerConfig,OSLA
-914249212,Checkers,0,GAME_OVER,44,43,2,1048,RandomPlayerConfig,OSLA
-648159092,Checkers,0,GAME_OVER,40,39,2,1049,RandomPlayerConfig,OSLA
-34155534,Checkers,0,GAME_OVER,46,45,2,1050,RandomPlayerConfig,OSLA
-1443765366,Checkers,0,GAME_OVER,43,42,2,1051,RandomPlayerConfig,OSLA
-1605774411,Checkers,0,GAME_OVER,36,35,2,1052,RandomPlayerConfig,OSLA
-706193137,Checkers,0,GAME_OVER,38,37,2,1053,RandomPlayerConfig,OSLA
1162791299,Checkers,0,GAME_OVER,49,48,2,1054,RandomPlayerConfig,OSLA
-1518872482,Checkers,0,GAME_OVER,40,39,2,1055,RandomPlayerConfig,OSLA
1943600253,Checkers,0,GAME_OVER,58,57,2,1056,RandomPlayerConfig,OSLA
-237623611,Checkers,0,GAME_OVER,53,52,2,1057,RandomPlayerConfig,OSLA
364991927,Checkers,0,GAME_OVER,49,48,2,1058,RandomPlayerConfig,OSLA
1061876639,Checkers,0,GAME_OVER,38,37,2,1059,RandomPlayerConfig,OSLA
-1816583528,Checkers,0,GAME_OVER,50,49,2,1060,RandomPlayerConfig,OSLA
207809336,Checkers,0,GAME_OVER,54,53,2,1061,RandomPlayerConfig,OSLA
1326421177,Checkers,0,GAME_OVER,46,45,2,1062,RandomPlayerConfig,OSLA
-928292963,Checkers,0,GAME_OVER,45,44,2,1063,RandomPlayerConfig,OSLA
-473037384,Checkers,0,GAME_OVER,38,37,2,1064,RandomPlayerConfig,OSLA
-1255231066,Checkers,0,GAME_OVER,39,38,2,1065,RandomPlayerConfig,OSLA
1165078408,Checkers,0,GAME_OVER,46,45,2,1066,RandomPlayerConfig,OSLA
-2073976399,Checkers,0,GAME_OVER,35,34,2,1067,RandomPlayerConfig,OSLA
1462230606,Checkers,0,GAME_OVER,40,39,2,1068,RandomPlayerConfig,OSLA
-1286795533,Checkers,0,GAME_OVER,33,32,2,1069,RandomPlayerConfig,OSLA
-424890667,Checkers,0,GAME_OVER,44,43,2,1070,RandomPlayerConfig,OSLA
783433033,Checkers,0,GAME_OVER,41,40,2,1071,RandomPlayerConfig,OSLA
1706280203,Checkers,0,GAME_OVER,35,34,2,1072,RandomPlayerConfig,OSLA
-2079208222,Checkers,0,GAME_OVER,37,36,2,1073,RandomPlayerConfig,OSLA
-2064115663,Checkers,0,GAME_OVER,31,30,2,1074,RandomPlayerConfig,OSLA
-1048579004,Checkers,0,GAME_OVER,44,43,2,1075,RandomPlayerConfig,OSLA
2047643300,Checkers,0,GAME_OVER,51,50,2,1076,RandomPlayerConfig,OSLA
1394644095,Checkers,0,GAME_OVER,42,41,2,1077,RandomPlayerConfig,OSLA
1136507239,Checkers,0,GAME_OVER,42,41,2,1078,RandomPlayerConfig,OSLA
1256274048,Checkers,0,GAME_OVER,34,33,2,1079,RandomPlayerConfig,OSLA
-1617485867,Checkers,0,GAME_OVER,41,40,2,1080,RandomPlayerConfig,OSLA
2074627039,Checkers,0,GAME_OVER,45,44,2,1081,RandomPlayerConfig,OSLA
-301971930,Checkers,0,GAME_OVER,35,34,2,1082,RandomPlayerConfig,OSLA
-207445328,Checkers,0,GAME_OVER,51,50,2,1083,RandomPlayerConfig,OSLA
-499024471,Checkers,0,GAME_OVER,49,48,2,1084,RandomPlayerConfig,OSLA
-334882036,Checkers,0,GAME_OVER,40,39,2,1085,RandomPlayerConfig,OSLA
-1680102429,Checkers,0,GAME_OVER,37,36,2,1086,RandomPlayerConfig,OSLA
-797343118,Checkers,0,GAME_OVER,50,49,2,1087,RandomPlayerConfig,OSLA
-118743561,Checkers,0,GAME_OVER,34,33,2,1088,RandomPlayerConfig,OSLA
79121465,Checkers,0,GAME_OVER,46,45,2,1089,RandomPlayerConfig,OSLA
-1235468291,Checkers,0,GAME_OVER,43,42,2,1090,RandomPlayerConfig,OSLA
-1723409504,Checkers,0,GAME_OVER,45,44,2,1091,RandomPlayerConfig,OSLA
-570868689,Checkers,0,GAME_OVER,40,39,2,1092,RandomPlayerConfig,OSLA
1880128317,Checkers,0,GAME_OVER,37,36,2,1093,RandomPlayerConfig,OSLA
-1122489311,Checkers,0,GAME_OVER,44,43,2,1094,RandomPlayerConfig,OSLA
1190946021,Checkers,0,GAME_OVER,38,37,2,1095,RandomPlayerConfig,OSLA
-822725034,Checkers,0,GAME_OVER,38,37,2,1096,RandomPlayerConfig,OSLA
1589889086,Checkers,0,GAME_OVER,33,32,2,1097,RandomPlayerConfig,OSLA
1908980975,Checkers,0,GAME_OVER,36,35,2,1098,RandomPlayerConfig,OSLA
398089107,Checkers,0,GAME_OVER,44,43,2,1099,RandomPlayerConfig,OSLA
-116443570,Checkers,0,GAME_OVER,45,44,2,1100,RandomPlayerConfig,OSLA
-506527316,Checkers,0,GAME_OVER,43,42,2,1101,RandomPlayerConfig,OSLA
1641510621,Checkers,0,GAME_OVER,36,35,2,1102,RandomPlayerConfig,OSLA
-623492940,Checkers,0,GAME_OVER,49,48,2,1103,RandomPlayerConfig,OSLA
-1942115493,Checkers,0,GAME_OVER,43,42,2,1104,RandomPlayerConfig,OSLA
1411774833,Checkers,0,GAME_OVER,50,49,2,1105,RandomPlayerConfig,OSLA
-156428965,Checkers,0,GAME_OVER,45,44,2,1106,RandomPlayerConfig,OSLA
1223152478,Checkers,0,GAME_OVER,43,42,2,1107,RandomPlayerConfig,OSLA
2133219298,Checkers,0,GAME_OVER,48,47,2,1108,RandomPlayerConfig,OSLA
-380864154,Checkers,0,GAME_OVER,40,39,2,1109,RandomPlayerConfig,OSLA
1909381176,Checkers,0,GAME_OVER,40,39,2,1110,RandomPlayerConfig,OSLA
-1074078645,Checkers,0,GAME_OVER,54,53,2,1111,RandomPlayerConfig,OSLA
1906571122,Checkers,0,GAME_OVER,39,38,2,1112,RandomPlayerConfig,OSLA
926321416,Checkers,0,GAME_OVER,42,41,2,1113,RandomPlayerConfig,OSLA
1404617540,Checkers,0,GAME_OVER,38,37,2,1114,RandomPlayerConfig,OSLA
114925225,Checkers,0,GAME_OVER,59,58,2,1115,RandomPlayerConfig,OSLA
-1874345720,Checkers,0,GAME_OVER,41,40,2,1116,RandomPlayerConfig,OSLA
-1749481877,Checkers,0,GAME_OVER,33,32,2,1117,RandomPlayerConfig,OSLA
1512682549,Checkers,0,GAME_OVER,44,43,2,1118,RandomPlayerConfig,OSLA
-716373459,Checkers,0,GAME_OVER,42,41,2,1119,RandomPlayerConfig,OSLA
1609124238,Checkers,0,GAME_OVER,30,29,2,1120,RandomPlayerConfig,OSLA
1677696110,Checkers,0,GAME_OVER,37,36,2,1121,RandomPlayerConfig,OSLA
1585476302,Checkers,0,GAME_OVER,48,47,2,1122,RandomPlayerConfig,OSLA
929876589,Checkers,0,GAME_OVER,45,44,2,1123,RandomPlayerConfig,OSLA
-235697499,Checkers,0,GAME_OVER,38,37,2,1124,RandomPlayerConfig,OSLA
-1575170001,Checkers,0,GAME_OVER,46,45,2,1125,RandomPlayerConfig,OSLA
622272317,Checkers,0,GAME_OVER,43,42,2,1126,RandomPlayerConfig,OSLA
2028695407,Checkers,0,GAME_OVER,37,36,2,1127,RandomPlayerConfig,OSLA
951390628,Checkers,0,GAME_OVER,46,45,2,1128,RandomPlayerConfig,OSLA
-988048447,Checkers,0,GAME_OVER,48,47,2,1129,RandomPlayerConfig,OSLA
-2055429436,Checkers,0,GAME_OVER,48,47,2,1130,RandomPlayerConfig,OSLA
-269587588,Checkers,0,GAME_OVER,40,39,2,1131,RandomPlayerConfig,OSLA
1389730527,Checkers,0,GAME_OVER,42,41,2,1132,RandomPlayerConfig,OSLA
-1841202148,Checkers,0,GAME_OVER,46,45,2,1133,RandomPlayerConfig,OSLA
-12450148,Checkers,0,GAME_OVER,36,35,2,1134,RandomPlayerConfig,OSLA
-1497558470,Checkers,0,GAME_OVER,47,46,2,1135,RandomPlayerConfig,OSLA
2121506091,Checkers,0,GAME_OVER,39,38,2,1136,RandomPlayerConfig,OSLA
1168883797,Checkers,0,GAME_OVER,46,45,2,1137,RandomPlayerConfig,OSLA
-1173629675,Checkers,0,GAME_OVER,43,42,2,1138,RandomPlayerConfig,OSLA
-979548935,Checkers,0,GAME_OVER,48,47,2,1139,RandomPlayerConfig,OSLA
-1953461855,Checkers,0,GAME_OVER,42,41,2,1140,RandomPlayerConfig,OSLA
1281390606,Checkers,0,GAME_OVER,40,39,2,1141,RandomPlayerConfig,OSLA
1744169217,Checkers,0,GAME_OVER,38,37,2,1142,RandomPlayerConfig,OSLA
-1948870580,Checkers,0,GAME_OVER,46,45,2,1143,RandomPlayerConfig,OSLA
-1298480222,Checkers,0,GAME_OVER,32,31,2,1144,RandomPlayerConfig,OSLA
-1383019217,Checkers,0,GAME_OVER,46,45,2,1145,RandomPlayerConfig,OSLA
2035961683,Checkers,0,GAME_OVER,48,47,2,1146,RandomPlayerConfig,OSLA
1162460892,Checkers,0,GAME_OVER,45,44,2,1147,RandomPlayerConfig,OSLA
-2091870948,Checkers,0,GAME_OVER,43,42,2,1148,RandomPlayerConfig,OSLA
-815786795,Checkers,0,GAME_OVER,52,51,2,1149,RandomPlayerConfig,OSLA
1592925954,Checkers,0,GAME_OVER,47,46,2,1150,RandomPlayerConfig,OSLA
-1298969224,Checkers,0,GAME_OVER,45,44,2,1151,RandomPlayerConfig,OSLA
-1842896118,Checkers,0,GAME_OVER,36,35,2,1152,RandomPlayerConfig,OSLA
542049162,Checkers,0,GAME_OVER,42,41,2,1153,RandomPlayerConfig,OSLA
894528306,Checkers,0,GAME_OVER,36,35,2,1154,RandomPlayerConfig,OSLA
-644993937,Checkers,0,GAME_OVER,34,33,2,1155,RandomPlayerConfig,OSLA
-1021794751,Checkers,0,GAME_OVER,42,41,2,1156,RandomPlayerConfig,OSLA
1151955127,Checkers,0,GAME_OVER,36,35,2,1157,RandomPlayerConfig,OSLA
-2127711338,Checkers,0,GAME_OVER,42,41,2,1158,RandomPlayerConfig,OSLA
-864335327,Checkers,0,GAME_OVER,51,50,2,1159,RandomPlayerConfig,OSLA
-1201181592,Checkers,0,GAME_OVER,40,39,2,1160,RandomPlayerConfig,OSLA
1514691926,Checkers,0,GAME_OVER,44,43,2,1161,RandomPlayerConfig,OSLA
-1594853617,Checkers,0,GAME_OVER,41,40,2,1162,RandomPlayerConfig,OSLA
475620051,Checkers,0,GAME_OVER,50,49,2,1163,RandomPlayerConfig,OSLA
1861969223,Checkers,0,GAME_OVER,39,38,2,1164,RandomPlayerConfig,OSLA
1273049579,Checkers,0,GAME_OVER,33,32,2,1165,RandomPlayerConfig,OSLA
739101849,Checkers,0,GAME_OVER,40,39,2,1166,RandomPlayerConfig,OSLA
-397348413,Checkers,0,GAME_OVER,54,53,2,1167,RandomPlayerConfig,OSLA
1616724037,Checkers,0,GAME_OVER,49,48,2,1168,RandomPlayerConfig,OSLA
-751409228,Checkers,0,GAME_OVER,36,35,2,1169,RandomPlayerConfig,OSLA
-1380899225,Checkers,0,GAME_OVER,33,32,2,1170,RandomPlayerConfig,OSLA
-1379557508,Checkers,0,GAME_OVER,43,42,2,1171,RandomPlayerConfig,OSLA
1353866795,Checkers,0,GAME_OVER,46,45,2,1172,RandomPlayerConfig,OSLA
-301133538,Checkers,0,GAME_OVER,44,43,2,1173,RandomPlayerConfig,OSLA
1825612619,Checkers,0,GAME_OVER,40,39,2,1174,RandomPlayerConfig,OSLA
-1814052501,Checkers,0,GAME_OVER,42,41,2,1175,RandomPlayerConfig,OSLA
-178840786,Checkers,0,GAME_OVER,40,39,2,1176,RandomPlayerConfig,OSLA
537785723,Checkers,0,GAME_OVER,36,35,2,1177,RandomPlayerConfig,OSLA
1507431003,Checkers,0,GAME_OVER,36,35,2,1178,RandomPlayerConfig,OSLA
796245681,Checkers,0,GAME_OVER,34,33,2,1179,RandomPlayerConfig,OSLA
-616221397,Checkers,0,GAME_OVER,56,55,2,1180,RandomPlayerConfig,OSLA
-890227726,Checkers,0,GAME_OVER,35,34,2,1181,RandomPlayerConfig,OSLA
-1204876079,Checkers,0,GAME_OVER,38,37,2,1182,RandomPlayerConfig,OSLA
40267321,Checkers,0,GAME_OVER,39,38,2,1183,RandomPlayerConfig,OSLA
-477900236,Checkers,0,GAME_OVER,41,40,2,1184,RandomPlayerConfig,OSLA
1236705718,Checkers,0,GAME_OVER,44,43,2,1185,RandomPlayerConfig,OSLA
-908211661,Checkers,0,GAME_OVER,47,46,2,1186,RandomPlayerConfig,OSLA
-252526067,Checkers,0,GAME_OVER,41,40,2,1187,RandomPlayerConfig,OSLA
-1816990902,Checkers,0,GAME_OVER,45,44,2,1188,RandomPlayerConfig,OSLA
-492284037,Checkers,0,GAME_OVER,47,46,2,1189,RandomPlayerConfig,OSLA
611750579,Checkers,0,GAME_OVER,40,39,2,1190,RandomPlayerConfig,OSLA
-776580123,Checkers,0,GAME_OVER,30,29,2,1191,RandomPlayerConfig,OSLA
-1583603860,Checkers,0,GAME_OVER,46,45,2,1192,RandomPlayerConfig,OSLA
1363157540,Checkers,0,GAME_OVER,41,40,2,1193,RandomPlayerConfig,OSLA
-1993149481,Checkers,0,GAME_OVER,73,72,2,1194,RandomPlayerConfig,OSLA
784574209,Checkers,0,GAME_OVER,38,37,2,1195,RandomPlayerConfig,OSLA
382677712,Checkers,0,GAME_OVER,33,32,2,1196,RandomPlayerConfig,OSLA
-724186432,Checkers,0,GAME_OVER,36,35,2,1197,RandomPlayerConfig,OSLA
647895900,Checkers,0,GAME_OVER,44,43,2,1198,RandomPlayerConfig,OSLA
1902261048,Checkers,0,GAME_OVER,48,47,2,1199,RandomPlayerConfig,OSLA
1022410351,Checkers,0,GAME_OVER,47,46,2,1200,RandomPlayerConfig,OSLA
-981505609,Checkers,0,GAME_OVER,45,44,2,1201,RandomPlayerConfig,OSLA
-1210320415,Checkers,0,GAME_OVER,45,44,2,1202,MCTS_CheckersHeuristic,RandomPlayerConfig
-1139274145,Checkers,0,GAME_OVER,42,41,2,1203,MCTS_CheckersHeuristic,RandomPlayerConfig
-548388131,Checkers,0,GAME_OVER,56,55,2,1204,MCTS_CheckersHeuristic,RandomPlayerConfig
427996678,Checkers,0,GAME_OVER,32,31,2,1205,MCTS_CheckersHeuristic,RandomPlayerConfig
1464741833,Checkers,0,GAME_OVER,37,36,2,1206,MCTS_CheckersHeuristic,RandomPlayerConfig
-118749914,Checkers,0,GAME_OVER,36,35,2,1207,MCTS_CheckersHeuristic,RandomPlayerConfig
-205383728,Checkers,0,GAME_OVER,34,33,2,1208,MCTS_CheckersHeuristic,RandomPlayerConfig
-1129042402,Checkers,0,GAME_OVER,43,42,2,1209,MCTS_CheckersHeuristic,RandomPlayerConfig
1522064747,Checkers,0,GAME_OVER,38,37,2,1210,MCTS_CheckersHeuristic,RandomPlayerConfig
-1238878224,Checkers,0,GAME_OVER,37,36,2,1211,MCTS_CheckersHeuristic,RandomPlayerConfig
924786831,Checkers,0,GAME_OVER,43,42,2,1212,MCTS_CheckersHeuristic,RandomPlayerConfig
539908436,Checkers,0,GAME_OVER,49,48,2,1213,MCTS_CheckersHeuristic,RandomPlayerConfig
-522295409,Checkers,0,GAME_OVER,38,37,2,1214,MCTS_CheckersHeuristic,RandomPlayerConfig
1452394984,Checkers,0,GAME_OVER,44,43,2,1215,MCTS_CheckersHeuristic,RandomPlayerConfig
277350197,Checkers,0,GAME_OVER,38,37,2,1216,MCTS_CheckersHeuristic,RandomPlayerConfig
439602663,Checkers,0,GAME_OVER,49,48,2,1217,MCTS_CheckersHeuristic,RandomPlayerConfig
1559956640,Checkers,0,GAME_OVER,38,37,2,1218,MCTS_CheckersHeuristic,RandomPlayerConfig
1131040206,Checkers,0,GAME_OVER,42,41,2,1219,MCTS_CheckersHeuristic,RandomPlayerConfig
24121318,Checkers,0,GAME_OVER,36,35,2,1220,MCTS_CheckersHeuristic,RandomPlayerConfig
-815482163,Checkers,0,GAME_OVER,38,37,2,1221,MCTS_CheckersHeuristic,RandomPlayerConfig
-1446464370,Checkers,0,GAME_OVER,36,35,2,1222,MCTS_CheckersHeuristic,RandomPlayerConfig
-804904439,Checkers,0,GAME_OVER,43,42,2,1223,MCTS_CheckersHeuristic,RandomPlayerConfig
-573815463,Checkers,0,GAME_OVER,44,43,2,1224,MCTS_CheckersHeuristic,RandomPlayerConfig
-2105314328,Checkers,0,GAME_OVER,46,45,2,1225,MCTS_CheckersHeuristic,RandomPlayerConfig
1846893301,Checkers,0,GAME_OVER,51,50,2,1226,MCTS_CheckersHeuristic,RandomPlayerConfig
1113848322,Checkers,0,GAME_OVER,45,44,2,1227,MCTS_CheckersHeuristic,RandomPlayerConfig
191523222,Checkers,0,GAME_OVER,40,39,2,1228,MCTS_CheckersHeuristic,RandomPlayerConfig
-1787228809,Checkers,0,GAME_OVER,44,43,2,1229,MCTS_CheckersHeuristic,RandomPlayerConfig
-1772914818,Checkers,0,GAME_OVER,41,40,2,1230,MCTS_CheckersHeuristic,RandomPlayerConfig
1201875119,Checkers,0,GAME_OVER,32,31,2,1231,MCTS_CheckersHeuristic,RandomPlayerConfig
2009050880,Checkers,0,GAME_OVER,47,46,2,1232,MCTS_CheckersHeuristic,RandomPlayerConfig
-196887858,Checkers,0,GAME_OVER,42,41,2,1233,MCTS_CheckersHeuristic,RandomPlayerConfig
1797130373,Checkers,0,GAME_OVER,44,43,2,1234,MCTS_CheckersHeuristic,RandomPlayerConfig
855343213,Checkers,0,GAME_OVER,37,36,2,1235,MCTS_CheckersHeuristic,RandomPlayerConfig
1241218454,Checkers,0,GAME_OVER,44,43,2,1236,MCTS_CheckersHeuristic,RandomPlayerConfig
-1763711927,Checkers,0,GAME_OVER,41,40,2,1237,MCTS_CheckersHeuristic,RandomPlayerConfig
538977276,Checkers,0,GAME_OVER,46,45,2,1238,MCTS_CheckersHeuristic,RandomPlayerConfig
749919250,Checkers,0,GAME_OVER,45,44,2,1239,MCTS_CheckersHeuristic,RandomPlayerConfig
824887413,Checkers,0,GAME_OVER,49,48,2,1240,MCTS_CheckersHeuristic,RandomPlayerConfig
-757585794,Checkers,0,GAME_OVER,49,48,2,1241,MCTS_CheckersHeuristic,RandomPlayerConfig
594162318,Checkers,0,GAME_OVER,39,38,2,1242,MCTS_CheckersHeuristic,RandomPlayerConfig
1236903234,Checkers,0,GAME_OVER,48,47,2,1243,MCTS_CheckersHeuristic,RandomPlayerConfig
-1073956960,Checkers,0,GAME_OVER,44,43,2,1244,MCTS_CheckersHeuristic,RandomPlayerConfig
-1757954895,Checkers,0,GAME_OVER,44,43,2,1245,MCTS_CheckersHeuristic,RandomPlayerConfig
-381863673,Checkers,0,GAME_OVER,41,40,2,1246,MCTS_CheckersHeuristic,RandomPlayerConfig
1431890945,Checkers,0,GAME_OVER,48,47,2,1247,MCTS_CheckersHeuristic,RandomPlayerConfig
-914249212,Checkers,0,GAME_OVER,32,31,2,1248,MCTS_CheckersHeuristic,RandomPlayerConfig
-648159092,Checkers,0,GAME_OVER,49,48,2,1249,MCTS_CheckersHeuristic,RandomPlayerConfig
-34155534,Checkers,0,GAME_OVER,39,38,2,1250,MCTS_CheckersHeuristic,RandomPlayerConfig
-1443765366,Checkers,0,GAME_OVER,45,44,2,1251,MCTS_CheckersHeuristic,RandomPlayerConfig
-1605774411,Checkers,0,GAME_OVER,39,38,2,1252,MCTS_CheckersHeuristic,RandomPlayerConfig
-706193137,Checkers,0,GAME_OVER,45,44,2,1253,MCTS_CheckersHeuristic,RandomPlayerConfig
1162791299,Checkers,0,GAME_OVER,52,51,2,1254,MCTS_CheckersHeuristic,RandomPlayerConfig
-1518872482,Checkers,0,GAME_OVER,43,42,2,1255,MCTS_CheckersHeuristic,RandomPlayerConfig
1943600253,Checkers,0,GAME_OVER,47,46,2,1256,MCTS_CheckersHeuristic,RandomPlayerConfig
-237623611,Checkers,0,GAME_OVER,37,36,2,1257,MCTS_CheckersHeuristic,RandomPlayerConfig
364991927,Checkers,0,GAME_OVER,43,42,2,1258,MCTS_CheckersHeuristic,RandomPlayerConfig
1061876639,Checkers,0,GAME_OVER,43,42,2,1259,MCTS_CheckersHeuristic,RandomPlayerConfig
-1816583528,Checkers,0,GAME_OVER,35,34,2,1260,MCTS_CheckersHeuristic,RandomPlayerConfig
207809336,Checkers,0,GAME_OVER,46,45,2,1261,MCTS_CheckersHeuristic,RandomPlayerConfig
1326421177,Checkers,0,GAME_OVER,46,45,2,1262,MCTS_CheckersHeuristic,RandomPlayerConfig
-928292963,Checkers,0,GAME_OVER,41,40,2,1263,MCTS_CheckersHeuristic,RandomPlayerConfig
-473037384,Checkers,0,GAME_OVER,38,37,2,1264,MCTS_CheckersHeuristic,RandomPlayerConfig
-1255231066,Checkers,0,GAME_OVER,46,45,2,1265,MCTS_CheckersHeuristic,RandomPlayerConfig
1165078408,Checkers,0,GAME_OVER,50,49,2,1266,MCTS_CheckersHeuristic,RandomPlayerConfig
-2073976399,Checkers,0,GAME_OVER,45,44,2,1267,MCTS_CheckersHeuristic,RandomPlayerConfig
1462230606,Checkers,0,GAME_OVER,51,50,2,1268,MCTS_CheckersHeuristic,RandomPlayerConfig
-1286795533,Checkers,0,GAME_OVER,48,47,2,1269,MCTS_CheckersHeuristic,RandomPlayerConfig
-424890667,Checkers,0,GAME_OVER,47,46,2,1270,MCTS_CheckersHeuristic,RandomPlayerConfig
783433033,Checkers,0,GAME_OVER,34,33,2,1271,MCTS_CheckersHeuristic,RandomPlayerConfig
1706280203,Checkers,0,GAME_OVER,55,54,2,1272,MCTS_CheckersHeuristic,RandomPlayerConfig
-2079208222,Checkers,0,GAME_OVER,46,45,2,1273,MCTS_CheckersHeuristic,RandomPlayerConfig
-2064115663,Checkers,0,GAME_OVER,47,46,2,1274,MCTS_CheckersHeuristic,RandomPlayerConfig
-1048579004,Checkers,0,GAME_OVER,43,42,2,1275,MCTS_CheckersHeuristic,RandomPlayerConfig
2047643300,Checkers,0,GAME_OVER,35,34,2,1276,MCTS_CheckersHeuristic,RandomPlayerConfig
1394644095,Checkers,0,GAME_OVER,56,55,2,1277,MCTS_CheckersHeuristic,RandomPlayerConfig
1136507239,Checkers,0,GAME_OVER,45,44,2,1278,MCTS_CheckersHeuristic,RandomPlayerConfig
1256274048,Checkers,0,GAME_OVER,36,35,2,1279,MCTS_CheckersHeuristic,RandomPlayerConfig
-1617485867,Checkers,0,GAME_OVER,51,50,2,1280,MCTS_CheckersHeuristic,RandomPlayerConfig
2074627039,Checkers,0,GAME_OVER,41,40,2,1281,MCTS_CheckersHeuristic,RandomPlayerConfig
-301971930,Checkers,0,GAME_OVER,43,42,2,1282,MCTS_CheckersHeuristic,RandomPlayerConfig
-207445328,Checkers,0,GAME_OVER,48,47,2,1283,MCTS_CheckersHeuristic,RandomPlayerConfig
-499024471,Checkers,0,GAME_OVER,44,43,2,1284,MCTS_CheckersHeuristic,RandomPlayerConfig
-334882036,Checkers,0,GAME_OVER,40,39,2,1285,MCTS_CheckersHeuristic,RandomPlayerConfig
-1680102429,Checkers,0,GAME_OVER,35,34,2,1286,MCTS_CheckersHeuristic,RandomPlayerConfig
-797343118,Checkers,0,GAME_OVER,40,39,2,1287,MCTS_CheckersHeuristic,RandomPlayerConfig
-118743561,Checkers,0,GAME_OVER,42,41,2,1288,MCTS_CheckersHeuristic,RandomPlayerConfig
79121465,Checkers,0,GAME_OVER,44,43,2,1289,MCTS_CheckersHeuristic,RandomPlayerConfig
-1235468291,Checkers,0,GAME_OVER,38,37,2,1290,MCTS_CheckersHeuristic,RandomPlayerConfig
-1723409504,Checkers,0,GAME_OVER,33,32,2,1291,MCTS_CheckersHeuristic,RandomPlayerConfig
-570868689,Checkers,0,GAME_OVER,44,43,2,1292,MCTS_CheckersHeuristic,RandomPlayerConfig
1880128317,Checkers,0,GAME_OVER,48,47,2,1293,MCTS_CheckersHeuristic,RandomPlayerConfig
-1122489311,Checkers,0,GAME_OVER,40,39,2,1294,MCTS_CheckersHeuristic,RandomPlayerConfig
1190946021,Checkers,0,GAME_OVER,41,40,2,1295,MCTS_CheckersHeuristic,RandomPlayerConfig
-822725034,Checkers,0,GAME_OVER,49,48,2,1296,MCTS_CheckersHeuristic,RandomPlayerConfig
1589889086,Checkers,0,GAME_OVER,59,58,2,1297,MCTS_CheckersHeuristic,RandomPlayerConfig
1908980975,Checkers,0,GAME_OVER,35,34,2,1298,MCTS_CheckersHeuristic,RandomPlayerConfig
398089107,Checkers,0,GAME_OVER,48,47,2,1299,MCTS_CheckersHeuristic,RandomPlayerConfig
-116443570,Checkers,0,GAME_OVER,46,45,2,1300,MCTS_CheckersHeuristic,RandomPlayerConfig
-506527316,Checkers,0,GAME_OVER,52,51,2,1301,MCTS_CheckersHeuristic,RandomPlayerConfig
1641510621,Checkers,0,GAME_OVER,51,50,2,1302,MCTS_CheckersHeuristic,RandomPlayerConfig
-623492940,Checkers,0,GAME_OVER,48,47,2,1303,MCTS_CheckersHeuristic,RandomPlayerConfig
-1942115493,Checkers,0,GAME_OVER,45,44,2,1304,MCTS_CheckersHeuristic,RandomPlayerConfig
1411774833,Checkers,0,GAME_OVER,39,38,2,1305,MCTS_CheckersHeuristic,RandomPlayerConfig
-156428965,Checkers,0,GAME_OVER,46,45,2,1306,MCTS_CheckersHeuristic,RandomPlayerConfig
1223152478,Checkers,0,GAME_OVER,44,43,2,1307,MCTS_CheckersHeuristic,RandomPlayerConfig
2133219298,Checkers,0,GAME_OVER,41,40,2,1308,MCTS_CheckersHeuristic,RandomPlayerConfig
-380864154,Checkers,0,GAME_OVER,41,40,2,1309,MCTS_CheckersHeuristic,RandomPlayerConfig
1909381176,Checkers,0,GAME_OVER,43,42,2,1310,MCTS_CheckersHeuristic,RandomPlayerConfig
-1074078645,Checkers,0,GAME_OVER,46,45,2,1311,MCTS_CheckersHeuristic,RandomPlayerConfig
1906571122,Checkers,0,GAME_OVER,49,48,2,1312,MCTS_CheckersHeuristic,RandomPlayerConfig
926321416,Checkers,0,GAME_OVER,37,36,2,1313,MCTS_CheckersHeuristic,RandomPlayerConfig
1404617540,Checkers,0,GAME_OVER,40,39,2,1314,MCTS_CheckersHeuristic,RandomPlayerConfig
114925225,Checkers,0,GAME_OVER,37,36,2,1315,MCTS_CheckersHeuristic,RandomPlayerConfig
-1874345720,Checkers,0,GAME_OVER,45,44,2,1316,MCTS_CheckersHeuristic,RandomPlayerConfig
-1749481877,Checkers,0,GAME_OVER,37,36,2,1317,MCTS_CheckersHeuristic,RandomPlayerConfig
1512682549,Checkers,0,GAME_OVER,41,40,2,1318,MCTS_CheckersHeuristic,RandomPlayerConfig
-716373459,Checkers,0,GAME_OVER,42,41,2,1319,MCTS_CheckersHeuristic,RandomPlayerConfig
1609124238,Checkers,0,GAME_OVER,45,44,2,1320,MCTS_CheckersHeuristic,RandomPlayerConfig
1677696110,Checkers,0,GAME_OVER,36,35,2,1321,MCTS_CheckersHeuristic,RandomPlayerConfig
1585476302,Checkers,0,GAME_OVER,42,41,2,1322,MCTS_CheckersHeuristic,RandomPlayerConfig
929876589,Checkers,0,GAME_OVER,49,48,2,1323,MCTS_CheckersHeuristic,RandomPlayerConfig
-235697499,Checkers,0,GAME_OVER,35,34,2,1324,MCTS_CheckersHeuristic,RandomPlayerConfig
-1575170001,Checkers,0,GAME_OVER,43,42,2,1325,MCTS_CheckersHeuristic,RandomPlayerConfig
622272317,Checkers,0,GAME_OVER,44,43,2,1326,MCTS_CheckersHeuristic,RandomPlayerConfig
2028695407,Checkers,0,GAME_OVER,38,37,2,1327,MCTS_CheckersHeuristic,RandomPlayerConfig
951390628,Checkers,0,GAME_OVER,37,36,2,1328,MCTS_CheckersHeuristic,RandomPlayerConfig
-988048447,Checkers,0,GAME_OVER,38,37,2,1329,MCTS_CheckersHeuristic,RandomPlayerConfig
-2055429436,Checkers,0,GAME_OVER,54,53,2,1330,MCTS_CheckersHeuristic,RandomPlayerConfig
-269587588,Checkers,0,GAME_OVER,41,40,2,1331,MCTS_CheckersHeuristic,RandomPlayerConfig
1389730527,Checkers,0,GAME_OVER,51,50,2,1332,MCTS_CheckersHeuristic,RandomPlayerConfig
-1841202148,Checkers,0,GAME_OVER,44,43,2,1333,MCTS_CheckersHeuristic,RandomPlayerConfig
-12450148,Checkers,0,GAME_OVER,42,41,2,1334,MCTS_CheckersHeuristic,RandomPlayerConfig
-1497558470,Checkers,0,GAME_OVER,43,42,2,1335,MCTS_CheckersHeuristic,RandomPlayerConfig
2121506091,Checkers,0,GAME_OVER,39,38,2,1336,MCTS_CheckersHeuristic,RandomPlayerConfig
1168883797,Checkers,0,GAME_OVER,37,36,2,1337,MCTS_CheckersHeuristic,RandomPlayerConfig
-1173629675,Checkers,0,GAME_OVER,41,40,2,1338,MCTS_CheckersHeuristic,RandomPlayerConfig
-979548935,Checkers,0,GAME_OVER,47,46,2,1339,MCTS_CheckersHeuristic,RandomPlayerConfig
-1953461855,Checkers,0,GAME_OVER,43,42,2,1340,MCTS_CheckersHeuristic,RandomPlayerConfig
1281390606,Checkers,0,GAME_OVER,40,39,2,1341,MCTS_CheckersHeuristic,RandomPlayerConfig
1744169217,Checkers,0,GAME_OVER,46,45,2,1342,MCTS_CheckersHeuristic,RandomPlayerConfig
-1948870580,Checkers,0,GAME_OVER,39,38,2,1343,MCTS_CheckersHeuristic,RandomPlayerConfig
-1298480222,Checkers,0,GAME_OVER,48,47,2,1344,MCTS_CheckersHeuristic,RandomPlayerConfig
-1383019217,Checkers,0,GAME_OVER,47,46,2,1345,MCTS_CheckersHeuristic,RandomPlayerConfig
2035961683,Checkers,0,GAME_OVER,34,33,2,1346,MCTS_CheckersHeuristic,RandomPlayerConfig
1162460892,Checkers,0,GAME_OVER,44,43,2,1347,MCTS_CheckersHeuristic,RandomPlayerConfig
-2091870948,Checkers,0,GAME_OVER,40,39,2,1348,MCTS_CheckersHeuristic,RandomPlayerConfig
-815786795,Checkers,0,GAME_OVER,45,44,2,1349,MCTS_CheckersHeuristic,RandomPlayerConfig
1592925954,Checkers,0,GAME_OVER,38,37,2,1350,MCTS_CheckersHeuristic,RandomPlayerConfig
-1298969224,Checkers,0,GAME_OVER,40,39,2,1351,MCTS_CheckersHeuristic,RandomPlayerConfig
-1842896118,Checkers,0,GAME_OVER,46,45,2,1352,MCTS_CheckersHeuristic,RandomPlayerConfig
542049162,Checkers,0,GAME_OVER,45,44,2,1353,MCTS_CheckersHeuristic,RandomPlayerConfig
894528306,Checkers,0,GAME_OVER,49,48,2,1354,MCTS_CheckersHeuristic,RandomPlayerConfig
-644993937,Checkers,0,GAME_OVER,49,48,2,1355,MCTS_CheckersHeuristic,RandomPlayerConfig
-1021794751,Checkers,0,GAME_OVER,42,41,2,1356,MCTS_CheckersHeuristic,RandomPlayerConfig
1151955127,Checkers,0,GAME_OVER,44,43,2,1357,MCTS_CheckersHeuristic,RandomPlayerConfig
-2127711338,Checkers,0,GAME_OVER,51,50,2,1358,MCTS_CheckersHeuristic,RandomPlayerConfig
-864335327,Checkers,0,GAME_OVER,50,49,2,1359,MCTS_CheckersHeuristic,RandomPlayerConfig
-1201181592,Checkers,0,GAME_OVER,43,42,2,1360,MCTS_CheckersHeuristic,RandomPlayerConfig
1514691926,Checkers,0,GAME_OVER,42,41,2,1361,MCTS_CheckersHeuristic,RandomPlayerConfig
-1594853617,Checkers,0,GAME_OVER,47,46,2,1362,MCTS_CheckersHeuristic,RandomPlayerConfig
475620051,Checkers,0,GAME_OVER,38,37,2,1363,MCTS_CheckersHeuristic,RandomPlayerConfig
1861969223,Checkers,0,GAME_OVER,51,50,2,1364,MCTS_CheckersHeuristic,RandomPlayerConfig
1273049579,Checkers,0,GAME_OVER,33,32,2,1365,MCTS_CheckersHeuristic,RandomPlayerConfig
739101849,Checkers,0,GAME_OVER,50,49,2,1366,MCTS_CheckersHeuristic,RandomPlayerConfig
-397348413,Checkers,0,GAME_OVER,49,48,2,1367,MCTS_CheckersHeuristic,RandomPlayerConfig
1616724037,Checkers,0,GAME_OVER,49,48,2,1368,MCTS_CheckersHeuristic,RandomPlayerConfig
-751409228,Checkers,0,GAME_OVER,37,36,2,1369,MCTS_CheckersHeuristic,RandomPlayerConfig
-1380899225,Checkers,0,GAME_OVER,46,45,2,1370,MCTS_CheckersHeuristic,RandomPlayerConfig
-1379557508,Checkers,0,GAME_OVER,42,41,2,1371,MCTS_CheckersHeuristic,RandomPlayerConfig
1353866795,Checkers,0,GAME_OVER,41,40,2,1372,MCTS_CheckersHeuristic,RandomPlayerConfig
-301133538,Checkers,0,GAME_OVER,44,43,2,1373,MCTS_CheckersHeuristic,RandomPlayerConfig
1825612619,Checkers,0,GAME_OVER,41,40,2,1374,MCTS_CheckersHeuristic,RandomPlayerConfig
-1814052501,Checkers,0,GAME_OVER,41,40,2,1375,MCTS_CheckersHeuristic,RandomPlayerConfig
-178840786,Checkers,0,GAME_OVER,43,42,2,1376,MCTS_CheckersHeuristic,RandomPlayerConfig
537785723,Checkers,0,GAME_OVER,46,45,2,1377,MCTS_CheckersHeuristic,RandomPlayerConfig
1507431003,Checkers,0,GAME_OVER,44,43,2,1378,MCTS_CheckersHeuristic,RandomPlayerConfig
796245681,Checkers,0,GAME_OVER,51,50,2,1379,MCTS_CheckersHeuristic,RandomPlayerConfig
-616221397,Checkers,0,GAME_OVER,45,44,2,1380,MCTS_CheckersHeuristic,RandomPlayerConfig
-890227726,Checkers,0,GAME_OVER,38,37,2,1381,MCTS_CheckersHeuristic,RandomPlayerConfig
-1204876079,Checkers,0,GAME_OVER,40,39,2,1382,MCTS_CheckersHeuristic,RandomPlayerConfig
40267321,Checkers,0,GAME_OVER,44,43,2,1383,MCTS_CheckersHeuristic,RandomPlayerConfig
-477900236,Checkers,0,GAME_OVER,43,42,2,1384,MCTS_CheckersHeuristic,RandomPlayerConfig
1236705718,Checkers,0,GAME_OVER,40,39,2,1385,MCTS_CheckersHeuristic,RandomPlayerConfig
-908211661,Checkers,0,GAME_OVER,44,43,2,1386,MCTS_CheckersHeuristic,RandomPlayerConfig
-252526067,Checkers,0,GAME_OVER,61,60,2,1387,MCTS_CheckersHeuristic,RandomPlayerConfig
-1816990902,Checkers,0,GAME_OVER,47,46,2,1388,MCTS_CheckersHeuristic,RandomPlayerConfig
-492284037,Checkers,0,GAME_OVER,39,38,2,1389,MCTS_CheckersHeuristic,RandomPlayerConfig
611750579,Checkers,0,GAME_OVER,42,41,2,1390,MCTS_CheckersHeuristic,RandomPlayerConfig
-776580123,Checkers,0,GAME_OVER,38,37,2,1391,MCTS_CheckersHeuristic,RandomPlayerConfig
-1583603860,Checkers,0,GAME_OVER,42,41,2,1392,MCTS_CheckersHeuristic,RandomPlayerConfig
1363157540,Checkers,0,GAME_OVER,37,36,2,1393,MCTS_CheckersHeuristic,RandomPlayerConfig
-1993149481,Checkers,0,GAME_OVER,49,48,2,1394,MCTS_CheckersHeuristic,RandomPlayerConfig
784574209,Checkers,0,GAME_OVER,33,32,2,1395,MCTS_CheckersHeuristic,RandomPlayerConfig
382677712,Checkers,0,GAME_OVER,36,35,2,1396,MCTS_CheckersHeuristic,RandomPlayerConfig
-724186432,Checkers,0,GAME_OVER,45,44,2,1397,MCTS_CheckersHeuristic,RandomPlayerConfig
647895900,Checkers,0,GAME_OVER,39,38,2,1398,MCTS_CheckersHeuristic,RandomPlayerConfig
1902261048,Checkers,0,GAME_OVER,44,43,2,1399,MCTS_CheckersHeuristic,RandomPlayerConfig
1022410351,Checkers,0,GAME_OVER,50,49,2,1400,MCTS_CheckersHeuristic,RandomPlayerConfig
-981505609,Checkers,0,GAME_OVER,36,35,2,1401,MCTS_CheckersHeuristic,RandomPlayerConfig
-1210320415,Checkers,0,GAME_OVER,45,44,2,1402,OSLA,RandomPlayerConfig
-1139274145,Checkers,0,GAME_OVER,33,32,2,1403,OSLA,RandomPlayerConfig
-548388131,Checkers,0,GAME_OVER,39,38,2,1404,OSLA,RandomPlayerConfig
427996678,Checkers,0,GAME_OVER,51,50,2,1405,OSLA,RandomPlayerConfig
1464741833,Checkers,0,GAME_OVER,41,40,2,1406,OSLA,RandomPlayerConfig
-118749914,Checkers,0,GAME_OVER,50,49,2,1407,OSLA,RandomPlayerConfig
-205383728,Checkers,0,GAME_OVER,43,42,2,1408,OSLA,RandomPlayerConfig
-1129042402,Checkers,0,GAME_OVER,36,35,2,1409,OSLA,RandomPlayerConfig
1522064747,Checkers,0,GAME_OVER,36,35,2,1410,OSLA,RandomPlayerConfig
-1238878224,Checkers,0,GAME_OVER,37,36,2,1411,OSLA,RandomPlayerConfig
924786831,Checkers,0,GAME_OVER,41,40,2,1412,OSLA,RandomPlayerConfig
539908436,Checkers,0,GAME_OVER,38,37,2,1413,OSLA,RandomPlayerConfig
-522295409,Checkers,0,GAME_OVER,41,40,2,1414,OSLA,RandomPlayerConfig
1452394984,Checkers,0,GAME_OVER,44,43,2,1415,OSLA,RandomPlayerConfig
277350197,Checkers,0,GAME_OVER,43,42,2,1416,OSLA,RandomPlayerConfig
439602663,Checkers,0,GAME_OVER,42,41,2,1417,OSLA,RandomPlayerConfig
1559956640,Checkers,0,GAME_OVER,39,38,2,1418,OSLA,RandomPlayerConfig
1131040206,Checkers,0,GAME_OVER,43,42,2,1419,OSLA,RandomPlayerConfig
24121318,Checkers,0,GAME_OVER,40,39,2,1420,OSLA,RandomPlayerConfig
-815482163,Checkers,0,GAME_OVER,43,42,2,1421,OSLA,RandomPlayerConfig
-1446464370,Checkers,0,GAME_OVER,54,53,2,1422,OSLA,RandomPlayerConfig
-804904439,Checkers,0,GAME_OVER,38,37,2,1423,OSLA,RandomPlayerConfig
-573815463,Checkers,0,GAME_OVER,31,30,2,1424,OSLA,RandomPlayerConfig
-2105314328,Checkers,0,GAME_OVER,38,37,2,1425,OSLA,RandomPlayerConfig
1846893301,Checkers,0,GAME_OVER,47,46,2,1426,OSLA,RandomPlayerConfig
1113848322,Checkers,0,GAME_OVER,42,41,2,1427,OSLA,RandomPlayerConfig
191523222,Checkers,0,GAME_OVER,47,46,2,1428,OSLA,RandomPlayerConfig
-1787228809,Checkers,0,GAME_OVER,42,41,2,1429,OSLA,RandomPlayerConfig
-1772914818,Checkers,0,GAME_OVER,35,34,2,1430,OSLA,RandomPlayerConfig
1201875119,Checkers,0,GAME_OVER,31,30,2,1431,OSLA,RandomPlayerConfig
2009050880,Checkers,0,GAME_OVER,46,45,2,1432,OSLA,RandomPlayerConfig
-196887858,Checkers,0,GAME_OVER,35,34,2,1433,OSLA,RandomPlayerConfig
1797130373,Checkers,0,GAME_OVER,45,44,2,1434,OSLA,RandomPlayerConfig
855343213,Checkers,0,GAME_OVER,44,43,2,1435,OSLA,RandomPlayerConfig
1241218454,Checkers,0,GAME_OVER,41,40,2,1436,OSLA,RandomPlayerConfig
-1763711927,Checkers,0,GAME_OVER,39,38,2,1437,OSLA,RandomPlayerConfig
538977276,Checkers,0,GAME_OVER,51,50,2,1438,OSLA,RandomPlayerConfig
749919250,Checkers,0,GAME_OVER,43,42,2,1439,OSLA,RandomPlayerConfig
824887413,Checkers,0,GAME_OVER,37,36,2,1440,OSLA,RandomPlayerConfig
-757585794,Checkers,0,GAME_OVER,43,42,2,1441,OSLA,RandomPlayerConfig
594162318,Checkers,0,GAME_OVER,41,40,2,1442,OSLA,RandomPlayerConfig
1236903234,Checkers,0,GAME_OVER,38,37,2,1443,OSLA,RandomPlayerConfig
-1073956960,Checkers,0,GAME_OVER,40,39,2,1444,OSLA,RandomPlayerConfig
-1757954895,Checkers,0,GAME_OVER,31,30,2,1445,OSLA,RandomPlayerConfig
-381863673,Checkers,0,GAME_OVER,56,55,2,1446,OSLA,RandomPlayerConfig
1431890945,Checkers,0,GAME_OVER,44,43,2,1447,OSLA,RandomPlayerConfig
-914249212,Checkers,0,GAME_OVER,36,35,2,1448,OSLA,RandomPlayerConfig
-648159092,Checkers,0,GAME_OVER,38,37,2,1449,OSLA,RandomPlayerConfig
-34155534,Checkers,0,GAME_OVER,47,46,2,1450,OSLA,RandomPlayerConfig
-1443765366,Checkers,0,GAME_OVER,36,35,2,1451,OSLA,RandomPlayerConfig
-1605774411,Checkers,0,GAME_OVER,42,41,2,1452,OSLA,RandomPlayerConfig
-706193137,Checkers,0,GAME_OVER,47,46,2,1453,OSLA,RandomPlayerConfig
1162791299,Checkers,0,GAME_OVER,50,49,2,1454,OSLA,RandomPlayerConfig
-1518872482,Checkers,0,GAME_OVER,47,46,2,1455,OSLA,RandomPlayerConfig
1943600253,Checkers,0,GAME_OVER,42,41,2,1456,OSLA,RandomPlayerConfig
-237623611,Checkers,0,GAME_OVER,50,49,2,1457,OSLA,RandomPlayerConfig
364991927,Checkers,0,GAME_OVER,71,70,2,1458,OSLA,RandomPlayerConfig
1061876639,Checkers,0,GAME_OVER,41,40,2,1459,OSLA,RandomPlayerConfig
-1816583528,Checkers,0,GAME_OVER,31,30,2,1460,OSLA,RandomPlayerConfig
207809336,Checkers,0,GAME_OVER,37,36,2,1461,OSLA,RandomPlayerConfig
1326421177,Checkers,0,GAME_OVER,43,42,2,1462,OSLA,RandomPlayerConfig
-928292963,Checkers,0,GAME_OVER,44,43,2,1463,OSLA,RandomPlayerConfig
-473037384,Checkers,0,GAME_OVER,43,42,2,1464,OSLA,RandomPlayerConfig
-1255231066,Checkers,0,GAME_OVER,107,106,2,1465,OSLA,RandomPlayerConfig
1165078408,Checkers,0,GAME_OVER,42,41,2,1466,OSLA,RandomPlayerConfig
-2073976399,Checkers,0,GAME_OVER,48,47,2,1467,OSLA,RandomPlayerConfig
1462230606,Checkers,0,GAME_OVER,37,36,2,1468,OSLA,RandomPlayerConfig
-1286795533,Checkers,0,GAME_OVER,38,37,2,1469,OSLA,RandomPlayerConfig
-424890667,Checkers,0,GAME_OVER,43,42,2,1470,OSLA,RandomPlayerConfig
783433033,Checkers,0,GAME_OVER,45,44,2,1471,OSLA,RandomPlayerConfig
1706280203,Checkers,0,GAME_OVER,40,39,2,1472,OSLA,RandomPlayerConfig
-2079208222,Checkers,0,GAME_OVER,42,41,2,1473,OSLA,RandomPlayerConfig
-2064115663,Checkers,0,GAME_OVER,40,39,2,1474,OSLA,RandomPlayerConfig
-1048579004,Checkers,0,GAME_OVER,45,44,2,1475,OSLA,RandomPlayerConfig
2047643300,Checkers,0,GAME_OVER,41,40,2,1476,OSLA,RandomPlayerConfig
1394644095,Checkers,0,GAME_OVER,49,48,2,1477,OSLA,RandomPlayerConfig
1136507239,Checkers,0,GAME_OVER,42,41,2,1478,OSLA,RandomPlayerConfig
1256274048,Checkers,0,GAME_OVER,45,44,2,1479,OSLA,RandomPlayerConfig
-1617485867,Checkers,0,GAME_OVER,42,41,2,1480,OSLA,RandomPlayerConfig
2074627039,Checkers,0,GAME_OVER,40,39,2,1481,OSLA,RandomPlayerConfig
-301971930,Checkers,0,GAME_OVER,37,36,2,1482,OSLA,RandomPlayerConfig
-207445328,Checkers,0,GAME_OVER,42,41,2,1483,OSLA,RandomPlayerConfig
-499024471,Checkers,0,GAME_OVER,53,52,2,1484,OSLA,RandomPlayerConfig
-334882036,Checkers,0,GAME_OVER,43,42,2,1485,OSLA,RandomPlayerConfig
-1680102429,Checkers,0,GAME_OVER,35,34,2,1486,OSLA,RandomPlayerConfig
-797343118,Checkers,0,GAME_OVER,40,39,2,1487,OSLA,RandomPlayerConfig
-118743561,Checkers,0,GAME_OVER,46,45,2,1488,OSLA,RandomPlayerConfig
79121465,Checkers,0,GAME_OVER,39,38,2,1489,OSLA,RandomPlayerConfig
-1235468291,Checkers,0,GAME_OVER,38,37,2,1490,OSLA,RandomPlayerConfig
-1723409504,Checkers,0,GAME_OVER,40,39,2,1491,OSLA,RandomPlayerConfig
-570868689,Checkers,0,GAME_OVER,49,48,2,1492,OSLA,RandomPlayerConfig
1880128317,Checkers,0,GAME_OVER,41,40,2,1493,OSLA,RandomPlayerConfig
-1122489311,Checkers,0,GAME_OVER,47,46,2,1494,OSLA,RandomPlayerConfig
1190946021,Checkers,0,GAME_OVER,50,49,2,1495,OSLA,RandomPlayerConfig
-822725034,Checkers,0,GAME_OVER,29,28,2,1496,OSLA,RandomPlayerConfig
1589889086,Checkers,0,GAME_OVER,39,38,2,1497,OSLA,RandomPlayerConfig
1908980975,Checkers,0,GAME_OVER,53,52,2,1498,OSLA,RandomPlayerConfig
398089107,Checkers,0,GAME_OVER,35,34,2,1499,OSLA,RandomPlayerConfig
-116443570,Checkers,0,GAME_OVER,39,38,2,1500,OSLA,RandomPlayerConfig
-506527316,Checkers,0,GAME_OVER,66,65,2,1501,OSLA,RandomPlayerConfig
1641510621,Checkers,0,GAME_OVER,31,30,2,1502,OSLA,RandomPlayerConfig
-623492940,Checkers,0,GAME_OVER,33,32,2,1503,OSLA,RandomPlayerConfig
-1942115493,Checkers,0,GAME_OVER,32,31,2,1504,OSLA,RandomPlayerConfig
1411774833,Checkers,0,GAME_OVER,40,39,2,1505,OSLA,RandomPlayerConfig
-156428965,Checkers,0,GAME_OVER,46,45,2,1506,OSLA,RandomPlayerConfig
1223152478,Checkers,0,GAME_OVER,52,51,2,1507,OSLA,RandomPlayerConfig
2133219298,Checkers,0,GAME_OVER,43,42,2,1508,OSLA,RandomPlayerConfig
-380864154,Checkers,0,GAME_OVER,45,44,2,1509,OSLA,RandomPlayerConfig
1909381176,Checkers,0,GAME_OVER,38,37,2,1510,OSLA,RandomPlayerConfig
-1074078645,Checkers,0,GAME_OVER,44,43,2,1511,OSLA,RandomPlayerConfig
1906571122,Checkers,0,GAME_OVER,34,33,2,1512,OSLA,RandomPlayerConfig
926321416,Checkers,0,GAME_OVER,47,46,2,1513,OSLA,RandomPlayerConfig
1404617540,Checkers,0,GAME_OVER,45,44,2,1514,OSLA,RandomPlayerConfig
114925225,Checkers,0,GAME_OVER,36,35,2,1515,OSLA,RandomPlayerConfig
-1874345720,Checkers,0,GAME_OVER,35,34,2,1516,OSLA,RandomPlayerConfig
-1749481877,Checkers,0,GAME_OVER,33,32,2,1517,OSLA,RandomPlayerConfig
1512682549,Checkers,0,GAME_OVER,31,30,2,1518,OSLA,RandomPlayerConfig
-716373459,Checkers,0,GAME_OVER,45,44,2,1519,OSLA,RandomPlayerConfig
1609124238,Checkers,0,GAME_OVER,43,42,2,1520,OSLA,RandomPlayerConfig
1677696110,Checkers,0,GAME_OVER,41,40,2,1521,OSLA,RandomPlayerConfig
1585476302,Checkers,0,GAME_OVER,35,34,2,1522,OSLA,RandomPlayerConfig
929876589,Checkers,0,GAME_OVER,42,41,2,1523,OSLA,RandomPlayerConfig
-235697499,Checkers,0,GAME_OVER,41,40,2,1524,OSLA,RandomPlayerConfig
-1575170001,Checkers,0,GAME_OVER,36,35,2,1525,OSLA,RandomPlayerConfig
622272317,Checkers,0,GAME_OVER,39,38,2,1526,OSLA,RandomPlayerConfig
2028695407,Checkers,0,GAME_OVER,43,42,2,1527,OSLA,RandomPlayerConfig
951390628,Checkers,0,GAME_OVER,49,48,2,1528,OSLA,RandomPlayerConfig
-988048447,Checkers,0,GAME_OVER,46,45,2,1529,OSLA,RandomPlayerConfig
-2055429436,Checkers,0,GAME_OVER,49,48,2,1530,OSLA,RandomPlayerConfig
-269587588,Checkers,0,GAME_OVER,38,37,2,1531,OSLA,RandomPlayerConfig
1389730527,Checkers,0,GAME_OVER,39,38,2,1532,OSLA,RandomPlayerConfig
-1841202148,Checkers,0,GAME_OVER,48,47,2,1533,OSLA,RandomPlayerConfig
-12450148,Checkers,0,GAME_OVER,56,55,2,1534,OSLA,RandomPlayerConfig
-1497558470,Checkers,0,GAME_OVER,55,54,2,1535,OSLA,RandomPlayerConfig
2121506091,Checkers,0,GAME_OVER,39,38,2,1536,OSLA,RandomPlayerConfig
1168883797,Checkers,0,GAME_OVER,39,38,2,1537,OSLA,RandomPlayerConfig
-1173629675,Checkers,0,GAME_OVER,36,35,2,1538,OSLA,RandomPlayerConfig
-979548935,Checkers,0,GAME_OVER,35,34,2,1539,OSLA,RandomPlayerConfig
-1953461855,Checkers,0,GAME_OVER,41,40,2,1540,OSLA,RandomPlayerConfig
1281390606,Checkers,0,GAME_OVER,43,42,2,1541,OSLA,RandomPlayerConfig
1744169217,Checkers,0,GAME_OVER,50,49,2,1542,OSLA,RandomPlayerConfig
-1948870580,Checkers,0,GAME_OVER,44,43,2,1543,OSLA,RandomPlayerConfig
-1298480222,Checkers,0,GAME_OVER,31,30,2,1544,OSLA,RandomPlayerConfig
-1383019217,Checkers,0,GAME_OVER,42,41,2,1545,OSLA,RandomPlayerConfig
2035961683,Checkers,0,GAME_OVER,39,38,2,1546,OSLA,RandomPlayerConfig
1162460892,Checkers,0,GAME_OVER,48,47,2,1547,OSLA,RandomPlayerConfig
-2091870948,Checkers,0,GAME_OVER,49,48,2,1548,OSLA,RandomPlayerConfig
-815786795,Checkers,0,GAME_OVER,54,53,2,1549,OSLA,RandomPlayerConfig
1592925954,Checkers,0,GAME_OVER,37,36,2,1550,OSLA,RandomPlayerConfig
-1298969224,Checkers,0,GAME_OVER,34,33,2,1551,OSLA,RandomPlayerConfig
-1842896118,Checkers,0,GAME_OVER,43,42,2,1552,OSLA,RandomPlayerConfig
542049162,Checkers,0,GAME_OVER,47,46,2,1553,OSLA,RandomPlayerConfig
894528306,Checkers,0,GAME_OVER,41,40,2,1554,OSLA,RandomPlayerConfig
-644993937,Checkers,0,GAME_OVER,32,31,2,1555,OSLA,RandomPlayerConfig
-1021794751,Checkers,0,GAME_OVER,45,44,2,1556,OSLA,RandomPlayerConfig
1151955127,Checkers,0,GAME_OVER,45,44,2,1557,OSLA,RandomPlayerConfig
-2127711338,Checkers,0,GAME_OVER,38,37,2,1558,OSLA,RandomPlayerConfig
-864335327,Checkers,0,GAME_OVER,41,40,2,1559,OSLA,RandomPlayerConfig
-1201181592,Checkers,0,GAME_OVER,39,38,2,1560,OSLA,RandomPlayerConfig
1514691926,Checkers,0,GAME_OVER,40,39,2,1561,OSLA,RandomPlayerConfig
-1594853617,Checkers,0,GAME_OVER,51,50,2,1562,OSLA,RandomPlayerConfig
475620051,Checkers,0,GAME_OVER,43,42,2,1563,OSLA,RandomPlayerConfig
1861969223,Checkers,0,GAME_OVER,35,34,2,1564,OSLA,RandomPlayerConfig
1273049579,Checkers,0,GAME_OVER,53,52,2,1565,OSLA,RandomPlayerConfig
739101849,Checkers,0,GAME_OVER,43,42,2,1566,OSLA,RandomPlayerConfig
-397348413,Checkers,0,GAME_OVER,34,33,2,1567,OSLA,RandomPlayerConfig
1616724037,Checkers,0,GAME_OVER,46,45,2,1568,OSLA,RandomPlayerConfig
-751409228,Checkers,0,GAME_OVER,37,36,2,1569,OSLA,RandomPlayerConfig
-1380899225,Checkers,0,GAME_OVER,41,40,2,1570,OSLA,RandomPlayerConfig
-1379557508,Checkers,0,GAME_OVER,46,45,2,1571,OSLA,RandomPlayerConfig
1353866795,Checkers,0,GAME_OVER,48,47,2,1572,OSLA,RandomPlayerConfig
-301133538,Checkers,0,GAME_OVER,56,55,2,1573,OSLA,RandomPlayerConfig
1825612619,Checkers,0,GAME_OVER,42,41,2,1574,OSLA,RandomPlayerConfig
-1814052501,Checkers,0,GAME_OVER,46,45,2,1575,OSLA,RandomPlayerConfig
-178840786,Checkers,0,GAME_OVER,40,39,2,1576,OSLA,RandomPlayerConfig
537785723,Checkers,0,GAME_OVER,44,43,2,1577,OSLA,RandomPlayerConfig
1507431003,Checkers,0,GAME_OVER,49,48,2,1578,OSLA,RandomPlayerConfig
796245681,Checkers,0,GAME_OVER,42,41,2,1579,OSLA,RandomPlayerConfig
-616221397,Checkers,0,GAME_OVER,38,37,2,1580,OSLA,RandomPlayerConfig
-890227726,Checkers,0,GAME_OVER,46,45,2,1581,OSLA,RandomPlayerConfig
-1204876079,Checkers,0,GAME_OVER,62,61,2,1582,OSLA,RandomPlayerConfig
40267321,Checkers,0,GAME_OVER,58,57,2,1583,OSLA,RandomPlayerConfig
-477900236,Checkers,0,GAME_OVER,42,41,2,1584,OSLA,RandomPlayerConfig
1236705718,Checkers,0,GAME_OVER,39,38,2,1585,OSLA,RandomPlayerConfig
-908211661,Checkers,0,GAME_OVER,42,41,2,1586,OSLA,RandomPlayerConfig
-252526067,Checkers,0,GAME_OVER,41,40,2,1587,OSLA,RandomPlayerConfig
-1816990902,Checkers,0,GAME_OVER,58,57,2,1588,OSLA,RandomPlayerConfig
-492284037,Checkers,0,GAME_OVER,45,44,2,1589,OSLA,RandomPlayerConfig
611750579,Checkers,0,GAME_OVER,44,43,2,1590,OSLA,RandomPlayerConfig
-776580123,Checkers,0,GAME_OVER,38,37,2,1591,OSLA,RandomPlayerConfig
-1583603860,Checkers,0,GAME_OVER,41,40,2,1592,OSLA,RandomPlayerConfig
1363157540,Checkers,0,GAME_OVER,37,36,2,1593,OSLA,RandomPlayerConfig
-1993149481,Checkers,0,GAME_OVER,47,46,2,1594,OSLA,RandomPlayerConfig
784574209,Checkers,0,GAME_OVER,40,39,2,1595,OSLA,RandomPlayerConfig
382677712,Checkers,0,GAME_OVER,49,48,2,1596,OSLA,RandomPlayerConfig
-724186432,Checkers,0,GAME_OVER,50,49,2,1597,OSLA,RandomPlayerConfig
647895900,Checkers,0,GAME_OVER,39,38,2,1598,OSLA,RandomPlayerConfig
1902261048,Checkers,0,GAME_OVER,34,33,2,1599,OSLA,RandomPlayerConfig
1022410351,Checkers,0,GAME_OVER,40,39,2,1600,OSLA,RandomPlayerConfig
-981505609,Checkers,0,GAME_OVER,44,43,2,1601,OSLA,RandomPlayerConfig
-1210320415,Checkers,0,GAME_OVER,44,43,2,1602,RandomPlayerConfig,RandomPlayerConfig
-1139274145,Checkers,0,GAME_OVER,41,40,2,1603,RandomPlayerConfig,RandomPlayerConfig
-548388131,Checkers,0,GAME_OVER,64,63,2,1604,RandomPlayerConfig,RandomPlayerConfig
427996678,Checkers,0,GAME_OVER,59,58,2,1605,RandomPlayerConfig,RandomPlayerConfig
1464741833,Checkers,0,GAME_OVER,48,47,2,1606,RandomPlayerConfig,RandomPlayerConfig
-118749914,Checkers,0,GAME_OVER,38,37,2,1607,RandomPlayerConfig,RandomPlayerConfig
-205383728,Checkers,0,GAME_OVER,43,42,2,1608,RandomPlayerConfig,RandomPlayerConfig
-1129042402,Checkers,0,GAME_OVER,42,41,2,1609,RandomPlayerConfig,RandomPlayerConfig
1522064747,Checkers,0,GAME_OVER,52,51,2,1610,RandomPlayerConfig,RandomPlayerConfig
-1238878224,Checkers,0,GAME_OVER,50,49,2,1611,RandomPlayerConfig,RandomPlayerConfig
924786831,Checkers,0,GAME_OVER,53,52,2,1612,RandomPlayerConfig,RandomPlayerConfig
539908436,Checkers,0,GAME_OVER,63,62,2,1613,RandomPlayerConfig,RandomPlayerConfig
-522295409,Checkers,0,GAME_OVER,64,63,2,1614,RandomPlayerConfig,RandomPlayerConfig
1452394984,Checkers,0,GAME_OVER,43,42,2,1615,RandomPlayerConfig,RandomPlayerConfig
277350197,Checkers,0,GAME_OVER,67,66,2,1616,RandomPlayerConfig,RandomPlayerConfig
439602663,Checkers,0,GAME_OVER,52,51,2,1617,RandomPlayerConfig,RandomPlayerConfig
1559956640,Checkers,0,GAME_OVER,48,47,2,1618,RandomPlayerConfig,RandomPlayerConfig
1131040206,Checkers,0,GAME_OVER,43,42,2,1619,RandomPlayerConfig,RandomPlayerConfig
24121318,Checkers,0,GAME_OVER,45,44,2,1620,RandomPlayerConfig,RandomPlayerConfig
-815482163,Checkers,0,GAME_OVER,41,40,2,1621,RandomPlayerConfig,RandomPlayerConfig
-1446464370,Checkers,0,GAME_OVER,56,55,2,1622,RandomPlayerConfig,RandomPlayerConfig
-804904439,Checkers,0,GAME_OVER,35,34,2,1623,RandomPlayerConfig,RandomPlayerConfig
-573815463,Checkers,0,GAME_OVER,47,46,2,1624,RandomPlayerConfig,RandomPlayerConfig
-2105314328,Checkers,0,GAME_OVER,44,43,2,1625,RandomPlayerConfig,RandomPlayerConfig
1846893301,Checkers,0,GAME_OVER,46,45,2,1626,RandomPlayerConfig,RandomPlayerConfig
1113848322,Checkers,0,GAME_OVER,51,50,2,1627,RandomPlayerConfig,RandomPlayerConfig
191523222,Checkers,0,GAME_OVER,47,46,2,1628,RandomPlayerConfig,RandomPlayerConfig
-1787228809,Checkers,0,GAME_OVER,65,64,2,1629,RandomPlayerConfig,RandomPlayerConfig
-1772914818,Checkers,0,GAME_OVER,50,49,2,1630,RandomPlayerConfig,RandomPlayerConfig
1201875119,Checkers,0,GAME_OVER,43,42,2,1631,RandomPlayerConfig,RandomPlayerConfig
2009050880,Checkers,0,GAME_OVER,36,35,2,1632,RandomPlayerConfig,RandomPlayerConfig
-196887858,Checkers,0,GAME_OVER,78,77,2,1633,RandomPlayerConfig,RandomPlayerConfig
1797130373,Checkers,0,GAME_OVER,47,46,2,1634,RandomPlayerConfig,RandomPlayerConfig
855343213,Checkers,0,GAME_OVER,46,45,2,1635,RandomPlayerConfig,RandomPlayerConfig
1241218454,Checkers,0,GAME_OVER,53,52,2,1636,RandomPlayerConfig,RandomPlayerConfig
-1763711927,Checkers,0,GAME_OVER,63,62,2,1637,RandomPlayerConfig,RandomPlayerConfig
538977276,Checkers,0,GAME_OVER,47,46,2,1638,RandomPlayerConfig,RandomPlayerConfig
749919250,Checkers,0,GAME_OVER,59,58,2,1639,RandomPlayerConfig,RandomPlayerConfig
824887413,Checkers,0,GAME_OVER,55,54,2,1640,RandomPlayerConfig,RandomPlayerConfig
-757585794,Checkers,0,GAME_OVER,70,69,2,1641,RandomPlayerConfig,RandomPlayerConfig
594162318,Checkers,0,GAME_OVER,55,54,2,1642,RandomPlayerConfig,RandomPlayerConfig
1236903234,Checkers,0,GAME_OVER,83,82,2,1643,RandomPlayerConfig,RandomPlayerConfig
-1073956960,Checkers,0,GAME_OVER,47,46,2,1644,RandomPlayerConfig,RandomPlayerConfig
-1757954895,Checkers,0,GAME_OVER,52,51,2,1645,RandomPlayerConfig,RandomPlayerConfig
-381863673,Checkers,0,GAME_OVER,76,75,2,1646,RandomPlayerConfig,RandomPlayerConfig
1431890945,Checkers,0,GAME_OVER,58,57,2,1647,RandomPlayerConfig,RandomPlayerConfig
-914249212,Checkers,0,GAME_OVER,54,53,2,1648,RandomPlayerConfig,RandomPlayerConfig
-648159092,Checkers,0,GAME_OVER,40,39,2,1649,RandomPlayerConfig,RandomPlayerConfig
-34155534,Checkers,0,GAME_OVER,48,47,2,1650,RandomPlayerConfig,RandomPlayerConfig
-1443765366,Checkers,0,GAME_OVER,47,46,2,1651,RandomPlayerConfig,RandomPlayerConfig
-1605774411,Checkers,0,GAME_OVER,62,61,2,1652,RandomPlayerConfig,RandomPlayerConfig
-706193137,Checkers,0,GAME_OVER,51,50,2,1653,RandomPlayerConfig,RandomPlayerConfig
1162791299,Checkers,0,GAME_OVER,58,57,2,1654,RandomPlayerConfig,RandomPlayerConfig
-1518872482,Checkers,0,GAME_OVER,57,56,2,1655,RandomPlayerConfig,RandomPlayerConfig
1943600253,Checkers,0,GAME_OVER,37,36,2,1656,RandomPlayerConfig,RandomPlayerConfig
-237623611,Checkers,0,GAME_OVER,34,33,2,1657,RandomPlayerConfig,RandomPlayerConfig
364991927,Checkers,0,GAME_OVER,76,75,2,1658,RandomPlayerConfig,RandomPlayerConfig
1061876639,Checkers,0,GAME_OVER,41,40,2,1659,RandomPlayerConfig,RandomPlayerConfig
-1816583528,Checkers,0,GAME_OVER,74,73,2,1660,RandomPlayerConfig,RandomPlayerConfig
207809336,Checkers,0,GAME_OVER,43,42,2,1661,RandomPlayerConfig,RandomPlayerConfig
1326421177,Checkers,0,GAME_OVER,40,39,2,1662,RandomPlayerConfig,RandomPlayerConfig
-928292963,Checkers,0,GAME_OVER,83,82,2,1663,RandomPlayerConfig,RandomPlayerConfig
-473037384,Checkers,0,GAME_OVER,43,42,2,1664,RandomPlayerConfig,RandomPlayerConfig
-1255231066,Checkers,0,GAME_OVER,46,45,2,1665,RandomPlayerConfig,RandomPlayerConfig
1165078408,Checkers,0,GAME_OVER,60,59,2,1666,RandomPlayerConfig,RandomPlayerConfig
-2073976399,Checkers,0,GAME_OVER,43,42,2,1667,RandomPlayerConfig,RandomPlayerConfig
1462230606,Checkers,0,GAME_OVER,41,40,2,1668,RandomPlayerConfig,RandomPlayerConfig
-1286795533,Checkers,0,GAME_OVER,45,44,2,1669,RandomPlayerConfig,RandomPlayerConfig
-424890667,Checkers,0,GAME_OVER,46,45,2,1670,RandomPlayerConfig,RandomPlayerConfig
783433033,Checkers,0,GAME_OVER,45,44,2,1671,RandomPlayerConfig,RandomPlayerConfig
1706280203,Checkers,0,GAME_OVER,43,42,2,1672,RandomPlayerConfig,RandomPlayerConfig
-2079208222,Checkers,0,GAME_OVER,52,51,2,1673,RandomPlayerConfig,RandomPlayerConfig
-2064115663,Checkers,0,GAME_OVER,49,48,2,1674,RandomPlayerConfig,RandomPlayerConfig
-1048579004,Checkers,0,GAME_OVER,45,44,2,1675,RandomPlayerConfig,RandomPlayerConfig
2047643300,Checkers,0,GAME_OVER,44,43,2,1676,RandomPlayerConfig,RandomPlayerConfig
1394644095,Checkers,0,GAME_OVER,58,57,2,1677,RandomPlayerConfig,RandomPlayerConfig
1136507239,Checkers,0,GAME_OVER,50,49,2,1678,RandomPlayerConfig,RandomPlayerConfig
1256274048,Checkers,0,GAME_OVER,68,67,2,1679,RandomPlayerConfig,RandomPlayerConfig
-1617485867,Checkers,0,GAME_OVER,61,60,2,1680,RandomPlayerConfig,RandomPlayerConfig
2074627039,Checkers,0,GAME_OVER,69,68,2,1681,RandomPlayerConfig,RandomPlayerConfig
-301971930,Checkers,0,GAME_OVER,41,40,2,1682,RandomPlayerConfig,RandomPlayerConfig
-207445328,Checkers,0,GAME_OVER,46,45,2,1683,RandomPlayerConfig,RandomPlayerConfig
-499024471,Checkers,0,GAME_OVER,42,41,2,1684,RandomPlayerConfig,RandomPlayerConfig
-334882036,Checkers,0,GAME_OVER,70,69,2,1685,RandomPlayerConfig,RandomPlayerConfig
-1680102429,Checkers,0,GAME_OVER,47,46,2,1686,RandomPlayerConfig,RandomPlayerConfig
-797343118,Checkers,0,GAME_OVER,47,46,2,1687,RandomPlayerConfig,RandomPlayerConfig
-118743561,Checkers,0,GAME_OVER,44,43,2,1688,RandomPlayerConfig,RandomPlayerConfig
79121465,Checkers,0,GAME_OVER,57,56,2,1689,RandomPlayerConfig,RandomPlayerConfig
-1235468291,Checkers,0,GAME_OVER,81,80,2,1690,RandomPlayerConfig,RandomPlayerConfig
-1723409504,Checkers,0,GAME_OVER,48,47,2,1691,RandomPlayerConfig,RandomPlayerConfig
-570868689,Checkers,0,GAME_OVER,52,51,2,1692,RandomPlayerConfig,RandomPlayerConfig
1880128317,Checkers,0,GAME_OVER,54,53,2,1693,RandomPlayerConfig,RandomPlayerConfig
-1122489311,Checkers,0,GAME_OVER,52,51,2,1694,RandomPlayerConfig,RandomPlayerConfig
1190946021,Checkers,0,GAME_OVER,71,70,2,1695,RandomPlayerConfig,RandomPlayerConfig
-822725034,Checkers,0,GAME_OVER,81,80,2,1696,RandomPlayerConfig,RandomPlayerConfig
1589889086,Checkers,0,GAME_OVER,37,36,2,1697,RandomPlayerConfig,RandomPlayerConfig
1908980975,Checkers,0,GAME_OVER,55,54,2,1698,RandomPlayerConfig,RandomPlayerConfig
398089107,Checkers,0,GAME_OVER,89,88,2,1699,RandomPlayerConfig,RandomPlayerConfig
-116443570,Checkers,0,GAME_OVER,51,50,2,1700,RandomPlayerConfig,RandomPlayerConfig
-506527316,Checkers,0,GAME_OVER,51,50,2,1701,RandomPlayerConfig,RandomPlayerConfig
1641510621,Checkers,0,GAME_OVER,65,64,2,1702,RandomPlayerConfig,RandomPlayerConfig
-623492940,Checkers,0,GAME_OVER,50,49,2,1703,RandomPlayerConfig,RandomPlayerConfig
-1942115493,Checkers,0,GAME_OVER,68,67,2,1704,RandomPlayerConfig,RandomPlayerConfig
1411774833,Checkers,0,GAME_OVER,82,81,2,1705,RandomPlayerConfig,RandomPlayerConfig
-156428965,Checkers,0,GAME_OVER,61,60,2,1706,RandomPlayerConfig,RandomPlayerConfig
1223152478,Checkers,0,GAME_OVER,57,56,2,1707,RandomPlayerConfig,RandomPlayerConfig
2133219298,Checkers,0,GAME_OVER,55,54,2,1708,RandomPlayerConfig,RandomPlayerConfig
-380864154,Checkers,0,GAME_OVER,52,51,2,1709,RandomPlayerConfig,RandomPlayerConfig
1909381176,Checkers,0,GAME_OVER,66,65,2,1710,RandomPlayerConfig,RandomPlayerConfig
-1074078645,Checkers,0,GAME_OVER,63,62,2,1711,RandomPlayerConfig,RandomPlayerConfig
1906571122,Checkers,0,GAME_OVER,56,55,2,1712,RandomPlayerConfig,RandomPlayerConfig
926321416,Checkers,0,GAME_OVER,79,78,2,1713,RandomPlayerConfig,RandomPlayerConfig
1404617540,Checkers,0,GAME_OVER,72,71,2,1714,RandomPlayerConfig,RandomPlayerConfig
114925225,Checkers,0,GAME_OVER,50,49,2,1715,RandomPlayerConfig,RandomPlayerConfig
-1874345720,Checkers,0,GAME_OVER,57,56,2,1716,RandomPlayerConfig,RandomPlayerConfig
-1749481877,Checkers,0,GAME_OVER,62,61,2,1717,RandomPlayerConfig,RandomPlayerConfig
1512682549,Checkers,0,GAME_OVER,38,37,2,1718,RandomPlayerConfig,RandomPlayerConfig
-716373459,Checkers,0,GAME_OVER,66,65,2,1719,RandomPlayerConfig,RandomPlayerConfig
1609124238,Checkers,0,GAME_OVER,52,51,2,1720,RandomPlayerConfig,RandomPlayerConfig
1677696110,Checkers,0,GAME_OVER,49,48,2,1721,RandomPlayerConfig,RandomPlayerConfig
1585476302,Checkers,0,GAME_OVER,66,65,2,1722,RandomPlayerConfig,RandomPlayerConfig
929876589,Checkers,0,GAME_OVER,63,62,2,1723,RandomPlayerConfig,RandomPlayerConfig
-235697499,Checkers,0,GAME_OVER,63,62,2,1724,RandomPlayerConfig,RandomPlayerConfig
-1575170001,Checkers,0,GAME_OVER,41,40,2,1725,RandomPlayerConfig,RandomPlayerConfig
622272317,Checkers,0,GAME_OVER,58,57,2,1726,RandomPlayerConfig,RandomPlayerConfig
2028695407,Checkers,0,GAME_OVER,69,68,2,1727,RandomPlayerConfig,RandomPlayerConfig
951390628,Checkers,0,GAME_OVER,43,42,2,1728,RandomPlayerConfig,RandomPlayerConfig
-988048447,Checkers,0,GAME_OVER,68,67,2,1729,RandomPlayerConfig,RandomPlayerConfig
-2055429436,Checkers,0,GAME_OVER,67,66,2,1730,RandomPlayerConfig,RandomPlayerConfig
-269587588,Checkers,0,GAME_OVER,44,43,2,1731,RandomPlayerConfig,RandomPlayerConfig
1389730527,Checkers,0,GAME_OVER,61,60,2,1732,RandomPlayerConfig,RandomPlayerConfig
-1841202148,Checkers,0,GAME_OVER,43,42,2,1733,RandomPlayerConfig,RandomPlayerConfig
-12450148,Checkers,0,GAME_OVER,82,81,2,1734,RandomPlayerConfig,RandomPlayerConfig
-1497558470,Checkers,0,GAME_OVER,38,37,2,1735,RandomPlayerConfig,RandomPlayerConfig
2121506091,Checkers,0,GAME_OVER,44,43,2,1736,RandomPlayerConfig,RandomPlayerConfig
1168883797,Checkers,0,GAME_OVER,80,79,2,1737,RandomPlayerConfig,RandomPlayerConfig
-1173629675,Checkers,0,GAME_OVER,50,49,2,1738,RandomPlayerConfig,RandomPlayerConfig
-979548935,Checkers,0,GAME_OVER,39,38,2,1739,RandomPlayerConfig,RandomPlayerConfig
-1953461855,Checkers,0,GAME_OVER,47,46,2,1740,RandomPlayerConfig,RandomPlayerConfig
1281390606,Checkers,0,GAME_OVER,44,43,2,1741,RandomPlayerConfig,RandomPlayerConfig
1744169217,Checkers,0,GAME_OVER,44,43,2,1742,RandomPlayerConfig,RandomPlayerConfig
-1948870580,Checkers,0,GAME_OVER,44,43,2,1743,RandomPlayerConfig,RandomPlayerConfig
-1298480222,Checkers,0,GAME_OVER,42,41,2,1744,RandomPlayerConfig,RandomPlayerConfig
-1383019217,Checkers,0,GAME_OVER,30,29,2,1745,RandomPlayerConfig,RandomPlayerConfig
2035961683,Checkers,0,GAME_OVER,58,57,2,1746,RandomPlayerConfig,RandomPlayerConfig
1162460892,Checkers,0,GAME_OVER,57,56,2,1747,RandomPlayerConfig,RandomPlayerConfig
-2091870948,Checkers,0,GAME_OVER,47,46,2,1748,RandomPlayerConfig,RandomPlayerConfig
-815786795,Checkers,0,GAME_OVER,42,41,2,1749,RandomPlayerConfig,RandomPlayerConfig
1592925954,Checkers,0,GAME_OVER,33,32,2,1750,RandomPlayerConfig,RandomPlayerConfig
-1298969224,Checkers,0,GAME_OVER,40,39,2,1751,RandomPlayerConfig,RandomPlayerConfig
-1842896118,Checkers,0,GAME_OVER,40,39,2,1752,RandomPlayerConfig,RandomPlayerConfig
542049162,Checkers,0,GAME_OVER,51,50,2,1753,RandomPlayerConfig,RandomPlayerConfig
894528306,Checkers,0,GAME_OVER,53,52,2,1754,RandomPlayerConfig,RandomPlayerConfig
-644993937,Checkers,0,GAME_OVER,69,68,2,1755,RandomPlayerConfig,RandomPlayerConfig
-1021794751,Checkers,0,GAME_OVER,79,78,2,1756,RandomPlayerConfig,RandomPlayerConfig
1151955127,Checkers,0,GAME_OVER,38,37,2,1757,RandomPlayerConfig,RandomPlayerConfig
-2127711338,Checkers,0,GAME_OVER,42,41,2,1758,RandomPlayerConfig,RandomPlayerConfig
-864335327,Checkers,0,GAME_OVER,48,47,2,1759,RandomPlayerConfig,RandomPlayerConfig
-1201181592,Checkers,0,GAME_OVER,87,86,2,1760,RandomPlayerConfig,RandomPlayerConfig
1514691926,Checkers,0,GAME_OVER,40,39,2,1761,RandomPlayerConfig,RandomPlayerConfig
-1594853617,Checkers,0,GAME_OVER,65,64,2,1762,RandomPlayerConfig,RandomPlayerConfig
475620051,Checkers,0,GAME_OVER,42,41,2,1763,RandomPlayerConfig,RandomPlayerConfig
1861969223,Checkers,0,GAME_OVER,39,38,2,1764,RandomPlayerConfig,RandomPlayerConfig
1273049579,Checkers,0,GAME_OVER,55,54,2,1765,RandomPlayerConfig,RandomPlayerConfig
739101849,Checkers,0,GAME_OVER,82,81,2,1766,RandomPlayerConfig,RandomPlayerConfig
-397348413,Checkers,0,GAME_OVER,48,47,2,1767,RandomPlayerConfig,RandomPlayerConfig
1616724037,Checkers,0,GAME_OVER,65,64,2,1768,RandomPlayerConfig,RandomPlayerConfig
-751409228,Checkers,0,GAME_OVER,66,65,2,1769,RandomPlayerConfig,RandomPlayerConfig
-1380899225,Checkers,0,GAME_OVER,66,65,2,1770,RandomPlayerConfig,RandomPlayerConfig
-1379557508,Checkers,0,GAME_OVER,56,55,2,1771,RandomPlayerConfig,RandomPlayerConfig
1353866795,Checkers,0,GAME_OVER,44,43,2,1772,RandomPlayerConfig,RandomPlayerConfig
-301133538,Checkers,0,GAME_OVER,36,35,2,1773,RandomPlayerConfig,RandomPlayerConfig
1825612619,Checkers,0,GAME_OVER,41,40,2,1774,RandomPlayerConfig,RandomPlayerConfig
-1814052501,Checkers,0,GAME_OVER,61,60,2,1775,RandomPlayerConfig,RandomPlayerConfig
-178840786,Checkers,0,GAME_OVER,58,57,2,1776,RandomPlayerConfig,RandomPlayerConfig
537785723,Checkers,0,GAME_OVER,45,44,2,1777,RandomPlayerConfig,RandomPlayerConfig
1507431003,Checkers,0,GAME_OVER,59,58,2,1778,RandomPlayerConfig,RandomPlayerConfig
796245681,Checkers,0,GAME_OVER,51,50,2,1779,RandomPlayerConfig,RandomPlayerConfig
-616221397,Checkers,0,GAME_OVER,47,46,2,1780,RandomPlayerConfig,RandomPlayerConfig
-890227726,Checkers,0,GAME_OVER,76,75,2,1781,RandomPlayerConfig,RandomPlayerConfig
-1204876079,Checkers,0,GAME_OVER,84,83,2,1782,RandomPlayerConfig,RandomPlayerConfig
40267321,Checkers,0,GAME_OVER,38,37,2,1783,RandomPlayerConfig,RandomPlayerConfig
-477900236,Checkers,0,GAME_OVER,42,41,2,1784,RandomPlayerConfig,RandomPlayerConfig
1236705718,Checkers,0,GAME_OVER,44,43,2,1785,RandomPlayerConfig,RandomPlayerConfig
-908211661,Checkers,0,GAME_OVER,40,39,2,1786,RandomPlayerConfig,RandomPlayerConfig
-252526067,Checkers,0,GAME_OVER,41,40,2,1787,RandomPlayerConfig,RandomPlayerConfig
-1816990902,Checkers,0,GAME_OVER,77,76,2,1788,RandomPlayerConfig,RandomPlayerConfig
-492284037,Checkers,0,GAME_OVER,46,45,2,1789,RandomPlayerConfig,RandomPlayerConfig
611750579,Checkers,0,GAME_OVER,38,37,2,1790,RandomPlayerConfig,RandomPlayerConfig
-776580123,Checkers,0,GAME_OVER,56,55,2,1791,RandomPlayerConfig,RandomPlayerConfig
-1583603860,Checkers,0,GAME_OVER,46,45,2,1792,RandomPlayerConfig,RandomPlayerConfig
1363157540,Checkers,0,GAME_OVER,55,54,2,1793,RandomPlayerConfig,RandomPlayerConfig
-1993149481,Checkers,0,GAME_OVER,52,51,2,1794,RandomPlayerConfig,RandomPlayerConfig
784574209,Checkers,0,GAME_OVER,42,41,2,1795,RandomPlayerConfig,RandomPlayerConfig
382677712,Checkers,0,GAME_OVER,42,41,2,1796,RandomPlayerConfig,RandomPlayerConfig
-724186432,Checkers,0,GAME_OVER,50,49,2,1797,RandomPlayerConfig,RandomPlayerConfig
647895900,Checkers,0,GAME_OVER,42,41,2,1798,RandomPlayerConfig,RandomPlayerConfig
1902261048,Checkers,0,GAME_OVER,52,51,2,1799,RandomPlayerConfig,RandomPlayerConfig
1022410351,Checkers,0,GAME_OVER,52,51,2,1800,RandomPlayerConfig,RandomPlayerConfig
-981505609,Checkers,0,GAME_OVER,59,58,2,1801,RandomPlayerConfig,RandomPlayerConfig
